run_id,algorithm,algorithm_family,nist_security_level,operation,latency_ms,cpu_pct_mean,cpu_pct_p95,ram_delta_mb,public_key_bytes,private_key_bytes,ciphertext_bytes,signature_bytes,payload_bytes,capsule_total_bytes,amplification_bytes,amplification_pct,energy_proxy_mj,rapl_energy_j,hw_platform,liboqs_version,python_version,timestamp_utc
0,ML-KEM-512,post-quantum,1,keygen,0.0992,0.0,0.0,0.315,800,1632,768,0,0,0,0,0.0,1.4887,nan,edge/x86_64,unknown,3.12.3,2026-10-09T18:44:24Z
0,ML-KEM-512,post-quantum,1,encapsulate,0.0559,0.0,0.0,0.315,800,1632,768,0,0,0,0,0.0,0.8378,nan,edge/x86_64,unknown,3.12.3,2026-10-09T18:44:24Z
0,ML-KEM-512,post-quantum,1,decapsulate,0.1197,0.0,0.0,0.315,800,1632,768,0,0,0,0,0.0,1.7957,nan,edge/x86_64,unknown,3.12.3,2026-10-09T18:44:24Z
1,ML-KEM-512,post-quantum,1,keygen,0.0928,0.0,0.0,0.315,800,1632,768,0,0,0,0,0.0,1.3927,nan,edge/x86_64,unknown,3.12.3,2026-10-09T18:44:24Z
1,ML-KEM-512,post-quantum,1,encapsulate,0.0455,0.0,0.0,0.315,800,1632,768,0,0,0,0,0.0,0.6824,nan,edge/x86_64,unknown,3.12.3,2026-10-09T18:44:24Z
1,ML-KEM-512,post-quantum,1,decapsulate,0.0522,0.0,0.0,0.315,800,1632,768,0,0,0,0,0.0,0.7823,nan,edge/x86_64,unknown,3.12.3,2026-10-09T18:44:24Z
2,ML-KEM-512,post-quantum,1,keygen,0.0471,0.0,0.0,0.315,800,1632,768,0,0,0,0,0.0,0.7063,nan,edge/x86_64,unknown,3.12.3,2026-10-09T18:44:24Z
2,ML-KEM-512,post-quantum,1,encapsulate,0.0427,0.0,0.0,0.315,800,1632,768,0,0,0,0,0.0,0.6404,nan,edge/x86_64,unknown,3.12.3,2026-10-09T18:44:24Z
2,ML-KEM-512,post-quantum,1,decapsulate,0.0396,0.0,0.0,0.315,800,1632,768,0,0,0,0,0.0,0.5935,nan,edge/x86_64,unknown,3.12.3,2026-10-09T18:44:24Z
3,ML-KEM-512,post-quantum,1,keygen,0.0385,0.0,0.0,0.315,800,1632,768,0,0,0,0,0.0,0.5778,nan,edge/x86_64,unknown,3.12.3,2026-10-09T18:44:24Z
3,ML-KEM-512,post-quantum,1,encapsulate,0.0416,0.0,0.0,0.315,800,1632,768,0,0,0,0,0.0,0.6236,nan,edge/x86_64,unknown,3.12.3,2026-10-09T18:44:24Z
3,ML-KEM-512,post-quantum,1,decapsulate,0.0397,0.0,0.0,0.315,800,1632,768,0,0,0,0,0.0,0.5951,nan,edge/x86_64,unknown,3.12.3,2026-10-09T18:44:24Z
4,ML-KEM-512,post-quantum,1,keygen,0.0396,0.0,0.0,0.315,800,1632,768,0,0,0,0,0.0,0.5934,nan,edge/x86_64,unknown,3.12.3,2026-10-09T18:44:24Z
4,ML-KEM-512,post-quantum,1,encapsulate,0.0391,0.0,0.0,0.315,800,1632,768,0,0,0,0,0.0,0.5862,nan,edge/x86_64,unknown,3.12.3,2026-10-09T18:44:24Z
4,ML-KEM-512,post-quantum,1,decapsulate,0.0399,0.0,0.0,0.315,800,1632,768,0,0,0,0,0.0,0.598,nan,edge/x86_64,unknown,3.12.3,2026-10-09T18:44:24Z
5,ML-KEM-512,post-quantum,1,keygen,0.0382,0.0,0.0,0.315,800,1632,768,0,0,0,0,0.0,0.5728,nan,edge/x86_64,unknown,3.12.3,2026-10-09T18:44:24Z
5,ML-KEM-512,post-quantum,1,encapsulate,0.0382,0.0,0.0,0.315,800,1632,768,0,0,0,0,0.0,0.5735,nan,edge/x86_64,unknown,3.12.3,2026-10-09T18:44:24Z
5,ML-KEM-512,post-quantum,1,decapsulate,0.0378,0.0,0.0,0.315,800,1632,768,0,0,0,0,0.0,0.5674,nan,edge/x86_64,unknown,3.12.3,2026-10-09T18:44:24Z
6,ML-KEM-512,post-quantum,1,keygen,0.0383,0.0,0.0,0.315,800,1632,768,0,0,0,0,0.0,0.5741,nan,edge/x86_64,unknown,3.12.3,2026-10-09T18:44:24Z
6,ML-KEM-512,post-quantum,1,encapsulate,0.0394,0.0,0.0,0.315,800,1632,768,0,0,0,0,0.0,0.5912,nan,edge/x86_64,unknown,3.12.3,2026-10-09T18:44:24Z
6,ML-KEM-512,post-quantum,1,decapsulate,0.037,0.0,0.0,0.315,800,1632,768,0,0,0,0,0.0,0.5547,nan,edge/x86_64,unknown,3.12.3,2026-10-09T18:44:24Z
7,ML-KEM-512,post-quantum,1,keygen,0.039,0.0,0.0,0.315,800,1632,768,0,0,0,0,0.0,0.5849,nan,edge/x86_64,unknown,3.12.3,2026-10-09T18:44:24Z
7,ML-KEM-512,post-quantum,1,encapsulate,0.0429,0.0,0.0,0.315,800,1632,768,0,0,0,0,0.0,0.6429,nan,edge/x86_64,unknown,3.12.3,2026-10-09T18:44:24Z
7,ML-KEM-512,post-quantum,1,decapsulate,0.0901,0.0,0.0,0.315,800,1632,768,0,0,0,0,0.0,1.3512,nan,edge/x86_64,unknown,3.12.3,2026-10-09T18:44:24Z
8,ML-KEM-512,post-quantum,1,keygen,0.0488,0.0,0.0,0.315,800,1632,768,0,0,0,0,0.0,0.7315,nan,edge/x86_64,unknown,3.12.3,2026-10-09T18:44:24Z
8,ML-KEM-512,post-quantum,1,encapsulate,0.0405,0.0,0.0,0.315,800,1632,768,0,0,0,0,0.0,0.6068,nan,edge/x86_64,unknown,3.12.3,2026-10-09T18:44:24Z
8,ML-KEM-512,post-quantum,1,decapsulate,0.0398,0.0,0.0,0.315,800,1632,768,0,0,0,0,0.0,0.5968,nan,edge/x86_64,unknown,3.12.3,2026-10-09T18:44:24Z
9,ML-KEM-512,post-quantum,1,keygen,0.0391,0.0,0.0,0.315,800,1632,768,0,0,0,0,0.0,0.5861,nan,edge/x86_64,unknown,3.12.3,2026-10-09T18:44:24Z
9,ML-KEM-512,post-quantum,1,encapsulate,0.0384,0.0,0.0,0.315,800,1632,768,0,0,0,0,0.0,0.5754,nan,edge/x86_64,unknown,3.12.3,2026-10-09T18:44:24Z
9,ML-KEM-512,post-quantum,1,decapsulate,0.0374,0.0,0.0,0.315,800,1632,768,0,0,0,0,0.0,0.5609,nan,edge/x86_64,unknown,3.12.3,2026-10-09T18:44:24Z
10,ML-KEM-512,post-quantum,1,keygen,0.038,0.0,0.0,0.315,800,1632,768,0,0,0,0,0.0,0.5702,nan,edge/x86_64,unknown,3.12.3,2026-10-09T18:44:24Z
10,ML-KEM-512,post-quantum,1,encapsulate,0.0415,0.0,0.0,0.315,800,1632,768,0,0,0,0,0.0,0.6221,nan,edge/x86_64,unknown,3.12.3,2026-10-09T18:44:24Z
10,ML-KEM-512,post-quantum,1,decapsulate,0.0379,0.0,0.0,0.315,800,1632,768,0,0,0,0,0.0,0.5689,nan,edge/x86_64,unknown,3.12.3,2026-10-09T18:44:24Z
11,ML-KEM-512,post-quantum,1,keygen,0.0401,0.0,0.0,0.315,800,1632,768,0,0,0,0,0.0,0.6015,nan,edge/x86_64,unknown,3.12.3,2026-10-09T18:44:24Z
11,ML-KEM-512,post-quantum,1,encapsulate,0.0651,0.0,0.0,0.315,800,1632,768,0,0,0,0,0.0,0.976,nan,edge/x86_64,unknown,3.12.3,2026-10-09T18:44:24Z
11,ML-KEM-512,post-quantum,1,decapsulate,0.1204,0.0,0.0,0.315,800,1632,768,0,0,0,0,0.0,1.8056,nan,edge/x86_64,unknown,3.12.3,2026-10-09T18:44:24Z
12,ML-KEM-512,post-quantum,1,keygen,0.0456,0.0,0.0,0.315,800,1632,768,0,0,0,0,0.0,0.684,nan,edge/x86_64,unknown,3.12.3,2026-10-09T18:44:24Z
12,ML-KEM-512,post-quantum,1,encapsulate,0.1168,0.0,0.0,0.315,800,1632,768,0,0,0,0,0.0,1.7516,nan,edge/x86_64,unknown,3.12.3,2026-10-09T18:44:24Z
12,ML-KEM-512,post-quantum,1,decapsulate,0.0431,0.0,0.0,0.315,800,1632,768,0,0,0,0,0.0,0.6468,nan,edge/x86_64,unknown,3.12.3,2026-10-09T18:44:24Z
13,ML-KEM-512,post-quantum,1,keygen,0.0423,0.0,0.0,0.315,800,1632,768,0,0,0,0,0.0,0.6344,nan,edge/x86_64,unknown,3.12.3,2026-10-09T18:44:24Z
13,ML-KEM-512,post-quantum,1,encapsulate,0.0438,0.0,0.0,0.315,800,1632,768,0,0,0,0,0.0,0.6567,nan,edge/x86_64,unknown,3.12.3,2026-10-09T18:44:24Z
13,ML-KEM-512,post-quantum,1,decapsulate,0.0848,0.0,0.0,0.315,800,1632,768,0,0,0,0,0.0,1.2721,nan,edge/x86_64,unknown,3.12.3,2026-10-09T18:44:24Z
14,ML-KEM-512,post-quantum,1,keygen,0.0439,0.0,0.0,0.315,800,1632,768,0,0,0,0,0.0,0.658,nan,edge/x86_64,unknown,3.12.3,2026-10-09T18:44:24Z
14,ML-KEM-512,post-quantum,1,encapsulate,0.0391,0.0,0.0,0.315,800,1632,768,0,0,0,0,0.0,0.5858,nan,edge/x86_64,unknown,3.12.3,2026-10-09T18:44:24Z
14,ML-KEM-512,post-quantum,1,decapsulate,0.0513,0.0,0.0,0.315,800,1632,768,0,0,0,0,0.0,0.7692,nan,edge/x86_64,unknown,3.12.3,2026-10-09T18:44:24Z
15,ML-KEM-512,post-quantum,1,keygen,0.0405,0.0,0.0,0.315,800,1632,768,0,0,0,0,0.0,0.6077,nan,edge/x86_64,unknown,3.12.3,2026-10-09T18:44:24Z
15,ML-KEM-512,post-quantum,1,encapsulate,0.0399,0.0,0.0,0.315,800,1632,768,0,0,0,0,0.0,0.5978,nan,edge/x86_64,unknown,3.12.3,2026-10-09T18:44:24Z
15,ML-KEM-512,post-quantum,1,decapsulate,0.0382,0.0,0.0,0.315,800,1632,768,0,0,0,0,0.0,0.5732,nan,edge/x86_64,unknown,3.12.3,2026-10-09T18:44:24Z
16,ML-KEM-512,post-quantum,1,keygen,0.0377,0.0,0.0,0.315,800,1632,768,0,0,0,0,0.0,0.5656,nan,edge/x86_64,unknown,3.12.3,2026-10-09T18:44:24Z
16,ML-KEM-512,post-quantum,1,encapsulate,0.0418,0.0,0.0,0.315,800,1632,768,0,0,0,0,0.0,0.627,nan,edge/x86_64,unknown,3.12.3,2026-10-09T18:44:24Z
16,ML-KEM-512,post-quantum,1,decapsulate,0.0383,0.0,0.0,0.315,800,1632,768,0,0,0,0,0.0,0.5741,nan,edge/x86_64,unknown,3.12.3,2026-10-09T18:44:24Z
17,ML-KEM-512,post-quantum,1,keygen,0.0372,0.0,0.0,0.315,800,1632,768,0,0,0,0,0.0,0.5574,nan,edge/x86_64,unknown,3.12.3,2026-10-09T18:44:24Z
17,ML-KEM-512,post-quantum,1,encapsulate,0.0373,0.0,0.0,0.315,800,1632,768,0,0,0,0,0.0,0.5594,nan,edge/x86_64,unknown,3.12.3,2026-10-09T18:44:24Z
17,ML-KEM-512,post-quantum,1,decapsulate,0.0393,0.0,0.0,0.315,800,1632,768,0,0,0,0,0.0,0.5892,nan,edge/x86_64,unknown,3.12.3,2026-10-09T18:44:24Z
18,ML-KEM-512,post-quantum,1,keygen,0.0382,0.0,0.0,0.315,800,1632,768,0,0,0,0,0.0,0.5724,nan,edge/x86_64,unknown,3.12.3,2026-10-09T18:44:24Z
18,ML-KEM-512,post-quantum,1,encapsulate,0.039,0.0,0.0,0.315,800,1632,768,0,0,0,0,0.0,0.5849,nan,edge/x86_64,unknown,3.12.3,2026-10-09T18:44:24Z
18,ML-KEM-512,post-quantum,1,decapsulate,0.0579,0.0,0.0,0.315,800,1632,768,0,0,0,0,0.0,0.8684,nan,edge/x86_64,unknown,3.12.3,2026-10-09T18:44:24Z
19,ML-KEM-512,post-quantum,1,keygen,0.0387,0.0,0.0,0.315,800,1632,768,0,0,0,0,0.0,0.5811,nan,edge/x86_64,unknown,3.12.3,2026-10-09T18:44:24Z
19,ML-KEM-512,post-quantum,1,encapsulate,0.0408,0.0,0.0,0.315,800,1632,768,0,0,0,0,0.0,0.6119,nan,edge/x86_64,unknown,3.12.3,2026-10-09T18:44:24Z
19,ML-KEM-512,post-quantum,1,decapsulate,0.039,0.0,0.0,0.315,800,1632,768,0,0,0,0,0.0,0.5857,nan,edge/x86_64,unknown,3.12.3,2026-10-09T18:44:24Z
20,ML-KEM-512,post-quantum,1,keygen,0.0424,0.0,0.0,0.315,800,1632,768,0,0,0,0,0.0,0.6359,nan,edge/x86_64,unknown,3.12.3,2026-10-09T18:44:24Z
20,ML-KEM-512,post-quantum,1,encapsulate,0.0386,0.0,0.0,0.315,800,1632,768,0,0,0,0,0.0,0.5796,nan,edge/x86_64,unknown,3.12.3,2026-10-09T18:44:24Z
20,ML-KEM-512,post-quantum,1,decapsulate,0.0379,0.0,0.0,0.315,800,1632,768,0,0,0,0,0.0,0.5689,nan,edge/x86_64,unknown,3.12.3,2026-10-09T18:44:24Z
21,ML-KEM-512,post-quantum,1,keygen,0.0591,0.0,0.0,0.315,800,1632,768,0,0,0,0,0.0,0.8861,nan,edge/x86_64,unknown,3.12.3,2026-10-09T18:44:24Z
21,ML-KEM-512,post-quantum,1,encapsulate,0.0401,0.0,0.0,0.315,800,1632,768,0,0,0,0,0.0,0.601,nan,edge/x86_64,unknown,3.12.3,2026-10-09T18:44:24Z
21,ML-KEM-512,post-quantum,1,decapsulate,0.0384,0.0,0.0,0.315,800,1632,768,0,0,0,0,0.0,0.5764,nan,edge/x86_64,unknown,3.12.3,2026-10-09T18:44:24Z
22,ML-KEM-512,post-quantum,1,keygen,0.0401,0.0,0.0,0.315,800,1632,768,0,0,0,0,0.0,0.6016,nan,edge/x86_64,unknown,3.12.3,2026-10-09T18:44:24Z
22,ML-KEM-512,post-quantum,1,encapsulate,0.0394,0.0,0.0,0.315,800,1632,768,0,0,0,0,0.0,0.5909,nan,edge/x86_64,unknown,3.12.3,2026-10-09T18:44:24Z
22,ML-KEM-512,post-quantum,1,decapsulate,0.0401,0.0,0.0,0.315,800,1632,768,0,0,0,0,0.0,0.6016,nan,edge/x86_64,unknown,3.12.3,2026-10-09T18:44:24Z
23,ML-KEM-512,post-quantum,1,keygen,0.0377,0.0,0.0,0.315,800,1632,768,0,0,0,0,0.0,0.5649,nan,edge/x86_64,unknown,3.12.3,2026-10-09T18:44:24Z
23,ML-KEM-512,post-quantum,1,encapsulate,0.042,0.0,0.0,0.315,800,1632,768,0,0,0,0,0.0,0.6306,nan,edge/x86_64,unknown,3.12.3,2026-10-09T18:44:24Z
23,ML-KEM-512,post-quantum,1,decapsulate,0.0723,0.0,0.0,0.315,800,1632,768,0,0,0,0,0.0,1.0841,nan,edge/x86_64,unknown,3.12.3,2026-10-09T18:44:24Z
24,ML-KEM-512,post-quantum,1,keygen,0.1067,0.0,0.0,0.315,800,1632,768,0,0,0,0,0.0,1.601,nan,edge/x86_64,unknown,3.12.3,2026-10-09T18:44:24Z
24,ML-KEM-512,post-quantum,1,encapsulate,0.0395,0.0,0.0,0.315,800,1632,768,0,0,0,0,0.0,0.5925,nan,edge/x86_64,unknown,3.12.3,2026-10-09T18:44:24Z
24,ML-KEM-512,post-quantum,1,decapsulate,0.0393,0.0,0.0,0.315,800,1632,768,0,0,0,0,0.0,0.5891,nan,edge/x86_64,unknown,3.12.3,2026-10-09T18:44:24Z
25,ML-KEM-512,post-quantum,1,keygen,0.0383,0.0,0.0,0.315,800,1632,768,0,0,0,0,0.0,0.575,nan,edge/x86_64,unknown,3.12.3,2026-10-09T18:44:24Z
25,ML-KEM-512,post-quantum,1,encapsulate,0.0398,0.0,0.0,0.315,800,1632,768,0,0,0,0,0.0,0.5968,nan,edge/x86_64,unknown,3.12.3,2026-10-09T18:44:24Z
25,ML-KEM-512,post-quantum,1,decapsulate,0.0408,0.0,0.0,0.315,800,1632,768,0,0,0,0,0.0,0.6116,nan,edge/x86_64,unknown,3.12.3,2026-10-09T18:44:24Z
26,ML-KEM-512,post-quantum,1,keygen,0.0421,0.0,0.0,0.315,800,1632,768,0,0,0,0,0.0,0.6312,nan,edge/x86_64,unknown,3.12.3,2026-10-09T18:44:24Z
26,ML-KEM-512,post-quantum,1,encapsulate,0.0389,0.0,0.0,0.315,800,1632,768,0,0,0,0,0.0,0.5831,nan,edge/x86_64,unknown,3.12.3,2026-10-09T18:44:24Z
26,ML-KEM-512,post-quantum,1,decapsulate,0.0396,0.0,0.0,0.315,800,1632,768,0,0,0,0,0.0,0.5943,nan,edge/x86_64,unknown,3.12.3,2026-10-09T18:44:24Z
27,ML-KEM-512,post-quantum,1,keygen,0.1266,0.0,0.0,0.315,800,1632,768,0,0,0,0,0.0,1.8991,nan,edge/x86_64,unknown,3.12.3,2026-10-09T18:44:24Z
27,ML-KEM-512,post-quantum,1,encapsulate,0.0443,0.0,0.0,0.315,800,1632,768,0,0,0,0,0.0,0.665,nan,edge/x86_64,unknown,3.12.3,2026-10-09T18:44:24Z
27,ML-KEM-512,post-quantum,1,decapsulate,0.0405,0.0,0.0,0.315,800,1632,768,0,0,0,0,0.0,0.6079,nan,edge/x86_64,unknown,3.12.3,2026-10-09T18:44:24Z
28,ML-KEM-512,post-quantum,1,keygen,0.041,0.0,0.0,0.315,800,1632,768,0,0,0,0,0.0,0.6143,nan,edge/x86_64,unknown,3.12.3,2026-10-09T18:44:24Z
28,ML-KEM-512,post-quantum,1,encapsulate,0.0415,0.0,0.0,0.315,800,1632,768,0,0,0,0,0.0,0.6224,nan,edge/x86_64,unknown,3.12.3,2026-10-09T18:44:24Z
28,ML-KEM-512,post-quantum,1,decapsulate,0.0386,0.0,0.0,0.315,800,1632,768,0,0,0,0,0.0,0.5783,nan,edge/x86_64,unknown,3.12.3,2026-10-09T18:44:24Z
29,ML-KEM-512,post-quantum,1,keygen,0.0379,0.0,0.0,0.315,800,1632,768,0,0,0,0,0.0,0.5687,nan,edge/x86_64,unknown,3.12.3,2026-10-09T18:44:24Z
29,ML-KEM-512,post-quantum,1,encapsulate,0.0487,0.0,0.0,0.315,800,1632,768,0,0,0,0,0.0,0.7298,nan,edge/x86_64,unknown,3.12.3,2026-10-09T18:44:24Z
29,ML-KEM-512,post-quantum,1,decapsulate,0.0382,0.0,0.0,0.315,800,1632,768,0,0,0,0,0.0,0.5726,nan,edge/x86_64,unknown,3.12.3,2026-10-09T18:44:24Z
30,ML-KEM-512,post-quantum,1,keygen,0.0389,0.0,0.0,0.315,800,1632,768,0,0,0,0,0.0,0.5834,nan,edge/x86_64,unknown,3.12.3,2026-10-09T18:44:24Z
30,ML-KEM-512,post-quantum,1,encapsulate,0.0386,0.0,0.0,0.315,800,1632,768,0,0,0,0,0.0,0.5796,nan,edge/x86_64,unknown,3.12.3,2026-10-09T18:44:24Z
30,ML-KEM-512,post-quantum,1,decapsulate,0.039,0.0,0.0,0.315,800,1632,768,0,0,0,0,0.0,0.5844,nan,edge/x86_64,unknown,3.12.3,2026-10-09T18:44:24Z
31,ML-KEM-512,post-quantum,1,keygen,0.0393,0.0,0.0,0.315,800,1632,768,0,0,0,0,0.0,0.5896,nan,edge/x86_64,unknown,3.12.3,2026-10-09T18:44:24Z
31,ML-KEM-512,post-quantum,1,encapsulate,0.0408,0.0,0.0,0.315,800,1632,768,0,0,0,0,0.0,0.6116,nan,edge/x86_64,unknown,3.12.3,2026-10-09T18:44:24Z
31,ML-KEM-512,post-quantum,1,decapsulate,0.0391,0.0,0.0,0.315,800,1632,768,0,0,0,0,0.0,0.5868,nan,edge/x86_64,unknown,3.12.3,2026-10-09T18:44:24Z
32,ML-KEM-512,post-quantum,1,keygen,0.0384,0.0,0.0,0.315,800,1632,768,0,0,0,0,0.0,0.5767,nan,edge/x86_64,unknown,3.12.3,2026-10-09T18:44:24Z
32,ML-KEM-512,post-quantum,1,encapsulate,0.0388,0.0,0.0,0.315,800,1632,768,0,0,0,0,0.0,0.5824,nan,edge/x86_64,unknown,3.12.3,2026-10-09T18:44:24Z
32,ML-KEM-512,post-quantum,1,decapsulate,0.0379,0.0,0.0,0.315,800,1632,768,0,0,0,0,0.0,0.5684,nan,edge/x86_64,unknown,3.12.3,2026-10-09T18:44:24Z
33,ML-KEM-512,post-quantum,1,keygen,0.0407,0.0,0.0,0.315,800,1632,768,0,0,0,0,0.0,0.6108,nan,edge/x86_64,unknown,3.12.3,2026-10-09T18:44:24Z
33,ML-KEM-512,post-quantum,1,encapsulate,0.0437,0.0,0.0,0.315,800,1632,768,0,0,0,0,0.0,0.655,nan,edge/x86_64,unknown,3.12.3,2026-10-09T18:44:24Z
33,ML-KEM-512,post-quantum,1,decapsulate,0.0382,0.0,0.0,0.315,800,1632,768,0,0,0,0,0.0,0.5737,nan,edge/x86_64,unknown,3.12.3,2026-10-09T18:44:24Z
34,ML-KEM-512,post-quantum,1,keygen,0.0757,0.0,0.0,0.315,800,1632,768,0,0,0,0,0.0,1.1352,nan,edge/x86_64,unknown,3.12.3,2026-10-09T18:44:24Z
34,ML-KEM-512,post-quantum,1,encapsulate,0.0409,0.0,0.0,0.315,800,1632,768,0,0,0,0,0.0,0.613,nan,edge/x86_64,unknown,3.12.3,2026-10-09T18:44:24Z
34,ML-KEM-512,post-quantum,1,decapsulate,0.0641,0.0,0.0,0.315,800,1632,768,0,0,0,0,0.0,0.962,nan,edge/x86_64,unknown,3.12.3,2026-10-09T18:44:24Z
35,ML-KEM-512,post-quantum,1,keygen,0.0423,0.0,0.0,0.315,800,1632,768,0,0,0,0,0.0,0.6343,nan,edge/x86_64,unknown,3.12.3,2026-10-09T18:44:24Z
35,ML-KEM-512,post-quantum,1,encapsulate,0.0389,0.0,0.0,0.315,800,1632,768,0,0,0,0,0.0,0.5842,nan,edge/x86_64,unknown,3.12.3,2026-10-09T18:44:24Z
35,ML-KEM-512,post-quantum,1,decapsulate,0.0393,0.0,0.0,0.315,800,1632,768,0,0,0,0,0.0,0.5888,nan,edge/x86_64,unknown,3.12.3,2026-10-09T18:44:24Z
36,ML-KEM-512,post-quantum,1,keygen,0.0423,0.0,0.0,0.315,800,1632,768,0,0,0,0,0.0,0.6345,nan,edge/x86_64,unknown,3.12.3,2026-10-09T18:44:24Z
36,ML-KEM-512,post-quantum,1,encapsulate,0.0642,0.0,0.0,0.315,800,1632,768,0,0,0,0,0.0,0.9635,nan,edge/x86_64,unknown,3.12.3,2026-10-09T18:44:24Z
36,ML-KEM-512,post-quantum,1,decapsulate,0.0398,0.0,0.0,0.315,800,1632,768,0,0,0,0,0.0,0.5967,nan,edge/x86_64,unknown,3.12.3,2026-10-09T18:44:24Z
37,ML-KEM-512,post-quantum,1,keygen,0.0454,0.0,0.0,0.315,800,1632,768,0,0,0,0,0.0,0.6805,nan,edge/x86_64,unknown,3.12.3,2026-10-09T18:44:24Z
37,ML-KEM-512,post-quantum,1,encapsulate,0.0426,0.0,0.0,0.315,800,1632,768,0,0,0,0,0.0,0.6387,nan,edge/x86_64,unknown,3.12.3,2026-10-09T18:44:24Z
37,ML-KEM-512,post-quantum,1,decapsulate,0.0382,0.0,0.0,0.315,800,1632,768,0,0,0,0,0.0,0.5734,nan,edge/x86_64,unknown,3.12.3,2026-10-09T18:44:24Z
38,ML-KEM-512,post-quantum,1,keygen,0.039,0.0,0.0,0.315,800,1632,768,0,0,0,0,0.0,0.5844,nan,edge/x86_64,unknown,3.12.3,2026-10-09T18:44:24Z
38,ML-KEM-512,post-quantum,1,encapsulate,0.039,0.0,0.0,0.315,800,1632,768,0,0,0,0,0.0,0.5844,nan,edge/x86_64,unknown,3.12.3,2026-10-09T18:44:24Z
38,ML-KEM-512,post-quantum,1,decapsulate,0.0378,0.0,0.0,0.315,800,1632,768,0,0,0,0,0.0,0.5666,nan,edge/x86_64,unknown,3.12.3,2026-10-09T18:44:24Z
39,ML-KEM-512,post-quantum,1,keygen,0.0366,0.0,0.0,0.315,800,1632,768,0,0,0,0,0.0,0.5492,nan,edge/x86_64,unknown,3.12.3,2026-10-09T18:44:24Z
39,ML-KEM-512,post-quantum,1,encapsulate,0.04,0.0,0.0,0.315,800,1632,768,0,0,0,0,0.0,0.5999,nan,edge/x86_64,unknown,3.12.3,2026-10-09T18:44:24Z
39,ML-KEM-512,post-quantum,1,decapsulate,0.0391,0.0,0.0,0.315,800,1632,768,0,0,0,0,0.0,0.5861,nan,edge/x86_64,unknown,3.12.3,2026-10-09T18:44:24Z
40,ML-KEM-512,post-quantum,1,keygen,0.0383,0.0,0.0,0.315,800,1632,768,0,0,0,0,0.0,0.5744,nan,edge/x86_64,unknown,3.12.3,2026-10-09T18:44:24Z
40,ML-KEM-512,post-quantum,1,encapsulate,0.0705,0.0,0.0,0.315,800,1632,768,0,0,0,0,0.0,1.057,nan,edge/x86_64,unknown,3.12.3,2026-10-09T18:44:24Z
40,ML-KEM-512,post-quantum,1,decapsulate,0.0402,0.0,0.0,0.315,800,1632,768,0,0,0,0,0.0,0.6033,nan,edge/x86_64,unknown,3.12.3,2026-10-09T18:44:24Z
41,ML-KEM-512,post-quantum,1,keygen,0.0398,0.0,0.0,0.315,800,1632,768,0,0,0,0,0.0,0.5975,nan,edge/x86_64,unknown,3.12.3,2026-10-09T18:44:24Z
41,ML-KEM-512,post-quantum,1,encapsulate,0.0387,0.0,0.0,0.315,800,1632,768,0,0,0,0,0.0,0.5801,nan,edge/x86_64,unknown,3.12.3,2026-10-09T18:44:24Z
41,ML-KEM-512,post-quantum,1,decapsulate,0.0405,0.0,0.0,0.315,800,1632,768,0,0,0,0,0.0,0.608,nan,edge/x86_64,unknown,3.12.3,2026-10-09T18:44:24Z
42,ML-KEM-512,post-quantum,1,keygen,0.0378,0.0,0.0,0.315,800,1632,768,0,0,0,0,0.0,0.5667,nan,edge/x86_64,unknown,3.12.3,2026-10-09T18:44:24Z
42,ML-KEM-512,post-quantum,1,encapsulate,0.0381,0.0,0.0,0.315,800,1632,768,0,0,0,0,0.0,0.5709,nan,edge/x86_64,unknown,3.12.3,2026-10-09T18:44:24Z
42,ML-KEM-512,post-quantum,1,decapsulate,0.0585,0.0,0.0,0.315,800,1632,768,0,0,0,0,0.0,0.877,nan,edge/x86_64,unknown,3.12.3,2026-10-09T18:44:24Z
43,ML-KEM-512,post-quantum,1,keygen,0.0544,0.0,0.0,0.315,800,1632,768,0,0,0,0,0.0,0.8153,nan,edge/x86_64,unknown,3.12.3,2026-10-09T18:44:24Z
43,ML-KEM-512,post-quantum,1,encapsulate,0.0397,0.0,0.0,0.315,800,1632,768,0,0,0,0,0.0,0.5953,nan,edge/x86_64,unknown,3.12.3,2026-10-09T18:44:24Z
43,ML-KEM-512,post-quantum,1,decapsulate,0.0371,0.0,0.0,0.315,800,1632,768,0,0,0,0,0.0,0.5564,nan,edge/x86_64,unknown,3.12.3,2026-10-09T18:44:24Z
44,ML-KEM-512,post-quantum,1,keygen,0.0371,0.0,0.0,0.315,800,1632,768,0,0,0,0,0.0,0.5558,nan,edge/x86_64,unknown,3.12.3,2026-10-09T18:44:24Z
44,ML-KEM-512,post-quantum,1,encapsulate,0.0429,0.0,0.0,0.315,800,1632,768,0,0,0,0,0.0,0.6434,nan,edge/x86_64,unknown,3.12.3,2026-10-09T18:44:24Z
44,ML-KEM-512,post-quantum,1,decapsulate,0.1138,0.0,0.0,0.315,800,1632,768,0,0,0,0,0.0,1.7068,nan,edge/x86_64,unknown,3.12.3,2026-10-09T18:44:24Z
45,ML-KEM-512,post-quantum,1,keygen,0.0902,0.0,0.0,0.315,800,1632,768,0,0,0,0,0.0,1.3527,nan,edge/x86_64,unknown,3.12.3,2026-10-09T18:44:24Z
45,ML-KEM-512,post-quantum,1,encapsulate,0.0565,0.0,0.0,0.315,800,1632,768,0,0,0,0,0.0,0.8474,nan,edge/x86_64,unknown,3.12.3,2026-10-09T18:44:24Z
45,ML-KEM-512,post-quantum,1,decapsulate,0.0406,0.0,0.0,0.315,800,1632,768,0,0,0,0,0.0,0.6089,nan,edge/x86_64,unknown,3.12.3,2026-10-09T18:44:24Z
46,ML-KEM-512,post-quantum,1,keygen,0.0384,0.0,0.0,0.315,800,1632,768,0,0,0,0,0.0,0.5761,nan,edge/x86_64,unknown,3.12.3,2026-10-09T18:44:24Z
46,ML-KEM-512,post-quantum,1,encapsulate,0.0399,0.0,0.0,0.315,800,1632,768,0,0,0,0,0.0,0.5988,nan,edge/x86_64,unknown,3.12.3,2026-10-09T18:44:24Z
46,ML-KEM-512,post-quantum,1,decapsulate,0.0456,0.0,0.0,0.315,800,1632,768,0,0,0,0,0.0,0.6835,nan,edge/x86_64,unknown,3.12.3,2026-10-09T18:44:24Z
47,ML-KEM-512,post-quantum,1,keygen,0.0418,0.0,0.0,0.315,800,1632,768,0,0,0,0,0.0,0.6268,nan,edge/x86_64,unknown,3.12.3,2026-10-09T18:44:24Z
47,ML-KEM-512,post-quantum,1,encapsulate,0.0394,0.0,0.0,0.315,800,1632,768,0,0,0,0,0.0,0.5914,nan,edge/x86_64,unknown,3.12.3,2026-10-09T18:44:24Z
47,ML-KEM-512,post-quantum,1,decapsulate,0.0373,0.0,0.0,0.315,800,1632,768,0,0,0,0,0.0,0.5589,nan,edge/x86_64,unknown,3.12.3,2026-10-09T18:44:24Z
48,ML-KEM-512,post-quantum,1,keygen,0.039,0.0,0.0,0.315,800,1632,768,0,0,0,0,0.0,0.5853,nan,edge/x86_64,unknown,3.12.3,2026-10-09T18:44:24Z
48,ML-KEM-512,post-quantum,1,encapsulate,0.0388,0.0,0.0,0.315,800,1632,768,0,0,0,0,0.0,0.5819,nan,edge/x86_64,unknown,3.12.3,2026-10-09T18:44:24Z
48,ML-KEM-512,post-quantum,1,decapsulate,0.0474,0.0,0.0,0.315,800,1632,768,0,0,0,0,0.0,0.7106,nan,edge/x86_64,unknown,3.12.3,2026-10-09T18:44:24Z
49,ML-KEM-512,post-quantum,1,keygen,0.0519,0.0,0.0,0.315,800,1632,768,0,0,0,0,0.0,0.7781,nan,edge/x86_64,unknown,3.12.3,2026-10-09T18:44:24Z
49,ML-KEM-512,post-quantum,1,encapsulate,0.042,0.0,0.0,0.315,800,1632,768,0,0,0,0,0.0,0.6304,nan,edge/x86_64,unknown,3.12.3,2026-10-09T18:44:24Z
49,ML-KEM-512,post-quantum,1,decapsulate,0.0391,0.0,0.0,0.315,800,1632,768,0,0,0,0,0.0,0.5868,nan,edge/x86_64,unknown,3.12.3,2026-10-09T18:44:24Z
50,ML-KEM-512,post-quantum,1,keygen,0.0421,0.0,0.0,0.315,800,1632,768,0,0,0,0,0.0,0.6321,nan,edge/x86_64,unknown,3.12.3,2026-10-09T18:44:24Z
50,ML-KEM-512,post-quantum,1,encapsulate,0.038,0.0,0.0,0.315,800,1632,768,0,0,0,0,0.0,0.5694,nan,edge/x86_64,unknown,3.12.3,2026-10-09T18:44:24Z
50,ML-KEM-512,post-quantum,1,decapsulate,0.0484,0.0,0.0,0.315,800,1632,768,0,0,0,0,0.0,0.7263,nan,edge/x86_64,unknown,3.12.3,2026-10-09T18:44:24Z
51,ML-KEM-512,post-quantum,1,keygen,0.0387,0.0,0.0,0.315,800,1632,768,0,0,0,0,0.0,0.5802,nan,edge/x86_64,unknown,3.12.3,2026-10-09T18:44:24Z
51,ML-KEM-512,post-quantum,1,encapsulate,0.0389,0.0,0.0,0.315,800,1632,768,0,0,0,0,0.0,0.5828,nan,edge/x86_64,unknown,3.12.3,2026-10-09T18:44:24Z
51,ML-KEM-512,post-quantum,1,decapsulate,0.0408,0.0,0.0,0.315,800,1632,768,0,0,0,0,0.0,0.6127,nan,edge/x86_64,unknown,3.12.3,2026-10-09T18:44:24Z
52,ML-KEM-512,post-quantum,1,keygen,0.0392,0.0,0.0,0.315,800,1632,768,0,0,0,0,0.0,0.5874,nan,edge/x86_64,unknown,3.12.3,2026-10-09T18:44:24Z
52,ML-KEM-512,post-quantum,1,encapsulate,0.0409,0.0,0.0,0.315,800,1632,768,0,0,0,0,0.0,0.613,nan,edge/x86_64,unknown,3.12.3,2026-10-09T18:44:24Z
52,ML-KEM-512,post-quantum,1,decapsulate,0.0377,0.0,0.0,0.315,800,1632,768,0,0,0,0,0.0,0.5652,nan,edge/x86_64,unknown,3.12.3,2026-10-09T18:44:24Z
53,ML-KEM-512,post-quantum,1,keygen,0.0395,0.0,0.0,0.315,800,1632,768,0,0,0,0,0.0,0.5928,nan,edge/x86_64,unknown,3.12.3,2026-10-09T18:44:24Z
53,ML-KEM-512,post-quantum,1,encapsulate,0.0393,0.0,0.0,0.315,800,1632,768,0,0,0,0,0.0,0.5894,nan,edge/x86_64,unknown,3.12.3,2026-10-09T18:44:24Z
53,ML-KEM-512,post-quantum,1,decapsulate,0.0465,0.0,0.0,0.315,800,1632,768,0,0,0,0,0.0,0.698,nan,edge/x86_64,unknown,3.12.3,2026-10-09T18:44:24Z
54,ML-KEM-512,post-quantum,1,keygen,0.0401,0.0,0.0,0.315,800,1632,768,0,0,0,0,0.0,0.6015,nan,edge/x86_64,unknown,3.12.3,2026-10-09T18:44:24Z
54,ML-KEM-512,post-quantum,1,encapsulate,0.0385,0.0,0.0,0.315,800,1632,768,0,0,0,0,0.0,0.5768,nan,edge/x86_64,unknown,3.12.3,2026-10-09T18:44:24Z
54,ML-KEM-512,post-quantum,1,decapsulate,0.0394,0.0,0.0,0.315,800,1632,768,0,0,0,0,0.0,0.5903,nan,edge/x86_64,unknown,3.12.3,2026-10-09T18:44:24Z
55,ML-KEM-512,post-quantum,1,keygen,0.0433,0.0,0.0,0.315,800,1632,768,0,0,0,0,0.0,0.6496,nan,edge/x86_64,unknown,3.12.3,2026-10-09T18:44:24Z
55,ML-KEM-512,post-quantum,1,encapsulate,0.0396,0.0,0.0,0.315,800,1632,768,0,0,0,0,0.0,0.5938,nan,edge/x86_64,unknown,3.12.3,2026-10-09T18:44:24Z
55,ML-KEM-512,post-quantum,1,decapsulate,0.1268,0.0,0.0,0.315,800,1632,768,0,0,0,0,0.0,1.9019,nan,edge/x86_64,unknown,3.12.3,2026-10-09T18:44:24Z
56,ML-KEM-512,post-quantum,1,keygen,0.0677,0.0,0.0,0.315,800,1632,768,0,0,0,0,0.0,1.0162,nan,edge/x86_64,unknown,3.12.3,2026-10-09T18:44:24Z
56,ML-KEM-512,post-quantum,1,encapsulate,0.039,0.0,0.0,0.315,800,1632,768,0,0,0,0,0.0,0.5848,nan,edge/x86_64,unknown,3.12.3,2026-10-09T18:44:24Z
56,ML-KEM-512,post-quantum,1,decapsulate,0.0384,0.0,0.0,0.315,800,1632,768,0,0,0,0,0.0,0.5758,nan,edge/x86_64,unknown,3.12.3,2026-10-09T18:44:24Z
57,ML-KEM-512,post-quantum,1,keygen,0.0404,0.0,0.0,0.315,800,1632,768,0,0,0,0,0.0,0.6066,nan,edge/x86_64,unknown,3.12.3,2026-10-09T18:44:24Z
57,ML-KEM-512,post-quantum,1,encapsulate,0.0401,0.0,0.0,0.315,800,1632,768,0,0,0,0,0.0,0.6011,nan,edge/x86_64,unknown,3.12.3,2026-10-09T18:44:24Z
57,ML-KEM-512,post-quantum,1,decapsulate,0.0399,0.0,0.0,0.315,800,1632,768,0,0,0,0,0.0,0.598,nan,edge/x86_64,unknown,3.12.3,2026-10-09T18:44:24Z
58,ML-KEM-512,post-quantum,1,keygen,0.0399,0.0,0.0,0.315,800,1632,768,0,0,0,0,0.0,0.5992,nan,edge/x86_64,unknown,3.12.3,2026-10-09T18:44:24Z
58,ML-KEM-512,post-quantum,1,encapsulate,0.0425,0.0,0.0,0.315,800,1632,768,0,0,0,0,0.0,0.6382,nan,edge/x86_64,unknown,3.12.3,2026-10-09T18:44:24Z
58,ML-KEM-512,post-quantum,1,decapsulate,0.0777,0.0,0.0,0.315,800,1632,768,0,0,0,0,0.0,1.1661,nan,edge/x86_64,unknown,3.12.3,2026-10-09T18:44:24Z
59,ML-KEM-512,post-quantum,1,keygen,0.0426,0.0,0.0,0.315,800,1632,768,0,0,0,0,0.0,0.639,nan,edge/x86_64,unknown,3.12.3,2026-10-09T18:44:24Z
59,ML-KEM-512,post-quantum,1,encapsulate,0.042,0.0,0.0,0.315,800,1632,768,0,0,0,0,0.0,0.6293,nan,edge/x86_64,unknown,3.12.3,2026-10-09T18:44:24Z
59,ML-KEM-512,post-quantum,1,decapsulate,0.0387,0.0,0.0,0.315,800,1632,768,0,0,0,0,0.0,0.5804,nan,edge/x86_64,unknown,3.12.3,2026-10-09T18:44:24Z
60,ML-KEM-512,post-quantum,1,keygen,0.091,0.0,0.0,0.315,800,1632,768,0,0,0,0,0.0,1.3643,nan,edge/x86_64,unknown,3.12.3,2026-10-09T18:44:24Z
60,ML-KEM-512,post-quantum,1,encapsulate,0.0416,0.0,0.0,0.315,800,1632,768,0,0,0,0,0.0,0.6234,nan,edge/x86_64,unknown,3.12.3,2026-10-09T18:44:24Z
60,ML-KEM-512,post-quantum,1,decapsulate,0.0395,0.0,0.0,0.315,800,1632,768,0,0,0,0,0.0,0.5926,nan,edge/x86_64,unknown,3.12.3,2026-10-09T18:44:24Z
61,ML-KEM-512,post-quantum,1,keygen,0.0396,0.0,0.0,0.315,800,1632,768,0,0,0,0,0.0,0.5945,nan,edge/x86_64,unknown,3.12.3,2026-10-09T18:44:24Z
61,ML-KEM-512,post-quantum,1,encapsulate,0.0429,0.0,0.0,0.315,800,1632,768,0,0,0,0,0.0,0.644,nan,edge/x86_64,unknown,3.12.3,2026-10-09T18:44:24Z
61,ML-KEM-512,post-quantum,1,decapsulate,0.039,0.0,0.0,0.315,800,1632,768,0,0,0,0,0.0,0.5857,nan,edge/x86_64,unknown,3.12.3,2026-10-09T18:44:24Z
62,ML-KEM-512,post-quantum,1,keygen,0.0418,0.0,0.0,0.315,800,1632,768,0,0,0,0,0.0,0.6269,nan,edge/x86_64,unknown,3.12.3,2026-10-09T18:44:24Z
62,ML-KEM-512,post-quantum,1,encapsulate,0.0387,0.0,0.0,0.315,800,1632,768,0,0,0,0,0.0,0.5812,nan,edge/x86_64,unknown,3.12.3,2026-10-09T18:44:24Z
62,ML-KEM-512,post-quantum,1,decapsulate,0.0381,0.0,0.0,0.315,800,1632,768,0,0,0,0,0.0,0.5709,nan,edge/x86_64,unknown,3.12.3,2026-10-09T18:44:24Z
63,ML-KEM-512,post-quantum,1,keygen,0.0396,0.0,0.0,0.315,800,1632,768,0,0,0,0,0.0,0.5943,nan,edge/x86_64,unknown,3.12.3,2026-10-09T18:44:24Z
63,ML-KEM-512,post-quantum,1,encapsulate,0.045,0.0,0.0,0.315,800,1632,768,0,0,0,0,0.0,0.6755,nan,edge/x86_64,unknown,3.12.3,2026-10-09T18:44:24Z
63,ML-KEM-512,post-quantum,1,decapsulate,0.0385,0.0,0.0,0.315,800,1632,768,0,0,0,0,0.0,0.5774,nan,edge/x86_64,unknown,3.12.3,2026-10-09T18:44:24Z
64,ML-KEM-512,post-quantum,1,keygen,0.0382,0.0,0.0,0.315,800,1632,768,0,0,0,0,0.0,0.5733,nan,edge/x86_64,unknown,3.12.3,2026-10-09T18:44:24Z
64,ML-KEM-512,post-quantum,1,encapsulate,0.0384,0.0,0.0,0.315,800,1632,768,0,0,0,0,0.0,0.5765,nan,edge/x86_64,unknown,3.12.3,2026-10-09T18:44:24Z
64,ML-KEM-512,post-quantum,1,decapsulate,0.0382,0.0,0.0,0.315,800,1632,768,0,0,0,0,0.0,0.5727,nan,edge/x86_64,unknown,3.12.3,2026-10-09T18:44:24Z
65,ML-KEM-512,post-quantum,1,keygen,0.1382,0.0,0.0,0.315,800,1632,768,0,0,0,0,0.0,2.0723,nan,edge/x86_64,unknown,3.12.3,2026-10-09T18:44:24Z
65,ML-KEM-512,post-quantum,1,encapsulate,0.1386,0.0,0.0,0.315,800,1632,768,0,0,0,0,0.0,2.0785,nan,edge/x86_64,unknown,3.12.3,2026-10-09T18:44:24Z
65,ML-KEM-512,post-quantum,1,decapsulate,0.1189,0.0,0.0,0.315,800,1632,768,0,0,0,0,0.0,1.7834,nan,edge/x86_64,unknown,3.12.3,2026-10-09T18:44:24Z
66,ML-KEM-512,post-quantum,1,keygen,0.0447,0.0,0.0,0.315,800,1632,768,0,0,0,0,0.0,0.6708,nan,edge/x86_64,unknown,3.12.3,2026-10-09T18:44:24Z
66,ML-KEM-512,post-quantum,1,encapsulate,0.0386,0.0,0.0,0.315,800,1632,768,0,0,0,0,0.0,0.579,nan,edge/x86_64,unknown,3.12.3,2026-10-09T18:44:24Z
66,ML-KEM-512,post-quantum,1,decapsulate,0.039,0.0,0.0,0.315,800,1632,768,0,0,0,0,0.0,0.5852,nan,edge/x86_64,unknown,3.12.3,2026-10-09T18:44:24Z
67,ML-KEM-512,post-quantum,1,keygen,0.0392,0.0,0.0,0.315,800,1632,768,0,0,0,0,0.0,0.5886,nan,edge/x86_64,unknown,3.12.3,2026-10-09T18:44:24Z
67,ML-KEM-512,post-quantum,1,encapsulate,0.0587,0.0,0.0,0.315,800,1632,768,0,0,0,0,0.0,0.88,nan,edge/x86_64,unknown,3.12.3,2026-10-09T18:44:24Z
67,ML-KEM-512,post-quantum,1,decapsulate,0.0403,0.0,0.0,0.315,800,1632,768,0,0,0,0,0.0,0.6046,nan,edge/x86_64,unknown,3.12.3,2026-10-09T18:44:24Z
68,ML-KEM-512,post-quantum,1,keygen,0.04,0.0,0.0,0.315,800,1632,768,0,0,0,0,0.0,0.6002,nan,edge/x86_64,unknown,3.12.3,2026-10-09T18:44:24Z
68,ML-KEM-512,post-quantum,1,encapsulate,0.0385,0.0,0.0,0.315,800,1632,768,0,0,0,0,0.0,0.5773,nan,edge/x86_64,unknown,3.12.3,2026-10-09T18:44:24Z
68,ML-KEM-512,post-quantum,1,decapsulate,0.0385,0.0,0.0,0.315,800,1632,768,0,0,0,0,0.0,0.5782,nan,edge/x86_64,unknown,3.12.3,2026-10-09T18:44:24Z
69,ML-KEM-512,post-quantum,1,keygen,0.0372,0.0,0.0,0.315,800,1632,768,0,0,0,0,0.0,0.5587,nan,edge/x86_64,unknown,3.12.3,2026-10-09T18:44:24Z
69,ML-KEM-512,post-quantum,1,encapsulate,0.0393,0.0,0.0,0.315,800,1632,768,0,0,0,0,0.0,0.5891,nan,edge/x86_64,unknown,3.12.3,2026-10-09T18:44:24Z
69,ML-KEM-512,post-quantum,1,decapsulate,0.0469,0.0,0.0,0.315,800,1632,768,0,0,0,0,0.0,0.7042,nan,edge/x86_64,unknown,3.12.3,2026-10-09T18:44:24Z
70,ML-KEM-512,post-quantum,1,keygen,0.0387,0.0,0.0,0.315,800,1632,768,0,0,0,0,0.0,0.5799,nan,edge/x86_64,unknown,3.12.3,2026-10-09T18:44:24Z
70,ML-KEM-512,post-quantum,1,encapsulate,0.0405,0.0,0.0,0.315,800,1632,768,0,0,0,0,0.0,0.6075,nan,edge/x86_64,unknown,3.12.3,2026-10-09T18:44:24Z
70,ML-KEM-512,post-quantum,1,decapsulate,0.0393,0.0,0.0,0.315,800,1632,768,0,0,0,0,0.0,0.5898,nan,edge/x86_64,unknown,3.12.3,2026-10-09T18:44:24Z
71,ML-KEM-512,post-quantum,1,keygen,0.0381,0.0,0.0,0.315,800,1632,768,0,0,0,0,0.0,0.572,nan,edge/x86_64,unknown,3.12.3,2026-10-09T18:44:24Z
71,ML-KEM-512,post-quantum,1,encapsulate,0.0394,0.0,0.0,0.315,800,1632,768,0,0,0,0,0.0,0.5909,nan,edge/x86_64,unknown,3.12.3,2026-10-09T18:44:24Z
71,ML-KEM-512,post-quantum,1,decapsulate,0.0839,0.0,0.0,0.315,800,1632,768,0,0,0,0,0.0,1.2581,nan,edge/x86_64,unknown,3.12.3,2026-10-09T18:44:24Z
72,ML-KEM-512,post-quantum,1,keygen,0.0439,0.0,0.0,0.315,800,1632,768,0,0,0,0,0.0,0.6585,nan,edge/x86_64,unknown,3.12.3,2026-10-09T18:44:24Z
72,ML-KEM-512,post-quantum,1,encapsulate,0.0404,0.0,0.0,0.315,800,1632,768,0,0,0,0,0.0,0.6053,nan,edge/x86_64,unknown,3.12.3,2026-10-09T18:44:24Z
72,ML-KEM-512,post-quantum,1,decapsulate,0.04,0.0,0.0,0.315,800,1632,768,0,0,0,0,0.0,0.5999,nan,edge/x86_64,unknown,3.12.3,2026-10-09T18:44:24Z
73,ML-KEM-512,post-quantum,1,keygen,0.0387,0.0,0.0,0.315,800,1632,768,0,0,0,0,0.0,0.5802,nan,edge/x86_64,unknown,3.12.3,2026-10-09T18:44:24Z
73,ML-KEM-512,post-quantum,1,encapsulate,0.041,0.0,0.0,0.315,800,1632,768,0,0,0,0,0.0,0.6155,nan,edge/x86_64,unknown,3.12.3,2026-10-09T18:44:24Z
73,ML-KEM-512,post-quantum,1,decapsulate,0.0427,0.0,0.0,0.315,800,1632,768,0,0,0,0,0.0,0.6404,nan,edge/x86_64,unknown,3.12.3,2026-10-09T18:44:24Z
74,ML-KEM-512,post-quantum,1,keygen,0.0402,0.0,0.0,0.315,800,1632,768,0,0,0,0,0.0,0.6035,nan,edge/x86_64,unknown,3.12.3,2026-10-09T18:44:24Z
74,ML-KEM-512,post-quantum,1,encapsulate,0.0387,0.0,0.0,0.315,800,1632,768,0,0,0,0,0.0,0.5801,nan,edge/x86_64,unknown,3.12.3,2026-10-09T18:44:24Z
74,ML-KEM-512,post-quantum,1,decapsulate,0.0379,0.0,0.0,0.315,800,1632,768,0,0,0,0,0.0,0.568,nan,edge/x86_64,unknown,3.12.3,2026-10-09T18:44:24Z
75,ML-KEM-512,post-quantum,1,keygen,0.0375,0.0,0.0,0.315,800,1632,768,0,0,0,0,0.0,0.563,nan,edge/x86_64,unknown,3.12.3,2026-10-09T18:44:24Z
75,ML-KEM-512,post-quantum,1,encapsulate,0.0656,0.0,0.0,0.315,800,1632,768,0,0,0,0,0.0,0.9835,nan,edge/x86_64,unknown,3.12.3,2026-10-09T18:44:24Z
75,ML-KEM-512,post-quantum,1,decapsulate,0.1123,0.0,0.0,0.315,800,1632,768,0,0,0,0,0.0,1.6852,nan,edge/x86_64,unknown,3.12.3,2026-10-09T18:44:24Z
76,ML-KEM-512,post-quantum,1,keygen,0.0679,0.0,0.0,0.315,800,1632,768,0,0,0,0,0.0,1.0185,nan,edge/x86_64,unknown,3.12.3,2026-10-09T18:44:24Z
76,ML-KEM-512,post-quantum,1,encapsulate,0.0434,0.0,0.0,0.315,800,1632,768,0,0,0,0,0.0,0.6512,nan,edge/x86_64,unknown,3.12.3,2026-10-09T18:44:24Z
76,ML-KEM-512,post-quantum,1,decapsulate,0.0384,0.0,0.0,0.315,800,1632,768,0,0,0,0,0.0,0.576,nan,edge/x86_64,unknown,3.12.3,2026-10-09T18:44:24Z
77,ML-KEM-512,post-quantum,1,keygen,0.0374,0.0,0.0,0.315,800,1632,768,0,0,0,0,0.0,0.5616,nan,edge/x86_64,unknown,3.12.3,2026-10-09T18:44:24Z
77,ML-KEM-512,post-quantum,1,encapsulate,0.0405,0.0,0.0,0.315,800,1632,768,0,0,0,0,0.0,0.6076,nan,edge/x86_64,unknown,3.12.3,2026-10-09T18:44:24Z
77,ML-KEM-512,post-quantum,1,decapsulate,0.0876,0.0,0.0,0.315,800,1632,768,0,0,0,0,0.0,1.3141,nan,edge/x86_64,unknown,3.12.3,2026-10-09T18:44:24Z
78,ML-KEM-512,post-quantum,1,keygen,0.0437,0.0,0.0,0.315,800,1632,768,0,0,0,0,0.0,0.655,nan,edge/x86_64,unknown,3.12.3,2026-10-09T18:44:24Z
78,ML-KEM-512,post-quantum,1,encapsulate,0.0388,0.0,0.0,0.315,800,1632,768,0,0,0,0,0.0,0.5814,nan,edge/x86_64,unknown,3.12.3,2026-10-09T18:44:24Z
78,ML-KEM-512,post-quantum,1,decapsulate,0.0408,0.0,0.0,0.315,800,1632,768,0,0,0,0,0.0,0.6115,nan,edge/x86_64,unknown,3.12.3,2026-10-09T18:44:24Z
79,ML-KEM-512,post-quantum,1,keygen,0.0396,0.0,0.0,0.315,800,1632,768,0,0,0,0,0.0,0.5937,nan,edge/x86_64,unknown,3.12.3,2026-10-09T18:44:24Z
79,ML-KEM-512,post-quantum,1,encapsulate,0.0808,0.0,0.0,0.315,800,1632,768,0,0,0,0,0.0,1.2122,nan,edge/x86_64,unknown,3.12.3,2026-10-09T18:44:24Z
79,ML-KEM-512,post-quantum,1,decapsulate,0.0398,0.0,0.0,0.315,800,1632,768,0,0,0,0,0.0,0.5974,nan,edge/x86_64,unknown,3.12.3,2026-10-09T18:44:24Z
80,ML-KEM-512,post-quantum,1,keygen,0.0389,0.0,0.0,0.315,800,1632,768,0,0,0,0,0.0,0.5836,nan,edge/x86_64,unknown,3.12.3,2026-10-09T18:44:24Z
80,ML-KEM-512,post-quantum,1,encapsulate,0.0422,0.0,0.0,0.315,800,1632,768,0,0,0,0,0.0,0.6327,nan,edge/x86_64,unknown,3.12.3,2026-10-09T18:44:24Z
80,ML-KEM-512,post-quantum,1,decapsulate,0.0379,0.0,0.0,0.315,800,1632,768,0,0,0,0,0.0,0.5686,nan,edge/x86_64,unknown,3.12.3,2026-10-09T18:44:24Z
81,ML-KEM-512,post-quantum,1,keygen,0.0381,0.0,0.0,0.315,800,1632,768,0,0,0,0,0.0,0.5715,nan,edge/x86_64,unknown,3.12.3,2026-10-09T18:44:24Z
81,ML-KEM-512,post-quantum,1,encapsulate,0.0384,0.0,0.0,0.315,800,1632,768,0,0,0,0,0.0,0.5759,nan,edge/x86_64,unknown,3.12.3,2026-10-09T18:44:24Z
81,ML-KEM-512,post-quantum,1,decapsulate,0.0397,0.0,0.0,0.315,800,1632,768,0,0,0,0,0.0,0.5957,nan,edge/x86_64,unknown,3.12.3,2026-10-09T18:44:24Z
82,ML-KEM-512,post-quantum,1,keygen,0.0373,0.0,0.0,0.315,800,1632,768,0,0,0,0,0.0,0.5597,nan,edge/x86_64,unknown,3.12.3,2026-10-09T18:44:24Z
82,ML-KEM-512,post-quantum,1,encapsulate,0.0382,0.0,0.0,0.315,800,1632,768,0,0,0,0,0.0,0.5727,nan,edge/x86_64,unknown,3.12.3,2026-10-09T18:44:24Z
82,ML-KEM-512,post-quantum,1,decapsulate,0.0407,0.0,0.0,0.315,800,1632,768,0,0,0,0,0.0,0.6107,nan,edge/x86_64,unknown,3.12.3,2026-10-09T18:44:24Z
83,ML-KEM-512,post-quantum,1,keygen,0.0481,0.0,0.0,0.315,800,1632,768,0,0,0,0,0.0,0.7214,nan,edge/x86_64,unknown,3.12.3,2026-10-09T18:44:24Z
83,ML-KEM-512,post-quantum,1,encapsulate,0.0389,0.0,0.0,0.315,800,1632,768,0,0,0,0,0.0,0.5837,nan,edge/x86_64,unknown,3.12.3,2026-10-09T18:44:24Z
83,ML-KEM-512,post-quantum,1,decapsulate,0.0385,0.0,0.0,0.315,800,1632,768,0,0,0,0,0.0,0.5775,nan,edge/x86_64,unknown,3.12.3,2026-10-09T18:44:24Z
84,ML-KEM-512,post-quantum,1,keygen,0.0382,0.0,0.0,0.315,800,1632,768,0,0,0,0,0.0,0.5726,nan,edge/x86_64,unknown,3.12.3,2026-10-09T18:44:24Z
84,ML-KEM-512,post-quantum,1,encapsulate,0.0382,0.0,0.0,0.315,800,1632,768,0,0,0,0,0.0,0.5737,nan,edge/x86_64,unknown,3.12.3,2026-10-09T18:44:24Z
84,ML-KEM-512,post-quantum,1,decapsulate,0.0782,0.0,0.0,0.315,800,1632,768,0,0,0,0,0.0,1.1736,nan,edge/x86_64,unknown,3.12.3,2026-10-09T18:44:24Z
85,ML-KEM-512,post-quantum,1,keygen,0.0421,0.0,0.0,0.315,800,1632,768,0,0,0,0,0.0,0.6314,nan,edge/x86_64,unknown,3.12.3,2026-10-09T18:44:24Z
85,ML-KEM-512,post-quantum,1,encapsulate,0.0424,0.0,0.0,0.315,800,1632,768,0,0,0,0,0.0,0.6362,nan,edge/x86_64,unknown,3.12.3,2026-10-09T18:44:24Z
85,ML-KEM-512,post-quantum,1,decapsulate,0.0393,0.0,0.0,0.315,800,1632,768,0,0,0,0,0.0,0.5895,nan,edge/x86_64,unknown,3.12.3,2026-10-09T18:44:24Z
86,ML-KEM-512,post-quantum,1,keygen,0.0381,0.0,0.0,0.315,800,1632,768,0,0,0,0,0.0,0.5714,nan,edge/x86_64,unknown,3.12.3,2026-10-09T18:44:24Z
86,ML-KEM-512,post-quantum,1,encapsulate,0.0634,0.0,0.0,0.315,800,1632,768,0,0,0,0,0.0,0.9503,nan,edge/x86_64,unknown,3.12.3,2026-10-09T18:44:24Z
86,ML-KEM-512,post-quantum,1,decapsulate,0.0383,0.0,0.0,0.315,800,1632,768,0,0,0,0,0.0,0.5749,nan,edge/x86_64,unknown,3.12.3,2026-10-09T18:44:24Z
87,ML-KEM-512,post-quantum,1,keygen,0.0381,0.0,0.0,0.315,800,1632,768,0,0,0,0,0.0,0.5719,nan,edge/x86_64,unknown,3.12.3,2026-10-09T18:44:24Z
87,ML-KEM-512,post-quantum,1,encapsulate,0.0381,0.0,0.0,0.315,800,1632,768,0,0,0,0,0.0,0.5709,nan,edge/x86_64,unknown,3.12.3,2026-10-09T18:44:24Z
87,ML-KEM-512,post-quantum,1,decapsulate,0.038,0.0,0.0,0.315,800,1632,768,0,0,0,0,0.0,0.5697,nan,edge/x86_64,unknown,3.12.3,2026-10-09T18:44:24Z
88,ML-KEM-512,post-quantum,1,keygen,0.075,0.0,0.0,0.315,800,1632,768,0,0,0,0,0.0,1.1249,nan,edge/x86_64,unknown,3.12.3,2026-10-09T18:44:24Z
88,ML-KEM-512,post-quantum,1,encapsulate,0.0675,0.0,0.0,0.315,800,1632,768,0,0,0,0,0.0,1.0128,nan,edge/x86_64,unknown,3.12.3,2026-10-09T18:44:24Z
88,ML-KEM-512,post-quantum,1,decapsulate,0.0394,0.0,0.0,0.315,800,1632,768,0,0,0,0,0.0,0.5917,nan,edge/x86_64,unknown,3.12.3,2026-10-09T18:44:24Z
89,ML-KEM-512,post-quantum,1,keygen,0.0413,0.0,0.0,0.315,800,1632,768,0,0,0,0,0.0,0.62,nan,edge/x86_64,unknown,3.12.3,2026-10-09T18:44:24Z
89,ML-KEM-512,post-quantum,1,encapsulate,0.0552,0.0,0.0,0.315,800,1632,768,0,0,0,0,0.0,0.8285,nan,edge/x86_64,unknown,3.12.3,2026-10-09T18:44:24Z
89,ML-KEM-512,post-quantum,1,decapsulate,0.0391,0.0,0.0,0.315,800,1632,768,0,0,0,0,0.0,0.5869,nan,edge/x86_64,unknown,3.12.3,2026-10-09T18:44:24Z
90,ML-KEM-512,post-quantum,1,keygen,0.0398,0.0,0.0,0.315,800,1632,768,0,0,0,0,0.0,0.5965,nan,edge/x86_64,unknown,3.12.3,2026-10-09T18:44:24Z
90,ML-KEM-512,post-quantum,1,encapsulate,0.0414,0.0,0.0,0.315,800,1632,768,0,0,0,0,0.0,0.621,nan,edge/x86_64,unknown,3.12.3,2026-10-09T18:44:24Z
90,ML-KEM-512,post-quantum,1,decapsulate,0.0422,0.0,0.0,0.315,800,1632,768,0,0,0,0,0.0,0.6324,nan,edge/x86_64,unknown,3.12.3,2026-10-09T18:44:24Z
91,ML-KEM-512,post-quantum,1,keygen,0.0407,0.0,0.0,0.315,800,1632,768,0,0,0,0,0.0,0.6105,nan,edge/x86_64,unknown,3.12.3,2026-10-09T18:44:24Z
91,ML-KEM-512,post-quantum,1,encapsulate,0.0499,0.0,0.0,0.315,800,1632,768,0,0,0,0,0.0,0.7482,nan,edge/x86_64,unknown,3.12.3,2026-10-09T18:44:24Z
91,ML-KEM-512,post-quantum,1,decapsulate,0.0399,0.0,0.0,0.315,800,1632,768,0,0,0,0,0.0,0.5989,nan,edge/x86_64,unknown,3.12.3,2026-10-09T18:44:24Z
92,ML-KEM-512,post-quantum,1,keygen,0.0401,0.0,0.0,0.315,800,1632,768,0,0,0,0,0.0,0.6022,nan,edge/x86_64,unknown,3.12.3,2026-10-09T18:44:24Z
92,ML-KEM-512,post-quantum,1,encapsulate,0.038,0.0,0.0,0.315,800,1632,768,0,0,0,0,0.0,0.5705,nan,edge/x86_64,unknown,3.12.3,2026-10-09T18:44:24Z
92,ML-KEM-512,post-quantum,1,decapsulate,0.3006,0.0,0.0,0.315,800,1632,768,0,0,0,0,0.0,4.5095,nan,edge/x86_64,unknown,3.12.3,2026-10-09T18:44:24Z
93,ML-KEM-512,post-quantum,1,keygen,0.0486,0.0,0.0,0.315,800,1632,768,0,0,0,0,0.0,0.729,nan,edge/x86_64,unknown,3.12.3,2026-10-09T18:44:24Z
93,ML-KEM-512,post-quantum,1,encapsulate,0.0396,0.0,0.0,0.315,800,1632,768,0,0,0,0,0.0,0.5945,nan,edge/x86_64,unknown,3.12.3,2026-10-09T18:44:24Z
93,ML-KEM-512,post-quantum,1,decapsulate,0.0387,0.0,0.0,0.315,800,1632,768,0,0,0,0,0.0,0.58,nan,edge/x86_64,unknown,3.12.3,2026-10-09T18:44:24Z
94,ML-KEM-512,post-quantum,1,keygen,0.0397,0.0,0.0,0.315,800,1632,768,0,0,0,0,0.0,0.5962,nan,edge/x86_64,unknown,3.12.3,2026-10-09T18:44:24Z
94,ML-KEM-512,post-quantum,1,encapsulate,0.0395,0.0,0.0,0.315,800,1632,768,0,0,0,0,0.0,0.5926,nan,edge/x86_64,unknown,3.12.3,2026-10-09T18:44:24Z
94,ML-KEM-512,post-quantum,1,decapsulate,0.0394,0.0,0.0,0.315,800,1632,768,0,0,0,0,0.0,0.5904,nan,edge/x86_64,unknown,3.12.3,2026-10-09T18:44:24Z
95,ML-KEM-512,post-quantum,1,keygen,0.0379,0.0,0.0,0.315,800,1632,768,0,0,0,0,0.0,0.5684,nan,edge/x86_64,unknown,3.12.3,2026-10-09T18:44:24Z
95,ML-KEM-512,post-quantum,1,encapsulate,0.0773,0.0,0.0,0.315,800,1632,768,0,0,0,0,0.0,1.1591,nan,edge/x86_64,unknown,3.12.3,2026-10-09T18:44:24Z
95,ML-KEM-512,post-quantum,1,decapsulate,0.0413,0.0,0.0,0.315,800,1632,768,0,0,0,0,0.0,0.6193,nan,edge/x86_64,unknown,3.12.3,2026-10-09T18:44:24Z
96,ML-KEM-512,post-quantum,1,keygen,0.0389,0.0,0.0,0.315,800,1632,768,0,0,0,0,0.0,0.5835,nan,edge/x86_64,unknown,3.12.3,2026-10-09T18:44:24Z
96,ML-KEM-512,post-quantum,1,encapsulate,0.0375,0.0,0.0,0.315,800,1632,768,0,0,0,0,0.0,0.5618,nan,edge/x86_64,unknown,3.12.3,2026-10-09T18:44:24Z
96,ML-KEM-512,post-quantum,1,decapsulate,0.1067,0.0,0.0,0.315,800,1632,768,0,0,0,0,0.0,1.6,nan,edge/x86_64,unknown,3.12.3,2026-10-09T18:44:24Z
97,ML-KEM-512,post-quantum,1,keygen,0.0617,0.0,0.0,0.315,800,1632,768,0,0,0,0,0.0,0.9259,nan,edge/x86_64,unknown,3.12.3,2026-10-09T18:44:24Z
97,ML-KEM-512,post-quantum,1,encapsulate,0.0504,0.0,0.0,0.315,800,1632,768,0,0,0,0,0.0,0.7567,nan,edge/x86_64,unknown,3.12.3,2026-10-09T18:44:24Z
97,ML-KEM-512,post-quantum,1,decapsulate,0.0435,0.0,0.0,0.315,800,1632,768,0,0,0,0,0.0,0.6524,nan,edge/x86_64,unknown,3.12.3,2026-10-09T18:44:24Z
98,ML-KEM-512,post-quantum,1,keygen,0.0416,0.0,0.0,0.315,800,1632,768,0,0,0,0,0.0,0.6239,nan,edge/x86_64,unknown,3.12.3,2026-10-09T18:44:24Z
98,ML-KEM-512,post-quantum,1,encapsulate,0.0401,0.0,0.0,0.315,800,1632,768,0,0,0,0,0.0,0.6013,nan,edge/x86_64,unknown,3.12.3,2026-10-09T18:44:24Z
98,ML-KEM-512,post-quantum,1,decapsulate,0.0402,0.0,0.0,0.315,800,1632,768,0,0,0,0,0.0,0.6034,nan,edge/x86_64,unknown,3.12.3,2026-10-09T18:44:24Z
99,ML-KEM-512,post-quantum,1,keygen,0.0391,0.0,0.0,0.315,800,1632,768,0,0,0,0,0.0,0.5861,nan,edge/x86_64,unknown,3.12.3,2026-10-09T18:44:24Z
99,ML-KEM-512,post-quantum,1,encapsulate,0.0391,0.0,0.0,0.315,800,1632,768,0,0,0,0,0.0,0.5859,nan,edge/x86_64,unknown,3.12.3,2026-10-09T18:44:24Z
99,ML-KEM-512,post-quantum,1,decapsulate,0.0477,0.0,0.0,0.315,800,1632,768,0,0,0,0,0.0,0.7161,nan,edge/x86_64,unknown,3.12.3,2026-10-09T18:44:24Z
100,ML-KEM-512,post-quantum,1,keygen,0.0395,0.0,0.0,0.315,800,1632,768,0,0,0,0,0.0,0.5923,nan,edge/x86_64,unknown,3.12.3,2026-10-09T18:44:24Z
100,ML-KEM-512,post-quantum,1,encapsulate,0.096,0.0,0.0,0.315,800,1632,768,0,0,0,0,0.0,1.44,nan,edge/x86_64,unknown,3.12.3,2026-10-09T18:44:24Z
100,ML-KEM-512,post-quantum,1,decapsulate,0.1082,0.0,0.0,0.315,800,1632,768,0,0,0,0,0.0,1.6236,nan,edge/x86_64,unknown,3.12.3,2026-10-09T18:44:24Z
101,ML-KEM-512,post-quantum,1,keygen,0.0422,0.0,0.0,0.315,800,1632,768,0,0,0,0,0.0,0.6325,nan,edge/x86_64,unknown,3.12.3,2026-10-09T18:44:24Z
101,ML-KEM-512,post-quantum,1,encapsulate,0.0402,0.0,0.0,0.315,800,1632,768,0,0,0,0,0.0,0.6025,nan,edge/x86_64,unknown,3.12.3,2026-10-09T18:44:24Z
101,ML-KEM-512,post-quantum,1,decapsulate,0.0554,0.0,0.0,0.315,800,1632,768,0,0,0,0,0.0,0.8306,nan,edge/x86_64,unknown,3.12.3,2026-10-09T18:44:24Z
102,ML-KEM-512,post-quantum,1,keygen,0.0433,0.0,0.0,0.315,800,1632,768,0,0,0,0,0.0,0.6493,nan,edge/x86_64,unknown,3.12.3,2026-10-09T18:44:24Z
102,ML-KEM-512,post-quantum,1,encapsulate,0.0402,0.0,0.0,0.315,800,1632,768,0,0,0,0,0.0,0.6037,nan,edge/x86_64,unknown,3.12.3,2026-10-09T18:44:24Z
102,ML-KEM-512,post-quantum,1,decapsulate,0.0496,0.0,0.0,0.315,800,1632,768,0,0,0,0,0.0,0.7442,nan,edge/x86_64,unknown,3.12.3,2026-10-09T18:44:24Z
103,ML-KEM-512,post-quantum,1,keygen,0.0466,0.0,0.0,0.315,800,1632,768,0,0,0,0,0.0,0.6991,nan,edge/x86_64,unknown,3.12.3,2026-10-09T18:44:24Z
103,ML-KEM-512,post-quantum,1,encapsulate,0.0431,0.0,0.0,0.315,800,1632,768,0,0,0,0,0.0,0.647,nan,edge/x86_64,unknown,3.12.3,2026-10-09T18:44:24Z
103,ML-KEM-512,post-quantum,1,decapsulate,0.0748,0.0,0.0,0.315,800,1632,768,0,0,0,0,0.0,1.1218,nan,edge/x86_64,unknown,3.12.3,2026-10-09T18:44:24Z
104,ML-KEM-512,post-quantum,1,keygen,0.0428,0.0,0.0,0.315,800,1632,768,0,0,0,0,0.0,0.6419,nan,edge/x86_64,unknown,3.12.3,2026-10-09T18:44:24Z
104,ML-KEM-512,post-quantum,1,encapsulate,0.0393,0.0,0.0,0.315,800,1632,768,0,0,0,0,0.0,0.5902,nan,edge/x86_64,unknown,3.12.3,2026-10-09T18:44:24Z
104,ML-KEM-512,post-quantum,1,decapsulate,0.0387,0.0,0.0,0.315,800,1632,768,0,0,0,0,0.0,0.5805,nan,edge/x86_64,unknown,3.12.3,2026-10-09T18:44:24Z
105,ML-KEM-512,post-quantum,1,keygen,0.0398,0.0,0.0,0.315,800,1632,768,0,0,0,0,0.0,0.5974,nan,edge/x86_64,unknown,3.12.3,2026-10-09T18:44:24Z
105,ML-KEM-512,post-quantum,1,encapsulate,0.0394,0.0,0.0,0.315,800,1632,768,0,0,0,0,0.0,0.5911,nan,edge/x86_64,unknown,3.12.3,2026-10-09T18:44:24Z
105,ML-KEM-512,post-quantum,1,decapsulate,0.0386,0.0,0.0,0.315,800,1632,768,0,0,0,0,0.0,0.579,nan,edge/x86_64,unknown,3.12.3,2026-10-09T18:44:24Z
106,ML-KEM-512,post-quantum,1,keygen,0.0369,0.0,0.0,0.315,800,1632,768,0,0,0,0,0.0,0.5533,nan,edge/x86_64,unknown,3.12.3,2026-10-09T18:44:24Z
106,ML-KEM-512,post-quantum,1,encapsulate,0.0372,0.0,0.0,0.315,800,1632,768,0,0,0,0,0.0,0.5573,nan,edge/x86_64,unknown,3.12.3,2026-10-09T18:44:24Z
106,ML-KEM-512,post-quantum,1,decapsulate,0.0399,0.0,0.0,0.315,800,1632,768,0,0,0,0,0.0,0.5987,nan,edge/x86_64,unknown,3.12.3,2026-10-09T18:44:24Z
107,ML-KEM-512,post-quantum,1,keygen,0.0391,0.0,0.0,0.315,800,1632,768,0,0,0,0,0.0,0.587,nan,edge/x86_64,unknown,3.12.3,2026-10-09T18:44:24Z
107,ML-KEM-512,post-quantum,1,encapsulate,0.1583,0.0,0.0,0.315,800,1632,768,0,0,0,0,0.0,2.3747,nan,edge/x86_64,unknown,3.12.3,2026-10-09T18:44:24Z
107,ML-KEM-512,post-quantum,1,decapsulate,0.0462,0.0,0.0,0.315,800,1632,768,0,0,0,0,0.0,0.6937,nan,edge/x86_64,unknown,3.12.3,2026-10-09T18:44:24Z
108,ML-KEM-512,post-quantum,1,keygen,0.043,0.0,0.0,0.315,800,1632,768,0,0,0,0,0.0,0.6454,nan,edge/x86_64,unknown,3.12.3,2026-10-09T18:44:24Z
108,ML-KEM-512,post-quantum,1,encapsulate,0.0399,0.0,0.0,0.315,800,1632,768,0,0,0,0,0.0,0.5986,nan,edge/x86_64,unknown,3.12.3,2026-10-09T18:44:24Z
108,ML-KEM-512,post-quantum,1,decapsulate,0.0387,0.0,0.0,0.315,800,1632,768,0,0,0,0,0.0,0.5801,nan,edge/x86_64,unknown,3.12.3,2026-10-09T18:44:24Z
109,ML-KEM-512,post-quantum,1,keygen,0.0992,0.0,0.0,0.315,800,1632,768,0,0,0,0,0.0,1.4878,nan,edge/x86_64,unknown,3.12.3,2026-10-09T18:44:24Z
109,ML-KEM-512,post-quantum,1,encapsulate,0.0431,0.0,0.0,0.315,800,1632,768,0,0,0,0,0.0,0.6458,nan,edge/x86_64,unknown,3.12.3,2026-10-09T18:44:24Z
109,ML-KEM-512,post-quantum,1,decapsulate,0.039,0.0,0.0,0.315,800,1632,768,0,0,0,0,0.0,0.5851,nan,edge/x86_64,unknown,3.12.3,2026-10-09T18:44:24Z
110,ML-KEM-512,post-quantum,1,keygen,0.0377,0.0,0.0,0.315,800,1632,768,0,0,0,0,0.0,0.5658,nan,edge/x86_64,unknown,3.12.3,2026-10-09T18:44:24Z
110,ML-KEM-512,post-quantum,1,encapsulate,0.0397,0.0,0.0,0.315,800,1632,768,0,0,0,0,0.0,0.5952,nan,edge/x86_64,unknown,3.12.3,2026-10-09T18:44:24Z
110,ML-KEM-512,post-quantum,1,decapsulate,0.0391,0.0,0.0,0.315,800,1632,768,0,0,0,0,0.0,0.5867,nan,edge/x86_64,unknown,3.12.3,2026-10-09T18:44:24Z
111,ML-KEM-512,post-quantum,1,keygen,0.0389,0.0,0.0,0.315,800,1632,768,0,0,0,0,0.0,0.5835,nan,edge/x86_64,unknown,3.12.3,2026-10-09T18:44:24Z
111,ML-KEM-512,post-quantum,1,encapsulate,0.0372,0.0,0.0,0.315,800,1632,768,0,0,0,0,0.0,0.5573,nan,edge/x86_64,unknown,3.12.3,2026-10-09T18:44:24Z
111,ML-KEM-512,post-quantum,1,decapsulate,0.0379,0.0,0.0,0.315,800,1632,768,0,0,0,0,0.0,0.5679,nan,edge/x86_64,unknown,3.12.3,2026-10-09T18:44:24Z
112,ML-KEM-512,post-quantum,1,keygen,0.0394,0.0,0.0,0.315,800,1632,768,0,0,0,0,0.0,0.5905,nan,edge/x86_64,unknown,3.12.3,2026-10-09T18:44:24Z
112,ML-KEM-512,post-quantum,1,encapsulate,0.0852,0.0,0.0,0.315,800,1632,768,0,0,0,0,0.0,1.2781,nan,edge/x86_64,unknown,3.12.3,2026-10-09T18:44:24Z
112,ML-KEM-512,post-quantum,1,decapsulate,0.0425,0.0,0.0,0.315,800,1632,768,0,0,0,0,0.0,0.6377,nan,edge/x86_64,unknown,3.12.3,2026-10-09T18:44:24Z
113,ML-KEM-512,post-quantum,1,keygen,0.0418,0.0,0.0,0.315,800,1632,768,0,0,0,0,0.0,0.6276,nan,edge/x86_64,unknown,3.12.3,2026-10-09T18:44:24Z
113,ML-KEM-512,post-quantum,1,encapsulate,0.0617,0.0,0.0,0.315,800,1632,768,0,0,0,0,0.0,0.9258,nan,edge/x86_64,unknown,3.12.3,2026-10-09T18:44:24Z
113,ML-KEM-512,post-quantum,1,decapsulate,0.0399,0.0,0.0,0.315,800,1632,768,0,0,0,0,0.0,0.5989,nan,edge/x86_64,unknown,3.12.3,2026-10-09T18:44:24Z
114,ML-KEM-512,post-quantum,1,keygen,0.039,0.0,0.0,0.315,800,1632,768,0,0,0,0,0.0,0.5856,nan,edge/x86_64,unknown,3.12.3,2026-10-09T18:44:24Z
114,ML-KEM-512,post-quantum,1,encapsulate,0.0556,0.0,0.0,0.315,800,1632,768,0,0,0,0,0.0,0.8346,nan,edge/x86_64,unknown,3.12.3,2026-10-09T18:44:24Z
114,ML-KEM-512,post-quantum,1,decapsulate,0.0402,0.0,0.0,0.315,800,1632,768,0,0,0,0,0.0,0.6028,nan,edge/x86_64,unknown,3.12.3,2026-10-09T18:44:24Z
115,ML-KEM-512,post-quantum,1,keygen,0.0404,0.0,0.0,0.315,800,1632,768,0,0,0,0,0.0,0.606,nan,edge/x86_64,unknown,3.12.3,2026-10-09T18:44:24Z
115,ML-KEM-512,post-quantum,1,encapsulate,0.0401,0.0,0.0,0.315,800,1632,768,0,0,0,0,0.0,0.6016,nan,edge/x86_64,unknown,3.12.3,2026-10-09T18:44:24Z
115,ML-KEM-512,post-quantum,1,decapsulate,0.0436,0.0,0.0,0.315,800,1632,768,0,0,0,0,0.0,0.6538,nan,edge/x86_64,unknown,3.12.3,2026-10-09T18:44:24Z
116,ML-KEM-512,post-quantum,1,keygen,0.0432,0.0,0.0,0.315,800,1632,768,0,0,0,0,0.0,0.6476,nan,edge/x86_64,unknown,3.12.3,2026-10-09T18:44:24Z
116,ML-KEM-512,post-quantum,1,encapsulate,0.0408,0.0,0.0,0.315,800,1632,768,0,0,0,0,0.0,0.6123,nan,edge/x86_64,unknown,3.12.3,2026-10-09T18:44:24Z
116,ML-KEM-512,post-quantum,1,decapsulate,0.0787,0.0,0.0,0.315,800,1632,768,0,0,0,0,0.0,1.1801,nan,edge/x86_64,unknown,3.12.3,2026-10-09T18:44:24Z
117,ML-KEM-512,post-quantum,1,keygen,0.0427,0.0,0.0,0.315,800,1632,768,0,0,0,0,0.0,0.6399,nan,edge/x86_64,unknown,3.12.3,2026-10-09T18:44:24Z
117,ML-KEM-512,post-quantum,1,encapsulate,0.0396,0.0,0.0,0.315,800,1632,768,0,0,0,0,0.0,0.594,nan,edge/x86_64,unknown,3.12.3,2026-10-09T18:44:24Z
117,ML-KEM-512,post-quantum,1,decapsulate,0.0417,0.0,0.0,0.315,800,1632,768,0,0,0,0,0.0,0.6252,nan,edge/x86_64,unknown,3.12.3,2026-10-09T18:44:24Z
118,ML-KEM-512,post-quantum,1,keygen,0.0394,0.0,0.0,0.315,800,1632,768,0,0,0,0,0.0,0.5914,nan,edge/x86_64,unknown,3.12.3,2026-10-09T18:44:24Z
118,ML-KEM-512,post-quantum,1,encapsulate,0.0384,0.0,0.0,0.315,800,1632,768,0,0,0,0,0.0,0.5763,nan,edge/x86_64,unknown,3.12.3,2026-10-09T18:44:24Z
118,ML-KEM-512,post-quantum,1,decapsulate,0.04,0.0,0.0,0.315,800,1632,768,0,0,0,0,0.0,0.6003,nan,edge/x86_64,unknown,3.12.3,2026-10-09T18:44:24Z
119,ML-KEM-512,post-quantum,1,keygen,0.0377,0.0,0.0,0.315,800,1632,768,0,0,0,0,0.0,0.5648,nan,edge/x86_64,unknown,3.12.3,2026-10-09T18:44:24Z
119,ML-KEM-512,post-quantum,1,encapsulate,0.0385,0.0,0.0,0.315,800,1632,768,0,0,0,0,0.0,0.5778,nan,edge/x86_64,unknown,3.12.3,2026-10-09T18:44:24Z
119,ML-KEM-512,post-quantum,1,decapsulate,0.0385,0.0,0.0,0.315,800,1632,768,0,0,0,0,0.0,0.5781,nan,edge/x86_64,unknown,3.12.3,2026-10-09T18:44:24Z
120,ML-KEM-512,post-quantum,1,keygen,0.0386,0.0,0.0,0.315,800,1632,768,0,0,0,0,0.0,0.5784,nan,edge/x86_64,unknown,3.12.3,2026-10-09T18:44:24Z
120,ML-KEM-512,post-quantum,1,encapsulate,0.0384,0.0,0.0,0.315,800,1632,768,0,0,0,0,0.0,0.576,nan,edge/x86_64,unknown,3.12.3,2026-10-09T18:44:24Z
120,ML-KEM-512,post-quantum,1,decapsulate,0.0597,0.0,0.0,0.315,800,1632,768,0,0,0,0,0.0,0.8948,nan,edge/x86_64,unknown,3.12.3,2026-10-09T18:44:24Z
121,ML-KEM-512,post-quantum,1,keygen,0.0378,0.0,0.0,0.315,800,1632,768,0,0,0,0,0.0,0.5673,nan,edge/x86_64,unknown,3.12.3,2026-10-09T18:44:24Z
121,ML-KEM-512,post-quantum,1,encapsulate,0.041,0.0,0.0,0.315,800,1632,768,0,0,0,0,0.0,0.6155,nan,edge/x86_64,unknown,3.12.3,2026-10-09T18:44:24Z
121,ML-KEM-512,post-quantum,1,decapsulate,0.04,0.0,0.0,0.315,800,1632,768,0,0,0,0,0.0,0.6004,nan,edge/x86_64,unknown,3.12.3,2026-10-09T18:44:24Z
122,ML-KEM-512,post-quantum,1,keygen,0.0766,0.0,0.0,0.315,800,1632,768,0,0,0,0,0.0,1.1491,nan,edge/x86_64,unknown,3.12.3,2026-10-09T18:44:24Z
122,ML-KEM-512,post-quantum,1,encapsulate,0.045,0.0,0.0,0.315,800,1632,768,0,0,0,0,0.0,0.6749,nan,edge/x86_64,unknown,3.12.3,2026-10-09T18:44:24Z
122,ML-KEM-512,post-quantum,1,decapsulate,0.0397,0.0,0.0,0.315,800,1632,768,0,0,0,0,0.0,0.5954,nan,edge/x86_64,unknown,3.12.3,2026-10-09T18:44:24Z
123,ML-KEM-512,post-quantum,1,keygen,0.0387,0.0,0.0,0.315,800,1632,768,0,0,0,0,0.0,0.5803,nan,edge/x86_64,unknown,3.12.3,2026-10-09T18:44:24Z
123,ML-KEM-512,post-quantum,1,encapsulate,0.0847,0.0,0.0,0.315,800,1632,768,0,0,0,0,0.0,1.27,nan,edge/x86_64,unknown,3.12.3,2026-10-09T18:44:24Z
123,ML-KEM-512,post-quantum,1,decapsulate,0.0844,0.0,0.0,0.315,800,1632,768,0,0,0,0,0.0,1.266,nan,edge/x86_64,unknown,3.12.3,2026-10-09T18:44:24Z
124,ML-KEM-512,post-quantum,1,keygen,0.0406,0.0,0.0,0.315,800,1632,768,0,0,0,0,0.0,0.6095,nan,edge/x86_64,unknown,3.12.3,2026-10-09T18:44:24Z
124,ML-KEM-512,post-quantum,1,encapsulate,0.0406,0.0,0.0,0.315,800,1632,768,0,0,0,0,0.0,0.6093,nan,edge/x86_64,unknown,3.12.3,2026-10-09T18:44:24Z
124,ML-KEM-512,post-quantum,1,decapsulate,0.0399,0.0,0.0,0.315,800,1632,768,0,0,0,0,0.0,0.599,nan,edge/x86_64,unknown,3.12.3,2026-10-09T18:44:24Z
125,ML-KEM-512,post-quantum,1,keygen,0.0393,0.0,0.0,0.315,800,1632,768,0,0,0,0,0.0,0.59,nan,edge/x86_64,unknown,3.12.3,2026-10-09T18:44:24Z
125,ML-KEM-512,post-quantum,1,encapsulate,0.0395,0.0,0.0,0.315,800,1632,768,0,0,0,0,0.0,0.5928,nan,edge/x86_64,unknown,3.12.3,2026-10-09T18:44:24Z
125,ML-KEM-512,post-quantum,1,decapsulate,0.0373,0.0,0.0,0.315,800,1632,768,0,0,0,0,0.0,0.5596,nan,edge/x86_64,unknown,3.12.3,2026-10-09T18:44:24Z
126,ML-KEM-512,post-quantum,1,keygen,0.0378,0.0,0.0,0.315,800,1632,768,0,0,0,0,0.0,0.5665,nan,edge/x86_64,unknown,3.12.3,2026-10-09T18:44:24Z
126,ML-KEM-512,post-quantum,1,encapsulate,0.0378,0.0,0.0,0.315,800,1632,768,0,0,0,0,0.0,0.5674,nan,edge/x86_64,unknown,3.12.3,2026-10-09T18:44:24Z
126,ML-KEM-512,post-quantum,1,decapsulate,0.0421,0.0,0.0,0.315,800,1632,768,0,0,0,0,0.0,0.6322,nan,edge/x86_64,unknown,3.12.3,2026-10-09T18:44:24Z
127,ML-KEM-512,post-quantum,1,keygen,0.0393,0.0,0.0,0.315,800,1632,768,0,0,0,0,0.0,0.5892,nan,edge/x86_64,unknown,3.12.3,2026-10-09T18:44:24Z
127,ML-KEM-512,post-quantum,1,encapsulate,0.0421,0.0,0.0,0.315,800,1632,768,0,0,0,0,0.0,0.6316,nan,edge/x86_64,unknown,3.12.3,2026-10-09T18:44:24Z
127,ML-KEM-512,post-quantum,1,decapsulate,0.0384,0.0,0.0,0.315,800,1632,768,0,0,0,0,0.0,0.5767,nan,edge/x86_64,unknown,3.12.3,2026-10-09T18:44:24Z
128,ML-KEM-512,post-quantum,1,keygen,0.0437,0.0,0.0,0.315,800,1632,768,0,0,0,0,0.0,0.6549,nan,edge/x86_64,unknown,3.12.3,2026-10-09T18:44:24Z
128,ML-KEM-512,post-quantum,1,encapsulate,0.0385,0.0,0.0,0.315,800,1632,768,0,0,0,0,0.0,0.5773,nan,edge/x86_64,unknown,3.12.3,2026-10-09T18:44:24Z
128,ML-KEM-512,post-quantum,1,decapsulate,0.0767,0.0,0.0,0.315,800,1632,768,0,0,0,0,0.0,1.151,nan,edge/x86_64,unknown,3.12.3,2026-10-09T18:44:24Z
129,ML-KEM-512,post-quantum,1,keygen,0.0434,0.0,0.0,0.315,800,1632,768,0,0,0,0,0.0,0.651,nan,edge/x86_64,unknown,3.12.3,2026-10-09T18:44:24Z
129,ML-KEM-512,post-quantum,1,encapsulate,0.0401,0.0,0.0,0.315,800,1632,768,0,0,0,0,0.0,0.6019,nan,edge/x86_64,unknown,3.12.3,2026-10-09T18:44:24Z
129,ML-KEM-512,post-quantum,1,decapsulate,0.0404,0.0,0.0,0.315,800,1632,768,0,0,0,0,0.0,0.6058,nan,edge/x86_64,unknown,3.12.3,2026-10-09T18:44:24Z
130,ML-KEM-512,post-quantum,1,keygen,0.0413,0.0,0.0,0.315,800,1632,768,0,0,0,0,0.0,0.6202,nan,edge/x86_64,unknown,3.12.3,2026-10-09T18:44:24Z
130,ML-KEM-512,post-quantum,1,encapsulate,0.0397,0.0,0.0,0.315,800,1632,768,0,0,0,0,0.0,0.5949,nan,edge/x86_64,unknown,3.12.3,2026-10-09T18:44:24Z
130,ML-KEM-512,post-quantum,1,decapsulate,0.0385,0.0,0.0,0.315,800,1632,768,0,0,0,0,0.0,0.5774,nan,edge/x86_64,unknown,3.12.3,2026-10-09T18:44:24Z
131,ML-KEM-512,post-quantum,1,keygen,0.0372,0.0,0.0,0.315,800,1632,768,0,0,0,0,0.0,0.5575,nan,edge/x86_64,unknown,3.12.3,2026-10-09T18:44:24Z
131,ML-KEM-512,post-quantum,1,encapsulate,0.0392,0.0,0.0,0.315,800,1632,768,0,0,0,0,0.0,0.5883,nan,edge/x86_64,unknown,3.12.3,2026-10-09T18:44:24Z
131,ML-KEM-512,post-quantum,1,decapsulate,0.0388,0.0,0.0,0.315,800,1632,768,0,0,0,0,0.0,0.5814,nan,edge/x86_64,unknown,3.12.3,2026-10-09T18:44:24Z
132,ML-KEM-512,post-quantum,1,keygen,0.0366,0.0,0.0,0.315,800,1632,768,0,0,0,0,0.0,0.5489,nan,edge/x86_64,unknown,3.12.3,2026-10-09T18:44:24Z
132,ML-KEM-512,post-quantum,1,encapsulate,0.0388,0.0,0.0,0.315,800,1632,768,0,0,0,0,0.0,0.5823,nan,edge/x86_64,unknown,3.12.3,2026-10-09T18:44:24Z
132,ML-KEM-512,post-quantum,1,decapsulate,0.0394,0.0,0.0,0.315,800,1632,768,0,0,0,0,0.0,0.5914,nan,edge/x86_64,unknown,3.12.3,2026-10-09T18:44:24Z
133,ML-KEM-512,post-quantum,1,keygen,0.0383,0.0,0.0,0.315,800,1632,768,0,0,0,0,0.0,0.5742,nan,edge/x86_64,unknown,3.12.3,2026-10-09T18:44:24Z
133,ML-KEM-512,post-quantum,1,encapsulate,0.0429,0.0,0.0,0.315,800,1632,768,0,0,0,0,0.0,0.6441,nan,edge/x86_64,unknown,3.12.3,2026-10-09T18:44:24Z
133,ML-KEM-512,post-quantum,1,decapsulate,0.0409,0.0,0.0,0.315,800,1632,768,0,0,0,0,0.0,0.6135,nan,edge/x86_64,unknown,3.12.3,2026-10-09T18:44:24Z
134,ML-KEM-512,post-quantum,1,keygen,0.0386,0.0,0.0,0.315,800,1632,768,0,0,0,0,0.0,0.5787,nan,edge/x86_64,unknown,3.12.3,2026-10-09T18:44:24Z
134,ML-KEM-512,post-quantum,1,encapsulate,0.0667,0.0,0.0,0.315,800,1632,768,0,0,0,0,0.0,1.0008,nan,edge/x86_64,unknown,3.12.3,2026-10-09T18:44:24Z
134,ML-KEM-512,post-quantum,1,decapsulate,0.0766,0.0,0.0,0.315,800,1632,768,0,0,0,0,0.0,1.1486,nan,edge/x86_64,unknown,3.12.3,2026-10-09T18:44:24Z
135,ML-KEM-512,post-quantum,1,keygen,0.0399,0.0,0.0,0.315,800,1632,768,0,0,0,0,0.0,0.599,nan,edge/x86_64,unknown,3.12.3,2026-10-09T18:44:24Z
135,ML-KEM-512,post-quantum,1,encapsulate,0.039,0.0,0.0,0.315,800,1632,768,0,0,0,0,0.0,0.5853,nan,edge/x86_64,unknown,3.12.3,2026-10-09T18:44:24Z
135,ML-KEM-512,post-quantum,1,decapsulate,0.0552,0.0,0.0,0.315,800,1632,768,0,0,0,0,0.0,0.8274,nan,edge/x86_64,unknown,3.12.3,2026-10-09T18:44:24Z
136,ML-KEM-512,post-quantum,1,keygen,0.0455,0.0,0.0,0.315,800,1632,768,0,0,0,0,0.0,0.6825,nan,edge/x86_64,unknown,3.12.3,2026-10-09T18:44:24Z
136,ML-KEM-512,post-quantum,1,encapsulate,0.0599,0.0,0.0,0.315,800,1632,768,0,0,0,0,0.0,0.8991,nan,edge/x86_64,unknown,3.12.3,2026-10-09T18:44:24Z
136,ML-KEM-512,post-quantum,1,decapsulate,0.0396,0.0,0.0,0.315,800,1632,768,0,0,0,0,0.0,0.5939,nan,edge/x86_64,unknown,3.12.3,2026-10-09T18:44:24Z
137,ML-KEM-512,post-quantum,1,keygen,0.042,0.0,0.0,0.315,800,1632,768,0,0,0,0,0.0,0.6302,nan,edge/x86_64,unknown,3.12.3,2026-10-09T18:44:24Z
137,ML-KEM-512,post-quantum,1,encapsulate,0.0406,0.0,0.0,0.315,800,1632,768,0,0,0,0,0.0,0.6096,nan,edge/x86_64,unknown,3.12.3,2026-10-09T18:44:24Z
137,ML-KEM-512,post-quantum,1,decapsulate,0.0407,0.0,0.0,0.315,800,1632,768,0,0,0,0,0.0,0.6106,nan,edge/x86_64,unknown,3.12.3,2026-10-09T18:44:24Z
138,ML-KEM-512,post-quantum,1,keygen,0.039,0.0,0.0,0.315,800,1632,768,0,0,0,0,0.0,0.5855,nan,edge/x86_64,unknown,3.12.3,2026-10-09T18:44:24Z
138,ML-KEM-512,post-quantum,1,encapsulate,0.0375,0.0,0.0,0.315,800,1632,768,0,0,0,0,0.0,0.5618,nan,edge/x86_64,unknown,3.12.3,2026-10-09T18:44:24Z
138,ML-KEM-512,post-quantum,1,decapsulate,0.0381,0.0,0.0,0.315,800,1632,768,0,0,0,0,0.0,0.5721,nan,edge/x86_64,unknown,3.12.3,2026-10-09T18:44:24Z
139,ML-KEM-512,post-quantum,1,keygen,0.0399,0.0,0.0,0.315,800,1632,768,0,0,0,0,0.0,0.5979,nan,edge/x86_64,unknown,3.12.3,2026-10-09T18:44:24Z
139,ML-KEM-512,post-quantum,1,encapsulate,0.0401,0.0,0.0,0.315,800,1632,768,0,0,0,0,0.0,0.602,nan,edge/x86_64,unknown,3.12.3,2026-10-09T18:44:24Z
139,ML-KEM-512,post-quantum,1,decapsulate,0.0373,0.0,0.0,0.315,800,1632,768,0,0,0,0,0.0,0.5592,nan,edge/x86_64,unknown,3.12.3,2026-10-09T18:44:24Z
140,ML-KEM-512,post-quantum,1,keygen,0.1982,0.0,0.0,0.315,800,1632,768,0,0,0,0,0.0,2.9735,nan,edge/x86_64,unknown,3.12.3,2026-10-09T18:44:24Z
140,ML-KEM-512,post-quantum,1,encapsulate,0.0431,0.0,0.0,0.315,800,1632,768,0,0,0,0,0.0,0.6469,nan,edge/x86_64,unknown,3.12.3,2026-10-09T18:44:24Z
140,ML-KEM-512,post-quantum,1,decapsulate,0.0385,0.0,0.0,0.315,800,1632,768,0,0,0,0,0.0,0.5774,nan,edge/x86_64,unknown,3.12.3,2026-10-09T18:44:24Z
141,ML-KEM-512,post-quantum,1,keygen,0.0415,0.0,0.0,0.315,800,1632,768,0,0,0,0,0.0,0.6227,nan,edge/x86_64,unknown,3.12.3,2026-10-09T18:44:24Z
141,ML-KEM-512,post-quantum,1,encapsulate,0.0393,0.0,0.0,0.315,800,1632,768,0,0,0,0,0.0,0.59,nan,edge/x86_64,unknown,3.12.3,2026-10-09T18:44:24Z
141,ML-KEM-512,post-quantum,1,decapsulate,0.0387,0.0,0.0,0.315,800,1632,768,0,0,0,0,0.0,0.5806,nan,edge/x86_64,unknown,3.12.3,2026-10-09T18:44:24Z
142,ML-KEM-512,post-quantum,1,keygen,0.0466,0.0,0.0,0.315,800,1632,768,0,0,0,0,0.0,0.6986,nan,edge/x86_64,unknown,3.12.3,2026-10-09T18:44:24Z
142,ML-KEM-512,post-quantum,1,encapsulate,0.0409,0.0,0.0,0.315,800,1632,768,0,0,0,0,0.0,0.6132,nan,edge/x86_64,unknown,3.12.3,2026-10-09T18:44:24Z
142,ML-KEM-512,post-quantum,1,decapsulate,0.0381,0.0,0.0,0.315,800,1632,768,0,0,0,0,0.0,0.5713,nan,edge/x86_64,unknown,3.12.3,2026-10-09T18:44:24Z
143,ML-KEM-512,post-quantum,1,keygen,0.0405,0.0,0.0,0.315,800,1632,768,0,0,0,0,0.0,0.6074,nan,edge/x86_64,unknown,3.12.3,2026-10-09T18:44:24Z
143,ML-KEM-512,post-quantum,1,encapsulate,0.0543,0.0,0.0,0.315,800,1632,768,0,0,0,0,0.0,0.8145,nan,edge/x86_64,unknown,3.12.3,2026-10-09T18:44:24Z
143,ML-KEM-512,post-quantum,1,decapsulate,0.0918,0.0,0.0,0.315,800,1632,768,0,0,0,0,0.0,1.3776,nan,edge/x86_64,unknown,3.12.3,2026-10-09T18:44:24Z
144,ML-KEM-512,post-quantum,1,keygen,0.0446,0.0,0.0,0.315,800,1632,768,0,0,0,0,0.0,0.669,nan,edge/x86_64,unknown,3.12.3,2026-10-09T18:44:24Z
144,ML-KEM-512,post-quantum,1,encapsulate,0.0403,0.0,0.0,0.315,800,1632,768,0,0,0,0,0.0,0.605,nan,edge/x86_64,unknown,3.12.3,2026-10-09T18:44:24Z
144,ML-KEM-512,post-quantum,1,decapsulate,0.0393,0.0,0.0,0.315,800,1632,768,0,0,0,0,0.0,0.5898,nan,edge/x86_64,unknown,3.12.3,2026-10-09T18:44:24Z
145,ML-KEM-512,post-quantum,1,keygen,0.0378,0.0,0.0,0.315,800,1632,768,0,0,0,0,0.0,0.5676,nan,edge/x86_64,unknown,3.12.3,2026-10-09T18:44:24Z
145,ML-KEM-512,post-quantum,1,encapsulate,0.0612,0.0,0.0,0.315,800,1632,768,0,0,0,0,0.0,0.918,nan,edge/x86_64,unknown,3.12.3,2026-10-09T18:44:24Z
145,ML-KEM-512,post-quantum,1,decapsulate,0.0427,0.0,0.0,0.315,800,1632,768,0,0,0,0,0.0,0.6404,nan,edge/x86_64,unknown,3.12.3,2026-10-09T18:44:24Z
146,ML-KEM-512,post-quantum,1,keygen,0.0459,0.0,0.0,0.315,800,1632,768,0,0,0,0,0.0,0.688,nan,edge/x86_64,unknown,3.12.3,2026-10-09T18:44:24Z
146,ML-KEM-512,post-quantum,1,encapsulate,0.0499,0.0,0.0,0.315,800,1632,768,0,0,0,0,0.0,0.7479,nan,edge/x86_64,unknown,3.12.3,2026-10-09T18:44:24Z
146,ML-KEM-512,post-quantum,1,decapsulate,0.0396,0.0,0.0,0.315,800,1632,768,0,0,0,0,0.0,0.5934,nan,edge/x86_64,unknown,3.12.3,2026-10-09T18:44:24Z
147,ML-KEM-512,post-quantum,1,keygen,0.0386,0.0,0.0,0.315,800,1632,768,0,0,0,0,0.0,0.5783,nan,edge/x86_64,unknown,3.12.3,2026-10-09T18:44:24Z
147,ML-KEM-512,post-quantum,1,encapsulate,0.0385,0.0,0.0,0.315,800,1632,768,0,0,0,0,0.0,0.5782,nan,edge/x86_64,unknown,3.12.3,2026-10-09T18:44:24Z
147,ML-KEM-512,post-quantum,1,decapsulate,0.0398,0.0,0.0,0.315,800,1632,768,0,0,0,0,0.0,0.597,nan,edge/x86_64,unknown,3.12.3,2026-10-09T18:44:24Z
148,ML-KEM-512,post-quantum,1,keygen,0.0378,0.0,0.0,0.315,800,1632,768,0,0,0,0,0.0,0.5677,nan,edge/x86_64,unknown,3.12.3,2026-10-09T18:44:24Z
148,ML-KEM-512,post-quantum,1,encapsulate,0.0758,0.0,0.0,0.315,800,1632,768,0,0,0,0,0.0,1.1373,nan,edge/x86_64,unknown,3.12.3,2026-10-09T18:44:24Z
148,ML-KEM-512,post-quantum,1,decapsulate,0.0389,0.0,0.0,0.315,800,1632,768,0,0,0,0,0.0,0.5841,nan,edge/x86_64,unknown,3.12.3,2026-10-09T18:44:24Z
149,ML-KEM-512,post-quantum,1,keygen,0.0395,0.0,0.0,0.315,800,1632,768,0,0,0,0,0.0,0.5918,nan,edge/x86_64,unknown,3.12.3,2026-10-09T18:44:24Z
149,ML-KEM-512,post-quantum,1,encapsulate,0.0626,0.0,0.0,0.315,800,1632,768,0,0,0,0,0.0,0.9395,nan,edge/x86_64,unknown,3.12.3,2026-10-09T18:44:24Z
149,ML-KEM-512,post-quantum,1,decapsulate,0.0406,0.0,0.0,0.315,800,1632,768,0,0,0,0,0.0,0.6091,nan,edge/x86_64,unknown,3.12.3,2026-10-09T18:44:24Z
150,ML-KEM-512,post-quantum,1,keygen,0.0413,0.0,0.0,0.315,800,1632,768,0,0,0,0,0.0,0.6188,nan,edge/x86_64,unknown,3.12.3,2026-10-09T18:44:24Z
150,ML-KEM-512,post-quantum,1,encapsulate,0.0381,0.0,0.0,0.315,800,1632,768,0,0,0,0,0.0,0.5717,nan,edge/x86_64,unknown,3.12.3,2026-10-09T18:44:24Z
150,ML-KEM-512,post-quantum,1,decapsulate,0.0378,0.0,0.0,0.315,800,1632,768,0,0,0,0,0.0,0.5677,nan,edge/x86_64,unknown,3.12.3,2026-10-09T18:44:24Z
151,ML-KEM-512,post-quantum,1,keygen,0.0366,0.0,0.0,0.315,800,1632,768,0,0,0,0,0.0,0.5489,nan,edge/x86_64,unknown,3.12.3,2026-10-09T18:44:24Z
151,ML-KEM-512,post-quantum,1,encapsulate,0.0407,0.0,0.0,0.315,800,1632,768,0,0,0,0,0.0,0.6111,nan,edge/x86_64,unknown,3.12.3,2026-10-09T18:44:24Z
151,ML-KEM-512,post-quantum,1,decapsulate,0.0371,0.0,0.0,0.315,800,1632,768,0,0,0,0,0.0,0.5561,nan,edge/x86_64,unknown,3.12.3,2026-10-09T18:44:24Z
152,ML-KEM-512,post-quantum,1,keygen,0.0366,0.0,0.0,0.315,800,1632,768,0,0,0,0,0.0,0.5484,nan,edge/x86_64,unknown,3.12.3,2026-10-09T18:44:24Z
152,ML-KEM-512,post-quantum,1,encapsulate,0.0408,0.0,0.0,0.315,800,1632,768,0,0,0,0,0.0,0.6124,nan,edge/x86_64,unknown,3.12.3,2026-10-09T18:44:24Z
152,ML-KEM-512,post-quantum,1,decapsulate,0.0514,0.0,0.0,0.315,800,1632,768,0,0,0,0,0.0,0.7708,nan,edge/x86_64,unknown,3.12.3,2026-10-09T18:44:24Z
153,ML-KEM-512,post-quantum,1,keygen,0.0696,0.0,0.0,0.315,800,1632,768,0,0,0,0,0.0,1.0444,nan,edge/x86_64,unknown,3.12.3,2026-10-09T18:44:24Z
153,ML-KEM-512,post-quantum,1,encapsulate,0.0411,0.0,0.0,0.315,800,1632,768,0,0,0,0,0.0,0.6168,nan,edge/x86_64,unknown,3.12.3,2026-10-09T18:44:24Z
153,ML-KEM-512,post-quantum,1,decapsulate,0.0382,0.0,0.0,0.315,800,1632,768,0,0,0,0,0.0,0.5728,nan,edge/x86_64,unknown,3.12.3,2026-10-09T18:44:24Z
154,ML-KEM-512,post-quantum,1,keygen,0.06,0.0,0.0,0.315,800,1632,768,0,0,0,0,0.0,0.9005,nan,edge/x86_64,unknown,3.12.3,2026-10-09T18:44:24Z
154,ML-KEM-512,post-quantum,1,encapsulate,0.0725,0.0,0.0,0.315,800,1632,768,0,0,0,0,0.0,1.087,nan,edge/x86_64,unknown,3.12.3,2026-10-09T18:44:24Z
154,ML-KEM-512,post-quantum,1,decapsulate,0.0389,0.0,0.0,0.315,800,1632,768,0,0,0,0,0.0,0.5834,nan,edge/x86_64,unknown,3.12.3,2026-10-09T18:44:24Z
155,ML-KEM-512,post-quantum,1,keygen,0.0395,0.0,0.0,0.315,800,1632,768,0,0,0,0,0.0,0.593,nan,edge/x86_64,unknown,3.12.3,2026-10-09T18:44:24Z
155,ML-KEM-512,post-quantum,1,encapsulate,0.0517,0.0,0.0,0.315,800,1632,768,0,0,0,0,0.0,0.7749,nan,edge/x86_64,unknown,3.12.3,2026-10-09T18:44:24Z
155,ML-KEM-512,post-quantum,1,decapsulate,0.0417,0.0,0.0,0.315,800,1632,768,0,0,0,0,0.0,0.6256,nan,edge/x86_64,unknown,3.12.3,2026-10-09T18:44:24Z
156,ML-KEM-512,post-quantum,1,keygen,0.041,0.0,0.0,0.315,800,1632,768,0,0,0,0,0.0,0.6155,nan,edge/x86_64,unknown,3.12.3,2026-10-09T18:44:24Z
156,ML-KEM-512,post-quantum,1,encapsulate,0.0579,0.0,0.0,0.315,800,1632,768,0,0,0,0,0.0,0.8684,nan,edge/x86_64,unknown,3.12.3,2026-10-09T18:44:24Z
156,ML-KEM-512,post-quantum,1,decapsulate,0.0408,0.0,0.0,0.315,800,1632,768,0,0,0,0,0.0,0.6124,nan,edge/x86_64,unknown,3.12.3,2026-10-09T18:44:24Z
157,ML-KEM-512,post-quantum,1,keygen,0.0387,0.0,0.0,0.315,800,1632,768,0,0,0,0,0.0,0.58,nan,edge/x86_64,unknown,3.12.3,2026-10-09T18:44:24Z
157,ML-KEM-512,post-quantum,1,encapsulate,0.0401,0.0,0.0,0.315,800,1632,768,0,0,0,0,0.0,0.6018,nan,edge/x86_64,unknown,3.12.3,2026-10-09T18:44:24Z
157,ML-KEM-512,post-quantum,1,decapsulate,0.0386,0.0,0.0,0.315,800,1632,768,0,0,0,0,0.0,0.5788,nan,edge/x86_64,unknown,3.12.3,2026-10-09T18:44:24Z
158,ML-KEM-512,post-quantum,1,keygen,0.0383,0.0,0.0,0.315,800,1632,768,0,0,0,0,0.0,0.5745,nan,edge/x86_64,unknown,3.12.3,2026-10-09T18:44:24Z
158,ML-KEM-512,post-quantum,1,encapsulate,0.0377,0.0,0.0,0.315,800,1632,768,0,0,0,0,0.0,0.5653,nan,edge/x86_64,unknown,3.12.3,2026-10-09T18:44:24Z
158,ML-KEM-512,post-quantum,1,decapsulate,0.0373,0.0,0.0,0.315,800,1632,768,0,0,0,0,0.0,0.5599,nan,edge/x86_64,unknown,3.12.3,2026-10-09T18:44:24Z
159,ML-KEM-512,post-quantum,1,keygen,0.0394,0.0,0.0,0.315,800,1632,768,0,0,0,0,0.0,0.5907,nan,edge/x86_64,unknown,3.12.3,2026-10-09T18:44:24Z
159,ML-KEM-512,post-quantum,1,encapsulate,0.0386,0.0,0.0,0.315,800,1632,768,0,0,0,0,0.0,0.5791,nan,edge/x86_64,unknown,3.12.3,2026-10-09T18:44:24Z
159,ML-KEM-512,post-quantum,1,decapsulate,0.0393,0.0,0.0,0.315,800,1632,768,0,0,0,0,0.0,0.5898,nan,edge/x86_64,unknown,3.12.3,2026-10-09T18:44:24Z
160,ML-KEM-512,post-quantum,1,keygen,0.0383,0.0,0.0,0.315,800,1632,768,0,0,0,0,0.0,0.5738,nan,edge/x86_64,unknown,3.12.3,2026-10-09T18:44:24Z
160,ML-KEM-512,post-quantum,1,encapsulate,0.0396,0.0,0.0,0.315,800,1632,768,0,0,0,0,0.0,0.5942,nan,edge/x86_64,unknown,3.12.3,2026-10-09T18:44:24Z
160,ML-KEM-512,post-quantum,1,decapsulate,0.0445,0.0,0.0,0.315,800,1632,768,0,0,0,0,0.0,0.6681,nan,edge/x86_64,unknown,3.12.3,2026-10-09T18:44:24Z
161,ML-KEM-512,post-quantum,1,keygen,0.038,0.0,0.0,0.315,800,1632,768,0,0,0,0,0.0,0.5705,nan,edge/x86_64,unknown,3.12.3,2026-10-09T18:44:24Z
161,ML-KEM-512,post-quantum,1,encapsulate,0.0381,0.0,0.0,0.315,800,1632,768,0,0,0,0,0.0,0.572,nan,edge/x86_64,unknown,3.12.3,2026-10-09T18:44:24Z
161,ML-KEM-512,post-quantum,1,decapsulate,0.0378,0.0,0.0,0.315,800,1632,768,0,0,0,0,0.0,0.5673,nan,edge/x86_64,unknown,3.12.3,2026-10-09T18:44:24Z
162,ML-KEM-512,post-quantum,1,keygen,0.0413,0.0,0.0,0.315,800,1632,768,0,0,0,0,0.0,0.6199,nan,edge/x86_64,unknown,3.12.3,2026-10-09T18:44:24Z
162,ML-KEM-512,post-quantum,1,encapsulate,0.0484,0.0,0.0,0.315,800,1632,768,0,0,0,0,0.0,0.7263,nan,edge/x86_64,unknown,3.12.3,2026-10-09T18:44:24Z
162,ML-KEM-512,post-quantum,1,decapsulate,0.04,0.0,0.0,0.315,800,1632,768,0,0,0,0,0.0,0.5997,nan,edge/x86_64,unknown,3.12.3,2026-10-09T18:44:24Z
163,ML-KEM-512,post-quantum,1,keygen,0.0615,0.0,0.0,0.315,800,1632,768,0,0,0,0,0.0,0.9227,nan,edge/x86_64,unknown,3.12.3,2026-10-09T18:44:24Z
163,ML-KEM-512,post-quantum,1,encapsulate,0.0411,0.0,0.0,0.315,800,1632,768,0,0,0,0,0.0,0.6165,nan,edge/x86_64,unknown,3.12.3,2026-10-09T18:44:24Z
163,ML-KEM-512,post-quantum,1,decapsulate,0.0383,0.0,0.0,0.315,800,1632,768,0,0,0,0,0.0,0.5745,nan,edge/x86_64,unknown,3.12.3,2026-10-09T18:44:24Z
164,ML-KEM-512,post-quantum,1,keygen,0.0376,0.0,0.0,0.315,800,1632,768,0,0,0,0,0.0,0.5639,nan,edge/x86_64,unknown,3.12.3,2026-10-09T18:44:24Z
164,ML-KEM-512,post-quantum,1,encapsulate,0.0441,0.0,0.0,0.315,800,1632,768,0,0,0,0,0.0,0.6608,nan,edge/x86_64,unknown,3.12.3,2026-10-09T18:44:24Z
164,ML-KEM-512,post-quantum,1,decapsulate,0.078,0.0,0.0,0.315,800,1632,768,0,0,0,0,0.0,1.1701,nan,edge/x86_64,unknown,3.12.3,2026-10-09T18:44:24Z
165,ML-KEM-512,post-quantum,1,keygen,0.041,0.0,0.0,0.315,800,1632,768,0,0,0,0,0.0,0.6154,nan,edge/x86_64,unknown,3.12.3,2026-10-09T18:44:24Z
165,ML-KEM-512,post-quantum,1,encapsulate,0.0473,0.0,0.0,0.315,800,1632,768,0,0,0,0,0.0,0.7097,nan,edge/x86_64,unknown,3.12.3,2026-10-09T18:44:24Z
165,ML-KEM-512,post-quantum,1,decapsulate,0.0401,0.0,0.0,0.315,800,1632,768,0,0,0,0,0.0,0.6016,nan,edge/x86_64,unknown,3.12.3,2026-10-09T18:44:24Z
166,ML-KEM-512,post-quantum,1,keygen,0.0558,0.0,0.0,0.315,800,1632,768,0,0,0,0,0.0,0.8372,nan,edge/x86_64,unknown,3.12.3,2026-10-09T18:44:24Z
166,ML-KEM-512,post-quantum,1,encapsulate,0.0397,0.0,0.0,0.315,800,1632,768,0,0,0,0,0.0,0.5954,nan,edge/x86_64,unknown,3.12.3,2026-10-09T18:44:24Z
166,ML-KEM-512,post-quantum,1,decapsulate,0.0399,0.0,0.0,0.315,800,1632,768,0,0,0,0,0.0,0.598,nan,edge/x86_64,unknown,3.12.3,2026-10-09T18:44:24Z
167,ML-KEM-512,post-quantum,1,keygen,0.0402,0.0,0.0,0.315,800,1632,768,0,0,0,0,0.0,0.603,nan,edge/x86_64,unknown,3.12.3,2026-10-09T18:44:24Z
167,ML-KEM-512,post-quantum,1,encapsulate,0.0394,0.0,0.0,0.315,800,1632,768,0,0,0,0,0.0,0.5916,nan,edge/x86_64,unknown,3.12.3,2026-10-09T18:44:24Z
167,ML-KEM-512,post-quantum,1,decapsulate,0.0423,0.0,0.0,0.315,800,1632,768,0,0,0,0,0.0,0.6345,nan,edge/x86_64,unknown,3.12.3,2026-10-09T18:44:24Z
168,ML-KEM-512,post-quantum,1,keygen,0.0374,0.0,0.0,0.315,800,1632,768,0,0,0,0,0.0,0.5609,nan,edge/x86_64,unknown,3.12.3,2026-10-09T18:44:24Z
168,ML-KEM-512,post-quantum,1,encapsulate,0.0408,0.0,0.0,0.315,800,1632,768,0,0,0,0,0.0,0.6127,nan,edge/x86_64,unknown,3.12.3,2026-10-09T18:44:24Z
168,ML-KEM-512,post-quantum,1,decapsulate,0.0377,0.0,0.0,0.315,800,1632,768,0,0,0,0,0.0,0.5654,nan,edge/x86_64,unknown,3.12.3,2026-10-09T18:44:24Z
169,ML-KEM-512,post-quantum,1,keygen,0.0767,0.0,0.0,0.315,800,1632,768,0,0,0,0,0.0,1.15,nan,edge/x86_64,unknown,3.12.3,2026-10-09T18:44:24Z
169,ML-KEM-512,post-quantum,1,encapsulate,0.0462,0.0,0.0,0.315,800,1632,768,0,0,0,0,0.0,0.6927,nan,edge/x86_64,unknown,3.12.3,2026-10-09T18:44:24Z
169,ML-KEM-512,post-quantum,1,decapsulate,0.0433,0.0,0.0,0.315,800,1632,768,0,0,0,0,0.0,0.6502,nan,edge/x86_64,unknown,3.12.3,2026-10-09T18:44:24Z
170,ML-KEM-512,post-quantum,1,keygen,0.0398,0.0,0.0,0.315,800,1632,768,0,0,0,0,0.0,0.597,nan,edge/x86_64,unknown,3.12.3,2026-10-09T18:44:24Z
170,ML-KEM-512,post-quantum,1,encapsulate,0.0388,0.0,0.0,0.315,800,1632,768,0,0,0,0,0.0,0.5818,nan,edge/x86_64,unknown,3.12.3,2026-10-09T18:44:24Z
170,ML-KEM-512,post-quantum,1,decapsulate,0.0412,0.0,0.0,0.315,800,1632,768,0,0,0,0,0.0,0.6177,nan,edge/x86_64,unknown,3.12.3,2026-10-09T18:44:24Z
171,ML-KEM-512,post-quantum,1,keygen,0.038,0.0,0.0,0.315,800,1632,768,0,0,0,0,0.0,0.5704,nan,edge/x86_64,unknown,3.12.3,2026-10-09T18:44:24Z
171,ML-KEM-512,post-quantum,1,encapsulate,0.0385,0.0,0.0,0.315,800,1632,768,0,0,0,0,0.0,0.5771,nan,edge/x86_64,unknown,3.12.3,2026-10-09T18:44:24Z
171,ML-KEM-512,post-quantum,1,decapsulate,0.0504,0.0,0.0,0.315,800,1632,768,0,0,0,0,0.0,0.7559,nan,edge/x86_64,unknown,3.12.3,2026-10-09T18:44:24Z
172,ML-KEM-512,post-quantum,1,keygen,0.0427,0.0,0.0,0.315,800,1632,768,0,0,0,0,0.0,0.6409,nan,edge/x86_64,unknown,3.12.3,2026-10-09T18:44:24Z
172,ML-KEM-512,post-quantum,1,encapsulate,0.0384,0.0,0.0,0.315,800,1632,768,0,0,0,0,0.0,0.5755,nan,edge/x86_64,unknown,3.12.3,2026-10-09T18:44:24Z
172,ML-KEM-512,post-quantum,1,decapsulate,0.0384,0.0,0.0,0.315,800,1632,768,0,0,0,0,0.0,0.5753,nan,edge/x86_64,unknown,3.12.3,2026-10-09T18:44:24Z
173,ML-KEM-512,post-quantum,1,keygen,0.0549,0.0,0.0,0.315,800,1632,768,0,0,0,0,0.0,0.8237,nan,edge/x86_64,unknown,3.12.3,2026-10-09T18:44:24Z
173,ML-KEM-512,post-quantum,1,encapsulate,0.2376,0.0,0.0,0.315,800,1632,768,0,0,0,0,0.0,3.5647,nan,edge/x86_64,unknown,3.12.3,2026-10-09T18:44:24Z
173,ML-KEM-512,post-quantum,1,decapsulate,0.0546,0.0,0.0,0.315,800,1632,768,0,0,0,0,0.0,0.8184,nan,edge/x86_64,unknown,3.12.3,2026-10-09T18:44:24Z
174,ML-KEM-512,post-quantum,1,keygen,0.0454,0.0,0.0,0.315,800,1632,768,0,0,0,0,0.0,0.6807,nan,edge/x86_64,unknown,3.12.3,2026-10-09T18:44:24Z
174,ML-KEM-512,post-quantum,1,encapsulate,0.0403,0.0,0.0,0.315,800,1632,768,0,0,0,0,0.0,0.6043,nan,edge/x86_64,unknown,3.12.3,2026-10-09T18:44:24Z
174,ML-KEM-512,post-quantum,1,decapsulate,0.0406,0.0,0.0,0.315,800,1632,768,0,0,0,0,0.0,0.6089,nan,edge/x86_64,unknown,3.12.3,2026-10-09T18:44:24Z
175,ML-KEM-512,post-quantum,1,keygen,0.0394,0.0,0.0,0.315,800,1632,768,0,0,0,0,0.0,0.5908,nan,edge/x86_64,unknown,3.12.3,2026-10-09T18:44:24Z
175,ML-KEM-512,post-quantum,1,encapsulate,0.0408,0.0,0.0,0.315,800,1632,768,0,0,0,0,0.0,0.6113,nan,edge/x86_64,unknown,3.12.3,2026-10-09T18:44:24Z
175,ML-KEM-512,post-quantum,1,decapsulate,0.0549,0.0,0.0,0.315,800,1632,768,0,0,0,0,0.0,0.8242,nan,edge/x86_64,unknown,3.12.3,2026-10-09T18:44:24Z
176,ML-KEM-512,post-quantum,1,keygen,0.04,0.0,0.0,0.315,800,1632,768,0,0,0,0,0.0,0.6006,nan,edge/x86_64,unknown,3.12.3,2026-10-09T18:44:24Z
176,ML-KEM-512,post-quantum,1,encapsulate,0.0385,0.0,0.0,0.315,800,1632,768,0,0,0,0,0.0,0.5777,nan,edge/x86_64,unknown,3.12.3,2026-10-09T18:44:24Z
176,ML-KEM-512,post-quantum,1,decapsulate,0.0382,0.0,0.0,0.315,800,1632,768,0,0,0,0,0.0,0.5724,nan,edge/x86_64,unknown,3.12.3,2026-10-09T18:44:24Z
177,ML-KEM-512,post-quantum,1,keygen,0.0402,0.0,0.0,0.315,800,1632,768,0,0,0,0,0.0,0.6028,nan,edge/x86_64,unknown,3.12.3,2026-10-09T18:44:24Z
177,ML-KEM-512,post-quantum,1,encapsulate,0.039,0.0,0.0,0.315,800,1632,768,0,0,0,0,0.0,0.5846,nan,edge/x86_64,unknown,3.12.3,2026-10-09T18:44:24Z
177,ML-KEM-512,post-quantum,1,decapsulate,0.0385,0.0,0.0,0.315,800,1632,768,0,0,0,0,0.0,0.5775,nan,edge/x86_64,unknown,3.12.3,2026-10-09T18:44:24Z
178,ML-KEM-512,post-quantum,1,keygen,0.0373,0.0,0.0,0.315,800,1632,768,0,0,0,0,0.0,0.559,nan,edge/x86_64,unknown,3.12.3,2026-10-09T18:44:24Z
178,ML-KEM-512,post-quantum,1,encapsulate,0.0403,0.0,0.0,0.315,800,1632,768,0,0,0,0,0.0,0.6044,nan,edge/x86_64,unknown,3.12.3,2026-10-09T18:44:24Z
178,ML-KEM-512,post-quantum,1,decapsulate,0.0716,0.0,0.0,0.315,800,1632,768,0,0,0,0,0.0,1.0739,nan,edge/x86_64,unknown,3.12.3,2026-10-09T18:44:24Z
179,ML-KEM-512,post-quantum,1,keygen,0.0514,0.0,0.0,0.315,800,1632,768,0,0,0,0,0.0,0.7703,nan,edge/x86_64,unknown,3.12.3,2026-10-09T18:44:24Z
179,ML-KEM-512,post-quantum,1,encapsulate,0.0452,0.0,0.0,0.315,800,1632,768,0,0,0,0,0.0,0.6777,nan,edge/x86_64,unknown,3.12.3,2026-10-09T18:44:24Z
179,ML-KEM-512,post-quantum,1,decapsulate,0.039,0.0,0.0,0.315,800,1632,768,0,0,0,0,0.0,0.5852,nan,edge/x86_64,unknown,3.12.3,2026-10-09T18:44:24Z
180,ML-KEM-512,post-quantum,1,keygen,0.0387,0.0,0.0,0.315,800,1632,768,0,0,0,0,0.0,0.5812,nan,edge/x86_64,unknown,3.12.3,2026-10-09T18:44:24Z
180,ML-KEM-512,post-quantum,1,encapsulate,0.0388,0.0,0.0,0.315,800,1632,768,0,0,0,0,0.0,0.5826,nan,edge/x86_64,unknown,3.12.3,2026-10-09T18:44:24Z
180,ML-KEM-512,post-quantum,1,decapsulate,0.0387,0.0,0.0,0.315,800,1632,768,0,0,0,0,0.0,0.58,nan,edge/x86_64,unknown,3.12.3,2026-10-09T18:44:24Z
181,ML-KEM-512,post-quantum,1,keygen,0.0376,0.0,0.0,0.315,800,1632,768,0,0,0,0,0.0,0.564,nan,edge/x86_64,unknown,3.12.3,2026-10-09T18:44:24Z
181,ML-KEM-512,post-quantum,1,encapsulate,0.0748,0.0,0.0,0.315,800,1632,768,0,0,0,0,0.0,1.1226,nan,edge/x86_64,unknown,3.12.3,2026-10-09T18:44:24Z
181,ML-KEM-512,post-quantum,1,decapsulate,0.0543,0.0,0.0,0.315,800,1632,768,0,0,0,0,0.0,0.815,nan,edge/x86_64,unknown,3.12.3,2026-10-09T18:44:24Z
182,ML-KEM-512,post-quantum,1,keygen,0.0401,0.0,0.0,0.315,800,1632,768,0,0,0,0,0.0,0.6022,nan,edge/x86_64,unknown,3.12.3,2026-10-09T18:44:24Z
182,ML-KEM-512,post-quantum,1,encapsulate,0.0424,0.0,0.0,0.315,800,1632,768,0,0,0,0,0.0,0.6363,nan,edge/x86_64,unknown,3.12.3,2026-10-09T18:44:24Z
182,ML-KEM-512,post-quantum,1,decapsulate,0.0398,0.0,0.0,0.315,800,1632,768,0,0,0,0,0.0,0.5969,nan,edge/x86_64,unknown,3.12.3,2026-10-09T18:44:24Z
183,ML-KEM-512,post-quantum,1,keygen,0.0387,0.0,0.0,0.315,800,1632,768,0,0,0,0,0.0,0.5808,nan,edge/x86_64,unknown,3.12.3,2026-10-09T18:44:24Z
183,ML-KEM-512,post-quantum,1,encapsulate,0.0382,0.0,0.0,0.315,800,1632,768,0,0,0,0,0.0,0.5735,nan,edge/x86_64,unknown,3.12.3,2026-10-09T18:44:24Z
183,ML-KEM-512,post-quantum,1,decapsulate,0.0384,0.0,0.0,0.315,800,1632,768,0,0,0,0,0.0,0.5758,nan,edge/x86_64,unknown,3.12.3,2026-10-09T18:44:24Z
184,ML-KEM-512,post-quantum,1,keygen,0.0384,0.0,0.0,0.315,800,1632,768,0,0,0,0,0.0,0.5762,nan,edge/x86_64,unknown,3.12.3,2026-10-09T18:44:24Z
184,ML-KEM-512,post-quantum,1,encapsulate,0.0398,0.0,0.0,0.315,800,1632,768,0,0,0,0,0.0,0.5976,nan,edge/x86_64,unknown,3.12.3,2026-10-09T18:44:24Z
184,ML-KEM-512,post-quantum,1,decapsulate,0.0411,0.0,0.0,0.315,800,1632,768,0,0,0,0,0.0,0.6165,nan,edge/x86_64,unknown,3.12.3,2026-10-09T18:44:24Z
185,ML-KEM-512,post-quantum,1,keygen,0.0386,0.0,0.0,0.315,800,1632,768,0,0,0,0,0.0,0.5792,nan,edge/x86_64,unknown,3.12.3,2026-10-09T18:44:24Z
185,ML-KEM-512,post-quantum,1,encapsulate,0.0527,0.0,0.0,0.315,800,1632,768,0,0,0,0,0.0,0.7905,nan,edge/x86_64,unknown,3.12.3,2026-10-09T18:44:24Z
185,ML-KEM-512,post-quantum,1,decapsulate,0.0412,0.0,0.0,0.315,800,1632,768,0,0,0,0,0.0,0.6179,nan,edge/x86_64,unknown,3.12.3,2026-10-09T18:44:24Z
186,ML-KEM-512,post-quantum,1,keygen,0.0389,0.0,0.0,0.315,800,1632,768,0,0,0,0,0.0,0.583,nan,edge/x86_64,unknown,3.12.3,2026-10-09T18:44:24Z
186,ML-KEM-512,post-quantum,1,encapsulate,0.0566,0.0,0.0,0.315,800,1632,768,0,0,0,0,0.0,0.8492,nan,edge/x86_64,unknown,3.12.3,2026-10-09T18:44:24Z
186,ML-KEM-512,post-quantum,1,decapsulate,0.0432,0.0,0.0,0.315,800,1632,768,0,0,0,0,0.0,0.6476,nan,edge/x86_64,unknown,3.12.3,2026-10-09T18:44:24Z
187,ML-KEM-512,post-quantum,1,keygen,0.0389,0.0,0.0,0.315,800,1632,768,0,0,0,0,0.0,0.5837,nan,edge/x86_64,unknown,3.12.3,2026-10-09T18:44:24Z
187,ML-KEM-512,post-quantum,1,encapsulate,0.0433,0.0,0.0,0.315,800,1632,768,0,0,0,0,0.0,0.6502,nan,edge/x86_64,unknown,3.12.3,2026-10-09T18:44:24Z
187,ML-KEM-512,post-quantum,1,decapsulate,0.0394,0.0,0.0,0.315,800,1632,768,0,0,0,0,0.0,0.5912,nan,edge/x86_64,unknown,3.12.3,2026-10-09T18:44:24Z
188,ML-KEM-512,post-quantum,1,keygen,0.0366,0.0,0.0,0.315,800,1632,768,0,0,0,0,0.0,0.5486,nan,edge/x86_64,unknown,3.12.3,2026-10-09T18:44:24Z
188,ML-KEM-512,post-quantum,1,encapsulate,0.0381,0.0,0.0,0.315,800,1632,768,0,0,0,0,0.0,0.5722,nan,edge/x86_64,unknown,3.12.3,2026-10-09T18:44:24Z
188,ML-KEM-512,post-quantum,1,decapsulate,0.0395,0.0,0.0,0.315,800,1632,768,0,0,0,0,0.0,0.5924,nan,edge/x86_64,unknown,3.12.3,2026-10-09T18:44:24Z
189,ML-KEM-512,post-quantum,1,keygen,0.0382,0.0,0.0,0.315,800,1632,768,0,0,0,0,0.0,0.5736,nan,edge/x86_64,unknown,3.12.3,2026-10-09T18:44:24Z
189,ML-KEM-512,post-quantum,1,encapsulate,0.0415,0.0,0.0,0.315,800,1632,768,0,0,0,0,0.0,0.6227,nan,edge/x86_64,unknown,3.12.3,2026-10-09T18:44:24Z
189,ML-KEM-512,post-quantum,1,decapsulate,0.038,0.0,0.0,0.315,800,1632,768,0,0,0,0,0.0,0.5705,nan,edge/x86_64,unknown,3.12.3,2026-10-09T18:44:24Z
190,ML-KEM-512,post-quantum,1,keygen,0.0372,0.0,0.0,0.315,800,1632,768,0,0,0,0,0.0,0.5573,nan,edge/x86_64,unknown,3.12.3,2026-10-09T18:44:24Z
190,ML-KEM-512,post-quantum,1,encapsulate,0.0398,0.0,0.0,0.315,800,1632,768,0,0,0,0,0.0,0.5966,nan,edge/x86_64,unknown,3.12.3,2026-10-09T18:44:24Z
190,ML-KEM-512,post-quantum,1,decapsulate,0.0386,0.0,0.0,0.315,800,1632,768,0,0,0,0,0.0,0.5791,nan,edge/x86_64,unknown,3.12.3,2026-10-09T18:44:24Z
191,ML-KEM-512,post-quantum,1,keygen,0.0397,0.0,0.0,0.315,800,1632,768,0,0,0,0,0.0,0.5954,nan,edge/x86_64,unknown,3.12.3,2026-10-09T18:44:24Z
191,ML-KEM-512,post-quantum,1,encapsulate,0.0387,0.0,0.0,0.315,800,1632,768,0,0,0,0,0.0,0.5802,nan,edge/x86_64,unknown,3.12.3,2026-10-09T18:44:24Z
191,ML-KEM-512,post-quantum,1,decapsulate,0.0682,0.0,0.0,0.315,800,1632,768,0,0,0,0,0.0,1.023,nan,edge/x86_64,unknown,3.12.3,2026-10-09T18:44:24Z
192,ML-KEM-512,post-quantum,1,keygen,0.1441,0.0,0.0,0.315,800,1632,768,0,0,0,0,0.0,2.1612,nan,edge/x86_64,unknown,3.12.3,2026-10-09T18:44:24Z
192,ML-KEM-512,post-quantum,1,encapsulate,0.0472,0.0,0.0,0.315,800,1632,768,0,0,0,0,0.0,0.7073,nan,edge/x86_64,unknown,3.12.3,2026-10-09T18:44:24Z
192,ML-KEM-512,post-quantum,1,decapsulate,0.0426,0.0,0.0,0.315,800,1632,768,0,0,0,0,0.0,0.6397,nan,edge/x86_64,unknown,3.12.3,2026-10-09T18:44:24Z
193,ML-KEM-512,post-quantum,1,keygen,0.04,0.0,0.0,0.315,800,1632,768,0,0,0,0,0.0,0.5998,nan,edge/x86_64,unknown,3.12.3,2026-10-09T18:44:24Z
193,ML-KEM-512,post-quantum,1,encapsulate,0.0412,0.0,0.0,0.315,800,1632,768,0,0,0,0,0.0,0.6186,nan,edge/x86_64,unknown,3.12.3,2026-10-09T18:44:24Z
193,ML-KEM-512,post-quantum,1,decapsulate,0.0384,0.0,0.0,0.315,800,1632,768,0,0,0,0,0.0,0.5755,nan,edge/x86_64,unknown,3.12.3,2026-10-09T18:44:24Z
194,ML-KEM-512,post-quantum,1,keygen,0.0404,0.0,0.0,0.315,800,1632,768,0,0,0,0,0.0,0.6053,nan,edge/x86_64,unknown,3.12.3,2026-10-09T18:44:24Z
194,ML-KEM-512,post-quantum,1,encapsulate,0.04,0.0,0.0,0.315,800,1632,768,0,0,0,0,0.0,0.6002,nan,edge/x86_64,unknown,3.12.3,2026-10-09T18:44:24Z
194,ML-KEM-512,post-quantum,1,decapsulate,0.0391,0.0,0.0,0.315,800,1632,768,0,0,0,0,0.0,0.5864,nan,edge/x86_64,unknown,3.12.3,2026-10-09T18:44:24Z
195,ML-KEM-512,post-quantum,1,keygen,0.0393,0.0,0.0,0.315,800,1632,768,0,0,0,0,0.0,0.5889,nan,edge/x86_64,unknown,3.12.3,2026-10-09T18:44:24Z
195,ML-KEM-512,post-quantum,1,encapsulate,0.0518,0.0,0.0,0.315,800,1632,768,0,0,0,0,0.0,0.7763,nan,edge/x86_64,unknown,3.12.3,2026-10-09T18:44:24Z
195,ML-KEM-512,post-quantum,1,decapsulate,0.0535,0.0,0.0,0.315,800,1632,768,0,0,0,0,0.0,0.8023,nan,edge/x86_64,unknown,3.12.3,2026-10-09T18:44:24Z
196,ML-KEM-512,post-quantum,1,keygen,0.0495,0.0,0.0,0.315,800,1632,768,0,0,0,0,0.0,0.7423,nan,edge/x86_64,unknown,3.12.3,2026-10-09T18:44:24Z
196,ML-KEM-512,post-quantum,1,encapsulate,0.0417,0.0,0.0,0.315,800,1632,768,0,0,0,0,0.0,0.6249,nan,edge/x86_64,unknown,3.12.3,2026-10-09T18:44:24Z
196,ML-KEM-512,post-quantum,1,decapsulate,0.04,0.0,0.0,0.315,800,1632,768,0,0,0,0,0.0,0.5994,nan,edge/x86_64,unknown,3.12.3,2026-10-09T18:44:24Z
197,ML-KEM-512,post-quantum,1,keygen,0.0399,0.0,0.0,0.315,800,1632,768,0,0,0,0,0.0,0.5978,nan,edge/x86_64,unknown,3.12.3,2026-10-09T18:44:24Z
197,ML-KEM-512,post-quantum,1,encapsulate,0.0657,0.0,0.0,0.315,800,1632,768,0,0,0,0,0.0,0.9854,nan,edge/x86_64,unknown,3.12.3,2026-10-09T18:44:24Z
197,ML-KEM-512,post-quantum,1,decapsulate,0.0433,0.0,0.0,0.315,800,1632,768,0,0,0,0,0.0,0.6492,nan,edge/x86_64,unknown,3.12.3,2026-10-09T18:44:24Z
198,ML-KEM-512,post-quantum,1,keygen,0.041,0.0,0.0,0.315,800,1632,768,0,0,0,0,0.0,0.6145,nan,edge/x86_64,unknown,3.12.3,2026-10-09T18:44:24Z
198,ML-KEM-512,post-quantum,1,encapsulate,0.0404,0.0,0.0,0.315,800,1632,768,0,0,0,0,0.0,0.6059,nan,edge/x86_64,unknown,3.12.3,2026-10-09T18:44:24Z
198,ML-KEM-512,post-quantum,1,decapsulate,0.0567,0.0,0.0,0.315,800,1632,768,0,0,0,0,0.0,0.8499,nan,edge/x86_64,unknown,3.12.3,2026-10-09T18:44:24Z
199,ML-KEM-512,post-quantum,1,keygen,0.0447,0.0,0.0,0.315,800,1632,768,0,0,0,0,0.0,0.67,nan,edge/x86_64,unknown,3.12.3,2026-10-09T18:44:24Z
199,ML-KEM-512,post-quantum,1,encapsulate,0.0452,0.0,0.0,0.315,800,1632,768,0,0,0,0,0.0,0.6775,nan,edge/x86_64,unknown,3.12.3,2026-10-09T18:44:24Z
199,ML-KEM-512,post-quantum,1,decapsulate,0.0409,0.0,0.0,0.315,800,1632,768,0,0,0,0,0.0,0.6134,nan,edge/x86_64,unknown,3.12.3,2026-10-09T18:44:24Z
0,ML-KEM-768,post-quantum,3,keygen,0.0647,0.0,0.0,0.303,1184,2400,1088,0,0,0,0,0.0,0.9703,nan,edge/x86_64,unknown,3.12.3,2026-10-09T18:44:24Z
0,ML-KEM-768,post-quantum,3,encapsulate,0.05,0.0,0.0,0.303,1184,2400,1088,0,0,0,0,0.0,0.7503,nan,edge/x86_64,unknown,3.12.3,2026-10-09T18:44:24Z
0,ML-KEM-768,post-quantum,3,decapsulate,0.0615,0.0,0.0,0.303,1184,2400,1088,0,0,0,0,0.0,0.9223,nan,edge/x86_64,unknown,3.12.3,2026-10-09T18:44:24Z
1,ML-KEM-768,post-quantum,3,keygen,0.0579,0.0,0.0,0.303,1184,2400,1088,0,0,0,0,0.0,0.8691,nan,edge/x86_64,unknown,3.12.3,2026-10-09T18:44:24Z
1,ML-KEM-768,post-quantum,3,encapsulate,0.0491,0.0,0.0,0.303,1184,2400,1088,0,0,0,0,0.0,0.7362,nan,edge/x86_64,unknown,3.12.3,2026-10-09T18:44:24Z
1,ML-KEM-768,post-quantum,3,decapsulate,0.0495,0.0,0.0,0.303,1184,2400,1088,0,0,0,0,0.0,0.7429,nan,edge/x86_64,unknown,3.12.3,2026-10-09T18:44:24Z
2,ML-KEM-768,post-quantum,3,keygen,0.0481,0.0,0.0,0.303,1184,2400,1088,0,0,0,0,0.0,0.7217,nan,edge/x86_64,unknown,3.12.3,2026-10-09T18:44:24Z
2,ML-KEM-768,post-quantum,3,encapsulate,0.0456,0.0,0.0,0.303,1184,2400,1088,0,0,0,0,0.0,0.6846,nan,edge/x86_64,unknown,3.12.3,2026-10-09T18:44:24Z
2,ML-KEM-768,post-quantum,3,decapsulate,0.0469,0.0,0.0,0.303,1184,2400,1088,0,0,0,0,0.0,0.704,nan,edge/x86_64,unknown,3.12.3,2026-10-09T18:44:24Z
3,ML-KEM-768,post-quantum,3,keygen,0.0455,0.0,0.0,0.303,1184,2400,1088,0,0,0,0,0.0,0.6825,nan,edge/x86_64,unknown,3.12.3,2026-10-09T18:44:24Z
3,ML-KEM-768,post-quantum,3,encapsulate,0.0474,0.0,0.0,0.303,1184,2400,1088,0,0,0,0,0.0,0.7117,nan,edge/x86_64,unknown,3.12.3,2026-10-09T18:44:24Z
3,ML-KEM-768,post-quantum,3,decapsulate,0.0681,0.0,0.0,0.303,1184,2400,1088,0,0,0,0,0.0,1.0215,nan,edge/x86_64,unknown,3.12.3,2026-10-09T18:44:24Z
4,ML-KEM-768,post-quantum,3,keygen,0.0495,0.0,0.0,0.303,1184,2400,1088,0,0,0,0,0.0,0.7424,nan,edge/x86_64,unknown,3.12.3,2026-10-09T18:44:24Z
4,ML-KEM-768,post-quantum,3,encapsulate,0.047,0.0,0.0,0.303,1184,2400,1088,0,0,0,0,0.0,0.7044,nan,edge/x86_64,unknown,3.12.3,2026-10-09T18:44:24Z
4,ML-KEM-768,post-quantum,3,decapsulate,0.0468,0.0,0.0,0.303,1184,2400,1088,0,0,0,0,0.0,0.702,nan,edge/x86_64,unknown,3.12.3,2026-10-09T18:44:24Z
5,ML-KEM-768,post-quantum,3,keygen,0.0603,0.0,0.0,0.303,1184,2400,1088,0,0,0,0,0.0,0.904,nan,edge/x86_64,unknown,3.12.3,2026-10-09T18:44:24Z
5,ML-KEM-768,post-quantum,3,encapsulate,0.0511,0.0,0.0,0.303,1184,2400,1088,0,0,0,0,0.0,0.7671,nan,edge/x86_64,unknown,3.12.3,2026-10-09T18:44:24Z
5,ML-KEM-768,post-quantum,3,decapsulate,0.0466,0.0,0.0,0.303,1184,2400,1088,0,0,0,0,0.0,0.6986,nan,edge/x86_64,unknown,3.12.3,2026-10-09T18:44:24Z
6,ML-KEM-768,post-quantum,3,keygen,0.0452,0.0,0.0,0.303,1184,2400,1088,0,0,0,0,0.0,0.6786,nan,edge/x86_64,unknown,3.12.3,2026-10-09T18:44:24Z
6,ML-KEM-768,post-quantum,3,encapsulate,0.0447,0.0,0.0,0.303,1184,2400,1088,0,0,0,0,0.0,0.6703,nan,edge/x86_64,unknown,3.12.3,2026-10-09T18:44:24Z
6,ML-KEM-768,post-quantum,3,decapsulate,0.1386,0.0,0.0,0.303,1184,2400,1088,0,0,0,0,0.0,2.0783,nan,edge/x86_64,unknown,3.12.3,2026-10-09T18:44:24Z
7,ML-KEM-768,post-quantum,3,keygen,0.0614,0.0,0.0,0.303,1184,2400,1088,0,0,0,0,0.0,0.9217,nan,edge/x86_64,unknown,3.12.3,2026-10-09T18:44:24Z
7,ML-KEM-768,post-quantum,3,encapsulate,0.0479,0.0,0.0,0.303,1184,2400,1088,0,0,0,0,0.0,0.7182,nan,edge/x86_64,unknown,3.12.3,2026-10-09T18:44:24Z
7,ML-KEM-768,post-quantum,3,decapsulate,0.0494,0.0,0.0,0.303,1184,2400,1088,0,0,0,0,0.0,0.7404,nan,edge/x86_64,unknown,3.12.3,2026-10-09T18:44:24Z
8,ML-KEM-768,post-quantum,3,keygen,0.0465,0.0,0.0,0.303,1184,2400,1088,0,0,0,0,0.0,0.698,nan,edge/x86_64,unknown,3.12.3,2026-10-09T18:44:24Z
8,ML-KEM-768,post-quantum,3,encapsulate,0.0457,0.0,0.0,0.303,1184,2400,1088,0,0,0,0,0.0,0.6854,nan,edge/x86_64,unknown,3.12.3,2026-10-09T18:44:24Z
8,ML-KEM-768,post-quantum,3,decapsulate,0.0489,0.0,0.0,0.303,1184,2400,1088,0,0,0,0,0.0,0.7332,nan,edge/x86_64,unknown,3.12.3,2026-10-09T18:44:24Z
9,ML-KEM-768,post-quantum,3,keygen,0.0481,0.0,0.0,0.303,1184,2400,1088,0,0,0,0,0.0,0.7212,nan,edge/x86_64,unknown,3.12.3,2026-10-09T18:44:24Z
9,ML-KEM-768,post-quantum,3,encapsulate,0.0468,0.0,0.0,0.303,1184,2400,1088,0,0,0,0,0.0,0.7017,nan,edge/x86_64,unknown,3.12.3,2026-10-09T18:44:24Z
9,ML-KEM-768,post-quantum,3,decapsulate,0.0536,0.0,0.0,0.303,1184,2400,1088,0,0,0,0,0.0,0.804,nan,edge/x86_64,unknown,3.12.3,2026-10-09T18:44:24Z
10,ML-KEM-768,post-quantum,3,keygen,0.0502,0.0,0.0,0.303,1184,2400,1088,0,0,0,0,0.0,0.7525,nan,edge/x86_64,unknown,3.12.3,2026-10-09T18:44:24Z
10,ML-KEM-768,post-quantum,3,encapsulate,0.0492,0.0,0.0,0.303,1184,2400,1088,0,0,0,0,0.0,0.7379,nan,edge/x86_64,unknown,3.12.3,2026-10-09T18:44:24Z
10,ML-KEM-768,post-quantum,3,decapsulate,0.0495,0.0,0.0,0.303,1184,2400,1088,0,0,0,0,0.0,0.7431,nan,edge/x86_64,unknown,3.12.3,2026-10-09T18:44:24Z
11,ML-KEM-768,post-quantum,3,keygen,0.0447,0.0,0.0,0.303,1184,2400,1088,0,0,0,0,0.0,0.6705,nan,edge/x86_64,unknown,3.12.3,2026-10-09T18:44:24Z
11,ML-KEM-768,post-quantum,3,encapsulate,0.0517,0.0,0.0,0.303,1184,2400,1088,0,0,0,0,0.0,0.7749,nan,edge/x86_64,unknown,3.12.3,2026-10-09T18:44:24Z
11,ML-KEM-768,post-quantum,3,decapsulate,0.0671,0.0,0.0,0.303,1184,2400,1088,0,0,0,0,0.0,1.0064,nan,edge/x86_64,unknown,3.12.3,2026-10-09T18:44:24Z
12,ML-KEM-768,post-quantum,3,keygen,0.0548,0.0,0.0,0.303,1184,2400,1088,0,0,0,0,0.0,0.8216,nan,edge/x86_64,unknown,3.12.3,2026-10-09T18:44:24Z
12,ML-KEM-768,post-quantum,3,encapsulate,0.0478,0.0,0.0,0.303,1184,2400,1088,0,0,0,0,0.0,0.7173,nan,edge/x86_64,unknown,3.12.3,2026-10-09T18:44:24Z
12,ML-KEM-768,post-quantum,3,decapsulate,0.0464,0.0,0.0,0.303,1184,2400,1088,0,0,0,0,0.0,0.6965,nan,edge/x86_64,unknown,3.12.3,2026-10-09T18:44:24Z
13,ML-KEM-768,post-quantum,3,keygen,0.0456,0.0,0.0,0.303,1184,2400,1088,0,0,0,0,0.0,0.6835,nan,edge/x86_64,unknown,3.12.3,2026-10-09T18:44:24Z
13,ML-KEM-768,post-quantum,3,encapsulate,0.0451,0.0,0.0,0.303,1184,2400,1088,0,0,0,0,0.0,0.6758,nan,edge/x86_64,unknown,3.12.3,2026-10-09T18:44:24Z
13,ML-KEM-768,post-quantum,3,decapsulate,0.0466,0.0,0.0,0.303,1184,2400,1088,0,0,0,0,0.0,0.699,nan,edge/x86_64,unknown,3.12.3,2026-10-09T18:44:24Z
14,ML-KEM-768,post-quantum,3,keygen,0.0456,0.0,0.0,0.303,1184,2400,1088,0,0,0,0,0.0,0.6839,nan,edge/x86_64,unknown,3.12.3,2026-10-09T18:44:24Z
14,ML-KEM-768,post-quantum,3,encapsulate,0.0471,0.0,0.0,0.303,1184,2400,1088,0,0,0,0,0.0,0.7071,nan,edge/x86_64,unknown,3.12.3,2026-10-09T18:44:24Z
14,ML-KEM-768,post-quantum,3,decapsulate,0.0476,0.0,0.0,0.303,1184,2400,1088,0,0,0,0,0.0,0.7147,nan,edge/x86_64,unknown,3.12.3,2026-10-09T18:44:24Z
15,ML-KEM-768,post-quantum,3,keygen,0.0511,0.0,0.0,0.303,1184,2400,1088,0,0,0,0,0.0,0.7663,nan,edge/x86_64,unknown,3.12.3,2026-10-09T18:44:24Z
15,ML-KEM-768,post-quantum,3,encapsulate,0.0477,0.0,0.0,0.303,1184,2400,1088,0,0,0,0,0.0,0.7157,nan,edge/x86_64,unknown,3.12.3,2026-10-09T18:44:24Z
15,ML-KEM-768,post-quantum,3,decapsulate,0.0475,0.0,0.0,0.303,1184,2400,1088,0,0,0,0,0.0,0.7122,nan,edge/x86_64,unknown,3.12.3,2026-10-09T18:44:24Z
16,ML-KEM-768,post-quantum,3,keygen,0.0487,0.0,0.0,0.303,1184,2400,1088,0,0,0,0,0.0,0.7306,nan,edge/x86_64,unknown,3.12.3,2026-10-09T18:44:24Z
16,ML-KEM-768,post-quantum,3,encapsulate,0.0472,0.0,0.0,0.303,1184,2400,1088,0,0,0,0,0.0,0.7084,nan,edge/x86_64,unknown,3.12.3,2026-10-09T18:44:24Z
16,ML-KEM-768,post-quantum,3,decapsulate,0.0482,0.0,0.0,0.303,1184,2400,1088,0,0,0,0,0.0,0.7223,nan,edge/x86_64,unknown,3.12.3,2026-10-09T18:44:24Z
17,ML-KEM-768,post-quantum,3,keygen,0.0465,0.0,0.0,0.303,1184,2400,1088,0,0,0,0,0.0,0.6981,nan,edge/x86_64,unknown,3.12.3,2026-10-09T18:44:24Z
17,ML-KEM-768,post-quantum,3,encapsulate,0.0487,0.0,0.0,0.303,1184,2400,1088,0,0,0,0,0.0,0.7299,nan,edge/x86_64,unknown,3.12.3,2026-10-09T18:44:24Z
17,ML-KEM-768,post-quantum,3,decapsulate,0.0503,0.0,0.0,0.303,1184,2400,1088,0,0,0,0,0.0,0.7544,nan,edge/x86_64,unknown,3.12.3,2026-10-09T18:44:24Z
18,ML-KEM-768,post-quantum,3,keygen,0.0479,0.0,0.0,0.303,1184,2400,1088,0,0,0,0,0.0,0.719,nan,edge/x86_64,unknown,3.12.3,2026-10-09T18:44:24Z
18,ML-KEM-768,post-quantum,3,encapsulate,0.1108,0.0,0.0,0.303,1184,2400,1088,0,0,0,0,0.0,1.6621,nan,edge/x86_64,unknown,3.12.3,2026-10-09T18:44:24Z
18,ML-KEM-768,post-quantum,3,decapsulate,0.1186,0.0,0.0,0.303,1184,2400,1088,0,0,0,0,0.0,1.7789,nan,edge/x86_64,unknown,3.12.3,2026-10-09T18:44:24Z
19,ML-KEM-768,post-quantum,3,keygen,0.0522,0.0,0.0,0.303,1184,2400,1088,0,0,0,0,0.0,0.7829,nan,edge/x86_64,unknown,3.12.3,2026-10-09T18:44:24Z
19,ML-KEM-768,post-quantum,3,encapsulate,0.0483,0.0,0.0,0.303,1184,2400,1088,0,0,0,0,0.0,0.7241,nan,edge/x86_64,unknown,3.12.3,2026-10-09T18:44:24Z
19,ML-KEM-768,post-quantum,3,decapsulate,0.0473,0.0,0.0,0.303,1184,2400,1088,0,0,0,0,0.0,0.7096,nan,edge/x86_64,unknown,3.12.3,2026-10-09T18:44:24Z
20,ML-KEM-768,post-quantum,3,keygen,0.0483,0.0,0.0,0.303,1184,2400,1088,0,0,0,0,0.0,0.724,nan,edge/x86_64,unknown,3.12.3,2026-10-09T18:44:24Z
20,ML-KEM-768,post-quantum,3,encapsulate,0.0739,0.0,0.0,0.303,1184,2400,1088,0,0,0,0,0.0,1.109,nan,edge/x86_64,unknown,3.12.3,2026-10-09T18:44:24Z
20,ML-KEM-768,post-quantum,3,decapsulate,0.0507,0.0,0.0,0.303,1184,2400,1088,0,0,0,0,0.0,0.7603,nan,edge/x86_64,unknown,3.12.3,2026-10-09T18:44:24Z
21,ML-KEM-768,post-quantum,3,keygen,0.0479,0.0,0.0,0.303,1184,2400,1088,0,0,0,0,0.0,0.7189,nan,edge/x86_64,unknown,3.12.3,2026-10-09T18:44:24Z
21,ML-KEM-768,post-quantum,3,encapsulate,0.0454,0.0,0.0,0.303,1184,2400,1088,0,0,0,0,0.0,0.681,nan,edge/x86_64,unknown,3.12.3,2026-10-09T18:44:24Z
21,ML-KEM-768,post-quantum,3,decapsulate,0.049,0.0,0.0,0.303,1184,2400,1088,0,0,0,0,0.0,0.7348,nan,edge/x86_64,unknown,3.12.3,2026-10-09T18:44:24Z
22,ML-KEM-768,post-quantum,3,keygen,0.0476,0.0,0.0,0.303,1184,2400,1088,0,0,0,0,0.0,0.7146,nan,edge/x86_64,unknown,3.12.3,2026-10-09T18:44:24Z
22,ML-KEM-768,post-quantum,3,encapsulate,0.0762,0.0,0.0,0.303,1184,2400,1088,0,0,0,0,0.0,1.1424,nan,edge/x86_64,unknown,3.12.3,2026-10-09T18:44:24Z
22,ML-KEM-768,post-quantum,3,decapsulate,0.0498,0.0,0.0,0.303,1184,2400,1088,0,0,0,0,0.0,0.7477,nan,edge/x86_64,unknown,3.12.3,2026-10-09T18:44:24Z
23,ML-KEM-768,post-quantum,3,keygen,0.0467,0.0,0.0,0.303,1184,2400,1088,0,0,0,0,0.0,0.7005,nan,edge/x86_64,unknown,3.12.3,2026-10-09T18:44:24Z
23,ML-KEM-768,post-quantum,3,encapsulate,0.051,0.0,0.0,0.303,1184,2400,1088,0,0,0,0,0.0,0.7649,nan,edge/x86_64,unknown,3.12.3,2026-10-09T18:44:24Z
23,ML-KEM-768,post-quantum,3,decapsulate,0.0481,0.0,0.0,0.303,1184,2400,1088,0,0,0,0,0.0,0.722,nan,edge/x86_64,unknown,3.12.3,2026-10-09T18:44:24Z
24,ML-KEM-768,post-quantum,3,keygen,0.0566,0.0,0.0,0.303,1184,2400,1088,0,0,0,0,0.0,0.8487,nan,edge/x86_64,unknown,3.12.3,2026-10-09T18:44:24Z
24,ML-KEM-768,post-quantum,3,encapsulate,0.0469,0.0,0.0,0.303,1184,2400,1088,0,0,0,0,0.0,0.7032,nan,edge/x86_64,unknown,3.12.3,2026-10-09T18:44:24Z
24,ML-KEM-768,post-quantum,3,decapsulate,0.0487,0.0,0.0,0.303,1184,2400,1088,0,0,0,0,0.0,0.7304,nan,edge/x86_64,unknown,3.12.3,2026-10-09T18:44:24Z
25,ML-KEM-768,post-quantum,3,keygen,0.0452,0.0,0.0,0.303,1184,2400,1088,0,0,0,0,0.0,0.6774,nan,edge/x86_64,unknown,3.12.3,2026-10-09T18:44:24Z
25,ML-KEM-768,post-quantum,3,encapsulate,0.0462,0.0,0.0,0.303,1184,2400,1088,0,0,0,0,0.0,0.6933,nan,edge/x86_64,unknown,3.12.3,2026-10-09T18:44:24Z
25,ML-KEM-768,post-quantum,3,decapsulate,0.0473,0.0,0.0,0.303,1184,2400,1088,0,0,0,0,0.0,0.7099,nan,edge/x86_64,unknown,3.12.3,2026-10-09T18:44:24Z
26,ML-KEM-768,post-quantum,3,keygen,0.0479,0.0,0.0,0.303,1184,2400,1088,0,0,0,0,0.0,0.7182,nan,edge/x86_64,unknown,3.12.3,2026-10-09T18:44:24Z
26,ML-KEM-768,post-quantum,3,encapsulate,0.0468,0.0,0.0,0.303,1184,2400,1088,0,0,0,0,0.0,0.7022,nan,edge/x86_64,unknown,3.12.3,2026-10-09T18:44:24Z
26,ML-KEM-768,post-quantum,3,decapsulate,0.0768,0.0,0.0,0.303,1184,2400,1088,0,0,0,0,0.0,1.1516,nan,edge/x86_64,unknown,3.12.3,2026-10-09T18:44:24Z
27,ML-KEM-768,post-quantum,3,keygen,0.0502,0.0,0.0,0.303,1184,2400,1088,0,0,0,0,0.0,0.7525,nan,edge/x86_64,unknown,3.12.3,2026-10-09T18:44:24Z
27,ML-KEM-768,post-quantum,3,encapsulate,0.0465,0.0,0.0,0.303,1184,2400,1088,0,0,0,0,0.0,0.697,nan,edge/x86_64,unknown,3.12.3,2026-10-09T18:44:24Z
27,ML-KEM-768,post-quantum,3,decapsulate,0.0478,0.0,0.0,0.303,1184,2400,1088,0,0,0,0,0.0,0.7167,nan,edge/x86_64,unknown,3.12.3,2026-10-09T18:44:24Z
28,ML-KEM-768,post-quantum,3,keygen,0.0462,0.0,0.0,0.303,1184,2400,1088,0,0,0,0,0.0,0.6927,nan,edge/x86_64,unknown,3.12.3,2026-10-09T18:44:24Z
28,ML-KEM-768,post-quantum,3,encapsulate,0.0449,0.0,0.0,0.303,1184,2400,1088,0,0,0,0,0.0,0.6728,nan,edge/x86_64,unknown,3.12.3,2026-10-09T18:44:24Z
28,ML-KEM-768,post-quantum,3,decapsulate,0.0722,0.0,0.0,0.303,1184,2400,1088,0,0,0,0,0.0,1.0837,nan,edge/x86_64,unknown,3.12.3,2026-10-09T18:44:24Z
29,ML-KEM-768,post-quantum,3,keygen,0.0498,0.0,0.0,0.303,1184,2400,1088,0,0,0,0,0.0,0.7468,nan,edge/x86_64,unknown,3.12.3,2026-10-09T18:44:24Z
29,ML-KEM-768,post-quantum,3,encapsulate,0.0522,0.0,0.0,0.303,1184,2400,1088,0,0,0,0,0.0,0.7828,nan,edge/x86_64,unknown,3.12.3,2026-10-09T18:44:24Z
29,ML-KEM-768,post-quantum,3,decapsulate,0.0516,0.0,0.0,0.303,1184,2400,1088,0,0,0,0,0.0,0.7743,nan,edge/x86_64,unknown,3.12.3,2026-10-09T18:44:24Z
30,ML-KEM-768,post-quantum,3,keygen,0.1213,0.0,0.0,0.303,1184,2400,1088,0,0,0,0,0.0,1.8202,nan,edge/x86_64,unknown,3.12.3,2026-10-09T18:44:24Z
30,ML-KEM-768,post-quantum,3,encapsulate,0.1955,0.0,0.0,0.303,1184,2400,1088,0,0,0,0,0.0,2.9324,nan,edge/x86_64,unknown,3.12.3,2026-10-09T18:44:24Z
30,ML-KEM-768,post-quantum,3,decapsulate,0.1229,0.0,0.0,0.303,1184,2400,1088,0,0,0,0,0.0,1.8433,nan,edge/x86_64,unknown,3.12.3,2026-10-09T18:44:24Z
31,ML-KEM-768,post-quantum,3,keygen,0.0519,0.0,0.0,0.303,1184,2400,1088,0,0,0,0,0.0,0.7789,nan,edge/x86_64,unknown,3.12.3,2026-10-09T18:44:24Z
31,ML-KEM-768,post-quantum,3,encapsulate,0.0467,0.0,0.0,0.303,1184,2400,1088,0,0,0,0,0.0,0.7009,nan,edge/x86_64,unknown,3.12.3,2026-10-09T18:44:24Z
31,ML-KEM-768,post-quantum,3,decapsulate,0.0493,0.0,0.0,0.303,1184,2400,1088,0,0,0,0,0.0,0.7392,nan,edge/x86_64,unknown,3.12.3,2026-10-09T18:44:24Z
32,ML-KEM-768,post-quantum,3,keygen,0.0472,0.0,0.0,0.303,1184,2400,1088,0,0,0,0,0.0,0.7082,nan,edge/x86_64,unknown,3.12.3,2026-10-09T18:44:24Z
32,ML-KEM-768,post-quantum,3,encapsulate,0.052,0.0,0.0,0.303,1184,2400,1088,0,0,0,0,0.0,0.7799,nan,edge/x86_64,unknown,3.12.3,2026-10-09T18:44:24Z
32,ML-KEM-768,post-quantum,3,decapsulate,0.0478,0.0,0.0,0.303,1184,2400,1088,0,0,0,0,0.0,0.7165,nan,edge/x86_64,unknown,3.12.3,2026-10-09T18:44:24Z
33,ML-KEM-768,post-quantum,3,keygen,0.046,0.0,0.0,0.303,1184,2400,1088,0,0,0,0,0.0,0.6901,nan,edge/x86_64,unknown,3.12.3,2026-10-09T18:44:24Z
33,ML-KEM-768,post-quantum,3,encapsulate,0.0454,0.0,0.0,0.303,1184,2400,1088,0,0,0,0,0.0,0.6812,nan,edge/x86_64,unknown,3.12.3,2026-10-09T18:44:24Z
33,ML-KEM-768,post-quantum,3,decapsulate,0.0472,0.0,0.0,0.303,1184,2400,1088,0,0,0,0,0.0,0.7087,nan,edge/x86_64,unknown,3.12.3,2026-10-09T18:44:24Z
34,ML-KEM-768,post-quantum,3,keygen,0.0486,0.0,0.0,0.303,1184,2400,1088,0,0,0,0,0.0,0.729,nan,edge/x86_64,unknown,3.12.3,2026-10-09T18:44:24Z
34,ML-KEM-768,post-quantum,3,encapsulate,0.0746,0.0,0.0,0.303,1184,2400,1088,0,0,0,0,0.0,1.1197,nan,edge/x86_64,unknown,3.12.3,2026-10-09T18:44:24Z
34,ML-KEM-768,post-quantum,3,decapsulate,0.0466,0.0,0.0,0.303,1184,2400,1088,0,0,0,0,0.0,0.6989,nan,edge/x86_64,unknown,3.12.3,2026-10-09T18:44:24Z
35,ML-KEM-768,post-quantum,3,keygen,0.0474,0.0,0.0,0.303,1184,2400,1088,0,0,0,0,0.0,0.711,nan,edge/x86_64,unknown,3.12.3,2026-10-09T18:44:24Z
35,ML-KEM-768,post-quantum,3,encapsulate,0.0467,0.0,0.0,0.303,1184,2400,1088,0,0,0,0,0.0,0.7001,nan,edge/x86_64,unknown,3.12.3,2026-10-09T18:44:24Z
35,ML-KEM-768,post-quantum,3,decapsulate,0.0461,0.0,0.0,0.303,1184,2400,1088,0,0,0,0,0.0,0.6915,nan,edge/x86_64,unknown,3.12.3,2026-10-09T18:44:24Z
36,ML-KEM-768,post-quantum,3,keygen,0.0458,0.0,0.0,0.303,1184,2400,1088,0,0,0,0,0.0,0.6876,nan,edge/x86_64,unknown,3.12.3,2026-10-09T18:44:24Z
36,ML-KEM-768,post-quantum,3,encapsulate,0.0464,0.0,0.0,0.303,1184,2400,1088,0,0,0,0,0.0,0.6962,nan,edge/x86_64,unknown,3.12.3,2026-10-09T18:44:24Z
36,ML-KEM-768,post-quantum,3,decapsulate,0.0476,0.0,0.0,0.303,1184,2400,1088,0,0,0,0,0.0,0.7134,nan,edge/x86_64,unknown,3.12.3,2026-10-09T18:44:24Z
37,ML-KEM-768,post-quantum,3,keygen,0.0487,0.0,0.0,0.303,1184,2400,1088,0,0,0,0,0.0,0.7301,nan,edge/x86_64,unknown,3.12.3,2026-10-09T18:44:24Z
37,ML-KEM-768,post-quantum,3,encapsulate,0.0474,0.0,0.0,0.303,1184,2400,1088,0,0,0,0,0.0,0.7115,nan,edge/x86_64,unknown,3.12.3,2026-10-09T18:44:24Z
37,ML-KEM-768,post-quantum,3,decapsulate,0.0482,0.0,0.0,0.303,1184,2400,1088,0,0,0,0,0.0,0.7229,nan,edge/x86_64,unknown,3.12.3,2026-10-09T18:44:24Z
38,ML-KEM-768,post-quantum,3,keygen,0.0475,0.0,0.0,0.303,1184,2400,1088,0,0,0,0,0.0,0.7122,nan,edge/x86_64,unknown,3.12.3,2026-10-09T18:44:24Z
38,ML-KEM-768,post-quantum,3,encapsulate,0.0486,0.0,0.0,0.303,1184,2400,1088,0,0,0,0,0.0,0.7286,nan,edge/x86_64,unknown,3.12.3,2026-10-09T18:44:24Z
38,ML-KEM-768,post-quantum,3,decapsulate,0.0485,0.0,0.0,0.303,1184,2400,1088,0,0,0,0,0.0,0.7279,nan,edge/x86_64,unknown,3.12.3,2026-10-09T18:44:24Z
39,ML-KEM-768,post-quantum,3,keygen,0.0458,0.0,0.0,0.303,1184,2400,1088,0,0,0,0,0.0,0.6874,nan,edge/x86_64,unknown,3.12.3,2026-10-09T18:44:24Z
39,ML-KEM-768,post-quantum,3,encapsulate,0.0451,0.0,0.0,0.303,1184,2400,1088,0,0,0,0,0.0,0.6764,nan,edge/x86_64,unknown,3.12.3,2026-10-09T18:44:24Z
39,ML-KEM-768,post-quantum,3,decapsulate,0.0587,0.0,0.0,0.303,1184,2400,1088,0,0,0,0,0.0,0.8801,nan,edge/x86_64,unknown,3.12.3,2026-10-09T18:44:24Z
40,ML-KEM-768,post-quantum,3,keygen,0.0471,0.0,0.0,0.303,1184,2400,1088,0,0,0,0,0.0,0.7065,nan,edge/x86_64,unknown,3.12.3,2026-10-09T18:44:24Z
40,ML-KEM-768,post-quantum,3,encapsulate,0.0485,0.0,0.0,0.303,1184,2400,1088,0,0,0,0,0.0,0.7271,nan,edge/x86_64,unknown,3.12.3,2026-10-09T18:44:24Z
40,ML-KEM-768,post-quantum,3,decapsulate,0.0974,0.0,0.0,0.303,1184,2400,1088,0,0,0,0,0.0,1.4613,nan,edge/x86_64,unknown,3.12.3,2026-10-09T18:44:24Z
41,ML-KEM-768,post-quantum,3,keygen,0.0508,0.0,0.0,0.303,1184,2400,1088,0,0,0,0,0.0,0.7625,nan,edge/x86_64,unknown,3.12.3,2026-10-09T18:44:24Z
41,ML-KEM-768,post-quantum,3,encapsulate,0.1301,0.0,0.0,0.303,1184,2400,1088,0,0,0,0,0.0,1.9515,nan,edge/x86_64,unknown,3.12.3,2026-10-09T18:44:24Z
41,ML-KEM-768,post-quantum,3,decapsulate,0.1149,0.0,0.0,0.303,1184,2400,1088,0,0,0,0,0.0,1.7233,nan,edge/x86_64,unknown,3.12.3,2026-10-09T18:44:24Z
42,ML-KEM-768,post-quantum,3,keygen,0.0469,0.0,0.0,0.303,1184,2400,1088,0,0,0,0,0.0,0.7041,nan,edge/x86_64,unknown,3.12.3,2026-10-09T18:44:24Z
42,ML-KEM-768,post-quantum,3,encapsulate,0.0675,0.0,0.0,0.303,1184,2400,1088,0,0,0,0,0.0,1.0129,nan,edge/x86_64,unknown,3.12.3,2026-10-09T18:44:24Z
42,ML-KEM-768,post-quantum,3,decapsulate,0.052,0.0,0.0,0.303,1184,2400,1088,0,0,0,0,0.0,0.7793,nan,edge/x86_64,unknown,3.12.3,2026-10-09T18:44:24Z
43,ML-KEM-768,post-quantum,3,keygen,0.0466,0.0,0.0,0.303,1184,2400,1088,0,0,0,0,0.0,0.6995,nan,edge/x86_64,unknown,3.12.3,2026-10-09T18:44:24Z
43,ML-KEM-768,post-quantum,3,encapsulate,0.0462,0.0,0.0,0.303,1184,2400,1088,0,0,0,0,0.0,0.6937,nan,edge/x86_64,unknown,3.12.3,2026-10-09T18:44:24Z
43,ML-KEM-768,post-quantum,3,decapsulate,0.0505,0.0,0.0,0.303,1184,2400,1088,0,0,0,0,0.0,0.7575,nan,edge/x86_64,unknown,3.12.3,2026-10-09T18:44:24Z
44,ML-KEM-768,post-quantum,3,keygen,0.0464,0.0,0.0,0.303,1184,2400,1088,0,0,0,0,0.0,0.6961,nan,edge/x86_64,unknown,3.12.3,2026-10-09T18:44:24Z
44,ML-KEM-768,post-quantum,3,encapsulate,0.0454,0.0,0.0,0.303,1184,2400,1088,0,0,0,0,0.0,0.6812,nan,edge/x86_64,unknown,3.12.3,2026-10-09T18:44:24Z
44,ML-KEM-768,post-quantum,3,decapsulate,0.049,0.0,0.0,0.303,1184,2400,1088,0,0,0,0,0.0,0.7347,nan,edge/x86_64,unknown,3.12.3,2026-10-09T18:44:24Z
45,ML-KEM-768,post-quantum,3,keygen,0.0452,0.0,0.0,0.303,1184,2400,1088,0,0,0,0,0.0,0.6779,nan,edge/x86_64,unknown,3.12.3,2026-10-09T18:44:24Z
45,ML-KEM-768,post-quantum,3,encapsulate,0.046,0.0,0.0,0.303,1184,2400,1088,0,0,0,0,0.0,0.6896,nan,edge/x86_64,unknown,3.12.3,2026-10-09T18:44:24Z
45,ML-KEM-768,post-quantum,3,decapsulate,0.0468,0.0,0.0,0.303,1184,2400,1088,0,0,0,0,0.0,0.7022,nan,edge/x86_64,unknown,3.12.3,2026-10-09T18:44:24Z
46,ML-KEM-768,post-quantum,3,keygen,0.0534,0.0,0.0,0.303,1184,2400,1088,0,0,0,0,0.0,0.8013,nan,edge/x86_64,unknown,3.12.3,2026-10-09T18:44:24Z
46,ML-KEM-768,post-quantum,3,encapsulate,0.0565,0.0,0.0,0.303,1184,2400,1088,0,0,0,0,0.0,0.8468,nan,edge/x86_64,unknown,3.12.3,2026-10-09T18:44:24Z
46,ML-KEM-768,post-quantum,3,decapsulate,0.0482,0.0,0.0,0.303,1184,2400,1088,0,0,0,0,0.0,0.7224,nan,edge/x86_64,unknown,3.12.3,2026-10-09T18:44:24Z
47,ML-KEM-768,post-quantum,3,keygen,0.0489,0.0,0.0,0.303,1184,2400,1088,0,0,0,0,0.0,0.7329,nan,edge/x86_64,unknown,3.12.3,2026-10-09T18:44:24Z
47,ML-KEM-768,post-quantum,3,encapsulate,0.0469,0.0,0.0,0.303,1184,2400,1088,0,0,0,0,0.0,0.7038,nan,edge/x86_64,unknown,3.12.3,2026-10-09T18:44:24Z
47,ML-KEM-768,post-quantum,3,decapsulate,0.0557,0.0,0.0,0.303,1184,2400,1088,0,0,0,0,0.0,0.8348,nan,edge/x86_64,unknown,3.12.3,2026-10-09T18:44:24Z
48,ML-KEM-768,post-quantum,3,keygen,0.0464,0.0,0.0,0.303,1184,2400,1088,0,0,0,0,0.0,0.6957,nan,edge/x86_64,unknown,3.12.3,2026-10-09T18:44:24Z
48,ML-KEM-768,post-quantum,3,encapsulate,0.0464,0.0,0.0,0.303,1184,2400,1088,0,0,0,0,0.0,0.6961,nan,edge/x86_64,unknown,3.12.3,2026-10-09T18:44:24Z
48,ML-KEM-768,post-quantum,3,decapsulate,0.0792,0.0,0.0,0.303,1184,2400,1088,0,0,0,0,0.0,1.1873,nan,edge/x86_64,unknown,3.12.3,2026-10-09T18:44:24Z
49,ML-KEM-768,post-quantum,3,keygen,0.049,0.0,0.0,0.303,1184,2400,1088,0,0,0,0,0.0,0.7343,nan,edge/x86_64,unknown,3.12.3,2026-10-09T18:44:24Z
49,ML-KEM-768,post-quantum,3,encapsulate,0.0464,0.0,0.0,0.303,1184,2400,1088,0,0,0,0,0.0,0.6965,nan,edge/x86_64,unknown,3.12.3,2026-10-09T18:44:24Z
49,ML-KEM-768,post-quantum,3,decapsulate,0.0472,0.0,0.0,0.303,1184,2400,1088,0,0,0,0,0.0,0.7085,nan,edge/x86_64,unknown,3.12.3,2026-10-09T18:44:24Z
50,ML-KEM-768,post-quantum,3,keygen,0.0468,0.0,0.0,0.303,1184,2400,1088,0,0,0,0,0.0,0.7013,nan,edge/x86_64,unknown,3.12.3,2026-10-09T18:44:24Z
50,ML-KEM-768,post-quantum,3,encapsulate,0.045,0.0,0.0,0.303,1184,2400,1088,0,0,0,0,0.0,0.6756,nan,edge/x86_64,unknown,3.12.3,2026-10-09T18:44:24Z
50,ML-KEM-768,post-quantum,3,decapsulate,0.0459,0.0,0.0,0.303,1184,2400,1088,0,0,0,0,0.0,0.6882,nan,edge/x86_64,unknown,3.12.3,2026-10-09T18:44:24Z
51,ML-KEM-768,post-quantum,3,keygen,0.0659,0.0,0.0,0.303,1184,2400,1088,0,0,0,0,0.0,0.9892,nan,edge/x86_64,unknown,3.12.3,2026-10-09T18:44:24Z
51,ML-KEM-768,post-quantum,3,encapsulate,0.0614,0.0,0.0,0.303,1184,2400,1088,0,0,0,0,0.0,0.9213,nan,edge/x86_64,unknown,3.12.3,2026-10-09T18:44:24Z
51,ML-KEM-768,post-quantum,3,decapsulate,0.0473,0.0,0.0,0.303,1184,2400,1088,0,0,0,0,0.0,0.7093,nan,edge/x86_64,unknown,3.12.3,2026-10-09T18:44:24Z
52,ML-KEM-768,post-quantum,3,keygen,0.0507,0.0,0.0,0.303,1184,2400,1088,0,0,0,0,0.0,0.7612,nan,edge/x86_64,unknown,3.12.3,2026-10-09T18:44:24Z
52,ML-KEM-768,post-quantum,3,encapsulate,0.0479,0.0,0.0,0.303,1184,2400,1088,0,0,0,0,0.0,0.7181,nan,edge/x86_64,unknown,3.12.3,2026-10-09T18:44:24Z
52,ML-KEM-768,post-quantum,3,decapsulate,0.0665,0.0,0.0,0.303,1184,2400,1088,0,0,0,0,0.0,0.9968,nan,edge/x86_64,unknown,3.12.3,2026-10-09T18:44:24Z
53,ML-KEM-768,post-quantum,3,keygen,0.0572,0.0,0.0,0.303,1184,2400,1088,0,0,0,0,0.0,0.8574,nan,edge/x86_64,unknown,3.12.3,2026-10-09T18:44:24Z
53,ML-KEM-768,post-quantum,3,encapsulate,0.0491,0.0,0.0,0.303,1184,2400,1088,0,0,0,0,0.0,0.7365,nan,edge/x86_64,unknown,3.12.3,2026-10-09T18:44:24Z
53,ML-KEM-768,post-quantum,3,decapsulate,0.0457,0.0,0.0,0.303,1184,2400,1088,0,0,0,0,0.0,0.686,nan,edge/x86_64,unknown,3.12.3,2026-10-09T18:44:24Z
54,ML-KEM-768,post-quantum,3,keygen,0.0466,0.0,0.0,0.303,1184,2400,1088,0,0,0,0,0.0,0.6993,nan,edge/x86_64,unknown,3.12.3,2026-10-09T18:44:24Z
54,ML-KEM-768,post-quantum,3,encapsulate,0.0468,0.0,0.0,0.303,1184,2400,1088,0,0,0,0,0.0,0.7019,nan,edge/x86_64,unknown,3.12.3,2026-10-09T18:44:24Z
54,ML-KEM-768,post-quantum,3,decapsulate,0.0696,0.0,0.0,0.303,1184,2400,1088,0,0,0,0,0.0,1.044,nan,edge/x86_64,unknown,3.12.3,2026-10-09T18:44:24Z
55,ML-KEM-768,post-quantum,3,keygen,0.0471,0.0,0.0,0.303,1184,2400,1088,0,0,0,0,0.0,0.7068,nan,edge/x86_64,unknown,3.12.3,2026-10-09T18:44:24Z
55,ML-KEM-768,post-quantum,3,encapsulate,0.0461,0.0,0.0,0.303,1184,2400,1088,0,0,0,0,0.0,0.6908,nan,edge/x86_64,unknown,3.12.3,2026-10-09T18:44:24Z
55,ML-KEM-768,post-quantum,3,decapsulate,0.0474,0.0,0.0,0.303,1184,2400,1088,0,0,0,0,0.0,0.7109,nan,edge/x86_64,unknown,3.12.3,2026-10-09T18:44:24Z
56,ML-KEM-768,post-quantum,3,keygen,0.0455,0.0,0.0,0.303,1184,2400,1088,0,0,0,0,0.0,0.6831,nan,edge/x86_64,unknown,3.12.3,2026-10-09T18:44:24Z
56,ML-KEM-768,post-quantum,3,encapsulate,0.0442,0.0,0.0,0.303,1184,2400,1088,0,0,0,0,0.0,0.6636,nan,edge/x86_64,unknown,3.12.3,2026-10-09T18:44:24Z
56,ML-KEM-768,post-quantum,3,decapsulate,0.0456,0.0,0.0,0.303,1184,2400,1088,0,0,0,0,0.0,0.6841,nan,edge/x86_64,unknown,3.12.3,2026-10-09T18:44:24Z
57,ML-KEM-768,post-quantum,3,keygen,0.0452,0.0,0.0,0.303,1184,2400,1088,0,0,0,0,0.0,0.6779,nan,edge/x86_64,unknown,3.12.3,2026-10-09T18:44:24Z
57,ML-KEM-768,post-quantum,3,encapsulate,0.0458,0.0,0.0,0.303,1184,2400,1088,0,0,0,0,0.0,0.6866,nan,edge/x86_64,unknown,3.12.3,2026-10-09T18:44:24Z
57,ML-KEM-768,post-quantum,3,decapsulate,0.0467,0.0,0.0,0.303,1184,2400,1088,0,0,0,0,0.0,0.701,nan,edge/x86_64,unknown,3.12.3,2026-10-09T18:44:24Z
58,ML-KEM-768,post-quantum,3,keygen,0.0456,0.0,0.0,0.303,1184,2400,1088,0,0,0,0,0.0,0.6838,nan,edge/x86_64,unknown,3.12.3,2026-10-09T18:44:24Z
58,ML-KEM-768,post-quantum,3,encapsulate,0.0532,0.0,0.0,0.303,1184,2400,1088,0,0,0,0,0.0,0.7979,nan,edge/x86_64,unknown,3.12.3,2026-10-09T18:44:24Z
58,ML-KEM-768,post-quantum,3,decapsulate,0.0523,0.0,0.0,0.303,1184,2400,1088,0,0,0,0,0.0,0.7843,nan,edge/x86_64,unknown,3.12.3,2026-10-09T18:44:24Z
59,ML-KEM-768,post-quantum,3,keygen,0.0582,0.0,0.0,0.303,1184,2400,1088,0,0,0,0,0.0,0.8737,nan,edge/x86_64,unknown,3.12.3,2026-10-09T18:44:24Z
59,ML-KEM-768,post-quantum,3,encapsulate,0.0515,0.0,0.0,0.303,1184,2400,1088,0,0,0,0,0.0,0.7727,nan,edge/x86_64,unknown,3.12.3,2026-10-09T18:44:24Z
59,ML-KEM-768,post-quantum,3,decapsulate,0.0477,0.0,0.0,0.303,1184,2400,1088,0,0,0,0,0.0,0.7156,nan,edge/x86_64,unknown,3.12.3,2026-10-09T18:44:24Z
60,ML-KEM-768,post-quantum,3,keygen,0.0666,0.0,0.0,0.303,1184,2400,1088,0,0,0,0,0.0,0.9993,nan,edge/x86_64,unknown,3.12.3,2026-10-09T18:44:24Z
60,ML-KEM-768,post-quantum,3,encapsulate,0.1867,0.0,0.0,0.303,1184,2400,1088,0,0,0,0,0.0,2.7998,nan,edge/x86_64,unknown,3.12.3,2026-10-09T18:44:24Z
60,ML-KEM-768,post-quantum,3,decapsulate,0.0576,0.0,0.0,0.303,1184,2400,1088,0,0,0,0,0.0,0.8644,nan,edge/x86_64,unknown,3.12.3,2026-10-09T18:44:24Z
61,ML-KEM-768,post-quantum,3,keygen,0.0573,0.0,0.0,0.303,1184,2400,1088,0,0,0,0,0.0,0.8596,nan,edge/x86_64,unknown,3.12.3,2026-10-09T18:44:24Z
61,ML-KEM-768,post-quantum,3,encapsulate,0.0541,0.0,0.0,0.303,1184,2400,1088,0,0,0,0,0.0,0.812,nan,edge/x86_64,unknown,3.12.3,2026-10-09T18:44:24Z
61,ML-KEM-768,post-quantum,3,decapsulate,0.0505,0.0,0.0,0.303,1184,2400,1088,0,0,0,0,0.0,0.7576,nan,edge/x86_64,unknown,3.12.3,2026-10-09T18:44:24Z
62,ML-KEM-768,post-quantum,3,keygen,0.0464,0.0,0.0,0.303,1184,2400,1088,0,0,0,0,0.0,0.6963,nan,edge/x86_64,unknown,3.12.3,2026-10-09T18:44:24Z
62,ML-KEM-768,post-quantum,3,encapsulate,0.047,0.0,0.0,0.303,1184,2400,1088,0,0,0,0,0.0,0.7052,nan,edge/x86_64,unknown,3.12.3,2026-10-09T18:44:24Z
62,ML-KEM-768,post-quantum,3,decapsulate,0.0475,0.0,0.0,0.303,1184,2400,1088,0,0,0,0,0.0,0.7123,nan,edge/x86_64,unknown,3.12.3,2026-10-09T18:44:24Z
63,ML-KEM-768,post-quantum,3,keygen,0.0463,0.0,0.0,0.303,1184,2400,1088,0,0,0,0,0.0,0.6938,nan,edge/x86_64,unknown,3.12.3,2026-10-09T18:44:24Z
63,ML-KEM-768,post-quantum,3,encapsulate,0.0497,0.0,0.0,0.303,1184,2400,1088,0,0,0,0,0.0,0.745,nan,edge/x86_64,unknown,3.12.3,2026-10-09T18:44:24Z
63,ML-KEM-768,post-quantum,3,decapsulate,0.0484,0.0,0.0,0.303,1184,2400,1088,0,0,0,0,0.0,0.7267,nan,edge/x86_64,unknown,3.12.3,2026-10-09T18:44:24Z
64,ML-KEM-768,post-quantum,3,keygen,0.0939,0.0,0.0,0.303,1184,2400,1088,0,0,0,0,0.0,1.409,nan,edge/x86_64,unknown,3.12.3,2026-10-09T18:44:24Z
64,ML-KEM-768,post-quantum,3,encapsulate,0.0499,0.0,0.0,0.303,1184,2400,1088,0,0,0,0,0.0,0.7485,nan,edge/x86_64,unknown,3.12.3,2026-10-09T18:44:24Z
64,ML-KEM-768,post-quantum,3,decapsulate,0.0485,0.0,0.0,0.303,1184,2400,1088,0,0,0,0,0.0,0.7271,nan,edge/x86_64,unknown,3.12.3,2026-10-09T18:44:24Z
65,ML-KEM-768,post-quantum,3,keygen,0.0458,0.0,0.0,0.303,1184,2400,1088,0,0,0,0,0.0,0.6877,nan,edge/x86_64,unknown,3.12.3,2026-10-09T18:44:24Z
65,ML-KEM-768,post-quantum,3,encapsulate,0.0508,0.0,0.0,0.303,1184,2400,1088,0,0,0,0,0.0,0.7617,nan,edge/x86_64,unknown,3.12.3,2026-10-09T18:44:24Z
65,ML-KEM-768,post-quantum,3,decapsulate,0.0482,0.0,0.0,0.303,1184,2400,1088,0,0,0,0,0.0,0.7231,nan,edge/x86_64,unknown,3.12.3,2026-10-09T18:44:24Z
66,ML-KEM-768,post-quantum,3,keygen,0.0459,0.0,0.0,0.303,1184,2400,1088,0,0,0,0,0.0,0.6881,nan,edge/x86_64,unknown,3.12.3,2026-10-09T18:44:24Z
66,ML-KEM-768,post-quantum,3,encapsulate,0.073,0.0,0.0,0.303,1184,2400,1088,0,0,0,0,0.0,1.0948,nan,edge/x86_64,unknown,3.12.3,2026-10-09T18:44:24Z
66,ML-KEM-768,post-quantum,3,decapsulate,0.0527,0.0,0.0,0.303,1184,2400,1088,0,0,0,0,0.0,0.7912,nan,edge/x86_64,unknown,3.12.3,2026-10-09T18:44:24Z
67,ML-KEM-768,post-quantum,3,keygen,0.0481,0.0,0.0,0.303,1184,2400,1088,0,0,0,0,0.0,0.7222,nan,edge/x86_64,unknown,3.12.3,2026-10-09T18:44:24Z
67,ML-KEM-768,post-quantum,3,encapsulate,0.0465,0.0,0.0,0.303,1184,2400,1088,0,0,0,0,0.0,0.6969,nan,edge/x86_64,unknown,3.12.3,2026-10-09T18:44:24Z
67,ML-KEM-768,post-quantum,3,decapsulate,0.0473,0.0,0.0,0.303,1184,2400,1088,0,0,0,0,0.0,0.7099,nan,edge/x86_64,unknown,3.12.3,2026-10-09T18:44:24Z
68,ML-KEM-768,post-quantum,3,keygen,0.0512,0.0,0.0,0.303,1184,2400,1088,0,0,0,0,0.0,0.7679,nan,edge/x86_64,unknown,3.12.3,2026-10-09T18:44:24Z
68,ML-KEM-768,post-quantum,3,encapsulate,0.0466,0.0,0.0,0.303,1184,2400,1088,0,0,0,0,0.0,0.6992,nan,edge/x86_64,unknown,3.12.3,2026-10-09T18:44:24Z
68,ML-KEM-768,post-quantum,3,decapsulate,0.0508,0.0,0.0,0.303,1184,2400,1088,0,0,0,0,0.0,0.7627,nan,edge/x86_64,unknown,3.12.3,2026-10-09T18:44:24Z
69,ML-KEM-768,post-quantum,3,keygen,0.0498,0.0,0.0,0.303,1184,2400,1088,0,0,0,0,0.0,0.7467,nan,edge/x86_64,unknown,3.12.3,2026-10-09T18:44:24Z
69,ML-KEM-768,post-quantum,3,encapsulate,0.0489,0.0,0.0,0.303,1184,2400,1088,0,0,0,0,0.0,0.7333,nan,edge/x86_64,unknown,3.12.3,2026-10-09T18:44:24Z
69,ML-KEM-768,post-quantum,3,decapsulate,0.0543,0.0,0.0,0.303,1184,2400,1088,0,0,0,0,0.0,0.814,nan,edge/x86_64,unknown,3.12.3,2026-10-09T18:44:24Z
70,ML-KEM-768,post-quantum,3,keygen,0.0506,0.0,0.0,0.303,1184,2400,1088,0,0,0,0,0.0,0.7585,nan,edge/x86_64,unknown,3.12.3,2026-10-09T18:44:24Z
70,ML-KEM-768,post-quantum,3,encapsulate,0.0895,0.0,0.0,0.303,1184,2400,1088,0,0,0,0,0.0,1.3432,nan,edge/x86_64,unknown,3.12.3,2026-10-09T18:44:24Z
70,ML-KEM-768,post-quantum,3,decapsulate,0.0522,0.0,0.0,0.303,1184,2400,1088,0,0,0,0,0.0,0.7828,nan,edge/x86_64,unknown,3.12.3,2026-10-09T18:44:24Z
71,ML-KEM-768,post-quantum,3,keygen,0.0532,0.0,0.0,0.303,1184,2400,1088,0,0,0,0,0.0,0.7975,nan,edge/x86_64,unknown,3.12.3,2026-10-09T18:44:24Z
71,ML-KEM-768,post-quantum,3,encapsulate,0.0499,0.0,0.0,0.303,1184,2400,1088,0,0,0,0,0.0,0.7481,nan,edge/x86_64,unknown,3.12.3,2026-10-09T18:44:24Z
71,ML-KEM-768,post-quantum,3,decapsulate,0.057,0.0,0.0,0.303,1184,2400,1088,0,0,0,0,0.0,0.8545,nan,edge/x86_64,unknown,3.12.3,2026-10-09T18:44:24Z
72,ML-KEM-768,post-quantum,3,keygen,0.0991,0.0,0.0,0.303,1184,2400,1088,0,0,0,0,0.0,1.4858,nan,edge/x86_64,unknown,3.12.3,2026-10-09T18:44:24Z
72,ML-KEM-768,post-quantum,3,encapsulate,0.0497,0.0,0.0,0.303,1184,2400,1088,0,0,0,0,0.0,0.7462,nan,edge/x86_64,unknown,3.12.3,2026-10-09T18:44:24Z
72,ML-KEM-768,post-quantum,3,decapsulate,0.0476,0.0,0.0,0.303,1184,2400,1088,0,0,0,0,0.0,0.7135,nan,edge/x86_64,unknown,3.12.3,2026-10-09T18:44:24Z
73,ML-KEM-768,post-quantum,3,keygen,0.0465,0.0,0.0,0.303,1184,2400,1088,0,0,0,0,0.0,0.6972,nan,edge/x86_64,unknown,3.12.3,2026-10-09T18:44:24Z
73,ML-KEM-768,post-quantum,3,encapsulate,0.0578,0.0,0.0,0.303,1184,2400,1088,0,0,0,0,0.0,0.867,nan,edge/x86_64,unknown,3.12.3,2026-10-09T18:44:24Z
73,ML-KEM-768,post-quantum,3,decapsulate,0.0464,0.0,0.0,0.303,1184,2400,1088,0,0,0,0,0.0,0.6959,nan,edge/x86_64,unknown,3.12.3,2026-10-09T18:44:24Z
74,ML-KEM-768,post-quantum,3,keygen,0.0456,0.0,0.0,0.303,1184,2400,1088,0,0,0,0,0.0,0.6839,nan,edge/x86_64,unknown,3.12.3,2026-10-09T18:44:24Z
74,ML-KEM-768,post-quantum,3,encapsulate,0.0471,0.0,0.0,0.303,1184,2400,1088,0,0,0,0,0.0,0.7069,nan,edge/x86_64,unknown,3.12.3,2026-10-09T18:44:24Z
74,ML-KEM-768,post-quantum,3,decapsulate,0.0475,0.0,0.0,0.303,1184,2400,1088,0,0,0,0,0.0,0.7121,nan,edge/x86_64,unknown,3.12.3,2026-10-09T18:44:24Z
75,ML-KEM-768,post-quantum,3,keygen,0.0454,0.0,0.0,0.303,1184,2400,1088,0,0,0,0,0.0,0.6815,nan,edge/x86_64,unknown,3.12.3,2026-10-09T18:44:24Z
75,ML-KEM-768,post-quantum,3,encapsulate,0.0617,0.0,0.0,0.303,1184,2400,1088,0,0,0,0,0.0,0.9248,nan,edge/x86_64,unknown,3.12.3,2026-10-09T18:44:24Z
75,ML-KEM-768,post-quantum,3,decapsulate,0.0453,0.0,0.0,0.303,1184,2400,1088,0,0,0,0,0.0,0.6796,nan,edge/x86_64,unknown,3.12.3,2026-10-09T18:44:24Z
76,ML-KEM-768,post-quantum,3,keygen,0.053,0.0,0.0,0.303,1184,2400,1088,0,0,0,0,0.0,0.795,nan,edge/x86_64,unknown,3.12.3,2026-10-09T18:44:24Z
76,ML-KEM-768,post-quantum,3,encapsulate,0.0595,0.0,0.0,0.303,1184,2400,1088,0,0,0,0,0.0,0.8923,nan,edge/x86_64,unknown,3.12.3,2026-10-09T18:44:24Z
76,ML-KEM-768,post-quantum,3,decapsulate,0.053,0.0,0.0,0.303,1184,2400,1088,0,0,0,0,0.0,0.7943,nan,edge/x86_64,unknown,3.12.3,2026-10-09T18:44:24Z
77,ML-KEM-768,post-quantum,3,keygen,0.051,0.0,0.0,0.303,1184,2400,1088,0,0,0,0,0.0,0.7657,nan,edge/x86_64,unknown,3.12.3,2026-10-09T18:44:24Z
77,ML-KEM-768,post-quantum,3,encapsulate,0.0564,0.0,0.0,0.303,1184,2400,1088,0,0,0,0,0.0,0.8463,nan,edge/x86_64,unknown,3.12.3,2026-10-09T18:44:24Z
77,ML-KEM-768,post-quantum,3,decapsulate,0.0492,0.0,0.0,0.303,1184,2400,1088,0,0,0,0,0.0,0.738,nan,edge/x86_64,unknown,3.12.3,2026-10-09T18:44:24Z
78,ML-KEM-768,post-quantum,3,keygen,0.0468,0.0,0.0,0.303,1184,2400,1088,0,0,0,0,0.0,0.702,nan,edge/x86_64,unknown,3.12.3,2026-10-09T18:44:24Z
78,ML-KEM-768,post-quantum,3,encapsulate,0.0551,0.0,0.0,0.303,1184,2400,1088,0,0,0,0,0.0,0.8267,nan,edge/x86_64,unknown,3.12.3,2026-10-09T18:44:24Z
78,ML-KEM-768,post-quantum,3,decapsulate,0.0517,0.0,0.0,0.303,1184,2400,1088,0,0,0,0,0.0,0.7755,nan,edge/x86_64,unknown,3.12.3,2026-10-09T18:44:24Z
79,ML-KEM-768,post-quantum,3,keygen,0.0489,0.0,0.0,0.303,1184,2400,1088,0,0,0,0,0.0,0.734,nan,edge/x86_64,unknown,3.12.3,2026-10-09T18:44:24Z
79,ML-KEM-768,post-quantum,3,encapsulate,0.0477,0.0,0.0,0.303,1184,2400,1088,0,0,0,0,0.0,0.7153,nan,edge/x86_64,unknown,3.12.3,2026-10-09T18:44:24Z
79,ML-KEM-768,post-quantum,3,decapsulate,0.055,0.0,0.0,0.303,1184,2400,1088,0,0,0,0,0.0,0.8255,nan,edge/x86_64,unknown,3.12.3,2026-10-09T18:44:24Z
80,ML-KEM-768,post-quantum,3,keygen,0.0456,0.0,0.0,0.303,1184,2400,1088,0,0,0,0,0.0,0.6834,nan,edge/x86_64,unknown,3.12.3,2026-10-09T18:44:24Z
80,ML-KEM-768,post-quantum,3,encapsulate,0.045,0.0,0.0,0.303,1184,2400,1088,0,0,0,0,0.0,0.6755,nan,edge/x86_64,unknown,3.12.3,2026-10-09T18:44:24Z
80,ML-KEM-768,post-quantum,3,decapsulate,0.0502,0.0,0.0,0.303,1184,2400,1088,0,0,0,0,0.0,0.7524,nan,edge/x86_64,unknown,3.12.3,2026-10-09T18:44:24Z
81,ML-KEM-768,post-quantum,3,keygen,0.0458,0.0,0.0,0.303,1184,2400,1088,0,0,0,0,0.0,0.687,nan,edge/x86_64,unknown,3.12.3,2026-10-09T18:44:24Z
81,ML-KEM-768,post-quantum,3,encapsulate,0.0453,0.0,0.0,0.303,1184,2400,1088,0,0,0,0,0.0,0.6802,nan,edge/x86_64,unknown,3.12.3,2026-10-09T18:44:24Z
81,ML-KEM-768,post-quantum,3,decapsulate,0.0499,0.0,0.0,0.303,1184,2400,1088,0,0,0,0,0.0,0.7486,nan,edge/x86_64,unknown,3.12.3,2026-10-09T18:44:24Z
82,ML-KEM-768,post-quantum,3,keygen,0.0505,0.0,0.0,0.303,1184,2400,1088,0,0,0,0,0.0,0.7573,nan,edge/x86_64,unknown,3.12.3,2026-10-09T18:44:24Z
82,ML-KEM-768,post-quantum,3,encapsulate,0.0476,0.0,0.0,0.303,1184,2400,1088,0,0,0,0,0.0,0.7147,nan,edge/x86_64,unknown,3.12.3,2026-10-09T18:44:24Z
82,ML-KEM-768,post-quantum,3,decapsulate,0.0524,0.0,0.0,0.303,1184,2400,1088,0,0,0,0,0.0,0.7863,nan,edge/x86_64,unknown,3.12.3,2026-10-09T18:44:24Z
83,ML-KEM-768,post-quantum,3,keygen,0.0477,0.0,0.0,0.303,1184,2400,1088,0,0,0,0,0.0,0.7159,nan,edge/x86_64,unknown,3.12.3,2026-10-09T18:44:24Z
83,ML-KEM-768,post-quantum,3,encapsulate,0.0925,0.0,0.0,0.303,1184,2400,1088,0,0,0,0,0.0,1.3882,nan,edge/x86_64,unknown,3.12.3,2026-10-09T18:44:24Z
83,ML-KEM-768,post-quantum,3,decapsulate,0.0489,0.0,0.0,0.303,1184,2400,1088,0,0,0,0,0.0,0.7337,nan,edge/x86_64,unknown,3.12.3,2026-10-09T18:44:24Z
84,ML-KEM-768,post-quantum,3,keygen,0.0695,0.0,0.0,0.303,1184,2400,1088,0,0,0,0,0.0,1.0428,nan,edge/x86_64,unknown,3.12.3,2026-10-09T18:44:24Z
84,ML-KEM-768,post-quantum,3,encapsulate,0.0542,0.0,0.0,0.303,1184,2400,1088,0,0,0,0,0.0,0.8137,nan,edge/x86_64,unknown,3.12.3,2026-10-09T18:44:24Z
84,ML-KEM-768,post-quantum,3,decapsulate,0.0479,0.0,0.0,0.303,1184,2400,1088,0,0,0,0,0.0,0.7182,nan,edge/x86_64,unknown,3.12.3,2026-10-09T18:44:24Z
85,ML-KEM-768,post-quantum,3,keygen,0.0466,0.0,0.0,0.303,1184,2400,1088,0,0,0,0,0.0,0.6985,nan,edge/x86_64,unknown,3.12.3,2026-10-09T18:44:24Z
85,ML-KEM-768,post-quantum,3,encapsulate,0.0479,0.0,0.0,0.303,1184,2400,1088,0,0,0,0,0.0,0.7192,nan,edge/x86_64,unknown,3.12.3,2026-10-09T18:44:24Z
85,ML-KEM-768,post-quantum,3,decapsulate,0.0482,0.0,0.0,0.303,1184,2400,1088,0,0,0,0,0.0,0.7236,nan,edge/x86_64,unknown,3.12.3,2026-10-09T18:44:24Z
86,ML-KEM-768,post-quantum,3,keygen,0.0508,0.0,0.0,0.303,1184,2400,1088,0,0,0,0,0.0,0.7615,nan,edge/x86_64,unknown,3.12.3,2026-10-09T18:44:24Z
86,ML-KEM-768,post-quantum,3,encapsulate,0.0491,0.0,0.0,0.303,1184,2400,1088,0,0,0,0,0.0,0.7367,nan,edge/x86_64,unknown,3.12.3,2026-10-09T18:44:24Z
86,ML-KEM-768,post-quantum,3,decapsulate,0.0483,0.0,0.0,0.303,1184,2400,1088,0,0,0,0,0.0,0.7245,nan,edge/x86_64,unknown,3.12.3,2026-10-09T18:44:24Z
87,ML-KEM-768,post-quantum,3,keygen,0.0465,0.0,0.0,0.303,1184,2400,1088,0,0,0,0,0.0,0.6969,nan,edge/x86_64,unknown,3.12.3,2026-10-09T18:44:24Z
87,ML-KEM-768,post-quantum,3,encapsulate,0.0659,0.0,0.0,0.303,1184,2400,1088,0,0,0,0,0.0,0.9882,nan,edge/x86_64,unknown,3.12.3,2026-10-09T18:44:24Z
87,ML-KEM-768,post-quantum,3,decapsulate,0.0493,0.0,0.0,0.303,1184,2400,1088,0,0,0,0,0.0,0.7396,nan,edge/x86_64,unknown,3.12.3,2026-10-09T18:44:24Z
88,ML-KEM-768,post-quantum,3,keygen,0.0484,0.0,0.0,0.303,1184,2400,1088,0,0,0,0,0.0,0.726,nan,edge/x86_64,unknown,3.12.3,2026-10-09T18:44:24Z
88,ML-KEM-768,post-quantum,3,encapsulate,0.0809,0.0,0.0,0.303,1184,2400,1088,0,0,0,0,0.0,1.2137,nan,edge/x86_64,unknown,3.12.3,2026-10-09T18:44:24Z
88,ML-KEM-768,post-quantum,3,decapsulate,0.0543,0.0,0.0,0.303,1184,2400,1088,0,0,0,0,0.0,0.8146,nan,edge/x86_64,unknown,3.12.3,2026-10-09T18:44:24Z
89,ML-KEM-768,post-quantum,3,keygen,0.0511,0.0,0.0,0.303,1184,2400,1088,0,0,0,0,0.0,0.7662,nan,edge/x86_64,unknown,3.12.3,2026-10-09T18:44:24Z
89,ML-KEM-768,post-quantum,3,encapsulate,0.0488,0.0,0.0,0.303,1184,2400,1088,0,0,0,0,0.0,0.7317,nan,edge/x86_64,unknown,3.12.3,2026-10-09T18:44:24Z
89,ML-KEM-768,post-quantum,3,decapsulate,0.0475,0.0,0.0,0.303,1184,2400,1088,0,0,0,0,0.0,0.7131,nan,edge/x86_64,unknown,3.12.3,2026-10-09T18:44:24Z
90,ML-KEM-768,post-quantum,3,keygen,0.0458,0.0,0.0,0.303,1184,2400,1088,0,0,0,0,0.0,0.6864,nan,edge/x86_64,unknown,3.12.3,2026-10-09T18:44:24Z
90,ML-KEM-768,post-quantum,3,encapsulate,0.0673,0.0,0.0,0.303,1184,2400,1088,0,0,0,0,0.0,1.0099,nan,edge/x86_64,unknown,3.12.3,2026-10-09T18:44:24Z
90,ML-KEM-768,post-quantum,3,decapsulate,0.056,0.0,0.0,0.303,1184,2400,1088,0,0,0,0,0.0,0.8393,nan,edge/x86_64,unknown,3.12.3,2026-10-09T18:44:24Z
91,ML-KEM-768,post-quantum,3,keygen,0.0492,0.0,0.0,0.303,1184,2400,1088,0,0,0,0,0.0,0.7375,nan,edge/x86_64,unknown,3.12.3,2026-10-09T18:44:24Z
91,ML-KEM-768,post-quantum,3,encapsulate,0.0463,0.0,0.0,0.303,1184,2400,1088,0,0,0,0,0.0,0.6947,nan,edge/x86_64,unknown,3.12.3,2026-10-09T18:44:24Z
91,ML-KEM-768,post-quantum,3,decapsulate,0.0572,0.0,0.0,0.303,1184,2400,1088,0,0,0,0,0.0,0.8583,nan,edge/x86_64,unknown,3.12.3,2026-10-09T18:44:24Z
92,ML-KEM-768,post-quantum,3,keygen,0.1061,0.0,0.0,0.303,1184,2400,1088,0,0,0,0,0.0,1.592,nan,edge/x86_64,unknown,3.12.3,2026-10-09T18:44:24Z
92,ML-KEM-768,post-quantum,3,encapsulate,0.0645,0.0,0.0,0.303,1184,2400,1088,0,0,0,0,0.0,0.9679,nan,edge/x86_64,unknown,3.12.3,2026-10-09T18:44:24Z
92,ML-KEM-768,post-quantum,3,decapsulate,0.0515,0.0,0.0,0.303,1184,2400,1088,0,0,0,0,0.0,0.7719,nan,edge/x86_64,unknown,3.12.3,2026-10-09T18:44:24Z
93,ML-KEM-768,post-quantum,3,keygen,0.0922,0.0,0.0,0.303,1184,2400,1088,0,0,0,0,0.0,1.3827,nan,edge/x86_64,unknown,3.12.3,2026-10-09T18:44:24Z
93,ML-KEM-768,post-quantum,3,encapsulate,0.046,0.0,0.0,0.303,1184,2400,1088,0,0,0,0,0.0,0.6901,nan,edge/x86_64,unknown,3.12.3,2026-10-09T18:44:24Z
93,ML-KEM-768,post-quantum,3,decapsulate,0.0466,0.0,0.0,0.303,1184,2400,1088,0,0,0,0,0.0,0.6989,nan,edge/x86_64,unknown,3.12.3,2026-10-09T18:44:24Z
94,ML-KEM-768,post-quantum,3,keygen,0.0811,0.0,0.0,0.303,1184,2400,1088,0,0,0,0,0.0,1.216,nan,edge/x86_64,unknown,3.12.3,2026-10-09T18:44:24Z
94,ML-KEM-768,post-quantum,3,encapsulate,0.0497,0.0,0.0,0.303,1184,2400,1088,0,0,0,0,0.0,0.7453,nan,edge/x86_64,unknown,3.12.3,2026-10-09T18:44:24Z
94,ML-KEM-768,post-quantum,3,decapsulate,0.0489,0.0,0.0,0.303,1184,2400,1088,0,0,0,0,0.0,0.733,nan,edge/x86_64,unknown,3.12.3,2026-10-09T18:44:24Z
95,ML-KEM-768,post-quantum,3,keygen,0.0493,0.0,0.0,0.303,1184,2400,1088,0,0,0,0,0.0,0.7393,nan,edge/x86_64,unknown,3.12.3,2026-10-09T18:44:24Z
95,ML-KEM-768,post-quantum,3,encapsulate,0.0508,0.0,0.0,0.303,1184,2400,1088,0,0,0,0,0.0,0.7617,nan,edge/x86_64,unknown,3.12.3,2026-10-09T18:44:24Z
95,ML-KEM-768,post-quantum,3,decapsulate,0.0481,0.0,0.0,0.303,1184,2400,1088,0,0,0,0,0.0,0.7219,nan,edge/x86_64,unknown,3.12.3,2026-10-09T18:44:24Z
96,ML-KEM-768,post-quantum,3,keygen,0.068,0.0,0.0,0.303,1184,2400,1088,0,0,0,0,0.0,1.0202,nan,edge/x86_64,unknown,3.12.3,2026-10-09T18:44:24Z
96,ML-KEM-768,post-quantum,3,encapsulate,0.0463,0.0,0.0,0.303,1184,2400,1088,0,0,0,0,0.0,0.6948,nan,edge/x86_64,unknown,3.12.3,2026-10-09T18:44:24Z
96,ML-KEM-768,post-quantum,3,decapsulate,0.053,0.0,0.0,0.303,1184,2400,1088,0,0,0,0,0.0,0.795,nan,edge/x86_64,unknown,3.12.3,2026-10-09T18:44:24Z
97,ML-KEM-768,post-quantum,3,keygen,0.0482,0.0,0.0,0.303,1184,2400,1088,0,0,0,0,0.0,0.7227,nan,edge/x86_64,unknown,3.12.3,2026-10-09T18:44:24Z
97,ML-KEM-768,post-quantum,3,encapsulate,0.0456,0.0,0.0,0.303,1184,2400,1088,0,0,0,0,0.0,0.6846,nan,edge/x86_64,unknown,3.12.3,2026-10-09T18:44:24Z
97,ML-KEM-768,post-quantum,3,decapsulate,0.0466,0.0,0.0,0.303,1184,2400,1088,0,0,0,0,0.0,0.6993,nan,edge/x86_64,unknown,3.12.3,2026-10-09T18:44:24Z
98,ML-KEM-768,post-quantum,3,keygen,0.0465,0.0,0.0,0.303,1184,2400,1088,0,0,0,0,0.0,0.6979,nan,edge/x86_64,unknown,3.12.3,2026-10-09T18:44:24Z
98,ML-KEM-768,post-quantum,3,encapsulate,0.0457,0.0,0.0,0.303,1184,2400,1088,0,0,0,0,0.0,0.685,nan,edge/x86_64,unknown,3.12.3,2026-10-09T18:44:24Z
98,ML-KEM-768,post-quantum,3,decapsulate,0.0522,0.0,0.0,0.303,1184,2400,1088,0,0,0,0,0.0,0.7827,nan,edge/x86_64,unknown,3.12.3,2026-10-09T18:44:24Z
99,ML-KEM-768,post-quantum,3,keygen,0.0467,0.0,0.0,0.303,1184,2400,1088,0,0,0,0,0.0,0.7008,nan,edge/x86_64,unknown,3.12.3,2026-10-09T18:44:24Z
99,ML-KEM-768,post-quantum,3,encapsulate,0.0633,0.0,0.0,0.303,1184,2400,1088,0,0,0,0,0.0,0.9491,nan,edge/x86_64,unknown,3.12.3,2026-10-09T18:44:24Z
99,ML-KEM-768,post-quantum,3,decapsulate,0.048,0.0,0.0,0.303,1184,2400,1088,0,0,0,0,0.0,0.72,nan,edge/x86_64,unknown,3.12.3,2026-10-09T18:44:24Z
100,ML-KEM-768,post-quantum,3,keygen,0.0474,0.0,0.0,0.303,1184,2400,1088,0,0,0,0,0.0,0.7108,nan,edge/x86_64,unknown,3.12.3,2026-10-09T18:44:24Z
100,ML-KEM-768,post-quantum,3,encapsulate,0.0459,0.0,0.0,0.303,1184,2400,1088,0,0,0,0,0.0,0.6887,nan,edge/x86_64,unknown,3.12.3,2026-10-09T18:44:24Z
100,ML-KEM-768,post-quantum,3,decapsulate,0.1499,0.0,0.0,0.303,1184,2400,1088,0,0,0,0,0.0,2.2492,nan,edge/x86_64,unknown,3.12.3,2026-10-09T18:44:24Z
101,ML-KEM-768,post-quantum,3,keygen,0.0503,0.0,0.0,0.303,1184,2400,1088,0,0,0,0,0.0,0.7538,nan,edge/x86_64,unknown,3.12.3,2026-10-09T18:44:24Z
101,ML-KEM-768,post-quantum,3,encapsulate,0.0483,0.0,0.0,0.303,1184,2400,1088,0,0,0,0,0.0,0.7242,nan,edge/x86_64,unknown,3.12.3,2026-10-09T18:44:24Z
101,ML-KEM-768,post-quantum,3,decapsulate,0.0692,0.0,0.0,0.303,1184,2400,1088,0,0,0,0,0.0,1.0381,nan,edge/x86_64,unknown,3.12.3,2026-10-09T18:44:24Z
102,ML-KEM-768,post-quantum,3,keygen,0.0482,0.0,0.0,0.303,1184,2400,1088,0,0,0,0,0.0,0.7228,nan,edge/x86_64,unknown,3.12.3,2026-10-09T18:44:24Z
102,ML-KEM-768,post-quantum,3,encapsulate,0.046,0.0,0.0,0.303,1184,2400,1088,0,0,0,0,0.0,0.69,nan,edge/x86_64,unknown,3.12.3,2026-10-09T18:44:24Z
102,ML-KEM-768,post-quantum,3,decapsulate,0.0495,0.0,0.0,0.303,1184,2400,1088,0,0,0,0,0.0,0.7428,nan,edge/x86_64,unknown,3.12.3,2026-10-09T18:44:24Z
103,ML-KEM-768,post-quantum,3,keygen,0.0465,0.0,0.0,0.303,1184,2400,1088,0,0,0,0,0.0,0.6978,nan,edge/x86_64,unknown,3.12.3,2026-10-09T18:44:24Z
103,ML-KEM-768,post-quantum,3,encapsulate,0.0464,0.0,0.0,0.303,1184,2400,1088,0,0,0,0,0.0,0.6964,nan,edge/x86_64,unknown,3.12.3,2026-10-09T18:44:24Z
103,ML-KEM-768,post-quantum,3,decapsulate,0.0478,0.0,0.0,0.303,1184,2400,1088,0,0,0,0,0.0,0.7171,nan,edge/x86_64,unknown,3.12.3,2026-10-09T18:44:24Z
104,ML-KEM-768,post-quantum,3,keygen,0.0454,0.0,0.0,0.303,1184,2400,1088,0,0,0,0,0.0,0.6808,nan,edge/x86_64,unknown,3.12.3,2026-10-09T18:44:24Z
104,ML-KEM-768,post-quantum,3,encapsulate,0.045,0.0,0.0,0.303,1184,2400,1088,0,0,0,0,0.0,0.6743,nan,edge/x86_64,unknown,3.12.3,2026-10-09T18:44:24Z
104,ML-KEM-768,post-quantum,3,decapsulate,0.0483,0.0,0.0,0.303,1184,2400,1088,0,0,0,0,0.0,0.7238,nan,edge/x86_64,unknown,3.12.3,2026-10-09T18:44:24Z
105,ML-KEM-768,post-quantum,3,keygen,0.0631,0.0,0.0,0.303,1184,2400,1088,0,0,0,0,0.0,0.9466,nan,edge/x86_64,unknown,3.12.3,2026-10-09T18:44:24Z
105,ML-KEM-768,post-quantum,3,encapsulate,0.0485,0.0,0.0,0.303,1184,2400,1088,0,0,0,0,0.0,0.7271,nan,edge/x86_64,unknown,3.12.3,2026-10-09T18:44:24Z
105,ML-KEM-768,post-quantum,3,decapsulate,0.0481,0.0,0.0,0.303,1184,2400,1088,0,0,0,0,0.0,0.7221,nan,edge/x86_64,unknown,3.12.3,2026-10-09T18:44:24Z
106,ML-KEM-768,post-quantum,3,keygen,0.0457,0.0,0.0,0.303,1184,2400,1088,0,0,0,0,0.0,0.685,nan,edge/x86_64,unknown,3.12.3,2026-10-09T18:44:24Z
106,ML-KEM-768,post-quantum,3,encapsulate,0.0762,0.0,0.0,0.303,1184,2400,1088,0,0,0,0,0.0,1.1429,nan,edge/x86_64,unknown,3.12.3,2026-10-09T18:44:24Z
106,ML-KEM-768,post-quantum,3,decapsulate,0.0577,0.0,0.0,0.303,1184,2400,1088,0,0,0,0,0.0,0.8657,nan,edge/x86_64,unknown,3.12.3,2026-10-09T18:44:24Z
107,ML-KEM-768,post-quantum,3,keygen,0.0711,0.0,0.0,0.303,1184,2400,1088,0,0,0,0,0.0,1.0662,nan,edge/x86_64,unknown,3.12.3,2026-10-09T18:44:24Z
107,ML-KEM-768,post-quantum,3,encapsulate,0.0492,0.0,0.0,0.303,1184,2400,1088,0,0,0,0,0.0,0.7383,nan,edge/x86_64,unknown,3.12.3,2026-10-09T18:44:24Z
107,ML-KEM-768,post-quantum,3,decapsulate,0.0464,0.0,0.0,0.303,1184,2400,1088,0,0,0,0,0.0,0.696,nan,edge/x86_64,unknown,3.12.3,2026-10-09T18:44:24Z
108,ML-KEM-768,post-quantum,3,keygen,0.047,0.0,0.0,0.303,1184,2400,1088,0,0,0,0,0.0,0.7049,nan,edge/x86_64,unknown,3.12.3,2026-10-09T18:44:24Z
108,ML-KEM-768,post-quantum,3,encapsulate,0.0484,0.0,0.0,0.303,1184,2400,1088,0,0,0,0,0.0,0.7254,nan,edge/x86_64,unknown,3.12.3,2026-10-09T18:44:24Z
108,ML-KEM-768,post-quantum,3,decapsulate,0.0472,0.0,0.0,0.303,1184,2400,1088,0,0,0,0,0.0,0.7074,nan,edge/x86_64,unknown,3.12.3,2026-10-09T18:44:24Z
109,ML-KEM-768,post-quantum,3,keygen,0.0482,0.0,0.0,0.303,1184,2400,1088,0,0,0,0,0.0,0.7223,nan,edge/x86_64,unknown,3.12.3,2026-10-09T18:44:24Z
109,ML-KEM-768,post-quantum,3,encapsulate,0.0474,0.0,0.0,0.303,1184,2400,1088,0,0,0,0,0.0,0.7107,nan,edge/x86_64,unknown,3.12.3,2026-10-09T18:44:24Z
109,ML-KEM-768,post-quantum,3,decapsulate,0.0543,0.0,0.0,0.303,1184,2400,1088,0,0,0,0,0.0,0.8138,nan,edge/x86_64,unknown,3.12.3,2026-10-09T18:44:24Z
110,ML-KEM-768,post-quantum,3,keygen,0.048,0.0,0.0,0.303,1184,2400,1088,0,0,0,0,0.0,0.7206,nan,edge/x86_64,unknown,3.12.3,2026-10-09T18:44:24Z
110,ML-KEM-768,post-quantum,3,encapsulate,0.0466,0.0,0.0,0.303,1184,2400,1088,0,0,0,0,0.0,0.6995,nan,edge/x86_64,unknown,3.12.3,2026-10-09T18:44:24Z
110,ML-KEM-768,post-quantum,3,decapsulate,0.0696,0.0,0.0,0.303,1184,2400,1088,0,0,0,0,0.0,1.0435,nan,edge/x86_64,unknown,3.12.3,2026-10-09T18:44:24Z
111,ML-KEM-768,post-quantum,3,keygen,0.1719,0.0,0.0,0.303,1184,2400,1088,0,0,0,0,0.0,2.5784,nan,edge/x86_64,unknown,3.12.3,2026-10-09T18:44:24Z
111,ML-KEM-768,post-quantum,3,encapsulate,0.0552,0.0,0.0,0.303,1184,2400,1088,0,0,0,0,0.0,0.8279,nan,edge/x86_64,unknown,3.12.3,2026-10-09T18:44:24Z
111,ML-KEM-768,post-quantum,3,decapsulate,0.0519,0.0,0.0,0.303,1184,2400,1088,0,0,0,0,0.0,0.7782,nan,edge/x86_64,unknown,3.12.3,2026-10-09T18:44:24Z
112,ML-KEM-768,post-quantum,3,keygen,0.1091,0.0,0.0,0.303,1184,2400,1088,0,0,0,0,0.0,1.6364,nan,edge/x86_64,unknown,3.12.3,2026-10-09T18:44:24Z
112,ML-KEM-768,post-quantum,3,encapsulate,0.0537,0.0,0.0,0.303,1184,2400,1088,0,0,0,0,0.0,0.805,nan,edge/x86_64,unknown,3.12.3,2026-10-09T18:44:24Z
112,ML-KEM-768,post-quantum,3,decapsulate,0.0475,0.0,0.0,0.303,1184,2400,1088,0,0,0,0,0.0,0.713,nan,edge/x86_64,unknown,3.12.3,2026-10-09T18:44:24Z
113,ML-KEM-768,post-quantum,3,keygen,0.0472,0.0,0.0,0.303,1184,2400,1088,0,0,0,0,0.0,0.7085,nan,edge/x86_64,unknown,3.12.3,2026-10-09T18:44:24Z
113,ML-KEM-768,post-quantum,3,encapsulate,0.0494,0.0,0.0,0.303,1184,2400,1088,0,0,0,0,0.0,0.7406,nan,edge/x86_64,unknown,3.12.3,2026-10-09T18:44:24Z
113,ML-KEM-768,post-quantum,3,decapsulate,0.0474,0.0,0.0,0.303,1184,2400,1088,0,0,0,0,0.0,0.7106,nan,edge/x86_64,unknown,3.12.3,2026-10-09T18:44:24Z
114,ML-KEM-768,post-quantum,3,keygen,0.0459,0.0,0.0,0.303,1184,2400,1088,0,0,0,0,0.0,0.6879,nan,edge/x86_64,unknown,3.12.3,2026-10-09T18:44:24Z
114,ML-KEM-768,post-quantum,3,encapsulate,0.0452,0.0,0.0,0.303,1184,2400,1088,0,0,0,0,0.0,0.6779,nan,edge/x86_64,unknown,3.12.3,2026-10-09T18:44:24Z
114,ML-KEM-768,post-quantum,3,decapsulate,0.0483,0.0,0.0,0.303,1184,2400,1088,0,0,0,0,0.0,0.7243,nan,edge/x86_64,unknown,3.12.3,2026-10-09T18:44:24Z
115,ML-KEM-768,post-quantum,3,keygen,0.0459,0.0,0.0,0.303,1184,2400,1088,0,0,0,0,0.0,0.6883,nan,edge/x86_64,unknown,3.12.3,2026-10-09T18:44:24Z
115,ML-KEM-768,post-quantum,3,encapsulate,0.0454,0.0,0.0,0.303,1184,2400,1088,0,0,0,0,0.0,0.6813,nan,edge/x86_64,unknown,3.12.3,2026-10-09T18:44:24Z
115,ML-KEM-768,post-quantum,3,decapsulate,0.0473,0.0,0.0,0.303,1184,2400,1088,0,0,0,0,0.0,0.7088,nan,edge/x86_64,unknown,3.12.3,2026-10-09T18:44:24Z
116,ML-KEM-768,post-quantum,3,keygen,0.0458,0.0,0.0,0.303,1184,2400,1088,0,0,0,0,0.0,0.6872,nan,edge/x86_64,unknown,3.12.3,2026-10-09T18:44:24Z
116,ML-KEM-768,post-quantum,3,encapsulate,0.0478,0.0,0.0,0.303,1184,2400,1088,0,0,0,0,0.0,0.7176,nan,edge/x86_64,unknown,3.12.3,2026-10-09T18:44:24Z
116,ML-KEM-768,post-quantum,3,decapsulate,0.0723,0.0,0.0,0.303,1184,2400,1088,0,0,0,0,0.0,1.0842,nan,edge/x86_64,unknown,3.12.3,2026-10-09T18:44:24Z
117,ML-KEM-768,post-quantum,3,keygen,0.0493,0.0,0.0,0.303,1184,2400,1088,0,0,0,0,0.0,0.7392,nan,edge/x86_64,unknown,3.12.3,2026-10-09T18:44:24Z
117,ML-KEM-768,post-quantum,3,encapsulate,0.0436,0.0,0.0,0.303,1184,2400,1088,0,0,0,0,0.0,0.6536,nan,edge/x86_64,unknown,3.12.3,2026-10-09T18:44:24Z
117,ML-KEM-768,post-quantum,3,decapsulate,0.0558,0.0,0.0,0.303,1184,2400,1088,0,0,0,0,0.0,0.8364,nan,edge/x86_64,unknown,3.12.3,2026-10-09T18:44:24Z
118,ML-KEM-768,post-quantum,3,keygen,0.0495,0.0,0.0,0.303,1184,2400,1088,0,0,0,0,0.0,0.7423,nan,edge/x86_64,unknown,3.12.3,2026-10-09T18:44:24Z
118,ML-KEM-768,post-quantum,3,encapsulate,0.0549,0.0,0.0,0.303,1184,2400,1088,0,0,0,0,0.0,0.8241,nan,edge/x86_64,unknown,3.12.3,2026-10-09T18:44:24Z
118,ML-KEM-768,post-quantum,3,decapsulate,0.0499,0.0,0.0,0.303,1184,2400,1088,0,0,0,0,0.0,0.7492,nan,edge/x86_64,unknown,3.12.3,2026-10-09T18:44:24Z
119,ML-KEM-768,post-quantum,3,keygen,0.0454,0.0,0.0,0.303,1184,2400,1088,0,0,0,0,0.0,0.6816,nan,edge/x86_64,unknown,3.12.3,2026-10-09T18:44:24Z
119,ML-KEM-768,post-quantum,3,encapsulate,0.0481,0.0,0.0,0.303,1184,2400,1088,0,0,0,0,0.0,0.7221,nan,edge/x86_64,unknown,3.12.3,2026-10-09T18:44:24Z
119,ML-KEM-768,post-quantum,3,decapsulate,0.047,0.0,0.0,0.303,1184,2400,1088,0,0,0,0,0.0,0.7053,nan,edge/x86_64,unknown,3.12.3,2026-10-09T18:44:24Z
120,ML-KEM-768,post-quantum,3,keygen,0.0489,0.0,0.0,0.303,1184,2400,1088,0,0,0,0,0.0,0.7341,nan,edge/x86_64,unknown,3.12.3,2026-10-09T18:44:24Z
120,ML-KEM-768,post-quantum,3,encapsulate,0.0465,0.0,0.0,0.303,1184,2400,1088,0,0,0,0,0.0,0.697,nan,edge/x86_64,unknown,3.12.3,2026-10-09T18:44:24Z
120,ML-KEM-768,post-quantum,3,decapsulate,0.048,0.0,0.0,0.303,1184,2400,1088,0,0,0,0,0.0,0.7198,nan,edge/x86_64,unknown,3.12.3,2026-10-09T18:44:24Z
121,ML-KEM-768,post-quantum,3,keygen,0.0857,0.0,0.0,0.303,1184,2400,1088,0,0,0,0,0.0,1.2853,nan,edge/x86_64,unknown,3.12.3,2026-10-09T18:44:24Z
121,ML-KEM-768,post-quantum,3,encapsulate,0.0844,0.0,0.0,0.303,1184,2400,1088,0,0,0,0,0.0,1.2658,nan,edge/x86_64,unknown,3.12.3,2026-10-09T18:44:24Z
121,ML-KEM-768,post-quantum,3,decapsulate,0.0676,0.0,0.0,0.303,1184,2400,1088,0,0,0,0,0.0,1.0139,nan,edge/x86_64,unknown,3.12.3,2026-10-09T18:44:24Z
122,ML-KEM-768,post-quantum,3,keygen,0.0573,0.0,0.0,0.303,1184,2400,1088,0,0,0,0,0.0,0.859,nan,edge/x86_64,unknown,3.12.3,2026-10-09T18:44:24Z
122,ML-KEM-768,post-quantum,3,encapsulate,0.0873,0.0,0.0,0.303,1184,2400,1088,0,0,0,0,0.0,1.3097,nan,edge/x86_64,unknown,3.12.3,2026-10-09T18:44:24Z
122,ML-KEM-768,post-quantum,3,decapsulate,0.0546,0.0,0.0,0.303,1184,2400,1088,0,0,0,0,0.0,0.8193,nan,edge/x86_64,unknown,3.12.3,2026-10-09T18:44:24Z
123,ML-KEM-768,post-quantum,3,keygen,0.0524,0.0,0.0,0.303,1184,2400,1088,0,0,0,0,0.0,0.7864,nan,edge/x86_64,unknown,3.12.3,2026-10-09T18:44:24Z
123,ML-KEM-768,post-quantum,3,encapsulate,0.049,0.0,0.0,0.303,1184,2400,1088,0,0,0,0,0.0,0.7355,nan,edge/x86_64,unknown,3.12.3,2026-10-09T18:44:24Z
123,ML-KEM-768,post-quantum,3,decapsulate,0.1138,0.0,0.0,0.303,1184,2400,1088,0,0,0,0,0.0,1.7076,nan,edge/x86_64,unknown,3.12.3,2026-10-09T18:44:24Z
124,ML-KEM-768,post-quantum,3,keygen,0.0513,0.0,0.0,0.303,1184,2400,1088,0,0,0,0,0.0,0.7695,nan,edge/x86_64,unknown,3.12.3,2026-10-09T18:44:24Z
124,ML-KEM-768,post-quantum,3,encapsulate,0.0691,0.0,0.0,0.303,1184,2400,1088,0,0,0,0,0.0,1.0359,nan,edge/x86_64,unknown,3.12.3,2026-10-09T18:44:24Z
124,ML-KEM-768,post-quantum,3,decapsulate,0.0527,0.0,0.0,0.303,1184,2400,1088,0,0,0,0,0.0,0.7902,nan,edge/x86_64,unknown,3.12.3,2026-10-09T18:44:24Z
125,ML-KEM-768,post-quantum,3,keygen,0.1184,0.0,0.0,0.303,1184,2400,1088,0,0,0,0,0.0,1.776,nan,edge/x86_64,unknown,3.12.3,2026-10-09T18:44:24Z
125,ML-KEM-768,post-quantum,3,encapsulate,0.0613,0.0,0.0,0.303,1184,2400,1088,0,0,0,0,0.0,0.9199,nan,edge/x86_64,unknown,3.12.3,2026-10-09T18:44:24Z
125,ML-KEM-768,post-quantum,3,decapsulate,0.0481,0.0,0.0,0.303,1184,2400,1088,0,0,0,0,0.0,0.7221,nan,edge/x86_64,unknown,3.12.3,2026-10-09T18:44:24Z
126,ML-KEM-768,post-quantum,3,keygen,0.0474,0.0,0.0,0.303,1184,2400,1088,0,0,0,0,0.0,0.7109,nan,edge/x86_64,unknown,3.12.3,2026-10-09T18:44:24Z
126,ML-KEM-768,post-quantum,3,encapsulate,0.0457,0.0,0.0,0.303,1184,2400,1088,0,0,0,0,0.0,0.6852,nan,edge/x86_64,unknown,3.12.3,2026-10-09T18:44:24Z
126,ML-KEM-768,post-quantum,3,decapsulate,0.0463,0.0,0.0,0.303,1184,2400,1088,0,0,0,0,0.0,0.6939,nan,edge/x86_64,unknown,3.12.3,2026-10-09T18:44:24Z
127,ML-KEM-768,post-quantum,3,keygen,0.046,0.0,0.0,0.303,1184,2400,1088,0,0,0,0,0.0,0.6904,nan,edge/x86_64,unknown,3.12.3,2026-10-09T18:44:24Z
127,ML-KEM-768,post-quantum,3,encapsulate,0.0458,0.0,0.0,0.303,1184,2400,1088,0,0,0,0,0.0,0.6866,nan,edge/x86_64,unknown,3.12.3,2026-10-09T18:44:24Z
127,ML-KEM-768,post-quantum,3,decapsulate,0.0471,0.0,0.0,0.303,1184,2400,1088,0,0,0,0,0.0,0.7066,nan,edge/x86_64,unknown,3.12.3,2026-10-09T18:44:24Z
128,ML-KEM-768,post-quantum,3,keygen,0.0461,0.0,0.0,0.303,1184,2400,1088,0,0,0,0,0.0,0.691,nan,edge/x86_64,unknown,3.12.3,2026-10-09T18:44:24Z
128,ML-KEM-768,post-quantum,3,encapsulate,0.0469,0.0,0.0,0.303,1184,2400,1088,0,0,0,0,0.0,0.704,nan,edge/x86_64,unknown,3.12.3,2026-10-09T18:44:24Z
128,ML-KEM-768,post-quantum,3,decapsulate,0.0478,0.0,0.0,0.303,1184,2400,1088,0,0,0,0,0.0,0.7166,nan,edge/x86_64,unknown,3.12.3,2026-10-09T18:44:24Z
129,ML-KEM-768,post-quantum,3,keygen,0.0503,0.0,0.0,0.303,1184,2400,1088,0,0,0,0,0.0,0.7541,nan,edge/x86_64,unknown,3.12.3,2026-10-09T18:44:24Z
129,ML-KEM-768,post-quantum,3,encapsulate,0.0476,0.0,0.0,0.303,1184,2400,1088,0,0,0,0,0.0,0.7138,nan,edge/x86_64,unknown,3.12.3,2026-10-09T18:44:24Z
129,ML-KEM-768,post-quantum,3,decapsulate,0.0489,0.0,0.0,0.303,1184,2400,1088,0,0,0,0,0.0,0.7342,nan,edge/x86_64,unknown,3.12.3,2026-10-09T18:44:24Z
130,ML-KEM-768,post-quantum,3,keygen,0.0523,0.0,0.0,0.303,1184,2400,1088,0,0,0,0,0.0,0.7841,nan,edge/x86_64,unknown,3.12.3,2026-10-09T18:44:24Z
130,ML-KEM-768,post-quantum,3,encapsulate,0.0466,0.0,0.0,0.303,1184,2400,1088,0,0,0,0,0.0,0.6997,nan,edge/x86_64,unknown,3.12.3,2026-10-09T18:44:24Z
130,ML-KEM-768,post-quantum,3,decapsulate,0.0725,0.0,0.0,0.303,1184,2400,1088,0,0,0,0,0.0,1.0878,nan,edge/x86_64,unknown,3.12.3,2026-10-09T18:44:24Z
131,ML-KEM-768,post-quantum,3,keygen,0.0461,0.0,0.0,0.303,1184,2400,1088,0,0,0,0,0.0,0.6912,nan,edge/x86_64,unknown,3.12.3,2026-10-09T18:44:24Z
131,ML-KEM-768,post-quantum,3,encapsulate,0.0489,0.0,0.0,0.303,1184,2400,1088,0,0,0,0,0.0,0.7342,nan,edge/x86_64,unknown,3.12.3,2026-10-09T18:44:24Z
131,ML-KEM-768,post-quantum,3,decapsulate,0.0957,0.0,0.0,0.303,1184,2400,1088,0,0,0,0,0.0,1.4359,nan,edge/x86_64,unknown,3.12.3,2026-10-09T18:44:24Z
132,ML-KEM-768,post-quantum,3,keygen,0.0743,0.0,0.0,0.303,1184,2400,1088,0,0,0,0,0.0,1.1149,nan,edge/x86_64,unknown,3.12.3,2026-10-09T18:44:24Z
132,ML-KEM-768,post-quantum,3,encapsulate,0.0462,0.0,0.0,0.303,1184,2400,1088,0,0,0,0,0.0,0.6934,nan,edge/x86_64,unknown,3.12.3,2026-10-09T18:44:24Z
132,ML-KEM-768,post-quantum,3,decapsulate,0.046,0.0,0.0,0.303,1184,2400,1088,0,0,0,0,0.0,0.69,nan,edge/x86_64,unknown,3.12.3,2026-10-09T18:44:24Z
133,ML-KEM-768,post-quantum,3,keygen,0.0478,0.0,0.0,0.303,1184,2400,1088,0,0,0,0,0.0,0.7167,nan,edge/x86_64,unknown,3.12.3,2026-10-09T18:44:24Z
133,ML-KEM-768,post-quantum,3,encapsulate,0.046,0.0,0.0,0.303,1184,2400,1088,0,0,0,0,0.0,0.6906,nan,edge/x86_64,unknown,3.12.3,2026-10-09T18:44:24Z
133,ML-KEM-768,post-quantum,3,decapsulate,0.0515,0.0,0.0,0.303,1184,2400,1088,0,0,0,0,0.0,0.7732,nan,edge/x86_64,unknown,3.12.3,2026-10-09T18:44:24Z
134,ML-KEM-768,post-quantum,3,keygen,0.0789,0.0,0.0,0.303,1184,2400,1088,0,0,0,0,0.0,1.1835,nan,edge/x86_64,unknown,3.12.3,2026-10-09T18:44:24Z
134,ML-KEM-768,post-quantum,3,encapsulate,0.0458,0.0,0.0,0.303,1184,2400,1088,0,0,0,0,0.0,0.6865,nan,edge/x86_64,unknown,3.12.3,2026-10-09T18:44:24Z
134,ML-KEM-768,post-quantum,3,decapsulate,0.0457,0.0,0.0,0.303,1184,2400,1088,0,0,0,0,0.0,0.6853,nan,edge/x86_64,unknown,3.12.3,2026-10-09T18:44:24Z
135,ML-KEM-768,post-quantum,3,keygen,0.0468,0.0,0.0,0.303,1184,2400,1088,0,0,0,0,0.0,0.7026,nan,edge/x86_64,unknown,3.12.3,2026-10-09T18:44:24Z
135,ML-KEM-768,post-quantum,3,encapsulate,0.0491,0.0,0.0,0.303,1184,2400,1088,0,0,0,0,0.0,0.7362,nan,edge/x86_64,unknown,3.12.3,2026-10-09T18:44:24Z
135,ML-KEM-768,post-quantum,3,decapsulate,0.0823,0.0,0.0,0.303,1184,2400,1088,0,0,0,0,0.0,1.2338,nan,edge/x86_64,unknown,3.12.3,2026-10-09T18:44:24Z
136,ML-KEM-768,post-quantum,3,keygen,0.0543,0.0,0.0,0.303,1184,2400,1088,0,0,0,0,0.0,0.8138,nan,edge/x86_64,unknown,3.12.3,2026-10-09T18:44:24Z
136,ML-KEM-768,post-quantum,3,encapsulate,0.0473,0.0,0.0,0.303,1184,2400,1088,0,0,0,0,0.0,0.709,nan,edge/x86_64,unknown,3.12.3,2026-10-09T18:44:24Z
136,ML-KEM-768,post-quantum,3,decapsulate,0.0484,0.0,0.0,0.303,1184,2400,1088,0,0,0,0,0.0,0.7265,nan,edge/x86_64,unknown,3.12.3,2026-10-09T18:44:24Z
137,ML-KEM-768,post-quantum,3,keygen,0.0465,0.0,0.0,0.303,1184,2400,1088,0,0,0,0,0.0,0.6977,nan,edge/x86_64,unknown,3.12.3,2026-10-09T18:44:24Z
137,ML-KEM-768,post-quantum,3,encapsulate,0.0514,0.0,0.0,0.303,1184,2400,1088,0,0,0,0,0.0,0.7704,nan,edge/x86_64,unknown,3.12.3,2026-10-09T18:44:24Z
137,ML-KEM-768,post-quantum,3,decapsulate,0.0475,0.0,0.0,0.303,1184,2400,1088,0,0,0,0,0.0,0.7127,nan,edge/x86_64,unknown,3.12.3,2026-10-09T18:44:24Z
138,ML-KEM-768,post-quantum,3,keygen,0.0454,0.0,0.0,0.303,1184,2400,1088,0,0,0,0,0.0,0.6808,nan,edge/x86_64,unknown,3.12.3,2026-10-09T18:44:24Z
138,ML-KEM-768,post-quantum,3,encapsulate,0.0446,0.0,0.0,0.303,1184,2400,1088,0,0,0,0,0.0,0.669,nan,edge/x86_64,unknown,3.12.3,2026-10-09T18:44:24Z
138,ML-KEM-768,post-quantum,3,decapsulate,0.0461,0.0,0.0,0.303,1184,2400,1088,0,0,0,0,0.0,0.6912,nan,edge/x86_64,unknown,3.12.3,2026-10-09T18:44:24Z
139,ML-KEM-768,post-quantum,3,keygen,0.0455,0.0,0.0,0.303,1184,2400,1088,0,0,0,0,0.0,0.6829,nan,edge/x86_64,unknown,3.12.3,2026-10-09T18:44:24Z
139,ML-KEM-768,post-quantum,3,encapsulate,0.0445,0.0,0.0,0.303,1184,2400,1088,0,0,0,0,0.0,0.667,nan,edge/x86_64,unknown,3.12.3,2026-10-09T18:44:24Z
139,ML-KEM-768,post-quantum,3,decapsulate,0.0449,0.0,0.0,0.303,1184,2400,1088,0,0,0,0,0.0,0.6734,nan,edge/x86_64,unknown,3.12.3,2026-10-09T18:44:24Z
140,ML-KEM-768,post-quantum,3,keygen,0.0447,0.0,0.0,0.303,1184,2400,1088,0,0,0,0,0.0,0.6711,nan,edge/x86_64,unknown,3.12.3,2026-10-09T18:44:24Z
140,ML-KEM-768,post-quantum,3,encapsulate,0.0461,0.0,0.0,0.303,1184,2400,1088,0,0,0,0,0.0,0.6921,nan,edge/x86_64,unknown,3.12.3,2026-10-09T18:44:24Z
140,ML-KEM-768,post-quantum,3,decapsulate,0.051,0.0,0.0,0.303,1184,2400,1088,0,0,0,0,0.0,0.7653,nan,edge/x86_64,unknown,3.12.3,2026-10-09T18:44:24Z
141,ML-KEM-768,post-quantum,3,keygen,0.0454,0.0,0.0,0.303,1184,2400,1088,0,0,0,0,0.0,0.6807,nan,edge/x86_64,unknown,3.12.3,2026-10-09T18:44:24Z
141,ML-KEM-768,post-quantum,3,encapsulate,0.0439,0.0,0.0,0.303,1184,2400,1088,0,0,0,0,0.0,0.6583,nan,edge/x86_64,unknown,3.12.3,2026-10-09T18:44:24Z
141,ML-KEM-768,post-quantum,3,decapsulate,0.0826,0.0,0.0,0.303,1184,2400,1088,0,0,0,0,0.0,1.2397,nan,edge/x86_64,unknown,3.12.3,2026-10-09T18:44:24Z
142,ML-KEM-768,post-quantum,3,keygen,0.1173,0.0,0.0,0.303,1184,2400,1088,0,0,0,0,0.0,1.7596,nan,edge/x86_64,unknown,3.12.3,2026-10-09T18:44:24Z
142,ML-KEM-768,post-quantum,3,encapsulate,0.0494,0.0,0.0,0.303,1184,2400,1088,0,0,0,0,0.0,0.7417,nan,edge/x86_64,unknown,3.12.3,2026-10-09T18:44:24Z
142,ML-KEM-768,post-quantum,3,decapsulate,0.0492,0.0,0.0,0.303,1184,2400,1088,0,0,0,0,0.0,0.7377,nan,edge/x86_64,unknown,3.12.3,2026-10-09T18:44:24Z
143,ML-KEM-768,post-quantum,3,keygen,0.0472,0.0,0.0,0.303,1184,2400,1088,0,0,0,0,0.0,0.7076,nan,edge/x86_64,unknown,3.12.3,2026-10-09T18:44:24Z
143,ML-KEM-768,post-quantum,3,encapsulate,0.0578,0.0,0.0,0.303,1184,2400,1088,0,0,0,0,0.0,0.8671,nan,edge/x86_64,unknown,3.12.3,2026-10-09T18:44:24Z
143,ML-KEM-768,post-quantum,3,decapsulate,0.0489,0.0,0.0,0.303,1184,2400,1088,0,0,0,0,0.0,0.733,nan,edge/x86_64,unknown,3.12.3,2026-10-09T18:44:24Z
144,ML-KEM-768,post-quantum,3,keygen,0.0457,0.0,0.0,0.303,1184,2400,1088,0,0,0,0,0.0,0.6857,nan,edge/x86_64,unknown,3.12.3,2026-10-09T18:44:24Z
144,ML-KEM-768,post-quantum,3,encapsulate,0.0453,0.0,0.0,0.303,1184,2400,1088,0,0,0,0,0.0,0.6798,nan,edge/x86_64,unknown,3.12.3,2026-10-09T18:44:24Z
144,ML-KEM-768,post-quantum,3,decapsulate,0.0484,0.0,0.0,0.303,1184,2400,1088,0,0,0,0,0.0,0.7257,nan,edge/x86_64,unknown,3.12.3,2026-10-09T18:44:24Z
145,ML-KEM-768,post-quantum,3,keygen,0.0464,0.0,0.0,0.303,1184,2400,1088,0,0,0,0,0.0,0.6966,nan,edge/x86_64,unknown,3.12.3,2026-10-09T18:44:24Z
145,ML-KEM-768,post-quantum,3,encapsulate,0.0452,0.0,0.0,0.303,1184,2400,1088,0,0,0,0,0.0,0.6773,nan,edge/x86_64,unknown,3.12.3,2026-10-09T18:44:24Z
145,ML-KEM-768,post-quantum,3,decapsulate,0.0462,0.0,0.0,0.303,1184,2400,1088,0,0,0,0,0.0,0.6923,nan,edge/x86_64,unknown,3.12.3,2026-10-09T18:44:24Z
146,ML-KEM-768,post-quantum,3,keygen,0.0473,0.0,0.0,0.303,1184,2400,1088,0,0,0,0,0.0,0.7101,nan,edge/x86_64,unknown,3.12.3,2026-10-09T18:44:24Z
146,ML-KEM-768,post-quantum,3,encapsulate,0.0458,0.0,0.0,0.303,1184,2400,1088,0,0,0,0,0.0,0.6872,nan,edge/x86_64,unknown,3.12.3,2026-10-09T18:44:24Z
146,ML-KEM-768,post-quantum,3,decapsulate,0.0664,0.0,0.0,0.303,1184,2400,1088,0,0,0,0,0.0,0.9966,nan,edge/x86_64,unknown,3.12.3,2026-10-09T18:44:24Z
147,ML-KEM-768,post-quantum,3,keygen,0.0468,0.0,0.0,0.303,1184,2400,1088,0,0,0,0,0.0,0.7026,nan,edge/x86_64,unknown,3.12.3,2026-10-09T18:44:24Z
147,ML-KEM-768,post-quantum,3,encapsulate,0.0461,0.0,0.0,0.303,1184,2400,1088,0,0,0,0,0.0,0.6909,nan,edge/x86_64,unknown,3.12.3,2026-10-09T18:44:24Z
147,ML-KEM-768,post-quantum,3,decapsulate,0.0467,0.0,0.0,0.303,1184,2400,1088,0,0,0,0,0.0,0.701,nan,edge/x86_64,unknown,3.12.3,2026-10-09T18:44:24Z
148,ML-KEM-768,post-quantum,3,keygen,0.0456,0.0,0.0,0.303,1184,2400,1088,0,0,0,0,0.0,0.6836,nan,edge/x86_64,unknown,3.12.3,2026-10-09T18:44:24Z
148,ML-KEM-768,post-quantum,3,encapsulate,0.0452,0.0,0.0,0.303,1184,2400,1088,0,0,0,0,0.0,0.6785,nan,edge/x86_64,unknown,3.12.3,2026-10-09T18:44:24Z
148,ML-KEM-768,post-quantum,3,decapsulate,0.0531,0.0,0.0,0.303,1184,2400,1088,0,0,0,0,0.0,0.7967,nan,edge/x86_64,unknown,3.12.3,2026-10-09T18:44:24Z
149,ML-KEM-768,post-quantum,3,keygen,0.0476,0.0,0.0,0.303,1184,2400,1088,0,0,0,0,0.0,0.7137,nan,edge/x86_64,unknown,3.12.3,2026-10-09T18:44:24Z
149,ML-KEM-768,post-quantum,3,encapsulate,0.0521,0.0,0.0,0.303,1184,2400,1088,0,0,0,0,0.0,0.7813,nan,edge/x86_64,unknown,3.12.3,2026-10-09T18:44:24Z
149,ML-KEM-768,post-quantum,3,decapsulate,0.0845,0.0,0.0,0.303,1184,2400,1088,0,0,0,0,0.0,1.2671,nan,edge/x86_64,unknown,3.12.3,2026-10-09T18:44:24Z
150,ML-KEM-768,post-quantum,3,keygen,0.048,0.0,0.0,0.303,1184,2400,1088,0,0,0,0,0.0,0.7198,nan,edge/x86_64,unknown,3.12.3,2026-10-09T18:44:24Z
150,ML-KEM-768,post-quantum,3,encapsulate,0.059,0.0,0.0,0.303,1184,2400,1088,0,0,0,0,0.0,0.885,nan,edge/x86_64,unknown,3.12.3,2026-10-09T18:44:24Z
150,ML-KEM-768,post-quantum,3,decapsulate,0.1215,0.0,0.0,0.303,1184,2400,1088,0,0,0,0,0.0,1.822,nan,edge/x86_64,unknown,3.12.3,2026-10-09T18:44:24Z
151,ML-KEM-768,post-quantum,3,keygen,0.0517,0.0,0.0,0.303,1184,2400,1088,0,0,0,0,0.0,0.7755,nan,edge/x86_64,unknown,3.12.3,2026-10-09T18:44:24Z
151,ML-KEM-768,post-quantum,3,encapsulate,0.0457,0.0,0.0,0.303,1184,2400,1088,0,0,0,0,0.0,0.6862,nan,edge/x86_64,unknown,3.12.3,2026-10-09T18:44:24Z
151,ML-KEM-768,post-quantum,3,decapsulate,0.0467,0.0,0.0,0.303,1184,2400,1088,0,0,0,0,0.0,0.7007,nan,edge/x86_64,unknown,3.12.3,2026-10-09T18:44:24Z
152,ML-KEM-768,post-quantum,3,keygen,0.0451,0.0,0.0,0.303,1184,2400,1088,0,0,0,0,0.0,0.6764,nan,edge/x86_64,unknown,3.12.3,2026-10-09T18:44:24Z
152,ML-KEM-768,post-quantum,3,encapsulate,0.0631,0.0,0.0,0.303,1184,2400,1088,0,0,0,0,0.0,0.9463,nan,edge/x86_64,unknown,3.12.3,2026-10-09T18:44:24Z
152,ML-KEM-768,post-quantum,3,decapsulate,0.0479,0.0,0.0,0.303,1184,2400,1088,0,0,0,0,0.0,0.7179,nan,edge/x86_64,unknown,3.12.3,2026-10-09T18:44:24Z
153,ML-KEM-768,post-quantum,3,keygen,0.0572,0.0,0.0,0.303,1184,2400,1088,0,0,0,0,0.0,0.8582,nan,edge/x86_64,unknown,3.12.3,2026-10-09T18:44:24Z
153,ML-KEM-768,post-quantum,3,encapsulate,0.0469,0.0,0.0,0.303,1184,2400,1088,0,0,0,0,0.0,0.7036,nan,edge/x86_64,unknown,3.12.3,2026-10-09T18:44:24Z
153,ML-KEM-768,post-quantum,3,decapsulate,0.05,0.0,0.0,0.303,1184,2400,1088,0,0,0,0,0.0,0.7505,nan,edge/x86_64,unknown,3.12.3,2026-10-09T18:44:24Z
154,ML-KEM-768,post-quantum,3,keygen,0.0459,0.0,0.0,0.303,1184,2400,1088,0,0,0,0,0.0,0.688,nan,edge/x86_64,unknown,3.12.3,2026-10-09T18:44:24Z
154,ML-KEM-768,post-quantum,3,encapsulate,0.0824,0.0,0.0,0.303,1184,2400,1088,0,0,0,0,0.0,1.2354,nan,edge/x86_64,unknown,3.12.3,2026-10-09T18:44:24Z
154,ML-KEM-768,post-quantum,3,decapsulate,0.0506,0.0,0.0,0.303,1184,2400,1088,0,0,0,0,0.0,0.759,nan,edge/x86_64,unknown,3.12.3,2026-10-09T18:44:24Z
155,ML-KEM-768,post-quantum,3,keygen,0.0467,0.0,0.0,0.303,1184,2400,1088,0,0,0,0,0.0,0.7007,nan,edge/x86_64,unknown,3.12.3,2026-10-09T18:44:24Z
155,ML-KEM-768,post-quantum,3,encapsulate,0.0488,0.0,0.0,0.303,1184,2400,1088,0,0,0,0,0.0,0.7322,nan,edge/x86_64,unknown,3.12.3,2026-10-09T18:44:24Z
155,ML-KEM-768,post-quantum,3,decapsulate,0.0486,0.0,0.0,0.303,1184,2400,1088,0,0,0,0,0.0,0.7289,nan,edge/x86_64,unknown,3.12.3,2026-10-09T18:44:24Z
156,ML-KEM-768,post-quantum,3,keygen,0.0465,0.0,0.0,0.303,1184,2400,1088,0,0,0,0,0.0,0.6969,nan,edge/x86_64,unknown,3.12.3,2026-10-09T18:44:24Z
156,ML-KEM-768,post-quantum,3,encapsulate,0.0461,0.0,0.0,0.303,1184,2400,1088,0,0,0,0,0.0,0.6921,nan,edge/x86_64,unknown,3.12.3,2026-10-09T18:44:24Z
156,ML-KEM-768,post-quantum,3,decapsulate,0.0498,0.0,0.0,0.303,1184,2400,1088,0,0,0,0,0.0,0.7467,nan,edge/x86_64,unknown,3.12.3,2026-10-09T18:44:24Z
157,ML-KEM-768,post-quantum,3,keygen,0.0454,0.0,0.0,0.303,1184,2400,1088,0,0,0,0,0.0,0.6808,nan,edge/x86_64,unknown,3.12.3,2026-10-09T18:44:24Z
157,ML-KEM-768,post-quantum,3,encapsulate,0.0457,0.0,0.0,0.303,1184,2400,1088,0,0,0,0,0.0,0.6858,nan,edge/x86_64,unknown,3.12.3,2026-10-09T18:44:24Z
157,ML-KEM-768,post-quantum,3,decapsulate,0.0466,0.0,0.0,0.303,1184,2400,1088,0,0,0,0,0.0,0.6985,nan,edge/x86_64,unknown,3.12.3,2026-10-09T18:44:24Z
158,ML-KEM-768,post-quantum,3,keygen,0.0457,0.0,0.0,0.303,1184,2400,1088,0,0,0,0,0.0,0.685,nan,edge/x86_64,unknown,3.12.3,2026-10-09T18:44:24Z
158,ML-KEM-768,post-quantum,3,encapsulate,0.0465,0.0,0.0,0.303,1184,2400,1088,0,0,0,0,0.0,0.6972,nan,edge/x86_64,unknown,3.12.3,2026-10-09T18:44:24Z
158,ML-KEM-768,post-quantum,3,decapsulate,0.0463,0.0,0.0,0.303,1184,2400,1088,0,0,0,0,0.0,0.6946,nan,edge/x86_64,unknown,3.12.3,2026-10-09T18:44:24Z
159,ML-KEM-768,post-quantum,3,keygen,0.0625,0.0,0.0,0.303,1184,2400,1088,0,0,0,0,0.0,0.9375,nan,edge/x86_64,unknown,3.12.3,2026-10-09T18:44:24Z
159,ML-KEM-768,post-quantum,3,encapsulate,0.0628,0.0,0.0,0.303,1184,2400,1088,0,0,0,0,0.0,0.9418,nan,edge/x86_64,unknown,3.12.3,2026-10-09T18:44:24Z
159,ML-KEM-768,post-quantum,3,decapsulate,0.0684,0.0,0.0,0.303,1184,2400,1088,0,0,0,0,0.0,1.0256,nan,edge/x86_64,unknown,3.12.3,2026-10-09T18:44:24Z
160,ML-KEM-768,post-quantum,3,keygen,0.0472,0.0,0.0,0.303,1184,2400,1088,0,0,0,0,0.0,0.7075,nan,edge/x86_64,unknown,3.12.3,2026-10-09T18:44:24Z
160,ML-KEM-768,post-quantum,3,encapsulate,0.047,0.0,0.0,0.303,1184,2400,1088,0,0,0,0,0.0,0.7054,nan,edge/x86_64,unknown,3.12.3,2026-10-09T18:44:24Z
160,ML-KEM-768,post-quantum,3,decapsulate,0.0856,0.0,0.0,0.303,1184,2400,1088,0,0,0,0,0.0,1.2837,nan,edge/x86_64,unknown,3.12.3,2026-10-09T18:44:24Z
161,ML-KEM-768,post-quantum,3,keygen,0.0531,0.0,0.0,0.303,1184,2400,1088,0,0,0,0,0.0,0.7966,nan,edge/x86_64,unknown,3.12.3,2026-10-09T18:44:24Z
161,ML-KEM-768,post-quantum,3,encapsulate,0.0504,0.0,0.0,0.303,1184,2400,1088,0,0,0,0,0.0,0.7564,nan,edge/x86_64,unknown,3.12.3,2026-10-09T18:44:24Z
161,ML-KEM-768,post-quantum,3,decapsulate,0.0501,0.0,0.0,0.303,1184,2400,1088,0,0,0,0,0.0,0.7514,nan,edge/x86_64,unknown,3.12.3,2026-10-09T18:44:24Z
162,ML-KEM-768,post-quantum,3,keygen,0.0479,0.0,0.0,0.303,1184,2400,1088,0,0,0,0,0.0,0.7192,nan,edge/x86_64,unknown,3.12.3,2026-10-09T18:44:24Z
162,ML-KEM-768,post-quantum,3,encapsulate,0.0458,0.0,0.0,0.303,1184,2400,1088,0,0,0,0,0.0,0.6872,nan,edge/x86_64,unknown,3.12.3,2026-10-09T18:44:24Z
162,ML-KEM-768,post-quantum,3,decapsulate,0.0488,0.0,0.0,0.303,1184,2400,1088,0,0,0,0,0.0,0.7323,nan,edge/x86_64,unknown,3.12.3,2026-10-09T18:44:24Z
163,ML-KEM-768,post-quantum,3,keygen,0.0475,0.0,0.0,0.303,1184,2400,1088,0,0,0,0,0.0,0.712,nan,edge/x86_64,unknown,3.12.3,2026-10-09T18:44:24Z
163,ML-KEM-768,post-quantum,3,encapsulate,0.0458,0.0,0.0,0.303,1184,2400,1088,0,0,0,0,0.0,0.6865,nan,edge/x86_64,unknown,3.12.3,2026-10-09T18:44:24Z
163,ML-KEM-768,post-quantum,3,decapsulate,0.0489,0.0,0.0,0.303,1184,2400,1088,0,0,0,0,0.0,0.7339,nan,edge/x86_64,unknown,3.12.3,2026-10-09T18:44:24Z
164,ML-KEM-768,post-quantum,3,keygen,0.0463,0.0,0.0,0.303,1184,2400,1088,0,0,0,0,0.0,0.6939,nan,edge/x86_64,unknown,3.12.3,2026-10-09T18:44:24Z
164,ML-KEM-768,post-quantum,3,encapsulate,0.0465,0.0,0.0,0.303,1184,2400,1088,0,0,0,0,0.0,0.6981,nan,edge/x86_64,unknown,3.12.3,2026-10-09T18:44:24Z
164,ML-KEM-768,post-quantum,3,decapsulate,0.0466,0.0,0.0,0.303,1184,2400,1088,0,0,0,0,0.0,0.6983,nan,edge/x86_64,unknown,3.12.3,2026-10-09T18:44:24Z
165,ML-KEM-768,post-quantum,3,keygen,0.0462,0.0,0.0,0.303,1184,2400,1088,0,0,0,0,0.0,0.6932,nan,edge/x86_64,unknown,3.12.3,2026-10-09T18:44:24Z
165,ML-KEM-768,post-quantum,3,encapsulate,0.0496,0.0,0.0,0.303,1184,2400,1088,0,0,0,0,0.0,0.7441,nan,edge/x86_64,unknown,3.12.3,2026-10-09T18:44:24Z
165,ML-KEM-768,post-quantum,3,decapsulate,0.0476,0.0,0.0,0.303,1184,2400,1088,0,0,0,0,0.0,0.7147,nan,edge/x86_64,unknown,3.12.3,2026-10-09T18:44:24Z
166,ML-KEM-768,post-quantum,3,keygen,0.0434,0.0,0.0,0.303,1184,2400,1088,0,0,0,0,0.0,0.6513,nan,edge/x86_64,unknown,3.12.3,2026-10-09T18:44:24Z
166,ML-KEM-768,post-quantum,3,encapsulate,0.0477,0.0,0.0,0.303,1184,2400,1088,0,0,0,0,0.0,0.7155,nan,edge/x86_64,unknown,3.12.3,2026-10-09T18:44:24Z
166,ML-KEM-768,post-quantum,3,decapsulate,0.0492,0.0,0.0,0.303,1184,2400,1088,0,0,0,0,0.0,0.7376,nan,edge/x86_64,unknown,3.12.3,2026-10-09T18:44:24Z
167,ML-KEM-768,post-quantum,3,keygen,0.0464,0.0,0.0,0.303,1184,2400,1088,0,0,0,0,0.0,0.6954,nan,edge/x86_64,unknown,3.12.3,2026-10-09T18:44:24Z
167,ML-KEM-768,post-quantum,3,encapsulate,0.0571,0.0,0.0,0.303,1184,2400,1088,0,0,0,0,0.0,0.8564,nan,edge/x86_64,unknown,3.12.3,2026-10-09T18:44:24Z
167,ML-KEM-768,post-quantum,3,decapsulate,0.047,0.0,0.0,0.303,1184,2400,1088,0,0,0,0,0.0,0.7049,nan,edge/x86_64,unknown,3.12.3,2026-10-09T18:44:24Z
168,ML-KEM-768,post-quantum,3,keygen,0.0483,0.0,0.0,0.303,1184,2400,1088,0,0,0,0,0.0,0.7242,nan,edge/x86_64,unknown,3.12.3,2026-10-09T18:44:24Z
168,ML-KEM-768,post-quantum,3,encapsulate,0.0644,0.0,0.0,0.303,1184,2400,1088,0,0,0,0,0.0,0.966,nan,edge/x86_64,unknown,3.12.3,2026-10-09T18:44:24Z
168,ML-KEM-768,post-quantum,3,decapsulate,0.0541,0.0,0.0,0.303,1184,2400,1088,0,0,0,0,0.0,0.8119,nan,edge/x86_64,unknown,3.12.3,2026-10-09T18:44:24Z
169,ML-KEM-768,post-quantum,3,keygen,0.0909,0.0,0.0,0.303,1184,2400,1088,0,0,0,0,0.0,1.3631,nan,edge/x86_64,unknown,3.12.3,2026-10-09T18:44:24Z
169,ML-KEM-768,post-quantum,3,encapsulate,0.1133,0.0,0.0,0.303,1184,2400,1088,0,0,0,0,0.0,1.699,nan,edge/x86_64,unknown,3.12.3,2026-10-09T18:44:24Z
169,ML-KEM-768,post-quantum,3,decapsulate,0.0496,0.0,0.0,0.303,1184,2400,1088,0,0,0,0,0.0,0.7434,nan,edge/x86_64,unknown,3.12.3,2026-10-09T18:44:24Z
170,ML-KEM-768,post-quantum,3,keygen,0.0474,0.0,0.0,0.303,1184,2400,1088,0,0,0,0,0.0,0.7108,nan,edge/x86_64,unknown,3.12.3,2026-10-09T18:44:24Z
170,ML-KEM-768,post-quantum,3,encapsulate,0.0479,0.0,0.0,0.303,1184,2400,1088,0,0,0,0,0.0,0.7179,nan,edge/x86_64,unknown,3.12.3,2026-10-09T18:44:24Z
170,ML-KEM-768,post-quantum,3,decapsulate,0.0693,0.0,0.0,0.303,1184,2400,1088,0,0,0,0,0.0,1.04,nan,edge/x86_64,unknown,3.12.3,2026-10-09T18:44:24Z
171,ML-KEM-768,post-quantum,3,keygen,0.0463,0.0,0.0,0.303,1184,2400,1088,0,0,0,0,0.0,0.6942,nan,edge/x86_64,unknown,3.12.3,2026-10-09T18:44:24Z
171,ML-KEM-768,post-quantum,3,encapsulate,0.0466,0.0,0.0,0.303,1184,2400,1088,0,0,0,0,0.0,0.6991,nan,edge/x86_64,unknown,3.12.3,2026-10-09T18:44:24Z
171,ML-KEM-768,post-quantum,3,decapsulate,0.0478,0.0,0.0,0.303,1184,2400,1088,0,0,0,0,0.0,0.7177,nan,edge/x86_64,unknown,3.12.3,2026-10-09T18:44:24Z
172,ML-KEM-768,post-quantum,3,keygen,0.0472,0.0,0.0,0.303,1184,2400,1088,0,0,0,0,0.0,0.7087,nan,edge/x86_64,unknown,3.12.3,2026-10-09T18:44:24Z
172,ML-KEM-768,post-quantum,3,encapsulate,0.0466,0.0,0.0,0.303,1184,2400,1088,0,0,0,0,0.0,0.6986,nan,edge/x86_64,unknown,3.12.3,2026-10-09T18:44:24Z
172,ML-KEM-768,post-quantum,3,decapsulate,0.0464,0.0,0.0,0.303,1184,2400,1088,0,0,0,0,0.0,0.6956,nan,edge/x86_64,unknown,3.12.3,2026-10-09T18:44:24Z
173,ML-KEM-768,post-quantum,3,keygen,0.0538,0.0,0.0,0.303,1184,2400,1088,0,0,0,0,0.0,0.807,nan,edge/x86_64,unknown,3.12.3,2026-10-09T18:44:24Z
173,ML-KEM-768,post-quantum,3,encapsulate,0.051,0.0,0.0,0.303,1184,2400,1088,0,0,0,0,0.0,0.7646,nan,edge/x86_64,unknown,3.12.3,2026-10-09T18:44:24Z
173,ML-KEM-768,post-quantum,3,decapsulate,0.084,0.0,0.0,0.303,1184,2400,1088,0,0,0,0,0.0,1.2598,nan,edge/x86_64,unknown,3.12.3,2026-10-09T18:44:24Z
174,ML-KEM-768,post-quantum,3,keygen,0.0498,0.0,0.0,0.303,1184,2400,1088,0,0,0,0,0.0,0.7474,nan,edge/x86_64,unknown,3.12.3,2026-10-09T18:44:24Z
174,ML-KEM-768,post-quantum,3,encapsulate,0.0464,0.0,0.0,0.303,1184,2400,1088,0,0,0,0,0.0,0.6953,nan,edge/x86_64,unknown,3.12.3,2026-10-09T18:44:24Z
174,ML-KEM-768,post-quantum,3,decapsulate,0.049,0.0,0.0,0.303,1184,2400,1088,0,0,0,0,0.0,0.7346,nan,edge/x86_64,unknown,3.12.3,2026-10-09T18:44:24Z
175,ML-KEM-768,post-quantum,3,keygen,0.0499,0.0,0.0,0.303,1184,2400,1088,0,0,0,0,0.0,0.7488,nan,edge/x86_64,unknown,3.12.3,2026-10-09T18:44:24Z
175,ML-KEM-768,post-quantum,3,encapsulate,0.0629,0.0,0.0,0.303,1184,2400,1088,0,0,0,0,0.0,0.9441,nan,edge/x86_64,unknown,3.12.3,2026-10-09T18:44:24Z
175,ML-KEM-768,post-quantum,3,decapsulate,0.0462,0.0,0.0,0.303,1184,2400,1088,0,0,0,0,0.0,0.6932,nan,edge/x86_64,unknown,3.12.3,2026-10-09T18:44:24Z
176,ML-KEM-768,post-quantum,3,keygen,0.0453,0.0,0.0,0.303,1184,2400,1088,0,0,0,0,0.0,0.6799,nan,edge/x86_64,unknown,3.12.3,2026-10-09T18:44:24Z
176,ML-KEM-768,post-quantum,3,encapsulate,0.0457,0.0,0.0,0.303,1184,2400,1088,0,0,0,0,0.0,0.6861,nan,edge/x86_64,unknown,3.12.3,2026-10-09T18:44:24Z
176,ML-KEM-768,post-quantum,3,decapsulate,0.0466,0.0,0.0,0.303,1184,2400,1088,0,0,0,0,0.0,0.6984,nan,edge/x86_64,unknown,3.12.3,2026-10-09T18:44:24Z
177,ML-KEM-768,post-quantum,3,keygen,0.0607,0.0,0.0,0.303,1184,2400,1088,0,0,0,0,0.0,0.911,nan,edge/x86_64,unknown,3.12.3,2026-10-09T18:44:24Z
177,ML-KEM-768,post-quantum,3,encapsulate,0.051,0.0,0.0,0.303,1184,2400,1088,0,0,0,0,0.0,0.7645,nan,edge/x86_64,unknown,3.12.3,2026-10-09T18:44:24Z
177,ML-KEM-768,post-quantum,3,decapsulate,0.0484,0.0,0.0,0.303,1184,2400,1088,0,0,0,0,0.0,0.726,nan,edge/x86_64,unknown,3.12.3,2026-10-09T18:44:24Z
178,ML-KEM-768,post-quantum,3,keygen,0.0443,0.0,0.0,0.303,1184,2400,1088,0,0,0,0,0.0,0.6642,nan,edge/x86_64,unknown,3.12.3,2026-10-09T18:44:24Z
178,ML-KEM-768,post-quantum,3,encapsulate,0.0471,0.0,0.0,0.303,1184,2400,1088,0,0,0,0,0.0,0.7062,nan,edge/x86_64,unknown,3.12.3,2026-10-09T18:44:24Z
178,ML-KEM-768,post-quantum,3,decapsulate,0.0848,0.0,0.0,0.303,1184,2400,1088,0,0,0,0,0.0,1.2714,nan,edge/x86_64,unknown,3.12.3,2026-10-09T18:44:24Z
179,ML-KEM-768,post-quantum,3,keygen,0.0961,0.0,0.0,0.303,1184,2400,1088,0,0,0,0,0.0,1.4408,nan,edge/x86_64,unknown,3.12.3,2026-10-09T18:44:24Z
179,ML-KEM-768,post-quantum,3,encapsulate,0.0741,0.0,0.0,0.303,1184,2400,1088,0,0,0,0,0.0,1.1108,nan,edge/x86_64,unknown,3.12.3,2026-10-09T18:44:24Z
179,ML-KEM-768,post-quantum,3,decapsulate,0.0525,0.0,0.0,0.303,1184,2400,1088,0,0,0,0,0.0,0.7874,nan,edge/x86_64,unknown,3.12.3,2026-10-09T18:44:24Z
180,ML-KEM-768,post-quantum,3,keygen,0.0518,0.0,0.0,0.303,1184,2400,1088,0,0,0,0,0.0,0.7774,nan,edge/x86_64,unknown,3.12.3,2026-10-09T18:44:24Z
180,ML-KEM-768,post-quantum,3,encapsulate,0.0465,0.0,0.0,0.303,1184,2400,1088,0,0,0,0,0.0,0.6978,nan,edge/x86_64,unknown,3.12.3,2026-10-09T18:44:24Z
180,ML-KEM-768,post-quantum,3,decapsulate,0.1064,0.0,0.0,0.303,1184,2400,1088,0,0,0,0,0.0,1.5961,nan,edge/x86_64,unknown,3.12.3,2026-10-09T18:44:24Z
181,ML-KEM-768,post-quantum,3,keygen,0.0486,0.0,0.0,0.303,1184,2400,1088,0,0,0,0,0.0,0.7284,nan,edge/x86_64,unknown,3.12.3,2026-10-09T18:44:24Z
181,ML-KEM-768,post-quantum,3,encapsulate,0.0621,0.0,0.0,0.303,1184,2400,1088,0,0,0,0,0.0,0.9308,nan,edge/x86_64,unknown,3.12.3,2026-10-09T18:44:24Z
181,ML-KEM-768,post-quantum,3,decapsulate,0.0554,0.0,0.0,0.303,1184,2400,1088,0,0,0,0,0.0,0.8306,nan,edge/x86_64,unknown,3.12.3,2026-10-09T18:44:24Z
182,ML-KEM-768,post-quantum,3,keygen,0.1386,0.0,0.0,0.303,1184,2400,1088,0,0,0,0,0.0,2.0788,nan,edge/x86_64,unknown,3.12.3,2026-10-09T18:44:24Z
182,ML-KEM-768,post-quantum,3,encapsulate,0.1057,0.0,0.0,0.303,1184,2400,1088,0,0,0,0,0.0,1.5856,nan,edge/x86_64,unknown,3.12.3,2026-10-09T18:44:24Z
182,ML-KEM-768,post-quantum,3,decapsulate,0.0524,0.0,0.0,0.303,1184,2400,1088,0,0,0,0,0.0,0.7863,nan,edge/x86_64,unknown,3.12.3,2026-10-09T18:44:24Z
183,ML-KEM-768,post-quantum,3,keygen,0.0506,0.0,0.0,0.303,1184,2400,1088,0,0,0,0,0.0,0.7586,nan,edge/x86_64,unknown,3.12.3,2026-10-09T18:44:24Z
183,ML-KEM-768,post-quantum,3,encapsulate,0.047,0.0,0.0,0.303,1184,2400,1088,0,0,0,0,0.0,0.705,nan,edge/x86_64,unknown,3.12.3,2026-10-09T18:44:24Z
183,ML-KEM-768,post-quantum,3,decapsulate,0.047,0.0,0.0,0.303,1184,2400,1088,0,0,0,0,0.0,0.7046,nan,edge/x86_64,unknown,3.12.3,2026-10-09T18:44:24Z
184,ML-KEM-768,post-quantum,3,keygen,0.0464,0.0,0.0,0.303,1184,2400,1088,0,0,0,0,0.0,0.6955,nan,edge/x86_64,unknown,3.12.3,2026-10-09T18:44:24Z
184,ML-KEM-768,post-quantum,3,encapsulate,0.0467,0.0,0.0,0.303,1184,2400,1088,0,0,0,0,0.0,0.7,nan,edge/x86_64,unknown,3.12.3,2026-10-09T18:44:24Z
184,ML-KEM-768,post-quantum,3,decapsulate,0.0471,0.0,0.0,0.303,1184,2400,1088,0,0,0,0,0.0,0.7058,nan,edge/x86_64,unknown,3.12.3,2026-10-09T18:44:24Z
185,ML-KEM-768,post-quantum,3,keygen,0.0807,0.0,0.0,0.303,1184,2400,1088,0,0,0,0,0.0,1.2111,nan,edge/x86_64,unknown,3.12.3,2026-10-09T18:44:24Z
185,ML-KEM-768,post-quantum,3,encapsulate,0.0634,0.0,0.0,0.303,1184,2400,1088,0,0,0,0,0.0,0.9506,nan,edge/x86_64,unknown,3.12.3,2026-10-09T18:44:24Z
185,ML-KEM-768,post-quantum,3,decapsulate,0.0943,0.0,0.0,0.303,1184,2400,1088,0,0,0,0,0.0,1.4152,nan,edge/x86_64,unknown,3.12.3,2026-10-09T18:44:24Z
186,ML-KEM-768,post-quantum,3,keygen,0.048,0.0,0.0,0.303,1184,2400,1088,0,0,0,0,0.0,0.7203,nan,edge/x86_64,unknown,3.12.3,2026-10-09T18:44:24Z
186,ML-KEM-768,post-quantum,3,encapsulate,0.0472,0.0,0.0,0.303,1184,2400,1088,0,0,0,0,0.0,0.7079,nan,edge/x86_64,unknown,3.12.3,2026-10-09T18:44:24Z
186,ML-KEM-768,post-quantum,3,decapsulate,0.0477,0.0,0.0,0.303,1184,2400,1088,0,0,0,0,0.0,0.7162,nan,edge/x86_64,unknown,3.12.3,2026-10-09T18:44:24Z
187,ML-KEM-768,post-quantum,3,keygen,0.0466,0.0,0.0,0.303,1184,2400,1088,0,0,0,0,0.0,0.6986,nan,edge/x86_64,unknown,3.12.3,2026-10-09T18:44:24Z
187,ML-KEM-768,post-quantum,3,encapsulate,0.0458,0.0,0.0,0.303,1184,2400,1088,0,0,0,0,0.0,0.6864,nan,edge/x86_64,unknown,3.12.3,2026-10-09T18:44:24Z
187,ML-KEM-768,post-quantum,3,decapsulate,0.0465,0.0,0.0,0.303,1184,2400,1088,0,0,0,0,0.0,0.698,nan,edge/x86_64,unknown,3.12.3,2026-10-09T18:44:24Z
188,ML-KEM-768,post-quantum,3,keygen,0.0848,0.0,0.0,0.303,1184,2400,1088,0,0,0,0,0.0,1.2717,nan,edge/x86_64,unknown,3.12.3,2026-10-09T18:44:24Z
188,ML-KEM-768,post-quantum,3,encapsulate,0.0615,0.0,0.0,0.303,1184,2400,1088,0,0,0,0,0.0,0.9219,nan,edge/x86_64,unknown,3.12.3,2026-10-09T18:44:24Z
188,ML-KEM-768,post-quantum,3,decapsulate,0.0745,0.0,0.0,0.303,1184,2400,1088,0,0,0,0,0.0,1.117,nan,edge/x86_64,unknown,3.12.3,2026-10-09T18:44:24Z
189,ML-KEM-768,post-quantum,3,keygen,0.0488,0.0,0.0,0.303,1184,2400,1088,0,0,0,0,0.0,0.7314,nan,edge/x86_64,unknown,3.12.3,2026-10-09T18:44:24Z
189,ML-KEM-768,post-quantum,3,encapsulate,0.045,0.0,0.0,0.303,1184,2400,1088,0,0,0,0,0.0,0.6752,nan,edge/x86_64,unknown,3.12.3,2026-10-09T18:44:24Z
189,ML-KEM-768,post-quantum,3,decapsulate,0.0464,0.0,0.0,0.303,1184,2400,1088,0,0,0,0,0.0,0.6957,nan,edge/x86_64,unknown,3.12.3,2026-10-09T18:44:24Z
190,ML-KEM-768,post-quantum,3,keygen,0.0468,0.0,0.0,0.303,1184,2400,1088,0,0,0,0,0.0,0.7019,nan,edge/x86_64,unknown,3.12.3,2026-10-09T18:44:24Z
190,ML-KEM-768,post-quantum,3,encapsulate,0.0454,0.0,0.0,0.303,1184,2400,1088,0,0,0,0,0.0,0.6815,nan,edge/x86_64,unknown,3.12.3,2026-10-09T18:44:24Z
190,ML-KEM-768,post-quantum,3,decapsulate,0.0466,0.0,0.0,0.303,1184,2400,1088,0,0,0,0,0.0,0.6985,nan,edge/x86_64,unknown,3.12.3,2026-10-09T18:44:24Z
191,ML-KEM-768,post-quantum,3,keygen,0.045,0.0,0.0,0.303,1184,2400,1088,0,0,0,0,0.0,0.6756,nan,edge/x86_64,unknown,3.12.3,2026-10-09T18:44:24Z
191,ML-KEM-768,post-quantum,3,encapsulate,0.048,0.0,0.0,0.303,1184,2400,1088,0,0,0,0,0.0,0.7193,nan,edge/x86_64,unknown,3.12.3,2026-10-09T18:44:24Z
191,ML-KEM-768,post-quantum,3,decapsulate,0.0468,0.0,0.0,0.303,1184,2400,1088,0,0,0,0,0.0,0.7014,nan,edge/x86_64,unknown,3.12.3,2026-10-09T18:44:24Z
192,ML-KEM-768,post-quantum,3,keygen,0.0688,0.0,0.0,0.303,1184,2400,1088,0,0,0,0,0.0,1.0316,nan,edge/x86_64,unknown,3.12.3,2026-10-09T18:44:24Z
192,ML-KEM-768,post-quantum,3,encapsulate,0.0475,0.0,0.0,0.303,1184,2400,1088,0,0,0,0,0.0,0.7124,nan,edge/x86_64,unknown,3.12.3,2026-10-09T18:44:24Z
192,ML-KEM-768,post-quantum,3,decapsulate,0.046,0.0,0.0,0.303,1184,2400,1088,0,0,0,0,0.0,0.69,nan,edge/x86_64,unknown,3.12.3,2026-10-09T18:44:24Z
193,ML-KEM-768,post-quantum,3,keygen,0.0459,0.0,0.0,0.303,1184,2400,1088,0,0,0,0,0.0,0.6891,nan,edge/x86_64,unknown,3.12.3,2026-10-09T18:44:24Z
193,ML-KEM-768,post-quantum,3,encapsulate,0.0472,0.0,0.0,0.303,1184,2400,1088,0,0,0,0,0.0,0.7073,nan,edge/x86_64,unknown,3.12.3,2026-10-09T18:44:24Z
193,ML-KEM-768,post-quantum,3,decapsulate,0.046,0.0,0.0,0.303,1184,2400,1088,0,0,0,0,0.0,0.6905,nan,edge/x86_64,unknown,3.12.3,2026-10-09T18:44:24Z
194,ML-KEM-768,post-quantum,3,keygen,0.0453,0.0,0.0,0.303,1184,2400,1088,0,0,0,0,0.0,0.6794,nan,edge/x86_64,unknown,3.12.3,2026-10-09T18:44:24Z
194,ML-KEM-768,post-quantum,3,encapsulate,0.1402,0.0,0.0,0.303,1184,2400,1088,0,0,0,0,0.0,2.1025,nan,edge/x86_64,unknown,3.12.3,2026-10-09T18:44:24Z
194,ML-KEM-768,post-quantum,3,decapsulate,0.0672,0.0,0.0,0.303,1184,2400,1088,0,0,0,0,0.0,1.0085,nan,edge/x86_64,unknown,3.12.3,2026-10-09T18:44:24Z
195,ML-KEM-768,post-quantum,3,keygen,0.0593,0.0,0.0,0.303,1184,2400,1088,0,0,0,0,0.0,0.889,nan,edge/x86_64,unknown,3.12.3,2026-10-09T18:44:24Z
195,ML-KEM-768,post-quantum,3,encapsulate,0.0533,0.0,0.0,0.303,1184,2400,1088,0,0,0,0,0.0,0.7992,nan,edge/x86_64,unknown,3.12.3,2026-10-09T18:44:24Z
195,ML-KEM-768,post-quantum,3,decapsulate,0.0504,0.0,0.0,0.303,1184,2400,1088,0,0,0,0,0.0,0.7561,nan,edge/x86_64,unknown,3.12.3,2026-10-09T18:44:24Z
196,ML-KEM-768,post-quantum,3,keygen,0.0483,0.0,0.0,0.303,1184,2400,1088,0,0,0,0,0.0,0.7238,nan,edge/x86_64,unknown,3.12.3,2026-10-09T18:44:24Z
196,ML-KEM-768,post-quantum,3,encapsulate,0.0462,0.0,0.0,0.303,1184,2400,1088,0,0,0,0,0.0,0.6934,nan,edge/x86_64,unknown,3.12.3,2026-10-09T18:44:24Z
196,ML-KEM-768,post-quantum,3,decapsulate,0.0474,0.0,0.0,0.303,1184,2400,1088,0,0,0,0,0.0,0.7114,nan,edge/x86_64,unknown,3.12.3,2026-10-09T18:44:24Z
197,ML-KEM-768,post-quantum,3,keygen,0.0467,0.0,0.0,0.303,1184,2400,1088,0,0,0,0,0.0,0.7006,nan,edge/x86_64,unknown,3.12.3,2026-10-09T18:44:24Z
197,ML-KEM-768,post-quantum,3,encapsulate,0.0478,0.0,0.0,0.303,1184,2400,1088,0,0,0,0,0.0,0.7176,nan,edge/x86_64,unknown,3.12.3,2026-10-09T18:44:24Z
197,ML-KEM-768,post-quantum,3,decapsulate,0.0481,0.0,0.0,0.303,1184,2400,1088,0,0,0,0,0.0,0.7222,nan,edge/x86_64,unknown,3.12.3,2026-10-09T18:44:24Z
198,ML-KEM-768,post-quantum,3,keygen,0.0512,0.0,0.0,0.303,1184,2400,1088,0,0,0,0,0.0,0.7685,nan,edge/x86_64,unknown,3.12.3,2026-10-09T18:44:24Z
198,ML-KEM-768,post-quantum,3,encapsulate,0.0467,0.0,0.0,0.303,1184,2400,1088,0,0,0,0,0.0,0.6999,nan,edge/x86_64,unknown,3.12.3,2026-10-09T18:44:24Z
198,ML-KEM-768,post-quantum,3,decapsulate,0.0469,0.0,0.0,0.303,1184,2400,1088,0,0,0,0,0.0,0.703,nan,edge/x86_64,unknown,3.12.3,2026-10-09T18:44:24Z
199,ML-KEM-768,post-quantum,3,keygen,0.0463,0.0,0.0,0.303,1184,2400,1088,0,0,0,0,0.0,0.6941,nan,edge/x86_64,unknown,3.12.3,2026-10-09T18:44:24Z
199,ML-KEM-768,post-quantum,3,encapsulate,0.045,0.0,0.0,0.303,1184,2400,1088,0,0,0,0,0.0,0.6757,nan,edge/x86_64,unknown,3.12.3,2026-10-09T18:44:24Z
199,ML-KEM-768,post-quantum,3,decapsulate,0.0463,0.0,0.0,0.303,1184,2400,1088,0,0,0,0,0.0,0.6946,nan,edge/x86_64,unknown,3.12.3,2026-10-09T18:44:24Z
0,ML-KEM-1024,post-quantum,5,keygen,0.0661,0.0,0.0,0.307,1568,3168,1568,0,0,0,0,0.0,0.9909,nan,edge/x86_64,unknown,3.12.3,2026-10-09T18:44:24Z
0,ML-KEM-1024,post-quantum,5,encapsulate,0.0557,0.0,0.0,0.307,1568,3168,1568,0,0,0,0,0.0,0.8358,nan,edge/x86_64,unknown,3.12.3,2026-10-09T18:44:24Z
0,ML-KEM-1024,post-quantum,5,decapsulate,0.0653,0.0,0.0,0.307,1568,3168,1568,0,0,0,0,0.0,0.9799,nan,edge/x86_64,unknown,3.12.3,2026-10-09T18:44:24Z
1,ML-KEM-1024,post-quantum,5,keygen,0.0564,0.0,0.0,0.307,1568,3168,1568,0,0,0,0,0.0,0.8464,nan,edge/x86_64,unknown,3.12.3,2026-10-09T18:44:24Z
1,ML-KEM-1024,post-quantum,5,encapsulate,0.0867,0.0,0.0,0.307,1568,3168,1568,0,0,0,0,0.0,1.3004,nan,edge/x86_64,unknown,3.12.3,2026-10-09T18:44:24Z
1,ML-KEM-1024,post-quantum,5,decapsulate,0.0586,0.0,0.0,0.307,1568,3168,1568,0,0,0,0,0.0,0.8797,nan,edge/x86_64,unknown,3.12.3,2026-10-09T18:44:24Z
2,ML-KEM-1024,post-quantum,5,keygen,0.0578,0.0,0.0,0.307,1568,3168,1568,0,0,0,0,0.0,0.8671,nan,edge/x86_64,unknown,3.12.3,2026-10-09T18:44:24Z
2,ML-KEM-1024,post-quantum,5,encapsulate,0.0534,0.0,0.0,0.307,1568,3168,1568,0,0,0,0,0.0,0.8004,nan,edge/x86_64,unknown,3.12.3,2026-10-09T18:44:24Z
2,ML-KEM-1024,post-quantum,5,decapsulate,0.1823,0.0,0.0,0.307,1568,3168,1568,0,0,0,0,0.0,2.7351,nan,edge/x86_64,unknown,3.12.3,2026-10-09T18:44:24Z
3,ML-KEM-1024,post-quantum,5,keygen,0.0806,0.0,0.0,0.307,1568,3168,1568,0,0,0,0,0.0,1.2085,nan,edge/x86_64,unknown,3.12.3,2026-10-09T18:44:24Z
3,ML-KEM-1024,post-quantum,5,encapsulate,0.0951,0.0,0.0,0.307,1568,3168,1568,0,0,0,0,0.0,1.4259,nan,edge/x86_64,unknown,3.12.3,2026-10-09T18:44:24Z
3,ML-KEM-1024,post-quantum,5,decapsulate,0.0663,0.0,0.0,0.307,1568,3168,1568,0,0,0,0,0.0,0.9951,nan,edge/x86_64,unknown,3.12.3,2026-10-09T18:44:24Z
4,ML-KEM-1024,post-quantum,5,keygen,0.0681,0.0,0.0,0.307,1568,3168,1568,0,0,0,0,0.0,1.0222,nan,edge/x86_64,unknown,3.12.3,2026-10-09T18:44:24Z
4,ML-KEM-1024,post-quantum,5,encapsulate,0.064,0.0,0.0,0.307,1568,3168,1568,0,0,0,0,0.0,0.9605,nan,edge/x86_64,unknown,3.12.3,2026-10-09T18:44:24Z
4,ML-KEM-1024,post-quantum,5,decapsulate,0.0638,0.0,0.0,0.307,1568,3168,1568,0,0,0,0,0.0,0.9574,nan,edge/x86_64,unknown,3.12.3,2026-10-09T18:44:24Z
5,ML-KEM-1024,post-quantum,5,keygen,0.0558,0.0,0.0,0.307,1568,3168,1568,0,0,0,0,0.0,0.8369,nan,edge/x86_64,unknown,3.12.3,2026-10-09T18:44:24Z
5,ML-KEM-1024,post-quantum,5,encapsulate,0.0547,0.0,0.0,0.307,1568,3168,1568,0,0,0,0,0.0,0.8206,nan,edge/x86_64,unknown,3.12.3,2026-10-09T18:44:24Z
5,ML-KEM-1024,post-quantum,5,decapsulate,0.0552,0.0,0.0,0.307,1568,3168,1568,0,0,0,0,0.0,0.828,nan,edge/x86_64,unknown,3.12.3,2026-10-09T18:44:24Z
6,ML-KEM-1024,post-quantum,5,keygen,0.052,0.0,0.0,0.307,1568,3168,1568,0,0,0,0,0.0,0.7795,nan,edge/x86_64,unknown,3.12.3,2026-10-09T18:44:24Z
6,ML-KEM-1024,post-quantum,5,encapsulate,0.0878,0.0,0.0,0.307,1568,3168,1568,0,0,0,0,0.0,1.3169,nan,edge/x86_64,unknown,3.12.3,2026-10-09T18:44:24Z
6,ML-KEM-1024,post-quantum,5,decapsulate,0.0622,0.0,0.0,0.307,1568,3168,1568,0,0,0,0,0.0,0.9333,nan,edge/x86_64,unknown,3.12.3,2026-10-09T18:44:24Z
7,ML-KEM-1024,post-quantum,5,keygen,0.0582,0.0,0.0,0.307,1568,3168,1568,0,0,0,0,0.0,0.8732,nan,edge/x86_64,unknown,3.12.3,2026-10-09T18:44:24Z
7,ML-KEM-1024,post-quantum,5,encapsulate,0.058,0.0,0.0,0.307,1568,3168,1568,0,0,0,0,0.0,0.8697,nan,edge/x86_64,unknown,3.12.3,2026-10-09T18:44:24Z
7,ML-KEM-1024,post-quantum,5,decapsulate,0.0578,0.0,0.0,0.307,1568,3168,1568,0,0,0,0,0.0,0.8664,nan,edge/x86_64,unknown,3.12.3,2026-10-09T18:44:24Z
8,ML-KEM-1024,post-quantum,5,keygen,0.0531,0.0,0.0,0.307,1568,3168,1568,0,0,0,0,0.0,0.7971,nan,edge/x86_64,unknown,3.12.3,2026-10-09T18:44:24Z
8,ML-KEM-1024,post-quantum,5,encapsulate,0.0547,0.0,0.0,0.307,1568,3168,1568,0,0,0,0,0.0,0.8211,nan,edge/x86_64,unknown,3.12.3,2026-10-09T18:44:24Z
8,ML-KEM-1024,post-quantum,5,decapsulate,0.0573,0.0,0.0,0.307,1568,3168,1568,0,0,0,0,0.0,0.859,nan,edge/x86_64,unknown,3.12.3,2026-10-09T18:44:24Z
9,ML-KEM-1024,post-quantum,5,keygen,0.0883,0.0,0.0,0.307,1568,3168,1568,0,0,0,0,0.0,1.3244,nan,edge/x86_64,unknown,3.12.3,2026-10-09T18:44:24Z
9,ML-KEM-1024,post-quantum,5,encapsulate,0.0571,0.0,0.0,0.307,1568,3168,1568,0,0,0,0,0.0,0.856,nan,edge/x86_64,unknown,3.12.3,2026-10-09T18:44:24Z
9,ML-KEM-1024,post-quantum,5,decapsulate,0.0554,0.0,0.0,0.307,1568,3168,1568,0,0,0,0,0.0,0.8315,nan,edge/x86_64,unknown,3.12.3,2026-10-09T18:44:24Z
10,ML-KEM-1024,post-quantum,5,keygen,0.0528,0.0,0.0,0.307,1568,3168,1568,0,0,0,0,0.0,0.7917,nan,edge/x86_64,unknown,3.12.3,2026-10-09T18:44:24Z
10,ML-KEM-1024,post-quantum,5,encapsulate,0.0537,0.0,0.0,0.307,1568,3168,1568,0,0,0,0,0.0,0.8061,nan,edge/x86_64,unknown,3.12.3,2026-10-09T18:44:24Z
10,ML-KEM-1024,post-quantum,5,decapsulate,0.0724,0.0,0.0,0.307,1568,3168,1568,0,0,0,0,0.0,1.0856,nan,edge/x86_64,unknown,3.12.3,2026-10-09T18:44:24Z
11,ML-KEM-1024,post-quantum,5,keygen,0.0544,0.0,0.0,0.307,1568,3168,1568,0,0,0,0,0.0,0.8157,nan,edge/x86_64,unknown,3.12.3,2026-10-09T18:44:24Z
11,ML-KEM-1024,post-quantum,5,encapsulate,0.0576,0.0,0.0,0.307,1568,3168,1568,0,0,0,0,0.0,0.864,nan,edge/x86_64,unknown,3.12.3,2026-10-09T18:44:24Z
11,ML-KEM-1024,post-quantum,5,decapsulate,0.0604,0.0,0.0,0.307,1568,3168,1568,0,0,0,0,0.0,0.9064,nan,edge/x86_64,unknown,3.12.3,2026-10-09T18:44:24Z
12,ML-KEM-1024,post-quantum,5,keygen,0.2811,0.0,0.0,0.307,1568,3168,1568,0,0,0,0,0.0,4.217,nan,edge/x86_64,unknown,3.12.3,2026-10-09T18:44:24Z
12,ML-KEM-1024,post-quantum,5,encapsulate,0.0619,0.0,0.0,0.307,1568,3168,1568,0,0,0,0,0.0,0.9281,nan,edge/x86_64,unknown,3.12.3,2026-10-09T18:44:24Z
12,ML-KEM-1024,post-quantum,5,decapsulate,0.0606,0.0,0.0,0.307,1568,3168,1568,0,0,0,0,0.0,0.9088,nan,edge/x86_64,unknown,3.12.3,2026-10-09T18:44:24Z
13,ML-KEM-1024,post-quantum,5,keygen,0.056,0.0,0.0,0.307,1568,3168,1568,0,0,0,0,0.0,0.8398,nan,edge/x86_64,unknown,3.12.3,2026-10-09T18:44:24Z
13,ML-KEM-1024,post-quantum,5,encapsulate,0.0539,0.0,0.0,0.307,1568,3168,1568,0,0,0,0,0.0,0.8084,nan,edge/x86_64,unknown,3.12.3,2026-10-09T18:44:24Z
13,ML-KEM-1024,post-quantum,5,decapsulate,0.0582,0.0,0.0,0.307,1568,3168,1568,0,0,0,0,0.0,0.873,nan,edge/x86_64,unknown,3.12.3,2026-10-09T18:44:24Z
14,ML-KEM-1024,post-quantum,5,keygen,0.0574,0.0,0.0,0.307,1568,3168,1568,0,0,0,0,0.0,0.8616,nan,edge/x86_64,unknown,3.12.3,2026-10-09T18:44:24Z
14,ML-KEM-1024,post-quantum,5,encapsulate,0.0567,0.0,0.0,0.307,1568,3168,1568,0,0,0,0,0.0,0.8508,nan,edge/x86_64,unknown,3.12.3,2026-10-09T18:44:24Z
14,ML-KEM-1024,post-quantum,5,decapsulate,0.0591,0.0,0.0,0.307,1568,3168,1568,0,0,0,0,0.0,0.8863,nan,edge/x86_64,unknown,3.12.3,2026-10-09T18:44:24Z
15,ML-KEM-1024,post-quantum,5,keygen,0.054,0.0,0.0,0.307,1568,3168,1568,0,0,0,0,0.0,0.8096,nan,edge/x86_64,unknown,3.12.3,2026-10-09T18:44:24Z
15,ML-KEM-1024,post-quantum,5,encapsulate,0.0583,0.0,0.0,0.307,1568,3168,1568,0,0,0,0,0.0,0.8743,nan,edge/x86_64,unknown,3.12.3,2026-10-09T18:44:24Z
15,ML-KEM-1024,post-quantum,5,decapsulate,0.062,0.0,0.0,0.307,1568,3168,1568,0,0,0,0,0.0,0.9307,nan,edge/x86_64,unknown,3.12.3,2026-10-09T18:44:24Z
16,ML-KEM-1024,post-quantum,5,keygen,0.0542,0.0,0.0,0.307,1568,3168,1568,0,0,0,0,0.0,0.8135,nan,edge/x86_64,unknown,3.12.3,2026-10-09T18:44:24Z
16,ML-KEM-1024,post-quantum,5,encapsulate,0.0542,0.0,0.0,0.307,1568,3168,1568,0,0,0,0,0.0,0.8136,nan,edge/x86_64,unknown,3.12.3,2026-10-09T18:44:24Z
16,ML-KEM-1024,post-quantum,5,decapsulate,0.0591,0.0,0.0,0.307,1568,3168,1568,0,0,0,0,0.0,0.8866,nan,edge/x86_64,unknown,3.12.3,2026-10-09T18:44:24Z
17,ML-KEM-1024,post-quantum,5,keygen,0.0553,0.0,0.0,0.307,1568,3168,1568,0,0,0,0,0.0,0.8297,nan,edge/x86_64,unknown,3.12.3,2026-10-09T18:44:24Z
17,ML-KEM-1024,post-quantum,5,encapsulate,0.0587,0.0,0.0,0.307,1568,3168,1568,0,0,0,0,0.0,0.88,nan,edge/x86_64,unknown,3.12.3,2026-10-09T18:44:24Z
17,ML-KEM-1024,post-quantum,5,decapsulate,0.0682,0.0,0.0,0.307,1568,3168,1568,0,0,0,0,0.0,1.0228,nan,edge/x86_64,unknown,3.12.3,2026-10-09T18:44:24Z
18,ML-KEM-1024,post-quantum,5,keygen,0.0628,0.0,0.0,0.307,1568,3168,1568,0,0,0,0,0.0,0.9416,nan,edge/x86_64,unknown,3.12.3,2026-10-09T18:44:24Z
18,ML-KEM-1024,post-quantum,5,encapsulate,0.0598,0.0,0.0,0.307,1568,3168,1568,0,0,0,0,0.0,0.8963,nan,edge/x86_64,unknown,3.12.3,2026-10-09T18:44:24Z
18,ML-KEM-1024,post-quantum,5,decapsulate,0.0603,0.0,0.0,0.307,1568,3168,1568,0,0,0,0,0.0,0.9046,nan,edge/x86_64,unknown,3.12.3,2026-10-09T18:44:24Z
19,ML-KEM-1024,post-quantum,5,keygen,0.0562,0.0,0.0,0.307,1568,3168,1568,0,0,0,0,0.0,0.8424,nan,edge/x86_64,unknown,3.12.3,2026-10-09T18:44:24Z
19,ML-KEM-1024,post-quantum,5,encapsulate,0.0597,0.0,0.0,0.307,1568,3168,1568,0,0,0,0,0.0,0.8953,nan,edge/x86_64,unknown,3.12.3,2026-10-09T18:44:24Z
19,ML-KEM-1024,post-quantum,5,decapsulate,0.09,0.0,0.0,0.307,1568,3168,1568,0,0,0,0,0.0,1.3493,nan,edge/x86_64,unknown,3.12.3,2026-10-09T18:44:24Z
20,ML-KEM-1024,post-quantum,5,keygen,0.0577,0.0,0.0,0.307,1568,3168,1568,0,0,0,0,0.0,0.8656,nan,edge/x86_64,unknown,3.12.3,2026-10-09T18:44:24Z
20,ML-KEM-1024,post-quantum,5,encapsulate,0.0554,0.0,0.0,0.307,1568,3168,1568,0,0,0,0,0.0,0.8316,nan,edge/x86_64,unknown,3.12.3,2026-10-09T18:44:24Z
20,ML-KEM-1024,post-quantum,5,decapsulate,0.0567,0.0,0.0,0.307,1568,3168,1568,0,0,0,0,0.0,0.8505,nan,edge/x86_64,unknown,3.12.3,2026-10-09T18:44:24Z
21,ML-KEM-1024,post-quantum,5,keygen,0.055,0.0,0.0,0.307,1568,3168,1568,0,0,0,0,0.0,0.8256,nan,edge/x86_64,unknown,3.12.3,2026-10-09T18:44:24Z
21,ML-KEM-1024,post-quantum,5,encapsulate,0.0566,0.0,0.0,0.307,1568,3168,1568,0,0,0,0,0.0,0.8491,nan,edge/x86_64,unknown,3.12.3,2026-10-09T18:44:24Z
21,ML-KEM-1024,post-quantum,5,decapsulate,0.0581,0.0,0.0,0.307,1568,3168,1568,0,0,0,0,0.0,0.8708,nan,edge/x86_64,unknown,3.12.3,2026-10-09T18:44:24Z
22,ML-KEM-1024,post-quantum,5,keygen,0.0532,0.0,0.0,0.307,1568,3168,1568,0,0,0,0,0.0,0.7974,nan,edge/x86_64,unknown,3.12.3,2026-10-09T18:44:24Z
22,ML-KEM-1024,post-quantum,5,encapsulate,0.0552,0.0,0.0,0.307,1568,3168,1568,0,0,0,0,0.0,0.8283,nan,edge/x86_64,unknown,3.12.3,2026-10-09T18:44:24Z
22,ML-KEM-1024,post-quantum,5,decapsulate,0.0603,0.0,0.0,0.307,1568,3168,1568,0,0,0,0,0.0,0.9047,nan,edge/x86_64,unknown,3.12.3,2026-10-09T18:44:24Z
23,ML-KEM-1024,post-quantum,5,keygen,0.0563,0.0,0.0,0.307,1568,3168,1568,0,0,0,0,0.0,0.8444,nan,edge/x86_64,unknown,3.12.3,2026-10-09T18:44:24Z
23,ML-KEM-1024,post-quantum,5,encapsulate,0.0928,0.0,0.0,0.307,1568,3168,1568,0,0,0,0,0.0,1.3924,nan,edge/x86_64,unknown,3.12.3,2026-10-09T18:44:24Z
23,ML-KEM-1024,post-quantum,5,decapsulate,0.0581,0.0,0.0,0.307,1568,3168,1568,0,0,0,0,0.0,0.8719,nan,edge/x86_64,unknown,3.12.3,2026-10-09T18:44:24Z
24,ML-KEM-1024,post-quantum,5,keygen,0.0566,0.0,0.0,0.307,1568,3168,1568,0,0,0,0,0.0,0.8488,nan,edge/x86_64,unknown,3.12.3,2026-10-09T18:44:24Z
24,ML-KEM-1024,post-quantum,5,encapsulate,0.0569,0.0,0.0,0.307,1568,3168,1568,0,0,0,0,0.0,0.8539,nan,edge/x86_64,unknown,3.12.3,2026-10-09T18:44:24Z
24,ML-KEM-1024,post-quantum,5,decapsulate,0.0606,0.0,0.0,0.307,1568,3168,1568,0,0,0,0,0.0,0.9083,nan,edge/x86_64,unknown,3.12.3,2026-10-09T18:44:24Z
25,ML-KEM-1024,post-quantum,5,keygen,0.0559,0.0,0.0,0.307,1568,3168,1568,0,0,0,0,0.0,0.8386,nan,edge/x86_64,unknown,3.12.3,2026-10-09T18:44:24Z
25,ML-KEM-1024,post-quantum,5,encapsulate,0.0547,0.0,0.0,0.307,1568,3168,1568,0,0,0,0,0.0,0.8198,nan,edge/x86_64,unknown,3.12.3,2026-10-09T18:44:24Z
25,ML-KEM-1024,post-quantum,5,decapsulate,0.1152,0.0,0.0,0.307,1568,3168,1568,0,0,0,0,0.0,1.7274,nan,edge/x86_64,unknown,3.12.3,2026-10-09T18:44:24Z
26,ML-KEM-1024,post-quantum,5,keygen,0.0616,0.0,0.0,0.307,1568,3168,1568,0,0,0,0,0.0,0.9247,nan,edge/x86_64,unknown,3.12.3,2026-10-09T18:44:24Z
26,ML-KEM-1024,post-quantum,5,encapsulate,0.0635,0.0,0.0,0.307,1568,3168,1568,0,0,0,0,0.0,0.9532,nan,edge/x86_64,unknown,3.12.3,2026-10-09T18:44:24Z
26,ML-KEM-1024,post-quantum,5,decapsulate,0.0604,0.0,0.0,0.307,1568,3168,1568,0,0,0,0,0.0,0.9064,nan,edge/x86_64,unknown,3.12.3,2026-10-09T18:44:24Z
27,ML-KEM-1024,post-quantum,5,keygen,0.0567,0.0,0.0,0.307,1568,3168,1568,0,0,0,0,0.0,0.8508,nan,edge/x86_64,unknown,3.12.3,2026-10-09T18:44:24Z
27,ML-KEM-1024,post-quantum,5,encapsulate,0.0601,0.0,0.0,0.307,1568,3168,1568,0,0,0,0,0.0,0.9012,nan,edge/x86_64,unknown,3.12.3,2026-10-09T18:44:24Z
27,ML-KEM-1024,post-quantum,5,decapsulate,0.0575,0.0,0.0,0.307,1568,3168,1568,0,0,0,0,0.0,0.8622,nan,edge/x86_64,unknown,3.12.3,2026-10-09T18:44:24Z
28,ML-KEM-1024,post-quantum,5,keygen,0.0593,0.0,0.0,0.307,1568,3168,1568,0,0,0,0,0.0,0.8896,nan,edge/x86_64,unknown,3.12.3,2026-10-09T18:44:24Z
28,ML-KEM-1024,post-quantum,5,encapsulate,0.0729,0.0,0.0,0.307,1568,3168,1568,0,0,0,0,0.0,1.0934,nan,edge/x86_64,unknown,3.12.3,2026-10-09T18:44:24Z
28,ML-KEM-1024,post-quantum,5,decapsulate,0.0614,0.0,0.0,0.307,1568,3168,1568,0,0,0,0,0.0,0.9209,nan,edge/x86_64,unknown,3.12.3,2026-10-09T18:44:24Z
29,ML-KEM-1024,post-quantum,5,keygen,0.063,0.0,0.0,0.307,1568,3168,1568,0,0,0,0,0.0,0.9449,nan,edge/x86_64,unknown,3.12.3,2026-10-09T18:44:24Z
29,ML-KEM-1024,post-quantum,5,encapsulate,0.0559,0.0,0.0,0.307,1568,3168,1568,0,0,0,0,0.0,0.8383,nan,edge/x86_64,unknown,3.12.3,2026-10-09T18:44:24Z
29,ML-KEM-1024,post-quantum,5,decapsulate,0.0612,0.0,0.0,0.307,1568,3168,1568,0,0,0,0,0.0,0.9185,nan,edge/x86_64,unknown,3.12.3,2026-10-09T18:44:24Z
30,ML-KEM-1024,post-quantum,5,keygen,0.0558,0.0,0.0,0.307,1568,3168,1568,0,0,0,0,0.0,0.8372,nan,edge/x86_64,unknown,3.12.3,2026-10-09T18:44:24Z
30,ML-KEM-1024,post-quantum,5,encapsulate,0.0567,0.0,0.0,0.307,1568,3168,1568,0,0,0,0,0.0,0.8503,nan,edge/x86_64,unknown,3.12.3,2026-10-09T18:44:24Z
30,ML-KEM-1024,post-quantum,5,decapsulate,0.0619,0.0,0.0,0.307,1568,3168,1568,0,0,0,0,0.0,0.9278,nan,edge/x86_64,unknown,3.12.3,2026-10-09T18:44:24Z
31,ML-KEM-1024,post-quantum,5,keygen,0.059,0.0,0.0,0.307,1568,3168,1568,0,0,0,0,0.0,0.8851,nan,edge/x86_64,unknown,3.12.3,2026-10-09T18:44:24Z
31,ML-KEM-1024,post-quantum,5,encapsulate,0.0573,0.0,0.0,0.307,1568,3168,1568,0,0,0,0,0.0,0.8591,nan,edge/x86_64,unknown,3.12.3,2026-10-09T18:44:24Z
31,ML-KEM-1024,post-quantum,5,decapsulate,0.0643,0.0,0.0,0.307,1568,3168,1568,0,0,0,0,0.0,0.9648,nan,edge/x86_64,unknown,3.12.3,2026-10-09T18:44:24Z
32,ML-KEM-1024,post-quantum,5,keygen,0.0641,0.0,0.0,0.307,1568,3168,1568,0,0,0,0,0.0,0.9609,nan,edge/x86_64,unknown,3.12.3,2026-10-09T18:44:24Z
32,ML-KEM-1024,post-quantum,5,encapsulate,0.0607,0.0,0.0,0.307,1568,3168,1568,0,0,0,0,0.0,0.9112,nan,edge/x86_64,unknown,3.12.3,2026-10-09T18:44:24Z
32,ML-KEM-1024,post-quantum,5,decapsulate,0.0644,0.0,0.0,0.307,1568,3168,1568,0,0,0,0,0.0,0.9653,nan,edge/x86_64,unknown,3.12.3,2026-10-09T18:44:24Z
33,ML-KEM-1024,post-quantum,5,keygen,0.0534,0.0,0.0,0.307,1568,3168,1568,0,0,0,0,0.0,0.8017,nan,edge/x86_64,unknown,3.12.3,2026-10-09T18:44:24Z
33,ML-KEM-1024,post-quantum,5,encapsulate,0.0564,0.0,0.0,0.307,1568,3168,1568,0,0,0,0,0.0,0.8456,nan,edge/x86_64,unknown,3.12.3,2026-10-09T18:44:24Z
33,ML-KEM-1024,post-quantum,5,decapsulate,0.0559,0.0,0.0,0.307,1568,3168,1568,0,0,0,0,0.0,0.8379,nan,edge/x86_64,unknown,3.12.3,2026-10-09T18:44:24Z
34,ML-KEM-1024,post-quantum,5,keygen,0.0741,0.0,0.0,0.307,1568,3168,1568,0,0,0,0,0.0,1.1116,nan,edge/x86_64,unknown,3.12.3,2026-10-09T18:44:24Z
34,ML-KEM-1024,post-quantum,5,encapsulate,0.0566,0.0,0.0,0.307,1568,3168,1568,0,0,0,0,0.0,0.8491,nan,edge/x86_64,unknown,3.12.3,2026-10-09T18:44:24Z
34,ML-KEM-1024,post-quantum,5,decapsulate,0.0675,0.0,0.0,0.307,1568,3168,1568,0,0,0,0,0.0,1.0129,nan,edge/x86_64,unknown,3.12.3,2026-10-09T18:44:24Z
35,ML-KEM-1024,post-quantum,5,keygen,0.0563,0.0,0.0,0.307,1568,3168,1568,0,0,0,0,0.0,0.8442,nan,edge/x86_64,unknown,3.12.3,2026-10-09T18:44:24Z
35,ML-KEM-1024,post-quantum,5,encapsulate,0.0562,0.0,0.0,0.307,1568,3168,1568,0,0,0,0,0.0,0.8423,nan,edge/x86_64,unknown,3.12.3,2026-10-09T18:44:24Z
35,ML-KEM-1024,post-quantum,5,decapsulate,0.0574,0.0,0.0,0.307,1568,3168,1568,0,0,0,0,0.0,0.8617,nan,edge/x86_64,unknown,3.12.3,2026-10-09T18:44:24Z
36,ML-KEM-1024,post-quantum,5,keygen,0.0547,0.0,0.0,0.307,1568,3168,1568,0,0,0,0,0.0,0.8212,nan,edge/x86_64,unknown,3.12.3,2026-10-09T18:44:24Z
36,ML-KEM-1024,post-quantum,5,encapsulate,0.0552,0.0,0.0,0.307,1568,3168,1568,0,0,0,0,0.0,0.8286,nan,edge/x86_64,unknown,3.12.3,2026-10-09T18:44:24Z
36,ML-KEM-1024,post-quantum,5,decapsulate,0.0766,0.0,0.0,0.307,1568,3168,1568,0,0,0,0,0.0,1.1489,nan,edge/x86_64,unknown,3.12.3,2026-10-09T18:44:24Z
37,ML-KEM-1024,post-quantum,5,keygen,0.0838,0.0,0.0,0.307,1568,3168,1568,0,0,0,0,0.0,1.2576,nan,edge/x86_64,unknown,3.12.3,2026-10-09T18:44:24Z
37,ML-KEM-1024,post-quantum,5,encapsulate,0.0619,0.0,0.0,0.307,1568,3168,1568,0,0,0,0,0.0,0.9288,nan,edge/x86_64,unknown,3.12.3,2026-10-09T18:44:24Z
37,ML-KEM-1024,post-quantum,5,decapsulate,0.0564,0.0,0.0,0.307,1568,3168,1568,0,0,0,0,0.0,0.8465,nan,edge/x86_64,unknown,3.12.3,2026-10-09T18:44:24Z
38,ML-KEM-1024,post-quantum,5,keygen,0.0567,0.0,0.0,0.307,1568,3168,1568,0,0,0,0,0.0,0.8511,nan,edge/x86_64,unknown,3.12.3,2026-10-09T18:44:24Z
38,ML-KEM-1024,post-quantum,5,encapsulate,0.058,0.0,0.0,0.307,1568,3168,1568,0,0,0,0,0.0,0.87,nan,edge/x86_64,unknown,3.12.3,2026-10-09T18:44:24Z
38,ML-KEM-1024,post-quantum,5,decapsulate,0.0599,0.0,0.0,0.307,1568,3168,1568,0,0,0,0,0.0,0.899,nan,edge/x86_64,unknown,3.12.3,2026-10-09T18:44:24Z
39,ML-KEM-1024,post-quantum,5,keygen,0.07,0.0,0.0,0.307,1568,3168,1568,0,0,0,0,0.0,1.0493,nan,edge/x86_64,unknown,3.12.3,2026-10-09T18:44:24Z
39,ML-KEM-1024,post-quantum,5,encapsulate,0.0593,0.0,0.0,0.307,1568,3168,1568,0,0,0,0,0.0,0.8892,nan,edge/x86_64,unknown,3.12.3,2026-10-09T18:44:24Z
39,ML-KEM-1024,post-quantum,5,decapsulate,0.0776,0.0,0.0,0.307,1568,3168,1568,0,0,0,0,0.0,1.164,nan,edge/x86_64,unknown,3.12.3,2026-10-09T18:44:24Z
40,ML-KEM-1024,post-quantum,5,keygen,0.0541,0.0,0.0,0.307,1568,3168,1568,0,0,0,0,0.0,0.8117,nan,edge/x86_64,unknown,3.12.3,2026-10-09T18:44:24Z
40,ML-KEM-1024,post-quantum,5,encapsulate,0.0934,0.0,0.0,0.307,1568,3168,1568,0,0,0,0,0.0,1.4016,nan,edge/x86_64,unknown,3.12.3,2026-10-09T18:44:24Z
40,ML-KEM-1024,post-quantum,5,decapsulate,0.0622,0.0,0.0,0.307,1568,3168,1568,0,0,0,0,0.0,0.9336,nan,edge/x86_64,unknown,3.12.3,2026-10-09T18:44:24Z
41,ML-KEM-1024,post-quantum,5,keygen,0.0514,0.0,0.0,0.307,1568,3168,1568,0,0,0,0,0.0,0.7712,nan,edge/x86_64,unknown,3.12.3,2026-10-09T18:44:24Z
41,ML-KEM-1024,post-quantum,5,encapsulate,0.053,0.0,0.0,0.307,1568,3168,1568,0,0,0,0,0.0,0.7945,nan,edge/x86_64,unknown,3.12.3,2026-10-09T18:44:24Z
41,ML-KEM-1024,post-quantum,5,decapsulate,0.0603,0.0,0.0,0.307,1568,3168,1568,0,0,0,0,0.0,0.9039,nan,edge/x86_64,unknown,3.12.3,2026-10-09T18:44:24Z
42,ML-KEM-1024,post-quantum,5,keygen,0.0586,0.0,0.0,0.307,1568,3168,1568,0,0,0,0,0.0,0.879,nan,edge/x86_64,unknown,3.12.3,2026-10-09T18:44:24Z
42,ML-KEM-1024,post-quantum,5,encapsulate,0.0803,0.0,0.0,0.307,1568,3168,1568,0,0,0,0,0.0,1.2052,nan,edge/x86_64,unknown,3.12.3,2026-10-09T18:44:24Z
42,ML-KEM-1024,post-quantum,5,decapsulate,0.059,0.0,0.0,0.307,1568,3168,1568,0,0,0,0,0.0,0.8843,nan,edge/x86_64,unknown,3.12.3,2026-10-09T18:44:24Z
43,ML-KEM-1024,post-quantum,5,keygen,0.0543,0.0,0.0,0.307,1568,3168,1568,0,0,0,0,0.0,0.814,nan,edge/x86_64,unknown,3.12.3,2026-10-09T18:44:24Z
43,ML-KEM-1024,post-quantum,5,encapsulate,0.0565,0.0,0.0,0.307,1568,3168,1568,0,0,0,0,0.0,0.8477,nan,edge/x86_64,unknown,3.12.3,2026-10-09T18:44:24Z
43,ML-KEM-1024,post-quantum,5,decapsulate,0.0574,0.0,0.0,0.307,1568,3168,1568,0,0,0,0,0.0,0.8605,nan,edge/x86_64,unknown,3.12.3,2026-10-09T18:44:24Z
44,ML-KEM-1024,post-quantum,5,keygen,0.055,0.0,0.0,0.307,1568,3168,1568,0,0,0,0,0.0,0.8255,nan,edge/x86_64,unknown,3.12.3,2026-10-09T18:44:24Z
44,ML-KEM-1024,post-quantum,5,encapsulate,0.0659,0.0,0.0,0.307,1568,3168,1568,0,0,0,0,0.0,0.9891,nan,edge/x86_64,unknown,3.12.3,2026-10-09T18:44:24Z
44,ML-KEM-1024,post-quantum,5,decapsulate,0.1101,0.0,0.0,0.307,1568,3168,1568,0,0,0,0,0.0,1.6513,nan,edge/x86_64,unknown,3.12.3,2026-10-09T18:44:24Z
45,ML-KEM-1024,post-quantum,5,keygen,0.0613,0.0,0.0,0.307,1568,3168,1568,0,0,0,0,0.0,0.92,nan,edge/x86_64,unknown,3.12.3,2026-10-09T18:44:24Z
45,ML-KEM-1024,post-quantum,5,encapsulate,0.1329,0.0,0.0,0.307,1568,3168,1568,0,0,0,0,0.0,1.9942,nan,edge/x86_64,unknown,3.12.3,2026-10-09T18:44:24Z
45,ML-KEM-1024,post-quantum,5,decapsulate,0.0709,0.0,0.0,0.307,1568,3168,1568,0,0,0,0,0.0,1.0632,nan,edge/x86_64,unknown,3.12.3,2026-10-09T18:44:24Z
46,ML-KEM-1024,post-quantum,5,keygen,0.0556,0.0,0.0,0.307,1568,3168,1568,0,0,0,0,0.0,0.8341,nan,edge/x86_64,unknown,3.12.3,2026-10-09T18:44:24Z
46,ML-KEM-1024,post-quantum,5,encapsulate,0.054,0.0,0.0,0.307,1568,3168,1568,0,0,0,0,0.0,0.8102,nan,edge/x86_64,unknown,3.12.3,2026-10-09T18:44:24Z
46,ML-KEM-1024,post-quantum,5,decapsulate,0.0582,0.0,0.0,0.307,1568,3168,1568,0,0,0,0,0.0,0.8733,nan,edge/x86_64,unknown,3.12.3,2026-10-09T18:44:24Z
47,ML-KEM-1024,post-quantum,5,keygen,0.0548,0.0,0.0,0.307,1568,3168,1568,0,0,0,0,0.0,0.8225,nan,edge/x86_64,unknown,3.12.3,2026-10-09T18:44:24Z
47,ML-KEM-1024,post-quantum,5,encapsulate,0.0845,0.0,0.0,0.307,1568,3168,1568,0,0,0,0,0.0,1.2673,nan,edge/x86_64,unknown,3.12.3,2026-10-09T18:44:24Z
47,ML-KEM-1024,post-quantum,5,decapsulate,0.058,0.0,0.0,0.307,1568,3168,1568,0,0,0,0,0.0,0.8704,nan,edge/x86_64,unknown,3.12.3,2026-10-09T18:44:24Z
48,ML-KEM-1024,post-quantum,5,keygen,0.0567,0.0,0.0,0.307,1568,3168,1568,0,0,0,0,0.0,0.8511,nan,edge/x86_64,unknown,3.12.3,2026-10-09T18:44:24Z
48,ML-KEM-1024,post-quantum,5,encapsulate,0.0565,0.0,0.0,0.307,1568,3168,1568,0,0,0,0,0.0,0.8479,nan,edge/x86_64,unknown,3.12.3,2026-10-09T18:44:24Z
48,ML-KEM-1024,post-quantum,5,decapsulate,0.0564,0.0,0.0,0.307,1568,3168,1568,0,0,0,0,0.0,0.846,nan,edge/x86_64,unknown,3.12.3,2026-10-09T18:44:24Z
49,ML-KEM-1024,post-quantum,5,keygen,0.0529,0.0,0.0,0.307,1568,3168,1568,0,0,0,0,0.0,0.7935,nan,edge/x86_64,unknown,3.12.3,2026-10-09T18:44:24Z
49,ML-KEM-1024,post-quantum,5,encapsulate,0.054,0.0,0.0,0.307,1568,3168,1568,0,0,0,0,0.0,0.8093,nan,edge/x86_64,unknown,3.12.3,2026-10-09T18:44:24Z
49,ML-KEM-1024,post-quantum,5,decapsulate,0.0571,0.0,0.0,0.307,1568,3168,1568,0,0,0,0,0.0,0.8572,nan,edge/x86_64,unknown,3.12.3,2026-10-09T18:44:24Z
50,ML-KEM-1024,post-quantum,5,keygen,0.053,0.0,0.0,0.307,1568,3168,1568,0,0,0,0,0.0,0.7943,nan,edge/x86_64,unknown,3.12.3,2026-10-09T18:44:24Z
50,ML-KEM-1024,post-quantum,5,encapsulate,0.083,0.0,0.0,0.307,1568,3168,1568,0,0,0,0,0.0,1.2449,nan,edge/x86_64,unknown,3.12.3,2026-10-09T18:44:24Z
50,ML-KEM-1024,post-quantum,5,decapsulate,0.0583,0.0,0.0,0.307,1568,3168,1568,0,0,0,0,0.0,0.8751,nan,edge/x86_64,unknown,3.12.3,2026-10-09T18:44:24Z
51,ML-KEM-1024,post-quantum,5,keygen,0.0561,0.0,0.0,0.307,1568,3168,1568,0,0,0,0,0.0,0.8411,nan,edge/x86_64,unknown,3.12.3,2026-10-09T18:44:24Z
51,ML-KEM-1024,post-quantum,5,encapsulate,0.0622,0.0,0.0,0.307,1568,3168,1568,0,0,0,0,0.0,0.9327,nan,edge/x86_64,unknown,3.12.3,2026-10-09T18:44:24Z
51,ML-KEM-1024,post-quantum,5,decapsulate,0.0659,0.0,0.0,0.307,1568,3168,1568,0,0,0,0,0.0,0.9879,nan,edge/x86_64,unknown,3.12.3,2026-10-09T18:44:24Z
52,ML-KEM-1024,post-quantum,5,keygen,0.0707,0.0,0.0,0.307,1568,3168,1568,0,0,0,0,0.0,1.0604,nan,edge/x86_64,unknown,3.12.3,2026-10-09T18:44:24Z
52,ML-KEM-1024,post-quantum,5,encapsulate,0.0553,0.0,0.0,0.307,1568,3168,1568,0,0,0,0,0.0,0.8297,nan,edge/x86_64,unknown,3.12.3,2026-10-09T18:44:24Z
52,ML-KEM-1024,post-quantum,5,decapsulate,0.0599,0.0,0.0,0.307,1568,3168,1568,0,0,0,0,0.0,0.899,nan,edge/x86_64,unknown,3.12.3,2026-10-09T18:44:24Z
53,ML-KEM-1024,post-quantum,5,keygen,0.0967,0.0,0.0,0.307,1568,3168,1568,0,0,0,0,0.0,1.4502,nan,edge/x86_64,unknown,3.12.3,2026-10-09T18:44:24Z
53,ML-KEM-1024,post-quantum,5,encapsulate,0.0536,0.0,0.0,0.307,1568,3168,1568,0,0,0,0,0.0,0.8047,nan,edge/x86_64,unknown,3.12.3,2026-10-09T18:44:24Z
53,ML-KEM-1024,post-quantum,5,decapsulate,0.0585,0.0,0.0,0.307,1568,3168,1568,0,0,0,0,0.0,0.8782,nan,edge/x86_64,unknown,3.12.3,2026-10-09T18:44:24Z
54,ML-KEM-1024,post-quantum,5,keygen,0.0578,0.0,0.0,0.307,1568,3168,1568,0,0,0,0,0.0,0.8664,nan,edge/x86_64,unknown,3.12.3,2026-10-09T18:44:24Z
54,ML-KEM-1024,post-quantum,5,encapsulate,0.0578,0.0,0.0,0.307,1568,3168,1568,0,0,0,0,0.0,0.8675,nan,edge/x86_64,unknown,3.12.3,2026-10-09T18:44:24Z
54,ML-KEM-1024,post-quantum,5,decapsulate,0.0659,0.0,0.0,0.307,1568,3168,1568,0,0,0,0,0.0,0.9891,nan,edge/x86_64,unknown,3.12.3,2026-10-09T18:44:24Z
55,ML-KEM-1024,post-quantum,5,keygen,0.0582,0.0,0.0,0.307,1568,3168,1568,0,0,0,0,0.0,0.8725,nan,edge/x86_64,unknown,3.12.3,2026-10-09T18:44:24Z
55,ML-KEM-1024,post-quantum,5,encapsulate,0.0545,0.0,0.0,0.307,1568,3168,1568,0,0,0,0,0.0,0.8174,nan,edge/x86_64,unknown,3.12.3,2026-10-09T18:44:24Z
55,ML-KEM-1024,post-quantum,5,decapsulate,0.0771,0.0,0.0,0.307,1568,3168,1568,0,0,0,0,0.0,1.1565,nan,edge/x86_64,unknown,3.12.3,2026-10-09T18:44:24Z
56,ML-KEM-1024,post-quantum,5,keygen,0.055,0.0,0.0,0.307,1568,3168,1568,0,0,0,0,0.0,0.8253,nan,edge/x86_64,unknown,3.12.3,2026-10-09T18:44:24Z
56,ML-KEM-1024,post-quantum,5,encapsulate,0.0481,0.0,0.0,0.307,1568,3168,1568,0,0,0,0,0.0,0.7217,nan,edge/x86_64,unknown,3.12.3,2026-10-09T18:44:24Z
56,ML-KEM-1024,post-quantum,5,decapsulate,0.0659,0.0,0.0,0.307,1568,3168,1568,0,0,0,0,0.0,0.9889,nan,edge/x86_64,unknown,3.12.3,2026-10-09T18:44:24Z
57,ML-KEM-1024,post-quantum,5,keygen,0.06,0.0,0.0,0.307,1568,3168,1568,0,0,0,0,0.0,0.9001,nan,edge/x86_64,unknown,3.12.3,2026-10-09T18:44:24Z
57,ML-KEM-1024,post-quantum,5,encapsulate,0.133,0.0,0.0,0.307,1568,3168,1568,0,0,0,0,0.0,1.9949,nan,edge/x86_64,unknown,3.12.3,2026-10-09T18:44:24Z
57,ML-KEM-1024,post-quantum,5,decapsulate,0.0596,0.0,0.0,0.307,1568,3168,1568,0,0,0,0,0.0,0.8939,nan,edge/x86_64,unknown,3.12.3,2026-10-09T18:44:24Z
58,ML-KEM-1024,post-quantum,5,keygen,0.0566,0.0,0.0,0.307,1568,3168,1568,0,0,0,0,0.0,0.8494,nan,edge/x86_64,unknown,3.12.3,2026-10-09T18:44:24Z
58,ML-KEM-1024,post-quantum,5,encapsulate,0.0608,0.0,0.0,0.307,1568,3168,1568,0,0,0,0,0.0,0.9122,nan,edge/x86_64,unknown,3.12.3,2026-10-09T18:44:24Z
58,ML-KEM-1024,post-quantum,5,decapsulate,0.0866,0.0,0.0,0.307,1568,3168,1568,0,0,0,0,0.0,1.2993,nan,edge/x86_64,unknown,3.12.3,2026-10-09T18:44:24Z
59,ML-KEM-1024,post-quantum,5,keygen,0.0598,0.0,0.0,0.307,1568,3168,1568,0,0,0,0,0.0,0.8966,nan,edge/x86_64,unknown,3.12.3,2026-10-09T18:44:24Z
59,ML-KEM-1024,post-quantum,5,encapsulate,0.0545,0.0,0.0,0.307,1568,3168,1568,0,0,0,0,0.0,0.8181,nan,edge/x86_64,unknown,3.12.3,2026-10-09T18:44:24Z
59,ML-KEM-1024,post-quantum,5,decapsulate,0.0578,0.0,0.0,0.307,1568,3168,1568,0,0,0,0,0.0,0.8666,nan,edge/x86_64,unknown,3.12.3,2026-10-09T18:44:24Z
60,ML-KEM-1024,post-quantum,5,keygen,0.0541,0.0,0.0,0.307,1568,3168,1568,0,0,0,0,0.0,0.8122,nan,edge/x86_64,unknown,3.12.3,2026-10-09T18:44:24Z
60,ML-KEM-1024,post-quantum,5,encapsulate,0.0551,0.0,0.0,0.307,1568,3168,1568,0,0,0,0,0.0,0.8263,nan,edge/x86_64,unknown,3.12.3,2026-10-09T18:44:24Z
60,ML-KEM-1024,post-quantum,5,decapsulate,0.0593,0.0,0.0,0.307,1568,3168,1568,0,0,0,0,0.0,0.8892,nan,edge/x86_64,unknown,3.12.3,2026-10-09T18:44:24Z
61,ML-KEM-1024,post-quantum,5,keygen,0.0763,0.0,0.0,0.307,1568,3168,1568,0,0,0,0,0.0,1.1447,nan,edge/x86_64,unknown,3.12.3,2026-10-09T18:44:24Z
61,ML-KEM-1024,post-quantum,5,encapsulate,0.0551,0.0,0.0,0.307,1568,3168,1568,0,0,0,0,0.0,0.8267,nan,edge/x86_64,unknown,3.12.3,2026-10-09T18:44:24Z
61,ML-KEM-1024,post-quantum,5,decapsulate,0.0565,0.0,0.0,0.307,1568,3168,1568,0,0,0,0,0.0,0.848,nan,edge/x86_64,unknown,3.12.3,2026-10-09T18:44:24Z
62,ML-KEM-1024,post-quantum,5,keygen,0.0634,0.0,0.0,0.307,1568,3168,1568,0,0,0,0,0.0,0.9503,nan,edge/x86_64,unknown,3.12.3,2026-10-09T18:44:24Z
62,ML-KEM-1024,post-quantum,5,encapsulate,0.0563,0.0,0.0,0.307,1568,3168,1568,0,0,0,0,0.0,0.8448,nan,edge/x86_64,unknown,3.12.3,2026-10-09T18:44:24Z
62,ML-KEM-1024,post-quantum,5,decapsulate,0.057,0.0,0.0,0.307,1568,3168,1568,0,0,0,0,0.0,0.8543,nan,edge/x86_64,unknown,3.12.3,2026-10-09T18:44:24Z
63,ML-KEM-1024,post-quantum,5,keygen,0.0544,0.0,0.0,0.307,1568,3168,1568,0,0,0,0,0.0,0.8165,nan,edge/x86_64,unknown,3.12.3,2026-10-09T18:44:24Z
63,ML-KEM-1024,post-quantum,5,encapsulate,0.0586,0.0,0.0,0.307,1568,3168,1568,0,0,0,0,0.0,0.8783,nan,edge/x86_64,unknown,3.12.3,2026-10-09T18:44:24Z
63,ML-KEM-1024,post-quantum,5,decapsulate,0.0584,0.0,0.0,0.307,1568,3168,1568,0,0,0,0,0.0,0.8761,nan,edge/x86_64,unknown,3.12.3,2026-10-09T18:44:24Z
64,ML-KEM-1024,post-quantum,5,keygen,0.0572,0.0,0.0,0.307,1568,3168,1568,0,0,0,0,0.0,0.8582,nan,edge/x86_64,unknown,3.12.3,2026-10-09T18:44:24Z
64,ML-KEM-1024,post-quantum,5,encapsulate,0.0568,0.0,0.0,0.307,1568,3168,1568,0,0,0,0,0.0,0.8513,nan,edge/x86_64,unknown,3.12.3,2026-10-09T18:44:24Z
64,ML-KEM-1024,post-quantum,5,decapsulate,0.0622,0.0,0.0,0.307,1568,3168,1568,0,0,0,0,0.0,0.9331,nan,edge/x86_64,unknown,3.12.3,2026-10-09T18:44:24Z
65,ML-KEM-1024,post-quantum,5,keygen,0.0556,0.0,0.0,0.307,1568,3168,1568,0,0,0,0,0.0,0.8336,nan,edge/x86_64,unknown,3.12.3,2026-10-09T18:44:24Z
65,ML-KEM-1024,post-quantum,5,encapsulate,0.0664,0.0,0.0,0.307,1568,3168,1568,0,0,0,0,0.0,0.9967,nan,edge/x86_64,unknown,3.12.3,2026-10-09T18:44:24Z
65,ML-KEM-1024,post-quantum,5,decapsulate,0.0801,0.0,0.0,0.307,1568,3168,1568,0,0,0,0,0.0,1.2017,nan,edge/x86_64,unknown,3.12.3,2026-10-09T18:44:24Z
66,ML-KEM-1024,post-quantum,5,keygen,0.087,0.0,0.0,0.307,1568,3168,1568,0,0,0,0,0.0,1.3056,nan,edge/x86_64,unknown,3.12.3,2026-10-09T18:44:24Z
66,ML-KEM-1024,post-quantum,5,encapsulate,0.0808,0.0,0.0,0.307,1568,3168,1568,0,0,0,0,0.0,1.2117,nan,edge/x86_64,unknown,3.12.3,2026-10-09T18:44:24Z
66,ML-KEM-1024,post-quantum,5,decapsulate,0.0596,0.0,0.0,0.307,1568,3168,1568,0,0,0,0,0.0,0.8937,nan,edge/x86_64,unknown,3.12.3,2026-10-09T18:44:24Z
67,ML-KEM-1024,post-quantum,5,keygen,0.0607,0.0,0.0,0.307,1568,3168,1568,0,0,0,0,0.0,0.9105,nan,edge/x86_64,unknown,3.12.3,2026-10-09T18:44:24Z
67,ML-KEM-1024,post-quantum,5,encapsulate,0.1288,0.0,0.0,0.307,1568,3168,1568,0,0,0,0,0.0,1.9327,nan,edge/x86_64,unknown,3.12.3,2026-10-09T18:44:24Z
67,ML-KEM-1024,post-quantum,5,decapsulate,0.0603,0.0,0.0,0.307,1568,3168,1568,0,0,0,0,0.0,0.9048,nan,edge/x86_64,unknown,3.12.3,2026-10-09T18:44:24Z
68,ML-KEM-1024,post-quantum,5,keygen,0.0568,0.0,0.0,0.307,1568,3168,1568,0,0,0,0,0.0,0.8525,nan,edge/x86_64,unknown,3.12.3,2026-10-09T18:44:24Z
68,ML-KEM-1024,post-quantum,5,encapsulate,0.0552,0.0,0.0,0.307,1568,3168,1568,0,0,0,0,0.0,0.8286,nan,edge/x86_64,unknown,3.12.3,2026-10-09T18:44:24Z
68,ML-KEM-1024,post-quantum,5,decapsulate,0.0577,0.0,0.0,0.307,1568,3168,1568,0,0,0,0,0.0,0.8659,nan,edge/x86_64,unknown,3.12.3,2026-10-09T18:44:24Z
69,ML-KEM-1024,post-quantum,5,keygen,0.0551,0.0,0.0,0.307,1568,3168,1568,0,0,0,0,0.0,0.8266,nan,edge/x86_64,unknown,3.12.3,2026-10-09T18:44:24Z
69,ML-KEM-1024,post-quantum,5,encapsulate,0.0598,0.0,0.0,0.307,1568,3168,1568,0,0,0,0,0.0,0.897,nan,edge/x86_64,unknown,3.12.3,2026-10-09T18:44:24Z
69,ML-KEM-1024,post-quantum,5,decapsulate,0.0617,0.0,0.0,0.307,1568,3168,1568,0,0,0,0,0.0,0.9253,nan,edge/x86_64,unknown,3.12.3,2026-10-09T18:44:24Z
70,ML-KEM-1024,post-quantum,5,keygen,0.0559,0.0,0.0,0.307,1568,3168,1568,0,0,0,0,0.0,0.8387,nan,edge/x86_64,unknown,3.12.3,2026-10-09T18:44:24Z
70,ML-KEM-1024,post-quantum,5,encapsulate,0.0553,0.0,0.0,0.307,1568,3168,1568,0,0,0,0,0.0,0.829,nan,edge/x86_64,unknown,3.12.3,2026-10-09T18:44:24Z
70,ML-KEM-1024,post-quantum,5,decapsulate,0.0645,0.0,0.0,0.307,1568,3168,1568,0,0,0,0,0.0,0.9679,nan,edge/x86_64,unknown,3.12.3,2026-10-09T18:44:24Z
71,ML-KEM-1024,post-quantum,5,keygen,0.0548,0.0,0.0,0.307,1568,3168,1568,0,0,0,0,0.0,0.8214,nan,edge/x86_64,unknown,3.12.3,2026-10-09T18:44:24Z
71,ML-KEM-1024,post-quantum,5,encapsulate,0.0535,0.0,0.0,0.307,1568,3168,1568,0,0,0,0,0.0,0.8024,nan,edge/x86_64,unknown,3.12.3,2026-10-09T18:44:24Z
71,ML-KEM-1024,post-quantum,5,decapsulate,0.0627,0.0,0.0,0.307,1568,3168,1568,0,0,0,0,0.0,0.9411,nan,edge/x86_64,unknown,3.12.3,2026-10-09T18:44:24Z
72,ML-KEM-1024,post-quantum,5,keygen,0.0878,0.0,0.0,0.307,1568,3168,1568,0,0,0,0,0.0,1.3168,nan,edge/x86_64,unknown,3.12.3,2026-10-09T18:44:24Z
72,ML-KEM-1024,post-quantum,5,encapsulate,0.0584,0.0,0.0,0.307,1568,3168,1568,0,0,0,0,0.0,0.8759,nan,edge/x86_64,unknown,3.12.3,2026-10-09T18:44:24Z
72,ML-KEM-1024,post-quantum,5,decapsulate,0.0589,0.0,0.0,0.307,1568,3168,1568,0,0,0,0,0.0,0.8841,nan,edge/x86_64,unknown,3.12.3,2026-10-09T18:44:24Z
73,ML-KEM-1024,post-quantum,5,keygen,0.0929,0.0,0.0,0.307,1568,3168,1568,0,0,0,0,0.0,1.3939,nan,edge/x86_64,unknown,3.12.3,2026-10-09T18:44:24Z
73,ML-KEM-1024,post-quantum,5,encapsulate,0.0601,0.0,0.0,0.307,1568,3168,1568,0,0,0,0,0.0,0.9009,nan,edge/x86_64,unknown,3.12.3,2026-10-09T18:44:24Z
73,ML-KEM-1024,post-quantum,5,decapsulate,0.0577,0.0,0.0,0.307,1568,3168,1568,0,0,0,0,0.0,0.8653,nan,edge/x86_64,unknown,3.12.3,2026-10-09T18:44:24Z
74,ML-KEM-1024,post-quantum,5,keygen,0.1195,0.0,0.0,0.307,1568,3168,1568,0,0,0,0,0.0,1.7924,nan,edge/x86_64,unknown,3.12.3,2026-10-09T18:44:24Z
74,ML-KEM-1024,post-quantum,5,encapsulate,0.116,0.0,0.0,0.307,1568,3168,1568,0,0,0,0,0.0,1.7405,nan,edge/x86_64,unknown,3.12.3,2026-10-09T18:44:24Z
74,ML-KEM-1024,post-quantum,5,decapsulate,0.062,0.0,0.0,0.307,1568,3168,1568,0,0,0,0,0.0,0.93,nan,edge/x86_64,unknown,3.12.3,2026-10-09T18:44:24Z
75,ML-KEM-1024,post-quantum,5,keygen,0.0595,0.0,0.0,0.307,1568,3168,1568,0,0,0,0,0.0,0.893,nan,edge/x86_64,unknown,3.12.3,2026-10-09T18:44:24Z
75,ML-KEM-1024,post-quantum,5,encapsulate,0.062,0.0,0.0,0.307,1568,3168,1568,0,0,0,0,0.0,0.9303,nan,edge/x86_64,unknown,3.12.3,2026-10-09T18:44:24Z
75,ML-KEM-1024,post-quantum,5,decapsulate,0.0631,0.0,0.0,0.307,1568,3168,1568,0,0,0,0,0.0,0.9461,nan,edge/x86_64,unknown,3.12.3,2026-10-09T18:44:24Z
76,ML-KEM-1024,post-quantum,5,keygen,0.0612,0.0,0.0,0.307,1568,3168,1568,0,0,0,0,0.0,0.9174,nan,edge/x86_64,unknown,3.12.3,2026-10-09T18:44:24Z
76,ML-KEM-1024,post-quantum,5,encapsulate,0.055,0.0,0.0,0.307,1568,3168,1568,0,0,0,0,0.0,0.8246,nan,edge/x86_64,unknown,3.12.3,2026-10-09T18:44:24Z
76,ML-KEM-1024,post-quantum,5,decapsulate,0.0614,0.0,0.0,0.307,1568,3168,1568,0,0,0,0,0.0,0.9208,nan,edge/x86_64,unknown,3.12.3,2026-10-09T18:44:24Z
77,ML-KEM-1024,post-quantum,5,keygen,0.0754,0.0,0.0,0.307,1568,3168,1568,0,0,0,0,0.0,1.1307,nan,edge/x86_64,unknown,3.12.3,2026-10-09T18:44:24Z
77,ML-KEM-1024,post-quantum,5,encapsulate,0.0571,0.0,0.0,0.307,1568,3168,1568,0,0,0,0,0.0,0.857,nan,edge/x86_64,unknown,3.12.3,2026-10-09T18:44:24Z
77,ML-KEM-1024,post-quantum,5,decapsulate,0.0591,0.0,0.0,0.307,1568,3168,1568,0,0,0,0,0.0,0.8871,nan,edge/x86_64,unknown,3.12.3,2026-10-09T18:44:24Z
78,ML-KEM-1024,post-quantum,5,keygen,0.1064,0.0,0.0,0.307,1568,3168,1568,0,0,0,0,0.0,1.5963,nan,edge/x86_64,unknown,3.12.3,2026-10-09T18:44:24Z
78,ML-KEM-1024,post-quantum,5,encapsulate,0.0681,0.0,0.0,0.307,1568,3168,1568,0,0,0,0,0.0,1.0209,nan,edge/x86_64,unknown,3.12.3,2026-10-09T18:44:24Z
78,ML-KEM-1024,post-quantum,5,decapsulate,0.0592,0.0,0.0,0.307,1568,3168,1568,0,0,0,0,0.0,0.8877,nan,edge/x86_64,unknown,3.12.3,2026-10-09T18:44:24Z
79,ML-KEM-1024,post-quantum,5,keygen,0.0549,0.0,0.0,0.307,1568,3168,1568,0,0,0,0,0.0,0.8231,nan,edge/x86_64,unknown,3.12.3,2026-10-09T18:44:24Z
79,ML-KEM-1024,post-quantum,5,encapsulate,0.0553,0.0,0.0,0.307,1568,3168,1568,0,0,0,0,0.0,0.8296,nan,edge/x86_64,unknown,3.12.3,2026-10-09T18:44:24Z
79,ML-KEM-1024,post-quantum,5,decapsulate,0.0722,0.0,0.0,0.307,1568,3168,1568,0,0,0,0,0.0,1.0827,nan,edge/x86_64,unknown,3.12.3,2026-10-09T18:44:24Z
80,ML-KEM-1024,post-quantum,5,keygen,0.0559,0.0,0.0,0.307,1568,3168,1568,0,0,0,0,0.0,0.839,nan,edge/x86_64,unknown,3.12.3,2026-10-09T18:44:24Z
80,ML-KEM-1024,post-quantum,5,encapsulate,0.0577,0.0,0.0,0.307,1568,3168,1568,0,0,0,0,0.0,0.8654,nan,edge/x86_64,unknown,3.12.3,2026-10-09T18:44:24Z
80,ML-KEM-1024,post-quantum,5,decapsulate,0.0594,0.0,0.0,0.307,1568,3168,1568,0,0,0,0,0.0,0.8916,nan,edge/x86_64,unknown,3.12.3,2026-10-09T18:44:24Z
81,ML-KEM-1024,post-quantum,5,keygen,0.0532,0.0,0.0,0.307,1568,3168,1568,0,0,0,0,0.0,0.7978,nan,edge/x86_64,unknown,3.12.3,2026-10-09T18:44:24Z
81,ML-KEM-1024,post-quantum,5,encapsulate,0.056,0.0,0.0,0.307,1568,3168,1568,0,0,0,0,0.0,0.8401,nan,edge/x86_64,unknown,3.12.3,2026-10-09T18:44:24Z
81,ML-KEM-1024,post-quantum,5,decapsulate,0.0578,0.0,0.0,0.307,1568,3168,1568,0,0,0,0,0.0,0.8663,nan,edge/x86_64,unknown,3.12.3,2026-10-09T18:44:24Z
82,ML-KEM-1024,post-quantum,5,keygen,0.0536,0.0,0.0,0.307,1568,3168,1568,0,0,0,0,0.0,0.8038,nan,edge/x86_64,unknown,3.12.3,2026-10-09T18:44:24Z
82,ML-KEM-1024,post-quantum,5,encapsulate,0.0537,0.0,0.0,0.307,1568,3168,1568,0,0,0,0,0.0,0.8051,nan,edge/x86_64,unknown,3.12.3,2026-10-09T18:44:24Z
82,ML-KEM-1024,post-quantum,5,decapsulate,0.0552,0.0,0.0,0.307,1568,3168,1568,0,0,0,0,0.0,0.8279,nan,edge/x86_64,unknown,3.12.3,2026-10-09T18:44:24Z
83,ML-KEM-1024,post-quantum,5,keygen,0.0556,0.0,0.0,0.307,1568,3168,1568,0,0,0,0,0.0,0.8335,nan,edge/x86_64,unknown,3.12.3,2026-10-09T18:44:24Z
83,ML-KEM-1024,post-quantum,5,encapsulate,0.0534,0.0,0.0,0.307,1568,3168,1568,0,0,0,0,0.0,0.8012,nan,edge/x86_64,unknown,3.12.3,2026-10-09T18:44:24Z
83,ML-KEM-1024,post-quantum,5,decapsulate,0.0832,0.0,0.0,0.307,1568,3168,1568,0,0,0,0,0.0,1.2478,nan,edge/x86_64,unknown,3.12.3,2026-10-09T18:44:24Z
84,ML-KEM-1024,post-quantum,5,keygen,0.0703,0.0,0.0,0.307,1568,3168,1568,0,0,0,0,0.0,1.0543,nan,edge/x86_64,unknown,3.12.3,2026-10-09T18:44:24Z
84,ML-KEM-1024,post-quantum,5,encapsulate,0.0595,0.0,0.0,0.307,1568,3168,1568,0,0,0,0,0.0,0.893,nan,edge/x86_64,unknown,3.12.3,2026-10-09T18:44:24Z
84,ML-KEM-1024,post-quantum,5,decapsulate,0.0632,0.0,0.0,0.307,1568,3168,1568,0,0,0,0,0.0,0.9474,nan,edge/x86_64,unknown,3.12.3,2026-10-09T18:44:24Z
85,ML-KEM-1024,post-quantum,5,keygen,0.0596,0.0,0.0,0.307,1568,3168,1568,0,0,0,0,0.0,0.8936,nan,edge/x86_64,unknown,3.12.3,2026-10-09T18:44:24Z
85,ML-KEM-1024,post-quantum,5,encapsulate,0.0586,0.0,0.0,0.307,1568,3168,1568,0,0,0,0,0.0,0.8794,nan,edge/x86_64,unknown,3.12.3,2026-10-09T18:44:24Z
85,ML-KEM-1024,post-quantum,5,decapsulate,0.0494,0.0,0.0,0.307,1568,3168,1568,0,0,0,0,0.0,0.7408,nan,edge/x86_64,unknown,3.12.3,2026-10-09T18:44:24Z
86,ML-KEM-1024,post-quantum,5,keygen,0.2215,0.0,0.0,0.307,1568,3168,1568,0,0,0,0,0.0,3.3219,nan,edge/x86_64,unknown,3.12.3,2026-10-09T18:44:24Z
86,ML-KEM-1024,post-quantum,5,encapsulate,0.1025,0.0,0.0,0.307,1568,3168,1568,0,0,0,0,0.0,1.5381,nan,edge/x86_64,unknown,3.12.3,2026-10-09T18:44:24Z
86,ML-KEM-1024,post-quantum,5,decapsulate,0.0647,0.0,0.0,0.307,1568,3168,1568,0,0,0,0,0.0,0.97,nan,edge/x86_64,unknown,3.12.3,2026-10-09T18:44:24Z
87,ML-KEM-1024,post-quantum,5,keygen,0.0815,0.0,0.0,0.307,1568,3168,1568,0,0,0,0,0.0,1.2226,nan,edge/x86_64,unknown,3.12.3,2026-10-09T18:44:24Z
87,ML-KEM-1024,post-quantum,5,encapsulate,0.0595,0.0,0.0,0.307,1568,3168,1568,0,0,0,0,0.0,0.8928,nan,edge/x86_64,unknown,3.12.3,2026-10-09T18:44:24Z
87,ML-KEM-1024,post-quantum,5,decapsulate,0.0582,0.0,0.0,0.307,1568,3168,1568,0,0,0,0,0.0,0.8735,nan,edge/x86_64,unknown,3.12.3,2026-10-09T18:44:24Z
88,ML-KEM-1024,post-quantum,5,keygen,0.0559,0.0,0.0,0.307,1568,3168,1568,0,0,0,0,0.0,0.8385,nan,edge/x86_64,unknown,3.12.3,2026-10-09T18:44:24Z
88,ML-KEM-1024,post-quantum,5,encapsulate,0.0538,0.0,0.0,0.307,1568,3168,1568,0,0,0,0,0.0,0.8075,nan,edge/x86_64,unknown,3.12.3,2026-10-09T18:44:24Z
88,ML-KEM-1024,post-quantum,5,decapsulate,0.0611,0.0,0.0,0.307,1568,3168,1568,0,0,0,0,0.0,0.9168,nan,edge/x86_64,unknown,3.12.3,2026-10-09T18:44:24Z
89,ML-KEM-1024,post-quantum,5,keygen,0.055,0.0,0.0,0.307,1568,3168,1568,0,0,0,0,0.0,0.8248,nan,edge/x86_64,unknown,3.12.3,2026-10-09T18:44:24Z
89,ML-KEM-1024,post-quantum,5,encapsulate,0.0566,0.0,0.0,0.307,1568,3168,1568,0,0,0,0,0.0,0.8492,nan,edge/x86_64,unknown,3.12.3,2026-10-09T18:44:24Z
89,ML-KEM-1024,post-quantum,5,decapsulate,0.0582,0.0,0.0,0.307,1568,3168,1568,0,0,0,0,0.0,0.8734,nan,edge/x86_64,unknown,3.12.3,2026-10-09T18:44:24Z
90,ML-KEM-1024,post-quantum,5,keygen,0.1281,0.0,0.0,0.307,1568,3168,1568,0,0,0,0,0.0,1.9216,nan,edge/x86_64,unknown,3.12.3,2026-10-09T18:44:24Z
90,ML-KEM-1024,post-quantum,5,encapsulate,0.0606,0.0,0.0,0.307,1568,3168,1568,0,0,0,0,0.0,0.9096,nan,edge/x86_64,unknown,3.12.3,2026-10-09T18:44:24Z
90,ML-KEM-1024,post-quantum,5,decapsulate,0.0591,0.0,0.0,0.307,1568,3168,1568,0,0,0,0,0.0,0.8865,nan,edge/x86_64,unknown,3.12.3,2026-10-09T18:44:24Z
91,ML-KEM-1024,post-quantum,5,keygen,0.0551,0.0,0.0,0.307,1568,3168,1568,0,0,0,0,0.0,0.8265,nan,edge/x86_64,unknown,3.12.3,2026-10-09T18:44:24Z
91,ML-KEM-1024,post-quantum,5,encapsulate,0.0554,0.0,0.0,0.307,1568,3168,1568,0,0,0,0,0.0,0.8304,nan,edge/x86_64,unknown,3.12.3,2026-10-09T18:44:24Z
91,ML-KEM-1024,post-quantum,5,decapsulate,0.0629,0.0,0.0,0.307,1568,3168,1568,0,0,0,0,0.0,0.9428,nan,edge/x86_64,unknown,3.12.3,2026-10-09T18:44:24Z
92,ML-KEM-1024,post-quantum,5,keygen,0.057,0.0,0.0,0.307,1568,3168,1568,0,0,0,0,0.0,0.8557,nan,edge/x86_64,unknown,3.12.3,2026-10-09T18:44:24Z
92,ML-KEM-1024,post-quantum,5,encapsulate,0.0573,0.0,0.0,0.307,1568,3168,1568,0,0,0,0,0.0,0.8594,nan,edge/x86_64,unknown,3.12.3,2026-10-09T18:44:24Z
92,ML-KEM-1024,post-quantum,5,decapsulate,0.0625,0.0,0.0,0.307,1568,3168,1568,0,0,0,0,0.0,0.9369,nan,edge/x86_64,unknown,3.12.3,2026-10-09T18:44:24Z
93,ML-KEM-1024,post-quantum,5,keygen,0.0619,0.0,0.0,0.307,1568,3168,1568,0,0,0,0,0.0,0.9288,nan,edge/x86_64,unknown,3.12.3,2026-10-09T18:44:24Z
93,ML-KEM-1024,post-quantum,5,encapsulate,0.1045,0.0,0.0,0.307,1568,3168,1568,0,0,0,0,0.0,1.5672,nan,edge/x86_64,unknown,3.12.3,2026-10-09T18:44:24Z
93,ML-KEM-1024,post-quantum,5,decapsulate,0.0712,0.0,0.0,0.307,1568,3168,1568,0,0,0,0,0.0,1.0682,nan,edge/x86_64,unknown,3.12.3,2026-10-09T18:44:24Z
94,ML-KEM-1024,post-quantum,5,keygen,0.0569,0.0,0.0,0.307,1568,3168,1568,0,0,0,0,0.0,0.8537,nan,edge/x86_64,unknown,3.12.3,2026-10-09T18:44:24Z
94,ML-KEM-1024,post-quantum,5,encapsulate,0.0569,0.0,0.0,0.307,1568,3168,1568,0,0,0,0,0.0,0.8539,nan,edge/x86_64,unknown,3.12.3,2026-10-09T18:44:24Z
94,ML-KEM-1024,post-quantum,5,decapsulate,0.0581,0.0,0.0,0.307,1568,3168,1568,0,0,0,0,0.0,0.8721,nan,edge/x86_64,unknown,3.12.3,2026-10-09T18:44:24Z
95,ML-KEM-1024,post-quantum,5,keygen,0.0765,0.0,0.0,0.307,1568,3168,1568,0,0,0,0,0.0,1.1469,nan,edge/x86_64,unknown,3.12.3,2026-10-09T18:44:24Z
95,ML-KEM-1024,post-quantum,5,encapsulate,0.1365,0.0,0.0,0.307,1568,3168,1568,0,0,0,0,0.0,2.0472,nan,edge/x86_64,unknown,3.12.3,2026-10-09T18:44:24Z
95,ML-KEM-1024,post-quantum,5,decapsulate,0.0993,0.0,0.0,0.307,1568,3168,1568,0,0,0,0,0.0,1.4902,nan,edge/x86_64,unknown,3.12.3,2026-10-09T18:44:24Z
96,ML-KEM-1024,post-quantum,5,keygen,0.0575,0.0,0.0,0.307,1568,3168,1568,0,0,0,0,0.0,0.8625,nan,edge/x86_64,unknown,3.12.3,2026-10-09T18:44:24Z
96,ML-KEM-1024,post-quantum,5,encapsulate,0.0726,0.0,0.0,0.307,1568,3168,1568,0,0,0,0,0.0,1.0895,nan,edge/x86_64,unknown,3.12.3,2026-10-09T18:44:24Z
96,ML-KEM-1024,post-quantum,5,decapsulate,0.0582,0.0,0.0,0.307,1568,3168,1568,0,0,0,0,0.0,0.8727,nan,edge/x86_64,unknown,3.12.3,2026-10-09T18:44:24Z
97,ML-KEM-1024,post-quantum,5,keygen,0.0537,0.0,0.0,0.307,1568,3168,1568,0,0,0,0,0.0,0.8055,nan,edge/x86_64,unknown,3.12.3,2026-10-09T18:44:24Z
97,ML-KEM-1024,post-quantum,5,encapsulate,0.0585,0.0,0.0,0.307,1568,3168,1568,0,0,0,0,0.0,0.8771,nan,edge/x86_64,unknown,3.12.3,2026-10-09T18:44:24Z
97,ML-KEM-1024,post-quantum,5,decapsulate,0.0601,0.0,0.0,0.307,1568,3168,1568,0,0,0,0,0.0,0.9021,nan,edge/x86_64,unknown,3.12.3,2026-10-09T18:44:24Z
98,ML-KEM-1024,post-quantum,5,keygen,0.0552,0.0,0.0,0.307,1568,3168,1568,0,0,0,0,0.0,0.8283,nan,edge/x86_64,unknown,3.12.3,2026-10-09T18:44:24Z
98,ML-KEM-1024,post-quantum,5,encapsulate,0.0555,0.0,0.0,0.307,1568,3168,1568,0,0,0,0,0.0,0.8327,nan,edge/x86_64,unknown,3.12.3,2026-10-09T18:44:24Z
98,ML-KEM-1024,post-quantum,5,decapsulate,0.0578,0.0,0.0,0.307,1568,3168,1568,0,0,0,0,0.0,0.8667,nan,edge/x86_64,unknown,3.12.3,2026-10-09T18:44:24Z
99,ML-KEM-1024,post-quantum,5,keygen,0.0561,0.0,0.0,0.307,1568,3168,1568,0,0,0,0,0.0,0.8415,nan,edge/x86_64,unknown,3.12.3,2026-10-09T18:44:24Z
99,ML-KEM-1024,post-quantum,5,encapsulate,0.0606,0.0,0.0,0.307,1568,3168,1568,0,0,0,0,0.0,0.9088,nan,edge/x86_64,unknown,3.12.3,2026-10-09T18:44:24Z
99,ML-KEM-1024,post-quantum,5,decapsulate,0.0625,0.0,0.0,0.307,1568,3168,1568,0,0,0,0,0.0,0.9382,nan,edge/x86_64,unknown,3.12.3,2026-10-09T18:44:24Z
100,ML-KEM-1024,post-quantum,5,keygen,0.0576,0.0,0.0,0.307,1568,3168,1568,0,0,0,0,0.0,0.8635,nan,edge/x86_64,unknown,3.12.3,2026-10-09T18:44:24Z
100,ML-KEM-1024,post-quantum,5,encapsulate,0.0855,0.0,0.0,0.307,1568,3168,1568,0,0,0,0,0.0,1.2818,nan,edge/x86_64,unknown,3.12.3,2026-10-09T18:44:24Z
100,ML-KEM-1024,post-quantum,5,decapsulate,0.0609,0.0,0.0,0.307,1568,3168,1568,0,0,0,0,0.0,0.9135,nan,edge/x86_64,unknown,3.12.3,2026-10-09T18:44:24Z
101,ML-KEM-1024,post-quantum,5,keygen,0.0553,0.0,0.0,0.307,1568,3168,1568,0,0,0,0,0.0,0.8291,nan,edge/x86_64,unknown,3.12.3,2026-10-09T18:44:24Z
101,ML-KEM-1024,post-quantum,5,encapsulate,0.0548,0.0,0.0,0.307,1568,3168,1568,0,0,0,0,0.0,0.8223,nan,edge/x86_64,unknown,3.12.3,2026-10-09T18:44:24Z
101,ML-KEM-1024,post-quantum,5,decapsulate,0.0571,0.0,0.0,0.307,1568,3168,1568,0,0,0,0,0.0,0.856,nan,edge/x86_64,unknown,3.12.3,2026-10-09T18:44:24Z
102,ML-KEM-1024,post-quantum,5,keygen,0.0525,0.0,0.0,0.307,1568,3168,1568,0,0,0,0,0.0,0.7879,nan,edge/x86_64,unknown,3.12.3,2026-10-09T18:44:24Z
102,ML-KEM-1024,post-quantum,5,encapsulate,0.0528,0.0,0.0,0.307,1568,3168,1568,0,0,0,0,0.0,0.7915,nan,edge/x86_64,unknown,3.12.3,2026-10-09T18:44:24Z
102,ML-KEM-1024,post-quantum,5,decapsulate,0.0727,0.0,0.0,0.307,1568,3168,1568,0,0,0,0,0.0,1.0905,nan,edge/x86_64,unknown,3.12.3,2026-10-09T18:44:24Z
103,ML-KEM-1024,post-quantum,5,keygen,0.0558,0.0,0.0,0.307,1568,3168,1568,0,0,0,0,0.0,0.8368,nan,edge/x86_64,unknown,3.12.3,2026-10-09T18:44:24Z
103,ML-KEM-1024,post-quantum,5,encapsulate,0.0556,0.0,0.0,0.307,1568,3168,1568,0,0,0,0,0.0,0.8337,nan,edge/x86_64,unknown,3.12.3,2026-10-09T18:44:24Z
103,ML-KEM-1024,post-quantum,5,decapsulate,0.0806,0.0,0.0,0.307,1568,3168,1568,0,0,0,0,0.0,1.2096,nan,edge/x86_64,unknown,3.12.3,2026-10-09T18:44:24Z
104,ML-KEM-1024,post-quantum,5,keygen,0.0686,0.0,0.0,0.307,1568,3168,1568,0,0,0,0,0.0,1.0287,nan,edge/x86_64,unknown,3.12.3,2026-10-09T18:44:24Z
104,ML-KEM-1024,post-quantum,5,encapsulate,0.0565,0.0,0.0,0.307,1568,3168,1568,0,0,0,0,0.0,0.8468,nan,edge/x86_64,unknown,3.12.3,2026-10-09T18:44:24Z
104,ML-KEM-1024,post-quantum,5,decapsulate,0.0601,0.0,0.0,0.307,1568,3168,1568,0,0,0,0,0.0,0.9014,nan,edge/x86_64,unknown,3.12.3,2026-10-09T18:44:24Z
105,ML-KEM-1024,post-quantum,5,keygen,0.0556,0.0,0.0,0.307,1568,3168,1568,0,0,0,0,0.0,0.8336,nan,edge/x86_64,unknown,3.12.3,2026-10-09T18:44:24Z
105,ML-KEM-1024,post-quantum,5,encapsulate,0.074,0.0,0.0,0.307,1568,3168,1568,0,0,0,0,0.0,1.1107,nan,edge/x86_64,unknown,3.12.3,2026-10-09T18:44:24Z
105,ML-KEM-1024,post-quantum,5,decapsulate,0.0949,0.0,0.0,0.307,1568,3168,1568,0,0,0,0,0.0,1.4239,nan,edge/x86_64,unknown,3.12.3,2026-10-09T18:44:24Z
106,ML-KEM-1024,post-quantum,5,keygen,0.0604,0.0,0.0,0.307,1568,3168,1568,0,0,0,0,0.0,0.9053,nan,edge/x86_64,unknown,3.12.3,2026-10-09T18:44:24Z
106,ML-KEM-1024,post-quantum,5,encapsulate,0.0559,0.0,0.0,0.307,1568,3168,1568,0,0,0,0,0.0,0.8388,nan,edge/x86_64,unknown,3.12.3,2026-10-09T18:44:24Z
106,ML-KEM-1024,post-quantum,5,decapsulate,0.0588,0.0,0.0,0.307,1568,3168,1568,0,0,0,0,0.0,0.882,nan,edge/x86_64,unknown,3.12.3,2026-10-09T18:44:24Z
107,ML-KEM-1024,post-quantum,5,keygen,0.0533,0.0,0.0,0.307,1568,3168,1568,0,0,0,0,0.0,0.7999,nan,edge/x86_64,unknown,3.12.3,2026-10-09T18:44:24Z
107,ML-KEM-1024,post-quantum,5,encapsulate,0.0536,0.0,0.0,0.307,1568,3168,1568,0,0,0,0,0.0,0.8045,nan,edge/x86_64,unknown,3.12.3,2026-10-09T18:44:24Z
107,ML-KEM-1024,post-quantum,5,decapsulate,0.0567,0.0,0.0,0.307,1568,3168,1568,0,0,0,0,0.0,0.8503,nan,edge/x86_64,unknown,3.12.3,2026-10-09T18:44:24Z
108,ML-KEM-1024,post-quantum,5,keygen,0.0536,0.0,0.0,0.307,1568,3168,1568,0,0,0,0,0.0,0.8039,nan,edge/x86_64,unknown,3.12.3,2026-10-09T18:44:24Z
108,ML-KEM-1024,post-quantum,5,encapsulate,0.0582,0.0,0.0,0.307,1568,3168,1568,0,0,0,0,0.0,0.873,nan,edge/x86_64,unknown,3.12.3,2026-10-09T18:44:24Z
108,ML-KEM-1024,post-quantum,5,decapsulate,0.0571,0.0,0.0,0.307,1568,3168,1568,0,0,0,0,0.0,0.8568,nan,edge/x86_64,unknown,3.12.3,2026-10-09T18:44:24Z
109,ML-KEM-1024,post-quantum,5,keygen,0.0558,0.0,0.0,0.307,1568,3168,1568,0,0,0,0,0.0,0.8373,nan,edge/x86_64,unknown,3.12.3,2026-10-09T18:44:24Z
109,ML-KEM-1024,post-quantum,5,encapsulate,0.0577,0.0,0.0,0.307,1568,3168,1568,0,0,0,0,0.0,0.8649,nan,edge/x86_64,unknown,3.12.3,2026-10-09T18:44:24Z
109,ML-KEM-1024,post-quantum,5,decapsulate,0.0568,0.0,0.0,0.307,1568,3168,1568,0,0,0,0,0.0,0.852,nan,edge/x86_64,unknown,3.12.3,2026-10-09T18:44:24Z
110,ML-KEM-1024,post-quantum,5,keygen,0.0523,0.0,0.0,0.307,1568,3168,1568,0,0,0,0,0.0,0.7838,nan,edge/x86_64,unknown,3.12.3,2026-10-09T18:44:24Z
110,ML-KEM-1024,post-quantum,5,encapsulate,0.055,0.0,0.0,0.307,1568,3168,1568,0,0,0,0,0.0,0.8243,nan,edge/x86_64,unknown,3.12.3,2026-10-09T18:44:24Z
110,ML-KEM-1024,post-quantum,5,decapsulate,0.0567,0.0,0.0,0.307,1568,3168,1568,0,0,0,0,0.0,0.8508,nan,edge/x86_64,unknown,3.12.3,2026-10-09T18:44:24Z
111,ML-KEM-1024,post-quantum,5,keygen,0.0527,0.0,0.0,0.307,1568,3168,1568,0,0,0,0,0.0,0.7908,nan,edge/x86_64,unknown,3.12.3,2026-10-09T18:44:24Z
111,ML-KEM-1024,post-quantum,5,encapsulate,0.0597,0.0,0.0,0.307,1568,3168,1568,0,0,0,0,0.0,0.8948,nan,edge/x86_64,unknown,3.12.3,2026-10-09T18:44:24Z
111,ML-KEM-1024,post-quantum,5,decapsulate,0.0672,0.0,0.0,0.307,1568,3168,1568,0,0,0,0,0.0,1.0075,nan,edge/x86_64,unknown,3.12.3,2026-10-09T18:44:24Z
112,ML-KEM-1024,post-quantum,5,keygen,0.0602,0.0,0.0,0.307,1568,3168,1568,0,0,0,0,0.0,0.9024,nan,edge/x86_64,unknown,3.12.3,2026-10-09T18:44:24Z
112,ML-KEM-1024,post-quantum,5,encapsulate,0.0561,0.0,0.0,0.307,1568,3168,1568,0,0,0,0,0.0,0.8417,nan,edge/x86_64,unknown,3.12.3,2026-10-09T18:44:24Z
112,ML-KEM-1024,post-quantum,5,decapsulate,0.0956,0.0,0.0,0.307,1568,3168,1568,0,0,0,0,0.0,1.4338,nan,edge/x86_64,unknown,3.12.3,2026-10-09T18:44:24Z
113,ML-KEM-1024,post-quantum,5,keygen,0.107,0.0,0.0,0.307,1568,3168,1568,0,0,0,0,0.0,1.6051,nan,edge/x86_64,unknown,3.12.3,2026-10-09T18:44:24Z
113,ML-KEM-1024,post-quantum,5,encapsulate,0.0557,0.0,0.0,0.307,1568,3168,1568,0,0,0,0,0.0,0.8353,nan,edge/x86_64,unknown,3.12.3,2026-10-09T18:44:24Z
113,ML-KEM-1024,post-quantum,5,decapsulate,0.0594,0.0,0.0,0.307,1568,3168,1568,0,0,0,0,0.0,0.8907,nan,edge/x86_64,unknown,3.12.3,2026-10-09T18:44:24Z
114,ML-KEM-1024,post-quantum,5,keygen,0.0602,0.0,0.0,0.307,1568,3168,1568,0,0,0,0,0.0,0.9026,nan,edge/x86_64,unknown,3.12.3,2026-10-09T18:44:24Z
114,ML-KEM-1024,post-quantum,5,encapsulate,0.0574,0.0,0.0,0.307,1568,3168,1568,0,0,0,0,0.0,0.8612,nan,edge/x86_64,unknown,3.12.3,2026-10-09T18:44:24Z
114,ML-KEM-1024,post-quantum,5,decapsulate,0.0592,0.0,0.0,0.307,1568,3168,1568,0,0,0,0,0.0,0.8885,nan,edge/x86_64,unknown,3.12.3,2026-10-09T18:44:24Z
115,ML-KEM-1024,post-quantum,5,keygen,0.0553,0.0,0.0,0.307,1568,3168,1568,0,0,0,0,0.0,0.8294,nan,edge/x86_64,unknown,3.12.3,2026-10-09T18:44:24Z
115,ML-KEM-1024,post-quantum,5,encapsulate,0.0546,0.0,0.0,0.307,1568,3168,1568,0,0,0,0,0.0,0.8196,nan,edge/x86_64,unknown,3.12.3,2026-10-09T18:44:24Z
115,ML-KEM-1024,post-quantum,5,decapsulate,0.06,0.0,0.0,0.307,1568,3168,1568,0,0,0,0,0.0,0.8999,nan,edge/x86_64,unknown,3.12.3,2026-10-09T18:44:24Z
116,ML-KEM-1024,post-quantum,5,keygen,0.0553,0.0,0.0,0.307,1568,3168,1568,0,0,0,0,0.0,0.8298,nan,edge/x86_64,unknown,3.12.3,2026-10-09T18:44:24Z
116,ML-KEM-1024,post-quantum,5,encapsulate,0.055,0.0,0.0,0.307,1568,3168,1568,0,0,0,0,0.0,0.8244,nan,edge/x86_64,unknown,3.12.3,2026-10-09T18:44:24Z
116,ML-KEM-1024,post-quantum,5,decapsulate,0.0605,0.0,0.0,0.307,1568,3168,1568,0,0,0,0,0.0,0.908,nan,edge/x86_64,unknown,3.12.3,2026-10-09T18:44:24Z
117,ML-KEM-1024,post-quantum,5,keygen,0.0655,0.0,0.0,0.307,1568,3168,1568,0,0,0,0,0.0,0.9822,nan,edge/x86_64,unknown,3.12.3,2026-10-09T18:44:24Z
117,ML-KEM-1024,post-quantum,5,encapsulate,0.0572,0.0,0.0,0.307,1568,3168,1568,0,0,0,0,0.0,0.8586,nan,edge/x86_64,unknown,3.12.3,2026-10-09T18:44:24Z
117,ML-KEM-1024,post-quantum,5,decapsulate,0.0581,0.0,0.0,0.307,1568,3168,1568,0,0,0,0,0.0,0.871,nan,edge/x86_64,unknown,3.12.3,2026-10-09T18:44:24Z
118,ML-KEM-1024,post-quantum,5,keygen,0.0548,0.0,0.0,0.307,1568,3168,1568,0,0,0,0,0.0,0.822,nan,edge/x86_64,unknown,3.12.3,2026-10-09T18:44:24Z
118,ML-KEM-1024,post-quantum,5,encapsulate,0.0558,0.0,0.0,0.307,1568,3168,1568,0,0,0,0,0.0,0.8363,nan,edge/x86_64,unknown,3.12.3,2026-10-09T18:44:24Z
118,ML-KEM-1024,post-quantum,5,decapsulate,0.0607,0.0,0.0,0.307,1568,3168,1568,0,0,0,0,0.0,0.9102,nan,edge/x86_64,unknown,3.12.3,2026-10-09T18:44:24Z
119,ML-KEM-1024,post-quantum,5,keygen,0.0552,0.0,0.0,0.307,1568,3168,1568,0,0,0,0,0.0,0.8277,nan,edge/x86_64,unknown,3.12.3,2026-10-09T18:44:24Z
119,ML-KEM-1024,post-quantum,5,encapsulate,0.0919,0.0,0.0,0.307,1568,3168,1568,0,0,0,0,0.0,1.3788,nan,edge/x86_64,unknown,3.12.3,2026-10-09T18:44:24Z
119,ML-KEM-1024,post-quantum,5,decapsulate,0.061,0.0,0.0,0.307,1568,3168,1568,0,0,0,0,0.0,0.9143,nan,edge/x86_64,unknown,3.12.3,2026-10-09T18:44:24Z
120,ML-KEM-1024,post-quantum,5,keygen,0.0574,0.0,0.0,0.307,1568,3168,1568,0,0,0,0,0.0,0.8616,nan,edge/x86_64,unknown,3.12.3,2026-10-09T18:44:24Z
120,ML-KEM-1024,post-quantum,5,encapsulate,0.0557,0.0,0.0,0.307,1568,3168,1568,0,0,0,0,0.0,0.8359,nan,edge/x86_64,unknown,3.12.3,2026-10-09T18:44:24Z
120,ML-KEM-1024,post-quantum,5,decapsulate,0.0586,0.0,0.0,0.307,1568,3168,1568,0,0,0,0,0.0,0.8786,nan,edge/x86_64,unknown,3.12.3,2026-10-09T18:44:24Z
121,ML-KEM-1024,post-quantum,5,keygen,0.0547,0.0,0.0,0.307,1568,3168,1568,0,0,0,0,0.0,0.8209,nan,edge/x86_64,unknown,3.12.3,2026-10-09T18:44:24Z
121,ML-KEM-1024,post-quantum,5,encapsulate,0.058,0.0,0.0,0.307,1568,3168,1568,0,0,0,0,0.0,0.8704,nan,edge/x86_64,unknown,3.12.3,2026-10-09T18:44:24Z
121,ML-KEM-1024,post-quantum,5,decapsulate,0.0818,0.0,0.0,0.307,1568,3168,1568,0,0,0,0,0.0,1.2277,nan,edge/x86_64,unknown,3.12.3,2026-10-09T18:44:24Z
122,ML-KEM-1024,post-quantum,5,keygen,0.0554,0.0,0.0,0.307,1568,3168,1568,0,0,0,0,0.0,0.8312,nan,edge/x86_64,unknown,3.12.3,2026-10-09T18:44:24Z
122,ML-KEM-1024,post-quantum,5,encapsulate,0.0826,0.0,0.0,0.307,1568,3168,1568,0,0,0,0,0.0,1.2396,nan,edge/x86_64,unknown,3.12.3,2026-10-09T18:44:24Z
122,ML-KEM-1024,post-quantum,5,decapsulate,0.1657,0.0,0.0,0.307,1568,3168,1568,0,0,0,0,0.0,2.4861,nan,edge/x86_64,unknown,3.12.3,2026-10-09T18:44:24Z
123,ML-KEM-1024,post-quantum,5,keygen,0.0587,0.0,0.0,0.307,1568,3168,1568,0,0,0,0,0.0,0.88,nan,edge/x86_64,unknown,3.12.3,2026-10-09T18:44:24Z
123,ML-KEM-1024,post-quantum,5,encapsulate,0.0584,0.0,0.0,0.307,1568,3168,1568,0,0,0,0,0.0,0.8766,nan,edge/x86_64,unknown,3.12.3,2026-10-09T18:44:24Z
123,ML-KEM-1024,post-quantum,5,decapsulate,0.0575,0.0,0.0,0.307,1568,3168,1568,0,0,0,0,0.0,0.8629,nan,edge/x86_64,unknown,3.12.3,2026-10-09T18:44:24Z
124,ML-KEM-1024,post-quantum,5,keygen,0.0555,0.0,0.0,0.307,1568,3168,1568,0,0,0,0,0.0,0.8319,nan,edge/x86_64,unknown,3.12.3,2026-10-09T18:44:24Z
124,ML-KEM-1024,post-quantum,5,encapsulate,0.0567,0.0,0.0,0.307,1568,3168,1568,0,0,0,0,0.0,0.851,nan,edge/x86_64,unknown,3.12.3,2026-10-09T18:44:24Z
124,ML-KEM-1024,post-quantum,5,decapsulate,0.0582,0.0,0.0,0.307,1568,3168,1568,0,0,0,0,0.0,0.8727,nan,edge/x86_64,unknown,3.12.3,2026-10-09T18:44:24Z
125,ML-KEM-1024,post-quantum,5,keygen,0.0565,0.0,0.0,0.307,1568,3168,1568,0,0,0,0,0.0,0.8481,nan,edge/x86_64,unknown,3.12.3,2026-10-09T18:44:24Z
125,ML-KEM-1024,post-quantum,5,encapsulate,0.0531,0.0,0.0,0.307,1568,3168,1568,0,0,0,0,0.0,0.7962,nan,edge/x86_64,unknown,3.12.3,2026-10-09T18:44:24Z
125,ML-KEM-1024,post-quantum,5,decapsulate,0.0577,0.0,0.0,0.307,1568,3168,1568,0,0,0,0,0.0,0.865,nan,edge/x86_64,unknown,3.12.3,2026-10-09T18:44:24Z
126,ML-KEM-1024,post-quantum,5,keygen,0.0554,0.0,0.0,0.307,1568,3168,1568,0,0,0,0,0.0,0.8305,nan,edge/x86_64,unknown,3.12.3,2026-10-09T18:44:24Z
126,ML-KEM-1024,post-quantum,5,encapsulate,0.054,0.0,0.0,0.307,1568,3168,1568,0,0,0,0,0.0,0.8104,nan,edge/x86_64,unknown,3.12.3,2026-10-09T18:44:24Z
126,ML-KEM-1024,post-quantum,5,decapsulate,0.0588,0.0,0.0,0.307,1568,3168,1568,0,0,0,0,0.0,0.8821,nan,edge/x86_64,unknown,3.12.3,2026-10-09T18:44:24Z
127,ML-KEM-1024,post-quantum,5,keygen,0.0553,0.0,0.0,0.307,1568,3168,1568,0,0,0,0,0.0,0.8296,nan,edge/x86_64,unknown,3.12.3,2026-10-09T18:44:24Z
127,ML-KEM-1024,post-quantum,5,encapsulate,0.0559,0.0,0.0,0.307,1568,3168,1568,0,0,0,0,0.0,0.8378,nan,edge/x86_64,unknown,3.12.3,2026-10-09T18:44:24Z
127,ML-KEM-1024,post-quantum,5,decapsulate,0.0579,0.0,0.0,0.307,1568,3168,1568,0,0,0,0,0.0,0.868,nan,edge/x86_64,unknown,3.12.3,2026-10-09T18:44:24Z
128,ML-KEM-1024,post-quantum,5,keygen,0.2073,0.0,0.0,0.307,1568,3168,1568,0,0,0,0,0.0,3.1088,nan,edge/x86_64,unknown,3.12.3,2026-10-09T18:44:24Z
128,ML-KEM-1024,post-quantum,5,encapsulate,0.0474,0.0,0.0,0.307,1568,3168,1568,0,0,0,0,0.0,0.7107,nan,edge/x86_64,unknown,3.12.3,2026-10-09T18:44:24Z
128,ML-KEM-1024,post-quantum,5,decapsulate,0.0395,0.0,0.0,0.307,1568,3168,1568,0,0,0,0,0.0,0.5925,nan,edge/x86_64,unknown,3.12.3,2026-10-09T18:44:24Z
129,ML-KEM-1024,post-quantum,5,keygen,0.0366,0.0,0.0,0.307,1568,3168,1568,0,0,0,0,0.0,0.5484,nan,edge/x86_64,unknown,3.12.3,2026-10-09T18:44:24Z
129,ML-KEM-1024,post-quantum,5,encapsulate,0.0374,0.0,0.0,0.307,1568,3168,1568,0,0,0,0,0.0,0.5605,nan,edge/x86_64,unknown,3.12.3,2026-10-09T18:44:24Z
129,ML-KEM-1024,post-quantum,5,decapsulate,0.0367,0.0,0.0,0.307,1568,3168,1568,0,0,0,0,0.0,0.5498,nan,edge/x86_64,unknown,3.12.3,2026-10-09T18:44:24Z
130,ML-KEM-1024,post-quantum,5,keygen,0.0353,0.0,0.0,0.307,1568,3168,1568,0,0,0,0,0.0,0.5291,nan,edge/x86_64,unknown,3.12.3,2026-10-09T18:44:24Z
130,ML-KEM-1024,post-quantum,5,encapsulate,0.0352,0.0,0.0,0.307,1568,3168,1568,0,0,0,0,0.0,0.5281,nan,edge/x86_64,unknown,3.12.3,2026-10-09T18:44:24Z
130,ML-KEM-1024,post-quantum,5,decapsulate,0.036,0.0,0.0,0.307,1568,3168,1568,0,0,0,0,0.0,0.5395,nan,edge/x86_64,unknown,3.12.3,2026-10-09T18:44:24Z
131,ML-KEM-1024,post-quantum,5,keygen,0.0348,0.0,0.0,0.307,1568,3168,1568,0,0,0,0,0.0,0.5219,nan,edge/x86_64,unknown,3.12.3,2026-10-09T18:44:24Z
131,ML-KEM-1024,post-quantum,5,encapsulate,0.0413,0.0,0.0,0.307,1568,3168,1568,0,0,0,0,0.0,0.6194,nan,edge/x86_64,unknown,3.12.3,2026-10-09T18:44:24Z
131,ML-KEM-1024,post-quantum,5,decapsulate,0.037,0.0,0.0,0.307,1568,3168,1568,0,0,0,0,0.0,0.5549,nan,edge/x86_64,unknown,3.12.3,2026-10-09T18:44:24Z
132,ML-KEM-1024,post-quantum,5,keygen,0.0353,0.0,0.0,0.307,1568,3168,1568,0,0,0,0,0.0,0.5292,nan,edge/x86_64,unknown,3.12.3,2026-10-09T18:44:24Z
132,ML-KEM-1024,post-quantum,5,encapsulate,0.0352,0.0,0.0,0.307,1568,3168,1568,0,0,0,0,0.0,0.5278,nan,edge/x86_64,unknown,3.12.3,2026-10-09T18:44:24Z
132,ML-KEM-1024,post-quantum,5,decapsulate,0.0358,0.0,0.0,0.307,1568,3168,1568,0,0,0,0,0.0,0.5376,nan,edge/x86_64,unknown,3.12.3,2026-10-09T18:44:24Z
133,ML-KEM-1024,post-quantum,5,keygen,0.0798,0.0,0.0,0.307,1568,3168,1568,0,0,0,0,0.0,1.1975,nan,edge/x86_64,unknown,3.12.3,2026-10-09T18:44:24Z
133,ML-KEM-1024,post-quantum,5,encapsulate,0.0383,0.0,0.0,0.307,1568,3168,1568,0,0,0,0,0.0,0.5743,nan,edge/x86_64,unknown,3.12.3,2026-10-09T18:44:24Z
133,ML-KEM-1024,post-quantum,5,decapsulate,0.0372,0.0,0.0,0.307,1568,3168,1568,0,0,0,0,0.0,0.5578,nan,edge/x86_64,unknown,3.12.3,2026-10-09T18:44:24Z
134,ML-KEM-1024,post-quantum,5,keygen,0.0346,0.0,0.0,0.307,1568,3168,1568,0,0,0,0,0.0,0.5196,nan,edge/x86_64,unknown,3.12.3,2026-10-09T18:44:24Z
134,ML-KEM-1024,post-quantum,5,encapsulate,0.0357,0.0,0.0,0.307,1568,3168,1568,0,0,0,0,0.0,0.5351,nan,edge/x86_64,unknown,3.12.3,2026-10-09T18:44:24Z
134,ML-KEM-1024,post-quantum,5,decapsulate,0.0369,0.0,0.0,0.307,1568,3168,1568,0,0,0,0,0.0,0.5537,nan,edge/x86_64,unknown,3.12.3,2026-10-09T18:44:24Z
135,ML-KEM-1024,post-quantum,5,keygen,0.0363,0.0,0.0,0.307,1568,3168,1568,0,0,0,0,0.0,0.5446,nan,edge/x86_64,unknown,3.12.3,2026-10-09T18:44:24Z
135,ML-KEM-1024,post-quantum,5,encapsulate,0.0874,0.0,0.0,0.307,1568,3168,1568,0,0,0,0,0.0,1.3112,nan,edge/x86_64,unknown,3.12.3,2026-10-09T18:44:24Z
135,ML-KEM-1024,post-quantum,5,decapsulate,0.0397,0.0,0.0,0.307,1568,3168,1568,0,0,0,0,0.0,0.5962,nan,edge/x86_64,unknown,3.12.3,2026-10-09T18:44:24Z
136,ML-KEM-1024,post-quantum,5,keygen,0.0366,0.0,0.0,0.307,1568,3168,1568,0,0,0,0,0.0,0.5483,nan,edge/x86_64,unknown,3.12.3,2026-10-09T18:44:24Z
136,ML-KEM-1024,post-quantum,5,encapsulate,0.0359,0.0,0.0,0.307,1568,3168,1568,0,0,0,0,0.0,0.5378,nan,edge/x86_64,unknown,3.12.3,2026-10-09T18:44:24Z
136,ML-KEM-1024,post-quantum,5,decapsulate,0.0366,0.0,0.0,0.307,1568,3168,1568,0,0,0,0,0.0,0.5497,nan,edge/x86_64,unknown,3.12.3,2026-10-09T18:44:24Z
137,ML-KEM-1024,post-quantum,5,keygen,0.0352,0.0,0.0,0.307,1568,3168,1568,0,0,0,0,0.0,0.5284,nan,edge/x86_64,unknown,3.12.3,2026-10-09T18:44:24Z
137,ML-KEM-1024,post-quantum,5,encapsulate,0.0357,0.0,0.0,0.307,1568,3168,1568,0,0,0,0,0.0,0.5361,nan,edge/x86_64,unknown,3.12.3,2026-10-09T18:44:24Z
137,ML-KEM-1024,post-quantum,5,decapsulate,0.036,0.0,0.0,0.307,1568,3168,1568,0,0,0,0,0.0,0.5396,nan,edge/x86_64,unknown,3.12.3,2026-10-09T18:44:24Z
138,ML-KEM-1024,post-quantum,5,keygen,0.0348,0.0,0.0,0.307,1568,3168,1568,0,0,0,0,0.0,0.5217,nan,edge/x86_64,unknown,3.12.3,2026-10-09T18:44:24Z
138,ML-KEM-1024,post-quantum,5,encapsulate,0.0351,0.0,0.0,0.307,1568,3168,1568,0,0,0,0,0.0,0.5269,nan,edge/x86_64,unknown,3.12.3,2026-10-09T18:44:24Z
138,ML-KEM-1024,post-quantum,5,decapsulate,0.0364,0.0,0.0,0.307,1568,3168,1568,0,0,0,0,0.0,0.5456,nan,edge/x86_64,unknown,3.12.3,2026-10-09T18:44:24Z
139,ML-KEM-1024,post-quantum,5,keygen,0.0348,0.0,0.0,0.307,1568,3168,1568,0,0,0,0,0.0,0.5216,nan,edge/x86_64,unknown,3.12.3,2026-10-09T18:44:24Z
139,ML-KEM-1024,post-quantum,5,encapsulate,0.0357,0.0,0.0,0.307,1568,3168,1568,0,0,0,0,0.0,0.5349,nan,edge/x86_64,unknown,3.12.3,2026-10-09T18:44:24Z
139,ML-KEM-1024,post-quantum,5,decapsulate,0.0363,0.0,0.0,0.307,1568,3168,1568,0,0,0,0,0.0,0.5443,nan,edge/x86_64,unknown,3.12.3,2026-10-09T18:44:24Z
140,ML-KEM-1024,post-quantum,5,keygen,0.061,0.0,0.0,0.307,1568,3168,1568,0,0,0,0,0.0,0.9147,nan,edge/x86_64,unknown,3.12.3,2026-10-09T18:44:24Z
140,ML-KEM-1024,post-quantum,5,encapsulate,0.0371,0.0,0.0,0.307,1568,3168,1568,0,0,0,0,0.0,0.557,nan,edge/x86_64,unknown,3.12.3,2026-10-09T18:44:24Z
140,ML-KEM-1024,post-quantum,5,decapsulate,0.0369,0.0,0.0,0.307,1568,3168,1568,0,0,0,0,0.0,0.5535,nan,edge/x86_64,unknown,3.12.3,2026-10-09T18:44:24Z
141,ML-KEM-1024,post-quantum,5,keygen,0.0532,0.0,0.0,0.307,1568,3168,1568,0,0,0,0,0.0,0.7974,nan,edge/x86_64,unknown,3.12.3,2026-10-09T18:44:24Z
141,ML-KEM-1024,post-quantum,5,encapsulate,0.0375,0.0,0.0,0.307,1568,3168,1568,0,0,0,0,0.0,0.5623,nan,edge/x86_64,unknown,3.12.3,2026-10-09T18:44:24Z
141,ML-KEM-1024,post-quantum,5,decapsulate,0.0373,0.0,0.0,0.307,1568,3168,1568,0,0,0,0,0.0,0.56,nan,edge/x86_64,unknown,3.12.3,2026-10-09T18:44:24Z
142,ML-KEM-1024,post-quantum,5,keygen,0.0347,0.0,0.0,0.307,1568,3168,1568,0,0,0,0,0.0,0.5205,nan,edge/x86_64,unknown,3.12.3,2026-10-09T18:44:24Z
142,ML-KEM-1024,post-quantum,5,encapsulate,0.0441,0.0,0.0,0.307,1568,3168,1568,0,0,0,0,0.0,0.6609,nan,edge/x86_64,unknown,3.12.3,2026-10-09T18:44:24Z
142,ML-KEM-1024,post-quantum,5,decapsulate,0.037,0.0,0.0,0.307,1568,3168,1568,0,0,0,0,0.0,0.5557,nan,edge/x86_64,unknown,3.12.3,2026-10-09T18:44:24Z
143,ML-KEM-1024,post-quantum,5,keygen,0.0736,0.0,0.0,0.307,1568,3168,1568,0,0,0,0,0.0,1.1038,nan,edge/x86_64,unknown,3.12.3,2026-10-09T18:44:24Z
143,ML-KEM-1024,post-quantum,5,encapsulate,0.0402,0.0,0.0,0.307,1568,3168,1568,0,0,0,0,0.0,0.6028,nan,edge/x86_64,unknown,3.12.3,2026-10-09T18:44:24Z
143,ML-KEM-1024,post-quantum,5,decapsulate,0.0375,0.0,0.0,0.307,1568,3168,1568,0,0,0,0,0.0,0.5624,nan,edge/x86_64,unknown,3.12.3,2026-10-09T18:44:24Z
144,ML-KEM-1024,post-quantum,5,keygen,0.0358,0.0,0.0,0.307,1568,3168,1568,0,0,0,0,0.0,0.5376,nan,edge/x86_64,unknown,3.12.3,2026-10-09T18:44:24Z
144,ML-KEM-1024,post-quantum,5,encapsulate,0.0357,0.0,0.0,0.307,1568,3168,1568,0,0,0,0,0.0,0.536,nan,edge/x86_64,unknown,3.12.3,2026-10-09T18:44:24Z
144,ML-KEM-1024,post-quantum,5,decapsulate,0.0363,0.0,0.0,0.307,1568,3168,1568,0,0,0,0,0.0,0.5447,nan,edge/x86_64,unknown,3.12.3,2026-10-09T18:44:24Z
145,ML-KEM-1024,post-quantum,5,keygen,0.0348,0.0,0.0,0.307,1568,3168,1568,0,0,0,0,0.0,0.5227,nan,edge/x86_64,unknown,3.12.3,2026-10-09T18:44:24Z
145,ML-KEM-1024,post-quantum,5,encapsulate,0.0354,0.0,0.0,0.307,1568,3168,1568,0,0,0,0,0.0,0.5311,nan,edge/x86_64,unknown,3.12.3,2026-10-09T18:44:24Z
145,ML-KEM-1024,post-quantum,5,decapsulate,0.0361,0.0,0.0,0.307,1568,3168,1568,0,0,0,0,0.0,0.5419,nan,edge/x86_64,unknown,3.12.3,2026-10-09T18:44:24Z
146,ML-KEM-1024,post-quantum,5,keygen,0.0344,0.0,0.0,0.307,1568,3168,1568,0,0,0,0,0.0,0.5154,nan,edge/x86_64,unknown,3.12.3,2026-10-09T18:44:24Z
146,ML-KEM-1024,post-quantum,5,encapsulate,0.0354,0.0,0.0,0.307,1568,3168,1568,0,0,0,0,0.0,0.5311,nan,edge/x86_64,unknown,3.12.3,2026-10-09T18:44:24Z
146,ML-KEM-1024,post-quantum,5,decapsulate,0.0363,0.0,0.0,0.307,1568,3168,1568,0,0,0,0,0.0,0.5445,nan,edge/x86_64,unknown,3.12.3,2026-10-09T18:44:24Z
147,ML-KEM-1024,post-quantum,5,keygen,0.0345,0.0,0.0,0.307,1568,3168,1568,0,0,0,0,0.0,0.5171,nan,edge/x86_64,unknown,3.12.3,2026-10-09T18:44:24Z
147,ML-KEM-1024,post-quantum,5,encapsulate,0.041,0.0,0.0,0.307,1568,3168,1568,0,0,0,0,0.0,0.6155,nan,edge/x86_64,unknown,3.12.3,2026-10-09T18:44:24Z
147,ML-KEM-1024,post-quantum,5,decapsulate,0.0465,0.0,0.0,0.307,1568,3168,1568,0,0,0,0,0.0,0.6979,nan,edge/x86_64,unknown,3.12.3,2026-10-09T18:44:24Z
148,ML-KEM-1024,post-quantum,5,keygen,0.0377,0.0,0.0,0.307,1568,3168,1568,0,0,0,0,0.0,0.5654,nan,edge/x86_64,unknown,3.12.3,2026-10-09T18:44:24Z
148,ML-KEM-1024,post-quantum,5,encapsulate,0.0359,0.0,0.0,0.307,1568,3168,1568,0,0,0,0,0.0,0.5379,nan,edge/x86_64,unknown,3.12.3,2026-10-09T18:44:24Z
148,ML-KEM-1024,post-quantum,5,decapsulate,0.0364,0.0,0.0,0.307,1568,3168,1568,0,0,0,0,0.0,0.5457,nan,edge/x86_64,unknown,3.12.3,2026-10-09T18:44:24Z
149,ML-KEM-1024,post-quantum,5,keygen,0.035,0.0,0.0,0.307,1568,3168,1568,0,0,0,0,0.0,0.5253,nan,edge/x86_64,unknown,3.12.3,2026-10-09T18:44:24Z
149,ML-KEM-1024,post-quantum,5,encapsulate,0.0355,0.0,0.0,0.307,1568,3168,1568,0,0,0,0,0.0,0.5323,nan,edge/x86_64,unknown,3.12.3,2026-10-09T18:44:24Z
149,ML-KEM-1024,post-quantum,5,decapsulate,0.0431,0.0,0.0,0.307,1568,3168,1568,0,0,0,0,0.0,0.6462,nan,edge/x86_64,unknown,3.12.3,2026-10-09T18:44:24Z
150,ML-KEM-1024,post-quantum,5,keygen,0.0375,0.0,0.0,0.307,1568,3168,1568,0,0,0,0,0.0,0.562,nan,edge/x86_64,unknown,3.12.3,2026-10-09T18:44:24Z
150,ML-KEM-1024,post-quantum,5,encapsulate,0.0506,0.0,0.0,0.307,1568,3168,1568,0,0,0,0,0.0,0.7593,nan,edge/x86_64,unknown,3.12.3,2026-10-09T18:44:24Z
150,ML-KEM-1024,post-quantum,5,decapsulate,0.0367,0.0,0.0,0.307,1568,3168,1568,0,0,0,0,0.0,0.5511,nan,edge/x86_64,unknown,3.12.3,2026-10-09T18:44:24Z
151,ML-KEM-1024,post-quantum,5,keygen,0.035,0.0,0.0,0.307,1568,3168,1568,0,0,0,0,0.0,0.5246,nan,edge/x86_64,unknown,3.12.3,2026-10-09T18:44:24Z
151,ML-KEM-1024,post-quantum,5,encapsulate,0.035,0.0,0.0,0.307,1568,3168,1568,0,0,0,0,0.0,0.5256,nan,edge/x86_64,unknown,3.12.3,2026-10-09T18:44:24Z
151,ML-KEM-1024,post-quantum,5,decapsulate,0.0364,0.0,0.0,0.307,1568,3168,1568,0,0,0,0,0.0,0.5454,nan,edge/x86_64,unknown,3.12.3,2026-10-09T18:44:24Z
152,ML-KEM-1024,post-quantum,5,keygen,0.0433,0.0,0.0,0.307,1568,3168,1568,0,0,0,0,0.0,0.6501,nan,edge/x86_64,unknown,3.12.3,2026-10-09T18:44:24Z
152,ML-KEM-1024,post-quantum,5,encapsulate,0.0383,0.0,0.0,0.307,1568,3168,1568,0,0,0,0,0.0,0.5744,nan,edge/x86_64,unknown,3.12.3,2026-10-09T18:44:24Z
152,ML-KEM-1024,post-quantum,5,decapsulate,0.0367,0.0,0.0,0.307,1568,3168,1568,0,0,0,0,0.0,0.5509,nan,edge/x86_64,unknown,3.12.3,2026-10-09T18:44:24Z
153,ML-KEM-1024,post-quantum,5,keygen,0.0357,0.0,0.0,0.307,1568,3168,1568,0,0,0,0,0.0,0.5351,nan,edge/x86_64,unknown,3.12.3,2026-10-09T18:44:24Z
153,ML-KEM-1024,post-quantum,5,encapsulate,0.0379,0.0,0.0,0.307,1568,3168,1568,0,0,0,0,0.0,0.568,nan,edge/x86_64,unknown,3.12.3,2026-10-09T18:44:24Z
153,ML-KEM-1024,post-quantum,5,decapsulate,0.043,0.0,0.0,0.307,1568,3168,1568,0,0,0,0,0.0,0.6443,nan,edge/x86_64,unknown,3.12.3,2026-10-09T18:44:24Z
154,ML-KEM-1024,post-quantum,5,keygen,0.0355,0.0,0.0,0.307,1568,3168,1568,0,0,0,0,0.0,0.5327,nan,edge/x86_64,unknown,3.12.3,2026-10-09T18:44:24Z
154,ML-KEM-1024,post-quantum,5,encapsulate,0.0352,0.0,0.0,0.307,1568,3168,1568,0,0,0,0,0.0,0.5277,nan,edge/x86_64,unknown,3.12.3,2026-10-09T18:44:24Z
154,ML-KEM-1024,post-quantum,5,decapsulate,0.0363,0.0,0.0,0.307,1568,3168,1568,0,0,0,0,0.0,0.5444,nan,edge/x86_64,unknown,3.12.3,2026-10-09T18:44:24Z
155,ML-KEM-1024,post-quantum,5,keygen,0.0464,0.0,0.0,0.307,1568,3168,1568,0,0,0,0,0.0,0.6963,nan,edge/x86_64,unknown,3.12.3,2026-10-09T18:44:24Z
155,ML-KEM-1024,post-quantum,5,encapsulate,0.0371,0.0,0.0,0.307,1568,3168,1568,0,0,0,0,0.0,0.5563,nan,edge/x86_64,unknown,3.12.3,2026-10-09T18:44:24Z
155,ML-KEM-1024,post-quantum,5,decapsulate,0.037,0.0,0.0,0.307,1568,3168,1568,0,0,0,0,0.0,0.5547,nan,edge/x86_64,unknown,3.12.3,2026-10-09T18:44:24Z
156,ML-KEM-1024,post-quantum,5,keygen,0.0505,0.0,0.0,0.307,1568,3168,1568,0,0,0,0,0.0,0.7578,nan,edge/x86_64,unknown,3.12.3,2026-10-09T18:44:24Z
156,ML-KEM-1024,post-quantum,5,encapsulate,0.0362,0.0,0.0,0.307,1568,3168,1568,0,0,0,0,0.0,0.5434,nan,edge/x86_64,unknown,3.12.3,2026-10-09T18:44:24Z
156,ML-KEM-1024,post-quantum,5,decapsulate,0.0358,0.0,0.0,0.307,1568,3168,1568,0,0,0,0,0.0,0.5373,nan,edge/x86_64,unknown,3.12.3,2026-10-09T18:44:24Z
157,ML-KEM-1024,post-quantum,5,keygen,0.0347,0.0,0.0,0.307,1568,3168,1568,0,0,0,0,0.0,0.5208,nan,edge/x86_64,unknown,3.12.3,2026-10-09T18:44:24Z
157,ML-KEM-1024,post-quantum,5,encapsulate,0.0443,0.0,0.0,0.307,1568,3168,1568,0,0,0,0,0.0,0.6648,nan,edge/x86_64,unknown,3.12.3,2026-10-09T18:44:24Z
157,ML-KEM-1024,post-quantum,5,decapsulate,0.037,0.0,0.0,0.307,1568,3168,1568,0,0,0,0,0.0,0.5547,nan,edge/x86_64,unknown,3.12.3,2026-10-09T18:44:24Z
158,ML-KEM-1024,post-quantum,5,keygen,0.0358,0.0,0.0,0.307,1568,3168,1568,0,0,0,0,0.0,0.5366,nan,edge/x86_64,unknown,3.12.3,2026-10-09T18:44:24Z
158,ML-KEM-1024,post-quantum,5,encapsulate,0.0443,0.0,0.0,0.307,1568,3168,1568,0,0,0,0,0.0,0.6651,nan,edge/x86_64,unknown,3.12.3,2026-10-09T18:44:24Z
158,ML-KEM-1024,post-quantum,5,decapsulate,0.0379,0.0,0.0,0.307,1568,3168,1568,0,0,0,0,0.0,0.5678,nan,edge/x86_64,unknown,3.12.3,2026-10-09T18:44:24Z
159,ML-KEM-1024,post-quantum,5,keygen,0.0355,0.0,0.0,0.307,1568,3168,1568,0,0,0,0,0.0,0.532,nan,edge/x86_64,unknown,3.12.3,2026-10-09T18:44:24Z
159,ML-KEM-1024,post-quantum,5,encapsulate,0.0372,0.0,0.0,0.307,1568,3168,1568,0,0,0,0,0.0,0.5574,nan,edge/x86_64,unknown,3.12.3,2026-10-09T18:44:24Z
159,ML-KEM-1024,post-quantum,5,decapsulate,0.0364,0.0,0.0,0.307,1568,3168,1568,0,0,0,0,0.0,0.5454,nan,edge/x86_64,unknown,3.12.3,2026-10-09T18:44:24Z
160,ML-KEM-1024,post-quantum,5,keygen,0.0348,0.0,0.0,0.307,1568,3168,1568,0,0,0,0,0.0,0.522,nan,edge/x86_64,unknown,3.12.3,2026-10-09T18:44:24Z
160,ML-KEM-1024,post-quantum,5,encapsulate,0.0552,0.0,0.0,0.307,1568,3168,1568,0,0,0,0,0.0,0.8279,nan,edge/x86_64,unknown,3.12.3,2026-10-09T18:44:24Z
160,ML-KEM-1024,post-quantum,5,decapsulate,0.0365,0.0,0.0,0.307,1568,3168,1568,0,0,0,0,0.0,0.5481,nan,edge/x86_64,unknown,3.12.3,2026-10-09T18:44:24Z
161,ML-KEM-1024,post-quantum,5,keygen,0.0353,0.0,0.0,0.307,1568,3168,1568,0,0,0,0,0.0,0.5294,nan,edge/x86_64,unknown,3.12.3,2026-10-09T18:44:24Z
161,ML-KEM-1024,post-quantum,5,encapsulate,0.0355,0.0,0.0,0.307,1568,3168,1568,0,0,0,0,0.0,0.5331,nan,edge/x86_64,unknown,3.12.3,2026-10-09T18:44:24Z
161,ML-KEM-1024,post-quantum,5,decapsulate,0.0358,0.0,0.0,0.307,1568,3168,1568,0,0,0,0,0.0,0.5364,nan,edge/x86_64,unknown,3.12.3,2026-10-09T18:44:24Z
162,ML-KEM-1024,post-quantum,5,keygen,0.0345,0.0,0.0,0.307,1568,3168,1568,0,0,0,0,0.0,0.5171,nan,edge/x86_64,unknown,3.12.3,2026-10-09T18:44:24Z
162,ML-KEM-1024,post-quantum,5,encapsulate,0.0347,0.0,0.0,0.307,1568,3168,1568,0,0,0,0,0.0,0.5205,nan,edge/x86_64,unknown,3.12.3,2026-10-09T18:44:24Z
162,ML-KEM-1024,post-quantum,5,decapsulate,0.0624,0.0,0.0,0.307,1568,3168,1568,0,0,0,0,0.0,0.9363,nan,edge/x86_64,unknown,3.12.3,2026-10-09T18:44:24Z
163,ML-KEM-1024,post-quantum,5,keygen,0.04,0.0,0.0,0.307,1568,3168,1568,0,0,0,0,0.0,0.5999,nan,edge/x86_64,unknown,3.12.3,2026-10-09T18:44:24Z
163,ML-KEM-1024,post-quantum,5,encapsulate,0.0358,0.0,0.0,0.307,1568,3168,1568,0,0,0,0,0.0,0.5376,nan,edge/x86_64,unknown,3.12.3,2026-10-09T18:44:24Z
163,ML-KEM-1024,post-quantum,5,decapsulate,0.0362,0.0,0.0,0.307,1568,3168,1568,0,0,0,0,0.0,0.5435,nan,edge/x86_64,unknown,3.12.3,2026-10-09T18:44:24Z
164,ML-KEM-1024,post-quantum,5,keygen,0.035,0.0,0.0,0.307,1568,3168,1568,0,0,0,0,0.0,0.5244,nan,edge/x86_64,unknown,3.12.3,2026-10-09T18:44:24Z
164,ML-KEM-1024,post-quantum,5,encapsulate,0.035,0.0,0.0,0.307,1568,3168,1568,0,0,0,0,0.0,0.5254,nan,edge/x86_64,unknown,3.12.3,2026-10-09T18:44:24Z
164,ML-KEM-1024,post-quantum,5,decapsulate,0.0364,0.0,0.0,0.307,1568,3168,1568,0,0,0,0,0.0,0.5454,nan,edge/x86_64,unknown,3.12.3,2026-10-09T18:44:24Z
165,ML-KEM-1024,post-quantum,5,keygen,0.0369,0.0,0.0,0.307,1568,3168,1568,0,0,0,0,0.0,0.5538,nan,edge/x86_64,unknown,3.12.3,2026-10-09T18:44:24Z
165,ML-KEM-1024,post-quantum,5,encapsulate,0.038,0.0,0.0,0.307,1568,3168,1568,0,0,0,0,0.0,0.5699,nan,edge/x86_64,unknown,3.12.3,2026-10-09T18:44:24Z
165,ML-KEM-1024,post-quantum,5,decapsulate,0.0368,0.0,0.0,0.307,1568,3168,1568,0,0,0,0,0.0,0.5525,nan,edge/x86_64,unknown,3.12.3,2026-10-09T18:44:24Z
166,ML-KEM-1024,post-quantum,5,keygen,0.035,0.0,0.0,0.307,1568,3168,1568,0,0,0,0,0.0,0.5243,nan,edge/x86_64,unknown,3.12.3,2026-10-09T18:44:24Z
166,ML-KEM-1024,post-quantum,5,encapsulate,0.0354,0.0,0.0,0.307,1568,3168,1568,0,0,0,0,0.0,0.5304,nan,edge/x86_64,unknown,3.12.3,2026-10-09T18:44:24Z
166,ML-KEM-1024,post-quantum,5,decapsulate,0.037,0.0,0.0,0.307,1568,3168,1568,0,0,0,0,0.0,0.5547,nan,edge/x86_64,unknown,3.12.3,2026-10-09T18:44:24Z
167,ML-KEM-1024,post-quantum,5,keygen,0.0657,0.0,0.0,0.307,1568,3168,1568,0,0,0,0,0.0,0.985,nan,edge/x86_64,unknown,3.12.3,2026-10-09T18:44:24Z
167,ML-KEM-1024,post-quantum,5,encapsulate,0.0396,0.0,0.0,0.307,1568,3168,1568,0,0,0,0,0.0,0.5945,nan,edge/x86_64,unknown,3.12.3,2026-10-09T18:44:24Z
167,ML-KEM-1024,post-quantum,5,decapsulate,0.0369,0.0,0.0,0.307,1568,3168,1568,0,0,0,0,0.0,0.5528,nan,edge/x86_64,unknown,3.12.3,2026-10-09T18:44:24Z
168,ML-KEM-1024,post-quantum,5,keygen,0.0354,0.0,0.0,0.307,1568,3168,1568,0,0,0,0,0.0,0.5304,nan,edge/x86_64,unknown,3.12.3,2026-10-09T18:44:24Z
168,ML-KEM-1024,post-quantum,5,encapsulate,0.0356,0.0,0.0,0.307,1568,3168,1568,0,0,0,0,0.0,0.5336,nan,edge/x86_64,unknown,3.12.3,2026-10-09T18:44:24Z
168,ML-KEM-1024,post-quantum,5,decapsulate,0.0364,0.0,0.0,0.307,1568,3168,1568,0,0,0,0,0.0,0.5456,nan,edge/x86_64,unknown,3.12.3,2026-10-09T18:44:24Z
169,ML-KEM-1024,post-quantum,5,keygen,0.0352,0.0,0.0,0.307,1568,3168,1568,0,0,0,0,0.0,0.5286,nan,edge/x86_64,unknown,3.12.3,2026-10-09T18:44:24Z
169,ML-KEM-1024,post-quantum,5,encapsulate,0.0378,0.0,0.0,0.307,1568,3168,1568,0,0,0,0,0.0,0.5677,nan,edge/x86_64,unknown,3.12.3,2026-10-09T18:44:24Z
169,ML-KEM-1024,post-quantum,5,decapsulate,0.0561,0.0,0.0,0.307,1568,3168,1568,0,0,0,0,0.0,0.842,nan,edge/x86_64,unknown,3.12.3,2026-10-09T18:44:24Z
170,ML-KEM-1024,post-quantum,5,keygen,0.0395,0.0,0.0,0.307,1568,3168,1568,0,0,0,0,0.0,0.5932,nan,edge/x86_64,unknown,3.12.3,2026-10-09T18:44:24Z
170,ML-KEM-1024,post-quantum,5,encapsulate,0.0365,0.0,0.0,0.307,1568,3168,1568,0,0,0,0,0.0,0.5471,nan,edge/x86_64,unknown,3.12.3,2026-10-09T18:44:24Z
170,ML-KEM-1024,post-quantum,5,decapsulate,0.0364,0.0,0.0,0.307,1568,3168,1568,0,0,0,0,0.0,0.5456,nan,edge/x86_64,unknown,3.12.3,2026-10-09T18:44:24Z
171,ML-KEM-1024,post-quantum,5,keygen,0.0347,0.0,0.0,0.307,1568,3168,1568,0,0,0,0,0.0,0.5206,nan,edge/x86_64,unknown,3.12.3,2026-10-09T18:44:24Z
171,ML-KEM-1024,post-quantum,5,encapsulate,0.0366,0.0,0.0,0.307,1568,3168,1568,0,0,0,0,0.0,0.5495,nan,edge/x86_64,unknown,3.12.3,2026-10-09T18:44:24Z
171,ML-KEM-1024,post-quantum,5,decapsulate,0.0364,0.0,0.0,0.307,1568,3168,1568,0,0,0,0,0.0,0.5454,nan,edge/x86_64,unknown,3.12.3,2026-10-09T18:44:24Z
172,ML-KEM-1024,post-quantum,5,keygen,0.0353,0.0,0.0,0.307,1568,3168,1568,0,0,0,0,0.0,0.5288,nan,edge/x86_64,unknown,3.12.3,2026-10-09T18:44:24Z
172,ML-KEM-1024,post-quantum,5,encapsulate,0.0351,0.0,0.0,0.307,1568,3168,1568,0,0,0,0,0.0,0.5269,nan,edge/x86_64,unknown,3.12.3,2026-10-09T18:44:24Z
172,ML-KEM-1024,post-quantum,5,decapsulate,0.0441,0.0,0.0,0.307,1568,3168,1568,0,0,0,0,0.0,0.6612,nan,edge/x86_64,unknown,3.12.3,2026-10-09T18:44:24Z
173,ML-KEM-1024,post-quantum,5,keygen,0.0355,0.0,0.0,0.307,1568,3168,1568,0,0,0,0,0.0,0.5324,nan,edge/x86_64,unknown,3.12.3,2026-10-09T18:44:24Z
173,ML-KEM-1024,post-quantum,5,encapsulate,0.0355,0.0,0.0,0.307,1568,3168,1568,0,0,0,0,0.0,0.5323,nan,edge/x86_64,unknown,3.12.3,2026-10-09T18:44:24Z
173,ML-KEM-1024,post-quantum,5,decapsulate,0.0618,0.0,0.0,0.307,1568,3168,1568,0,0,0,0,0.0,0.9275,nan,edge/x86_64,unknown,3.12.3,2026-10-09T18:44:24Z
174,ML-KEM-1024,post-quantum,5,keygen,0.0379,0.0,0.0,0.307,1568,3168,1568,0,0,0,0,0.0,0.5687,nan,edge/x86_64,unknown,3.12.3,2026-10-09T18:44:24Z
174,ML-KEM-1024,post-quantum,5,encapsulate,0.0361,0.0,0.0,0.307,1568,3168,1568,0,0,0,0,0.0,0.5417,nan,edge/x86_64,unknown,3.12.3,2026-10-09T18:44:24Z
174,ML-KEM-1024,post-quantum,5,decapsulate,0.037,0.0,0.0,0.307,1568,3168,1568,0,0,0,0,0.0,0.5544,nan,edge/x86_64,unknown,3.12.3,2026-10-09T18:44:24Z
175,ML-KEM-1024,post-quantum,5,keygen,0.0349,0.0,0.0,0.307,1568,3168,1568,0,0,0,0,0.0,0.5235,nan,edge/x86_64,unknown,3.12.3,2026-10-09T18:44:24Z
175,ML-KEM-1024,post-quantum,5,encapsulate,0.0351,0.0,0.0,0.307,1568,3168,1568,0,0,0,0,0.0,0.526,nan,edge/x86_64,unknown,3.12.3,2026-10-09T18:44:24Z
175,ML-KEM-1024,post-quantum,5,decapsulate,0.0362,0.0,0.0,0.307,1568,3168,1568,0,0,0,0,0.0,0.543,nan,edge/x86_64,unknown,3.12.3,2026-10-09T18:44:24Z
176,ML-KEM-1024,post-quantum,5,keygen,0.0582,0.0,0.0,0.307,1568,3168,1568,0,0,0,0,0.0,0.8734,nan,edge/x86_64,unknown,3.12.3,2026-10-09T18:44:24Z
176,ML-KEM-1024,post-quantum,5,encapsulate,0.037,0.0,0.0,0.307,1568,3168,1568,0,0,0,0,0.0,0.5554,nan,edge/x86_64,unknown,3.12.3,2026-10-09T18:44:24Z
176,ML-KEM-1024,post-quantum,5,decapsulate,0.0365,0.0,0.0,0.307,1568,3168,1568,0,0,0,0,0.0,0.548,nan,edge/x86_64,unknown,3.12.3,2026-10-09T18:44:24Z
177,ML-KEM-1024,post-quantum,5,keygen,0.0347,0.0,0.0,0.307,1568,3168,1568,0,0,0,0,0.0,0.521,nan,edge/x86_64,unknown,3.12.3,2026-10-09T18:44:24Z
177,ML-KEM-1024,post-quantum,5,encapsulate,0.0371,0.0,0.0,0.307,1568,3168,1568,0,0,0,0,0.0,0.5569,nan,edge/x86_64,unknown,3.12.3,2026-10-09T18:44:24Z
177,ML-KEM-1024,post-quantum,5,decapsulate,0.0361,0.0,0.0,0.307,1568,3168,1568,0,0,0,0,0.0,0.5417,nan,edge/x86_64,unknown,3.12.3,2026-10-09T18:44:24Z
178,ML-KEM-1024,post-quantum,5,keygen,0.0364,0.0,0.0,0.307,1568,3168,1568,0,0,0,0,0.0,0.5458,nan,edge/x86_64,unknown,3.12.3,2026-10-09T18:44:24Z
178,ML-KEM-1024,post-quantum,5,encapsulate,0.0541,0.0,0.0,0.307,1568,3168,1568,0,0,0,0,0.0,0.8121,nan,edge/x86_64,unknown,3.12.3,2026-10-09T18:44:24Z
178,ML-KEM-1024,post-quantum,5,decapsulate,0.0463,0.0,0.0,0.307,1568,3168,1568,0,0,0,0,0.0,0.6939,nan,edge/x86_64,unknown,3.12.3,2026-10-09T18:44:24Z
179,ML-KEM-1024,post-quantum,5,keygen,0.0364,0.0,0.0,0.307,1568,3168,1568,0,0,0,0,0.0,0.5467,nan,edge/x86_64,unknown,3.12.3,2026-10-09T18:44:24Z
179,ML-KEM-1024,post-quantum,5,encapsulate,0.0361,0.0,0.0,0.307,1568,3168,1568,0,0,0,0,0.0,0.5408,nan,edge/x86_64,unknown,3.12.3,2026-10-09T18:44:24Z
179,ML-KEM-1024,post-quantum,5,decapsulate,0.0366,0.0,0.0,0.307,1568,3168,1568,0,0,0,0,0.0,0.5487,nan,edge/x86_64,unknown,3.12.3,2026-10-09T18:44:24Z
180,ML-KEM-1024,post-quantum,5,keygen,0.0357,0.0,0.0,0.307,1568,3168,1568,0,0,0,0,0.0,0.5361,nan,edge/x86_64,unknown,3.12.3,2026-10-09T18:44:24Z
180,ML-KEM-1024,post-quantum,5,encapsulate,0.0357,0.0,0.0,0.307,1568,3168,1568,0,0,0,0,0.0,0.5354,nan,edge/x86_64,unknown,3.12.3,2026-10-09T18:44:24Z
180,ML-KEM-1024,post-quantum,5,decapsulate,0.0362,0.0,0.0,0.307,1568,3168,1568,0,0,0,0,0.0,0.5436,nan,edge/x86_64,unknown,3.12.3,2026-10-09T18:44:24Z
181,ML-KEM-1024,post-quantum,5,keygen,0.0345,0.0,0.0,0.307,1568,3168,1568,0,0,0,0,0.0,0.5176,nan,edge/x86_64,unknown,3.12.3,2026-10-09T18:44:24Z
181,ML-KEM-1024,post-quantum,5,encapsulate,0.035,0.0,0.0,0.307,1568,3168,1568,0,0,0,0,0.0,0.5256,nan,edge/x86_64,unknown,3.12.3,2026-10-09T18:44:24Z
181,ML-KEM-1024,post-quantum,5,decapsulate,0.0359,0.0,0.0,0.307,1568,3168,1568,0,0,0,0,0.0,0.5379,nan,edge/x86_64,unknown,3.12.3,2026-10-09T18:44:24Z
182,ML-KEM-1024,post-quantum,5,keygen,0.0356,0.0,0.0,0.307,1568,3168,1568,0,0,0,0,0.0,0.5344,nan,edge/x86_64,unknown,3.12.3,2026-10-09T18:44:24Z
182,ML-KEM-1024,post-quantum,5,encapsulate,0.0508,0.0,0.0,0.307,1568,3168,1568,0,0,0,0,0.0,0.7613,nan,edge/x86_64,unknown,3.12.3,2026-10-09T18:44:24Z
182,ML-KEM-1024,post-quantum,5,decapsulate,0.037,0.0,0.0,0.307,1568,3168,1568,0,0,0,0,0.0,0.5554,nan,edge/x86_64,unknown,3.12.3,2026-10-09T18:44:24Z
183,ML-KEM-1024,post-quantum,5,keygen,0.0352,0.0,0.0,0.307,1568,3168,1568,0,0,0,0,0.0,0.5287,nan,edge/x86_64,unknown,3.12.3,2026-10-09T18:44:24Z
183,ML-KEM-1024,post-quantum,5,encapsulate,0.0366,0.0,0.0,0.307,1568,3168,1568,0,0,0,0,0.0,0.549,nan,edge/x86_64,unknown,3.12.3,2026-10-09T18:44:24Z
183,ML-KEM-1024,post-quantum,5,decapsulate,0.0365,0.0,0.0,0.307,1568,3168,1568,0,0,0,0,0.0,0.5475,nan,edge/x86_64,unknown,3.12.3,2026-10-09T18:44:24Z
184,ML-KEM-1024,post-quantum,5,keygen,0.0349,0.0,0.0,0.307,1568,3168,1568,0,0,0,0,0.0,0.5236,nan,edge/x86_64,unknown,3.12.3,2026-10-09T18:44:24Z
184,ML-KEM-1024,post-quantum,5,encapsulate,0.035,0.0,0.0,0.307,1568,3168,1568,0,0,0,0,0.0,0.5246,nan,edge/x86_64,unknown,3.12.3,2026-10-09T18:44:24Z
184,ML-KEM-1024,post-quantum,5,decapsulate,0.0748,0.0,0.0,0.307,1568,3168,1568,0,0,0,0,0.0,1.1222,nan,edge/x86_64,unknown,3.12.3,2026-10-09T18:44:24Z
185,ML-KEM-1024,post-quantum,5,keygen,0.0404,0.0,0.0,0.307,1568,3168,1568,0,0,0,0,0.0,0.6063,nan,edge/x86_64,unknown,3.12.3,2026-10-09T18:44:24Z
185,ML-KEM-1024,post-quantum,5,encapsulate,0.0363,0.0,0.0,0.307,1568,3168,1568,0,0,0,0,0.0,0.5438,nan,edge/x86_64,unknown,3.12.3,2026-10-09T18:44:24Z
185,ML-KEM-1024,post-quantum,5,decapsulate,0.0375,0.0,0.0,0.307,1568,3168,1568,0,0,0,0,0.0,0.5629,nan,edge/x86_64,unknown,3.12.3,2026-10-09T18:44:24Z
186,ML-KEM-1024,post-quantum,5,keygen,0.0357,0.0,0.0,0.307,1568,3168,1568,0,0,0,0,0.0,0.536,nan,edge/x86_64,unknown,3.12.3,2026-10-09T18:44:24Z
186,ML-KEM-1024,post-quantum,5,encapsulate,0.0357,0.0,0.0,0.307,1568,3168,1568,0,0,0,0,0.0,0.5362,nan,edge/x86_64,unknown,3.12.3,2026-10-09T18:44:24Z
186,ML-KEM-1024,post-quantum,5,decapsulate,0.0534,0.0,0.0,0.307,1568,3168,1568,0,0,0,0,0.0,0.8009,nan,edge/x86_64,unknown,3.12.3,2026-10-09T18:44:24Z
187,ML-KEM-1024,post-quantum,5,keygen,0.0361,0.0,0.0,0.307,1568,3168,1568,0,0,0,0,0.0,0.5415,nan,edge/x86_64,unknown,3.12.3,2026-10-09T18:44:24Z
187,ML-KEM-1024,post-quantum,5,encapsulate,0.0413,0.0,0.0,0.307,1568,3168,1568,0,0,0,0,0.0,0.6188,nan,edge/x86_64,unknown,3.12.3,2026-10-09T18:44:24Z
187,ML-KEM-1024,post-quantum,5,decapsulate,0.0368,0.0,0.0,0.307,1568,3168,1568,0,0,0,0,0.0,0.5523,nan,edge/x86_64,unknown,3.12.3,2026-10-09T18:44:24Z
188,ML-KEM-1024,post-quantum,5,keygen,0.0352,0.0,0.0,0.307,1568,3168,1568,0,0,0,0,0.0,0.5287,nan,edge/x86_64,unknown,3.12.3,2026-10-09T18:44:24Z
188,ML-KEM-1024,post-quantum,5,encapsulate,0.0355,0.0,0.0,0.307,1568,3168,1568,0,0,0,0,0.0,0.5321,nan,edge/x86_64,unknown,3.12.3,2026-10-09T18:44:24Z
188,ML-KEM-1024,post-quantum,5,decapsulate,0.0362,0.0,0.0,0.307,1568,3168,1568,0,0,0,0,0.0,0.5424,nan,edge/x86_64,unknown,3.12.3,2026-10-09T18:44:24Z
189,ML-KEM-1024,post-quantum,5,keygen,0.0348,0.0,0.0,0.307,1568,3168,1568,0,0,0,0,0.0,0.5222,nan,edge/x86_64,unknown,3.12.3,2026-10-09T18:44:24Z
189,ML-KEM-1024,post-quantum,5,encapsulate,0.0365,0.0,0.0,0.307,1568,3168,1568,0,0,0,0,0.0,0.5476,nan,edge/x86_64,unknown,3.12.3,2026-10-09T18:44:24Z
189,ML-KEM-1024,post-quantum,5,decapsulate,0.0357,0.0,0.0,0.307,1568,3168,1568,0,0,0,0,0.0,0.535,nan,edge/x86_64,unknown,3.12.3,2026-10-09T18:44:24Z
190,ML-KEM-1024,post-quantum,5,keygen,0.0344,0.0,0.0,0.307,1568,3168,1568,0,0,0,0,0.0,0.5167,nan,edge/x86_64,unknown,3.12.3,2026-10-09T18:44:24Z
190,ML-KEM-1024,post-quantum,5,encapsulate,0.0351,0.0,0.0,0.307,1568,3168,1568,0,0,0,0,0.0,0.5264,nan,edge/x86_64,unknown,3.12.3,2026-10-09T18:44:24Z
190,ML-KEM-1024,post-quantum,5,decapsulate,0.0359,0.0,0.0,0.307,1568,3168,1568,0,0,0,0,0.0,0.539,nan,edge/x86_64,unknown,3.12.3,2026-10-09T18:44:24Z
191,ML-KEM-1024,post-quantum,5,keygen,0.0991,0.0,0.0,0.307,1568,3168,1568,0,0,0,0,0.0,1.4871,nan,edge/x86_64,unknown,3.12.3,2026-10-09T18:44:24Z
191,ML-KEM-1024,post-quantum,5,encapsulate,0.0625,0.0,0.0,0.307,1568,3168,1568,0,0,0,0,0.0,0.937,nan,edge/x86_64,unknown,3.12.3,2026-10-09T18:44:24Z
191,ML-KEM-1024,post-quantum,5,decapsulate,0.0718,0.0,0.0,0.307,1568,3168,1568,0,0,0,0,0.0,1.0764,nan,edge/x86_64,unknown,3.12.3,2026-10-09T18:44:24Z
192,ML-KEM-1024,post-quantum,5,keygen,0.0404,0.0,0.0,0.307,1568,3168,1568,0,0,0,0,0.0,0.606,nan,edge/x86_64,unknown,3.12.3,2026-10-09T18:44:24Z
192,ML-KEM-1024,post-quantum,5,encapsulate,0.0646,0.0,0.0,0.307,1568,3168,1568,0,0,0,0,0.0,0.9692,nan,edge/x86_64,unknown,3.12.3,2026-10-09T18:44:24Z
192,ML-KEM-1024,post-quantum,5,decapsulate,0.0379,0.0,0.0,0.307,1568,3168,1568,0,0,0,0,0.0,0.5689,nan,edge/x86_64,unknown,3.12.3,2026-10-09T18:44:24Z
193,ML-KEM-1024,post-quantum,5,keygen,0.0358,0.0,0.0,0.307,1568,3168,1568,0,0,0,0,0.0,0.5372,nan,edge/x86_64,unknown,3.12.3,2026-10-09T18:44:24Z
193,ML-KEM-1024,post-quantum,5,encapsulate,0.0526,0.0,0.0,0.307,1568,3168,1568,0,0,0,0,0.0,0.7887,nan,edge/x86_64,unknown,3.12.3,2026-10-09T18:44:24Z
193,ML-KEM-1024,post-quantum,5,decapsulate,0.0374,0.0,0.0,0.307,1568,3168,1568,0,0,0,0,0.0,0.5607,nan,edge/x86_64,unknown,3.12.3,2026-10-09T18:44:24Z
194,ML-KEM-1024,post-quantum,5,keygen,0.0353,0.0,0.0,0.307,1568,3168,1568,0,0,0,0,0.0,0.5297,nan,edge/x86_64,unknown,3.12.3,2026-10-09T18:44:24Z
194,ML-KEM-1024,post-quantum,5,encapsulate,0.0353,0.0,0.0,0.307,1568,3168,1568,0,0,0,0,0.0,0.5302,nan,edge/x86_64,unknown,3.12.3,2026-10-09T18:44:24Z
194,ML-KEM-1024,post-quantum,5,decapsulate,0.0367,0.0,0.0,0.307,1568,3168,1568,0,0,0,0,0.0,0.5509,nan,edge/x86_64,unknown,3.12.3,2026-10-09T18:44:24Z
195,ML-KEM-1024,post-quantum,5,keygen,0.035,0.0,0.0,0.307,1568,3168,1568,0,0,0,0,0.0,0.5257,nan,edge/x86_64,unknown,3.12.3,2026-10-09T18:44:24Z
195,ML-KEM-1024,post-quantum,5,encapsulate,0.0379,0.0,0.0,0.307,1568,3168,1568,0,0,0,0,0.0,0.5682,nan,edge/x86_64,unknown,3.12.3,2026-10-09T18:44:24Z
195,ML-KEM-1024,post-quantum,5,decapsulate,0.0368,0.0,0.0,0.307,1568,3168,1568,0,0,0,0,0.0,0.5527,nan,edge/x86_64,unknown,3.12.3,2026-10-09T18:44:24Z
196,ML-KEM-1024,post-quantum,5,keygen,0.0348,0.0,0.0,0.307,1568,3168,1568,0,0,0,0,0.0,0.5222,nan,edge/x86_64,unknown,3.12.3,2026-10-09T18:44:24Z
196,ML-KEM-1024,post-quantum,5,encapsulate,0.0572,0.0,0.0,0.307,1568,3168,1568,0,0,0,0,0.0,0.8574,nan,edge/x86_64,unknown,3.12.3,2026-10-09T18:44:24Z
196,ML-KEM-1024,post-quantum,5,decapsulate,0.0708,0.0,0.0,0.307,1568,3168,1568,0,0,0,0,0.0,1.0627,nan,edge/x86_64,unknown,3.12.3,2026-10-09T18:44:24Z
197,ML-KEM-1024,post-quantum,5,keygen,0.0526,0.0,0.0,0.307,1568,3168,1568,0,0,0,0,0.0,0.7892,nan,edge/x86_64,unknown,3.12.3,2026-10-09T18:44:24Z
197,ML-KEM-1024,post-quantum,5,encapsulate,0.0385,0.0,0.0,0.307,1568,3168,1568,0,0,0,0,0.0,0.5778,nan,edge/x86_64,unknown,3.12.3,2026-10-09T18:44:24Z
197,ML-KEM-1024,post-quantum,5,decapsulate,0.0376,0.0,0.0,0.307,1568,3168,1568,0,0,0,0,0.0,0.5635,nan,edge/x86_64,unknown,3.12.3,2026-10-09T18:44:24Z
198,ML-KEM-1024,post-quantum,5,keygen,0.0347,0.0,0.0,0.307,1568,3168,1568,0,0,0,0,0.0,0.5203,nan,edge/x86_64,unknown,3.12.3,2026-10-09T18:44:24Z
198,ML-KEM-1024,post-quantum,5,encapsulate,0.0353,0.0,0.0,0.307,1568,3168,1568,0,0,0,0,0.0,0.53,nan,edge/x86_64,unknown,3.12.3,2026-10-09T18:44:24Z
198,ML-KEM-1024,post-quantum,5,decapsulate,0.0373,0.0,0.0,0.307,1568,3168,1568,0,0,0,0,0.0,0.5591,nan,edge/x86_64,unknown,3.12.3,2026-10-09T18:44:24Z
199,ML-KEM-1024,post-quantum,5,keygen,0.0362,0.0,0.0,0.307,1568,3168,1568,0,0,0,0,0.0,0.5424,nan,edge/x86_64,unknown,3.12.3,2026-10-09T18:44:24Z
199,ML-KEM-1024,post-quantum,5,encapsulate,0.035,0.0,0.0,0.307,1568,3168,1568,0,0,0,0,0.0,0.5257,nan,edge/x86_64,unknown,3.12.3,2026-10-09T18:44:24Z
199,ML-KEM-1024,post-quantum,5,decapsulate,0.0476,0.0,0.0,0.307,1568,3168,1568,0,0,0,0,0.0,0.714,nan,edge/x86_64,unknown,3.12.3,2026-10-09T18:44:24Z
0,ML-DSA-44,post-quantum,2,keygen,0.0736,0.0,0.0,0.315,1312,2560,0,2420,0,0,0,0.0,1.1039,nan,edge/x86_64,unknown,3.12.3,2026-10-09T18:44:24Z
0,ML-DSA-44,post-quantum,2,sign,0.0822,0.0,0.0,0.315,1312,2560,0,2420,512,0,0,0.0,1.2333,nan,edge/x86_64,unknown,3.12.3,2026-10-09T18:44:24Z
0,ML-DSA-44,post-quantum,2,verify,0.121,0.0,0.0,0.315,1312,2560,0,2420,512,0,0,0.0,1.8148,nan,edge/x86_64,unknown,3.12.3,2026-10-09T18:44:24Z
1,ML-DSA-44,post-quantum,2,keygen,0.0622,0.0,0.0,0.315,1312,2560,0,2420,0,0,0,0.0,0.9336,nan,edge/x86_64,unknown,3.12.3,2026-10-09T18:44:24Z
1,ML-DSA-44,post-quantum,2,sign,0.0978,0.0,0.0,0.315,1312,2560,0,2420,512,0,0,0.0,1.4677,nan,edge/x86_64,unknown,3.12.3,2026-10-09T18:44:24Z
1,ML-DSA-44,post-quantum,2,verify,0.0378,0.0,0.0,0.315,1312,2560,0,2420,512,0,0,0.0,0.5667,nan,edge/x86_64,unknown,3.12.3,2026-10-09T18:44:24Z
2,ML-DSA-44,post-quantum,2,keygen,0.039,0.0,0.0,0.315,1312,2560,0,2420,0,0,0,0.0,0.585,nan,edge/x86_64,unknown,3.12.3,2026-10-09T18:44:24Z
2,ML-DSA-44,post-quantum,2,sign,0.0767,0.0,0.0,0.315,1312,2560,0,2420,512,0,0,0.0,1.1508,nan,edge/x86_64,unknown,3.12.3,2026-10-09T18:44:24Z
2,ML-DSA-44,post-quantum,2,verify,0.0341,0.0,0.0,0.315,1312,2560,0,2420,512,0,0,0.0,0.5122,nan,edge/x86_64,unknown,3.12.3,2026-10-09T18:44:24Z
3,ML-DSA-44,post-quantum,2,keygen,0.0379,0.0,0.0,0.315,1312,2560,0,2420,0,0,0,0.0,0.5686,nan,edge/x86_64,unknown,3.12.3,2026-10-09T18:44:24Z
3,ML-DSA-44,post-quantum,2,sign,0.1063,0.0,0.0,0.315,1312,2560,0,2420,512,0,0,0.0,1.5947,nan,edge/x86_64,unknown,3.12.3,2026-10-09T18:44:24Z
3,ML-DSA-44,post-quantum,2,verify,0.0391,0.0,0.0,0.315,1312,2560,0,2420,512,0,0,0.0,0.5864,nan,edge/x86_64,unknown,3.12.3,2026-10-09T18:44:24Z
4,ML-DSA-44,post-quantum,2,keygen,0.0426,0.0,0.0,0.315,1312,2560,0,2420,0,0,0,0.0,0.639,nan,edge/x86_64,unknown,3.12.3,2026-10-09T18:44:24Z
4,ML-DSA-44,post-quantum,2,sign,0.0684,0.0,0.0,0.315,1312,2560,0,2420,512,0,0,0.0,1.0255,nan,edge/x86_64,unknown,3.12.3,2026-10-09T18:44:24Z
4,ML-DSA-44,post-quantum,2,verify,0.0356,0.0,0.0,0.315,1312,2560,0,2420,512,0,0,0.0,0.5336,nan,edge/x86_64,unknown,3.12.3,2026-10-09T18:44:24Z
5,ML-DSA-44,post-quantum,2,keygen,0.0373,0.0,0.0,0.315,1312,2560,0,2420,0,0,0,0.0,0.5595,nan,edge/x86_64,unknown,3.12.3,2026-10-09T18:44:24Z
5,ML-DSA-44,post-quantum,2,sign,0.0927,0.0,0.0,0.315,1312,2560,0,2420,512,0,0,0.0,1.39,nan,edge/x86_64,unknown,3.12.3,2026-10-09T18:44:24Z
5,ML-DSA-44,post-quantum,2,verify,0.0354,0.0,0.0,0.315,1312,2560,0,2420,512,0,0,0.0,0.5316,nan,edge/x86_64,unknown,3.12.3,2026-10-09T18:44:24Z
6,ML-DSA-44,post-quantum,2,keygen,0.0374,0.0,0.0,0.315,1312,2560,0,2420,0,0,0,0.0,0.5611,nan,edge/x86_64,unknown,3.12.3,2026-10-09T18:44:24Z
6,ML-DSA-44,post-quantum,2,sign,0.1351,0.0,0.0,0.315,1312,2560,0,2420,512,0,0,0.0,2.0259,nan,edge/x86_64,unknown,3.12.3,2026-10-09T18:44:24Z
6,ML-DSA-44,post-quantum,2,verify,0.034,0.0,0.0,0.315,1312,2560,0,2420,512,0,0,0.0,0.5096,nan,edge/x86_64,unknown,3.12.3,2026-10-09T18:44:24Z
7,ML-DSA-44,post-quantum,2,keygen,0.0366,0.0,0.0,0.315,1312,2560,0,2420,0,0,0,0.0,0.5484,nan,edge/x86_64,unknown,3.12.3,2026-10-09T18:44:24Z
7,ML-DSA-44,post-quantum,2,sign,0.0548,0.0,0.0,0.315,1312,2560,0,2420,512,0,0,0.0,0.8217,nan,edge/x86_64,unknown,3.12.3,2026-10-09T18:44:24Z
7,ML-DSA-44,post-quantum,2,verify,0.0344,0.0,0.0,0.315,1312,2560,0,2420,512,0,0,0.0,0.5162,nan,edge/x86_64,unknown,3.12.3,2026-10-09T18:44:24Z
8,ML-DSA-44,post-quantum,2,keygen,0.0364,0.0,0.0,0.315,1312,2560,0,2420,0,0,0,0.0,0.5454,nan,edge/x86_64,unknown,3.12.3,2026-10-09T18:44:24Z
8,ML-DSA-44,post-quantum,2,sign,0.0627,0.0,0.0,0.315,1312,2560,0,2420,512,0,0,0.0,0.9406,nan,edge/x86_64,unknown,3.12.3,2026-10-09T18:44:24Z
8,ML-DSA-44,post-quantum,2,verify,0.0341,0.0,0.0,0.315,1312,2560,0,2420,512,0,0,0.0,0.5121,nan,edge/x86_64,unknown,3.12.3,2026-10-09T18:44:24Z
9,ML-DSA-44,post-quantum,2,keygen,0.0362,0.0,0.0,0.315,1312,2560,0,2420,0,0,0,0.0,0.543,nan,edge/x86_64,unknown,3.12.3,2026-10-09T18:44:24Z
9,ML-DSA-44,post-quantum,2,sign,0.0462,0.0,0.0,0.315,1312,2560,0,2420,512,0,0,0.0,0.6935,nan,edge/x86_64,unknown,3.12.3,2026-10-09T18:44:24Z
9,ML-DSA-44,post-quantum,2,verify,0.0337,0.0,0.0,0.315,1312,2560,0,2420,512,0,0,0.0,0.5061,nan,edge/x86_64,unknown,3.12.3,2026-10-09T18:44:24Z
10,ML-DSA-44,post-quantum,2,keygen,0.0363,0.0,0.0,0.315,1312,2560,0,2420,0,0,0,0.0,0.5445,nan,edge/x86_64,unknown,3.12.3,2026-10-09T18:44:24Z
10,ML-DSA-44,post-quantum,2,sign,0.0664,0.0,0.0,0.315,1312,2560,0,2420,512,0,0,0.0,0.9956,nan,edge/x86_64,unknown,3.12.3,2026-10-09T18:44:24Z
10,ML-DSA-44,post-quantum,2,verify,0.0336,0.0,0.0,0.315,1312,2560,0,2420,512,0,0,0.0,0.5043,nan,edge/x86_64,unknown,3.12.3,2026-10-09T18:44:24Z
11,ML-DSA-44,post-quantum,2,keygen,0.0374,0.0,0.0,0.315,1312,2560,0,2420,0,0,0,0.0,0.5604,nan,edge/x86_64,unknown,3.12.3,2026-10-09T18:44:24Z
11,ML-DSA-44,post-quantum,2,sign,0.2072,0.0,0.0,0.315,1312,2560,0,2420,512,0,0,0.0,3.1078,nan,edge/x86_64,unknown,3.12.3,2026-10-09T18:44:24Z
11,ML-DSA-44,post-quantum,2,verify,0.0609,0.0,0.0,0.315,1312,2560,0,2420,512,0,0,0.0,0.9131,nan,edge/x86_64,unknown,3.12.3,2026-10-09T18:44:24Z
12,ML-DSA-44,post-quantum,2,keygen,0.0503,0.0,0.0,0.315,1312,2560,0,2420,0,0,0,0.0,0.7545,nan,edge/x86_64,unknown,3.12.3,2026-10-09T18:44:24Z
12,ML-DSA-44,post-quantum,2,sign,0.0609,0.0,0.0,0.315,1312,2560,0,2420,512,0,0,0.0,0.9137,nan,edge/x86_64,unknown,3.12.3,2026-10-09T18:44:24Z
12,ML-DSA-44,post-quantum,2,verify,0.0351,0.0,0.0,0.315,1312,2560,0,2420,512,0,0,0.0,0.5267,nan,edge/x86_64,unknown,3.12.3,2026-10-09T18:44:24Z
13,ML-DSA-44,post-quantum,2,keygen,0.037,0.0,0.0,0.315,1312,2560,0,2420,0,0,0,0.0,0.5555,nan,edge/x86_64,unknown,3.12.3,2026-10-09T18:44:24Z
13,ML-DSA-44,post-quantum,2,sign,0.0773,0.0,0.0,0.315,1312,2560,0,2420,512,0,0,0.0,1.1597,nan,edge/x86_64,unknown,3.12.3,2026-10-09T18:44:24Z
13,ML-DSA-44,post-quantum,2,verify,0.0453,0.0,0.0,0.315,1312,2560,0,2420,512,0,0,0.0,0.6797,nan,edge/x86_64,unknown,3.12.3,2026-10-09T18:44:24Z
14,ML-DSA-44,post-quantum,2,keygen,0.0386,0.0,0.0,0.315,1312,2560,0,2420,0,0,0,0.0,0.5796,nan,edge/x86_64,unknown,3.12.3,2026-10-09T18:44:24Z
14,ML-DSA-44,post-quantum,2,sign,0.088,0.0,0.0,0.315,1312,2560,0,2420,512,0,0,0.0,1.3201,nan,edge/x86_64,unknown,3.12.3,2026-10-09T18:44:24Z
14,ML-DSA-44,post-quantum,2,verify,0.0387,0.0,0.0,0.315,1312,2560,0,2420,512,0,0,0.0,0.5805,nan,edge/x86_64,unknown,3.12.3,2026-10-09T18:44:24Z
15,ML-DSA-44,post-quantum,2,keygen,0.0409,0.0,0.0,0.315,1312,2560,0,2420,0,0,0,0.0,0.6133,nan,edge/x86_64,unknown,3.12.3,2026-10-09T18:44:24Z
15,ML-DSA-44,post-quantum,2,sign,0.0729,0.0,0.0,0.315,1312,2560,0,2420,512,0,0,0.0,1.0942,nan,edge/x86_64,unknown,3.12.3,2026-10-09T18:44:24Z
15,ML-DSA-44,post-quantum,2,verify,0.0341,0.0,0.0,0.315,1312,2560,0,2420,512,0,0,0.0,0.5112,nan,edge/x86_64,unknown,3.12.3,2026-10-09T18:44:24Z
16,ML-DSA-44,post-quantum,2,keygen,0.0361,0.0,0.0,0.315,1312,2560,0,2420,0,0,0,0.0,0.5421,nan,edge/x86_64,unknown,3.12.3,2026-10-09T18:44:24Z
16,ML-DSA-44,post-quantum,2,sign,0.1121,0.0,0.0,0.315,1312,2560,0,2420,512,0,0,0.0,1.6815,nan,edge/x86_64,unknown,3.12.3,2026-10-09T18:44:24Z
16,ML-DSA-44,post-quantum,2,verify,0.0349,0.0,0.0,0.315,1312,2560,0,2420,512,0,0,0.0,0.5232,nan,edge/x86_64,unknown,3.12.3,2026-10-09T18:44:24Z
17,ML-DSA-44,post-quantum,2,keygen,0.0368,0.0,0.0,0.315,1312,2560,0,2420,0,0,0,0.0,0.5516,nan,edge/x86_64,unknown,3.12.3,2026-10-09T18:44:24Z
17,ML-DSA-44,post-quantum,2,sign,0.0567,0.0,0.0,0.315,1312,2560,0,2420,512,0,0,0.0,0.8508,nan,edge/x86_64,unknown,3.12.3,2026-10-09T18:44:24Z
17,ML-DSA-44,post-quantum,2,verify,0.0339,0.0,0.0,0.315,1312,2560,0,2420,512,0,0,0.0,0.508,nan,edge/x86_64,unknown,3.12.3,2026-10-09T18:44:24Z
18,ML-DSA-44,post-quantum,2,keygen,0.0452,0.0,0.0,0.315,1312,2560,0,2420,0,0,0,0.0,0.6787,nan,edge/x86_64,unknown,3.12.3,2026-10-09T18:44:24Z
18,ML-DSA-44,post-quantum,2,sign,0.1007,0.0,0.0,0.315,1312,2560,0,2420,512,0,0,0.0,1.5111,nan,edge/x86_64,unknown,3.12.3,2026-10-09T18:44:24Z
18,ML-DSA-44,post-quantum,2,verify,0.0335,0.0,0.0,0.315,1312,2560,0,2420,512,0,0,0.0,0.502,nan,edge/x86_64,unknown,3.12.3,2026-10-09T18:44:24Z
19,ML-DSA-44,post-quantum,2,keygen,0.0359,0.0,0.0,0.315,1312,2560,0,2420,0,0,0,0.0,0.5386,nan,edge/x86_64,unknown,3.12.3,2026-10-09T18:44:24Z
19,ML-DSA-44,post-quantum,2,sign,0.0464,0.0,0.0,0.315,1312,2560,0,2420,512,0,0,0.0,0.6966,nan,edge/x86_64,unknown,3.12.3,2026-10-09T18:44:24Z
19,ML-DSA-44,post-quantum,2,verify,0.0377,0.0,0.0,0.315,1312,2560,0,2420,512,0,0,0.0,0.565,nan,edge/x86_64,unknown,3.12.3,2026-10-09T18:44:24Z
20,ML-DSA-44,post-quantum,2,keygen,0.0362,0.0,0.0,0.315,1312,2560,0,2420,0,0,0,0.0,0.543,nan,edge/x86_64,unknown,3.12.3,2026-10-09T18:44:24Z
20,ML-DSA-44,post-quantum,2,sign,0.0546,0.0,0.0,0.315,1312,2560,0,2420,512,0,0,0.0,0.819,nan,edge/x86_64,unknown,3.12.3,2026-10-09T18:44:24Z
20,ML-DSA-44,post-quantum,2,verify,0.0334,0.0,0.0,0.315,1312,2560,0,2420,512,0,0,0.0,0.5007,nan,edge/x86_64,unknown,3.12.3,2026-10-09T18:44:24Z
21,ML-DSA-44,post-quantum,2,keygen,0.0358,0.0,0.0,0.315,1312,2560,0,2420,0,0,0,0.0,0.537,nan,edge/x86_64,unknown,3.12.3,2026-10-09T18:44:24Z
21,ML-DSA-44,post-quantum,2,sign,0.054,0.0,0.0,0.315,1312,2560,0,2420,512,0,0,0.0,0.8102,nan,edge/x86_64,unknown,3.12.3,2026-10-09T18:44:24Z
21,ML-DSA-44,post-quantum,2,verify,0.0336,0.0,0.0,0.315,1312,2560,0,2420,512,0,0,0.0,0.5042,nan,edge/x86_64,unknown,3.12.3,2026-10-09T18:44:24Z
22,ML-DSA-44,post-quantum,2,keygen,0.0358,0.0,0.0,0.315,1312,2560,0,2420,0,0,0,0.0,0.5365,nan,edge/x86_64,unknown,3.12.3,2026-10-09T18:44:24Z
22,ML-DSA-44,post-quantum,2,sign,0.0456,0.0,0.0,0.315,1312,2560,0,2420,512,0,0,0.0,0.6841,nan,edge/x86_64,unknown,3.12.3,2026-10-09T18:44:24Z
22,ML-DSA-44,post-quantum,2,verify,0.0333,0.0,0.0,0.315,1312,2560,0,2420,512,0,0,0.0,0.4992,nan,edge/x86_64,unknown,3.12.3,2026-10-09T18:44:24Z
23,ML-DSA-44,post-quantum,2,keygen,0.0356,0.0,0.0,0.315,1312,2560,0,2420,0,0,0,0.0,0.5339,nan,edge/x86_64,unknown,3.12.3,2026-10-09T18:44:24Z
23,ML-DSA-44,post-quantum,2,sign,0.1099,0.0,0.0,0.315,1312,2560,0,2420,512,0,0,0.0,1.6481,nan,edge/x86_64,unknown,3.12.3,2026-10-09T18:44:24Z
23,ML-DSA-44,post-quantum,2,verify,0.0352,0.0,0.0,0.315,1312,2560,0,2420,512,0,0,0.0,0.5285,nan,edge/x86_64,unknown,3.12.3,2026-10-09T18:44:24Z
24,ML-DSA-44,post-quantum,2,keygen,0.0369,0.0,0.0,0.315,1312,2560,0,2420,0,0,0,0.0,0.5538,nan,edge/x86_64,unknown,3.12.3,2026-10-09T18:44:24Z
24,ML-DSA-44,post-quantum,2,sign,0.2189,0.0,0.0,0.315,1312,2560,0,2420,512,0,0,0.0,3.2835,nan,edge/x86_64,unknown,3.12.3,2026-10-09T18:44:24Z
24,ML-DSA-44,post-quantum,2,verify,0.0394,0.0,0.0,0.315,1312,2560,0,2420,512,0,0,0.0,0.5916,nan,edge/x86_64,unknown,3.12.3,2026-10-09T18:44:24Z
25,ML-DSA-44,post-quantum,2,keygen,0.0367,0.0,0.0,0.315,1312,2560,0,2420,0,0,0,0.0,0.5499,nan,edge/x86_64,unknown,3.12.3,2026-10-09T18:44:24Z
25,ML-DSA-44,post-quantum,2,sign,0.0546,0.0,0.0,0.315,1312,2560,0,2420,512,0,0,0.0,0.8195,nan,edge/x86_64,unknown,3.12.3,2026-10-09T18:44:24Z
25,ML-DSA-44,post-quantum,2,verify,0.0351,0.0,0.0,0.315,1312,2560,0,2420,512,0,0,0.0,0.5263,nan,edge/x86_64,unknown,3.12.3,2026-10-09T18:44:24Z
26,ML-DSA-44,post-quantum,2,keygen,0.0721,0.0,0.0,0.315,1312,2560,0,2420,0,0,0,0.0,1.0813,nan,edge/x86_64,unknown,3.12.3,2026-10-09T18:44:24Z
26,ML-DSA-44,post-quantum,2,sign,0.1634,0.0,0.0,0.315,1312,2560,0,2420,512,0,0,0.0,2.4506,nan,edge/x86_64,unknown,3.12.3,2026-10-09T18:44:24Z
26,ML-DSA-44,post-quantum,2,verify,0.0376,0.0,0.0,0.315,1312,2560,0,2420,512,0,0,0.0,0.5644,nan,edge/x86_64,unknown,3.12.3,2026-10-09T18:44:24Z
27,ML-DSA-44,post-quantum,2,keygen,0.0383,0.0,0.0,0.315,1312,2560,0,2420,0,0,0,0.0,0.5739,nan,edge/x86_64,unknown,3.12.3,2026-10-09T18:44:24Z
27,ML-DSA-44,post-quantum,2,sign,0.0477,0.0,0.0,0.315,1312,2560,0,2420,512,0,0,0.0,0.7159,nan,edge/x86_64,unknown,3.12.3,2026-10-09T18:44:24Z
27,ML-DSA-44,post-quantum,2,verify,0.0537,0.0,0.0,0.315,1312,2560,0,2420,512,0,0,0.0,0.8052,nan,edge/x86_64,unknown,3.12.3,2026-10-09T18:44:24Z
28,ML-DSA-44,post-quantum,2,keygen,0.0381,0.0,0.0,0.315,1312,2560,0,2420,0,0,0,0.0,0.5721,nan,edge/x86_64,unknown,3.12.3,2026-10-09T18:44:24Z
28,ML-DSA-44,post-quantum,2,sign,0.0471,0.0,0.0,0.315,1312,2560,0,2420,512,0,0,0.0,0.7068,nan,edge/x86_64,unknown,3.12.3,2026-10-09T18:44:24Z
28,ML-DSA-44,post-quantum,2,verify,0.034,0.0,0.0,0.315,1312,2560,0,2420,512,0,0,0.0,0.51,nan,edge/x86_64,unknown,3.12.3,2026-10-09T18:44:24Z
29,ML-DSA-44,post-quantum,2,keygen,0.0358,0.0,0.0,0.315,1312,2560,0,2420,0,0,0,0.0,0.5377,nan,edge/x86_64,unknown,3.12.3,2026-10-09T18:44:24Z
29,ML-DSA-44,post-quantum,2,sign,0.107,0.0,0.0,0.315,1312,2560,0,2420,512,0,0,0.0,1.6056,nan,edge/x86_64,unknown,3.12.3,2026-10-09T18:44:24Z
29,ML-DSA-44,post-quantum,2,verify,0.0336,0.0,0.0,0.315,1312,2560,0,2420,512,0,0,0.0,0.5047,nan,edge/x86_64,unknown,3.12.3,2026-10-09T18:44:24Z
30,ML-DSA-44,post-quantum,2,keygen,0.0361,0.0,0.0,0.315,1312,2560,0,2420,0,0,0,0.0,0.5409,nan,edge/x86_64,unknown,3.12.3,2026-10-09T18:44:24Z
30,ML-DSA-44,post-quantum,2,sign,0.0462,0.0,0.0,0.315,1312,2560,0,2420,512,0,0,0.0,0.693,nan,edge/x86_64,unknown,3.12.3,2026-10-09T18:44:24Z
30,ML-DSA-44,post-quantum,2,verify,0.0335,0.0,0.0,0.315,1312,2560,0,2420,512,0,0,0.0,0.5019,nan,edge/x86_64,unknown,3.12.3,2026-10-09T18:44:24Z
31,ML-DSA-44,post-quantum,2,keygen,0.0357,0.0,0.0,0.315,1312,2560,0,2420,0,0,0,0.0,0.5359,nan,edge/x86_64,unknown,3.12.3,2026-10-09T18:44:24Z
31,ML-DSA-44,post-quantum,2,sign,0.0605,0.0,0.0,0.315,1312,2560,0,2420,512,0,0,0.0,0.9078,nan,edge/x86_64,unknown,3.12.3,2026-10-09T18:44:24Z
31,ML-DSA-44,post-quantum,2,verify,0.0356,0.0,0.0,0.315,1312,2560,0,2420,512,0,0,0.0,0.5333,nan,edge/x86_64,unknown,3.12.3,2026-10-09T18:44:24Z
32,ML-DSA-44,post-quantum,2,keygen,0.037,0.0,0.0,0.315,1312,2560,0,2420,0,0,0,0.0,0.5543,nan,edge/x86_64,unknown,3.12.3,2026-10-09T18:44:24Z
32,ML-DSA-44,post-quantum,2,sign,0.0554,0.0,0.0,0.315,1312,2560,0,2420,512,0,0,0.0,0.8304,nan,edge/x86_64,unknown,3.12.3,2026-10-09T18:44:24Z
32,ML-DSA-44,post-quantum,2,verify,0.0376,0.0,0.0,0.315,1312,2560,0,2420,512,0,0,0.0,0.564,nan,edge/x86_64,unknown,3.12.3,2026-10-09T18:44:24Z
33,ML-DSA-44,post-quantum,2,keygen,0.0366,0.0,0.0,0.315,1312,2560,0,2420,0,0,0,0.0,0.5497,nan,edge/x86_64,unknown,3.12.3,2026-10-09T18:44:24Z
33,ML-DSA-44,post-quantum,2,sign,0.1431,0.0,0.0,0.315,1312,2560,0,2420,512,0,0,0.0,2.146,nan,edge/x86_64,unknown,3.12.3,2026-10-09T18:44:24Z
33,ML-DSA-44,post-quantum,2,verify,0.0462,0.0,0.0,0.315,1312,2560,0,2420,512,0,0,0.0,0.6936,nan,edge/x86_64,unknown,3.12.3,2026-10-09T18:44:24Z
34,ML-DSA-44,post-quantum,2,keygen,0.0382,0.0,0.0,0.315,1312,2560,0,2420,0,0,0,0.0,0.5729,nan,edge/x86_64,unknown,3.12.3,2026-10-09T18:44:24Z
34,ML-DSA-44,post-quantum,2,sign,0.0749,0.0,0.0,0.315,1312,2560,0,2420,512,0,0,0.0,1.1242,nan,edge/x86_64,unknown,3.12.3,2026-10-09T18:44:24Z
34,ML-DSA-44,post-quantum,2,verify,0.0342,0.0,0.0,0.315,1312,2560,0,2420,512,0,0,0.0,0.5133,nan,edge/x86_64,unknown,3.12.3,2026-10-09T18:44:24Z
35,ML-DSA-44,post-quantum,2,keygen,0.0364,0.0,0.0,0.315,1312,2560,0,2420,0,0,0,0.0,0.5464,nan,edge/x86_64,unknown,3.12.3,2026-10-09T18:44:24Z
35,ML-DSA-44,post-quantum,2,sign,0.081,0.0,0.0,0.315,1312,2560,0,2420,512,0,0,0.0,1.2153,nan,edge/x86_64,unknown,3.12.3,2026-10-09T18:44:24Z
35,ML-DSA-44,post-quantum,2,verify,0.0385,0.0,0.0,0.315,1312,2560,0,2420,512,0,0,0.0,0.577,nan,edge/x86_64,unknown,3.12.3,2026-10-09T18:44:24Z
36,ML-DSA-44,post-quantum,2,keygen,0.039,0.0,0.0,0.315,1312,2560,0,2420,0,0,0,0.0,0.5845,nan,edge/x86_64,unknown,3.12.3,2026-10-09T18:44:24Z
36,ML-DSA-44,post-quantum,2,sign,0.0478,0.0,0.0,0.315,1312,2560,0,2420,512,0,0,0.0,0.7177,nan,edge/x86_64,unknown,3.12.3,2026-10-09T18:44:24Z
36,ML-DSA-44,post-quantum,2,verify,0.0342,0.0,0.0,0.315,1312,2560,0,2420,512,0,0,0.0,0.5133,nan,edge/x86_64,unknown,3.12.3,2026-10-09T18:44:24Z
37,ML-DSA-44,post-quantum,2,keygen,0.037,0.0,0.0,0.315,1312,2560,0,2420,0,0,0,0.0,0.5551,nan,edge/x86_64,unknown,3.12.3,2026-10-09T18:44:24Z
37,ML-DSA-44,post-quantum,2,sign,0.066,0.0,0.0,0.315,1312,2560,0,2420,512,0,0,0.0,0.9901,nan,edge/x86_64,unknown,3.12.3,2026-10-09T18:44:24Z
37,ML-DSA-44,post-quantum,2,verify,0.0632,0.0,0.0,0.315,1312,2560,0,2420,512,0,0,0.0,0.9474,nan,edge/x86_64,unknown,3.12.3,2026-10-09T18:44:24Z
38,ML-DSA-44,post-quantum,2,keygen,0.0456,0.0,0.0,0.315,1312,2560,0,2420,0,0,0,0.0,0.684,nan,edge/x86_64,unknown,3.12.3,2026-10-09T18:44:24Z
38,ML-DSA-44,post-quantum,2,sign,0.1044,0.0,0.0,0.315,1312,2560,0,2420,512,0,0,0.0,1.5661,nan,edge/x86_64,unknown,3.12.3,2026-10-09T18:44:24Z
38,ML-DSA-44,post-quantum,2,verify,0.0347,0.0,0.0,0.315,1312,2560,0,2420,512,0,0,0.0,0.5201,nan,edge/x86_64,unknown,3.12.3,2026-10-09T18:44:24Z
39,ML-DSA-44,post-quantum,2,keygen,0.0363,0.0,0.0,0.315,1312,2560,0,2420,0,0,0,0.0,0.545,nan,edge/x86_64,unknown,3.12.3,2026-10-09T18:44:24Z
39,ML-DSA-44,post-quantum,2,sign,0.11,0.0,0.0,0.315,1312,2560,0,2420,512,0,0,0.0,1.6494,nan,edge/x86_64,unknown,3.12.3,2026-10-09T18:44:24Z
39,ML-DSA-44,post-quantum,2,verify,0.035,0.0,0.0,0.315,1312,2560,0,2420,512,0,0,0.0,0.5246,nan,edge/x86_64,unknown,3.12.3,2026-10-09T18:44:24Z
40,ML-DSA-44,post-quantum,2,keygen,0.0371,0.0,0.0,0.315,1312,2560,0,2420,0,0,0,0.0,0.5566,nan,edge/x86_64,unknown,3.12.3,2026-10-09T18:44:24Z
40,ML-DSA-44,post-quantum,2,sign,0.0472,0.0,0.0,0.315,1312,2560,0,2420,512,0,0,0.0,0.7083,nan,edge/x86_64,unknown,3.12.3,2026-10-09T18:44:24Z
40,ML-DSA-44,post-quantum,2,verify,0.0335,0.0,0.0,0.315,1312,2560,0,2420,512,0,0,0.0,0.5024,nan,edge/x86_64,unknown,3.12.3,2026-10-09T18:44:24Z
41,ML-DSA-44,post-quantum,2,keygen,0.0364,0.0,0.0,0.315,1312,2560,0,2420,0,0,0,0.0,0.5455,nan,edge/x86_64,unknown,3.12.3,2026-10-09T18:44:24Z
41,ML-DSA-44,post-quantum,2,sign,0.0662,0.0,0.0,0.315,1312,2560,0,2420,512,0,0,0.0,0.9929,nan,edge/x86_64,unknown,3.12.3,2026-10-09T18:44:24Z
41,ML-DSA-44,post-quantum,2,verify,0.0335,0.0,0.0,0.315,1312,2560,0,2420,512,0,0,0.0,0.5019,nan,edge/x86_64,unknown,3.12.3,2026-10-09T18:44:24Z
42,ML-DSA-44,post-quantum,2,keygen,0.0361,0.0,0.0,0.315,1312,2560,0,2420,0,0,0,0.0,0.5409,nan,edge/x86_64,unknown,3.12.3,2026-10-09T18:44:24Z
42,ML-DSA-44,post-quantum,2,sign,0.1039,0.0,0.0,0.315,1312,2560,0,2420,512,0,0,0.0,1.5586,nan,edge/x86_64,unknown,3.12.3,2026-10-09T18:44:24Z
42,ML-DSA-44,post-quantum,2,verify,0.0334,0.0,0.0,0.315,1312,2560,0,2420,512,0,0,0.0,0.5009,nan,edge/x86_64,unknown,3.12.3,2026-10-09T18:44:24Z
43,ML-DSA-44,post-quantum,2,keygen,0.0362,0.0,0.0,0.315,1312,2560,0,2420,0,0,0,0.0,0.5423,nan,edge/x86_64,unknown,3.12.3,2026-10-09T18:44:24Z
43,ML-DSA-44,post-quantum,2,sign,0.0552,0.0,0.0,0.315,1312,2560,0,2420,512,0,0,0.0,0.8277,nan,edge/x86_64,unknown,3.12.3,2026-10-09T18:44:24Z
43,ML-DSA-44,post-quantum,2,verify,0.0426,0.0,0.0,0.315,1312,2560,0,2420,512,0,0,0.0,0.6392,nan,edge/x86_64,unknown,3.12.3,2026-10-09T18:44:24Z
44,ML-DSA-44,post-quantum,2,keygen,0.0372,0.0,0.0,0.315,1312,2560,0,2420,0,0,0,0.0,0.5575,nan,edge/x86_64,unknown,3.12.3,2026-10-09T18:44:24Z
44,ML-DSA-44,post-quantum,2,sign,0.0461,0.0,0.0,0.315,1312,2560,0,2420,512,0,0,0.0,0.6921,nan,edge/x86_64,unknown,3.12.3,2026-10-09T18:44:24Z
44,ML-DSA-44,post-quantum,2,verify,0.0337,0.0,0.0,0.315,1312,2560,0,2420,512,0,0,0.0,0.5056,nan,edge/x86_64,unknown,3.12.3,2026-10-09T18:44:24Z
45,ML-DSA-44,post-quantum,2,keygen,0.045,0.0,0.0,0.315,1312,2560,0,2420,0,0,0,0.0,0.675,nan,edge/x86_64,unknown,3.12.3,2026-10-09T18:44:24Z
45,ML-DSA-44,post-quantum,2,sign,0.1777,0.0,0.0,0.315,1312,2560,0,2420,512,0,0,0.0,2.6649,nan,edge/x86_64,unknown,3.12.3,2026-10-09T18:44:24Z
45,ML-DSA-44,post-quantum,2,verify,0.0353,0.0,0.0,0.315,1312,2560,0,2420,512,0,0,0.0,0.5302,nan,edge/x86_64,unknown,3.12.3,2026-10-09T18:44:24Z
46,ML-DSA-44,post-quantum,2,keygen,0.0369,0.0,0.0,0.315,1312,2560,0,2420,0,0,0,0.0,0.5539,nan,edge/x86_64,unknown,3.12.3,2026-10-09T18:44:24Z
46,ML-DSA-44,post-quantum,2,sign,0.0651,0.0,0.0,0.315,1312,2560,0,2420,512,0,0,0.0,0.9763,nan,edge/x86_64,unknown,3.12.3,2026-10-09T18:44:24Z
46,ML-DSA-44,post-quantum,2,verify,0.0382,0.0,0.0,0.315,1312,2560,0,2420,512,0,0,0.0,0.5733,nan,edge/x86_64,unknown,3.12.3,2026-10-09T18:44:24Z
47,ML-DSA-44,post-quantum,2,keygen,0.0528,0.0,0.0,0.315,1312,2560,0,2420,0,0,0,0.0,0.7914,nan,edge/x86_64,unknown,3.12.3,2026-10-09T18:44:24Z
47,ML-DSA-44,post-quantum,2,sign,0.0498,0.0,0.0,0.315,1312,2560,0,2420,512,0,0,0.0,0.7476,nan,edge/x86_64,unknown,3.12.3,2026-10-09T18:44:24Z
47,ML-DSA-44,post-quantum,2,verify,0.035,0.0,0.0,0.315,1312,2560,0,2420,512,0,0,0.0,0.5247,nan,edge/x86_64,unknown,3.12.3,2026-10-09T18:44:24Z
48,ML-DSA-44,post-quantum,2,keygen,0.0372,0.0,0.0,0.315,1312,2560,0,2420,0,0,0,0.0,0.5578,nan,edge/x86_64,unknown,3.12.3,2026-10-09T18:44:24Z
48,ML-DSA-44,post-quantum,2,sign,0.0467,0.0,0.0,0.315,1312,2560,0,2420,512,0,0,0.0,0.7,nan,edge/x86_64,unknown,3.12.3,2026-10-09T18:44:24Z
48,ML-DSA-44,post-quantum,2,verify,0.0339,0.0,0.0,0.315,1312,2560,0,2420,512,0,0,0.0,0.5085,nan,edge/x86_64,unknown,3.12.3,2026-10-09T18:44:24Z
49,ML-DSA-44,post-quantum,2,keygen,0.0361,0.0,0.0,0.315,1312,2560,0,2420,0,0,0,0.0,0.5408,nan,edge/x86_64,unknown,3.12.3,2026-10-09T18:44:24Z
49,ML-DSA-44,post-quantum,2,sign,0.2125,0.0,0.0,0.315,1312,2560,0,2420,512,0,0,0.0,3.1874,nan,edge/x86_64,unknown,3.12.3,2026-10-09T18:44:24Z
49,ML-DSA-44,post-quantum,2,verify,0.0395,0.0,0.0,0.315,1312,2560,0,2420,512,0,0,0.0,0.5921,nan,edge/x86_64,unknown,3.12.3,2026-10-09T18:44:24Z
50,ML-DSA-44,post-quantum,2,keygen,0.0414,0.0,0.0,0.315,1312,2560,0,2420,0,0,0,0.0,0.6209,nan,edge/x86_64,unknown,3.12.3,2026-10-09T18:44:24Z
50,ML-DSA-44,post-quantum,2,sign,0.0837,0.0,0.0,0.315,1312,2560,0,2420,512,0,0,0.0,1.2552,nan,edge/x86_64,unknown,3.12.3,2026-10-09T18:44:24Z
50,ML-DSA-44,post-quantum,2,verify,0.0518,0.0,0.0,0.315,1312,2560,0,2420,512,0,0,0.0,0.7775,nan,edge/x86_64,unknown,3.12.3,2026-10-09T18:44:24Z
51,ML-DSA-44,post-quantum,2,keygen,0.0376,0.0,0.0,0.315,1312,2560,0,2420,0,0,0,0.0,0.5634,nan,edge/x86_64,unknown,3.12.3,2026-10-09T18:44:24Z
51,ML-DSA-44,post-quantum,2,sign,0.0755,0.0,0.0,0.315,1312,2560,0,2420,512,0,0,0.0,1.1326,nan,edge/x86_64,unknown,3.12.3,2026-10-09T18:44:24Z
51,ML-DSA-44,post-quantum,2,verify,0.035,0.0,0.0,0.315,1312,2560,0,2420,512,0,0,0.0,0.5249,nan,edge/x86_64,unknown,3.12.3,2026-10-09T18:44:24Z
52,ML-DSA-44,post-quantum,2,keygen,0.0369,0.0,0.0,0.315,1312,2560,0,2420,0,0,0,0.0,0.5538,nan,edge/x86_64,unknown,3.12.3,2026-10-09T18:44:24Z
52,ML-DSA-44,post-quantum,2,sign,0.1777,0.0,0.0,0.315,1312,2560,0,2420,512,0,0,0.0,2.6649,nan,edge/x86_64,unknown,3.12.3,2026-10-09T18:44:24Z
52,ML-DSA-44,post-quantum,2,verify,0.0338,0.0,0.0,0.315,1312,2560,0,2420,512,0,0,0.0,0.5069,nan,edge/x86_64,unknown,3.12.3,2026-10-09T18:44:24Z
53,ML-DSA-44,post-quantum,2,keygen,0.0369,0.0,0.0,0.315,1312,2560,0,2420,0,0,0,0.0,0.5538,nan,edge/x86_64,unknown,3.12.3,2026-10-09T18:44:24Z
53,ML-DSA-44,post-quantum,2,sign,0.0883,0.0,0.0,0.315,1312,2560,0,2420,512,0,0,0.0,1.3249,nan,edge/x86_64,unknown,3.12.3,2026-10-09T18:44:24Z
53,ML-DSA-44,post-quantum,2,verify,0.0342,0.0,0.0,0.315,1312,2560,0,2420,512,0,0,0.0,0.5133,nan,edge/x86_64,unknown,3.12.3,2026-10-09T18:44:24Z
54,ML-DSA-44,post-quantum,2,keygen,0.0362,0.0,0.0,0.315,1312,2560,0,2420,0,0,0,0.0,0.5428,nan,edge/x86_64,unknown,3.12.3,2026-10-09T18:44:24Z
54,ML-DSA-44,post-quantum,2,sign,0.093,0.0,0.0,0.315,1312,2560,0,2420,512,0,0,0.0,1.3944,nan,edge/x86_64,unknown,3.12.3,2026-10-09T18:44:24Z
54,ML-DSA-44,post-quantum,2,verify,0.0337,0.0,0.0,0.315,1312,2560,0,2420,512,0,0,0.0,0.5054,nan,edge/x86_64,unknown,3.12.3,2026-10-09T18:44:24Z
55,ML-DSA-44,post-quantum,2,keygen,0.0366,0.0,0.0,0.315,1312,2560,0,2420,0,0,0,0.0,0.5483,nan,edge/x86_64,unknown,3.12.3,2026-10-09T18:44:24Z
55,ML-DSA-44,post-quantum,2,sign,0.1304,0.0,0.0,0.315,1312,2560,0,2420,512,0,0,0.0,1.9558,nan,edge/x86_64,unknown,3.12.3,2026-10-09T18:44:24Z
55,ML-DSA-44,post-quantum,2,verify,0.0363,0.0,0.0,0.315,1312,2560,0,2420,512,0,0,0.0,0.545,nan,edge/x86_64,unknown,3.12.3,2026-10-09T18:44:24Z
56,ML-DSA-44,post-quantum,2,keygen,0.0376,0.0,0.0,0.315,1312,2560,0,2420,0,0,0,0.0,0.5636,nan,edge/x86_64,unknown,3.12.3,2026-10-09T18:44:24Z
56,ML-DSA-44,post-quantum,2,sign,0.047,0.0,0.0,0.315,1312,2560,0,2420,512,0,0,0.0,0.7044,nan,edge/x86_64,unknown,3.12.3,2026-10-09T18:44:24Z
56,ML-DSA-44,post-quantum,2,verify,0.0349,0.0,0.0,0.315,1312,2560,0,2420,512,0,0,0.0,0.5228,nan,edge/x86_64,unknown,3.12.3,2026-10-09T18:44:24Z
57,ML-DSA-44,post-quantum,2,keygen,0.0379,0.0,0.0,0.315,1312,2560,0,2420,0,0,0,0.0,0.5678,nan,edge/x86_64,unknown,3.12.3,2026-10-09T18:44:24Z
57,ML-DSA-44,post-quantum,2,sign,0.1031,0.0,0.0,0.315,1312,2560,0,2420,512,0,0,0.0,1.5465,nan,edge/x86_64,unknown,3.12.3,2026-10-09T18:44:24Z
57,ML-DSA-44,post-quantum,2,verify,0.0391,0.0,0.0,0.315,1312,2560,0,2420,512,0,0,0.0,0.5861,nan,edge/x86_64,unknown,3.12.3,2026-10-09T18:44:24Z
58,ML-DSA-44,post-quantum,2,keygen,0.0395,0.0,0.0,0.315,1312,2560,0,2420,0,0,0,0.0,0.5931,nan,edge/x86_64,unknown,3.12.3,2026-10-09T18:44:24Z
58,ML-DSA-44,post-quantum,2,sign,0.0989,0.0,0.0,0.315,1312,2560,0,2420,512,0,0,0.0,1.4841,nan,edge/x86_64,unknown,3.12.3,2026-10-09T18:44:24Z
58,ML-DSA-44,post-quantum,2,verify,0.0342,0.0,0.0,0.315,1312,2560,0,2420,512,0,0,0.0,0.5129,nan,edge/x86_64,unknown,3.12.3,2026-10-09T18:44:24Z
59,ML-DSA-44,post-quantum,2,keygen,0.0369,0.0,0.0,0.315,1312,2560,0,2420,0,0,0,0.0,0.5539,nan,edge/x86_64,unknown,3.12.3,2026-10-09T18:44:24Z
59,ML-DSA-44,post-quantum,2,sign,0.1401,0.0,0.0,0.315,1312,2560,0,2420,512,0,0,0.0,2.1016,nan,edge/x86_64,unknown,3.12.3,2026-10-09T18:44:24Z
59,ML-DSA-44,post-quantum,2,verify,0.0395,0.0,0.0,0.315,1312,2560,0,2420,512,0,0,0.0,0.5929,nan,edge/x86_64,unknown,3.12.3,2026-10-09T18:44:24Z
60,ML-DSA-44,post-quantum,2,keygen,0.0422,0.0,0.0,0.315,1312,2560,0,2420,0,0,0,0.0,0.6332,nan,edge/x86_64,unknown,3.12.3,2026-10-09T18:44:24Z
60,ML-DSA-44,post-quantum,2,sign,0.0688,0.0,0.0,0.315,1312,2560,0,2420,512,0,0,0.0,1.0319,nan,edge/x86_64,unknown,3.12.3,2026-10-09T18:44:24Z
60,ML-DSA-44,post-quantum,2,verify,0.0441,0.0,0.0,0.315,1312,2560,0,2420,512,0,0,0.0,0.6621,nan,edge/x86_64,unknown,3.12.3,2026-10-09T18:44:24Z
61,ML-DSA-44,post-quantum,2,keygen,0.0551,0.0,0.0,0.315,1312,2560,0,2420,0,0,0,0.0,0.8271,nan,edge/x86_64,unknown,3.12.3,2026-10-09T18:44:24Z
61,ML-DSA-44,post-quantum,2,sign,0.1354,0.0,0.0,0.315,1312,2560,0,2420,512,0,0,0.0,2.0307,nan,edge/x86_64,unknown,3.12.3,2026-10-09T18:44:24Z
61,ML-DSA-44,post-quantum,2,verify,0.035,0.0,0.0,0.315,1312,2560,0,2420,512,0,0,0.0,0.5256,nan,edge/x86_64,unknown,3.12.3,2026-10-09T18:44:24Z
62,ML-DSA-44,post-quantum,2,keygen,0.0387,0.0,0.0,0.315,1312,2560,0,2420,0,0,0,0.0,0.5801,nan,edge/x86_64,unknown,3.12.3,2026-10-09T18:44:24Z
62,ML-DSA-44,post-quantum,2,sign,0.1882,0.0,0.0,0.315,1312,2560,0,2420,512,0,0,0.0,2.8229,nan,edge/x86_64,unknown,3.12.3,2026-10-09T18:44:24Z
62,ML-DSA-44,post-quantum,2,verify,0.0655,0.0,0.0,0.315,1312,2560,0,2420,512,0,0,0.0,0.9832,nan,edge/x86_64,unknown,3.12.3,2026-10-09T18:44:24Z
63,ML-DSA-44,post-quantum,2,keygen,0.0721,0.0,0.0,0.315,1312,2560,0,2420,0,0,0,0.0,1.0812,nan,edge/x86_64,unknown,3.12.3,2026-10-09T18:44:24Z
63,ML-DSA-44,post-quantum,2,sign,0.0843,0.0,0.0,0.315,1312,2560,0,2420,512,0,0,0.0,1.2646,nan,edge/x86_64,unknown,3.12.3,2026-10-09T18:44:24Z
63,ML-DSA-44,post-quantum,2,verify,0.0602,0.0,0.0,0.315,1312,2560,0,2420,512,0,0,0.0,0.9026,nan,edge/x86_64,unknown,3.12.3,2026-10-09T18:44:24Z
64,ML-DSA-44,post-quantum,2,keygen,0.0943,0.0,0.0,0.315,1312,2560,0,2420,0,0,0,0.0,1.4143,nan,edge/x86_64,unknown,3.12.3,2026-10-09T18:44:24Z
64,ML-DSA-44,post-quantum,2,sign,0.1013,0.0,0.0,0.315,1312,2560,0,2420,512,0,0,0.0,1.5191,nan,edge/x86_64,unknown,3.12.3,2026-10-09T18:44:24Z
64,ML-DSA-44,post-quantum,2,verify,0.0592,0.0,0.0,0.315,1312,2560,0,2420,512,0,0,0.0,0.8882,nan,edge/x86_64,unknown,3.12.3,2026-10-09T18:44:24Z
65,ML-DSA-44,post-quantum,2,keygen,0.1061,0.0,0.0,0.315,1312,2560,0,2420,0,0,0,0.0,1.5918,nan,edge/x86_64,unknown,3.12.3,2026-10-09T18:44:24Z
65,ML-DSA-44,post-quantum,2,sign,0.2821,0.0,0.0,0.315,1312,2560,0,2420,512,0,0,0.0,4.2314,nan,edge/x86_64,unknown,3.12.3,2026-10-09T18:44:24Z
65,ML-DSA-44,post-quantum,2,verify,0.1138,0.0,0.0,0.315,1312,2560,0,2420,512,0,0,0.0,1.7071,nan,edge/x86_64,unknown,3.12.3,2026-10-09T18:44:24Z
66,ML-DSA-44,post-quantum,2,keygen,0.064,0.0,0.0,0.315,1312,2560,0,2420,0,0,0,0.0,0.9604,nan,edge/x86_64,unknown,3.12.3,2026-10-09T18:44:24Z
66,ML-DSA-44,post-quantum,2,sign,0.0774,0.0,0.0,0.315,1312,2560,0,2420,512,0,0,0.0,1.161,nan,edge/x86_64,unknown,3.12.3,2026-10-09T18:44:24Z
66,ML-DSA-44,post-quantum,2,verify,0.0577,0.0,0.0,0.315,1312,2560,0,2420,512,0,0,0.0,0.8661,nan,edge/x86_64,unknown,3.12.3,2026-10-09T18:44:24Z
67,ML-DSA-44,post-quantum,2,keygen,0.0828,0.0,0.0,0.315,1312,2560,0,2420,0,0,0,0.0,1.2417,nan,edge/x86_64,unknown,3.12.3,2026-10-09T18:44:24Z
67,ML-DSA-44,post-quantum,2,sign,0.109,0.0,0.0,0.315,1312,2560,0,2420,512,0,0,0.0,1.6353,nan,edge/x86_64,unknown,3.12.3,2026-10-09T18:44:24Z
67,ML-DSA-44,post-quantum,2,verify,0.1047,0.0,0.0,0.315,1312,2560,0,2420,512,0,0,0.0,1.5701,nan,edge/x86_64,unknown,3.12.3,2026-10-09T18:44:24Z
68,ML-DSA-44,post-quantum,2,keygen,0.0647,0.0,0.0,0.315,1312,2560,0,2420,0,0,0,0.0,0.9702,nan,edge/x86_64,unknown,3.12.3,2026-10-09T18:44:24Z
68,ML-DSA-44,post-quantum,2,sign,0.1249,0.0,0.0,0.315,1312,2560,0,2420,512,0,0,0.0,1.8729,nan,edge/x86_64,unknown,3.12.3,2026-10-09T18:44:24Z
68,ML-DSA-44,post-quantum,2,verify,0.0611,0.0,0.0,0.315,1312,2560,0,2420,512,0,0,0.0,0.9165,nan,edge/x86_64,unknown,3.12.3,2026-10-09T18:44:24Z
69,ML-DSA-44,post-quantum,2,keygen,0.0636,0.0,0.0,0.315,1312,2560,0,2420,0,0,0,0.0,0.9539,nan,edge/x86_64,unknown,3.12.3,2026-10-09T18:44:24Z
69,ML-DSA-44,post-quantum,2,sign,0.1006,0.0,0.0,0.315,1312,2560,0,2420,512,0,0,0.0,1.509,nan,edge/x86_64,unknown,3.12.3,2026-10-09T18:44:24Z
69,ML-DSA-44,post-quantum,2,verify,0.0603,0.0,0.0,0.315,1312,2560,0,2420,512,0,0,0.0,0.9038,nan,edge/x86_64,unknown,3.12.3,2026-10-09T18:44:24Z
70,ML-DSA-44,post-quantum,2,keygen,0.0914,0.0,0.0,0.315,1312,2560,0,2420,0,0,0,0.0,1.3707,nan,edge/x86_64,unknown,3.12.3,2026-10-09T18:44:24Z
70,ML-DSA-44,post-quantum,2,sign,0.0795,0.0,0.0,0.315,1312,2560,0,2420,512,0,0,0.0,1.1927,nan,edge/x86_64,unknown,3.12.3,2026-10-09T18:44:24Z
70,ML-DSA-44,post-quantum,2,verify,0.061,0.0,0.0,0.315,1312,2560,0,2420,512,0,0,0.0,0.9153,nan,edge/x86_64,unknown,3.12.3,2026-10-09T18:44:24Z
71,ML-DSA-44,post-quantum,2,keygen,0.059,0.0,0.0,0.315,1312,2560,0,2420,0,0,0,0.0,0.8854,nan,edge/x86_64,unknown,3.12.3,2026-10-09T18:44:24Z
71,ML-DSA-44,post-quantum,2,sign,0.0774,0.0,0.0,0.315,1312,2560,0,2420,512,0,0,0.0,1.1609,nan,edge/x86_64,unknown,3.12.3,2026-10-09T18:44:24Z
71,ML-DSA-44,post-quantum,2,verify,0.0702,0.0,0.0,0.315,1312,2560,0,2420,512,0,0,0.0,1.0537,nan,edge/x86_64,unknown,3.12.3,2026-10-09T18:44:24Z
72,ML-DSA-44,post-quantum,2,keygen,0.0598,0.0,0.0,0.315,1312,2560,0,2420,0,0,0,0.0,0.8972,nan,edge/x86_64,unknown,3.12.3,2026-10-09T18:44:24Z
72,ML-DSA-44,post-quantum,2,sign,0.1068,0.0,0.0,0.315,1312,2560,0,2420,512,0,0,0.0,1.6015,nan,edge/x86_64,unknown,3.12.3,2026-10-09T18:44:24Z
72,ML-DSA-44,post-quantum,2,verify,0.0565,0.0,0.0,0.315,1312,2560,0,2420,512,0,0,0.0,0.8473,nan,edge/x86_64,unknown,3.12.3,2026-10-09T18:44:24Z
73,ML-DSA-44,post-quantum,2,keygen,0.0594,0.0,0.0,0.315,1312,2560,0,2420,0,0,0,0.0,0.8903,nan,edge/x86_64,unknown,3.12.3,2026-10-09T18:44:24Z
73,ML-DSA-44,post-quantum,2,sign,0.0923,0.0,0.0,0.315,1312,2560,0,2420,512,0,0,0.0,1.3838,nan,edge/x86_64,unknown,3.12.3,2026-10-09T18:44:24Z
73,ML-DSA-44,post-quantum,2,verify,0.0568,0.0,0.0,0.315,1312,2560,0,2420,512,0,0,0.0,0.8522,nan,edge/x86_64,unknown,3.12.3,2026-10-09T18:44:24Z
74,ML-DSA-44,post-quantum,2,keygen,0.0598,0.0,0.0,0.315,1312,2560,0,2420,0,0,0,0.0,0.8973,nan,edge/x86_64,unknown,3.12.3,2026-10-09T18:44:24Z
74,ML-DSA-44,post-quantum,2,sign,0.173,0.0,0.0,0.315,1312,2560,0,2420,512,0,0,0.0,2.5949,nan,edge/x86_64,unknown,3.12.3,2026-10-09T18:44:24Z
74,ML-DSA-44,post-quantum,2,verify,0.0641,0.0,0.0,0.315,1312,2560,0,2420,512,0,0,0.0,0.9611,nan,edge/x86_64,unknown,3.12.3,2026-10-09T18:44:24Z
75,ML-DSA-44,post-quantum,2,keygen,0.0716,0.0,0.0,0.315,1312,2560,0,2420,0,0,0,0.0,1.0733,nan,edge/x86_64,unknown,3.12.3,2026-10-09T18:44:24Z
75,ML-DSA-44,post-quantum,2,sign,0.1198,0.0,0.0,0.315,1312,2560,0,2420,512,0,0,0.0,1.7967,nan,edge/x86_64,unknown,3.12.3,2026-10-09T18:44:24Z
75,ML-DSA-44,post-quantum,2,verify,0.0662,0.0,0.0,0.315,1312,2560,0,2420,512,0,0,0.0,0.9932,nan,edge/x86_64,unknown,3.12.3,2026-10-09T18:44:24Z
76,ML-DSA-44,post-quantum,2,keygen,0.0632,0.0,0.0,0.315,1312,2560,0,2420,0,0,0,0.0,0.9483,nan,edge/x86_64,unknown,3.12.3,2026-10-09T18:44:24Z
76,ML-DSA-44,post-quantum,2,sign,0.0786,0.0,0.0,0.315,1312,2560,0,2420,512,0,0,0.0,1.1797,nan,edge/x86_64,unknown,3.12.3,2026-10-09T18:44:24Z
76,ML-DSA-44,post-quantum,2,verify,0.0581,0.0,0.0,0.315,1312,2560,0,2420,512,0,0,0.0,0.8716,nan,edge/x86_64,unknown,3.12.3,2026-10-09T18:44:24Z
77,ML-DSA-44,post-quantum,2,keygen,0.0627,0.0,0.0,0.315,1312,2560,0,2420,0,0,0,0.0,0.9405,nan,edge/x86_64,unknown,3.12.3,2026-10-09T18:44:24Z
77,ML-DSA-44,post-quantum,2,sign,0.2216,0.0,0.0,0.315,1312,2560,0,2420,512,0,0,0.0,3.3247,nan,edge/x86_64,unknown,3.12.3,2026-10-09T18:44:24Z
77,ML-DSA-44,post-quantum,2,verify,0.0606,0.0,0.0,0.315,1312,2560,0,2420,512,0,0,0.0,0.9089,nan,edge/x86_64,unknown,3.12.3,2026-10-09T18:44:24Z
78,ML-DSA-44,post-quantum,2,keygen,0.0622,0.0,0.0,0.315,1312,2560,0,2420,0,0,0,0.0,0.9324,nan,edge/x86_64,unknown,3.12.3,2026-10-09T18:44:24Z
78,ML-DSA-44,post-quantum,2,sign,0.0968,0.0,0.0,0.315,1312,2560,0,2420,512,0,0,0.0,1.4521,nan,edge/x86_64,unknown,3.12.3,2026-10-09T18:44:24Z
78,ML-DSA-44,post-quantum,2,verify,0.0868,0.0,0.0,0.315,1312,2560,0,2420,512,0,0,0.0,1.3023,nan,edge/x86_64,unknown,3.12.3,2026-10-09T18:44:24Z
79,ML-DSA-44,post-quantum,2,keygen,0.1009,0.0,0.0,0.315,1312,2560,0,2420,0,0,0,0.0,1.5134,nan,edge/x86_64,unknown,3.12.3,2026-10-09T18:44:24Z
79,ML-DSA-44,post-quantum,2,sign,0.0849,0.0,0.0,0.315,1312,2560,0,2420,512,0,0,0.0,1.274,nan,edge/x86_64,unknown,3.12.3,2026-10-09T18:44:24Z
79,ML-DSA-44,post-quantum,2,verify,0.0599,0.0,0.0,0.315,1312,2560,0,2420,512,0,0,0.0,0.8986,nan,edge/x86_64,unknown,3.12.3,2026-10-09T18:44:24Z
80,ML-DSA-44,post-quantum,2,keygen,0.0633,0.0,0.0,0.315,1312,2560,0,2420,0,0,0,0.0,0.9501,nan,edge/x86_64,unknown,3.12.3,2026-10-09T18:44:24Z
80,ML-DSA-44,post-quantum,2,sign,0.0831,0.0,0.0,0.315,1312,2560,0,2420,512,0,0,0.0,1.2458,nan,edge/x86_64,unknown,3.12.3,2026-10-09T18:44:24Z
80,ML-DSA-44,post-quantum,2,verify,0.0567,0.0,0.0,0.315,1312,2560,0,2420,512,0,0,0.0,0.8511,nan,edge/x86_64,unknown,3.12.3,2026-10-09T18:44:24Z
81,ML-DSA-44,post-quantum,2,keygen,0.0603,0.0,0.0,0.315,1312,2560,0,2420,0,0,0,0.0,0.9039,nan,edge/x86_64,unknown,3.12.3,2026-10-09T18:44:24Z
81,ML-DSA-44,post-quantum,2,sign,0.1256,0.0,0.0,0.315,1312,2560,0,2420,512,0,0,0.0,1.8842,nan,edge/x86_64,unknown,3.12.3,2026-10-09T18:44:24Z
81,ML-DSA-44,post-quantum,2,verify,0.0638,0.0,0.0,0.315,1312,2560,0,2420,512,0,0,0.0,0.9573,nan,edge/x86_64,unknown,3.12.3,2026-10-09T18:44:24Z
82,ML-DSA-44,post-quantum,2,keygen,0.0665,0.0,0.0,0.315,1312,2560,0,2420,0,0,0,0.0,0.9968,nan,edge/x86_64,unknown,3.12.3,2026-10-09T18:44:24Z
82,ML-DSA-44,post-quantum,2,sign,0.0958,0.0,0.0,0.315,1312,2560,0,2420,512,0,0,0.0,1.4363,nan,edge/x86_64,unknown,3.12.3,2026-10-09T18:44:24Z
82,ML-DSA-44,post-quantum,2,verify,0.0574,0.0,0.0,0.315,1312,2560,0,2420,512,0,0,0.0,0.861,nan,edge/x86_64,unknown,3.12.3,2026-10-09T18:44:24Z
83,ML-DSA-44,post-quantum,2,keygen,0.0602,0.0,0.0,0.315,1312,2560,0,2420,0,0,0,0.0,0.9026,nan,edge/x86_64,unknown,3.12.3,2026-10-09T18:44:24Z
83,ML-DSA-44,post-quantum,2,sign,0.0752,0.0,0.0,0.315,1312,2560,0,2420,512,0,0,0.0,1.1283,nan,edge/x86_64,unknown,3.12.3,2026-10-09T18:44:24Z
83,ML-DSA-44,post-quantum,2,verify,0.0552,0.0,0.0,0.315,1312,2560,0,2420,512,0,0,0.0,0.8276,nan,edge/x86_64,unknown,3.12.3,2026-10-09T18:44:24Z
84,ML-DSA-44,post-quantum,2,keygen,0.0621,0.0,0.0,0.315,1312,2560,0,2420,0,0,0,0.0,0.9315,nan,edge/x86_64,unknown,3.12.3,2026-10-09T18:44:24Z
84,ML-DSA-44,post-quantum,2,sign,0.2499,0.0,0.0,0.315,1312,2560,0,2420,512,0,0,0.0,3.7484,nan,edge/x86_64,unknown,3.12.3,2026-10-09T18:44:24Z
84,ML-DSA-44,post-quantum,2,verify,0.0796,0.0,0.0,0.315,1312,2560,0,2420,512,0,0,0.0,1.1936,nan,edge/x86_64,unknown,3.12.3,2026-10-09T18:44:24Z
85,ML-DSA-44,post-quantum,2,keygen,0.0624,0.0,0.0,0.315,1312,2560,0,2420,0,0,0,0.0,0.9364,nan,edge/x86_64,unknown,3.12.3,2026-10-09T18:44:24Z
85,ML-DSA-44,post-quantum,2,sign,0.0933,0.0,0.0,0.315,1312,2560,0,2420,512,0,0,0.0,1.3998,nan,edge/x86_64,unknown,3.12.3,2026-10-09T18:44:24Z
85,ML-DSA-44,post-quantum,2,verify,0.0604,0.0,0.0,0.315,1312,2560,0,2420,512,0,0,0.0,0.9057,nan,edge/x86_64,unknown,3.12.3,2026-10-09T18:44:24Z
86,ML-DSA-44,post-quantum,2,keygen,0.064,0.0,0.0,0.315,1312,2560,0,2420,0,0,0,0.0,0.9595,nan,edge/x86_64,unknown,3.12.3,2026-10-09T18:44:24Z
86,ML-DSA-44,post-quantum,2,sign,0.0799,0.0,0.0,0.315,1312,2560,0,2420,512,0,0,0.0,1.1989,nan,edge/x86_64,unknown,3.12.3,2026-10-09T18:44:24Z
86,ML-DSA-44,post-quantum,2,verify,0.0555,0.0,0.0,0.315,1312,2560,0,2420,512,0,0,0.0,0.8327,nan,edge/x86_64,unknown,3.12.3,2026-10-09T18:44:24Z
87,ML-DSA-44,post-quantum,2,keygen,0.0604,0.0,0.0,0.315,1312,2560,0,2420,0,0,0,0.0,0.9067,nan,edge/x86_64,unknown,3.12.3,2026-10-09T18:44:24Z
87,ML-DSA-44,post-quantum,2,sign,0.091,0.0,0.0,0.315,1312,2560,0,2420,512,0,0,0.0,1.3649,nan,edge/x86_64,unknown,3.12.3,2026-10-09T18:44:24Z
87,ML-DSA-44,post-quantum,2,verify,0.0576,0.0,0.0,0.315,1312,2560,0,2420,512,0,0,0.0,0.8635,nan,edge/x86_64,unknown,3.12.3,2026-10-09T18:44:24Z
88,ML-DSA-44,post-quantum,2,keygen,0.0608,0.0,0.0,0.315,1312,2560,0,2420,0,0,0,0.0,0.9122,nan,edge/x86_64,unknown,3.12.3,2026-10-09T18:44:24Z
88,ML-DSA-44,post-quantum,2,sign,0.1392,0.0,0.0,0.315,1312,2560,0,2420,512,0,0,0.0,2.0876,nan,edge/x86_64,unknown,3.12.3,2026-10-09T18:44:24Z
88,ML-DSA-44,post-quantum,2,verify,0.075,0.0,0.0,0.315,1312,2560,0,2420,512,0,0,0.0,1.1255,nan,edge/x86_64,unknown,3.12.3,2026-10-09T18:44:24Z
89,ML-DSA-44,post-quantum,2,keygen,0.1048,0.0,0.0,0.315,1312,2560,0,2420,0,0,0,0.0,1.5725,nan,edge/x86_64,unknown,3.12.3,2026-10-09T18:44:24Z
89,ML-DSA-44,post-quantum,2,sign,0.1142,0.0,0.0,0.315,1312,2560,0,2420,512,0,0,0.0,1.7126,nan,edge/x86_64,unknown,3.12.3,2026-10-09T18:44:24Z
89,ML-DSA-44,post-quantum,2,verify,0.0591,0.0,0.0,0.315,1312,2560,0,2420,512,0,0,0.0,0.8861,nan,edge/x86_64,unknown,3.12.3,2026-10-09T18:44:24Z
90,ML-DSA-44,post-quantum,2,keygen,0.0935,0.0,0.0,0.315,1312,2560,0,2420,0,0,0,0.0,1.4029,nan,edge/x86_64,unknown,3.12.3,2026-10-09T18:44:24Z
90,ML-DSA-44,post-quantum,2,sign,0.1573,0.0,0.0,0.315,1312,2560,0,2420,512,0,0,0.0,2.3601,nan,edge/x86_64,unknown,3.12.3,2026-10-09T18:44:24Z
90,ML-DSA-44,post-quantum,2,verify,0.061,0.0,0.0,0.315,1312,2560,0,2420,512,0,0,0.0,0.9147,nan,edge/x86_64,unknown,3.12.3,2026-10-09T18:44:24Z
91,ML-DSA-44,post-quantum,2,keygen,0.0643,0.0,0.0,0.315,1312,2560,0,2420,0,0,0,0.0,0.9651,nan,edge/x86_64,unknown,3.12.3,2026-10-09T18:44:24Z
91,ML-DSA-44,post-quantum,2,sign,0.0798,0.0,0.0,0.315,1312,2560,0,2420,512,0,0,0.0,1.1973,nan,edge/x86_64,unknown,3.12.3,2026-10-09T18:44:24Z
91,ML-DSA-44,post-quantum,2,verify,0.0727,0.0,0.0,0.315,1312,2560,0,2420,512,0,0,0.0,1.0912,nan,edge/x86_64,unknown,3.12.3,2026-10-09T18:44:24Z
92,ML-DSA-44,post-quantum,2,keygen,0.0597,0.0,0.0,0.315,1312,2560,0,2420,0,0,0,0.0,0.895,nan,edge/x86_64,unknown,3.12.3,2026-10-09T18:44:24Z
92,ML-DSA-44,post-quantum,2,sign,0.0783,0.0,0.0,0.315,1312,2560,0,2420,512,0,0,0.0,1.1739,nan,edge/x86_64,unknown,3.12.3,2026-10-09T18:44:24Z
92,ML-DSA-44,post-quantum,2,verify,0.0578,0.0,0.0,0.315,1312,2560,0,2420,512,0,0,0.0,0.8669,nan,edge/x86_64,unknown,3.12.3,2026-10-09T18:44:24Z
93,ML-DSA-44,post-quantum,2,keygen,0.0585,0.0,0.0,0.315,1312,2560,0,2420,0,0,0,0.0,0.8769,nan,edge/x86_64,unknown,3.12.3,2026-10-09T18:44:24Z
93,ML-DSA-44,post-quantum,2,sign,0.0937,0.0,0.0,0.315,1312,2560,0,2420,512,0,0,0.0,1.4059,nan,edge/x86_64,unknown,3.12.3,2026-10-09T18:44:24Z
93,ML-DSA-44,post-quantum,2,verify,0.0561,0.0,0.0,0.315,1312,2560,0,2420,512,0,0,0.0,0.8416,nan,edge/x86_64,unknown,3.12.3,2026-10-09T18:44:24Z
94,ML-DSA-44,post-quantum,2,keygen,0.0608,0.0,0.0,0.315,1312,2560,0,2420,0,0,0,0.0,0.9126,nan,edge/x86_64,unknown,3.12.3,2026-10-09T18:44:24Z
94,ML-DSA-44,post-quantum,2,sign,0.0957,0.0,0.0,0.315,1312,2560,0,2420,512,0,0,0.0,1.4353,nan,edge/x86_64,unknown,3.12.3,2026-10-09T18:44:24Z
94,ML-DSA-44,post-quantum,2,verify,0.0579,0.0,0.0,0.315,1312,2560,0,2420,512,0,0,0.0,0.8691,nan,edge/x86_64,unknown,3.12.3,2026-10-09T18:44:24Z
95,ML-DSA-44,post-quantum,2,keygen,0.058,0.0,0.0,0.315,1312,2560,0,2420,0,0,0,0.0,0.8696,nan,edge/x86_64,unknown,3.12.3,2026-10-09T18:44:24Z
95,ML-DSA-44,post-quantum,2,sign,0.0899,0.0,0.0,0.315,1312,2560,0,2420,512,0,0,0.0,1.3478,nan,edge/x86_64,unknown,3.12.3,2026-10-09T18:44:24Z
95,ML-DSA-44,post-quantum,2,verify,0.0587,0.0,0.0,0.315,1312,2560,0,2420,512,0,0,0.0,0.8807,nan,edge/x86_64,unknown,3.12.3,2026-10-09T18:44:24Z
96,ML-DSA-44,post-quantum,2,keygen,0.0597,0.0,0.0,0.315,1312,2560,0,2420,0,0,0,0.0,0.8957,nan,edge/x86_64,unknown,3.12.3,2026-10-09T18:44:24Z
96,ML-DSA-44,post-quantum,2,sign,0.1417,0.0,0.0,0.315,1312,2560,0,2420,512,0,0,0.0,2.1256,nan,edge/x86_64,unknown,3.12.3,2026-10-09T18:44:24Z
96,ML-DSA-44,post-quantum,2,verify,0.0944,0.0,0.0,0.315,1312,2560,0,2420,512,0,0,0.0,1.4167,nan,edge/x86_64,unknown,3.12.3,2026-10-09T18:44:24Z
97,ML-DSA-44,post-quantum,2,keygen,0.0677,0.0,0.0,0.315,1312,2560,0,2420,0,0,0,0.0,1.0162,nan,edge/x86_64,unknown,3.12.3,2026-10-09T18:44:24Z
97,ML-DSA-44,post-quantum,2,sign,0.107,0.0,0.0,0.315,1312,2560,0,2420,512,0,0,0.0,1.6054,nan,edge/x86_64,unknown,3.12.3,2026-10-09T18:44:24Z
97,ML-DSA-44,post-quantum,2,verify,0.0572,0.0,0.0,0.315,1312,2560,0,2420,512,0,0,0.0,0.858,nan,edge/x86_64,unknown,3.12.3,2026-10-09T18:44:24Z
98,ML-DSA-44,post-quantum,2,keygen,0.0595,0.0,0.0,0.315,1312,2560,0,2420,0,0,0,0.0,0.8923,nan,edge/x86_64,unknown,3.12.3,2026-10-09T18:44:24Z
98,ML-DSA-44,post-quantum,2,sign,0.0775,0.0,0.0,0.315,1312,2560,0,2420,512,0,0,0.0,1.1631,nan,edge/x86_64,unknown,3.12.3,2026-10-09T18:44:24Z
98,ML-DSA-44,post-quantum,2,verify,0.06,0.0,0.0,0.315,1312,2560,0,2420,512,0,0,0.0,0.8997,nan,edge/x86_64,unknown,3.12.3,2026-10-09T18:44:24Z
99,ML-DSA-44,post-quantum,2,keygen,0.0601,0.0,0.0,0.315,1312,2560,0,2420,0,0,0,0.0,0.901,nan,edge/x86_64,unknown,3.12.3,2026-10-09T18:44:24Z
99,ML-DSA-44,post-quantum,2,sign,0.1402,0.0,0.0,0.315,1312,2560,0,2420,512,0,0,0.0,2.1028,nan,edge/x86_64,unknown,3.12.3,2026-10-09T18:44:24Z
99,ML-DSA-44,post-quantum,2,verify,0.0581,0.0,0.0,0.315,1312,2560,0,2420,512,0,0,0.0,0.8708,nan,edge/x86_64,unknown,3.12.3,2026-10-09T18:44:24Z
100,ML-DSA-44,post-quantum,2,keygen,0.0846,0.0,0.0,0.315,1312,2560,0,2420,0,0,0,0.0,1.2688,nan,edge/x86_64,unknown,3.12.3,2026-10-09T18:44:24Z
100,ML-DSA-44,post-quantum,2,sign,0.1235,0.0,0.0,0.315,1312,2560,0,2420,512,0,0,0.0,1.8527,nan,edge/x86_64,unknown,3.12.3,2026-10-09T18:44:24Z
100,ML-DSA-44,post-quantum,2,verify,0.0557,0.0,0.0,0.315,1312,2560,0,2420,512,0,0,0.0,0.8359,nan,edge/x86_64,unknown,3.12.3,2026-10-09T18:44:24Z
101,ML-DSA-44,post-quantum,2,keygen,0.0617,0.0,0.0,0.315,1312,2560,0,2420,0,0,0,0.0,0.9248,nan,edge/x86_64,unknown,3.12.3,2026-10-09T18:44:24Z
101,ML-DSA-44,post-quantum,2,sign,0.2364,0.0,0.0,0.315,1312,2560,0,2420,512,0,0,0.0,3.5455,nan,edge/x86_64,unknown,3.12.3,2026-10-09T18:44:24Z
101,ML-DSA-44,post-quantum,2,verify,0.0623,0.0,0.0,0.315,1312,2560,0,2420,512,0,0,0.0,0.9344,nan,edge/x86_64,unknown,3.12.3,2026-10-09T18:44:24Z
102,ML-DSA-44,post-quantum,2,keygen,0.0678,0.0,0.0,0.315,1312,2560,0,2420,0,0,0,0.0,1.0174,nan,edge/x86_64,unknown,3.12.3,2026-10-09T18:44:24Z
102,ML-DSA-44,post-quantum,2,sign,0.1707,0.0,0.0,0.315,1312,2560,0,2420,512,0,0,0.0,2.561,nan,edge/x86_64,unknown,3.12.3,2026-10-09T18:44:24Z
102,ML-DSA-44,post-quantum,2,verify,0.0582,0.0,0.0,0.315,1312,2560,0,2420,512,0,0,0.0,0.8724,nan,edge/x86_64,unknown,3.12.3,2026-10-09T18:44:24Z
103,ML-DSA-44,post-quantum,2,keygen,0.0906,0.0,0.0,0.315,1312,2560,0,2420,0,0,0,0.0,1.3586,nan,edge/x86_64,unknown,3.12.3,2026-10-09T18:44:24Z
103,ML-DSA-44,post-quantum,2,sign,0.1256,0.0,0.0,0.315,1312,2560,0,2420,512,0,0,0.0,1.8842,nan,edge/x86_64,unknown,3.12.3,2026-10-09T18:44:24Z
103,ML-DSA-44,post-quantum,2,verify,0.0629,0.0,0.0,0.315,1312,2560,0,2420,512,0,0,0.0,0.9433,nan,edge/x86_64,unknown,3.12.3,2026-10-09T18:44:24Z
104,ML-DSA-44,post-quantum,2,keygen,0.0642,0.0,0.0,0.315,1312,2560,0,2420,0,0,0,0.0,0.9633,nan,edge/x86_64,unknown,3.12.3,2026-10-09T18:44:24Z
104,ML-DSA-44,post-quantum,2,sign,0.1406,0.0,0.0,0.315,1312,2560,0,2420,512,0,0,0.0,2.1089,nan,edge/x86_64,unknown,3.12.3,2026-10-09T18:44:24Z
104,ML-DSA-44,post-quantum,2,verify,0.0587,0.0,0.0,0.315,1312,2560,0,2420,512,0,0,0.0,0.8809,nan,edge/x86_64,unknown,3.12.3,2026-10-09T18:44:24Z
105,ML-DSA-44,post-quantum,2,keygen,0.0619,0.0,0.0,0.315,1312,2560,0,2420,0,0,0,0.0,0.9281,nan,edge/x86_64,unknown,3.12.3,2026-10-09T18:44:24Z
105,ML-DSA-44,post-quantum,2,sign,0.2107,0.0,0.0,0.315,1312,2560,0,2420,512,0,0,0.0,3.1609,nan,edge/x86_64,unknown,3.12.3,2026-10-09T18:44:24Z
105,ML-DSA-44,post-quantum,2,verify,0.0588,0.0,0.0,0.315,1312,2560,0,2420,512,0,0,0.0,0.8822,nan,edge/x86_64,unknown,3.12.3,2026-10-09T18:44:24Z
106,ML-DSA-44,post-quantum,2,keygen,0.0611,0.0,0.0,0.315,1312,2560,0,2420,0,0,0,0.0,0.916,nan,edge/x86_64,unknown,3.12.3,2026-10-09T18:44:24Z
106,ML-DSA-44,post-quantum,2,sign,0.235,0.0,0.0,0.315,1312,2560,0,2420,512,0,0,0.0,3.5248,nan,edge/x86_64,unknown,3.12.3,2026-10-09T18:44:24Z
106,ML-DSA-44,post-quantum,2,verify,0.0584,0.0,0.0,0.315,1312,2560,0,2420,512,0,0,0.0,0.876,nan,edge/x86_64,unknown,3.12.3,2026-10-09T18:44:24Z
107,ML-DSA-44,post-quantum,2,keygen,0.0613,0.0,0.0,0.315,1312,2560,0,2420,0,0,0,0.0,0.919,nan,edge/x86_64,unknown,3.12.3,2026-10-09T18:44:24Z
107,ML-DSA-44,post-quantum,2,sign,0.1429,0.0,0.0,0.315,1312,2560,0,2420,512,0,0,0.0,2.1438,nan,edge/x86_64,unknown,3.12.3,2026-10-09T18:44:24Z
107,ML-DSA-44,post-quantum,2,verify,0.0586,0.0,0.0,0.315,1312,2560,0,2420,512,0,0,0.0,0.8785,nan,edge/x86_64,unknown,3.12.3,2026-10-09T18:44:24Z
108,ML-DSA-44,post-quantum,2,keygen,0.0628,0.0,0.0,0.315,1312,2560,0,2420,0,0,0,0.0,0.9422,nan,edge/x86_64,unknown,3.12.3,2026-10-09T18:44:24Z
108,ML-DSA-44,post-quantum,2,sign,0.2293,0.0,0.0,0.315,1312,2560,0,2420,512,0,0,0.0,3.4396,nan,edge/x86_64,unknown,3.12.3,2026-10-09T18:44:24Z
108,ML-DSA-44,post-quantum,2,verify,0.0578,0.0,0.0,0.315,1312,2560,0,2420,512,0,0,0.0,0.8671,nan,edge/x86_64,unknown,3.12.3,2026-10-09T18:44:24Z
109,ML-DSA-44,post-quantum,2,keygen,0.0845,0.0,0.0,0.315,1312,2560,0,2420,0,0,0,0.0,1.2681,nan,edge/x86_64,unknown,3.12.3,2026-10-09T18:44:24Z
109,ML-DSA-44,post-quantum,2,sign,0.3013,0.0,0.0,0.315,1312,2560,0,2420,512,0,0,0.0,4.5195,nan,edge/x86_64,unknown,3.12.3,2026-10-09T18:44:24Z
109,ML-DSA-44,post-quantum,2,verify,0.0886,0.0,0.0,0.315,1312,2560,0,2420,512,0,0,0.0,1.3286,nan,edge/x86_64,unknown,3.12.3,2026-10-09T18:44:24Z
110,ML-DSA-44,post-quantum,2,keygen,0.0839,0.0,0.0,0.315,1312,2560,0,2420,0,0,0,0.0,1.2589,nan,edge/x86_64,unknown,3.12.3,2026-10-09T18:44:24Z
110,ML-DSA-44,post-quantum,2,sign,0.1683,0.0,0.0,0.315,1312,2560,0,2420,512,0,0,0.0,2.524,nan,edge/x86_64,unknown,3.12.3,2026-10-09T18:44:24Z
110,ML-DSA-44,post-quantum,2,verify,0.0583,0.0,0.0,0.315,1312,2560,0,2420,512,0,0,0.0,0.8744,nan,edge/x86_64,unknown,3.12.3,2026-10-09T18:44:24Z
111,ML-DSA-44,post-quantum,2,keygen,0.0606,0.0,0.0,0.315,1312,2560,0,2420,0,0,0,0.0,0.9097,nan,edge/x86_64,unknown,3.12.3,2026-10-09T18:44:24Z
111,ML-DSA-44,post-quantum,2,sign,0.3329,0.0,0.0,0.315,1312,2560,0,2420,512,0,0,0.0,4.9938,nan,edge/x86_64,unknown,3.12.3,2026-10-09T18:44:24Z
111,ML-DSA-44,post-quantum,2,verify,0.0637,0.0,0.0,0.315,1312,2560,0,2420,512,0,0,0.0,0.9562,nan,edge/x86_64,unknown,3.12.3,2026-10-09T18:44:24Z
112,ML-DSA-44,post-quantum,2,keygen,0.0776,0.0,0.0,0.315,1312,2560,0,2420,0,0,0,0.0,1.1635,nan,edge/x86_64,unknown,3.12.3,2026-10-09T18:44:24Z
112,ML-DSA-44,post-quantum,2,sign,0.2473,0.0,0.0,0.315,1312,2560,0,2420,512,0,0,0.0,3.7091,nan,edge/x86_64,unknown,3.12.3,2026-10-09T18:44:24Z
112,ML-DSA-44,post-quantum,2,verify,0.1055,0.0,0.0,0.315,1312,2560,0,2420,512,0,0,0.0,1.5829,nan,edge/x86_64,unknown,3.12.3,2026-10-09T18:44:24Z
113,ML-DSA-44,post-quantum,2,keygen,0.1012,0.0,0.0,0.315,1312,2560,0,2420,0,0,0,0.0,1.5184,nan,edge/x86_64,unknown,3.12.3,2026-10-09T18:44:24Z
113,ML-DSA-44,post-quantum,2,sign,0.2728,0.0,0.0,0.315,1312,2560,0,2420,512,0,0,0.0,4.0913,nan,edge/x86_64,unknown,3.12.3,2026-10-09T18:44:24Z
113,ML-DSA-44,post-quantum,2,verify,0.0671,0.0,0.0,0.315,1312,2560,0,2420,512,0,0,0.0,1.0059,nan,edge/x86_64,unknown,3.12.3,2026-10-09T18:44:24Z
114,ML-DSA-44,post-quantum,2,keygen,0.0715,0.0,0.0,0.315,1312,2560,0,2420,0,0,0,0.0,1.0724,nan,edge/x86_64,unknown,3.12.3,2026-10-09T18:44:24Z
114,ML-DSA-44,post-quantum,2,sign,0.114,0.0,0.0,0.315,1312,2560,0,2420,512,0,0,0.0,1.7098,nan,edge/x86_64,unknown,3.12.3,2026-10-09T18:44:24Z
114,ML-DSA-44,post-quantum,2,verify,0.06,0.0,0.0,0.315,1312,2560,0,2420,512,0,0,0.0,0.9004,nan,edge/x86_64,unknown,3.12.3,2026-10-09T18:44:24Z
115,ML-DSA-44,post-quantum,2,keygen,0.0698,0.0,0.0,0.315,1312,2560,0,2420,0,0,0,0.0,1.047,nan,edge/x86_64,unknown,3.12.3,2026-10-09T18:44:24Z
115,ML-DSA-44,post-quantum,2,sign,0.0852,0.0,0.0,0.315,1312,2560,0,2420,512,0,0,0.0,1.2786,nan,edge/x86_64,unknown,3.12.3,2026-10-09T18:44:24Z
115,ML-DSA-44,post-quantum,2,verify,0.0939,0.0,0.0,0.315,1312,2560,0,2420,512,0,0,0.0,1.4079,nan,edge/x86_64,unknown,3.12.3,2026-10-09T18:44:24Z
116,ML-DSA-44,post-quantum,2,keygen,0.0651,0.0,0.0,0.315,1312,2560,0,2420,0,0,0,0.0,0.9763,nan,edge/x86_64,unknown,3.12.3,2026-10-09T18:44:24Z
116,ML-DSA-44,post-quantum,2,sign,0.3105,0.0,0.0,0.315,1312,2560,0,2420,512,0,0,0.0,4.6575,nan,edge/x86_64,unknown,3.12.3,2026-10-09T18:44:24Z
116,ML-DSA-44,post-quantum,2,verify,0.0662,0.0,0.0,0.315,1312,2560,0,2420,512,0,0,0.0,0.9934,nan,edge/x86_64,unknown,3.12.3,2026-10-09T18:44:24Z
117,ML-DSA-44,post-quantum,2,keygen,0.0687,0.0,0.0,0.315,1312,2560,0,2420,0,0,0,0.0,1.0309,nan,edge/x86_64,unknown,3.12.3,2026-10-09T18:44:24Z
117,ML-DSA-44,post-quantum,2,sign,0.1183,0.0,0.0,0.315,1312,2560,0,2420,512,0,0,0.0,1.7738,nan,edge/x86_64,unknown,3.12.3,2026-10-09T18:44:24Z
117,ML-DSA-44,post-quantum,2,verify,0.0586,0.0,0.0,0.315,1312,2560,0,2420,512,0,0,0.0,0.8794,nan,edge/x86_64,unknown,3.12.3,2026-10-09T18:44:24Z
118,ML-DSA-44,post-quantum,2,keygen,0.0614,0.0,0.0,0.315,1312,2560,0,2420,0,0,0,0.0,0.9216,nan,edge/x86_64,unknown,3.12.3,2026-10-09T18:44:24Z
118,ML-DSA-44,post-quantum,2,sign,0.0788,0.0,0.0,0.315,1312,2560,0,2420,512,0,0,0.0,1.1815,nan,edge/x86_64,unknown,3.12.3,2026-10-09T18:44:24Z
118,ML-DSA-44,post-quantum,2,verify,0.0615,0.0,0.0,0.315,1312,2560,0,2420,512,0,0,0.0,0.9227,nan,edge/x86_64,unknown,3.12.3,2026-10-09T18:44:24Z
119,ML-DSA-44,post-quantum,2,keygen,0.0597,0.0,0.0,0.315,1312,2560,0,2420,0,0,0,0.0,0.8955,nan,edge/x86_64,unknown,3.12.3,2026-10-09T18:44:24Z
119,ML-DSA-44,post-quantum,2,sign,0.0751,0.0,0.0,0.315,1312,2560,0,2420,512,0,0,0.0,1.1262,nan,edge/x86_64,unknown,3.12.3,2026-10-09T18:44:24Z
119,ML-DSA-44,post-quantum,2,verify,0.0548,0.0,0.0,0.315,1312,2560,0,2420,512,0,0,0.0,0.8224,nan,edge/x86_64,unknown,3.12.3,2026-10-09T18:44:24Z
120,ML-DSA-44,post-quantum,2,keygen,0.0793,0.0,0.0,0.315,1312,2560,0,2420,0,0,0,0.0,1.1901,nan,edge/x86_64,unknown,3.12.3,2026-10-09T18:44:24Z
120,ML-DSA-44,post-quantum,2,sign,0.0961,0.0,0.0,0.315,1312,2560,0,2420,512,0,0,0.0,1.4408,nan,edge/x86_64,unknown,3.12.3,2026-10-09T18:44:24Z
120,ML-DSA-44,post-quantum,2,verify,0.0587,0.0,0.0,0.315,1312,2560,0,2420,512,0,0,0.0,0.8809,nan,edge/x86_64,unknown,3.12.3,2026-10-09T18:44:24Z
121,ML-DSA-44,post-quantum,2,keygen,0.0619,0.0,0.0,0.315,1312,2560,0,2420,0,0,0,0.0,0.9291,nan,edge/x86_64,unknown,3.12.3,2026-10-09T18:44:24Z
121,ML-DSA-44,post-quantum,2,sign,0.1702,0.0,0.0,0.315,1312,2560,0,2420,512,0,0,0.0,2.5525,nan,edge/x86_64,unknown,3.12.3,2026-10-09T18:44:24Z
121,ML-DSA-44,post-quantum,2,verify,0.0597,0.0,0.0,0.315,1312,2560,0,2420,512,0,0,0.0,0.8954,nan,edge/x86_64,unknown,3.12.3,2026-10-09T18:44:24Z
122,ML-DSA-44,post-quantum,2,keygen,0.0663,0.0,0.0,0.315,1312,2560,0,2420,0,0,0,0.0,0.9943,nan,edge/x86_64,unknown,3.12.3,2026-10-09T18:44:24Z
122,ML-DSA-44,post-quantum,2,sign,0.1633,0.0,0.0,0.315,1312,2560,0,2420,512,0,0,0.0,2.4496,nan,edge/x86_64,unknown,3.12.3,2026-10-09T18:44:24Z
122,ML-DSA-44,post-quantum,2,verify,0.0593,0.0,0.0,0.315,1312,2560,0,2420,512,0,0,0.0,0.8899,nan,edge/x86_64,unknown,3.12.3,2026-10-09T18:44:24Z
123,ML-DSA-44,post-quantum,2,keygen,0.0615,0.0,0.0,0.315,1312,2560,0,2420,0,0,0,0.0,0.9218,nan,edge/x86_64,unknown,3.12.3,2026-10-09T18:44:24Z
123,ML-DSA-44,post-quantum,2,sign,0.3066,0.0,0.0,0.315,1312,2560,0,2420,512,0,0,0.0,4.5994,nan,edge/x86_64,unknown,3.12.3,2026-10-09T18:44:24Z
123,ML-DSA-44,post-quantum,2,verify,0.1082,0.0,0.0,0.315,1312,2560,0,2420,512,0,0,0.0,1.6235,nan,edge/x86_64,unknown,3.12.3,2026-10-09T18:44:24Z
124,ML-DSA-44,post-quantum,2,keygen,0.0746,0.0,0.0,0.315,1312,2560,0,2420,0,0,0,0.0,1.1186,nan,edge/x86_64,unknown,3.12.3,2026-10-09T18:44:24Z
124,ML-DSA-44,post-quantum,2,sign,0.0818,0.0,0.0,0.315,1312,2560,0,2420,512,0,0,0.0,1.2275,nan,edge/x86_64,unknown,3.12.3,2026-10-09T18:44:24Z
124,ML-DSA-44,post-quantum,2,verify,0.0599,0.0,0.0,0.315,1312,2560,0,2420,512,0,0,0.0,0.899,nan,edge/x86_64,unknown,3.12.3,2026-10-09T18:44:24Z
125,ML-DSA-44,post-quantum,2,keygen,0.0662,0.0,0.0,0.315,1312,2560,0,2420,0,0,0,0.0,0.9933,nan,edge/x86_64,unknown,3.12.3,2026-10-09T18:44:24Z
125,ML-DSA-44,post-quantum,2,sign,0.1072,0.0,0.0,0.315,1312,2560,0,2420,512,0,0,0.0,1.6087,nan,edge/x86_64,unknown,3.12.3,2026-10-09T18:44:24Z
125,ML-DSA-44,post-quantum,2,verify,0.0657,0.0,0.0,0.315,1312,2560,0,2420,512,0,0,0.0,0.9859,nan,edge/x86_64,unknown,3.12.3,2026-10-09T18:44:24Z
126,ML-DSA-44,post-quantum,2,keygen,0.0659,0.0,0.0,0.315,1312,2560,0,2420,0,0,0,0.0,0.9878,nan,edge/x86_64,unknown,3.12.3,2026-10-09T18:44:24Z
126,ML-DSA-44,post-quantum,2,sign,0.1212,0.0,0.0,0.315,1312,2560,0,2420,512,0,0,0.0,1.8178,nan,edge/x86_64,unknown,3.12.3,2026-10-09T18:44:24Z
126,ML-DSA-44,post-quantum,2,verify,0.0596,0.0,0.0,0.315,1312,2560,0,2420,512,0,0,0.0,0.8936,nan,edge/x86_64,unknown,3.12.3,2026-10-09T18:44:24Z
127,ML-DSA-44,post-quantum,2,keygen,0.0707,0.0,0.0,0.315,1312,2560,0,2420,0,0,0,0.0,1.0612,nan,edge/x86_64,unknown,3.12.3,2026-10-09T18:44:24Z
127,ML-DSA-44,post-quantum,2,sign,0.2568,0.0,0.0,0.315,1312,2560,0,2420,512,0,0,0.0,3.8525,nan,edge/x86_64,unknown,3.12.3,2026-10-09T18:44:24Z
127,ML-DSA-44,post-quantum,2,verify,0.0632,0.0,0.0,0.315,1312,2560,0,2420,512,0,0,0.0,0.9482,nan,edge/x86_64,unknown,3.12.3,2026-10-09T18:44:24Z
128,ML-DSA-44,post-quantum,2,keygen,0.0692,0.0,0.0,0.315,1312,2560,0,2420,0,0,0,0.0,1.0381,nan,edge/x86_64,unknown,3.12.3,2026-10-09T18:44:24Z
128,ML-DSA-44,post-quantum,2,sign,0.1011,0.0,0.0,0.315,1312,2560,0,2420,512,0,0,0.0,1.5172,nan,edge/x86_64,unknown,3.12.3,2026-10-09T18:44:24Z
128,ML-DSA-44,post-quantum,2,verify,0.0597,0.0,0.0,0.315,1312,2560,0,2420,512,0,0,0.0,0.8952,nan,edge/x86_64,unknown,3.12.3,2026-10-09T18:44:24Z
129,ML-DSA-44,post-quantum,2,keygen,0.0654,0.0,0.0,0.315,1312,2560,0,2420,0,0,0,0.0,0.9815,nan,edge/x86_64,unknown,3.12.3,2026-10-09T18:44:24Z
129,ML-DSA-44,post-quantum,2,sign,0.1249,0.0,0.0,0.315,1312,2560,0,2420,512,0,0,0.0,1.8739,nan,edge/x86_64,unknown,3.12.3,2026-10-09T18:44:24Z
129,ML-DSA-44,post-quantum,2,verify,0.121,0.0,0.0,0.315,1312,2560,0,2420,512,0,0,0.0,1.8147,nan,edge/x86_64,unknown,3.12.3,2026-10-09T18:44:24Z
130,ML-DSA-44,post-quantum,2,keygen,0.0816,0.0,0.0,0.315,1312,2560,0,2420,0,0,0,0.0,1.2247,nan,edge/x86_64,unknown,3.12.3,2026-10-09T18:44:24Z
130,ML-DSA-44,post-quantum,2,sign,0.0883,0.0,0.0,0.315,1312,2560,0,2420,512,0,0,0.0,1.3252,nan,edge/x86_64,unknown,3.12.3,2026-10-09T18:44:24Z
130,ML-DSA-44,post-quantum,2,verify,0.0624,0.0,0.0,0.315,1312,2560,0,2420,512,0,0,0.0,0.9362,nan,edge/x86_64,unknown,3.12.3,2026-10-09T18:44:24Z
131,ML-DSA-44,post-quantum,2,keygen,0.0641,0.0,0.0,0.315,1312,2560,0,2420,0,0,0,0.0,0.9619,nan,edge/x86_64,unknown,3.12.3,2026-10-09T18:44:24Z
131,ML-DSA-44,post-quantum,2,sign,0.1145,0.0,0.0,0.315,1312,2560,0,2420,512,0,0,0.0,1.7174,nan,edge/x86_64,unknown,3.12.3,2026-10-09T18:44:24Z
131,ML-DSA-44,post-quantum,2,verify,0.0664,0.0,0.0,0.315,1312,2560,0,2420,512,0,0,0.0,0.9956,nan,edge/x86_64,unknown,3.12.3,2026-10-09T18:44:24Z
132,ML-DSA-44,post-quantum,2,keygen,0.0946,0.0,0.0,0.315,1312,2560,0,2420,0,0,0,0.0,1.4183,nan,edge/x86_64,unknown,3.12.3,2026-10-09T18:44:24Z
132,ML-DSA-44,post-quantum,2,sign,0.1737,0.0,0.0,0.315,1312,2560,0,2420,512,0,0,0.0,2.6059,nan,edge/x86_64,unknown,3.12.3,2026-10-09T18:44:24Z
132,ML-DSA-44,post-quantum,2,verify,0.0926,0.0,0.0,0.315,1312,2560,0,2420,512,0,0,0.0,1.3889,nan,edge/x86_64,unknown,3.12.3,2026-10-09T18:44:24Z
133,ML-DSA-44,post-quantum,2,keygen,0.0652,0.0,0.0,0.315,1312,2560,0,2420,0,0,0,0.0,0.9779,nan,edge/x86_64,unknown,3.12.3,2026-10-09T18:44:24Z
133,ML-DSA-44,post-quantum,2,sign,0.1148,0.0,0.0,0.315,1312,2560,0,2420,512,0,0,0.0,1.722,nan,edge/x86_64,unknown,3.12.3,2026-10-09T18:44:24Z
133,ML-DSA-44,post-quantum,2,verify,0.0653,0.0,0.0,0.315,1312,2560,0,2420,512,0,0,0.0,0.9797,nan,edge/x86_64,unknown,3.12.3,2026-10-09T18:44:24Z
134,ML-DSA-44,post-quantum,2,keygen,0.0666,0.0,0.0,0.315,1312,2560,0,2420,0,0,0,0.0,0.9983,nan,edge/x86_64,unknown,3.12.3,2026-10-09T18:44:24Z
134,ML-DSA-44,post-quantum,2,sign,0.2075,0.0,0.0,0.315,1312,2560,0,2420,512,0,0,0.0,3.1126,nan,edge/x86_64,unknown,3.12.3,2026-10-09T18:44:24Z
134,ML-DSA-44,post-quantum,2,verify,0.0608,0.0,0.0,0.315,1312,2560,0,2420,512,0,0,0.0,0.9113,nan,edge/x86_64,unknown,3.12.3,2026-10-09T18:44:24Z
135,ML-DSA-44,post-quantum,2,keygen,0.0639,0.0,0.0,0.315,1312,2560,0,2420,0,0,0,0.0,0.9579,nan,edge/x86_64,unknown,3.12.3,2026-10-09T18:44:24Z
135,ML-DSA-44,post-quantum,2,sign,0.0812,0.0,0.0,0.315,1312,2560,0,2420,512,0,0,0.0,1.2187,nan,edge/x86_64,unknown,3.12.3,2026-10-09T18:44:24Z
135,ML-DSA-44,post-quantum,2,verify,0.0604,0.0,0.0,0.315,1312,2560,0,2420,512,0,0,0.0,0.9065,nan,edge/x86_64,unknown,3.12.3,2026-10-09T18:44:24Z
136,ML-DSA-44,post-quantum,2,keygen,0.0831,0.0,0.0,0.315,1312,2560,0,2420,0,0,0,0.0,1.2469,nan,edge/x86_64,unknown,3.12.3,2026-10-09T18:44:24Z
136,ML-DSA-44,post-quantum,2,sign,0.1781,0.0,0.0,0.315,1312,2560,0,2420,512,0,0,0.0,2.6722,nan,edge/x86_64,unknown,3.12.3,2026-10-09T18:44:24Z
136,ML-DSA-44,post-quantum,2,verify,0.0623,0.0,0.0,0.315,1312,2560,0,2420,512,0,0,0.0,0.9352,nan,edge/x86_64,unknown,3.12.3,2026-10-09T18:44:24Z
137,ML-DSA-44,post-quantum,2,keygen,0.065,0.0,0.0,0.315,1312,2560,0,2420,0,0,0,0.0,0.9754,nan,edge/x86_64,unknown,3.12.3,2026-10-09T18:44:24Z
137,ML-DSA-44,post-quantum,2,sign,0.118,0.0,0.0,0.315,1312,2560,0,2420,512,0,0,0.0,1.7699,nan,edge/x86_64,unknown,3.12.3,2026-10-09T18:44:24Z
137,ML-DSA-44,post-quantum,2,verify,0.0605,0.0,0.0,0.315,1312,2560,0,2420,512,0,0,0.0,0.9074,nan,edge/x86_64,unknown,3.12.3,2026-10-09T18:44:24Z
138,ML-DSA-44,post-quantum,2,keygen,0.0609,0.0,0.0,0.315,1312,2560,0,2420,0,0,0,0.0,0.9131,nan,edge/x86_64,unknown,3.12.3,2026-10-09T18:44:24Z
138,ML-DSA-44,post-quantum,2,sign,0.0818,0.0,0.0,0.315,1312,2560,0,2420,512,0,0,0.0,1.2263,nan,edge/x86_64,unknown,3.12.3,2026-10-09T18:44:24Z
138,ML-DSA-44,post-quantum,2,verify,0.0595,0.0,0.0,0.315,1312,2560,0,2420,512,0,0,0.0,0.8925,nan,edge/x86_64,unknown,3.12.3,2026-10-09T18:44:24Z
139,ML-DSA-44,post-quantum,2,keygen,0.0682,0.0,0.0,0.315,1312,2560,0,2420,0,0,0,0.0,1.0225,nan,edge/x86_64,unknown,3.12.3,2026-10-09T18:44:24Z
139,ML-DSA-44,post-quantum,2,sign,0.2799,0.0,0.0,0.315,1312,2560,0,2420,512,0,0,0.0,4.1978,nan,edge/x86_64,unknown,3.12.3,2026-10-09T18:44:24Z
139,ML-DSA-44,post-quantum,2,verify,0.2192,0.0,0.0,0.315,1312,2560,0,2420,512,0,0,0.0,3.2884,nan,edge/x86_64,unknown,3.12.3,2026-10-09T18:44:24Z
140,ML-DSA-44,post-quantum,2,keygen,0.1631,0.0,0.0,0.315,1312,2560,0,2420,0,0,0,0.0,2.4464,nan,edge/x86_64,unknown,3.12.3,2026-10-09T18:44:24Z
140,ML-DSA-44,post-quantum,2,sign,0.2724,0.0,0.0,0.315,1312,2560,0,2420,512,0,0,0.0,4.0854,nan,edge/x86_64,unknown,3.12.3,2026-10-09T18:44:24Z
140,ML-DSA-44,post-quantum,2,verify,0.0825,0.0,0.0,0.315,1312,2560,0,2420,512,0,0,0.0,1.2379,nan,edge/x86_64,unknown,3.12.3,2026-10-09T18:44:24Z
141,ML-DSA-44,post-quantum,2,keygen,0.1104,0.0,0.0,0.315,1312,2560,0,2420,0,0,0,0.0,1.6557,nan,edge/x86_64,unknown,3.12.3,2026-10-09T18:44:24Z
141,ML-DSA-44,post-quantum,2,sign,0.1207,0.0,0.0,0.315,1312,2560,0,2420,512,0,0,0.0,1.8099,nan,edge/x86_64,unknown,3.12.3,2026-10-09T18:44:24Z
141,ML-DSA-44,post-quantum,2,verify,0.0584,0.0,0.0,0.315,1312,2560,0,2420,512,0,0,0.0,0.8764,nan,edge/x86_64,unknown,3.12.3,2026-10-09T18:44:24Z
142,ML-DSA-44,post-quantum,2,keygen,0.0613,0.0,0.0,0.315,1312,2560,0,2420,0,0,0,0.0,0.9198,nan,edge/x86_64,unknown,3.12.3,2026-10-09T18:44:24Z
142,ML-DSA-44,post-quantum,2,sign,0.081,0.0,0.0,0.315,1312,2560,0,2420,512,0,0,0.0,1.2147,nan,edge/x86_64,unknown,3.12.3,2026-10-09T18:44:24Z
142,ML-DSA-44,post-quantum,2,verify,0.0684,0.0,0.0,0.315,1312,2560,0,2420,512,0,0,0.0,1.0254,nan,edge/x86_64,unknown,3.12.3,2026-10-09T18:44:24Z
143,ML-DSA-44,post-quantum,2,keygen,0.0702,0.0,0.0,0.315,1312,2560,0,2420,0,0,0,0.0,1.0523,nan,edge/x86_64,unknown,3.12.3,2026-10-09T18:44:24Z
143,ML-DSA-44,post-quantum,2,sign,0.1112,0.0,0.0,0.315,1312,2560,0,2420,512,0,0,0.0,1.6678,nan,edge/x86_64,unknown,3.12.3,2026-10-09T18:44:24Z
143,ML-DSA-44,post-quantum,2,verify,0.0912,0.0,0.0,0.315,1312,2560,0,2420,512,0,0,0.0,1.3681,nan,edge/x86_64,unknown,3.12.3,2026-10-09T18:44:24Z
144,ML-DSA-44,post-quantum,2,keygen,0.0751,0.0,0.0,0.315,1312,2560,0,2420,0,0,0,0.0,1.1268,nan,edge/x86_64,unknown,3.12.3,2026-10-09T18:44:24Z
144,ML-DSA-44,post-quantum,2,sign,0.1758,0.0,0.0,0.315,1312,2560,0,2420,512,0,0,0.0,2.6364,nan,edge/x86_64,unknown,3.12.3,2026-10-09T18:44:24Z
144,ML-DSA-44,post-quantum,2,verify,0.0624,0.0,0.0,0.315,1312,2560,0,2420,512,0,0,0.0,0.9366,nan,edge/x86_64,unknown,3.12.3,2026-10-09T18:44:24Z
145,ML-DSA-44,post-quantum,2,keygen,0.0657,0.0,0.0,0.315,1312,2560,0,2420,0,0,0,0.0,0.9859,nan,edge/x86_64,unknown,3.12.3,2026-10-09T18:44:24Z
145,ML-DSA-44,post-quantum,2,sign,0.0803,0.0,0.0,0.315,1312,2560,0,2420,512,0,0,0.0,1.2048,nan,edge/x86_64,unknown,3.12.3,2026-10-09T18:44:24Z
145,ML-DSA-44,post-quantum,2,verify,0.0695,0.0,0.0,0.315,1312,2560,0,2420,512,0,0,0.0,1.0426,nan,edge/x86_64,unknown,3.12.3,2026-10-09T18:44:24Z
146,ML-DSA-44,post-quantum,2,keygen,0.0795,0.0,0.0,0.315,1312,2560,0,2420,0,0,0,0.0,1.1929,nan,edge/x86_64,unknown,3.12.3,2026-10-09T18:44:24Z
146,ML-DSA-44,post-quantum,2,sign,0.1242,0.0,0.0,0.315,1312,2560,0,2420,512,0,0,0.0,1.8635,nan,edge/x86_64,unknown,3.12.3,2026-10-09T18:44:24Z
146,ML-DSA-44,post-quantum,2,verify,0.0592,0.0,0.0,0.315,1312,2560,0,2420,512,0,0,0.0,0.8875,nan,edge/x86_64,unknown,3.12.3,2026-10-09T18:44:24Z
147,ML-DSA-44,post-quantum,2,keygen,0.0908,0.0,0.0,0.315,1312,2560,0,2420,0,0,0,0.0,1.3614,nan,edge/x86_64,unknown,3.12.3,2026-10-09T18:44:24Z
147,ML-DSA-44,post-quantum,2,sign,0.1913,0.0,0.0,0.315,1312,2560,0,2420,512,0,0,0.0,2.8689,nan,edge/x86_64,unknown,3.12.3,2026-10-09T18:44:24Z
147,ML-DSA-44,post-quantum,2,verify,0.0903,0.0,0.0,0.315,1312,2560,0,2420,512,0,0,0.0,1.3539,nan,edge/x86_64,unknown,3.12.3,2026-10-09T18:44:24Z
148,ML-DSA-44,post-quantum,2,keygen,0.0724,0.0,0.0,0.315,1312,2560,0,2420,0,0,0,0.0,1.0864,nan,edge/x86_64,unknown,3.12.3,2026-10-09T18:44:24Z
148,ML-DSA-44,post-quantum,2,sign,0.2193,0.0,0.0,0.315,1312,2560,0,2420,512,0,0,0.0,3.2899,nan,edge/x86_64,unknown,3.12.3,2026-10-09T18:44:24Z
148,ML-DSA-44,post-quantum,2,verify,0.0617,0.0,0.0,0.315,1312,2560,0,2420,512,0,0,0.0,0.9253,nan,edge/x86_64,unknown,3.12.3,2026-10-09T18:44:24Z
149,ML-DSA-44,post-quantum,2,keygen,0.0657,0.0,0.0,0.315,1312,2560,0,2420,0,0,0,0.0,0.9852,nan,edge/x86_64,unknown,3.12.3,2026-10-09T18:44:24Z
149,ML-DSA-44,post-quantum,2,sign,0.1542,0.0,0.0,0.315,1312,2560,0,2420,512,0,0,0.0,2.3137,nan,edge/x86_64,unknown,3.12.3,2026-10-09T18:44:24Z
149,ML-DSA-44,post-quantum,2,verify,0.059,0.0,0.0,0.315,1312,2560,0,2420,512,0,0,0.0,0.8845,nan,edge/x86_64,unknown,3.12.3,2026-10-09T18:44:24Z
150,ML-DSA-44,post-quantum,2,keygen,0.0622,0.0,0.0,0.315,1312,2560,0,2420,0,0,0,0.0,0.9326,nan,edge/x86_64,unknown,3.12.3,2026-10-09T18:44:24Z
150,ML-DSA-44,post-quantum,2,sign,0.2212,0.0,0.0,0.315,1312,2560,0,2420,512,0,0,0.0,3.3179,nan,edge/x86_64,unknown,3.12.3,2026-10-09T18:44:24Z
150,ML-DSA-44,post-quantum,2,verify,0.0587,0.0,0.0,0.315,1312,2560,0,2420,512,0,0,0.0,0.8798,nan,edge/x86_64,unknown,3.12.3,2026-10-09T18:44:24Z
151,ML-DSA-44,post-quantum,2,keygen,0.0615,0.0,0.0,0.315,1312,2560,0,2420,0,0,0,0.0,0.9225,nan,edge/x86_64,unknown,3.12.3,2026-10-09T18:44:24Z
151,ML-DSA-44,post-quantum,2,sign,0.0784,0.0,0.0,0.315,1312,2560,0,2420,512,0,0,0.0,1.1756,nan,edge/x86_64,unknown,3.12.3,2026-10-09T18:44:24Z
151,ML-DSA-44,post-quantum,2,verify,0.063,0.0,0.0,0.315,1312,2560,0,2420,512,0,0,0.0,0.9449,nan,edge/x86_64,unknown,3.12.3,2026-10-09T18:44:24Z
152,ML-DSA-44,post-quantum,2,keygen,0.0663,0.0,0.0,0.315,1312,2560,0,2420,0,0,0,0.0,0.9951,nan,edge/x86_64,unknown,3.12.3,2026-10-09T18:44:24Z
152,ML-DSA-44,post-quantum,2,sign,0.0928,0.0,0.0,0.315,1312,2560,0,2420,512,0,0,0.0,1.3926,nan,edge/x86_64,unknown,3.12.3,2026-10-09T18:44:24Z
152,ML-DSA-44,post-quantum,2,verify,0.0612,0.0,0.0,0.315,1312,2560,0,2420,512,0,0,0.0,0.9182,nan,edge/x86_64,unknown,3.12.3,2026-10-09T18:44:24Z
153,ML-DSA-44,post-quantum,2,keygen,0.0627,0.0,0.0,0.315,1312,2560,0,2420,0,0,0,0.0,0.9405,nan,edge/x86_64,unknown,3.12.3,2026-10-09T18:44:24Z
153,ML-DSA-44,post-quantum,2,sign,0.1916,0.0,0.0,0.315,1312,2560,0,2420,512,0,0,0.0,2.8737,nan,edge/x86_64,unknown,3.12.3,2026-10-09T18:44:24Z
153,ML-DSA-44,post-quantum,2,verify,0.0939,0.0,0.0,0.315,1312,2560,0,2420,512,0,0,0.0,1.4092,nan,edge/x86_64,unknown,3.12.3,2026-10-09T18:44:24Z
154,ML-DSA-44,post-quantum,2,keygen,0.1473,0.0,0.0,0.315,1312,2560,0,2420,0,0,0,0.0,2.209,nan,edge/x86_64,unknown,3.12.3,2026-10-09T18:44:24Z
154,ML-DSA-44,post-quantum,2,sign,0.1427,0.0,0.0,0.315,1312,2560,0,2420,512,0,0,0.0,2.1407,nan,edge/x86_64,unknown,3.12.3,2026-10-09T18:44:24Z
154,ML-DSA-44,post-quantum,2,verify,0.0611,0.0,0.0,0.315,1312,2560,0,2420,512,0,0,0.0,0.9172,nan,edge/x86_64,unknown,3.12.3,2026-10-09T18:44:24Z
155,ML-DSA-44,post-quantum,2,keygen,0.0658,0.0,0.0,0.315,1312,2560,0,2420,0,0,0,0.0,0.9868,nan,edge/x86_64,unknown,3.12.3,2026-10-09T18:44:24Z
155,ML-DSA-44,post-quantum,2,sign,0.0957,0.0,0.0,0.315,1312,2560,0,2420,512,0,0,0.0,1.436,nan,edge/x86_64,unknown,3.12.3,2026-10-09T18:44:24Z
155,ML-DSA-44,post-quantum,2,verify,0.0556,0.0,0.0,0.315,1312,2560,0,2420,512,0,0,0.0,0.8334,nan,edge/x86_64,unknown,3.12.3,2026-10-09T18:44:24Z
156,ML-DSA-44,post-quantum,2,keygen,0.0592,0.0,0.0,0.315,1312,2560,0,2420,0,0,0,0.0,0.8883,nan,edge/x86_64,unknown,3.12.3,2026-10-09T18:44:24Z
156,ML-DSA-44,post-quantum,2,sign,0.1255,0.0,0.0,0.315,1312,2560,0,2420,512,0,0,0.0,1.882,nan,edge/x86_64,unknown,3.12.3,2026-10-09T18:44:24Z
156,ML-DSA-44,post-quantum,2,verify,0.0581,0.0,0.0,0.315,1312,2560,0,2420,512,0,0,0.0,0.8719,nan,edge/x86_64,unknown,3.12.3,2026-10-09T18:44:24Z
157,ML-DSA-44,post-quantum,2,keygen,0.1002,0.0,0.0,0.315,1312,2560,0,2420,0,0,0,0.0,1.5025,nan,edge/x86_64,unknown,3.12.3,2026-10-09T18:44:24Z
157,ML-DSA-44,post-quantum,2,sign,0.1366,0.0,0.0,0.315,1312,2560,0,2420,512,0,0,0.0,2.0496,nan,edge/x86_64,unknown,3.12.3,2026-10-09T18:44:24Z
157,ML-DSA-44,post-quantum,2,verify,0.0648,0.0,0.0,0.315,1312,2560,0,2420,512,0,0,0.0,0.9716,nan,edge/x86_64,unknown,3.12.3,2026-10-09T18:44:24Z
158,ML-DSA-44,post-quantum,2,keygen,0.0669,0.0,0.0,0.315,1312,2560,0,2420,0,0,0,0.0,1.0038,nan,edge/x86_64,unknown,3.12.3,2026-10-09T18:44:24Z
158,ML-DSA-44,post-quantum,2,sign,0.1056,0.0,0.0,0.315,1312,2560,0,2420,512,0,0,0.0,1.5834,nan,edge/x86_64,unknown,3.12.3,2026-10-09T18:44:24Z
158,ML-DSA-44,post-quantum,2,verify,0.0997,0.0,0.0,0.315,1312,2560,0,2420,512,0,0,0.0,1.4954,nan,edge/x86_64,unknown,3.12.3,2026-10-09T18:44:24Z
159,ML-DSA-44,post-quantum,2,keygen,0.092,0.0,0.0,0.315,1312,2560,0,2420,0,0,0,0.0,1.3806,nan,edge/x86_64,unknown,3.12.3,2026-10-09T18:44:24Z
159,ML-DSA-44,post-quantum,2,sign,0.2868,0.0,0.0,0.315,1312,2560,0,2420,512,0,0,0.0,4.3025,nan,edge/x86_64,unknown,3.12.3,2026-10-09T18:44:24Z
159,ML-DSA-44,post-quantum,2,verify,0.0725,0.0,0.0,0.315,1312,2560,0,2420,512,0,0,0.0,1.0881,nan,edge/x86_64,unknown,3.12.3,2026-10-09T18:44:24Z
160,ML-DSA-44,post-quantum,2,keygen,0.0672,0.0,0.0,0.315,1312,2560,0,2420,0,0,0,0.0,1.0073,nan,edge/x86_64,unknown,3.12.3,2026-10-09T18:44:24Z
160,ML-DSA-44,post-quantum,2,sign,0.1009,0.0,0.0,0.315,1312,2560,0,2420,512,0,0,0.0,1.5142,nan,edge/x86_64,unknown,3.12.3,2026-10-09T18:44:24Z
160,ML-DSA-44,post-quantum,2,verify,0.0625,0.0,0.0,0.315,1312,2560,0,2420,512,0,0,0.0,0.9376,nan,edge/x86_64,unknown,3.12.3,2026-10-09T18:44:24Z
161,ML-DSA-44,post-quantum,2,keygen,0.0628,0.0,0.0,0.315,1312,2560,0,2420,0,0,0,0.0,0.9413,nan,edge/x86_64,unknown,3.12.3,2026-10-09T18:44:24Z
161,ML-DSA-44,post-quantum,2,sign,0.1447,0.0,0.0,0.315,1312,2560,0,2420,512,0,0,0.0,2.171,nan,edge/x86_64,unknown,3.12.3,2026-10-09T18:44:24Z
161,ML-DSA-44,post-quantum,2,verify,0.0587,0.0,0.0,0.315,1312,2560,0,2420,512,0,0,0.0,0.88,nan,edge/x86_64,unknown,3.12.3,2026-10-09T18:44:24Z
162,ML-DSA-44,post-quantum,2,keygen,0.0602,0.0,0.0,0.315,1312,2560,0,2420,0,0,0,0.0,0.9031,nan,edge/x86_64,unknown,3.12.3,2026-10-09T18:44:24Z
162,ML-DSA-44,post-quantum,2,sign,0.1379,0.0,0.0,0.315,1312,2560,0,2420,512,0,0,0.0,2.0683,nan,edge/x86_64,unknown,3.12.3,2026-10-09T18:44:24Z
162,ML-DSA-44,post-quantum,2,verify,0.0585,0.0,0.0,0.315,1312,2560,0,2420,512,0,0,0.0,0.8774,nan,edge/x86_64,unknown,3.12.3,2026-10-09T18:44:24Z
163,ML-DSA-44,post-quantum,2,keygen,0.0617,0.0,0.0,0.315,1312,2560,0,2420,0,0,0,0.0,0.9259,nan,edge/x86_64,unknown,3.12.3,2026-10-09T18:44:24Z
163,ML-DSA-44,post-quantum,2,sign,0.2065,0.0,0.0,0.315,1312,2560,0,2420,512,0,0,0.0,3.0977,nan,edge/x86_64,unknown,3.12.3,2026-10-09T18:44:24Z
163,ML-DSA-44,post-quantum,2,verify,0.0875,0.0,0.0,0.315,1312,2560,0,2420,512,0,0,0.0,1.3131,nan,edge/x86_64,unknown,3.12.3,2026-10-09T18:44:24Z
164,ML-DSA-44,post-quantum,2,keygen,0.064,0.0,0.0,0.315,1312,2560,0,2420,0,0,0,0.0,0.9601,nan,edge/x86_64,unknown,3.12.3,2026-10-09T18:44:24Z
164,ML-DSA-44,post-quantum,2,sign,0.2722,0.0,0.0,0.315,1312,2560,0,2420,512,0,0,0.0,4.0825,nan,edge/x86_64,unknown,3.12.3,2026-10-09T18:44:24Z
164,ML-DSA-44,post-quantum,2,verify,0.061,0.0,0.0,0.315,1312,2560,0,2420,512,0,0,0.0,0.9157,nan,edge/x86_64,unknown,3.12.3,2026-10-09T18:44:24Z
165,ML-DSA-44,post-quantum,2,keygen,0.0784,0.0,0.0,0.315,1312,2560,0,2420,0,0,0,0.0,1.1753,nan,edge/x86_64,unknown,3.12.3,2026-10-09T18:44:24Z
165,ML-DSA-44,post-quantum,2,sign,0.0943,0.0,0.0,0.315,1312,2560,0,2420,512,0,0,0.0,1.4152,nan,edge/x86_64,unknown,3.12.3,2026-10-09T18:44:24Z
165,ML-DSA-44,post-quantum,2,verify,0.0677,0.0,0.0,0.315,1312,2560,0,2420,512,0,0,0.0,1.016,nan,edge/x86_64,unknown,3.12.3,2026-10-09T18:44:24Z
166,ML-DSA-44,post-quantum,2,keygen,0.1279,0.0,0.0,0.315,1312,2560,0,2420,0,0,0,0.0,1.9184,nan,edge/x86_64,unknown,3.12.3,2026-10-09T18:44:24Z
166,ML-DSA-44,post-quantum,2,sign,0.1444,0.0,0.0,0.315,1312,2560,0,2420,512,0,0,0.0,2.1659,nan,edge/x86_64,unknown,3.12.3,2026-10-09T18:44:24Z
166,ML-DSA-44,post-quantum,2,verify,0.0586,0.0,0.0,0.315,1312,2560,0,2420,512,0,0,0.0,0.8794,nan,edge/x86_64,unknown,3.12.3,2026-10-09T18:44:24Z
167,ML-DSA-44,post-quantum,2,keygen,0.0624,0.0,0.0,0.315,1312,2560,0,2420,0,0,0,0.0,0.9353,nan,edge/x86_64,unknown,3.12.3,2026-10-09T18:44:24Z
167,ML-DSA-44,post-quantum,2,sign,0.1804,0.0,0.0,0.315,1312,2560,0,2420,512,0,0,0.0,2.7056,nan,edge/x86_64,unknown,3.12.3,2026-10-09T18:44:24Z
167,ML-DSA-44,post-quantum,2,verify,0.0582,0.0,0.0,0.315,1312,2560,0,2420,512,0,0,0.0,0.8733,nan,edge/x86_64,unknown,3.12.3,2026-10-09T18:44:24Z
168,ML-DSA-44,post-quantum,2,keygen,0.0622,0.0,0.0,0.315,1312,2560,0,2420,0,0,0,0.0,0.9333,nan,edge/x86_64,unknown,3.12.3,2026-10-09T18:44:24Z
168,ML-DSA-44,post-quantum,2,sign,0.1943,0.0,0.0,0.315,1312,2560,0,2420,512,0,0,0.0,2.9145,nan,edge/x86_64,unknown,3.12.3,2026-10-09T18:44:24Z
168,ML-DSA-44,post-quantum,2,verify,0.1026,0.0,0.0,0.315,1312,2560,0,2420,512,0,0,0.0,1.5393,nan,edge/x86_64,unknown,3.12.3,2026-10-09T18:44:24Z
169,ML-DSA-44,post-quantum,2,keygen,0.1022,0.0,0.0,0.315,1312,2560,0,2420,0,0,0,0.0,1.5334,nan,edge/x86_64,unknown,3.12.3,2026-10-09T18:44:24Z
169,ML-DSA-44,post-quantum,2,sign,0.0931,0.0,0.0,0.315,1312,2560,0,2420,512,0,0,0.0,1.3961,nan,edge/x86_64,unknown,3.12.3,2026-10-09T18:44:24Z
169,ML-DSA-44,post-quantum,2,verify,0.0606,0.0,0.0,0.315,1312,2560,0,2420,512,0,0,0.0,0.9084,nan,edge/x86_64,unknown,3.12.3,2026-10-09T18:44:24Z
170,ML-DSA-44,post-quantum,2,keygen,0.0623,0.0,0.0,0.315,1312,2560,0,2420,0,0,0,0.0,0.9343,nan,edge/x86_64,unknown,3.12.3,2026-10-09T18:44:24Z
170,ML-DSA-44,post-quantum,2,sign,0.1404,0.0,0.0,0.315,1312,2560,0,2420,512,0,0,0.0,2.1053,nan,edge/x86_64,unknown,3.12.3,2026-10-09T18:44:24Z
170,ML-DSA-44,post-quantum,2,verify,0.0569,0.0,0.0,0.315,1312,2560,0,2420,512,0,0,0.0,0.8531,nan,edge/x86_64,unknown,3.12.3,2026-10-09T18:44:24Z
171,ML-DSA-44,post-quantum,2,keygen,0.0598,0.0,0.0,0.315,1312,2560,0,2420,0,0,0,0.0,0.8971,nan,edge/x86_64,unknown,3.12.3,2026-10-09T18:44:24Z
171,ML-DSA-44,post-quantum,2,sign,0.1527,0.0,0.0,0.315,1312,2560,0,2420,512,0,0,0.0,2.2902,nan,edge/x86_64,unknown,3.12.3,2026-10-09T18:44:24Z
171,ML-DSA-44,post-quantum,2,verify,0.0642,0.0,0.0,0.315,1312,2560,0,2420,512,0,0,0.0,0.9629,nan,edge/x86_64,unknown,3.12.3,2026-10-09T18:44:24Z
172,ML-DSA-44,post-quantum,2,keygen,0.1231,0.0,0.0,0.315,1312,2560,0,2420,0,0,0,0.0,1.846,nan,edge/x86_64,unknown,3.12.3,2026-10-09T18:44:24Z
172,ML-DSA-44,post-quantum,2,sign,0.2183,0.0,0.0,0.315,1312,2560,0,2420,512,0,0,0.0,3.2739,nan,edge/x86_64,unknown,3.12.3,2026-10-09T18:44:24Z
172,ML-DSA-44,post-quantum,2,verify,0.0598,0.0,0.0,0.315,1312,2560,0,2420,512,0,0,0.0,0.8972,nan,edge/x86_64,unknown,3.12.3,2026-10-09T18:44:24Z
173,ML-DSA-44,post-quantum,2,keygen,0.0653,0.0,0.0,0.315,1312,2560,0,2420,0,0,0,0.0,0.9798,nan,edge/x86_64,unknown,3.12.3,2026-10-09T18:44:24Z
173,ML-DSA-44,post-quantum,2,sign,0.1384,0.0,0.0,0.315,1312,2560,0,2420,512,0,0,0.0,2.0756,nan,edge/x86_64,unknown,3.12.3,2026-10-09T18:44:24Z
173,ML-DSA-44,post-quantum,2,verify,0.0602,0.0,0.0,0.315,1312,2560,0,2420,512,0,0,0.0,0.9025,nan,edge/x86_64,unknown,3.12.3,2026-10-09T18:44:24Z
174,ML-DSA-44,post-quantum,2,keygen,0.0736,0.0,0.0,0.315,1312,2560,0,2420,0,0,0,0.0,1.1043,nan,edge/x86_64,unknown,3.12.3,2026-10-09T18:44:24Z
174,ML-DSA-44,post-quantum,2,sign,0.1652,0.0,0.0,0.315,1312,2560,0,2420,512,0,0,0.0,2.4785,nan,edge/x86_64,unknown,3.12.3,2026-10-09T18:44:24Z
174,ML-DSA-44,post-quantum,2,verify,0.0608,0.0,0.0,0.315,1312,2560,0,2420,512,0,0,0.0,0.9115,nan,edge/x86_64,unknown,3.12.3,2026-10-09T18:44:24Z
175,ML-DSA-44,post-quantum,2,keygen,0.0652,0.0,0.0,0.315,1312,2560,0,2420,0,0,0,0.0,0.9776,nan,edge/x86_64,unknown,3.12.3,2026-10-09T18:44:24Z
175,ML-DSA-44,post-quantum,2,sign,0.1537,0.0,0.0,0.315,1312,2560,0,2420,512,0,0,0.0,2.3062,nan,edge/x86_64,unknown,3.12.3,2026-10-09T18:44:24Z
175,ML-DSA-44,post-quantum,2,verify,0.0606,0.0,0.0,0.315,1312,2560,0,2420,512,0,0,0.0,0.9095,nan,edge/x86_64,unknown,3.12.3,2026-10-09T18:44:24Z
176,ML-DSA-44,post-quantum,2,keygen,0.064,0.0,0.0,0.315,1312,2560,0,2420,0,0,0,0.0,0.9601,nan,edge/x86_64,unknown,3.12.3,2026-10-09T18:44:24Z
176,ML-DSA-44,post-quantum,2,sign,0.0821,0.0,0.0,0.315,1312,2560,0,2420,512,0,0,0.0,1.2316,nan,edge/x86_64,unknown,3.12.3,2026-10-09T18:44:24Z
176,ML-DSA-44,post-quantum,2,verify,0.0577,0.0,0.0,0.315,1312,2560,0,2420,512,0,0,0.0,0.8655,nan,edge/x86_64,unknown,3.12.3,2026-10-09T18:44:24Z
177,ML-DSA-44,post-quantum,2,keygen,0.0607,0.0,0.0,0.315,1312,2560,0,2420,0,0,0,0.0,0.9107,nan,edge/x86_64,unknown,3.12.3,2026-10-09T18:44:24Z
177,ML-DSA-44,post-quantum,2,sign,0.1481,0.0,0.0,0.315,1312,2560,0,2420,512,0,0,0.0,2.2219,nan,edge/x86_64,unknown,3.12.3,2026-10-09T18:44:24Z
177,ML-DSA-44,post-quantum,2,verify,0.0729,0.0,0.0,0.315,1312,2560,0,2420,512,0,0,0.0,1.0933,nan,edge/x86_64,unknown,3.12.3,2026-10-09T18:44:24Z
178,ML-DSA-44,post-quantum,2,keygen,0.0614,0.0,0.0,0.315,1312,2560,0,2420,0,0,0,0.0,0.9214,nan,edge/x86_64,unknown,3.12.3,2026-10-09T18:44:24Z
178,ML-DSA-44,post-quantum,2,sign,0.0786,0.0,0.0,0.315,1312,2560,0,2420,512,0,0,0.0,1.1783,nan,edge/x86_64,unknown,3.12.3,2026-10-09T18:44:24Z
178,ML-DSA-44,post-quantum,2,verify,0.0572,0.0,0.0,0.315,1312,2560,0,2420,512,0,0,0.0,0.8579,nan,edge/x86_64,unknown,3.12.3,2026-10-09T18:44:24Z
179,ML-DSA-44,post-quantum,2,keygen,0.1164,0.0,0.0,0.315,1312,2560,0,2420,0,0,0,0.0,1.7454,nan,edge/x86_64,unknown,3.12.3,2026-10-09T18:44:24Z
179,ML-DSA-44,post-quantum,2,sign,0.1027,0.0,0.0,0.315,1312,2560,0,2420,512,0,0,0.0,1.5405,nan,edge/x86_64,unknown,3.12.3,2026-10-09T18:44:24Z
179,ML-DSA-44,post-quantum,2,verify,0.058,0.0,0.0,0.315,1312,2560,0,2420,512,0,0,0.0,0.8697,nan,edge/x86_64,unknown,3.12.3,2026-10-09T18:44:24Z
180,ML-DSA-44,post-quantum,2,keygen,0.0613,0.0,0.0,0.315,1312,2560,0,2420,0,0,0,0.0,0.9197,nan,edge/x86_64,unknown,3.12.3,2026-10-09T18:44:24Z
180,ML-DSA-44,post-quantum,2,sign,0.1168,0.0,0.0,0.315,1312,2560,0,2420,512,0,0,0.0,1.7524,nan,edge/x86_64,unknown,3.12.3,2026-10-09T18:44:24Z
180,ML-DSA-44,post-quantum,2,verify,0.0568,0.0,0.0,0.315,1312,2560,0,2420,512,0,0,0.0,0.8516,nan,edge/x86_64,unknown,3.12.3,2026-10-09T18:44:24Z
181,ML-DSA-44,post-quantum,2,keygen,0.0639,0.0,0.0,0.315,1312,2560,0,2420,0,0,0,0.0,0.9592,nan,edge/x86_64,unknown,3.12.3,2026-10-09T18:44:24Z
181,ML-DSA-44,post-quantum,2,sign,0.1248,0.0,0.0,0.315,1312,2560,0,2420,512,0,0,0.0,1.8723,nan,edge/x86_64,unknown,3.12.3,2026-10-09T18:44:24Z
181,ML-DSA-44,post-quantum,2,verify,0.0594,0.0,0.0,0.315,1312,2560,0,2420,512,0,0,0.0,0.8914,nan,edge/x86_64,unknown,3.12.3,2026-10-09T18:44:24Z
182,ML-DSA-44,post-quantum,2,keygen,0.0617,0.0,0.0,0.315,1312,2560,0,2420,0,0,0,0.0,0.9262,nan,edge/x86_64,unknown,3.12.3,2026-10-09T18:44:24Z
182,ML-DSA-44,post-quantum,2,sign,0.3451,0.0,0.0,0.315,1312,2560,0,2420,512,0,0,0.0,5.1768,nan,edge/x86_64,unknown,3.12.3,2026-10-09T18:44:24Z
182,ML-DSA-44,post-quantum,2,verify,0.0794,0.0,0.0,0.315,1312,2560,0,2420,512,0,0,0.0,1.1906,nan,edge/x86_64,unknown,3.12.3,2026-10-09T18:44:24Z
183,ML-DSA-44,post-quantum,2,keygen,0.0663,0.0,0.0,0.315,1312,2560,0,2420,0,0,0,0.0,0.9948,nan,edge/x86_64,unknown,3.12.3,2026-10-09T18:44:24Z
183,ML-DSA-44,post-quantum,2,sign,0.099,0.0,0.0,0.315,1312,2560,0,2420,512,0,0,0.0,1.4857,nan,edge/x86_64,unknown,3.12.3,2026-10-09T18:44:24Z
183,ML-DSA-44,post-quantum,2,verify,0.0632,0.0,0.0,0.315,1312,2560,0,2420,512,0,0,0.0,0.9481,nan,edge/x86_64,unknown,3.12.3,2026-10-09T18:44:24Z
184,ML-DSA-44,post-quantum,2,keygen,0.0629,0.0,0.0,0.315,1312,2560,0,2420,0,0,0,0.0,0.9442,nan,edge/x86_64,unknown,3.12.3,2026-10-09T18:44:24Z
184,ML-DSA-44,post-quantum,2,sign,0.098,0.0,0.0,0.315,1312,2560,0,2420,512,0,0,0.0,1.47,nan,edge/x86_64,unknown,3.12.3,2026-10-09T18:44:24Z
184,ML-DSA-44,post-quantum,2,verify,0.0594,0.0,0.0,0.315,1312,2560,0,2420,512,0,0,0.0,0.8911,nan,edge/x86_64,unknown,3.12.3,2026-10-09T18:44:24Z
185,ML-DSA-44,post-quantum,2,keygen,0.0613,0.0,0.0,0.315,1312,2560,0,2420,0,0,0,0.0,0.9192,nan,edge/x86_64,unknown,3.12.3,2026-10-09T18:44:24Z
185,ML-DSA-44,post-quantum,2,sign,0.0766,0.0,0.0,0.315,1312,2560,0,2420,512,0,0,0.0,1.149,nan,edge/x86_64,unknown,3.12.3,2026-10-09T18:44:24Z
185,ML-DSA-44,post-quantum,2,verify,0.1068,0.0,0.0,0.315,1312,2560,0,2420,512,0,0,0.0,1.6021,nan,edge/x86_64,unknown,3.12.3,2026-10-09T18:44:24Z
186,ML-DSA-44,post-quantum,2,keygen,0.0729,0.0,0.0,0.315,1312,2560,0,2420,0,0,0,0.0,1.0939,nan,edge/x86_64,unknown,3.12.3,2026-10-09T18:44:24Z
186,ML-DSA-44,post-quantum,2,sign,0.3836,0.0,0.0,0.315,1312,2560,0,2420,512,0,0,0.0,5.7545,nan,edge/x86_64,unknown,3.12.3,2026-10-09T18:44:24Z
186,ML-DSA-44,post-quantum,2,verify,0.0605,0.0,0.0,0.315,1312,2560,0,2420,512,0,0,0.0,0.9078,nan,edge/x86_64,unknown,3.12.3,2026-10-09T18:44:24Z
187,ML-DSA-44,post-quantum,2,keygen,0.1141,0.0,0.0,0.315,1312,2560,0,2420,0,0,0,0.0,1.7109,nan,edge/x86_64,unknown,3.12.3,2026-10-09T18:44:24Z
187,ML-DSA-44,post-quantum,2,sign,0.0799,0.0,0.0,0.315,1312,2560,0,2420,512,0,0,0.0,1.1987,nan,edge/x86_64,unknown,3.12.3,2026-10-09T18:44:24Z
187,ML-DSA-44,post-quantum,2,verify,0.0624,0.0,0.0,0.315,1312,2560,0,2420,512,0,0,0.0,0.9361,nan,edge/x86_64,unknown,3.12.3,2026-10-09T18:44:24Z
188,ML-DSA-44,post-quantum,2,keygen,0.0603,0.0,0.0,0.315,1312,2560,0,2420,0,0,0,0.0,0.9047,nan,edge/x86_64,unknown,3.12.3,2026-10-09T18:44:24Z
188,ML-DSA-44,post-quantum,2,sign,0.0777,0.0,0.0,0.315,1312,2560,0,2420,512,0,0,0.0,1.1648,nan,edge/x86_64,unknown,3.12.3,2026-10-09T18:44:24Z
188,ML-DSA-44,post-quantum,2,verify,0.0567,0.0,0.0,0.315,1312,2560,0,2420,512,0,0,0.0,0.8508,nan,edge/x86_64,unknown,3.12.3,2026-10-09T18:44:24Z
189,ML-DSA-44,post-quantum,2,keygen,0.064,0.0,0.0,0.315,1312,2560,0,2420,0,0,0,0.0,0.9594,nan,edge/x86_64,unknown,3.12.3,2026-10-09T18:44:24Z
189,ML-DSA-44,post-quantum,2,sign,0.1248,0.0,0.0,0.315,1312,2560,0,2420,512,0,0,0.0,1.8717,nan,edge/x86_64,unknown,3.12.3,2026-10-09T18:44:24Z
189,ML-DSA-44,post-quantum,2,verify,0.0613,0.0,0.0,0.315,1312,2560,0,2420,512,0,0,0.0,0.9188,nan,edge/x86_64,unknown,3.12.3,2026-10-09T18:44:24Z
190,ML-DSA-44,post-quantum,2,keygen,0.063,0.0,0.0,0.315,1312,2560,0,2420,0,0,0,0.0,0.9446,nan,edge/x86_64,unknown,3.12.3,2026-10-09T18:44:24Z
190,ML-DSA-44,post-quantum,2,sign,0.1395,0.0,0.0,0.315,1312,2560,0,2420,512,0,0,0.0,2.093,nan,edge/x86_64,unknown,3.12.3,2026-10-09T18:44:24Z
190,ML-DSA-44,post-quantum,2,verify,0.0725,0.0,0.0,0.315,1312,2560,0,2420,512,0,0,0.0,1.0881,nan,edge/x86_64,unknown,3.12.3,2026-10-09T18:44:24Z
191,ML-DSA-44,post-quantum,2,keygen,0.0632,0.0,0.0,0.315,1312,2560,0,2420,0,0,0,0.0,0.9476,nan,edge/x86_64,unknown,3.12.3,2026-10-09T18:44:24Z
191,ML-DSA-44,post-quantum,2,sign,0.0781,0.0,0.0,0.315,1312,2560,0,2420,512,0,0,0.0,1.1719,nan,edge/x86_64,unknown,3.12.3,2026-10-09T18:44:24Z
191,ML-DSA-44,post-quantum,2,verify,0.0556,0.0,0.0,0.315,1312,2560,0,2420,512,0,0,0.0,0.8342,nan,edge/x86_64,unknown,3.12.3,2026-10-09T18:44:24Z
192,ML-DSA-44,post-quantum,2,keygen,0.1055,0.0,0.0,0.315,1312,2560,0,2420,0,0,0,0.0,1.5824,nan,edge/x86_64,unknown,3.12.3,2026-10-09T18:44:24Z
192,ML-DSA-44,post-quantum,2,sign,0.1412,0.0,0.0,0.315,1312,2560,0,2420,512,0,0,0.0,2.1177,nan,edge/x86_64,unknown,3.12.3,2026-10-09T18:44:24Z
192,ML-DSA-44,post-quantum,2,verify,0.0593,0.0,0.0,0.315,1312,2560,0,2420,512,0,0,0.0,0.8889,nan,edge/x86_64,unknown,3.12.3,2026-10-09T18:44:24Z
193,ML-DSA-44,post-quantum,2,keygen,0.0591,0.0,0.0,0.315,1312,2560,0,2420,0,0,0,0.0,0.8872,nan,edge/x86_64,unknown,3.12.3,2026-10-09T18:44:24Z
193,ML-DSA-44,post-quantum,2,sign,0.1885,0.0,0.0,0.315,1312,2560,0,2420,512,0,0,0.0,2.8282,nan,edge/x86_64,unknown,3.12.3,2026-10-09T18:44:24Z
193,ML-DSA-44,post-quantum,2,verify,0.0567,0.0,0.0,0.315,1312,2560,0,2420,512,0,0,0.0,0.8505,nan,edge/x86_64,unknown,3.12.3,2026-10-09T18:44:24Z
194,ML-DSA-44,post-quantum,2,keygen,0.0833,0.0,0.0,0.315,1312,2560,0,2420,0,0,0,0.0,1.2491,nan,edge/x86_64,unknown,3.12.3,2026-10-09T18:44:24Z
194,ML-DSA-44,post-quantum,2,sign,1.5533,0.0,0.0,0.315,1312,2560,0,2420,512,0,0,0.0,23.2991,nan,edge/x86_64,unknown,3.12.3,2026-10-09T18:44:24Z
194,ML-DSA-44,post-quantum,2,verify,0.1938,0.0,0.0,0.315,1312,2560,0,2420,512,0,0,0.0,2.9063,nan,edge/x86_64,unknown,3.12.3,2026-10-09T18:44:24Z
195,ML-DSA-44,post-quantum,2,keygen,0.0723,0.0,0.0,0.315,1312,2560,0,2420,0,0,0,0.0,1.0841,nan,edge/x86_64,unknown,3.12.3,2026-10-09T18:44:24Z
195,ML-DSA-44,post-quantum,2,sign,0.1402,0.0,0.0,0.315,1312,2560,0,2420,512,0,0,0.0,2.1033,nan,edge/x86_64,unknown,3.12.3,2026-10-09T18:44:24Z
195,ML-DSA-44,post-quantum,2,verify,0.0572,0.0,0.0,0.315,1312,2560,0,2420,512,0,0,0.0,0.8574,nan,edge/x86_64,unknown,3.12.3,2026-10-09T18:44:24Z
196,ML-DSA-44,post-quantum,2,keygen,0.0613,0.0,0.0,0.315,1312,2560,0,2420,0,0,0,0.0,0.9196,nan,edge/x86_64,unknown,3.12.3,2026-10-09T18:44:24Z
196,ML-DSA-44,post-quantum,2,sign,0.0955,0.0,0.0,0.315,1312,2560,0,2420,512,0,0,0.0,1.433,nan,edge/x86_64,unknown,3.12.3,2026-10-09T18:44:24Z
196,ML-DSA-44,post-quantum,2,verify,0.0583,0.0,0.0,0.315,1312,2560,0,2420,512,0,0,0.0,0.875,nan,edge/x86_64,unknown,3.12.3,2026-10-09T18:44:24Z
197,ML-DSA-44,post-quantum,2,keygen,0.0596,0.0,0.0,0.315,1312,2560,0,2420,0,0,0,0.0,0.8946,nan,edge/x86_64,unknown,3.12.3,2026-10-09T18:44:24Z
197,ML-DSA-44,post-quantum,2,sign,0.1101,0.0,0.0,0.315,1312,2560,0,2420,512,0,0,0.0,1.6511,nan,edge/x86_64,unknown,3.12.3,2026-10-09T18:44:24Z
197,ML-DSA-44,post-quantum,2,verify,0.0602,0.0,0.0,0.315,1312,2560,0,2420,512,0,0,0.0,0.9023,nan,edge/x86_64,unknown,3.12.3,2026-10-09T18:44:24Z
198,ML-DSA-44,post-quantum,2,keygen,0.0611,0.0,0.0,0.315,1312,2560,0,2420,0,0,0,0.0,0.9161,nan,edge/x86_64,unknown,3.12.3,2026-10-09T18:44:24Z
198,ML-DSA-44,post-quantum,2,sign,0.2735,0.0,0.0,0.315,1312,2560,0,2420,512,0,0,0.0,4.1022,nan,edge/x86_64,unknown,3.12.3,2026-10-09T18:44:24Z
198,ML-DSA-44,post-quantum,2,verify,0.0695,0.0,0.0,0.315,1312,2560,0,2420,512,0,0,0.0,1.0419,nan,edge/x86_64,unknown,3.12.3,2026-10-09T18:44:24Z
199,ML-DSA-44,post-quantum,2,keygen,0.0622,0.0,0.0,0.315,1312,2560,0,2420,0,0,0,0.0,0.9331,nan,edge/x86_64,unknown,3.12.3,2026-10-09T18:44:24Z
199,ML-DSA-44,post-quantum,2,sign,0.0948,0.0,0.0,0.315,1312,2560,0,2420,512,0,0,0.0,1.4226,nan,edge/x86_64,unknown,3.12.3,2026-10-09T18:44:24Z
199,ML-DSA-44,post-quantum,2,verify,0.0574,0.0,0.0,0.315,1312,2560,0,2420,512,0,0,0.0,0.8616,nan,edge/x86_64,unknown,3.12.3,2026-10-09T18:44:24Z
0,ML-DSA-65,post-quantum,3,keygen,0.1274,0.0,0.0,0.295,1952,4032,0,3309,0,0,0,0.0,1.9103,nan,edge/x86_64,unknown,3.12.3,2026-10-09T18:44:24Z
0,ML-DSA-65,post-quantum,3,sign,0.2236,0.0,0.0,0.295,1952,4032,0,3309,512,0,0,0.0,3.3539,nan,edge/x86_64,unknown,3.12.3,2026-10-09T18:44:24Z
0,ML-DSA-65,post-quantum,3,verify,0.0977,0.0,0.0,0.295,1952,4032,0,3309,512,0,0,0.0,1.4651,nan,edge/x86_64,unknown,3.12.3,2026-10-09T18:44:24Z
1,ML-DSA-65,post-quantum,3,keygen,0.108,0.0,0.0,0.295,1952,4032,0,3309,0,0,0,0.0,1.6194,nan,edge/x86_64,unknown,3.12.3,2026-10-09T18:44:24Z
1,ML-DSA-65,post-quantum,3,sign,0.2695,0.0,0.0,0.295,1952,4032,0,3309,512,0,0,0.0,4.0429,nan,edge/x86_64,unknown,3.12.3,2026-10-09T18:44:24Z
1,ML-DSA-65,post-quantum,3,verify,0.0856,0.0,0.0,0.295,1952,4032,0,3309,512,0,0,0.0,1.2833,nan,edge/x86_64,unknown,3.12.3,2026-10-09T18:44:24Z
2,ML-DSA-65,post-quantum,3,keygen,0.089,0.0,0.0,0.295,1952,4032,0,3309,0,0,0,0.0,1.3351,nan,edge/x86_64,unknown,3.12.3,2026-10-09T18:44:24Z
2,ML-DSA-65,post-quantum,3,sign,0.1316,0.0,0.0,0.295,1952,4032,0,3309,512,0,0,0.0,1.9747,nan,edge/x86_64,unknown,3.12.3,2026-10-09T18:44:24Z
2,ML-DSA-65,post-quantum,3,verify,0.0898,0.0,0.0,0.295,1952,4032,0,3309,512,0,0,0.0,1.3473,nan,edge/x86_64,unknown,3.12.3,2026-10-09T18:44:24Z
3,ML-DSA-65,post-quantum,3,keygen,0.1381,0.0,0.0,0.295,1952,4032,0,3309,0,0,0,0.0,2.0709,nan,edge/x86_64,unknown,3.12.3,2026-10-09T18:44:24Z
3,ML-DSA-65,post-quantum,3,sign,0.4712,0.0,0.0,0.295,1952,4032,0,3309,512,0,0,0.0,7.0681,nan,edge/x86_64,unknown,3.12.3,2026-10-09T18:44:24Z
3,ML-DSA-65,post-quantum,3,verify,0.1002,0.0,0.0,0.295,1952,4032,0,3309,512,0,0,0.0,1.5024,nan,edge/x86_64,unknown,3.12.3,2026-10-09T18:44:24Z
4,ML-DSA-65,post-quantum,3,keygen,0.1059,0.0,0.0,0.295,1952,4032,0,3309,0,0,0,0.0,1.589,nan,edge/x86_64,unknown,3.12.3,2026-10-09T18:44:24Z
4,ML-DSA-65,post-quantum,3,sign,0.2461,0.0,0.0,0.295,1952,4032,0,3309,512,0,0,0.0,3.6921,nan,edge/x86_64,unknown,3.12.3,2026-10-09T18:44:24Z
4,ML-DSA-65,post-quantum,3,verify,0.0974,0.0,0.0,0.295,1952,4032,0,3309,512,0,0,0.0,1.4607,nan,edge/x86_64,unknown,3.12.3,2026-10-09T18:44:24Z
5,ML-DSA-65,post-quantum,3,keygen,0.0997,0.0,0.0,0.295,1952,4032,0,3309,0,0,0,0.0,1.4961,nan,edge/x86_64,unknown,3.12.3,2026-10-09T18:44:24Z
5,ML-DSA-65,post-quantum,3,sign,0.1308,0.0,0.0,0.295,1952,4032,0,3309,512,0,0,0.0,1.9619,nan,edge/x86_64,unknown,3.12.3,2026-10-09T18:44:24Z
5,ML-DSA-65,post-quantum,3,verify,0.0873,0.0,0.0,0.295,1952,4032,0,3309,512,0,0,0.0,1.3095,nan,edge/x86_64,unknown,3.12.3,2026-10-09T18:44:24Z
6,ML-DSA-65,post-quantum,3,keygen,0.0952,0.0,0.0,0.295,1952,4032,0,3309,0,0,0,0.0,1.428,nan,edge/x86_64,unknown,3.12.3,2026-10-09T18:44:24Z
6,ML-DSA-65,post-quantum,3,sign,0.2783,0.0,0.0,0.295,1952,4032,0,3309,512,0,0,0.0,4.175,nan,edge/x86_64,unknown,3.12.3,2026-10-09T18:44:24Z
6,ML-DSA-65,post-quantum,3,verify,0.0827,0.0,0.0,0.295,1952,4032,0,3309,512,0,0,0.0,1.2405,nan,edge/x86_64,unknown,3.12.3,2026-10-09T18:44:24Z
7,ML-DSA-65,post-quantum,3,keygen,0.0888,0.0,0.0,0.295,1952,4032,0,3309,0,0,0,0.0,1.3321,nan,edge/x86_64,unknown,3.12.3,2026-10-09T18:44:24Z
7,ML-DSA-65,post-quantum,3,sign,0.4413,0.0,0.0,0.295,1952,4032,0,3309,512,0,0,0.0,6.62,nan,edge/x86_64,unknown,3.12.3,2026-10-09T18:44:24Z
7,ML-DSA-65,post-quantum,3,verify,0.1065,0.0,0.0,0.295,1952,4032,0,3309,512,0,0,0.0,1.597,nan,edge/x86_64,unknown,3.12.3,2026-10-09T18:44:24Z
8,ML-DSA-65,post-quantum,3,keygen,0.105,0.0,0.0,0.295,1952,4032,0,3309,0,0,0,0.0,1.5749,nan,edge/x86_64,unknown,3.12.3,2026-10-09T18:44:24Z
8,ML-DSA-65,post-quantum,3,sign,0.1918,0.0,0.0,0.295,1952,4032,0,3309,512,0,0,0.0,2.8765,nan,edge/x86_64,unknown,3.12.3,2026-10-09T18:44:24Z
8,ML-DSA-65,post-quantum,3,verify,0.0892,0.0,0.0,0.295,1952,4032,0,3309,512,0,0,0.0,1.3375,nan,edge/x86_64,unknown,3.12.3,2026-10-09T18:44:24Z
9,ML-DSA-65,post-quantum,3,keygen,0.1007,0.0,0.0,0.295,1952,4032,0,3309,0,0,0,0.0,1.5099,nan,edge/x86_64,unknown,3.12.3,2026-10-09T18:44:24Z
9,ML-DSA-65,post-quantum,3,sign,0.346,0.0,0.0,0.295,1952,4032,0,3309,512,0,0,0.0,5.19,nan,edge/x86_64,unknown,3.12.3,2026-10-09T18:44:24Z
9,ML-DSA-65,post-quantum,3,verify,0.0876,0.0,0.0,0.295,1952,4032,0,3309,512,0,0,0.0,1.3135,nan,edge/x86_64,unknown,3.12.3,2026-10-09T18:44:24Z
10,ML-DSA-65,post-quantum,3,keygen,0.0892,0.0,0.0,0.295,1952,4032,0,3309,0,0,0,0.0,1.3386,nan,edge/x86_64,unknown,3.12.3,2026-10-09T18:44:24Z
10,ML-DSA-65,post-quantum,3,sign,0.1473,0.0,0.0,0.295,1952,4032,0,3309,512,0,0,0.0,2.2098,nan,edge/x86_64,unknown,3.12.3,2026-10-09T18:44:24Z
10,ML-DSA-65,post-quantum,3,verify,0.0909,0.0,0.0,0.295,1952,4032,0,3309,512,0,0,0.0,1.3633,nan,edge/x86_64,unknown,3.12.3,2026-10-09T18:44:24Z
11,ML-DSA-65,post-quantum,3,keygen,0.0994,0.0,0.0,0.295,1952,4032,0,3309,0,0,0,0.0,1.4916,nan,edge/x86_64,unknown,3.12.3,2026-10-09T18:44:24Z
11,ML-DSA-65,post-quantum,3,sign,0.4767,0.0,0.0,0.295,1952,4032,0,3309,512,0,0,0.0,7.1512,nan,edge/x86_64,unknown,3.12.3,2026-10-09T18:44:24Z
11,ML-DSA-65,post-quantum,3,verify,0.1156,0.0,0.0,0.295,1952,4032,0,3309,512,0,0,0.0,1.7335,nan,edge/x86_64,unknown,3.12.3,2026-10-09T18:44:24Z
12,ML-DSA-65,post-quantum,3,keygen,0.0994,0.0,0.0,0.295,1952,4032,0,3309,0,0,0,0.0,1.4914,nan,edge/x86_64,unknown,3.12.3,2026-10-09T18:44:24Z
12,ML-DSA-65,post-quantum,3,sign,0.2201,0.0,0.0,0.295,1952,4032,0,3309,512,0,0,0.0,3.3012,nan,edge/x86_64,unknown,3.12.3,2026-10-09T18:44:24Z
12,ML-DSA-65,post-quantum,3,verify,0.0873,0.0,0.0,0.295,1952,4032,0,3309,512,0,0,0.0,1.3091,nan,edge/x86_64,unknown,3.12.3,2026-10-09T18:44:24Z
13,ML-DSA-65,post-quantum,3,keygen,0.0975,0.0,0.0,0.295,1952,4032,0,3309,0,0,0,0.0,1.463,nan,edge/x86_64,unknown,3.12.3,2026-10-09T18:44:24Z
13,ML-DSA-65,post-quantum,3,sign,0.198,0.0,0.0,0.295,1952,4032,0,3309,512,0,0,0.0,2.97,nan,edge/x86_64,unknown,3.12.3,2026-10-09T18:44:24Z
13,ML-DSA-65,post-quantum,3,verify,0.0868,0.0,0.0,0.295,1952,4032,0,3309,512,0,0,0.0,1.3022,nan,edge/x86_64,unknown,3.12.3,2026-10-09T18:44:24Z
14,ML-DSA-65,post-quantum,3,keygen,0.093,0.0,0.0,0.295,1952,4032,0,3309,0,0,0,0.0,1.3944,nan,edge/x86_64,unknown,3.12.3,2026-10-09T18:44:24Z
14,ML-DSA-65,post-quantum,3,sign,0.1245,0.0,0.0,0.295,1952,4032,0,3309,512,0,0,0.0,1.8678,nan,edge/x86_64,unknown,3.12.3,2026-10-09T18:44:24Z
14,ML-DSA-65,post-quantum,3,verify,0.0829,0.0,0.0,0.295,1952,4032,0,3309,512,0,0,0.0,1.243,nan,edge/x86_64,unknown,3.12.3,2026-10-09T18:44:24Z
15,ML-DSA-65,post-quantum,3,keygen,0.0898,0.0,0.0,0.295,1952,4032,0,3309,0,0,0,0.0,1.3472,nan,edge/x86_64,unknown,3.12.3,2026-10-09T18:44:24Z
15,ML-DSA-65,post-quantum,3,sign,0.2313,0.0,0.0,0.295,1952,4032,0,3309,512,0,0,0.0,3.4697,nan,edge/x86_64,unknown,3.12.3,2026-10-09T18:44:24Z
15,ML-DSA-65,post-quantum,3,verify,0.0819,0.0,0.0,0.295,1952,4032,0,3309,512,0,0,0.0,1.2286,nan,edge/x86_64,unknown,3.12.3,2026-10-09T18:44:24Z
16,ML-DSA-65,post-quantum,3,keygen,0.1063,0.0,0.0,0.295,1952,4032,0,3309,0,0,0,0.0,1.5946,nan,edge/x86_64,unknown,3.12.3,2026-10-09T18:44:24Z
16,ML-DSA-65,post-quantum,3,sign,0.1835,0.0,0.0,0.295,1952,4032,0,3309,512,0,0,0.0,2.7531,nan,edge/x86_64,unknown,3.12.3,2026-10-09T18:44:24Z
16,ML-DSA-65,post-quantum,3,verify,0.088,0.0,0.0,0.295,1952,4032,0,3309,512,0,0,0.0,1.3193,nan,edge/x86_64,unknown,3.12.3,2026-10-09T18:44:24Z
17,ML-DSA-65,post-quantum,3,keygen,0.0947,0.0,0.0,0.295,1952,4032,0,3309,0,0,0,0.0,1.421,nan,edge/x86_64,unknown,3.12.3,2026-10-09T18:44:24Z
17,ML-DSA-65,post-quantum,3,sign,0.7883,0.0,0.0,0.295,1952,4032,0,3309,512,0,0,0.0,11.825,nan,edge/x86_64,unknown,3.12.3,2026-10-09T18:44:24Z
17,ML-DSA-65,post-quantum,3,verify,0.0938,0.0,0.0,0.295,1952,4032,0,3309,512,0,0,0.0,1.4068,nan,edge/x86_64,unknown,3.12.3,2026-10-09T18:44:24Z
18,ML-DSA-65,post-quantum,3,keygen,0.1053,0.0,0.0,0.295,1952,4032,0,3309,0,0,0,0.0,1.5789,nan,edge/x86_64,unknown,3.12.3,2026-10-09T18:44:24Z
18,ML-DSA-65,post-quantum,3,sign,0.1242,0.0,0.0,0.295,1952,4032,0,3309,512,0,0,0.0,1.8628,nan,edge/x86_64,unknown,3.12.3,2026-10-09T18:44:24Z
18,ML-DSA-65,post-quantum,3,verify,0.0885,0.0,0.0,0.295,1952,4032,0,3309,512,0,0,0.0,1.3278,nan,edge/x86_64,unknown,3.12.3,2026-10-09T18:44:24Z
19,ML-DSA-65,post-quantum,3,keygen,0.0941,0.0,0.0,0.295,1952,4032,0,3309,0,0,0,0.0,1.4114,nan,edge/x86_64,unknown,3.12.3,2026-10-09T18:44:24Z
19,ML-DSA-65,post-quantum,3,sign,0.4074,0.0,0.0,0.295,1952,4032,0,3309,512,0,0,0.0,6.1106,nan,edge/x86_64,unknown,3.12.3,2026-10-09T18:44:24Z
19,ML-DSA-65,post-quantum,3,verify,0.0873,0.0,0.0,0.295,1952,4032,0,3309,512,0,0,0.0,1.3097,nan,edge/x86_64,unknown,3.12.3,2026-10-09T18:44:24Z
20,ML-DSA-65,post-quantum,3,keygen,0.0914,0.0,0.0,0.295,1952,4032,0,3309,0,0,0,0.0,1.3716,nan,edge/x86_64,unknown,3.12.3,2026-10-09T18:44:24Z
20,ML-DSA-65,post-quantum,3,sign,0.1111,0.0,0.0,0.295,1952,4032,0,3309,512,0,0,0.0,1.6659,nan,edge/x86_64,unknown,3.12.3,2026-10-09T18:44:24Z
20,ML-DSA-65,post-quantum,3,verify,0.1311,0.0,0.0,0.295,1952,4032,0,3309,512,0,0,0.0,1.9667,nan,edge/x86_64,unknown,3.12.3,2026-10-09T18:44:24Z
21,ML-DSA-65,post-quantum,3,keygen,0.1969,0.0,0.0,0.295,1952,4032,0,3309,0,0,0,0.0,2.9531,nan,edge/x86_64,unknown,3.12.3,2026-10-09T18:44:24Z
21,ML-DSA-65,post-quantum,3,sign,0.2497,0.0,0.0,0.295,1952,4032,0,3309,512,0,0,0.0,3.7455,nan,edge/x86_64,unknown,3.12.3,2026-10-09T18:44:24Z
21,ML-DSA-65,post-quantum,3,verify,0.0932,0.0,0.0,0.295,1952,4032,0,3309,512,0,0,0.0,1.3976,nan,edge/x86_64,unknown,3.12.3,2026-10-09T18:44:24Z
22,ML-DSA-65,post-quantum,3,keygen,0.0962,0.0,0.0,0.295,1952,4032,0,3309,0,0,0,0.0,1.4436,nan,edge/x86_64,unknown,3.12.3,2026-10-09T18:44:24Z
22,ML-DSA-65,post-quantum,3,sign,0.1331,0.0,0.0,0.295,1952,4032,0,3309,512,0,0,0.0,1.9961,nan,edge/x86_64,unknown,3.12.3,2026-10-09T18:44:24Z
22,ML-DSA-65,post-quantum,3,verify,0.0935,0.0,0.0,0.295,1952,4032,0,3309,512,0,0,0.0,1.4018,nan,edge/x86_64,unknown,3.12.3,2026-10-09T18:44:24Z
23,ML-DSA-65,post-quantum,3,keygen,0.1133,0.0,0.0,0.295,1952,4032,0,3309,0,0,0,0.0,1.6996,nan,edge/x86_64,unknown,3.12.3,2026-10-09T18:44:24Z
23,ML-DSA-65,post-quantum,3,sign,0.5511,0.0,0.0,0.295,1952,4032,0,3309,512,0,0,0.0,8.2658,nan,edge/x86_64,unknown,3.12.3,2026-10-09T18:44:24Z
23,ML-DSA-65,post-quantum,3,verify,0.1164,0.0,0.0,0.295,1952,4032,0,3309,512,0,0,0.0,1.7454,nan,edge/x86_64,unknown,3.12.3,2026-10-09T18:44:24Z
24,ML-DSA-65,post-quantum,3,keygen,0.132,0.0,0.0,0.295,1952,4032,0,3309,0,0,0,0.0,1.9797,nan,edge/x86_64,unknown,3.12.3,2026-10-09T18:44:24Z
24,ML-DSA-65,post-quantum,3,sign,0.3143,0.0,0.0,0.295,1952,4032,0,3309,512,0,0,0.0,4.714,nan,edge/x86_64,unknown,3.12.3,2026-10-09T18:44:24Z
24,ML-DSA-65,post-quantum,3,verify,0.0971,0.0,0.0,0.295,1952,4032,0,3309,512,0,0,0.0,1.4561,nan,edge/x86_64,unknown,3.12.3,2026-10-09T18:44:24Z
25,ML-DSA-65,post-quantum,3,keygen,0.1016,0.0,0.0,0.295,1952,4032,0,3309,0,0,0,0.0,1.5237,nan,edge/x86_64,unknown,3.12.3,2026-10-09T18:44:24Z
25,ML-DSA-65,post-quantum,3,sign,0.2483,0.0,0.0,0.295,1952,4032,0,3309,512,0,0,0.0,3.7249,nan,edge/x86_64,unknown,3.12.3,2026-10-09T18:44:24Z
25,ML-DSA-65,post-quantum,3,verify,0.0895,0.0,0.0,0.295,1952,4032,0,3309,512,0,0,0.0,1.3419,nan,edge/x86_64,unknown,3.12.3,2026-10-09T18:44:24Z
26,ML-DSA-65,post-quantum,3,keygen,0.0945,0.0,0.0,0.295,1952,4032,0,3309,0,0,0,0.0,1.4172,nan,edge/x86_64,unknown,3.12.3,2026-10-09T18:44:24Z
26,ML-DSA-65,post-quantum,3,sign,0.1045,0.0,0.0,0.295,1952,4032,0,3309,512,0,0,0.0,1.5675,nan,edge/x86_64,unknown,3.12.3,2026-10-09T18:44:24Z
26,ML-DSA-65,post-quantum,3,verify,0.0664,0.0,0.0,0.295,1952,4032,0,3309,512,0,0,0.0,0.9958,nan,edge/x86_64,unknown,3.12.3,2026-10-09T18:44:24Z
27,ML-DSA-65,post-quantum,3,keygen,0.126,0.0,0.0,0.295,1952,4032,0,3309,0,0,0,0.0,1.8897,nan,edge/x86_64,unknown,3.12.3,2026-10-09T18:44:24Z
27,ML-DSA-65,post-quantum,3,sign,0.1423,0.0,0.0,0.295,1952,4032,0,3309,512,0,0,0.0,2.1339,nan,edge/x86_64,unknown,3.12.3,2026-10-09T18:44:24Z
27,ML-DSA-65,post-quantum,3,verify,0.1957,0.0,0.0,0.295,1952,4032,0,3309,512,0,0,0.0,2.9353,nan,edge/x86_64,unknown,3.12.3,2026-10-09T18:44:24Z
28,ML-DSA-65,post-quantum,3,keygen,0.3962,0.0,0.0,0.295,1952,4032,0,3309,0,0,0,0.0,5.9424,nan,edge/x86_64,unknown,3.12.3,2026-10-09T18:44:24Z
28,ML-DSA-65,post-quantum,3,sign,0.2236,0.0,0.0,0.295,1952,4032,0,3309,512,0,0,0.0,3.3541,nan,edge/x86_64,unknown,3.12.3,2026-10-09T18:44:24Z
28,ML-DSA-65,post-quantum,3,verify,0.1081,0.0,0.0,0.295,1952,4032,0,3309,512,0,0,0.0,1.6214,nan,edge/x86_64,unknown,3.12.3,2026-10-09T18:44:24Z
29,ML-DSA-65,post-quantum,3,keygen,0.1132,0.0,0.0,0.295,1952,4032,0,3309,0,0,0,0.0,1.6987,nan,edge/x86_64,unknown,3.12.3,2026-10-09T18:44:24Z
29,ML-DSA-65,post-quantum,3,sign,0.1363,0.0,0.0,0.295,1952,4032,0,3309,512,0,0,0.0,2.0441,nan,edge/x86_64,unknown,3.12.3,2026-10-09T18:44:24Z
29,ML-DSA-65,post-quantum,3,verify,0.114,0.0,0.0,0.295,1952,4032,0,3309,512,0,0,0.0,1.7095,nan,edge/x86_64,unknown,3.12.3,2026-10-09T18:44:24Z
30,ML-DSA-65,post-quantum,3,keygen,0.1145,0.0,0.0,0.295,1952,4032,0,3309,0,0,0,0.0,1.7173,nan,edge/x86_64,unknown,3.12.3,2026-10-09T18:44:24Z
30,ML-DSA-65,post-quantum,3,sign,0.2572,0.0,0.0,0.295,1952,4032,0,3309,512,0,0,0.0,3.8574,nan,edge/x86_64,unknown,3.12.3,2026-10-09T18:44:24Z
30,ML-DSA-65,post-quantum,3,verify,0.1107,0.0,0.0,0.295,1952,4032,0,3309,512,0,0,0.0,1.6605,nan,edge/x86_64,unknown,3.12.3,2026-10-09T18:44:24Z
31,ML-DSA-65,post-quantum,3,keygen,0.1002,0.0,0.0,0.295,1952,4032,0,3309,0,0,0,0.0,1.5035,nan,edge/x86_64,unknown,3.12.3,2026-10-09T18:44:24Z
31,ML-DSA-65,post-quantum,3,sign,0.2905,0.0,0.0,0.295,1952,4032,0,3309,512,0,0,0.0,4.3573,nan,edge/x86_64,unknown,3.12.3,2026-10-09T18:44:24Z
31,ML-DSA-65,post-quantum,3,verify,0.1681,0.0,0.0,0.295,1952,4032,0,3309,512,0,0,0.0,2.5212,nan,edge/x86_64,unknown,3.12.3,2026-10-09T18:44:24Z
32,ML-DSA-65,post-quantum,3,keygen,0.1086,0.0,0.0,0.295,1952,4032,0,3309,0,0,0,0.0,1.6296,nan,edge/x86_64,unknown,3.12.3,2026-10-09T18:44:24Z
32,ML-DSA-65,post-quantum,3,sign,0.2121,0.0,0.0,0.295,1952,4032,0,3309,512,0,0,0.0,3.1811,nan,edge/x86_64,unknown,3.12.3,2026-10-09T18:44:24Z
32,ML-DSA-65,post-quantum,3,verify,0.0912,0.0,0.0,0.295,1952,4032,0,3309,512,0,0,0.0,1.3673,nan,edge/x86_64,unknown,3.12.3,2026-10-09T18:44:24Z
33,ML-DSA-65,post-quantum,3,keygen,0.0976,0.0,0.0,0.295,1952,4032,0,3309,0,0,0,0.0,1.4639,nan,edge/x86_64,unknown,3.12.3,2026-10-09T18:44:24Z
33,ML-DSA-65,post-quantum,3,sign,0.2103,0.0,0.0,0.295,1952,4032,0,3309,512,0,0,0.0,3.1544,nan,edge/x86_64,unknown,3.12.3,2026-10-09T18:44:24Z
33,ML-DSA-65,post-quantum,3,verify,0.0874,0.0,0.0,0.295,1952,4032,0,3309,512,0,0,0.0,1.3104,nan,edge/x86_64,unknown,3.12.3,2026-10-09T18:44:24Z
34,ML-DSA-65,post-quantum,3,keygen,0.0969,0.0,0.0,0.295,1952,4032,0,3309,0,0,0,0.0,1.4542,nan,edge/x86_64,unknown,3.12.3,2026-10-09T18:44:24Z
34,ML-DSA-65,post-quantum,3,sign,0.1574,0.0,0.0,0.295,1952,4032,0,3309,512,0,0,0.0,2.3603,nan,edge/x86_64,unknown,3.12.3,2026-10-09T18:44:24Z
34,ML-DSA-65,post-quantum,3,verify,0.1136,0.0,0.0,0.295,1952,4032,0,3309,512,0,0,0.0,1.7039,nan,edge/x86_64,unknown,3.12.3,2026-10-09T18:44:24Z
35,ML-DSA-65,post-quantum,3,keygen,0.1107,0.0,0.0,0.295,1952,4032,0,3309,0,0,0,0.0,1.6599,nan,edge/x86_64,unknown,3.12.3,2026-10-09T18:44:24Z
35,ML-DSA-65,post-quantum,3,sign,0.1608,0.0,0.0,0.295,1952,4032,0,3309,512,0,0,0.0,2.412,nan,edge/x86_64,unknown,3.12.3,2026-10-09T18:44:24Z
35,ML-DSA-65,post-quantum,3,verify,0.109,0.0,0.0,0.295,1952,4032,0,3309,512,0,0,0.0,1.6345,nan,edge/x86_64,unknown,3.12.3,2026-10-09T18:44:24Z
36,ML-DSA-65,post-quantum,3,keygen,0.0996,0.0,0.0,0.295,1952,4032,0,3309,0,0,0,0.0,1.4945,nan,edge/x86_64,unknown,3.12.3,2026-10-09T18:44:24Z
36,ML-DSA-65,post-quantum,3,sign,0.3958,0.0,0.0,0.295,1952,4032,0,3309,512,0,0,0.0,5.9372,nan,edge/x86_64,unknown,3.12.3,2026-10-09T18:44:24Z
36,ML-DSA-65,post-quantum,3,verify,0.0969,0.0,0.0,0.295,1952,4032,0,3309,512,0,0,0.0,1.4533,nan,edge/x86_64,unknown,3.12.3,2026-10-09T18:44:24Z
37,ML-DSA-65,post-quantum,3,keygen,0.1016,0.0,0.0,0.295,1952,4032,0,3309,0,0,0,0.0,1.5243,nan,edge/x86_64,unknown,3.12.3,2026-10-09T18:44:24Z
37,ML-DSA-65,post-quantum,3,sign,0.5368,0.0,0.0,0.295,1952,4032,0,3309,512,0,0,0.0,8.0513,nan,edge/x86_64,unknown,3.12.3,2026-10-09T18:44:24Z
37,ML-DSA-65,post-quantum,3,verify,0.0932,0.0,0.0,0.295,1952,4032,0,3309,512,0,0,0.0,1.3977,nan,edge/x86_64,unknown,3.12.3,2026-10-09T18:44:24Z
38,ML-DSA-65,post-quantum,3,keygen,0.1199,0.0,0.0,0.295,1952,4032,0,3309,0,0,0,0.0,1.7981,nan,edge/x86_64,unknown,3.12.3,2026-10-09T18:44:24Z
38,ML-DSA-65,post-quantum,3,sign,0.1553,0.0,0.0,0.295,1952,4032,0,3309,512,0,0,0.0,2.3292,nan,edge/x86_64,unknown,3.12.3,2026-10-09T18:44:24Z
38,ML-DSA-65,post-quantum,3,verify,0.0864,0.0,0.0,0.295,1952,4032,0,3309,512,0,0,0.0,1.2965,nan,edge/x86_64,unknown,3.12.3,2026-10-09T18:44:24Z
39,ML-DSA-65,post-quantum,3,keygen,0.1314,0.0,0.0,0.295,1952,4032,0,3309,0,0,0,0.0,1.9705,nan,edge/x86_64,unknown,3.12.3,2026-10-09T18:44:24Z
39,ML-DSA-65,post-quantum,3,sign,0.3906,0.0,0.0,0.295,1952,4032,0,3309,512,0,0,0.0,5.859,nan,edge/x86_64,unknown,3.12.3,2026-10-09T18:44:24Z
39,ML-DSA-65,post-quantum,3,verify,0.0966,0.0,0.0,0.295,1952,4032,0,3309,512,0,0,0.0,1.4487,nan,edge/x86_64,unknown,3.12.3,2026-10-09T18:44:24Z
40,ML-DSA-65,post-quantum,3,keygen,0.1691,0.0,0.0,0.295,1952,4032,0,3309,0,0,0,0.0,2.5364,nan,edge/x86_64,unknown,3.12.3,2026-10-09T18:44:24Z
40,ML-DSA-65,post-quantum,3,sign,0.1957,0.0,0.0,0.295,1952,4032,0,3309,512,0,0,0.0,2.9354,nan,edge/x86_64,unknown,3.12.3,2026-10-09T18:44:24Z
40,ML-DSA-65,post-quantum,3,verify,0.0865,0.0,0.0,0.295,1952,4032,0,3309,512,0,0,0.0,1.2982,nan,edge/x86_64,unknown,3.12.3,2026-10-09T18:44:24Z
41,ML-DSA-65,post-quantum,3,keygen,0.0997,0.0,0.0,0.295,1952,4032,0,3309,0,0,0,0.0,1.4957,nan,edge/x86_64,unknown,3.12.3,2026-10-09T18:44:24Z
41,ML-DSA-65,post-quantum,3,sign,0.1773,0.0,0.0,0.295,1952,4032,0,3309,512,0,0,0.0,2.6588,nan,edge/x86_64,unknown,3.12.3,2026-10-09T18:44:24Z
41,ML-DSA-65,post-quantum,3,verify,0.0848,0.0,0.0,0.295,1952,4032,0,3309,512,0,0,0.0,1.2725,nan,edge/x86_64,unknown,3.12.3,2026-10-09T18:44:24Z
42,ML-DSA-65,post-quantum,3,keygen,0.0918,0.0,0.0,0.295,1952,4032,0,3309,0,0,0,0.0,1.3773,nan,edge/x86_64,unknown,3.12.3,2026-10-09T18:44:24Z
42,ML-DSA-65,post-quantum,3,sign,0.1769,0.0,0.0,0.295,1952,4032,0,3309,512,0,0,0.0,2.6531,nan,edge/x86_64,unknown,3.12.3,2026-10-09T18:44:24Z
42,ML-DSA-65,post-quantum,3,verify,0.2598,0.0,0.0,0.295,1952,4032,0,3309,512,0,0,0.0,3.8963,nan,edge/x86_64,unknown,3.12.3,2026-10-09T18:44:24Z
43,ML-DSA-65,post-quantum,3,keygen,0.1511,0.0,0.0,0.295,1952,4032,0,3309,0,0,0,0.0,2.2659,nan,edge/x86_64,unknown,3.12.3,2026-10-09T18:44:24Z
43,ML-DSA-65,post-quantum,3,sign,0.0919,0.0,0.0,0.295,1952,4032,0,3309,512,0,0,0.0,1.3778,nan,edge/x86_64,unknown,3.12.3,2026-10-09T18:44:24Z
43,ML-DSA-65,post-quantum,3,verify,0.0676,0.0,0.0,0.295,1952,4032,0,3309,512,0,0,0.0,1.0145,nan,edge/x86_64,unknown,3.12.3,2026-10-09T18:44:24Z
44,ML-DSA-65,post-quantum,3,keygen,0.061,0.0,0.0,0.295,1952,4032,0,3309,0,0,0,0.0,0.9151,nan,edge/x86_64,unknown,3.12.3,2026-10-09T18:44:24Z
44,ML-DSA-65,post-quantum,3,sign,0.2245,0.0,0.0,0.295,1952,4032,0,3309,512,0,0,0.0,3.368,nan,edge/x86_64,unknown,3.12.3,2026-10-09T18:44:24Z
44,ML-DSA-65,post-quantum,3,verify,0.0856,0.0,0.0,0.295,1952,4032,0,3309,512,0,0,0.0,1.284,nan,edge/x86_64,unknown,3.12.3,2026-10-09T18:44:24Z
45,ML-DSA-65,post-quantum,3,keygen,0.0622,0.0,0.0,0.295,1952,4032,0,3309,0,0,0,0.0,0.9327,nan,edge/x86_64,unknown,3.12.3,2026-10-09T18:44:24Z
45,ML-DSA-65,post-quantum,3,sign,0.1352,0.0,0.0,0.295,1952,4032,0,3309,512,0,0,0.0,2.0282,nan,edge/x86_64,unknown,3.12.3,2026-10-09T18:44:24Z
45,ML-DSA-65,post-quantum,3,verify,0.0753,0.0,0.0,0.295,1952,4032,0,3309,512,0,0,0.0,1.1291,nan,edge/x86_64,unknown,3.12.3,2026-10-09T18:44:24Z
46,ML-DSA-65,post-quantum,3,keygen,0.0629,0.0,0.0,0.295,1952,4032,0,3309,0,0,0,0.0,0.9442,nan,edge/x86_64,unknown,3.12.3,2026-10-09T18:44:24Z
46,ML-DSA-65,post-quantum,3,sign,0.109,0.0,0.0,0.295,1952,4032,0,3309,512,0,0,0.0,1.6353,nan,edge/x86_64,unknown,3.12.3,2026-10-09T18:44:24Z
46,ML-DSA-65,post-quantum,3,verify,0.0558,0.0,0.0,0.295,1952,4032,0,3309,512,0,0,0.0,0.8364,nan,edge/x86_64,unknown,3.12.3,2026-10-09T18:44:24Z
47,ML-DSA-65,post-quantum,3,keygen,0.0611,0.0,0.0,0.295,1952,4032,0,3309,0,0,0,0.0,0.916,nan,edge/x86_64,unknown,3.12.3,2026-10-09T18:44:24Z
47,ML-DSA-65,post-quantum,3,sign,0.1535,0.0,0.0,0.295,1952,4032,0,3309,512,0,0,0.0,2.3031,nan,edge/x86_64,unknown,3.12.3,2026-10-09T18:44:24Z
47,ML-DSA-65,post-quantum,3,verify,0.1115,0.0,0.0,0.295,1952,4032,0,3309,512,0,0,0.0,1.6722,nan,edge/x86_64,unknown,3.12.3,2026-10-09T18:44:24Z
48,ML-DSA-65,post-quantum,3,keygen,0.1038,0.0,0.0,0.295,1952,4032,0,3309,0,0,0,0.0,1.5573,nan,edge/x86_64,unknown,3.12.3,2026-10-09T18:44:24Z
48,ML-DSA-65,post-quantum,3,sign,0.2137,0.0,0.0,0.295,1952,4032,0,3309,512,0,0,0.0,3.2062,nan,edge/x86_64,unknown,3.12.3,2026-10-09T18:44:24Z
48,ML-DSA-65,post-quantum,3,verify,0.0774,0.0,0.0,0.295,1952,4032,0,3309,512,0,0,0.0,1.1616,nan,edge/x86_64,unknown,3.12.3,2026-10-09T18:44:24Z
49,ML-DSA-65,post-quantum,3,keygen,0.0942,0.0,0.0,0.295,1952,4032,0,3309,0,0,0,0.0,1.413,nan,edge/x86_64,unknown,3.12.3,2026-10-09T18:44:24Z
49,ML-DSA-65,post-quantum,3,sign,0.1624,0.0,0.0,0.295,1952,4032,0,3309,512,0,0,0.0,2.4365,nan,edge/x86_64,unknown,3.12.3,2026-10-09T18:44:24Z
49,ML-DSA-65,post-quantum,3,verify,0.0764,0.0,0.0,0.295,1952,4032,0,3309,512,0,0,0.0,1.1454,nan,edge/x86_64,unknown,3.12.3,2026-10-09T18:44:24Z
50,ML-DSA-65,post-quantum,3,keygen,0.144,0.0,0.0,0.295,1952,4032,0,3309,0,0,0,0.0,2.1596,nan,edge/x86_64,unknown,3.12.3,2026-10-09T18:44:24Z
50,ML-DSA-65,post-quantum,3,sign,0.164,0.0,0.0,0.295,1952,4032,0,3309,512,0,0,0.0,2.4599,nan,edge/x86_64,unknown,3.12.3,2026-10-09T18:44:24Z
50,ML-DSA-65,post-quantum,3,verify,0.0825,0.0,0.0,0.295,1952,4032,0,3309,512,0,0,0.0,1.2369,nan,edge/x86_64,unknown,3.12.3,2026-10-09T18:44:24Z
51,ML-DSA-65,post-quantum,3,keygen,0.0976,0.0,0.0,0.295,1952,4032,0,3309,0,0,0,0.0,1.4645,nan,edge/x86_64,unknown,3.12.3,2026-10-09T18:44:24Z
51,ML-DSA-65,post-quantum,3,sign,0.1226,0.0,0.0,0.295,1952,4032,0,3309,512,0,0,0.0,1.839,nan,edge/x86_64,unknown,3.12.3,2026-10-09T18:44:24Z
51,ML-DSA-65,post-quantum,3,verify,0.1591,0.0,0.0,0.295,1952,4032,0,3309,512,0,0,0.0,2.3865,nan,edge/x86_64,unknown,3.12.3,2026-10-09T18:44:24Z
52,ML-DSA-65,post-quantum,3,keygen,0.2311,0.0,0.0,0.295,1952,4032,0,3309,0,0,0,0.0,3.4661,nan,edge/x86_64,unknown,3.12.3,2026-10-09T18:44:24Z
52,ML-DSA-65,post-quantum,3,sign,0.2852,0.0,0.0,0.295,1952,4032,0,3309,512,0,0,0.0,4.2773,nan,edge/x86_64,unknown,3.12.3,2026-10-09T18:44:24Z
52,ML-DSA-65,post-quantum,3,verify,0.0896,0.0,0.0,0.295,1952,4032,0,3309,512,0,0,0.0,1.3447,nan,edge/x86_64,unknown,3.12.3,2026-10-09T18:44:24Z
53,ML-DSA-65,post-quantum,3,keygen,0.0988,0.0,0.0,0.295,1952,4032,0,3309,0,0,0,0.0,1.4818,nan,edge/x86_64,unknown,3.12.3,2026-10-09T18:44:24Z
53,ML-DSA-65,post-quantum,3,sign,0.2049,0.0,0.0,0.295,1952,4032,0,3309,512,0,0,0.0,3.0731,nan,edge/x86_64,unknown,3.12.3,2026-10-09T18:44:24Z
53,ML-DSA-65,post-quantum,3,verify,0.0932,0.0,0.0,0.295,1952,4032,0,3309,512,0,0,0.0,1.3975,nan,edge/x86_64,unknown,3.12.3,2026-10-09T18:44:24Z
54,ML-DSA-65,post-quantum,3,keygen,0.1314,0.0,0.0,0.295,1952,4032,0,3309,0,0,0,0.0,1.9709,nan,edge/x86_64,unknown,3.12.3,2026-10-09T18:44:24Z
54,ML-DSA-65,post-quantum,3,sign,0.1748,0.0,0.0,0.295,1952,4032,0,3309,512,0,0,0.0,2.6216,nan,edge/x86_64,unknown,3.12.3,2026-10-09T18:44:24Z
54,ML-DSA-65,post-quantum,3,verify,0.2084,0.0,0.0,0.295,1952,4032,0,3309,512,0,0,0.0,3.1259,nan,edge/x86_64,unknown,3.12.3,2026-10-09T18:44:24Z
55,ML-DSA-65,post-quantum,3,keygen,0.1139,0.0,0.0,0.295,1952,4032,0,3309,0,0,0,0.0,1.708,nan,edge/x86_64,unknown,3.12.3,2026-10-09T18:44:24Z
55,ML-DSA-65,post-quantum,3,sign,0.1333,0.0,0.0,0.295,1952,4032,0,3309,512,0,0,0.0,1.9993,nan,edge/x86_64,unknown,3.12.3,2026-10-09T18:44:24Z
55,ML-DSA-65,post-quantum,3,verify,0.0935,0.0,0.0,0.295,1952,4032,0,3309,512,0,0,0.0,1.4022,nan,edge/x86_64,unknown,3.12.3,2026-10-09T18:44:24Z
56,ML-DSA-65,post-quantum,3,keygen,0.0935,0.0,0.0,0.295,1952,4032,0,3309,0,0,0,0.0,1.4018,nan,edge/x86_64,unknown,3.12.3,2026-10-09T18:44:24Z
56,ML-DSA-65,post-quantum,3,sign,0.202,0.0,0.0,0.295,1952,4032,0,3309,512,0,0,0.0,3.0299,nan,edge/x86_64,unknown,3.12.3,2026-10-09T18:44:24Z
56,ML-DSA-65,post-quantum,3,verify,0.094,0.0,0.0,0.295,1952,4032,0,3309,512,0,0,0.0,1.4093,nan,edge/x86_64,unknown,3.12.3,2026-10-09T18:44:24Z
57,ML-DSA-65,post-quantum,3,keygen,0.1001,0.0,0.0,0.295,1952,4032,0,3309,0,0,0,0.0,1.5014,nan,edge/x86_64,unknown,3.12.3,2026-10-09T18:44:24Z
57,ML-DSA-65,post-quantum,3,sign,0.1831,0.0,0.0,0.295,1952,4032,0,3309,512,0,0,0.0,2.7458,nan,edge/x86_64,unknown,3.12.3,2026-10-09T18:44:24Z
57,ML-DSA-65,post-quantum,3,verify,0.0968,0.0,0.0,0.295,1952,4032,0,3309,512,0,0,0.0,1.4518,nan,edge/x86_64,unknown,3.12.3,2026-10-09T18:44:24Z
58,ML-DSA-65,post-quantum,3,keygen,0.1,0.0,0.0,0.295,1952,4032,0,3309,0,0,0,0.0,1.5004,nan,edge/x86_64,unknown,3.12.3,2026-10-09T18:44:24Z
58,ML-DSA-65,post-quantum,3,sign,0.2871,0.0,0.0,0.295,1952,4032,0,3309,512,0,0,0.0,4.3061,nan,edge/x86_64,unknown,3.12.3,2026-10-09T18:44:24Z
58,ML-DSA-65,post-quantum,3,verify,0.102,0.0,0.0,0.295,1952,4032,0,3309,512,0,0,0.0,1.5301,nan,edge/x86_64,unknown,3.12.3,2026-10-09T18:44:24Z
59,ML-DSA-65,post-quantum,3,keygen,0.1421,0.0,0.0,0.295,1952,4032,0,3309,0,0,0,0.0,2.131,nan,edge/x86_64,unknown,3.12.3,2026-10-09T18:44:24Z
59,ML-DSA-65,post-quantum,3,sign,0.3324,0.0,0.0,0.295,1952,4032,0,3309,512,0,0,0.0,4.986,nan,edge/x86_64,unknown,3.12.3,2026-10-09T18:44:24Z
59,ML-DSA-65,post-quantum,3,verify,0.0952,0.0,0.0,0.295,1952,4032,0,3309,512,0,0,0.0,1.4286,nan,edge/x86_64,unknown,3.12.3,2026-10-09T18:44:24Z
60,ML-DSA-65,post-quantum,3,keygen,0.0956,0.0,0.0,0.295,1952,4032,0,3309,0,0,0,0.0,1.4334,nan,edge/x86_64,unknown,3.12.3,2026-10-09T18:44:24Z
60,ML-DSA-65,post-quantum,3,sign,0.1989,0.0,0.0,0.295,1952,4032,0,3309,512,0,0,0.0,2.9831,nan,edge/x86_64,unknown,3.12.3,2026-10-09T18:44:24Z
60,ML-DSA-65,post-quantum,3,verify,0.0928,0.0,0.0,0.295,1952,4032,0,3309,512,0,0,0.0,1.3924,nan,edge/x86_64,unknown,3.12.3,2026-10-09T18:44:24Z
61,ML-DSA-65,post-quantum,3,keygen,0.095,0.0,0.0,0.295,1952,4032,0,3309,0,0,0,0.0,1.4253,nan,edge/x86_64,unknown,3.12.3,2026-10-09T18:44:24Z
61,ML-DSA-65,post-quantum,3,sign,0.3143,0.0,0.0,0.295,1952,4032,0,3309,512,0,0,0.0,4.7143,nan,edge/x86_64,unknown,3.12.3,2026-10-09T18:44:24Z
61,ML-DSA-65,post-quantum,3,verify,0.0808,0.0,0.0,0.295,1952,4032,0,3309,512,0,0,0.0,1.2114,nan,edge/x86_64,unknown,3.12.3,2026-10-09T18:44:24Z
62,ML-DSA-65,post-quantum,3,keygen,0.1018,0.0,0.0,0.295,1952,4032,0,3309,0,0,0,0.0,1.5274,nan,edge/x86_64,unknown,3.12.3,2026-10-09T18:44:24Z
62,ML-DSA-65,post-quantum,3,sign,0.2196,0.0,0.0,0.295,1952,4032,0,3309,512,0,0,0.0,3.2944,nan,edge/x86_64,unknown,3.12.3,2026-10-09T18:44:24Z
62,ML-DSA-65,post-quantum,3,verify,0.0919,0.0,0.0,0.295,1952,4032,0,3309,512,0,0,0.0,1.3788,nan,edge/x86_64,unknown,3.12.3,2026-10-09T18:44:24Z
63,ML-DSA-65,post-quantum,3,keygen,0.0999,0.0,0.0,0.295,1952,4032,0,3309,0,0,0,0.0,1.4982,nan,edge/x86_64,unknown,3.12.3,2026-10-09T18:44:24Z
63,ML-DSA-65,post-quantum,3,sign,0.3415,0.0,0.0,0.295,1952,4032,0,3309,512,0,0,0.0,5.1221,nan,edge/x86_64,unknown,3.12.3,2026-10-09T18:44:24Z
63,ML-DSA-65,post-quantum,3,verify,0.1027,0.0,0.0,0.295,1952,4032,0,3309,512,0,0,0.0,1.5403,nan,edge/x86_64,unknown,3.12.3,2026-10-09T18:44:24Z
64,ML-DSA-65,post-quantum,3,keygen,0.0928,0.0,0.0,0.295,1952,4032,0,3309,0,0,0,0.0,1.3918,nan,edge/x86_64,unknown,3.12.3,2026-10-09T18:44:24Z
64,ML-DSA-65,post-quantum,3,sign,0.2873,0.0,0.0,0.295,1952,4032,0,3309,512,0,0,0.0,4.3095,nan,edge/x86_64,unknown,3.12.3,2026-10-09T18:44:24Z
64,ML-DSA-65,post-quantum,3,verify,0.0865,0.0,0.0,0.295,1952,4032,0,3309,512,0,0,0.0,1.2972,nan,edge/x86_64,unknown,3.12.3,2026-10-09T18:44:24Z
65,ML-DSA-65,post-quantum,3,keygen,0.0909,0.0,0.0,0.295,1952,4032,0,3309,0,0,0,0.0,1.3641,nan,edge/x86_64,unknown,3.12.3,2026-10-09T18:44:24Z
65,ML-DSA-65,post-quantum,3,sign,0.1379,0.0,0.0,0.295,1952,4032,0,3309,512,0,0,0.0,2.0688,nan,edge/x86_64,unknown,3.12.3,2026-10-09T18:44:24Z
65,ML-DSA-65,post-quantum,3,verify,0.1005,0.0,0.0,0.295,1952,4032,0,3309,512,0,0,0.0,1.5078,nan,edge/x86_64,unknown,3.12.3,2026-10-09T18:44:24Z
66,ML-DSA-65,post-quantum,3,keygen,0.1028,0.0,0.0,0.295,1952,4032,0,3309,0,0,0,0.0,1.5416,nan,edge/x86_64,unknown,3.12.3,2026-10-09T18:44:24Z
66,ML-DSA-65,post-quantum,3,sign,0.1554,0.0,0.0,0.295,1952,4032,0,3309,512,0,0,0.0,2.3309,nan,edge/x86_64,unknown,3.12.3,2026-10-09T18:44:24Z
66,ML-DSA-65,post-quantum,3,verify,0.1149,0.0,0.0,0.295,1952,4032,0,3309,512,0,0,0.0,1.7236,nan,edge/x86_64,unknown,3.12.3,2026-10-09T18:44:24Z
67,ML-DSA-65,post-quantum,3,keygen,0.0763,0.0,0.0,0.295,1952,4032,0,3309,0,0,0,0.0,1.1452,nan,edge/x86_64,unknown,3.12.3,2026-10-09T18:44:24Z
67,ML-DSA-65,post-quantum,3,sign,0.2115,0.0,0.0,0.295,1952,4032,0,3309,512,0,0,0.0,3.1724,nan,edge/x86_64,unknown,3.12.3,2026-10-09T18:44:24Z
67,ML-DSA-65,post-quantum,3,verify,0.105,0.0,0.0,0.295,1952,4032,0,3309,512,0,0,0.0,1.5747,nan,edge/x86_64,unknown,3.12.3,2026-10-09T18:44:24Z
68,ML-DSA-65,post-quantum,3,keygen,0.1363,0.0,0.0,0.295,1952,4032,0,3309,0,0,0,0.0,2.045,nan,edge/x86_64,unknown,3.12.3,2026-10-09T18:44:24Z
68,ML-DSA-65,post-quantum,3,sign,0.149,0.0,0.0,0.295,1952,4032,0,3309,512,0,0,0.0,2.2352,nan,edge/x86_64,unknown,3.12.3,2026-10-09T18:44:24Z
68,ML-DSA-65,post-quantum,3,verify,0.1106,0.0,0.0,0.295,1952,4032,0,3309,512,0,0,0.0,1.6593,nan,edge/x86_64,unknown,3.12.3,2026-10-09T18:44:24Z
69,ML-DSA-65,post-quantum,3,keygen,0.1564,0.0,0.0,0.295,1952,4032,0,3309,0,0,0,0.0,2.3462,nan,edge/x86_64,unknown,3.12.3,2026-10-09T18:44:24Z
69,ML-DSA-65,post-quantum,3,sign,0.1576,0.0,0.0,0.295,1952,4032,0,3309,512,0,0,0.0,2.3643,nan,edge/x86_64,unknown,3.12.3,2026-10-09T18:44:24Z
69,ML-DSA-65,post-quantum,3,verify,0.0944,0.0,0.0,0.295,1952,4032,0,3309,512,0,0,0.0,1.4162,nan,edge/x86_64,unknown,3.12.3,2026-10-09T18:44:24Z
70,ML-DSA-65,post-quantum,3,keygen,0.0957,0.0,0.0,0.295,1952,4032,0,3309,0,0,0,0.0,1.4361,nan,edge/x86_64,unknown,3.12.3,2026-10-09T18:44:24Z
70,ML-DSA-65,post-quantum,3,sign,0.1341,0.0,0.0,0.295,1952,4032,0,3309,512,0,0,0.0,2.0115,nan,edge/x86_64,unknown,3.12.3,2026-10-09T18:44:24Z
70,ML-DSA-65,post-quantum,3,verify,0.0838,0.0,0.0,0.295,1952,4032,0,3309,512,0,0,0.0,1.2572,nan,edge/x86_64,unknown,3.12.3,2026-10-09T18:44:24Z
71,ML-DSA-65,post-quantum,3,keygen,0.0901,0.0,0.0,0.295,1952,4032,0,3309,0,0,0,0.0,1.3515,nan,edge/x86_64,unknown,3.12.3,2026-10-09T18:44:24Z
71,ML-DSA-65,post-quantum,3,sign,0.1107,0.0,0.0,0.295,1952,4032,0,3309,512,0,0,0.0,1.6609,nan,edge/x86_64,unknown,3.12.3,2026-10-09T18:44:24Z
71,ML-DSA-65,post-quantum,3,verify,0.1728,0.0,0.0,0.295,1952,4032,0,3309,512,0,0,0.0,2.5919,nan,edge/x86_64,unknown,3.12.3,2026-10-09T18:44:24Z
72,ML-DSA-65,post-quantum,3,keygen,0.1546,0.0,0.0,0.295,1952,4032,0,3309,0,0,0,0.0,2.3195,nan,edge/x86_64,unknown,3.12.3,2026-10-09T18:44:24Z
72,ML-DSA-65,post-quantum,3,sign,0.1737,0.0,0.0,0.295,1952,4032,0,3309,512,0,0,0.0,2.6062,nan,edge/x86_64,unknown,3.12.3,2026-10-09T18:44:24Z
72,ML-DSA-65,post-quantum,3,verify,0.0861,0.0,0.0,0.295,1952,4032,0,3309,512,0,0,0.0,1.2918,nan,edge/x86_64,unknown,3.12.3,2026-10-09T18:44:24Z
73,ML-DSA-65,post-quantum,3,keygen,0.092,0.0,0.0,0.295,1952,4032,0,3309,0,0,0,0.0,1.3793,nan,edge/x86_64,unknown,3.12.3,2026-10-09T18:44:24Z
73,ML-DSA-65,post-quantum,3,sign,0.2315,0.0,0.0,0.295,1952,4032,0,3309,512,0,0,0.0,3.4719,nan,edge/x86_64,unknown,3.12.3,2026-10-09T18:44:24Z
73,ML-DSA-65,post-quantum,3,verify,0.1381,0.0,0.0,0.295,1952,4032,0,3309,512,0,0,0.0,2.0711,nan,edge/x86_64,unknown,3.12.3,2026-10-09T18:44:24Z
74,ML-DSA-65,post-quantum,3,keygen,0.12,0.0,0.0,0.295,1952,4032,0,3309,0,0,0,0.0,1.7996,nan,edge/x86_64,unknown,3.12.3,2026-10-09T18:44:24Z
74,ML-DSA-65,post-quantum,3,sign,0.1416,0.0,0.0,0.295,1952,4032,0,3309,512,0,0,0.0,2.1239,nan,edge/x86_64,unknown,3.12.3,2026-10-09T18:44:24Z
74,ML-DSA-65,post-quantum,3,verify,0.0868,0.0,0.0,0.295,1952,4032,0,3309,512,0,0,0.0,1.3013,nan,edge/x86_64,unknown,3.12.3,2026-10-09T18:44:24Z
75,ML-DSA-65,post-quantum,3,keygen,0.1011,0.0,0.0,0.295,1952,4032,0,3309,0,0,0,0.0,1.5163,nan,edge/x86_64,unknown,3.12.3,2026-10-09T18:44:24Z
75,ML-DSA-65,post-quantum,3,sign,0.1102,0.0,0.0,0.295,1952,4032,0,3309,512,0,0,0.0,1.6523,nan,edge/x86_64,unknown,3.12.3,2026-10-09T18:44:24Z
75,ML-DSA-65,post-quantum,3,verify,0.0859,0.0,0.0,0.295,1952,4032,0,3309,512,0,0,0.0,1.2883,nan,edge/x86_64,unknown,3.12.3,2026-10-09T18:44:24Z
76,ML-DSA-65,post-quantum,3,keygen,0.1152,0.0,0.0,0.295,1952,4032,0,3309,0,0,0,0.0,1.7277,nan,edge/x86_64,unknown,3.12.3,2026-10-09T18:44:24Z
76,ML-DSA-65,post-quantum,3,sign,0.1299,0.0,0.0,0.295,1952,4032,0,3309,512,0,0,0.0,1.9478,nan,edge/x86_64,unknown,3.12.3,2026-10-09T18:44:24Z
76,ML-DSA-65,post-quantum,3,verify,0.0838,0.0,0.0,0.295,1952,4032,0,3309,512,0,0,0.0,1.2573,nan,edge/x86_64,unknown,3.12.3,2026-10-09T18:44:24Z
77,ML-DSA-65,post-quantum,3,keygen,0.1343,0.0,0.0,0.295,1952,4032,0,3309,0,0,0,0.0,2.0148,nan,edge/x86_64,unknown,3.12.3,2026-10-09T18:44:24Z
77,ML-DSA-65,post-quantum,3,sign,0.4406,0.0,0.0,0.295,1952,4032,0,3309,512,0,0,0.0,6.6089,nan,edge/x86_64,unknown,3.12.3,2026-10-09T18:44:24Z
77,ML-DSA-65,post-quantum,3,verify,0.1188,0.0,0.0,0.295,1952,4032,0,3309,512,0,0,0.0,1.7823,nan,edge/x86_64,unknown,3.12.3,2026-10-09T18:44:24Z
78,ML-DSA-65,post-quantum,3,keygen,0.088,0.0,0.0,0.295,1952,4032,0,3309,0,0,0,0.0,1.3202,nan,edge/x86_64,unknown,3.12.3,2026-10-09T18:44:24Z
78,ML-DSA-65,post-quantum,3,sign,0.0985,0.0,0.0,0.295,1952,4032,0,3309,512,0,0,0.0,1.478,nan,edge/x86_64,unknown,3.12.3,2026-10-09T18:44:24Z
78,ML-DSA-65,post-quantum,3,verify,0.089,0.0,0.0,0.295,1952,4032,0,3309,512,0,0,0.0,1.3343,nan,edge/x86_64,unknown,3.12.3,2026-10-09T18:44:24Z
79,ML-DSA-65,post-quantum,3,keygen,0.0978,0.0,0.0,0.295,1952,4032,0,3309,0,0,0,0.0,1.4668,nan,edge/x86_64,unknown,3.12.3,2026-10-09T18:44:24Z
79,ML-DSA-65,post-quantum,3,sign,0.124,0.0,0.0,0.295,1952,4032,0,3309,512,0,0,0.0,1.8598,nan,edge/x86_64,unknown,3.12.3,2026-10-09T18:44:24Z
79,ML-DSA-65,post-quantum,3,verify,0.0671,0.0,0.0,0.295,1952,4032,0,3309,512,0,0,0.0,1.0062,nan,edge/x86_64,unknown,3.12.3,2026-10-09T18:44:24Z
80,ML-DSA-65,post-quantum,3,keygen,0.0768,0.0,0.0,0.295,1952,4032,0,3309,0,0,0,0.0,1.1513,nan,edge/x86_64,unknown,3.12.3,2026-10-09T18:44:24Z
80,ML-DSA-65,post-quantum,3,sign,0.1098,0.0,0.0,0.295,1952,4032,0,3309,512,0,0,0.0,1.647,nan,edge/x86_64,unknown,3.12.3,2026-10-09T18:44:24Z
80,ML-DSA-65,post-quantum,3,verify,0.1059,0.0,0.0,0.295,1952,4032,0,3309,512,0,0,0.0,1.5889,nan,edge/x86_64,unknown,3.12.3,2026-10-09T18:44:24Z
81,ML-DSA-65,post-quantum,3,keygen,0.0946,0.0,0.0,0.295,1952,4032,0,3309,0,0,0,0.0,1.4183,nan,edge/x86_64,unknown,3.12.3,2026-10-09T18:44:24Z
81,ML-DSA-65,post-quantum,3,sign,0.2849,0.0,0.0,0.295,1952,4032,0,3309,512,0,0,0.0,4.2735,nan,edge/x86_64,unknown,3.12.3,2026-10-09T18:44:24Z
81,ML-DSA-65,post-quantum,3,verify,0.1609,0.0,0.0,0.295,1952,4032,0,3309,512,0,0,0.0,2.4137,nan,edge/x86_64,unknown,3.12.3,2026-10-09T18:44:24Z
82,ML-DSA-65,post-quantum,3,keygen,0.1015,0.0,0.0,0.295,1952,4032,0,3309,0,0,0,0.0,1.5232,nan,edge/x86_64,unknown,3.12.3,2026-10-09T18:44:24Z
82,ML-DSA-65,post-quantum,3,sign,0.1144,0.0,0.0,0.295,1952,4032,0,3309,512,0,0,0.0,1.7153,nan,edge/x86_64,unknown,3.12.3,2026-10-09T18:44:24Z
82,ML-DSA-65,post-quantum,3,verify,0.0835,0.0,0.0,0.295,1952,4032,0,3309,512,0,0,0.0,1.2521,nan,edge/x86_64,unknown,3.12.3,2026-10-09T18:44:24Z
83,ML-DSA-65,post-quantum,3,keygen,0.1193,0.0,0.0,0.295,1952,4032,0,3309,0,0,0,0.0,1.789,nan,edge/x86_64,unknown,3.12.3,2026-10-09T18:44:24Z
83,ML-DSA-65,post-quantum,3,sign,0.3322,0.0,0.0,0.295,1952,4032,0,3309,512,0,0,0.0,4.983,nan,edge/x86_64,unknown,3.12.3,2026-10-09T18:44:24Z
83,ML-DSA-65,post-quantum,3,verify,0.095,0.0,0.0,0.295,1952,4032,0,3309,512,0,0,0.0,1.4257,nan,edge/x86_64,unknown,3.12.3,2026-10-09T18:44:24Z
84,ML-DSA-65,post-quantum,3,keygen,0.0918,0.0,0.0,0.295,1952,4032,0,3309,0,0,0,0.0,1.3763,nan,edge/x86_64,unknown,3.12.3,2026-10-09T18:44:24Z
84,ML-DSA-65,post-quantum,3,sign,0.1818,0.0,0.0,0.295,1952,4032,0,3309,512,0,0,0.0,2.7263,nan,edge/x86_64,unknown,3.12.3,2026-10-09T18:44:24Z
84,ML-DSA-65,post-quantum,3,verify,0.0883,0.0,0.0,0.295,1952,4032,0,3309,512,0,0,0.0,1.3244,nan,edge/x86_64,unknown,3.12.3,2026-10-09T18:44:24Z
85,ML-DSA-65,post-quantum,3,keygen,0.0936,0.0,0.0,0.295,1952,4032,0,3309,0,0,0,0.0,1.4033,nan,edge/x86_64,unknown,3.12.3,2026-10-09T18:44:24Z
85,ML-DSA-65,post-quantum,3,sign,0.204,0.0,0.0,0.295,1952,4032,0,3309,512,0,0,0.0,3.0605,nan,edge/x86_64,unknown,3.12.3,2026-10-09T18:44:24Z
85,ML-DSA-65,post-quantum,3,verify,0.0826,0.0,0.0,0.295,1952,4032,0,3309,512,0,0,0.0,1.2383,nan,edge/x86_64,unknown,3.12.3,2026-10-09T18:44:24Z
86,ML-DSA-65,post-quantum,3,keygen,0.0938,0.0,0.0,0.295,1952,4032,0,3309,0,0,0,0.0,1.4068,nan,edge/x86_64,unknown,3.12.3,2026-10-09T18:44:24Z
86,ML-DSA-65,post-quantum,3,sign,0.2865,0.0,0.0,0.295,1952,4032,0,3309,512,0,0,0.0,4.2978,nan,edge/x86_64,unknown,3.12.3,2026-10-09T18:44:24Z
86,ML-DSA-65,post-quantum,3,verify,0.1023,0.0,0.0,0.295,1952,4032,0,3309,512,0,0,0.0,1.5347,nan,edge/x86_64,unknown,3.12.3,2026-10-09T18:44:24Z
87,ML-DSA-65,post-quantum,3,keygen,0.1058,0.0,0.0,0.295,1952,4032,0,3309,0,0,0,0.0,1.5864,nan,edge/x86_64,unknown,3.12.3,2026-10-09T18:44:24Z
87,ML-DSA-65,post-quantum,3,sign,0.243,0.0,0.0,0.295,1952,4032,0,3309,512,0,0,0.0,3.6443,nan,edge/x86_64,unknown,3.12.3,2026-10-09T18:44:24Z
87,ML-DSA-65,post-quantum,3,verify,0.0855,0.0,0.0,0.295,1952,4032,0,3309,512,0,0,0.0,1.2827,nan,edge/x86_64,unknown,3.12.3,2026-10-09T18:44:24Z
88,ML-DSA-65,post-quantum,3,keygen,0.0907,0.0,0.0,0.295,1952,4032,0,3309,0,0,0,0.0,1.3612,nan,edge/x86_64,unknown,3.12.3,2026-10-09T18:44:24Z
88,ML-DSA-65,post-quantum,3,sign,0.5557,0.0,0.0,0.295,1952,4032,0,3309,512,0,0,0.0,8.3358,nan,edge/x86_64,unknown,3.12.3,2026-10-09T18:44:24Z
88,ML-DSA-65,post-quantum,3,verify,0.1053,0.0,0.0,0.295,1952,4032,0,3309,512,0,0,0.0,1.5796,nan,edge/x86_64,unknown,3.12.3,2026-10-09T18:44:24Z
89,ML-DSA-65,post-quantum,3,keygen,0.0977,0.0,0.0,0.295,1952,4032,0,3309,0,0,0,0.0,1.4649,nan,edge/x86_64,unknown,3.12.3,2026-10-09T18:44:24Z
89,ML-DSA-65,post-quantum,3,sign,0.1458,0.0,0.0,0.295,1952,4032,0,3309,512,0,0,0.0,2.1863,nan,edge/x86_64,unknown,3.12.3,2026-10-09T18:44:24Z
89,ML-DSA-65,post-quantum,3,verify,0.0846,0.0,0.0,0.295,1952,4032,0,3309,512,0,0,0.0,1.2692,nan,edge/x86_64,unknown,3.12.3,2026-10-09T18:44:24Z
90,ML-DSA-65,post-quantum,3,keygen,0.1558,0.0,0.0,0.295,1952,4032,0,3309,0,0,0,0.0,2.3365,nan,edge/x86_64,unknown,3.12.3,2026-10-09T18:44:24Z
90,ML-DSA-65,post-quantum,3,sign,0.3087,0.0,0.0,0.295,1952,4032,0,3309,512,0,0,0.0,4.6308,nan,edge/x86_64,unknown,3.12.3,2026-10-09T18:44:24Z
90,ML-DSA-65,post-quantum,3,verify,0.0877,0.0,0.0,0.295,1952,4032,0,3309,512,0,0,0.0,1.3155,nan,edge/x86_64,unknown,3.12.3,2026-10-09T18:44:24Z
91,ML-DSA-65,post-quantum,3,keygen,0.0957,0.0,0.0,0.295,1952,4032,0,3309,0,0,0,0.0,1.4361,nan,edge/x86_64,unknown,3.12.3,2026-10-09T18:44:24Z
91,ML-DSA-65,post-quantum,3,sign,0.234,0.0,0.0,0.295,1952,4032,0,3309,512,0,0,0.0,3.5103,nan,edge/x86_64,unknown,3.12.3,2026-10-09T18:44:24Z
91,ML-DSA-65,post-quantum,3,verify,0.0833,0.0,0.0,0.295,1952,4032,0,3309,512,0,0,0.0,1.2501,nan,edge/x86_64,unknown,3.12.3,2026-10-09T18:44:24Z
92,ML-DSA-65,post-quantum,3,keygen,0.0899,0.0,0.0,0.295,1952,4032,0,3309,0,0,0,0.0,1.3479,nan,edge/x86_64,unknown,3.12.3,2026-10-09T18:44:24Z
92,ML-DSA-65,post-quantum,3,sign,0.1926,0.0,0.0,0.295,1952,4032,0,3309,512,0,0,0.0,2.8893,nan,edge/x86_64,unknown,3.12.3,2026-10-09T18:44:24Z
92,ML-DSA-65,post-quantum,3,verify,0.083,0.0,0.0,0.295,1952,4032,0,3309,512,0,0,0.0,1.2444,nan,edge/x86_64,unknown,3.12.3,2026-10-09T18:44:24Z
93,ML-DSA-65,post-quantum,3,keygen,0.0913,0.0,0.0,0.295,1952,4032,0,3309,0,0,0,0.0,1.369,nan,edge/x86_64,unknown,3.12.3,2026-10-09T18:44:24Z
93,ML-DSA-65,post-quantum,3,sign,0.2139,0.0,0.0,0.295,1952,4032,0,3309,512,0,0,0.0,3.2087,nan,edge/x86_64,unknown,3.12.3,2026-10-09T18:44:24Z
93,ML-DSA-65,post-quantum,3,verify,0.0847,0.0,0.0,0.295,1952,4032,0,3309,512,0,0,0.0,1.2706,nan,edge/x86_64,unknown,3.12.3,2026-10-09T18:44:24Z
94,ML-DSA-65,post-quantum,3,keygen,0.1149,0.0,0.0,0.295,1952,4032,0,3309,0,0,0,0.0,1.7235,nan,edge/x86_64,unknown,3.12.3,2026-10-09T18:44:24Z
94,ML-DSA-65,post-quantum,3,sign,0.3596,0.0,0.0,0.295,1952,4032,0,3309,512,0,0,0.0,5.3936,nan,edge/x86_64,unknown,3.12.3,2026-10-09T18:44:24Z
94,ML-DSA-65,post-quantum,3,verify,0.0956,0.0,0.0,0.295,1952,4032,0,3309,512,0,0,0.0,1.4333,nan,edge/x86_64,unknown,3.12.3,2026-10-09T18:44:24Z
95,ML-DSA-65,post-quantum,3,keygen,0.1383,0.0,0.0,0.295,1952,4032,0,3309,0,0,0,0.0,2.0749,nan,edge/x86_64,unknown,3.12.3,2026-10-09T18:44:24Z
95,ML-DSA-65,post-quantum,3,sign,0.302,0.0,0.0,0.295,1952,4032,0,3309,512,0,0,0.0,4.5305,nan,edge/x86_64,unknown,3.12.3,2026-10-09T18:44:24Z
95,ML-DSA-65,post-quantum,3,verify,0.0854,0.0,0.0,0.295,1952,4032,0,3309,512,0,0,0.0,1.2816,nan,edge/x86_64,unknown,3.12.3,2026-10-09T18:44:24Z
96,ML-DSA-65,post-quantum,3,keygen,0.0943,0.0,0.0,0.295,1952,4032,0,3309,0,0,0,0.0,1.4151,nan,edge/x86_64,unknown,3.12.3,2026-10-09T18:44:24Z
96,ML-DSA-65,post-quantum,3,sign,0.1676,0.0,0.0,0.295,1952,4032,0,3309,512,0,0,0.0,2.5137,nan,edge/x86_64,unknown,3.12.3,2026-10-09T18:44:24Z
96,ML-DSA-65,post-quantum,3,verify,0.0858,0.0,0.0,0.295,1952,4032,0,3309,512,0,0,0.0,1.287,nan,edge/x86_64,unknown,3.12.3,2026-10-09T18:44:24Z
97,ML-DSA-65,post-quantum,3,keygen,0.0898,0.0,0.0,0.295,1952,4032,0,3309,0,0,0,0.0,1.347,nan,edge/x86_64,unknown,3.12.3,2026-10-09T18:44:24Z
97,ML-DSA-65,post-quantum,3,sign,0.2441,0.0,0.0,0.295,1952,4032,0,3309,512,0,0,0.0,3.6612,nan,edge/x86_64,unknown,3.12.3,2026-10-09T18:44:24Z
97,ML-DSA-65,post-quantum,3,verify,0.0687,0.0,0.0,0.295,1952,4032,0,3309,512,0,0,0.0,1.031,nan,edge/x86_64,unknown,3.12.3,2026-10-09T18:44:24Z
98,ML-DSA-65,post-quantum,3,keygen,0.0841,0.0,0.0,0.295,1952,4032,0,3309,0,0,0,0.0,1.2619,nan,edge/x86_64,unknown,3.12.3,2026-10-09T18:44:24Z
98,ML-DSA-65,post-quantum,3,sign,0.1069,0.0,0.0,0.295,1952,4032,0,3309,512,0,0,0.0,1.604,nan,edge/x86_64,unknown,3.12.3,2026-10-09T18:44:24Z
98,ML-DSA-65,post-quantum,3,verify,0.1212,0.0,0.0,0.295,1952,4032,0,3309,512,0,0,0.0,1.8186,nan,edge/x86_64,unknown,3.12.3,2026-10-09T18:44:24Z
99,ML-DSA-65,post-quantum,3,keygen,0.1095,0.0,0.0,0.295,1952,4032,0,3309,0,0,0,0.0,1.6427,nan,edge/x86_64,unknown,3.12.3,2026-10-09T18:44:24Z
99,ML-DSA-65,post-quantum,3,sign,0.6246,0.0,0.0,0.295,1952,4032,0,3309,512,0,0,0.0,9.3693,nan,edge/x86_64,unknown,3.12.3,2026-10-09T18:44:24Z
99,ML-DSA-65,post-quantum,3,verify,0.094,0.0,0.0,0.295,1952,4032,0,3309,512,0,0,0.0,1.4101,nan,edge/x86_64,unknown,3.12.3,2026-10-09T18:44:24Z
100,ML-DSA-65,post-quantum,3,keygen,0.134,0.0,0.0,0.295,1952,4032,0,3309,0,0,0,0.0,2.01,nan,edge/x86_64,unknown,3.12.3,2026-10-09T18:44:24Z
100,ML-DSA-65,post-quantum,3,sign,0.1329,0.0,0.0,0.295,1952,4032,0,3309,512,0,0,0.0,1.9929,nan,edge/x86_64,unknown,3.12.3,2026-10-09T18:44:24Z
100,ML-DSA-65,post-quantum,3,verify,0.0878,0.0,0.0,0.295,1952,4032,0,3309,512,0,0,0.0,1.3173,nan,edge/x86_64,unknown,3.12.3,2026-10-09T18:44:24Z
101,ML-DSA-65,post-quantum,3,keygen,0.0948,0.0,0.0,0.295,1952,4032,0,3309,0,0,0,0.0,1.4222,nan,edge/x86_64,unknown,3.12.3,2026-10-09T18:44:24Z
101,ML-DSA-65,post-quantum,3,sign,0.1299,0.0,0.0,0.295,1952,4032,0,3309,512,0,0,0.0,1.9489,nan,edge/x86_64,unknown,3.12.3,2026-10-09T18:44:24Z
101,ML-DSA-65,post-quantum,3,verify,0.0929,0.0,0.0,0.295,1952,4032,0,3309,512,0,0,0.0,1.3942,nan,edge/x86_64,unknown,3.12.3,2026-10-09T18:44:24Z
102,ML-DSA-65,post-quantum,3,keygen,0.0962,0.0,0.0,0.295,1952,4032,0,3309,0,0,0,0.0,1.4425,nan,edge/x86_64,unknown,3.12.3,2026-10-09T18:44:24Z
102,ML-DSA-65,post-quantum,3,sign,0.3019,0.0,0.0,0.295,1952,4032,0,3309,512,0,0,0.0,4.5281,nan,edge/x86_64,unknown,3.12.3,2026-10-09T18:44:24Z
102,ML-DSA-65,post-quantum,3,verify,0.0895,0.0,0.0,0.295,1952,4032,0,3309,512,0,0,0.0,1.3418,nan,edge/x86_64,unknown,3.12.3,2026-10-09T18:44:24Z
103,ML-DSA-65,post-quantum,3,keygen,0.1009,0.0,0.0,0.295,1952,4032,0,3309,0,0,0,0.0,1.5131,nan,edge/x86_64,unknown,3.12.3,2026-10-09T18:44:24Z
103,ML-DSA-65,post-quantum,3,sign,0.236,0.0,0.0,0.295,1952,4032,0,3309,512,0,0,0.0,3.5395,nan,edge/x86_64,unknown,3.12.3,2026-10-09T18:44:24Z
103,ML-DSA-65,post-quantum,3,verify,0.087,0.0,0.0,0.295,1952,4032,0,3309,512,0,0,0.0,1.3053,nan,edge/x86_64,unknown,3.12.3,2026-10-09T18:44:24Z
104,ML-DSA-65,post-quantum,3,keygen,0.0903,0.0,0.0,0.295,1952,4032,0,3309,0,0,0,0.0,1.3543,nan,edge/x86_64,unknown,3.12.3,2026-10-09T18:44:24Z
104,ML-DSA-65,post-quantum,3,sign,0.5467,0.0,0.0,0.295,1952,4032,0,3309,512,0,0,0.0,8.201,nan,edge/x86_64,unknown,3.12.3,2026-10-09T18:44:24Z
104,ML-DSA-65,post-quantum,3,verify,0.0929,0.0,0.0,0.295,1952,4032,0,3309,512,0,0,0.0,1.3941,nan,edge/x86_64,unknown,3.12.3,2026-10-09T18:44:24Z
105,ML-DSA-65,post-quantum,3,keygen,0.1255,0.0,0.0,0.295,1952,4032,0,3309,0,0,0,0.0,1.8826,nan,edge/x86_64,unknown,3.12.3,2026-10-09T18:44:24Z
105,ML-DSA-65,post-quantum,3,sign,0.1986,0.0,0.0,0.295,1952,4032,0,3309,512,0,0,0.0,2.9788,nan,edge/x86_64,unknown,3.12.3,2026-10-09T18:44:24Z
105,ML-DSA-65,post-quantum,3,verify,0.088,0.0,0.0,0.295,1952,4032,0,3309,512,0,0,0.0,1.3195,nan,edge/x86_64,unknown,3.12.3,2026-10-09T18:44:24Z
106,ML-DSA-65,post-quantum,3,keygen,0.1162,0.0,0.0,0.295,1952,4032,0,3309,0,0,0,0.0,1.7437,nan,edge/x86_64,unknown,3.12.3,2026-10-09T18:44:24Z
106,ML-DSA-65,post-quantum,3,sign,0.1596,0.0,0.0,0.295,1952,4032,0,3309,512,0,0,0.0,2.394,nan,edge/x86_64,unknown,3.12.3,2026-10-09T18:44:24Z
106,ML-DSA-65,post-quantum,3,verify,0.0929,0.0,0.0,0.295,1952,4032,0,3309,512,0,0,0.0,1.3932,nan,edge/x86_64,unknown,3.12.3,2026-10-09T18:44:24Z
107,ML-DSA-65,post-quantum,3,keygen,0.1076,0.0,0.0,0.295,1952,4032,0,3309,0,0,0,0.0,1.614,nan,edge/x86_64,unknown,3.12.3,2026-10-09T18:44:24Z
107,ML-DSA-65,post-quantum,3,sign,0.149,0.0,0.0,0.295,1952,4032,0,3309,512,0,0,0.0,2.2344,nan,edge/x86_64,unknown,3.12.3,2026-10-09T18:44:24Z
107,ML-DSA-65,post-quantum,3,verify,0.1307,0.0,0.0,0.295,1952,4032,0,3309,512,0,0,0.0,1.9599,nan,edge/x86_64,unknown,3.12.3,2026-10-09T18:44:24Z
108,ML-DSA-65,post-quantum,3,keygen,0.0964,0.0,0.0,0.295,1952,4032,0,3309,0,0,0,0.0,1.4463,nan,edge/x86_64,unknown,3.12.3,2026-10-09T18:44:24Z
108,ML-DSA-65,post-quantum,3,sign,0.1675,0.0,0.0,0.295,1952,4032,0,3309,512,0,0,0.0,2.5119,nan,edge/x86_64,unknown,3.12.3,2026-10-09T18:44:24Z
108,ML-DSA-65,post-quantum,3,verify,0.0824,0.0,0.0,0.295,1952,4032,0,3309,512,0,0,0.0,1.2367,nan,edge/x86_64,unknown,3.12.3,2026-10-09T18:44:24Z
109,ML-DSA-65,post-quantum,3,keygen,0.0868,0.0,0.0,0.295,1952,4032,0,3309,0,0,0,0.0,1.3018,nan,edge/x86_64,unknown,3.12.3,2026-10-09T18:44:24Z
109,ML-DSA-65,post-quantum,3,sign,0.1366,0.0,0.0,0.295,1952,4032,0,3309,512,0,0,0.0,2.049,nan,edge/x86_64,unknown,3.12.3,2026-10-09T18:44:24Z
109,ML-DSA-65,post-quantum,3,verify,0.0854,0.0,0.0,0.295,1952,4032,0,3309,512,0,0,0.0,1.2816,nan,edge/x86_64,unknown,3.12.3,2026-10-09T18:44:24Z
110,ML-DSA-65,post-quantum,3,keygen,0.0915,0.0,0.0,0.295,1952,4032,0,3309,0,0,0,0.0,1.3722,nan,edge/x86_64,unknown,3.12.3,2026-10-09T18:44:24Z
110,ML-DSA-65,post-quantum,3,sign,0.3026,0.0,0.0,0.295,1952,4032,0,3309,512,0,0,0.0,4.5395,nan,edge/x86_64,unknown,3.12.3,2026-10-09T18:44:24Z
110,ML-DSA-65,post-quantum,3,verify,0.0871,0.0,0.0,0.295,1952,4032,0,3309,512,0,0,0.0,1.3069,nan,edge/x86_64,unknown,3.12.3,2026-10-09T18:44:24Z
111,ML-DSA-65,post-quantum,3,keygen,0.0945,0.0,0.0,0.295,1952,4032,0,3309,0,0,0,0.0,1.4173,nan,edge/x86_64,unknown,3.12.3,2026-10-09T18:44:24Z
111,ML-DSA-65,post-quantum,3,sign,0.2581,0.0,0.0,0.295,1952,4032,0,3309,512,0,0,0.0,3.8712,nan,edge/x86_64,unknown,3.12.3,2026-10-09T18:44:24Z
111,ML-DSA-65,post-quantum,3,verify,0.0942,0.0,0.0,0.295,1952,4032,0,3309,512,0,0,0.0,1.4134,nan,edge/x86_64,unknown,3.12.3,2026-10-09T18:44:24Z
112,ML-DSA-65,post-quantum,3,keygen,0.1894,0.0,0.0,0.295,1952,4032,0,3309,0,0,0,0.0,2.8408,nan,edge/x86_64,unknown,3.12.3,2026-10-09T18:44:24Z
112,ML-DSA-65,post-quantum,3,sign,0.2218,0.0,0.0,0.295,1952,4032,0,3309,512,0,0,0.0,3.3272,nan,edge/x86_64,unknown,3.12.3,2026-10-09T18:44:24Z
112,ML-DSA-65,post-quantum,3,verify,0.0935,0.0,0.0,0.295,1952,4032,0,3309,512,0,0,0.0,1.4023,nan,edge/x86_64,unknown,3.12.3,2026-10-09T18:44:24Z
113,ML-DSA-65,post-quantum,3,keygen,0.0984,0.0,0.0,0.295,1952,4032,0,3309,0,0,0,0.0,1.4766,nan,edge/x86_64,unknown,3.12.3,2026-10-09T18:44:24Z
113,ML-DSA-65,post-quantum,3,sign,0.125,0.0,0.0,0.295,1952,4032,0,3309,512,0,0,0.0,1.8745,nan,edge/x86_64,unknown,3.12.3,2026-10-09T18:44:24Z
113,ML-DSA-65,post-quantum,3,verify,0.1316,0.0,0.0,0.295,1952,4032,0,3309,512,0,0,0.0,1.9746,nan,edge/x86_64,unknown,3.12.3,2026-10-09T18:44:24Z
114,ML-DSA-65,post-quantum,3,keygen,0.1377,0.0,0.0,0.295,1952,4032,0,3309,0,0,0,0.0,2.0653,nan,edge/x86_64,unknown,3.12.3,2026-10-09T18:44:24Z
114,ML-DSA-65,post-quantum,3,sign,0.4338,0.0,0.0,0.295,1952,4032,0,3309,512,0,0,0.0,6.5073,nan,edge/x86_64,unknown,3.12.3,2026-10-09T18:44:24Z
114,ML-DSA-65,post-quantum,3,verify,0.0922,0.0,0.0,0.295,1952,4032,0,3309,512,0,0,0.0,1.3836,nan,edge/x86_64,unknown,3.12.3,2026-10-09T18:44:24Z
115,ML-DSA-65,post-quantum,3,keygen,0.1455,0.0,0.0,0.295,1952,4032,0,3309,0,0,0,0.0,2.1819,nan,edge/x86_64,unknown,3.12.3,2026-10-09T18:44:24Z
115,ML-DSA-65,post-quantum,3,sign,0.1809,0.0,0.0,0.295,1952,4032,0,3309,512,0,0,0.0,2.7128,nan,edge/x86_64,unknown,3.12.3,2026-10-09T18:44:24Z
115,ML-DSA-65,post-quantum,3,verify,0.1136,0.0,0.0,0.295,1952,4032,0,3309,512,0,0,0.0,1.7037,nan,edge/x86_64,unknown,3.12.3,2026-10-09T18:44:24Z
116,ML-DSA-65,post-quantum,3,keygen,0.112,0.0,0.0,0.295,1952,4032,0,3309,0,0,0,0.0,1.6804,nan,edge/x86_64,unknown,3.12.3,2026-10-09T18:44:24Z
116,ML-DSA-65,post-quantum,3,sign,0.1412,0.0,0.0,0.295,1952,4032,0,3309,512,0,0,0.0,2.1186,nan,edge/x86_64,unknown,3.12.3,2026-10-09T18:44:24Z
116,ML-DSA-65,post-quantum,3,verify,0.0871,0.0,0.0,0.295,1952,4032,0,3309,512,0,0,0.0,1.3069,nan,edge/x86_64,unknown,3.12.3,2026-10-09T18:44:24Z
117,ML-DSA-65,post-quantum,3,keygen,0.0908,0.0,0.0,0.295,1952,4032,0,3309,0,0,0,0.0,1.3625,nan,edge/x86_64,unknown,3.12.3,2026-10-09T18:44:24Z
117,ML-DSA-65,post-quantum,3,sign,0.2137,0.0,0.0,0.295,1952,4032,0,3309,512,0,0,0.0,3.2051,nan,edge/x86_64,unknown,3.12.3,2026-10-09T18:44:24Z
117,ML-DSA-65,post-quantum,3,verify,0.0859,0.0,0.0,0.295,1952,4032,0,3309,512,0,0,0.0,1.2879,nan,edge/x86_64,unknown,3.12.3,2026-10-09T18:44:24Z
118,ML-DSA-65,post-quantum,3,keygen,0.0921,0.0,0.0,0.295,1952,4032,0,3309,0,0,0,0.0,1.3813,nan,edge/x86_64,unknown,3.12.3,2026-10-09T18:44:24Z
118,ML-DSA-65,post-quantum,3,sign,0.1806,0.0,0.0,0.295,1952,4032,0,3309,512,0,0,0.0,2.7088,nan,edge/x86_64,unknown,3.12.3,2026-10-09T18:44:24Z
118,ML-DSA-65,post-quantum,3,verify,0.0843,0.0,0.0,0.295,1952,4032,0,3309,512,0,0,0.0,1.2646,nan,edge/x86_64,unknown,3.12.3,2026-10-09T18:44:24Z
119,ML-DSA-65,post-quantum,3,keygen,0.0952,0.0,0.0,0.295,1952,4032,0,3309,0,0,0,0.0,1.4279,nan,edge/x86_64,unknown,3.12.3,2026-10-09T18:44:24Z
119,ML-DSA-65,post-quantum,3,sign,0.2511,0.0,0.0,0.295,1952,4032,0,3309,512,0,0,0.0,3.7668,nan,edge/x86_64,unknown,3.12.3,2026-10-09T18:44:24Z
119,ML-DSA-65,post-quantum,3,verify,0.1516,0.0,0.0,0.295,1952,4032,0,3309,512,0,0,0.0,2.2742,nan,edge/x86_64,unknown,3.12.3,2026-10-09T18:44:24Z
120,ML-DSA-65,post-quantum,3,keygen,0.1219,0.0,0.0,0.295,1952,4032,0,3309,0,0,0,0.0,1.8284,nan,edge/x86_64,unknown,3.12.3,2026-10-09T18:44:24Z
120,ML-DSA-65,post-quantum,3,sign,0.2334,0.0,0.0,0.295,1952,4032,0,3309,512,0,0,0.0,3.5008,nan,edge/x86_64,unknown,3.12.3,2026-10-09T18:44:24Z
120,ML-DSA-65,post-quantum,3,verify,0.0877,0.0,0.0,0.295,1952,4032,0,3309,512,0,0,0.0,1.315,nan,edge/x86_64,unknown,3.12.3,2026-10-09T18:44:24Z
121,ML-DSA-65,post-quantum,3,keygen,0.0935,0.0,0.0,0.295,1952,4032,0,3309,0,0,0,0.0,1.4026,nan,edge/x86_64,unknown,3.12.3,2026-10-09T18:44:24Z
121,ML-DSA-65,post-quantum,3,sign,0.2078,0.0,0.0,0.295,1952,4032,0,3309,512,0,0,0.0,3.1176,nan,edge/x86_64,unknown,3.12.3,2026-10-09T18:44:24Z
121,ML-DSA-65,post-quantum,3,verify,0.1491,0.0,0.0,0.295,1952,4032,0,3309,512,0,0,0.0,2.2365,nan,edge/x86_64,unknown,3.12.3,2026-10-09T18:44:24Z
122,ML-DSA-65,post-quantum,3,keygen,0.2243,0.0,0.0,0.295,1952,4032,0,3309,0,0,0,0.0,3.3651,nan,edge/x86_64,unknown,3.12.3,2026-10-09T18:44:24Z
122,ML-DSA-65,post-quantum,3,sign,0.3961,0.0,0.0,0.295,1952,4032,0,3309,512,0,0,0.0,5.9417,nan,edge/x86_64,unknown,3.12.3,2026-10-09T18:44:24Z
122,ML-DSA-65,post-quantum,3,verify,0.0974,0.0,0.0,0.295,1952,4032,0,3309,512,0,0,0.0,1.461,nan,edge/x86_64,unknown,3.12.3,2026-10-09T18:44:24Z
123,ML-DSA-65,post-quantum,3,keygen,0.1033,0.0,0.0,0.295,1952,4032,0,3309,0,0,0,0.0,1.5495,nan,edge/x86_64,unknown,3.12.3,2026-10-09T18:44:24Z
123,ML-DSA-65,post-quantum,3,sign,0.2538,0.0,0.0,0.295,1952,4032,0,3309,512,0,0,0.0,3.8076,nan,edge/x86_64,unknown,3.12.3,2026-10-09T18:44:24Z
123,ML-DSA-65,post-quantum,3,verify,0.0916,0.0,0.0,0.295,1952,4032,0,3309,512,0,0,0.0,1.3744,nan,edge/x86_64,unknown,3.12.3,2026-10-09T18:44:24Z
124,ML-DSA-65,post-quantum,3,keygen,0.1319,0.0,0.0,0.295,1952,4032,0,3309,0,0,0,0.0,1.979,nan,edge/x86_64,unknown,3.12.3,2026-10-09T18:44:24Z
124,ML-DSA-65,post-quantum,3,sign,0.1384,0.0,0.0,0.295,1952,4032,0,3309,512,0,0,0.0,2.0763,nan,edge/x86_64,unknown,3.12.3,2026-10-09T18:44:24Z
124,ML-DSA-65,post-quantum,3,verify,0.0844,0.0,0.0,0.295,1952,4032,0,3309,512,0,0,0.0,1.2667,nan,edge/x86_64,unknown,3.12.3,2026-10-09T18:44:24Z
125,ML-DSA-65,post-quantum,3,keygen,0.0898,0.0,0.0,0.295,1952,4032,0,3309,0,0,0,0.0,1.3475,nan,edge/x86_64,unknown,3.12.3,2026-10-09T18:44:24Z
125,ML-DSA-65,post-quantum,3,sign,0.2064,0.0,0.0,0.295,1952,4032,0,3309,512,0,0,0.0,3.0966,nan,edge/x86_64,unknown,3.12.3,2026-10-09T18:44:24Z
125,ML-DSA-65,post-quantum,3,verify,0.0914,0.0,0.0,0.295,1952,4032,0,3309,512,0,0,0.0,1.3703,nan,edge/x86_64,unknown,3.12.3,2026-10-09T18:44:24Z
126,ML-DSA-65,post-quantum,3,keygen,0.1114,0.0,0.0,0.295,1952,4032,0,3309,0,0,0,0.0,1.6706,nan,edge/x86_64,unknown,3.12.3,2026-10-09T18:44:24Z
126,ML-DSA-65,post-quantum,3,sign,0.351,0.0,0.0,0.295,1952,4032,0,3309,512,0,0,0.0,5.2648,nan,edge/x86_64,unknown,3.12.3,2026-10-09T18:44:24Z
126,ML-DSA-65,post-quantum,3,verify,0.0871,0.0,0.0,0.295,1952,4032,0,3309,512,0,0,0.0,1.3069,nan,edge/x86_64,unknown,3.12.3,2026-10-09T18:44:24Z
127,ML-DSA-65,post-quantum,3,keygen,0.1044,0.0,0.0,0.295,1952,4032,0,3309,0,0,0,0.0,1.5656,nan,edge/x86_64,unknown,3.12.3,2026-10-09T18:44:24Z
127,ML-DSA-65,post-quantum,3,sign,0.1759,0.0,0.0,0.295,1952,4032,0,3309,512,0,0,0.0,2.6386,nan,edge/x86_64,unknown,3.12.3,2026-10-09T18:44:24Z
127,ML-DSA-65,post-quantum,3,verify,0.1296,0.0,0.0,0.295,1952,4032,0,3309,512,0,0,0.0,1.944,nan,edge/x86_64,unknown,3.12.3,2026-10-09T18:44:24Z
128,ML-DSA-65,post-quantum,3,keygen,0.1306,0.0,0.0,0.295,1952,4032,0,3309,0,0,0,0.0,1.9592,nan,edge/x86_64,unknown,3.12.3,2026-10-09T18:44:24Z
128,ML-DSA-65,post-quantum,3,sign,0.3406,0.0,0.0,0.295,1952,4032,0,3309,512,0,0,0.0,5.1094,nan,edge/x86_64,unknown,3.12.3,2026-10-09T18:44:24Z
128,ML-DSA-65,post-quantum,3,verify,0.0985,0.0,0.0,0.295,1952,4032,0,3309,512,0,0,0.0,1.4775,nan,edge/x86_64,unknown,3.12.3,2026-10-09T18:44:24Z
129,ML-DSA-65,post-quantum,3,keygen,0.1067,0.0,0.0,0.295,1952,4032,0,3309,0,0,0,0.0,1.6007,nan,edge/x86_64,unknown,3.12.3,2026-10-09T18:44:24Z
129,ML-DSA-65,post-quantum,3,sign,0.2225,0.0,0.0,0.295,1952,4032,0,3309,512,0,0,0.0,3.3369,nan,edge/x86_64,unknown,3.12.3,2026-10-09T18:44:24Z
129,ML-DSA-65,post-quantum,3,verify,0.0958,0.0,0.0,0.295,1952,4032,0,3309,512,0,0,0.0,1.4375,nan,edge/x86_64,unknown,3.12.3,2026-10-09T18:44:24Z
130,ML-DSA-65,post-quantum,3,keygen,0.1269,0.0,0.0,0.295,1952,4032,0,3309,0,0,0,0.0,1.9031,nan,edge/x86_64,unknown,3.12.3,2026-10-09T18:44:24Z
130,ML-DSA-65,post-quantum,3,sign,0.1195,0.0,0.0,0.295,1952,4032,0,3309,512,0,0,0.0,1.792,nan,edge/x86_64,unknown,3.12.3,2026-10-09T18:44:24Z
130,ML-DSA-65,post-quantum,3,verify,0.088,0.0,0.0,0.295,1952,4032,0,3309,512,0,0,0.0,1.3207,nan,edge/x86_64,unknown,3.12.3,2026-10-09T18:44:24Z
131,ML-DSA-65,post-quantum,3,keygen,0.0938,0.0,0.0,0.295,1952,4032,0,3309,0,0,0,0.0,1.4077,nan,edge/x86_64,unknown,3.12.3,2026-10-09T18:44:24Z
131,ML-DSA-65,post-quantum,3,sign,0.1837,0.0,0.0,0.295,1952,4032,0,3309,512,0,0,0.0,2.7557,nan,edge/x86_64,unknown,3.12.3,2026-10-09T18:44:24Z
131,ML-DSA-65,post-quantum,3,verify,0.1349,0.0,0.0,0.295,1952,4032,0,3309,512,0,0,0.0,2.0232,nan,edge/x86_64,unknown,3.12.3,2026-10-09T18:44:24Z
132,ML-DSA-65,post-quantum,3,keygen,0.206,0.0,0.0,0.295,1952,4032,0,3309,0,0,0,0.0,3.0903,nan,edge/x86_64,unknown,3.12.3,2026-10-09T18:44:24Z
132,ML-DSA-65,post-quantum,3,sign,0.1402,0.0,0.0,0.295,1952,4032,0,3309,512,0,0,0.0,2.1028,nan,edge/x86_64,unknown,3.12.3,2026-10-09T18:44:24Z
132,ML-DSA-65,post-quantum,3,verify,0.0809,0.0,0.0,0.295,1952,4032,0,3309,512,0,0,0.0,1.2135,nan,edge/x86_64,unknown,3.12.3,2026-10-09T18:44:24Z
133,ML-DSA-65,post-quantum,3,keygen,0.1533,0.0,0.0,0.295,1952,4032,0,3309,0,0,0,0.0,2.2993,nan,edge/x86_64,unknown,3.12.3,2026-10-09T18:44:24Z
133,ML-DSA-65,post-quantum,3,sign,0.2606,0.0,0.0,0.295,1952,4032,0,3309,512,0,0,0.0,3.9086,nan,edge/x86_64,unknown,3.12.3,2026-10-09T18:44:24Z
133,ML-DSA-65,post-quantum,3,verify,0.0816,0.0,0.0,0.295,1952,4032,0,3309,512,0,0,0.0,1.2244,nan,edge/x86_64,unknown,3.12.3,2026-10-09T18:44:24Z
134,ML-DSA-65,post-quantum,3,keygen,0.0962,0.0,0.0,0.295,1952,4032,0,3309,0,0,0,0.0,1.4425,nan,edge/x86_64,unknown,3.12.3,2026-10-09T18:44:24Z
134,ML-DSA-65,post-quantum,3,sign,0.128,0.0,0.0,0.295,1952,4032,0,3309,512,0,0,0.0,1.9193,nan,edge/x86_64,unknown,3.12.3,2026-10-09T18:44:24Z
134,ML-DSA-65,post-quantum,3,verify,0.1099,0.0,0.0,0.295,1952,4032,0,3309,512,0,0,0.0,1.6484,nan,edge/x86_64,unknown,3.12.3,2026-10-09T18:44:24Z
135,ML-DSA-65,post-quantum,3,keygen,0.1086,0.0,0.0,0.295,1952,4032,0,3309,0,0,0,0.0,1.6289,nan,edge/x86_64,unknown,3.12.3,2026-10-09T18:44:24Z
135,ML-DSA-65,post-quantum,3,sign,0.235,0.0,0.0,0.295,1952,4032,0,3309,512,0,0,0.0,3.5253,nan,edge/x86_64,unknown,3.12.3,2026-10-09T18:44:24Z
135,ML-DSA-65,post-quantum,3,verify,0.0919,0.0,0.0,0.295,1952,4032,0,3309,512,0,0,0.0,1.3788,nan,edge/x86_64,unknown,3.12.3,2026-10-09T18:44:24Z
136,ML-DSA-65,post-quantum,3,keygen,0.1003,0.0,0.0,0.295,1952,4032,0,3309,0,0,0,0.0,1.5048,nan,edge/x86_64,unknown,3.12.3,2026-10-09T18:44:24Z
136,ML-DSA-65,post-quantum,3,sign,0.1377,0.0,0.0,0.295,1952,4032,0,3309,512,0,0,0.0,2.0657,nan,edge/x86_64,unknown,3.12.3,2026-10-09T18:44:24Z
136,ML-DSA-65,post-quantum,3,verify,0.0902,0.0,0.0,0.295,1952,4032,0,3309,512,0,0,0.0,1.3526,nan,edge/x86_64,unknown,3.12.3,2026-10-09T18:44:24Z
137,ML-DSA-65,post-quantum,3,keygen,0.119,0.0,0.0,0.295,1952,4032,0,3309,0,0,0,0.0,1.7846,nan,edge/x86_64,unknown,3.12.3,2026-10-09T18:44:24Z
137,ML-DSA-65,post-quantum,3,sign,0.1641,0.0,0.0,0.295,1952,4032,0,3309,512,0,0,0.0,2.4618,nan,edge/x86_64,unknown,3.12.3,2026-10-09T18:44:24Z
137,ML-DSA-65,post-quantum,3,verify,0.0901,0.0,0.0,0.295,1952,4032,0,3309,512,0,0,0.0,1.3509,nan,edge/x86_64,unknown,3.12.3,2026-10-09T18:44:24Z
138,ML-DSA-65,post-quantum,3,keygen,0.0959,0.0,0.0,0.295,1952,4032,0,3309,0,0,0,0.0,1.4382,nan,edge/x86_64,unknown,3.12.3,2026-10-09T18:44:24Z
138,ML-DSA-65,post-quantum,3,sign,0.1372,0.0,0.0,0.295,1952,4032,0,3309,512,0,0,0.0,2.0573,nan,edge/x86_64,unknown,3.12.3,2026-10-09T18:44:24Z
138,ML-DSA-65,post-quantum,3,verify,0.0858,0.0,0.0,0.295,1952,4032,0,3309,512,0,0,0.0,1.2868,nan,edge/x86_64,unknown,3.12.3,2026-10-09T18:44:24Z
139,ML-DSA-65,post-quantum,3,keygen,0.0894,0.0,0.0,0.295,1952,4032,0,3309,0,0,0,0.0,1.3414,nan,edge/x86_64,unknown,3.12.3,2026-10-09T18:44:24Z
139,ML-DSA-65,post-quantum,3,sign,0.1546,0.0,0.0,0.295,1952,4032,0,3309,512,0,0,0.0,2.3194,nan,edge/x86_64,unknown,3.12.3,2026-10-09T18:44:24Z
139,ML-DSA-65,post-quantum,3,verify,0.0684,0.0,0.0,0.295,1952,4032,0,3309,512,0,0,0.0,1.0266,nan,edge/x86_64,unknown,3.12.3,2026-10-09T18:44:24Z
140,ML-DSA-65,post-quantum,3,keygen,0.0908,0.0,0.0,0.295,1952,4032,0,3309,0,0,0,0.0,1.3617,nan,edge/x86_64,unknown,3.12.3,2026-10-09T18:44:24Z
140,ML-DSA-65,post-quantum,3,sign,0.3068,0.0,0.0,0.295,1952,4032,0,3309,512,0,0,0.0,4.6027,nan,edge/x86_64,unknown,3.12.3,2026-10-09T18:44:24Z
140,ML-DSA-65,post-quantum,3,verify,0.0959,0.0,0.0,0.295,1952,4032,0,3309,512,0,0,0.0,1.4389,nan,edge/x86_64,unknown,3.12.3,2026-10-09T18:44:24Z
141,ML-DSA-65,post-quantum,3,keygen,0.1,0.0,0.0,0.295,1952,4032,0,3309,0,0,0,0.0,1.5001,nan,edge/x86_64,unknown,3.12.3,2026-10-09T18:44:24Z
141,ML-DSA-65,post-quantum,3,sign,0.294,0.0,0.0,0.295,1952,4032,0,3309,512,0,0,0.0,4.4102,nan,edge/x86_64,unknown,3.12.3,2026-10-09T18:44:24Z
141,ML-DSA-65,post-quantum,3,verify,0.1912,0.0,0.0,0.295,1952,4032,0,3309,512,0,0,0.0,2.8684,nan,edge/x86_64,unknown,3.12.3,2026-10-09T18:44:24Z
142,ML-DSA-65,post-quantum,3,keygen,0.118,0.0,0.0,0.295,1952,4032,0,3309,0,0,0,0.0,1.7699,nan,edge/x86_64,unknown,3.12.3,2026-10-09T18:44:24Z
142,ML-DSA-65,post-quantum,3,sign,0.1563,0.0,0.0,0.295,1952,4032,0,3309,512,0,0,0.0,2.3452,nan,edge/x86_64,unknown,3.12.3,2026-10-09T18:44:24Z
142,ML-DSA-65,post-quantum,3,verify,0.0691,0.0,0.0,0.295,1952,4032,0,3309,512,0,0,0.0,1.0362,nan,edge/x86_64,unknown,3.12.3,2026-10-09T18:44:24Z
143,ML-DSA-65,post-quantum,3,keygen,0.0777,0.0,0.0,0.295,1952,4032,0,3309,0,0,0,0.0,1.1648,nan,edge/x86_64,unknown,3.12.3,2026-10-09T18:44:24Z
143,ML-DSA-65,post-quantum,3,sign,0.3097,0.0,0.0,0.295,1952,4032,0,3309,512,0,0,0.0,4.6448,nan,edge/x86_64,unknown,3.12.3,2026-10-09T18:44:24Z
143,ML-DSA-65,post-quantum,3,verify,0.1041,0.0,0.0,0.295,1952,4032,0,3309,512,0,0,0.0,1.5611,nan,edge/x86_64,unknown,3.12.3,2026-10-09T18:44:24Z
144,ML-DSA-65,post-quantum,3,keygen,0.153,0.0,0.0,0.295,1952,4032,0,3309,0,0,0,0.0,2.2956,nan,edge/x86_64,unknown,3.12.3,2026-10-09T18:44:24Z
144,ML-DSA-65,post-quantum,3,sign,0.2878,0.0,0.0,0.295,1952,4032,0,3309,512,0,0,0.0,4.317,nan,edge/x86_64,unknown,3.12.3,2026-10-09T18:44:24Z
144,ML-DSA-65,post-quantum,3,verify,0.0884,0.0,0.0,0.295,1952,4032,0,3309,512,0,0,0.0,1.3266,nan,edge/x86_64,unknown,3.12.3,2026-10-09T18:44:24Z
145,ML-DSA-65,post-quantum,3,keygen,0.0904,0.0,0.0,0.295,1952,4032,0,3309,0,0,0,0.0,1.3565,nan,edge/x86_64,unknown,3.12.3,2026-10-09T18:44:24Z
145,ML-DSA-65,post-quantum,3,sign,0.2509,0.0,0.0,0.295,1952,4032,0,3309,512,0,0,0.0,3.7628,nan,edge/x86_64,unknown,3.12.3,2026-10-09T18:44:24Z
145,ML-DSA-65,post-quantum,3,verify,0.0854,0.0,0.0,0.295,1952,4032,0,3309,512,0,0,0.0,1.2811,nan,edge/x86_64,unknown,3.12.3,2026-10-09T18:44:24Z
146,ML-DSA-65,post-quantum,3,keygen,0.0905,0.0,0.0,0.295,1952,4032,0,3309,0,0,0,0.0,1.358,nan,edge/x86_64,unknown,3.12.3,2026-10-09T18:44:24Z
146,ML-DSA-65,post-quantum,3,sign,0.4451,0.0,0.0,0.295,1952,4032,0,3309,512,0,0,0.0,6.6768,nan,edge/x86_64,unknown,3.12.3,2026-10-09T18:44:24Z
146,ML-DSA-65,post-quantum,3,verify,0.0915,0.0,0.0,0.295,1952,4032,0,3309,512,0,0,0.0,1.3726,nan,edge/x86_64,unknown,3.12.3,2026-10-09T18:44:24Z
147,ML-DSA-65,post-quantum,3,keygen,0.0903,0.0,0.0,0.295,1952,4032,0,3309,0,0,0,0.0,1.3546,nan,edge/x86_64,unknown,3.12.3,2026-10-09T18:44:24Z
147,ML-DSA-65,post-quantum,3,sign,0.2304,0.0,0.0,0.295,1952,4032,0,3309,512,0,0,0.0,3.4563,nan,edge/x86_64,unknown,3.12.3,2026-10-09T18:44:24Z
147,ML-DSA-65,post-quantum,3,verify,0.0875,0.0,0.0,0.295,1952,4032,0,3309,512,0,0,0.0,1.3128,nan,edge/x86_64,unknown,3.12.3,2026-10-09T18:44:24Z
148,ML-DSA-65,post-quantum,3,keygen,0.0937,0.0,0.0,0.295,1952,4032,0,3309,0,0,0,0.0,1.4053,nan,edge/x86_64,unknown,3.12.3,2026-10-09T18:44:24Z
148,ML-DSA-65,post-quantum,3,sign,0.5545,0.0,0.0,0.295,1952,4032,0,3309,512,0,0,0.0,8.3172,nan,edge/x86_64,unknown,3.12.3,2026-10-09T18:44:24Z
148,ML-DSA-65,post-quantum,3,verify,0.1143,0.0,0.0,0.295,1952,4032,0,3309,512,0,0,0.0,1.7148,nan,edge/x86_64,unknown,3.12.3,2026-10-09T18:44:24Z
149,ML-DSA-65,post-quantum,3,keygen,0.1015,0.0,0.0,0.295,1952,4032,0,3309,0,0,0,0.0,1.5223,nan,edge/x86_64,unknown,3.12.3,2026-10-09T18:44:24Z
149,ML-DSA-65,post-quantum,3,sign,0.2261,0.0,0.0,0.295,1952,4032,0,3309,512,0,0,0.0,3.392,nan,edge/x86_64,unknown,3.12.3,2026-10-09T18:44:24Z
149,ML-DSA-65,post-quantum,3,verify,0.0888,0.0,0.0,0.295,1952,4032,0,3309,512,0,0,0.0,1.3327,nan,edge/x86_64,unknown,3.12.3,2026-10-09T18:44:24Z
150,ML-DSA-65,post-quantum,3,keygen,0.0965,0.0,0.0,0.295,1952,4032,0,3309,0,0,0,0.0,1.4476,nan,edge/x86_64,unknown,3.12.3,2026-10-09T18:44:24Z
150,ML-DSA-65,post-quantum,3,sign,0.177,0.0,0.0,0.295,1952,4032,0,3309,512,0,0,0.0,2.6545,nan,edge/x86_64,unknown,3.12.3,2026-10-09T18:44:24Z
150,ML-DSA-65,post-quantum,3,verify,0.0855,0.0,0.0,0.295,1952,4032,0,3309,512,0,0,0.0,1.2828,nan,edge/x86_64,unknown,3.12.3,2026-10-09T18:44:24Z
151,ML-DSA-65,post-quantum,3,keygen,0.0948,0.0,0.0,0.295,1952,4032,0,3309,0,0,0,0.0,1.4223,nan,edge/x86_64,unknown,3.12.3,2026-10-09T18:44:24Z
151,ML-DSA-65,post-quantum,3,sign,0.246,0.0,0.0,0.295,1952,4032,0,3309,512,0,0,0.0,3.6893,nan,edge/x86_64,unknown,3.12.3,2026-10-09T18:44:24Z
151,ML-DSA-65,post-quantum,3,verify,0.0835,0.0,0.0,0.295,1952,4032,0,3309,512,0,0,0.0,1.252,nan,edge/x86_64,unknown,3.12.3,2026-10-09T18:44:24Z
152,ML-DSA-65,post-quantum,3,keygen,0.0919,0.0,0.0,0.295,1952,4032,0,3309,0,0,0,0.0,1.3786,nan,edge/x86_64,unknown,3.12.3,2026-10-09T18:44:24Z
152,ML-DSA-65,post-quantum,3,sign,0.1125,0.0,0.0,0.295,1952,4032,0,3309,512,0,0,0.0,1.6879,nan,edge/x86_64,unknown,3.12.3,2026-10-09T18:44:24Z
152,ML-DSA-65,post-quantum,3,verify,0.0874,0.0,0.0,0.295,1952,4032,0,3309,512,0,0,0.0,1.3103,nan,edge/x86_64,unknown,3.12.3,2026-10-09T18:44:24Z
153,ML-DSA-65,post-quantum,3,keygen,0.0976,0.0,0.0,0.295,1952,4032,0,3309,0,0,0,0.0,1.4637,nan,edge/x86_64,unknown,3.12.3,2026-10-09T18:44:24Z
153,ML-DSA-65,post-quantum,3,sign,0.2369,0.0,0.0,0.295,1952,4032,0,3309,512,0,0,0.0,3.5528,nan,edge/x86_64,unknown,3.12.3,2026-10-09T18:44:24Z
153,ML-DSA-65,post-quantum,3,verify,0.0967,0.0,0.0,0.295,1952,4032,0,3309,512,0,0,0.0,1.4504,nan,edge/x86_64,unknown,3.12.3,2026-10-09T18:44:24Z
154,ML-DSA-65,post-quantum,3,keygen,0.1053,0.0,0.0,0.295,1952,4032,0,3309,0,0,0,0.0,1.58,nan,edge/x86_64,unknown,3.12.3,2026-10-09T18:44:24Z
154,ML-DSA-65,post-quantum,3,sign,0.2705,0.0,0.0,0.295,1952,4032,0,3309,512,0,0,0.0,4.058,nan,edge/x86_64,unknown,3.12.3,2026-10-09T18:44:24Z
154,ML-DSA-65,post-quantum,3,verify,0.0883,0.0,0.0,0.295,1952,4032,0,3309,512,0,0,0.0,1.3249,nan,edge/x86_64,unknown,3.12.3,2026-10-09T18:44:24Z
155,ML-DSA-65,post-quantum,3,keygen,0.0901,0.0,0.0,0.295,1952,4032,0,3309,0,0,0,0.0,1.3508,nan,edge/x86_64,unknown,3.12.3,2026-10-09T18:44:24Z
155,ML-DSA-65,post-quantum,3,sign,0.1764,0.0,0.0,0.295,1952,4032,0,3309,512,0,0,0.0,2.6463,nan,edge/x86_64,unknown,3.12.3,2026-10-09T18:44:24Z
155,ML-DSA-65,post-quantum,3,verify,0.1054,0.0,0.0,0.295,1952,4032,0,3309,512,0,0,0.0,1.5811,nan,edge/x86_64,unknown,3.12.3,2026-10-09T18:44:24Z
156,ML-DSA-65,post-quantum,3,keygen,0.094,0.0,0.0,0.295,1952,4032,0,3309,0,0,0,0.0,1.4095,nan,edge/x86_64,unknown,3.12.3,2026-10-09T18:44:24Z
156,ML-DSA-65,post-quantum,3,sign,0.1183,0.0,0.0,0.295,1952,4032,0,3309,512,0,0,0.0,1.775,nan,edge/x86_64,unknown,3.12.3,2026-10-09T18:44:24Z
156,ML-DSA-65,post-quantum,3,verify,0.0849,0.0,0.0,0.295,1952,4032,0,3309,512,0,0,0.0,1.2739,nan,edge/x86_64,unknown,3.12.3,2026-10-09T18:44:24Z
157,ML-DSA-65,post-quantum,3,keygen,0.089,0.0,0.0,0.295,1952,4032,0,3309,0,0,0,0.0,1.3348,nan,edge/x86_64,unknown,3.12.3,2026-10-09T18:44:24Z
157,ML-DSA-65,post-quantum,3,sign,0.1786,0.0,0.0,0.295,1952,4032,0,3309,512,0,0,0.0,2.6792,nan,edge/x86_64,unknown,3.12.3,2026-10-09T18:44:24Z
157,ML-DSA-65,post-quantum,3,verify,0.0833,0.0,0.0,0.295,1952,4032,0,3309,512,0,0,0.0,1.2493,nan,edge/x86_64,unknown,3.12.3,2026-10-09T18:44:24Z
158,ML-DSA-65,post-quantum,3,keygen,0.0909,0.0,0.0,0.295,1952,4032,0,3309,0,0,0,0.0,1.3637,nan,edge/x86_64,unknown,3.12.3,2026-10-09T18:44:24Z
158,ML-DSA-65,post-quantum,3,sign,0.5213,0.0,0.0,0.295,1952,4032,0,3309,512,0,0,0.0,7.82,nan,edge/x86_64,unknown,3.12.3,2026-10-09T18:44:24Z
158,ML-DSA-65,post-quantum,3,verify,0.0933,0.0,0.0,0.295,1952,4032,0,3309,512,0,0,0.0,1.3997,nan,edge/x86_64,unknown,3.12.3,2026-10-09T18:44:24Z
159,ML-DSA-65,post-quantum,3,keygen,0.0978,0.0,0.0,0.295,1952,4032,0,3309,0,0,0,0.0,1.4665,nan,edge/x86_64,unknown,3.12.3,2026-10-09T18:44:24Z
159,ML-DSA-65,post-quantum,3,sign,0.2865,0.0,0.0,0.295,1952,4032,0,3309,512,0,0,0.0,4.2976,nan,edge/x86_64,unknown,3.12.3,2026-10-09T18:44:24Z
159,ML-DSA-65,post-quantum,3,verify,0.0904,0.0,0.0,0.295,1952,4032,0,3309,512,0,0,0.0,1.3567,nan,edge/x86_64,unknown,3.12.3,2026-10-09T18:44:24Z
160,ML-DSA-65,post-quantum,3,keygen,0.1287,0.0,0.0,0.295,1952,4032,0,3309,0,0,0,0.0,1.9307,nan,edge/x86_64,unknown,3.12.3,2026-10-09T18:44:24Z
160,ML-DSA-65,post-quantum,3,sign,0.1386,0.0,0.0,0.295,1952,4032,0,3309,512,0,0,0.0,2.0792,nan,edge/x86_64,unknown,3.12.3,2026-10-09T18:44:24Z
160,ML-DSA-65,post-quantum,3,verify,0.0855,0.0,0.0,0.295,1952,4032,0,3309,512,0,0,0.0,1.283,nan,edge/x86_64,unknown,3.12.3,2026-10-09T18:44:24Z
161,ML-DSA-65,post-quantum,3,keygen,0.0904,0.0,0.0,0.295,1952,4032,0,3309,0,0,0,0.0,1.3563,nan,edge/x86_64,unknown,3.12.3,2026-10-09T18:44:24Z
161,ML-DSA-65,post-quantum,3,sign,0.1282,0.0,0.0,0.295,1952,4032,0,3309,512,0,0,0.0,1.9234,nan,edge/x86_64,unknown,3.12.3,2026-10-09T18:44:24Z
161,ML-DSA-65,post-quantum,3,verify,0.092,0.0,0.0,0.295,1952,4032,0,3309,512,0,0,0.0,1.3802,nan,edge/x86_64,unknown,3.12.3,2026-10-09T18:44:24Z
162,ML-DSA-65,post-quantum,3,keygen,0.1021,0.0,0.0,0.295,1952,4032,0,3309,0,0,0,0.0,1.5309,nan,edge/x86_64,unknown,3.12.3,2026-10-09T18:44:24Z
162,ML-DSA-65,post-quantum,3,sign,0.2075,0.0,0.0,0.295,1952,4032,0,3309,512,0,0,0.0,3.1132,nan,edge/x86_64,unknown,3.12.3,2026-10-09T18:44:24Z
162,ML-DSA-65,post-quantum,3,verify,0.0893,0.0,0.0,0.295,1952,4032,0,3309,512,0,0,0.0,1.3389,nan,edge/x86_64,unknown,3.12.3,2026-10-09T18:44:24Z
163,ML-DSA-65,post-quantum,3,keygen,0.0945,0.0,0.0,0.295,1952,4032,0,3309,0,0,0,0.0,1.4178,nan,edge/x86_64,unknown,3.12.3,2026-10-09T18:44:24Z
163,ML-DSA-65,post-quantum,3,sign,0.5903,0.0,0.0,0.295,1952,4032,0,3309,512,0,0,0.0,8.855,nan,edge/x86_64,unknown,3.12.3,2026-10-09T18:44:24Z
163,ML-DSA-65,post-quantum,3,verify,0.0967,0.0,0.0,0.295,1952,4032,0,3309,512,0,0,0.0,1.4503,nan,edge/x86_64,unknown,3.12.3,2026-10-09T18:44:24Z
164,ML-DSA-65,post-quantum,3,keygen,0.1292,0.0,0.0,0.295,1952,4032,0,3309,0,0,0,0.0,1.9373,nan,edge/x86_64,unknown,3.12.3,2026-10-09T18:44:24Z
164,ML-DSA-65,post-quantum,3,sign,0.1885,0.0,0.0,0.295,1952,4032,0,3309,512,0,0,0.0,2.8269,nan,edge/x86_64,unknown,3.12.3,2026-10-09T18:44:24Z
164,ML-DSA-65,post-quantum,3,verify,0.0856,0.0,0.0,0.295,1952,4032,0,3309,512,0,0,0.0,1.2835,nan,edge/x86_64,unknown,3.12.3,2026-10-09T18:44:24Z
165,ML-DSA-65,post-quantum,3,keygen,0.0983,0.0,0.0,0.295,1952,4032,0,3309,0,0,0,0.0,1.4739,nan,edge/x86_64,unknown,3.12.3,2026-10-09T18:44:24Z
165,ML-DSA-65,post-quantum,3,sign,0.1563,0.0,0.0,0.295,1952,4032,0,3309,512,0,0,0.0,2.3438,nan,edge/x86_64,unknown,3.12.3,2026-10-09T18:44:24Z
165,ML-DSA-65,post-quantum,3,verify,0.0848,0.0,0.0,0.295,1952,4032,0,3309,512,0,0,0.0,1.2718,nan,edge/x86_64,unknown,3.12.3,2026-10-09T18:44:24Z
166,ML-DSA-65,post-quantum,3,keygen,0.0896,0.0,0.0,0.295,1952,4032,0,3309,0,0,0,0.0,1.3438,nan,edge/x86_64,unknown,3.12.3,2026-10-09T18:44:24Z
166,ML-DSA-65,post-quantum,3,sign,0.1661,0.0,0.0,0.295,1952,4032,0,3309,512,0,0,0.0,2.4915,nan,edge/x86_64,unknown,3.12.3,2026-10-09T18:44:24Z
166,ML-DSA-65,post-quantum,3,verify,0.0888,0.0,0.0,0.295,1952,4032,0,3309,512,0,0,0.0,1.3323,nan,edge/x86_64,unknown,3.12.3,2026-10-09T18:44:24Z
167,ML-DSA-65,post-quantum,3,keygen,0.0945,0.0,0.0,0.295,1952,4032,0,3309,0,0,0,0.0,1.4175,nan,edge/x86_64,unknown,3.12.3,2026-10-09T18:44:24Z
167,ML-DSA-65,post-quantum,3,sign,0.1546,0.0,0.0,0.295,1952,4032,0,3309,512,0,0,0.0,2.3186,nan,edge/x86_64,unknown,3.12.3,2026-10-09T18:44:24Z
167,ML-DSA-65,post-quantum,3,verify,0.0876,0.0,0.0,0.295,1952,4032,0,3309,512,0,0,0.0,1.3137,nan,edge/x86_64,unknown,3.12.3,2026-10-09T18:44:24Z
168,ML-DSA-65,post-quantum,3,keygen,0.0819,0.0,0.0,0.295,1952,4032,0,3309,0,0,0,0.0,1.2284,nan,edge/x86_64,unknown,3.12.3,2026-10-09T18:44:24Z
168,ML-DSA-65,post-quantum,3,sign,0.2922,0.0,0.0,0.295,1952,4032,0,3309,512,0,0,0.0,4.3834,nan,edge/x86_64,unknown,3.12.3,2026-10-09T18:44:24Z
168,ML-DSA-65,post-quantum,3,verify,0.0974,0.0,0.0,0.295,1952,4032,0,3309,512,0,0,0.0,1.4605,nan,edge/x86_64,unknown,3.12.3,2026-10-09T18:44:24Z
169,ML-DSA-65,post-quantum,3,keygen,0.097,0.0,0.0,0.295,1952,4032,0,3309,0,0,0,0.0,1.4554,nan,edge/x86_64,unknown,3.12.3,2026-10-09T18:44:24Z
169,ML-DSA-65,post-quantum,3,sign,0.1132,0.0,0.0,0.295,1952,4032,0,3309,512,0,0,0.0,1.6985,nan,edge/x86_64,unknown,3.12.3,2026-10-09T18:44:24Z
169,ML-DSA-65,post-quantum,3,verify,0.0846,0.0,0.0,0.295,1952,4032,0,3309,512,0,0,0.0,1.2696,nan,edge/x86_64,unknown,3.12.3,2026-10-09T18:44:24Z
170,ML-DSA-65,post-quantum,3,keygen,0.0947,0.0,0.0,0.295,1952,4032,0,3309,0,0,0,0.0,1.4205,nan,edge/x86_64,unknown,3.12.3,2026-10-09T18:44:24Z
170,ML-DSA-65,post-quantum,3,sign,0.1147,0.0,0.0,0.295,1952,4032,0,3309,512,0,0,0.0,1.7207,nan,edge/x86_64,unknown,3.12.3,2026-10-09T18:44:24Z
170,ML-DSA-65,post-quantum,3,verify,0.0822,0.0,0.0,0.295,1952,4032,0,3309,512,0,0,0.0,1.2328,nan,edge/x86_64,unknown,3.12.3,2026-10-09T18:44:24Z
171,ML-DSA-65,post-quantum,3,keygen,0.0964,0.0,0.0,0.295,1952,4032,0,3309,0,0,0,0.0,1.4464,nan,edge/x86_64,unknown,3.12.3,2026-10-09T18:44:24Z
171,ML-DSA-65,post-quantum,3,sign,0.2065,0.0,0.0,0.295,1952,4032,0,3309,512,0,0,0.0,3.098,nan,edge/x86_64,unknown,3.12.3,2026-10-09T18:44:24Z
171,ML-DSA-65,post-quantum,3,verify,0.1133,0.0,0.0,0.295,1952,4032,0,3309,512,0,0,0.0,1.6992,nan,edge/x86_64,unknown,3.12.3,2026-10-09T18:44:24Z
172,ML-DSA-65,post-quantum,3,keygen,0.0968,0.0,0.0,0.295,1952,4032,0,3309,0,0,0,0.0,1.4515,nan,edge/x86_64,unknown,3.12.3,2026-10-09T18:44:24Z
172,ML-DSA-65,post-quantum,3,sign,0.178,0.0,0.0,0.295,1952,4032,0,3309,512,0,0,0.0,2.6701,nan,edge/x86_64,unknown,3.12.3,2026-10-09T18:44:24Z
172,ML-DSA-65,post-quantum,3,verify,0.1031,0.0,0.0,0.295,1952,4032,0,3309,512,0,0,0.0,1.5468,nan,edge/x86_64,unknown,3.12.3,2026-10-09T18:44:24Z
173,ML-DSA-65,post-quantum,3,keygen,0.0945,0.0,0.0,0.295,1952,4032,0,3309,0,0,0,0.0,1.4175,nan,edge/x86_64,unknown,3.12.3,2026-10-09T18:44:24Z
173,ML-DSA-65,post-quantum,3,sign,0.1734,0.0,0.0,0.295,1952,4032,0,3309,512,0,0,0.0,2.6004,nan,edge/x86_64,unknown,3.12.3,2026-10-09T18:44:24Z
173,ML-DSA-65,post-quantum,3,verify,0.0869,0.0,0.0,0.295,1952,4032,0,3309,512,0,0,0.0,1.3032,nan,edge/x86_64,unknown,3.12.3,2026-10-09T18:44:24Z
174,ML-DSA-65,post-quantum,3,keygen,0.0948,0.0,0.0,0.295,1952,4032,0,3309,0,0,0,0.0,1.422,nan,edge/x86_64,unknown,3.12.3,2026-10-09T18:44:24Z
174,ML-DSA-65,post-quantum,3,sign,0.1782,0.0,0.0,0.295,1952,4032,0,3309,512,0,0,0.0,2.6724,nan,edge/x86_64,unknown,3.12.3,2026-10-09T18:44:24Z
174,ML-DSA-65,post-quantum,3,verify,0.0833,0.0,0.0,0.295,1952,4032,0,3309,512,0,0,0.0,1.2502,nan,edge/x86_64,unknown,3.12.3,2026-10-09T18:44:24Z
175,ML-DSA-65,post-quantum,3,keygen,0.0905,0.0,0.0,0.295,1952,4032,0,3309,0,0,0,0.0,1.3574,nan,edge/x86_64,unknown,3.12.3,2026-10-09T18:44:24Z
175,ML-DSA-65,post-quantum,3,sign,0.3847,0.0,0.0,0.295,1952,4032,0,3309,512,0,0,0.0,5.7701,nan,edge/x86_64,unknown,3.12.3,2026-10-09T18:44:24Z
175,ML-DSA-65,post-quantum,3,verify,0.1021,0.0,0.0,0.295,1952,4032,0,3309,512,0,0,0.0,1.5311,nan,edge/x86_64,unknown,3.12.3,2026-10-09T18:44:24Z
176,ML-DSA-65,post-quantum,3,keygen,0.1807,0.0,0.0,0.295,1952,4032,0,3309,0,0,0,0.0,2.7101,nan,edge/x86_64,unknown,3.12.3,2026-10-09T18:44:24Z
176,ML-DSA-65,post-quantum,3,sign,0.1418,0.0,0.0,0.295,1952,4032,0,3309,512,0,0,0.0,2.1264,nan,edge/x86_64,unknown,3.12.3,2026-10-09T18:44:24Z
176,ML-DSA-65,post-quantum,3,verify,0.0861,0.0,0.0,0.295,1952,4032,0,3309,512,0,0,0.0,1.2919,nan,edge/x86_64,unknown,3.12.3,2026-10-09T18:44:24Z
177,ML-DSA-65,post-quantum,3,keygen,0.0913,0.0,0.0,0.295,1952,4032,0,3309,0,0,0,0.0,1.3702,nan,edge/x86_64,unknown,3.12.3,2026-10-09T18:44:24Z
177,ML-DSA-65,post-quantum,3,sign,0.1286,0.0,0.0,0.295,1952,4032,0,3309,512,0,0,0.0,1.9294,nan,edge/x86_64,unknown,3.12.3,2026-10-09T18:44:24Z
177,ML-DSA-65,post-quantum,3,verify,0.0815,0.0,0.0,0.295,1952,4032,0,3309,512,0,0,0.0,1.2223,nan,edge/x86_64,unknown,3.12.3,2026-10-09T18:44:24Z
178,ML-DSA-65,post-quantum,3,keygen,0.0871,0.0,0.0,0.295,1952,4032,0,3309,0,0,0,0.0,1.3058,nan,edge/x86_64,unknown,3.12.3,2026-10-09T18:44:24Z
178,ML-DSA-65,post-quantum,3,sign,0.2369,0.0,0.0,0.295,1952,4032,0,3309,512,0,0,0.0,3.5535,nan,edge/x86_64,unknown,3.12.3,2026-10-09T18:44:24Z
178,ML-DSA-65,post-quantum,3,verify,0.1197,0.0,0.0,0.295,1952,4032,0,3309,512,0,0,0.0,1.7958,nan,edge/x86_64,unknown,3.12.3,2026-10-09T18:44:24Z
179,ML-DSA-65,post-quantum,3,keygen,0.1002,0.0,0.0,0.295,1952,4032,0,3309,0,0,0,0.0,1.5033,nan,edge/x86_64,unknown,3.12.3,2026-10-09T18:44:24Z
179,ML-DSA-65,post-quantum,3,sign,0.326,0.0,0.0,0.295,1952,4032,0,3309,512,0,0,0.0,4.8897,nan,edge/x86_64,unknown,3.12.3,2026-10-09T18:44:24Z
179,ML-DSA-65,post-quantum,3,verify,0.1245,0.0,0.0,0.295,1952,4032,0,3309,512,0,0,0.0,1.8681,nan,edge/x86_64,unknown,3.12.3,2026-10-09T18:44:24Z
180,ML-DSA-65,post-quantum,3,keygen,0.0911,0.0,0.0,0.295,1952,4032,0,3309,0,0,0,0.0,1.366,nan,edge/x86_64,unknown,3.12.3,2026-10-09T18:44:24Z
180,ML-DSA-65,post-quantum,3,sign,0.3709,0.0,0.0,0.295,1952,4032,0,3309,512,0,0,0.0,5.5639,nan,edge/x86_64,unknown,3.12.3,2026-10-09T18:44:24Z
180,ML-DSA-65,post-quantum,3,verify,0.0964,0.0,0.0,0.295,1952,4032,0,3309,512,0,0,0.0,1.4461,nan,edge/x86_64,unknown,3.12.3,2026-10-09T18:44:24Z
181,ML-DSA-65,post-quantum,3,keygen,0.1141,0.0,0.0,0.295,1952,4032,0,3309,0,0,0,0.0,1.7113,nan,edge/x86_64,unknown,3.12.3,2026-10-09T18:44:24Z
181,ML-DSA-65,post-quantum,3,sign,0.1329,0.0,0.0,0.295,1952,4032,0,3309,512,0,0,0.0,1.9939,nan,edge/x86_64,unknown,3.12.3,2026-10-09T18:44:24Z
181,ML-DSA-65,post-quantum,3,verify,0.0912,0.0,0.0,0.295,1952,4032,0,3309,512,0,0,0.0,1.3674,nan,edge/x86_64,unknown,3.12.3,2026-10-09T18:44:24Z
182,ML-DSA-65,post-quantum,3,keygen,0.0887,0.0,0.0,0.295,1952,4032,0,3309,0,0,0,0.0,1.3304,nan,edge/x86_64,unknown,3.12.3,2026-10-09T18:44:24Z
182,ML-DSA-65,post-quantum,3,sign,0.2569,0.0,0.0,0.295,1952,4032,0,3309,512,0,0,0.0,3.853,nan,edge/x86_64,unknown,3.12.3,2026-10-09T18:44:24Z
182,ML-DSA-65,post-quantum,3,verify,0.0867,0.0,0.0,0.295,1952,4032,0,3309,512,0,0,0.0,1.3001,nan,edge/x86_64,unknown,3.12.3,2026-10-09T18:44:24Z
183,ML-DSA-65,post-quantum,3,keygen,0.0935,0.0,0.0,0.295,1952,4032,0,3309,0,0,0,0.0,1.4022,nan,edge/x86_64,unknown,3.12.3,2026-10-09T18:44:24Z
183,ML-DSA-65,post-quantum,3,sign,0.4619,0.0,0.0,0.295,1952,4032,0,3309,512,0,0,0.0,6.9281,nan,edge/x86_64,unknown,3.12.3,2026-10-09T18:44:24Z
183,ML-DSA-65,post-quantum,3,verify,0.0887,0.0,0.0,0.295,1952,4032,0,3309,512,0,0,0.0,1.3307,nan,edge/x86_64,unknown,3.12.3,2026-10-09T18:44:24Z
184,ML-DSA-65,post-quantum,3,keygen,0.0942,0.0,0.0,0.295,1952,4032,0,3309,0,0,0,0.0,1.4126,nan,edge/x86_64,unknown,3.12.3,2026-10-09T18:44:24Z
184,ML-DSA-65,post-quantum,3,sign,0.2384,0.0,0.0,0.295,1952,4032,0,3309,512,0,0,0.0,3.5755,nan,edge/x86_64,unknown,3.12.3,2026-10-09T18:44:24Z
184,ML-DSA-65,post-quantum,3,verify,0.0926,0.0,0.0,0.295,1952,4032,0,3309,512,0,0,0.0,1.3897,nan,edge/x86_64,unknown,3.12.3,2026-10-09T18:44:24Z
185,ML-DSA-65,post-quantum,3,keygen,0.0952,0.0,0.0,0.295,1952,4032,0,3309,0,0,0,0.0,1.4278,nan,edge/x86_64,unknown,3.12.3,2026-10-09T18:44:24Z
185,ML-DSA-65,post-quantum,3,sign,0.1308,0.0,0.0,0.295,1952,4032,0,3309,512,0,0,0.0,1.9616,nan,edge/x86_64,unknown,3.12.3,2026-10-09T18:44:24Z
185,ML-DSA-65,post-quantum,3,verify,0.0936,0.0,0.0,0.295,1952,4032,0,3309,512,0,0,0.0,1.4042,nan,edge/x86_64,unknown,3.12.3,2026-10-09T18:44:24Z
186,ML-DSA-65,post-quantum,3,keygen,0.1012,0.0,0.0,0.295,1952,4032,0,3309,0,0,0,0.0,1.5176,nan,edge/x86_64,unknown,3.12.3,2026-10-09T18:44:24Z
186,ML-DSA-65,post-quantum,3,sign,0.1515,0.0,0.0,0.295,1952,4032,0,3309,512,0,0,0.0,2.2725,nan,edge/x86_64,unknown,3.12.3,2026-10-09T18:44:24Z
186,ML-DSA-65,post-quantum,3,verify,0.0945,0.0,0.0,0.295,1952,4032,0,3309,512,0,0,0.0,1.4181,nan,edge/x86_64,unknown,3.12.3,2026-10-09T18:44:24Z
187,ML-DSA-65,post-quantum,3,keygen,0.1158,0.0,0.0,0.295,1952,4032,0,3309,0,0,0,0.0,1.7368,nan,edge/x86_64,unknown,3.12.3,2026-10-09T18:44:24Z
187,ML-DSA-65,post-quantum,3,sign,0.1347,0.0,0.0,0.295,1952,4032,0,3309,512,0,0,0.0,2.0204,nan,edge/x86_64,unknown,3.12.3,2026-10-09T18:44:24Z
187,ML-DSA-65,post-quantum,3,verify,0.0728,0.0,0.0,0.295,1952,4032,0,3309,512,0,0,0.0,1.0925,nan,edge/x86_64,unknown,3.12.3,2026-10-09T18:44:24Z
188,ML-DSA-65,post-quantum,3,keygen,0.0892,0.0,0.0,0.295,1952,4032,0,3309,0,0,0,0.0,1.3381,nan,edge/x86_64,unknown,3.12.3,2026-10-09T18:44:24Z
188,ML-DSA-65,post-quantum,3,sign,0.1379,0.0,0.0,0.295,1952,4032,0,3309,512,0,0,0.0,2.0691,nan,edge/x86_64,unknown,3.12.3,2026-10-09T18:44:24Z
188,ML-DSA-65,post-quantum,3,verify,0.0837,0.0,0.0,0.295,1952,4032,0,3309,512,0,0,0.0,1.255,nan,edge/x86_64,unknown,3.12.3,2026-10-09T18:44:24Z
189,ML-DSA-65,post-quantum,3,keygen,0.1032,0.0,0.0,0.295,1952,4032,0,3309,0,0,0,0.0,1.548,nan,edge/x86_64,unknown,3.12.3,2026-10-09T18:44:24Z
189,ML-DSA-65,post-quantum,3,sign,0.2126,0.0,0.0,0.295,1952,4032,0,3309,512,0,0,0.0,3.1884,nan,edge/x86_64,unknown,3.12.3,2026-10-09T18:44:24Z
189,ML-DSA-65,post-quantum,3,verify,0.1785,0.0,0.0,0.295,1952,4032,0,3309,512,0,0,0.0,2.6782,nan,edge/x86_64,unknown,3.12.3,2026-10-09T18:44:24Z
190,ML-DSA-65,post-quantum,3,keygen,0.1363,0.0,0.0,0.295,1952,4032,0,3309,0,0,0,0.0,2.0439,nan,edge/x86_64,unknown,3.12.3,2026-10-09T18:44:24Z
190,ML-DSA-65,post-quantum,3,sign,0.1755,0.0,0.0,0.295,1952,4032,0,3309,512,0,0,0.0,2.6332,nan,edge/x86_64,unknown,3.12.3,2026-10-09T18:44:24Z
190,ML-DSA-65,post-quantum,3,verify,0.0864,0.0,0.0,0.295,1952,4032,0,3309,512,0,0,0.0,1.2965,nan,edge/x86_64,unknown,3.12.3,2026-10-09T18:44:24Z
191,ML-DSA-65,post-quantum,3,keygen,0.0903,0.0,0.0,0.295,1952,4032,0,3309,0,0,0,0.0,1.3542,nan,edge/x86_64,unknown,3.12.3,2026-10-09T18:44:24Z
191,ML-DSA-65,post-quantum,3,sign,0.3975,0.0,0.0,0.295,1952,4032,0,3309,512,0,0,0.0,5.9619,nan,edge/x86_64,unknown,3.12.3,2026-10-09T18:44:24Z
191,ML-DSA-65,post-quantum,3,verify,0.0928,0.0,0.0,0.295,1952,4032,0,3309,512,0,0,0.0,1.3914,nan,edge/x86_64,unknown,3.12.3,2026-10-09T18:44:24Z
192,ML-DSA-65,post-quantum,3,keygen,0.0951,0.0,0.0,0.295,1952,4032,0,3309,0,0,0,0.0,1.4269,nan,edge/x86_64,unknown,3.12.3,2026-10-09T18:44:24Z
192,ML-DSA-65,post-quantum,3,sign,0.1389,0.0,0.0,0.295,1952,4032,0,3309,512,0,0,0.0,2.0841,nan,edge/x86_64,unknown,3.12.3,2026-10-09T18:44:24Z
192,ML-DSA-65,post-quantum,3,verify,0.0666,0.0,0.0,0.295,1952,4032,0,3309,512,0,0,0.0,0.9988,nan,edge/x86_64,unknown,3.12.3,2026-10-09T18:44:24Z
193,ML-DSA-65,post-quantum,3,keygen,0.0847,0.0,0.0,0.295,1952,4032,0,3309,0,0,0,0.0,1.2702,nan,edge/x86_64,unknown,3.12.3,2026-10-09T18:44:24Z
193,ML-DSA-65,post-quantum,3,sign,0.1395,0.0,0.0,0.295,1952,4032,0,3309,512,0,0,0.0,2.0927,nan,edge/x86_64,unknown,3.12.3,2026-10-09T18:44:24Z
193,ML-DSA-65,post-quantum,3,verify,0.0832,0.0,0.0,0.295,1952,4032,0,3309,512,0,0,0.0,1.2481,nan,edge/x86_64,unknown,3.12.3,2026-10-09T18:44:24Z
194,ML-DSA-65,post-quantum,3,keygen,0.0889,0.0,0.0,0.295,1952,4032,0,3309,0,0,0,0.0,1.3329,nan,edge/x86_64,unknown,3.12.3,2026-10-09T18:44:24Z
194,ML-DSA-65,post-quantum,3,sign,0.3582,0.0,0.0,0.295,1952,4032,0,3309,512,0,0,0.0,5.3728,nan,edge/x86_64,unknown,3.12.3,2026-10-09T18:44:24Z
194,ML-DSA-65,post-quantum,3,verify,0.0878,0.0,0.0,0.295,1952,4032,0,3309,512,0,0,0.0,1.3176,nan,edge/x86_64,unknown,3.12.3,2026-10-09T18:44:24Z
195,ML-DSA-65,post-quantum,3,keygen,0.0941,0.0,0.0,0.295,1952,4032,0,3309,0,0,0,0.0,1.411,nan,edge/x86_64,unknown,3.12.3,2026-10-09T18:44:24Z
195,ML-DSA-65,post-quantum,3,sign,0.489,0.0,0.0,0.295,1952,4032,0,3309,512,0,0,0.0,7.335,nan,edge/x86_64,unknown,3.12.3,2026-10-09T18:44:24Z
195,ML-DSA-65,post-quantum,3,verify,0.0878,0.0,0.0,0.295,1952,4032,0,3309,512,0,0,0.0,1.3163,nan,edge/x86_64,unknown,3.12.3,2026-10-09T18:44:24Z
196,ML-DSA-65,post-quantum,3,keygen,0.0919,0.0,0.0,0.295,1952,4032,0,3309,0,0,0,0.0,1.3792,nan,edge/x86_64,unknown,3.12.3,2026-10-09T18:44:24Z
196,ML-DSA-65,post-quantum,3,sign,0.2101,0.0,0.0,0.295,1952,4032,0,3309,512,0,0,0.0,3.1522,nan,edge/x86_64,unknown,3.12.3,2026-10-09T18:44:24Z
196,ML-DSA-65,post-quantum,3,verify,0.0909,0.0,0.0,0.295,1952,4032,0,3309,512,0,0,0.0,1.3635,nan,edge/x86_64,unknown,3.12.3,2026-10-09T18:44:24Z
197,ML-DSA-65,post-quantum,3,keygen,0.1046,0.0,0.0,0.295,1952,4032,0,3309,0,0,0,0.0,1.5694,nan,edge/x86_64,unknown,3.12.3,2026-10-09T18:44:24Z
197,ML-DSA-65,post-quantum,3,sign,0.1345,0.0,0.0,0.295,1952,4032,0,3309,512,0,0,0.0,2.0173,nan,edge/x86_64,unknown,3.12.3,2026-10-09T18:44:24Z
197,ML-DSA-65,post-quantum,3,verify,0.0841,0.0,0.0,0.295,1952,4032,0,3309,512,0,0,0.0,1.262,nan,edge/x86_64,unknown,3.12.3,2026-10-09T18:44:24Z
198,ML-DSA-65,post-quantum,3,keygen,0.1358,0.0,0.0,0.295,1952,4032,0,3309,0,0,0,0.0,2.0368,nan,edge/x86_64,unknown,3.12.3,2026-10-09T18:44:24Z
198,ML-DSA-65,post-quantum,3,sign,0.1229,0.0,0.0,0.295,1952,4032,0,3309,512,0,0,0.0,1.8432,nan,edge/x86_64,unknown,3.12.3,2026-10-09T18:44:24Z
198,ML-DSA-65,post-quantum,3,verify,0.0902,0.0,0.0,0.295,1952,4032,0,3309,512,0,0,0.0,1.353,nan,edge/x86_64,unknown,3.12.3,2026-10-09T18:44:24Z
199,ML-DSA-65,post-quantum,3,keygen,0.0919,0.0,0.0,0.295,1952,4032,0,3309,0,0,0,0.0,1.3788,nan,edge/x86_64,unknown,3.12.3,2026-10-09T18:44:24Z
199,ML-DSA-65,post-quantum,3,sign,0.1682,0.0,0.0,0.295,1952,4032,0,3309,512,0,0,0.0,2.5231,nan,edge/x86_64,unknown,3.12.3,2026-10-09T18:44:24Z
199,ML-DSA-65,post-quantum,3,verify,0.0813,0.0,0.0,0.295,1952,4032,0,3309,512,0,0,0.0,1.2197,nan,edge/x86_64,unknown,3.12.3,2026-10-09T18:44:24Z
0,ML-DSA-87,post-quantum,5,keygen,0.2845,0.0,0.0,0.36,2592,4896,0,4627,0,0,0,0.0,4.2678,nan,edge/x86_64,unknown,3.12.3,2026-10-09T18:44:24Z
0,ML-DSA-87,post-quantum,5,sign,0.288,0.0,0.0,0.36,2592,4896,0,4627,512,0,0,0.0,4.3199,nan,edge/x86_64,unknown,3.12.3,2026-10-09T18:44:24Z
0,ML-DSA-87,post-quantum,5,verify,0.1998,0.0,0.0,0.36,2592,4896,0,4627,512,0,0,0.0,2.9963,nan,edge/x86_64,unknown,3.12.3,2026-10-09T18:44:24Z
1,ML-DSA-87,post-quantum,5,keygen,0.1458,0.0,0.0,0.36,2592,4896,0,4627,0,0,0,0.0,2.187,nan,edge/x86_64,unknown,3.12.3,2026-10-09T18:44:24Z
1,ML-DSA-87,post-quantum,5,sign,0.3456,0.0,0.0,0.36,2592,4896,0,4627,512,0,0,0.0,5.1847,nan,edge/x86_64,unknown,3.12.3,2026-10-09T18:44:24Z
1,ML-DSA-87,post-quantum,5,verify,0.1316,0.0,0.0,0.36,2592,4896,0,4627,512,0,0,0.0,1.9743,nan,edge/x86_64,unknown,3.12.3,2026-10-09T18:44:24Z
2,ML-DSA-87,post-quantum,5,keygen,0.2004,0.0,0.0,0.36,2592,4896,0,4627,0,0,0,0.0,3.0058,nan,edge/x86_64,unknown,3.12.3,2026-10-09T18:44:24Z
2,ML-DSA-87,post-quantum,5,sign,0.1741,0.0,0.0,0.36,2592,4896,0,4627,512,0,0,0.0,2.6111,nan,edge/x86_64,unknown,3.12.3,2026-10-09T18:44:24Z
2,ML-DSA-87,post-quantum,5,verify,0.1281,0.0,0.0,0.36,2592,4896,0,4627,512,0,0,0.0,1.9211,nan,edge/x86_64,unknown,3.12.3,2026-10-09T18:44:24Z
3,ML-DSA-87,post-quantum,5,keygen,0.1328,0.0,0.0,0.36,2592,4896,0,4627,0,0,0,0.0,1.992,nan,edge/x86_64,unknown,3.12.3,2026-10-09T18:44:24Z
3,ML-DSA-87,post-quantum,5,sign,0.1952,0.0,0.0,0.36,2592,4896,0,4627,512,0,0,0.0,2.9286,nan,edge/x86_64,unknown,3.12.3,2026-10-09T18:44:24Z
3,ML-DSA-87,post-quantum,5,verify,0.1234,0.0,0.0,0.36,2592,4896,0,4627,512,0,0,0.0,1.8509,nan,edge/x86_64,unknown,3.12.3,2026-10-09T18:44:24Z
4,ML-DSA-87,post-quantum,5,keygen,0.1497,0.0,0.0,0.36,2592,4896,0,4627,0,0,0,0.0,2.2462,nan,edge/x86_64,unknown,3.12.3,2026-10-09T18:44:24Z
4,ML-DSA-87,post-quantum,5,sign,0.605,0.0,0.0,0.36,2592,4896,0,4627,512,0,0,0.0,9.0751,nan,edge/x86_64,unknown,3.12.3,2026-10-09T18:44:24Z
4,ML-DSA-87,post-quantum,5,verify,0.1311,0.0,0.0,0.36,2592,4896,0,4627,512,0,0,0.0,1.9666,nan,edge/x86_64,unknown,3.12.3,2026-10-09T18:44:24Z
5,ML-DSA-87,post-quantum,5,keygen,0.2149,0.0,0.0,0.36,2592,4896,0,4627,0,0,0,0.0,3.2234,nan,edge/x86_64,unknown,3.12.3,2026-10-09T18:44:24Z
5,ML-DSA-87,post-quantum,5,sign,0.2334,0.0,0.0,0.36,2592,4896,0,4627,512,0,0,0.0,3.5006,nan,edge/x86_64,unknown,3.12.3,2026-10-09T18:44:24Z
5,ML-DSA-87,post-quantum,5,verify,0.1383,0.0,0.0,0.36,2592,4896,0,4627,512,0,0,0.0,2.0747,nan,edge/x86_64,unknown,3.12.3,2026-10-09T18:44:24Z
6,ML-DSA-87,post-quantum,5,keygen,0.1556,0.0,0.0,0.36,2592,4896,0,4627,0,0,0,0.0,2.334,nan,edge/x86_64,unknown,3.12.3,2026-10-09T18:44:24Z
6,ML-DSA-87,post-quantum,5,sign,0.3818,0.0,0.0,0.36,2592,4896,0,4627,512,0,0,0.0,5.7263,nan,edge/x86_64,unknown,3.12.3,2026-10-09T18:44:24Z
6,ML-DSA-87,post-quantum,5,verify,0.1262,0.0,0.0,0.36,2592,4896,0,4627,512,0,0,0.0,1.8936,nan,edge/x86_64,unknown,3.12.3,2026-10-09T18:44:24Z
7,ML-DSA-87,post-quantum,5,keygen,0.1617,0.0,0.0,0.36,2592,4896,0,4627,0,0,0,0.0,2.4252,nan,edge/x86_64,unknown,3.12.3,2026-10-09T18:44:24Z
7,ML-DSA-87,post-quantum,5,sign,0.1997,0.0,0.0,0.36,2592,4896,0,4627,512,0,0,0.0,2.9958,nan,edge/x86_64,unknown,3.12.3,2026-10-09T18:44:24Z
7,ML-DSA-87,post-quantum,5,verify,0.1224,0.0,0.0,0.36,2592,4896,0,4627,512,0,0,0.0,1.8356,nan,edge/x86_64,unknown,3.12.3,2026-10-09T18:44:24Z
8,ML-DSA-87,post-quantum,5,keygen,0.1291,0.0,0.0,0.36,2592,4896,0,4627,0,0,0,0.0,1.9366,nan,edge/x86_64,unknown,3.12.3,2026-10-09T18:44:24Z
8,ML-DSA-87,post-quantum,5,sign,0.1567,0.0,0.0,0.36,2592,4896,0,4627,512,0,0,0.0,2.3498,nan,edge/x86_64,unknown,3.12.3,2026-10-09T18:44:24Z
8,ML-DSA-87,post-quantum,5,verify,0.1503,0.0,0.0,0.36,2592,4896,0,4627,512,0,0,0.0,2.2545,nan,edge/x86_64,unknown,3.12.3,2026-10-09T18:44:24Z
9,ML-DSA-87,post-quantum,5,keygen,0.1391,0.0,0.0,0.36,2592,4896,0,4627,0,0,0,0.0,2.0867,nan,edge/x86_64,unknown,3.12.3,2026-10-09T18:44:24Z
9,ML-DSA-87,post-quantum,5,sign,0.1642,0.0,0.0,0.36,2592,4896,0,4627,512,0,0,0.0,2.4626,nan,edge/x86_64,unknown,3.12.3,2026-10-09T18:44:24Z
9,ML-DSA-87,post-quantum,5,verify,0.1328,0.0,0.0,0.36,2592,4896,0,4627,512,0,0,0.0,1.9915,nan,edge/x86_64,unknown,3.12.3,2026-10-09T18:44:24Z
10,ML-DSA-87,post-quantum,5,keygen,0.1514,0.0,0.0,0.36,2592,4896,0,4627,0,0,0,0.0,2.2706,nan,edge/x86_64,unknown,3.12.3,2026-10-09T18:44:24Z
10,ML-DSA-87,post-quantum,5,sign,0.1746,0.0,0.0,0.36,2592,4896,0,4627,512,0,0,0.0,2.6189,nan,edge/x86_64,unknown,3.12.3,2026-10-09T18:44:24Z
10,ML-DSA-87,post-quantum,5,verify,0.1377,0.0,0.0,0.36,2592,4896,0,4627,512,0,0,0.0,2.066,nan,edge/x86_64,unknown,3.12.3,2026-10-09T18:44:24Z
11,ML-DSA-87,post-quantum,5,keygen,0.1599,0.0,0.0,0.36,2592,4896,0,4627,0,0,0,0.0,2.3979,nan,edge/x86_64,unknown,3.12.3,2026-10-09T18:44:24Z
11,ML-DSA-87,post-quantum,5,sign,0.2277,0.0,0.0,0.36,2592,4896,0,4627,512,0,0,0.0,3.4159,nan,edge/x86_64,unknown,3.12.3,2026-10-09T18:44:24Z
11,ML-DSA-87,post-quantum,5,verify,0.1246,0.0,0.0,0.36,2592,4896,0,4627,512,0,0,0.0,1.869,nan,edge/x86_64,unknown,3.12.3,2026-10-09T18:44:24Z
12,ML-DSA-87,post-quantum,5,keygen,0.1292,0.0,0.0,0.36,2592,4896,0,4627,0,0,0,0.0,1.9383,nan,edge/x86_64,unknown,3.12.3,2026-10-09T18:44:24Z
12,ML-DSA-87,post-quantum,5,sign,0.2617,0.0,0.0,0.36,2592,4896,0,4627,512,0,0,0.0,3.9248,nan,edge/x86_64,unknown,3.12.3,2026-10-09T18:44:24Z
12,ML-DSA-87,post-quantum,5,verify,0.1308,0.0,0.0,0.36,2592,4896,0,4627,512,0,0,0.0,1.9617,nan,edge/x86_64,unknown,3.12.3,2026-10-09T18:44:24Z
13,ML-DSA-87,post-quantum,5,keygen,0.1361,0.0,0.0,0.36,2592,4896,0,4627,0,0,0,0.0,2.0419,nan,edge/x86_64,unknown,3.12.3,2026-10-09T18:44:24Z
13,ML-DSA-87,post-quantum,5,sign,0.2348,0.0,0.0,0.36,2592,4896,0,4627,512,0,0,0.0,3.5225,nan,edge/x86_64,unknown,3.12.3,2026-10-09T18:44:24Z
13,ML-DSA-87,post-quantum,5,verify,0.1329,0.0,0.0,0.36,2592,4896,0,4627,512,0,0,0.0,1.9937,nan,edge/x86_64,unknown,3.12.3,2026-10-09T18:44:24Z
14,ML-DSA-87,post-quantum,5,keygen,0.1328,0.0,0.0,0.36,2592,4896,0,4627,0,0,0,0.0,1.9923,nan,edge/x86_64,unknown,3.12.3,2026-10-09T18:44:24Z
14,ML-DSA-87,post-quantum,5,sign,0.3307,0.0,0.0,0.36,2592,4896,0,4627,512,0,0,0.0,4.9605,nan,edge/x86_64,unknown,3.12.3,2026-10-09T18:44:24Z
14,ML-DSA-87,post-quantum,5,verify,0.1592,0.0,0.0,0.36,2592,4896,0,4627,512,0,0,0.0,2.3876,nan,edge/x86_64,unknown,3.12.3,2026-10-09T18:44:24Z
15,ML-DSA-87,post-quantum,5,keygen,0.141,0.0,0.0,0.36,2592,4896,0,4627,0,0,0,0.0,2.1144,nan,edge/x86_64,unknown,3.12.3,2026-10-09T18:44:24Z
15,ML-DSA-87,post-quantum,5,sign,0.1835,0.0,0.0,0.36,2592,4896,0,4627,512,0,0,0.0,2.7518,nan,edge/x86_64,unknown,3.12.3,2026-10-09T18:44:24Z
15,ML-DSA-87,post-quantum,5,verify,0.1276,0.0,0.0,0.36,2592,4896,0,4627,512,0,0,0.0,1.9138,nan,edge/x86_64,unknown,3.12.3,2026-10-09T18:44:24Z
16,ML-DSA-87,post-quantum,5,keygen,0.1602,0.0,0.0,0.36,2592,4896,0,4627,0,0,0,0.0,2.4028,nan,edge/x86_64,unknown,3.12.3,2026-10-09T18:44:24Z
16,ML-DSA-87,post-quantum,5,sign,0.2767,0.0,0.0,0.36,2592,4896,0,4627,512,0,0,0.0,4.1502,nan,edge/x86_64,unknown,3.12.3,2026-10-09T18:44:24Z
16,ML-DSA-87,post-quantum,5,verify,0.1279,0.0,0.0,0.36,2592,4896,0,4627,512,0,0,0.0,1.9192,nan,edge/x86_64,unknown,3.12.3,2026-10-09T18:44:24Z
17,ML-DSA-87,post-quantum,5,keygen,0.1369,0.0,0.0,0.36,2592,4896,0,4627,0,0,0,0.0,2.0535,nan,edge/x86_64,unknown,3.12.3,2026-10-09T18:44:24Z
17,ML-DSA-87,post-quantum,5,sign,0.23,0.0,0.0,0.36,2592,4896,0,4627,512,0,0,0.0,3.4497,nan,edge/x86_64,unknown,3.12.3,2026-10-09T18:44:24Z
17,ML-DSA-87,post-quantum,5,verify,0.1457,0.0,0.0,0.36,2592,4896,0,4627,512,0,0,0.0,2.1858,nan,edge/x86_64,unknown,3.12.3,2026-10-09T18:44:24Z
18,ML-DSA-87,post-quantum,5,keygen,0.2072,0.0,0.0,0.36,2592,4896,0,4627,0,0,0,0.0,3.1085,nan,edge/x86_64,unknown,3.12.3,2026-10-09T18:44:24Z
18,ML-DSA-87,post-quantum,5,sign,0.3346,0.0,0.0,0.36,2592,4896,0,4627,512,0,0,0.0,5.0184,nan,edge/x86_64,unknown,3.12.3,2026-10-09T18:44:24Z
18,ML-DSA-87,post-quantum,5,verify,0.1323,0.0,0.0,0.36,2592,4896,0,4627,512,0,0,0.0,1.9843,nan,edge/x86_64,unknown,3.12.3,2026-10-09T18:44:24Z
19,ML-DSA-87,post-quantum,5,keygen,0.1315,0.0,0.0,0.36,2592,4896,0,4627,0,0,0,0.0,1.9726,nan,edge/x86_64,unknown,3.12.3,2026-10-09T18:44:24Z
19,ML-DSA-87,post-quantum,5,sign,0.3569,0.0,0.0,0.36,2592,4896,0,4627,512,0,0,0.0,5.3542,nan,edge/x86_64,unknown,3.12.3,2026-10-09T18:44:24Z
19,ML-DSA-87,post-quantum,5,verify,0.1197,0.0,0.0,0.36,2592,4896,0,4627,512,0,0,0.0,1.7955,nan,edge/x86_64,unknown,3.12.3,2026-10-09T18:44:24Z
20,ML-DSA-87,post-quantum,5,keygen,0.1287,0.0,0.0,0.36,2592,4896,0,4627,0,0,0,0.0,1.9305,nan,edge/x86_64,unknown,3.12.3,2026-10-09T18:44:24Z
20,ML-DSA-87,post-quantum,5,sign,0.1575,0.0,0.0,0.36,2592,4896,0,4627,512,0,0,0.0,2.3621,nan,edge/x86_64,unknown,3.12.3,2026-10-09T18:44:24Z
20,ML-DSA-87,post-quantum,5,verify,0.1265,0.0,0.0,0.36,2592,4896,0,4627,512,0,0,0.0,1.898,nan,edge/x86_64,unknown,3.12.3,2026-10-09T18:44:24Z
21,ML-DSA-87,post-quantum,5,keygen,0.1473,0.0,0.0,0.36,2592,4896,0,4627,0,0,0,0.0,2.2098,nan,edge/x86_64,unknown,3.12.3,2026-10-09T18:44:24Z
21,ML-DSA-87,post-quantum,5,sign,0.5546,0.0,0.0,0.36,2592,4896,0,4627,512,0,0,0.0,8.3186,nan,edge/x86_64,unknown,3.12.3,2026-10-09T18:44:24Z
21,ML-DSA-87,post-quantum,5,verify,0.1573,0.0,0.0,0.36,2592,4896,0,4627,512,0,0,0.0,2.3599,nan,edge/x86_64,unknown,3.12.3,2026-10-09T18:44:24Z
22,ML-DSA-87,post-quantum,5,keygen,0.2013,0.0,0.0,0.36,2592,4896,0,4627,0,0,0,0.0,3.0192,nan,edge/x86_64,unknown,3.12.3,2026-10-09T18:44:24Z
22,ML-DSA-87,post-quantum,5,sign,0.2037,0.0,0.0,0.36,2592,4896,0,4627,512,0,0,0.0,3.0549,nan,edge/x86_64,unknown,3.12.3,2026-10-09T18:44:24Z
22,ML-DSA-87,post-quantum,5,verify,0.128,0.0,0.0,0.36,2592,4896,0,4627,512,0,0,0.0,1.9199,nan,edge/x86_64,unknown,3.12.3,2026-10-09T18:44:24Z
23,ML-DSA-87,post-quantum,5,keygen,0.134,0.0,0.0,0.36,2592,4896,0,4627,0,0,0,0.0,2.0105,nan,edge/x86_64,unknown,3.12.3,2026-10-09T18:44:24Z
23,ML-DSA-87,post-quantum,5,sign,0.1881,0.0,0.0,0.36,2592,4896,0,4627,512,0,0,0.0,2.821,nan,edge/x86_64,unknown,3.12.3,2026-10-09T18:44:24Z
23,ML-DSA-87,post-quantum,5,verify,0.1233,0.0,0.0,0.36,2592,4896,0,4627,512,0,0,0.0,1.8496,nan,edge/x86_64,unknown,3.12.3,2026-10-09T18:44:24Z
24,ML-DSA-87,post-quantum,5,keygen,0.1431,0.0,0.0,0.36,2592,4896,0,4627,0,0,0,0.0,2.1462,nan,edge/x86_64,unknown,3.12.3,2026-10-09T18:44:24Z
24,ML-DSA-87,post-quantum,5,sign,0.1566,0.0,0.0,0.36,2592,4896,0,4627,512,0,0,0.0,2.349,nan,edge/x86_64,unknown,3.12.3,2026-10-09T18:44:24Z
24,ML-DSA-87,post-quantum,5,verify,0.1539,0.0,0.0,0.36,2592,4896,0,4627,512,0,0,0.0,2.308,nan,edge/x86_64,unknown,3.12.3,2026-10-09T18:44:24Z
25,ML-DSA-87,post-quantum,5,keygen,0.1396,0.0,0.0,0.36,2592,4896,0,4627,0,0,0,0.0,2.0938,nan,edge/x86_64,unknown,3.12.3,2026-10-09T18:44:24Z
25,ML-DSA-87,post-quantum,5,sign,0.2622,0.0,0.0,0.36,2592,4896,0,4627,512,0,0,0.0,3.9324,nan,edge/x86_64,unknown,3.12.3,2026-10-09T18:44:24Z
25,ML-DSA-87,post-quantum,5,verify,0.1374,0.0,0.0,0.36,2592,4896,0,4627,512,0,0,0.0,2.0615,nan,edge/x86_64,unknown,3.12.3,2026-10-09T18:44:24Z
26,ML-DSA-87,post-quantum,5,keygen,0.1881,0.0,0.0,0.36,2592,4896,0,4627,0,0,0,0.0,2.8217,nan,edge/x86_64,unknown,3.12.3,2026-10-09T18:44:24Z
26,ML-DSA-87,post-quantum,5,sign,0.4762,0.0,0.0,0.36,2592,4896,0,4627,512,0,0,0.0,7.143,nan,edge/x86_64,unknown,3.12.3,2026-10-09T18:44:24Z
26,ML-DSA-87,post-quantum,5,verify,0.1252,0.0,0.0,0.36,2592,4896,0,4627,512,0,0,0.0,1.8784,nan,edge/x86_64,unknown,3.12.3,2026-10-09T18:44:24Z
27,ML-DSA-87,post-quantum,5,keygen,0.131,0.0,0.0,0.36,2592,4896,0,4627,0,0,0,0.0,1.9647,nan,edge/x86_64,unknown,3.12.3,2026-10-09T18:44:24Z
27,ML-DSA-87,post-quantum,5,sign,0.1717,0.0,0.0,0.36,2592,4896,0,4627,512,0,0,0.0,2.5756,nan,edge/x86_64,unknown,3.12.3,2026-10-09T18:44:24Z
27,ML-DSA-87,post-quantum,5,verify,0.1459,0.0,0.0,0.36,2592,4896,0,4627,512,0,0,0.0,2.1879,nan,edge/x86_64,unknown,3.12.3,2026-10-09T18:44:24Z
28,ML-DSA-87,post-quantum,5,keygen,0.1611,0.0,0.0,0.36,2592,4896,0,4627,0,0,0,0.0,2.417,nan,edge/x86_64,unknown,3.12.3,2026-10-09T18:44:24Z
28,ML-DSA-87,post-quantum,5,sign,0.4615,0.0,0.0,0.36,2592,4896,0,4627,512,0,0,0.0,6.9231,nan,edge/x86_64,unknown,3.12.3,2026-10-09T18:44:24Z
28,ML-DSA-87,post-quantum,5,verify,0.1905,0.0,0.0,0.36,2592,4896,0,4627,512,0,0,0.0,2.8573,nan,edge/x86_64,unknown,3.12.3,2026-10-09T18:44:24Z
29,ML-DSA-87,post-quantum,5,keygen,0.1443,0.0,0.0,0.36,2592,4896,0,4627,0,0,0,0.0,2.1642,nan,edge/x86_64,unknown,3.12.3,2026-10-09T18:44:24Z
29,ML-DSA-87,post-quantum,5,sign,0.1709,0.0,0.0,0.36,2592,4896,0,4627,512,0,0,0.0,2.5633,nan,edge/x86_64,unknown,3.12.3,2026-10-09T18:44:24Z
29,ML-DSA-87,post-quantum,5,verify,0.1316,0.0,0.0,0.36,2592,4896,0,4627,512,0,0,0.0,1.9737,nan,edge/x86_64,unknown,3.12.3,2026-10-09T18:44:24Z
30,ML-DSA-87,post-quantum,5,keygen,0.1425,0.0,0.0,0.36,2592,4896,0,4627,0,0,0,0.0,2.1374,nan,edge/x86_64,unknown,3.12.3,2026-10-09T18:44:24Z
30,ML-DSA-87,post-quantum,5,sign,0.1918,0.0,0.0,0.36,2592,4896,0,4627,512,0,0,0.0,2.8769,nan,edge/x86_64,unknown,3.12.3,2026-10-09T18:44:24Z
30,ML-DSA-87,post-quantum,5,verify,0.1432,0.0,0.0,0.36,2592,4896,0,4627,512,0,0,0.0,2.148,nan,edge/x86_64,unknown,3.12.3,2026-10-09T18:44:24Z
31,ML-DSA-87,post-quantum,5,keygen,0.1354,0.0,0.0,0.36,2592,4896,0,4627,0,0,0,0.0,2.031,nan,edge/x86_64,unknown,3.12.3,2026-10-09T18:44:24Z
31,ML-DSA-87,post-quantum,5,sign,0.2545,0.0,0.0,0.36,2592,4896,0,4627,512,0,0,0.0,3.818,nan,edge/x86_64,unknown,3.12.3,2026-10-09T18:44:24Z
31,ML-DSA-87,post-quantum,5,verify,0.1285,0.0,0.0,0.36,2592,4896,0,4627,512,0,0,0.0,1.9268,nan,edge/x86_64,unknown,3.12.3,2026-10-09T18:44:24Z
32,ML-DSA-87,post-quantum,5,keygen,0.1371,0.0,0.0,0.36,2592,4896,0,4627,0,0,0,0.0,2.0572,nan,edge/x86_64,unknown,3.12.3,2026-10-09T18:44:24Z
32,ML-DSA-87,post-quantum,5,sign,0.2317,0.0,0.0,0.36,2592,4896,0,4627,512,0,0,0.0,3.4755,nan,edge/x86_64,unknown,3.12.3,2026-10-09T18:44:24Z
32,ML-DSA-87,post-quantum,5,verify,0.1679,0.0,0.0,0.36,2592,4896,0,4627,512,0,0,0.0,2.518,nan,edge/x86_64,unknown,3.12.3,2026-10-09T18:44:24Z
33,ML-DSA-87,post-quantum,5,keygen,0.1362,0.0,0.0,0.36,2592,4896,0,4627,0,0,0,0.0,2.043,nan,edge/x86_64,unknown,3.12.3,2026-10-09T18:44:24Z
33,ML-DSA-87,post-quantum,5,sign,0.3895,0.0,0.0,0.36,2592,4896,0,4627,512,0,0,0.0,5.842,nan,edge/x86_64,unknown,3.12.3,2026-10-09T18:44:24Z
33,ML-DSA-87,post-quantum,5,verify,0.1291,0.0,0.0,0.36,2592,4896,0,4627,512,0,0,0.0,1.9366,nan,edge/x86_64,unknown,3.12.3,2026-10-09T18:44:24Z
34,ML-DSA-87,post-quantum,5,keygen,0.1388,0.0,0.0,0.36,2592,4896,0,4627,0,0,0,0.0,2.0813,nan,edge/x86_64,unknown,3.12.3,2026-10-09T18:44:24Z
34,ML-DSA-87,post-quantum,5,sign,0.3265,0.0,0.0,0.36,2592,4896,0,4627,512,0,0,0.0,4.8978,nan,edge/x86_64,unknown,3.12.3,2026-10-09T18:44:24Z
34,ML-DSA-87,post-quantum,5,verify,0.1517,0.0,0.0,0.36,2592,4896,0,4627,512,0,0,0.0,2.275,nan,edge/x86_64,unknown,3.12.3,2026-10-09T18:44:24Z
35,ML-DSA-87,post-quantum,5,keygen,0.14,0.0,0.0,0.36,2592,4896,0,4627,0,0,0,0.0,2.0993,nan,edge/x86_64,unknown,3.12.3,2026-10-09T18:44:24Z
35,ML-DSA-87,post-quantum,5,sign,0.2542,0.0,0.0,0.36,2592,4896,0,4627,512,0,0,0.0,3.8124,nan,edge/x86_64,unknown,3.12.3,2026-10-09T18:44:24Z
35,ML-DSA-87,post-quantum,5,verify,0.1501,0.0,0.0,0.36,2592,4896,0,4627,512,0,0,0.0,2.2508,nan,edge/x86_64,unknown,3.12.3,2026-10-09T18:44:24Z
36,ML-DSA-87,post-quantum,5,keygen,0.1441,0.0,0.0,0.36,2592,4896,0,4627,0,0,0,0.0,2.1608,nan,edge/x86_64,unknown,3.12.3,2026-10-09T18:44:24Z
36,ML-DSA-87,post-quantum,5,sign,0.3158,0.0,0.0,0.36,2592,4896,0,4627,512,0,0,0.0,4.7366,nan,edge/x86_64,unknown,3.12.3,2026-10-09T18:44:24Z
36,ML-DSA-87,post-quantum,5,verify,0.1303,0.0,0.0,0.36,2592,4896,0,4627,512,0,0,0.0,1.9549,nan,edge/x86_64,unknown,3.12.3,2026-10-09T18:44:24Z
37,ML-DSA-87,post-quantum,5,keygen,0.1316,0.0,0.0,0.36,2592,4896,0,4627,0,0,0,0.0,1.9743,nan,edge/x86_64,unknown,3.12.3,2026-10-09T18:44:24Z
37,ML-DSA-87,post-quantum,5,sign,0.3447,0.0,0.0,0.36,2592,4896,0,4627,512,0,0,0.0,5.1701,nan,edge/x86_64,unknown,3.12.3,2026-10-09T18:44:24Z
37,ML-DSA-87,post-quantum,5,verify,0.1416,0.0,0.0,0.36,2592,4896,0,4627,512,0,0,0.0,2.1237,nan,edge/x86_64,unknown,3.12.3,2026-10-09T18:44:24Z
38,ML-DSA-87,post-quantum,5,keygen,0.3695,0.0,0.0,0.36,2592,4896,0,4627,0,0,0,0.0,5.5428,nan,edge/x86_64,unknown,3.12.3,2026-10-09T18:44:24Z
38,ML-DSA-87,post-quantum,5,sign,0.1959,0.0,0.0,0.36,2592,4896,0,4627,512,0,0,0.0,2.9389,nan,edge/x86_64,unknown,3.12.3,2026-10-09T18:44:24Z
38,ML-DSA-87,post-quantum,5,verify,0.1418,0.0,0.0,0.36,2592,4896,0,4627,512,0,0,0.0,2.1272,nan,edge/x86_64,unknown,3.12.3,2026-10-09T18:44:24Z
39,ML-DSA-87,post-quantum,5,keygen,0.1335,0.0,0.0,0.36,2592,4896,0,4627,0,0,0,0.0,2.0025,nan,edge/x86_64,unknown,3.12.3,2026-10-09T18:44:24Z
39,ML-DSA-87,post-quantum,5,sign,0.231,0.0,0.0,0.36,2592,4896,0,4627,512,0,0,0.0,3.4648,nan,edge/x86_64,unknown,3.12.3,2026-10-09T18:44:24Z
39,ML-DSA-87,post-quantum,5,verify,0.1336,0.0,0.0,0.36,2592,4896,0,4627,512,0,0,0.0,2.0044,nan,edge/x86_64,unknown,3.12.3,2026-10-09T18:44:24Z
40,ML-DSA-87,post-quantum,5,keygen,0.1338,0.0,0.0,0.36,2592,4896,0,4627,0,0,0,0.0,2.007,nan,edge/x86_64,unknown,3.12.3,2026-10-09T18:44:24Z
40,ML-DSA-87,post-quantum,5,sign,0.3173,0.0,0.0,0.36,2592,4896,0,4627,512,0,0,0.0,4.7588,nan,edge/x86_64,unknown,3.12.3,2026-10-09T18:44:24Z
40,ML-DSA-87,post-quantum,5,verify,0.1311,0.0,0.0,0.36,2592,4896,0,4627,512,0,0,0.0,1.9667,nan,edge/x86_64,unknown,3.12.3,2026-10-09T18:44:24Z
41,ML-DSA-87,post-quantum,5,keygen,0.2014,0.0,0.0,0.36,2592,4896,0,4627,0,0,0,0.0,3.0213,nan,edge/x86_64,unknown,3.12.3,2026-10-09T18:44:24Z
41,ML-DSA-87,post-quantum,5,sign,0.2367,0.0,0.0,0.36,2592,4896,0,4627,512,0,0,0.0,3.551,nan,edge/x86_64,unknown,3.12.3,2026-10-09T18:44:24Z
41,ML-DSA-87,post-quantum,5,verify,0.1254,0.0,0.0,0.36,2592,4896,0,4627,512,0,0,0.0,1.8817,nan,edge/x86_64,unknown,3.12.3,2026-10-09T18:44:24Z
42,ML-DSA-87,post-quantum,5,keygen,0.1348,0.0,0.0,0.36,2592,4896,0,4627,0,0,0,0.0,2.0217,nan,edge/x86_64,unknown,3.12.3,2026-10-09T18:44:24Z
42,ML-DSA-87,post-quantum,5,sign,0.2149,0.0,0.0,0.36,2592,4896,0,4627,512,0,0,0.0,3.224,nan,edge/x86_64,unknown,3.12.3,2026-10-09T18:44:24Z
42,ML-DSA-87,post-quantum,5,verify,0.2685,0.0,0.0,0.36,2592,4896,0,4627,512,0,0,0.0,4.0276,nan,edge/x86_64,unknown,3.12.3,2026-10-09T18:44:24Z
43,ML-DSA-87,post-quantum,5,keygen,0.1478,0.0,0.0,0.36,2592,4896,0,4627,0,0,0,0.0,2.2172,nan,edge/x86_64,unknown,3.12.3,2026-10-09T18:44:24Z
43,ML-DSA-87,post-quantum,5,sign,0.17,0.0,0.0,0.36,2592,4896,0,4627,512,0,0,0.0,2.5494,nan,edge/x86_64,unknown,3.12.3,2026-10-09T18:44:24Z
43,ML-DSA-87,post-quantum,5,verify,0.1283,0.0,0.0,0.36,2592,4896,0,4627,512,0,0,0.0,1.925,nan,edge/x86_64,unknown,3.12.3,2026-10-09T18:44:24Z
44,ML-DSA-87,post-quantum,5,keygen,0.1634,0.0,0.0,0.36,2592,4896,0,4627,0,0,0,0.0,2.4507,nan,edge/x86_64,unknown,3.12.3,2026-10-09T18:44:24Z
44,ML-DSA-87,post-quantum,5,sign,0.1962,0.0,0.0,0.36,2592,4896,0,4627,512,0,0,0.0,2.9424,nan,edge/x86_64,unknown,3.12.3,2026-10-09T18:44:24Z
44,ML-DSA-87,post-quantum,5,verify,0.2035,0.0,0.0,0.36,2592,4896,0,4627,512,0,0,0.0,3.0526,nan,edge/x86_64,unknown,3.12.3,2026-10-09T18:44:24Z
45,ML-DSA-87,post-quantum,5,keygen,0.1511,0.0,0.0,0.36,2592,4896,0,4627,0,0,0,0.0,2.2661,nan,edge/x86_64,unknown,3.12.3,2026-10-09T18:44:24Z
45,ML-DSA-87,post-quantum,5,sign,0.1748,0.0,0.0,0.36,2592,4896,0,4627,512,0,0,0.0,2.6216,nan,edge/x86_64,unknown,3.12.3,2026-10-09T18:44:24Z
45,ML-DSA-87,post-quantum,5,verify,0.1581,0.0,0.0,0.36,2592,4896,0,4627,512,0,0,0.0,2.3711,nan,edge/x86_64,unknown,3.12.3,2026-10-09T18:44:24Z
46,ML-DSA-87,post-quantum,5,keygen,0.1445,0.0,0.0,0.36,2592,4896,0,4627,0,0,0,0.0,2.1682,nan,edge/x86_64,unknown,3.12.3,2026-10-09T18:44:24Z
46,ML-DSA-87,post-quantum,5,sign,0.5546,0.0,0.0,0.36,2592,4896,0,4627,512,0,0,0.0,8.3187,nan,edge/x86_64,unknown,3.12.3,2026-10-09T18:44:24Z
46,ML-DSA-87,post-quantum,5,verify,0.139,0.0,0.0,0.36,2592,4896,0,4627,512,0,0,0.0,2.0847,nan,edge/x86_64,unknown,3.12.3,2026-10-09T18:44:24Z
47,ML-DSA-87,post-quantum,5,keygen,0.2439,0.0,0.0,0.36,2592,4896,0,4627,0,0,0,0.0,3.6581,nan,edge/x86_64,unknown,3.12.3,2026-10-09T18:44:24Z
47,ML-DSA-87,post-quantum,5,sign,0.2738,0.0,0.0,0.36,2592,4896,0,4627,512,0,0,0.0,4.1077,nan,edge/x86_64,unknown,3.12.3,2026-10-09T18:44:24Z
47,ML-DSA-87,post-quantum,5,verify,0.1361,0.0,0.0,0.36,2592,4896,0,4627,512,0,0,0.0,2.0422,nan,edge/x86_64,unknown,3.12.3,2026-10-09T18:44:24Z
48,ML-DSA-87,post-quantum,5,keygen,0.1471,0.0,0.0,0.36,2592,4896,0,4627,0,0,0,0.0,2.2067,nan,edge/x86_64,unknown,3.12.3,2026-10-09T18:44:24Z
48,ML-DSA-87,post-quantum,5,sign,0.2699,0.0,0.0,0.36,2592,4896,0,4627,512,0,0,0.0,4.0486,nan,edge/x86_64,unknown,3.12.3,2026-10-09T18:44:24Z
48,ML-DSA-87,post-quantum,5,verify,0.1326,0.0,0.0,0.36,2592,4896,0,4627,512,0,0,0.0,1.9895,nan,edge/x86_64,unknown,3.12.3,2026-10-09T18:44:24Z
49,ML-DSA-87,post-quantum,5,keygen,0.1235,0.0,0.0,0.36,2592,4896,0,4627,0,0,0,0.0,1.852,nan,edge/x86_64,unknown,3.12.3,2026-10-09T18:44:24Z
49,ML-DSA-87,post-quantum,5,sign,0.3713,0.0,0.0,0.36,2592,4896,0,4627,512,0,0,0.0,5.569,nan,edge/x86_64,unknown,3.12.3,2026-10-09T18:44:24Z
49,ML-DSA-87,post-quantum,5,verify,0.1273,0.0,0.0,0.36,2592,4896,0,4627,512,0,0,0.0,1.9096,nan,edge/x86_64,unknown,3.12.3,2026-10-09T18:44:24Z
50,ML-DSA-87,post-quantum,5,keygen,0.1419,0.0,0.0,0.36,2592,4896,0,4627,0,0,0,0.0,2.1282,nan,edge/x86_64,unknown,3.12.3,2026-10-09T18:44:24Z
50,ML-DSA-87,post-quantum,5,sign,0.2088,0.0,0.0,0.36,2592,4896,0,4627,512,0,0,0.0,3.1315,nan,edge/x86_64,unknown,3.12.3,2026-10-09T18:44:24Z
50,ML-DSA-87,post-quantum,5,verify,0.1213,0.0,0.0,0.36,2592,4896,0,4627,512,0,0,0.0,1.82,nan,edge/x86_64,unknown,3.12.3,2026-10-09T18:44:24Z
51,ML-DSA-87,post-quantum,5,keygen,0.1686,0.0,0.0,0.36,2592,4896,0,4627,0,0,0,0.0,2.5291,nan,edge/x86_64,unknown,3.12.3,2026-10-09T18:44:24Z
51,ML-DSA-87,post-quantum,5,sign,0.2171,0.0,0.0,0.36,2592,4896,0,4627,512,0,0,0.0,3.257,nan,edge/x86_64,unknown,3.12.3,2026-10-09T18:44:24Z
51,ML-DSA-87,post-quantum,5,verify,0.1488,0.0,0.0,0.36,2592,4896,0,4627,512,0,0,0.0,2.2313,nan,edge/x86_64,unknown,3.12.3,2026-10-09T18:44:24Z
52,ML-DSA-87,post-quantum,5,keygen,0.1799,0.0,0.0,0.36,2592,4896,0,4627,0,0,0,0.0,2.699,nan,edge/x86_64,unknown,3.12.3,2026-10-09T18:44:24Z
52,ML-DSA-87,post-quantum,5,sign,0.2276,0.0,0.0,0.36,2592,4896,0,4627,512,0,0,0.0,3.4134,nan,edge/x86_64,unknown,3.12.3,2026-10-09T18:44:24Z
52,ML-DSA-87,post-quantum,5,verify,0.1292,0.0,0.0,0.36,2592,4896,0,4627,512,0,0,0.0,1.9385,nan,edge/x86_64,unknown,3.12.3,2026-10-09T18:44:24Z
53,ML-DSA-87,post-quantum,5,keygen,0.1357,0.0,0.0,0.36,2592,4896,0,4627,0,0,0,0.0,2.0358,nan,edge/x86_64,unknown,3.12.3,2026-10-09T18:44:24Z
53,ML-DSA-87,post-quantum,5,sign,0.1669,0.0,0.0,0.36,2592,4896,0,4627,512,0,0,0.0,2.5041,nan,edge/x86_64,unknown,3.12.3,2026-10-09T18:44:24Z
53,ML-DSA-87,post-quantum,5,verify,0.1278,0.0,0.0,0.36,2592,4896,0,4627,512,0,0,0.0,1.9167,nan,edge/x86_64,unknown,3.12.3,2026-10-09T18:44:24Z
54,ML-DSA-87,post-quantum,5,keygen,0.1462,0.0,0.0,0.36,2592,4896,0,4627,0,0,0,0.0,2.1925,nan,edge/x86_64,unknown,3.12.3,2026-10-09T18:44:24Z
54,ML-DSA-87,post-quantum,5,sign,0.1613,0.0,0.0,0.36,2592,4896,0,4627,512,0,0,0.0,2.4191,nan,edge/x86_64,unknown,3.12.3,2026-10-09T18:44:24Z
54,ML-DSA-87,post-quantum,5,verify,0.1306,0.0,0.0,0.36,2592,4896,0,4627,512,0,0,0.0,1.9584,nan,edge/x86_64,unknown,3.12.3,2026-10-09T18:44:24Z
55,ML-DSA-87,post-quantum,5,keygen,0.1916,0.0,0.0,0.36,2592,4896,0,4627,0,0,0,0.0,2.8734,nan,edge/x86_64,unknown,3.12.3,2026-10-09T18:44:24Z
55,ML-DSA-87,post-quantum,5,sign,0.3485,0.0,0.0,0.36,2592,4896,0,4627,512,0,0,0.0,5.2268,nan,edge/x86_64,unknown,3.12.3,2026-10-09T18:44:24Z
55,ML-DSA-87,post-quantum,5,verify,0.1713,0.0,0.0,0.36,2592,4896,0,4627,512,0,0,0.0,2.5689,nan,edge/x86_64,unknown,3.12.3,2026-10-09T18:44:24Z
56,ML-DSA-87,post-quantum,5,keygen,0.1453,0.0,0.0,0.36,2592,4896,0,4627,0,0,0,0.0,2.1797,nan,edge/x86_64,unknown,3.12.3,2026-10-09T18:44:24Z
56,ML-DSA-87,post-quantum,5,sign,0.2098,0.0,0.0,0.36,2592,4896,0,4627,512,0,0,0.0,3.1465,nan,edge/x86_64,unknown,3.12.3,2026-10-09T18:44:24Z
56,ML-DSA-87,post-quantum,5,verify,0.129,0.0,0.0,0.36,2592,4896,0,4627,512,0,0,0.0,1.9357,nan,edge/x86_64,unknown,3.12.3,2026-10-09T18:44:24Z
57,ML-DSA-87,post-quantum,5,keygen,0.1772,0.0,0.0,0.36,2592,4896,0,4627,0,0,0,0.0,2.6575,nan,edge/x86_64,unknown,3.12.3,2026-10-09T18:44:24Z
57,ML-DSA-87,post-quantum,5,sign,0.2752,0.0,0.0,0.36,2592,4896,0,4627,512,0,0,0.0,4.1283,nan,edge/x86_64,unknown,3.12.3,2026-10-09T18:44:24Z
57,ML-DSA-87,post-quantum,5,verify,0.1303,0.0,0.0,0.36,2592,4896,0,4627,512,0,0,0.0,1.9542,nan,edge/x86_64,unknown,3.12.3,2026-10-09T18:44:24Z
58,ML-DSA-87,post-quantum,5,keygen,0.1356,0.0,0.0,0.36,2592,4896,0,4627,0,0,0,0.0,2.0341,nan,edge/x86_64,unknown,3.12.3,2026-10-09T18:44:24Z
58,ML-DSA-87,post-quantum,5,sign,0.2913,0.0,0.0,0.36,2592,4896,0,4627,512,0,0,0.0,4.37,nan,edge/x86_64,unknown,3.12.3,2026-10-09T18:44:24Z
58,ML-DSA-87,post-quantum,5,verify,0.1352,0.0,0.0,0.36,2592,4896,0,4627,512,0,0,0.0,2.0287,nan,edge/x86_64,unknown,3.12.3,2026-10-09T18:44:24Z
59,ML-DSA-87,post-quantum,5,keygen,0.1412,0.0,0.0,0.36,2592,4896,0,4627,0,0,0,0.0,2.1175,nan,edge/x86_64,unknown,3.12.3,2026-10-09T18:44:24Z
59,ML-DSA-87,post-quantum,5,sign,0.2738,0.0,0.0,0.36,2592,4896,0,4627,512,0,0,0.0,4.1065,nan,edge/x86_64,unknown,3.12.3,2026-10-09T18:44:24Z
59,ML-DSA-87,post-quantum,5,verify,0.1231,0.0,0.0,0.36,2592,4896,0,4627,512,0,0,0.0,1.8466,nan,edge/x86_64,unknown,3.12.3,2026-10-09T18:44:24Z
60,ML-DSA-87,post-quantum,5,keygen,0.1297,0.0,0.0,0.36,2592,4896,0,4627,0,0,0,0.0,1.9462,nan,edge/x86_64,unknown,3.12.3,2026-10-09T18:44:24Z
60,ML-DSA-87,post-quantum,5,sign,0.3325,0.0,0.0,0.36,2592,4896,0,4627,512,0,0,0.0,4.9873,nan,edge/x86_64,unknown,3.12.3,2026-10-09T18:44:24Z
60,ML-DSA-87,post-quantum,5,verify,0.1416,0.0,0.0,0.36,2592,4896,0,4627,512,0,0,0.0,2.1246,nan,edge/x86_64,unknown,3.12.3,2026-10-09T18:44:24Z
61,ML-DSA-87,post-quantum,5,keygen,0.1348,0.0,0.0,0.36,2592,4896,0,4627,0,0,0,0.0,2.0227,nan,edge/x86_64,unknown,3.12.3,2026-10-09T18:44:24Z
61,ML-DSA-87,post-quantum,5,sign,0.2459,0.0,0.0,0.36,2592,4896,0,4627,512,0,0,0.0,3.6885,nan,edge/x86_64,unknown,3.12.3,2026-10-09T18:44:24Z
61,ML-DSA-87,post-quantum,5,verify,0.1745,0.0,0.0,0.36,2592,4896,0,4627,512,0,0,0.0,2.6173,nan,edge/x86_64,unknown,3.12.3,2026-10-09T18:44:24Z
62,ML-DSA-87,post-quantum,5,keygen,0.1416,0.0,0.0,0.36,2592,4896,0,4627,0,0,0,0.0,2.1233,nan,edge/x86_64,unknown,3.12.3,2026-10-09T18:44:24Z
62,ML-DSA-87,post-quantum,5,sign,0.2267,0.0,0.0,0.36,2592,4896,0,4627,512,0,0,0.0,3.3999,nan,edge/x86_64,unknown,3.12.3,2026-10-09T18:44:24Z
62,ML-DSA-87,post-quantum,5,verify,0.1354,0.0,0.0,0.36,2592,4896,0,4627,512,0,0,0.0,2.0307,nan,edge/x86_64,unknown,3.12.3,2026-10-09T18:44:24Z
63,ML-DSA-87,post-quantum,5,keygen,0.1386,0.0,0.0,0.36,2592,4896,0,4627,0,0,0,0.0,2.0789,nan,edge/x86_64,unknown,3.12.3,2026-10-09T18:44:24Z
63,ML-DSA-87,post-quantum,5,sign,0.1837,0.0,0.0,0.36,2592,4896,0,4627,512,0,0,0.0,2.7553,nan,edge/x86_64,unknown,3.12.3,2026-10-09T18:44:24Z
63,ML-DSA-87,post-quantum,5,verify,0.1248,0.0,0.0,0.36,2592,4896,0,4627,512,0,0,0.0,1.8716,nan,edge/x86_64,unknown,3.12.3,2026-10-09T18:44:24Z
64,ML-DSA-87,post-quantum,5,keygen,0.1363,0.0,0.0,0.36,2592,4896,0,4627,0,0,0,0.0,2.0452,nan,edge/x86_64,unknown,3.12.3,2026-10-09T18:44:24Z
64,ML-DSA-87,post-quantum,5,sign,0.3608,0.0,0.0,0.36,2592,4896,0,4627,512,0,0,0.0,5.4121,nan,edge/x86_64,unknown,3.12.3,2026-10-09T18:44:24Z
64,ML-DSA-87,post-quantum,5,verify,0.1273,0.0,0.0,0.36,2592,4896,0,4627,512,0,0,0.0,1.9088,nan,edge/x86_64,unknown,3.12.3,2026-10-09T18:44:24Z
65,ML-DSA-87,post-quantum,5,keygen,0.1407,0.0,0.0,0.36,2592,4896,0,4627,0,0,0,0.0,2.1101,nan,edge/x86_64,unknown,3.12.3,2026-10-09T18:44:24Z
65,ML-DSA-87,post-quantum,5,sign,0.4239,0.0,0.0,0.36,2592,4896,0,4627,512,0,0,0.0,6.3591,nan,edge/x86_64,unknown,3.12.3,2026-10-09T18:44:24Z
65,ML-DSA-87,post-quantum,5,verify,0.1531,0.0,0.0,0.36,2592,4896,0,4627,512,0,0,0.0,2.2971,nan,edge/x86_64,unknown,3.12.3,2026-10-09T18:44:24Z
66,ML-DSA-87,post-quantum,5,keygen,0.1374,0.0,0.0,0.36,2592,4896,0,4627,0,0,0,0.0,2.0613,nan,edge/x86_64,unknown,3.12.3,2026-10-09T18:44:24Z
66,ML-DSA-87,post-quantum,5,sign,0.2097,0.0,0.0,0.36,2592,4896,0,4627,512,0,0,0.0,3.1457,nan,edge/x86_64,unknown,3.12.3,2026-10-09T18:44:24Z
66,ML-DSA-87,post-quantum,5,verify,0.122,0.0,0.0,0.36,2592,4896,0,4627,512,0,0,0.0,1.8294,nan,edge/x86_64,unknown,3.12.3,2026-10-09T18:44:24Z
67,ML-DSA-87,post-quantum,5,keygen,0.13,0.0,0.0,0.36,2592,4896,0,4627,0,0,0,0.0,1.9505,nan,edge/x86_64,unknown,3.12.3,2026-10-09T18:44:24Z
67,ML-DSA-87,post-quantum,5,sign,0.1856,0.0,0.0,0.36,2592,4896,0,4627,512,0,0,0.0,2.7845,nan,edge/x86_64,unknown,3.12.3,2026-10-09T18:44:24Z
67,ML-DSA-87,post-quantum,5,verify,0.1403,0.0,0.0,0.36,2592,4896,0,4627,512,0,0,0.0,2.104,nan,edge/x86_64,unknown,3.12.3,2026-10-09T18:44:24Z
68,ML-DSA-87,post-quantum,5,keygen,0.1403,0.0,0.0,0.36,2592,4896,0,4627,0,0,0,0.0,2.1052,nan,edge/x86_64,unknown,3.12.3,2026-10-09T18:44:24Z
68,ML-DSA-87,post-quantum,5,sign,0.1927,0.0,0.0,0.36,2592,4896,0,4627,512,0,0,0.0,2.8903,nan,edge/x86_64,unknown,3.12.3,2026-10-09T18:44:24Z
68,ML-DSA-87,post-quantum,5,verify,0.1927,0.0,0.0,0.36,2592,4896,0,4627,512,0,0,0.0,2.8903,nan,edge/x86_64,unknown,3.12.3,2026-10-09T18:44:24Z
69,ML-DSA-87,post-quantum,5,keygen,0.1667,0.0,0.0,0.36,2592,4896,0,4627,0,0,0,0.0,2.5004,nan,edge/x86_64,unknown,3.12.3,2026-10-09T18:44:24Z
69,ML-DSA-87,post-quantum,5,sign,0.2066,0.0,0.0,0.36,2592,4896,0,4627,512,0,0,0.0,3.0995,nan,edge/x86_64,unknown,3.12.3,2026-10-09T18:44:24Z
69,ML-DSA-87,post-quantum,5,verify,0.1378,0.0,0.0,0.36,2592,4896,0,4627,512,0,0,0.0,2.0665,nan,edge/x86_64,unknown,3.12.3,2026-10-09T18:44:24Z
70,ML-DSA-87,post-quantum,5,keygen,0.1123,0.0,0.0,0.36,2592,4896,0,4627,0,0,0,0.0,1.6845,nan,edge/x86_64,unknown,3.12.3,2026-10-09T18:44:24Z
70,ML-DSA-87,post-quantum,5,sign,0.7213,0.0,0.0,0.36,2592,4896,0,4627,512,0,0,0.0,10.8193,nan,edge/x86_64,unknown,3.12.3,2026-10-09T18:44:24Z
70,ML-DSA-87,post-quantum,5,verify,0.1574,0.0,0.0,0.36,2592,4896,0,4627,512,0,0,0.0,2.3611,nan,edge/x86_64,unknown,3.12.3,2026-10-09T18:44:24Z
71,ML-DSA-87,post-quantum,5,keygen,0.1676,0.0,0.0,0.36,2592,4896,0,4627,0,0,0,0.0,2.5137,nan,edge/x86_64,unknown,3.12.3,2026-10-09T18:44:24Z
71,ML-DSA-87,post-quantum,5,sign,0.3146,0.0,0.0,0.36,2592,4896,0,4627,512,0,0,0.0,4.7183,nan,edge/x86_64,unknown,3.12.3,2026-10-09T18:44:24Z
71,ML-DSA-87,post-quantum,5,verify,0.1398,0.0,0.0,0.36,2592,4896,0,4627,512,0,0,0.0,2.0977,nan,edge/x86_64,unknown,3.12.3,2026-10-09T18:44:24Z
72,ML-DSA-87,post-quantum,5,keygen,0.1923,0.0,0.0,0.36,2592,4896,0,4627,0,0,0,0.0,2.8847,nan,edge/x86_64,unknown,3.12.3,2026-10-09T18:44:24Z
72,ML-DSA-87,post-quantum,5,sign,0.2803,0.0,0.0,0.36,2592,4896,0,4627,512,0,0,0.0,4.205,nan,edge/x86_64,unknown,3.12.3,2026-10-09T18:44:24Z
72,ML-DSA-87,post-quantum,5,verify,0.1288,0.0,0.0,0.36,2592,4896,0,4627,512,0,0,0.0,1.9318,nan,edge/x86_64,unknown,3.12.3,2026-10-09T18:44:24Z
73,ML-DSA-87,post-quantum,5,keygen,0.1332,0.0,0.0,0.36,2592,4896,0,4627,0,0,0,0.0,1.9984,nan,edge/x86_64,unknown,3.12.3,2026-10-09T18:44:24Z
73,ML-DSA-87,post-quantum,5,sign,0.258,0.0,0.0,0.36,2592,4896,0,4627,512,0,0,0.0,3.8703,nan,edge/x86_64,unknown,3.12.3,2026-10-09T18:44:24Z
73,ML-DSA-87,post-quantum,5,verify,0.117,0.0,0.0,0.36,2592,4896,0,4627,512,0,0,0.0,1.7545,nan,edge/x86_64,unknown,3.12.3,2026-10-09T18:44:24Z
74,ML-DSA-87,post-quantum,5,keygen,0.1254,0.0,0.0,0.36,2592,4896,0,4627,0,0,0,0.0,1.8807,nan,edge/x86_64,unknown,3.12.3,2026-10-09T18:44:24Z
74,ML-DSA-87,post-quantum,5,sign,0.1921,0.0,0.0,0.36,2592,4896,0,4627,512,0,0,0.0,2.8808,nan,edge/x86_64,unknown,3.12.3,2026-10-09T18:44:24Z
74,ML-DSA-87,post-quantum,5,verify,0.1915,0.0,0.0,0.36,2592,4896,0,4627,512,0,0,0.0,2.8729,nan,edge/x86_64,unknown,3.12.3,2026-10-09T18:44:24Z
75,ML-DSA-87,post-quantum,5,keygen,0.1567,0.0,0.0,0.36,2592,4896,0,4627,0,0,0,0.0,2.3502,nan,edge/x86_64,unknown,3.12.3,2026-10-09T18:44:24Z
75,ML-DSA-87,post-quantum,5,sign,0.2253,0.0,0.0,0.36,2592,4896,0,4627,512,0,0,0.0,3.3796,nan,edge/x86_64,unknown,3.12.3,2026-10-09T18:44:24Z
75,ML-DSA-87,post-quantum,5,verify,0.1594,0.0,0.0,0.36,2592,4896,0,4627,512,0,0,0.0,2.3908,nan,edge/x86_64,unknown,3.12.3,2026-10-09T18:44:24Z
76,ML-DSA-87,post-quantum,5,keygen,0.1398,0.0,0.0,0.36,2592,4896,0,4627,0,0,0,0.0,2.0965,nan,edge/x86_64,unknown,3.12.3,2026-10-09T18:44:24Z
76,ML-DSA-87,post-quantum,5,sign,0.2399,0.0,0.0,0.36,2592,4896,0,4627,512,0,0,0.0,3.5979,nan,edge/x86_64,unknown,3.12.3,2026-10-09T18:44:24Z
76,ML-DSA-87,post-quantum,5,verify,0.1311,0.0,0.0,0.36,2592,4896,0,4627,512,0,0,0.0,1.9661,nan,edge/x86_64,unknown,3.12.3,2026-10-09T18:44:24Z
77,ML-DSA-87,post-quantum,5,keygen,0.1484,0.0,0.0,0.36,2592,4896,0,4627,0,0,0,0.0,2.2258,nan,edge/x86_64,unknown,3.12.3,2026-10-09T18:44:24Z
77,ML-DSA-87,post-quantum,5,sign,0.2013,0.0,0.0,0.36,2592,4896,0,4627,512,0,0,0.0,3.0189,nan,edge/x86_64,unknown,3.12.3,2026-10-09T18:44:24Z
77,ML-DSA-87,post-quantum,5,verify,0.1283,0.0,0.0,0.36,2592,4896,0,4627,512,0,0,0.0,1.9245,nan,edge/x86_64,unknown,3.12.3,2026-10-09T18:44:24Z
78,ML-DSA-87,post-quantum,5,keygen,0.1406,0.0,0.0,0.36,2592,4896,0,4627,0,0,0,0.0,2.1087,nan,edge/x86_64,unknown,3.12.3,2026-10-09T18:44:24Z
78,ML-DSA-87,post-quantum,5,sign,0.276,0.0,0.0,0.36,2592,4896,0,4627,512,0,0,0.0,4.1393,nan,edge/x86_64,unknown,3.12.3,2026-10-09T18:44:24Z
78,ML-DSA-87,post-quantum,5,verify,0.1866,0.0,0.0,0.36,2592,4896,0,4627,512,0,0,0.0,2.7995,nan,edge/x86_64,unknown,3.12.3,2026-10-09T18:44:24Z
79,ML-DSA-87,post-quantum,5,keygen,0.1707,0.0,0.0,0.36,2592,4896,0,4627,0,0,0,0.0,2.5602,nan,edge/x86_64,unknown,3.12.3,2026-10-09T18:44:24Z
79,ML-DSA-87,post-quantum,5,sign,0.3516,0.0,0.0,0.36,2592,4896,0,4627,512,0,0,0.0,5.2733,nan,edge/x86_64,unknown,3.12.3,2026-10-09T18:44:24Z
79,ML-DSA-87,post-quantum,5,verify,0.128,0.0,0.0,0.36,2592,4896,0,4627,512,0,0,0.0,1.9197,nan,edge/x86_64,unknown,3.12.3,2026-10-09T18:44:24Z
80,ML-DSA-87,post-quantum,5,keygen,0.1309,0.0,0.0,0.36,2592,4896,0,4627,0,0,0,0.0,1.9633,nan,edge/x86_64,unknown,3.12.3,2026-10-09T18:44:24Z
80,ML-DSA-87,post-quantum,5,sign,0.1527,0.0,0.0,0.36,2592,4896,0,4627,512,0,0,0.0,2.291,nan,edge/x86_64,unknown,3.12.3,2026-10-09T18:44:24Z
80,ML-DSA-87,post-quantum,5,verify,0.1616,0.0,0.0,0.36,2592,4896,0,4627,512,0,0,0.0,2.4241,nan,edge/x86_64,unknown,3.12.3,2026-10-09T18:44:24Z
81,ML-DSA-87,post-quantum,5,keygen,0.1444,0.0,0.0,0.36,2592,4896,0,4627,0,0,0,0.0,2.1659,nan,edge/x86_64,unknown,3.12.3,2026-10-09T18:44:24Z
81,ML-DSA-87,post-quantum,5,sign,0.2696,0.0,0.0,0.36,2592,4896,0,4627,512,0,0,0.0,4.0442,nan,edge/x86_64,unknown,3.12.3,2026-10-09T18:44:24Z
81,ML-DSA-87,post-quantum,5,verify,0.155,0.0,0.0,0.36,2592,4896,0,4627,512,0,0,0.0,2.3249,nan,edge/x86_64,unknown,3.12.3,2026-10-09T18:44:24Z
82,ML-DSA-87,post-quantum,5,keygen,0.1232,0.0,0.0,0.36,2592,4896,0,4627,0,0,0,0.0,1.8477,nan,edge/x86_64,unknown,3.12.3,2026-10-09T18:44:24Z
82,ML-DSA-87,post-quantum,5,sign,0.3472,0.0,0.0,0.36,2592,4896,0,4627,512,0,0,0.0,5.2078,nan,edge/x86_64,unknown,3.12.3,2026-10-09T18:44:24Z
82,ML-DSA-87,post-quantum,5,verify,0.1055,0.0,0.0,0.36,2592,4896,0,4627,512,0,0,0.0,1.5831,nan,edge/x86_64,unknown,3.12.3,2026-10-09T18:44:24Z
83,ML-DSA-87,post-quantum,5,keygen,0.1771,0.0,0.0,0.36,2592,4896,0,4627,0,0,0,0.0,2.6568,nan,edge/x86_64,unknown,3.12.3,2026-10-09T18:44:24Z
83,ML-DSA-87,post-quantum,5,sign,0.2261,0.0,0.0,0.36,2592,4896,0,4627,512,0,0,0.0,3.3918,nan,edge/x86_64,unknown,3.12.3,2026-10-09T18:44:24Z
83,ML-DSA-87,post-quantum,5,verify,0.1365,0.0,0.0,0.36,2592,4896,0,4627,512,0,0,0.0,2.0474,nan,edge/x86_64,unknown,3.12.3,2026-10-09T18:44:24Z
84,ML-DSA-87,post-quantum,5,keygen,0.143,0.0,0.0,0.36,2592,4896,0,4627,0,0,0,0.0,2.1457,nan,edge/x86_64,unknown,3.12.3,2026-10-09T18:44:24Z
84,ML-DSA-87,post-quantum,5,sign,0.3715,0.0,0.0,0.36,2592,4896,0,4627,512,0,0,0.0,5.5731,nan,edge/x86_64,unknown,3.12.3,2026-10-09T18:44:24Z
84,ML-DSA-87,post-quantum,5,verify,0.1299,0.0,0.0,0.36,2592,4896,0,4627,512,0,0,0.0,1.9483,nan,edge/x86_64,unknown,3.12.3,2026-10-09T18:44:24Z
85,ML-DSA-87,post-quantum,5,keygen,0.2013,0.0,0.0,0.36,2592,4896,0,4627,0,0,0,0.0,3.0201,nan,edge/x86_64,unknown,3.12.3,2026-10-09T18:44:24Z
85,ML-DSA-87,post-quantum,5,sign,0.1981,0.0,0.0,0.36,2592,4896,0,4627,512,0,0,0.0,2.9712,nan,edge/x86_64,unknown,3.12.3,2026-10-09T18:44:24Z
85,ML-DSA-87,post-quantum,5,verify,0.1551,0.0,0.0,0.36,2592,4896,0,4627,512,0,0,0.0,2.326,nan,edge/x86_64,unknown,3.12.3,2026-10-09T18:44:24Z
86,ML-DSA-87,post-quantum,5,keygen,0.1345,0.0,0.0,0.36,2592,4896,0,4627,0,0,0,0.0,2.018,nan,edge/x86_64,unknown,3.12.3,2026-10-09T18:44:24Z
86,ML-DSA-87,post-quantum,5,sign,0.1793,0.0,0.0,0.36,2592,4896,0,4627,512,0,0,0.0,2.6902,nan,edge/x86_64,unknown,3.12.3,2026-10-09T18:44:24Z
86,ML-DSA-87,post-quantum,5,verify,0.1443,0.0,0.0,0.36,2592,4896,0,4627,512,0,0,0.0,2.164,nan,edge/x86_64,unknown,3.12.3,2026-10-09T18:44:24Z
87,ML-DSA-87,post-quantum,5,keygen,0.1377,0.0,0.0,0.36,2592,4896,0,4627,0,0,0,0.0,2.0661,nan,edge/x86_64,unknown,3.12.3,2026-10-09T18:44:24Z
87,ML-DSA-87,post-quantum,5,sign,0.3634,0.0,0.0,0.36,2592,4896,0,4627,512,0,0,0.0,5.4517,nan,edge/x86_64,unknown,3.12.3,2026-10-09T18:44:24Z
87,ML-DSA-87,post-quantum,5,verify,0.1293,0.0,0.0,0.36,2592,4896,0,4627,512,0,0,0.0,1.9398,nan,edge/x86_64,unknown,3.12.3,2026-10-09T18:44:24Z
88,ML-DSA-87,post-quantum,5,keygen,0.1377,0.0,0.0,0.36,2592,4896,0,4627,0,0,0,0.0,2.0652,nan,edge/x86_64,unknown,3.12.3,2026-10-09T18:44:24Z
88,ML-DSA-87,post-quantum,5,sign,0.2507,0.0,0.0,0.36,2592,4896,0,4627,512,0,0,0.0,3.7606,nan,edge/x86_64,unknown,3.12.3,2026-10-09T18:44:24Z
88,ML-DSA-87,post-quantum,5,verify,0.1841,0.0,0.0,0.36,2592,4896,0,4627,512,0,0,0.0,2.762,nan,edge/x86_64,unknown,3.12.3,2026-10-09T18:44:24Z
89,ML-DSA-87,post-quantum,5,keygen,0.1452,0.0,0.0,0.36,2592,4896,0,4627,0,0,0,0.0,2.1777,nan,edge/x86_64,unknown,3.12.3,2026-10-09T18:44:24Z
89,ML-DSA-87,post-quantum,5,sign,0.198,0.0,0.0,0.36,2592,4896,0,4627,512,0,0,0.0,2.9699,nan,edge/x86_64,unknown,3.12.3,2026-10-09T18:44:24Z
89,ML-DSA-87,post-quantum,5,verify,0.126,0.0,0.0,0.36,2592,4896,0,4627,512,0,0,0.0,1.8907,nan,edge/x86_64,unknown,3.12.3,2026-10-09T18:44:24Z
90,ML-DSA-87,post-quantum,5,keygen,0.1323,0.0,0.0,0.36,2592,4896,0,4627,0,0,0,0.0,1.985,nan,edge/x86_64,unknown,3.12.3,2026-10-09T18:44:24Z
90,ML-DSA-87,post-quantum,5,sign,0.2313,0.0,0.0,0.36,2592,4896,0,4627,512,0,0,0.0,3.4701,nan,edge/x86_64,unknown,3.12.3,2026-10-09T18:44:24Z
90,ML-DSA-87,post-quantum,5,verify,0.1331,0.0,0.0,0.36,2592,4896,0,4627,512,0,0,0.0,1.996,nan,edge/x86_64,unknown,3.12.3,2026-10-09T18:44:24Z
91,ML-DSA-87,post-quantum,5,keygen,0.1496,0.0,0.0,0.36,2592,4896,0,4627,0,0,0,0.0,2.2439,nan,edge/x86_64,unknown,3.12.3,2026-10-09T18:44:24Z
91,ML-DSA-87,post-quantum,5,sign,0.1827,0.0,0.0,0.36,2592,4896,0,4627,512,0,0,0.0,2.7404,nan,edge/x86_64,unknown,3.12.3,2026-10-09T18:44:24Z
91,ML-DSA-87,post-quantum,5,verify,0.1413,0.0,0.0,0.36,2592,4896,0,4627,512,0,0,0.0,2.1197,nan,edge/x86_64,unknown,3.12.3,2026-10-09T18:44:24Z
92,ML-DSA-87,post-quantum,5,keygen,0.1326,0.0,0.0,0.36,2592,4896,0,4627,0,0,0,0.0,1.989,nan,edge/x86_64,unknown,3.12.3,2026-10-09T18:44:24Z
92,ML-DSA-87,post-quantum,5,sign,0.3657,0.0,0.0,0.36,2592,4896,0,4627,512,0,0,0.0,5.4858,nan,edge/x86_64,unknown,3.12.3,2026-10-09T18:44:24Z
92,ML-DSA-87,post-quantum,5,verify,0.2646,0.0,0.0,0.36,2592,4896,0,4627,512,0,0,0.0,3.9689,nan,edge/x86_64,unknown,3.12.3,2026-10-09T18:44:24Z
93,ML-DSA-87,post-quantum,5,keygen,0.1471,0.0,0.0,0.36,2592,4896,0,4627,0,0,0,0.0,2.2059,nan,edge/x86_64,unknown,3.12.3,2026-10-09T18:44:24Z
93,ML-DSA-87,post-quantum,5,sign,0.2212,0.0,0.0,0.36,2592,4896,0,4627,512,0,0,0.0,3.3175,nan,edge/x86_64,unknown,3.12.3,2026-10-09T18:44:24Z
93,ML-DSA-87,post-quantum,5,verify,0.1268,0.0,0.0,0.36,2592,4896,0,4627,512,0,0,0.0,1.9026,nan,edge/x86_64,unknown,3.12.3,2026-10-09T18:44:24Z
94,ML-DSA-87,post-quantum,5,keygen,0.1301,0.0,0.0,0.36,2592,4896,0,4627,0,0,0,0.0,1.9518,nan,edge/x86_64,unknown,3.12.3,2026-10-09T18:44:24Z
94,ML-DSA-87,post-quantum,5,sign,0.4582,0.0,0.0,0.36,2592,4896,0,4627,512,0,0,0.0,6.8726,nan,edge/x86_64,unknown,3.12.3,2026-10-09T18:44:24Z
94,ML-DSA-87,post-quantum,5,verify,0.1462,0.0,0.0,0.36,2592,4896,0,4627,512,0,0,0.0,2.1928,nan,edge/x86_64,unknown,3.12.3,2026-10-09T18:44:24Z
95,ML-DSA-87,post-quantum,5,keygen,0.1711,0.0,0.0,0.36,2592,4896,0,4627,0,0,0,0.0,2.5662,nan,edge/x86_64,unknown,3.12.3,2026-10-09T18:44:24Z
95,ML-DSA-87,post-quantum,5,sign,0.2582,0.0,0.0,0.36,2592,4896,0,4627,512,0,0,0.0,3.8727,nan,edge/x86_64,unknown,3.12.3,2026-10-09T18:44:24Z
95,ML-DSA-87,post-quantum,5,verify,0.1619,0.0,0.0,0.36,2592,4896,0,4627,512,0,0,0.0,2.4281,nan,edge/x86_64,unknown,3.12.3,2026-10-09T18:44:24Z
96,ML-DSA-87,post-quantum,5,keygen,0.1322,0.0,0.0,0.36,2592,4896,0,4627,0,0,0,0.0,1.9837,nan,edge/x86_64,unknown,3.12.3,2026-10-09T18:44:24Z
96,ML-DSA-87,post-quantum,5,sign,0.1935,0.0,0.0,0.36,2592,4896,0,4627,512,0,0,0.0,2.903,nan,edge/x86_64,unknown,3.12.3,2026-10-09T18:44:24Z
96,ML-DSA-87,post-quantum,5,verify,0.1254,0.0,0.0,0.36,2592,4896,0,4627,512,0,0,0.0,1.8816,nan,edge/x86_64,unknown,3.12.3,2026-10-09T18:44:24Z
97,ML-DSA-87,post-quantum,5,keygen,0.1285,0.0,0.0,0.36,2592,4896,0,4627,0,0,0,0.0,1.9278,nan,edge/x86_64,unknown,3.12.3,2026-10-09T18:44:24Z
97,ML-DSA-87,post-quantum,5,sign,0.1489,0.0,0.0,0.36,2592,4896,0,4627,512,0,0,0.0,2.2341,nan,edge/x86_64,unknown,3.12.3,2026-10-09T18:44:24Z
97,ML-DSA-87,post-quantum,5,verify,0.1029,0.0,0.0,0.36,2592,4896,0,4627,512,0,0,0.0,1.5434,nan,edge/x86_64,unknown,3.12.3,2026-10-09T18:44:24Z
98,ML-DSA-87,post-quantum,5,keygen,0.2122,0.0,0.0,0.36,2592,4896,0,4627,0,0,0,0.0,3.1833,nan,edge/x86_64,unknown,3.12.3,2026-10-09T18:44:24Z
98,ML-DSA-87,post-quantum,5,sign,0.313,0.0,0.0,0.36,2592,4896,0,4627,512,0,0,0.0,4.6955,nan,edge/x86_64,unknown,3.12.3,2026-10-09T18:44:24Z
98,ML-DSA-87,post-quantum,5,verify,0.1556,0.0,0.0,0.36,2592,4896,0,4627,512,0,0,0.0,2.3336,nan,edge/x86_64,unknown,3.12.3,2026-10-09T18:44:24Z
99,ML-DSA-87,post-quantum,5,keygen,0.1396,0.0,0.0,0.36,2592,4896,0,4627,0,0,0,0.0,2.0946,nan,edge/x86_64,unknown,3.12.3,2026-10-09T18:44:24Z
99,ML-DSA-87,post-quantum,5,sign,0.269,0.0,0.0,0.36,2592,4896,0,4627,512,0,0,0.0,4.0349,nan,edge/x86_64,unknown,3.12.3,2026-10-09T18:44:24Z
99,ML-DSA-87,post-quantum,5,verify,0.1381,0.0,0.0,0.36,2592,4896,0,4627,512,0,0,0.0,2.072,nan,edge/x86_64,unknown,3.12.3,2026-10-09T18:44:24Z
100,ML-DSA-87,post-quantum,5,keygen,0.1322,0.0,0.0,0.36,2592,4896,0,4627,0,0,0,0.0,1.9837,nan,edge/x86_64,unknown,3.12.3,2026-10-09T18:44:24Z
100,ML-DSA-87,post-quantum,5,sign,0.1615,0.0,0.0,0.36,2592,4896,0,4627,512,0,0,0.0,2.4219,nan,edge/x86_64,unknown,3.12.3,2026-10-09T18:44:24Z
100,ML-DSA-87,post-quantum,5,verify,0.1243,0.0,0.0,0.36,2592,4896,0,4627,512,0,0,0.0,1.8652,nan,edge/x86_64,unknown,3.12.3,2026-10-09T18:44:24Z
101,ML-DSA-87,post-quantum,5,keygen,0.166,0.0,0.0,0.36,2592,4896,0,4627,0,0,0,0.0,2.4903,nan,edge/x86_64,unknown,3.12.3,2026-10-09T18:44:24Z
101,ML-DSA-87,post-quantum,5,sign,0.2015,0.0,0.0,0.36,2592,4896,0,4627,512,0,0,0.0,3.0219,nan,edge/x86_64,unknown,3.12.3,2026-10-09T18:44:24Z
101,ML-DSA-87,post-quantum,5,verify,0.1364,0.0,0.0,0.36,2592,4896,0,4627,512,0,0,0.0,2.046,nan,edge/x86_64,unknown,3.12.3,2026-10-09T18:44:24Z
102,ML-DSA-87,post-quantum,5,keygen,0.1603,0.0,0.0,0.36,2592,4896,0,4627,0,0,0,0.0,2.4045,nan,edge/x86_64,unknown,3.12.3,2026-10-09T18:44:24Z
102,ML-DSA-87,post-quantum,5,sign,0.2861,0.0,0.0,0.36,2592,4896,0,4627,512,0,0,0.0,4.2915,nan,edge/x86_64,unknown,3.12.3,2026-10-09T18:44:24Z
102,ML-DSA-87,post-quantum,5,verify,0.1333,0.0,0.0,0.36,2592,4896,0,4627,512,0,0,0.0,2.0002,nan,edge/x86_64,unknown,3.12.3,2026-10-09T18:44:24Z
103,ML-DSA-87,post-quantum,5,keygen,0.3852,0.0,0.0,0.36,2592,4896,0,4627,0,0,0,0.0,5.7785,nan,edge/x86_64,unknown,3.12.3,2026-10-09T18:44:24Z
103,ML-DSA-87,post-quantum,5,sign,0.3957,0.0,0.0,0.36,2592,4896,0,4627,512,0,0,0.0,5.9359,nan,edge/x86_64,unknown,3.12.3,2026-10-09T18:44:24Z
103,ML-DSA-87,post-quantum,5,verify,0.1311,0.0,0.0,0.36,2592,4896,0,4627,512,0,0,0.0,1.9667,nan,edge/x86_64,unknown,3.12.3,2026-10-09T18:44:24Z
104,ML-DSA-87,post-quantum,5,keygen,0.1655,0.0,0.0,0.36,2592,4896,0,4627,0,0,0,0.0,2.4832,nan,edge/x86_64,unknown,3.12.3,2026-10-09T18:44:24Z
104,ML-DSA-87,post-quantum,5,sign,0.1602,0.0,0.0,0.36,2592,4896,0,4627,512,0,0,0.0,2.4033,nan,edge/x86_64,unknown,3.12.3,2026-10-09T18:44:24Z
104,ML-DSA-87,post-quantum,5,verify,0.1223,0.0,0.0,0.36,2592,4896,0,4627,512,0,0,0.0,1.8347,nan,edge/x86_64,unknown,3.12.3,2026-10-09T18:44:24Z
105,ML-DSA-87,post-quantum,5,keygen,0.1509,0.0,0.0,0.36,2592,4896,0,4627,0,0,0,0.0,2.2635,nan,edge/x86_64,unknown,3.12.3,2026-10-09T18:44:24Z
105,ML-DSA-87,post-quantum,5,sign,0.1858,0.0,0.0,0.36,2592,4896,0,4627,512,0,0,0.0,2.7873,nan,edge/x86_64,unknown,3.12.3,2026-10-09T18:44:24Z
105,ML-DSA-87,post-quantum,5,verify,0.1716,0.0,0.0,0.36,2592,4896,0,4627,512,0,0,0.0,2.5734,nan,edge/x86_64,unknown,3.12.3,2026-10-09T18:44:24Z
106,ML-DSA-87,post-quantum,5,keygen,0.1649,0.0,0.0,0.36,2592,4896,0,4627,0,0,0,0.0,2.4737,nan,edge/x86_64,unknown,3.12.3,2026-10-09T18:44:24Z
106,ML-DSA-87,post-quantum,5,sign,0.5011,0.0,0.0,0.36,2592,4896,0,4627,512,0,0,0.0,7.5165,nan,edge/x86_64,unknown,3.12.3,2026-10-09T18:44:24Z
106,ML-DSA-87,post-quantum,5,verify,0.1388,0.0,0.0,0.36,2592,4896,0,4627,512,0,0,0.0,2.0827,nan,edge/x86_64,unknown,3.12.3,2026-10-09T18:44:24Z
107,ML-DSA-87,post-quantum,5,keygen,0.1542,0.0,0.0,0.36,2592,4896,0,4627,0,0,0,0.0,2.3135,nan,edge/x86_64,unknown,3.12.3,2026-10-09T18:44:24Z
107,ML-DSA-87,post-quantum,5,sign,0.3241,0.0,0.0,0.36,2592,4896,0,4627,512,0,0,0.0,4.8611,nan,edge/x86_64,unknown,3.12.3,2026-10-09T18:44:24Z
107,ML-DSA-87,post-quantum,5,verify,0.1286,0.0,0.0,0.36,2592,4896,0,4627,512,0,0,0.0,1.9292,nan,edge/x86_64,unknown,3.12.3,2026-10-09T18:44:24Z
108,ML-DSA-87,post-quantum,5,keygen,0.1351,0.0,0.0,0.36,2592,4896,0,4627,0,0,0,0.0,2.0258,nan,edge/x86_64,unknown,3.12.3,2026-10-09T18:44:24Z
108,ML-DSA-87,post-quantum,5,sign,0.1608,0.0,0.0,0.36,2592,4896,0,4627,512,0,0,0.0,2.4114,nan,edge/x86_64,unknown,3.12.3,2026-10-09T18:44:24Z
108,ML-DSA-87,post-quantum,5,verify,0.1611,0.0,0.0,0.36,2592,4896,0,4627,512,0,0,0.0,2.4158,nan,edge/x86_64,unknown,3.12.3,2026-10-09T18:44:24Z
109,ML-DSA-87,post-quantum,5,keygen,0.1422,0.0,0.0,0.36,2592,4896,0,4627,0,0,0,0.0,2.1327,nan,edge/x86_64,unknown,3.12.3,2026-10-09T18:44:24Z
109,ML-DSA-87,post-quantum,5,sign,0.1821,0.0,0.0,0.36,2592,4896,0,4627,512,0,0,0.0,2.7318,nan,edge/x86_64,unknown,3.12.3,2026-10-09T18:44:24Z
109,ML-DSA-87,post-quantum,5,verify,0.1228,0.0,0.0,0.36,2592,4896,0,4627,512,0,0,0.0,1.8423,nan,edge/x86_64,unknown,3.12.3,2026-10-09T18:44:24Z
110,ML-DSA-87,post-quantum,5,keygen,0.1322,0.0,0.0,0.36,2592,4896,0,4627,0,0,0,0.0,1.9831,nan,edge/x86_64,unknown,3.12.3,2026-10-09T18:44:24Z
110,ML-DSA-87,post-quantum,5,sign,0.3166,0.0,0.0,0.36,2592,4896,0,4627,512,0,0,0.0,4.7497,nan,edge/x86_64,unknown,3.12.3,2026-10-09T18:44:24Z
110,ML-DSA-87,post-quantum,5,verify,0.1228,0.0,0.0,0.36,2592,4896,0,4627,512,0,0,0.0,1.8414,nan,edge/x86_64,unknown,3.12.3,2026-10-09T18:44:24Z
111,ML-DSA-87,post-quantum,5,keygen,0.1507,0.0,0.0,0.36,2592,4896,0,4627,0,0,0,0.0,2.2606,nan,edge/x86_64,unknown,3.12.3,2026-10-09T18:44:24Z
111,ML-DSA-87,post-quantum,5,sign,0.4961,0.0,0.0,0.36,2592,4896,0,4627,512,0,0,0.0,7.4414,nan,edge/x86_64,unknown,3.12.3,2026-10-09T18:44:24Z
111,ML-DSA-87,post-quantum,5,verify,0.214,0.0,0.0,0.36,2592,4896,0,4627,512,0,0,0.0,3.2101,nan,edge/x86_64,unknown,3.12.3,2026-10-09T18:44:24Z
112,ML-DSA-87,post-quantum,5,keygen,0.2219,0.0,0.0,0.36,2592,4896,0,4627,0,0,0,0.0,3.3289,nan,edge/x86_64,unknown,3.12.3,2026-10-09T18:44:24Z
112,ML-DSA-87,post-quantum,5,sign,0.2165,0.0,0.0,0.36,2592,4896,0,4627,512,0,0,0.0,3.2468,nan,edge/x86_64,unknown,3.12.3,2026-10-09T18:44:24Z
112,ML-DSA-87,post-quantum,5,verify,0.1338,0.0,0.0,0.36,2592,4896,0,4627,512,0,0,0.0,2.0066,nan,edge/x86_64,unknown,3.12.3,2026-10-09T18:44:24Z
113,ML-DSA-87,post-quantum,5,keygen,0.1517,0.0,0.0,0.36,2592,4896,0,4627,0,0,0,0.0,2.2761,nan,edge/x86_64,unknown,3.12.3,2026-10-09T18:44:24Z
113,ML-DSA-87,post-quantum,5,sign,0.2979,0.0,0.0,0.36,2592,4896,0,4627,512,0,0,0.0,4.4688,nan,edge/x86_64,unknown,3.12.3,2026-10-09T18:44:24Z
113,ML-DSA-87,post-quantum,5,verify,0.1506,0.0,0.0,0.36,2592,4896,0,4627,512,0,0,0.0,2.2596,nan,edge/x86_64,unknown,3.12.3,2026-10-09T18:44:24Z
114,ML-DSA-87,post-quantum,5,keygen,0.1346,0.0,0.0,0.36,2592,4896,0,4627,0,0,0,0.0,2.0195,nan,edge/x86_64,unknown,3.12.3,2026-10-09T18:44:24Z
114,ML-DSA-87,post-quantum,5,sign,0.2898,0.0,0.0,0.36,2592,4896,0,4627,512,0,0,0.0,4.3473,nan,edge/x86_64,unknown,3.12.3,2026-10-09T18:44:24Z
114,ML-DSA-87,post-quantum,5,verify,0.1762,0.0,0.0,0.36,2592,4896,0,4627,512,0,0,0.0,2.6435,nan,edge/x86_64,unknown,3.12.3,2026-10-09T18:44:24Z
115,ML-DSA-87,post-quantum,5,keygen,0.2627,0.0,0.0,0.36,2592,4896,0,4627,0,0,0,0.0,3.9398,nan,edge/x86_64,unknown,3.12.3,2026-10-09T18:44:24Z
115,ML-DSA-87,post-quantum,5,sign,0.4285,0.0,0.0,0.36,2592,4896,0,4627,512,0,0,0.0,6.4276,nan,edge/x86_64,unknown,3.12.3,2026-10-09T18:44:24Z
115,ML-DSA-87,post-quantum,5,verify,0.1287,0.0,0.0,0.36,2592,4896,0,4627,512,0,0,0.0,1.9303,nan,edge/x86_64,unknown,3.12.3,2026-10-09T18:44:24Z
116,ML-DSA-87,post-quantum,5,keygen,0.1351,0.0,0.0,0.36,2592,4896,0,4627,0,0,0,0.0,2.0259,nan,edge/x86_64,unknown,3.12.3,2026-10-09T18:44:24Z
116,ML-DSA-87,post-quantum,5,sign,0.4436,0.0,0.0,0.36,2592,4896,0,4627,512,0,0,0.0,6.6544,nan,edge/x86_64,unknown,3.12.3,2026-10-09T18:44:24Z
116,ML-DSA-87,post-quantum,5,verify,0.1251,0.0,0.0,0.36,2592,4896,0,4627,512,0,0,0.0,1.8767,nan,edge/x86_64,unknown,3.12.3,2026-10-09T18:44:24Z
117,ML-DSA-87,post-quantum,5,keygen,0.1312,0.0,0.0,0.36,2592,4896,0,4627,0,0,0,0.0,1.9681,nan,edge/x86_64,unknown,3.12.3,2026-10-09T18:44:24Z
117,ML-DSA-87,post-quantum,5,sign,0.4395,0.0,0.0,0.36,2592,4896,0,4627,512,0,0,0.0,6.5925,nan,edge/x86_64,unknown,3.12.3,2026-10-09T18:44:24Z
117,ML-DSA-87,post-quantum,5,verify,0.1656,0.0,0.0,0.36,2592,4896,0,4627,512,0,0,0.0,2.4834,nan,edge/x86_64,unknown,3.12.3,2026-10-09T18:44:24Z
118,ML-DSA-87,post-quantum,5,keygen,0.1625,0.0,0.0,0.36,2592,4896,0,4627,0,0,0,0.0,2.438,nan,edge/x86_64,unknown,3.12.3,2026-10-09T18:44:24Z
118,ML-DSA-87,post-quantum,5,sign,0.3078,0.0,0.0,0.36,2592,4896,0,4627,512,0,0,0.0,4.6168,nan,edge/x86_64,unknown,3.12.3,2026-10-09T18:44:24Z
118,ML-DSA-87,post-quantum,5,verify,0.1242,0.0,0.0,0.36,2592,4896,0,4627,512,0,0,0.0,1.8627,nan,edge/x86_64,unknown,3.12.3,2026-10-09T18:44:24Z
119,ML-DSA-87,post-quantum,5,keygen,0.1331,0.0,0.0,0.36,2592,4896,0,4627,0,0,0,0.0,1.9963,nan,edge/x86_64,unknown,3.12.3,2026-10-09T18:44:24Z
119,ML-DSA-87,post-quantum,5,sign,0.2663,0.0,0.0,0.36,2592,4896,0,4627,512,0,0,0.0,3.9948,nan,edge/x86_64,unknown,3.12.3,2026-10-09T18:44:24Z
119,ML-DSA-87,post-quantum,5,verify,0.1319,0.0,0.0,0.36,2592,4896,0,4627,512,0,0,0.0,1.9782,nan,edge/x86_64,unknown,3.12.3,2026-10-09T18:44:24Z
120,ML-DSA-87,post-quantum,5,keygen,0.1345,0.0,0.0,0.36,2592,4896,0,4627,0,0,0,0.0,2.0175,nan,edge/x86_64,unknown,3.12.3,2026-10-09T18:44:24Z
120,ML-DSA-87,post-quantum,5,sign,0.3884,0.0,0.0,0.36,2592,4896,0,4627,512,0,0,0.0,5.8255,nan,edge/x86_64,unknown,3.12.3,2026-10-09T18:44:24Z
120,ML-DSA-87,post-quantum,5,verify,0.1553,0.0,0.0,0.36,2592,4896,0,4627,512,0,0,0.0,2.3289,nan,edge/x86_64,unknown,3.12.3,2026-10-09T18:44:24Z
121,ML-DSA-87,post-quantum,5,keygen,0.1582,0.0,0.0,0.36,2592,4896,0,4627,0,0,0,0.0,2.3723,nan,edge/x86_64,unknown,3.12.3,2026-10-09T18:44:24Z
121,ML-DSA-87,post-quantum,5,sign,0.1802,0.0,0.0,0.36,2592,4896,0,4627,512,0,0,0.0,2.7025,nan,edge/x86_64,unknown,3.12.3,2026-10-09T18:44:24Z
121,ML-DSA-87,post-quantum,5,verify,0.1262,0.0,0.0,0.36,2592,4896,0,4627,512,0,0,0.0,1.8933,nan,edge/x86_64,unknown,3.12.3,2026-10-09T18:44:24Z
122,ML-DSA-87,post-quantum,5,keygen,0.1357,0.0,0.0,0.36,2592,4896,0,4627,0,0,0,0.0,2.036,nan,edge/x86_64,unknown,3.12.3,2026-10-09T18:44:24Z
122,ML-DSA-87,post-quantum,5,sign,0.6684,0.0,0.0,0.36,2592,4896,0,4627,512,0,0,0.0,10.0264,nan,edge/x86_64,unknown,3.12.3,2026-10-09T18:44:24Z
122,ML-DSA-87,post-quantum,5,verify,0.1294,0.0,0.0,0.36,2592,4896,0,4627,512,0,0,0.0,1.9414,nan,edge/x86_64,unknown,3.12.3,2026-10-09T18:44:24Z
123,ML-DSA-87,post-quantum,5,keygen,0.1418,0.0,0.0,0.36,2592,4896,0,4627,0,0,0,0.0,2.1275,nan,edge/x86_64,unknown,3.12.3,2026-10-09T18:44:24Z
123,ML-DSA-87,post-quantum,5,sign,0.3375,0.0,0.0,0.36,2592,4896,0,4627,512,0,0,0.0,5.0631,nan,edge/x86_64,unknown,3.12.3,2026-10-09T18:44:24Z
123,ML-DSA-87,post-quantum,5,verify,0.168,0.0,0.0,0.36,2592,4896,0,4627,512,0,0,0.0,2.5199,nan,edge/x86_64,unknown,3.12.3,2026-10-09T18:44:24Z
124,ML-DSA-87,post-quantum,5,keygen,0.1896,0.0,0.0,0.36,2592,4896,0,4627,0,0,0,0.0,2.8434,nan,edge/x86_64,unknown,3.12.3,2026-10-09T18:44:24Z
124,ML-DSA-87,post-quantum,5,sign,0.2471,0.0,0.0,0.36,2592,4896,0,4627,512,0,0,0.0,3.7068,nan,edge/x86_64,unknown,3.12.3,2026-10-09T18:44:24Z
124,ML-DSA-87,post-quantum,5,verify,0.131,0.0,0.0,0.36,2592,4896,0,4627,512,0,0,0.0,1.965,nan,edge/x86_64,unknown,3.12.3,2026-10-09T18:44:24Z
125,ML-DSA-87,post-quantum,5,keygen,0.1405,0.0,0.0,0.36,2592,4896,0,4627,0,0,0,0.0,2.108,nan,edge/x86_64,unknown,3.12.3,2026-10-09T18:44:24Z
125,ML-DSA-87,post-quantum,5,sign,0.1678,0.0,0.0,0.36,2592,4896,0,4627,512,0,0,0.0,2.5177,nan,edge/x86_64,unknown,3.12.3,2026-10-09T18:44:24Z
125,ML-DSA-87,post-quantum,5,verify,0.1358,0.0,0.0,0.36,2592,4896,0,4627,512,0,0,0.0,2.0368,nan,edge/x86_64,unknown,3.12.3,2026-10-09T18:44:24Z
126,ML-DSA-87,post-quantum,5,keygen,0.1393,0.0,0.0,0.36,2592,4896,0,4627,0,0,0,0.0,2.0896,nan,edge/x86_64,unknown,3.12.3,2026-10-09T18:44:24Z
126,ML-DSA-87,post-quantum,5,sign,0.2016,0.0,0.0,0.36,2592,4896,0,4627,512,0,0,0.0,3.024,nan,edge/x86_64,unknown,3.12.3,2026-10-09T18:44:24Z
126,ML-DSA-87,post-quantum,5,verify,0.1604,0.0,0.0,0.36,2592,4896,0,4627,512,0,0,0.0,2.4061,nan,edge/x86_64,unknown,3.12.3,2026-10-09T18:44:24Z
127,ML-DSA-87,post-quantum,5,keygen,0.192,0.0,0.0,0.36,2592,4896,0,4627,0,0,0,0.0,2.8805,nan,edge/x86_64,unknown,3.12.3,2026-10-09T18:44:24Z
127,ML-DSA-87,post-quantum,5,sign,0.2294,0.0,0.0,0.36,2592,4896,0,4627,512,0,0,0.0,3.4406,nan,edge/x86_64,unknown,3.12.3,2026-10-09T18:44:24Z
127,ML-DSA-87,post-quantum,5,verify,0.1229,0.0,0.0,0.36,2592,4896,0,4627,512,0,0,0.0,1.8439,nan,edge/x86_64,unknown,3.12.3,2026-10-09T18:44:24Z
128,ML-DSA-87,post-quantum,5,keygen,0.129,0.0,0.0,0.36,2592,4896,0,4627,0,0,0,0.0,1.9353,nan,edge/x86_64,unknown,3.12.3,2026-10-09T18:44:24Z
128,ML-DSA-87,post-quantum,5,sign,0.3096,0.0,0.0,0.36,2592,4896,0,4627,512,0,0,0.0,4.6441,nan,edge/x86_64,unknown,3.12.3,2026-10-09T18:44:24Z
128,ML-DSA-87,post-quantum,5,verify,0.147,0.0,0.0,0.36,2592,4896,0,4627,512,0,0,0.0,2.2057,nan,edge/x86_64,unknown,3.12.3,2026-10-09T18:44:24Z
129,ML-DSA-87,post-quantum,5,keygen,0.1631,0.0,0.0,0.36,2592,4896,0,4627,0,0,0,0.0,2.4464,nan,edge/x86_64,unknown,3.12.3,2026-10-09T18:44:24Z
129,ML-DSA-87,post-quantum,5,sign,0.3885,0.0,0.0,0.36,2592,4896,0,4627,512,0,0,0.0,5.8281,nan,edge/x86_64,unknown,3.12.3,2026-10-09T18:44:24Z
129,ML-DSA-87,post-quantum,5,verify,0.1267,0.0,0.0,0.36,2592,4896,0,4627,512,0,0,0.0,1.9,nan,edge/x86_64,unknown,3.12.3,2026-10-09T18:44:24Z
130,ML-DSA-87,post-quantum,5,keygen,0.2274,0.0,0.0,0.36,2592,4896,0,4627,0,0,0,0.0,3.4115,nan,edge/x86_64,unknown,3.12.3,2026-10-09T18:44:24Z
130,ML-DSA-87,post-quantum,5,sign,0.1825,0.0,0.0,0.36,2592,4896,0,4627,512,0,0,0.0,2.7376,nan,edge/x86_64,unknown,3.12.3,2026-10-09T18:44:24Z
130,ML-DSA-87,post-quantum,5,verify,0.126,0.0,0.0,0.36,2592,4896,0,4627,512,0,0,0.0,1.8894,nan,edge/x86_64,unknown,3.12.3,2026-10-09T18:44:24Z
131,ML-DSA-87,post-quantum,5,keygen,0.1353,0.0,0.0,0.36,2592,4896,0,4627,0,0,0,0.0,2.029,nan,edge/x86_64,unknown,3.12.3,2026-10-09T18:44:24Z
131,ML-DSA-87,post-quantum,5,sign,0.3823,0.0,0.0,0.36,2592,4896,0,4627,512,0,0,0.0,5.7344,nan,edge/x86_64,unknown,3.12.3,2026-10-09T18:44:24Z
131,ML-DSA-87,post-quantum,5,verify,0.182,0.0,0.0,0.36,2592,4896,0,4627,512,0,0,0.0,2.7298,nan,edge/x86_64,unknown,3.12.3,2026-10-09T18:44:24Z
132,ML-DSA-87,post-quantum,5,keygen,0.1562,0.0,0.0,0.36,2592,4896,0,4627,0,0,0,0.0,2.3435,nan,edge/x86_64,unknown,3.12.3,2026-10-09T18:44:24Z
132,ML-DSA-87,post-quantum,5,sign,0.1615,0.0,0.0,0.36,2592,4896,0,4627,512,0,0,0.0,2.4226,nan,edge/x86_64,unknown,3.12.3,2026-10-09T18:44:24Z
132,ML-DSA-87,post-quantum,5,verify,0.1239,0.0,0.0,0.36,2592,4896,0,4627,512,0,0,0.0,1.8584,nan,edge/x86_64,unknown,3.12.3,2026-10-09T18:44:24Z
133,ML-DSA-87,post-quantum,5,keygen,0.1316,0.0,0.0,0.36,2592,4896,0,4627,0,0,0,0.0,1.9744,nan,edge/x86_64,unknown,3.12.3,2026-10-09T18:44:24Z
133,ML-DSA-87,post-quantum,5,sign,0.197,0.0,0.0,0.36,2592,4896,0,4627,512,0,0,0.0,2.9549,nan,edge/x86_64,unknown,3.12.3,2026-10-09T18:44:24Z
133,ML-DSA-87,post-quantum,5,verify,0.2067,0.0,0.0,0.36,2592,4896,0,4627,512,0,0,0.0,3.1002,nan,edge/x86_64,unknown,3.12.3,2026-10-09T18:44:24Z
134,ML-DSA-87,post-quantum,5,keygen,0.1901,0.0,0.0,0.36,2592,4896,0,4627,0,0,0,0.0,2.8521,nan,edge/x86_64,unknown,3.12.3,2026-10-09T18:44:24Z
134,ML-DSA-87,post-quantum,5,sign,0.2855,0.0,0.0,0.36,2592,4896,0,4627,512,0,0,0.0,4.2826,nan,edge/x86_64,unknown,3.12.3,2026-10-09T18:44:24Z
134,ML-DSA-87,post-quantum,5,verify,0.1251,0.0,0.0,0.36,2592,4896,0,4627,512,0,0,0.0,1.8763,nan,edge/x86_64,unknown,3.12.3,2026-10-09T18:44:24Z
135,ML-DSA-87,post-quantum,5,keygen,0.137,0.0,0.0,0.36,2592,4896,0,4627,0,0,0,0.0,2.0554,nan,edge/x86_64,unknown,3.12.3,2026-10-09T18:44:24Z
135,ML-DSA-87,post-quantum,5,sign,0.2845,0.0,0.0,0.36,2592,4896,0,4627,512,0,0,0.0,4.2669,nan,edge/x86_64,unknown,3.12.3,2026-10-09T18:44:24Z
135,ML-DSA-87,post-quantum,5,verify,0.1267,0.0,0.0,0.36,2592,4896,0,4627,512,0,0,0.0,1.9012,nan,edge/x86_64,unknown,3.12.3,2026-10-09T18:44:24Z
136,ML-DSA-87,post-quantum,5,keygen,0.1319,0.0,0.0,0.36,2592,4896,0,4627,0,0,0,0.0,1.979,nan,edge/x86_64,unknown,3.12.3,2026-10-09T18:44:24Z
136,ML-DSA-87,post-quantum,5,sign,0.164,0.0,0.0,0.36,2592,4896,0,4627,512,0,0,0.0,2.4594,nan,edge/x86_64,unknown,3.12.3,2026-10-09T18:44:24Z
136,ML-DSA-87,post-quantum,5,verify,0.1276,0.0,0.0,0.36,2592,4896,0,4627,512,0,0,0.0,1.9146,nan,edge/x86_64,unknown,3.12.3,2026-10-09T18:44:24Z
137,ML-DSA-87,post-quantum,5,keygen,0.1833,0.0,0.0,0.36,2592,4896,0,4627,0,0,0,0.0,2.7497,nan,edge/x86_64,unknown,3.12.3,2026-10-09T18:44:24Z
137,ML-DSA-87,post-quantum,5,sign,0.1983,0.0,0.0,0.36,2592,4896,0,4627,512,0,0,0.0,2.9751,nan,edge/x86_64,unknown,3.12.3,2026-10-09T18:44:24Z
137,ML-DSA-87,post-quantum,5,verify,0.1158,0.0,0.0,0.36,2592,4896,0,4627,512,0,0,0.0,1.7372,nan,edge/x86_64,unknown,3.12.3,2026-10-09T18:44:24Z
138,ML-DSA-87,post-quantum,5,keygen,0.1249,0.0,0.0,0.36,2592,4896,0,4627,0,0,0,0.0,1.8732,nan,edge/x86_64,unknown,3.12.3,2026-10-09T18:44:24Z
138,ML-DSA-87,post-quantum,5,sign,0.3122,0.0,0.0,0.36,2592,4896,0,4627,512,0,0,0.0,4.6828,nan,edge/x86_64,unknown,3.12.3,2026-10-09T18:44:24Z
138,ML-DSA-87,post-quantum,5,verify,0.1663,0.0,0.0,0.36,2592,4896,0,4627,512,0,0,0.0,2.4949,nan,edge/x86_64,unknown,3.12.3,2026-10-09T18:44:24Z
139,ML-DSA-87,post-quantum,5,keygen,0.1875,0.0,0.0,0.36,2592,4896,0,4627,0,0,0,0.0,2.8118,nan,edge/x86_64,unknown,3.12.3,2026-10-09T18:44:24Z
139,ML-DSA-87,post-quantum,5,sign,0.4101,0.0,0.0,0.36,2592,4896,0,4627,512,0,0,0.0,6.1521,nan,edge/x86_64,unknown,3.12.3,2026-10-09T18:44:24Z
139,ML-DSA-87,post-quantum,5,verify,0.131,0.0,0.0,0.36,2592,4896,0,4627,512,0,0,0.0,1.9645,nan,edge/x86_64,unknown,3.12.3,2026-10-09T18:44:24Z
140,ML-DSA-87,post-quantum,5,keygen,0.1367,0.0,0.0,0.36,2592,4896,0,4627,0,0,0,0.0,2.0508,nan,edge/x86_64,unknown,3.12.3,2026-10-09T18:44:24Z
140,ML-DSA-87,post-quantum,5,sign,0.2429,0.0,0.0,0.36,2592,4896,0,4627,512,0,0,0.0,3.6437,nan,edge/x86_64,unknown,3.12.3,2026-10-09T18:44:24Z
140,ML-DSA-87,post-quantum,5,verify,0.1247,0.0,0.0,0.36,2592,4896,0,4627,512,0,0,0.0,1.871,nan,edge/x86_64,unknown,3.12.3,2026-10-09T18:44:24Z
141,ML-DSA-87,post-quantum,5,keygen,0.1323,0.0,0.0,0.36,2592,4896,0,4627,0,0,0,0.0,1.9844,nan,edge/x86_64,unknown,3.12.3,2026-10-09T18:44:24Z
141,ML-DSA-87,post-quantum,5,sign,0.2421,0.0,0.0,0.36,2592,4896,0,4627,512,0,0,0.0,3.6316,nan,edge/x86_64,unknown,3.12.3,2026-10-09T18:44:24Z
141,ML-DSA-87,post-quantum,5,verify,0.121,0.0,0.0,0.36,2592,4896,0,4627,512,0,0,0.0,1.8157,nan,edge/x86_64,unknown,3.12.3,2026-10-09T18:44:24Z
142,ML-DSA-87,post-quantum,5,keygen,0.133,0.0,0.0,0.36,2592,4896,0,4627,0,0,0,0.0,1.9952,nan,edge/x86_64,unknown,3.12.3,2026-10-09T18:44:24Z
142,ML-DSA-87,post-quantum,5,sign,0.203,0.0,0.0,0.36,2592,4896,0,4627,512,0,0,0.0,3.0454,nan,edge/x86_64,unknown,3.12.3,2026-10-09T18:44:24Z
142,ML-DSA-87,post-quantum,5,verify,0.123,0.0,0.0,0.36,2592,4896,0,4627,512,0,0,0.0,1.8445,nan,edge/x86_64,unknown,3.12.3,2026-10-09T18:44:24Z
143,ML-DSA-87,post-quantum,5,keygen,0.1275,0.0,0.0,0.36,2592,4896,0,4627,0,0,0,0.0,1.9132,nan,edge/x86_64,unknown,3.12.3,2026-10-09T18:44:24Z
143,ML-DSA-87,post-quantum,5,sign,0.2676,0.0,0.0,0.36,2592,4896,0,4627,512,0,0,0.0,4.0134,nan,edge/x86_64,unknown,3.12.3,2026-10-09T18:44:24Z
143,ML-DSA-87,post-quantum,5,verify,0.1364,0.0,0.0,0.36,2592,4896,0,4627,512,0,0,0.0,2.0459,nan,edge/x86_64,unknown,3.12.3,2026-10-09T18:44:24Z
144,ML-DSA-87,post-quantum,5,keygen,0.2467,0.0,0.0,0.36,2592,4896,0,4627,0,0,0,0.0,3.701,nan,edge/x86_64,unknown,3.12.3,2026-10-09T18:44:24Z
144,ML-DSA-87,post-quantum,5,sign,0.4648,0.0,0.0,0.36,2592,4896,0,4627,512,0,0,0.0,6.9718,nan,edge/x86_64,unknown,3.12.3,2026-10-09T18:44:24Z
144,ML-DSA-87,post-quantum,5,verify,0.1624,0.0,0.0,0.36,2592,4896,0,4627,512,0,0,0.0,2.4365,nan,edge/x86_64,unknown,3.12.3,2026-10-09T18:44:24Z
145,ML-DSA-87,post-quantum,5,keygen,0.1401,0.0,0.0,0.36,2592,4896,0,4627,0,0,0,0.0,2.1021,nan,edge/x86_64,unknown,3.12.3,2026-10-09T18:44:24Z
145,ML-DSA-87,post-quantum,5,sign,0.2322,0.0,0.0,0.36,2592,4896,0,4627,512,0,0,0.0,3.4832,nan,edge/x86_64,unknown,3.12.3,2026-10-09T18:44:24Z
145,ML-DSA-87,post-quantum,5,verify,0.1299,0.0,0.0,0.36,2592,4896,0,4627,512,0,0,0.0,1.9489,nan,edge/x86_64,unknown,3.12.3,2026-10-09T18:44:24Z
146,ML-DSA-87,post-quantum,5,keygen,0.1295,0.0,0.0,0.36,2592,4896,0,4627,0,0,0,0.0,1.9432,nan,edge/x86_64,unknown,3.12.3,2026-10-09T18:44:24Z
146,ML-DSA-87,post-quantum,5,sign,0.2214,0.0,0.0,0.36,2592,4896,0,4627,512,0,0,0.0,3.3217,nan,edge/x86_64,unknown,3.12.3,2026-10-09T18:44:24Z
146,ML-DSA-87,post-quantum,5,verify,0.1213,0.0,0.0,0.36,2592,4896,0,4627,512,0,0,0.0,1.8198,nan,edge/x86_64,unknown,3.12.3,2026-10-09T18:44:24Z
147,ML-DSA-87,post-quantum,5,keygen,0.1277,0.0,0.0,0.36,2592,4896,0,4627,0,0,0,0.0,1.9149,nan,edge/x86_64,unknown,3.12.3,2026-10-09T18:44:24Z
147,ML-DSA-87,post-quantum,5,sign,0.4273,0.0,0.0,0.36,2592,4896,0,4627,512,0,0,0.0,6.4094,nan,edge/x86_64,unknown,3.12.3,2026-10-09T18:44:24Z
147,ML-DSA-87,post-quantum,5,verify,0.1557,0.0,0.0,0.36,2592,4896,0,4627,512,0,0,0.0,2.336,nan,edge/x86_64,unknown,3.12.3,2026-10-09T18:44:24Z
148,ML-DSA-87,post-quantum,5,keygen,0.1379,0.0,0.0,0.36,2592,4896,0,4627,0,0,0,0.0,2.0683,nan,edge/x86_64,unknown,3.12.3,2026-10-09T18:44:24Z
148,ML-DSA-87,post-quantum,5,sign,0.8939,0.0,0.0,0.36,2592,4896,0,4627,512,0,0,0.0,13.4091,nan,edge/x86_64,unknown,3.12.3,2026-10-09T18:44:24Z
148,ML-DSA-87,post-quantum,5,verify,0.1392,0.0,0.0,0.36,2592,4896,0,4627,512,0,0,0.0,2.0878,nan,edge/x86_64,unknown,3.12.3,2026-10-09T18:44:24Z
149,ML-DSA-87,post-quantum,5,keygen,0.142,0.0,0.0,0.36,2592,4896,0,4627,0,0,0,0.0,2.1304,nan,edge/x86_64,unknown,3.12.3,2026-10-09T18:44:24Z
149,ML-DSA-87,post-quantum,5,sign,0.2582,0.0,0.0,0.36,2592,4896,0,4627,512,0,0,0.0,3.8724,nan,edge/x86_64,unknown,3.12.3,2026-10-09T18:44:24Z
149,ML-DSA-87,post-quantum,5,verify,0.1104,0.0,0.0,0.36,2592,4896,0,4627,512,0,0,0.0,1.6561,nan,edge/x86_64,unknown,3.12.3,2026-10-09T18:44:24Z
150,ML-DSA-87,post-quantum,5,keygen,0.1356,0.0,0.0,0.36,2592,4896,0,4627,0,0,0,0.0,2.0346,nan,edge/x86_64,unknown,3.12.3,2026-10-09T18:44:24Z
150,ML-DSA-87,post-quantum,5,sign,0.3126,0.0,0.0,0.36,2592,4896,0,4627,512,0,0,0.0,4.6891,nan,edge/x86_64,unknown,3.12.3,2026-10-09T18:44:24Z
150,ML-DSA-87,post-quantum,5,verify,0.121,0.0,0.0,0.36,2592,4896,0,4627,512,0,0,0.0,1.815,nan,edge/x86_64,unknown,3.12.3,2026-10-09T18:44:24Z
151,ML-DSA-87,post-quantum,5,keygen,0.1538,0.0,0.0,0.36,2592,4896,0,4627,0,0,0,0.0,2.307,nan,edge/x86_64,unknown,3.12.3,2026-10-09T18:44:24Z
151,ML-DSA-87,post-quantum,5,sign,0.2287,0.0,0.0,0.36,2592,4896,0,4627,512,0,0,0.0,3.4298,nan,edge/x86_64,unknown,3.12.3,2026-10-09T18:44:24Z
151,ML-DSA-87,post-quantum,5,verify,0.1271,0.0,0.0,0.36,2592,4896,0,4627,512,0,0,0.0,1.9063,nan,edge/x86_64,unknown,3.12.3,2026-10-09T18:44:24Z
152,ML-DSA-87,post-quantum,5,keygen,0.1957,0.0,0.0,0.36,2592,4896,0,4627,0,0,0,0.0,2.9353,nan,edge/x86_64,unknown,3.12.3,2026-10-09T18:44:24Z
152,ML-DSA-87,post-quantum,5,sign,0.1944,0.0,0.0,0.36,2592,4896,0,4627,512,0,0,0.0,2.9166,nan,edge/x86_64,unknown,3.12.3,2026-10-09T18:44:24Z
152,ML-DSA-87,post-quantum,5,verify,0.129,0.0,0.0,0.36,2592,4896,0,4627,512,0,0,0.0,1.9356,nan,edge/x86_64,unknown,3.12.3,2026-10-09T18:44:24Z
153,ML-DSA-87,post-quantum,5,keygen,0.2001,0.0,0.0,0.36,2592,4896,0,4627,0,0,0,0.0,3.0021,nan,edge/x86_64,unknown,3.12.3,2026-10-09T18:44:24Z
153,ML-DSA-87,post-quantum,5,sign,0.2005,0.0,0.0,0.36,2592,4896,0,4627,512,0,0,0.0,3.0082,nan,edge/x86_64,unknown,3.12.3,2026-10-09T18:44:24Z
153,ML-DSA-87,post-quantum,5,verify,0.1248,0.0,0.0,0.36,2592,4896,0,4627,512,0,0,0.0,1.8721,nan,edge/x86_64,unknown,3.12.3,2026-10-09T18:44:24Z
154,ML-DSA-87,post-quantum,5,keygen,0.1319,0.0,0.0,0.36,2592,4896,0,4627,0,0,0,0.0,1.9785,nan,edge/x86_64,unknown,3.12.3,2026-10-09T18:44:24Z
154,ML-DSA-87,post-quantum,5,sign,0.6404,0.0,0.0,0.36,2592,4896,0,4627,512,0,0,0.0,9.6059,nan,edge/x86_64,unknown,3.12.3,2026-10-09T18:44:24Z
154,ML-DSA-87,post-quantum,5,verify,0.1354,0.0,0.0,0.36,2592,4896,0,4627,512,0,0,0.0,2.0316,nan,edge/x86_64,unknown,3.12.3,2026-10-09T18:44:24Z
155,ML-DSA-87,post-quantum,5,keygen,0.139,0.0,0.0,0.36,2592,4896,0,4627,0,0,0,0.0,2.0845,nan,edge/x86_64,unknown,3.12.3,2026-10-09T18:44:24Z
155,ML-DSA-87,post-quantum,5,sign,0.3164,0.0,0.0,0.36,2592,4896,0,4627,512,0,0,0.0,4.7461,nan,edge/x86_64,unknown,3.12.3,2026-10-09T18:44:24Z
155,ML-DSA-87,post-quantum,5,verify,0.1881,0.0,0.0,0.36,2592,4896,0,4627,512,0,0,0.0,2.8209,nan,edge/x86_64,unknown,3.12.3,2026-10-09T18:44:24Z
156,ML-DSA-87,post-quantum,5,keygen,0.1524,0.0,0.0,0.36,2592,4896,0,4627,0,0,0,0.0,2.2862,nan,edge/x86_64,unknown,3.12.3,2026-10-09T18:44:24Z
156,ML-DSA-87,post-quantum,5,sign,0.192,0.0,0.0,0.36,2592,4896,0,4627,512,0,0,0.0,2.8803,nan,edge/x86_64,unknown,3.12.3,2026-10-09T18:44:24Z
156,ML-DSA-87,post-quantum,5,verify,0.1229,0.0,0.0,0.36,2592,4896,0,4627,512,0,0,0.0,1.8439,nan,edge/x86_64,unknown,3.12.3,2026-10-09T18:44:24Z
157,ML-DSA-87,post-quantum,5,keygen,0.2167,0.0,0.0,0.36,2592,4896,0,4627,0,0,0,0.0,3.2511,nan,edge/x86_64,unknown,3.12.3,2026-10-09T18:44:24Z
157,ML-DSA-87,post-quantum,5,sign,0.1997,0.0,0.0,0.36,2592,4896,0,4627,512,0,0,0.0,2.995,nan,edge/x86_64,unknown,3.12.3,2026-10-09T18:44:24Z
157,ML-DSA-87,post-quantum,5,verify,0.1293,0.0,0.0,0.36,2592,4896,0,4627,512,0,0,0.0,1.9389,nan,edge/x86_64,unknown,3.12.3,2026-10-09T18:44:24Z
158,ML-DSA-87,post-quantum,5,keygen,0.1413,0.0,0.0,0.36,2592,4896,0,4627,0,0,0,0.0,2.1201,nan,edge/x86_64,unknown,3.12.3,2026-10-09T18:44:24Z
158,ML-DSA-87,post-quantum,5,sign,0.1872,0.0,0.0,0.36,2592,4896,0,4627,512,0,0,0.0,2.8077,nan,edge/x86_64,unknown,3.12.3,2026-10-09T18:44:24Z
158,ML-DSA-87,post-quantum,5,verify,0.1466,0.0,0.0,0.36,2592,4896,0,4627,512,0,0,0.0,2.1988,nan,edge/x86_64,unknown,3.12.3,2026-10-09T18:44:24Z
159,ML-DSA-87,post-quantum,5,keygen,0.1368,0.0,0.0,0.36,2592,4896,0,4627,0,0,0,0.0,2.0515,nan,edge/x86_64,unknown,3.12.3,2026-10-09T18:44:24Z
159,ML-DSA-87,post-quantum,5,sign,0.3266,0.0,0.0,0.36,2592,4896,0,4627,512,0,0,0.0,4.8993,nan,edge/x86_64,unknown,3.12.3,2026-10-09T18:44:24Z
159,ML-DSA-87,post-quantum,5,verify,0.1365,0.0,0.0,0.36,2592,4896,0,4627,512,0,0,0.0,2.0479,nan,edge/x86_64,unknown,3.12.3,2026-10-09T18:44:24Z
160,ML-DSA-87,post-quantum,5,keygen,0.146,0.0,0.0,0.36,2592,4896,0,4627,0,0,0,0.0,2.1906,nan,edge/x86_64,unknown,3.12.3,2026-10-09T18:44:24Z
160,ML-DSA-87,post-quantum,5,sign,0.2053,0.0,0.0,0.36,2592,4896,0,4627,512,0,0,0.0,3.0791,nan,edge/x86_64,unknown,3.12.3,2026-10-09T18:44:24Z
160,ML-DSA-87,post-quantum,5,verify,0.1245,0.0,0.0,0.36,2592,4896,0,4627,512,0,0,0.0,1.8676,nan,edge/x86_64,unknown,3.12.3,2026-10-09T18:44:24Z
161,ML-DSA-87,post-quantum,5,keygen,0.1566,0.0,0.0,0.36,2592,4896,0,4627,0,0,0,0.0,2.3483,nan,edge/x86_64,unknown,3.12.3,2026-10-09T18:44:24Z
161,ML-DSA-87,post-quantum,5,sign,0.3156,0.0,0.0,0.36,2592,4896,0,4627,512,0,0,0.0,4.7343,nan,edge/x86_64,unknown,3.12.3,2026-10-09T18:44:24Z
161,ML-DSA-87,post-quantum,5,verify,0.1294,0.0,0.0,0.36,2592,4896,0,4627,512,0,0,0.0,1.9417,nan,edge/x86_64,unknown,3.12.3,2026-10-09T18:44:24Z
162,ML-DSA-87,post-quantum,5,keygen,0.132,0.0,0.0,0.36,2592,4896,0,4627,0,0,0,0.0,1.9803,nan,edge/x86_64,unknown,3.12.3,2026-10-09T18:44:24Z
162,ML-DSA-87,post-quantum,5,sign,0.2835,0.0,0.0,0.36,2592,4896,0,4627,512,0,0,0.0,4.2531,nan,edge/x86_64,unknown,3.12.3,2026-10-09T18:44:24Z
162,ML-DSA-87,post-quantum,5,verify,0.1413,0.0,0.0,0.36,2592,4896,0,4627,512,0,0,0.0,2.1197,nan,edge/x86_64,unknown,3.12.3,2026-10-09T18:44:24Z
163,ML-DSA-87,post-quantum,5,keygen,0.1623,0.0,0.0,0.36,2592,4896,0,4627,0,0,0,0.0,2.4342,nan,edge/x86_64,unknown,3.12.3,2026-10-09T18:44:24Z
163,ML-DSA-87,post-quantum,5,sign,0.3513,0.0,0.0,0.36,2592,4896,0,4627,512,0,0,0.0,5.2702,nan,edge/x86_64,unknown,3.12.3,2026-10-09T18:44:24Z
163,ML-DSA-87,post-quantum,5,verify,0.1395,0.0,0.0,0.36,2592,4896,0,4627,512,0,0,0.0,2.0921,nan,edge/x86_64,unknown,3.12.3,2026-10-09T18:44:24Z
164,ML-DSA-87,post-quantum,5,keygen,0.1342,0.0,0.0,0.36,2592,4896,0,4627,0,0,0,0.0,2.0134,nan,edge/x86_64,unknown,3.12.3,2026-10-09T18:44:24Z
164,ML-DSA-87,post-quantum,5,sign,0.3224,0.0,0.0,0.36,2592,4896,0,4627,512,0,0,0.0,4.8363,nan,edge/x86_64,unknown,3.12.3,2026-10-09T18:44:24Z
164,ML-DSA-87,post-quantum,5,verify,0.1279,0.0,0.0,0.36,2592,4896,0,4627,512,0,0,0.0,1.9189,nan,edge/x86_64,unknown,3.12.3,2026-10-09T18:44:24Z
165,ML-DSA-87,post-quantum,5,keygen,0.1403,0.0,0.0,0.36,2592,4896,0,4627,0,0,0,0.0,2.1038,nan,edge/x86_64,unknown,3.12.3,2026-10-09T18:44:24Z
165,ML-DSA-87,post-quantum,5,sign,0.1962,0.0,0.0,0.36,2592,4896,0,4627,512,0,0,0.0,2.9431,nan,edge/x86_64,unknown,3.12.3,2026-10-09T18:44:24Z
165,ML-DSA-87,post-quantum,5,verify,0.1256,0.0,0.0,0.36,2592,4896,0,4627,512,0,0,0.0,1.8833,nan,edge/x86_64,unknown,3.12.3,2026-10-09T18:44:24Z
166,ML-DSA-87,post-quantum,5,keygen,0.1322,0.0,0.0,0.36,2592,4896,0,4627,0,0,0,0.0,1.9824,nan,edge/x86_64,unknown,3.12.3,2026-10-09T18:44:24Z
166,ML-DSA-87,post-quantum,5,sign,0.408,0.0,0.0,0.36,2592,4896,0,4627,512,0,0,0.0,6.1195,nan,edge/x86_64,unknown,3.12.3,2026-10-09T18:44:24Z
166,ML-DSA-87,post-quantum,5,verify,0.1328,0.0,0.0,0.36,2592,4896,0,4627,512,0,0,0.0,1.9923,nan,edge/x86_64,unknown,3.12.3,2026-10-09T18:44:24Z
167,ML-DSA-87,post-quantum,5,keygen,0.1462,0.0,0.0,0.36,2592,4896,0,4627,0,0,0,0.0,2.1926,nan,edge/x86_64,unknown,3.12.3,2026-10-09T18:44:24Z
167,ML-DSA-87,post-quantum,5,sign,0.1996,0.0,0.0,0.36,2592,4896,0,4627,512,0,0,0.0,2.9942,nan,edge/x86_64,unknown,3.12.3,2026-10-09T18:44:24Z
167,ML-DSA-87,post-quantum,5,verify,0.1676,0.0,0.0,0.36,2592,4896,0,4627,512,0,0,0.0,2.5143,nan,edge/x86_64,unknown,3.12.3,2026-10-09T18:44:24Z
168,ML-DSA-87,post-quantum,5,keygen,0.1349,0.0,0.0,0.36,2592,4896,0,4627,0,0,0,0.0,2.0241,nan,edge/x86_64,unknown,3.12.3,2026-10-09T18:44:24Z
168,ML-DSA-87,post-quantum,5,sign,0.1658,0.0,0.0,0.36,2592,4896,0,4627,512,0,0,0.0,2.4875,nan,edge/x86_64,unknown,3.12.3,2026-10-09T18:44:24Z
168,ML-DSA-87,post-quantum,5,verify,0.1303,0.0,0.0,0.36,2592,4896,0,4627,512,0,0,0.0,1.9538,nan,edge/x86_64,unknown,3.12.3,2026-10-09T18:44:24Z
169,ML-DSA-87,post-quantum,5,keygen,0.1328,0.0,0.0,0.36,2592,4896,0,4627,0,0,0,0.0,1.9922,nan,edge/x86_64,unknown,3.12.3,2026-10-09T18:44:24Z
169,ML-DSA-87,post-quantum,5,sign,0.5292,0.0,0.0,0.36,2592,4896,0,4627,512,0,0,0.0,7.938,nan,edge/x86_64,unknown,3.12.3,2026-10-09T18:44:24Z
169,ML-DSA-87,post-quantum,5,verify,0.1502,0.0,0.0,0.36,2592,4896,0,4627,512,0,0,0.0,2.2527,nan,edge/x86_64,unknown,3.12.3,2026-10-09T18:44:24Z
170,ML-DSA-87,post-quantum,5,keygen,0.1644,0.0,0.0,0.36,2592,4896,0,4627,0,0,0,0.0,2.4666,nan,edge/x86_64,unknown,3.12.3,2026-10-09T18:44:24Z
170,ML-DSA-87,post-quantum,5,sign,0.3653,0.0,0.0,0.36,2592,4896,0,4627,512,0,0,0.0,5.4793,nan,edge/x86_64,unknown,3.12.3,2026-10-09T18:44:24Z
170,ML-DSA-87,post-quantum,5,verify,0.1378,0.0,0.0,0.36,2592,4896,0,4627,512,0,0,0.0,2.0672,nan,edge/x86_64,unknown,3.12.3,2026-10-09T18:44:24Z
171,ML-DSA-87,post-quantum,5,keygen,0.1418,0.0,0.0,0.36,2592,4896,0,4627,0,0,0,0.0,2.1275,nan,edge/x86_64,unknown,3.12.3,2026-10-09T18:44:24Z
171,ML-DSA-87,post-quantum,5,sign,0.2369,0.0,0.0,0.36,2592,4896,0,4627,512,0,0,0.0,3.5537,nan,edge/x86_64,unknown,3.12.3,2026-10-09T18:44:24Z
171,ML-DSA-87,post-quantum,5,verify,0.1505,0.0,0.0,0.36,2592,4896,0,4627,512,0,0,0.0,2.2582,nan,edge/x86_64,unknown,3.12.3,2026-10-09T18:44:24Z
172,ML-DSA-87,post-quantum,5,keygen,0.1498,0.0,0.0,0.36,2592,4896,0,4627,0,0,0,0.0,2.2463,nan,edge/x86_64,unknown,3.12.3,2026-10-09T18:44:24Z
172,ML-DSA-87,post-quantum,5,sign,0.2103,0.0,0.0,0.36,2592,4896,0,4627,512,0,0,0.0,3.1538,nan,edge/x86_64,unknown,3.12.3,2026-10-09T18:44:24Z
172,ML-DSA-87,post-quantum,5,verify,0.1985,0.0,0.0,0.36,2592,4896,0,4627,512,0,0,0.0,2.9774,nan,edge/x86_64,unknown,3.12.3,2026-10-09T18:44:24Z
173,ML-DSA-87,post-quantum,5,keygen,0.1578,0.0,0.0,0.36,2592,4896,0,4627,0,0,0,0.0,2.3672,nan,edge/x86_64,unknown,3.12.3,2026-10-09T18:44:24Z
173,ML-DSA-87,post-quantum,5,sign,0.7504,0.0,0.0,0.36,2592,4896,0,4627,512,0,0,0.0,11.2553,nan,edge/x86_64,unknown,3.12.3,2026-10-09T18:44:24Z
173,ML-DSA-87,post-quantum,5,verify,0.1422,0.0,0.0,0.36,2592,4896,0,4627,512,0,0,0.0,2.1332,nan,edge/x86_64,unknown,3.12.3,2026-10-09T18:44:24Z
174,ML-DSA-87,post-quantum,5,keygen,0.1507,0.0,0.0,0.36,2592,4896,0,4627,0,0,0,0.0,2.2598,nan,edge/x86_64,unknown,3.12.3,2026-10-09T18:44:24Z
174,ML-DSA-87,post-quantum,5,sign,0.1794,0.0,0.0,0.36,2592,4896,0,4627,512,0,0,0.0,2.6903,nan,edge/x86_64,unknown,3.12.3,2026-10-09T18:44:24Z
174,ML-DSA-87,post-quantum,5,verify,0.1065,0.0,0.0,0.36,2592,4896,0,4627,512,0,0,0.0,1.5975,nan,edge/x86_64,unknown,3.12.3,2026-10-09T18:44:24Z
175,ML-DSA-87,post-quantum,5,keygen,0.1601,0.0,0.0,0.36,2592,4896,0,4627,0,0,0,0.0,2.4015,nan,edge/x86_64,unknown,3.12.3,2026-10-09T18:44:24Z
175,ML-DSA-87,post-quantum,5,sign,0.3074,0.0,0.0,0.36,2592,4896,0,4627,512,0,0,0.0,4.6109,nan,edge/x86_64,unknown,3.12.3,2026-10-09T18:44:24Z
175,ML-DSA-87,post-quantum,5,verify,0.1401,0.0,0.0,0.36,2592,4896,0,4627,512,0,0,0.0,2.1014,nan,edge/x86_64,unknown,3.12.3,2026-10-09T18:44:24Z
176,ML-DSA-87,post-quantum,5,keygen,0.1688,0.0,0.0,0.36,2592,4896,0,4627,0,0,0,0.0,2.5325,nan,edge/x86_64,unknown,3.12.3,2026-10-09T18:44:24Z
176,ML-DSA-87,post-quantum,5,sign,0.1967,0.0,0.0,0.36,2592,4896,0,4627,512,0,0,0.0,2.9511,nan,edge/x86_64,unknown,3.12.3,2026-10-09T18:44:24Z
176,ML-DSA-87,post-quantum,5,verify,0.1539,0.0,0.0,0.36,2592,4896,0,4627,512,0,0,0.0,2.309,nan,edge/x86_64,unknown,3.12.3,2026-10-09T18:44:24Z
177,ML-DSA-87,post-quantum,5,keygen,0.1441,0.0,0.0,0.36,2592,4896,0,4627,0,0,0,0.0,2.1615,nan,edge/x86_64,unknown,3.12.3,2026-10-09T18:44:24Z
177,ML-DSA-87,post-quantum,5,sign,0.3667,0.0,0.0,0.36,2592,4896,0,4627,512,0,0,0.0,5.5011,nan,edge/x86_64,unknown,3.12.3,2026-10-09T18:44:24Z
177,ML-DSA-87,post-quantum,5,verify,0.1405,0.0,0.0,0.36,2592,4896,0,4627,512,0,0,0.0,2.1072,nan,edge/x86_64,unknown,3.12.3,2026-10-09T18:44:24Z
178,ML-DSA-87,post-quantum,5,keygen,0.1487,0.0,0.0,0.36,2592,4896,0,4627,0,0,0,0.0,2.2308,nan,edge/x86_64,unknown,3.12.3,2026-10-09T18:44:24Z
178,ML-DSA-87,post-quantum,5,sign,0.2242,0.0,0.0,0.36,2592,4896,0,4627,512,0,0,0.0,3.3625,nan,edge/x86_64,unknown,3.12.3,2026-10-09T18:44:24Z
178,ML-DSA-87,post-quantum,5,verify,0.2367,0.0,0.0,0.36,2592,4896,0,4627,512,0,0,0.0,3.5498,nan,edge/x86_64,unknown,3.12.3,2026-10-09T18:44:24Z
179,ML-DSA-87,post-quantum,5,keygen,0.1848,0.0,0.0,0.36,2592,4896,0,4627,0,0,0,0.0,2.7725,nan,edge/x86_64,unknown,3.12.3,2026-10-09T18:44:24Z
179,ML-DSA-87,post-quantum,5,sign,0.1774,0.0,0.0,0.36,2592,4896,0,4627,512,0,0,0.0,2.6604,nan,edge/x86_64,unknown,3.12.3,2026-10-09T18:44:24Z
179,ML-DSA-87,post-quantum,5,verify,0.1695,0.0,0.0,0.36,2592,4896,0,4627,512,0,0,0.0,2.5422,nan,edge/x86_64,unknown,3.12.3,2026-10-09T18:44:24Z
180,ML-DSA-87,post-quantum,5,keygen,0.1416,0.0,0.0,0.36,2592,4896,0,4627,0,0,0,0.0,2.1242,nan,edge/x86_64,unknown,3.12.3,2026-10-09T18:44:24Z
180,ML-DSA-87,post-quantum,5,sign,0.6531,0.0,0.0,0.36,2592,4896,0,4627,512,0,0,0.0,9.7968,nan,edge/x86_64,unknown,3.12.3,2026-10-09T18:44:24Z
180,ML-DSA-87,post-quantum,5,verify,0.1502,0.0,0.0,0.36,2592,4896,0,4627,512,0,0,0.0,2.2529,nan,edge/x86_64,unknown,3.12.3,2026-10-09T18:44:24Z
181,ML-DSA-87,post-quantum,5,keygen,0.1364,0.0,0.0,0.36,2592,4896,0,4627,0,0,0,0.0,2.0458,nan,edge/x86_64,unknown,3.12.3,2026-10-09T18:44:24Z
181,ML-DSA-87,post-quantum,5,sign,0.2294,0.0,0.0,0.36,2592,4896,0,4627,512,0,0,0.0,3.4415,nan,edge/x86_64,unknown,3.12.3,2026-10-09T18:44:24Z
181,ML-DSA-87,post-quantum,5,verify,0.1468,0.0,0.0,0.36,2592,4896,0,4627,512,0,0,0.0,2.2016,nan,edge/x86_64,unknown,3.12.3,2026-10-09T18:44:24Z
182,ML-DSA-87,post-quantum,5,keygen,0.1595,0.0,0.0,0.36,2592,4896,0,4627,0,0,0,0.0,2.3928,nan,edge/x86_64,unknown,3.12.3,2026-10-09T18:44:24Z
182,ML-DSA-87,post-quantum,5,sign,0.1953,0.0,0.0,0.36,2592,4896,0,4627,512,0,0,0.0,2.9302,nan,edge/x86_64,unknown,3.12.3,2026-10-09T18:44:24Z
182,ML-DSA-87,post-quantum,5,verify,0.157,0.0,0.0,0.36,2592,4896,0,4627,512,0,0,0.0,2.3545,nan,edge/x86_64,unknown,3.12.3,2026-10-09T18:44:24Z
183,ML-DSA-87,post-quantum,5,keygen,0.2143,0.0,0.0,0.36,2592,4896,0,4627,0,0,0,0.0,3.2143,nan,edge/x86_64,unknown,3.12.3,2026-10-09T18:44:24Z
183,ML-DSA-87,post-quantum,5,sign,0.2094,0.0,0.0,0.36,2592,4896,0,4627,512,0,0,0.0,3.1415,nan,edge/x86_64,unknown,3.12.3,2026-10-09T18:44:24Z
183,ML-DSA-87,post-quantum,5,verify,0.1255,0.0,0.0,0.36,2592,4896,0,4627,512,0,0,0.0,1.8828,nan,edge/x86_64,unknown,3.12.3,2026-10-09T18:44:24Z
184,ML-DSA-87,post-quantum,5,keygen,0.1508,0.0,0.0,0.36,2592,4896,0,4627,0,0,0,0.0,2.2621,nan,edge/x86_64,unknown,3.12.3,2026-10-09T18:44:24Z
184,ML-DSA-87,post-quantum,5,sign,0.3174,0.0,0.0,0.36,2592,4896,0,4627,512,0,0,0.0,4.7617,nan,edge/x86_64,unknown,3.12.3,2026-10-09T18:44:24Z
184,ML-DSA-87,post-quantum,5,verify,0.1742,0.0,0.0,0.36,2592,4896,0,4627,512,0,0,0.0,2.6135,nan,edge/x86_64,unknown,3.12.3,2026-10-09T18:44:24Z
185,ML-DSA-87,post-quantum,5,keygen,0.1423,0.0,0.0,0.36,2592,4896,0,4627,0,0,0,0.0,2.1339,nan,edge/x86_64,unknown,3.12.3,2026-10-09T18:44:24Z
185,ML-DSA-87,post-quantum,5,sign,0.1633,0.0,0.0,0.36,2592,4896,0,4627,512,0,0,0.0,2.4495,nan,edge/x86_64,unknown,3.12.3,2026-10-09T18:44:24Z
185,ML-DSA-87,post-quantum,5,verify,0.1261,0.0,0.0,0.36,2592,4896,0,4627,512,0,0,0.0,1.8921,nan,edge/x86_64,unknown,3.12.3,2026-10-09T18:44:24Z
186,ML-DSA-87,post-quantum,5,keygen,0.1613,0.0,0.0,0.36,2592,4896,0,4627,0,0,0,0.0,2.4194,nan,edge/x86_64,unknown,3.12.3,2026-10-09T18:44:24Z
186,ML-DSA-87,post-quantum,5,sign,0.2056,0.0,0.0,0.36,2592,4896,0,4627,512,0,0,0.0,3.0835,nan,edge/x86_64,unknown,3.12.3,2026-10-09T18:44:24Z
186,ML-DSA-87,post-quantum,5,verify,0.1294,0.0,0.0,0.36,2592,4896,0,4627,512,0,0,0.0,1.9407,nan,edge/x86_64,unknown,3.12.3,2026-10-09T18:44:24Z
187,ML-DSA-87,post-quantum,5,keygen,0.1386,0.0,0.0,0.36,2592,4896,0,4627,0,0,0,0.0,2.0784,nan,edge/x86_64,unknown,3.12.3,2026-10-09T18:44:24Z
187,ML-DSA-87,post-quantum,5,sign,0.1815,0.0,0.0,0.36,2592,4896,0,4627,512,0,0,0.0,2.7228,nan,edge/x86_64,unknown,3.12.3,2026-10-09T18:44:24Z
187,ML-DSA-87,post-quantum,5,verify,0.118,0.0,0.0,0.36,2592,4896,0,4627,512,0,0,0.0,1.7703,nan,edge/x86_64,unknown,3.12.3,2026-10-09T18:44:24Z
188,ML-DSA-87,post-quantum,5,keygen,0.198,0.0,0.0,0.36,2592,4896,0,4627,0,0,0,0.0,2.9704,nan,edge/x86_64,unknown,3.12.3,2026-10-09T18:44:24Z
188,ML-DSA-87,post-quantum,5,sign,0.3285,0.0,0.0,0.36,2592,4896,0,4627,512,0,0,0.0,4.9282,nan,edge/x86_64,unknown,3.12.3,2026-10-09T18:44:24Z
188,ML-DSA-87,post-quantum,5,verify,0.15,0.0,0.0,0.36,2592,4896,0,4627,512,0,0,0.0,2.2506,nan,edge/x86_64,unknown,3.12.3,2026-10-09T18:44:24Z
189,ML-DSA-87,post-quantum,5,keygen,0.1558,0.0,0.0,0.36,2592,4896,0,4627,0,0,0,0.0,2.3366,nan,edge/x86_64,unknown,3.12.3,2026-10-09T18:44:24Z
189,ML-DSA-87,post-quantum,5,sign,0.1986,0.0,0.0,0.36,2592,4896,0,4627,512,0,0,0.0,2.9783,nan,edge/x86_64,unknown,3.12.3,2026-10-09T18:44:24Z
189,ML-DSA-87,post-quantum,5,verify,0.1234,0.0,0.0,0.36,2592,4896,0,4627,512,0,0,0.0,1.8509,nan,edge/x86_64,unknown,3.12.3,2026-10-09T18:44:24Z
190,ML-DSA-87,post-quantum,5,keygen,0.133,0.0,0.0,0.36,2592,4896,0,4627,0,0,0,0.0,1.9952,nan,edge/x86_64,unknown,3.12.3,2026-10-09T18:44:24Z
190,ML-DSA-87,post-quantum,5,sign,0.1682,0.0,0.0,0.36,2592,4896,0,4627,512,0,0,0.0,2.5226,nan,edge/x86_64,unknown,3.12.3,2026-10-09T18:44:24Z
190,ML-DSA-87,post-quantum,5,verify,0.1291,0.0,0.0,0.36,2592,4896,0,4627,512,0,0,0.0,1.936,nan,edge/x86_64,unknown,3.12.3,2026-10-09T18:44:24Z
191,ML-DSA-87,post-quantum,5,keygen,0.1316,0.0,0.0,0.36,2592,4896,0,4627,0,0,0,0.0,1.9747,nan,edge/x86_64,unknown,3.12.3,2026-10-09T18:44:24Z
191,ML-DSA-87,post-quantum,5,sign,0.3483,0.0,0.0,0.36,2592,4896,0,4627,512,0,0,0.0,5.2241,nan,edge/x86_64,unknown,3.12.3,2026-10-09T18:44:24Z
191,ML-DSA-87,post-quantum,5,verify,0.2952,0.0,0.0,0.36,2592,4896,0,4627,512,0,0,0.0,4.428,nan,edge/x86_64,unknown,3.12.3,2026-10-09T18:44:24Z
192,ML-DSA-87,post-quantum,5,keygen,0.1524,0.0,0.0,0.36,2592,4896,0,4627,0,0,0,0.0,2.2854,nan,edge/x86_64,unknown,3.12.3,2026-10-09T18:44:24Z
192,ML-DSA-87,post-quantum,5,sign,0.2025,0.0,0.0,0.36,2592,4896,0,4627,512,0,0,0.0,3.0371,nan,edge/x86_64,unknown,3.12.3,2026-10-09T18:44:24Z
192,ML-DSA-87,post-quantum,5,verify,0.1275,0.0,0.0,0.36,2592,4896,0,4627,512,0,0,0.0,1.9124,nan,edge/x86_64,unknown,3.12.3,2026-10-09T18:44:24Z
193,ML-DSA-87,post-quantum,5,keygen,0.1653,0.0,0.0,0.36,2592,4896,0,4627,0,0,0,0.0,2.4796,nan,edge/x86_64,unknown,3.12.3,2026-10-09T18:44:24Z
193,ML-DSA-87,post-quantum,5,sign,0.1912,0.0,0.0,0.36,2592,4896,0,4627,512,0,0,0.0,2.8674,nan,edge/x86_64,unknown,3.12.3,2026-10-09T18:44:24Z
193,ML-DSA-87,post-quantum,5,verify,0.2342,0.0,0.0,0.36,2592,4896,0,4627,512,0,0,0.0,3.5127,nan,edge/x86_64,unknown,3.12.3,2026-10-09T18:44:24Z
194,ML-DSA-87,post-quantum,5,keygen,0.206,0.0,0.0,0.36,2592,4896,0,4627,0,0,0,0.0,3.09,nan,edge/x86_64,unknown,3.12.3,2026-10-09T18:44:24Z
194,ML-DSA-87,post-quantum,5,sign,0.3089,0.0,0.0,0.36,2592,4896,0,4627,512,0,0,0.0,4.6338,nan,edge/x86_64,unknown,3.12.3,2026-10-09T18:44:24Z
194,ML-DSA-87,post-quantum,5,verify,0.1329,0.0,0.0,0.36,2592,4896,0,4627,512,0,0,0.0,1.994,nan,edge/x86_64,unknown,3.12.3,2026-10-09T18:44:24Z
195,ML-DSA-87,post-quantum,5,keygen,0.1405,0.0,0.0,0.36,2592,4896,0,4627,0,0,0,0.0,2.1073,nan,edge/x86_64,unknown,3.12.3,2026-10-09T18:44:24Z
195,ML-DSA-87,post-quantum,5,sign,0.2166,0.0,0.0,0.36,2592,4896,0,4627,512,0,0,0.0,3.2485,nan,edge/x86_64,unknown,3.12.3,2026-10-09T18:44:24Z
195,ML-DSA-87,post-quantum,5,verify,0.1587,0.0,0.0,0.36,2592,4896,0,4627,512,0,0,0.0,2.3806,nan,edge/x86_64,unknown,3.12.3,2026-10-09T18:44:24Z
196,ML-DSA-87,post-quantum,5,keygen,0.2599,0.0,0.0,0.36,2592,4896,0,4627,0,0,0,0.0,3.8981,nan,edge/x86_64,unknown,3.12.3,2026-10-09T18:44:24Z
196,ML-DSA-87,post-quantum,5,sign,0.1956,0.0,0.0,0.36,2592,4896,0,4627,512,0,0,0.0,2.9336,nan,edge/x86_64,unknown,3.12.3,2026-10-09T18:44:24Z
196,ML-DSA-87,post-quantum,5,verify,0.1406,0.0,0.0,0.36,2592,4896,0,4627,512,0,0,0.0,2.109,nan,edge/x86_64,unknown,3.12.3,2026-10-09T18:44:24Z
197,ML-DSA-87,post-quantum,5,keygen,0.1642,0.0,0.0,0.36,2592,4896,0,4627,0,0,0,0.0,2.4634,nan,edge/x86_64,unknown,3.12.3,2026-10-09T18:44:24Z
197,ML-DSA-87,post-quantum,5,sign,0.4946,0.0,0.0,0.36,2592,4896,0,4627,512,0,0,0.0,7.4185,nan,edge/x86_64,unknown,3.12.3,2026-10-09T18:44:24Z
197,ML-DSA-87,post-quantum,5,verify,0.123,0.0,0.0,0.36,2592,4896,0,4627,512,0,0,0.0,1.8451,nan,edge/x86_64,unknown,3.12.3,2026-10-09T18:44:24Z
198,ML-DSA-87,post-quantum,5,keygen,0.1298,0.0,0.0,0.36,2592,4896,0,4627,0,0,0,0.0,1.9475,nan,edge/x86_64,unknown,3.12.3,2026-10-09T18:44:24Z
198,ML-DSA-87,post-quantum,5,sign,0.2511,0.0,0.0,0.36,2592,4896,0,4627,512,0,0,0.0,3.7672,nan,edge/x86_64,unknown,3.12.3,2026-10-09T18:44:24Z
198,ML-DSA-87,post-quantum,5,verify,0.1289,0.0,0.0,0.36,2592,4896,0,4627,512,0,0,0.0,1.9333,nan,edge/x86_64,unknown,3.12.3,2026-10-09T18:44:24Z
199,ML-DSA-87,post-quantum,5,keygen,0.2899,0.0,0.0,0.36,2592,4896,0,4627,0,0,0,0.0,4.3486,nan,edge/x86_64,unknown,3.12.3,2026-10-09T18:44:24Z
199,ML-DSA-87,post-quantum,5,sign,0.6333,0.0,0.0,0.36,2592,4896,0,4627,512,0,0,0.0,9.4994,nan,edge/x86_64,unknown,3.12.3,2026-10-09T18:44:24Z
199,ML-DSA-87,post-quantum,5,verify,0.1352,0.0,0.0,0.36,2592,4896,0,4627,512,0,0,0.0,2.028,nan,edge/x86_64,unknown,3.12.3,2026-10-09T18:44:24Z
0,RSA-2048,classical,,keygen,85.4724,0.0,0.0,0.0,294,1217,0,0,0,0,0,0.0,1282.0856,nan,edge/x86_64,,3.12.3,2026-10-09T18:44:24Z
0,RSA-2048,classical,,encapsulate,0.2055,0.0,0.0,0.0,294,1217,256,0,0,0,0,0.0,3.0827,nan,edge/x86_64,,3.12.3,2026-10-09T18:44:24Z
0,RSA-2048,classical,,decapsulate,1.815,0.0,0.0,0.0,294,1217,256,0,0,0,0,0.0,27.2243,nan,edge/x86_64,,3.12.3,2026-10-09T18:44:24Z
1,RSA-2048,classical,,keygen,135.2913,0.0,0.0,0.0,294,1216,0,0,0,0,0,0.0,2029.3692,nan,edge/x86_64,,3.12.3,2026-10-09T18:44:24Z
1,RSA-2048,classical,,encapsulate,0.2818,0.0,0.0,0.0,294,1216,256,0,0,0,0,0.0,4.2264,nan,edge/x86_64,,3.12.3,2026-10-09T18:44:24Z
1,RSA-2048,classical,,decapsulate,1.7468,0.0,0.0,0.0,294,1216,256,0,0,0,0,0.0,26.2015,nan,edge/x86_64,,3.12.3,2026-10-09T18:44:24Z
2,RSA-2048,classical,,keygen,82.0382,0.0,0.0,0.0,294,1216,0,0,0,0,0,0.0,1230.5724,nan,edge/x86_64,,3.12.3,2026-10-09T18:44:24Z
2,RSA-2048,classical,,encapsulate,0.1985,0.0,0.0,0.0,294,1216,256,0,0,0,0,0.0,2.9772,nan,edge/x86_64,,3.12.3,2026-10-09T18:44:24Z
2,RSA-2048,classical,,decapsulate,1.7009,0.0,0.0,0.0,294,1216,256,0,0,0,0,0.0,25.5141,nan,edge/x86_64,,3.12.3,2026-10-09T18:44:24Z
3,RSA-2048,classical,,keygen,71.7934,0.0,0.0,0.0,294,1218,0,0,0,0,0,0.0,1076.9004,nan,edge/x86_64,,3.12.3,2026-10-09T18:44:24Z
3,RSA-2048,classical,,encapsulate,0.1179,0.0,0.0,0.0,294,1218,256,0,0,0,0,0.0,1.7687,nan,edge/x86_64,,3.12.3,2026-10-09T18:44:24Z
3,RSA-2048,classical,,decapsulate,0.844,0.0,0.0,0.0,294,1218,256,0,0,0,0,0.0,12.66,nan,edge/x86_64,,3.12.3,2026-10-09T18:44:24Z
4,RSA-2048,classical,,keygen,50.6127,0.0,0.0,0.0,294,1218,0,0,0,0,0,0.0,759.191,nan,edge/x86_64,,3.12.3,2026-10-09T18:44:24Z
4,RSA-2048,classical,,encapsulate,0.3035,0.0,0.0,0.0,294,1218,256,0,0,0,0,0.0,4.5527,nan,edge/x86_64,,3.12.3,2026-10-09T18:44:24Z
4,RSA-2048,classical,,decapsulate,1.7607,0.0,0.0,0.0,294,1218,256,0,0,0,0,0.0,26.4104,nan,edge/x86_64,,3.12.3,2026-10-09T18:44:24Z
5,RSA-2048,classical,,keygen,133.5862,0.0,0.0,0.0,294,1216,0,0,0,0,0,0.0,2003.7934,nan,edge/x86_64,,3.12.3,2026-10-09T18:44:24Z
5,RSA-2048,classical,,encapsulate,0.1534,0.0,0.0,0.0,294,1216,256,0,0,0,0,0.0,2.301,nan,edge/x86_64,,3.12.3,2026-10-09T18:44:24Z
5,RSA-2048,classical,,decapsulate,1.1882,0.0,0.0,0.0,294,1216,256,0,0,0,0,0.0,17.8225,nan,edge/x86_64,,3.12.3,2026-10-09T18:44:24Z
6,RSA-2048,classical,,keygen,48.5558,0.0,0.0,0.0,294,1217,0,0,0,0,0,0.0,728.3374,nan,edge/x86_64,,3.12.3,2026-10-09T18:44:24Z
6,RSA-2048,classical,,encapsulate,0.1624,0.0,0.0,0.0,294,1217,256,0,0,0,0,0.0,2.4367,nan,edge/x86_64,,3.12.3,2026-10-09T18:44:24Z
6,RSA-2048,classical,,decapsulate,1.3136,0.0,0.0,0.0,294,1217,256,0,0,0,0,0.0,19.7036,nan,edge/x86_64,,3.12.3,2026-10-09T18:44:24Z
7,RSA-2048,classical,,keygen,68.3238,0.0,0.0,0.0,294,1215,0,0,0,0,0,0.0,1024.8566,nan,edge/x86_64,,3.12.3,2026-10-09T18:44:24Z
7,RSA-2048,classical,,encapsulate,0.1356,0.0,0.0,0.0,294,1215,256,0,0,0,0,0.0,2.0346,nan,edge/x86_64,,3.12.3,2026-10-09T18:44:24Z
7,RSA-2048,classical,,decapsulate,1.7903,0.0,0.0,0.0,294,1215,256,0,0,0,0,0.0,26.8549,nan,edge/x86_64,,3.12.3,2026-10-09T18:44:24Z
8,RSA-2048,classical,,keygen,118.8966,0.0,0.0,0.0,294,1218,0,0,0,0,0,0.0,1783.4484,nan,edge/x86_64,,3.12.3,2026-10-09T18:44:24Z
8,RSA-2048,classical,,encapsulate,0.458,0.0,0.0,0.0,294,1218,256,0,0,0,0,0.0,6.8706,nan,edge/x86_64,,3.12.3,2026-10-09T18:44:24Z
8,RSA-2048,classical,,decapsulate,1.6558,0.0,0.0,0.0,294,1218,256,0,0,0,0,0.0,24.8372,nan,edge/x86_64,,3.12.3,2026-10-09T18:44:24Z
9,RSA-2048,classical,,keygen,98.1052,0.0,0.0,0.0,294,1217,0,0,0,0,0,0.0,1471.5779,nan,edge/x86_64,,3.12.3,2026-10-09T18:44:24Z
9,RSA-2048,classical,,encapsulate,0.1501,0.0,0.0,0.0,294,1217,256,0,0,0,0,0.0,2.2512,nan,edge/x86_64,,3.12.3,2026-10-09T18:44:24Z
9,RSA-2048,classical,,decapsulate,1.7469,0.0,0.0,0.0,294,1217,256,0,0,0,0,0.0,26.2029,nan,edge/x86_64,,3.12.3,2026-10-09T18:44:24Z
10,RSA-2048,classical,,keygen,21.0539,0.0,0.0,0.0,294,1216,0,0,0,0,0,0.0,315.8088,nan,edge/x86_64,,3.12.3,2026-10-09T18:44:24Z
10,RSA-2048,classical,,encapsulate,0.2011,0.0,0.0,0.0,294,1216,256,0,0,0,0,0.0,3.0171,nan,edge/x86_64,,3.12.3,2026-10-09T18:44:24Z
10,RSA-2048,classical,,decapsulate,1.8348,0.0,0.0,0.0,294,1216,256,0,0,0,0,0.0,27.522,nan,edge/x86_64,,3.12.3,2026-10-09T18:44:24Z
11,RSA-2048,classical,,keygen,65.2198,0.0,0.0,0.0,294,1218,0,0,0,0,0,0.0,978.2968,nan,edge/x86_64,,3.12.3,2026-10-09T18:44:24Z
11,RSA-2048,classical,,encapsulate,0.1297,0.0,0.0,0.0,294,1218,256,0,0,0,0,0.0,1.9458,nan,edge/x86_64,,3.12.3,2026-10-09T18:44:24Z
11,RSA-2048,classical,,decapsulate,1.7529,0.0,0.0,0.0,294,1218,256,0,0,0,0,0.0,26.2934,nan,edge/x86_64,,3.12.3,2026-10-09T18:44:24Z
12,RSA-2048,classical,,keygen,68.9318,0.0,0.0,0.0,294,1218,0,0,0,0,0,0.0,1033.9768,nan,edge/x86_64,,3.12.3,2026-10-09T18:44:24Z
12,RSA-2048,classical,,encapsulate,0.184,0.0,0.0,0.0,294,1218,256,0,0,0,0,0.0,2.7606,nan,edge/x86_64,,3.12.3,2026-10-09T18:44:24Z
12,RSA-2048,classical,,decapsulate,1.7502,0.0,0.0,0.0,294,1218,256,0,0,0,0,0.0,26.2526,nan,edge/x86_64,,3.12.3,2026-10-09T18:44:24Z
13,RSA-2048,classical,,keygen,120.8378,0.0,0.0,0.0,294,1217,0,0,0,0,0,0.0,1812.5677,nan,edge/x86_64,,3.12.3,2026-10-09T18:44:24Z
13,RSA-2048,classical,,encapsulate,0.1598,0.0,0.0,0.0,294,1217,256,0,0,0,0,0.0,2.3972,nan,edge/x86_64,,3.12.3,2026-10-09T18:44:24Z
13,RSA-2048,classical,,decapsulate,1.7087,0.0,0.0,0.0,294,1217,256,0,0,0,0,0.0,25.6312,nan,edge/x86_64,,3.12.3,2026-10-09T18:44:24Z
14,RSA-2048,classical,,keygen,57.5775,0.0,0.0,0.0,294,1218,0,0,0,0,0,0.0,863.663,nan,edge/x86_64,,3.12.3,2026-10-09T18:44:24Z
14,RSA-2048,classical,,encapsulate,0.1428,0.0,0.0,0.0,294,1218,256,0,0,0,0,0.0,2.1414,nan,edge/x86_64,,3.12.3,2026-10-09T18:44:24Z
14,RSA-2048,classical,,decapsulate,1.6451,0.0,0.0,0.0,294,1218,256,0,0,0,0,0.0,24.677,nan,edge/x86_64,,3.12.3,2026-10-09T18:44:24Z
15,RSA-2048,classical,,keygen,117.8945,0.0,0.0,0.0,294,1217,0,0,0,0,0,0.0,1768.4171,nan,edge/x86_64,,3.12.3,2026-10-09T18:44:24Z
15,RSA-2048,classical,,encapsulate,0.1361,0.0,0.0,0.0,294,1217,256,0,0,0,0,0.0,2.0411,nan,edge/x86_64,,3.12.3,2026-10-09T18:44:24Z
15,RSA-2048,classical,,decapsulate,1.7567,0.0,0.0,0.0,294,1217,256,0,0,0,0,0.0,26.3508,nan,edge/x86_64,,3.12.3,2026-10-09T18:44:24Z
16,RSA-2048,classical,,keygen,89.203,0.0,0.0,0.0,294,1217,0,0,0,0,0,0.0,1338.0448,nan,edge/x86_64,,3.12.3,2026-10-09T18:44:24Z
16,RSA-2048,classical,,encapsulate,0.0991,0.0,0.0,0.0,294,1217,256,0,0,0,0,0.0,1.4859,nan,edge/x86_64,,3.12.3,2026-10-09T18:44:24Z
16,RSA-2048,classical,,decapsulate,0.9063,0.0,0.0,0.0,294,1217,256,0,0,0,0,0.0,13.5942,nan,edge/x86_64,,3.12.3,2026-10-09T18:44:24Z
17,RSA-2048,classical,,keygen,44.0983,0.0,0.0,0.0,294,1217,0,0,0,0,0,0.0,661.4745,nan,edge/x86_64,,3.12.3,2026-10-09T18:44:24Z
17,RSA-2048,classical,,encapsulate,0.1744,0.0,0.0,0.0,294,1217,256,0,0,0,0,0.0,2.6166,nan,edge/x86_64,,3.12.3,2026-10-09T18:44:24Z
17,RSA-2048,classical,,decapsulate,1.6282,0.0,0.0,0.0,294,1217,256,0,0,0,0,0.0,24.4226,nan,edge/x86_64,,3.12.3,2026-10-09T18:44:24Z
18,RSA-2048,classical,,keygen,21.9538,0.0,0.0,0.0,294,1216,0,0,0,0,0,0.0,329.3067,nan,edge/x86_64,,3.12.3,2026-10-09T18:44:24Z
18,RSA-2048,classical,,encapsulate,0.1403,0.0,0.0,0.0,294,1216,256,0,0,0,0,0.0,2.1051,nan,edge/x86_64,,3.12.3,2026-10-09T18:44:24Z
18,RSA-2048,classical,,decapsulate,0.8313,0.0,0.0,0.0,294,1216,256,0,0,0,0,0.0,12.469,nan,edge/x86_64,,3.12.3,2026-10-09T18:44:24Z
19,RSA-2048,classical,,keygen,103.8629,0.0,0.0,0.0,294,1219,0,0,0,0,0,0.0,1557.9429,nan,edge/x86_64,,3.12.3,2026-10-09T18:44:24Z
19,RSA-2048,classical,,encapsulate,0.1074,0.0,0.0,0.0,294,1219,256,0,0,0,0,0.0,1.6109,nan,edge/x86_64,,3.12.3,2026-10-09T18:44:24Z
19,RSA-2048,classical,,decapsulate,0.8364,0.0,0.0,0.0,294,1219,256,0,0,0,0,0.0,12.5466,nan,edge/x86_64,,3.12.3,2026-10-09T18:44:24Z
20,RSA-2048,classical,,keygen,43.603,0.0,0.0,0.0,294,1217,0,0,0,0,0,0.0,654.0451,nan,edge/x86_64,,3.12.3,2026-10-09T18:44:24Z
20,RSA-2048,classical,,encapsulate,0.14,0.0,0.0,0.0,294,1217,256,0,0,0,0,0.0,2.1006,nan,edge/x86_64,,3.12.3,2026-10-09T18:44:24Z
20,RSA-2048,classical,,decapsulate,0.8393,0.0,0.0,0.0,294,1217,256,0,0,0,0,0.0,12.5888,nan,edge/x86_64,,3.12.3,2026-10-09T18:44:24Z
21,RSA-2048,classical,,keygen,21.7705,0.0,0.0,0.0,294,1217,0,0,0,0,0,0.0,326.5582,nan,edge/x86_64,,3.12.3,2026-10-09T18:44:24Z
21,RSA-2048,classical,,encapsulate,0.1773,0.0,0.0,0.0,294,1217,256,0,0,0,0,0.0,2.6588,nan,edge/x86_64,,3.12.3,2026-10-09T18:44:24Z
21,RSA-2048,classical,,decapsulate,0.8776,0.0,0.0,0.0,294,1217,256,0,0,0,0,0.0,13.1637,nan,edge/x86_64,,3.12.3,2026-10-09T18:44:24Z
22,RSA-2048,classical,,keygen,23.1835,0.0,0.0,0.0,294,1217,0,0,0,0,0,0.0,347.7524,nan,edge/x86_64,,3.12.3,2026-10-09T18:44:24Z
22,RSA-2048,classical,,encapsulate,0.0868,0.0,0.0,0.0,294,1217,256,0,0,0,0,0.0,1.3016,nan,edge/x86_64,,3.12.3,2026-10-09T18:44:24Z
22,RSA-2048,classical,,decapsulate,0.8746,0.0,0.0,0.0,294,1217,256,0,0,0,0,0.0,13.1193,nan,edge/x86_64,,3.12.3,2026-10-09T18:44:24Z
23,RSA-2048,classical,,keygen,33.8746,0.0,0.0,0.0,294,1216,0,0,0,0,0,0.0,508.1194,nan,edge/x86_64,,3.12.3,2026-10-09T18:44:24Z
23,RSA-2048,classical,,encapsulate,0.0882,0.0,0.0,0.0,294,1216,256,0,0,0,0,0.0,1.3224,nan,edge/x86_64,,3.12.3,2026-10-09T18:44:24Z
23,RSA-2048,classical,,decapsulate,0.8791,0.0,0.0,0.0,294,1216,256,0,0,0,0,0.0,13.1861,nan,edge/x86_64,,3.12.3,2026-10-09T18:44:24Z
24,RSA-2048,classical,,keygen,102.8394,0.0,0.0,0.0,294,1218,0,0,0,0,0,0.0,1542.5917,nan,edge/x86_64,,3.12.3,2026-10-09T18:44:24Z
24,RSA-2048,classical,,encapsulate,0.1742,0.0,0.0,0.0,294,1218,256,0,0,0,0,0.0,2.6128,nan,edge/x86_64,,3.12.3,2026-10-09T18:44:24Z
24,RSA-2048,classical,,decapsulate,0.9888,0.0,0.0,0.0,294,1218,256,0,0,0,0,0.0,14.8316,nan,edge/x86_64,,3.12.3,2026-10-09T18:44:24Z
25,RSA-2048,classical,,keygen,98.512,0.0,0.0,0.0,294,1218,0,0,0,0,0,0.0,1477.6796,nan,edge/x86_64,,3.12.3,2026-10-09T18:44:24Z
25,RSA-2048,classical,,encapsulate,0.1869,0.0,0.0,0.0,294,1218,256,0,0,0,0,0.0,2.8033,nan,edge/x86_64,,3.12.3,2026-10-09T18:44:24Z
25,RSA-2048,classical,,decapsulate,1.0697,0.0,0.0,0.0,294,1218,256,0,0,0,0,0.0,16.0457,nan,edge/x86_64,,3.12.3,2026-10-09T18:44:24Z
26,RSA-2048,classical,,keygen,34.6702,0.0,0.0,0.0,294,1217,0,0,0,0,0,0.0,520.0523,nan,edge/x86_64,,3.12.3,2026-10-09T18:44:24Z
26,RSA-2048,classical,,encapsulate,0.0842,0.0,0.0,0.0,294,1217,256,0,0,0,0,0.0,1.2626,nan,edge/x86_64,,3.12.3,2026-10-09T18:44:24Z
26,RSA-2048,classical,,decapsulate,0.8666,0.0,0.0,0.0,294,1217,256,0,0,0,0,0.0,12.9987,nan,edge/x86_64,,3.12.3,2026-10-09T18:44:24Z
27,RSA-2048,classical,,keygen,56.793,0.0,0.0,0.0,294,1217,0,0,0,0,0,0.0,851.8956,nan,edge/x86_64,,3.12.3,2026-10-09T18:44:24Z
27,RSA-2048,classical,,encapsulate,0.1123,0.0,0.0,0.0,294,1217,256,0,0,0,0,0.0,1.6841,nan,edge/x86_64,,3.12.3,2026-10-09T18:44:24Z
27,RSA-2048,classical,,decapsulate,0.8285,0.0,0.0,0.0,294,1217,256,0,0,0,0,0.0,12.4274,nan,edge/x86_64,,3.12.3,2026-10-09T18:44:24Z
28,RSA-2048,classical,,keygen,26.0624,0.0,0.0,0.0,294,1216,0,0,0,0,0,0.0,390.9359,nan,edge/x86_64,,3.12.3,2026-10-09T18:44:24Z
28,RSA-2048,classical,,encapsulate,0.1089,0.0,0.0,0.0,294,1216,256,0,0,0,0,0.0,1.6328,nan,edge/x86_64,,3.12.3,2026-10-09T18:44:24Z
28,RSA-2048,classical,,decapsulate,0.8882,0.0,0.0,0.0,294,1216,256,0,0,0,0,0.0,13.3236,nan,edge/x86_64,,3.12.3,2026-10-09T18:44:24Z
29,RSA-2048,classical,,keygen,21.3255,0.0,0.0,0.0,294,1218,0,0,0,0,0,0.0,319.8827,nan,edge/x86_64,,3.12.3,2026-10-09T18:44:24Z
29,RSA-2048,classical,,encapsulate,0.4535,0.0,0.0,0.0,294,1218,256,0,0,0,0,0.0,6.8031,nan,edge/x86_64,,3.12.3,2026-10-09T18:44:24Z
29,RSA-2048,classical,,decapsulate,1.7773,0.0,0.0,0.0,294,1218,256,0,0,0,0,0.0,26.6594,nan,edge/x86_64,,3.12.3,2026-10-09T18:44:24Z
30,RSA-2048,classical,,keygen,42.2668,0.0,0.0,0.0,294,1218,0,0,0,0,0,0.0,634.0018,nan,edge/x86_64,,3.12.3,2026-10-09T18:44:24Z
30,RSA-2048,classical,,encapsulate,0.1432,0.0,0.0,0.0,294,1218,256,0,0,0,0,0.0,2.1477,nan,edge/x86_64,,3.12.3,2026-10-09T18:44:24Z
30,RSA-2048,classical,,decapsulate,1.7499,0.0,0.0,0.0,294,1218,256,0,0,0,0,0.0,26.2481,nan,edge/x86_64,,3.12.3,2026-10-09T18:44:24Z
31,RSA-2048,classical,,keygen,36.4324,0.0,0.0,0.0,294,1216,0,0,0,0,0,0.0,546.4857,nan,edge/x86_64,,3.12.3,2026-10-09T18:44:24Z
31,RSA-2048,classical,,encapsulate,0.0941,0.0,0.0,0.0,294,1216,256,0,0,0,0,0.0,1.4122,nan,edge/x86_64,,3.12.3,2026-10-09T18:44:24Z
31,RSA-2048,classical,,decapsulate,0.924,0.0,0.0,0.0,294,1216,256,0,0,0,0,0.0,13.8601,nan,edge/x86_64,,3.12.3,2026-10-09T18:44:24Z
32,RSA-2048,classical,,keygen,13.5778,0.0,0.0,0.0,294,1216,0,0,0,0,0,0.0,203.6672,nan,edge/x86_64,,3.12.3,2026-10-09T18:44:24Z
32,RSA-2048,classical,,encapsulate,0.0889,0.0,0.0,0.0,294,1216,256,0,0,0,0,0.0,1.333,nan,edge/x86_64,,3.12.3,2026-10-09T18:44:24Z
32,RSA-2048,classical,,decapsulate,0.8247,0.0,0.0,0.0,294,1216,256,0,0,0,0,0.0,12.3706,nan,edge/x86_64,,3.12.3,2026-10-09T18:44:24Z
33,RSA-2048,classical,,keygen,19.2268,0.0,0.0,0.0,294,1218,0,0,0,0,0,0.0,288.4026,nan,edge/x86_64,,3.12.3,2026-10-09T18:44:24Z
33,RSA-2048,classical,,encapsulate,0.1066,0.0,0.0,0.0,294,1218,256,0,0,0,0,0.0,1.5988,nan,edge/x86_64,,3.12.3,2026-10-09T18:44:24Z
33,RSA-2048,classical,,decapsulate,1.1203,0.0,0.0,0.0,294,1218,256,0,0,0,0,0.0,16.8045,nan,edge/x86_64,,3.12.3,2026-10-09T18:44:24Z
34,RSA-2048,classical,,keygen,22.5897,0.0,0.0,0.0,294,1217,0,0,0,0,0,0.0,338.8456,nan,edge/x86_64,,3.12.3,2026-10-09T18:44:24Z
34,RSA-2048,classical,,encapsulate,0.1408,0.0,0.0,0.0,294,1217,256,0,0,0,0,0.0,2.1125,nan,edge/x86_64,,3.12.3,2026-10-09T18:44:24Z
34,RSA-2048,classical,,decapsulate,0.8508,0.0,0.0,0.0,294,1217,256,0,0,0,0,0.0,12.7621,nan,edge/x86_64,,3.12.3,2026-10-09T18:44:24Z
35,RSA-2048,classical,,keygen,9.8691,0.0,0.0,0.0,294,1217,0,0,0,0,0,0.0,148.0365,nan,edge/x86_64,,3.12.3,2026-10-09T18:44:24Z
35,RSA-2048,classical,,encapsulate,0.1058,0.0,0.0,0.0,294,1217,256,0,0,0,0,0.0,1.5869,nan,edge/x86_64,,3.12.3,2026-10-09T18:44:24Z
35,RSA-2048,classical,,decapsulate,0.8489,0.0,0.0,0.0,294,1217,256,0,0,0,0,0.0,12.7329,nan,edge/x86_64,,3.12.3,2026-10-09T18:44:24Z
36,RSA-2048,classical,,keygen,62.5943,0.0,0.0,0.0,294,1218,0,0,0,0,0,0.0,938.9149,nan,edge/x86_64,,3.12.3,2026-10-09T18:44:24Z
36,RSA-2048,classical,,encapsulate,0.1777,0.0,0.0,0.0,294,1218,256,0,0,0,0,0.0,2.6651,nan,edge/x86_64,,3.12.3,2026-10-09T18:44:24Z
36,RSA-2048,classical,,decapsulate,1.6774,0.0,0.0,0.0,294,1218,256,0,0,0,0,0.0,25.1604,nan,edge/x86_64,,3.12.3,2026-10-09T18:44:24Z
37,RSA-2048,classical,,keygen,77.1618,0.0,0.0,0.0,294,1219,0,0,0,0,0,0.0,1157.4267,nan,edge/x86_64,,3.12.3,2026-10-09T18:44:24Z
37,RSA-2048,classical,,encapsulate,0.2763,0.0,0.0,0.0,294,1219,256,0,0,0,0,0.0,4.1444,nan,edge/x86_64,,3.12.3,2026-10-09T18:44:24Z
37,RSA-2048,classical,,decapsulate,1.8921,0.0,0.0,0.0,294,1219,256,0,0,0,0,0.0,28.3822,nan,edge/x86_64,,3.12.3,2026-10-09T18:44:24Z
38,RSA-2048,classical,,keygen,156.295,0.0,0.0,0.0,294,1218,0,0,0,0,0,0.0,2344.4246,nan,edge/x86_64,,3.12.3,2026-10-09T18:44:24Z
38,RSA-2048,classical,,encapsulate,0.1052,0.0,0.0,0.0,294,1218,256,0,0,0,0,0.0,1.5779,nan,edge/x86_64,,3.12.3,2026-10-09T18:44:24Z
38,RSA-2048,classical,,decapsulate,0.8244,0.0,0.0,0.0,294,1218,256,0,0,0,0,0.0,12.3667,nan,edge/x86_64,,3.12.3,2026-10-09T18:44:24Z
39,RSA-2048,classical,,keygen,85.8028,0.0,0.0,0.0,294,1218,0,0,0,0,0,0.0,1287.0421,nan,edge/x86_64,,3.12.3,2026-10-09T18:44:24Z
39,RSA-2048,classical,,encapsulate,0.2226,0.0,0.0,0.0,294,1218,256,0,0,0,0,0.0,3.3393,nan,edge/x86_64,,3.12.3,2026-10-09T18:44:24Z
39,RSA-2048,classical,,decapsulate,1.9253,0.0,0.0,0.0,294,1218,256,0,0,0,0,0.0,28.8796,nan,edge/x86_64,,3.12.3,2026-10-09T18:44:24Z
40,RSA-2048,classical,,keygen,122.6268,0.0,0.0,0.0,294,1218,0,0,0,0,0,0.0,1839.4024,nan,edge/x86_64,,3.12.3,2026-10-09T18:44:24Z
40,RSA-2048,classical,,encapsulate,0.1907,0.0,0.0,0.0,294,1218,256,0,0,0,0,0.0,2.8604,nan,edge/x86_64,,3.12.3,2026-10-09T18:44:24Z
40,RSA-2048,classical,,decapsulate,1.6332,0.0,0.0,0.0,294,1218,256,0,0,0,0,0.0,24.4983,nan,edge/x86_64,,3.12.3,2026-10-09T18:44:24Z
41,RSA-2048,classical,,keygen,69.4476,0.0,0.0,0.0,294,1218,0,0,0,0,0,0.0,1041.7147,nan,edge/x86_64,,3.12.3,2026-10-09T18:44:24Z
41,RSA-2048,classical,,encapsulate,0.2047,0.0,0.0,0.0,294,1218,256,0,0,0,0,0.0,3.0701,nan,edge/x86_64,,3.12.3,2026-10-09T18:44:24Z
41,RSA-2048,classical,,decapsulate,1.7641,0.0,0.0,0.0,294,1218,256,0,0,0,0,0.0,26.4609,nan,edge/x86_64,,3.12.3,2026-10-09T18:44:24Z
42,RSA-2048,classical,,keygen,36.1406,0.0,0.0,0.0,294,1218,0,0,0,0,0,0.0,542.109,nan,edge/x86_64,,3.12.3,2026-10-09T18:44:24Z
42,RSA-2048,classical,,encapsulate,0.1603,0.0,0.0,0.0,294,1218,256,0,0,0,0,0.0,2.4042,nan,edge/x86_64,,3.12.3,2026-10-09T18:44:24Z
42,RSA-2048,classical,,decapsulate,1.6311,0.0,0.0,0.0,294,1218,256,0,0,0,0,0.0,24.4662,nan,edge/x86_64,,3.12.3,2026-10-09T18:44:24Z
43,RSA-2048,classical,,keygen,39.6579,0.0,0.0,0.0,294,1217,0,0,0,0,0,0.0,594.8691,nan,edge/x86_64,,3.12.3,2026-10-09T18:44:24Z
43,RSA-2048,classical,,encapsulate,0.1103,0.0,0.0,0.0,294,1217,256,0,0,0,0,0.0,1.6547,nan,edge/x86_64,,3.12.3,2026-10-09T18:44:24Z
43,RSA-2048,classical,,decapsulate,0.8865,0.0,0.0,0.0,294,1217,256,0,0,0,0,0.0,13.2971,nan,edge/x86_64,,3.12.3,2026-10-09T18:44:24Z
44,RSA-2048,classical,,keygen,133.7392,0.0,0.0,0.0,294,1217,0,0,0,0,0,0.0,2006.0885,nan,edge/x86_64,,3.12.3,2026-10-09T18:44:24Z
44,RSA-2048,classical,,encapsulate,0.1191,0.0,0.0,0.0,294,1217,256,0,0,0,0,0.0,1.7867,nan,edge/x86_64,,3.12.3,2026-10-09T18:44:24Z
44,RSA-2048,classical,,decapsulate,0.8316,0.0,0.0,0.0,294,1217,256,0,0,0,0,0.0,12.4745,nan,edge/x86_64,,3.12.3,2026-10-09T18:44:24Z
45,RSA-2048,classical,,keygen,67.3567,0.0,0.0,0.0,294,1217,0,0,0,0,0,0.0,1010.3508,nan,edge/x86_64,,3.12.3,2026-10-09T18:44:24Z
45,RSA-2048,classical,,encapsulate,0.1369,0.0,0.0,0.0,294,1217,256,0,0,0,0,0.0,2.0541,nan,edge/x86_64,,3.12.3,2026-10-09T18:44:24Z
45,RSA-2048,classical,,decapsulate,1.6555,0.0,0.0,0.0,294,1217,256,0,0,0,0,0.0,24.8332,nan,edge/x86_64,,3.12.3,2026-10-09T18:44:24Z
46,RSA-2048,classical,,keygen,59.4767,0.0,0.0,0.0,294,1217,0,0,0,0,0,0.0,892.1507,nan,edge/x86_64,,3.12.3,2026-10-09T18:44:24Z
46,RSA-2048,classical,,encapsulate,0.1283,0.0,0.0,0.0,294,1217,256,0,0,0,0,0.0,1.9249,nan,edge/x86_64,,3.12.3,2026-10-09T18:44:24Z
46,RSA-2048,classical,,decapsulate,0.9878,0.0,0.0,0.0,294,1217,256,0,0,0,0,0.0,14.8163,nan,edge/x86_64,,3.12.3,2026-10-09T18:44:24Z
47,RSA-2048,classical,,keygen,50.3173,0.0,0.0,0.0,294,1216,0,0,0,0,0,0.0,754.7588,nan,edge/x86_64,,3.12.3,2026-10-09T18:44:24Z
47,RSA-2048,classical,,encapsulate,0.1497,0.0,0.0,0.0,294,1216,256,0,0,0,0,0.0,2.2459,nan,edge/x86_64,,3.12.3,2026-10-09T18:44:24Z
47,RSA-2048,classical,,decapsulate,1.6438,0.0,0.0,0.0,294,1216,256,0,0,0,0,0.0,24.6563,nan,edge/x86_64,,3.12.3,2026-10-09T18:44:24Z
48,RSA-2048,classical,,keygen,203.2338,0.0,0.0,0.0,294,1217,0,0,0,0,0,0.0,3048.5077,nan,edge/x86_64,,3.12.3,2026-10-09T18:44:24Z
48,RSA-2048,classical,,encapsulate,0.2171,0.0,0.0,0.0,294,1217,256,0,0,0,0,0.0,3.257,nan,edge/x86_64,,3.12.3,2026-10-09T18:44:24Z
48,RSA-2048,classical,,decapsulate,2.3236,0.0,0.0,0.0,294,1217,256,0,0,0,0,0.0,34.854,nan,edge/x86_64,,3.12.3,2026-10-09T18:44:24Z
49,RSA-2048,classical,,keygen,175.286,0.0,0.0,0.0,294,1218,0,0,0,0,0,0.0,2629.2896,nan,edge/x86_64,,3.12.3,2026-10-09T18:44:24Z
49,RSA-2048,classical,,encapsulate,0.1455,0.0,0.0,0.0,294,1218,256,0,0,0,0,0.0,2.1828,nan,edge/x86_64,,3.12.3,2026-10-09T18:44:24Z
49,RSA-2048,classical,,decapsulate,1.7463,0.0,0.0,0.0,294,1218,256,0,0,0,0,0.0,26.194,nan,edge/x86_64,,3.12.3,2026-10-09T18:44:24Z
50,RSA-2048,classical,,keygen,46.6016,0.0,0.0,0.0,294,1217,0,0,0,0,0,0.0,699.0233,nan,edge/x86_64,,3.12.3,2026-10-09T18:44:24Z
50,RSA-2048,classical,,encapsulate,0.1259,0.0,0.0,0.0,294,1217,256,0,0,0,0,0.0,1.8887,nan,edge/x86_64,,3.12.3,2026-10-09T18:44:24Z
50,RSA-2048,classical,,decapsulate,0.8308,0.0,0.0,0.0,294,1217,256,0,0,0,0,0.0,12.4614,nan,edge/x86_64,,3.12.3,2026-10-09T18:44:24Z
51,RSA-2048,classical,,keygen,13.0133,0.0,0.0,0.0,294,1218,0,0,0,0,0,0.0,195.1995,nan,edge/x86_64,,3.12.3,2026-10-09T18:44:24Z
51,RSA-2048,classical,,encapsulate,0.1042,0.0,0.0,0.0,294,1218,256,0,0,0,0,0.0,1.5623,nan,edge/x86_64,,3.12.3,2026-10-09T18:44:24Z
51,RSA-2048,classical,,decapsulate,0.8459,0.0,0.0,0.0,294,1218,256,0,0,0,0,0.0,12.6878,nan,edge/x86_64,,3.12.3,2026-10-09T18:44:24Z
52,RSA-2048,classical,,keygen,41.5184,0.0,0.0,0.0,294,1215,0,0,0,0,0,0.0,622.7766,nan,edge/x86_64,,3.12.3,2026-10-09T18:44:24Z
52,RSA-2048,classical,,encapsulate,0.3284,0.0,0.0,0.0,294,1215,256,0,0,0,0,0.0,4.9254,nan,edge/x86_64,,3.12.3,2026-10-09T18:44:24Z
52,RSA-2048,classical,,decapsulate,1.7935,0.0,0.0,0.0,294,1215,256,0,0,0,0,0.0,26.903,nan,edge/x86_64,,3.12.3,2026-10-09T18:44:24Z
53,RSA-2048,classical,,keygen,75.6934,0.0,0.0,0.0,294,1219,0,0,0,0,0,0.0,1135.4004,nan,edge/x86_64,,3.12.3,2026-10-09T18:44:24Z
53,RSA-2048,classical,,encapsulate,0.1795,0.0,0.0,0.0,294,1219,256,0,0,0,0,0.0,2.6918,nan,edge/x86_64,,3.12.3,2026-10-09T18:44:24Z
53,RSA-2048,classical,,decapsulate,1.7718,0.0,0.0,0.0,294,1219,256,0,0,0,0,0.0,26.5773,nan,edge/x86_64,,3.12.3,2026-10-09T18:44:24Z
54,RSA-2048,classical,,keygen,35.1734,0.0,0.0,0.0,294,1218,0,0,0,0,0,0.0,527.6015,nan,edge/x86_64,,3.12.3,2026-10-09T18:44:24Z
54,RSA-2048,classical,,encapsulate,0.1809,0.0,0.0,0.0,294,1218,256,0,0,0,0,0.0,2.7141,nan,edge/x86_64,,3.12.3,2026-10-09T18:44:24Z
54,RSA-2048,classical,,decapsulate,1.8802,0.0,0.0,0.0,294,1218,256,0,0,0,0,0.0,28.2026,nan,edge/x86_64,,3.12.3,2026-10-09T18:44:24Z
55,RSA-2048,classical,,keygen,51.2854,0.0,0.0,0.0,294,1216,0,0,0,0,0,0.0,769.2813,nan,edge/x86_64,,3.12.3,2026-10-09T18:44:24Z
55,RSA-2048,classical,,encapsulate,0.1987,0.0,0.0,0.0,294,1216,256,0,0,0,0,0.0,2.9798,nan,edge/x86_64,,3.12.3,2026-10-09T18:44:24Z
55,RSA-2048,classical,,decapsulate,1.7445,0.0,0.0,0.0,294,1216,256,0,0,0,0,0.0,26.1672,nan,edge/x86_64,,3.12.3,2026-10-09T18:44:24Z
56,RSA-2048,classical,,keygen,40.0394,0.0,0.0,0.0,294,1217,0,0,0,0,0,0.0,600.5907,nan,edge/x86_64,,3.12.3,2026-10-09T18:44:24Z
56,RSA-2048,classical,,encapsulate,0.1574,0.0,0.0,0.0,294,1217,256,0,0,0,0,0.0,2.3614,nan,edge/x86_64,,3.12.3,2026-10-09T18:44:24Z
56,RSA-2048,classical,,decapsulate,1.7262,0.0,0.0,0.0,294,1217,256,0,0,0,0,0.0,25.8937,nan,edge/x86_64,,3.12.3,2026-10-09T18:44:24Z
57,RSA-2048,classical,,keygen,29.0113,0.0,0.0,0.0,294,1217,0,0,0,0,0,0.0,435.1699,nan,edge/x86_64,,3.12.3,2026-10-09T18:44:24Z
57,RSA-2048,classical,,encapsulate,0.1987,0.0,0.0,0.0,294,1217,256,0,0,0,0,0.0,2.9812,nan,edge/x86_64,,3.12.3,2026-10-09T18:44:24Z
57,RSA-2048,classical,,decapsulate,1.6354,0.0,0.0,0.0,294,1217,256,0,0,0,0,0.0,24.5311,nan,edge/x86_64,,3.12.3,2026-10-09T18:44:24Z
58,RSA-2048,classical,,keygen,74.6892,0.0,0.0,0.0,294,1216,0,0,0,0,0,0.0,1120.3387,nan,edge/x86_64,,3.12.3,2026-10-09T18:44:24Z
58,RSA-2048,classical,,encapsulate,0.1789,0.0,0.0,0.0,294,1216,256,0,0,0,0,0.0,2.6834,nan,edge/x86_64,,3.12.3,2026-10-09T18:44:24Z
58,RSA-2048,classical,,decapsulate,1.0171,0.0,0.0,0.0,294,1216,256,0,0,0,0,0.0,15.2571,nan,edge/x86_64,,3.12.3,2026-10-09T18:44:24Z
59,RSA-2048,classical,,keygen,39.1984,0.0,0.0,0.0,294,1218,0,0,0,0,0,0.0,587.9764,nan,edge/x86_64,,3.12.3,2026-10-09T18:44:24Z
59,RSA-2048,classical,,encapsulate,0.113,0.0,0.0,0.0,294,1218,256,0,0,0,0,0.0,1.6946,nan,edge/x86_64,,3.12.3,2026-10-09T18:44:24Z
59,RSA-2048,classical,,decapsulate,0.8341,0.0,0.0,0.0,294,1218,256,0,0,0,0,0.0,12.5113,nan,edge/x86_64,,3.12.3,2026-10-09T18:44:24Z
60,RSA-2048,classical,,keygen,25.9852,0.0,0.0,0.0,294,1218,0,0,0,0,0,0.0,389.7776,nan,edge/x86_64,,3.12.3,2026-10-09T18:44:24Z
60,RSA-2048,classical,,encapsulate,0.0928,0.0,0.0,0.0,294,1218,256,0,0,0,0,0.0,1.3917,nan,edge/x86_64,,3.12.3,2026-10-09T18:44:24Z
60,RSA-2048,classical,,decapsulate,0.859,0.0,0.0,0.0,294,1218,256,0,0,0,0,0.0,12.8855,nan,edge/x86_64,,3.12.3,2026-10-09T18:44:24Z
61,RSA-2048,classical,,keygen,23.1979,0.0,0.0,0.0,294,1217,0,0,0,0,0,0.0,347.968,nan,edge/x86_64,,3.12.3,2026-10-09T18:44:24Z
61,RSA-2048,classical,,encapsulate,0.2244,0.0,0.0,0.0,294,1217,256,0,0,0,0,0.0,3.366,nan,edge/x86_64,,3.12.3,2026-10-09T18:44:24Z
61,RSA-2048,classical,,decapsulate,0.8782,0.0,0.0,0.0,294,1217,256,0,0,0,0,0.0,13.1733,nan,edge/x86_64,,3.12.3,2026-10-09T18:44:24Z
62,RSA-2048,classical,,keygen,42.8153,0.0,0.0,0.0,294,1217,0,0,0,0,0,0.0,642.2291,nan,edge/x86_64,,3.12.3,2026-10-09T18:44:24Z
62,RSA-2048,classical,,encapsulate,0.2065,0.0,0.0,0.0,294,1217,256,0,0,0,0,0.0,3.097,nan,edge/x86_64,,3.12.3,2026-10-09T18:44:24Z
62,RSA-2048,classical,,decapsulate,1.6803,0.0,0.0,0.0,294,1217,256,0,0,0,0,0.0,25.2042,nan,edge/x86_64,,3.12.3,2026-10-09T18:44:24Z
63,RSA-2048,classical,,keygen,46.8537,0.0,0.0,0.0,294,1218,0,0,0,0,0,0.0,702.806,nan,edge/x86_64,,3.12.3,2026-10-09T18:44:24Z
63,RSA-2048,classical,,encapsulate,0.1097,0.0,0.0,0.0,294,1218,256,0,0,0,0,0.0,1.646,nan,edge/x86_64,,3.12.3,2026-10-09T18:44:24Z
63,RSA-2048,classical,,decapsulate,0.8484,0.0,0.0,0.0,294,1218,256,0,0,0,0,0.0,12.7259,nan,edge/x86_64,,3.12.3,2026-10-09T18:44:24Z
64,RSA-2048,classical,,keygen,32.1749,0.0,0.0,0.0,294,1218,0,0,0,0,0,0.0,482.6236,nan,edge/x86_64,,3.12.3,2026-10-09T18:44:24Z
64,RSA-2048,classical,,encapsulate,0.093,0.0,0.0,0.0,294,1218,256,0,0,0,0,0.0,1.395,nan,edge/x86_64,,3.12.3,2026-10-09T18:44:24Z
64,RSA-2048,classical,,decapsulate,0.8097,0.0,0.0,0.0,294,1218,256,0,0,0,0,0.0,12.1458,nan,edge/x86_64,,3.12.3,2026-10-09T18:44:24Z
65,RSA-2048,classical,,keygen,7.8557,0.0,0.0,0.0,294,1218,0,0,0,0,0,0.0,117.8359,nan,edge/x86_64,,3.12.3,2026-10-09T18:44:24Z
65,RSA-2048,classical,,encapsulate,0.1154,0.0,0.0,0.0,294,1218,256,0,0,0,0,0.0,1.7307,nan,edge/x86_64,,3.12.3,2026-10-09T18:44:24Z
65,RSA-2048,classical,,decapsulate,0.8382,0.0,0.0,0.0,294,1218,256,0,0,0,0,0.0,12.5728,nan,edge/x86_64,,3.12.3,2026-10-09T18:44:24Z
66,RSA-2048,classical,,keygen,49.244,0.0,0.0,0.0,294,1218,0,0,0,0,0,0.0,738.6606,nan,edge/x86_64,,3.12.3,2026-10-09T18:44:24Z
66,RSA-2048,classical,,encapsulate,0.16,0.0,0.0,0.0,294,1218,256,0,0,0,0,0.0,2.4002,nan,edge/x86_64,,3.12.3,2026-10-09T18:44:24Z
66,RSA-2048,classical,,decapsulate,1.3552,0.0,0.0,0.0,294,1218,256,0,0,0,0,0.0,20.3282,nan,edge/x86_64,,3.12.3,2026-10-09T18:44:24Z
67,RSA-2048,classical,,keygen,44.6692,0.0,0.0,0.0,294,1219,0,0,0,0,0,0.0,670.0379,nan,edge/x86_64,,3.12.3,2026-10-09T18:44:24Z
67,RSA-2048,classical,,encapsulate,0.1153,0.0,0.0,0.0,294,1219,256,0,0,0,0,0.0,1.7293,nan,edge/x86_64,,3.12.3,2026-10-09T18:44:24Z
67,RSA-2048,classical,,decapsulate,1.0922,0.0,0.0,0.0,294,1219,256,0,0,0,0,0.0,16.3829,nan,edge/x86_64,,3.12.3,2026-10-09T18:44:24Z
68,RSA-2048,classical,,keygen,229.1829,0.0,0.0,0.0,294,1217,0,0,0,0,0,0.0,3437.7438,nan,edge/x86_64,,3.12.3,2026-10-09T18:44:24Z
68,RSA-2048,classical,,encapsulate,0.0901,0.0,0.0,0.0,294,1217,256,0,0,0,0,0.0,1.3522,nan,edge/x86_64,,3.12.3,2026-10-09T18:44:24Z
68,RSA-2048,classical,,decapsulate,0.9256,0.0,0.0,0.0,294,1217,256,0,0,0,0,0.0,13.8834,nan,edge/x86_64,,3.12.3,2026-10-09T18:44:24Z
69,RSA-2048,classical,,keygen,148.4216,0.0,0.0,0.0,294,1217,0,0,0,0,0,0.0,2226.3245,nan,edge/x86_64,,3.12.3,2026-10-09T18:44:24Z
69,RSA-2048,classical,,encapsulate,0.1158,0.0,0.0,0.0,294,1217,256,0,0,0,0,0.0,1.7372,nan,edge/x86_64,,3.12.3,2026-10-09T18:44:24Z
69,RSA-2048,classical,,decapsulate,0.9183,0.0,0.0,0.0,294,1217,256,0,0,0,0,0.0,13.7748,nan,edge/x86_64,,3.12.3,2026-10-09T18:44:24Z
70,RSA-2048,classical,,keygen,32.5771,0.0,0.0,0.0,294,1218,0,0,0,0,0,0.0,488.6563,nan,edge/x86_64,,3.12.3,2026-10-09T18:44:24Z
70,RSA-2048,classical,,encapsulate,0.1111,0.0,0.0,0.0,294,1218,256,0,0,0,0,0.0,1.6658,nan,edge/x86_64,,3.12.3,2026-10-09T18:44:24Z
70,RSA-2048,classical,,decapsulate,0.8963,0.0,0.0,0.0,294,1218,256,0,0,0,0,0.0,13.4451,nan,edge/x86_64,,3.12.3,2026-10-09T18:44:24Z
71,RSA-2048,classical,,keygen,62.8244,0.0,0.0,0.0,294,1217,0,0,0,0,0,0.0,942.3656,nan,edge/x86_64,,3.12.3,2026-10-09T18:44:24Z
71,RSA-2048,classical,,encapsulate,0.1426,0.0,0.0,0.0,294,1217,256,0,0,0,0,0.0,2.1387,nan,edge/x86_64,,3.12.3,2026-10-09T18:44:24Z
71,RSA-2048,classical,,decapsulate,1.7848,0.0,0.0,0.0,294,1217,256,0,0,0,0,0.0,26.7713,nan,edge/x86_64,,3.12.3,2026-10-09T18:44:24Z
72,RSA-2048,classical,,keygen,44.6844,0.0,0.0,0.0,294,1218,0,0,0,0,0,0.0,670.2658,nan,edge/x86_64,,3.12.3,2026-10-09T18:44:24Z
72,RSA-2048,classical,,encapsulate,0.1001,0.0,0.0,0.0,294,1218,256,0,0,0,0,0.0,1.5013,nan,edge/x86_64,,3.12.3,2026-10-09T18:44:24Z
72,RSA-2048,classical,,decapsulate,0.9273,0.0,0.0,0.0,294,1218,256,0,0,0,0,0.0,13.9092,nan,edge/x86_64,,3.12.3,2026-10-09T18:44:24Z
73,RSA-2048,classical,,keygen,19.7911,0.0,0.0,0.0,294,1216,0,0,0,0,0,0.0,296.8671,nan,edge/x86_64,,3.12.3,2026-10-09T18:44:24Z
73,RSA-2048,classical,,encapsulate,0.1281,0.0,0.0,0.0,294,1216,256,0,0,0,0,0.0,1.9213,nan,edge/x86_64,,3.12.3,2026-10-09T18:44:24Z
73,RSA-2048,classical,,decapsulate,0.8735,0.0,0.0,0.0,294,1216,256,0,0,0,0,0.0,13.1028,nan,edge/x86_64,,3.12.3,2026-10-09T18:44:24Z
74,RSA-2048,classical,,keygen,45.4278,0.0,0.0,0.0,294,1217,0,0,0,0,0,0.0,681.4174,nan,edge/x86_64,,3.12.3,2026-10-09T18:44:24Z
74,RSA-2048,classical,,encapsulate,0.0848,0.0,0.0,0.0,294,1217,256,0,0,0,0,0.0,1.2724,nan,edge/x86_64,,3.12.3,2026-10-09T18:44:24Z
74,RSA-2048,classical,,decapsulate,0.878,0.0,0.0,0.0,294,1217,256,0,0,0,0,0.0,13.1702,nan,edge/x86_64,,3.12.3,2026-10-09T18:44:24Z
75,RSA-2048,classical,,keygen,12.5469,0.0,0.0,0.0,294,1218,0,0,0,0,0,0.0,188.2031,nan,edge/x86_64,,3.12.3,2026-10-09T18:44:24Z
75,RSA-2048,classical,,encapsulate,0.1853,0.0,0.0,0.0,294,1218,256,0,0,0,0,0.0,2.7798,nan,edge/x86_64,,3.12.3,2026-10-09T18:44:24Z
75,RSA-2048,classical,,decapsulate,0.8206,0.0,0.0,0.0,294,1218,256,0,0,0,0,0.0,12.3086,nan,edge/x86_64,,3.12.3,2026-10-09T18:44:24Z
76,RSA-2048,classical,,keygen,41.5487,0.0,0.0,0.0,294,1217,0,0,0,0,0,0.0,623.2298,nan,edge/x86_64,,3.12.3,2026-10-09T18:44:24Z
76,RSA-2048,classical,,encapsulate,0.2361,0.0,0.0,0.0,294,1217,256,0,0,0,0,0.0,3.542,nan,edge/x86_64,,3.12.3,2026-10-09T18:44:24Z
76,RSA-2048,classical,,decapsulate,1.7863,0.0,0.0,0.0,294,1217,256,0,0,0,0,0.0,26.7952,nan,edge/x86_64,,3.12.3,2026-10-09T18:44:24Z
77,RSA-2048,classical,,keygen,76.9029,0.0,0.0,0.0,294,1217,0,0,0,0,0,0.0,1153.5433,nan,edge/x86_64,,3.12.3,2026-10-09T18:44:24Z
77,RSA-2048,classical,,encapsulate,0.3435,0.0,0.0,0.0,294,1217,256,0,0,0,0,0.0,5.1524,nan,edge/x86_64,,3.12.3,2026-10-09T18:44:24Z
77,RSA-2048,classical,,decapsulate,1.8064,0.0,0.0,0.0,294,1217,256,0,0,0,0,0.0,27.0954,nan,edge/x86_64,,3.12.3,2026-10-09T18:44:24Z
78,RSA-2048,classical,,keygen,57.2923,0.0,0.0,0.0,294,1218,0,0,0,0,0,0.0,859.385,nan,edge/x86_64,,3.12.3,2026-10-09T18:44:24Z
78,RSA-2048,classical,,encapsulate,0.1371,0.0,0.0,0.0,294,1218,256,0,0,0,0,0.0,2.0565,nan,edge/x86_64,,3.12.3,2026-10-09T18:44:24Z
78,RSA-2048,classical,,decapsulate,1.6282,0.0,0.0,0.0,294,1218,256,0,0,0,0,0.0,24.4234,nan,edge/x86_64,,3.12.3,2026-10-09T18:44:24Z
79,RSA-2048,classical,,keygen,45.8893,0.0,0.0,0.0,294,1216,0,0,0,0,0,0.0,688.3388,nan,edge/x86_64,,3.12.3,2026-10-09T18:44:24Z
79,RSA-2048,classical,,encapsulate,0.2861,0.0,0.0,0.0,294,1216,256,0,0,0,0,0.0,4.2922,nan,edge/x86_64,,3.12.3,2026-10-09T18:44:24Z
79,RSA-2048,classical,,decapsulate,1.7212,0.0,0.0,0.0,294,1216,256,0,0,0,0,0.0,25.8183,nan,edge/x86_64,,3.12.3,2026-10-09T18:44:24Z
80,RSA-2048,classical,,keygen,123.1282,0.0,0.0,0.0,294,1215,0,0,0,0,0,0.0,1846.9225,nan,edge/x86_64,,3.12.3,2026-10-09T18:44:24Z
80,RSA-2048,classical,,encapsulate,0.1682,0.0,0.0,0.0,294,1215,256,0,0,0,0,0.0,2.5223,nan,edge/x86_64,,3.12.3,2026-10-09T18:44:24Z
80,RSA-2048,classical,,decapsulate,1.6683,0.0,0.0,0.0,294,1215,256,0,0,0,0,0.0,25.0239,nan,edge/x86_64,,3.12.3,2026-10-09T18:44:24Z
81,RSA-2048,classical,,keygen,46.0226,0.0,0.0,0.0,294,1218,0,0,0,0,0,0.0,690.3396,nan,edge/x86_64,,3.12.3,2026-10-09T18:44:24Z
81,RSA-2048,classical,,encapsulate,0.1561,0.0,0.0,0.0,294,1218,256,0,0,0,0,0.0,2.3409,nan,edge/x86_64,,3.12.3,2026-10-09T18:44:24Z
81,RSA-2048,classical,,decapsulate,1.6701,0.0,0.0,0.0,294,1218,256,0,0,0,0,0.0,25.0511,nan,edge/x86_64,,3.12.3,2026-10-09T18:44:24Z
82,RSA-2048,classical,,keygen,76.6752,0.0,0.0,0.0,294,1216,0,0,0,0,0,0.0,1150.1275,nan,edge/x86_64,,3.12.3,2026-10-09T18:44:24Z
82,RSA-2048,classical,,encapsulate,0.2236,0.0,0.0,0.0,294,1216,256,0,0,0,0,0.0,3.3544,nan,edge/x86_64,,3.12.3,2026-10-09T18:44:24Z
82,RSA-2048,classical,,decapsulate,1.6579,0.0,0.0,0.0,294,1216,256,0,0,0,0,0.0,24.8688,nan,edge/x86_64,,3.12.3,2026-10-09T18:44:24Z
83,RSA-2048,classical,,keygen,210.4585,0.0,0.0,0.0,294,1218,0,0,0,0,0,0.0,3156.8768,nan,edge/x86_64,,3.12.3,2026-10-09T18:44:24Z
83,RSA-2048,classical,,encapsulate,0.1588,0.0,0.0,0.0,294,1218,256,0,0,0,0,0.0,2.3823,nan,edge/x86_64,,3.12.3,2026-10-09T18:44:24Z
83,RSA-2048,classical,,decapsulate,1.5581,0.0,0.0,0.0,294,1218,256,0,0,0,0,0.0,23.3711,nan,edge/x86_64,,3.12.3,2026-10-09T18:44:24Z
84,RSA-2048,classical,,keygen,23.1376,0.0,0.0,0.0,294,1218,0,0,0,0,0,0.0,347.0633,nan,edge/x86_64,,3.12.3,2026-10-09T18:44:24Z
84,RSA-2048,classical,,encapsulate,0.1654,0.0,0.0,0.0,294,1218,256,0,0,0,0,0.0,2.4814,nan,edge/x86_64,,3.12.3,2026-10-09T18:44:24Z
84,RSA-2048,classical,,decapsulate,1.8186,0.0,0.0,0.0,294,1218,256,0,0,0,0,0.0,27.2791,nan,edge/x86_64,,3.12.3,2026-10-09T18:44:24Z
85,RSA-2048,classical,,keygen,165.1353,0.0,0.0,0.0,294,1216,0,0,0,0,0,0.0,2477.0293,nan,edge/x86_64,,3.12.3,2026-10-09T18:44:24Z
85,RSA-2048,classical,,encapsulate,0.1406,0.0,0.0,0.0,294,1216,256,0,0,0,0,0.0,2.1092,nan,edge/x86_64,,3.12.3,2026-10-09T18:44:24Z
85,RSA-2048,classical,,decapsulate,1.7299,0.0,0.0,0.0,294,1216,256,0,0,0,0,0.0,25.9482,nan,edge/x86_64,,3.12.3,2026-10-09T18:44:24Z
86,RSA-2048,classical,,keygen,57.2424,0.0,0.0,0.0,294,1217,0,0,0,0,0,0.0,858.6358,nan,edge/x86_64,,3.12.3,2026-10-09T18:44:24Z
86,RSA-2048,classical,,encapsulate,0.1487,0.0,0.0,0.0,294,1217,256,0,0,0,0,0.0,2.2302,nan,edge/x86_64,,3.12.3,2026-10-09T18:44:24Z
86,RSA-2048,classical,,decapsulate,1.7414,0.0,0.0,0.0,294,1217,256,0,0,0,0,0.0,26.1211,nan,edge/x86_64,,3.12.3,2026-10-09T18:44:24Z
87,RSA-2048,classical,,keygen,45.3433,0.0,0.0,0.0,294,1218,0,0,0,0,0,0.0,680.1501,nan,edge/x86_64,,3.12.3,2026-10-09T18:44:24Z
87,RSA-2048,classical,,encapsulate,0.1208,0.0,0.0,0.0,294,1218,256,0,0,0,0,0.0,1.8126,nan,edge/x86_64,,3.12.3,2026-10-09T18:44:24Z
87,RSA-2048,classical,,decapsulate,0.8517,0.0,0.0,0.0,294,1218,256,0,0,0,0,0.0,12.7756,nan,edge/x86_64,,3.12.3,2026-10-09T18:44:24Z
88,RSA-2048,classical,,keygen,38.1846,0.0,0.0,0.0,294,1217,0,0,0,0,0,0.0,572.7695,nan,edge/x86_64,,3.12.3,2026-10-09T18:44:24Z
88,RSA-2048,classical,,encapsulate,0.1669,0.0,0.0,0.0,294,1217,256,0,0,0,0,0.0,2.503,nan,edge/x86_64,,3.12.3,2026-10-09T18:44:24Z
88,RSA-2048,classical,,decapsulate,1.6845,0.0,0.0,0.0,294,1217,256,0,0,0,0,0.0,25.2669,nan,edge/x86_64,,3.12.3,2026-10-09T18:44:24Z
89,RSA-2048,classical,,keygen,321.772,0.0,0.0,0.0,294,1218,0,0,0,0,0,0.0,4826.5799,nan,edge/x86_64,,3.12.3,2026-10-09T18:44:24Z
89,RSA-2048,classical,,encapsulate,0.0897,0.0,0.0,0.0,294,1218,256,0,0,0,0,0.0,1.3462,nan,edge/x86_64,,3.12.3,2026-10-09T18:44:24Z
89,RSA-2048,classical,,decapsulate,0.8293,0.0,0.0,0.0,294,1218,256,0,0,0,0,0.0,12.4397,nan,edge/x86_64,,3.12.3,2026-10-09T18:44:24Z
90,RSA-2048,classical,,keygen,27.4642,0.0,0.0,0.0,294,1216,0,0,0,0,0,0.0,411.9633,nan,edge/x86_64,,3.12.3,2026-10-09T18:44:24Z
90,RSA-2048,classical,,encapsulate,0.0863,0.0,0.0,0.0,294,1216,256,0,0,0,0,0.0,1.2951,nan,edge/x86_64,,3.12.3,2026-10-09T18:44:24Z
90,RSA-2048,classical,,decapsulate,0.8939,0.0,0.0,0.0,294,1216,256,0,0,0,0,0.0,13.4085,nan,edge/x86_64,,3.12.3,2026-10-09T18:44:24Z
91,RSA-2048,classical,,keygen,29.2232,0.0,0.0,0.0,294,1217,0,0,0,0,0,0.0,438.348,nan,edge/x86_64,,3.12.3,2026-10-09T18:44:24Z
91,RSA-2048,classical,,encapsulate,0.085,0.0,0.0,0.0,294,1217,256,0,0,0,0,0.0,1.2756,nan,edge/x86_64,,3.12.3,2026-10-09T18:44:24Z
91,RSA-2048,classical,,decapsulate,0.8754,0.0,0.0,0.0,294,1217,256,0,0,0,0,0.0,13.1316,nan,edge/x86_64,,3.12.3,2026-10-09T18:44:24Z
92,RSA-2048,classical,,keygen,16.0055,0.0,0.0,0.0,294,1217,0,0,0,0,0,0.0,240.083,nan,edge/x86_64,,3.12.3,2026-10-09T18:44:24Z
92,RSA-2048,classical,,encapsulate,0.1239,0.0,0.0,0.0,294,1217,256,0,0,0,0,0.0,1.8587,nan,edge/x86_64,,3.12.3,2026-10-09T18:44:24Z
92,RSA-2048,classical,,decapsulate,0.8566,0.0,0.0,0.0,294,1217,256,0,0,0,0,0.0,12.8489,nan,edge/x86_64,,3.12.3,2026-10-09T18:44:24Z
93,RSA-2048,classical,,keygen,113.6009,0.0,0.0,0.0,294,1217,0,0,0,0,0,0.0,1704.0135,nan,edge/x86_64,,3.12.3,2026-10-09T18:44:24Z
93,RSA-2048,classical,,encapsulate,0.1768,0.0,0.0,0.0,294,1217,256,0,0,0,0,0.0,2.6521,nan,edge/x86_64,,3.12.3,2026-10-09T18:44:24Z
93,RSA-2048,classical,,decapsulate,1.8998,0.0,0.0,0.0,294,1217,256,0,0,0,0,0.0,28.4974,nan,edge/x86_64,,3.12.3,2026-10-09T18:44:24Z
94,RSA-2048,classical,,keygen,54.2331,0.0,0.0,0.0,294,1218,0,0,0,0,0,0.0,813.4965,nan,edge/x86_64,,3.12.3,2026-10-09T18:44:24Z
94,RSA-2048,classical,,encapsulate,0.0901,0.0,0.0,0.0,294,1218,256,0,0,0,0,0.0,1.3511,nan,edge/x86_64,,3.12.3,2026-10-09T18:44:24Z
94,RSA-2048,classical,,decapsulate,0.8607,0.0,0.0,0.0,294,1218,256,0,0,0,0,0.0,12.9103,nan,edge/x86_64,,3.12.3,2026-10-09T18:44:24Z
95,RSA-2048,classical,,keygen,31.7345,0.0,0.0,0.0,294,1217,0,0,0,0,0,0.0,476.0177,nan,edge/x86_64,,3.12.3,2026-10-09T18:44:24Z
95,RSA-2048,classical,,encapsulate,0.0962,0.0,0.0,0.0,294,1217,256,0,0,0,0,0.0,1.4423,nan,edge/x86_64,,3.12.3,2026-10-09T18:44:24Z
95,RSA-2048,classical,,decapsulate,0.865,0.0,0.0,0.0,294,1217,256,0,0,0,0,0.0,12.9746,nan,edge/x86_64,,3.12.3,2026-10-09T18:44:24Z
96,RSA-2048,classical,,keygen,10.1362,0.0,0.0,0.0,294,1217,0,0,0,0,0,0.0,152.0437,nan,edge/x86_64,,3.12.3,2026-10-09T18:44:24Z
96,RSA-2048,classical,,encapsulate,0.2343,0.0,0.0,0.0,294,1217,256,0,0,0,0,0.0,3.5138,nan,edge/x86_64,,3.12.3,2026-10-09T18:44:24Z
96,RSA-2048,classical,,decapsulate,1.3023,0.0,0.0,0.0,294,1217,256,0,0,0,0,0.0,19.5344,nan,edge/x86_64,,3.12.3,2026-10-09T18:44:24Z
97,RSA-2048,classical,,keygen,26.1015,0.0,0.0,0.0,294,1219,0,0,0,0,0,0.0,391.522,nan,edge/x86_64,,3.12.3,2026-10-09T18:44:24Z
97,RSA-2048,classical,,encapsulate,0.1427,0.0,0.0,0.0,294,1219,256,0,0,0,0,0.0,2.1404,nan,edge/x86_64,,3.12.3,2026-10-09T18:44:24Z
97,RSA-2048,classical,,decapsulate,0.8901,0.0,0.0,0.0,294,1219,256,0,0,0,0,0.0,13.3522,nan,edge/x86_64,,3.12.3,2026-10-09T18:44:24Z
98,RSA-2048,classical,,keygen,79.627,0.0,0.0,0.0,294,1218,0,0,0,0,0,0.0,1194.4051,nan,edge/x86_64,,3.12.3,2026-10-09T18:44:24Z
98,RSA-2048,classical,,encapsulate,0.2155,0.0,0.0,0.0,294,1218,256,0,0,0,0,0.0,3.2332,nan,edge/x86_64,,3.12.3,2026-10-09T18:44:24Z
98,RSA-2048,classical,,decapsulate,1.8156,0.0,0.0,0.0,294,1218,256,0,0,0,0,0.0,27.2341,nan,edge/x86_64,,3.12.3,2026-10-09T18:44:24Z
99,RSA-2048,classical,,keygen,25.5817,0.0,0.0,0.0,294,1218,0,0,0,0,0,0.0,383.7255,nan,edge/x86_64,,3.12.3,2026-10-09T18:44:24Z
99,RSA-2048,classical,,encapsulate,0.1095,0.0,0.0,0.0,294,1218,256,0,0,0,0,0.0,1.6428,nan,edge/x86_64,,3.12.3,2026-10-09T18:44:24Z
99,RSA-2048,classical,,decapsulate,0.8608,0.0,0.0,0.0,294,1218,256,0,0,0,0,0.0,12.9115,nan,edge/x86_64,,3.12.3,2026-10-09T18:44:24Z
100,RSA-2048,classical,,keygen,33.9934,0.0,0.0,0.0,294,1217,0,0,0,0,0,0.0,509.9007,nan,edge/x86_64,,3.12.3,2026-10-09T18:44:24Z
100,RSA-2048,classical,,encapsulate,0.0862,0.0,0.0,0.0,294,1217,256,0,0,0,0,0.0,1.2928,nan,edge/x86_64,,3.12.3,2026-10-09T18:44:24Z
100,RSA-2048,classical,,decapsulate,0.8876,0.0,0.0,0.0,294,1217,256,0,0,0,0,0.0,13.3134,nan,edge/x86_64,,3.12.3,2026-10-09T18:44:24Z
101,RSA-2048,classical,,keygen,55.6283,0.0,0.0,0.0,294,1217,0,0,0,0,0,0.0,834.4244,nan,edge/x86_64,,3.12.3,2026-10-09T18:44:24Z
101,RSA-2048,classical,,encapsulate,0.0888,0.0,0.0,0.0,294,1217,256,0,0,0,0,0.0,1.3314,nan,edge/x86_64,,3.12.3,2026-10-09T18:44:24Z
101,RSA-2048,classical,,decapsulate,0.878,0.0,0.0,0.0,294,1217,256,0,0,0,0,0.0,13.1702,nan,edge/x86_64,,3.12.3,2026-10-09T18:44:24Z
102,RSA-2048,classical,,keygen,29.5203,0.0,0.0,0.0,294,1218,0,0,0,0,0,0.0,442.8051,nan,edge/x86_64,,3.12.3,2026-10-09T18:44:24Z
102,RSA-2048,classical,,encapsulate,0.0912,0.0,0.0,0.0,294,1218,256,0,0,0,0,0.0,1.3684,nan,edge/x86_64,,3.12.3,2026-10-09T18:44:24Z
102,RSA-2048,classical,,decapsulate,0.86,0.0,0.0,0.0,294,1218,256,0,0,0,0,0.0,12.9007,nan,edge/x86_64,,3.12.3,2026-10-09T18:44:24Z
103,RSA-2048,classical,,keygen,42.9368,0.0,0.0,0.0,294,1218,0,0,0,0,0,0.0,644.0526,nan,edge/x86_64,,3.12.3,2026-10-09T18:44:24Z
103,RSA-2048,classical,,encapsulate,0.0854,0.0,0.0,0.0,294,1218,256,0,0,0,0,0.0,1.2805,nan,edge/x86_64,,3.12.3,2026-10-09T18:44:24Z
103,RSA-2048,classical,,decapsulate,0.8728,0.0,0.0,0.0,294,1218,256,0,0,0,0,0.0,13.0921,nan,edge/x86_64,,3.12.3,2026-10-09T18:44:24Z
104,RSA-2048,classical,,keygen,24.0887,0.0,0.0,0.0,294,1218,0,0,0,0,0,0.0,361.3299,nan,edge/x86_64,,3.12.3,2026-10-09T18:44:24Z
104,RSA-2048,classical,,encapsulate,0.09,0.0,0.0,0.0,294,1218,256,0,0,0,0,0.0,1.3505,nan,edge/x86_64,,3.12.3,2026-10-09T18:44:24Z
104,RSA-2048,classical,,decapsulate,0.9167,0.0,0.0,0.0,294,1218,256,0,0,0,0,0.0,13.7512,nan,edge/x86_64,,3.12.3,2026-10-09T18:44:24Z
105,RSA-2048,classical,,keygen,54.7337,0.0,0.0,0.0,294,1217,0,0,0,0,0,0.0,821.0057,nan,edge/x86_64,,3.12.3,2026-10-09T18:44:24Z
105,RSA-2048,classical,,encapsulate,0.2051,0.0,0.0,0.0,294,1217,256,0,0,0,0,0.0,3.077,nan,edge/x86_64,,3.12.3,2026-10-09T18:44:24Z
105,RSA-2048,classical,,decapsulate,0.8983,0.0,0.0,0.0,294,1217,256,0,0,0,0,0.0,13.4751,nan,edge/x86_64,,3.12.3,2026-10-09T18:44:24Z
106,RSA-2048,classical,,keygen,73.7058,0.0,0.0,0.0,294,1217,0,0,0,0,0,0.0,1105.5877,nan,edge/x86_64,,3.12.3,2026-10-09T18:44:24Z
106,RSA-2048,classical,,encapsulate,0.1858,0.0,0.0,0.0,294,1217,256,0,0,0,0,0.0,2.7869,nan,edge/x86_64,,3.12.3,2026-10-09T18:44:24Z
106,RSA-2048,classical,,decapsulate,1.9669,0.0,0.0,0.0,294,1217,256,0,0,0,0,0.0,29.5032,nan,edge/x86_64,,3.12.3,2026-10-09T18:44:24Z
107,RSA-2048,classical,,keygen,156.155,0.0,0.0,0.0,294,1217,0,0,0,0,0,0.0,2342.3254,nan,edge/x86_64,,3.12.3,2026-10-09T18:44:24Z
107,RSA-2048,classical,,encapsulate,0.1187,0.0,0.0,0.0,294,1217,256,0,0,0,0,0.0,1.7807,nan,edge/x86_64,,3.12.3,2026-10-09T18:44:24Z
107,RSA-2048,classical,,decapsulate,0.9277,0.0,0.0,0.0,294,1217,256,0,0,0,0,0.0,13.9151,nan,edge/x86_64,,3.12.3,2026-10-09T18:44:24Z
108,RSA-2048,classical,,keygen,124.5771,0.0,0.0,0.0,294,1217,0,0,0,0,0,0.0,1868.656,nan,edge/x86_64,,3.12.3,2026-10-09T18:44:24Z
108,RSA-2048,classical,,encapsulate,0.0921,0.0,0.0,0.0,294,1217,256,0,0,0,0,0.0,1.3808,nan,edge/x86_64,,3.12.3,2026-10-09T18:44:24Z
108,RSA-2048,classical,,decapsulate,0.8613,0.0,0.0,0.0,294,1217,256,0,0,0,0,0.0,12.9198,nan,edge/x86_64,,3.12.3,2026-10-09T18:44:24Z
109,RSA-2048,classical,,keygen,51.5318,0.0,0.0,0.0,294,1216,0,0,0,0,0,0.0,772.9773,nan,edge/x86_64,,3.12.3,2026-10-09T18:44:24Z
109,RSA-2048,classical,,encapsulate,0.1606,0.0,0.0,0.0,294,1216,256,0,0,0,0,0.0,2.4097,nan,edge/x86_64,,3.12.3,2026-10-09T18:44:24Z
109,RSA-2048,classical,,decapsulate,1.7128,0.0,0.0,0.0,294,1216,256,0,0,0,0,0.0,25.6926,nan,edge/x86_64,,3.12.3,2026-10-09T18:44:24Z
110,RSA-2048,classical,,keygen,56.8354,0.0,0.0,0.0,294,1217,0,0,0,0,0,0.0,852.5311,nan,edge/x86_64,,3.12.3,2026-10-09T18:44:24Z
110,RSA-2048,classical,,encapsulate,0.2284,0.0,0.0,0.0,294,1217,256,0,0,0,0,0.0,3.4261,nan,edge/x86_64,,3.12.3,2026-10-09T18:44:24Z
110,RSA-2048,classical,,decapsulate,0.8387,0.0,0.0,0.0,294,1217,256,0,0,0,0,0.0,12.5806,nan,edge/x86_64,,3.12.3,2026-10-09T18:44:24Z
111,RSA-2048,classical,,keygen,53.5639,0.0,0.0,0.0,294,1216,0,0,0,0,0,0.0,803.4583,nan,edge/x86_64,,3.12.3,2026-10-09T18:44:24Z
111,RSA-2048,classical,,encapsulate,0.1379,0.0,0.0,0.0,294,1216,256,0,0,0,0,0.0,2.0686,nan,edge/x86_64,,3.12.3,2026-10-09T18:44:24Z
111,RSA-2048,classical,,decapsulate,1.7633,0.0,0.0,0.0,294,1216,256,0,0,0,0,0.0,26.45,nan,edge/x86_64,,3.12.3,2026-10-09T18:44:24Z
112,RSA-2048,classical,,keygen,86.3364,0.0,0.0,0.0,294,1218,0,0,0,0,0,0.0,1295.0453,nan,edge/x86_64,,3.12.3,2026-10-09T18:44:24Z
112,RSA-2048,classical,,encapsulate,0.1683,0.0,0.0,0.0,294,1218,256,0,0,0,0,0.0,2.5241,nan,edge/x86_64,,3.12.3,2026-10-09T18:44:24Z
112,RSA-2048,classical,,decapsulate,1.7229,0.0,0.0,0.0,294,1218,256,0,0,0,0,0.0,25.8437,nan,edge/x86_64,,3.12.3,2026-10-09T18:44:24Z
113,RSA-2048,classical,,keygen,48.1917,0.0,0.0,0.0,294,1217,0,0,0,0,0,0.0,722.8752,nan,edge/x86_64,,3.12.3,2026-10-09T18:44:24Z
113,RSA-2048,classical,,encapsulate,0.1972,0.0,0.0,0.0,294,1217,256,0,0,0,0,0.0,2.9582,nan,edge/x86_64,,3.12.3,2026-10-09T18:44:24Z
113,RSA-2048,classical,,decapsulate,1.6541,0.0,0.0,0.0,294,1217,256,0,0,0,0,0.0,24.8121,nan,edge/x86_64,,3.12.3,2026-10-09T18:44:24Z
114,RSA-2048,classical,,keygen,74.3805,0.0,0.0,0.0,294,1218,0,0,0,0,0,0.0,1115.7079,nan,edge/x86_64,,3.12.3,2026-10-09T18:44:24Z
114,RSA-2048,classical,,encapsulate,0.1867,0.0,0.0,0.0,294,1218,256,0,0,0,0,0.0,2.8004,nan,edge/x86_64,,3.12.3,2026-10-09T18:44:24Z
114,RSA-2048,classical,,decapsulate,1.7341,0.0,0.0,0.0,294,1218,256,0,0,0,0,0.0,26.0112,nan,edge/x86_64,,3.12.3,2026-10-09T18:44:24Z
115,RSA-2048,classical,,keygen,127.0474,0.0,0.0,0.0,294,1216,0,0,0,0,0,0.0,1905.7107,nan,edge/x86_64,,3.12.3,2026-10-09T18:44:24Z
115,RSA-2048,classical,,encapsulate,0.1996,0.0,0.0,0.0,294,1216,256,0,0,0,0,0.0,2.9944,nan,edge/x86_64,,3.12.3,2026-10-09T18:44:24Z
115,RSA-2048,classical,,decapsulate,1.9706,0.0,0.0,0.0,294,1216,256,0,0,0,0,0.0,29.5597,nan,edge/x86_64,,3.12.3,2026-10-09T18:44:24Z
116,RSA-2048,classical,,keygen,50.5449,0.0,0.0,0.0,294,1217,0,0,0,0,0,0.0,758.1732,nan,edge/x86_64,,3.12.3,2026-10-09T18:44:24Z
116,RSA-2048,classical,,encapsulate,0.2565,0.0,0.0,0.0,294,1217,256,0,0,0,0,0.0,3.8482,nan,edge/x86_64,,3.12.3,2026-10-09T18:44:24Z
116,RSA-2048,classical,,decapsulate,1.6471,0.0,0.0,0.0,294,1217,256,0,0,0,0,0.0,24.7063,nan,edge/x86_64,,3.12.3,2026-10-09T18:44:24Z
117,RSA-2048,classical,,keygen,34.0456,0.0,0.0,0.0,294,1217,0,0,0,0,0,0.0,510.6839,nan,edge/x86_64,,3.12.3,2026-10-09T18:44:24Z
117,RSA-2048,classical,,encapsulate,0.2129,0.0,0.0,0.0,294,1217,256,0,0,0,0,0.0,3.1942,nan,edge/x86_64,,3.12.3,2026-10-09T18:44:24Z
117,RSA-2048,classical,,decapsulate,1.746,0.0,0.0,0.0,294,1217,256,0,0,0,0,0.0,26.19,nan,edge/x86_64,,3.12.3,2026-10-09T18:44:24Z
118,RSA-2048,classical,,keygen,45.2496,0.0,0.0,0.0,294,1218,0,0,0,0,0,0.0,678.7447,nan,edge/x86_64,,3.12.3,2026-10-09T18:44:24Z
118,RSA-2048,classical,,encapsulate,0.1177,0.0,0.0,0.0,294,1218,256,0,0,0,0,0.0,1.766,nan,edge/x86_64,,3.12.3,2026-10-09T18:44:24Z
118,RSA-2048,classical,,decapsulate,1.6068,0.0,0.0,0.0,294,1218,256,0,0,0,0,0.0,24.102,nan,edge/x86_64,,3.12.3,2026-10-09T18:44:24Z
119,RSA-2048,classical,,keygen,45.2069,0.0,0.0,0.0,294,1217,0,0,0,0,0,0.0,678.1033,nan,edge/x86_64,,3.12.3,2026-10-09T18:44:24Z
119,RSA-2048,classical,,encapsulate,0.1269,0.0,0.0,0.0,294,1217,256,0,0,0,0,0.0,1.9033,nan,edge/x86_64,,3.12.3,2026-10-09T18:44:24Z
119,RSA-2048,classical,,decapsulate,1.3025,0.0,0.0,0.0,294,1217,256,0,0,0,0,0.0,19.537,nan,edge/x86_64,,3.12.3,2026-10-09T18:44:24Z
120,RSA-2048,classical,,keygen,37.8845,0.0,0.0,0.0,294,1216,0,0,0,0,0,0.0,568.2672,nan,edge/x86_64,,3.12.3,2026-10-09T18:44:24Z
120,RSA-2048,classical,,encapsulate,0.165,0.0,0.0,0.0,294,1216,256,0,0,0,0,0.0,2.4744,nan,edge/x86_64,,3.12.3,2026-10-09T18:44:24Z
120,RSA-2048,classical,,decapsulate,0.8929,0.0,0.0,0.0,294,1216,256,0,0,0,0,0.0,13.3934,nan,edge/x86_64,,3.12.3,2026-10-09T18:44:24Z
121,RSA-2048,classical,,keygen,13.0118,0.0,0.0,0.0,294,1218,0,0,0,0,0,0.0,195.1766,nan,edge/x86_64,,3.12.3,2026-10-09T18:44:24Z
121,RSA-2048,classical,,encapsulate,0.1671,0.0,0.0,0.0,294,1218,256,0,0,0,0,0.0,2.5062,nan,edge/x86_64,,3.12.3,2026-10-09T18:44:24Z
121,RSA-2048,classical,,decapsulate,1.3772,0.0,0.0,0.0,294,1218,256,0,0,0,0,0.0,20.6574,nan,edge/x86_64,,3.12.3,2026-10-09T18:44:24Z
122,RSA-2048,classical,,keygen,50.233,0.0,0.0,0.0,294,1218,0,0,0,0,0,0.0,753.495,nan,edge/x86_64,,3.12.3,2026-10-09T18:44:24Z
122,RSA-2048,classical,,encapsulate,0.1339,0.0,0.0,0.0,294,1218,256,0,0,0,0,0.0,2.008,nan,edge/x86_64,,3.12.3,2026-10-09T18:44:24Z
122,RSA-2048,classical,,decapsulate,1.4545,0.0,0.0,0.0,294,1218,256,0,0,0,0,0.0,21.8177,nan,edge/x86_64,,3.12.3,2026-10-09T18:44:24Z
123,RSA-2048,classical,,keygen,64.2836,0.0,0.0,0.0,294,1216,0,0,0,0,0,0.0,964.254,nan,edge/x86_64,,3.12.3,2026-10-09T18:44:24Z
123,RSA-2048,classical,,encapsulate,0.0872,0.0,0.0,0.0,294,1216,256,0,0,0,0,0.0,1.3086,nan,edge/x86_64,,3.12.3,2026-10-09T18:44:24Z
123,RSA-2048,classical,,decapsulate,0.9591,0.0,0.0,0.0,294,1216,256,0,0,0,0,0.0,14.387,nan,edge/x86_64,,3.12.3,2026-10-09T18:44:24Z
124,RSA-2048,classical,,keygen,16.828,0.0,0.0,0.0,294,1217,0,0,0,0,0,0.0,252.4194,nan,edge/x86_64,,3.12.3,2026-10-09T18:44:24Z
124,RSA-2048,classical,,encapsulate,0.0953,0.0,0.0,0.0,294,1217,256,0,0,0,0,0.0,1.4293,nan,edge/x86_64,,3.12.3,2026-10-09T18:44:24Z
124,RSA-2048,classical,,decapsulate,0.9555,0.0,0.0,0.0,294,1217,256,0,0,0,0,0.0,14.3331,nan,edge/x86_64,,3.12.3,2026-10-09T18:44:24Z
125,RSA-2048,classical,,keygen,20.9952,0.0,0.0,0.0,294,1217,0,0,0,0,0,0.0,314.9275,nan,edge/x86_64,,3.12.3,2026-10-09T18:44:24Z
125,RSA-2048,classical,,encapsulate,0.1858,0.0,0.0,0.0,294,1217,256,0,0,0,0,0.0,2.7865,nan,edge/x86_64,,3.12.3,2026-10-09T18:44:24Z
125,RSA-2048,classical,,decapsulate,1.8666,0.0,0.0,0.0,294,1217,256,0,0,0,0,0.0,27.9993,nan,edge/x86_64,,3.12.3,2026-10-09T18:44:24Z
126,RSA-2048,classical,,keygen,39.1361,0.0,0.0,0.0,294,1216,0,0,0,0,0,0.0,587.0408,nan,edge/x86_64,,3.12.3,2026-10-09T18:44:24Z
126,RSA-2048,classical,,encapsulate,0.1078,0.0,0.0,0.0,294,1216,256,0,0,0,0,0.0,1.6168,nan,edge/x86_64,,3.12.3,2026-10-09T18:44:24Z
126,RSA-2048,classical,,decapsulate,0.8512,0.0,0.0,0.0,294,1216,256,0,0,0,0,0.0,12.7682,nan,edge/x86_64,,3.12.3,2026-10-09T18:44:24Z
127,RSA-2048,classical,,keygen,41.6891,0.0,0.0,0.0,294,1216,0,0,0,0,0,0.0,625.3363,nan,edge/x86_64,,3.12.3,2026-10-09T18:44:24Z
127,RSA-2048,classical,,encapsulate,0.2019,0.0,0.0,0.0,294,1216,256,0,0,0,0,0.0,3.0291,nan,edge/x86_64,,3.12.3,2026-10-09T18:44:24Z
127,RSA-2048,classical,,decapsulate,1.7515,0.0,0.0,0.0,294,1216,256,0,0,0,0,0.0,26.273,nan,edge/x86_64,,3.12.3,2026-10-09T18:44:24Z
128,RSA-2048,classical,,keygen,121.7865,0.0,0.0,0.0,294,1217,0,0,0,0,0,0.0,1826.7974,nan,edge/x86_64,,3.12.3,2026-10-09T18:44:24Z
128,RSA-2048,classical,,encapsulate,0.1821,0.0,0.0,0.0,294,1217,256,0,0,0,0,0.0,2.7319,nan,edge/x86_64,,3.12.3,2026-10-09T18:44:24Z
128,RSA-2048,classical,,decapsulate,1.6309,0.0,0.0,0.0,294,1217,256,0,0,0,0,0.0,24.4634,nan,edge/x86_64,,3.12.3,2026-10-09T18:44:24Z
129,RSA-2048,classical,,keygen,67.2636,0.0,0.0,0.0,294,1217,0,0,0,0,0,0.0,1008.9542,nan,edge/x86_64,,3.12.3,2026-10-09T18:44:24Z
129,RSA-2048,classical,,encapsulate,0.1387,0.0,0.0,0.0,294,1217,256,0,0,0,0,0.0,2.0808,nan,edge/x86_64,,3.12.3,2026-10-09T18:44:24Z
129,RSA-2048,classical,,decapsulate,1.8292,0.0,0.0,0.0,294,1217,256,0,0,0,0,0.0,27.4384,nan,edge/x86_64,,3.12.3,2026-10-09T18:44:24Z
130,RSA-2048,classical,,keygen,37.8944,0.0,0.0,0.0,294,1218,0,0,0,0,0,0.0,568.4162,nan,edge/x86_64,,3.12.3,2026-10-09T18:44:24Z
130,RSA-2048,classical,,encapsulate,0.1032,0.0,0.0,0.0,294,1218,256,0,0,0,0,0.0,1.5482,nan,edge/x86_64,,3.12.3,2026-10-09T18:44:24Z
130,RSA-2048,classical,,decapsulate,0.9226,0.0,0.0,0.0,294,1218,256,0,0,0,0,0.0,13.8383,nan,edge/x86_64,,3.12.3,2026-10-09T18:44:24Z
131,RSA-2048,classical,,keygen,19.1827,0.0,0.0,0.0,294,1218,0,0,0,0,0,0.0,287.7404,nan,edge/x86_64,,3.12.3,2026-10-09T18:44:24Z
131,RSA-2048,classical,,encapsulate,0.168,0.0,0.0,0.0,294,1218,256,0,0,0,0,0.0,2.5201,nan,edge/x86_64,,3.12.3,2026-10-09T18:44:24Z
131,RSA-2048,classical,,decapsulate,1.4151,0.0,0.0,0.0,294,1218,256,0,0,0,0,0.0,21.2266,nan,edge/x86_64,,3.12.3,2026-10-09T18:44:24Z
132,RSA-2048,classical,,keygen,78.5198,0.0,0.0,0.0,294,1219,0,0,0,0,0,0.0,1177.7975,nan,edge/x86_64,,3.12.3,2026-10-09T18:44:24Z
132,RSA-2048,classical,,encapsulate,0.1634,0.0,0.0,0.0,294,1219,256,0,0,0,0,0.0,2.4509,nan,edge/x86_64,,3.12.3,2026-10-09T18:44:24Z
132,RSA-2048,classical,,decapsulate,1.0016,0.0,0.0,0.0,294,1219,256,0,0,0,0,0.0,15.0244,nan,edge/x86_64,,3.12.3,2026-10-09T18:44:24Z
133,RSA-2048,classical,,keygen,56.7911,0.0,0.0,0.0,294,1216,0,0,0,0,0,0.0,851.8661,nan,edge/x86_64,,3.12.3,2026-10-09T18:44:24Z
133,RSA-2048,classical,,encapsulate,0.1146,0.0,0.0,0.0,294,1216,256,0,0,0,0,0.0,1.7185,nan,edge/x86_64,,3.12.3,2026-10-09T18:44:24Z
133,RSA-2048,classical,,decapsulate,0.8314,0.0,0.0,0.0,294,1216,256,0,0,0,0,0.0,12.4712,nan,edge/x86_64,,3.12.3,2026-10-09T18:44:24Z
134,RSA-2048,classical,,keygen,37.1865,0.0,0.0,0.0,294,1217,0,0,0,0,0,0.0,557.7977,nan,edge/x86_64,,3.12.3,2026-10-09T18:44:24Z
134,RSA-2048,classical,,encapsulate,0.3136,0.0,0.0,0.0,294,1217,256,0,0,0,0,0.0,4.7035,nan,edge/x86_64,,3.12.3,2026-10-09T18:44:24Z
134,RSA-2048,classical,,decapsulate,1.8518,0.0,0.0,0.0,294,1217,256,0,0,0,0,0.0,27.7774,nan,edge/x86_64,,3.12.3,2026-10-09T18:44:24Z
135,RSA-2048,classical,,keygen,84.7786,0.0,0.0,0.0,294,1217,0,0,0,0,0,0.0,1271.6796,nan,edge/x86_64,,3.12.3,2026-10-09T18:44:24Z
135,RSA-2048,classical,,encapsulate,0.154,0.0,0.0,0.0,294,1217,256,0,0,0,0,0.0,2.3107,nan,edge/x86_64,,3.12.3,2026-10-09T18:44:24Z
135,RSA-2048,classical,,decapsulate,1.8583,0.0,0.0,0.0,294,1217,256,0,0,0,0,0.0,27.875,nan,edge/x86_64,,3.12.3,2026-10-09T18:44:24Z
136,RSA-2048,classical,,keygen,113.6872,0.0,0.0,0.0,294,1219,0,0,0,0,0,0.0,1705.3073,nan,edge/x86_64,,3.12.3,2026-10-09T18:44:24Z
136,RSA-2048,classical,,encapsulate,0.2862,0.0,0.0,0.0,294,1219,256,0,0,0,0,0.0,4.2935,nan,edge/x86_64,,3.12.3,2026-10-09T18:44:24Z
136,RSA-2048,classical,,decapsulate,1.9028,0.0,0.0,0.0,294,1219,256,0,0,0,0,0.0,28.5413,nan,edge/x86_64,,3.12.3,2026-10-09T18:44:24Z
137,RSA-2048,classical,,keygen,131.0924,0.0,0.0,0.0,294,1217,0,0,0,0,0,0.0,1966.3859,nan,edge/x86_64,,3.12.3,2026-10-09T18:44:24Z
137,RSA-2048,classical,,encapsulate,0.1212,0.0,0.0,0.0,294,1217,256,0,0,0,0,0.0,1.8175,nan,edge/x86_64,,3.12.3,2026-10-09T18:44:24Z
137,RSA-2048,classical,,decapsulate,0.82,0.0,0.0,0.0,294,1217,256,0,0,0,0,0.0,12.2998,nan,edge/x86_64,,3.12.3,2026-10-09T18:44:24Z
138,RSA-2048,classical,,keygen,95.8098,0.0,0.0,0.0,294,1219,0,0,0,0,0,0.0,1437.1471,nan,edge/x86_64,,3.12.3,2026-10-09T18:44:24Z
138,RSA-2048,classical,,encapsulate,0.2274,0.0,0.0,0.0,294,1219,256,0,0,0,0,0.0,3.4107,nan,edge/x86_64,,3.12.3,2026-10-09T18:44:24Z
138,RSA-2048,classical,,decapsulate,1.8071,0.0,0.0,0.0,294,1219,256,0,0,0,0,0.0,27.1059,nan,edge/x86_64,,3.12.3,2026-10-09T18:44:24Z
139,RSA-2048,classical,,keygen,85.5171,0.0,0.0,0.0,294,1218,0,0,0,0,0,0.0,1282.7562,nan,edge/x86_64,,3.12.3,2026-10-09T18:44:24Z
139,RSA-2048,classical,,encapsulate,0.1562,0.0,0.0,0.0,294,1218,256,0,0,0,0,0.0,2.3427,nan,edge/x86_64,,3.12.3,2026-10-09T18:44:24Z
139,RSA-2048,classical,,decapsulate,1.2426,0.0,0.0,0.0,294,1218,256,0,0,0,0,0.0,18.6397,nan,edge/x86_64,,3.12.3,2026-10-09T18:44:24Z
140,RSA-2048,classical,,keygen,44.1874,0.0,0.0,0.0,294,1217,0,0,0,0,0,0.0,662.8111,nan,edge/x86_64,,3.12.3,2026-10-09T18:44:24Z
140,RSA-2048,classical,,encapsulate,0.1573,0.0,0.0,0.0,294,1217,256,0,0,0,0,0.0,2.3599,nan,edge/x86_64,,3.12.3,2026-10-09T18:44:24Z
140,RSA-2048,classical,,decapsulate,0.8466,0.0,0.0,0.0,294,1217,256,0,0,0,0,0.0,12.6988,nan,edge/x86_64,,3.12.3,2026-10-09T18:44:24Z
141,RSA-2048,classical,,keygen,12.1464,0.0,0.0,0.0,294,1218,0,0,0,0,0,0.0,182.1955,nan,edge/x86_64,,3.12.3,2026-10-09T18:44:24Z
141,RSA-2048,classical,,encapsulate,0.1062,0.0,0.0,0.0,294,1218,256,0,0,0,0,0.0,1.5924,nan,edge/x86_64,,3.12.3,2026-10-09T18:44:24Z
141,RSA-2048,classical,,decapsulate,1.0099,0.0,0.0,0.0,294,1218,256,0,0,0,0,0.0,15.1482,nan,edge/x86_64,,3.12.3,2026-10-09T18:44:24Z
142,RSA-2048,classical,,keygen,96.2708,0.0,0.0,0.0,294,1219,0,0,0,0,0,0.0,1444.062,nan,edge/x86_64,,3.12.3,2026-10-09T18:44:24Z
142,RSA-2048,classical,,encapsulate,0.2297,0.0,0.0,0.0,294,1219,256,0,0,0,0,0.0,3.446,nan,edge/x86_64,,3.12.3,2026-10-09T18:44:24Z
142,RSA-2048,classical,,decapsulate,1.7336,0.0,0.0,0.0,294,1219,256,0,0,0,0,0.0,26.0047,nan,edge/x86_64,,3.12.3,2026-10-09T18:44:24Z
143,RSA-2048,classical,,keygen,69.1103,0.0,0.0,0.0,294,1217,0,0,0,0,0,0.0,1036.6546,nan,edge/x86_64,,3.12.3,2026-10-09T18:44:24Z
143,RSA-2048,classical,,encapsulate,0.1786,0.0,0.0,0.0,294,1217,256,0,0,0,0,0.0,2.6791,nan,edge/x86_64,,3.12.3,2026-10-09T18:44:24Z
143,RSA-2048,classical,,decapsulate,1.7387,0.0,0.0,0.0,294,1217,256,0,0,0,0,0.0,26.0808,nan,edge/x86_64,,3.12.3,2026-10-09T18:44:24Z
144,RSA-2048,classical,,keygen,104.3648,0.0,0.0,0.0,294,1217,0,0,0,0,0,0.0,1565.4715,nan,edge/x86_64,,3.12.3,2026-10-09T18:44:24Z
144,RSA-2048,classical,,encapsulate,0.3573,0.0,0.0,0.0,294,1217,256,0,0,0,0,0.0,5.3598,nan,edge/x86_64,,3.12.3,2026-10-09T18:44:24Z
144,RSA-2048,classical,,decapsulate,1.8689,0.0,0.0,0.0,294,1217,256,0,0,0,0,0.0,28.0335,nan,edge/x86_64,,3.12.3,2026-10-09T18:44:24Z
145,RSA-2048,classical,,keygen,39.8072,0.0,0.0,0.0,294,1218,0,0,0,0,0,0.0,597.1087,nan,edge/x86_64,,3.12.3,2026-10-09T18:44:24Z
145,RSA-2048,classical,,encapsulate,0.1603,0.0,0.0,0.0,294,1218,256,0,0,0,0,0.0,2.404,nan,edge/x86_64,,3.12.3,2026-10-09T18:44:24Z
145,RSA-2048,classical,,decapsulate,1.1379,0.0,0.0,0.0,294,1218,256,0,0,0,0,0.0,17.0678,nan,edge/x86_64,,3.12.3,2026-10-09T18:44:24Z
146,RSA-2048,classical,,keygen,147.9788,0.0,0.0,0.0,294,1217,0,0,0,0,0,0.0,2219.6815,nan,edge/x86_64,,3.12.3,2026-10-09T18:44:24Z
146,RSA-2048,classical,,encapsulate,0.1403,0.0,0.0,0.0,294,1217,256,0,0,0,0,0.0,2.1041,nan,edge/x86_64,,3.12.3,2026-10-09T18:44:24Z
146,RSA-2048,classical,,decapsulate,1.2429,0.0,0.0,0.0,294,1217,256,0,0,0,0,0.0,18.6433,nan,edge/x86_64,,3.12.3,2026-10-09T18:44:24Z
147,RSA-2048,classical,,keygen,158.2113,0.0,0.0,0.0,294,1217,0,0,0,0,0,0.0,2373.1693,nan,edge/x86_64,,3.12.3,2026-10-09T18:44:24Z
147,RSA-2048,classical,,encapsulate,0.2019,0.0,0.0,0.0,294,1217,256,0,0,0,0,0.0,3.0288,nan,edge/x86_64,,3.12.3,2026-10-09T18:44:24Z
147,RSA-2048,classical,,decapsulate,1.2256,0.0,0.0,0.0,294,1217,256,0,0,0,0,0.0,18.3846,nan,edge/x86_64,,3.12.3,2026-10-09T18:44:24Z
148,RSA-2048,classical,,keygen,30.1817,0.0,0.0,0.0,294,1219,0,0,0,0,0,0.0,452.7248,nan,edge/x86_64,,3.12.3,2026-10-09T18:44:24Z
148,RSA-2048,classical,,encapsulate,0.1009,0.0,0.0,0.0,294,1219,256,0,0,0,0,0.0,1.5141,nan,edge/x86_64,,3.12.3,2026-10-09T18:44:24Z
148,RSA-2048,classical,,decapsulate,0.8525,0.0,0.0,0.0,294,1219,256,0,0,0,0,0.0,12.7869,nan,edge/x86_64,,3.12.3,2026-10-09T18:44:24Z
149,RSA-2048,classical,,keygen,25.0165,0.0,0.0,0.0,294,1218,0,0,0,0,0,0.0,375.2476,nan,edge/x86_64,,3.12.3,2026-10-09T18:44:24Z
149,RSA-2048,classical,,encapsulate,0.1337,0.0,0.0,0.0,294,1218,256,0,0,0,0,0.0,2.0057,nan,edge/x86_64,,3.12.3,2026-10-09T18:44:24Z
149,RSA-2048,classical,,decapsulate,0.8419,0.0,0.0,0.0,294,1218,256,0,0,0,0,0.0,12.6288,nan,edge/x86_64,,3.12.3,2026-10-09T18:44:24Z
150,RSA-2048,classical,,keygen,27.9467,0.0,0.0,0.0,294,1218,0,0,0,0,0,0.0,419.2002,nan,edge/x86_64,,3.12.3,2026-10-09T18:44:24Z
150,RSA-2048,classical,,encapsulate,0.0924,0.0,0.0,0.0,294,1218,256,0,0,0,0,0.0,1.3855,nan,edge/x86_64,,3.12.3,2026-10-09T18:44:24Z
150,RSA-2048,classical,,decapsulate,0.9374,0.0,0.0,0.0,294,1218,256,0,0,0,0,0.0,14.0605,nan,edge/x86_64,,3.12.3,2026-10-09T18:44:24Z
151,RSA-2048,classical,,keygen,47.6766,0.0,0.0,0.0,294,1218,0,0,0,0,0,0.0,715.1483,nan,edge/x86_64,,3.12.3,2026-10-09T18:44:24Z
151,RSA-2048,classical,,encapsulate,0.1697,0.0,0.0,0.0,294,1218,256,0,0,0,0,0.0,2.5453,nan,edge/x86_64,,3.12.3,2026-10-09T18:44:24Z
151,RSA-2048,classical,,decapsulate,1.7671,0.0,0.0,0.0,294,1218,256,0,0,0,0,0.0,26.5062,nan,edge/x86_64,,3.12.3,2026-10-09T18:44:24Z
152,RSA-2048,classical,,keygen,57.0957,0.0,0.0,0.0,294,1216,0,0,0,0,0,0.0,856.4362,nan,edge/x86_64,,3.12.3,2026-10-09T18:44:24Z
152,RSA-2048,classical,,encapsulate,0.1465,0.0,0.0,0.0,294,1216,256,0,0,0,0,0.0,2.1968,nan,edge/x86_64,,3.12.3,2026-10-09T18:44:24Z
152,RSA-2048,classical,,decapsulate,0.8854,0.0,0.0,0.0,294,1216,256,0,0,0,0,0.0,13.2812,nan,edge/x86_64,,3.12.3,2026-10-09T18:44:24Z
153,RSA-2048,classical,,keygen,53.9679,0.0,0.0,0.0,294,1216,0,0,0,0,0,0.0,809.5184,nan,edge/x86_64,,3.12.3,2026-10-09T18:44:24Z
153,RSA-2048,classical,,encapsulate,0.1741,0.0,0.0,0.0,294,1216,256,0,0,0,0,0.0,2.612,nan,edge/x86_64,,3.12.3,2026-10-09T18:44:24Z
153,RSA-2048,classical,,decapsulate,1.9918,0.0,0.0,0.0,294,1216,256,0,0,0,0,0.0,29.8764,nan,edge/x86_64,,3.12.3,2026-10-09T18:44:24Z
154,RSA-2048,classical,,keygen,94.144,0.0,0.0,0.0,294,1219,0,0,0,0,0,0.0,1412.1596,nan,edge/x86_64,,3.12.3,2026-10-09T18:44:24Z
154,RSA-2048,classical,,encapsulate,0.1123,0.0,0.0,0.0,294,1219,256,0,0,0,0,0.0,1.6842,nan,edge/x86_64,,3.12.3,2026-10-09T18:44:24Z
154,RSA-2048,classical,,decapsulate,0.8573,0.0,0.0,0.0,294,1219,256,0,0,0,0,0.0,12.8592,nan,edge/x86_64,,3.12.3,2026-10-09T18:44:24Z
155,RSA-2048,classical,,keygen,62.3252,0.0,0.0,0.0,294,1216,0,0,0,0,0,0.0,934.8785,nan,edge/x86_64,,3.12.3,2026-10-09T18:44:24Z
155,RSA-2048,classical,,encapsulate,0.1325,0.0,0.0,0.0,294,1216,256,0,0,0,0,0.0,1.9874,nan,edge/x86_64,,3.12.3,2026-10-09T18:44:24Z
155,RSA-2048,classical,,decapsulate,1.5599,0.0,0.0,0.0,294,1216,256,0,0,0,0,0.0,23.3979,nan,edge/x86_64,,3.12.3,2026-10-09T18:44:24Z
156,RSA-2048,classical,,keygen,19.8448,0.0,0.0,0.0,294,1216,0,0,0,0,0,0.0,297.6716,nan,edge/x86_64,,3.12.3,2026-10-09T18:44:24Z
156,RSA-2048,classical,,encapsulate,0.1581,0.0,0.0,0.0,294,1216,256,0,0,0,0,0.0,2.3717,nan,edge/x86_64,,3.12.3,2026-10-09T18:44:24Z
156,RSA-2048,classical,,decapsulate,0.9356,0.0,0.0,0.0,294,1216,256,0,0,0,0,0.0,14.0342,nan,edge/x86_64,,3.12.3,2026-10-09T18:44:24Z
157,RSA-2048,classical,,keygen,32.1559,0.0,0.0,0.0,294,1217,0,0,0,0,0,0.0,482.3379,nan,edge/x86_64,,3.12.3,2026-10-09T18:44:24Z
157,RSA-2048,classical,,encapsulate,0.186,0.0,0.0,0.0,294,1217,256,0,0,0,0,0.0,2.7903,nan,edge/x86_64,,3.12.3,2026-10-09T18:44:24Z
157,RSA-2048,classical,,decapsulate,1.0008,0.0,0.0,0.0,294,1217,256,0,0,0,0,0.0,15.012,nan,edge/x86_64,,3.12.3,2026-10-09T18:44:24Z
158,RSA-2048,classical,,keygen,135.0698,0.0,0.0,0.0,294,1216,0,0,0,0,0,0.0,2026.0465,nan,edge/x86_64,,3.12.3,2026-10-09T18:44:24Z
158,RSA-2048,classical,,encapsulate,0.125,0.0,0.0,0.0,294,1216,256,0,0,0,0,0.0,1.8751,nan,edge/x86_64,,3.12.3,2026-10-09T18:44:24Z
158,RSA-2048,classical,,decapsulate,1.5223,0.0,0.0,0.0,294,1216,256,0,0,0,0,0.0,22.8349,nan,edge/x86_64,,3.12.3,2026-10-09T18:44:24Z
159,RSA-2048,classical,,keygen,36.3484,0.0,0.0,0.0,294,1217,0,0,0,0,0,0.0,545.2255,nan,edge/x86_64,,3.12.3,2026-10-09T18:44:24Z
159,RSA-2048,classical,,encapsulate,0.1209,0.0,0.0,0.0,294,1217,256,0,0,0,0,0.0,1.814,nan,edge/x86_64,,3.12.3,2026-10-09T18:44:24Z
159,RSA-2048,classical,,decapsulate,1.5148,0.0,0.0,0.0,294,1217,256,0,0,0,0,0.0,22.7218,nan,edge/x86_64,,3.12.3,2026-10-09T18:44:24Z
160,RSA-2048,classical,,keygen,87.4514,0.0,0.0,0.0,294,1217,0,0,0,0,0,0.0,1311.771,nan,edge/x86_64,,3.12.3,2026-10-09T18:44:24Z
160,RSA-2048,classical,,encapsulate,0.1344,0.0,0.0,0.0,294,1217,256,0,0,0,0,0.0,2.0154,nan,edge/x86_64,,3.12.3,2026-10-09T18:44:24Z
160,RSA-2048,classical,,decapsulate,0.8494,0.0,0.0,0.0,294,1217,256,0,0,0,0,0.0,12.7403,nan,edge/x86_64,,3.12.3,2026-10-09T18:44:24Z
161,RSA-2048,classical,,keygen,150.6287,0.0,0.0,0.0,294,1217,0,0,0,0,0,0.0,2259.431,nan,edge/x86_64,,3.12.3,2026-10-09T18:44:24Z
161,RSA-2048,classical,,encapsulate,0.1104,0.0,0.0,0.0,294,1217,256,0,0,0,0,0.0,1.6565,nan,edge/x86_64,,3.12.3,2026-10-09T18:44:24Z
161,RSA-2048,classical,,decapsulate,0.8786,0.0,0.0,0.0,294,1217,256,0,0,0,0,0.0,13.1795,nan,edge/x86_64,,3.12.3,2026-10-09T18:44:24Z
162,RSA-2048,classical,,keygen,110.4332,0.0,0.0,0.0,294,1216,0,0,0,0,0,0.0,1656.4985,nan,edge/x86_64,,3.12.3,2026-10-09T18:44:24Z
162,RSA-2048,classical,,encapsulate,0.2714,0.0,0.0,0.0,294,1216,256,0,0,0,0,0.0,4.0716,nan,edge/x86_64,,3.12.3,2026-10-09T18:44:24Z
162,RSA-2048,classical,,decapsulate,1.9333,0.0,0.0,0.0,294,1216,256,0,0,0,0,0.0,28.999,nan,edge/x86_64,,3.12.3,2026-10-09T18:44:24Z
163,RSA-2048,classical,,keygen,68.0176,0.0,0.0,0.0,294,1217,0,0,0,0,0,0.0,1020.2634,nan,edge/x86_64,,3.12.3,2026-10-09T18:44:24Z
163,RSA-2048,classical,,encapsulate,0.1433,0.0,0.0,0.0,294,1217,256,0,0,0,0,0.0,2.1491,nan,edge/x86_64,,3.12.3,2026-10-09T18:44:24Z
163,RSA-2048,classical,,decapsulate,1.7754,0.0,0.0,0.0,294,1217,256,0,0,0,0,0.0,26.631,nan,edge/x86_64,,3.12.3,2026-10-09T18:44:24Z
164,RSA-2048,classical,,keygen,96.7081,0.0,0.0,0.0,294,1216,0,0,0,0,0,0.0,1450.6221,nan,edge/x86_64,,3.12.3,2026-10-09T18:44:24Z
164,RSA-2048,classical,,encapsulate,0.1084,0.0,0.0,0.0,294,1216,256,0,0,0,0,0.0,1.6266,nan,edge/x86_64,,3.12.3,2026-10-09T18:44:24Z
164,RSA-2048,classical,,decapsulate,1.2137,0.0,0.0,0.0,294,1216,256,0,0,0,0,0.0,18.205,nan,edge/x86_64,,3.12.3,2026-10-09T18:44:24Z
165,RSA-2048,classical,,keygen,29.697,0.0,0.0,0.0,294,1219,0,0,0,0,0,0.0,445.4552,nan,edge/x86_64,,3.12.3,2026-10-09T18:44:24Z
165,RSA-2048,classical,,encapsulate,0.0884,0.0,0.0,0.0,294,1219,256,0,0,0,0,0.0,1.3266,nan,edge/x86_64,,3.12.3,2026-10-09T18:44:24Z
165,RSA-2048,classical,,decapsulate,1.7219,0.0,0.0,0.0,294,1219,256,0,0,0,0,0.0,25.8286,nan,edge/x86_64,,3.12.3,2026-10-09T18:44:24Z
166,RSA-2048,classical,,keygen,23.4815,0.0,0.0,0.0,294,1219,0,0,0,0,0,0.0,352.2229,nan,edge/x86_64,,3.12.3,2026-10-09T18:44:24Z
166,RSA-2048,classical,,encapsulate,0.4011,0.0,0.0,0.0,294,1219,256,0,0,0,0,0.0,6.0164,nan,edge/x86_64,,3.12.3,2026-10-09T18:44:24Z
166,RSA-2048,classical,,decapsulate,1.7952,0.0,0.0,0.0,294,1219,256,0,0,0,0,0.0,26.9283,nan,edge/x86_64,,3.12.3,2026-10-09T18:44:24Z
167,RSA-2048,classical,,keygen,58.0059,0.0,0.0,0.0,294,1217,0,0,0,0,0,0.0,870.088,nan,edge/x86_64,,3.12.3,2026-10-09T18:44:24Z
167,RSA-2048,classical,,encapsulate,0.2031,0.0,0.0,0.0,294,1217,256,0,0,0,0,0.0,3.0465,nan,edge/x86_64,,3.12.3,2026-10-09T18:44:24Z
167,RSA-2048,classical,,decapsulate,1.7881,0.0,0.0,0.0,294,1217,256,0,0,0,0,0.0,26.821,nan,edge/x86_64,,3.12.3,2026-10-09T18:44:24Z
168,RSA-2048,classical,,keygen,68.0695,0.0,0.0,0.0,294,1218,0,0,0,0,0,0.0,1021.0432,nan,edge/x86_64,,3.12.3,2026-10-09T18:44:24Z
168,RSA-2048,classical,,encapsulate,0.3932,0.0,0.0,0.0,294,1218,256,0,0,0,0,0.0,5.8981,nan,edge/x86_64,,3.12.3,2026-10-09T18:44:24Z
168,RSA-2048,classical,,decapsulate,1.8642,0.0,0.0,0.0,294,1218,256,0,0,0,0,0.0,27.9633,nan,edge/x86_64,,3.12.3,2026-10-09T18:44:24Z
169,RSA-2048,classical,,keygen,107.7815,0.0,0.0,0.0,294,1216,0,0,0,0,0,0.0,1616.723,nan,edge/x86_64,,3.12.3,2026-10-09T18:44:24Z
169,RSA-2048,classical,,encapsulate,0.142,0.0,0.0,0.0,294,1216,256,0,0,0,0,0.0,2.1298,nan,edge/x86_64,,3.12.3,2026-10-09T18:44:24Z
169,RSA-2048,classical,,decapsulate,0.9187,0.0,0.0,0.0,294,1216,256,0,0,0,0,0.0,13.7809,nan,edge/x86_64,,3.12.3,2026-10-09T18:44:24Z
170,RSA-2048,classical,,keygen,46.2572,0.0,0.0,0.0,294,1217,0,0,0,0,0,0.0,693.8573,nan,edge/x86_64,,3.12.3,2026-10-09T18:44:24Z
170,RSA-2048,classical,,encapsulate,0.1653,0.0,0.0,0.0,294,1217,256,0,0,0,0,0.0,2.4801,nan,edge/x86_64,,3.12.3,2026-10-09T18:44:24Z
170,RSA-2048,classical,,decapsulate,1.7355,0.0,0.0,0.0,294,1217,256,0,0,0,0,0.0,26.032,nan,edge/x86_64,,3.12.3,2026-10-09T18:44:24Z
171,RSA-2048,classical,,keygen,65.8171,0.0,0.0,0.0,294,1217,0,0,0,0,0,0.0,987.2564,nan,edge/x86_64,,3.12.3,2026-10-09T18:44:24Z
171,RSA-2048,classical,,encapsulate,0.1175,0.0,0.0,0.0,294,1217,256,0,0,0,0,0.0,1.7632,nan,edge/x86_64,,3.12.3,2026-10-09T18:44:24Z
171,RSA-2048,classical,,decapsulate,0.8639,0.0,0.0,0.0,294,1217,256,0,0,0,0,0.0,12.9591,nan,edge/x86_64,,3.12.3,2026-10-09T18:44:24Z
172,RSA-2048,classical,,keygen,57.3631,0.0,0.0,0.0,294,1218,0,0,0,0,0,0.0,860.4462,nan,edge/x86_64,,3.12.3,2026-10-09T18:44:24Z
172,RSA-2048,classical,,encapsulate,0.1669,0.0,0.0,0.0,294,1218,256,0,0,0,0,0.0,2.5039,nan,edge/x86_64,,3.12.3,2026-10-09T18:44:24Z
172,RSA-2048,classical,,decapsulate,1.1057,0.0,0.0,0.0,294,1218,256,0,0,0,0,0.0,16.5861,nan,edge/x86_64,,3.12.3,2026-10-09T18:44:24Z
173,RSA-2048,classical,,keygen,42.2894,0.0,0.0,0.0,294,1216,0,0,0,0,0,0.0,634.3416,nan,edge/x86_64,,3.12.3,2026-10-09T18:44:24Z
173,RSA-2048,classical,,encapsulate,0.1991,0.0,0.0,0.0,294,1216,256,0,0,0,0,0.0,2.987,nan,edge/x86_64,,3.12.3,2026-10-09T18:44:24Z
173,RSA-2048,classical,,decapsulate,1.762,0.0,0.0,0.0,294,1216,256,0,0,0,0,0.0,26.4295,nan,edge/x86_64,,3.12.3,2026-10-09T18:44:24Z
174,RSA-2048,classical,,keygen,37.0635,0.0,0.0,0.0,294,1217,0,0,0,0,0,0.0,555.9524,nan,edge/x86_64,,3.12.3,2026-10-09T18:44:24Z
174,RSA-2048,classical,,encapsulate,0.1684,0.0,0.0,0.0,294,1217,256,0,0,0,0,0.0,2.5256,nan,edge/x86_64,,3.12.3,2026-10-09T18:44:24Z
174,RSA-2048,classical,,decapsulate,1.6616,0.0,0.0,0.0,294,1217,256,0,0,0,0,0.0,24.9235,nan,edge/x86_64,,3.12.3,2026-10-09T18:44:24Z
175,RSA-2048,classical,,keygen,47.6456,0.0,0.0,0.0,294,1218,0,0,0,0,0,0.0,714.6841,nan,edge/x86_64,,3.12.3,2026-10-09T18:44:24Z
175,RSA-2048,classical,,encapsulate,0.1923,0.0,0.0,0.0,294,1218,256,0,0,0,0,0.0,2.8848,nan,edge/x86_64,,3.12.3,2026-10-09T18:44:24Z
175,RSA-2048,classical,,decapsulate,1.8065,0.0,0.0,0.0,294,1218,256,0,0,0,0,0.0,27.097,nan,edge/x86_64,,3.12.3,2026-10-09T18:44:24Z
176,RSA-2048,classical,,keygen,56.0604,0.0,0.0,0.0,294,1216,0,0,0,0,0,0.0,840.9056,nan,edge/x86_64,,3.12.3,2026-10-09T18:44:24Z
176,RSA-2048,classical,,encapsulate,0.2173,0.0,0.0,0.0,294,1216,256,0,0,0,0,0.0,3.2589,nan,edge/x86_64,,3.12.3,2026-10-09T18:44:24Z
176,RSA-2048,classical,,decapsulate,1.8625,0.0,0.0,0.0,294,1216,256,0,0,0,0,0.0,27.9368,nan,edge/x86_64,,3.12.3,2026-10-09T18:44:24Z
177,RSA-2048,classical,,keygen,33.2646,0.0,0.0,0.0,294,1216,0,0,0,0,0,0.0,498.9691,nan,edge/x86_64,,3.12.3,2026-10-09T18:44:24Z
177,RSA-2048,classical,,encapsulate,0.1555,0.0,0.0,0.0,294,1216,256,0,0,0,0,0.0,2.3324,nan,edge/x86_64,,3.12.3,2026-10-09T18:44:24Z
177,RSA-2048,classical,,decapsulate,1.7028,0.0,0.0,0.0,294,1216,256,0,0,0,0,0.0,25.5427,nan,edge/x86_64,,3.12.3,2026-10-09T18:44:24Z
178,RSA-2048,classical,,keygen,60.7604,0.0,0.0,0.0,294,1217,0,0,0,0,0,0.0,911.4062,nan,edge/x86_64,,3.12.3,2026-10-09T18:44:24Z
178,RSA-2048,classical,,encapsulate,0.1419,0.0,0.0,0.0,294,1217,256,0,0,0,0,0.0,2.1282,nan,edge/x86_64,,3.12.3,2026-10-09T18:44:24Z
178,RSA-2048,classical,,decapsulate,1.5654,0.0,0.0,0.0,294,1217,256,0,0,0,0,0.0,23.4817,nan,edge/x86_64,,3.12.3,2026-10-09T18:44:24Z
179,RSA-2048,classical,,keygen,32.0364,0.0,0.0,0.0,294,1218,0,0,0,0,0,0.0,480.5467,nan,edge/x86_64,,3.12.3,2026-10-09T18:44:24Z
179,RSA-2048,classical,,encapsulate,0.0986,0.0,0.0,0.0,294,1218,256,0,0,0,0,0.0,1.4796,nan,edge/x86_64,,3.12.3,2026-10-09T18:44:24Z
179,RSA-2048,classical,,decapsulate,0.8504,0.0,0.0,0.0,294,1218,256,0,0,0,0,0.0,12.7554,nan,edge/x86_64,,3.12.3,2026-10-09T18:44:24Z
180,RSA-2048,classical,,keygen,56.5548,0.0,0.0,0.0,294,1218,0,0,0,0,0,0.0,848.3213,nan,edge/x86_64,,3.12.3,2026-10-09T18:44:24Z
180,RSA-2048,classical,,encapsulate,0.1986,0.0,0.0,0.0,294,1218,256,0,0,0,0,0.0,2.9792,nan,edge/x86_64,,3.12.3,2026-10-09T18:44:24Z
180,RSA-2048,classical,,decapsulate,1.7695,0.0,0.0,0.0,294,1218,256,0,0,0,0,0.0,26.5428,nan,edge/x86_64,,3.12.3,2026-10-09T18:44:24Z
181,RSA-2048,classical,,keygen,46.208,0.0,0.0,0.0,294,1217,0,0,0,0,0,0.0,693.1193,nan,edge/x86_64,,3.12.3,2026-10-09T18:44:24Z
181,RSA-2048,classical,,encapsulate,0.1921,0.0,0.0,0.0,294,1217,256,0,0,0,0,0.0,2.8813,nan,edge/x86_64,,3.12.3,2026-10-09T18:44:24Z
181,RSA-2048,classical,,decapsulate,1.5453,0.0,0.0,0.0,294,1217,256,0,0,0,0,0.0,23.1789,nan,edge/x86_64,,3.12.3,2026-10-09T18:44:24Z
182,RSA-2048,classical,,keygen,60.9368,0.0,0.0,0.0,294,1217,0,0,0,0,0,0.0,914.0527,nan,edge/x86_64,,3.12.3,2026-10-09T18:44:24Z
182,RSA-2048,classical,,encapsulate,0.1581,0.0,0.0,0.0,294,1217,256,0,0,0,0,0.0,2.371,nan,edge/x86_64,,3.12.3,2026-10-09T18:44:24Z
182,RSA-2048,classical,,decapsulate,0.8434,0.0,0.0,0.0,294,1217,256,0,0,0,0,0.0,12.6511,nan,edge/x86_64,,3.12.3,2026-10-09T18:44:24Z
183,RSA-2048,classical,,keygen,54.7334,0.0,0.0,0.0,294,1216,0,0,0,0,0,0.0,821.0008,nan,edge/x86_64,,3.12.3,2026-10-09T18:44:24Z
183,RSA-2048,classical,,encapsulate,0.1258,0.0,0.0,0.0,294,1216,256,0,0,0,0,0.0,1.8876,nan,edge/x86_64,,3.12.3,2026-10-09T18:44:24Z
183,RSA-2048,classical,,decapsulate,0.8389,0.0,0.0,0.0,294,1216,256,0,0,0,0,0.0,12.584,nan,edge/x86_64,,3.12.3,2026-10-09T18:44:24Z
184,RSA-2048,classical,,keygen,132.9131,0.0,0.0,0.0,294,1216,0,0,0,0,0,0.0,1993.6958,nan,edge/x86_64,,3.12.3,2026-10-09T18:44:24Z
184,RSA-2048,classical,,encapsulate,0.0888,0.0,0.0,0.0,294,1216,256,0,0,0,0,0.0,1.3324,nan,edge/x86_64,,3.12.3,2026-10-09T18:44:24Z
184,RSA-2048,classical,,decapsulate,0.8556,0.0,0.0,0.0,294,1216,256,0,0,0,0,0.0,12.8338,nan,edge/x86_64,,3.12.3,2026-10-09T18:44:24Z
185,RSA-2048,classical,,keygen,29.4542,0.0,0.0,0.0,294,1218,0,0,0,0,0,0.0,441.8123,nan,edge/x86_64,,3.12.3,2026-10-09T18:44:24Z
185,RSA-2048,classical,,encapsulate,0.1371,0.0,0.0,0.0,294,1218,256,0,0,0,0,0.0,2.0562,nan,edge/x86_64,,3.12.3,2026-10-09T18:44:24Z
185,RSA-2048,classical,,decapsulate,0.8563,0.0,0.0,0.0,294,1218,256,0,0,0,0,0.0,12.8439,nan,edge/x86_64,,3.12.3,2026-10-09T18:44:24Z
186,RSA-2048,classical,,keygen,21.2855,0.0,0.0,0.0,294,1217,0,0,0,0,0,0.0,319.2824,nan,edge/x86_64,,3.12.3,2026-10-09T18:44:24Z
186,RSA-2048,classical,,encapsulate,0.1882,0.0,0.0,0.0,294,1217,256,0,0,0,0,0.0,2.8233,nan,edge/x86_64,,3.12.3,2026-10-09T18:44:24Z
186,RSA-2048,classical,,decapsulate,1.1038,0.0,0.0,0.0,294,1217,256,0,0,0,0,0.0,16.5563,nan,edge/x86_64,,3.12.3,2026-10-09T18:44:24Z
187,RSA-2048,classical,,keygen,23.9276,0.0,0.0,0.0,294,1217,0,0,0,0,0,0.0,358.9134,nan,edge/x86_64,,3.12.3,2026-10-09T18:44:24Z
187,RSA-2048,classical,,encapsulate,0.093,0.0,0.0,0.0,294,1217,256,0,0,0,0,0.0,1.3957,nan,edge/x86_64,,3.12.3,2026-10-09T18:44:24Z
187,RSA-2048,classical,,decapsulate,0.873,0.0,0.0,0.0,294,1217,256,0,0,0,0,0.0,13.0945,nan,edge/x86_64,,3.12.3,2026-10-09T18:44:24Z
188,RSA-2048,classical,,keygen,31.7422,0.0,0.0,0.0,294,1218,0,0,0,0,0,0.0,476.1333,nan,edge/x86_64,,3.12.3,2026-10-09T18:44:24Z
188,RSA-2048,classical,,encapsulate,0.092,0.0,0.0,0.0,294,1218,256,0,0,0,0,0.0,1.3798,nan,edge/x86_64,,3.12.3,2026-10-09T18:44:24Z
188,RSA-2048,classical,,decapsulate,0.8744,0.0,0.0,0.0,294,1218,256,0,0,0,0,0.0,13.1165,nan,edge/x86_64,,3.12.3,2026-10-09T18:44:24Z
189,RSA-2048,classical,,keygen,51.0555,0.0,0.0,0.0,294,1218,0,0,0,0,0,0.0,765.8327,nan,edge/x86_64,,3.12.3,2026-10-09T18:44:24Z
189,RSA-2048,classical,,encapsulate,0.1767,0.0,0.0,0.0,294,1218,256,0,0,0,0,0.0,2.6498,nan,edge/x86_64,,3.12.3,2026-10-09T18:44:24Z
189,RSA-2048,classical,,decapsulate,0.8231,0.0,0.0,0.0,294,1218,256,0,0,0,0,0.0,12.346,nan,edge/x86_64,,3.12.3,2026-10-09T18:44:24Z
190,RSA-2048,classical,,keygen,152.5365,0.0,0.0,0.0,294,1216,0,0,0,0,0,0.0,2288.0478,nan,edge/x86_64,,3.12.3,2026-10-09T18:44:24Z
190,RSA-2048,classical,,encapsulate,0.1575,0.0,0.0,0.0,294,1216,256,0,0,0,0,0.0,2.3623,nan,edge/x86_64,,3.12.3,2026-10-09T18:44:24Z
190,RSA-2048,classical,,decapsulate,1.9106,0.0,0.0,0.0,294,1216,256,0,0,0,0,0.0,28.6597,nan,edge/x86_64,,3.12.3,2026-10-09T18:44:24Z
191,RSA-2048,classical,,keygen,103.2084,0.0,0.0,0.0,294,1217,0,0,0,0,0,0.0,1548.1265,nan,edge/x86_64,,3.12.3,2026-10-09T18:44:24Z
191,RSA-2048,classical,,encapsulate,0.1675,0.0,0.0,0.0,294,1217,256,0,0,0,0,0.0,2.512,nan,edge/x86_64,,3.12.3,2026-10-09T18:44:24Z
191,RSA-2048,classical,,decapsulate,1.6653,0.0,0.0,0.0,294,1217,256,0,0,0,0,0.0,24.9801,nan,edge/x86_64,,3.12.3,2026-10-09T18:44:24Z
192,RSA-2048,classical,,keygen,49.3513,0.0,0.0,0.0,294,1218,0,0,0,0,0,0.0,740.27,nan,edge/x86_64,,3.12.3,2026-10-09T18:44:24Z
192,RSA-2048,classical,,encapsulate,0.2003,0.0,0.0,0.0,294,1218,256,0,0,0,0,0.0,3.0041,nan,edge/x86_64,,3.12.3,2026-10-09T18:44:24Z
192,RSA-2048,classical,,decapsulate,2.0537,0.0,0.0,0.0,294,1218,256,0,0,0,0,0.0,30.8055,nan,edge/x86_64,,3.12.3,2026-10-09T18:44:24Z
193,RSA-2048,classical,,keygen,123.7341,0.0,0.0,0.0,294,1218,0,0,0,0,0,0.0,1856.0117,nan,edge/x86_64,,3.12.3,2026-10-09T18:44:24Z
193,RSA-2048,classical,,encapsulate,0.1489,0.0,0.0,0.0,294,1218,256,0,0,0,0,0.0,2.2329,nan,edge/x86_64,,3.12.3,2026-10-09T18:44:24Z
193,RSA-2048,classical,,decapsulate,1.6386,0.0,0.0,0.0,294,1218,256,0,0,0,0,0.0,24.5794,nan,edge/x86_64,,3.12.3,2026-10-09T18:44:24Z
194,RSA-2048,classical,,keygen,155.8583,0.0,0.0,0.0,294,1217,0,0,0,0,0,0.0,2337.8749,nan,edge/x86_64,,3.12.3,2026-10-09T18:44:24Z
194,RSA-2048,classical,,encapsulate,0.255,0.0,0.0,0.0,294,1217,256,0,0,0,0,0.0,3.8257,nan,edge/x86_64,,3.12.3,2026-10-09T18:44:24Z
194,RSA-2048,classical,,decapsulate,1.4199,0.0,0.0,0.0,294,1217,256,0,0,0,0,0.0,21.2981,nan,edge/x86_64,,3.12.3,2026-10-09T18:44:24Z
195,RSA-2048,classical,,keygen,49.2744,0.0,0.0,0.0,294,1216,0,0,0,0,0,0.0,739.1165,nan,edge/x86_64,,3.12.3,2026-10-09T18:44:24Z
195,RSA-2048,classical,,encapsulate,0.2125,0.0,0.0,0.0,294,1216,256,0,0,0,0,0.0,3.1872,nan,edge/x86_64,,3.12.3,2026-10-09T18:44:24Z
195,RSA-2048,classical,,decapsulate,1.769,0.0,0.0,0.0,294,1216,256,0,0,0,0,0.0,26.5357,nan,edge/x86_64,,3.12.3,2026-10-09T18:44:24Z
196,RSA-2048,classical,,keygen,33.5262,0.0,0.0,0.0,294,1218,0,0,0,0,0,0.0,502.893,nan,edge/x86_64,,3.12.3,2026-10-09T18:44:24Z
196,RSA-2048,classical,,encapsulate,0.1465,0.0,0.0,0.0,294,1218,256,0,0,0,0,0.0,2.1974,nan,edge/x86_64,,3.12.3,2026-10-09T18:44:24Z
196,RSA-2048,classical,,decapsulate,1.7427,0.0,0.0,0.0,294,1218,256,0,0,0,0,0.0,26.1408,nan,edge/x86_64,,3.12.3,2026-10-09T18:44:24Z
197,RSA-2048,classical,,keygen,227.1277,0.0,0.0,0.0,294,1217,0,0,0,0,0,0.0,3406.916,nan,edge/x86_64,,3.12.3,2026-10-09T18:44:24Z
197,RSA-2048,classical,,encapsulate,0.2761,0.0,0.0,0.0,294,1217,256,0,0,0,0,0.0,4.1414,nan,edge/x86_64,,3.12.3,2026-10-09T18:44:24Z
197,RSA-2048,classical,,decapsulate,1.7094,0.0,0.0,0.0,294,1217,256,0,0,0,0,0.0,25.6412,nan,edge/x86_64,,3.12.3,2026-10-09T18:44:24Z
198,RSA-2048,classical,,keygen,80.1357,0.0,0.0,0.0,294,1218,0,0,0,0,0,0.0,1202.0356,nan,edge/x86_64,,3.12.3,2026-10-09T18:44:24Z
198,RSA-2048,classical,,encapsulate,0.1898,0.0,0.0,0.0,294,1218,256,0,0,0,0,0.0,2.8471,nan,edge/x86_64,,3.12.3,2026-10-09T18:44:24Z
198,RSA-2048,classical,,decapsulate,1.795,0.0,0.0,0.0,294,1218,256,0,0,0,0,0.0,26.9254,nan,edge/x86_64,,3.12.3,2026-10-09T18:44:24Z
199,RSA-2048,classical,,keygen,16.6415,0.0,0.0,0.0,294,1217,0,0,0,0,0,0.0,249.6226,nan,edge/x86_64,,3.12.3,2026-10-09T18:44:24Z
199,RSA-2048,classical,,encapsulate,0.1861,0.0,0.0,0.0,294,1217,256,0,0,0,0,0.0,2.7909,nan,edge/x86_64,,3.12.3,2026-10-09T18:44:24Z
199,RSA-2048,classical,,decapsulate,0.8633,0.0,0.0,0.0,294,1217,256,0,0,0,0,0.0,12.9491,nan,edge/x86_64,,3.12.3,2026-10-09T18:44:24Z
0,ECDH-P256,classical,,keygen,0.0359,0.0,0.0,0.0,91,138,0,0,0,0,0,0.0,0.538,nan,edge/x86_64,,3.12.3,2026-10-09T18:44:39Z
0,ECDH-P256,classical,,encapsulate,0.0738,0.0,0.0,0.0,91,138,0,0,0,0,0,0.0,1.1064,nan,edge/x86_64,,3.12.3,2026-10-09T18:44:39Z
1,ECDH-P256,classical,,keygen,0.0339,0.0,0.0,0.0,91,138,0,0,0,0,0,0.0,0.5078,nan,edge/x86_64,,3.12.3,2026-10-09T18:44:39Z
1,ECDH-P256,classical,,encapsulate,0.0885,0.0,0.0,0.0,91,138,0,0,0,0,0,0.0,1.3272,nan,edge/x86_64,,3.12.3,2026-10-09T18:44:39Z
2,ECDH-P256,classical,,keygen,0.0519,0.0,0.0,0.0,91,138,0,0,0,0,0,0.0,0.7779,nan,edge/x86_64,,3.12.3,2026-10-09T18:44:39Z
2,ECDH-P256,classical,,encapsulate,0.0741,0.0,0.0,0.0,91,138,0,0,0,0,0,0.0,1.1108,nan,edge/x86_64,,3.12.3,2026-10-09T18:44:39Z
3,ECDH-P256,classical,,keygen,0.0373,0.0,0.0,0.0,91,138,0,0,0,0,0,0.0,0.5596,nan,edge/x86_64,,3.12.3,2026-10-09T18:44:39Z
3,ECDH-P256,classical,,encapsulate,0.0726,0.0,0.0,0.0,91,138,0,0,0,0,0,0.0,1.0884,nan,edge/x86_64,,3.12.3,2026-10-09T18:44:39Z
4,ECDH-P256,classical,,keygen,0.0318,0.0,0.0,0.0,91,138,0,0,0,0,0,0.0,0.4771,nan,edge/x86_64,,3.12.3,2026-10-09T18:44:39Z
4,ECDH-P256,classical,,encapsulate,0.0739,0.0,0.0,0.0,91,138,0,0,0,0,0,0.0,1.1079,nan,edge/x86_64,,3.12.3,2026-10-09T18:44:39Z
5,ECDH-P256,classical,,keygen,0.0322,0.0,0.0,0.0,91,138,0,0,0,0,0,0.0,0.4834,nan,edge/x86_64,,3.12.3,2026-10-09T18:44:39Z
5,ECDH-P256,classical,,encapsulate,0.0912,0.0,0.0,0.0,91,138,0,0,0,0,0,0.0,1.3687,nan,edge/x86_64,,3.12.3,2026-10-09T18:44:39Z
6,ECDH-P256,classical,,keygen,0.0344,0.0,0.0,0.0,91,138,0,0,0,0,0,0.0,0.5164,nan,edge/x86_64,,3.12.3,2026-10-09T18:44:39Z
6,ECDH-P256,classical,,encapsulate,0.0749,0.0,0.0,0.0,91,138,0,0,0,0,0,0.0,1.1239,nan,edge/x86_64,,3.12.3,2026-10-09T18:44:39Z
7,ECDH-P256,classical,,keygen,0.0331,0.0,0.0,0.0,91,138,0,0,0,0,0,0.0,0.4965,nan,edge/x86_64,,3.12.3,2026-10-09T18:44:39Z
7,ECDH-P256,classical,,encapsulate,0.0729,0.0,0.0,0.0,91,138,0,0,0,0,0,0.0,1.0929,nan,edge/x86_64,,3.12.3,2026-10-09T18:44:39Z
8,ECDH-P256,classical,,keygen,0.0292,0.0,0.0,0.0,91,138,0,0,0,0,0,0.0,0.438,nan,edge/x86_64,,3.12.3,2026-10-09T18:44:39Z
8,ECDH-P256,classical,,encapsulate,0.0708,0.0,0.0,0.0,91,138,0,0,0,0,0,0.0,1.0624,nan,edge/x86_64,,3.12.3,2026-10-09T18:44:39Z
9,ECDH-P256,classical,,keygen,0.0196,0.0,0.0,0.0,91,138,0,0,0,0,0,0.0,0.2943,nan,edge/x86_64,,3.12.3,2026-10-09T18:44:39Z
9,ECDH-P256,classical,,encapsulate,0.0569,0.0,0.0,0.0,91,138,0,0,0,0,0,0.0,0.8541,nan,edge/x86_64,,3.12.3,2026-10-09T18:44:39Z
10,ECDH-P256,classical,,keygen,0.0175,0.0,0.0,0.0,91,138,0,0,0,0,0,0.0,0.2623,nan,edge/x86_64,,3.12.3,2026-10-09T18:44:39Z
10,ECDH-P256,classical,,encapsulate,0.0597,0.0,0.0,0.0,91,138,0,0,0,0,0,0.0,0.8958,nan,edge/x86_64,,3.12.3,2026-10-09T18:44:39Z
11,ECDH-P256,classical,,keygen,0.0224,0.0,0.0,0.0,91,138,0,0,0,0,0,0.0,0.3366,nan,edge/x86_64,,3.12.3,2026-10-09T18:44:39Z
11,ECDH-P256,classical,,encapsulate,0.174,0.0,0.0,0.0,91,138,0,0,0,0,0,0.0,2.6094,nan,edge/x86_64,,3.12.3,2026-10-09T18:44:39Z
12,ECDH-P256,classical,,keygen,0.036,0.0,0.0,0.0,91,138,0,0,0,0,0,0.0,0.5393,nan,edge/x86_64,,3.12.3,2026-10-09T18:44:39Z
12,ECDH-P256,classical,,encapsulate,0.0612,0.0,0.0,0.0,91,138,0,0,0,0,0,0.0,0.9181,nan,edge/x86_64,,3.12.3,2026-10-09T18:44:39Z
13,ECDH-P256,classical,,keygen,0.0172,0.0,0.0,0.0,91,138,0,0,0,0,0,0.0,0.2577,nan,edge/x86_64,,3.12.3,2026-10-09T18:44:39Z
13,ECDH-P256,classical,,encapsulate,0.0561,0.0,0.0,0.0,91,138,0,0,0,0,0,0.0,0.8421,nan,edge/x86_64,,3.12.3,2026-10-09T18:44:39Z
14,ECDH-P256,classical,,keygen,0.0168,0.0,0.0,0.0,91,138,0,0,0,0,0,0.0,0.2527,nan,edge/x86_64,,3.12.3,2026-10-09T18:44:39Z
14,ECDH-P256,classical,,encapsulate,0.056,0.0,0.0,0.0,91,138,0,0,0,0,0,0.0,0.8406,nan,edge/x86_64,,3.12.3,2026-10-09T18:44:39Z
15,ECDH-P256,classical,,keygen,0.0168,0.0,0.0,0.0,91,138,0,0,0,0,0,0.0,0.252,nan,edge/x86_64,,3.12.3,2026-10-09T18:44:39Z
15,ECDH-P256,classical,,encapsulate,0.0561,0.0,0.0,0.0,91,138,0,0,0,0,0,0.0,0.8422,nan,edge/x86_64,,3.12.3,2026-10-09T18:44:39Z
16,ECDH-P256,classical,,keygen,0.0167,0.0,0.0,0.0,91,138,0,0,0,0,0,0.0,0.2503,nan,edge/x86_64,,3.12.3,2026-10-09T18:44:39Z
16,ECDH-P256,classical,,encapsulate,0.0561,0.0,0.0,0.0,91,138,0,0,0,0,0,0.0,0.8408,nan,edge/x86_64,,3.12.3,2026-10-09T18:44:39Z
17,ECDH-P256,classical,,keygen,0.0171,0.0,0.0,0.0,91,138,0,0,0,0,0,0.0,0.2558,nan,edge/x86_64,,3.12.3,2026-10-09T18:44:39Z
17,ECDH-P256,classical,,encapsulate,0.056,0.0,0.0,0.0,91,138,0,0,0,0,0,0.0,0.8407,nan,edge/x86_64,,3.12.3,2026-10-09T18:44:39Z
18,ECDH-P256,classical,,keygen,0.0172,0.0,0.0,0.0,91,138,0,0,0,0,0,0.0,0.2585,nan,edge/x86_64,,3.12.3,2026-10-09T18:44:39Z
18,ECDH-P256,classical,,encapsulate,0.0653,0.0,0.0,0.0,91,138,0,0,0,0,0,0.0,0.9799,nan,edge/x86_64,,3.12.3,2026-10-09T18:44:39Z
19,ECDH-P256,classical,,keygen,0.0247,0.0,0.0,0.0,91,138,0,0,0,0,0,0.0,0.3699,nan,edge/x86_64,,3.12.3,2026-10-09T18:44:39Z
19,ECDH-P256,classical,,encapsulate,0.0582,0.0,0.0,0.0,91,138,0,0,0,0,0,0.0,0.8737,nan,edge/x86_64,,3.12.3,2026-10-09T18:44:39Z
20,ECDH-P256,classical,,keygen,0.0173,0.0,0.0,0.0,91,138,0,0,0,0,0,0.0,0.2595,nan,edge/x86_64,,3.12.3,2026-10-09T18:44:39Z
20,ECDH-P256,classical,,encapsulate,0.0562,0.0,0.0,0.0,91,138,0,0,0,0,0,0.0,0.8427,nan,edge/x86_64,,3.12.3,2026-10-09T18:44:39Z
21,ECDH-P256,classical,,keygen,0.0169,0.0,0.0,0.0,91,138,0,0,0,0,0,0.0,0.2534,nan,edge/x86_64,,3.12.3,2026-10-09T18:44:39Z
21,ECDH-P256,classical,,encapsulate,0.056,0.0,0.0,0.0,91,138,0,0,0,0,0,0.0,0.8396,nan,edge/x86_64,,3.12.3,2026-10-09T18:44:39Z
22,ECDH-P256,classical,,keygen,0.0169,0.0,0.0,0.0,91,138,0,0,0,0,0,0.0,0.2538,nan,edge/x86_64,,3.12.3,2026-10-09T18:44:39Z
22,ECDH-P256,classical,,encapsulate,0.0559,0.0,0.0,0.0,91,138,0,0,0,0,0,0.0,0.8385,nan,edge/x86_64,,3.12.3,2026-10-09T18:44:39Z
23,ECDH-P256,classical,,keygen,0.0168,0.0,0.0,0.0,91,138,0,0,0,0,0,0.0,0.2523,nan,edge/x86_64,,3.12.3,2026-10-09T18:44:39Z
23,ECDH-P256,classical,,encapsulate,0.0562,0.0,0.0,0.0,91,138,0,0,0,0,0,0.0,0.8426,nan,edge/x86_64,,3.12.3,2026-10-09T18:44:39Z
24,ECDH-P256,classical,,keygen,0.0168,0.0,0.0,0.0,91,138,0,0,0,0,0,0.0,0.2517,nan,edge/x86_64,,3.12.3,2026-10-09T18:44:39Z
24,ECDH-P256,classical,,encapsulate,0.0563,0.0,0.0,0.0,91,138,0,0,0,0,0,0.0,0.8444,nan,edge/x86_64,,3.12.3,2026-10-09T18:44:39Z
25,ECDH-P256,classical,,keygen,0.0167,0.0,0.0,0.0,91,138,0,0,0,0,0,0.0,0.2502,nan,edge/x86_64,,3.12.3,2026-10-09T18:44:39Z
25,ECDH-P256,classical,,encapsulate,0.0558,0.0,0.0,0.0,91,138,0,0,0,0,0,0.0,0.8373,nan,edge/x86_64,,3.12.3,2026-10-09T18:44:39Z
26,ECDH-P256,classical,,keygen,0.017,0.0,0.0,0.0,91,138,0,0,0,0,0,0.0,0.2548,nan,edge/x86_64,,3.12.3,2026-10-09T18:44:39Z
26,ECDH-P256,classical,,encapsulate,0.0561,0.0,0.0,0.0,91,138,0,0,0,0,0,0.0,0.8414,nan,edge/x86_64,,3.12.3,2026-10-09T18:44:39Z
27,ECDH-P256,classical,,keygen,0.0169,0.0,0.0,0.0,91,138,0,0,0,0,0,0.0,0.2532,nan,edge/x86_64,,3.12.3,2026-10-09T18:44:39Z
27,ECDH-P256,classical,,encapsulate,0.0588,0.0,0.0,0.0,91,138,0,0,0,0,0,0.0,0.8813,nan,edge/x86_64,,3.12.3,2026-10-09T18:44:39Z
28,ECDH-P256,classical,,keygen,0.0187,0.0,0.0,0.0,91,138,0,0,0,0,0,0.0,0.2808,nan,edge/x86_64,,3.12.3,2026-10-09T18:44:39Z
28,ECDH-P256,classical,,encapsulate,0.0566,0.0,0.0,0.0,91,138,0,0,0,0,0,0.0,0.8493,nan,edge/x86_64,,3.12.3,2026-10-09T18:44:39Z
29,ECDH-P256,classical,,keygen,0.0171,0.0,0.0,0.0,91,138,0,0,0,0,0,0.0,0.256,nan,edge/x86_64,,3.12.3,2026-10-09T18:44:39Z
29,ECDH-P256,classical,,encapsulate,0.0566,0.0,0.0,0.0,91,138,0,0,0,0,0,0.0,0.8486,nan,edge/x86_64,,3.12.3,2026-10-09T18:44:39Z
30,ECDH-P256,classical,,keygen,0.017,0.0,0.0,0.0,91,138,0,0,0,0,0,0.0,0.2555,nan,edge/x86_64,,3.12.3,2026-10-09T18:44:39Z
30,ECDH-P256,classical,,encapsulate,0.0565,0.0,0.0,0.0,91,138,0,0,0,0,0,0.0,0.8471,nan,edge/x86_64,,3.12.3,2026-10-09T18:44:39Z
31,ECDH-P256,classical,,keygen,0.0176,0.0,0.0,0.0,91,138,0,0,0,0,0,0.0,0.2633,nan,edge/x86_64,,3.12.3,2026-10-09T18:44:39Z
31,ECDH-P256,classical,,encapsulate,0.0559,0.0,0.0,0.0,91,138,0,0,0,0,0,0.0,0.8388,nan,edge/x86_64,,3.12.3,2026-10-09T18:44:39Z
32,ECDH-P256,classical,,keygen,0.017,0.0,0.0,0.0,91,138,0,0,0,0,0,0.0,0.2547,nan,edge/x86_64,,3.12.3,2026-10-09T18:44:39Z
32,ECDH-P256,classical,,encapsulate,0.0575,0.0,0.0,0.0,91,138,0,0,0,0,0,0.0,0.8621,nan,edge/x86_64,,3.12.3,2026-10-09T18:44:39Z
33,ECDH-P256,classical,,keygen,0.0175,0.0,0.0,0.0,91,138,0,0,0,0,0,0.0,0.2622,nan,edge/x86_64,,3.12.3,2026-10-09T18:44:39Z
33,ECDH-P256,classical,,encapsulate,0.0563,0.0,0.0,0.0,91,138,0,0,0,0,0,0.0,0.8442,nan,edge/x86_64,,3.12.3,2026-10-09T18:44:39Z
34,ECDH-P256,classical,,keygen,0.0174,0.0,0.0,0.0,91,138,0,0,0,0,0,0.0,0.2608,nan,edge/x86_64,,3.12.3,2026-10-09T18:44:39Z
34,ECDH-P256,classical,,encapsulate,0.0559,0.0,0.0,0.0,91,138,0,0,0,0,0,0.0,0.838,nan,edge/x86_64,,3.12.3,2026-10-09T18:44:39Z
35,ECDH-P256,classical,,keygen,0.0423,0.0,0.0,0.0,91,138,0,0,0,0,0,0.0,0.6345,nan,edge/x86_64,,3.12.3,2026-10-09T18:44:39Z
35,ECDH-P256,classical,,encapsulate,0.064,0.0,0.0,0.0,91,138,0,0,0,0,0,0.0,0.9594,nan,edge/x86_64,,3.12.3,2026-10-09T18:44:39Z
36,ECDH-P256,classical,,keygen,0.0189,0.0,0.0,0.0,91,138,0,0,0,0,0,0.0,0.2838,nan,edge/x86_64,,3.12.3,2026-10-09T18:44:39Z
36,ECDH-P256,classical,,encapsulate,0.0562,0.0,0.0,0.0,91,138,0,0,0,0,0,0.0,0.8424,nan,edge/x86_64,,3.12.3,2026-10-09T18:44:39Z
37,ECDH-P256,classical,,keygen,0.0179,0.0,0.0,0.0,91,138,0,0,0,0,0,0.0,0.2686,nan,edge/x86_64,,3.12.3,2026-10-09T18:44:39Z
37,ECDH-P256,classical,,encapsulate,0.0567,0.0,0.0,0.0,91,138,0,0,0,0,0,0.0,0.8504,nan,edge/x86_64,,3.12.3,2026-10-09T18:44:39Z
38,ECDH-P256,classical,,keygen,0.0172,0.0,0.0,0.0,91,138,0,0,0,0,0,0.0,0.2583,nan,edge/x86_64,,3.12.3,2026-10-09T18:44:39Z
38,ECDH-P256,classical,,encapsulate,0.0695,0.0,0.0,0.0,91,138,0,0,0,0,0,0.0,1.0425,nan,edge/x86_64,,3.12.3,2026-10-09T18:44:39Z
39,ECDH-P256,classical,,keygen,0.0349,0.0,0.0,0.0,91,138,0,0,0,0,0,0.0,0.5241,nan,edge/x86_64,,3.12.3,2026-10-09T18:44:39Z
39,ECDH-P256,classical,,encapsulate,0.0873,0.0,0.0,0.0,91,138,0,0,0,0,0,0.0,1.31,nan,edge/x86_64,,3.12.3,2026-10-09T18:44:39Z
40,ECDH-P256,classical,,keygen,0.0367,0.0,0.0,0.0,91,138,0,0,0,0,0,0.0,0.5499,nan,edge/x86_64,,3.12.3,2026-10-09T18:44:39Z
40,ECDH-P256,classical,,encapsulate,0.0818,0.0,0.0,0.0,91,138,0,0,0,0,0,0.0,1.2264,nan,edge/x86_64,,3.12.3,2026-10-09T18:44:39Z
41,ECDH-P256,classical,,keygen,0.0255,0.0,0.0,0.0,91,138,0,0,0,0,0,0.0,0.3829,nan,edge/x86_64,,3.12.3,2026-10-09T18:44:39Z
41,ECDH-P256,classical,,encapsulate,0.1197,0.0,0.0,0.0,91,138,0,0,0,0,0,0.0,1.795,nan,edge/x86_64,,3.12.3,2026-10-09T18:44:39Z
42,ECDH-P256,classical,,keygen,0.0312,0.0,0.0,0.0,91,138,0,0,0,0,0,0.0,0.4687,nan,edge/x86_64,,3.12.3,2026-10-09T18:44:39Z
42,ECDH-P256,classical,,encapsulate,0.0769,0.0,0.0,0.0,91,138,0,0,0,0,0,0.0,1.1535,nan,edge/x86_64,,3.12.3,2026-10-09T18:44:39Z
43,ECDH-P256,classical,,keygen,0.0298,0.0,0.0,0.0,91,138,0,0,0,0,0,0.0,0.4475,nan,edge/x86_64,,3.12.3,2026-10-09T18:44:39Z
43,ECDH-P256,classical,,encapsulate,0.0776,0.0,0.0,0.0,91,138,0,0,0,0,0,0.0,1.1644,nan,edge/x86_64,,3.12.3,2026-10-09T18:44:39Z
44,ECDH-P256,classical,,keygen,0.0292,0.0,0.0,0.0,91,138,0,0,0,0,0,0.0,0.4385,nan,edge/x86_64,,3.12.3,2026-10-09T18:44:39Z
44,ECDH-P256,classical,,encapsulate,0.0813,0.0,0.0,0.0,91,138,0,0,0,0,0,0.0,1.2196,nan,edge/x86_64,,3.12.3,2026-10-09T18:44:39Z
45,ECDH-P256,classical,,keygen,0.0285,0.0,0.0,0.0,91,138,0,0,0,0,0,0.0,0.4272,nan,edge/x86_64,,3.12.3,2026-10-09T18:44:39Z
45,ECDH-P256,classical,,encapsulate,0.0787,0.0,0.0,0.0,91,138,0,0,0,0,0,0.0,1.1812,nan,edge/x86_64,,3.12.3,2026-10-09T18:44:39Z
46,ECDH-P256,classical,,keygen,0.083,0.0,0.0,0.0,91,138,0,0,0,0,0,0.0,1.2444,nan,edge/x86_64,,3.12.3,2026-10-09T18:44:39Z
46,ECDH-P256,classical,,encapsulate,0.087,0.0,0.0,0.0,91,138,0,0,0,0,0,0.0,1.3047,nan,edge/x86_64,,3.12.3,2026-10-09T18:44:39Z
47,ECDH-P256,classical,,keygen,0.0348,0.0,0.0,0.0,91,138,0,0,0,0,0,0.0,0.5213,nan,edge/x86_64,,3.12.3,2026-10-09T18:44:39Z
47,ECDH-P256,classical,,encapsulate,0.0712,0.0,0.0,0.0,91,138,0,0,0,0,0,0.0,1.0686,nan,edge/x86_64,,3.12.3,2026-10-09T18:44:39Z
48,ECDH-P256,classical,,keygen,0.0281,0.0,0.0,0.0,91,138,0,0,0,0,0,0.0,0.4216,nan,edge/x86_64,,3.12.3,2026-10-09T18:44:39Z
48,ECDH-P256,classical,,encapsulate,0.0873,0.0,0.0,0.0,91,138,0,0,0,0,0,0.0,1.3092,nan,edge/x86_64,,3.12.3,2026-10-09T18:44:39Z
49,ECDH-P256,classical,,keygen,0.0318,0.0,0.0,0.0,91,138,0,0,0,0,0,0.0,0.4774,nan,edge/x86_64,,3.12.3,2026-10-09T18:44:39Z
49,ECDH-P256,classical,,encapsulate,0.0612,0.0,0.0,0.0,91,138,0,0,0,0,0,0.0,0.9184,nan,edge/x86_64,,3.12.3,2026-10-09T18:44:39Z
50,ECDH-P256,classical,,keygen,0.0194,0.0,0.0,0.0,91,138,0,0,0,0,0,0.0,0.291,nan,edge/x86_64,,3.12.3,2026-10-09T18:44:39Z
50,ECDH-P256,classical,,encapsulate,0.0567,0.0,0.0,0.0,91,138,0,0,0,0,0,0.0,0.8509,nan,edge/x86_64,,3.12.3,2026-10-09T18:44:39Z
51,ECDH-P256,classical,,keygen,0.017,0.0,0.0,0.0,91,138,0,0,0,0,0,0.0,0.2547,nan,edge/x86_64,,3.12.3,2026-10-09T18:44:39Z
51,ECDH-P256,classical,,encapsulate,0.0561,0.0,0.0,0.0,91,138,0,0,0,0,0,0.0,0.8418,nan,edge/x86_64,,3.12.3,2026-10-09T18:44:39Z
52,ECDH-P256,classical,,keygen,0.0378,0.0,0.0,0.0,91,138,0,0,0,0,0,0.0,0.5665,nan,edge/x86_64,,3.12.3,2026-10-09T18:44:39Z
52,ECDH-P256,classical,,encapsulate,0.0595,0.0,0.0,0.0,91,138,0,0,0,0,0,0.0,0.8924,nan,edge/x86_64,,3.12.3,2026-10-09T18:44:39Z
53,ECDH-P256,classical,,keygen,0.0203,0.0,0.0,0.0,91,138,0,0,0,0,0,0.0,0.3052,nan,edge/x86_64,,3.12.3,2026-10-09T18:44:39Z
53,ECDH-P256,classical,,encapsulate,0.0565,0.0,0.0,0.0,91,138,0,0,0,0,0,0.0,0.8477,nan,edge/x86_64,,3.12.3,2026-10-09T18:44:39Z
54,ECDH-P256,classical,,keygen,0.0167,0.0,0.0,0.0,91,138,0,0,0,0,0,0.0,0.2502,nan,edge/x86_64,,3.12.3,2026-10-09T18:44:39Z
54,ECDH-P256,classical,,encapsulate,0.056,0.0,0.0,0.0,91,138,0,0,0,0,0,0.0,0.8406,nan,edge/x86_64,,3.12.3,2026-10-09T18:44:39Z
55,ECDH-P256,classical,,keygen,0.0173,0.0,0.0,0.0,91,138,0,0,0,0,0,0.0,0.2592,nan,edge/x86_64,,3.12.3,2026-10-09T18:44:39Z
55,ECDH-P256,classical,,encapsulate,0.0562,0.0,0.0,0.0,91,138,0,0,0,0,0,0.0,0.8434,nan,edge/x86_64,,3.12.3,2026-10-09T18:44:39Z
56,ECDH-P256,classical,,keygen,0.0166,0.0,0.0,0.0,91,138,0,0,0,0,0,0.0,0.2492,nan,edge/x86_64,,3.12.3,2026-10-09T18:44:39Z
56,ECDH-P256,classical,,encapsulate,0.056,0.0,0.0,0.0,91,138,0,0,0,0,0,0.0,0.8396,nan,edge/x86_64,,3.12.3,2026-10-09T18:44:39Z
57,ECDH-P256,classical,,keygen,0.0168,0.0,0.0,0.0,91,138,0,0,0,0,0,0.0,0.2522,nan,edge/x86_64,,3.12.3,2026-10-09T18:44:39Z
57,ECDH-P256,classical,,encapsulate,0.0679,0.0,0.0,0.0,91,138,0,0,0,0,0,0.0,1.0192,nan,edge/x86_64,,3.12.3,2026-10-09T18:44:39Z
58,ECDH-P256,classical,,keygen,0.0192,0.0,0.0,0.0,91,138,0,0,0,0,0,0.0,0.2882,nan,edge/x86_64,,3.12.3,2026-10-09T18:44:39Z
58,ECDH-P256,classical,,encapsulate,0.057,0.0,0.0,0.0,91,138,0,0,0,0,0,0.0,0.8556,nan,edge/x86_64,,3.12.3,2026-10-09T18:44:39Z
59,ECDH-P256,classical,,keygen,0.0167,0.0,0.0,0.0,91,138,0,0,0,0,0,0.0,0.2498,nan,edge/x86_64,,3.12.3,2026-10-09T18:44:39Z
59,ECDH-P256,classical,,encapsulate,0.073,0.0,0.0,0.0,91,138,0,0,0,0,0,0.0,1.0955,nan,edge/x86_64,,3.12.3,2026-10-09T18:44:39Z
60,ECDH-P256,classical,,keygen,0.316,0.0,0.0,0.0,91,138,0,0,0,0,0,0.0,4.7403,nan,edge/x86_64,,3.12.3,2026-10-09T18:44:39Z
60,ECDH-P256,classical,,encapsulate,0.0576,0.0,0.0,0.0,91,138,0,0,0,0,0,0.0,0.8644,nan,edge/x86_64,,3.12.3,2026-10-09T18:44:39Z
61,ECDH-P256,classical,,keygen,0.0168,0.0,0.0,0.0,91,138,0,0,0,0,0,0.0,0.2518,nan,edge/x86_64,,3.12.3,2026-10-09T18:44:39Z
61,ECDH-P256,classical,,encapsulate,0.0563,0.0,0.0,0.0,91,138,0,0,0,0,0,0.0,0.8439,nan,edge/x86_64,,3.12.3,2026-10-09T18:44:39Z
62,ECDH-P256,classical,,keygen,0.0166,0.0,0.0,0.0,91,138,0,0,0,0,0,0.0,0.2494,nan,edge/x86_64,,3.12.3,2026-10-09T18:44:39Z
62,ECDH-P256,classical,,encapsulate,0.0558,0.0,0.0,0.0,91,138,0,0,0,0,0,0.0,0.8367,nan,edge/x86_64,,3.12.3,2026-10-09T18:44:39Z
63,ECDH-P256,classical,,keygen,0.0167,0.0,0.0,0.0,91,138,0,0,0,0,0,0.0,0.2503,nan,edge/x86_64,,3.12.3,2026-10-09T18:44:39Z
63,ECDH-P256,classical,,encapsulate,0.0564,0.0,0.0,0.0,91,138,0,0,0,0,0,0.0,0.8456,nan,edge/x86_64,,3.12.3,2026-10-09T18:44:39Z
64,ECDH-P256,classical,,keygen,0.0182,0.0,0.0,0.0,91,138,0,0,0,0,0,0.0,0.2723,nan,edge/x86_64,,3.12.3,2026-10-09T18:44:39Z
64,ECDH-P256,classical,,encapsulate,0.0568,0.0,0.0,0.0,91,138,0,0,0,0,0,0.0,0.8522,nan,edge/x86_64,,3.12.3,2026-10-09T18:44:39Z
65,ECDH-P256,classical,,keygen,0.0169,0.0,0.0,0.0,91,138,0,0,0,0,0,0.0,0.2541,nan,edge/x86_64,,3.12.3,2026-10-09T18:44:39Z
65,ECDH-P256,classical,,encapsulate,0.074,0.0,0.0,0.0,91,138,0,0,0,0,0,0.0,1.1104,nan,edge/x86_64,,3.12.3,2026-10-09T18:44:39Z
66,ECDH-P256,classical,,keygen,0.0557,0.0,0.0,0.0,91,138,0,0,0,0,0,0.0,0.8351,nan,edge/x86_64,,3.12.3,2026-10-09T18:44:39Z
66,ECDH-P256,classical,,encapsulate,0.0582,0.0,0.0,0.0,91,138,0,0,0,0,0,0.0,0.8725,nan,edge/x86_64,,3.12.3,2026-10-09T18:44:39Z
67,ECDH-P256,classical,,keygen,0.0173,0.0,0.0,0.0,91,138,0,0,0,0,0,0.0,0.2595,nan,edge/x86_64,,3.12.3,2026-10-09T18:44:39Z
67,ECDH-P256,classical,,encapsulate,0.0566,0.0,0.0,0.0,91,138,0,0,0,0,0,0.0,0.8484,nan,edge/x86_64,,3.12.3,2026-10-09T18:44:39Z
68,ECDH-P256,classical,,keygen,0.0171,0.0,0.0,0.0,91,138,0,0,0,0,0,0.0,0.2567,nan,edge/x86_64,,3.12.3,2026-10-09T18:44:39Z
68,ECDH-P256,classical,,encapsulate,0.0566,0.0,0.0,0.0,91,138,0,0,0,0,0,0.0,0.849,nan,edge/x86_64,,3.12.3,2026-10-09T18:44:39Z
69,ECDH-P256,classical,,keygen,0.0167,0.0,0.0,0.0,91,138,0,0,0,0,0,0.0,0.2503,nan,edge/x86_64,,3.12.3,2026-10-09T18:44:39Z
69,ECDH-P256,classical,,encapsulate,0.0561,0.0,0.0,0.0,91,138,0,0,0,0,0,0.0,0.8409,nan,edge/x86_64,,3.12.3,2026-10-09T18:44:39Z
70,ECDH-P256,classical,,keygen,0.0169,0.0,0.0,0.0,91,138,0,0,0,0,0,0.0,0.2541,nan,edge/x86_64,,3.12.3,2026-10-09T18:44:39Z
70,ECDH-P256,classical,,encapsulate,0.0559,0.0,0.0,0.0,91,138,0,0,0,0,0,0.0,0.8379,nan,edge/x86_64,,3.12.3,2026-10-09T18:44:39Z
71,ECDH-P256,classical,,keygen,0.0169,0.0,0.0,0.0,91,138,0,0,0,0,0,0.0,0.2534,nan,edge/x86_64,,3.12.3,2026-10-09T18:44:39Z
71,ECDH-P256,classical,,encapsulate,0.0563,0.0,0.0,0.0,91,138,0,0,0,0,0,0.0,0.8439,nan,edge/x86_64,,3.12.3,2026-10-09T18:44:39Z
72,ECDH-P256,classical,,keygen,0.0167,0.0,0.0,0.0,91,138,0,0,0,0,0,0.0,0.2503,nan,edge/x86_64,,3.12.3,2026-10-09T18:44:39Z
72,ECDH-P256,classical,,encapsulate,0.0561,0.0,0.0,0.0,91,138,0,0,0,0,0,0.0,0.8414,nan,edge/x86_64,,3.12.3,2026-10-09T18:44:39Z
73,ECDH-P256,classical,,keygen,0.0176,0.0,0.0,0.0,91,138,0,0,0,0,0,0.0,0.2634,nan,edge/x86_64,,3.12.3,2026-10-09T18:44:39Z
73,ECDH-P256,classical,,encapsulate,0.0713,0.0,0.0,0.0,91,138,0,0,0,0,0,0.0,1.0692,nan,edge/x86_64,,3.12.3,2026-10-09T18:44:39Z
74,ECDH-P256,classical,,keygen,0.0184,0.0,0.0,0.0,91,138,0,0,0,0,0,0.0,0.2759,nan,edge/x86_64,,3.12.3,2026-10-09T18:44:39Z
74,ECDH-P256,classical,,encapsulate,0.0564,0.0,0.0,0.0,91,138,0,0,0,0,0,0.0,0.8464,nan,edge/x86_64,,3.12.3,2026-10-09T18:44:39Z
75,ECDH-P256,classical,,keygen,0.0165,0.0,0.0,0.0,91,138,0,0,0,0,0,0.0,0.2476,nan,edge/x86_64,,3.12.3,2026-10-09T18:44:39Z
75,ECDH-P256,classical,,encapsulate,0.0562,0.0,0.0,0.0,91,138,0,0,0,0,0,0.0,0.8434,nan,edge/x86_64,,3.12.3,2026-10-09T18:44:39Z
76,ECDH-P256,classical,,keygen,0.0165,0.0,0.0,0.0,91,138,0,0,0,0,0,0.0,0.2479,nan,edge/x86_64,,3.12.3,2026-10-09T18:44:39Z
76,ECDH-P256,classical,,encapsulate,0.0559,0.0,0.0,0.0,91,138,0,0,0,0,0,0.0,0.8391,nan,edge/x86_64,,3.12.3,2026-10-09T18:44:39Z
77,ECDH-P256,classical,,keygen,0.0168,0.0,0.0,0.0,91,138,0,0,0,0,0,0.0,0.2524,nan,edge/x86_64,,3.12.3,2026-10-09T18:44:39Z
77,ECDH-P256,classical,,encapsulate,0.0564,0.0,0.0,0.0,91,138,0,0,0,0,0,0.0,0.8467,nan,edge/x86_64,,3.12.3,2026-10-09T18:44:39Z
78,ECDH-P256,classical,,keygen,0.0172,0.0,0.0,0.0,91,138,0,0,0,0,0,0.0,0.2581,nan,edge/x86_64,,3.12.3,2026-10-09T18:44:39Z
78,ECDH-P256,classical,,encapsulate,0.0571,0.0,0.0,0.0,91,138,0,0,0,0,0,0.0,0.8568,nan,edge/x86_64,,3.12.3,2026-10-09T18:44:39Z
79,ECDH-P256,classical,,keygen,0.0172,0.0,0.0,0.0,91,138,0,0,0,0,0,0.0,0.2576,nan,edge/x86_64,,3.12.3,2026-10-09T18:44:39Z
79,ECDH-P256,classical,,encapsulate,0.056,0.0,0.0,0.0,91,138,0,0,0,0,0,0.0,0.8394,nan,edge/x86_64,,3.12.3,2026-10-09T18:44:39Z
80,ECDH-P256,classical,,keygen,0.0171,0.0,0.0,0.0,91,138,0,0,0,0,0,0.0,0.2561,nan,edge/x86_64,,3.12.3,2026-10-09T18:44:39Z
80,ECDH-P256,classical,,encapsulate,0.0561,0.0,0.0,0.0,91,138,0,0,0,0,0,0.0,0.8421,nan,edge/x86_64,,3.12.3,2026-10-09T18:44:39Z
81,ECDH-P256,classical,,keygen,0.0171,0.0,0.0,0.0,91,138,0,0,0,0,0,0.0,0.2565,nan,edge/x86_64,,3.12.3,2026-10-09T18:44:39Z
81,ECDH-P256,classical,,encapsulate,0.0561,0.0,0.0,0.0,91,138,0,0,0,0,0,0.0,0.8415,nan,edge/x86_64,,3.12.3,2026-10-09T18:44:39Z
82,ECDH-P256,classical,,keygen,0.0292,0.0,0.0,0.0,91,138,0,0,0,0,0,0.0,0.4381,nan,edge/x86_64,,3.12.3,2026-10-09T18:44:39Z
82,ECDH-P256,classical,,encapsulate,0.0889,0.0,0.0,0.0,91,138,0,0,0,0,0,0.0,1.3331,nan,edge/x86_64,,3.12.3,2026-10-09T18:44:39Z
83,ECDH-P256,classical,,keygen,0.0237,0.0,0.0,0.0,91,138,0,0,0,0,0,0.0,0.3562,nan,edge/x86_64,,3.12.3,2026-10-09T18:44:39Z
83,ECDH-P256,classical,,encapsulate,0.0576,0.0,0.0,0.0,91,138,0,0,0,0,0,0.0,0.8634,nan,edge/x86_64,,3.12.3,2026-10-09T18:44:39Z
84,ECDH-P256,classical,,keygen,0.0172,0.0,0.0,0.0,91,138,0,0,0,0,0,0.0,0.2584,nan,edge/x86_64,,3.12.3,2026-10-09T18:44:39Z
84,ECDH-P256,classical,,encapsulate,0.0564,0.0,0.0,0.0,91,138,0,0,0,0,0,0.0,0.8467,nan,edge/x86_64,,3.12.3,2026-10-09T18:44:39Z
85,ECDH-P256,classical,,keygen,0.017,0.0,0.0,0.0,91,138,0,0,0,0,0,0.0,0.2554,nan,edge/x86_64,,3.12.3,2026-10-09T18:44:39Z
85,ECDH-P256,classical,,encapsulate,0.0562,0.0,0.0,0.0,91,138,0,0,0,0,0,0.0,0.8435,nan,edge/x86_64,,3.12.3,2026-10-09T18:44:39Z
86,ECDH-P256,classical,,keygen,0.0168,0.0,0.0,0.0,91,138,0,0,0,0,0,0.0,0.2517,nan,edge/x86_64,,3.12.3,2026-10-09T18:44:39Z
86,ECDH-P256,classical,,encapsulate,0.0562,0.0,0.0,0.0,91,138,0,0,0,0,0,0.0,0.8427,nan,edge/x86_64,,3.12.3,2026-10-09T18:44:39Z
87,ECDH-P256,classical,,keygen,0.0167,0.0,0.0,0.0,91,138,0,0,0,0,0,0.0,0.2509,nan,edge/x86_64,,3.12.3,2026-10-09T18:44:39Z
87,ECDH-P256,classical,,encapsulate,0.0561,0.0,0.0,0.0,91,138,0,0,0,0,0,0.0,0.8417,nan,edge/x86_64,,3.12.3,2026-10-09T18:44:39Z
88,ECDH-P256,classical,,keygen,0.0173,0.0,0.0,0.0,91,138,0,0,0,0,0,0.0,0.2597,nan,edge/x86_64,,3.12.3,2026-10-09T18:44:39Z
88,ECDH-P256,classical,,encapsulate,0.056,0.0,0.0,0.0,91,138,0,0,0,0,0,0.0,0.8399,nan,edge/x86_64,,3.12.3,2026-10-09T18:44:39Z
89,ECDH-P256,classical,,keygen,0.0171,0.0,0.0,0.0,91,138,0,0,0,0,0,0.0,0.2567,nan,edge/x86_64,,3.12.3,2026-10-09T18:44:39Z
89,ECDH-P256,classical,,encapsulate,0.0561,0.0,0.0,0.0,91,138,0,0,0,0,0,0.0,0.8416,nan,edge/x86_64,,3.12.3,2026-10-09T18:44:39Z
90,ECDH-P256,classical,,keygen,0.0168,0.0,0.0,0.0,91,138,0,0,0,0,0,0.0,0.2514,nan,edge/x86_64,,3.12.3,2026-10-09T18:44:39Z
90,ECDH-P256,classical,,encapsulate,0.0572,0.0,0.0,0.0,91,138,0,0,0,0,0,0.0,0.8578,nan,edge/x86_64,,3.12.3,2026-10-09T18:44:39Z
91,ECDH-P256,classical,,keygen,0.0949,0.0,0.0,0.0,91,138,0,0,0,0,0,0.0,1.4231,nan,edge/x86_64,,3.12.3,2026-10-09T18:44:39Z
91,ECDH-P256,classical,,encapsulate,0.0663,0.0,0.0,0.0,91,138,0,0,0,0,0,0.0,0.9942,nan,edge/x86_64,,3.12.3,2026-10-09T18:44:39Z
92,ECDH-P256,classical,,keygen,0.0194,0.0,0.0,0.0,91,138,0,0,0,0,0,0.0,0.2913,nan,edge/x86_64,,3.12.3,2026-10-09T18:44:39Z
92,ECDH-P256,classical,,encapsulate,0.0562,0.0,0.0,0.0,91,138,0,0,0,0,0,0.0,0.8428,nan,edge/x86_64,,3.12.3,2026-10-09T18:44:39Z
93,ECDH-P256,classical,,keygen,0.0176,0.0,0.0,0.0,91,138,0,0,0,0,0,0.0,0.264,nan,edge/x86_64,,3.12.3,2026-10-09T18:44:39Z
93,ECDH-P256,classical,,encapsulate,0.0559,0.0,0.0,0.0,91,138,0,0,0,0,0,0.0,0.839,nan,edge/x86_64,,3.12.3,2026-10-09T18:44:39Z
94,ECDH-P256,classical,,keygen,0.017,0.0,0.0,0.0,91,138,0,0,0,0,0,0.0,0.2548,nan,edge/x86_64,,3.12.3,2026-10-09T18:44:39Z
94,ECDH-P256,classical,,encapsulate,0.0559,0.0,0.0,0.0,91,138,0,0,0,0,0,0.0,0.8386,nan,edge/x86_64,,3.12.3,2026-10-09T18:44:39Z
95,ECDH-P256,classical,,keygen,0.0165,0.0,0.0,0.0,91,138,0,0,0,0,0,0.0,0.2476,nan,edge/x86_64,,3.12.3,2026-10-09T18:44:39Z
95,ECDH-P256,classical,,encapsulate,0.0559,0.0,0.0,0.0,91,138,0,0,0,0,0,0.0,0.8391,nan,edge/x86_64,,3.12.3,2026-10-09T18:44:39Z
96,ECDH-P256,classical,,keygen,0.0164,0.0,0.0,0.0,91,138,0,0,0,0,0,0.0,0.2463,nan,edge/x86_64,,3.12.3,2026-10-09T18:44:39Z
96,ECDH-P256,classical,,encapsulate,0.0566,0.0,0.0,0.0,91,138,0,0,0,0,0,0.0,0.8484,nan,edge/x86_64,,3.12.3,2026-10-09T18:44:39Z
97,ECDH-P256,classical,,keygen,0.0187,0.0,0.0,0.0,91,138,0,0,0,0,0,0.0,0.2799,nan,edge/x86_64,,3.12.3,2026-10-09T18:44:39Z
97,ECDH-P256,classical,,encapsulate,0.0784,0.0,0.0,0.0,91,138,0,0,0,0,0,0.0,1.1753,nan,edge/x86_64,,3.12.3,2026-10-09T18:44:39Z
98,ECDH-P256,classical,,keygen,0.0219,0.0,0.0,0.0,91,138,0,0,0,0,0,0.0,0.3283,nan,edge/x86_64,,3.12.3,2026-10-09T18:44:39Z
98,ECDH-P256,classical,,encapsulate,0.0579,0.0,0.0,0.0,91,138,0,0,0,0,0,0.0,0.8688,nan,edge/x86_64,,3.12.3,2026-10-09T18:44:39Z
99,ECDH-P256,classical,,keygen,0.0171,0.0,0.0,0.0,91,138,0,0,0,0,0,0.0,0.257,nan,edge/x86_64,,3.12.3,2026-10-09T18:44:39Z
99,ECDH-P256,classical,,encapsulate,0.0564,0.0,0.0,0.0,91,138,0,0,0,0,0,0.0,0.8456,nan,edge/x86_64,,3.12.3,2026-10-09T18:44:39Z
100,ECDH-P256,classical,,keygen,0.0182,0.0,0.0,0.0,91,138,0,0,0,0,0,0.0,0.2735,nan,edge/x86_64,,3.12.3,2026-10-09T18:44:39Z
100,ECDH-P256,classical,,encapsulate,0.057,0.0,0.0,0.0,91,138,0,0,0,0,0,0.0,0.8553,nan,edge/x86_64,,3.12.3,2026-10-09T18:44:39Z
101,ECDH-P256,classical,,keygen,0.017,0.0,0.0,0.0,91,138,0,0,0,0,0,0.0,0.2548,nan,edge/x86_64,,3.12.3,2026-10-09T18:44:39Z
101,ECDH-P256,classical,,encapsulate,0.056,0.0,0.0,0.0,91,138,0,0,0,0,0,0.0,0.8401,nan,edge/x86_64,,3.12.3,2026-10-09T18:44:39Z
102,ECDH-P256,classical,,keygen,0.0169,0.0,0.0,0.0,91,138,0,0,0,0,0,0.0,0.2528,nan,edge/x86_64,,3.12.3,2026-10-09T18:44:39Z
102,ECDH-P256,classical,,encapsulate,0.0561,0.0,0.0,0.0,91,138,0,0,0,0,0,0.0,0.8418,nan,edge/x86_64,,3.12.3,2026-10-09T18:44:39Z
103,ECDH-P256,classical,,keygen,0.0168,0.0,0.0,0.0,91,138,0,0,0,0,0,0.0,0.2518,nan,edge/x86_64,,3.12.3,2026-10-09T18:44:39Z
103,ECDH-P256,classical,,encapsulate,0.0561,0.0,0.0,0.0,91,138,0,0,0,0,0,0.0,0.8414,nan,edge/x86_64,,3.12.3,2026-10-09T18:44:39Z
104,ECDH-P256,classical,,keygen,0.0168,0.0,0.0,0.0,91,138,0,0,0,0,0,0.0,0.2517,nan,edge/x86_64,,3.12.3,2026-10-09T18:44:39Z
104,ECDH-P256,classical,,encapsulate,0.0559,0.0,0.0,0.0,91,138,0,0,0,0,0,0.0,0.8392,nan,edge/x86_64,,3.12.3,2026-10-09T18:44:39Z
105,ECDH-P256,classical,,keygen,0.0168,0.0,0.0,0.0,91,138,0,0,0,0,0,0.0,0.252,nan,edge/x86_64,,3.12.3,2026-10-09T18:44:39Z
105,ECDH-P256,classical,,encapsulate,0.0565,0.0,0.0,0.0,91,138,0,0,0,0,0,0.0,0.8481,nan,edge/x86_64,,3.12.3,2026-10-09T18:44:39Z
106,ECDH-P256,classical,,keygen,0.0224,0.0,0.0,0.0,91,138,0,0,0,0,0,0.0,0.3359,nan,edge/x86_64,,3.12.3,2026-10-09T18:44:39Z
106,ECDH-P256,classical,,encapsulate,0.0579,0.0,0.0,0.0,91,138,0,0,0,0,0,0.0,0.869,nan,edge/x86_64,,3.12.3,2026-10-09T18:44:39Z
107,ECDH-P256,classical,,keygen,0.017,0.0,0.0,0.0,91,138,0,0,0,0,0,0.0,0.2552,nan,edge/x86_64,,3.12.3,2026-10-09T18:44:39Z
107,ECDH-P256,classical,,encapsulate,0.0564,0.0,0.0,0.0,91,138,0,0,0,0,0,0.0,0.8458,nan,edge/x86_64,,3.12.3,2026-10-09T18:44:39Z
108,ECDH-P256,classical,,keygen,0.0169,0.0,0.0,0.0,91,138,0,0,0,0,0,0.0,0.253,nan,edge/x86_64,,3.12.3,2026-10-09T18:44:39Z
108,ECDH-P256,classical,,encapsulate,0.0562,0.0,0.0,0.0,91,138,0,0,0,0,0,0.0,0.8424,nan,edge/x86_64,,3.12.3,2026-10-09T18:44:39Z
109,ECDH-P256,classical,,keygen,0.0179,0.0,0.0,0.0,91,138,0,0,0,0,0,0.0,0.2688,nan,edge/x86_64,,3.12.3,2026-10-09T18:44:39Z
109,ECDH-P256,classical,,encapsulate,0.057,0.0,0.0,0.0,91,138,0,0,0,0,0,0.0,0.8543,nan,edge/x86_64,,3.12.3,2026-10-09T18:44:39Z
110,ECDH-P256,classical,,keygen,0.0168,0.0,0.0,0.0,91,138,0,0,0,0,0,0.0,0.2514,nan,edge/x86_64,,3.12.3,2026-10-09T18:44:39Z
110,ECDH-P256,classical,,encapsulate,0.0564,0.0,0.0,0.0,91,138,0,0,0,0,0,0.0,0.846,nan,edge/x86_64,,3.12.3,2026-10-09T18:44:39Z
111,ECDH-P256,classical,,keygen,0.0167,0.0,0.0,0.0,91,138,0,0,0,0,0,0.0,0.2499,nan,edge/x86_64,,3.12.3,2026-10-09T18:44:39Z
111,ECDH-P256,classical,,encapsulate,0.0562,0.0,0.0,0.0,91,138,0,0,0,0,0,0.0,0.8436,nan,edge/x86_64,,3.12.3,2026-10-09T18:44:39Z
112,ECDH-P256,classical,,keygen,0.0169,0.0,0.0,0.0,91,138,0,0,0,0,0,0.0,0.2537,nan,edge/x86_64,,3.12.3,2026-10-09T18:44:39Z
112,ECDH-P256,classical,,encapsulate,0.056,0.0,0.0,0.0,91,138,0,0,0,0,0,0.0,0.8406,nan,edge/x86_64,,3.12.3,2026-10-09T18:44:39Z
113,ECDH-P256,classical,,keygen,0.0185,0.0,0.0,0.0,91,138,0,0,0,0,0,0.0,0.2782,nan,edge/x86_64,,3.12.3,2026-10-09T18:44:39Z
113,ECDH-P256,classical,,encapsulate,0.0687,0.0,0.0,0.0,91,138,0,0,0,0,0,0.0,1.0311,nan,edge/x86_64,,3.12.3,2026-10-09T18:44:39Z
114,ECDH-P256,classical,,keygen,0.0382,0.0,0.0,0.0,91,138,0,0,0,0,0,0.0,0.5729,nan,edge/x86_64,,3.12.3,2026-10-09T18:44:39Z
114,ECDH-P256,classical,,encapsulate,0.0877,0.0,0.0,0.0,91,138,0,0,0,0,0,0.0,1.3158,nan,edge/x86_64,,3.12.3,2026-10-09T18:44:39Z
115,ECDH-P256,classical,,keygen,0.0338,0.0,0.0,0.0,91,138,0,0,0,0,0,0.0,0.507,nan,edge/x86_64,,3.12.3,2026-10-09T18:44:39Z
115,ECDH-P256,classical,,encapsulate,0.0863,0.0,0.0,0.0,91,138,0,0,0,0,0,0.0,1.294,nan,edge/x86_64,,3.12.3,2026-10-09T18:44:39Z
116,ECDH-P256,classical,,keygen,0.03,0.0,0.0,0.0,91,138,0,0,0,0,0,0.0,0.4497,nan,edge/x86_64,,3.12.3,2026-10-09T18:44:39Z
116,ECDH-P256,classical,,encapsulate,0.0794,0.0,0.0,0.0,91,138,0,0,0,0,0,0.0,1.1916,nan,edge/x86_64,,3.12.3,2026-10-09T18:44:39Z
117,ECDH-P256,classical,,keygen,0.0326,0.0,0.0,0.0,91,138,0,0,0,0,0,0.0,0.4889,nan,edge/x86_64,,3.12.3,2026-10-09T18:44:39Z
117,ECDH-P256,classical,,encapsulate,0.0999,0.0,0.0,0.0,91,138,0,0,0,0,0,0.0,1.4978,nan,edge/x86_64,,3.12.3,2026-10-09T18:44:39Z
118,ECDH-P256,classical,,keygen,0.0538,0.0,0.0,0.0,91,138,0,0,0,0,0,0.0,0.8075,nan,edge/x86_64,,3.12.3,2026-10-09T18:44:39Z
118,ECDH-P256,classical,,encapsulate,0.0707,0.0,0.0,0.0,91,138,0,0,0,0,0,0.0,1.0607,nan,edge/x86_64,,3.12.3,2026-10-09T18:44:39Z
119,ECDH-P256,classical,,keygen,0.0206,0.0,0.0,0.0,91,138,0,0,0,0,0,0.0,0.3088,nan,edge/x86_64,,3.12.3,2026-10-09T18:44:39Z
119,ECDH-P256,classical,,encapsulate,0.0568,0.0,0.0,0.0,91,138,0,0,0,0,0,0.0,0.8523,nan,edge/x86_64,,3.12.3,2026-10-09T18:44:39Z
120,ECDH-P256,classical,,keygen,0.017,0.0,0.0,0.0,91,138,0,0,0,0,0,0.0,0.2554,nan,edge/x86_64,,3.12.3,2026-10-09T18:44:39Z
120,ECDH-P256,classical,,encapsulate,0.0564,0.0,0.0,0.0,91,138,0,0,0,0,0,0.0,0.8453,nan,edge/x86_64,,3.12.3,2026-10-09T18:44:39Z
121,ECDH-P256,classical,,keygen,0.0167,0.0,0.0,0.0,91,138,0,0,0,0,0,0.0,0.2508,nan,edge/x86_64,,3.12.3,2026-10-09T18:44:39Z
121,ECDH-P256,classical,,encapsulate,0.0564,0.0,0.0,0.0,91,138,0,0,0,0,0,0.0,0.8464,nan,edge/x86_64,,3.12.3,2026-10-09T18:44:39Z
122,ECDH-P256,classical,,keygen,0.0165,0.0,0.0,0.0,91,138,0,0,0,0,0,0.0,0.2475,nan,edge/x86_64,,3.12.3,2026-10-09T18:44:39Z
122,ECDH-P256,classical,,encapsulate,0.0561,0.0,0.0,0.0,91,138,0,0,0,0,0,0.0,0.8416,nan,edge/x86_64,,3.12.3,2026-10-09T18:44:39Z
123,ECDH-P256,classical,,keygen,0.0168,0.0,0.0,0.0,91,138,0,0,0,0,0,0.0,0.2522,nan,edge/x86_64,,3.12.3,2026-10-09T18:44:39Z
123,ECDH-P256,classical,,encapsulate,0.0561,0.0,0.0,0.0,91,138,0,0,0,0,0,0.0,0.8416,nan,edge/x86_64,,3.12.3,2026-10-09T18:44:39Z
124,ECDH-P256,classical,,keygen,0.0167,0.0,0.0,0.0,91,138,0,0,0,0,0,0.0,0.2502,nan,edge/x86_64,,3.12.3,2026-10-09T18:44:39Z
124,ECDH-P256,classical,,encapsulate,0.0562,0.0,0.0,0.0,91,138,0,0,0,0,0,0.0,0.8431,nan,edge/x86_64,,3.12.3,2026-10-09T18:44:39Z
125,ECDH-P256,classical,,keygen,0.0181,0.0,0.0,0.0,91,138,0,0,0,0,0,0.0,0.2713,nan,edge/x86_64,,3.12.3,2026-10-09T18:44:39Z
125,ECDH-P256,classical,,encapsulate,0.0566,0.0,0.0,0.0,91,138,0,0,0,0,0,0.0,0.8496,nan,edge/x86_64,,3.12.3,2026-10-09T18:44:39Z
126,ECDH-P256,classical,,keygen,0.0555,0.0,0.0,0.0,91,138,0,0,0,0,0,0.0,0.8328,nan,edge/x86_64,,3.12.3,2026-10-09T18:44:39Z
126,ECDH-P256,classical,,encapsulate,0.0581,0.0,0.0,0.0,91,138,0,0,0,0,0,0.0,0.8717,nan,edge/x86_64,,3.12.3,2026-10-09T18:44:39Z
127,ECDH-P256,classical,,keygen,0.0179,0.0,0.0,0.0,91,138,0,0,0,0,0,0.0,0.2691,nan,edge/x86_64,,3.12.3,2026-10-09T18:44:39Z
127,ECDH-P256,classical,,encapsulate,0.0568,0.0,0.0,0.0,91,138,0,0,0,0,0,0.0,0.8515,nan,edge/x86_64,,3.12.3,2026-10-09T18:44:39Z
128,ECDH-P256,classical,,keygen,0.017,0.0,0.0,0.0,91,138,0,0,0,0,0,0.0,0.255,nan,edge/x86_64,,3.12.3,2026-10-09T18:44:39Z
128,ECDH-P256,classical,,encapsulate,0.0569,0.0,0.0,0.0,91,138,0,0,0,0,0,0.0,0.8533,nan,edge/x86_64,,3.12.3,2026-10-09T18:44:39Z
129,ECDH-P256,classical,,keygen,0.0169,0.0,0.0,0.0,91,138,0,0,0,0,0,0.0,0.2542,nan,edge/x86_64,,3.12.3,2026-10-09T18:44:39Z
129,ECDH-P256,classical,,encapsulate,0.0564,0.0,0.0,0.0,91,138,0,0,0,0,0,0.0,0.8463,nan,edge/x86_64,,3.12.3,2026-10-09T18:44:39Z
130,ECDH-P256,classical,,keygen,0.0172,0.0,0.0,0.0,91,138,0,0,0,0,0,0.0,0.2573,nan,edge/x86_64,,3.12.3,2026-10-09T18:44:39Z
130,ECDH-P256,classical,,encapsulate,0.0561,0.0,0.0,0.0,91,138,0,0,0,0,0,0.0,0.8417,nan,edge/x86_64,,3.12.3,2026-10-09T18:44:39Z
131,ECDH-P256,classical,,keygen,0.0168,0.0,0.0,0.0,91,138,0,0,0,0,0,0.0,0.2522,nan,edge/x86_64,,3.12.3,2026-10-09T18:44:39Z
131,ECDH-P256,classical,,encapsulate,0.0565,0.0,0.0,0.0,91,138,0,0,0,0,0,0.0,0.8473,nan,edge/x86_64,,3.12.3,2026-10-09T18:44:39Z
132,ECDH-P256,classical,,keygen,0.0169,0.0,0.0,0.0,91,138,0,0,0,0,0,0.0,0.254,nan,edge/x86_64,,3.12.3,2026-10-09T18:44:39Z
132,ECDH-P256,classical,,encapsulate,0.0729,0.0,0.0,0.0,91,138,0,0,0,0,0,0.0,1.0932,nan,edge/x86_64,,3.12.3,2026-10-09T18:44:39Z
133,ECDH-P256,classical,,keygen,0.019,0.0,0.0,0.0,91,138,0,0,0,0,0,0.0,0.2854,nan,edge/x86_64,,3.12.3,2026-10-09T18:44:39Z
133,ECDH-P256,classical,,encapsulate,0.0568,0.0,0.0,0.0,91,138,0,0,0,0,0,0.0,0.8516,nan,edge/x86_64,,3.12.3,2026-10-09T18:44:39Z
134,ECDH-P256,classical,,keygen,0.017,0.0,0.0,0.0,91,138,0,0,0,0,0,0.0,0.2544,nan,edge/x86_64,,3.12.3,2026-10-09T18:44:39Z
134,ECDH-P256,classical,,encapsulate,0.0561,0.0,0.0,0.0,91,138,0,0,0,0,0,0.0,0.8421,nan,edge/x86_64,,3.12.3,2026-10-09T18:44:39Z
135,ECDH-P256,classical,,keygen,0.0169,0.0,0.0,0.0,91,138,0,0,0,0,0,0.0,0.2528,nan,edge/x86_64,,3.12.3,2026-10-09T18:44:39Z
135,ECDH-P256,classical,,encapsulate,0.0565,0.0,0.0,0.0,91,138,0,0,0,0,0,0.0,0.8479,nan,edge/x86_64,,3.12.3,2026-10-09T18:44:39Z
136,ECDH-P256,classical,,keygen,0.0178,0.0,0.0,0.0,91,138,0,0,0,0,0,0.0,0.2677,nan,edge/x86_64,,3.12.3,2026-10-09T18:44:39Z
136,ECDH-P256,classical,,encapsulate,0.0564,0.0,0.0,0.0,91,138,0,0,0,0,0,0.0,0.8466,nan,edge/x86_64,,3.12.3,2026-10-09T18:44:39Z
137,ECDH-P256,classical,,keygen,0.0173,0.0,0.0,0.0,91,138,0,0,0,0,0,0.0,0.2595,nan,edge/x86_64,,3.12.3,2026-10-09T18:44:39Z
137,ECDH-P256,classical,,encapsulate,0.0561,0.0,0.0,0.0,91,138,0,0,0,0,0,0.0,0.8414,nan,edge/x86_64,,3.12.3,2026-10-09T18:44:39Z
138,ECDH-P256,classical,,keygen,0.0234,0.0,0.0,0.0,91,138,0,0,0,0,0,0.0,0.351,nan,edge/x86_64,,3.12.3,2026-10-09T18:44:39Z
138,ECDH-P256,classical,,encapsulate,0.0572,0.0,0.0,0.0,91,138,0,0,0,0,0,0.0,0.858,nan,edge/x86_64,,3.12.3,2026-10-09T18:44:39Z
139,ECDH-P256,classical,,keygen,0.017,0.0,0.0,0.0,91,138,0,0,0,0,0,0.0,0.2548,nan,edge/x86_64,,3.12.3,2026-10-09T18:44:39Z
139,ECDH-P256,classical,,encapsulate,0.056,0.0,0.0,0.0,91,138,0,0,0,0,0,0.0,0.8404,nan,edge/x86_64,,3.12.3,2026-10-09T18:44:39Z
140,ECDH-P256,classical,,keygen,0.0171,0.0,0.0,0.0,91,138,0,0,0,0,0,0.0,0.2566,nan,edge/x86_64,,3.12.3,2026-10-09T18:44:39Z
140,ECDH-P256,classical,,encapsulate,0.0561,0.0,0.0,0.0,91,138,0,0,0,0,0,0.0,0.8416,nan,edge/x86_64,,3.12.3,2026-10-09T18:44:39Z
141,ECDH-P256,classical,,keygen,0.017,0.0,0.0,0.0,91,138,0,0,0,0,0,0.0,0.2549,nan,edge/x86_64,,3.12.3,2026-10-09T18:44:39Z
141,ECDH-P256,classical,,encapsulate,0.0568,0.0,0.0,0.0,91,138,0,0,0,0,0,0.0,0.8516,nan,edge/x86_64,,3.12.3,2026-10-09T18:44:39Z
142,ECDH-P256,classical,,keygen,0.0171,0.0,0.0,0.0,91,138,0,0,0,0,0,0.0,0.2565,nan,edge/x86_64,,3.12.3,2026-10-09T18:44:39Z
142,ECDH-P256,classical,,encapsulate,0.1353,0.0,0.0,0.0,91,138,0,0,0,0,0,0.0,2.0294,nan,edge/x86_64,,3.12.3,2026-10-09T18:44:39Z
143,ECDH-P256,classical,,keygen,0.0443,0.0,0.0,0.0,91,138,0,0,0,0,0,0.0,0.6646,nan,edge/x86_64,,3.12.3,2026-10-09T18:44:39Z
143,ECDH-P256,classical,,encapsulate,0.0595,0.0,0.0,0.0,91,138,0,0,0,0,0,0.0,0.8931,nan,edge/x86_64,,3.12.3,2026-10-09T18:44:39Z
144,ECDH-P256,classical,,keygen,0.0174,0.0,0.0,0.0,91,138,0,0,0,0,0,0.0,0.2609,nan,edge/x86_64,,3.12.3,2026-10-09T18:44:39Z
144,ECDH-P256,classical,,encapsulate,0.0566,0.0,0.0,0.0,91,138,0,0,0,0,0,0.0,0.8493,nan,edge/x86_64,,3.12.3,2026-10-09T18:44:39Z
145,ECDH-P256,classical,,keygen,0.0176,0.0,0.0,0.0,91,138,0,0,0,0,0,0.0,0.2647,nan,edge/x86_64,,3.12.3,2026-10-09T18:44:39Z
145,ECDH-P256,classical,,encapsulate,0.0567,0.0,0.0,0.0,91,138,0,0,0,0,0,0.0,0.8503,nan,edge/x86_64,,3.12.3,2026-10-09T18:44:39Z
146,ECDH-P256,classical,,keygen,0.0169,0.0,0.0,0.0,91,138,0,0,0,0,0,0.0,0.2534,nan,edge/x86_64,,3.12.3,2026-10-09T18:44:39Z
146,ECDH-P256,classical,,encapsulate,0.0561,0.0,0.0,0.0,91,138,0,0,0,0,0,0.0,0.8414,nan,edge/x86_64,,3.12.3,2026-10-09T18:44:39Z
147,ECDH-P256,classical,,keygen,0.0169,0.0,0.0,0.0,91,138,0,0,0,0,0,0.0,0.2538,nan,edge/x86_64,,3.12.3,2026-10-09T18:44:39Z
147,ECDH-P256,classical,,encapsulate,0.0562,0.0,0.0,0.0,91,138,0,0,0,0,0,0.0,0.843,nan,edge/x86_64,,3.12.3,2026-10-09T18:44:39Z
148,ECDH-P256,classical,,keygen,0.0168,0.0,0.0,0.0,91,138,0,0,0,0,0,0.0,0.252,nan,edge/x86_64,,3.12.3,2026-10-09T18:44:39Z
148,ECDH-P256,classical,,encapsulate,0.0807,0.0,0.0,0.0,91,138,0,0,0,0,0,0.0,1.2103,nan,edge/x86_64,,3.12.3,2026-10-09T18:44:39Z
149,ECDH-P256,classical,,keygen,0.0179,0.0,0.0,0.0,91,138,0,0,0,0,0,0.0,0.2689,nan,edge/x86_64,,3.12.3,2026-10-09T18:44:39Z
149,ECDH-P256,classical,,encapsulate,0.0565,0.0,0.0,0.0,91,138,0,0,0,0,0,0.0,0.8471,nan,edge/x86_64,,3.12.3,2026-10-09T18:44:39Z
150,ECDH-P256,classical,,keygen,0.0168,0.0,0.0,0.0,91,138,0,0,0,0,0,0.0,0.2515,nan,edge/x86_64,,3.12.3,2026-10-09T18:44:39Z
150,ECDH-P256,classical,,encapsulate,0.0562,0.0,0.0,0.0,91,138,0,0,0,0,0,0.0,0.8427,nan,edge/x86_64,,3.12.3,2026-10-09T18:44:39Z
151,ECDH-P256,classical,,keygen,0.017,0.0,0.0,0.0,91,138,0,0,0,0,0,0.0,0.2554,nan,edge/x86_64,,3.12.3,2026-10-09T18:44:39Z
151,ECDH-P256,classical,,encapsulate,0.0563,0.0,0.0,0.0,91,138,0,0,0,0,0,0.0,0.844,nan,edge/x86_64,,3.12.3,2026-10-09T18:44:39Z
152,ECDH-P256,classical,,keygen,0.0169,0.0,0.0,0.0,91,138,0,0,0,0,0,0.0,0.2531,nan,edge/x86_64,,3.12.3,2026-10-09T18:44:39Z
152,ECDH-P256,classical,,encapsulate,0.0561,0.0,0.0,0.0,91,138,0,0,0,0,0,0.0,0.8414,nan,edge/x86_64,,3.12.3,2026-10-09T18:44:39Z
153,ECDH-P256,classical,,keygen,0.017,0.0,0.0,0.0,91,138,0,0,0,0,0,0.0,0.2544,nan,edge/x86_64,,3.12.3,2026-10-09T18:44:39Z
153,ECDH-P256,classical,,encapsulate,0.0567,0.0,0.0,0.0,91,138,0,0,0,0,0,0.0,0.8503,nan,edge/x86_64,,3.12.3,2026-10-09T18:44:39Z
154,ECDH-P256,classical,,keygen,0.0202,0.0,0.0,0.0,91,138,0,0,0,0,0,0.0,0.3028,nan,edge/x86_64,,3.12.3,2026-10-09T18:44:39Z
154,ECDH-P256,classical,,encapsulate,0.057,0.0,0.0,0.0,91,138,0,0,0,0,0,0.0,0.855,nan,edge/x86_64,,3.12.3,2026-10-09T18:44:39Z
155,ECDH-P256,classical,,keygen,0.017,0.0,0.0,0.0,91,138,0,0,0,0,0,0.0,0.2553,nan,edge/x86_64,,3.12.3,2026-10-09T18:44:39Z
155,ECDH-P256,classical,,encapsulate,0.0561,0.0,0.0,0.0,91,138,0,0,0,0,0,0.0,0.8421,nan,edge/x86_64,,3.12.3,2026-10-09T18:44:39Z
156,ECDH-P256,classical,,keygen,0.0167,0.0,0.0,0.0,91,138,0,0,0,0,0,0.0,0.2509,nan,edge/x86_64,,3.12.3,2026-10-09T18:44:39Z
156,ECDH-P256,classical,,encapsulate,0.0566,0.0,0.0,0.0,91,138,0,0,0,0,0,0.0,0.849,nan,edge/x86_64,,3.12.3,2026-10-09T18:44:39Z
157,ECDH-P256,classical,,keygen,0.0298,0.0,0.0,0.0,91,138,0,0,0,0,0,0.0,0.4463,nan,edge/x86_64,,3.12.3,2026-10-09T18:44:39Z
157,ECDH-P256,classical,,encapsulate,0.0566,0.0,0.0,0.0,91,138,0,0,0,0,0,0.0,0.849,nan,edge/x86_64,,3.12.3,2026-10-09T18:44:39Z
158,ECDH-P256,classical,,keygen,0.0168,0.0,0.0,0.0,91,138,0,0,0,0,0,0.0,0.2525,nan,edge/x86_64,,3.12.3,2026-10-09T18:44:39Z
158,ECDH-P256,classical,,encapsulate,0.0855,0.0,0.0,0.0,91,138,0,0,0,0,0,0.0,1.2823,nan,edge/x86_64,,3.12.3,2026-10-09T18:44:39Z
159,ECDH-P256,classical,,keygen,0.0238,0.0,0.0,0.0,91,138,0,0,0,0,0,0.0,0.3577,nan,edge/x86_64,,3.12.3,2026-10-09T18:44:39Z
159,ECDH-P256,classical,,encapsulate,0.0692,0.0,0.0,0.0,91,138,0,0,0,0,0,0.0,1.0383,nan,edge/x86_64,,3.12.3,2026-10-09T18:44:39Z
160,ECDH-P256,classical,,keygen,0.0176,0.0,0.0,0.0,91,138,0,0,0,0,0,0.0,0.2633,nan,edge/x86_64,,3.12.3,2026-10-09T18:44:39Z
160,ECDH-P256,classical,,encapsulate,0.0562,0.0,0.0,0.0,91,138,0,0,0,0,0,0.0,0.8434,nan,edge/x86_64,,3.12.3,2026-10-09T18:44:39Z
161,ECDH-P256,classical,,keygen,0.0171,0.0,0.0,0.0,91,138,0,0,0,0,0,0.0,0.2569,nan,edge/x86_64,,3.12.3,2026-10-09T18:44:39Z
161,ECDH-P256,classical,,encapsulate,0.0563,0.0,0.0,0.0,91,138,0,0,0,0,0,0.0,0.8449,nan,edge/x86_64,,3.12.3,2026-10-09T18:44:39Z
162,ECDH-P256,classical,,keygen,0.0167,0.0,0.0,0.0,91,138,0,0,0,0,0,0.0,0.2499,nan,edge/x86_64,,3.12.3,2026-10-09T18:44:39Z
162,ECDH-P256,classical,,encapsulate,0.056,0.0,0.0,0.0,91,138,0,0,0,0,0,0.0,0.8394,nan,edge/x86_64,,3.12.3,2026-10-09T18:44:39Z
163,ECDH-P256,classical,,keygen,0.0281,0.0,0.0,0.0,91,138,0,0,0,0,0,0.0,0.4222,nan,edge/x86_64,,3.12.3,2026-10-09T18:44:39Z
163,ECDH-P256,classical,,encapsulate,0.0633,0.0,0.0,0.0,91,138,0,0,0,0,0,0.0,0.9489,nan,edge/x86_64,,3.12.3,2026-10-09T18:44:39Z
164,ECDH-P256,classical,,keygen,0.0202,0.0,0.0,0.0,91,138,0,0,0,0,0,0.0,0.3032,nan,edge/x86_64,,3.12.3,2026-10-09T18:44:39Z
164,ECDH-P256,classical,,encapsulate,0.0973,0.0,0.0,0.0,91,138,0,0,0,0,0,0.0,1.4595,nan,edge/x86_64,,3.12.3,2026-10-09T18:44:39Z
165,ECDH-P256,classical,,keygen,0.0365,0.0,0.0,0.0,91,138,0,0,0,0,0,0.0,0.547,nan,edge/x86_64,,3.12.3,2026-10-09T18:44:39Z
165,ECDH-P256,classical,,encapsulate,0.0641,0.0,0.0,0.0,91,138,0,0,0,0,0,0.0,0.961,nan,edge/x86_64,,3.12.3,2026-10-09T18:44:39Z
166,ECDH-P256,classical,,keygen,0.0272,0.0,0.0,0.0,91,138,0,0,0,0,0,0.0,0.4075,nan,edge/x86_64,,3.12.3,2026-10-09T18:44:39Z
166,ECDH-P256,classical,,encapsulate,0.0921,0.0,0.0,0.0,91,138,0,0,0,0,0,0.0,1.381,nan,edge/x86_64,,3.12.3,2026-10-09T18:44:39Z
167,ECDH-P256,classical,,keygen,0.0314,0.0,0.0,0.0,91,138,0,0,0,0,0,0.0,0.4713,nan,edge/x86_64,,3.12.3,2026-10-09T18:44:39Z
167,ECDH-P256,classical,,encapsulate,0.058,0.0,0.0,0.0,91,138,0,0,0,0,0,0.0,0.8696,nan,edge/x86_64,,3.12.3,2026-10-09T18:44:39Z
168,ECDH-P256,classical,,keygen,0.0172,0.0,0.0,0.0,91,138,0,0,0,0,0,0.0,0.2573,nan,edge/x86_64,,3.12.3,2026-10-09T18:44:39Z
168,ECDH-P256,classical,,encapsulate,0.0564,0.0,0.0,0.0,91,138,0,0,0,0,0,0.0,0.8459,nan,edge/x86_64,,3.12.3,2026-10-09T18:44:39Z
169,ECDH-P256,classical,,keygen,0.0169,0.0,0.0,0.0,91,138,0,0,0,0,0,0.0,0.2535,nan,edge/x86_64,,3.12.3,2026-10-09T18:44:39Z
169,ECDH-P256,classical,,encapsulate,0.0562,0.0,0.0,0.0,91,138,0,0,0,0,0,0.0,0.8433,nan,edge/x86_64,,3.12.3,2026-10-09T18:44:39Z
170,ECDH-P256,classical,,keygen,0.0166,0.0,0.0,0.0,91,138,0,0,0,0,0,0.0,0.2495,nan,edge/x86_64,,3.12.3,2026-10-09T18:44:39Z
170,ECDH-P256,classical,,encapsulate,0.0691,0.0,0.0,0.0,91,138,0,0,0,0,0,0.0,1.0367,nan,edge/x86_64,,3.12.3,2026-10-09T18:44:39Z
171,ECDH-P256,classical,,keygen,0.019,0.0,0.0,0.0,91,138,0,0,0,0,0,0.0,0.2847,nan,edge/x86_64,,3.12.3,2026-10-09T18:44:39Z
171,ECDH-P256,classical,,encapsulate,0.0575,0.0,0.0,0.0,91,138,0,0,0,0,0,0.0,0.8623,nan,edge/x86_64,,3.12.3,2026-10-09T18:44:39Z
172,ECDH-P256,classical,,keygen,0.0183,0.0,0.0,0.0,91,138,0,0,0,0,0,0.0,0.2745,nan,edge/x86_64,,3.12.3,2026-10-09T18:44:39Z
172,ECDH-P256,classical,,encapsulate,0.0816,0.0,0.0,0.0,91,138,0,0,0,0,0,0.0,1.2233,nan,edge/x86_64,,3.12.3,2026-10-09T18:44:39Z
173,ECDH-P256,classical,,keygen,0.0221,0.0,0.0,0.0,91,138,0,0,0,0,0,0.0,0.3322,nan,edge/x86_64,,3.12.3,2026-10-09T18:44:39Z
173,ECDH-P256,classical,,encapsulate,0.0576,0.0,0.0,0.0,91,138,0,0,0,0,0,0.0,0.8639,nan,edge/x86_64,,3.12.3,2026-10-09T18:44:39Z
174,ECDH-P256,classical,,keygen,0.0171,0.0,0.0,0.0,91,138,0,0,0,0,0,0.0,0.2565,nan,edge/x86_64,,3.12.3,2026-10-09T18:44:39Z
174,ECDH-P256,classical,,encapsulate,0.0562,0.0,0.0,0.0,91,138,0,0,0,0,0,0.0,0.8428,nan,edge/x86_64,,3.12.3,2026-10-09T18:44:39Z
175,ECDH-P256,classical,,keygen,0.0168,0.0,0.0,0.0,91,138,0,0,0,0,0,0.0,0.2523,nan,edge/x86_64,,3.12.3,2026-10-09T18:44:39Z
175,ECDH-P256,classical,,encapsulate,0.0561,0.0,0.0,0.0,91,138,0,0,0,0,0,0.0,0.8419,nan,edge/x86_64,,3.12.3,2026-10-09T18:44:39Z
176,ECDH-P256,classical,,keygen,0.0167,0.0,0.0,0.0,91,138,0,0,0,0,0,0.0,0.2504,nan,edge/x86_64,,3.12.3,2026-10-09T18:44:39Z
176,ECDH-P256,classical,,encapsulate,0.0561,0.0,0.0,0.0,91,138,0,0,0,0,0,0.0,0.8419,nan,edge/x86_64,,3.12.3,2026-10-09T18:44:39Z
177,ECDH-P256,classical,,keygen,0.0167,0.0,0.0,0.0,91,138,0,0,0,0,0,0.0,0.2503,nan,edge/x86_64,,3.12.3,2026-10-09T18:44:39Z
177,ECDH-P256,classical,,encapsulate,0.0559,0.0,0.0,0.0,91,138,0,0,0,0,0,0.0,0.839,nan,edge/x86_64,,3.12.3,2026-10-09T18:44:39Z
178,ECDH-P256,classical,,keygen,0.0168,0.0,0.0,0.0,91,138,0,0,0,0,0,0.0,0.2515,nan,edge/x86_64,,3.12.3,2026-10-09T18:44:39Z
178,ECDH-P256,classical,,encapsulate,0.0728,0.0,0.0,0.0,91,138,0,0,0,0,0,0.0,1.0913,nan,edge/x86_64,,3.12.3,2026-10-09T18:44:39Z
179,ECDH-P256,classical,,keygen,0.0214,0.0,0.0,0.0,91,138,0,0,0,0,0,0.0,0.3216,nan,edge/x86_64,,3.12.3,2026-10-09T18:44:39Z
179,ECDH-P256,classical,,encapsulate,0.0581,0.0,0.0,0.0,91,138,0,0,0,0,0,0.0,0.8718,nan,edge/x86_64,,3.12.3,2026-10-09T18:44:39Z
180,ECDH-P256,classical,,keygen,0.0176,0.0,0.0,0.0,91,138,0,0,0,0,0,0.0,0.2642,nan,edge/x86_64,,3.12.3,2026-10-09T18:44:39Z
180,ECDH-P256,classical,,encapsulate,0.0563,0.0,0.0,0.0,91,138,0,0,0,0,0,0.0,0.8452,nan,edge/x86_64,,3.12.3,2026-10-09T18:44:39Z
181,ECDH-P256,classical,,keygen,0.0185,0.0,0.0,0.0,91,138,0,0,0,0,0,0.0,0.278,nan,edge/x86_64,,3.12.3,2026-10-09T18:44:39Z
181,ECDH-P256,classical,,encapsulate,0.0566,0.0,0.0,0.0,91,138,0,0,0,0,0,0.0,0.8489,nan,edge/x86_64,,3.12.3,2026-10-09T18:44:39Z
182,ECDH-P256,classical,,keygen,0.017,0.0,0.0,0.0,91,138,0,0,0,0,0,0.0,0.2546,nan,edge/x86_64,,3.12.3,2026-10-09T18:44:39Z
182,ECDH-P256,classical,,encapsulate,0.0563,0.0,0.0,0.0,91,138,0,0,0,0,0,0.0,0.8448,nan,edge/x86_64,,3.12.3,2026-10-09T18:44:39Z
183,ECDH-P256,classical,,keygen,0.0169,0.0,0.0,0.0,91,138,0,0,0,0,0,0.0,0.2538,nan,edge/x86_64,,3.12.3,2026-10-09T18:44:39Z
183,ECDH-P256,classical,,encapsulate,0.0558,0.0,0.0,0.0,91,138,0,0,0,0,0,0.0,0.8372,nan,edge/x86_64,,3.12.3,2026-10-09T18:44:39Z
184,ECDH-P256,classical,,keygen,0.0168,0.0,0.0,0.0,91,138,0,0,0,0,0,0.0,0.2518,nan,edge/x86_64,,3.12.3,2026-10-09T18:44:39Z
184,ECDH-P256,classical,,encapsulate,0.056,0.0,0.0,0.0,91,138,0,0,0,0,0,0.0,0.8393,nan,edge/x86_64,,3.12.3,2026-10-09T18:44:39Z
185,ECDH-P256,classical,,keygen,0.0169,0.0,0.0,0.0,91,138,0,0,0,0,0,0.0,0.2536,nan,edge/x86_64,,3.12.3,2026-10-09T18:44:39Z
185,ECDH-P256,classical,,encapsulate,0.056,0.0,0.0,0.0,91,138,0,0,0,0,0,0.0,0.8393,nan,edge/x86_64,,3.12.3,2026-10-09T18:44:39Z
186,ECDH-P256,classical,,keygen,0.017,0.0,0.0,0.0,91,138,0,0,0,0,0,0.0,0.2545,nan,edge/x86_64,,3.12.3,2026-10-09T18:44:39Z
186,ECDH-P256,classical,,encapsulate,0.0563,0.0,0.0,0.0,91,138,0,0,0,0,0,0.0,0.845,nan,edge/x86_64,,3.12.3,2026-10-09T18:44:39Z
187,ECDH-P256,classical,,keygen,0.0182,0.0,0.0,0.0,91,138,0,0,0,0,0,0.0,0.2736,nan,edge/x86_64,,3.12.3,2026-10-09T18:44:39Z
187,ECDH-P256,classical,,encapsulate,0.1677,0.0,0.0,0.0,91,138,0,0,0,0,0,0.0,2.515,nan,edge/x86_64,,3.12.3,2026-10-09T18:44:39Z
188,ECDH-P256,classical,,keygen,0.0346,0.0,0.0,0.0,91,138,0,0,0,0,0,0.0,0.5193,nan,edge/x86_64,,3.12.3,2026-10-09T18:44:39Z
188,ECDH-P256,classical,,encapsulate,0.0617,0.0,0.0,0.0,91,138,0,0,0,0,0,0.0,0.9257,nan,edge/x86_64,,3.12.3,2026-10-09T18:44:39Z
189,ECDH-P256,classical,,keygen,0.0177,0.0,0.0,0.0,91,138,0,0,0,0,0,0.0,0.2661,nan,edge/x86_64,,3.12.3,2026-10-09T18:44:39Z
189,ECDH-P256,classical,,encapsulate,0.0563,0.0,0.0,0.0,91,138,0,0,0,0,0,0.0,0.844,nan,edge/x86_64,,3.12.3,2026-10-09T18:44:39Z
190,ECDH-P256,classical,,keygen,0.0245,0.0,0.0,0.0,91,138,0,0,0,0,0,0.0,0.3677,nan,edge/x86_64,,3.12.3,2026-10-09T18:44:39Z
190,ECDH-P256,classical,,encapsulate,0.0578,0.0,0.0,0.0,91,138,0,0,0,0,0,0.0,0.8676,nan,edge/x86_64,,3.12.3,2026-10-09T18:44:39Z
191,ECDH-P256,classical,,keygen,0.0176,0.0,0.0,0.0,91,138,0,0,0,0,0,0.0,0.2641,nan,edge/x86_64,,3.12.3,2026-10-09T18:44:39Z
191,ECDH-P256,classical,,encapsulate,0.0605,0.0,0.0,0.0,91,138,0,0,0,0,0,0.0,0.9074,nan,edge/x86_64,,3.12.3,2026-10-09T18:44:39Z
192,ECDH-P256,classical,,keygen,0.0172,0.0,0.0,0.0,91,138,0,0,0,0,0,0.0,0.2586,nan,edge/x86_64,,3.12.3,2026-10-09T18:44:39Z
192,ECDH-P256,classical,,encapsulate,0.0563,0.0,0.0,0.0,91,138,0,0,0,0,0,0.0,0.8438,nan,edge/x86_64,,3.12.3,2026-10-09T18:44:39Z
193,ECDH-P256,classical,,keygen,0.0167,0.0,0.0,0.0,91,138,0,0,0,0,0,0.0,0.2511,nan,edge/x86_64,,3.12.3,2026-10-09T18:44:39Z
193,ECDH-P256,classical,,encapsulate,0.0561,0.0,0.0,0.0,91,138,0,0,0,0,0,0.0,0.8411,nan,edge/x86_64,,3.12.3,2026-10-09T18:44:39Z
194,ECDH-P256,classical,,keygen,0.017,0.0,0.0,0.0,91,138,0,0,0,0,0,0.0,0.2553,nan,edge/x86_64,,3.12.3,2026-10-09T18:44:39Z
194,ECDH-P256,classical,,encapsulate,0.0568,0.0,0.0,0.0,91,138,0,0,0,0,0,0.0,0.8518,nan,edge/x86_64,,3.12.3,2026-10-09T18:44:39Z
195,ECDH-P256,classical,,keygen,0.0169,0.0,0.0,0.0,91,138,0,0,0,0,0,0.0,0.2541,nan,edge/x86_64,,3.12.3,2026-10-09T18:44:39Z
195,ECDH-P256,classical,,encapsulate,0.056,0.0,0.0,0.0,91,138,0,0,0,0,0,0.0,0.8407,nan,edge/x86_64,,3.12.3,2026-10-09T18:44:39Z
196,ECDH-P256,classical,,keygen,0.0173,0.0,0.0,0.0,91,138,0,0,0,0,0,0.0,0.2593,nan,edge/x86_64,,3.12.3,2026-10-09T18:44:39Z
196,ECDH-P256,classical,,encapsulate,0.0559,0.0,0.0,0.0,91,138,0,0,0,0,0,0.0,0.8391,nan,edge/x86_64,,3.12.3,2026-10-09T18:44:39Z
197,ECDH-P256,classical,,keygen,0.0169,0.0,0.0,0.0,91,138,0,0,0,0,0,0.0,0.2532,nan,edge/x86_64,,3.12.3,2026-10-09T18:44:39Z
197,ECDH-P256,classical,,encapsulate,0.056,0.0,0.0,0.0,91,138,0,0,0,0,0,0.0,0.8399,nan,edge/x86_64,,3.12.3,2026-10-09T18:44:39Z
198,ECDH-P256,classical,,keygen,0.0171,0.0,0.0,0.0,91,138,0,0,0,0,0,0.0,0.2571,nan,edge/x86_64,,3.12.3,2026-10-09T18:44:39Z
198,ECDH-P256,classical,,encapsulate,0.056,0.0,0.0,0.0,91,138,0,0,0,0,0,0.0,0.8396,nan,edge/x86_64,,3.12.3,2026-10-09T18:44:39Z
199,ECDH-P256,classical,,keygen,0.0176,0.0,0.0,0.0,91,138,0,0,0,0,0,0.0,0.2635,nan,edge/x86_64,,3.12.3,2026-10-09T18:44:39Z
199,ECDH-P256,classical,,encapsulate,0.0561,0.0,0.0,0.0,91,138,0,0,0,0,0,0.0,0.8413,nan,edge/x86_64,,3.12.3,2026-10-09T18:44:39Z
0,ECDH-P384,classical,,keygen,0.1533,0.0,0.0,0.0,120,185,0,0,0,0,0,0.0,2.3001,nan,edge/x86_64,,3.12.3,2026-10-09T18:44:39Z
0,ECDH-P384,classical,,encapsulate,0.5235,0.0,0.0,0.0,120,185,0,0,0,0,0,0.0,7.8526,nan,edge/x86_64,,3.12.3,2026-10-09T18:44:39Z
1,ECDH-P384,classical,,keygen,0.2352,0.0,0.0,0.0,120,185,0,0,0,0,0,0.0,3.5277,nan,edge/x86_64,,3.12.3,2026-10-09T18:44:39Z
1,ECDH-P384,classical,,encapsulate,0.7334,0.0,0.0,0.0,120,185,0,0,0,0,0,0.0,11.0005,nan,edge/x86_64,,3.12.3,2026-10-09T18:44:39Z
2,ECDH-P384,classical,,keygen,0.2788,0.0,0.0,0.0,120,185,0,0,0,0,0,0.0,4.1821,nan,edge/x86_64,,3.12.3,2026-10-09T18:44:39Z
2,ECDH-P384,classical,,encapsulate,0.638,0.0,0.0,0.0,120,185,0,0,0,0,0,0.0,9.5693,nan,edge/x86_64,,3.12.3,2026-10-09T18:44:39Z
3,ECDH-P384,classical,,keygen,0.2401,0.0,0.0,0.0,120,185,0,0,0,0,0,0.0,3.6016,nan,edge/x86_64,,3.12.3,2026-10-09T18:44:39Z
3,ECDH-P384,classical,,encapsulate,0.682,0.0,0.0,0.0,120,185,0,0,0,0,0,0.0,10.2293,nan,edge/x86_64,,3.12.3,2026-10-09T18:44:39Z
4,ECDH-P384,classical,,keygen,0.607,0.0,0.0,0.0,120,185,0,0,0,0,0,0.0,9.1056,nan,edge/x86_64,,3.12.3,2026-10-09T18:44:39Z
4,ECDH-P384,classical,,encapsulate,0.6488,0.0,0.0,0.0,120,185,0,0,0,0,0,0.0,9.7323,nan,edge/x86_64,,3.12.3,2026-10-09T18:44:39Z
5,ECDH-P384,classical,,keygen,0.2425,0.0,0.0,0.0,120,185,0,0,0,0,0,0.0,3.6376,nan,edge/x86_64,,3.12.3,2026-10-09T18:44:39Z
5,ECDH-P384,classical,,encapsulate,0.5075,0.0,0.0,0.0,120,185,0,0,0,0,0,0.0,7.6129,nan,edge/x86_64,,3.12.3,2026-10-09T18:44:39Z
6,ECDH-P384,classical,,keygen,0.2928,0.0,0.0,0.0,120,185,0,0,0,0,0,0.0,4.3919,nan,edge/x86_64,,3.12.3,2026-10-09T18:44:39Z
6,ECDH-P384,classical,,encapsulate,0.6538,0.0,0.0,0.0,120,185,0,0,0,0,0,0.0,9.8064,nan,edge/x86_64,,3.12.3,2026-10-09T18:44:39Z
7,ECDH-P384,classical,,keygen,0.25,0.0,0.0,0.0,120,185,0,0,0,0,0,0.0,3.7493,nan,edge/x86_64,,3.12.3,2026-10-09T18:44:39Z
7,ECDH-P384,classical,,encapsulate,0.7083,0.0,0.0,0.0,120,185,0,0,0,0,0,0.0,10.6247,nan,edge/x86_64,,3.12.3,2026-10-09T18:44:39Z
8,ECDH-P384,classical,,keygen,0.2699,0.0,0.0,0.0,120,185,0,0,0,0,0,0.0,4.0491,nan,edge/x86_64,,3.12.3,2026-10-09T18:44:39Z
8,ECDH-P384,classical,,encapsulate,0.6338,0.0,0.0,0.0,120,185,0,0,0,0,0,0.0,9.507,nan,edge/x86_64,,3.12.3,2026-10-09T18:44:39Z
9,ECDH-P384,classical,,keygen,0.2674,0.0,0.0,0.0,120,185,0,0,0,0,0,0.0,4.0103,nan,edge/x86_64,,3.12.3,2026-10-09T18:44:39Z
9,ECDH-P384,classical,,encapsulate,0.6587,0.0,0.0,0.0,120,185,0,0,0,0,0,0.0,9.8807,nan,edge/x86_64,,3.12.3,2026-10-09T18:44:39Z
10,ECDH-P384,classical,,keygen,0.2612,0.0,0.0,0.0,120,185,0,0,0,0,0,0.0,3.9178,nan,edge/x86_64,,3.12.3,2026-10-09T18:44:39Z
10,ECDH-P384,classical,,encapsulate,0.623,0.0,0.0,0.0,120,185,0,0,0,0,0,0.0,9.3455,nan,edge/x86_64,,3.12.3,2026-10-09T18:44:39Z
11,ECDH-P384,classical,,keygen,0.2702,0.0,0.0,0.0,120,185,0,0,0,0,0,0.0,4.0535,nan,edge/x86_64,,3.12.3,2026-10-09T18:44:39Z
11,ECDH-P384,classical,,encapsulate,0.65,0.0,0.0,0.0,120,185,0,0,0,0,0,0.0,9.7507,nan,edge/x86_64,,3.12.3,2026-10-09T18:44:39Z
12,ECDH-P384,classical,,keygen,0.2424,0.0,0.0,0.0,120,185,0,0,0,0,0,0.0,3.6363,nan,edge/x86_64,,3.12.3,2026-10-09T18:44:39Z
12,ECDH-P384,classical,,encapsulate,0.7095,0.0,0.0,0.0,120,185,0,0,0,0,0,0.0,10.6432,nan,edge/x86_64,,3.12.3,2026-10-09T18:44:39Z
13,ECDH-P384,classical,,keygen,0.2574,0.0,0.0,0.0,120,185,0,0,0,0,0,0.0,3.8605,nan,edge/x86_64,,3.12.3,2026-10-09T18:44:39Z
13,ECDH-P384,classical,,encapsulate,0.676,0.0,0.0,0.0,120,185,0,0,0,0,0,0.0,10.14,nan,edge/x86_64,,3.12.3,2026-10-09T18:44:39Z
14,ECDH-P384,classical,,keygen,0.2574,0.0,0.0,0.0,120,185,0,0,0,0,0,0.0,3.8604,nan,edge/x86_64,,3.12.3,2026-10-09T18:44:39Z
14,ECDH-P384,classical,,encapsulate,0.7689,0.0,0.0,0.0,120,185,0,0,0,0,0,0.0,11.5337,nan,edge/x86_64,,3.12.3,2026-10-09T18:44:39Z
15,ECDH-P384,classical,,keygen,0.2306,0.0,0.0,0.0,120,185,0,0,0,0,0,0.0,3.4594,nan,edge/x86_64,,3.12.3,2026-10-09T18:44:39Z
15,ECDH-P384,classical,,encapsulate,0.6582,0.0,0.0,0.0,120,185,0,0,0,0,0,0.0,9.8734,nan,edge/x86_64,,3.12.3,2026-10-09T18:44:39Z
16,ECDH-P384,classical,,keygen,0.428,0.0,0.0,0.0,120,185,0,0,0,0,0,0.0,6.4194,nan,edge/x86_64,,3.12.3,2026-10-09T18:44:39Z
16,ECDH-P384,classical,,encapsulate,0.6528,0.0,0.0,0.0,120,185,0,0,0,0,0,0.0,9.7925,nan,edge/x86_64,,3.12.3,2026-10-09T18:44:39Z
17,ECDH-P384,classical,,keygen,0.2617,0.0,0.0,0.0,120,185,0,0,0,0,0,0.0,3.9253,nan,edge/x86_64,,3.12.3,2026-10-09T18:44:39Z
17,ECDH-P384,classical,,encapsulate,0.6411,0.0,0.0,0.0,120,185,0,0,0,0,0,0.0,9.616,nan,edge/x86_64,,3.12.3,2026-10-09T18:44:39Z
18,ECDH-P384,classical,,keygen,0.3117,0.0,0.0,0.0,120,185,0,0,0,0,0,0.0,4.6757,nan,edge/x86_64,,3.12.3,2026-10-09T18:44:39Z
18,ECDH-P384,classical,,encapsulate,0.6865,0.0,0.0,0.0,120,185,0,0,0,0,0,0.0,10.2975,nan,edge/x86_64,,3.12.3,2026-10-09T18:44:39Z
19,ECDH-P384,classical,,keygen,0.2542,0.0,0.0,0.0,120,185,0,0,0,0,0,0.0,3.8129,nan,edge/x86_64,,3.12.3,2026-10-09T18:44:39Z
19,ECDH-P384,classical,,encapsulate,0.6089,0.0,0.0,0.0,120,185,0,0,0,0,0,0.0,9.1328,nan,edge/x86_64,,3.12.3,2026-10-09T18:44:39Z
20,ECDH-P384,classical,,keygen,0.2532,0.0,0.0,0.0,120,185,0,0,0,0,0,0.0,3.7986,nan,edge/x86_64,,3.12.3,2026-10-09T18:44:39Z
20,ECDH-P384,classical,,encapsulate,0.6362,0.0,0.0,0.0,120,185,0,0,0,0,0,0.0,9.5433,nan,edge/x86_64,,3.12.3,2026-10-09T18:44:39Z
21,ECDH-P384,classical,,keygen,0.2762,0.0,0.0,0.0,120,185,0,0,0,0,0,0.0,4.1429,nan,edge/x86_64,,3.12.3,2026-10-09T18:44:39Z
21,ECDH-P384,classical,,encapsulate,0.6213,0.0,0.0,0.0,120,185,0,0,0,0,0,0.0,9.32,nan,edge/x86_64,,3.12.3,2026-10-09T18:44:39Z
22,ECDH-P384,classical,,keygen,0.292,0.0,0.0,0.0,120,185,0,0,0,0,0,0.0,4.38,nan,edge/x86_64,,3.12.3,2026-10-09T18:44:39Z
22,ECDH-P384,classical,,encapsulate,0.6386,0.0,0.0,0.0,120,185,0,0,0,0,0,0.0,9.5792,nan,edge/x86_64,,3.12.3,2026-10-09T18:44:39Z
23,ECDH-P384,classical,,keygen,0.2476,0.0,0.0,0.0,120,185,0,0,0,0,0,0.0,3.7142,nan,edge/x86_64,,3.12.3,2026-10-09T18:44:39Z
23,ECDH-P384,classical,,encapsulate,0.9627,0.0,0.0,0.0,120,185,0,0,0,0,0,0.0,14.4408,nan,edge/x86_64,,3.12.3,2026-10-09T18:44:39Z
24,ECDH-P384,classical,,keygen,0.2972,0.0,0.0,0.0,120,185,0,0,0,0,0,0.0,4.4574,nan,edge/x86_64,,3.12.3,2026-10-09T18:44:39Z
24,ECDH-P384,classical,,encapsulate,0.7086,0.0,0.0,0.0,120,185,0,0,0,0,0,0.0,10.6287,nan,edge/x86_64,,3.12.3,2026-10-09T18:44:39Z
25,ECDH-P384,classical,,keygen,0.2691,0.0,0.0,0.0,120,185,0,0,0,0,0,0.0,4.0369,nan,edge/x86_64,,3.12.3,2026-10-09T18:44:39Z
25,ECDH-P384,classical,,encapsulate,0.6,0.0,0.0,0.0,120,185,0,0,0,0,0,0.0,8.9999,nan,edge/x86_64,,3.12.3,2026-10-09T18:44:39Z
26,ECDH-P384,classical,,keygen,0.2677,0.0,0.0,0.0,120,185,0,0,0,0,0,0.0,4.0152,nan,edge/x86_64,,3.12.3,2026-10-09T18:44:39Z
26,ECDH-P384,classical,,encapsulate,0.6404,0.0,0.0,0.0,120,185,0,0,0,0,0,0.0,9.6066,nan,edge/x86_64,,3.12.3,2026-10-09T18:44:39Z
27,ECDH-P384,classical,,keygen,0.2427,0.0,0.0,0.0,120,185,0,0,0,0,0,0.0,3.6411,nan,edge/x86_64,,3.12.3,2026-10-09T18:44:39Z
27,ECDH-P384,classical,,encapsulate,0.5897,0.0,0.0,0.0,120,185,0,0,0,0,0,0.0,8.8459,nan,edge/x86_64,,3.12.3,2026-10-09T18:44:39Z
28,ECDH-P384,classical,,keygen,0.2486,0.0,0.0,0.0,120,185,0,0,0,0,0,0.0,3.7292,nan,edge/x86_64,,3.12.3,2026-10-09T18:44:39Z
28,ECDH-P384,classical,,encapsulate,0.5216,0.0,0.0,0.0,120,185,0,0,0,0,0,0.0,7.8241,nan,edge/x86_64,,3.12.3,2026-10-09T18:44:39Z
29,ECDH-P384,classical,,keygen,0.2634,0.0,0.0,0.0,120,185,0,0,0,0,0,0.0,3.9507,nan,edge/x86_64,,3.12.3,2026-10-09T18:44:39Z
29,ECDH-P384,classical,,encapsulate,0.6122,0.0,0.0,0.0,120,185,0,0,0,0,0,0.0,9.1832,nan,edge/x86_64,,3.12.3,2026-10-09T18:44:39Z
30,ECDH-P384,classical,,keygen,0.2445,0.0,0.0,0.0,120,185,0,0,0,0,0,0.0,3.6678,nan,edge/x86_64,,3.12.3,2026-10-09T18:44:39Z
30,ECDH-P384,classical,,encapsulate,0.4787,0.0,0.0,0.0,120,185,0,0,0,0,0,0.0,7.1807,nan,edge/x86_64,,3.12.3,2026-10-09T18:44:39Z
31,ECDH-P384,classical,,keygen,0.2415,0.0,0.0,0.0,120,185,0,0,0,0,0,0.0,3.6227,nan,edge/x86_64,,3.12.3,2026-10-09T18:44:39Z
31,ECDH-P384,classical,,encapsulate,0.6314,0.0,0.0,0.0,120,185,0,0,0,0,0,0.0,9.4712,nan,edge/x86_64,,3.12.3,2026-10-09T18:44:39Z
32,ECDH-P384,classical,,keygen,0.3102,0.0,0.0,0.0,120,185,0,0,0,0,0,0.0,4.6523,nan,edge/x86_64,,3.12.3,2026-10-09T18:44:39Z
32,ECDH-P384,classical,,encapsulate,0.7734,0.0,0.0,0.0,120,185,0,0,0,0,0,0.0,11.6012,nan,edge/x86_64,,3.12.3,2026-10-09T18:44:39Z
33,ECDH-P384,classical,,keygen,0.2935,0.0,0.0,0.0,120,185,0,0,0,0,0,0.0,4.4028,nan,edge/x86_64,,3.12.3,2026-10-09T18:44:39Z
33,ECDH-P384,classical,,encapsulate,0.7374,0.0,0.0,0.0,120,185,0,0,0,0,0,0.0,11.0616,nan,edge/x86_64,,3.12.3,2026-10-09T18:44:39Z
34,ECDH-P384,classical,,keygen,0.3256,0.0,0.0,0.0,120,185,0,0,0,0,0,0.0,4.8836,nan,edge/x86_64,,3.12.3,2026-10-09T18:44:39Z
34,ECDH-P384,classical,,encapsulate,0.724,0.0,0.0,0.0,120,185,0,0,0,0,0,0.0,10.8603,nan,edge/x86_64,,3.12.3,2026-10-09T18:44:39Z
35,ECDH-P384,classical,,keygen,0.3231,0.0,0.0,0.0,120,185,0,0,0,0,0,0.0,4.8458,nan,edge/x86_64,,3.12.3,2026-10-09T18:44:39Z
35,ECDH-P384,classical,,encapsulate,0.6932,0.0,0.0,0.0,120,185,0,0,0,0,0,0.0,10.3984,nan,edge/x86_64,,3.12.3,2026-10-09T18:44:39Z
36,ECDH-P384,classical,,keygen,0.3124,0.0,0.0,0.0,120,185,0,0,0,0,0,0.0,4.6853,nan,edge/x86_64,,3.12.3,2026-10-09T18:44:39Z
36,ECDH-P384,classical,,encapsulate,0.7838,0.0,0.0,0.0,120,185,0,0,0,0,0,0.0,11.7576,nan,edge/x86_64,,3.12.3,2026-10-09T18:44:39Z
37,ECDH-P384,classical,,keygen,0.2913,0.0,0.0,0.0,120,185,0,0,0,0,0,0.0,4.37,nan,edge/x86_64,,3.12.3,2026-10-09T18:44:39Z
37,ECDH-P384,classical,,encapsulate,0.4963,0.0,0.0,0.0,120,185,0,0,0,0,0,0.0,7.4443,nan,edge/x86_64,,3.12.3,2026-10-09T18:44:39Z
38,ECDH-P384,classical,,keygen,0.3048,0.0,0.0,0.0,120,185,0,0,0,0,0,0.0,4.5716,nan,edge/x86_64,,3.12.3,2026-10-09T18:44:39Z
38,ECDH-P384,classical,,encapsulate,0.4428,0.0,0.0,0.0,120,185,0,0,0,0,0,0.0,6.6425,nan,edge/x86_64,,3.12.3,2026-10-09T18:44:39Z
39,ECDH-P384,classical,,keygen,0.1837,0.0,0.0,0.0,120,185,0,0,0,0,0,0.0,2.7549,nan,edge/x86_64,,3.12.3,2026-10-09T18:44:39Z
39,ECDH-P384,classical,,encapsulate,0.4306,0.0,0.0,0.0,120,185,0,0,0,0,0,0.0,6.4584,nan,edge/x86_64,,3.12.3,2026-10-09T18:44:39Z
40,ECDH-P384,classical,,keygen,0.2167,0.0,0.0,0.0,120,185,0,0,0,0,0,0.0,3.2509,nan,edge/x86_64,,3.12.3,2026-10-09T18:44:39Z
40,ECDH-P384,classical,,encapsulate,0.4257,0.0,0.0,0.0,120,185,0,0,0,0,0,0.0,6.3848,nan,edge/x86_64,,3.12.3,2026-10-09T18:44:39Z
41,ECDH-P384,classical,,keygen,0.1684,0.0,0.0,0.0,120,185,0,0,0,0,0,0.0,2.5266,nan,edge/x86_64,,3.12.3,2026-10-09T18:44:39Z
41,ECDH-P384,classical,,encapsulate,0.4138,0.0,0.0,0.0,120,185,0,0,0,0,0,0.0,6.2074,nan,edge/x86_64,,3.12.3,2026-10-09T18:44:39Z
42,ECDH-P384,classical,,keygen,0.1738,0.0,0.0,0.0,120,185,0,0,0,0,0,0.0,2.6076,nan,edge/x86_64,,3.12.3,2026-10-09T18:44:39Z
42,ECDH-P384,classical,,encapsulate,0.4353,0.0,0.0,0.0,120,185,0,0,0,0,0,0.0,6.5297,nan,edge/x86_64,,3.12.3,2026-10-09T18:44:39Z
43,ECDH-P384,classical,,keygen,0.1872,0.0,0.0,0.0,120,185,0,0,0,0,0,0.0,2.8086,nan,edge/x86_64,,3.12.3,2026-10-09T18:44:39Z
43,ECDH-P384,classical,,encapsulate,0.4292,0.0,0.0,0.0,120,185,0,0,0,0,0,0.0,6.4375,nan,edge/x86_64,,3.12.3,2026-10-09T18:44:39Z
44,ECDH-P384,classical,,keygen,0.1819,0.0,0.0,0.0,120,185,0,0,0,0,0,0.0,2.7278,nan,edge/x86_64,,3.12.3,2026-10-09T18:44:39Z
44,ECDH-P384,classical,,encapsulate,0.4245,0.0,0.0,0.0,120,185,0,0,0,0,0,0.0,6.3681,nan,edge/x86_64,,3.12.3,2026-10-09T18:44:39Z
45,ECDH-P384,classical,,keygen,0.1718,0.0,0.0,0.0,120,185,0,0,0,0,0,0.0,2.5765,nan,edge/x86_64,,3.12.3,2026-10-09T18:44:39Z
45,ECDH-P384,classical,,encapsulate,0.4198,0.0,0.0,0.0,120,185,0,0,0,0,0,0.0,6.2975,nan,edge/x86_64,,3.12.3,2026-10-09T18:44:39Z
46,ECDH-P384,classical,,keygen,0.1732,0.0,0.0,0.0,120,185,0,0,0,0,0,0.0,2.5982,nan,edge/x86_64,,3.12.3,2026-10-09T18:44:39Z
46,ECDH-P384,classical,,encapsulate,0.4523,0.0,0.0,0.0,120,185,0,0,0,0,0,0.0,6.7844,nan,edge/x86_64,,3.12.3,2026-10-09T18:44:39Z
47,ECDH-P384,classical,,keygen,0.1731,0.0,0.0,0.0,120,185,0,0,0,0,0,0.0,2.5962,nan,edge/x86_64,,3.12.3,2026-10-09T18:44:39Z
47,ECDH-P384,classical,,encapsulate,0.543,0.0,0.0,0.0,120,185,0,0,0,0,0,0.0,8.1445,nan,edge/x86_64,,3.12.3,2026-10-09T18:44:39Z
48,ECDH-P384,classical,,keygen,0.1847,0.0,0.0,0.0,120,185,0,0,0,0,0,0.0,2.7707,nan,edge/x86_64,,3.12.3,2026-10-09T18:44:39Z
48,ECDH-P384,classical,,encapsulate,0.5024,0.0,0.0,0.0,120,185,0,0,0,0,0,0.0,7.5363,nan,edge/x86_64,,3.12.3,2026-10-09T18:44:39Z
49,ECDH-P384,classical,,keygen,0.1807,0.0,0.0,0.0,120,185,0,0,0,0,0,0.0,2.7103,nan,edge/x86_64,,3.12.3,2026-10-09T18:44:39Z
49,ECDH-P384,classical,,encapsulate,0.4429,0.0,0.0,0.0,120,185,0,0,0,0,0,0.0,6.6429,nan,edge/x86_64,,3.12.3,2026-10-09T18:44:39Z
50,ECDH-P384,classical,,keygen,0.166,0.0,0.0,0.0,120,185,0,0,0,0,0,0.0,2.4904,nan,edge/x86_64,,3.12.3,2026-10-09T18:44:39Z
50,ECDH-P384,classical,,encapsulate,0.4937,0.0,0.0,0.0,120,185,0,0,0,0,0,0.0,7.4055,nan,edge/x86_64,,3.12.3,2026-10-09T18:44:39Z
51,ECDH-P384,classical,,keygen,0.1793,0.0,0.0,0.0,120,185,0,0,0,0,0,0.0,2.6896,nan,edge/x86_64,,3.12.3,2026-10-09T18:44:39Z
51,ECDH-P384,classical,,encapsulate,0.4692,0.0,0.0,0.0,120,185,0,0,0,0,0,0.0,7.0377,nan,edge/x86_64,,3.12.3,2026-10-09T18:44:39Z
52,ECDH-P384,classical,,keygen,0.1863,0.0,0.0,0.0,120,185,0,0,0,0,0,0.0,2.7943,nan,edge/x86_64,,3.12.3,2026-10-09T18:44:39Z
52,ECDH-P384,classical,,encapsulate,0.5187,0.0,0.0,0.0,120,185,0,0,0,0,0,0.0,7.7809,nan,edge/x86_64,,3.12.3,2026-10-09T18:44:39Z
53,ECDH-P384,classical,,keygen,0.1883,0.0,0.0,0.0,120,185,0,0,0,0,0,0.0,2.8248,nan,edge/x86_64,,3.12.3,2026-10-09T18:44:39Z
53,ECDH-P384,classical,,encapsulate,0.4756,0.0,0.0,0.0,120,185,0,0,0,0,0,0.0,7.1345,nan,edge/x86_64,,3.12.3,2026-10-09T18:44:39Z
54,ECDH-P384,classical,,keygen,0.186,0.0,0.0,0.0,120,185,0,0,0,0,0,0.0,2.7905,nan,edge/x86_64,,3.12.3,2026-10-09T18:44:39Z
54,ECDH-P384,classical,,encapsulate,0.5072,0.0,0.0,0.0,120,185,0,0,0,0,0,0.0,7.6081,nan,edge/x86_64,,3.12.3,2026-10-09T18:44:39Z
55,ECDH-P384,classical,,keygen,0.1807,0.0,0.0,0.0,120,185,0,0,0,0,0,0.0,2.7106,nan,edge/x86_64,,3.12.3,2026-10-09T18:44:39Z
55,ECDH-P384,classical,,encapsulate,0.5275,0.0,0.0,0.0,120,185,0,0,0,0,0,0.0,7.9131,nan,edge/x86_64,,3.12.3,2026-10-09T18:44:39Z
56,ECDH-P384,classical,,keygen,0.193,0.0,0.0,0.0,120,185,0,0,0,0,0,0.0,2.8956,nan,edge/x86_64,,3.12.3,2026-10-09T18:44:39Z
56,ECDH-P384,classical,,encapsulate,0.5566,0.0,0.0,0.0,120,185,0,0,0,0,0,0.0,8.3488,nan,edge/x86_64,,3.12.3,2026-10-09T18:44:39Z
57,ECDH-P384,classical,,keygen,0.184,0.0,0.0,0.0,120,185,0,0,0,0,0,0.0,2.7595,nan,edge/x86_64,,3.12.3,2026-10-09T18:44:39Z
57,ECDH-P384,classical,,encapsulate,0.4695,0.0,0.0,0.0,120,185,0,0,0,0,0,0.0,7.0427,nan,edge/x86_64,,3.12.3,2026-10-09T18:44:39Z
58,ECDH-P384,classical,,keygen,0.1757,0.0,0.0,0.0,120,185,0,0,0,0,0,0.0,2.6352,nan,edge/x86_64,,3.12.3,2026-10-09T18:44:39Z
58,ECDH-P384,classical,,encapsulate,0.5036,0.0,0.0,0.0,120,185,0,0,0,0,0,0.0,7.5535,nan,edge/x86_64,,3.12.3,2026-10-09T18:44:39Z
59,ECDH-P384,classical,,keygen,0.1894,0.0,0.0,0.0,120,185,0,0,0,0,0,0.0,2.841,nan,edge/x86_64,,3.12.3,2026-10-09T18:44:39Z
59,ECDH-P384,classical,,encapsulate,0.4724,0.0,0.0,0.0,120,185,0,0,0,0,0,0.0,7.0855,nan,edge/x86_64,,3.12.3,2026-10-09T18:44:39Z
60,ECDH-P384,classical,,keygen,0.1805,0.0,0.0,0.0,120,185,0,0,0,0,0,0.0,2.7082,nan,edge/x86_64,,3.12.3,2026-10-09T18:44:39Z
60,ECDH-P384,classical,,encapsulate,0.511,0.0,0.0,0.0,120,185,0,0,0,0,0,0.0,7.6653,nan,edge/x86_64,,3.12.3,2026-10-09T18:44:39Z
61,ECDH-P384,classical,,keygen,0.196,0.0,0.0,0.0,120,185,0,0,0,0,0,0.0,2.9394,nan,edge/x86_64,,3.12.3,2026-10-09T18:44:39Z
61,ECDH-P384,classical,,encapsulate,0.4797,0.0,0.0,0.0,120,185,0,0,0,0,0,0.0,7.196,nan,edge/x86_64,,3.12.3,2026-10-09T18:44:39Z
62,ECDH-P384,classical,,keygen,0.1826,0.0,0.0,0.0,120,185,0,0,0,0,0,0.0,2.7393,nan,edge/x86_64,,3.12.3,2026-10-09T18:44:39Z
62,ECDH-P384,classical,,encapsulate,0.52,0.0,0.0,0.0,120,185,0,0,0,0,0,0.0,7.8007,nan,edge/x86_64,,3.12.3,2026-10-09T18:44:39Z
63,ECDH-P384,classical,,keygen,0.1876,0.0,0.0,0.0,120,185,0,0,0,0,0,0.0,2.8138,nan,edge/x86_64,,3.12.3,2026-10-09T18:44:39Z
63,ECDH-P384,classical,,encapsulate,0.4743,0.0,0.0,0.0,120,185,0,0,0,0,0,0.0,7.1144,nan,edge/x86_64,,3.12.3,2026-10-09T18:44:39Z
64,ECDH-P384,classical,,keygen,0.1822,0.0,0.0,0.0,120,185,0,0,0,0,0,0.0,2.733,nan,edge/x86_64,,3.12.3,2026-10-09T18:44:39Z
64,ECDH-P384,classical,,encapsulate,0.5833,0.0,0.0,0.0,120,185,0,0,0,0,0,0.0,8.7492,nan,edge/x86_64,,3.12.3,2026-10-09T18:44:39Z
65,ECDH-P384,classical,,keygen,0.224,0.0,0.0,0.0,120,185,0,0,0,0,0,0.0,3.3595,nan,edge/x86_64,,3.12.3,2026-10-09T18:44:39Z
65,ECDH-P384,classical,,encapsulate,0.5667,0.0,0.0,0.0,120,185,0,0,0,0,0,0.0,8.4999,nan,edge/x86_64,,3.12.3,2026-10-09T18:44:39Z
66,ECDH-P384,classical,,keygen,0.2053,0.0,0.0,0.0,120,185,0,0,0,0,0,0.0,3.0801,nan,edge/x86_64,,3.12.3,2026-10-09T18:44:39Z
66,ECDH-P384,classical,,encapsulate,0.6711,0.0,0.0,0.0,120,185,0,0,0,0,0,0.0,10.0658,nan,edge/x86_64,,3.12.3,2026-10-09T18:44:39Z
67,ECDH-P384,classical,,keygen,0.2884,0.0,0.0,0.0,120,185,0,0,0,0,0,0.0,4.3256,nan,edge/x86_64,,3.12.3,2026-10-09T18:44:39Z
67,ECDH-P384,classical,,encapsulate,0.6453,0.0,0.0,0.0,120,185,0,0,0,0,0,0.0,9.679,nan,edge/x86_64,,3.12.3,2026-10-09T18:44:39Z
68,ECDH-P384,classical,,keygen,0.2951,0.0,0.0,0.0,120,185,0,0,0,0,0,0.0,4.4269,nan,edge/x86_64,,3.12.3,2026-10-09T18:44:39Z
68,ECDH-P384,classical,,encapsulate,0.5632,0.0,0.0,0.0,120,185,0,0,0,0,0,0.0,8.4479,nan,edge/x86_64,,3.12.3,2026-10-09T18:44:39Z
69,ECDH-P384,classical,,keygen,0.2726,0.0,0.0,0.0,120,185,0,0,0,0,0,0.0,4.0896,nan,edge/x86_64,,3.12.3,2026-10-09T18:44:39Z
69,ECDH-P384,classical,,encapsulate,0.698,0.0,0.0,0.0,120,185,0,0,0,0,0,0.0,10.4706,nan,edge/x86_64,,3.12.3,2026-10-09T18:44:39Z
70,ECDH-P384,classical,,keygen,0.2986,0.0,0.0,0.0,120,185,0,0,0,0,0,0.0,4.4783,nan,edge/x86_64,,3.12.3,2026-10-09T18:44:39Z
70,ECDH-P384,classical,,encapsulate,0.6552,0.0,0.0,0.0,120,185,0,0,0,0,0,0.0,9.8285,nan,edge/x86_64,,3.12.3,2026-10-09T18:44:39Z
71,ECDH-P384,classical,,keygen,0.248,0.0,0.0,0.0,120,185,0,0,0,0,0,0.0,3.7204,nan,edge/x86_64,,3.12.3,2026-10-09T18:44:39Z
71,ECDH-P384,classical,,encapsulate,0.6955,0.0,0.0,0.0,120,185,0,0,0,0,0,0.0,10.4332,nan,edge/x86_64,,3.12.3,2026-10-09T18:44:39Z
72,ECDH-P384,classical,,keygen,0.2511,0.0,0.0,0.0,120,185,0,0,0,0,0,0.0,3.7659,nan,edge/x86_64,,3.12.3,2026-10-09T18:44:39Z
72,ECDH-P384,classical,,encapsulate,0.6429,0.0,0.0,0.0,120,185,0,0,0,0,0,0.0,9.6431,nan,edge/x86_64,,3.12.3,2026-10-09T18:44:39Z
73,ECDH-P384,classical,,keygen,0.2834,0.0,0.0,0.0,120,185,0,0,0,0,0,0.0,4.2505,nan,edge/x86_64,,3.12.3,2026-10-09T18:44:39Z
73,ECDH-P384,classical,,encapsulate,0.6437,0.0,0.0,0.0,120,185,0,0,0,0,0,0.0,9.6562,nan,edge/x86_64,,3.12.3,2026-10-09T18:44:39Z
74,ECDH-P384,classical,,keygen,0.2628,0.0,0.0,0.0,120,185,0,0,0,0,0,0.0,3.9421,nan,edge/x86_64,,3.12.3,2026-10-09T18:44:39Z
74,ECDH-P384,classical,,encapsulate,0.6366,0.0,0.0,0.0,120,185,0,0,0,0,0,0.0,9.5486,nan,edge/x86_64,,3.12.3,2026-10-09T18:44:39Z
75,ECDH-P384,classical,,keygen,0.3961,0.0,0.0,0.0,120,185,0,0,0,0,0,0.0,5.941,nan,edge/x86_64,,3.12.3,2026-10-09T18:44:39Z
75,ECDH-P384,classical,,encapsulate,0.5737,0.0,0.0,0.0,120,185,0,0,0,0,0,0.0,8.6055,nan,edge/x86_64,,3.12.3,2026-10-09T18:44:39Z
76,ECDH-P384,classical,,keygen,0.2699,0.0,0.0,0.0,120,185,0,0,0,0,0,0.0,4.0478,nan,edge/x86_64,,3.12.3,2026-10-09T18:44:39Z
76,ECDH-P384,classical,,encapsulate,0.6029,0.0,0.0,0.0,120,185,0,0,0,0,0,0.0,9.0428,nan,edge/x86_64,,3.12.3,2026-10-09T18:44:39Z
77,ECDH-P384,classical,,keygen,0.2291,0.0,0.0,0.0,120,185,0,0,0,0,0,0.0,3.437,nan,edge/x86_64,,3.12.3,2026-10-09T18:44:39Z
77,ECDH-P384,classical,,encapsulate,0.7002,0.0,0.0,0.0,120,185,0,0,0,0,0,0.0,10.5029,nan,edge/x86_64,,3.12.3,2026-10-09T18:44:39Z
78,ECDH-P384,classical,,keygen,0.1823,0.0,0.0,0.0,120,185,0,0,0,0,0,0.0,2.7352,nan,edge/x86_64,,3.12.3,2026-10-09T18:44:39Z
78,ECDH-P384,classical,,encapsulate,0.469,0.0,0.0,0.0,120,185,0,0,0,0,0,0.0,7.0343,nan,edge/x86_64,,3.12.3,2026-10-09T18:44:39Z
79,ECDH-P384,classical,,keygen,0.23,0.0,0.0,0.0,120,185,0,0,0,0,0,0.0,3.4502,nan,edge/x86_64,,3.12.3,2026-10-09T18:44:39Z
79,ECDH-P384,classical,,encapsulate,0.4762,0.0,0.0,0.0,120,185,0,0,0,0,0,0.0,7.1435,nan,edge/x86_64,,3.12.3,2026-10-09T18:44:39Z
80,ECDH-P384,classical,,keygen,0.179,0.0,0.0,0.0,120,185,0,0,0,0,0,0.0,2.6844,nan,edge/x86_64,,3.12.3,2026-10-09T18:44:39Z
80,ECDH-P384,classical,,encapsulate,0.4687,0.0,0.0,0.0,120,185,0,0,0,0,0,0.0,7.0302,nan,edge/x86_64,,3.12.3,2026-10-09T18:44:39Z
81,ECDH-P384,classical,,keygen,0.1836,0.0,0.0,0.0,120,185,0,0,0,0,0,0.0,2.7536,nan,edge/x86_64,,3.12.3,2026-10-09T18:44:39Z
81,ECDH-P384,classical,,encapsulate,0.4849,0.0,0.0,0.0,120,185,0,0,0,0,0,0.0,7.2734,nan,edge/x86_64,,3.12.3,2026-10-09T18:44:39Z
82,ECDH-P384,classical,,keygen,0.2896,0.0,0.0,0.0,120,185,0,0,0,0,0,0.0,4.3435,nan,edge/x86_64,,3.12.3,2026-10-09T18:44:39Z
82,ECDH-P384,classical,,encapsulate,0.6766,0.0,0.0,0.0,120,185,0,0,0,0,0,0.0,10.1491,nan,edge/x86_64,,3.12.3,2026-10-09T18:44:39Z
83,ECDH-P384,classical,,keygen,0.2775,0.0,0.0,0.0,120,185,0,0,0,0,0,0.0,4.1624,nan,edge/x86_64,,3.12.3,2026-10-09T18:44:39Z
83,ECDH-P384,classical,,encapsulate,0.6791,0.0,0.0,0.0,120,185,0,0,0,0,0,0.0,10.186,nan,edge/x86_64,,3.12.3,2026-10-09T18:44:39Z
84,ECDH-P384,classical,,keygen,0.3473,0.0,0.0,0.0,120,185,0,0,0,0,0,0.0,5.2089,nan,edge/x86_64,,3.12.3,2026-10-09T18:44:39Z
84,ECDH-P384,classical,,encapsulate,0.6749,0.0,0.0,0.0,120,185,0,0,0,0,0,0.0,10.1233,nan,edge/x86_64,,3.12.3,2026-10-09T18:44:39Z
85,ECDH-P384,classical,,keygen,0.2883,0.0,0.0,0.0,120,185,0,0,0,0,0,0.0,4.3239,nan,edge/x86_64,,3.12.3,2026-10-09T18:44:39Z
85,ECDH-P384,classical,,encapsulate,0.6613,0.0,0.0,0.0,120,185,0,0,0,0,0,0.0,9.9196,nan,edge/x86_64,,3.12.3,2026-10-09T18:44:39Z
86,ECDH-P384,classical,,keygen,0.2714,0.0,0.0,0.0,120,185,0,0,0,0,0,0.0,4.0717,nan,edge/x86_64,,3.12.3,2026-10-09T18:44:39Z
86,ECDH-P384,classical,,encapsulate,0.6648,0.0,0.0,0.0,120,185,0,0,0,0,0,0.0,9.9716,nan,edge/x86_64,,3.12.3,2026-10-09T18:44:39Z
87,ECDH-P384,classical,,keygen,0.2625,0.0,0.0,0.0,120,185,0,0,0,0,0,0.0,3.9379,nan,edge/x86_64,,3.12.3,2026-10-09T18:44:39Z
87,ECDH-P384,classical,,encapsulate,0.5513,0.0,0.0,0.0,120,185,0,0,0,0,0,0.0,8.2693,nan,edge/x86_64,,3.12.3,2026-10-09T18:44:39Z
88,ECDH-P384,classical,,keygen,0.2302,0.0,0.0,0.0,120,185,0,0,0,0,0,0.0,3.4523,nan,edge/x86_64,,3.12.3,2026-10-09T18:44:39Z
88,ECDH-P384,classical,,encapsulate,0.6691,0.0,0.0,0.0,120,185,0,0,0,0,0,0.0,10.0367,nan,edge/x86_64,,3.12.3,2026-10-09T18:44:39Z
89,ECDH-P384,classical,,keygen,0.2943,0.0,0.0,0.0,120,185,0,0,0,0,0,0.0,4.4143,nan,edge/x86_64,,3.12.3,2026-10-09T18:44:39Z
89,ECDH-P384,classical,,encapsulate,0.5891,0.0,0.0,0.0,120,185,0,0,0,0,0,0.0,8.8368,nan,edge/x86_64,,3.12.3,2026-10-09T18:44:39Z
90,ECDH-P384,classical,,keygen,0.2618,0.0,0.0,0.0,120,185,0,0,0,0,0,0.0,3.9272,nan,edge/x86_64,,3.12.3,2026-10-09T18:44:39Z
90,ECDH-P384,classical,,encapsulate,0.7049,0.0,0.0,0.0,120,185,0,0,0,0,0,0.0,10.5742,nan,edge/x86_64,,3.12.3,2026-10-09T18:44:39Z
91,ECDH-P384,classical,,keygen,0.2525,0.0,0.0,0.0,120,185,0,0,0,0,0,0.0,3.7882,nan,edge/x86_64,,3.12.3,2026-10-09T18:44:39Z
91,ECDH-P384,classical,,encapsulate,0.6613,0.0,0.0,0.0,120,185,0,0,0,0,0,0.0,9.9193,nan,edge/x86_64,,3.12.3,2026-10-09T18:44:39Z
92,ECDH-P384,classical,,keygen,0.2919,0.0,0.0,0.0,120,185,0,0,0,0,0,0.0,4.3778,nan,edge/x86_64,,3.12.3,2026-10-09T18:44:39Z
92,ECDH-P384,classical,,encapsulate,0.6647,0.0,0.0,0.0,120,185,0,0,0,0,0,0.0,9.9698,nan,edge/x86_64,,3.12.3,2026-10-09T18:44:39Z
93,ECDH-P384,classical,,keygen,0.2763,0.0,0.0,0.0,120,185,0,0,0,0,0,0.0,4.1445,nan,edge/x86_64,,3.12.3,2026-10-09T18:44:39Z
93,ECDH-P384,classical,,encapsulate,0.6759,0.0,0.0,0.0,120,185,0,0,0,0,0,0.0,10.1391,nan,edge/x86_64,,3.12.3,2026-10-09T18:44:39Z
94,ECDH-P384,classical,,keygen,0.2437,0.0,0.0,0.0,120,185,0,0,0,0,0,0.0,3.6557,nan,edge/x86_64,,3.12.3,2026-10-09T18:44:39Z
94,ECDH-P384,classical,,encapsulate,0.6549,0.0,0.0,0.0,120,185,0,0,0,0,0,0.0,9.8233,nan,edge/x86_64,,3.12.3,2026-10-09T18:44:39Z
95,ECDH-P384,classical,,keygen,0.2752,0.0,0.0,0.0,120,185,0,0,0,0,0,0.0,4.1278,nan,edge/x86_64,,3.12.3,2026-10-09T18:44:39Z
95,ECDH-P384,classical,,encapsulate,0.6517,0.0,0.0,0.0,120,185,0,0,0,0,0,0.0,9.7756,nan,edge/x86_64,,3.12.3,2026-10-09T18:44:39Z
96,ECDH-P384,classical,,keygen,0.2641,0.0,0.0,0.0,120,185,0,0,0,0,0,0.0,3.961,nan,edge/x86_64,,3.12.3,2026-10-09T18:44:39Z
96,ECDH-P384,classical,,encapsulate,0.6841,0.0,0.0,0.0,120,185,0,0,0,0,0,0.0,10.2622,nan,edge/x86_64,,3.12.3,2026-10-09T18:44:39Z
97,ECDH-P384,classical,,keygen,0.3041,0.0,0.0,0.0,120,185,0,0,0,0,0,0.0,4.5615,nan,edge/x86_64,,3.12.3,2026-10-09T18:44:39Z
97,ECDH-P384,classical,,encapsulate,0.6574,0.0,0.0,0.0,120,185,0,0,0,0,0,0.0,9.8612,nan,edge/x86_64,,3.12.3,2026-10-09T18:44:39Z
98,ECDH-P384,classical,,keygen,0.2897,0.0,0.0,0.0,120,185,0,0,0,0,0,0.0,4.3451,nan,edge/x86_64,,3.12.3,2026-10-09T18:44:39Z
98,ECDH-P384,classical,,encapsulate,0.6211,0.0,0.0,0.0,120,185,0,0,0,0,0,0.0,9.3171,nan,edge/x86_64,,3.12.3,2026-10-09T18:44:39Z
99,ECDH-P384,classical,,keygen,0.2736,0.0,0.0,0.0,120,185,0,0,0,0,0,0.0,4.1039,nan,edge/x86_64,,3.12.3,2026-10-09T18:44:39Z
99,ECDH-P384,classical,,encapsulate,0.6941,0.0,0.0,0.0,120,185,0,0,0,0,0,0.0,10.4115,nan,edge/x86_64,,3.12.3,2026-10-09T18:44:39Z
100,ECDH-P384,classical,,keygen,0.3047,0.0,0.0,0.0,120,185,0,0,0,0,0,0.0,4.5712,nan,edge/x86_64,,3.12.3,2026-10-09T18:44:39Z
100,ECDH-P384,classical,,encapsulate,0.6484,0.0,0.0,0.0,120,185,0,0,0,0,0,0.0,9.7254,nan,edge/x86_64,,3.12.3,2026-10-09T18:44:39Z
101,ECDH-P384,classical,,keygen,0.2616,0.0,0.0,0.0,120,185,0,0,0,0,0,0.0,3.9245,nan,edge/x86_64,,3.12.3,2026-10-09T18:44:39Z
101,ECDH-P384,classical,,encapsulate,0.5626,0.0,0.0,0.0,120,185,0,0,0,0,0,0.0,8.4385,nan,edge/x86_64,,3.12.3,2026-10-09T18:44:39Z
102,ECDH-P384,classical,,keygen,0.3053,0.0,0.0,0.0,120,185,0,0,0,0,0,0.0,4.58,nan,edge/x86_64,,3.12.3,2026-10-09T18:44:39Z
102,ECDH-P384,classical,,encapsulate,0.7486,0.0,0.0,0.0,120,185,0,0,0,0,0,0.0,11.2291,nan,edge/x86_64,,3.12.3,2026-10-09T18:44:39Z
103,ECDH-P384,classical,,keygen,0.2848,0.0,0.0,0.0,120,185,0,0,0,0,0,0.0,4.2717,nan,edge/x86_64,,3.12.3,2026-10-09T18:44:39Z
103,ECDH-P384,classical,,encapsulate,0.65,0.0,0.0,0.0,120,185,0,0,0,0,0,0.0,9.75,nan,edge/x86_64,,3.12.3,2026-10-09T18:44:39Z
104,ECDH-P384,classical,,keygen,0.2723,0.0,0.0,0.0,120,185,0,0,0,0,0,0.0,4.0851,nan,edge/x86_64,,3.12.3,2026-10-09T18:44:39Z
104,ECDH-P384,classical,,encapsulate,0.7959,0.0,0.0,0.0,120,185,0,0,0,0,0,0.0,11.9388,nan,edge/x86_64,,3.12.3,2026-10-09T18:44:39Z
105,ECDH-P384,classical,,keygen,0.2815,0.0,0.0,0.0,120,185,0,0,0,0,0,0.0,4.2223,nan,edge/x86_64,,3.12.3,2026-10-09T18:44:39Z
105,ECDH-P384,classical,,encapsulate,0.6522,0.0,0.0,0.0,120,185,0,0,0,0,0,0.0,9.7823,nan,edge/x86_64,,3.12.3,2026-10-09T18:44:39Z
106,ECDH-P384,classical,,keygen,0.2485,0.0,0.0,0.0,120,185,0,0,0,0,0,0.0,3.7269,nan,edge/x86_64,,3.12.3,2026-10-09T18:44:39Z
106,ECDH-P384,classical,,encapsulate,0.5395,0.0,0.0,0.0,120,185,0,0,0,0,0,0.0,8.092,nan,edge/x86_64,,3.12.3,2026-10-09T18:44:39Z
107,ECDH-P384,classical,,keygen,0.3093,0.0,0.0,0.0,120,185,0,0,0,0,0,0.0,4.6401,nan,edge/x86_64,,3.12.3,2026-10-09T18:44:39Z
107,ECDH-P384,classical,,encapsulate,0.6524,0.0,0.0,0.0,120,185,0,0,0,0,0,0.0,9.7853,nan,edge/x86_64,,3.12.3,2026-10-09T18:44:39Z
108,ECDH-P384,classical,,keygen,0.2449,0.0,0.0,0.0,120,185,0,0,0,0,0,0.0,3.6731,nan,edge/x86_64,,3.12.3,2026-10-09T18:44:39Z
108,ECDH-P384,classical,,encapsulate,0.7271,0.0,0.0,0.0,120,185,0,0,0,0,0,0.0,10.9064,nan,edge/x86_64,,3.12.3,2026-10-09T18:44:39Z
109,ECDH-P384,classical,,keygen,0.2677,0.0,0.0,0.0,120,185,0,0,0,0,0,0.0,4.0157,nan,edge/x86_64,,3.12.3,2026-10-09T18:44:39Z
109,ECDH-P384,classical,,encapsulate,0.6857,0.0,0.0,0.0,120,185,0,0,0,0,0,0.0,10.285,nan,edge/x86_64,,3.12.3,2026-10-09T18:44:39Z
110,ECDH-P384,classical,,keygen,0.2529,0.0,0.0,0.0,120,185,0,0,0,0,0,0.0,3.7929,nan,edge/x86_64,,3.12.3,2026-10-09T18:44:39Z
110,ECDH-P384,classical,,encapsulate,0.6858,0.0,0.0,0.0,120,185,0,0,0,0,0,0.0,10.2876,nan,edge/x86_64,,3.12.3,2026-10-09T18:44:39Z
111,ECDH-P384,classical,,keygen,0.2566,0.0,0.0,0.0,120,185,0,0,0,0,0,0.0,3.8489,nan,edge/x86_64,,3.12.3,2026-10-09T18:44:39Z
111,ECDH-P384,classical,,encapsulate,0.4696,0.0,0.0,0.0,120,185,0,0,0,0,0,0.0,7.0442,nan,edge/x86_64,,3.12.3,2026-10-09T18:44:39Z
112,ECDH-P384,classical,,keygen,0.2283,0.0,0.0,0.0,120,185,0,0,0,0,0,0.0,3.4238,nan,edge/x86_64,,3.12.3,2026-10-09T18:44:39Z
112,ECDH-P384,classical,,encapsulate,0.4317,0.0,0.0,0.0,120,185,0,0,0,0,0,0.0,6.4748,nan,edge/x86_64,,3.12.3,2026-10-09T18:44:39Z
113,ECDH-P384,classical,,keygen,0.1796,0.0,0.0,0.0,120,185,0,0,0,0,0,0.0,2.6935,nan,edge/x86_64,,3.12.3,2026-10-09T18:44:39Z
113,ECDH-P384,classical,,encapsulate,0.4482,0.0,0.0,0.0,120,185,0,0,0,0,0,0.0,6.7227,nan,edge/x86_64,,3.12.3,2026-10-09T18:44:39Z
114,ECDH-P384,classical,,keygen,0.2081,0.0,0.0,0.0,120,185,0,0,0,0,0,0.0,3.1208,nan,edge/x86_64,,3.12.3,2026-10-09T18:44:39Z
114,ECDH-P384,classical,,encapsulate,0.42,0.0,0.0,0.0,120,185,0,0,0,0,0,0.0,6.2997,nan,edge/x86_64,,3.12.3,2026-10-09T18:44:39Z
115,ECDH-P384,classical,,keygen,0.1683,0.0,0.0,0.0,120,185,0,0,0,0,0,0.0,2.524,nan,edge/x86_64,,3.12.3,2026-10-09T18:44:39Z
115,ECDH-P384,classical,,encapsulate,0.4782,0.0,0.0,0.0,120,185,0,0,0,0,0,0.0,7.1726,nan,edge/x86_64,,3.12.3,2026-10-09T18:44:39Z
116,ECDH-P384,classical,,keygen,0.1694,0.0,0.0,0.0,120,185,0,0,0,0,0,0.0,2.5413,nan,edge/x86_64,,3.12.3,2026-10-09T18:44:39Z
116,ECDH-P384,classical,,encapsulate,0.4623,0.0,0.0,0.0,120,185,0,0,0,0,0,0.0,6.9338,nan,edge/x86_64,,3.12.3,2026-10-09T18:44:39Z
117,ECDH-P384,classical,,keygen,0.1823,0.0,0.0,0.0,120,185,0,0,0,0,0,0.0,2.7338,nan,edge/x86_64,,3.12.3,2026-10-09T18:44:39Z
117,ECDH-P384,classical,,encapsulate,0.4801,0.0,0.0,0.0,120,185,0,0,0,0,0,0.0,7.2021,nan,edge/x86_64,,3.12.3,2026-10-09T18:44:39Z
118,ECDH-P384,classical,,keygen,0.1846,0.0,0.0,0.0,120,185,0,0,0,0,0,0.0,2.7689,nan,edge/x86_64,,3.12.3,2026-10-09T18:44:39Z
118,ECDH-P384,classical,,encapsulate,0.4657,0.0,0.0,0.0,120,185,0,0,0,0,0,0.0,6.9856,nan,edge/x86_64,,3.12.3,2026-10-09T18:44:39Z
119,ECDH-P384,classical,,keygen,0.1789,0.0,0.0,0.0,120,185,0,0,0,0,0,0.0,2.6832,nan,edge/x86_64,,3.12.3,2026-10-09T18:44:39Z
119,ECDH-P384,classical,,encapsulate,0.4836,0.0,0.0,0.0,120,185,0,0,0,0,0,0.0,7.2538,nan,edge/x86_64,,3.12.3,2026-10-09T18:44:39Z
120,ECDH-P384,classical,,keygen,0.182,0.0,0.0,0.0,120,185,0,0,0,0,0,0.0,2.7301,nan,edge/x86_64,,3.12.3,2026-10-09T18:44:39Z
120,ECDH-P384,classical,,encapsulate,0.4545,0.0,0.0,0.0,120,185,0,0,0,0,0,0.0,6.8171,nan,edge/x86_64,,3.12.3,2026-10-09T18:44:39Z
121,ECDH-P384,classical,,keygen,0.1865,0.0,0.0,0.0,120,185,0,0,0,0,0,0.0,2.7974,nan,edge/x86_64,,3.12.3,2026-10-09T18:44:39Z
121,ECDH-P384,classical,,encapsulate,0.4892,0.0,0.0,0.0,120,185,0,0,0,0,0,0.0,7.3381,nan,edge/x86_64,,3.12.3,2026-10-09T18:44:39Z
122,ECDH-P384,classical,,keygen,0.198,0.0,0.0,0.0,120,185,0,0,0,0,0,0.0,2.97,nan,edge/x86_64,,3.12.3,2026-10-09T18:44:39Z
122,ECDH-P384,classical,,encapsulate,0.4475,0.0,0.0,0.0,120,185,0,0,0,0,0,0.0,6.7128,nan,edge/x86_64,,3.12.3,2026-10-09T18:44:39Z
123,ECDH-P384,classical,,keygen,0.1837,0.0,0.0,0.0,120,185,0,0,0,0,0,0.0,2.7562,nan,edge/x86_64,,3.12.3,2026-10-09T18:44:39Z
123,ECDH-P384,classical,,encapsulate,0.4698,0.0,0.0,0.0,120,185,0,0,0,0,0,0.0,7.0476,nan,edge/x86_64,,3.12.3,2026-10-09T18:44:39Z
124,ECDH-P384,classical,,keygen,0.1857,0.0,0.0,0.0,120,185,0,0,0,0,0,0.0,2.7853,nan,edge/x86_64,,3.12.3,2026-10-09T18:44:39Z
124,ECDH-P384,classical,,encapsulate,0.4359,0.0,0.0,0.0,120,185,0,0,0,0,0,0.0,6.539,nan,edge/x86_64,,3.12.3,2026-10-09T18:44:39Z
125,ECDH-P384,classical,,keygen,0.1824,0.0,0.0,0.0,120,185,0,0,0,0,0,0.0,2.7362,nan,edge/x86_64,,3.12.3,2026-10-09T18:44:39Z
125,ECDH-P384,classical,,encapsulate,0.579,0.0,0.0,0.0,120,185,0,0,0,0,0,0.0,8.6846,nan,edge/x86_64,,3.12.3,2026-10-09T18:44:39Z
126,ECDH-P384,classical,,keygen,0.2351,0.0,0.0,0.0,120,185,0,0,0,0,0,0.0,3.5272,nan,edge/x86_64,,3.12.3,2026-10-09T18:44:39Z
126,ECDH-P384,classical,,encapsulate,0.6033,0.0,0.0,0.0,120,185,0,0,0,0,0,0.0,9.0498,nan,edge/x86_64,,3.12.3,2026-10-09T18:44:39Z
127,ECDH-P384,classical,,keygen,0.3381,0.0,0.0,0.0,120,185,0,0,0,0,0,0.0,5.0716,nan,edge/x86_64,,3.12.3,2026-10-09T18:44:39Z
127,ECDH-P384,classical,,encapsulate,0.6565,0.0,0.0,0.0,120,185,0,0,0,0,0,0.0,9.8473,nan,edge/x86_64,,3.12.3,2026-10-09T18:44:39Z
128,ECDH-P384,classical,,keygen,0.244,0.0,0.0,0.0,120,185,0,0,0,0,0,0.0,3.6596,nan,edge/x86_64,,3.12.3,2026-10-09T18:44:39Z
128,ECDH-P384,classical,,encapsulate,0.6623,0.0,0.0,0.0,120,185,0,0,0,0,0,0.0,9.9339,nan,edge/x86_64,,3.12.3,2026-10-09T18:44:39Z
129,ECDH-P384,classical,,keygen,0.2474,0.0,0.0,0.0,120,185,0,0,0,0,0,0.0,3.7109,nan,edge/x86_64,,3.12.3,2026-10-09T18:44:39Z
129,ECDH-P384,classical,,encapsulate,0.6138,0.0,0.0,0.0,120,185,0,0,0,0,0,0.0,9.2075,nan,edge/x86_64,,3.12.3,2026-10-09T18:44:39Z
130,ECDH-P384,classical,,keygen,0.2592,0.0,0.0,0.0,120,185,0,0,0,0,0,0.0,3.8884,nan,edge/x86_64,,3.12.3,2026-10-09T18:44:39Z
130,ECDH-P384,classical,,encapsulate,0.6497,0.0,0.0,0.0,120,185,0,0,0,0,0,0.0,9.7451,nan,edge/x86_64,,3.12.3,2026-10-09T18:44:39Z
131,ECDH-P384,classical,,keygen,0.2552,0.0,0.0,0.0,120,185,0,0,0,0,0,0.0,3.8279,nan,edge/x86_64,,3.12.3,2026-10-09T18:44:39Z
131,ECDH-P384,classical,,encapsulate,0.6434,0.0,0.0,0.0,120,185,0,0,0,0,0,0.0,9.6512,nan,edge/x86_64,,3.12.3,2026-10-09T18:44:39Z
132,ECDH-P384,classical,,keygen,0.2541,0.0,0.0,0.0,120,185,0,0,0,0,0,0.0,3.8108,nan,edge/x86_64,,3.12.3,2026-10-09T18:44:39Z
132,ECDH-P384,classical,,encapsulate,0.635,0.0,0.0,0.0,120,185,0,0,0,0,0,0.0,9.5253,nan,edge/x86_64,,3.12.3,2026-10-09T18:44:39Z
133,ECDH-P384,classical,,keygen,0.2693,0.0,0.0,0.0,120,185,0,0,0,0,0,0.0,4.0399,nan,edge/x86_64,,3.12.3,2026-10-09T18:44:39Z
133,ECDH-P384,classical,,encapsulate,0.5599,0.0,0.0,0.0,120,185,0,0,0,0,0,0.0,8.399,nan,edge/x86_64,,3.12.3,2026-10-09T18:44:39Z
134,ECDH-P384,classical,,keygen,0.2632,0.0,0.0,0.0,120,185,0,0,0,0,0,0.0,3.9477,nan,edge/x86_64,,3.12.3,2026-10-09T18:44:39Z
134,ECDH-P384,classical,,encapsulate,0.704,0.0,0.0,0.0,120,185,0,0,0,0,0,0.0,10.5605,nan,edge/x86_64,,3.12.3,2026-10-09T18:44:39Z
135,ECDH-P384,classical,,keygen,0.26,0.0,0.0,0.0,120,185,0,0,0,0,0,0.0,3.9,nan,edge/x86_64,,3.12.3,2026-10-09T18:44:39Z
135,ECDH-P384,classical,,encapsulate,0.6422,0.0,0.0,0.0,120,185,0,0,0,0,0,0.0,9.6323,nan,edge/x86_64,,3.12.3,2026-10-09T18:44:39Z
136,ECDH-P384,classical,,keygen,0.2709,0.0,0.0,0.0,120,185,0,0,0,0,0,0.0,4.0632,nan,edge/x86_64,,3.12.3,2026-10-09T18:44:39Z
136,ECDH-P384,classical,,encapsulate,0.7924,0.0,0.0,0.0,120,185,0,0,0,0,0,0.0,11.8861,nan,edge/x86_64,,3.12.3,2026-10-09T18:44:39Z
137,ECDH-P384,classical,,keygen,0.2914,0.0,0.0,0.0,120,185,0,0,0,0,0,0.0,4.3715,nan,edge/x86_64,,3.12.3,2026-10-09T18:44:39Z
137,ECDH-P384,classical,,encapsulate,0.596,0.0,0.0,0.0,120,185,0,0,0,0,0,0.0,8.94,nan,edge/x86_64,,3.12.3,2026-10-09T18:44:39Z
138,ECDH-P384,classical,,keygen,0.278,0.0,0.0,0.0,120,185,0,0,0,0,0,0.0,4.1698,nan,edge/x86_64,,3.12.3,2026-10-09T18:44:39Z
138,ECDH-P384,classical,,encapsulate,0.6565,0.0,0.0,0.0,120,185,0,0,0,0,0,0.0,9.847,nan,edge/x86_64,,3.12.3,2026-10-09T18:44:39Z
139,ECDH-P384,classical,,keygen,0.2415,0.0,0.0,0.0,120,185,0,0,0,0,0,0.0,3.6229,nan,edge/x86_64,,3.12.3,2026-10-09T18:44:39Z
139,ECDH-P384,classical,,encapsulate,0.5619,0.0,0.0,0.0,120,185,0,0,0,0,0,0.0,8.4284,nan,edge/x86_64,,3.12.3,2026-10-09T18:44:39Z
140,ECDH-P384,classical,,keygen,0.253,0.0,0.0,0.0,120,185,0,0,0,0,0,0.0,3.7945,nan,edge/x86_64,,3.12.3,2026-10-09T18:44:39Z
140,ECDH-P384,classical,,encapsulate,0.6911,0.0,0.0,0.0,120,185,0,0,0,0,0,0.0,10.3659,nan,edge/x86_64,,3.12.3,2026-10-09T18:44:39Z
141,ECDH-P384,classical,,keygen,0.2725,0.0,0.0,0.0,120,185,0,0,0,0,0,0.0,4.087,nan,edge/x86_64,,3.12.3,2026-10-09T18:44:39Z
141,ECDH-P384,classical,,encapsulate,0.6842,0.0,0.0,0.0,120,185,0,0,0,0,0,0.0,10.2636,nan,edge/x86_64,,3.12.3,2026-10-09T18:44:39Z
142,ECDH-P384,classical,,keygen,0.2567,0.0,0.0,0.0,120,185,0,0,0,0,0,0.0,3.8498,nan,edge/x86_64,,3.12.3,2026-10-09T18:44:39Z
142,ECDH-P384,classical,,encapsulate,0.6988,0.0,0.0,0.0,120,185,0,0,0,0,0,0.0,10.4819,nan,edge/x86_64,,3.12.3,2026-10-09T18:44:39Z
143,ECDH-P384,classical,,keygen,0.2557,0.0,0.0,0.0,120,185,0,0,0,0,0,0.0,3.8361,nan,edge/x86_64,,3.12.3,2026-10-09T18:44:39Z
143,ECDH-P384,classical,,encapsulate,0.6612,0.0,0.0,0.0,120,185,0,0,0,0,0,0.0,9.9174,nan,edge/x86_64,,3.12.3,2026-10-09T18:44:39Z
144,ECDH-P384,classical,,keygen,0.3023,0.0,0.0,0.0,120,185,0,0,0,0,0,0.0,4.5345,nan,edge/x86_64,,3.12.3,2026-10-09T18:44:39Z
144,ECDH-P384,classical,,encapsulate,0.6682,0.0,0.0,0.0,120,185,0,0,0,0,0,0.0,10.0229,nan,edge/x86_64,,3.12.3,2026-10-09T18:44:39Z
145,ECDH-P384,classical,,keygen,0.2353,0.0,0.0,0.0,120,185,0,0,0,0,0,0.0,3.5299,nan,edge/x86_64,,3.12.3,2026-10-09T18:44:39Z
145,ECDH-P384,classical,,encapsulate,0.6558,0.0,0.0,0.0,120,185,0,0,0,0,0,0.0,9.8373,nan,edge/x86_64,,3.12.3,2026-10-09T18:44:39Z
146,ECDH-P384,classical,,keygen,0.2564,0.0,0.0,0.0,120,185,0,0,0,0,0,0.0,3.8458,nan,edge/x86_64,,3.12.3,2026-10-09T18:44:39Z
146,ECDH-P384,classical,,encapsulate,0.6594,0.0,0.0,0.0,120,185,0,0,0,0,0,0.0,9.8916,nan,edge/x86_64,,3.12.3,2026-10-09T18:44:39Z
147,ECDH-P384,classical,,keygen,0.2654,0.0,0.0,0.0,120,185,0,0,0,0,0,0.0,3.9804,nan,edge/x86_64,,3.12.3,2026-10-09T18:44:39Z
147,ECDH-P384,classical,,encapsulate,0.6129,0.0,0.0,0.0,120,185,0,0,0,0,0,0.0,9.1929,nan,edge/x86_64,,3.12.3,2026-10-09T18:44:39Z
148,ECDH-P384,classical,,keygen,0.2548,0.0,0.0,0.0,120,185,0,0,0,0,0,0.0,3.8215,nan,edge/x86_64,,3.12.3,2026-10-09T18:44:39Z
148,ECDH-P384,classical,,encapsulate,0.6452,0.0,0.0,0.0,120,185,0,0,0,0,0,0.0,9.6776,nan,edge/x86_64,,3.12.3,2026-10-09T18:44:39Z
149,ECDH-P384,classical,,keygen,0.2362,0.0,0.0,0.0,120,185,0,0,0,0,0,0.0,3.5428,nan,edge/x86_64,,3.12.3,2026-10-09T18:44:39Z
149,ECDH-P384,classical,,encapsulate,0.5999,0.0,0.0,0.0,120,185,0,0,0,0,0,0.0,8.9985,nan,edge/x86_64,,3.12.3,2026-10-09T18:44:39Z
150,ECDH-P384,classical,,keygen,0.3076,0.0,0.0,0.0,120,185,0,0,0,0,0,0.0,4.6139,nan,edge/x86_64,,3.12.3,2026-10-09T18:44:39Z
150,ECDH-P384,classical,,encapsulate,0.6558,0.0,0.0,0.0,120,185,0,0,0,0,0,0.0,9.837,nan,edge/x86_64,,3.12.3,2026-10-09T18:44:39Z
151,ECDH-P384,classical,,keygen,0.247,0.0,0.0,0.0,120,185,0,0,0,0,0,0.0,3.7044,nan,edge/x86_64,,3.12.3,2026-10-09T18:44:39Z
151,ECDH-P384,classical,,encapsulate,0.6063,0.0,0.0,0.0,120,185,0,0,0,0,0,0.0,9.0949,nan,edge/x86_64,,3.12.3,2026-10-09T18:44:39Z
152,ECDH-P384,classical,,keygen,0.255,0.0,0.0,0.0,120,185,0,0,0,0,0,0.0,3.8256,nan,edge/x86_64,,3.12.3,2026-10-09T18:44:39Z
152,ECDH-P384,classical,,encapsulate,0.656,0.0,0.0,0.0,120,185,0,0,0,0,0,0.0,9.8401,nan,edge/x86_64,,3.12.3,2026-10-09T18:44:39Z
153,ECDH-P384,classical,,keygen,0.2878,0.0,0.0,0.0,120,185,0,0,0,0,0,0.0,4.3165,nan,edge/x86_64,,3.12.3,2026-10-09T18:44:39Z
153,ECDH-P384,classical,,encapsulate,0.6383,0.0,0.0,0.0,120,185,0,0,0,0,0,0.0,9.5742,nan,edge/x86_64,,3.12.3,2026-10-09T18:44:39Z
154,ECDH-P384,classical,,keygen,0.2745,0.0,0.0,0.0,120,185,0,0,0,0,0,0.0,4.1168,nan,edge/x86_64,,3.12.3,2026-10-09T18:44:39Z
154,ECDH-P384,classical,,encapsulate,0.681,0.0,0.0,0.0,120,185,0,0,0,0,0,0.0,10.2149,nan,edge/x86_64,,3.12.3,2026-10-09T18:44:39Z
155,ECDH-P384,classical,,keygen,0.2577,0.0,0.0,0.0,120,185,0,0,0,0,0,0.0,3.8654,nan,edge/x86_64,,3.12.3,2026-10-09T18:44:39Z
155,ECDH-P384,classical,,encapsulate,0.8694,0.0,0.0,0.0,120,185,0,0,0,0,0,0.0,13.0404,nan,edge/x86_64,,3.12.3,2026-10-09T18:44:39Z
156,ECDH-P384,classical,,keygen,0.2555,0.0,0.0,0.0,120,185,0,0,0,0,0,0.0,3.8327,nan,edge/x86_64,,3.12.3,2026-10-09T18:44:39Z
156,ECDH-P384,classical,,encapsulate,0.7154,0.0,0.0,0.0,120,185,0,0,0,0,0,0.0,10.7316,nan,edge/x86_64,,3.12.3,2026-10-09T18:44:39Z
157,ECDH-P384,classical,,keygen,0.3095,0.0,0.0,0.0,120,185,0,0,0,0,0,0.0,4.6432,nan,edge/x86_64,,3.12.3,2026-10-09T18:44:39Z
157,ECDH-P384,classical,,encapsulate,0.6457,0.0,0.0,0.0,120,185,0,0,0,0,0,0.0,9.6861,nan,edge/x86_64,,3.12.3,2026-10-09T18:44:39Z
158,ECDH-P384,classical,,keygen,0.2648,0.0,0.0,0.0,120,185,0,0,0,0,0,0.0,3.9715,nan,edge/x86_64,,3.12.3,2026-10-09T18:44:39Z
158,ECDH-P384,classical,,encapsulate,0.7095,0.0,0.0,0.0,120,185,0,0,0,0,0,0.0,10.643,nan,edge/x86_64,,3.12.3,2026-10-09T18:44:39Z
159,ECDH-P384,classical,,keygen,0.232,0.0,0.0,0.0,120,185,0,0,0,0,0,0.0,3.4798,nan,edge/x86_64,,3.12.3,2026-10-09T18:44:39Z
159,ECDH-P384,classical,,encapsulate,0.6505,0.0,0.0,0.0,120,185,0,0,0,0,0,0.0,9.757,nan,edge/x86_64,,3.12.3,2026-10-09T18:44:39Z
160,ECDH-P384,classical,,keygen,0.3786,0.0,0.0,0.0,120,185,0,0,0,0,0,0.0,5.6796,nan,edge/x86_64,,3.12.3,2026-10-09T18:44:39Z
160,ECDH-P384,classical,,encapsulate,0.7693,0.0,0.0,0.0,120,185,0,0,0,0,0,0.0,11.5397,nan,edge/x86_64,,3.12.3,2026-10-09T18:44:39Z
161,ECDH-P384,classical,,keygen,0.2649,0.0,0.0,0.0,120,185,0,0,0,0,0,0.0,3.9734,nan,edge/x86_64,,3.12.3,2026-10-09T18:44:39Z
161,ECDH-P384,classical,,encapsulate,0.5729,0.0,0.0,0.0,120,185,0,0,0,0,0,0.0,8.5933,nan,edge/x86_64,,3.12.3,2026-10-09T18:44:39Z
162,ECDH-P384,classical,,keygen,0.2823,0.0,0.0,0.0,120,185,0,0,0,0,0,0.0,4.2351,nan,edge/x86_64,,3.12.3,2026-10-09T18:44:39Z
162,ECDH-P384,classical,,encapsulate,0.6791,0.0,0.0,0.0,120,185,0,0,0,0,0,0.0,10.1859,nan,edge/x86_64,,3.12.3,2026-10-09T18:44:39Z
163,ECDH-P384,classical,,keygen,0.2462,0.0,0.0,0.0,120,185,0,0,0,0,0,0.0,3.6927,nan,edge/x86_64,,3.12.3,2026-10-09T18:44:39Z
163,ECDH-P384,classical,,encapsulate,0.5768,0.0,0.0,0.0,120,185,0,0,0,0,0,0.0,8.6522,nan,edge/x86_64,,3.12.3,2026-10-09T18:44:39Z
164,ECDH-P384,classical,,keygen,0.2393,0.0,0.0,0.0,120,185,0,0,0,0,0,0.0,3.5894,nan,edge/x86_64,,3.12.3,2026-10-09T18:44:39Z
164,ECDH-P384,classical,,encapsulate,0.6968,0.0,0.0,0.0,120,185,0,0,0,0,0,0.0,10.4514,nan,edge/x86_64,,3.12.3,2026-10-09T18:44:39Z
165,ECDH-P384,classical,,keygen,0.2456,0.0,0.0,0.0,120,185,0,0,0,0,0,0.0,3.6845,nan,edge/x86_64,,3.12.3,2026-10-09T18:44:39Z
165,ECDH-P384,classical,,encapsulate,0.6417,0.0,0.0,0.0,120,185,0,0,0,0,0,0.0,9.6251,nan,edge/x86_64,,3.12.3,2026-10-09T18:44:39Z
166,ECDH-P384,classical,,keygen,0.4357,0.0,0.0,0.0,120,185,0,0,0,0,0,0.0,6.5351,nan,edge/x86_64,,3.12.3,2026-10-09T18:44:39Z
166,ECDH-P384,classical,,encapsulate,0.7897,0.0,0.0,0.0,120,185,0,0,0,0,0,0.0,11.8458,nan,edge/x86_64,,3.12.3,2026-10-09T18:44:39Z
167,ECDH-P384,classical,,keygen,0.2714,0.0,0.0,0.0,120,185,0,0,0,0,0,0.0,4.0715,nan,edge/x86_64,,3.12.3,2026-10-09T18:44:39Z
167,ECDH-P384,classical,,encapsulate,0.6575,0.0,0.0,0.0,120,185,0,0,0,0,0,0.0,9.8628,nan,edge/x86_64,,3.12.3,2026-10-09T18:44:39Z
168,ECDH-P384,classical,,keygen,0.2721,0.0,0.0,0.0,120,185,0,0,0,0,0,0.0,4.0811,nan,edge/x86_64,,3.12.3,2026-10-09T18:44:39Z
168,ECDH-P384,classical,,encapsulate,0.681,0.0,0.0,0.0,120,185,0,0,0,0,0,0.0,10.2157,nan,edge/x86_64,,3.12.3,2026-10-09T18:44:39Z
169,ECDH-P384,classical,,keygen,0.254,0.0,0.0,0.0,120,185,0,0,0,0,0,0.0,3.8105,nan,edge/x86_64,,3.12.3,2026-10-09T18:44:39Z
169,ECDH-P384,classical,,encapsulate,0.6383,0.0,0.0,0.0,120,185,0,0,0,0,0,0.0,9.575,nan,edge/x86_64,,3.12.3,2026-10-09T18:44:39Z
170,ECDH-P384,classical,,keygen,0.2512,0.0,0.0,0.0,120,185,0,0,0,0,0,0.0,3.7685,nan,edge/x86_64,,3.12.3,2026-10-09T18:44:39Z
170,ECDH-P384,classical,,encapsulate,0.677,0.0,0.0,0.0,120,185,0,0,0,0,0,0.0,10.1544,nan,edge/x86_64,,3.12.3,2026-10-09T18:44:39Z
171,ECDH-P384,classical,,keygen,0.2284,0.0,0.0,0.0,120,185,0,0,0,0,0,0.0,3.4267,nan,edge/x86_64,,3.12.3,2026-10-09T18:44:39Z
171,ECDH-P384,classical,,encapsulate,0.6289,0.0,0.0,0.0,120,185,0,0,0,0,0,0.0,9.4334,nan,edge/x86_64,,3.12.3,2026-10-09T18:44:39Z
172,ECDH-P384,classical,,keygen,0.1883,0.0,0.0,0.0,120,185,0,0,0,0,0,0.0,2.8244,nan,edge/x86_64,,3.12.3,2026-10-09T18:44:39Z
172,ECDH-P384,classical,,encapsulate,0.6671,0.0,0.0,0.0,120,185,0,0,0,0,0,0.0,10.0066,nan,edge/x86_64,,3.12.3,2026-10-09T18:44:39Z
173,ECDH-P384,classical,,keygen,0.247,0.0,0.0,0.0,120,185,0,0,0,0,0,0.0,3.7046,nan,edge/x86_64,,3.12.3,2026-10-09T18:44:39Z
173,ECDH-P384,classical,,encapsulate,0.6799,0.0,0.0,0.0,120,185,0,0,0,0,0,0.0,10.1981,nan,edge/x86_64,,3.12.3,2026-10-09T18:44:39Z
174,ECDH-P384,classical,,keygen,0.3169,0.0,0.0,0.0,120,185,0,0,0,0,0,0.0,4.7532,nan,edge/x86_64,,3.12.3,2026-10-09T18:44:39Z
174,ECDH-P384,classical,,encapsulate,0.6,0.0,0.0,0.0,120,185,0,0,0,0,0,0.0,9.0001,nan,edge/x86_64,,3.12.3,2026-10-09T18:44:39Z
175,ECDH-P384,classical,,keygen,0.2498,0.0,0.0,0.0,120,185,0,0,0,0,0,0.0,3.7464,nan,edge/x86_64,,3.12.3,2026-10-09T18:44:39Z
175,ECDH-P384,classical,,encapsulate,0.7274,0.0,0.0,0.0,120,185,0,0,0,0,0,0.0,10.9114,nan,edge/x86_64,,3.12.3,2026-10-09T18:44:39Z
176,ECDH-P384,classical,,keygen,0.2821,0.0,0.0,0.0,120,185,0,0,0,0,0,0.0,4.2319,nan,edge/x86_64,,3.12.3,2026-10-09T18:44:39Z
176,ECDH-P384,classical,,encapsulate,0.7015,0.0,0.0,0.0,120,185,0,0,0,0,0,0.0,10.5232,nan,edge/x86_64,,3.12.3,2026-10-09T18:44:39Z
177,ECDH-P384,classical,,keygen,0.2639,0.0,0.0,0.0,120,185,0,0,0,0,0,0.0,3.9582,nan,edge/x86_64,,3.12.3,2026-10-09T18:44:39Z
177,ECDH-P384,classical,,encapsulate,0.7288,0.0,0.0,0.0,120,185,0,0,0,0,0,0.0,10.9324,nan,edge/x86_64,,3.12.3,2026-10-09T18:44:39Z
178,ECDH-P384,classical,,keygen,0.2343,0.0,0.0,0.0,120,185,0,0,0,0,0,0.0,3.5138,nan,edge/x86_64,,3.12.3,2026-10-09T18:44:39Z
178,ECDH-P384,classical,,encapsulate,0.6815,0.0,0.0,0.0,120,185,0,0,0,0,0,0.0,10.2227,nan,edge/x86_64,,3.12.3,2026-10-09T18:44:39Z
179,ECDH-P384,classical,,keygen,0.2866,0.0,0.0,0.0,120,185,0,0,0,0,0,0.0,4.2995,nan,edge/x86_64,,3.12.3,2026-10-09T18:44:39Z
179,ECDH-P384,classical,,encapsulate,0.6747,0.0,0.0,0.0,120,185,0,0,0,0,0,0.0,10.1209,nan,edge/x86_64,,3.12.3,2026-10-09T18:44:39Z
180,ECDH-P384,classical,,keygen,0.2489,0.0,0.0,0.0,120,185,0,0,0,0,0,0.0,3.734,nan,edge/x86_64,,3.12.3,2026-10-09T18:44:39Z
180,ECDH-P384,classical,,encapsulate,0.683,0.0,0.0,0.0,120,185,0,0,0,0,0,0.0,10.2456,nan,edge/x86_64,,3.12.3,2026-10-09T18:44:39Z
181,ECDH-P384,classical,,keygen,0.202,0.0,0.0,0.0,120,185,0,0,0,0,0,0.0,3.0299,nan,edge/x86_64,,3.12.3,2026-10-09T18:44:39Z
181,ECDH-P384,classical,,encapsulate,0.6726,0.0,0.0,0.0,120,185,0,0,0,0,0,0.0,10.0893,nan,edge/x86_64,,3.12.3,2026-10-09T18:44:39Z
182,ECDH-P384,classical,,keygen,0.3109,0.0,0.0,0.0,120,185,0,0,0,0,0,0.0,4.6641,nan,edge/x86_64,,3.12.3,2026-10-09T18:44:39Z
182,ECDH-P384,classical,,encapsulate,0.672,0.0,0.0,0.0,120,185,0,0,0,0,0,0.0,10.0801,nan,edge/x86_64,,3.12.3,2026-10-09T18:44:39Z
183,ECDH-P384,classical,,keygen,0.2364,0.0,0.0,0.0,120,185,0,0,0,0,0,0.0,3.5464,nan,edge/x86_64,,3.12.3,2026-10-09T18:44:39Z
183,ECDH-P384,classical,,encapsulate,0.6584,0.0,0.0,0.0,120,185,0,0,0,0,0,0.0,9.8753,nan,edge/x86_64,,3.12.3,2026-10-09T18:44:39Z
184,ECDH-P384,classical,,keygen,0.295,0.0,0.0,0.0,120,185,0,0,0,0,0,0.0,4.425,nan,edge/x86_64,,3.12.3,2026-10-09T18:44:39Z
184,ECDH-P384,classical,,encapsulate,0.7809,0.0,0.0,0.0,120,185,0,0,0,0,0,0.0,11.7129,nan,edge/x86_64,,3.12.3,2026-10-09T18:44:39Z
185,ECDH-P384,classical,,keygen,0.2664,0.0,0.0,0.0,120,185,0,0,0,0,0,0.0,3.9962,nan,edge/x86_64,,3.12.3,2026-10-09T18:44:39Z
185,ECDH-P384,classical,,encapsulate,0.641,0.0,0.0,0.0,120,185,0,0,0,0,0,0.0,9.6153,nan,edge/x86_64,,3.12.3,2026-10-09T18:44:39Z
186,ECDH-P384,classical,,keygen,0.2532,0.0,0.0,0.0,120,185,0,0,0,0,0,0.0,3.7974,nan,edge/x86_64,,3.12.3,2026-10-09T18:44:39Z
186,ECDH-P384,classical,,encapsulate,0.6658,0.0,0.0,0.0,120,185,0,0,0,0,0,0.0,9.9871,nan,edge/x86_64,,3.12.3,2026-10-09T18:44:39Z
187,ECDH-P384,classical,,keygen,0.2529,0.0,0.0,0.0,120,185,0,0,0,0,0,0.0,3.7942,nan,edge/x86_64,,3.12.3,2026-10-09T18:44:39Z
187,ECDH-P384,classical,,encapsulate,0.6672,0.0,0.0,0.0,120,185,0,0,0,0,0,0.0,10.0076,nan,edge/x86_64,,3.12.3,2026-10-09T18:44:39Z
188,ECDH-P384,classical,,keygen,0.3102,0.0,0.0,0.0,120,185,0,0,0,0,0,0.0,4.6528,nan,edge/x86_64,,3.12.3,2026-10-09T18:44:39Z
188,ECDH-P384,classical,,encapsulate,0.5598,0.0,0.0,0.0,120,185,0,0,0,0,0,0.0,8.3965,nan,edge/x86_64,,3.12.3,2026-10-09T18:44:39Z
189,ECDH-P384,classical,,keygen,0.2509,0.0,0.0,0.0,120,185,0,0,0,0,0,0.0,3.7638,nan,edge/x86_64,,3.12.3,2026-10-09T18:44:39Z
189,ECDH-P384,classical,,encapsulate,0.7903,0.0,0.0,0.0,120,185,0,0,0,0,0,0.0,11.8544,nan,edge/x86_64,,3.12.3,2026-10-09T18:44:39Z
190,ECDH-P384,classical,,keygen,0.2551,0.0,0.0,0.0,120,185,0,0,0,0,0,0.0,3.8269,nan,edge/x86_64,,3.12.3,2026-10-09T18:44:39Z
190,ECDH-P384,classical,,encapsulate,0.57,0.0,0.0,0.0,120,185,0,0,0,0,0,0.0,8.5506,nan,edge/x86_64,,3.12.3,2026-10-09T18:44:39Z
191,ECDH-P384,classical,,keygen,0.2809,0.0,0.0,0.0,120,185,0,0,0,0,0,0.0,4.2128,nan,edge/x86_64,,3.12.3,2026-10-09T18:44:39Z
191,ECDH-P384,classical,,encapsulate,0.6542,0.0,0.0,0.0,120,185,0,0,0,0,0,0.0,9.8127,nan,edge/x86_64,,3.12.3,2026-10-09T18:44:39Z
192,ECDH-P384,classical,,keygen,0.2685,0.0,0.0,0.0,120,185,0,0,0,0,0,0.0,4.0268,nan,edge/x86_64,,3.12.3,2026-10-09T18:44:39Z
192,ECDH-P384,classical,,encapsulate,0.6949,0.0,0.0,0.0,120,185,0,0,0,0,0,0.0,10.4229,nan,edge/x86_64,,3.12.3,2026-10-09T18:44:39Z
193,ECDH-P384,classical,,keygen,0.2642,0.0,0.0,0.0,120,185,0,0,0,0,0,0.0,3.9636,nan,edge/x86_64,,3.12.3,2026-10-09T18:44:39Z
193,ECDH-P384,classical,,encapsulate,0.6384,0.0,0.0,0.0,120,185,0,0,0,0,0,0.0,9.5766,nan,edge/x86_64,,3.12.3,2026-10-09T18:44:39Z
194,ECDH-P384,classical,,keygen,0.3137,0.0,0.0,0.0,120,185,0,0,0,0,0,0.0,4.7058,nan,edge/x86_64,,3.12.3,2026-10-09T18:44:39Z
194,ECDH-P384,classical,,encapsulate,0.36,0.0,0.0,0.0,120,185,0,0,0,0,0,0.0,5.4004,nan,edge/x86_64,,3.12.3,2026-10-09T18:44:39Z
195,ECDH-P384,classical,,keygen,0.1392,0.0,0.0,0.0,120,185,0,0,0,0,0,0.0,2.0875,nan,edge/x86_64,,3.12.3,2026-10-09T18:44:39Z
195,ECDH-P384,classical,,encapsulate,0.3903,0.0,0.0,0.0,120,185,0,0,0,0,0,0.0,5.8546,nan,edge/x86_64,,3.12.3,2026-10-09T18:44:39Z
196,ECDH-P384,classical,,keygen,0.1384,0.0,0.0,0.0,120,185,0,0,0,0,0,0.0,2.0753,nan,edge/x86_64,,3.12.3,2026-10-09T18:44:39Z
196,ECDH-P384,classical,,encapsulate,0.3891,0.0,0.0,0.0,120,185,0,0,0,0,0,0.0,5.8365,nan,edge/x86_64,,3.12.3,2026-10-09T18:44:39Z
197,ECDH-P384,classical,,keygen,0.1355,0.0,0.0,0.0,120,185,0,0,0,0,0,0.0,2.0321,nan,edge/x86_64,,3.12.3,2026-10-09T18:44:39Z
197,ECDH-P384,classical,,encapsulate,0.3337,0.0,0.0,0.0,120,185,0,0,0,0,0,0.0,5.005,nan,edge/x86_64,,3.12.3,2026-10-09T18:44:39Z
198,ECDH-P384,classical,,keygen,0.1303,0.0,0.0,0.0,120,185,0,0,0,0,0,0.0,1.9538,nan,edge/x86_64,,3.12.3,2026-10-09T18:44:39Z
198,ECDH-P384,classical,,encapsulate,0.3335,0.0,0.0,0.0,120,185,0,0,0,0,0,0.0,5.0018,nan,edge/x86_64,,3.12.3,2026-10-09T18:44:39Z
199,ECDH-P384,classical,,keygen,0.1297,0.0,0.0,0.0,120,185,0,0,0,0,0,0.0,1.9456,nan,edge/x86_64,,3.12.3,2026-10-09T18:44:39Z
199,ECDH-P384,classical,,encapsulate,0.3745,0.0,0.0,0.0,120,185,0,0,0,0,0,0.0,5.6181,nan,edge/x86_64,,3.12.3,2026-10-09T18:44:39Z
0,ECDSA-P256,classical,,keygen,0.0586,0.0,0.0,0.0,91,138,0,0,0,0,0,0.0,0.8794,nan,edge/x86_64,,3.12.3,2026-10-09T18:44:39Z
0,ECDSA-P256,classical,,sign,0.0938,0.0,0.0,0.0,91,138,0,71,512,0,0,0.0,1.4074,nan,edge/x86_64,,3.12.3,2026-10-09T18:44:39Z
0,ECDSA-P256,classical,,verify,0.1756,0.0,0.0,0.0,91,138,0,71,512,0,0,0.0,2.6343,nan,edge/x86_64,,3.12.3,2026-10-09T18:44:39Z
1,ECDSA-P256,classical,,keygen,0.0418,0.0,0.0,0.0,91,138,0,0,0,0,0,0.0,0.6269,nan,edge/x86_64,,3.12.3,2026-10-09T18:44:39Z
1,ECDSA-P256,classical,,sign,0.4537,0.0,0.0,0.0,91,138,0,71,512,0,0,0.0,6.8053,nan,edge/x86_64,,3.12.3,2026-10-09T18:44:39Z
1,ECDSA-P256,classical,,verify,0.076,0.0,0.0,0.0,91,138,0,71,512,0,0,0.0,1.1406,nan,edge/x86_64,,3.12.3,2026-10-09T18:44:39Z
2,ECDSA-P256,classical,,keygen,0.0193,0.0,0.0,0.0,91,138,0,0,0,0,0,0.0,0.29,nan,edge/x86_64,,3.12.3,2026-10-09T18:44:39Z
2,ECDSA-P256,classical,,sign,0.0367,0.0,0.0,0.0,91,138,0,70,512,0,0,0.0,0.5499,nan,edge/x86_64,,3.12.3,2026-10-09T18:44:39Z
2,ECDSA-P256,classical,,verify,0.0708,0.0,0.0,0.0,91,138,0,70,512,0,0,0.0,1.0622,nan,edge/x86_64,,3.12.3,2026-10-09T18:44:39Z
3,ECDSA-P256,classical,,keygen,0.0194,0.0,0.0,0.0,91,138,0,0,0,0,0,0.0,0.2903,nan,edge/x86_64,,3.12.3,2026-10-09T18:44:39Z
3,ECDSA-P256,classical,,sign,0.0369,0.0,0.0,0.0,91,138,0,71,512,0,0,0.0,0.5529,nan,edge/x86_64,,3.12.3,2026-10-09T18:44:39Z
3,ECDSA-P256,classical,,verify,0.0707,0.0,0.0,0.0,91,138,0,71,512,0,0,0.0,1.0608,nan,edge/x86_64,,3.12.3,2026-10-09T18:44:39Z
4,ECDSA-P256,classical,,keygen,0.0174,0.0,0.0,0.0,91,138,0,0,0,0,0,0.0,0.2612,nan,edge/x86_64,,3.12.3,2026-10-09T18:44:39Z
4,ECDSA-P256,classical,,sign,0.0354,0.0,0.0,0.0,91,138,0,72,512,0,0,0.0,0.5317,nan,edge/x86_64,,3.12.3,2026-10-09T18:44:39Z
4,ECDSA-P256,classical,,verify,0.0707,0.0,0.0,0.0,91,138,0,72,512,0,0,0.0,1.0606,nan,edge/x86_64,,3.12.3,2026-10-09T18:44:39Z
5,ECDSA-P256,classical,,keygen,0.0174,0.0,0.0,0.0,91,138,0,0,0,0,0,0.0,0.2614,nan,edge/x86_64,,3.12.3,2026-10-09T18:44:39Z
5,ECDSA-P256,classical,,sign,0.0353,0.0,0.0,0.0,91,138,0,70,512,0,0,0.0,0.5294,nan,edge/x86_64,,3.12.3,2026-10-09T18:44:39Z
5,ECDSA-P256,classical,,verify,0.0703,0.0,0.0,0.0,91,138,0,70,512,0,0,0.0,1.0549,nan,edge/x86_64,,3.12.3,2026-10-09T18:44:39Z
6,ECDSA-P256,classical,,keygen,0.0171,0.0,0.0,0.0,91,138,0,0,0,0,0,0.0,0.2571,nan,edge/x86_64,,3.12.3,2026-10-09T18:44:39Z
6,ECDSA-P256,classical,,sign,0.0635,0.0,0.0,0.0,91,138,0,71,512,0,0,0.0,0.9527,nan,edge/x86_64,,3.12.3,2026-10-09T18:44:39Z
6,ECDSA-P256,classical,,verify,0.0735,0.0,0.0,0.0,91,138,0,71,512,0,0,0.0,1.1021,nan,edge/x86_64,,3.12.3,2026-10-09T18:44:39Z
7,ECDSA-P256,classical,,keygen,0.0182,0.0,0.0,0.0,91,138,0,0,0,0,0,0.0,0.2733,nan,edge/x86_64,,3.12.3,2026-10-09T18:44:39Z
7,ECDSA-P256,classical,,sign,0.0358,0.0,0.0,0.0,91,138,0,71,512,0,0,0.0,0.537,nan,edge/x86_64,,3.12.3,2026-10-09T18:44:39Z
7,ECDSA-P256,classical,,verify,0.0729,0.0,0.0,0.0,91,138,0,71,512,0,0,0.0,1.0939,nan,edge/x86_64,,3.12.3,2026-10-09T18:44:39Z
8,ECDSA-P256,classical,,keygen,0.0177,0.0,0.0,0.0,91,138,0,0,0,0,0,0.0,0.2649,nan,edge/x86_64,,3.12.3,2026-10-09T18:44:39Z
8,ECDSA-P256,classical,,sign,0.036,0.0,0.0,0.0,91,138,0,71,512,0,0,0.0,0.5399,nan,edge/x86_64,,3.12.3,2026-10-09T18:44:39Z
8,ECDSA-P256,classical,,verify,0.0717,0.0,0.0,0.0,91,138,0,71,512,0,0,0.0,1.0758,nan,edge/x86_64,,3.12.3,2026-10-09T18:44:39Z
9,ECDSA-P256,classical,,keygen,0.0182,0.0,0.0,0.0,91,138,0,0,0,0,0,0.0,0.2729,nan,edge/x86_64,,3.12.3,2026-10-09T18:44:39Z
9,ECDSA-P256,classical,,sign,0.0354,0.0,0.0,0.0,91,138,0,70,512,0,0,0.0,0.5307,nan,edge/x86_64,,3.12.3,2026-10-09T18:44:39Z
9,ECDSA-P256,classical,,verify,0.0705,0.0,0.0,0.0,91,138,0,70,512,0,0,0.0,1.0579,nan,edge/x86_64,,3.12.3,2026-10-09T18:44:39Z
10,ECDSA-P256,classical,,keygen,0.0172,0.0,0.0,0.0,91,138,0,0,0,0,0,0.0,0.2581,nan,edge/x86_64,,3.12.3,2026-10-09T18:44:39Z
10,ECDSA-P256,classical,,sign,0.0351,0.0,0.0,0.0,91,138,0,71,512,0,0,0.0,0.5264,nan,edge/x86_64,,3.12.3,2026-10-09T18:44:39Z
10,ECDSA-P256,classical,,verify,0.0705,0.0,0.0,0.0,91,138,0,71,512,0,0,0.0,1.0571,nan,edge/x86_64,,3.12.3,2026-10-09T18:44:39Z
11,ECDSA-P256,classical,,keygen,0.017,0.0,0.0,0.0,91,138,0,0,0,0,0,0.0,0.2545,nan,edge/x86_64,,3.12.3,2026-10-09T18:44:39Z
11,ECDSA-P256,classical,,sign,0.0349,0.0,0.0,0.0,91,138,0,71,512,0,0,0.0,0.5238,nan,edge/x86_64,,3.12.3,2026-10-09T18:44:39Z
11,ECDSA-P256,classical,,verify,0.0726,0.0,0.0,0.0,91,138,0,71,512,0,0,0.0,1.0889,nan,edge/x86_64,,3.12.3,2026-10-09T18:44:39Z
12,ECDSA-P256,classical,,keygen,0.0316,0.0,0.0,0.0,91,138,0,0,0,0,0,0.0,0.4738,nan,edge/x86_64,,3.12.3,2026-10-09T18:44:39Z
12,ECDSA-P256,classical,,sign,0.2999,0.0,0.0,0.0,91,138,0,72,512,0,0,0.0,4.4987,nan,edge/x86_64,,3.12.3,2026-10-09T18:44:39Z
12,ECDSA-P256,classical,,verify,0.1183,0.0,0.0,0.0,91,138,0,72,512,0,0,0.0,1.7745,nan,edge/x86_64,,3.12.3,2026-10-09T18:44:39Z
13,ECDSA-P256,classical,,keygen,0.0567,0.0,0.0,0.0,91,138,0,0,0,0,0,0.0,0.8507,nan,edge/x86_64,,3.12.3,2026-10-09T18:44:39Z
13,ECDSA-P256,classical,,sign,0.0987,0.0,0.0,0.0,91,138,0,70,512,0,0,0.0,1.4809,nan,edge/x86_64,,3.12.3,2026-10-09T18:44:39Z
13,ECDSA-P256,classical,,verify,0.0944,0.0,0.0,0.0,91,138,0,70,512,0,0,0.0,1.4154,nan,edge/x86_64,,3.12.3,2026-10-09T18:44:39Z
14,ECDSA-P256,classical,,keygen,0.0244,0.0,0.0,0.0,91,138,0,0,0,0,0,0.0,0.3658,nan,edge/x86_64,,3.12.3,2026-10-09T18:44:39Z
14,ECDSA-P256,classical,,sign,0.0458,0.0,0.0,0.0,91,138,0,70,512,0,0,0.0,0.6877,nan,edge/x86_64,,3.12.3,2026-10-09T18:44:39Z
14,ECDSA-P256,classical,,verify,0.0934,0.0,0.0,0.0,91,138,0,70,512,0,0,0.0,1.4004,nan,edge/x86_64,,3.12.3,2026-10-09T18:44:39Z
15,ECDSA-P256,classical,,keygen,0.0466,0.0,0.0,0.0,91,138,0,0,0,0,0,0.0,0.699,nan,edge/x86_64,,3.12.3,2026-10-09T18:44:39Z
15,ECDSA-P256,classical,,sign,0.0594,0.0,0.0,0.0,91,138,0,71,512,0,0,0.0,0.8909,nan,edge/x86_64,,3.12.3,2026-10-09T18:44:39Z
15,ECDSA-P256,classical,,verify,0.0953,0.0,0.0,0.0,91,138,0,71,512,0,0,0.0,1.4299,nan,edge/x86_64,,3.12.3,2026-10-09T18:44:39Z
16,ECDSA-P256,classical,,keygen,0.0248,0.0,0.0,0.0,91,138,0,0,0,0,0,0.0,0.3725,nan,edge/x86_64,,3.12.3,2026-10-09T18:44:39Z
16,ECDSA-P256,classical,,sign,0.0443,0.0,0.0,0.0,91,138,0,72,512,0,0,0.0,0.6649,nan,edge/x86_64,,3.12.3,2026-10-09T18:44:39Z
16,ECDSA-P256,classical,,verify,0.0734,0.0,0.0,0.0,91,138,0,72,512,0,0,0.0,1.1005,nan,edge/x86_64,,3.12.3,2026-10-09T18:44:39Z
17,ECDSA-P256,classical,,keygen,0.0183,0.0,0.0,0.0,91,138,0,0,0,0,0,0.0,0.2752,nan,edge/x86_64,,3.12.3,2026-10-09T18:44:39Z
17,ECDSA-P256,classical,,sign,0.0358,0.0,0.0,0.0,91,138,0,70,512,0,0,0.0,0.5375,nan,edge/x86_64,,3.12.3,2026-10-09T18:44:39Z
17,ECDSA-P256,classical,,verify,0.0709,0.0,0.0,0.0,91,138,0,70,512,0,0,0.0,1.063,nan,edge/x86_64,,3.12.3,2026-10-09T18:44:39Z
18,ECDSA-P256,classical,,keygen,0.0172,0.0,0.0,0.0,91,138,0,0,0,0,0,0.0,0.258,nan,edge/x86_64,,3.12.3,2026-10-09T18:44:39Z
18,ECDSA-P256,classical,,sign,0.0351,0.0,0.0,0.0,91,138,0,71,512,0,0,0.0,0.5272,nan,edge/x86_64,,3.12.3,2026-10-09T18:44:39Z
18,ECDSA-P256,classical,,verify,0.0708,0.0,0.0,0.0,91,138,0,71,512,0,0,0.0,1.0627,nan,edge/x86_64,,3.12.3,2026-10-09T18:44:39Z
19,ECDSA-P256,classical,,keygen,0.017,0.0,0.0,0.0,91,138,0,0,0,0,0,0.0,0.2556,nan,edge/x86_64,,3.12.3,2026-10-09T18:44:39Z
19,ECDSA-P256,classical,,sign,0.0436,0.0,0.0,0.0,91,138,0,71,512,0,0,0.0,0.6533,nan,edge/x86_64,,3.12.3,2026-10-09T18:44:39Z
19,ECDSA-P256,classical,,verify,0.0923,0.0,0.0,0.0,91,138,0,71,512,0,0,0.0,1.3842,nan,edge/x86_64,,3.12.3,2026-10-09T18:44:39Z
20,ECDSA-P256,classical,,keygen,0.0197,0.0,0.0,0.0,91,138,0,0,0,0,0,0.0,0.2954,nan,edge/x86_64,,3.12.3,2026-10-09T18:44:39Z
20,ECDSA-P256,classical,,sign,0.0369,0.0,0.0,0.0,91,138,0,71,512,0,0,0.0,0.554,nan,edge/x86_64,,3.12.3,2026-10-09T18:44:39Z
20,ECDSA-P256,classical,,verify,0.0713,0.0,0.0,0.0,91,138,0,71,512,0,0,0.0,1.0692,nan,edge/x86_64,,3.12.3,2026-10-09T18:44:39Z
21,ECDSA-P256,classical,,keygen,0.0179,0.0,0.0,0.0,91,138,0,0,0,0,0,0.0,0.268,nan,edge/x86_64,,3.12.3,2026-10-09T18:44:39Z
21,ECDSA-P256,classical,,sign,0.0364,0.0,0.0,0.0,91,138,0,71,512,0,0,0.0,0.5457,nan,edge/x86_64,,3.12.3,2026-10-09T18:44:39Z
21,ECDSA-P256,classical,,verify,0.0708,0.0,0.0,0.0,91,138,0,71,512,0,0,0.0,1.0627,nan,edge/x86_64,,3.12.3,2026-10-09T18:44:39Z
22,ECDSA-P256,classical,,keygen,0.017,0.0,0.0,0.0,91,138,0,0,0,0,0,0.0,0.2547,nan,edge/x86_64,,3.12.3,2026-10-09T18:44:39Z
22,ECDSA-P256,classical,,sign,0.0354,0.0,0.0,0.0,91,138,0,71,512,0,0,0.0,0.5312,nan,edge/x86_64,,3.12.3,2026-10-09T18:44:39Z
22,ECDSA-P256,classical,,verify,0.0708,0.0,0.0,0.0,91,138,0,71,512,0,0,0.0,1.0624,nan,edge/x86_64,,3.12.3,2026-10-09T18:44:39Z
23,ECDSA-P256,classical,,keygen,0.017,0.0,0.0,0.0,91,138,0,0,0,0,0,0.0,0.2543,nan,edge/x86_64,,3.12.3,2026-10-09T18:44:39Z
23,ECDSA-P256,classical,,sign,0.0351,0.0,0.0,0.0,91,138,0,71,512,0,0,0.0,0.5262,nan,edge/x86_64,,3.12.3,2026-10-09T18:44:39Z
23,ECDSA-P256,classical,,verify,0.0715,0.0,0.0,0.0,91,138,0,71,512,0,0,0.0,1.0729,nan,edge/x86_64,,3.12.3,2026-10-09T18:44:39Z
24,ECDSA-P256,classical,,keygen,0.0172,0.0,0.0,0.0,91,138,0,0,0,0,0,0.0,0.2577,nan,edge/x86_64,,3.12.3,2026-10-09T18:44:39Z
24,ECDSA-P256,classical,,sign,0.0354,0.0,0.0,0.0,91,138,0,71,512,0,0,0.0,0.5308,nan,edge/x86_64,,3.12.3,2026-10-09T18:44:39Z
24,ECDSA-P256,classical,,verify,0.0705,0.0,0.0,0.0,91,138,0,71,512,0,0,0.0,1.0571,nan,edge/x86_64,,3.12.3,2026-10-09T18:44:39Z
25,ECDSA-P256,classical,,keygen,0.0168,0.0,0.0,0.0,91,138,0,0,0,0,0,0.0,0.252,nan,edge/x86_64,,3.12.3,2026-10-09T18:44:39Z
25,ECDSA-P256,classical,,sign,0.0353,0.0,0.0,0.0,91,138,0,72,512,0,0,0.0,0.5289,nan,edge/x86_64,,3.12.3,2026-10-09T18:44:39Z
25,ECDSA-P256,classical,,verify,0.0707,0.0,0.0,0.0,91,138,0,72,512,0,0,0.0,1.0603,nan,edge/x86_64,,3.12.3,2026-10-09T18:44:39Z
26,ECDSA-P256,classical,,keygen,0.017,0.0,0.0,0.0,91,138,0,0,0,0,0,0.0,0.2557,nan,edge/x86_64,,3.12.3,2026-10-09T18:44:39Z
26,ECDSA-P256,classical,,sign,0.0792,0.0,0.0,0.0,91,138,0,71,512,0,0,0.0,1.1882,nan,edge/x86_64,,3.12.3,2026-10-09T18:44:39Z
26,ECDSA-P256,classical,,verify,0.0733,0.0,0.0,0.0,91,138,0,71,512,0,0,0.0,1.0996,nan,edge/x86_64,,3.12.3,2026-10-09T18:44:39Z
27,ECDSA-P256,classical,,keygen,0.0195,0.0,0.0,0.0,91,138,0,0,0,0,0,0.0,0.2924,nan,edge/x86_64,,3.12.3,2026-10-09T18:44:39Z
27,ECDSA-P256,classical,,sign,0.0362,0.0,0.0,0.0,91,138,0,72,512,0,0,0.0,0.5424,nan,edge/x86_64,,3.12.3,2026-10-09T18:44:39Z
27,ECDSA-P256,classical,,verify,0.0718,0.0,0.0,0.0,91,138,0,72,512,0,0,0.0,1.0771,nan,edge/x86_64,,3.12.3,2026-10-09T18:44:39Z
28,ECDSA-P256,classical,,keygen,0.0172,0.0,0.0,0.0,91,138,0,0,0,0,0,0.0,0.2577,nan,edge/x86_64,,3.12.3,2026-10-09T18:44:39Z
28,ECDSA-P256,classical,,sign,0.0352,0.0,0.0,0.0,91,138,0,71,512,0,0,0.0,0.5274,nan,edge/x86_64,,3.12.3,2026-10-09T18:44:39Z
28,ECDSA-P256,classical,,verify,0.0711,0.0,0.0,0.0,91,138,0,71,512,0,0,0.0,1.0667,nan,edge/x86_64,,3.12.3,2026-10-09T18:44:39Z
29,ECDSA-P256,classical,,keygen,0.0172,0.0,0.0,0.0,91,138,0,0,0,0,0,0.0,0.2579,nan,edge/x86_64,,3.12.3,2026-10-09T18:44:39Z
29,ECDSA-P256,classical,,sign,0.0355,0.0,0.0,0.0,91,138,0,70,512,0,0,0.0,0.5326,nan,edge/x86_64,,3.12.3,2026-10-09T18:44:39Z
29,ECDSA-P256,classical,,verify,0.0708,0.0,0.0,0.0,91,138,0,70,512,0,0,0.0,1.0618,nan,edge/x86_64,,3.12.3,2026-10-09T18:44:39Z
30,ECDSA-P256,classical,,keygen,0.0171,0.0,0.0,0.0,91,138,0,0,0,0,0,0.0,0.2562,nan,edge/x86_64,,3.12.3,2026-10-09T18:44:39Z
30,ECDSA-P256,classical,,sign,0.0354,0.0,0.0,0.0,91,138,0,72,512,0,0,0.0,0.531,nan,edge/x86_64,,3.12.3,2026-10-09T18:44:39Z
30,ECDSA-P256,classical,,verify,0.071,0.0,0.0,0.0,91,138,0,72,512,0,0,0.0,1.0646,nan,edge/x86_64,,3.12.3,2026-10-09T18:44:39Z
31,ECDSA-P256,classical,,keygen,0.017,0.0,0.0,0.0,91,138,0,0,0,0,0,0.0,0.2557,nan,edge/x86_64,,3.12.3,2026-10-09T18:44:39Z
31,ECDSA-P256,classical,,sign,0.0348,0.0,0.0,0.0,91,138,0,71,512,0,0,0.0,0.5227,nan,edge/x86_64,,3.12.3,2026-10-09T18:44:39Z
31,ECDSA-P256,classical,,verify,0.0955,0.0,0.0,0.0,91,138,0,71,512,0,0,0.0,1.4329,nan,edge/x86_64,,3.12.3,2026-10-09T18:44:39Z
32,ECDSA-P256,classical,,keygen,0.051,0.0,0.0,0.0,91,138,0,0,0,0,0,0.0,0.7657,nan,edge/x86_64,,3.12.3,2026-10-09T18:44:39Z
32,ECDSA-P256,classical,,sign,0.0445,0.0,0.0,0.0,91,138,0,71,512,0,0,0.0,0.6668,nan,edge/x86_64,,3.12.3,2026-10-09T18:44:39Z
32,ECDSA-P256,classical,,verify,0.0916,0.0,0.0,0.0,91,138,0,71,512,0,0,0.0,1.3742,nan,edge/x86_64,,3.12.3,2026-10-09T18:44:39Z
33,ECDSA-P256,classical,,keygen,0.0246,0.0,0.0,0.0,91,138,0,0,0,0,0,0.0,0.3693,nan,edge/x86_64,,3.12.3,2026-10-09T18:44:39Z
33,ECDSA-P256,classical,,sign,0.0417,0.0,0.0,0.0,91,138,0,71,512,0,0,0.0,0.6256,nan,edge/x86_64,,3.12.3,2026-10-09T18:44:39Z
33,ECDSA-P256,classical,,verify,0.0717,0.0,0.0,0.0,91,138,0,71,512,0,0,0.0,1.0756,nan,edge/x86_64,,3.12.3,2026-10-09T18:44:39Z
34,ECDSA-P256,classical,,keygen,0.0175,0.0,0.0,0.0,91,138,0,0,0,0,0,0.0,0.2628,nan,edge/x86_64,,3.12.3,2026-10-09T18:44:39Z
34,ECDSA-P256,classical,,sign,0.0352,0.0,0.0,0.0,91,138,0,71,512,0,0,0.0,0.5275,nan,edge/x86_64,,3.12.3,2026-10-09T18:44:39Z
34,ECDSA-P256,classical,,verify,0.0706,0.0,0.0,0.0,91,138,0,71,512,0,0,0.0,1.0584,nan,edge/x86_64,,3.12.3,2026-10-09T18:44:39Z
35,ECDSA-P256,classical,,keygen,0.0171,0.0,0.0,0.0,91,138,0,0,0,0,0,0.0,0.2572,nan,edge/x86_64,,3.12.3,2026-10-09T18:44:39Z
35,ECDSA-P256,classical,,sign,0.035,0.0,0.0,0.0,91,138,0,70,512,0,0,0.0,0.5253,nan,edge/x86_64,,3.12.3,2026-10-09T18:44:39Z
35,ECDSA-P256,classical,,verify,0.0708,0.0,0.0,0.0,91,138,0,70,512,0,0,0.0,1.062,nan,edge/x86_64,,3.12.3,2026-10-09T18:44:39Z
36,ECDSA-P256,classical,,keygen,0.017,0.0,0.0,0.0,91,138,0,0,0,0,0,0.0,0.255,nan,edge/x86_64,,3.12.3,2026-10-09T18:44:39Z
36,ECDSA-P256,classical,,sign,0.0349,0.0,0.0,0.0,91,138,0,71,512,0,0,0.0,0.524,nan,edge/x86_64,,3.12.3,2026-10-09T18:44:39Z
36,ECDSA-P256,classical,,verify,0.0704,0.0,0.0,0.0,91,138,0,71,512,0,0,0.0,1.0556,nan,edge/x86_64,,3.12.3,2026-10-09T18:44:39Z
37,ECDSA-P256,classical,,keygen,0.0186,0.0,0.0,0.0,91,138,0,0,0,0,0,0.0,0.2793,nan,edge/x86_64,,3.12.3,2026-10-09T18:44:39Z
37,ECDSA-P256,classical,,sign,0.2366,0.0,0.0,0.0,91,138,0,70,512,0,0,0.0,3.5495,nan,edge/x86_64,,3.12.3,2026-10-09T18:44:39Z
37,ECDSA-P256,classical,,verify,0.1477,0.0,0.0,0.0,91,138,0,70,512,0,0,0.0,2.2153,nan,edge/x86_64,,3.12.3,2026-10-09T18:44:39Z
38,ECDSA-P256,classical,,keygen,0.0338,0.0,0.0,0.0,91,138,0,0,0,0,0,0.0,0.5068,nan,edge/x86_64,,3.12.3,2026-10-09T18:44:39Z
38,ECDSA-P256,classical,,sign,0.0444,0.0,0.0,0.0,91,138,0,71,512,0,0,0.0,0.6653,nan,edge/x86_64,,3.12.3,2026-10-09T18:44:39Z
38,ECDSA-P256,classical,,verify,0.0775,0.0,0.0,0.0,91,138,0,71,512,0,0,0.0,1.1624,nan,edge/x86_64,,3.12.3,2026-10-09T18:44:39Z
39,ECDSA-P256,classical,,keygen,0.0219,0.0,0.0,0.0,91,138,0,0,0,0,0,0.0,0.3282,nan,edge/x86_64,,3.12.3,2026-10-09T18:44:39Z
39,ECDSA-P256,classical,,sign,0.0388,0.0,0.0,0.0,91,138,0,72,512,0,0,0.0,0.5816,nan,edge/x86_64,,3.12.3,2026-10-09T18:44:39Z
39,ECDSA-P256,classical,,verify,0.078,0.0,0.0,0.0,91,138,0,72,512,0,0,0.0,1.1706,nan,edge/x86_64,,3.12.3,2026-10-09T18:44:39Z
40,ECDSA-P256,classical,,keygen,0.021,0.0,0.0,0.0,91,138,0,0,0,0,0,0.0,0.3155,nan,edge/x86_64,,3.12.3,2026-10-09T18:44:39Z
40,ECDSA-P256,classical,,sign,0.0379,0.0,0.0,0.0,91,138,0,70,512,0,0,0.0,0.5685,nan,edge/x86_64,,3.12.3,2026-10-09T18:44:39Z
40,ECDSA-P256,classical,,verify,0.0708,0.0,0.0,0.0,91,138,0,70,512,0,0,0.0,1.0617,nan,edge/x86_64,,3.12.3,2026-10-09T18:44:39Z
41,ECDSA-P256,classical,,keygen,0.0175,0.0,0.0,0.0,91,138,0,0,0,0,0,0.0,0.2625,nan,edge/x86_64,,3.12.3,2026-10-09T18:44:39Z
41,ECDSA-P256,classical,,sign,0.0694,0.0,0.0,0.0,91,138,0,72,512,0,0,0.0,1.0415,nan,edge/x86_64,,3.12.3,2026-10-09T18:44:39Z
41,ECDSA-P256,classical,,verify,0.1027,0.0,0.0,0.0,91,138,0,72,512,0,0,0.0,1.54,nan,edge/x86_64,,3.12.3,2026-10-09T18:44:39Z
42,ECDSA-P256,classical,,keygen,0.0215,0.0,0.0,0.0,91,138,0,0,0,0,0,0.0,0.3218,nan,edge/x86_64,,3.12.3,2026-10-09T18:44:39Z
42,ECDSA-P256,classical,,sign,0.0377,0.0,0.0,0.0,91,138,0,71,512,0,0,0.0,0.566,nan,edge/x86_64,,3.12.3,2026-10-09T18:44:39Z
42,ECDSA-P256,classical,,verify,0.0714,0.0,0.0,0.0,91,138,0,71,512,0,0,0.0,1.0706,nan,edge/x86_64,,3.12.3,2026-10-09T18:44:39Z
43,ECDSA-P256,classical,,keygen,0.0189,0.0,0.0,0.0,91,138,0,0,0,0,0,0.0,0.2838,nan,edge/x86_64,,3.12.3,2026-10-09T18:44:39Z
43,ECDSA-P256,classical,,sign,0.0358,0.0,0.0,0.0,91,138,0,72,512,0,0,0.0,0.5368,nan,edge/x86_64,,3.12.3,2026-10-09T18:44:39Z
43,ECDSA-P256,classical,,verify,0.072,0.0,0.0,0.0,91,138,0,72,512,0,0,0.0,1.0795,nan,edge/x86_64,,3.12.3,2026-10-09T18:44:39Z
44,ECDSA-P256,classical,,keygen,0.0173,0.0,0.0,0.0,91,138,0,0,0,0,0,0.0,0.2596,nan,edge/x86_64,,3.12.3,2026-10-09T18:44:39Z
44,ECDSA-P256,classical,,sign,0.0351,0.0,0.0,0.0,91,138,0,70,512,0,0,0.0,0.5263,nan,edge/x86_64,,3.12.3,2026-10-09T18:44:39Z
44,ECDSA-P256,classical,,verify,0.0703,0.0,0.0,0.0,91,138,0,70,512,0,0,0.0,1.0551,nan,edge/x86_64,,3.12.3,2026-10-09T18:44:39Z
45,ECDSA-P256,classical,,keygen,0.0176,0.0,0.0,0.0,91,138,0,0,0,0,0,0.0,0.2647,nan,edge/x86_64,,3.12.3,2026-10-09T18:44:39Z
45,ECDSA-P256,classical,,sign,0.0355,0.0,0.0,0.0,91,138,0,72,512,0,0,0.0,0.5323,nan,edge/x86_64,,3.12.3,2026-10-09T18:44:39Z
45,ECDSA-P256,classical,,verify,0.0708,0.0,0.0,0.0,91,138,0,72,512,0,0,0.0,1.0622,nan,edge/x86_64,,3.12.3,2026-10-09T18:44:39Z
46,ECDSA-P256,classical,,keygen,0.0187,0.0,0.0,0.0,91,138,0,0,0,0,0,0.0,0.281,nan,edge/x86_64,,3.12.3,2026-10-09T18:44:39Z
46,ECDSA-P256,classical,,sign,0.0374,0.0,0.0,0.0,91,138,0,70,512,0,0,0.0,0.561,nan,edge/x86_64,,3.12.3,2026-10-09T18:44:39Z
46,ECDSA-P256,classical,,verify,0.0856,0.0,0.0,0.0,91,138,0,70,512,0,0,0.0,1.2845,nan,edge/x86_64,,3.12.3,2026-10-09T18:44:39Z
47,ECDSA-P256,classical,,keygen,0.0208,0.0,0.0,0.0,91,138,0,0,0,0,0,0.0,0.3119,nan,edge/x86_64,,3.12.3,2026-10-09T18:44:39Z
47,ECDSA-P256,classical,,sign,0.0388,0.0,0.0,0.0,91,138,0,72,512,0,0,0.0,0.5824,nan,edge/x86_64,,3.12.3,2026-10-09T18:44:39Z
47,ECDSA-P256,classical,,verify,0.0719,0.0,0.0,0.0,91,138,0,72,512,0,0,0.0,1.0782,nan,edge/x86_64,,3.12.3,2026-10-09T18:44:39Z
48,ECDSA-P256,classical,,keygen,0.0178,0.0,0.0,0.0,91,138,0,0,0,0,0,0.0,0.2669,nan,edge/x86_64,,3.12.3,2026-10-09T18:44:39Z
48,ECDSA-P256,classical,,sign,0.0355,0.0,0.0,0.0,91,138,0,70,512,0,0,0.0,0.5326,nan,edge/x86_64,,3.12.3,2026-10-09T18:44:39Z
48,ECDSA-P256,classical,,verify,0.0708,0.0,0.0,0.0,91,138,0,70,512,0,0,0.0,1.0615,nan,edge/x86_64,,3.12.3,2026-10-09T18:44:39Z
49,ECDSA-P256,classical,,keygen,0.0173,0.0,0.0,0.0,91,138,0,0,0,0,0,0.0,0.2598,nan,edge/x86_64,,3.12.3,2026-10-09T18:44:39Z
49,ECDSA-P256,classical,,sign,0.0351,0.0,0.0,0.0,91,138,0,72,512,0,0,0.0,0.527,nan,edge/x86_64,,3.12.3,2026-10-09T18:44:39Z
49,ECDSA-P256,classical,,verify,0.0705,0.0,0.0,0.0,91,138,0,72,512,0,0,0.0,1.0571,nan,edge/x86_64,,3.12.3,2026-10-09T18:44:39Z
50,ECDSA-P256,classical,,keygen,0.0174,0.0,0.0,0.0,91,138,0,0,0,0,0,0.0,0.2605,nan,edge/x86_64,,3.12.3,2026-10-09T18:44:39Z
50,ECDSA-P256,classical,,sign,0.0352,0.0,0.0,0.0,91,138,0,70,512,0,0,0.0,0.5276,nan,edge/x86_64,,3.12.3,2026-10-09T18:44:39Z
50,ECDSA-P256,classical,,verify,0.0704,0.0,0.0,0.0,91,138,0,70,512,0,0,0.0,1.056,nan,edge/x86_64,,3.12.3,2026-10-09T18:44:39Z
51,ECDSA-P256,classical,,keygen,0.0178,0.0,0.0,0.0,91,138,0,0,0,0,0,0.0,0.2673,nan,edge/x86_64,,3.12.3,2026-10-09T18:44:39Z
51,ECDSA-P256,classical,,sign,0.0352,0.0,0.0,0.0,91,138,0,72,512,0,0,0.0,0.5285,nan,edge/x86_64,,3.12.3,2026-10-09T18:44:39Z
51,ECDSA-P256,classical,,verify,0.071,0.0,0.0,0.0,91,138,0,72,512,0,0,0.0,1.0647,nan,edge/x86_64,,3.12.3,2026-10-09T18:44:39Z
52,ECDSA-P256,classical,,keygen,0.0171,0.0,0.0,0.0,91,138,0,0,0,0,0,0.0,0.2565,nan,edge/x86_64,,3.12.3,2026-10-09T18:44:39Z
52,ECDSA-P256,classical,,sign,0.0349,0.0,0.0,0.0,91,138,0,70,512,0,0,0.0,0.5233,nan,edge/x86_64,,3.12.3,2026-10-09T18:44:39Z
52,ECDSA-P256,classical,,verify,0.0703,0.0,0.0,0.0,91,138,0,70,512,0,0,0.0,1.054,nan,edge/x86_64,,3.12.3,2026-10-09T18:44:39Z
53,ECDSA-P256,classical,,keygen,0.0171,0.0,0.0,0.0,91,138,0,0,0,0,0,0.0,0.2568,nan,edge/x86_64,,3.12.3,2026-10-09T18:44:39Z
53,ECDSA-P256,classical,,sign,0.035,0.0,0.0,0.0,91,138,0,71,512,0,0,0.0,0.5243,nan,edge/x86_64,,3.12.3,2026-10-09T18:44:39Z
53,ECDSA-P256,classical,,verify,0.0821,0.0,0.0,0.0,91,138,0,71,512,0,0,0.0,1.232,nan,edge/x86_64,,3.12.3,2026-10-09T18:44:39Z
54,ECDSA-P256,classical,,keygen,0.0182,0.0,0.0,0.0,91,138,0,0,0,0,0,0.0,0.2729,nan,edge/x86_64,,3.12.3,2026-10-09T18:44:39Z
54,ECDSA-P256,classical,,sign,0.0442,0.0,0.0,0.0,91,138,0,71,512,0,0,0.0,0.6632,nan,edge/x86_64,,3.12.3,2026-10-09T18:44:39Z
54,ECDSA-P256,classical,,verify,0.0726,0.0,0.0,0.0,91,138,0,71,512,0,0,0.0,1.0887,nan,edge/x86_64,,3.12.3,2026-10-09T18:44:39Z
55,ECDSA-P256,classical,,keygen,0.0181,0.0,0.0,0.0,91,138,0,0,0,0,0,0.0,0.2715,nan,edge/x86_64,,3.12.3,2026-10-09T18:44:39Z
55,ECDSA-P256,classical,,sign,0.0355,0.0,0.0,0.0,91,138,0,71,512,0,0,0.0,0.5331,nan,edge/x86_64,,3.12.3,2026-10-09T18:44:39Z
55,ECDSA-P256,classical,,verify,0.0719,0.0,0.0,0.0,91,138,0,71,512,0,0,0.0,1.0783,nan,edge/x86_64,,3.12.3,2026-10-09T18:44:39Z
56,ECDSA-P256,classical,,keygen,0.018,0.0,0.0,0.0,91,138,0,0,0,0,0,0.0,0.2701,nan,edge/x86_64,,3.12.3,2026-10-09T18:44:39Z
56,ECDSA-P256,classical,,sign,0.0352,0.0,0.0,0.0,91,138,0,71,512,0,0,0.0,0.5283,nan,edge/x86_64,,3.12.3,2026-10-09T18:44:39Z
56,ECDSA-P256,classical,,verify,0.0703,0.0,0.0,0.0,91,138,0,71,512,0,0,0.0,1.0547,nan,edge/x86_64,,3.12.3,2026-10-09T18:44:39Z
57,ECDSA-P256,classical,,keygen,0.0177,0.0,0.0,0.0,91,138,0,0,0,0,0,0.0,0.2653,nan,edge/x86_64,,3.12.3,2026-10-09T18:44:39Z
57,ECDSA-P256,classical,,sign,0.046,0.0,0.0,0.0,91,138,0,71,512,0,0,0.0,0.6896,nan,edge/x86_64,,3.12.3,2026-10-09T18:44:39Z
57,ECDSA-P256,classical,,verify,0.096,0.0,0.0,0.0,91,138,0,71,512,0,0,0.0,1.4403,nan,edge/x86_64,,3.12.3,2026-10-09T18:44:39Z
58,ECDSA-P256,classical,,keygen,0.0309,0.0,0.0,0.0,91,138,0,0,0,0,0,0.0,0.4642,nan,edge/x86_64,,3.12.3,2026-10-09T18:44:39Z
58,ECDSA-P256,classical,,sign,0.0593,0.0,0.0,0.0,91,138,0,72,512,0,0,0.0,0.8894,nan,edge/x86_64,,3.12.3,2026-10-09T18:44:39Z
58,ECDSA-P256,classical,,verify,0.0834,0.0,0.0,0.0,91,138,0,72,512,0,0,0.0,1.2512,nan,edge/x86_64,,3.12.3,2026-10-09T18:44:39Z
59,ECDSA-P256,classical,,keygen,0.0489,0.0,0.0,0.0,91,138,0,0,0,0,0,0.0,0.733,nan,edge/x86_64,,3.12.3,2026-10-09T18:44:39Z
59,ECDSA-P256,classical,,sign,0.046,0.0,0.0,0.0,91,138,0,70,512,0,0,0.0,0.6894,nan,edge/x86_64,,3.12.3,2026-10-09T18:44:39Z
59,ECDSA-P256,classical,,verify,0.0721,0.0,0.0,0.0,91,138,0,70,512,0,0,0.0,1.0818,nan,edge/x86_64,,3.12.3,2026-10-09T18:44:39Z
60,ECDSA-P256,classical,,keygen,0.018,0.0,0.0,0.0,91,138,0,0,0,0,0,0.0,0.2695,nan,edge/x86_64,,3.12.3,2026-10-09T18:44:39Z
60,ECDSA-P256,classical,,sign,0.037,0.0,0.0,0.0,91,138,0,71,512,0,0,0.0,0.5553,nan,edge/x86_64,,3.12.3,2026-10-09T18:44:39Z
60,ECDSA-P256,classical,,verify,0.0982,0.0,0.0,0.0,91,138,0,71,512,0,0,0.0,1.4736,nan,edge/x86_64,,3.12.3,2026-10-09T18:44:39Z
61,ECDSA-P256,classical,,keygen,0.0206,0.0,0.0,0.0,91,138,0,0,0,0,0,0.0,0.3097,nan,edge/x86_64,,3.12.3,2026-10-09T18:44:39Z
61,ECDSA-P256,classical,,sign,0.0369,0.0,0.0,0.0,91,138,0,72,512,0,0,0.0,0.5533,nan,edge/x86_64,,3.12.3,2026-10-09T18:44:39Z
61,ECDSA-P256,classical,,verify,0.0708,0.0,0.0,0.0,91,138,0,72,512,0,0,0.0,1.0625,nan,edge/x86_64,,3.12.3,2026-10-09T18:44:39Z
62,ECDSA-P256,classical,,keygen,0.0176,0.0,0.0,0.0,91,138,0,0,0,0,0,0.0,0.2637,nan,edge/x86_64,,3.12.3,2026-10-09T18:44:39Z
62,ECDSA-P256,classical,,sign,0.0353,0.0,0.0,0.0,91,138,0,71,512,0,0,0.0,0.53,nan,edge/x86_64,,3.12.3,2026-10-09T18:44:39Z
62,ECDSA-P256,classical,,verify,0.0702,0.0,0.0,0.0,91,138,0,71,512,0,0,0.0,1.0536,nan,edge/x86_64,,3.12.3,2026-10-09T18:44:39Z
63,ECDSA-P256,classical,,keygen,0.018,0.0,0.0,0.0,91,138,0,0,0,0,0,0.0,0.27,nan,edge/x86_64,,3.12.3,2026-10-09T18:44:39Z
63,ECDSA-P256,classical,,sign,0.0354,0.0,0.0,0.0,91,138,0,72,512,0,0,0.0,0.5315,nan,edge/x86_64,,3.12.3,2026-10-09T18:44:39Z
63,ECDSA-P256,classical,,verify,0.0704,0.0,0.0,0.0,91,138,0,72,512,0,0,0.0,1.0562,nan,edge/x86_64,,3.12.3,2026-10-09T18:44:39Z
64,ECDSA-P256,classical,,keygen,0.0182,0.0,0.0,0.0,91,138,0,0,0,0,0,0.0,0.2724,nan,edge/x86_64,,3.12.3,2026-10-09T18:44:39Z
64,ECDSA-P256,classical,,sign,0.0361,0.0,0.0,0.0,91,138,0,72,512,0,0,0.0,0.5412,nan,edge/x86_64,,3.12.3,2026-10-09T18:44:39Z
64,ECDSA-P256,classical,,verify,0.1013,0.0,0.0,0.0,91,138,0,72,512,0,0,0.0,1.5198,nan,edge/x86_64,,3.12.3,2026-10-09T18:44:39Z
65,ECDSA-P256,classical,,keygen,0.0209,0.0,0.0,0.0,91,138,0,0,0,0,0,0.0,0.3131,nan,edge/x86_64,,3.12.3,2026-10-09T18:44:39Z
65,ECDSA-P256,classical,,sign,0.0377,0.0,0.0,0.0,91,138,0,70,512,0,0,0.0,0.5654,nan,edge/x86_64,,3.12.3,2026-10-09T18:44:39Z
65,ECDSA-P256,classical,,verify,0.0713,0.0,0.0,0.0,91,138,0,70,512,0,0,0.0,1.0696,nan,edge/x86_64,,3.12.3,2026-10-09T18:44:39Z
66,ECDSA-P256,classical,,keygen,0.0171,0.0,0.0,0.0,91,138,0,0,0,0,0,0.0,0.2569,nan,edge/x86_64,,3.12.3,2026-10-09T18:44:39Z
66,ECDSA-P256,classical,,sign,0.0355,0.0,0.0,0.0,91,138,0,70,512,0,0,0.0,0.5325,nan,edge/x86_64,,3.12.3,2026-10-09T18:44:39Z
66,ECDSA-P256,classical,,verify,0.0707,0.0,0.0,0.0,91,138,0,70,512,0,0,0.0,1.0604,nan,edge/x86_64,,3.12.3,2026-10-09T18:44:39Z
67,ECDSA-P256,classical,,keygen,0.0172,0.0,0.0,0.0,91,138,0,0,0,0,0,0.0,0.2587,nan,edge/x86_64,,3.12.3,2026-10-09T18:44:39Z
67,ECDSA-P256,classical,,sign,0.0353,0.0,0.0,0.0,91,138,0,72,512,0,0,0.0,0.5297,nan,edge/x86_64,,3.12.3,2026-10-09T18:44:39Z
67,ECDSA-P256,classical,,verify,0.0704,0.0,0.0,0.0,91,138,0,72,512,0,0,0.0,1.0563,nan,edge/x86_64,,3.12.3,2026-10-09T18:44:39Z
68,ECDSA-P256,classical,,keygen,0.017,0.0,0.0,0.0,91,138,0,0,0,0,0,0.0,0.2547,nan,edge/x86_64,,3.12.3,2026-10-09T18:44:39Z
68,ECDSA-P256,classical,,sign,0.035,0.0,0.0,0.0,91,138,0,71,512,0,0,0.0,0.5251,nan,edge/x86_64,,3.12.3,2026-10-09T18:44:39Z
68,ECDSA-P256,classical,,verify,0.0705,0.0,0.0,0.0,91,138,0,71,512,0,0,0.0,1.058,nan,edge/x86_64,,3.12.3,2026-10-09T18:44:39Z
69,ECDSA-P256,classical,,keygen,0.0176,0.0,0.0,0.0,91,138,0,0,0,0,0,0.0,0.2646,nan,edge/x86_64,,3.12.3,2026-10-09T18:44:39Z
69,ECDSA-P256,classical,,sign,0.0403,0.0,0.0,0.0,91,138,0,72,512,0,0,0.0,0.6047,nan,edge/x86_64,,3.12.3,2026-10-09T18:44:39Z
69,ECDSA-P256,classical,,verify,0.0706,0.0,0.0,0.0,91,138,0,72,512,0,0,0.0,1.0587,nan,edge/x86_64,,3.12.3,2026-10-09T18:44:39Z
70,ECDSA-P256,classical,,keygen,0.0429,0.0,0.0,0.0,91,138,0,0,0,0,0,0.0,0.6428,nan,edge/x86_64,,3.12.3,2026-10-09T18:44:39Z
70,ECDSA-P256,classical,,sign,0.0371,0.0,0.0,0.0,91,138,0,72,512,0,0,0.0,0.5568,nan,edge/x86_64,,3.12.3,2026-10-09T18:44:39Z
70,ECDSA-P256,classical,,verify,0.0706,0.0,0.0,0.0,91,138,0,72,512,0,0,0.0,1.0591,nan,edge/x86_64,,3.12.3,2026-10-09T18:44:39Z
71,ECDSA-P256,classical,,keygen,0.0173,0.0,0.0,0.0,91,138,0,0,0,0,0,0.0,0.2595,nan,edge/x86_64,,3.12.3,2026-10-09T18:44:39Z
71,ECDSA-P256,classical,,sign,0.0361,0.0,0.0,0.0,91,138,0,71,512,0,0,0.0,0.5417,nan,edge/x86_64,,3.12.3,2026-10-09T18:44:39Z
71,ECDSA-P256,classical,,verify,0.0708,0.0,0.0,0.0,91,138,0,71,512,0,0,0.0,1.0618,nan,edge/x86_64,,3.12.3,2026-10-09T18:44:39Z
72,ECDSA-P256,classical,,keygen,0.0173,0.0,0.0,0.0,91,138,0,0,0,0,0,0.0,0.2591,nan,edge/x86_64,,3.12.3,2026-10-09T18:44:39Z
72,ECDSA-P256,classical,,sign,0.035,0.0,0.0,0.0,91,138,0,70,512,0,0,0.0,0.5256,nan,edge/x86_64,,3.12.3,2026-10-09T18:44:39Z
72,ECDSA-P256,classical,,verify,0.0701,0.0,0.0,0.0,91,138,0,70,512,0,0,0.0,1.0511,nan,edge/x86_64,,3.12.3,2026-10-09T18:44:39Z
73,ECDSA-P256,classical,,keygen,0.0172,0.0,0.0,0.0,91,138,0,0,0,0,0,0.0,0.2576,nan,edge/x86_64,,3.12.3,2026-10-09T18:44:39Z
73,ECDSA-P256,classical,,sign,0.0354,0.0,0.0,0.0,91,138,0,72,512,0,0,0.0,0.5304,nan,edge/x86_64,,3.12.3,2026-10-09T18:44:39Z
73,ECDSA-P256,classical,,verify,0.0711,0.0,0.0,0.0,91,138,0,72,512,0,0,0.0,1.066,nan,edge/x86_64,,3.12.3,2026-10-09T18:44:39Z
74,ECDSA-P256,classical,,keygen,0.0174,0.0,0.0,0.0,91,138,0,0,0,0,0,0.0,0.2617,nan,edge/x86_64,,3.12.3,2026-10-09T18:44:39Z
74,ECDSA-P256,classical,,sign,0.0351,0.0,0.0,0.0,91,138,0,71,512,0,0,0.0,0.526,nan,edge/x86_64,,3.12.3,2026-10-09T18:44:39Z
74,ECDSA-P256,classical,,verify,0.0701,0.0,0.0,0.0,91,138,0,71,512,0,0,0.0,1.0522,nan,edge/x86_64,,3.12.3,2026-10-09T18:44:39Z
75,ECDSA-P256,classical,,keygen,0.0177,0.0,0.0,0.0,91,138,0,0,0,0,0,0.0,0.2656,nan,edge/x86_64,,3.12.3,2026-10-09T18:44:39Z
75,ECDSA-P256,classical,,sign,0.0352,0.0,0.0,0.0,91,138,0,71,512,0,0,0.0,0.5283,nan,edge/x86_64,,3.12.3,2026-10-09T18:44:39Z
75,ECDSA-P256,classical,,verify,0.0706,0.0,0.0,0.0,91,138,0,71,512,0,0,0.0,1.0587,nan,edge/x86_64,,3.12.3,2026-10-09T18:44:39Z
76,ECDSA-P256,classical,,keygen,0.039,0.0,0.0,0.0,91,138,0,0,0,0,0,0.0,0.5848,nan,edge/x86_64,,3.12.3,2026-10-09T18:44:39Z
76,ECDSA-P256,classical,,sign,0.0389,0.0,0.0,0.0,91,138,0,71,512,0,0,0.0,0.5835,nan,edge/x86_64,,3.12.3,2026-10-09T18:44:39Z
76,ECDSA-P256,classical,,verify,0.0959,0.0,0.0,0.0,91,138,0,71,512,0,0,0.0,1.4383,nan,edge/x86_64,,3.12.3,2026-10-09T18:44:39Z
77,ECDSA-P256,classical,,keygen,0.023,0.0,0.0,0.0,91,138,0,0,0,0,0,0.0,0.3447,nan,edge/x86_64,,3.12.3,2026-10-09T18:44:39Z
77,ECDSA-P256,classical,,sign,0.0382,0.0,0.0,0.0,91,138,0,70,512,0,0,0.0,0.5733,nan,edge/x86_64,,3.12.3,2026-10-09T18:44:39Z
77,ECDSA-P256,classical,,verify,0.0713,0.0,0.0,0.0,91,138,0,70,512,0,0,0.0,1.069,nan,edge/x86_64,,3.12.3,2026-10-09T18:44:39Z
78,ECDSA-P256,classical,,keygen,0.0175,0.0,0.0,0.0,91,138,0,0,0,0,0,0.0,0.2625,nan,edge/x86_64,,3.12.3,2026-10-09T18:44:39Z
78,ECDSA-P256,classical,,sign,0.0352,0.0,0.0,0.0,91,138,0,71,512,0,0,0.0,0.5285,nan,edge/x86_64,,3.12.3,2026-10-09T18:44:39Z
78,ECDSA-P256,classical,,verify,0.0703,0.0,0.0,0.0,91,138,0,71,512,0,0,0.0,1.0552,nan,edge/x86_64,,3.12.3,2026-10-09T18:44:39Z
79,ECDSA-P256,classical,,keygen,0.0174,0.0,0.0,0.0,91,138,0,0,0,0,0,0.0,0.2603,nan,edge/x86_64,,3.12.3,2026-10-09T18:44:39Z
79,ECDSA-P256,classical,,sign,0.0346,0.0,0.0,0.0,91,138,0,71,512,0,0,0.0,0.5193,nan,edge/x86_64,,3.12.3,2026-10-09T18:44:39Z
79,ECDSA-P256,classical,,verify,0.07,0.0,0.0,0.0,91,138,0,71,512,0,0,0.0,1.0493,nan,edge/x86_64,,3.12.3,2026-10-09T18:44:39Z
80,ECDSA-P256,classical,,keygen,0.017,0.0,0.0,0.0,91,138,0,0,0,0,0,0.0,0.2556,nan,edge/x86_64,,3.12.3,2026-10-09T18:44:39Z
80,ECDSA-P256,classical,,sign,0.0347,0.0,0.0,0.0,91,138,0,71,512,0,0,0.0,0.5206,nan,edge/x86_64,,3.12.3,2026-10-09T18:44:39Z
80,ECDSA-P256,classical,,verify,0.0698,0.0,0.0,0.0,91,138,0,71,512,0,0,0.0,1.0476,nan,edge/x86_64,,3.12.3,2026-10-09T18:44:39Z
81,ECDSA-P256,classical,,keygen,0.0182,0.0,0.0,0.0,91,138,0,0,0,0,0,0.0,0.273,nan,edge/x86_64,,3.12.3,2026-10-09T18:44:39Z
81,ECDSA-P256,classical,,sign,0.0359,0.0,0.0,0.0,91,138,0,71,512,0,0,0.0,0.5387,nan,edge/x86_64,,3.12.3,2026-10-09T18:44:39Z
81,ECDSA-P256,classical,,verify,0.0702,0.0,0.0,0.0,91,138,0,71,512,0,0,0.0,1.0532,nan,edge/x86_64,,3.12.3,2026-10-09T18:44:39Z
82,ECDSA-P256,classical,,keygen,0.0174,0.0,0.0,0.0,91,138,0,0,0,0,0,0.0,0.2608,nan,edge/x86_64,,3.12.3,2026-10-09T18:44:39Z
82,ECDSA-P256,classical,,sign,0.0378,0.0,0.0,0.0,91,138,0,70,512,0,0,0.0,0.5666,nan,edge/x86_64,,3.12.3,2026-10-09T18:44:39Z
82,ECDSA-P256,classical,,verify,0.0709,0.0,0.0,0.0,91,138,0,70,512,0,0,0.0,1.0638,nan,edge/x86_64,,3.12.3,2026-10-09T18:44:39Z
83,ECDSA-P256,classical,,keygen,0.0176,0.0,0.0,0.0,91,138,0,0,0,0,0,0.0,0.2643,nan,edge/x86_64,,3.12.3,2026-10-09T18:44:39Z
83,ECDSA-P256,classical,,sign,0.0346,0.0,0.0,0.0,91,138,0,70,512,0,0,0.0,0.5193,nan,edge/x86_64,,3.12.3,2026-10-09T18:44:39Z
83,ECDSA-P256,classical,,verify,0.0703,0.0,0.0,0.0,91,138,0,70,512,0,0,0.0,1.0547,nan,edge/x86_64,,3.12.3,2026-10-09T18:44:39Z
84,ECDSA-P256,classical,,keygen,0.0171,0.0,0.0,0.0,91,138,0,0,0,0,0,0.0,0.257,nan,edge/x86_64,,3.12.3,2026-10-09T18:44:39Z
84,ECDSA-P256,classical,,sign,0.0346,0.0,0.0,0.0,91,138,0,70,512,0,0,0.0,0.5187,nan,edge/x86_64,,3.12.3,2026-10-09T18:44:39Z
84,ECDSA-P256,classical,,verify,0.0701,0.0,0.0,0.0,91,138,0,70,512,0,0,0.0,1.0513,nan,edge/x86_64,,3.12.3,2026-10-09T18:44:39Z
85,ECDSA-P256,classical,,keygen,0.0171,0.0,0.0,0.0,91,138,0,0,0,0,0,0.0,0.2569,nan,edge/x86_64,,3.12.3,2026-10-09T18:44:39Z
85,ECDSA-P256,classical,,sign,0.0347,0.0,0.0,0.0,91,138,0,70,512,0,0,0.0,0.5202,nan,edge/x86_64,,3.12.3,2026-10-09T18:44:39Z
85,ECDSA-P256,classical,,verify,0.0701,0.0,0.0,0.0,91,138,0,70,512,0,0,0.0,1.0509,nan,edge/x86_64,,3.12.3,2026-10-09T18:44:39Z
86,ECDSA-P256,classical,,keygen,0.0171,0.0,0.0,0.0,91,138,0,0,0,0,0,0.0,0.2564,nan,edge/x86_64,,3.12.3,2026-10-09T18:44:39Z
86,ECDSA-P256,classical,,sign,0.0346,0.0,0.0,0.0,91,138,0,70,512,0,0,0.0,0.5194,nan,edge/x86_64,,3.12.3,2026-10-09T18:44:39Z
86,ECDSA-P256,classical,,verify,0.0701,0.0,0.0,0.0,91,138,0,70,512,0,0,0.0,1.0517,nan,edge/x86_64,,3.12.3,2026-10-09T18:44:39Z
87,ECDSA-P256,classical,,keygen,0.0185,0.0,0.0,0.0,91,138,0,0,0,0,0,0.0,0.2768,nan,edge/x86_64,,3.12.3,2026-10-09T18:44:39Z
87,ECDSA-P256,classical,,sign,0.0369,0.0,0.0,0.0,91,138,0,72,512,0,0,0.0,0.5538,nan,edge/x86_64,,3.12.3,2026-10-09T18:44:39Z
87,ECDSA-P256,classical,,verify,0.0714,0.0,0.0,0.0,91,138,0,72,512,0,0,0.0,1.0707,nan,edge/x86_64,,3.12.3,2026-10-09T18:44:39Z
88,ECDSA-P256,classical,,keygen,0.0171,0.0,0.0,0.0,91,138,0,0,0,0,0,0.0,0.2571,nan,edge/x86_64,,3.12.3,2026-10-09T18:44:39Z
88,ECDSA-P256,classical,,sign,0.0352,0.0,0.0,0.0,91,138,0,71,512,0,0,0.0,0.5275,nan,edge/x86_64,,3.12.3,2026-10-09T18:44:39Z
88,ECDSA-P256,classical,,verify,0.0818,0.0,0.0,0.0,91,138,0,71,512,0,0,0.0,1.227,nan,edge/x86_64,,3.12.3,2026-10-09T18:44:39Z
89,ECDSA-P256,classical,,keygen,0.0186,0.0,0.0,0.0,91,138,0,0,0,0,0,0.0,0.2785,nan,edge/x86_64,,3.12.3,2026-10-09T18:44:39Z
89,ECDSA-P256,classical,,sign,0.0567,0.0,0.0,0.0,91,138,0,72,512,0,0,0.0,0.8505,nan,edge/x86_64,,3.12.3,2026-10-09T18:44:39Z
89,ECDSA-P256,classical,,verify,0.077,0.0,0.0,0.0,91,138,0,72,512,0,0,0.0,1.155,nan,edge/x86_64,,3.12.3,2026-10-09T18:44:39Z
90,ECDSA-P256,classical,,keygen,0.022,0.0,0.0,0.0,91,138,0,0,0,0,0,0.0,0.3304,nan,edge/x86_64,,3.12.3,2026-10-09T18:44:39Z
90,ECDSA-P256,classical,,sign,0.0369,0.0,0.0,0.0,91,138,0,71,512,0,0,0.0,0.5542,nan,edge/x86_64,,3.12.3,2026-10-09T18:44:39Z
90,ECDSA-P256,classical,,verify,0.0719,0.0,0.0,0.0,91,138,0,71,512,0,0,0.0,1.0786,nan,edge/x86_64,,3.12.3,2026-10-09T18:44:39Z
91,ECDSA-P256,classical,,keygen,0.0177,0.0,0.0,0.0,91,138,0,0,0,0,0,0.0,0.2658,nan,edge/x86_64,,3.12.3,2026-10-09T18:44:39Z
91,ECDSA-P256,classical,,sign,0.0358,0.0,0.0,0.0,91,138,0,71,512,0,0,0.0,0.5376,nan,edge/x86_64,,3.12.3,2026-10-09T18:44:39Z
91,ECDSA-P256,classical,,verify,0.0706,0.0,0.0,0.0,91,138,0,71,512,0,0,0.0,1.0592,nan,edge/x86_64,,3.12.3,2026-10-09T18:44:39Z
92,ECDSA-P256,classical,,keygen,0.0172,0.0,0.0,0.0,91,138,0,0,0,0,0,0.0,0.258,nan,edge/x86_64,,3.12.3,2026-10-09T18:44:39Z
92,ECDSA-P256,classical,,sign,0.0349,0.0,0.0,0.0,91,138,0,72,512,0,0,0.0,0.5241,nan,edge/x86_64,,3.12.3,2026-10-09T18:44:39Z
92,ECDSA-P256,classical,,verify,0.0705,0.0,0.0,0.0,91,138,0,72,512,0,0,0.0,1.057,nan,edge/x86_64,,3.12.3,2026-10-09T18:44:39Z
93,ECDSA-P256,classical,,keygen,0.0176,0.0,0.0,0.0,91,138,0,0,0,0,0,0.0,0.2645,nan,edge/x86_64,,3.12.3,2026-10-09T18:44:39Z
93,ECDSA-P256,classical,,sign,0.0356,0.0,0.0,0.0,91,138,0,71,512,0,0,0.0,0.5333,nan,edge/x86_64,,3.12.3,2026-10-09T18:44:39Z
93,ECDSA-P256,classical,,verify,0.0701,0.0,0.0,0.0,91,138,0,71,512,0,0,0.0,1.0514,nan,edge/x86_64,,3.12.3,2026-10-09T18:44:39Z
94,ECDSA-P256,classical,,keygen,0.0171,0.0,0.0,0.0,91,138,0,0,0,0,0,0.0,0.2565,nan,edge/x86_64,,3.12.3,2026-10-09T18:44:39Z
94,ECDSA-P256,classical,,sign,0.0347,0.0,0.0,0.0,91,138,0,70,512,0,0,0.0,0.5207,nan,edge/x86_64,,3.12.3,2026-10-09T18:44:39Z
94,ECDSA-P256,classical,,verify,0.0917,0.0,0.0,0.0,91,138,0,70,512,0,0,0.0,1.3759,nan,edge/x86_64,,3.12.3,2026-10-09T18:44:39Z
95,ECDSA-P256,classical,,keygen,0.0179,0.0,0.0,0.0,91,138,0,0,0,0,0,0.0,0.2688,nan,edge/x86_64,,3.12.3,2026-10-09T18:44:39Z
95,ECDSA-P256,classical,,sign,0.0358,0.0,0.0,0.0,91,138,0,72,512,0,0,0.0,0.5375,nan,edge/x86_64,,3.12.3,2026-10-09T18:44:39Z
95,ECDSA-P256,classical,,verify,0.0703,0.0,0.0,0.0,91,138,0,72,512,0,0,0.0,1.0542,nan,edge/x86_64,,3.12.3,2026-10-09T18:44:39Z
96,ECDSA-P256,classical,,keygen,0.0171,0.0,0.0,0.0,91,138,0,0,0,0,0,0.0,0.2568,nan,edge/x86_64,,3.12.3,2026-10-09T18:44:39Z
96,ECDSA-P256,classical,,sign,0.035,0.0,0.0,0.0,91,138,0,71,512,0,0,0.0,0.5246,nan,edge/x86_64,,3.12.3,2026-10-09T18:44:39Z
96,ECDSA-P256,classical,,verify,0.07,0.0,0.0,0.0,91,138,0,71,512,0,0,0.0,1.0501,nan,edge/x86_64,,3.12.3,2026-10-09T18:44:39Z
97,ECDSA-P256,classical,,keygen,0.017,0.0,0.0,0.0,91,138,0,0,0,0,0,0.0,0.2547,nan,edge/x86_64,,3.12.3,2026-10-09T18:44:39Z
97,ECDSA-P256,classical,,sign,0.0486,0.0,0.0,0.0,91,138,0,70,512,0,0,0.0,0.7284,nan,edge/x86_64,,3.12.3,2026-10-09T18:44:39Z
97,ECDSA-P256,classical,,verify,0.0832,0.0,0.0,0.0,91,138,0,70,512,0,0,0.0,1.2481,nan,edge/x86_64,,3.12.3,2026-10-09T18:44:39Z
98,ECDSA-P256,classical,,keygen,0.0203,0.0,0.0,0.0,91,138,0,0,0,0,0,0.0,0.3038,nan,edge/x86_64,,3.12.3,2026-10-09T18:44:39Z
98,ECDSA-P256,classical,,sign,0.0357,0.0,0.0,0.0,91,138,0,70,512,0,0,0.0,0.5357,nan,edge/x86_64,,3.12.3,2026-10-09T18:44:39Z
98,ECDSA-P256,classical,,verify,0.0702,0.0,0.0,0.0,91,138,0,70,512,0,0,0.0,1.0533,nan,edge/x86_64,,3.12.3,2026-10-09T18:44:39Z
99,ECDSA-P256,classical,,keygen,0.0176,0.0,0.0,0.0,91,138,0,0,0,0,0,0.0,0.2633,nan,edge/x86_64,,3.12.3,2026-10-09T18:44:39Z
99,ECDSA-P256,classical,,sign,0.0353,0.0,0.0,0.0,91,138,0,71,512,0,0,0.0,0.5291,nan,edge/x86_64,,3.12.3,2026-10-09T18:44:39Z
99,ECDSA-P256,classical,,verify,0.07,0.0,0.0,0.0,91,138,0,71,512,0,0,0.0,1.0506,nan,edge/x86_64,,3.12.3,2026-10-09T18:44:39Z
100,ECDSA-P256,classical,,keygen,0.017,0.0,0.0,0.0,91,138,0,0,0,0,0,0.0,0.255,nan,edge/x86_64,,3.12.3,2026-10-09T18:44:39Z
100,ECDSA-P256,classical,,sign,0.035,0.0,0.0,0.0,91,138,0,70,512,0,0,0.0,0.5246,nan,edge/x86_64,,3.12.3,2026-10-09T18:44:39Z
100,ECDSA-P256,classical,,verify,0.0708,0.0,0.0,0.0,91,138,0,70,512,0,0,0.0,1.0614,nan,edge/x86_64,,3.12.3,2026-10-09T18:44:39Z
101,ECDSA-P256,classical,,keygen,0.0348,0.0,0.0,0.0,91,138,0,0,0,0,0,0.0,0.5222,nan,edge/x86_64,,3.12.3,2026-10-09T18:44:39Z
101,ECDSA-P256,classical,,sign,0.0362,0.0,0.0,0.0,91,138,0,71,512,0,0,0.0,0.5423,nan,edge/x86_64,,3.12.3,2026-10-09T18:44:39Z
101,ECDSA-P256,classical,,verify,0.0933,0.0,0.0,0.0,91,138,0,71,512,0,0,0.0,1.3991,nan,edge/x86_64,,3.12.3,2026-10-09T18:44:39Z
102,ECDSA-P256,classical,,keygen,0.0215,0.0,0.0,0.0,91,138,0,0,0,0,0,0.0,0.322,nan,edge/x86_64,,3.12.3,2026-10-09T18:44:39Z
102,ECDSA-P256,classical,,sign,0.0385,0.0,0.0,0.0,91,138,0,71,512,0,0,0.0,0.5777,nan,edge/x86_64,,3.12.3,2026-10-09T18:44:39Z
102,ECDSA-P256,classical,,verify,0.0714,0.0,0.0,0.0,91,138,0,71,512,0,0,0.0,1.0714,nan,edge/x86_64,,3.12.3,2026-10-09T18:44:39Z
103,ECDSA-P256,classical,,keygen,0.0179,0.0,0.0,0.0,91,138,0,0,0,0,0,0.0,0.2687,nan,edge/x86_64,,3.12.3,2026-10-09T18:44:39Z
103,ECDSA-P256,classical,,sign,0.0389,0.0,0.0,0.0,91,138,0,70,512,0,0,0.0,0.5829,nan,edge/x86_64,,3.12.3,2026-10-09T18:44:39Z
103,ECDSA-P256,classical,,verify,0.0714,0.0,0.0,0.0,91,138,0,70,512,0,0,0.0,1.0706,nan,edge/x86_64,,3.12.3,2026-10-09T18:44:39Z
104,ECDSA-P256,classical,,keygen,0.0176,0.0,0.0,0.0,91,138,0,0,0,0,0,0.0,0.2641,nan,edge/x86_64,,3.12.3,2026-10-09T18:44:39Z
104,ECDSA-P256,classical,,sign,0.0351,0.0,0.0,0.0,91,138,0,70,512,0,0,0.0,0.5266,nan,edge/x86_64,,3.12.3,2026-10-09T18:44:39Z
104,ECDSA-P256,classical,,verify,0.0705,0.0,0.0,0.0,91,138,0,70,512,0,0,0.0,1.0573,nan,edge/x86_64,,3.12.3,2026-10-09T18:44:39Z
105,ECDSA-P256,classical,,keygen,0.0178,0.0,0.0,0.0,91,138,0,0,0,0,0,0.0,0.2671,nan,edge/x86_64,,3.12.3,2026-10-09T18:44:39Z
105,ECDSA-P256,classical,,sign,0.0353,0.0,0.0,0.0,91,138,0,72,512,0,0,0.0,0.5298,nan,edge/x86_64,,3.12.3,2026-10-09T18:44:39Z
105,ECDSA-P256,classical,,verify,0.0701,0.0,0.0,0.0,91,138,0,72,512,0,0,0.0,1.0514,nan,edge/x86_64,,3.12.3,2026-10-09T18:44:39Z
106,ECDSA-P256,classical,,keygen,0.0169,0.0,0.0,0.0,91,138,0,0,0,0,0,0.0,0.2534,nan,edge/x86_64,,3.12.3,2026-10-09T18:44:39Z
106,ECDSA-P256,classical,,sign,0.0348,0.0,0.0,0.0,91,138,0,71,512,0,0,0.0,0.5227,nan,edge/x86_64,,3.12.3,2026-10-09T18:44:39Z
106,ECDSA-P256,classical,,verify,0.0702,0.0,0.0,0.0,91,138,0,71,512,0,0,0.0,1.0523,nan,edge/x86_64,,3.12.3,2026-10-09T18:44:39Z
107,ECDSA-P256,classical,,keygen,0.0564,0.0,0.0,0.0,91,138,0,0,0,0,0,0.0,0.8454,nan,edge/x86_64,,3.12.3,2026-10-09T18:44:39Z
107,ECDSA-P256,classical,,sign,0.0548,0.0,0.0,0.0,91,138,0,70,512,0,0,0.0,0.8219,nan,edge/x86_64,,3.12.3,2026-10-09T18:44:39Z
107,ECDSA-P256,classical,,verify,0.1005,0.0,0.0,0.0,91,138,0,70,512,0,0,0.0,1.5076,nan,edge/x86_64,,3.12.3,2026-10-09T18:44:39Z
108,ECDSA-P256,classical,,keygen,0.0275,0.0,0.0,0.0,91,138,0,0,0,0,0,0.0,0.412,nan,edge/x86_64,,3.12.3,2026-10-09T18:44:39Z
108,ECDSA-P256,classical,,sign,0.0535,0.0,0.0,0.0,91,138,0,72,512,0,0,0.0,0.8026,nan,edge/x86_64,,3.12.3,2026-10-09T18:44:39Z
108,ECDSA-P256,classical,,verify,0.0969,0.0,0.0,0.0,91,138,0,72,512,0,0,0.0,1.4537,nan,edge/x86_64,,3.12.3,2026-10-09T18:44:39Z
109,ECDSA-P256,classical,,keygen,0.0309,0.0,0.0,0.0,91,138,0,0,0,0,0,0.0,0.4629,nan,edge/x86_64,,3.12.3,2026-10-09T18:44:39Z
109,ECDSA-P256,classical,,sign,0.0528,0.0,0.0,0.0,91,138,0,72,512,0,0,0.0,0.7917,nan,edge/x86_64,,3.12.3,2026-10-09T18:44:39Z
109,ECDSA-P256,classical,,verify,0.1065,0.0,0.0,0.0,91,138,0,72,512,0,0,0.0,1.5973,nan,edge/x86_64,,3.12.3,2026-10-09T18:44:39Z
110,ECDSA-P256,classical,,keygen,0.0284,0.0,0.0,0.0,91,138,0,0,0,0,0,0.0,0.4259,nan,edge/x86_64,,3.12.3,2026-10-09T18:44:39Z
110,ECDSA-P256,classical,,sign,0.0531,0.0,0.0,0.0,91,138,0,70,512,0,0,0.0,0.7963,nan,edge/x86_64,,3.12.3,2026-10-09T18:44:39Z
110,ECDSA-P256,classical,,verify,0.0942,0.0,0.0,0.0,91,138,0,70,512,0,0,0.0,1.4131,nan,edge/x86_64,,3.12.3,2026-10-09T18:44:39Z
111,ECDSA-P256,classical,,keygen,0.0274,0.0,0.0,0.0,91,138,0,0,0,0,0,0.0,0.4113,nan,edge/x86_64,,3.12.3,2026-10-09T18:44:39Z
111,ECDSA-P256,classical,,sign,0.0594,0.0,0.0,0.0,91,138,0,72,512,0,0,0.0,0.8912,nan,edge/x86_64,,3.12.3,2026-10-09T18:44:39Z
111,ECDSA-P256,classical,,verify,0.1551,0.0,0.0,0.0,91,138,0,72,512,0,0,0.0,2.3258,nan,edge/x86_64,,3.12.3,2026-10-09T18:44:39Z
112,ECDSA-P256,classical,,keygen,0.0346,0.0,0.0,0.0,91,138,0,0,0,0,0,0.0,0.5189,nan,edge/x86_64,,3.12.3,2026-10-09T18:44:39Z
112,ECDSA-P256,classical,,sign,0.0594,0.0,0.0,0.0,91,138,0,70,512,0,0,0.0,0.8904,nan,edge/x86_64,,3.12.3,2026-10-09T18:44:39Z
112,ECDSA-P256,classical,,verify,0.1132,0.0,0.0,0.0,91,138,0,70,512,0,0,0.0,1.6973,nan,edge/x86_64,,3.12.3,2026-10-09T18:44:39Z
113,ECDSA-P256,classical,,keygen,0.0251,0.0,0.0,0.0,91,138,0,0,0,0,0,0.0,0.3771,nan,edge/x86_64,,3.12.3,2026-10-09T18:44:39Z
113,ECDSA-P256,classical,,sign,0.0518,0.0,0.0,0.0,91,138,0,72,512,0,0,0.0,0.777,nan,edge/x86_64,,3.12.3,2026-10-09T18:44:39Z
113,ECDSA-P256,classical,,verify,0.1012,0.0,0.0,0.0,91,138,0,72,512,0,0,0.0,1.5178,nan,edge/x86_64,,3.12.3,2026-10-09T18:44:39Z
114,ECDSA-P256,classical,,keygen,0.0279,0.0,0.0,0.0,91,138,0,0,0,0,0,0.0,0.4181,nan,edge/x86_64,,3.12.3,2026-10-09T18:44:39Z
114,ECDSA-P256,classical,,sign,0.0505,0.0,0.0,0.0,91,138,0,72,512,0,0,0.0,0.7572,nan,edge/x86_64,,3.12.3,2026-10-09T18:44:39Z
114,ECDSA-P256,classical,,verify,0.0998,0.0,0.0,0.0,91,138,0,72,512,0,0,0.0,1.4975,nan,edge/x86_64,,3.12.3,2026-10-09T18:44:39Z
115,ECDSA-P256,classical,,keygen,0.0322,0.0,0.0,0.0,91,138,0,0,0,0,0,0.0,0.4827,nan,edge/x86_64,,3.12.3,2026-10-09T18:44:39Z
115,ECDSA-P256,classical,,sign,0.0509,0.0,0.0,0.0,91,138,0,71,512,0,0,0.0,0.7628,nan,edge/x86_64,,3.12.3,2026-10-09T18:44:39Z
115,ECDSA-P256,classical,,verify,0.1092,0.0,0.0,0.0,91,138,0,71,512,0,0,0.0,1.6385,nan,edge/x86_64,,3.12.3,2026-10-09T18:44:39Z
116,ECDSA-P256,classical,,keygen,0.0272,0.0,0.0,0.0,91,138,0,0,0,0,0,0.0,0.4081,nan,edge/x86_64,,3.12.3,2026-10-09T18:44:39Z
116,ECDSA-P256,classical,,sign,0.0518,0.0,0.0,0.0,91,138,0,71,512,0,0,0.0,0.7767,nan,edge/x86_64,,3.12.3,2026-10-09T18:44:39Z
116,ECDSA-P256,classical,,verify,0.0977,0.0,0.0,0.0,91,138,0,71,512,0,0,0.0,1.465,nan,edge/x86_64,,3.12.3,2026-10-09T18:44:39Z
117,ECDSA-P256,classical,,keygen,0.0236,0.0,0.0,0.0,91,138,0,0,0,0,0,0.0,0.3547,nan,edge/x86_64,,3.12.3,2026-10-09T18:44:39Z
117,ECDSA-P256,classical,,sign,0.0483,0.0,0.0,0.0,91,138,0,71,512,0,0,0.0,0.7238,nan,edge/x86_64,,3.12.3,2026-10-09T18:44:39Z
117,ECDSA-P256,classical,,verify,0.0825,0.0,0.0,0.0,91,138,0,71,512,0,0,0.0,1.2379,nan,edge/x86_64,,3.12.3,2026-10-09T18:44:39Z
118,ECDSA-P256,classical,,keygen,0.0197,0.0,0.0,0.0,91,138,0,0,0,0,0,0.0,0.295,nan,edge/x86_64,,3.12.3,2026-10-09T18:44:39Z
118,ECDSA-P256,classical,,sign,0.0362,0.0,0.0,0.0,91,138,0,71,512,0,0,0.0,0.5434,nan,edge/x86_64,,3.12.3,2026-10-09T18:44:39Z
118,ECDSA-P256,classical,,verify,0.0739,0.0,0.0,0.0,91,138,0,71,512,0,0,0.0,1.1081,nan,edge/x86_64,,3.12.3,2026-10-09T18:44:39Z
119,ECDSA-P256,classical,,keygen,0.0241,0.0,0.0,0.0,91,138,0,0,0,0,0,0.0,0.3609,nan,edge/x86_64,,3.12.3,2026-10-09T18:44:39Z
119,ECDSA-P256,classical,,sign,0.0445,0.0,0.0,0.0,91,138,0,70,512,0,0,0.0,0.6678,nan,edge/x86_64,,3.12.3,2026-10-09T18:44:39Z
119,ECDSA-P256,classical,,verify,0.0954,0.0,0.0,0.0,91,138,0,70,512,0,0,0.0,1.4312,nan,edge/x86_64,,3.12.3,2026-10-09T18:44:39Z
120,ECDSA-P256,classical,,keygen,0.0183,0.0,0.0,0.0,91,138,0,0,0,0,0,0.0,0.2746,nan,edge/x86_64,,3.12.3,2026-10-09T18:44:39Z
120,ECDSA-P256,classical,,sign,0.0361,0.0,0.0,0.0,91,138,0,71,512,0,0,0.0,0.5411,nan,edge/x86_64,,3.12.3,2026-10-09T18:44:39Z
120,ECDSA-P256,classical,,verify,0.1126,0.0,0.0,0.0,91,138,0,71,512,0,0,0.0,1.6887,nan,edge/x86_64,,3.12.3,2026-10-09T18:44:39Z
121,ECDSA-P256,classical,,keygen,0.0214,0.0,0.0,0.0,91,138,0,0,0,0,0,0.0,0.3214,nan,edge/x86_64,,3.12.3,2026-10-09T18:44:39Z
121,ECDSA-P256,classical,,sign,0.0378,0.0,0.0,0.0,91,138,0,71,512,0,0,0.0,0.5676,nan,edge/x86_64,,3.12.3,2026-10-09T18:44:39Z
121,ECDSA-P256,classical,,verify,0.0713,0.0,0.0,0.0,91,138,0,71,512,0,0,0.0,1.0694,nan,edge/x86_64,,3.12.3,2026-10-09T18:44:39Z
122,ECDSA-P256,classical,,keygen,0.0173,0.0,0.0,0.0,91,138,0,0,0,0,0,0.0,0.2593,nan,edge/x86_64,,3.12.3,2026-10-09T18:44:39Z
122,ECDSA-P256,classical,,sign,0.0353,0.0,0.0,0.0,91,138,0,71,512,0,0,0.0,0.5302,nan,edge/x86_64,,3.12.3,2026-10-09T18:44:39Z
122,ECDSA-P256,classical,,verify,0.071,0.0,0.0,0.0,91,138,0,71,512,0,0,0.0,1.0651,nan,edge/x86_64,,3.12.3,2026-10-09T18:44:39Z
123,ECDSA-P256,classical,,keygen,0.0178,0.0,0.0,0.0,91,138,0,0,0,0,0,0.0,0.2673,nan,edge/x86_64,,3.12.3,2026-10-09T18:44:39Z
123,ECDSA-P256,classical,,sign,0.0354,0.0,0.0,0.0,91,138,0,70,512,0,0,0.0,0.531,nan,edge/x86_64,,3.12.3,2026-10-09T18:44:39Z
123,ECDSA-P256,classical,,verify,0.0708,0.0,0.0,0.0,91,138,0,70,512,0,0,0.0,1.0619,nan,edge/x86_64,,3.12.3,2026-10-09T18:44:39Z
124,ECDSA-P256,classical,,keygen,0.0171,0.0,0.0,0.0,91,138,0,0,0,0,0,0.0,0.2567,nan,edge/x86_64,,3.12.3,2026-10-09T18:44:39Z
124,ECDSA-P256,classical,,sign,0.0347,0.0,0.0,0.0,91,138,0,71,512,0,0,0.0,0.5203,nan,edge/x86_64,,3.12.3,2026-10-09T18:44:39Z
124,ECDSA-P256,classical,,verify,0.0702,0.0,0.0,0.0,91,138,0,71,512,0,0,0.0,1.0529,nan,edge/x86_64,,3.12.3,2026-10-09T18:44:39Z
125,ECDSA-P256,classical,,keygen,0.0171,0.0,0.0,0.0,91,138,0,0,0,0,0,0.0,0.2565,nan,edge/x86_64,,3.12.3,2026-10-09T18:44:39Z
125,ECDSA-P256,classical,,sign,0.0352,0.0,0.0,0.0,91,138,0,72,512,0,0,0.0,0.5274,nan,edge/x86_64,,3.12.3,2026-10-09T18:44:39Z
125,ECDSA-P256,classical,,verify,0.1999,0.0,0.0,0.0,91,138,0,72,512,0,0,0.0,2.9978,nan,edge/x86_64,,3.12.3,2026-10-09T18:44:39Z
126,ECDSA-P256,classical,,keygen,0.0371,0.0,0.0,0.0,91,138,0,0,0,0,0,0.0,0.5563,nan,edge/x86_64,,3.12.3,2026-10-09T18:44:39Z
126,ECDSA-P256,classical,,sign,0.0624,0.0,0.0,0.0,91,138,0,71,512,0,0,0.0,0.9367,nan,edge/x86_64,,3.12.3,2026-10-09T18:44:39Z
126,ECDSA-P256,classical,,verify,0.0958,0.0,0.0,0.0,91,138,0,71,512,0,0,0.0,1.4366,nan,edge/x86_64,,3.12.3,2026-10-09T18:44:39Z
127,ECDSA-P256,classical,,keygen,0.0277,0.0,0.0,0.0,91,138,0,0,0,0,0,0.0,0.4162,nan,edge/x86_64,,3.12.3,2026-10-09T18:44:39Z
127,ECDSA-P256,classical,,sign,0.0497,0.0,0.0,0.0,91,138,0,71,512,0,0,0.0,0.7454,nan,edge/x86_64,,3.12.3,2026-10-09T18:44:39Z
127,ECDSA-P256,classical,,verify,0.1023,0.0,0.0,0.0,91,138,0,71,512,0,0,0.0,1.5346,nan,edge/x86_64,,3.12.3,2026-10-09T18:44:39Z
128,ECDSA-P256,classical,,keygen,0.0216,0.0,0.0,0.0,91,138,0,0,0,0,0,0.0,0.3242,nan,edge/x86_64,,3.12.3,2026-10-09T18:44:39Z
128,ECDSA-P256,classical,,sign,0.0374,0.0,0.0,0.0,91,138,0,70,512,0,0,0.0,0.5617,nan,edge/x86_64,,3.12.3,2026-10-09T18:44:39Z
128,ECDSA-P256,classical,,verify,0.0712,0.0,0.0,0.0,91,138,0,70,512,0,0,0.0,1.0684,nan,edge/x86_64,,3.12.3,2026-10-09T18:44:39Z
129,ECDSA-P256,classical,,keygen,0.018,0.0,0.0,0.0,91,138,0,0,0,0,0,0.0,0.2696,nan,edge/x86_64,,3.12.3,2026-10-09T18:44:39Z
129,ECDSA-P256,classical,,sign,0.0361,0.0,0.0,0.0,91,138,0,71,512,0,0,0.0,0.5412,nan,edge/x86_64,,3.12.3,2026-10-09T18:44:39Z
129,ECDSA-P256,classical,,verify,0.0706,0.0,0.0,0.0,91,138,0,71,512,0,0,0.0,1.059,nan,edge/x86_64,,3.12.3,2026-10-09T18:44:39Z
130,ECDSA-P256,classical,,keygen,0.0174,0.0,0.0,0.0,91,138,0,0,0,0,0,0.0,0.2607,nan,edge/x86_64,,3.12.3,2026-10-09T18:44:39Z
130,ECDSA-P256,classical,,sign,0.0512,0.0,0.0,0.0,91,138,0,72,512,0,0,0.0,0.7685,nan,edge/x86_64,,3.12.3,2026-10-09T18:44:39Z
130,ECDSA-P256,classical,,verify,0.0719,0.0,0.0,0.0,91,138,0,72,512,0,0,0.0,1.0789,nan,edge/x86_64,,3.12.3,2026-10-09T18:44:39Z
131,ECDSA-P256,classical,,keygen,0.018,0.0,0.0,0.0,91,138,0,0,0,0,0,0.0,0.2703,nan,edge/x86_64,,3.12.3,2026-10-09T18:44:39Z
131,ECDSA-P256,classical,,sign,0.035,0.0,0.0,0.0,91,138,0,71,512,0,0,0.0,0.5256,nan,edge/x86_64,,3.12.3,2026-10-09T18:44:39Z
131,ECDSA-P256,classical,,verify,0.1,0.0,0.0,0.0,91,138,0,71,512,0,0,0.0,1.4994,nan,edge/x86_64,,3.12.3,2026-10-09T18:44:39Z
132,ECDSA-P256,classical,,keygen,0.0216,0.0,0.0,0.0,91,138,0,0,0,0,0,0.0,0.3246,nan,edge/x86_64,,3.12.3,2026-10-09T18:44:39Z
132,ECDSA-P256,classical,,sign,0.0378,0.0,0.0,0.0,91,138,0,72,512,0,0,0.0,0.5673,nan,edge/x86_64,,3.12.3,2026-10-09T18:44:39Z
132,ECDSA-P256,classical,,verify,0.0711,0.0,0.0,0.0,91,138,0,72,512,0,0,0.0,1.0661,nan,edge/x86_64,,3.12.3,2026-10-09T18:44:39Z
133,ECDSA-P256,classical,,keygen,0.0174,0.0,0.0,0.0,91,138,0,0,0,0,0,0.0,0.2604,nan,edge/x86_64,,3.12.3,2026-10-09T18:44:39Z
133,ECDSA-P256,classical,,sign,0.0353,0.0,0.0,0.0,91,138,0,72,512,0,0,0.0,0.5302,nan,edge/x86_64,,3.12.3,2026-10-09T18:44:39Z
133,ECDSA-P256,classical,,verify,0.0704,0.0,0.0,0.0,91,138,0,72,512,0,0,0.0,1.0558,nan,edge/x86_64,,3.12.3,2026-10-09T18:44:39Z
134,ECDSA-P256,classical,,keygen,0.0171,0.0,0.0,0.0,91,138,0,0,0,0,0,0.0,0.2572,nan,edge/x86_64,,3.12.3,2026-10-09T18:44:39Z
134,ECDSA-P256,classical,,sign,0.035,0.0,0.0,0.0,91,138,0,72,512,0,0,0.0,0.525,nan,edge/x86_64,,3.12.3,2026-10-09T18:44:39Z
134,ECDSA-P256,classical,,verify,0.07,0.0,0.0,0.0,91,138,0,72,512,0,0,0.0,1.0503,nan,edge/x86_64,,3.12.3,2026-10-09T18:44:39Z
135,ECDSA-P256,classical,,keygen,0.0181,0.0,0.0,0.0,91,138,0,0,0,0,0,0.0,0.2717,nan,edge/x86_64,,3.12.3,2026-10-09T18:44:39Z
135,ECDSA-P256,classical,,sign,0.0361,0.0,0.0,0.0,91,138,0,71,512,0,0,0.0,0.542,nan,edge/x86_64,,3.12.3,2026-10-09T18:44:39Z
135,ECDSA-P256,classical,,verify,0.071,0.0,0.0,0.0,91,138,0,71,512,0,0,0.0,1.0648,nan,edge/x86_64,,3.12.3,2026-10-09T18:44:39Z
136,ECDSA-P256,classical,,keygen,0.0172,0.0,0.0,0.0,91,138,0,0,0,0,0,0.0,0.2574,nan,edge/x86_64,,3.12.3,2026-10-09T18:44:39Z
136,ECDSA-P256,classical,,sign,0.0348,0.0,0.0,0.0,91,138,0,71,512,0,0,0.0,0.5218,nan,edge/x86_64,,3.12.3,2026-10-09T18:44:39Z
136,ECDSA-P256,classical,,verify,0.074,0.0,0.0,0.0,91,138,0,71,512,0,0,0.0,1.1093,nan,edge/x86_64,,3.12.3,2026-10-09T18:44:39Z
137,ECDSA-P256,classical,,keygen,0.0182,0.0,0.0,0.0,91,138,0,0,0,0,0,0.0,0.2725,nan,edge/x86_64,,3.12.3,2026-10-09T18:44:39Z
137,ECDSA-P256,classical,,sign,0.0357,0.0,0.0,0.0,91,138,0,70,512,0,0,0.0,0.5362,nan,edge/x86_64,,3.12.3,2026-10-09T18:44:39Z
137,ECDSA-P256,classical,,verify,0.0703,0.0,0.0,0.0,91,138,0,70,512,0,0,0.0,1.055,nan,edge/x86_64,,3.12.3,2026-10-09T18:44:39Z
138,ECDSA-P256,classical,,keygen,0.0174,0.0,0.0,0.0,91,138,0,0,0,0,0,0.0,0.2617,nan,edge/x86_64,,3.12.3,2026-10-09T18:44:39Z
138,ECDSA-P256,classical,,sign,0.0355,0.0,0.0,0.0,91,138,0,70,512,0,0,0.0,0.5325,nan,edge/x86_64,,3.12.3,2026-10-09T18:44:39Z
138,ECDSA-P256,classical,,verify,0.0704,0.0,0.0,0.0,91,138,0,70,512,0,0,0.0,1.0566,nan,edge/x86_64,,3.12.3,2026-10-09T18:44:39Z
139,ECDSA-P256,classical,,keygen,0.0173,0.0,0.0,0.0,91,138,0,0,0,0,0,0.0,0.2598,nan,edge/x86_64,,3.12.3,2026-10-09T18:44:39Z
139,ECDSA-P256,classical,,sign,0.0349,0.0,0.0,0.0,91,138,0,70,512,0,0,0.0,0.5237,nan,edge/x86_64,,3.12.3,2026-10-09T18:44:39Z
139,ECDSA-P256,classical,,verify,0.0705,0.0,0.0,0.0,91,138,0,70,512,0,0,0.0,1.0575,nan,edge/x86_64,,3.12.3,2026-10-09T18:44:39Z
140,ECDSA-P256,classical,,keygen,0.017,0.0,0.0,0.0,91,138,0,0,0,0,0,0.0,0.2543,nan,edge/x86_64,,3.12.3,2026-10-09T18:44:39Z
140,ECDSA-P256,classical,,sign,0.0355,0.0,0.0,0.0,91,138,0,71,512,0,0,0.0,0.5322,nan,edge/x86_64,,3.12.3,2026-10-09T18:44:39Z
140,ECDSA-P256,classical,,verify,0.0708,0.0,0.0,0.0,91,138,0,71,512,0,0,0.0,1.0617,nan,edge/x86_64,,3.12.3,2026-10-09T18:44:39Z
141,ECDSA-P256,classical,,keygen,0.0181,0.0,0.0,0.0,91,138,0,0,0,0,0,0.0,0.2715,nan,edge/x86_64,,3.12.3,2026-10-09T18:44:39Z
141,ECDSA-P256,classical,,sign,0.0361,0.0,0.0,0.0,91,138,0,71,512,0,0,0.0,0.5413,nan,edge/x86_64,,3.12.3,2026-10-09T18:44:39Z
141,ECDSA-P256,classical,,verify,0.0709,0.0,0.0,0.0,91,138,0,71,512,0,0,0.0,1.0642,nan,edge/x86_64,,3.12.3,2026-10-09T18:44:39Z
142,ECDSA-P256,classical,,keygen,0.0177,0.0,0.0,0.0,91,138,0,0,0,0,0,0.0,0.2656,nan,edge/x86_64,,3.12.3,2026-10-09T18:44:39Z
142,ECDSA-P256,classical,,sign,0.0351,0.0,0.0,0.0,91,138,0,71,512,0,0,0.0,0.5267,nan,edge/x86_64,,3.12.3,2026-10-09T18:44:39Z
142,ECDSA-P256,classical,,verify,0.088,0.0,0.0,0.0,91,138,0,71,512,0,0,0.0,1.3198,nan,edge/x86_64,,3.12.3,2026-10-09T18:44:39Z
143,ECDSA-P256,classical,,keygen,0.0188,0.0,0.0,0.0,91,138,0,0,0,0,0,0.0,0.2817,nan,edge/x86_64,,3.12.3,2026-10-09T18:44:39Z
143,ECDSA-P256,classical,,sign,0.0368,0.0,0.0,0.0,91,138,0,71,512,0,0,0.0,0.5526,nan,edge/x86_64,,3.12.3,2026-10-09T18:44:39Z
143,ECDSA-P256,classical,,verify,0.0713,0.0,0.0,0.0,91,138,0,71,512,0,0,0.0,1.0688,nan,edge/x86_64,,3.12.3,2026-10-09T18:44:39Z
144,ECDSA-P256,classical,,keygen,0.057,0.0,0.0,0.0,91,138,0,0,0,0,0,0.0,0.8556,nan,edge/x86_64,,3.12.3,2026-10-09T18:44:39Z
144,ECDSA-P256,classical,,sign,0.0459,0.0,0.0,0.0,91,138,0,70,512,0,0,0.0,0.6885,nan,edge/x86_64,,3.12.3,2026-10-09T18:44:39Z
144,ECDSA-P256,classical,,verify,0.0715,0.0,0.0,0.0,91,138,0,70,512,0,0,0.0,1.073,nan,edge/x86_64,,3.12.3,2026-10-09T18:44:39Z
145,ECDSA-P256,classical,,keygen,0.0183,0.0,0.0,0.0,91,138,0,0,0,0,0,0.0,0.2739,nan,edge/x86_64,,3.12.3,2026-10-09T18:44:39Z
145,ECDSA-P256,classical,,sign,0.0354,0.0,0.0,0.0,91,138,0,70,512,0,0,0.0,0.5316,nan,edge/x86_64,,3.12.3,2026-10-09T18:44:39Z
145,ECDSA-P256,classical,,verify,0.0704,0.0,0.0,0.0,91,138,0,70,512,0,0,0.0,1.0564,nan,edge/x86_64,,3.12.3,2026-10-09T18:44:39Z
146,ECDSA-P256,classical,,keygen,0.0176,0.0,0.0,0.0,91,138,0,0,0,0,0,0.0,0.2633,nan,edge/x86_64,,3.12.3,2026-10-09T18:44:39Z
146,ECDSA-P256,classical,,sign,0.0352,0.0,0.0,0.0,91,138,0,70,512,0,0,0.0,0.5273,nan,edge/x86_64,,3.12.3,2026-10-09T18:44:39Z
146,ECDSA-P256,classical,,verify,0.0703,0.0,0.0,0.0,91,138,0,70,512,0,0,0.0,1.0547,nan,edge/x86_64,,3.12.3,2026-10-09T18:44:39Z
147,ECDSA-P256,classical,,keygen,0.0178,0.0,0.0,0.0,91,138,0,0,0,0,0,0.0,0.2667,nan,edge/x86_64,,3.12.3,2026-10-09T18:44:39Z
147,ECDSA-P256,classical,,sign,0.0355,0.0,0.0,0.0,91,138,0,71,512,0,0,0.0,0.533,nan,edge/x86_64,,3.12.3,2026-10-09T18:44:39Z
147,ECDSA-P256,classical,,verify,0.0705,0.0,0.0,0.0,91,138,0,71,512,0,0,0.0,1.057,nan,edge/x86_64,,3.12.3,2026-10-09T18:44:39Z
148,ECDSA-P256,classical,,keygen,0.0171,0.0,0.0,0.0,91,138,0,0,0,0,0,0.0,0.256,nan,edge/x86_64,,3.12.3,2026-10-09T18:44:39Z
148,ECDSA-P256,classical,,sign,0.0351,0.0,0.0,0.0,91,138,0,71,512,0,0,0.0,0.5272,nan,edge/x86_64,,3.12.3,2026-10-09T18:44:39Z
148,ECDSA-P256,classical,,verify,0.0917,0.0,0.0,0.0,91,138,0,71,512,0,0,0.0,1.3751,nan,edge/x86_64,,3.12.3,2026-10-09T18:44:39Z
149,ECDSA-P256,classical,,keygen,0.0182,0.0,0.0,0.0,91,138,0,0,0,0,0,0.0,0.2725,nan,edge/x86_64,,3.12.3,2026-10-09T18:44:39Z
149,ECDSA-P256,classical,,sign,0.036,0.0,0.0,0.0,91,138,0,70,512,0,0,0.0,0.5398,nan,edge/x86_64,,3.12.3,2026-10-09T18:44:39Z
149,ECDSA-P256,classical,,verify,0.0701,0.0,0.0,0.0,91,138,0,70,512,0,0,0.0,1.0522,nan,edge/x86_64,,3.12.3,2026-10-09T18:44:39Z
150,ECDSA-P256,classical,,keygen,0.017,0.0,0.0,0.0,91,138,0,0,0,0,0,0.0,0.255,nan,edge/x86_64,,3.12.3,2026-10-09T18:44:39Z
150,ECDSA-P256,classical,,sign,0.0352,0.0,0.0,0.0,91,138,0,72,512,0,0,0.0,0.5281,nan,edge/x86_64,,3.12.3,2026-10-09T18:44:39Z
150,ECDSA-P256,classical,,verify,0.0703,0.0,0.0,0.0,91,138,0,72,512,0,0,0.0,1.0546,nan,edge/x86_64,,3.12.3,2026-10-09T18:44:39Z
151,ECDSA-P256,classical,,keygen,0.0177,0.0,0.0,0.0,91,138,0,0,0,0,0,0.0,0.2653,nan,edge/x86_64,,3.12.3,2026-10-09T18:44:39Z
151,ECDSA-P256,classical,,sign,0.036,0.0,0.0,0.0,91,138,0,72,512,0,0,0.0,0.5403,nan,edge/x86_64,,3.12.3,2026-10-09T18:44:39Z
151,ECDSA-P256,classical,,verify,0.0704,0.0,0.0,0.0,91,138,0,72,512,0,0,0.0,1.0559,nan,edge/x86_64,,3.12.3,2026-10-09T18:44:39Z
152,ECDSA-P256,classical,,keygen,0.0171,0.0,0.0,0.0,91,138,0,0,0,0,0,0.0,0.2569,nan,edge/x86_64,,3.12.3,2026-10-09T18:44:39Z
152,ECDSA-P256,classical,,sign,0.0346,0.0,0.0,0.0,91,138,0,71,512,0,0,0.0,0.5192,nan,edge/x86_64,,3.12.3,2026-10-09T18:44:39Z
152,ECDSA-P256,classical,,verify,0.0705,0.0,0.0,0.0,91,138,0,71,512,0,0,0.0,1.057,nan,edge/x86_64,,3.12.3,2026-10-09T18:44:39Z
153,ECDSA-P256,classical,,keygen,0.0174,0.0,0.0,0.0,91,138,0,0,0,0,0,0.0,0.2613,nan,edge/x86_64,,3.12.3,2026-10-09T18:44:39Z
153,ECDSA-P256,classical,,sign,0.0352,0.0,0.0,0.0,91,138,0,70,512,0,0,0.0,0.5274,nan,edge/x86_64,,3.12.3,2026-10-09T18:44:39Z
153,ECDSA-P256,classical,,verify,0.0702,0.0,0.0,0.0,91,138,0,70,512,0,0,0.0,1.0537,nan,edge/x86_64,,3.12.3,2026-10-09T18:44:39Z
154,ECDSA-P256,classical,,keygen,0.0172,0.0,0.0,0.0,91,138,0,0,0,0,0,0.0,0.258,nan,edge/x86_64,,3.12.3,2026-10-09T18:44:39Z
154,ECDSA-P256,classical,,sign,0.0423,0.0,0.0,0.0,91,138,0,71,512,0,0,0.0,0.6342,nan,edge/x86_64,,3.12.3,2026-10-09T18:44:39Z
154,ECDSA-P256,classical,,verify,0.0709,0.0,0.0,0.0,91,138,0,71,512,0,0,0.0,1.0641,nan,edge/x86_64,,3.12.3,2026-10-09T18:44:39Z
155,ECDSA-P256,classical,,keygen,0.0362,0.0,0.0,0.0,91,138,0,0,0,0,0,0.0,0.5433,nan,edge/x86_64,,3.12.3,2026-10-09T18:44:39Z
155,ECDSA-P256,classical,,sign,0.0384,0.0,0.0,0.0,91,138,0,70,512,0,0,0.0,0.5759,nan,edge/x86_64,,3.12.3,2026-10-09T18:44:39Z
155,ECDSA-P256,classical,,verify,0.0703,0.0,0.0,0.0,91,138,0,70,512,0,0,0.0,1.0547,nan,edge/x86_64,,3.12.3,2026-10-09T18:44:39Z
156,ECDSA-P256,classical,,keygen,0.0175,0.0,0.0,0.0,91,138,0,0,0,0,0,0.0,0.2627,nan,edge/x86_64,,3.12.3,2026-10-09T18:44:39Z
156,ECDSA-P256,classical,,sign,0.0347,0.0,0.0,0.0,91,138,0,70,512,0,0,0.0,0.5204,nan,edge/x86_64,,3.12.3,2026-10-09T18:44:39Z
156,ECDSA-P256,classical,,verify,0.1121,0.0,0.0,0.0,91,138,0,70,512,0,0,0.0,1.6819,nan,edge/x86_64,,3.12.3,2026-10-09T18:44:39Z
157,ECDSA-P256,classical,,keygen,0.0248,0.0,0.0,0.0,91,138,0,0,0,0,0,0.0,0.3724,nan,edge/x86_64,,3.12.3,2026-10-09T18:44:39Z
157,ECDSA-P256,classical,,sign,0.0397,0.0,0.0,0.0,91,138,0,70,512,0,0,0.0,0.595,nan,edge/x86_64,,3.12.3,2026-10-09T18:44:39Z
157,ECDSA-P256,classical,,verify,0.0719,0.0,0.0,0.0,91,138,0,70,512,0,0,0.0,1.0778,nan,edge/x86_64,,3.12.3,2026-10-09T18:44:39Z
158,ECDSA-P256,classical,,keygen,0.0177,0.0,0.0,0.0,91,138,0,0,0,0,0,0.0,0.2656,nan,edge/x86_64,,3.12.3,2026-10-09T18:44:39Z
158,ECDSA-P256,classical,,sign,0.0356,0.0,0.0,0.0,91,138,0,70,512,0,0,0.0,0.5334,nan,edge/x86_64,,3.12.3,2026-10-09T18:44:39Z
158,ECDSA-P256,classical,,verify,0.0707,0.0,0.0,0.0,91,138,0,70,512,0,0,0.0,1.0603,nan,edge/x86_64,,3.12.3,2026-10-09T18:44:39Z
159,ECDSA-P256,classical,,keygen,0.0182,0.0,0.0,0.0,91,138,0,0,0,0,0,0.0,0.2726,nan,edge/x86_64,,3.12.3,2026-10-09T18:44:39Z
159,ECDSA-P256,classical,,sign,0.0361,0.0,0.0,0.0,91,138,0,72,512,0,0,0.0,0.5422,nan,edge/x86_64,,3.12.3,2026-10-09T18:44:39Z
159,ECDSA-P256,classical,,verify,0.0706,0.0,0.0,0.0,91,138,0,72,512,0,0,0.0,1.0594,nan,edge/x86_64,,3.12.3,2026-10-09T18:44:39Z
160,ECDSA-P256,classical,,keygen,0.0174,0.0,0.0,0.0,91,138,0,0,0,0,0,0.0,0.2607,nan,edge/x86_64,,3.12.3,2026-10-09T18:44:39Z
160,ECDSA-P256,classical,,sign,0.0351,0.0,0.0,0.0,91,138,0,72,512,0,0,0.0,0.5268,nan,edge/x86_64,,3.12.3,2026-10-09T18:44:39Z
160,ECDSA-P256,classical,,verify,0.0705,0.0,0.0,0.0,91,138,0,72,512,0,0,0.0,1.0574,nan,edge/x86_64,,3.12.3,2026-10-09T18:44:39Z
161,ECDSA-P256,classical,,keygen,0.0331,0.0,0.0,0.0,91,138,0,0,0,0,0,0.0,0.496,nan,edge/x86_64,,3.12.3,2026-10-09T18:44:39Z
161,ECDSA-P256,classical,,sign,0.0359,0.0,0.0,0.0,91,138,0,71,512,0,0,0.0,0.5391,nan,edge/x86_64,,3.12.3,2026-10-09T18:44:39Z
161,ECDSA-P256,classical,,verify,0.0703,0.0,0.0,0.0,91,138,0,71,512,0,0,0.0,1.0541,nan,edge/x86_64,,3.12.3,2026-10-09T18:44:39Z
162,ECDSA-P256,classical,,keygen,0.0173,0.0,0.0,0.0,91,138,0,0,0,0,0,0.0,0.2602,nan,edge/x86_64,,3.12.3,2026-10-09T18:44:39Z
162,ECDSA-P256,classical,,sign,0.0349,0.0,0.0,0.0,91,138,0,70,512,0,0,0.0,0.5241,nan,edge/x86_64,,3.12.3,2026-10-09T18:44:39Z
162,ECDSA-P256,classical,,verify,0.0701,0.0,0.0,0.0,91,138,0,70,512,0,0,0.0,1.0509,nan,edge/x86_64,,3.12.3,2026-10-09T18:44:39Z
163,ECDSA-P256,classical,,keygen,0.017,0.0,0.0,0.0,91,138,0,0,0,0,0,0.0,0.2553,nan,edge/x86_64,,3.12.3,2026-10-09T18:44:39Z
163,ECDSA-P256,classical,,sign,0.0349,0.0,0.0,0.0,91,138,0,70,512,0,0,0.0,0.5231,nan,edge/x86_64,,3.12.3,2026-10-09T18:44:39Z
163,ECDSA-P256,classical,,verify,0.07,0.0,0.0,0.0,91,138,0,70,512,0,0,0.0,1.0493,nan,edge/x86_64,,3.12.3,2026-10-09T18:44:39Z
164,ECDSA-P256,classical,,keygen,0.017,0.0,0.0,0.0,91,138,0,0,0,0,0,0.0,0.2553,nan,edge/x86_64,,3.12.3,2026-10-09T18:44:39Z
164,ECDSA-P256,classical,,sign,0.0349,0.0,0.0,0.0,91,138,0,72,512,0,0,0.0,0.5232,nan,edge/x86_64,,3.12.3,2026-10-09T18:44:39Z
164,ECDSA-P256,classical,,verify,0.07,0.0,0.0,0.0,91,138,0,72,512,0,0,0.0,1.0507,nan,edge/x86_64,,3.12.3,2026-10-09T18:44:39Z
165,ECDSA-P256,classical,,keygen,0.0176,0.0,0.0,0.0,91,138,0,0,0,0,0,0.0,0.2635,nan,edge/x86_64,,3.12.3,2026-10-09T18:44:39Z
165,ECDSA-P256,classical,,sign,0.0353,0.0,0.0,0.0,91,138,0,71,512,0,0,0.0,0.5291,nan,edge/x86_64,,3.12.3,2026-10-09T18:44:39Z
165,ECDSA-P256,classical,,verify,0.0701,0.0,0.0,0.0,91,138,0,71,512,0,0,0.0,1.0522,nan,edge/x86_64,,3.12.3,2026-10-09T18:44:39Z
166,ECDSA-P256,classical,,keygen,0.017,0.0,0.0,0.0,91,138,0,0,0,0,0,0.0,0.2557,nan,edge/x86_64,,3.12.3,2026-10-09T18:44:39Z
166,ECDSA-P256,classical,,sign,0.0351,0.0,0.0,0.0,91,138,0,72,512,0,0,0.0,0.5266,nan,edge/x86_64,,3.12.3,2026-10-09T18:44:39Z
166,ECDSA-P256,classical,,verify,0.0703,0.0,0.0,0.0,91,138,0,72,512,0,0,0.0,1.055,nan,edge/x86_64,,3.12.3,2026-10-09T18:44:39Z
167,ECDSA-P256,classical,,keygen,0.0179,0.0,0.0,0.0,91,138,0,0,0,0,0,0.0,0.2683,nan,edge/x86_64,,3.12.3,2026-10-09T18:44:39Z
167,ECDSA-P256,classical,,sign,0.0356,0.0,0.0,0.0,91,138,0,71,512,0,0,0.0,0.5345,nan,edge/x86_64,,3.12.3,2026-10-09T18:44:39Z
167,ECDSA-P256,classical,,verify,0.0824,0.0,0.0,0.0,91,138,0,71,512,0,0,0.0,1.2364,nan,edge/x86_64,,3.12.3,2026-10-09T18:44:39Z
168,ECDSA-P256,classical,,keygen,0.0184,0.0,0.0,0.0,91,138,0,0,0,0,0,0.0,0.2765,nan,edge/x86_64,,3.12.3,2026-10-09T18:44:39Z
168,ECDSA-P256,classical,,sign,0.0354,0.0,0.0,0.0,91,138,0,71,512,0,0,0.0,0.5312,nan,edge/x86_64,,3.12.3,2026-10-09T18:44:39Z
168,ECDSA-P256,classical,,verify,0.0705,0.0,0.0,0.0,91,138,0,71,512,0,0,0.0,1.0581,nan,edge/x86_64,,3.12.3,2026-10-09T18:44:39Z
169,ECDSA-P256,classical,,keygen,0.0175,0.0,0.0,0.0,91,138,0,0,0,0,0,0.0,0.2632,nan,edge/x86_64,,3.12.3,2026-10-09T18:44:39Z
169,ECDSA-P256,classical,,sign,0.0464,0.0,0.0,0.0,91,138,0,71,512,0,0,0.0,0.6955,nan,edge/x86_64,,3.12.3,2026-10-09T18:44:39Z
169,ECDSA-P256,classical,,verify,0.0726,0.0,0.0,0.0,91,138,0,71,512,0,0,0.0,1.0884,nan,edge/x86_64,,3.12.3,2026-10-09T18:44:39Z
170,ECDSA-P256,classical,,keygen,0.0189,0.0,0.0,0.0,91,138,0,0,0,0,0,0.0,0.2829,nan,edge/x86_64,,3.12.3,2026-10-09T18:44:39Z
170,ECDSA-P256,classical,,sign,0.0356,0.0,0.0,0.0,91,138,0,72,512,0,0,0.0,0.5341,nan,edge/x86_64,,3.12.3,2026-10-09T18:44:39Z
170,ECDSA-P256,classical,,verify,0.0709,0.0,0.0,0.0,91,138,0,72,512,0,0,0.0,1.0637,nan,edge/x86_64,,3.12.3,2026-10-09T18:44:39Z
171,ECDSA-P256,classical,,keygen,0.018,0.0,0.0,0.0,91,138,0,0,0,0,0,0.0,0.27,nan,edge/x86_64,,3.12.3,2026-10-09T18:44:39Z
171,ECDSA-P256,classical,,sign,0.0358,0.0,0.0,0.0,91,138,0,70,512,0,0,0.0,0.5375,nan,edge/x86_64,,3.12.3,2026-10-09T18:44:39Z
171,ECDSA-P256,classical,,verify,0.0704,0.0,0.0,0.0,91,138,0,70,512,0,0,0.0,1.056,nan,edge/x86_64,,3.12.3,2026-10-09T18:44:39Z
172,ECDSA-P256,classical,,keygen,0.0171,0.0,0.0,0.0,91,138,0,0,0,0,0,0.0,0.2565,nan,edge/x86_64,,3.12.3,2026-10-09T18:44:39Z
172,ECDSA-P256,classical,,sign,0.035,0.0,0.0,0.0,91,138,0,70,512,0,0,0.0,0.5244,nan,edge/x86_64,,3.12.3,2026-10-09T18:44:39Z
172,ECDSA-P256,classical,,verify,0.0713,0.0,0.0,0.0,91,138,0,70,512,0,0,0.0,1.0696,nan,edge/x86_64,,3.12.3,2026-10-09T18:44:39Z
173,ECDSA-P256,classical,,keygen,0.017,0.0,0.0,0.0,91,138,0,0,0,0,0,0.0,0.2552,nan,edge/x86_64,,3.12.3,2026-10-09T18:44:39Z
173,ECDSA-P256,classical,,sign,0.0351,0.0,0.0,0.0,91,138,0,72,512,0,0,0.0,0.5271,nan,edge/x86_64,,3.12.3,2026-10-09T18:44:39Z
173,ECDSA-P256,classical,,verify,0.1058,0.0,0.0,0.0,91,138,0,72,512,0,0,0.0,1.5874,nan,edge/x86_64,,3.12.3,2026-10-09T18:44:39Z
174,ECDSA-P256,classical,,keygen,0.0185,0.0,0.0,0.0,91,138,0,0,0,0,0,0.0,0.2775,nan,edge/x86_64,,3.12.3,2026-10-09T18:44:39Z
174,ECDSA-P256,classical,,sign,0.0364,0.0,0.0,0.0,91,138,0,72,512,0,0,0.0,0.5455,nan,edge/x86_64,,3.12.3,2026-10-09T18:44:39Z
174,ECDSA-P256,classical,,verify,0.071,0.0,0.0,0.0,91,138,0,72,512,0,0,0.0,1.0644,nan,edge/x86_64,,3.12.3,2026-10-09T18:44:39Z
175,ECDSA-P256,classical,,keygen,0.0173,0.0,0.0,0.0,91,138,0,0,0,0,0,0.0,0.2594,nan,edge/x86_64,,3.12.3,2026-10-09T18:44:39Z
175,ECDSA-P256,classical,,sign,0.0354,0.0,0.0,0.0,91,138,0,71,512,0,0,0.0,0.5305,nan,edge/x86_64,,3.12.3,2026-10-09T18:44:39Z
175,ECDSA-P256,classical,,verify,0.0808,0.0,0.0,0.0,91,138,0,71,512,0,0,0.0,1.2114,nan,edge/x86_64,,3.12.3,2026-10-09T18:44:39Z
176,ECDSA-P256,classical,,keygen,0.0182,0.0,0.0,0.0,91,138,0,0,0,0,0,0.0,0.2724,nan,edge/x86_64,,3.12.3,2026-10-09T18:44:39Z
176,ECDSA-P256,classical,,sign,0.0353,0.0,0.0,0.0,91,138,0,71,512,0,0,0.0,0.5301,nan,edge/x86_64,,3.12.3,2026-10-09T18:44:39Z
176,ECDSA-P256,classical,,verify,0.0709,0.0,0.0,0.0,91,138,0,71,512,0,0,0.0,1.0629,nan,edge/x86_64,,3.12.3,2026-10-09T18:44:39Z
177,ECDSA-P256,classical,,keygen,0.018,0.0,0.0,0.0,91,138,0,0,0,0,0,0.0,0.2703,nan,edge/x86_64,,3.12.3,2026-10-09T18:44:39Z
177,ECDSA-P256,classical,,sign,0.0354,0.0,0.0,0.0,91,138,0,70,512,0,0,0.0,0.531,nan,edge/x86_64,,3.12.3,2026-10-09T18:44:39Z
177,ECDSA-P256,classical,,verify,0.0705,0.0,0.0,0.0,91,138,0,70,512,0,0,0.0,1.0575,nan,edge/x86_64,,3.12.3,2026-10-09T18:44:39Z
178,ECDSA-P256,classical,,keygen,0.0169,0.0,0.0,0.0,91,138,0,0,0,0,0,0.0,0.2531,nan,edge/x86_64,,3.12.3,2026-10-09T18:44:39Z
178,ECDSA-P256,classical,,sign,0.0348,0.0,0.0,0.0,91,138,0,71,512,0,0,0.0,0.5217,nan,edge/x86_64,,3.12.3,2026-10-09T18:44:39Z
178,ECDSA-P256,classical,,verify,0.0708,0.0,0.0,0.0,91,138,0,71,512,0,0,0.0,1.062,nan,edge/x86_64,,3.12.3,2026-10-09T18:44:39Z
179,ECDSA-P256,classical,,keygen,0.0169,0.0,0.0,0.0,91,138,0,0,0,0,0,0.0,0.2542,nan,edge/x86_64,,3.12.3,2026-10-09T18:44:39Z
179,ECDSA-P256,classical,,sign,0.0351,0.0,0.0,0.0,91,138,0,71,512,0,0,0.0,0.5261,nan,edge/x86_64,,3.12.3,2026-10-09T18:44:39Z
179,ECDSA-P256,classical,,verify,0.0702,0.0,0.0,0.0,91,138,0,71,512,0,0,0.0,1.0527,nan,edge/x86_64,,3.12.3,2026-10-09T18:44:39Z
180,ECDSA-P256,classical,,keygen,0.0184,0.0,0.0,0.0,91,138,0,0,0,0,0,0.0,0.2763,nan,edge/x86_64,,3.12.3,2026-10-09T18:44:39Z
180,ECDSA-P256,classical,,sign,0.0371,0.0,0.0,0.0,91,138,0,71,512,0,0,0.0,0.5564,nan,edge/x86_64,,3.12.3,2026-10-09T18:44:39Z
180,ECDSA-P256,classical,,verify,0.0708,0.0,0.0,0.0,91,138,0,71,512,0,0,0.0,1.0614,nan,edge/x86_64,,3.12.3,2026-10-09T18:44:39Z
181,ECDSA-P256,classical,,keygen,0.0171,0.0,0.0,0.0,91,138,0,0,0,0,0,0.0,0.2565,nan,edge/x86_64,,3.12.3,2026-10-09T18:44:39Z
181,ECDSA-P256,classical,,sign,0.0348,0.0,0.0,0.0,91,138,0,70,512,0,0,0.0,0.5225,nan,edge/x86_64,,3.12.3,2026-10-09T18:44:39Z
181,ECDSA-P256,classical,,verify,0.0945,0.0,0.0,0.0,91,138,0,70,512,0,0,0.0,1.4174,nan,edge/x86_64,,3.12.3,2026-10-09T18:44:39Z
182,ECDSA-P256,classical,,keygen,0.0219,0.0,0.0,0.0,91,138,0,0,0,0,0,0.0,0.329,nan,edge/x86_64,,3.12.3,2026-10-09T18:44:39Z
182,ECDSA-P256,classical,,sign,0.0493,0.0,0.0,0.0,91,138,0,71,512,0,0,0.0,0.7389,nan,edge/x86_64,,3.12.3,2026-10-09T18:44:39Z
182,ECDSA-P256,classical,,verify,0.0721,0.0,0.0,0.0,91,138,0,71,512,0,0,0.0,1.0809,nan,edge/x86_64,,3.12.3,2026-10-09T18:44:39Z
183,ECDSA-P256,classical,,keygen,0.0187,0.0,0.0,0.0,91,138,0,0,0,0,0,0.0,0.2806,nan,edge/x86_64,,3.12.3,2026-10-09T18:44:39Z
183,ECDSA-P256,classical,,sign,0.0358,0.0,0.0,0.0,91,138,0,70,512,0,0,0.0,0.5376,nan,edge/x86_64,,3.12.3,2026-10-09T18:44:39Z
183,ECDSA-P256,classical,,verify,0.0706,0.0,0.0,0.0,91,138,0,70,512,0,0,0.0,1.0597,nan,edge/x86_64,,3.12.3,2026-10-09T18:44:39Z
184,ECDSA-P256,classical,,keygen,0.0178,0.0,0.0,0.0,91,138,0,0,0,0,0,0.0,0.2669,nan,edge/x86_64,,3.12.3,2026-10-09T18:44:39Z
184,ECDSA-P256,classical,,sign,0.0359,0.0,0.0,0.0,91,138,0,71,512,0,0,0.0,0.539,nan,edge/x86_64,,3.12.3,2026-10-09T18:44:39Z
184,ECDSA-P256,classical,,verify,0.0709,0.0,0.0,0.0,91,138,0,71,512,0,0,0.0,1.0632,nan,edge/x86_64,,3.12.3,2026-10-09T18:44:39Z
185,ECDSA-P256,classical,,keygen,0.0173,0.0,0.0,0.0,91,138,0,0,0,0,0,0.0,0.2595,nan,edge/x86_64,,3.12.3,2026-10-09T18:44:39Z
185,ECDSA-P256,classical,,sign,0.0353,0.0,0.0,0.0,91,138,0,71,512,0,0,0.0,0.5293,nan,edge/x86_64,,3.12.3,2026-10-09T18:44:39Z
185,ECDSA-P256,classical,,verify,0.0705,0.0,0.0,0.0,91,138,0,71,512,0,0,0.0,1.0579,nan,edge/x86_64,,3.12.3,2026-10-09T18:44:39Z
186,ECDSA-P256,classical,,keygen,0.017,0.0,0.0,0.0,91,138,0,0,0,0,0,0.0,0.2553,nan,edge/x86_64,,3.12.3,2026-10-09T18:44:39Z
186,ECDSA-P256,classical,,sign,0.0366,0.0,0.0,0.0,91,138,0,71,512,0,0,0.0,0.5496,nan,edge/x86_64,,3.12.3,2026-10-09T18:44:39Z
186,ECDSA-P256,classical,,verify,0.071,0.0,0.0,0.0,91,138,0,71,512,0,0,0.0,1.0646,nan,edge/x86_64,,3.12.3,2026-10-09T18:44:39Z
187,ECDSA-P256,classical,,keygen,0.0171,0.0,0.0,0.0,91,138,0,0,0,0,0,0.0,0.256,nan,edge/x86_64,,3.12.3,2026-10-09T18:44:39Z
187,ECDSA-P256,classical,,sign,0.035,0.0,0.0,0.0,91,138,0,72,512,0,0,0.0,0.5244,nan,edge/x86_64,,3.12.3,2026-10-09T18:44:39Z
187,ECDSA-P256,classical,,verify,0.0708,0.0,0.0,0.0,91,138,0,72,512,0,0,0.0,1.0614,nan,edge/x86_64,,3.12.3,2026-10-09T18:44:39Z
188,ECDSA-P256,classical,,keygen,0.0178,0.0,0.0,0.0,91,138,0,0,0,0,0,0.0,0.2673,nan,edge/x86_64,,3.12.3,2026-10-09T18:44:39Z
188,ECDSA-P256,classical,,sign,0.0369,0.0,0.0,0.0,91,138,0,71,512,0,0,0.0,0.5531,nan,edge/x86_64,,3.12.3,2026-10-09T18:44:39Z
188,ECDSA-P256,classical,,verify,0.0703,0.0,0.0,0.0,91,138,0,71,512,0,0,0.0,1.0543,nan,edge/x86_64,,3.12.3,2026-10-09T18:44:39Z
189,ECDSA-P256,classical,,keygen,0.0211,0.0,0.0,0.0,91,138,0,0,0,0,0,0.0,0.3158,nan,edge/x86_64,,3.12.3,2026-10-09T18:44:39Z
189,ECDSA-P256,classical,,sign,0.0367,0.0,0.0,0.0,91,138,0,71,512,0,0,0.0,0.5503,nan,edge/x86_64,,3.12.3,2026-10-09T18:44:39Z
189,ECDSA-P256,classical,,verify,0.0712,0.0,0.0,0.0,91,138,0,71,512,0,0,0.0,1.068,nan,edge/x86_64,,3.12.3,2026-10-09T18:44:39Z
190,ECDSA-P256,classical,,keygen,0.0168,0.0,0.0,0.0,91,138,0,0,0,0,0,0.0,0.2527,nan,edge/x86_64,,3.12.3,2026-10-09T18:44:39Z
190,ECDSA-P256,classical,,sign,0.0351,0.0,0.0,0.0,91,138,0,70,512,0,0,0.0,0.5266,nan,edge/x86_64,,3.12.3,2026-10-09T18:44:39Z
190,ECDSA-P256,classical,,verify,0.0704,0.0,0.0,0.0,91,138,0,70,512,0,0,0.0,1.0562,nan,edge/x86_64,,3.12.3,2026-10-09T18:44:39Z
191,ECDSA-P256,classical,,keygen,0.0173,0.0,0.0,0.0,91,138,0,0,0,0,0,0.0,0.26,nan,edge/x86_64,,3.12.3,2026-10-09T18:44:39Z
191,ECDSA-P256,classical,,sign,0.0349,0.0,0.0,0.0,91,138,0,71,512,0,0,0.0,0.524,nan,edge/x86_64,,3.12.3,2026-10-09T18:44:39Z
191,ECDSA-P256,classical,,verify,0.074,0.0,0.0,0.0,91,138,0,71,512,0,0,0.0,1.1106,nan,edge/x86_64,,3.12.3,2026-10-09T18:44:39Z
192,ECDSA-P256,classical,,keygen,0.0252,0.0,0.0,0.0,91,138,0,0,0,0,0,0.0,0.3781,nan,edge/x86_64,,3.12.3,2026-10-09T18:44:39Z
192,ECDSA-P256,classical,,sign,0.053,0.0,0.0,0.0,91,138,0,72,512,0,0,0.0,0.7957,nan,edge/x86_64,,3.12.3,2026-10-09T18:44:39Z
192,ECDSA-P256,classical,,verify,0.0724,0.0,0.0,0.0,91,138,0,72,512,0,0,0.0,1.0863,nan,edge/x86_64,,3.12.3,2026-10-09T18:44:39Z
193,ECDSA-P256,classical,,keygen,0.0178,0.0,0.0,0.0,91,138,0,0,0,0,0,0.0,0.2664,nan,edge/x86_64,,3.12.3,2026-10-09T18:44:39Z
193,ECDSA-P256,classical,,sign,0.0351,0.0,0.0,0.0,91,138,0,70,512,0,0,0.0,0.5258,nan,edge/x86_64,,3.12.3,2026-10-09T18:44:39Z
193,ECDSA-P256,classical,,verify,0.07,0.0,0.0,0.0,91,138,0,70,512,0,0,0.0,1.0503,nan,edge/x86_64,,3.12.3,2026-10-09T18:44:39Z
194,ECDSA-P256,classical,,keygen,0.017,0.0,0.0,0.0,91,138,0,0,0,0,0,0.0,0.2548,nan,edge/x86_64,,3.12.3,2026-10-09T18:44:39Z
194,ECDSA-P256,classical,,sign,0.0415,0.0,0.0,0.0,91,138,0,70,512,0,0,0.0,0.622,nan,edge/x86_64,,3.12.3,2026-10-09T18:44:39Z
194,ECDSA-P256,classical,,verify,0.0724,0.0,0.0,0.0,91,138,0,70,512,0,0,0.0,1.0863,nan,edge/x86_64,,3.12.3,2026-10-09T18:44:39Z
195,ECDSA-P256,classical,,keygen,0.0189,0.0,0.0,0.0,91,138,0,0,0,0,0,0.0,0.2838,nan,edge/x86_64,,3.12.3,2026-10-09T18:44:39Z
195,ECDSA-P256,classical,,sign,0.0357,0.0,0.0,0.0,91,138,0,71,512,0,0,0.0,0.5357,nan,edge/x86_64,,3.12.3,2026-10-09T18:44:39Z
195,ECDSA-P256,classical,,verify,0.0706,0.0,0.0,0.0,91,138,0,71,512,0,0,0.0,1.0591,nan,edge/x86_64,,3.12.3,2026-10-09T18:44:39Z
196,ECDSA-P256,classical,,keygen,0.0171,0.0,0.0,0.0,91,138,0,0,0,0,0,0.0,0.2569,nan,edge/x86_64,,3.12.3,2026-10-09T18:44:39Z
196,ECDSA-P256,classical,,sign,0.035,0.0,0.0,0.0,91,138,0,71,512,0,0,0.0,0.525,nan,edge/x86_64,,3.12.3,2026-10-09T18:44:39Z
196,ECDSA-P256,classical,,verify,0.0706,0.0,0.0,0.0,91,138,0,71,512,0,0,0.0,1.0587,nan,edge/x86_64,,3.12.3,2026-10-09T18:44:39Z
197,ECDSA-P256,classical,,keygen,0.017,0.0,0.0,0.0,91,138,0,0,0,0,0,0.0,0.255,nan,edge/x86_64,,3.12.3,2026-10-09T18:44:39Z
197,ECDSA-P256,classical,,sign,0.0353,0.0,0.0,0.0,91,138,0,71,512,0,0,0.0,0.5297,nan,edge/x86_64,,3.12.3,2026-10-09T18:44:39Z
197,ECDSA-P256,classical,,verify,0.0704,0.0,0.0,0.0,91,138,0,71,512,0,0,0.0,1.0561,nan,edge/x86_64,,3.12.3,2026-10-09T18:44:39Z
198,ECDSA-P256,classical,,keygen,0.0171,0.0,0.0,0.0,91,138,0,0,0,0,0,0.0,0.2559,nan,edge/x86_64,,3.12.3,2026-10-09T18:44:39Z
198,ECDSA-P256,classical,,sign,0.0349,0.0,0.0,0.0,91,138,0,71,512,0,0,0.0,0.523,nan,edge/x86_64,,3.12.3,2026-10-09T18:44:39Z
198,ECDSA-P256,classical,,verify,0.0782,0.0,0.0,0.0,91,138,0,71,512,0,0,0.0,1.1736,nan,edge/x86_64,,3.12.3,2026-10-09T18:44:39Z
199,ECDSA-P256,classical,,keygen,0.0183,0.0,0.0,0.0,91,138,0,0,0,0,0,0.0,0.2741,nan,edge/x86_64,,3.12.3,2026-10-09T18:44:39Z
199,ECDSA-P256,classical,,sign,0.0352,0.0,0.0,0.0,91,138,0,71,512,0,0,0.0,0.5275,nan,edge/x86_64,,3.12.3,2026-10-09T18:44:39Z
199,ECDSA-P256,classical,,verify,0.0703,0.0,0.0,0.0,91,138,0,71,512,0,0,0.0,1.0551,nan,edge/x86_64,,3.12.3,2026-10-09T18:44:39Z
0,ML-KEM-768+ML-DSA-65,post-quantum,3,wrap_flow,0.5102,0.0,0.0,0.0,0,0,1088,3309,256,4735,4479,1749.61,7.6533,nan,edge/x86_64,unknown,3.12.3,2026-10-09T18:44:39Z
1,ML-KEM-768+ML-DSA-65,post-quantum,3,wrap_flow,0.3288,0.0,0.0,0.0,0,0,1088,3309,256,4735,4479,1749.61,4.9324,nan,edge/x86_64,unknown,3.12.3,2026-10-09T18:44:39Z
2,ML-KEM-768+ML-DSA-65,post-quantum,3,wrap_flow,0.1252,0.0,0.0,0.0,0,0,1088,3309,256,4735,4479,1749.61,1.8784,nan,edge/x86_64,unknown,3.12.3,2026-10-09T18:44:39Z
3,ML-KEM-768+ML-DSA-65,post-quantum,3,wrap_flow,0.1844,0.0,0.0,0.0,0,0,1088,3309,256,4735,4479,1749.61,2.7659,nan,edge/x86_64,unknown,3.12.3,2026-10-09T18:44:39Z
4,ML-KEM-768+ML-DSA-65,post-quantum,3,wrap_flow,0.1289,0.0,0.0,0.0,0,0,1088,3309,256,4735,4479,1749.61,1.9331,nan,edge/x86_64,unknown,3.12.3,2026-10-09T18:44:39Z
5,ML-KEM-768+ML-DSA-65,post-quantum,3,wrap_flow,0.128,0.0,0.0,0.0,0,0,1088,3309,256,4735,4479,1749.61,1.9203,nan,edge/x86_64,unknown,3.12.3,2026-10-09T18:44:39Z
6,ML-KEM-768+ML-DSA-65,post-quantum,3,wrap_flow,0.3151,0.0,0.0,0.0,0,0,1088,3309,256,4735,4479,1749.61,4.7267,nan,edge/x86_64,unknown,3.12.3,2026-10-09T18:44:39Z
7,ML-KEM-768+ML-DSA-65,post-quantum,3,wrap_flow,0.2293,0.0,0.0,0.0,0,0,1088,3309,256,4735,4479,1749.61,3.4389,nan,edge/x86_64,unknown,3.12.3,2026-10-09T18:44:39Z
8,ML-KEM-768+ML-DSA-65,post-quantum,3,wrap_flow,0.2112,0.0,0.0,0.0,0,0,1088,3309,256,4735,4479,1749.61,3.1683,nan,edge/x86_64,unknown,3.12.3,2026-10-09T18:44:39Z
9,ML-KEM-768+ML-DSA-65,post-quantum,3,wrap_flow,0.1362,0.0,0.0,0.0,0,0,1088,3309,256,4735,4479,1749.61,2.0433,nan,edge/x86_64,unknown,3.12.3,2026-10-09T18:44:39Z
10,ML-KEM-768+ML-DSA-65,post-quantum,3,wrap_flow,0.1286,0.0,0.0,0.0,0,0,1088,3309,256,4735,4479,1749.61,1.9293,nan,edge/x86_64,unknown,3.12.3,2026-10-09T18:44:39Z
11,ML-KEM-768+ML-DSA-65,post-quantum,3,wrap_flow,0.1543,0.0,0.0,0.0,0,0,1088,3309,256,4735,4479,1749.61,2.3138,nan,edge/x86_64,unknown,3.12.3,2026-10-09T18:44:39Z
12,ML-KEM-768+ML-DSA-65,post-quantum,3,wrap_flow,0.1876,0.0,0.0,0.0,0,0,1088,3309,256,4735,4479,1749.61,2.8136,nan,edge/x86_64,unknown,3.12.3,2026-10-09T18:44:39Z
13,ML-KEM-768+ML-DSA-65,post-quantum,3,wrap_flow,0.1365,0.0,0.0,0.0,0,0,1088,3309,256,4735,4479,1749.61,2.047,nan,edge/x86_64,unknown,3.12.3,2026-10-09T18:44:39Z
14,ML-KEM-768+ML-DSA-65,post-quantum,3,wrap_flow,0.2191,0.0,0.0,0.0,0,0,1088,3309,256,4735,4479,1749.61,3.2871,nan,edge/x86_64,unknown,3.12.3,2026-10-09T18:44:39Z
15,ML-KEM-768+ML-DSA-65,post-quantum,3,wrap_flow,0.1481,0.0,0.0,0.0,0,0,1088,3309,256,4735,4479,1749.61,2.2213,nan,edge/x86_64,unknown,3.12.3,2026-10-09T18:44:39Z
16,ML-KEM-768+ML-DSA-65,post-quantum,3,wrap_flow,0.1378,0.0,0.0,0.0,0,0,1088,3309,256,4735,4479,1749.61,2.0672,nan,edge/x86_64,unknown,3.12.3,2026-10-09T18:44:39Z
17,ML-KEM-768+ML-DSA-65,post-quantum,3,wrap_flow,0.2822,0.0,0.0,0.0,0,0,1088,3309,256,4735,4479,1749.61,4.233,nan,edge/x86_64,unknown,3.12.3,2026-10-09T18:44:39Z
18,ML-KEM-768+ML-DSA-65,post-quantum,3,wrap_flow,0.1832,0.0,0.0,0.0,0,0,1088,3309,256,4735,4479,1749.61,2.7482,nan,edge/x86_64,unknown,3.12.3,2026-10-09T18:44:39Z
19,ML-KEM-768+ML-DSA-65,post-quantum,3,wrap_flow,0.2253,0.0,0.0,0.0,0,0,1088,3309,256,4735,4479,1749.61,3.3802,nan,edge/x86_64,unknown,3.12.3,2026-10-09T18:44:39Z
20,ML-KEM-768+ML-DSA-65,post-quantum,3,wrap_flow,0.1217,0.0,0.0,0.0,0,0,1088,3309,256,4735,4479,1749.61,1.8252,nan,edge/x86_64,unknown,3.12.3,2026-10-09T18:44:39Z
21,ML-KEM-768+ML-DSA-65,post-quantum,3,wrap_flow,0.2147,0.0,0.0,0.0,0,0,1088,3309,256,4735,4479,1749.61,3.2203,nan,edge/x86_64,unknown,3.12.3,2026-10-09T18:44:39Z
22,ML-KEM-768+ML-DSA-65,post-quantum,3,wrap_flow,0.2744,0.0,0.0,0.0,0,0,1088,3309,256,4735,4479,1749.61,4.1155,nan,edge/x86_64,unknown,3.12.3,2026-10-09T18:44:39Z
23,ML-KEM-768+ML-DSA-65,post-quantum,3,wrap_flow,0.3035,0.0,0.0,0.0,0,0,1088,3309,256,4735,4479,1749.61,4.5525,nan,edge/x86_64,unknown,3.12.3,2026-10-09T18:44:39Z
24,ML-KEM-768+ML-DSA-65,post-quantum,3,wrap_flow,0.1545,0.0,0.0,0.0,0,0,1088,3309,256,4735,4479,1749.61,2.318,nan,edge/x86_64,unknown,3.12.3,2026-10-09T18:44:39Z
25,ML-KEM-768+ML-DSA-65,post-quantum,3,wrap_flow,0.1469,0.0,0.0,0.0,0,0,1088,3309,256,4735,4479,1749.61,2.203,nan,edge/x86_64,unknown,3.12.3,2026-10-09T18:44:39Z
26,ML-KEM-768+ML-DSA-65,post-quantum,3,wrap_flow,0.112,0.0,0.0,0.0,0,0,1088,3309,256,4735,4479,1749.61,1.6807,nan,edge/x86_64,unknown,3.12.3,2026-10-09T18:44:39Z
27,ML-KEM-768+ML-DSA-65,post-quantum,3,wrap_flow,0.1852,0.0,0.0,0.0,0,0,1088,3309,256,4735,4479,1749.61,2.7785,nan,edge/x86_64,unknown,3.12.3,2026-10-09T18:44:39Z
28,ML-KEM-768+ML-DSA-65,post-quantum,3,wrap_flow,0.1385,0.0,0.0,0.0,0,0,1088,3309,256,4735,4479,1749.61,2.0773,nan,edge/x86_64,unknown,3.12.3,2026-10-09T18:44:39Z
29,ML-KEM-768+ML-DSA-65,post-quantum,3,wrap_flow,0.1788,0.0,0.0,0.0,0,0,1088,3309,256,4735,4479,1749.61,2.6821,nan,edge/x86_64,unknown,3.12.3,2026-10-09T18:44:39Z
30,ML-KEM-768+ML-DSA-65,post-quantum,3,wrap_flow,0.1516,0.0,0.0,0.0,0,0,1088,3309,256,4735,4479,1749.61,2.2746,nan,edge/x86_64,unknown,3.12.3,2026-10-09T18:44:39Z
31,ML-KEM-768+ML-DSA-65,post-quantum,3,wrap_flow,0.2315,0.0,0.0,0.0,0,0,1088,3309,256,4735,4479,1749.61,3.4724,nan,edge/x86_64,unknown,3.12.3,2026-10-09T18:44:39Z
32,ML-KEM-768+ML-DSA-65,post-quantum,3,wrap_flow,0.154,0.0,0.0,0.0,0,0,1088,3309,256,4735,4479,1749.61,2.31,nan,edge/x86_64,unknown,3.12.3,2026-10-09T18:44:39Z
33,ML-KEM-768+ML-DSA-65,post-quantum,3,wrap_flow,0.1393,0.0,0.0,0.0,0,0,1088,3309,256,4735,4479,1749.61,2.089,nan,edge/x86_64,unknown,3.12.3,2026-10-09T18:44:39Z
34,ML-KEM-768+ML-DSA-65,post-quantum,3,wrap_flow,0.113,0.0,0.0,0.0,0,0,1088,3309,256,4735,4479,1749.61,1.6957,nan,edge/x86_64,unknown,3.12.3,2026-10-09T18:44:39Z
35,ML-KEM-768+ML-DSA-65,post-quantum,3,wrap_flow,0.1241,0.0,0.0,0.0,0,0,1088,3309,256,4735,4479,1749.61,1.8622,nan,edge/x86_64,unknown,3.12.3,2026-10-09T18:44:39Z
36,ML-KEM-768+ML-DSA-65,post-quantum,3,wrap_flow,0.1943,0.0,0.0,0.0,0,0,1088,3309,256,4735,4479,1749.61,2.9142,nan,edge/x86_64,unknown,3.12.3,2026-10-09T18:44:39Z
37,ML-KEM-768+ML-DSA-65,post-quantum,3,wrap_flow,0.124,0.0,0.0,0.0,0,0,1088,3309,256,4735,4479,1749.61,1.8604,nan,edge/x86_64,unknown,3.12.3,2026-10-09T18:44:39Z
38,ML-KEM-768+ML-DSA-65,post-quantum,3,wrap_flow,0.34,0.0,0.0,0.0,0,0,1088,3309,256,4735,4479,1749.61,5.0999,nan,edge/x86_64,unknown,3.12.3,2026-10-09T18:44:39Z
39,ML-KEM-768+ML-DSA-65,post-quantum,3,wrap_flow,0.1305,0.0,0.0,0.0,0,0,1088,3309,256,4735,4479,1749.61,1.9568,nan,edge/x86_64,unknown,3.12.3,2026-10-09T18:44:39Z
40,ML-KEM-768+ML-DSA-65,post-quantum,3,wrap_flow,0.1136,0.0,0.0,0.0,0,0,1088,3309,256,4735,4479,1749.61,1.7041,nan,edge/x86_64,unknown,3.12.3,2026-10-09T18:44:39Z
41,ML-KEM-768+ML-DSA-65,post-quantum,3,wrap_flow,0.1896,0.0,0.0,0.0,0,0,1088,3309,256,4735,4479,1749.61,2.8433,nan,edge/x86_64,unknown,3.12.3,2026-10-09T18:44:39Z
42,ML-KEM-768+ML-DSA-65,post-quantum,3,wrap_flow,0.1642,0.0,0.0,0.0,0,0,1088,3309,256,4735,4479,1749.61,2.463,nan,edge/x86_64,unknown,3.12.3,2026-10-09T18:44:39Z
43,ML-KEM-768+ML-DSA-65,post-quantum,3,wrap_flow,0.1281,0.0,0.0,0.0,0,0,1088,3309,256,4735,4479,1749.61,1.9219,nan,edge/x86_64,unknown,3.12.3,2026-10-09T18:44:39Z
44,ML-KEM-768+ML-DSA-65,post-quantum,3,wrap_flow,0.143,0.0,0.0,0.0,0,0,1088,3309,256,4735,4479,1749.61,2.1447,nan,edge/x86_64,unknown,3.12.3,2026-10-09T18:44:39Z
45,ML-KEM-768+ML-DSA-65,post-quantum,3,wrap_flow,0.1143,0.0,0.0,0.0,0,0,1088,3309,256,4735,4479,1749.61,1.7152,nan,edge/x86_64,unknown,3.12.3,2026-10-09T18:44:39Z
46,ML-KEM-768+ML-DSA-65,post-quantum,3,wrap_flow,0.1747,0.0,0.0,0.0,0,0,1088,3309,256,4735,4479,1749.61,2.6207,nan,edge/x86_64,unknown,3.12.3,2026-10-09T18:44:39Z
47,ML-KEM-768+ML-DSA-65,post-quantum,3,wrap_flow,0.1385,0.0,0.0,0.0,0,0,1088,3309,256,4735,4479,1749.61,2.0775,nan,edge/x86_64,unknown,3.12.3,2026-10-09T18:44:39Z
48,ML-KEM-768+ML-DSA-65,post-quantum,3,wrap_flow,0.1944,0.0,0.0,0.0,0,0,1088,3309,256,4735,4479,1749.61,2.9159,nan,edge/x86_64,unknown,3.12.3,2026-10-09T18:44:39Z
49,ML-KEM-768+ML-DSA-65,post-quantum,3,wrap_flow,0.1287,0.0,0.0,0.0,0,0,1088,3309,256,4735,4479,1749.61,1.931,nan,edge/x86_64,unknown,3.12.3,2026-10-09T18:44:39Z
50,ML-KEM-768+ML-DSA-65,post-quantum,3,wrap_flow,0.2346,0.0,0.0,0.0,0,0,1088,3309,256,4735,4479,1749.61,3.5189,nan,edge/x86_64,unknown,3.12.3,2026-10-09T18:44:39Z
51,ML-KEM-768+ML-DSA-65,post-quantum,3,wrap_flow,0.2217,0.0,0.0,0.0,0,0,1088,3309,256,4735,4479,1749.61,3.3262,nan,edge/x86_64,unknown,3.12.3,2026-10-09T18:44:39Z
52,ML-KEM-768+ML-DSA-65,post-quantum,3,wrap_flow,0.2368,0.0,0.0,0.0,0,0,1088,3309,256,4735,4479,1749.61,3.552,nan,edge/x86_64,unknown,3.12.3,2026-10-09T18:44:39Z
53,ML-KEM-768+ML-DSA-65,post-quantum,3,wrap_flow,0.1407,0.0,0.0,0.0,0,0,1088,3309,256,4735,4479,1749.61,2.1112,nan,edge/x86_64,unknown,3.12.3,2026-10-09T18:44:39Z
54,ML-KEM-768+ML-DSA-65,post-quantum,3,wrap_flow,0.1291,0.0,0.0,0.0,0,0,1088,3309,256,4735,4479,1749.61,1.9372,nan,edge/x86_64,unknown,3.12.3,2026-10-09T18:44:39Z
55,ML-KEM-768+ML-DSA-65,post-quantum,3,wrap_flow,0.2744,0.0,0.0,0.0,0,0,1088,3309,256,4735,4479,1749.61,4.1156,nan,edge/x86_64,unknown,3.12.3,2026-10-09T18:44:39Z
56,ML-KEM-768+ML-DSA-65,post-quantum,3,wrap_flow,0.1233,0.0,0.0,0.0,0,0,1088,3309,256,4735,4479,1749.61,1.8502,nan,edge/x86_64,unknown,3.12.3,2026-10-09T18:44:39Z
57,ML-KEM-768+ML-DSA-65,post-quantum,3,wrap_flow,0.1524,0.0,0.0,0.0,0,0,1088,3309,256,4735,4479,1749.61,2.2858,nan,edge/x86_64,unknown,3.12.3,2026-10-09T18:44:39Z
58,ML-KEM-768+ML-DSA-65,post-quantum,3,wrap_flow,0.2693,0.0,0.0,0.0,0,0,1088,3309,256,4735,4479,1749.61,4.0401,nan,edge/x86_64,unknown,3.12.3,2026-10-09T18:44:39Z
59,ML-KEM-768+ML-DSA-65,post-quantum,3,wrap_flow,0.1962,0.0,0.0,0.0,0,0,1088,3309,256,4735,4479,1749.61,2.9434,nan,edge/x86_64,unknown,3.12.3,2026-10-09T18:44:39Z
60,ML-KEM-768+ML-DSA-65,post-quantum,3,wrap_flow,0.1654,0.0,0.0,0.0,0,0,1088,3309,256,4735,4479,1749.61,2.4811,nan,edge/x86_64,unknown,3.12.3,2026-10-09T18:44:39Z
61,ML-KEM-768+ML-DSA-65,post-quantum,3,wrap_flow,0.1148,0.0,0.0,0.0,0,0,1088,3309,256,4735,4479,1749.61,1.722,nan,edge/x86_64,unknown,3.12.3,2026-10-09T18:44:39Z
62,ML-KEM-768+ML-DSA-65,post-quantum,3,wrap_flow,0.1235,0.0,0.0,0.0,0,0,1088,3309,256,4735,4479,1749.61,1.8523,nan,edge/x86_64,unknown,3.12.3,2026-10-09T18:44:39Z
63,ML-KEM-768+ML-DSA-65,post-quantum,3,wrap_flow,0.2053,0.0,0.0,0.0,0,0,1088,3309,256,4735,4479,1749.61,3.0791,nan,edge/x86_64,unknown,3.12.3,2026-10-09T18:44:39Z
64,ML-KEM-768+ML-DSA-65,post-quantum,3,wrap_flow,0.2207,0.0,0.0,0.0,0,0,1088,3309,256,4735,4479,1749.61,3.3102,nan,edge/x86_64,unknown,3.12.3,2026-10-09T18:44:39Z
65,ML-KEM-768+ML-DSA-65,post-quantum,3,wrap_flow,0.1651,0.0,0.0,0.0,0,0,1088,3309,256,4735,4479,1749.61,2.4761,nan,edge/x86_64,unknown,3.12.3,2026-10-09T18:44:39Z
66,ML-KEM-768+ML-DSA-65,post-quantum,3,wrap_flow,0.1456,0.0,0.0,0.0,0,0,1088,3309,256,4735,4479,1749.61,2.1846,nan,edge/x86_64,unknown,3.12.3,2026-10-09T18:44:39Z
67,ML-KEM-768+ML-DSA-65,post-quantum,3,wrap_flow,0.1375,0.0,0.0,0.0,0,0,1088,3309,256,4735,4479,1749.61,2.0624,nan,edge/x86_64,unknown,3.12.3,2026-10-09T18:44:39Z
68,ML-KEM-768+ML-DSA-65,post-quantum,3,wrap_flow,0.1588,0.0,0.0,0.0,0,0,1088,3309,256,4735,4479,1749.61,2.3826,nan,edge/x86_64,unknown,3.12.3,2026-10-09T18:44:39Z
69,ML-KEM-768+ML-DSA-65,post-quantum,3,wrap_flow,0.1466,0.0,0.0,0.0,0,0,1088,3309,256,4735,4479,1749.61,2.1995,nan,edge/x86_64,unknown,3.12.3,2026-10-09T18:44:39Z
70,ML-KEM-768+ML-DSA-65,post-quantum,3,wrap_flow,0.1746,0.0,0.0,0.0,0,0,1088,3309,256,4735,4479,1749.61,2.6191,nan,edge/x86_64,unknown,3.12.3,2026-10-09T18:44:39Z
71,ML-KEM-768+ML-DSA-65,post-quantum,3,wrap_flow,0.2512,0.0,0.0,0.0,0,0,1088,3309,256,4735,4479,1749.61,3.7683,nan,edge/x86_64,unknown,3.12.3,2026-10-09T18:44:39Z
72,ML-KEM-768+ML-DSA-65,post-quantum,3,wrap_flow,0.2834,0.0,0.0,0.0,0,0,1088,3309,256,4735,4479,1749.61,4.2512,nan,edge/x86_64,unknown,3.12.3,2026-10-09T18:44:39Z
73,ML-KEM-768+ML-DSA-65,post-quantum,3,wrap_flow,0.1141,0.0,0.0,0.0,0,0,1088,3309,256,4735,4479,1749.61,1.7121,nan,edge/x86_64,unknown,3.12.3,2026-10-09T18:44:39Z
74,ML-KEM-768+ML-DSA-65,post-quantum,3,wrap_flow,0.1688,0.0,0.0,0.0,0,0,1088,3309,256,4735,4479,1749.61,2.5318,nan,edge/x86_64,unknown,3.12.3,2026-10-09T18:44:39Z
75,ML-KEM-768+ML-DSA-65,post-quantum,3,wrap_flow,0.121,0.0,0.0,0.0,0,0,1088,3309,256,4735,4479,1749.61,1.8145,nan,edge/x86_64,unknown,3.12.3,2026-10-09T18:44:39Z
76,ML-KEM-768+ML-DSA-65,post-quantum,3,wrap_flow,0.1495,0.0,0.0,0.0,0,0,1088,3309,256,4735,4479,1749.61,2.2422,nan,edge/x86_64,unknown,3.12.3,2026-10-09T18:44:39Z
77,ML-KEM-768+ML-DSA-65,post-quantum,3,wrap_flow,0.1667,0.0,0.0,0.0,0,0,1088,3309,256,4735,4479,1749.61,2.4999,nan,edge/x86_64,unknown,3.12.3,2026-10-09T18:44:39Z
78,ML-KEM-768+ML-DSA-65,post-quantum,3,wrap_flow,0.2422,0.0,0.0,0.0,0,0,1088,3309,256,4735,4479,1749.61,3.6335,nan,edge/x86_64,unknown,3.12.3,2026-10-09T18:44:39Z
79,ML-KEM-768+ML-DSA-65,post-quantum,3,wrap_flow,0.1248,0.0,0.0,0.0,0,0,1088,3309,256,4735,4479,1749.61,1.8724,nan,edge/x86_64,unknown,3.12.3,2026-10-09T18:44:39Z
80,ML-KEM-768+ML-DSA-65,post-quantum,3,wrap_flow,0.2597,0.0,0.0,0.0,0,0,1088,3309,256,4735,4479,1749.61,3.8961,nan,edge/x86_64,unknown,3.12.3,2026-10-09T18:44:39Z
81,ML-KEM-768+ML-DSA-65,post-quantum,3,wrap_flow,0.3048,0.0,0.0,0.0,0,0,1088,3309,256,4735,4479,1749.61,4.5722,nan,edge/x86_64,unknown,3.12.3,2026-10-09T18:44:39Z
82,ML-KEM-768+ML-DSA-65,post-quantum,3,wrap_flow,0.1531,0.0,0.0,0.0,0,0,1088,3309,256,4735,4479,1749.61,2.2965,nan,edge/x86_64,unknown,3.12.3,2026-10-09T18:44:39Z
83,ML-KEM-768+ML-DSA-65,post-quantum,3,wrap_flow,0.1575,0.0,0.0,0.0,0,0,1088,3309,256,4735,4479,1749.61,2.363,nan,edge/x86_64,unknown,3.12.3,2026-10-09T18:44:39Z
84,ML-KEM-768+ML-DSA-65,post-quantum,3,wrap_flow,0.1227,0.0,0.0,0.0,0,0,1088,3309,256,4735,4479,1749.61,1.8406,nan,edge/x86_64,unknown,3.12.3,2026-10-09T18:44:39Z
85,ML-KEM-768+ML-DSA-65,post-quantum,3,wrap_flow,0.1842,0.0,0.0,0.0,0,0,1088,3309,256,4735,4479,1749.61,2.7635,nan,edge/x86_64,unknown,3.12.3,2026-10-09T18:44:39Z
86,ML-KEM-768+ML-DSA-65,post-quantum,3,wrap_flow,0.1736,0.0,0.0,0.0,0,0,1088,3309,256,4735,4479,1749.61,2.6041,nan,edge/x86_64,unknown,3.12.3,2026-10-09T18:44:39Z
87,ML-KEM-768+ML-DSA-65,post-quantum,3,wrap_flow,0.1455,0.0,0.0,0.0,0,0,1088,3309,256,4735,4479,1749.61,2.1824,nan,edge/x86_64,unknown,3.12.3,2026-10-09T18:44:39Z
88,ML-KEM-768+ML-DSA-65,post-quantum,3,wrap_flow,0.1316,0.0,0.0,0.0,0,0,1088,3309,256,4735,4479,1749.61,1.9743,nan,edge/x86_64,unknown,3.12.3,2026-10-09T18:44:39Z
89,ML-KEM-768+ML-DSA-65,post-quantum,3,wrap_flow,0.1264,0.0,0.0,0.0,0,0,1088,3309,256,4735,4479,1749.61,1.8953,nan,edge/x86_64,unknown,3.12.3,2026-10-09T18:44:39Z
90,ML-KEM-768+ML-DSA-65,post-quantum,3,wrap_flow,0.1262,0.0,0.0,0.0,0,0,1088,3309,256,4735,4479,1749.61,1.8928,nan,edge/x86_64,unknown,3.12.3,2026-10-09T18:44:39Z
91,ML-KEM-768+ML-DSA-65,post-quantum,3,wrap_flow,0.2935,0.0,0.0,0.0,0,0,1088,3309,256,4735,4479,1749.61,4.4027,nan,edge/x86_64,unknown,3.12.3,2026-10-09T18:44:39Z
92,ML-KEM-768+ML-DSA-65,post-quantum,3,wrap_flow,0.173,0.0,0.0,0.0,0,0,1088,3309,256,4735,4479,1749.61,2.5943,nan,edge/x86_64,unknown,3.12.3,2026-10-09T18:44:39Z
93,ML-KEM-768+ML-DSA-65,post-quantum,3,wrap_flow,0.1805,0.0,0.0,0.0,0,0,1088,3309,256,4735,4479,1749.61,2.707,nan,edge/x86_64,unknown,3.12.3,2026-10-09T18:44:39Z
94,ML-KEM-768+ML-DSA-65,post-quantum,3,wrap_flow,0.1645,0.0,0.0,0.0,0,0,1088,3309,256,4735,4479,1749.61,2.4679,nan,edge/x86_64,unknown,3.12.3,2026-10-09T18:44:39Z
95,ML-KEM-768+ML-DSA-65,post-quantum,3,wrap_flow,0.1596,0.0,0.0,0.0,0,0,1088,3309,256,4735,4479,1749.61,2.3947,nan,edge/x86_64,unknown,3.12.3,2026-10-09T18:44:39Z
96,ML-KEM-768+ML-DSA-65,post-quantum,3,wrap_flow,0.2656,0.0,0.0,0.0,0,0,1088,3309,256,4735,4479,1749.61,3.9843,nan,edge/x86_64,unknown,3.12.3,2026-10-09T18:44:39Z
97,ML-KEM-768+ML-DSA-65,post-quantum,3,wrap_flow,0.1686,0.0,0.0,0.0,0,0,1088,3309,256,4735,4479,1749.61,2.5285,nan,edge/x86_64,unknown,3.12.3,2026-10-09T18:44:39Z
98,ML-KEM-768+ML-DSA-65,post-quantum,3,wrap_flow,0.1378,0.0,0.0,0.0,0,0,1088,3309,256,4735,4479,1749.61,2.0666,nan,edge/x86_64,unknown,3.12.3,2026-10-09T18:44:39Z
99,ML-KEM-768+ML-DSA-65,post-quantum,3,wrap_flow,0.1962,0.0,0.0,0.0,0,0,1088,3309,256,4735,4479,1749.61,2.9437,nan,edge/x86_64,unknown,3.12.3,2026-10-09T18:44:39Z
100,ML-KEM-768+ML-DSA-65,post-quantum,3,wrap_flow,0.119,0.0,0.0,0.0,0,0,1088,3309,256,4735,4479,1749.61,1.7846,nan,edge/x86_64,unknown,3.12.3,2026-10-09T18:44:39Z
101,ML-KEM-768+ML-DSA-65,post-quantum,3,wrap_flow,0.1376,0.0,0.0,0.0,0,0,1088,3309,256,4735,4479,1749.61,2.0644,nan,edge/x86_64,unknown,3.12.3,2026-10-09T18:44:39Z
102,ML-KEM-768+ML-DSA-65,post-quantum,3,wrap_flow,0.161,0.0,0.0,0.0,0,0,1088,3309,256,4735,4479,1749.61,2.4147,nan,edge/x86_64,unknown,3.12.3,2026-10-09T18:44:39Z
103,ML-KEM-768+ML-DSA-65,post-quantum,3,wrap_flow,0.2284,0.0,0.0,0.0,0,0,1088,3309,256,4735,4479,1749.61,3.426,nan,edge/x86_64,unknown,3.12.3,2026-10-09T18:44:39Z
104,ML-KEM-768+ML-DSA-65,post-quantum,3,wrap_flow,0.1752,0.0,0.0,0.0,0,0,1088,3309,256,4735,4479,1749.61,2.6278,nan,edge/x86_64,unknown,3.12.3,2026-10-09T18:44:39Z
105,ML-KEM-768+ML-DSA-65,post-quantum,3,wrap_flow,0.1196,0.0,0.0,0.0,0,0,1088,3309,256,4735,4479,1749.61,1.7933,nan,edge/x86_64,unknown,3.12.3,2026-10-09T18:44:39Z
106,ML-KEM-768+ML-DSA-65,post-quantum,3,wrap_flow,0.157,0.0,0.0,0.0,0,0,1088,3309,256,4735,4479,1749.61,2.3551,nan,edge/x86_64,unknown,3.12.3,2026-10-09T18:44:39Z
107,ML-KEM-768+ML-DSA-65,post-quantum,3,wrap_flow,0.1764,0.0,0.0,0.0,0,0,1088,3309,256,4735,4479,1749.61,2.6467,nan,edge/x86_64,unknown,3.12.3,2026-10-09T18:44:39Z
108,ML-KEM-768+ML-DSA-65,post-quantum,3,wrap_flow,0.1506,0.0,0.0,0.0,0,0,1088,3309,256,4735,4479,1749.61,2.2591,nan,edge/x86_64,unknown,3.12.3,2026-10-09T18:44:39Z
109,ML-KEM-768+ML-DSA-65,post-quantum,3,wrap_flow,0.1471,0.0,0.0,0.0,0,0,1088,3309,256,4735,4479,1749.61,2.207,nan,edge/x86_64,unknown,3.12.3,2026-10-09T18:44:39Z
110,ML-KEM-768+ML-DSA-65,post-quantum,3,wrap_flow,0.2052,0.0,0.0,0.0,0,0,1088,3309,256,4735,4479,1749.61,3.0784,nan,edge/x86_64,unknown,3.12.3,2026-10-09T18:44:39Z
111,ML-KEM-768+ML-DSA-65,post-quantum,3,wrap_flow,0.133,0.0,0.0,0.0,0,0,1088,3309,256,4735,4479,1749.61,1.9946,nan,edge/x86_64,unknown,3.12.3,2026-10-09T18:44:39Z
112,ML-KEM-768+ML-DSA-65,post-quantum,3,wrap_flow,0.127,0.0,0.0,0.0,0,0,1088,3309,256,4735,4479,1749.61,1.9049,nan,edge/x86_64,unknown,3.12.3,2026-10-09T18:44:39Z
113,ML-KEM-768+ML-DSA-65,post-quantum,3,wrap_flow,0.1122,0.0,0.0,0.0,0,0,1088,3309,256,4735,4479,1749.61,1.6836,nan,edge/x86_64,unknown,3.12.3,2026-10-09T18:44:39Z
114,ML-KEM-768+ML-DSA-65,post-quantum,3,wrap_flow,0.1995,0.0,0.0,0.0,0,0,1088,3309,256,4735,4479,1749.61,2.9926,nan,edge/x86_64,unknown,3.12.3,2026-10-09T18:44:39Z
115,ML-KEM-768+ML-DSA-65,post-quantum,3,wrap_flow,0.2016,0.0,0.0,0.0,0,0,1088,3309,256,4735,4479,1749.61,3.0239,nan,edge/x86_64,unknown,3.12.3,2026-10-09T18:44:39Z
116,ML-KEM-768+ML-DSA-65,post-quantum,3,wrap_flow,0.3212,0.0,0.0,0.0,0,0,1088,3309,256,4735,4479,1749.61,4.8178,nan,edge/x86_64,unknown,3.12.3,2026-10-09T18:44:39Z
117,ML-KEM-768+ML-DSA-65,post-quantum,3,wrap_flow,0.1169,0.0,0.0,0.0,0,0,1088,3309,256,4735,4479,1749.61,1.7528,nan,edge/x86_64,unknown,3.12.3,2026-10-09T18:44:39Z
118,ML-KEM-768+ML-DSA-65,post-quantum,3,wrap_flow,0.2632,0.0,0.0,0.0,0,0,1088,3309,256,4735,4479,1749.61,3.9476,nan,edge/x86_64,unknown,3.12.3,2026-10-09T18:44:39Z
119,ML-KEM-768+ML-DSA-65,post-quantum,3,wrap_flow,0.2126,0.0,0.0,0.0,0,0,1088,3309,256,4735,4479,1749.61,3.1896,nan,edge/x86_64,unknown,3.12.3,2026-10-09T18:44:39Z
120,ML-KEM-768+ML-DSA-65,post-quantum,3,wrap_flow,0.1226,0.0,0.0,0.0,0,0,1088,3309,256,4735,4479,1749.61,1.8386,nan,edge/x86_64,unknown,3.12.3,2026-10-09T18:44:39Z
121,ML-KEM-768+ML-DSA-65,post-quantum,3,wrap_flow,0.2489,0.0,0.0,0.0,0,0,1088,3309,256,4735,4479,1749.61,3.733,nan,edge/x86_64,unknown,3.12.3,2026-10-09T18:44:39Z
122,ML-KEM-768+ML-DSA-65,post-quantum,3,wrap_flow,0.1288,0.0,0.0,0.0,0,0,1088,3309,256,4735,4479,1749.61,1.9315,nan,edge/x86_64,unknown,3.12.3,2026-10-09T18:44:39Z
123,ML-KEM-768+ML-DSA-65,post-quantum,3,wrap_flow,0.1316,0.0,0.0,0.0,0,0,1088,3309,256,4735,4479,1749.61,1.9735,nan,edge/x86_64,unknown,3.12.3,2026-10-09T18:44:39Z
124,ML-KEM-768+ML-DSA-65,post-quantum,3,wrap_flow,0.1382,0.0,0.0,0.0,0,0,1088,3309,256,4735,4479,1749.61,2.0724,nan,edge/x86_64,unknown,3.12.3,2026-10-09T18:44:39Z
125,ML-KEM-768+ML-DSA-65,post-quantum,3,wrap_flow,0.114,0.0,0.0,0.0,0,0,1088,3309,256,4735,4479,1749.61,1.7104,nan,edge/x86_64,unknown,3.12.3,2026-10-09T18:44:39Z
126,ML-KEM-768+ML-DSA-65,post-quantum,3,wrap_flow,0.1123,0.0,0.0,0.0,0,0,1088,3309,256,4735,4479,1749.61,1.684,nan,edge/x86_64,unknown,3.12.3,2026-10-09T18:44:39Z
127,ML-KEM-768+ML-DSA-65,post-quantum,3,wrap_flow,0.1502,0.0,0.0,0.0,0,0,1088,3309,256,4735,4479,1749.61,2.2529,nan,edge/x86_64,unknown,3.12.3,2026-10-09T18:44:39Z
128,ML-KEM-768+ML-DSA-65,post-quantum,3,wrap_flow,0.1646,0.0,0.0,0.0,0,0,1088,3309,256,4735,4479,1749.61,2.4686,nan,edge/x86_64,unknown,3.12.3,2026-10-09T18:44:39Z
129,ML-KEM-768+ML-DSA-65,post-quantum,3,wrap_flow,0.1184,0.0,0.0,0.0,0,0,1088,3309,256,4735,4479,1749.61,1.7765,nan,edge/x86_64,unknown,3.12.3,2026-10-09T18:44:39Z
130,ML-KEM-768+ML-DSA-65,post-quantum,3,wrap_flow,0.135,0.0,0.0,0.0,0,0,1088,3309,256,4735,4479,1749.61,2.0249,nan,edge/x86_64,unknown,3.12.3,2026-10-09T18:44:39Z
131,ML-KEM-768+ML-DSA-65,post-quantum,3,wrap_flow,0.1884,0.0,0.0,0.0,0,0,1088,3309,256,4735,4479,1749.61,2.8263,nan,edge/x86_64,unknown,3.12.3,2026-10-09T18:44:39Z
132,ML-KEM-768+ML-DSA-65,post-quantum,3,wrap_flow,0.2732,0.0,0.0,0.0,0,0,1088,3309,256,4735,4479,1749.61,4.0978,nan,edge/x86_64,unknown,3.12.3,2026-10-09T18:44:39Z
133,ML-KEM-768+ML-DSA-65,post-quantum,3,wrap_flow,0.1438,0.0,0.0,0.0,0,0,1088,3309,256,4735,4479,1749.61,2.1571,nan,edge/x86_64,unknown,3.12.3,2026-10-09T18:44:39Z
134,ML-KEM-768+ML-DSA-65,post-quantum,3,wrap_flow,0.1749,0.0,0.0,0.0,0,0,1088,3309,256,4735,4479,1749.61,2.6241,nan,edge/x86_64,unknown,3.12.3,2026-10-09T18:44:39Z
135,ML-KEM-768+ML-DSA-65,post-quantum,3,wrap_flow,0.1133,0.0,0.0,0.0,0,0,1088,3309,256,4735,4479,1749.61,1.7,nan,edge/x86_64,unknown,3.12.3,2026-10-09T18:44:39Z
136,ML-KEM-768+ML-DSA-65,post-quantum,3,wrap_flow,0.1384,0.0,0.0,0.0,0,0,1088,3309,256,4735,4479,1749.61,2.0766,nan,edge/x86_64,unknown,3.12.3,2026-10-09T18:44:39Z
137,ML-KEM-768+ML-DSA-65,post-quantum,3,wrap_flow,0.2554,0.0,0.0,0.0,0,0,1088,3309,256,4735,4479,1749.61,3.8308,nan,edge/x86_64,unknown,3.12.3,2026-10-09T18:44:39Z
138,ML-KEM-768+ML-DSA-65,post-quantum,3,wrap_flow,0.1471,0.0,0.0,0.0,0,0,1088,3309,256,4735,4479,1749.61,2.2062,nan,edge/x86_64,unknown,3.12.3,2026-10-09T18:44:39Z
139,ML-KEM-768+ML-DSA-65,post-quantum,3,wrap_flow,0.1494,0.0,0.0,0.0,0,0,1088,3309,256,4735,4479,1749.61,2.2406,nan,edge/x86_64,unknown,3.12.3,2026-10-09T18:44:39Z
140,ML-KEM-768+ML-DSA-65,post-quantum,3,wrap_flow,0.1619,0.0,0.0,0.0,0,0,1088,3309,256,4735,4479,1749.61,2.4282,nan,edge/x86_64,unknown,3.12.3,2026-10-09T18:44:39Z
141,ML-KEM-768+ML-DSA-65,post-quantum,3,wrap_flow,0.1685,0.0,0.0,0.0,0,0,1088,3309,256,4735,4479,1749.61,2.5275,nan,edge/x86_64,unknown,3.12.3,2026-10-09T18:44:39Z
142,ML-KEM-768+ML-DSA-65,post-quantum,3,wrap_flow,0.1592,0.0,0.0,0.0,0,0,1088,3309,256,4735,4479,1749.61,2.3881,nan,edge/x86_64,unknown,3.12.3,2026-10-09T18:44:39Z
143,ML-KEM-768+ML-DSA-65,post-quantum,3,wrap_flow,0.2893,0.0,0.0,0.0,0,0,1088,3309,256,4735,4479,1749.61,4.3392,nan,edge/x86_64,unknown,3.12.3,2026-10-09T18:44:39Z
144,ML-KEM-768+ML-DSA-65,post-quantum,3,wrap_flow,0.1972,0.0,0.0,0.0,0,0,1088,3309,256,4735,4479,1749.61,2.9576,nan,edge/x86_64,unknown,3.12.3,2026-10-09T18:44:39Z
145,ML-KEM-768+ML-DSA-65,post-quantum,3,wrap_flow,0.1181,0.0,0.0,0.0,0,0,1088,3309,256,4735,4479,1749.61,1.7721,nan,edge/x86_64,unknown,3.12.3,2026-10-09T18:44:39Z
146,ML-KEM-768+ML-DSA-65,post-quantum,3,wrap_flow,0.1628,0.0,0.0,0.0,0,0,1088,3309,256,4735,4479,1749.61,2.4427,nan,edge/x86_64,unknown,3.12.3,2026-10-09T18:44:39Z
147,ML-KEM-768+ML-DSA-65,post-quantum,3,wrap_flow,0.1432,0.0,0.0,0.0,0,0,1088,3309,256,4735,4479,1749.61,2.1473,nan,edge/x86_64,unknown,3.12.3,2026-10-09T18:44:39Z
148,ML-KEM-768+ML-DSA-65,post-quantum,3,wrap_flow,0.1926,0.0,0.0,0.0,0,0,1088,3309,256,4735,4479,1749.61,2.8885,nan,edge/x86_64,unknown,3.12.3,2026-10-09T18:44:39Z
149,ML-KEM-768+ML-DSA-65,post-quantum,3,wrap_flow,0.1253,0.0,0.0,0.0,0,0,1088,3309,256,4735,4479,1749.61,1.8798,nan,edge/x86_64,unknown,3.12.3,2026-10-09T18:44:39Z
150,ML-KEM-768+ML-DSA-65,post-quantum,3,wrap_flow,0.2053,0.0,0.0,0.0,0,0,1088,3309,256,4735,4479,1749.61,3.0797,nan,edge/x86_64,unknown,3.12.3,2026-10-09T18:44:39Z
151,ML-KEM-768+ML-DSA-65,post-quantum,3,wrap_flow,0.2081,0.0,0.0,0.0,0,0,1088,3309,256,4735,4479,1749.61,3.1211,nan,edge/x86_64,unknown,3.12.3,2026-10-09T18:44:39Z
152,ML-KEM-768+ML-DSA-65,post-quantum,3,wrap_flow,0.3849,0.0,0.0,0.0,0,0,1088,3309,256,4735,4479,1749.61,5.7739,nan,edge/x86_64,unknown,3.12.3,2026-10-09T18:44:39Z
153,ML-KEM-768+ML-DSA-65,post-quantum,3,wrap_flow,0.3005,0.0,0.0,0.0,0,0,1088,3309,256,4735,4479,1749.61,4.507,nan,edge/x86_64,unknown,3.12.3,2026-10-09T18:44:39Z
154,ML-KEM-768+ML-DSA-65,post-quantum,3,wrap_flow,0.2625,0.0,0.0,0.0,0,0,1088,3309,256,4735,4479,1749.61,3.9377,nan,edge/x86_64,unknown,3.12.3,2026-10-09T18:44:39Z
155,ML-KEM-768+ML-DSA-65,post-quantum,3,wrap_flow,0.1277,0.0,0.0,0.0,0,0,1088,3309,256,4735,4479,1749.61,1.9157,nan,edge/x86_64,unknown,3.12.3,2026-10-09T18:44:39Z
156,ML-KEM-768+ML-DSA-65,post-quantum,3,wrap_flow,0.1279,0.0,0.0,0.0,0,0,1088,3309,256,4735,4479,1749.61,1.9181,nan,edge/x86_64,unknown,3.12.3,2026-10-09T18:44:39Z
157,ML-KEM-768+ML-DSA-65,post-quantum,3,wrap_flow,0.1597,0.0,0.0,0.0,0,0,1088,3309,256,4735,4479,1749.61,2.3958,nan,edge/x86_64,unknown,3.12.3,2026-10-09T18:44:39Z
158,ML-KEM-768+ML-DSA-65,post-quantum,3,wrap_flow,0.1193,0.0,0.0,0.0,0,0,1088,3309,256,4735,4479,1749.61,1.7898,nan,edge/x86_64,unknown,3.12.3,2026-10-09T18:44:39Z
159,ML-KEM-768+ML-DSA-65,post-quantum,3,wrap_flow,0.6501,0.0,0.0,0.0,0,0,1088,3309,256,4735,4479,1749.61,9.7512,nan,edge/x86_64,unknown,3.12.3,2026-10-09T18:44:39Z
160,ML-KEM-768+ML-DSA-65,post-quantum,3,wrap_flow,0.2056,0.0,0.0,0.0,0,0,1088,3309,256,4735,4479,1749.61,3.0847,nan,edge/x86_64,unknown,3.12.3,2026-10-09T18:44:39Z
161,ML-KEM-768+ML-DSA-65,post-quantum,3,wrap_flow,0.2183,0.0,0.0,0.0,0,0,1088,3309,256,4735,4479,1749.61,3.2749,nan,edge/x86_64,unknown,3.12.3,2026-10-09T18:44:39Z
162,ML-KEM-768+ML-DSA-65,post-quantum,3,wrap_flow,0.3949,0.0,0.0,0.0,0,0,1088,3309,256,4735,4479,1749.61,5.9242,nan,edge/x86_64,unknown,3.12.3,2026-10-09T18:44:39Z
163,ML-KEM-768+ML-DSA-65,post-quantum,3,wrap_flow,0.2079,0.0,0.0,0.0,0,0,1088,3309,256,4735,4479,1749.61,3.118,nan,edge/x86_64,unknown,3.12.3,2026-10-09T18:44:39Z
164,ML-KEM-768+ML-DSA-65,post-quantum,3,wrap_flow,0.2426,0.0,0.0,0.0,0,0,1088,3309,256,4735,4479,1749.61,3.6392,nan,edge/x86_64,unknown,3.12.3,2026-10-09T18:44:39Z
165,ML-KEM-768+ML-DSA-65,post-quantum,3,wrap_flow,0.2703,0.0,0.0,0.0,0,0,1088,3309,256,4735,4479,1749.61,4.0546,nan,edge/x86_64,unknown,3.12.3,2026-10-09T18:44:39Z
166,ML-KEM-768+ML-DSA-65,post-quantum,3,wrap_flow,0.2772,0.0,0.0,0.0,0,0,1088,3309,256,4735,4479,1749.61,4.158,nan,edge/x86_64,unknown,3.12.3,2026-10-09T18:44:39Z
167,ML-KEM-768+ML-DSA-65,post-quantum,3,wrap_flow,0.1801,0.0,0.0,0.0,0,0,1088,3309,256,4735,4479,1749.61,2.7016,nan,edge/x86_64,unknown,3.12.3,2026-10-09T18:44:39Z
168,ML-KEM-768+ML-DSA-65,post-quantum,3,wrap_flow,0.3662,0.0,0.0,0.0,0,0,1088,3309,256,4735,4479,1749.61,5.4935,nan,edge/x86_64,unknown,3.12.3,2026-10-09T18:44:39Z
169,ML-KEM-768+ML-DSA-65,post-quantum,3,wrap_flow,0.1955,0.0,0.0,0.0,0,0,1088,3309,256,4735,4479,1749.61,2.9319,nan,edge/x86_64,unknown,3.12.3,2026-10-09T18:44:39Z
170,ML-KEM-768+ML-DSA-65,post-quantum,3,wrap_flow,0.3872,0.0,0.0,0.0,0,0,1088,3309,256,4735,4479,1749.61,5.8074,nan,edge/x86_64,unknown,3.12.3,2026-10-09T18:44:39Z
171,ML-KEM-768+ML-DSA-65,post-quantum,3,wrap_flow,0.4046,0.0,0.0,0.0,0,0,1088,3309,256,4735,4479,1749.61,6.0688,nan,edge/x86_64,unknown,3.12.3,2026-10-09T18:44:39Z
172,ML-KEM-768+ML-DSA-65,post-quantum,3,wrap_flow,0.3619,0.0,0.0,0.0,0,0,1088,3309,256,4735,4479,1749.61,5.4285,nan,edge/x86_64,unknown,3.12.3,2026-10-09T18:44:39Z
173,ML-KEM-768+ML-DSA-65,post-quantum,3,wrap_flow,0.3379,0.0,0.0,0.0,0,0,1088,3309,256,4735,4479,1749.61,5.0682,nan,edge/x86_64,unknown,3.12.3,2026-10-09T18:44:39Z
174,ML-KEM-768+ML-DSA-65,post-quantum,3,wrap_flow,0.5475,0.0,0.0,0.0,0,0,1088,3309,256,4735,4479,1749.61,8.2132,nan,edge/x86_64,unknown,3.12.3,2026-10-09T18:44:39Z
175,ML-KEM-768+ML-DSA-65,post-quantum,3,wrap_flow,0.264,0.0,0.0,0.0,0,0,1088,3309,256,4735,4479,1749.61,3.9606,nan,edge/x86_64,unknown,3.12.3,2026-10-09T18:44:39Z
176,ML-KEM-768+ML-DSA-65,post-quantum,3,wrap_flow,0.3415,0.0,0.0,0.0,0,0,1088,3309,256,4735,4479,1749.61,5.1221,nan,edge/x86_64,unknown,3.12.3,2026-10-09T18:44:39Z
177,ML-KEM-768+ML-DSA-65,post-quantum,3,wrap_flow,0.2649,0.0,0.0,0.0,0,0,1088,3309,256,4735,4479,1749.61,3.9741,nan,edge/x86_64,unknown,3.12.3,2026-10-09T18:44:39Z
178,ML-KEM-768+ML-DSA-65,post-quantum,3,wrap_flow,0.1873,0.0,0.0,0.0,0,0,1088,3309,256,4735,4479,1749.61,2.8089,nan,edge/x86_64,unknown,3.12.3,2026-10-09T18:44:39Z
179,ML-KEM-768+ML-DSA-65,post-quantum,3,wrap_flow,0.2239,0.0,0.0,0.0,0,0,1088,3309,256,4735,4479,1749.61,3.359,nan,edge/x86_64,unknown,3.12.3,2026-10-09T18:44:39Z
180,ML-KEM-768+ML-DSA-65,post-quantum,3,wrap_flow,0.2469,0.0,0.0,0.0,0,0,1088,3309,256,4735,4479,1749.61,3.7031,nan,edge/x86_64,unknown,3.12.3,2026-10-09T18:44:39Z
181,ML-KEM-768+ML-DSA-65,post-quantum,3,wrap_flow,0.4367,0.0,0.0,0.0,0,0,1088,3309,256,4735,4479,1749.61,6.5499,nan,edge/x86_64,unknown,3.12.3,2026-10-09T18:44:39Z
182,ML-KEM-768+ML-DSA-65,post-quantum,3,wrap_flow,0.2698,0.0,0.0,0.0,0,0,1088,3309,256,4735,4479,1749.61,4.0474,nan,edge/x86_64,unknown,3.12.3,2026-10-09T18:44:39Z
183,ML-KEM-768+ML-DSA-65,post-quantum,3,wrap_flow,0.3745,0.0,0.0,0.0,0,0,1088,3309,256,4735,4479,1749.61,5.6174,nan,edge/x86_64,unknown,3.12.3,2026-10-09T18:44:39Z
184,ML-KEM-768+ML-DSA-65,post-quantum,3,wrap_flow,0.3122,0.0,0.0,0.0,0,0,1088,3309,256,4735,4479,1749.61,4.6828,nan,edge/x86_64,unknown,3.12.3,2026-10-09T18:44:39Z
185,ML-KEM-768+ML-DSA-65,post-quantum,3,wrap_flow,0.2293,0.0,0.0,0.0,0,0,1088,3309,256,4735,4479,1749.61,3.439,nan,edge/x86_64,unknown,3.12.3,2026-10-09T18:44:39Z
186,ML-KEM-768+ML-DSA-65,post-quantum,3,wrap_flow,0.29,0.0,0.0,0.0,0,0,1088,3309,256,4735,4479,1749.61,4.3497,nan,edge/x86_64,unknown,3.12.3,2026-10-09T18:44:39Z
187,ML-KEM-768+ML-DSA-65,post-quantum,3,wrap_flow,0.2447,0.0,0.0,0.0,0,0,1088,3309,256,4735,4479,1749.61,3.6705,nan,edge/x86_64,unknown,3.12.3,2026-10-09T18:44:39Z
188,ML-KEM-768+ML-DSA-65,post-quantum,3,wrap_flow,0.4387,0.0,0.0,0.0,0,0,1088,3309,256,4735,4479,1749.61,6.5799,nan,edge/x86_64,unknown,3.12.3,2026-10-09T18:44:39Z
189,ML-KEM-768+ML-DSA-65,post-quantum,3,wrap_flow,0.3136,0.0,0.0,0.0,0,0,1088,3309,256,4735,4479,1749.61,4.7034,nan,edge/x86_64,unknown,3.12.3,2026-10-09T18:44:39Z
190,ML-KEM-768+ML-DSA-65,post-quantum,3,wrap_flow,0.2442,0.0,0.0,0.0,0,0,1088,3309,256,4735,4479,1749.61,3.6629,nan,edge/x86_64,unknown,3.12.3,2026-10-09T18:44:39Z
191,ML-KEM-768+ML-DSA-65,post-quantum,3,wrap_flow,0.2137,0.0,0.0,0.0,0,0,1088,3309,256,4735,4479,1749.61,3.2059,nan,edge/x86_64,unknown,3.12.3,2026-10-09T18:44:39Z
192,ML-KEM-768+ML-DSA-65,post-quantum,3,wrap_flow,0.2345,0.0,0.0,0.0,0,0,1088,3309,256,4735,4479,1749.61,3.5168,nan,edge/x86_64,unknown,3.12.3,2026-10-09T18:44:39Z
193,ML-KEM-768+ML-DSA-65,post-quantum,3,wrap_flow,0.3723,0.0,0.0,0.0,0,0,1088,3309,256,4735,4479,1749.61,5.5847,nan,edge/x86_64,unknown,3.12.3,2026-10-09T18:44:39Z
194,ML-KEM-768+ML-DSA-65,post-quantum,3,wrap_flow,0.2151,0.0,0.0,0.0,0,0,1088,3309,256,4735,4479,1749.61,3.2259,nan,edge/x86_64,unknown,3.12.3,2026-10-09T18:44:39Z
195,ML-KEM-768+ML-DSA-65,post-quantum,3,wrap_flow,0.2316,0.0,0.0,0.0,0,0,1088,3309,256,4735,4479,1749.61,3.4741,nan,edge/x86_64,unknown,3.12.3,2026-10-09T18:44:39Z
196,ML-KEM-768+ML-DSA-65,post-quantum,3,wrap_flow,0.3026,0.0,0.0,0.0,0,0,1088,3309,256,4735,4479,1749.61,4.5389,nan,edge/x86_64,unknown,3.12.3,2026-10-09T18:44:39Z
197,ML-KEM-768+ML-DSA-65,post-quantum,3,wrap_flow,0.4128,0.0,0.0,0.0,0,0,1088,3309,256,4735,4479,1749.61,6.1913,nan,edge/x86_64,unknown,3.12.3,2026-10-09T18:44:39Z
198,ML-KEM-768+ML-DSA-65,post-quantum,3,wrap_flow,0.2439,0.0,0.0,0.0,0,0,1088,3309,256,4735,4479,1749.61,3.6582,nan,edge/x86_64,unknown,3.12.3,2026-10-09T18:44:39Z
199,ML-KEM-768+ML-DSA-65,post-quantum,3,wrap_flow,0.2698,0.0,0.0,0.0,0,0,1088,3309,256,4735,4479,1749.61,4.0463,nan,edge/x86_64,unknown,3.12.3,2026-10-09T18:44:39Z
0,ML-KEM-768+ML-DSA-65,post-quantum,3,wrap_flow,0.2988,0.0,0.0,0.0,0,0,1088,3309,512,4991,4479,874.8,4.4813,nan,edge/x86_64,unknown,3.12.3,2026-10-09T18:44:39Z
1,ML-KEM-768+ML-DSA-65,post-quantum,3,wrap_flow,0.2583,0.0,0.0,0.0,0,0,1088,3309,512,4991,4479,874.8,3.8752,nan,edge/x86_64,unknown,3.12.3,2026-10-09T18:44:39Z
2,ML-KEM-768+ML-DSA-65,post-quantum,3,wrap_flow,0.1992,0.0,0.0,0.0,0,0,1088,3309,512,4991,4479,874.8,2.9884,nan,edge/x86_64,unknown,3.12.3,2026-10-09T18:44:39Z
3,ML-KEM-768+ML-DSA-65,post-quantum,3,wrap_flow,0.2205,0.0,0.0,0.0,0,0,1088,3309,512,4991,4479,874.8,3.3075,nan,edge/x86_64,unknown,3.12.3,2026-10-09T18:44:39Z
4,ML-KEM-768+ML-DSA-65,post-quantum,3,wrap_flow,0.3135,0.0,0.0,0.0,0,0,1088,3309,512,4991,4479,874.8,4.7021,nan,edge/x86_64,unknown,3.12.3,2026-10-09T18:44:39Z
5,ML-KEM-768+ML-DSA-65,post-quantum,3,wrap_flow,0.1926,0.0,0.0,0.0,0,0,1088,3309,512,4991,4479,874.8,2.8887,nan,edge/x86_64,unknown,3.12.3,2026-10-09T18:44:39Z
6,ML-KEM-768+ML-DSA-65,post-quantum,3,wrap_flow,0.2236,0.0,0.0,0.0,0,0,1088,3309,512,4991,4479,874.8,3.3542,nan,edge/x86_64,unknown,3.12.3,2026-10-09T18:44:39Z
7,ML-KEM-768+ML-DSA-65,post-quantum,3,wrap_flow,0.2434,0.0,0.0,0.0,0,0,1088,3309,512,4991,4479,874.8,3.6509,nan,edge/x86_64,unknown,3.12.3,2026-10-09T18:44:39Z
8,ML-KEM-768+ML-DSA-65,post-quantum,3,wrap_flow,0.2639,0.0,0.0,0.0,0,0,1088,3309,512,4991,4479,874.8,3.9591,nan,edge/x86_64,unknown,3.12.3,2026-10-09T18:44:39Z
9,ML-KEM-768+ML-DSA-65,post-quantum,3,wrap_flow,0.2055,0.0,0.0,0.0,0,0,1088,3309,512,4991,4479,874.8,3.0824,nan,edge/x86_64,unknown,3.12.3,2026-10-09T18:44:39Z
10,ML-KEM-768+ML-DSA-65,post-quantum,3,wrap_flow,0.2885,0.0,0.0,0.0,0,0,1088,3309,512,4991,4479,874.8,4.3276,nan,edge/x86_64,unknown,3.12.3,2026-10-09T18:44:39Z
11,ML-KEM-768+ML-DSA-65,post-quantum,3,wrap_flow,0.3159,0.0,0.0,0.0,0,0,1088,3309,512,4991,4479,874.8,4.7378,nan,edge/x86_64,unknown,3.12.3,2026-10-09T18:44:39Z
12,ML-KEM-768+ML-DSA-65,post-quantum,3,wrap_flow,0.2919,0.0,0.0,0.0,0,0,1088,3309,512,4991,4479,874.8,4.3782,nan,edge/x86_64,unknown,3.12.3,2026-10-09T18:44:39Z
13,ML-KEM-768+ML-DSA-65,post-quantum,3,wrap_flow,0.2819,0.0,0.0,0.0,0,0,1088,3309,512,4991,4479,874.8,4.2288,nan,edge/x86_64,unknown,3.12.3,2026-10-09T18:44:39Z
14,ML-KEM-768+ML-DSA-65,post-quantum,3,wrap_flow,0.2969,0.0,0.0,0.0,0,0,1088,3309,512,4991,4479,874.8,4.4537,nan,edge/x86_64,unknown,3.12.3,2026-10-09T18:44:39Z
15,ML-KEM-768+ML-DSA-65,post-quantum,3,wrap_flow,0.3006,0.0,0.0,0.0,0,0,1088,3309,512,4991,4479,874.8,4.509,nan,edge/x86_64,unknown,3.12.3,2026-10-09T18:44:39Z
16,ML-KEM-768+ML-DSA-65,post-quantum,3,wrap_flow,0.2417,0.0,0.0,0.0,0,0,1088,3309,512,4991,4479,874.8,3.6259,nan,edge/x86_64,unknown,3.12.3,2026-10-09T18:44:39Z
17,ML-KEM-768+ML-DSA-65,post-quantum,3,wrap_flow,0.2523,0.0,0.0,0.0,0,0,1088,3309,512,4991,4479,874.8,3.7841,nan,edge/x86_64,unknown,3.12.3,2026-10-09T18:44:39Z
18,ML-KEM-768+ML-DSA-65,post-quantum,3,wrap_flow,0.2487,0.0,0.0,0.0,0,0,1088,3309,512,4991,4479,874.8,3.7302,nan,edge/x86_64,unknown,3.12.3,2026-10-09T18:44:39Z
19,ML-KEM-768+ML-DSA-65,post-quantum,3,wrap_flow,0.2574,0.0,0.0,0.0,0,0,1088,3309,512,4991,4479,874.8,3.8609,nan,edge/x86_64,unknown,3.12.3,2026-10-09T18:44:39Z
20,ML-KEM-768+ML-DSA-65,post-quantum,3,wrap_flow,0.2314,0.0,0.0,0.0,0,0,1088,3309,512,4991,4479,874.8,3.4704,nan,edge/x86_64,unknown,3.12.3,2026-10-09T18:44:39Z
21,ML-KEM-768+ML-DSA-65,post-quantum,3,wrap_flow,0.2491,0.0,0.0,0.0,0,0,1088,3309,512,4991,4479,874.8,3.7366,nan,edge/x86_64,unknown,3.12.3,2026-10-09T18:44:39Z
22,ML-KEM-768+ML-DSA-65,post-quantum,3,wrap_flow,0.3822,0.0,0.0,0.0,0,0,1088,3309,512,4991,4479,874.8,5.7337,nan,edge/x86_64,unknown,3.12.3,2026-10-09T18:44:39Z
23,ML-KEM-768+ML-DSA-65,post-quantum,3,wrap_flow,0.1893,0.0,0.0,0.0,0,0,1088,3309,512,4991,4479,874.8,2.8388,nan,edge/x86_64,unknown,3.12.3,2026-10-09T18:44:39Z
24,ML-KEM-768+ML-DSA-65,post-quantum,3,wrap_flow,0.2269,0.0,0.0,0.0,0,0,1088,3309,512,4991,4479,874.8,3.4041,nan,edge/x86_64,unknown,3.12.3,2026-10-09T18:44:39Z
25,ML-KEM-768+ML-DSA-65,post-quantum,3,wrap_flow,0.2202,0.0,0.0,0.0,0,0,1088,3309,512,4991,4479,874.8,3.3028,nan,edge/x86_64,unknown,3.12.3,2026-10-09T18:44:39Z
26,ML-KEM-768+ML-DSA-65,post-quantum,3,wrap_flow,0.4189,0.0,0.0,0.0,0,0,1088,3309,512,4991,4479,874.8,6.2831,nan,edge/x86_64,unknown,3.12.3,2026-10-09T18:44:39Z
27,ML-KEM-768+ML-DSA-65,post-quantum,3,wrap_flow,0.324,0.0,0.0,0.0,0,0,1088,3309,512,4991,4479,874.8,4.8601,nan,edge/x86_64,unknown,3.12.3,2026-10-09T18:44:39Z
28,ML-KEM-768+ML-DSA-65,post-quantum,3,wrap_flow,0.1827,0.0,0.0,0.0,0,0,1088,3309,512,4991,4479,874.8,2.7408,nan,edge/x86_64,unknown,3.12.3,2026-10-09T18:44:39Z
29,ML-KEM-768+ML-DSA-65,post-quantum,3,wrap_flow,0.2235,0.0,0.0,0.0,0,0,1088,3309,512,4991,4479,874.8,3.3526,nan,edge/x86_64,unknown,3.12.3,2026-10-09T18:44:39Z
30,ML-KEM-768+ML-DSA-65,post-quantum,3,wrap_flow,0.2138,0.0,0.0,0.0,0,0,1088,3309,512,4991,4479,874.8,3.2066,nan,edge/x86_64,unknown,3.12.3,2026-10-09T18:44:39Z
31,ML-KEM-768+ML-DSA-65,post-quantum,3,wrap_flow,0.3154,0.0,0.0,0.0,0,0,1088,3309,512,4991,4479,874.8,4.7307,nan,edge/x86_64,unknown,3.12.3,2026-10-09T18:44:39Z
32,ML-KEM-768+ML-DSA-65,post-quantum,3,wrap_flow,0.4959,0.0,0.0,0.0,0,0,1088,3309,512,4991,4479,874.8,7.4383,nan,edge/x86_64,unknown,3.12.3,2026-10-09T18:44:39Z
33,ML-KEM-768+ML-DSA-65,post-quantum,3,wrap_flow,0.2337,0.0,0.0,0.0,0,0,1088,3309,512,4991,4479,874.8,3.5055,nan,edge/x86_64,unknown,3.12.3,2026-10-09T18:44:39Z
34,ML-KEM-768+ML-DSA-65,post-quantum,3,wrap_flow,0.2701,0.0,0.0,0.0,0,0,1088,3309,512,4991,4479,874.8,4.051,nan,edge/x86_64,unknown,3.12.3,2026-10-09T18:44:39Z
35,ML-KEM-768+ML-DSA-65,post-quantum,3,wrap_flow,0.2005,0.0,0.0,0.0,0,0,1088,3309,512,4991,4479,874.8,3.0075,nan,edge/x86_64,unknown,3.12.3,2026-10-09T18:44:39Z
36,ML-KEM-768+ML-DSA-65,post-quantum,3,wrap_flow,0.2082,0.0,0.0,0.0,0,0,1088,3309,512,4991,4479,874.8,3.1224,nan,edge/x86_64,unknown,3.12.3,2026-10-09T18:44:39Z
37,ML-KEM-768+ML-DSA-65,post-quantum,3,wrap_flow,0.2195,0.0,0.0,0.0,0,0,1088,3309,512,4991,4479,874.8,3.292,nan,edge/x86_64,unknown,3.12.3,2026-10-09T18:44:39Z
38,ML-KEM-768+ML-DSA-65,post-quantum,3,wrap_flow,0.2946,0.0,0.0,0.0,0,0,1088,3309,512,4991,4479,874.8,4.4194,nan,edge/x86_64,unknown,3.12.3,2026-10-09T18:44:39Z
39,ML-KEM-768+ML-DSA-65,post-quantum,3,wrap_flow,0.2151,0.0,0.0,0.0,0,0,1088,3309,512,4991,4479,874.8,3.2272,nan,edge/x86_64,unknown,3.12.3,2026-10-09T18:44:39Z
40,ML-KEM-768+ML-DSA-65,post-quantum,3,wrap_flow,0.3376,0.0,0.0,0.0,0,0,1088,3309,512,4991,4479,874.8,5.0647,nan,edge/x86_64,unknown,3.12.3,2026-10-09T18:44:39Z
41,ML-KEM-768+ML-DSA-65,post-quantum,3,wrap_flow,0.3304,0.0,0.0,0.0,0,0,1088,3309,512,4991,4479,874.8,4.9562,nan,edge/x86_64,unknown,3.12.3,2026-10-09T18:44:39Z
42,ML-KEM-768+ML-DSA-65,post-quantum,3,wrap_flow,0.3341,0.0,0.0,0.0,0,0,1088,3309,512,4991,4479,874.8,5.0118,nan,edge/x86_64,unknown,3.12.3,2026-10-09T18:44:39Z
43,ML-KEM-768+ML-DSA-65,post-quantum,3,wrap_flow,0.2592,0.0,0.0,0.0,0,0,1088,3309,512,4991,4479,874.8,3.8877,nan,edge/x86_64,unknown,3.12.3,2026-10-09T18:44:39Z
44,ML-KEM-768+ML-DSA-65,post-quantum,3,wrap_flow,0.2023,0.0,0.0,0.0,0,0,1088,3309,512,4991,4479,874.8,3.0348,nan,edge/x86_64,unknown,3.12.3,2026-10-09T18:44:39Z
45,ML-KEM-768+ML-DSA-65,post-quantum,3,wrap_flow,0.2239,0.0,0.0,0.0,0,0,1088,3309,512,4991,4479,874.8,3.3578,nan,edge/x86_64,unknown,3.12.3,2026-10-09T18:44:39Z
46,ML-KEM-768+ML-DSA-65,post-quantum,3,wrap_flow,0.5187,0.0,0.0,0.0,0,0,1088,3309,512,4991,4479,874.8,7.7809,nan,edge/x86_64,unknown,3.12.3,2026-10-09T18:44:39Z
47,ML-KEM-768+ML-DSA-65,post-quantum,3,wrap_flow,0.2238,0.0,0.0,0.0,0,0,1088,3309,512,4991,4479,874.8,3.3572,nan,edge/x86_64,unknown,3.12.3,2026-10-09T18:44:39Z
48,ML-KEM-768+ML-DSA-65,post-quantum,3,wrap_flow,0.2337,0.0,0.0,0.0,0,0,1088,3309,512,4991,4479,874.8,3.5054,nan,edge/x86_64,unknown,3.12.3,2026-10-09T18:44:39Z
49,ML-KEM-768+ML-DSA-65,post-quantum,3,wrap_flow,0.2137,0.0,0.0,0.0,0,0,1088,3309,512,4991,4479,874.8,3.2053,nan,edge/x86_64,unknown,3.12.3,2026-10-09T18:44:39Z
50,ML-KEM-768+ML-DSA-65,post-quantum,3,wrap_flow,0.3164,0.0,0.0,0.0,0,0,1088,3309,512,4991,4479,874.8,4.7467,nan,edge/x86_64,unknown,3.12.3,2026-10-09T18:44:39Z
51,ML-KEM-768+ML-DSA-65,post-quantum,3,wrap_flow,0.3213,0.0,0.0,0.0,0,0,1088,3309,512,4991,4479,874.8,4.8199,nan,edge/x86_64,unknown,3.12.3,2026-10-09T18:44:39Z
52,ML-KEM-768+ML-DSA-65,post-quantum,3,wrap_flow,0.2772,0.0,0.0,0.0,0,0,1088,3309,512,4991,4479,874.8,4.1574,nan,edge/x86_64,unknown,3.12.3,2026-10-09T18:44:39Z
53,ML-KEM-768+ML-DSA-65,post-quantum,3,wrap_flow,0.2716,0.0,0.0,0.0,0,0,1088,3309,512,4991,4479,874.8,4.0746,nan,edge/x86_64,unknown,3.12.3,2026-10-09T18:44:39Z
54,ML-KEM-768+ML-DSA-65,post-quantum,3,wrap_flow,0.1861,0.0,0.0,0.0,0,0,1088,3309,512,4991,4479,874.8,2.7912,nan,edge/x86_64,unknown,3.12.3,2026-10-09T18:44:39Z
55,ML-KEM-768+ML-DSA-65,post-quantum,3,wrap_flow,0.2788,0.0,0.0,0.0,0,0,1088,3309,512,4991,4479,874.8,4.1814,nan,edge/x86_64,unknown,3.12.3,2026-10-09T18:44:39Z
56,ML-KEM-768+ML-DSA-65,post-quantum,3,wrap_flow,0.2101,0.0,0.0,0.0,0,0,1088,3309,512,4991,4479,874.8,3.1511,nan,edge/x86_64,unknown,3.12.3,2026-10-09T18:44:39Z
57,ML-KEM-768+ML-DSA-65,post-quantum,3,wrap_flow,0.264,0.0,0.0,0.0,0,0,1088,3309,512,4991,4479,874.8,3.9602,nan,edge/x86_64,unknown,3.12.3,2026-10-09T18:44:39Z
58,ML-KEM-768+ML-DSA-65,post-quantum,3,wrap_flow,0.3081,0.0,0.0,0.0,0,0,1088,3309,512,4991,4479,874.8,4.6217,nan,edge/x86_64,unknown,3.12.3,2026-10-09T18:44:39Z
59,ML-KEM-768+ML-DSA-65,post-quantum,3,wrap_flow,0.2462,0.0,0.0,0.0,0,0,1088,3309,512,4991,4479,874.8,3.6936,nan,edge/x86_64,unknown,3.12.3,2026-10-09T18:44:39Z
60,ML-KEM-768+ML-DSA-65,post-quantum,3,wrap_flow,0.4433,0.0,0.0,0.0,0,0,1088,3309,512,4991,4479,874.8,6.6489,nan,edge/x86_64,unknown,3.12.3,2026-10-09T18:44:39Z
61,ML-KEM-768+ML-DSA-65,post-quantum,3,wrap_flow,0.2321,0.0,0.0,0.0,0,0,1088,3309,512,4991,4479,874.8,3.4819,nan,edge/x86_64,unknown,3.12.3,2026-10-09T18:44:39Z
62,ML-KEM-768+ML-DSA-65,post-quantum,3,wrap_flow,0.2125,0.0,0.0,0.0,0,0,1088,3309,512,4991,4479,874.8,3.188,nan,edge/x86_64,unknown,3.12.3,2026-10-09T18:44:39Z
63,ML-KEM-768+ML-DSA-65,post-quantum,3,wrap_flow,0.1903,0.0,0.0,0.0,0,0,1088,3309,512,4991,4479,874.8,2.8546,nan,edge/x86_64,unknown,3.12.3,2026-10-09T18:44:39Z
64,ML-KEM-768+ML-DSA-65,post-quantum,3,wrap_flow,0.3187,0.0,0.0,0.0,0,0,1088,3309,512,4991,4479,874.8,4.78,nan,edge/x86_64,unknown,3.12.3,2026-10-09T18:44:39Z
65,ML-KEM-768+ML-DSA-65,post-quantum,3,wrap_flow,0.244,0.0,0.0,0.0,0,0,1088,3309,512,4991,4479,874.8,3.6598,nan,edge/x86_64,unknown,3.12.3,2026-10-09T18:44:39Z
66,ML-KEM-768+ML-DSA-65,post-quantum,3,wrap_flow,0.3217,0.0,0.0,0.0,0,0,1088,3309,512,4991,4479,874.8,4.8256,nan,edge/x86_64,unknown,3.12.3,2026-10-09T18:44:39Z
67,ML-KEM-768+ML-DSA-65,post-quantum,3,wrap_flow,0.3671,0.0,0.0,0.0,0,0,1088,3309,512,4991,4479,874.8,5.5067,nan,edge/x86_64,unknown,3.12.3,2026-10-09T18:44:39Z
68,ML-KEM-768+ML-DSA-65,post-quantum,3,wrap_flow,0.5209,0.0,0.0,0.0,0,0,1088,3309,512,4991,4479,874.8,7.8142,nan,edge/x86_64,unknown,3.12.3,2026-10-09T18:44:39Z
69,ML-KEM-768+ML-DSA-65,post-quantum,3,wrap_flow,0.2128,0.0,0.0,0.0,0,0,1088,3309,512,4991,4479,874.8,3.1918,nan,edge/x86_64,unknown,3.12.3,2026-10-09T18:44:39Z
70,ML-KEM-768+ML-DSA-65,post-quantum,3,wrap_flow,0.2037,0.0,0.0,0.0,0,0,1088,3309,512,4991,4479,874.8,3.0549,nan,edge/x86_64,unknown,3.12.3,2026-10-09T18:44:39Z
71,ML-KEM-768+ML-DSA-65,post-quantum,3,wrap_flow,0.2316,0.0,0.0,0.0,0,0,1088,3309,512,4991,4479,874.8,3.4734,nan,edge/x86_64,unknown,3.12.3,2026-10-09T18:44:39Z
72,ML-KEM-768+ML-DSA-65,post-quantum,3,wrap_flow,0.3903,0.0,0.0,0.0,0,0,1088,3309,512,4991,4479,874.8,5.8547,nan,edge/x86_64,unknown,3.12.3,2026-10-09T18:44:39Z
73,ML-KEM-768+ML-DSA-65,post-quantum,3,wrap_flow,0.4169,0.0,0.0,0.0,0,0,1088,3309,512,4991,4479,874.8,6.2531,nan,edge/x86_64,unknown,3.12.3,2026-10-09T18:44:39Z
74,ML-KEM-768+ML-DSA-65,post-quantum,3,wrap_flow,0.2047,0.0,0.0,0.0,0,0,1088,3309,512,4991,4479,874.8,3.0709,nan,edge/x86_64,unknown,3.12.3,2026-10-09T18:44:39Z
75,ML-KEM-768+ML-DSA-65,post-quantum,3,wrap_flow,0.2231,0.0,0.0,0.0,0,0,1088,3309,512,4991,4479,874.8,3.3469,nan,edge/x86_64,unknown,3.12.3,2026-10-09T18:44:39Z
76,ML-KEM-768+ML-DSA-65,post-quantum,3,wrap_flow,0.3332,0.0,0.0,0.0,0,0,1088,3309,512,4991,4479,874.8,4.9977,nan,edge/x86_64,unknown,3.12.3,2026-10-09T18:44:39Z
77,ML-KEM-768+ML-DSA-65,post-quantum,3,wrap_flow,0.3029,0.0,0.0,0.0,0,0,1088,3309,512,4991,4479,874.8,4.5433,nan,edge/x86_64,unknown,3.12.3,2026-10-09T18:44:39Z
78,ML-KEM-768+ML-DSA-65,post-quantum,3,wrap_flow,0.2457,0.0,0.0,0.0,0,0,1088,3309,512,4991,4479,874.8,3.6851,nan,edge/x86_64,unknown,3.12.3,2026-10-09T18:44:39Z
79,ML-KEM-768+ML-DSA-65,post-quantum,3,wrap_flow,0.1807,0.0,0.0,0.0,0,0,1088,3309,512,4991,4479,874.8,2.7111,nan,edge/x86_64,unknown,3.12.3,2026-10-09T18:44:39Z
80,ML-KEM-768+ML-DSA-65,post-quantum,3,wrap_flow,0.265,0.0,0.0,0.0,0,0,1088,3309,512,4991,4479,874.8,3.9752,nan,edge/x86_64,unknown,3.12.3,2026-10-09T18:44:39Z
81,ML-KEM-768+ML-DSA-65,post-quantum,3,wrap_flow,0.4361,0.0,0.0,0.0,0,0,1088,3309,512,4991,4479,874.8,6.5416,nan,edge/x86_64,unknown,3.12.3,2026-10-09T18:44:39Z
82,ML-KEM-768+ML-DSA-65,post-quantum,3,wrap_flow,0.1904,0.0,0.0,0.0,0,0,1088,3309,512,4991,4479,874.8,2.8556,nan,edge/x86_64,unknown,3.12.3,2026-10-09T18:44:39Z
83,ML-KEM-768+ML-DSA-65,post-quantum,3,wrap_flow,0.2526,0.0,0.0,0.0,0,0,1088,3309,512,4991,4479,874.8,3.7886,nan,edge/x86_64,unknown,3.12.3,2026-10-09T18:44:39Z
84,ML-KEM-768+ML-DSA-65,post-quantum,3,wrap_flow,0.3243,0.0,0.0,0.0,0,0,1088,3309,512,4991,4479,874.8,4.8643,nan,edge/x86_64,unknown,3.12.3,2026-10-09T18:44:39Z
85,ML-KEM-768+ML-DSA-65,post-quantum,3,wrap_flow,0.4079,0.0,0.0,0.0,0,0,1088,3309,512,4991,4479,874.8,6.1179,nan,edge/x86_64,unknown,3.12.3,2026-10-09T18:44:39Z
86,ML-KEM-768+ML-DSA-65,post-quantum,3,wrap_flow,0.474,0.0,0.0,0.0,0,0,1088,3309,512,4991,4479,874.8,7.1104,nan,edge/x86_64,unknown,3.12.3,2026-10-09T18:44:39Z
87,ML-KEM-768+ML-DSA-65,post-quantum,3,wrap_flow,0.3065,0.0,0.0,0.0,0,0,1088,3309,512,4991,4479,874.8,4.5969,nan,edge/x86_64,unknown,3.12.3,2026-10-09T18:44:39Z
88,ML-KEM-768+ML-DSA-65,post-quantum,3,wrap_flow,0.2519,0.0,0.0,0.0,0,0,1088,3309,512,4991,4479,874.8,3.7786,nan,edge/x86_64,unknown,3.12.3,2026-10-09T18:44:39Z
89,ML-KEM-768+ML-DSA-65,post-quantum,3,wrap_flow,0.2096,0.0,0.0,0.0,0,0,1088,3309,512,4991,4479,874.8,3.1434,nan,edge/x86_64,unknown,3.12.3,2026-10-09T18:44:39Z
90,ML-KEM-768+ML-DSA-65,post-quantum,3,wrap_flow,0.1881,0.0,0.0,0.0,0,0,1088,3309,512,4991,4479,874.8,2.8219,nan,edge/x86_64,unknown,3.12.3,2026-10-09T18:44:39Z
91,ML-KEM-768+ML-DSA-65,post-quantum,3,wrap_flow,0.2467,0.0,0.0,0.0,0,0,1088,3309,512,4991,4479,874.8,3.7008,nan,edge/x86_64,unknown,3.12.3,2026-10-09T18:44:39Z
92,ML-KEM-768+ML-DSA-65,post-quantum,3,wrap_flow,0.2046,0.0,0.0,0.0,0,0,1088,3309,512,4991,4479,874.8,3.0694,nan,edge/x86_64,unknown,3.12.3,2026-10-09T18:44:39Z
93,ML-KEM-768+ML-DSA-65,post-quantum,3,wrap_flow,0.1802,0.0,0.0,0.0,0,0,1088,3309,512,4991,4479,874.8,2.7023,nan,edge/x86_64,unknown,3.12.3,2026-10-09T18:44:39Z
94,ML-KEM-768+ML-DSA-65,post-quantum,3,wrap_flow,0.3394,0.0,0.0,0.0,0,0,1088,3309,512,4991,4479,874.8,5.0916,nan,edge/x86_64,unknown,3.12.3,2026-10-09T18:44:39Z
95,ML-KEM-768+ML-DSA-65,post-quantum,3,wrap_flow,0.4035,0.0,0.0,0.0,0,0,1088,3309,512,4991,4479,874.8,6.0526,nan,edge/x86_64,unknown,3.12.3,2026-10-09T18:44:39Z
96,ML-KEM-768+ML-DSA-65,post-quantum,3,wrap_flow,0.2876,0.0,0.0,0.0,0,0,1088,3309,512,4991,4479,874.8,4.3142,nan,edge/x86_64,unknown,3.12.3,2026-10-09T18:44:39Z
97,ML-KEM-768+ML-DSA-65,post-quantum,3,wrap_flow,0.292,0.0,0.0,0.0,0,0,1088,3309,512,4991,4479,874.8,4.3803,nan,edge/x86_64,unknown,3.12.3,2026-10-09T18:44:39Z
98,ML-KEM-768+ML-DSA-65,post-quantum,3,wrap_flow,0.2068,0.0,0.0,0.0,0,0,1088,3309,512,4991,4479,874.8,3.1014,nan,edge/x86_64,unknown,3.12.3,2026-10-09T18:44:39Z
99,ML-KEM-768+ML-DSA-65,post-quantum,3,wrap_flow,0.645,0.0,0.0,0.0,0,0,1088,3309,512,4991,4479,874.8,9.6747,nan,edge/x86_64,unknown,3.12.3,2026-10-09T18:44:39Z
100,ML-KEM-768+ML-DSA-65,post-quantum,3,wrap_flow,0.3843,0.0,0.0,0.0,0,0,1088,3309,512,4991,4479,874.8,5.7639,nan,edge/x86_64,unknown,3.12.3,2026-10-09T18:44:39Z
101,ML-KEM-768+ML-DSA-65,post-quantum,3,wrap_flow,0.1925,0.0,0.0,0.0,0,0,1088,3309,512,4991,4479,874.8,2.8879,nan,edge/x86_64,unknown,3.12.3,2026-10-09T18:44:39Z
102,ML-KEM-768+ML-DSA-65,post-quantum,3,wrap_flow,0.3326,0.0,0.0,0.0,0,0,1088,3309,512,4991,4479,874.8,4.989,nan,edge/x86_64,unknown,3.12.3,2026-10-09T18:44:39Z
103,ML-KEM-768+ML-DSA-65,post-quantum,3,wrap_flow,0.2888,0.0,0.0,0.0,0,0,1088,3309,512,4991,4479,874.8,4.3316,nan,edge/x86_64,unknown,3.12.3,2026-10-09T18:44:39Z
104,ML-KEM-768+ML-DSA-65,post-quantum,3,wrap_flow,0.2583,0.0,0.0,0.0,0,0,1088,3309,512,4991,4479,874.8,3.8738,nan,edge/x86_64,unknown,3.12.3,2026-10-09T18:44:39Z
105,ML-KEM-768+ML-DSA-65,post-quantum,3,wrap_flow,0.2277,0.0,0.0,0.0,0,0,1088,3309,512,4991,4479,874.8,3.4157,nan,edge/x86_64,unknown,3.12.3,2026-10-09T18:44:39Z
106,ML-KEM-768+ML-DSA-65,post-quantum,3,wrap_flow,0.3823,0.0,0.0,0.0,0,0,1088,3309,512,4991,4479,874.8,5.7339,nan,edge/x86_64,unknown,3.12.3,2026-10-09T18:44:39Z
107,ML-KEM-768+ML-DSA-65,post-quantum,3,wrap_flow,0.3206,0.0,0.0,0.0,0,0,1088,3309,512,4991,4479,874.8,4.8093,nan,edge/x86_64,unknown,3.12.3,2026-10-09T18:44:39Z
108,ML-KEM-768+ML-DSA-65,post-quantum,3,wrap_flow,0.2353,0.0,0.0,0.0,0,0,1088,3309,512,4991,4479,874.8,3.5298,nan,edge/x86_64,unknown,3.12.3,2026-10-09T18:44:39Z
109,ML-KEM-768+ML-DSA-65,post-quantum,3,wrap_flow,0.4052,0.0,0.0,0.0,0,0,1088,3309,512,4991,4479,874.8,6.0787,nan,edge/x86_64,unknown,3.12.3,2026-10-09T18:44:39Z
110,ML-KEM-768+ML-DSA-65,post-quantum,3,wrap_flow,0.1925,0.0,0.0,0.0,0,0,1088,3309,512,4991,4479,874.8,2.8882,nan,edge/x86_64,unknown,3.12.3,2026-10-09T18:44:39Z
111,ML-KEM-768+ML-DSA-65,post-quantum,3,wrap_flow,0.2513,0.0,0.0,0.0,0,0,1088,3309,512,4991,4479,874.8,3.7696,nan,edge/x86_64,unknown,3.12.3,2026-10-09T18:44:39Z
112,ML-KEM-768+ML-DSA-65,post-quantum,3,wrap_flow,0.2473,0.0,0.0,0.0,0,0,1088,3309,512,4991,4479,874.8,3.709,nan,edge/x86_64,unknown,3.12.3,2026-10-09T18:44:39Z
113,ML-KEM-768+ML-DSA-65,post-quantum,3,wrap_flow,0.3541,0.0,0.0,0.0,0,0,1088,3309,512,4991,4479,874.8,5.3112,nan,edge/x86_64,unknown,3.12.3,2026-10-09T18:44:39Z
114,ML-KEM-768+ML-DSA-65,post-quantum,3,wrap_flow,0.1746,0.0,0.0,0.0,0,0,1088,3309,512,4991,4479,874.8,2.619,nan,edge/x86_64,unknown,3.12.3,2026-10-09T18:44:39Z
115,ML-KEM-768+ML-DSA-65,post-quantum,3,wrap_flow,0.3518,0.0,0.0,0.0,0,0,1088,3309,512,4991,4479,874.8,5.2763,nan,edge/x86_64,unknown,3.12.3,2026-10-09T18:44:39Z
116,ML-KEM-768+ML-DSA-65,post-quantum,3,wrap_flow,0.1548,0.0,0.0,0.0,0,0,1088,3309,512,4991,4479,874.8,2.3214,nan,edge/x86_64,unknown,3.12.3,2026-10-09T18:44:39Z
117,ML-KEM-768+ML-DSA-65,post-quantum,3,wrap_flow,0.1549,0.0,0.0,0.0,0,0,1088,3309,512,4991,4479,874.8,2.3234,nan,edge/x86_64,unknown,3.12.3,2026-10-09T18:44:39Z
118,ML-KEM-768+ML-DSA-65,post-quantum,3,wrap_flow,0.1137,0.0,0.0,0.0,0,0,1088,3309,512,4991,4479,874.8,1.7059,nan,edge/x86_64,unknown,3.12.3,2026-10-09T18:44:39Z
119,ML-KEM-768+ML-DSA-65,post-quantum,3,wrap_flow,0.1401,0.0,0.0,0.0,0,0,1088,3309,512,4991,4479,874.8,2.1013,nan,edge/x86_64,unknown,3.12.3,2026-10-09T18:44:39Z
120,ML-KEM-768+ML-DSA-65,post-quantum,3,wrap_flow,0.2444,0.0,0.0,0.0,0,0,1088,3309,512,4991,4479,874.8,3.6663,nan,edge/x86_64,unknown,3.12.3,2026-10-09T18:44:39Z
121,ML-KEM-768+ML-DSA-65,post-quantum,3,wrap_flow,0.1131,0.0,0.0,0.0,0,0,1088,3309,512,4991,4479,874.8,1.6959,nan,edge/x86_64,unknown,3.12.3,2026-10-09T18:44:39Z
122,ML-KEM-768+ML-DSA-65,post-quantum,3,wrap_flow,0.1741,0.0,0.0,0.0,0,0,1088,3309,512,4991,4479,874.8,2.6111,nan,edge/x86_64,unknown,3.12.3,2026-10-09T18:44:39Z
123,ML-KEM-768+ML-DSA-65,post-quantum,3,wrap_flow,0.134,0.0,0.0,0.0,0,0,1088,3309,512,4991,4479,874.8,2.0093,nan,edge/x86_64,unknown,3.12.3,2026-10-09T18:44:39Z
124,ML-KEM-768+ML-DSA-65,post-quantum,3,wrap_flow,0.1242,0.0,0.0,0.0,0,0,1088,3309,512,4991,4479,874.8,1.8631,nan,edge/x86_64,unknown,3.12.3,2026-10-09T18:44:39Z
125,ML-KEM-768+ML-DSA-65,post-quantum,3,wrap_flow,0.2437,0.0,0.0,0.0,0,0,1088,3309,512,4991,4479,874.8,3.6551,nan,edge/x86_64,unknown,3.12.3,2026-10-09T18:44:39Z
126,ML-KEM-768+ML-DSA-65,post-quantum,3,wrap_flow,0.1397,0.0,0.0,0.0,0,0,1088,3309,512,4991,4479,874.8,2.0949,nan,edge/x86_64,unknown,3.12.3,2026-10-09T18:44:39Z
127,ML-KEM-768+ML-DSA-65,post-quantum,3,wrap_flow,0.1397,0.0,0.0,0.0,0,0,1088,3309,512,4991,4479,874.8,2.0959,nan,edge/x86_64,unknown,3.12.3,2026-10-09T18:44:39Z
128,ML-KEM-768+ML-DSA-65,post-quantum,3,wrap_flow,0.1572,0.0,0.0,0.0,0,0,1088,3309,512,4991,4479,874.8,2.3583,nan,edge/x86_64,unknown,3.12.3,2026-10-09T18:44:39Z
129,ML-KEM-768+ML-DSA-65,post-quantum,3,wrap_flow,0.204,0.0,0.0,0.0,0,0,1088,3309,512,4991,4479,874.8,3.0594,nan,edge/x86_64,unknown,3.12.3,2026-10-09T18:44:39Z
130,ML-KEM-768+ML-DSA-65,post-quantum,3,wrap_flow,0.1858,0.0,0.0,0.0,0,0,1088,3309,512,4991,4479,874.8,2.7873,nan,edge/x86_64,unknown,3.12.3,2026-10-09T18:44:39Z
131,ML-KEM-768+ML-DSA-65,post-quantum,3,wrap_flow,0.136,0.0,0.0,0.0,0,0,1088,3309,512,4991,4479,874.8,2.0394,nan,edge/x86_64,unknown,3.12.3,2026-10-09T18:44:39Z
132,ML-KEM-768+ML-DSA-65,post-quantum,3,wrap_flow,0.1456,0.0,0.0,0.0,0,0,1088,3309,512,4991,4479,874.8,2.1845,nan,edge/x86_64,unknown,3.12.3,2026-10-09T18:44:39Z
133,ML-KEM-768+ML-DSA-65,post-quantum,3,wrap_flow,0.126,0.0,0.0,0.0,0,0,1088,3309,512,4991,4479,874.8,1.8906,nan,edge/x86_64,unknown,3.12.3,2026-10-09T18:44:39Z
134,ML-KEM-768+ML-DSA-65,post-quantum,3,wrap_flow,0.2349,0.0,0.0,0.0,0,0,1088,3309,512,4991,4479,874.8,3.5228,nan,edge/x86_64,unknown,3.12.3,2026-10-09T18:44:39Z
135,ML-KEM-768+ML-DSA-65,post-quantum,3,wrap_flow,0.2158,0.0,0.0,0.0,0,0,1088,3309,512,4991,4479,874.8,3.237,nan,edge/x86_64,unknown,3.12.3,2026-10-09T18:44:39Z
136,ML-KEM-768+ML-DSA-65,post-quantum,3,wrap_flow,0.156,0.0,0.0,0.0,0,0,1088,3309,512,4991,4479,874.8,2.3403,nan,edge/x86_64,unknown,3.12.3,2026-10-09T18:44:39Z
137,ML-KEM-768+ML-DSA-65,post-quantum,3,wrap_flow,0.2408,0.0,0.0,0.0,0,0,1088,3309,512,4991,4479,874.8,3.6123,nan,edge/x86_64,unknown,3.12.3,2026-10-09T18:44:39Z
138,ML-KEM-768+ML-DSA-65,post-quantum,3,wrap_flow,0.3108,0.0,0.0,0.0,0,0,1088,3309,512,4991,4479,874.8,4.6619,nan,edge/x86_64,unknown,3.12.3,2026-10-09T18:44:39Z
139,ML-KEM-768+ML-DSA-65,post-quantum,3,wrap_flow,0.1585,0.0,0.0,0.0,0,0,1088,3309,512,4991,4479,874.8,2.3777,nan,edge/x86_64,unknown,3.12.3,2026-10-09T18:44:39Z
140,ML-KEM-768+ML-DSA-65,post-quantum,3,wrap_flow,0.1235,0.0,0.0,0.0,0,0,1088,3309,512,4991,4479,874.8,1.8526,nan,edge/x86_64,unknown,3.12.3,2026-10-09T18:44:39Z
141,ML-KEM-768+ML-DSA-65,post-quantum,3,wrap_flow,0.2262,0.0,0.0,0.0,0,0,1088,3309,512,4991,4479,874.8,3.3932,nan,edge/x86_64,unknown,3.12.3,2026-10-09T18:44:39Z
142,ML-KEM-768+ML-DSA-65,post-quantum,3,wrap_flow,0.1275,0.0,0.0,0.0,0,0,1088,3309,512,4991,4479,874.8,1.9132,nan,edge/x86_64,unknown,3.12.3,2026-10-09T18:44:39Z
143,ML-KEM-768+ML-DSA-65,post-quantum,3,wrap_flow,0.175,0.0,0.0,0.0,0,0,1088,3309,512,4991,4479,874.8,2.6245,nan,edge/x86_64,unknown,3.12.3,2026-10-09T18:44:39Z
144,ML-KEM-768+ML-DSA-65,post-quantum,3,wrap_flow,0.2022,0.0,0.0,0.0,0,0,1088,3309,512,4991,4479,874.8,3.0324,nan,edge/x86_64,unknown,3.12.3,2026-10-09T18:44:39Z
145,ML-KEM-768+ML-DSA-65,post-quantum,3,wrap_flow,0.1779,0.0,0.0,0.0,0,0,1088,3309,512,4991,4479,874.8,2.6681,nan,edge/x86_64,unknown,3.12.3,2026-10-09T18:44:39Z
146,ML-KEM-768+ML-DSA-65,post-quantum,3,wrap_flow,0.1904,0.0,0.0,0.0,0,0,1088,3309,512,4991,4479,874.8,2.8557,nan,edge/x86_64,unknown,3.12.3,2026-10-09T18:44:39Z
147,ML-KEM-768+ML-DSA-65,post-quantum,3,wrap_flow,0.1662,0.0,0.0,0.0,0,0,1088,3309,512,4991,4479,874.8,2.4929,nan,edge/x86_64,unknown,3.12.3,2026-10-09T18:44:39Z
148,ML-KEM-768+ML-DSA-65,post-quantum,3,wrap_flow,0.1144,0.0,0.0,0.0,0,0,1088,3309,512,4991,4479,874.8,1.7166,nan,edge/x86_64,unknown,3.12.3,2026-10-09T18:44:39Z
149,ML-KEM-768+ML-DSA-65,post-quantum,3,wrap_flow,0.1703,0.0,0.0,0.0,0,0,1088,3309,512,4991,4479,874.8,2.5538,nan,edge/x86_64,unknown,3.12.3,2026-10-09T18:44:39Z
150,ML-KEM-768+ML-DSA-65,post-quantum,3,wrap_flow,0.1298,0.0,0.0,0.0,0,0,1088,3309,512,4991,4479,874.8,1.947,nan,edge/x86_64,unknown,3.12.3,2026-10-09T18:44:39Z
151,ML-KEM-768+ML-DSA-65,post-quantum,3,wrap_flow,0.1492,0.0,0.0,0.0,0,0,1088,3309,512,4991,4479,874.8,2.2381,nan,edge/x86_64,unknown,3.12.3,2026-10-09T18:44:39Z
152,ML-KEM-768+ML-DSA-65,post-quantum,3,wrap_flow,0.1834,0.0,0.0,0.0,0,0,1088,3309,512,4991,4479,874.8,2.7507,nan,edge/x86_64,unknown,3.12.3,2026-10-09T18:44:39Z
153,ML-KEM-768+ML-DSA-65,post-quantum,3,wrap_flow,0.1205,0.0,0.0,0.0,0,0,1088,3309,512,4991,4479,874.8,1.8077,nan,edge/x86_64,unknown,3.12.3,2026-10-09T18:44:39Z
154,ML-KEM-768+ML-DSA-65,post-quantum,3,wrap_flow,0.1509,0.0,0.0,0.0,0,0,1088,3309,512,4991,4479,874.8,2.2638,nan,edge/x86_64,unknown,3.12.3,2026-10-09T18:44:39Z
155,ML-KEM-768+ML-DSA-65,post-quantum,3,wrap_flow,0.1255,0.0,0.0,0.0,0,0,1088,3309,512,4991,4479,874.8,1.8827,nan,edge/x86_64,unknown,3.12.3,2026-10-09T18:44:39Z
156,ML-KEM-768+ML-DSA-65,post-quantum,3,wrap_flow,0.1283,0.0,0.0,0.0,0,0,1088,3309,512,4991,4479,874.8,1.9245,nan,edge/x86_64,unknown,3.12.3,2026-10-09T18:44:39Z
157,ML-KEM-768+ML-DSA-65,post-quantum,3,wrap_flow,0.1481,0.0,0.0,0.0,0,0,1088,3309,512,4991,4479,874.8,2.2208,nan,edge/x86_64,unknown,3.12.3,2026-10-09T18:44:39Z
158,ML-KEM-768+ML-DSA-65,post-quantum,3,wrap_flow,0.1236,0.0,0.0,0.0,0,0,1088,3309,512,4991,4479,874.8,1.8544,nan,edge/x86_64,unknown,3.12.3,2026-10-09T18:44:39Z
159,ML-KEM-768+ML-DSA-65,post-quantum,3,wrap_flow,0.2244,0.0,0.0,0.0,0,0,1088,3309,512,4991,4479,874.8,3.3654,nan,edge/x86_64,unknown,3.12.3,2026-10-09T18:44:39Z
160,ML-KEM-768+ML-DSA-65,post-quantum,3,wrap_flow,0.1976,0.0,0.0,0.0,0,0,1088,3309,512,4991,4479,874.8,2.9642,nan,edge/x86_64,unknown,3.12.3,2026-10-09T18:44:39Z
161,ML-KEM-768+ML-DSA-65,post-quantum,3,wrap_flow,0.246,0.0,0.0,0.0,0,0,1088,3309,512,4991,4479,874.8,3.6905,nan,edge/x86_64,unknown,3.12.3,2026-10-09T18:44:39Z
162,ML-KEM-768+ML-DSA-65,post-quantum,3,wrap_flow,0.3349,0.0,0.0,0.0,0,0,1088,3309,512,4991,4479,874.8,5.0237,nan,edge/x86_64,unknown,3.12.3,2026-10-09T18:44:39Z
163,ML-KEM-768+ML-DSA-65,post-quantum,3,wrap_flow,0.1431,0.0,0.0,0.0,0,0,1088,3309,512,4991,4479,874.8,2.1465,nan,edge/x86_64,unknown,3.12.3,2026-10-09T18:44:39Z
164,ML-KEM-768+ML-DSA-65,post-quantum,3,wrap_flow,0.165,0.0,0.0,0.0,0,0,1088,3309,512,4991,4479,874.8,2.4746,nan,edge/x86_64,unknown,3.12.3,2026-10-09T18:44:39Z
165,ML-KEM-768+ML-DSA-65,post-quantum,3,wrap_flow,0.1249,0.0,0.0,0.0,0,0,1088,3309,512,4991,4479,874.8,1.8733,nan,edge/x86_64,unknown,3.12.3,2026-10-09T18:44:39Z
166,ML-KEM-768+ML-DSA-65,post-quantum,3,wrap_flow,0.1777,0.0,0.0,0.0,0,0,1088,3309,512,4991,4479,874.8,2.6652,nan,edge/x86_64,unknown,3.12.3,2026-10-09T18:44:39Z
167,ML-KEM-768+ML-DSA-65,post-quantum,3,wrap_flow,0.1299,0.0,0.0,0.0,0,0,1088,3309,512,4991,4479,874.8,1.9488,nan,edge/x86_64,unknown,3.12.3,2026-10-09T18:44:39Z
168,ML-KEM-768+ML-DSA-65,post-quantum,3,wrap_flow,0.1589,0.0,0.0,0.0,0,0,1088,3309,512,4991,4479,874.8,2.3834,nan,edge/x86_64,unknown,3.12.3,2026-10-09T18:44:39Z
169,ML-KEM-768+ML-DSA-65,post-quantum,3,wrap_flow,0.4116,0.0,0.0,0.0,0,0,1088,3309,512,4991,4479,874.8,6.1739,nan,edge/x86_64,unknown,3.12.3,2026-10-09T18:44:39Z
170,ML-KEM-768+ML-DSA-65,post-quantum,3,wrap_flow,0.2006,0.0,0.0,0.0,0,0,1088,3309,512,4991,4479,874.8,3.0097,nan,edge/x86_64,unknown,3.12.3,2026-10-09T18:44:39Z
171,ML-KEM-768+ML-DSA-65,post-quantum,3,wrap_flow,0.1228,0.0,0.0,0.0,0,0,1088,3309,512,4991,4479,874.8,1.8425,nan,edge/x86_64,unknown,3.12.3,2026-10-09T18:44:39Z
172,ML-KEM-768+ML-DSA-65,post-quantum,3,wrap_flow,0.1371,0.0,0.0,0.0,0,0,1088,3309,512,4991,4479,874.8,2.0571,nan,edge/x86_64,unknown,3.12.3,2026-10-09T18:44:39Z
173,ML-KEM-768+ML-DSA-65,post-quantum,3,wrap_flow,0.1759,0.0,0.0,0.0,0,0,1088,3309,512,4991,4479,874.8,2.638,nan,edge/x86_64,unknown,3.12.3,2026-10-09T18:44:39Z
174,ML-KEM-768+ML-DSA-65,post-quantum,3,wrap_flow,0.1141,0.0,0.0,0.0,0,0,1088,3309,512,4991,4479,874.8,1.7115,nan,edge/x86_64,unknown,3.12.3,2026-10-09T18:44:39Z
175,ML-KEM-768+ML-DSA-65,post-quantum,3,wrap_flow,0.1276,0.0,0.0,0.0,0,0,1088,3309,512,4991,4479,874.8,1.9141,nan,edge/x86_64,unknown,3.12.3,2026-10-09T18:44:39Z
176,ML-KEM-768+ML-DSA-65,post-quantum,3,wrap_flow,0.167,0.0,0.0,0.0,0,0,1088,3309,512,4991,4479,874.8,2.5055,nan,edge/x86_64,unknown,3.12.3,2026-10-09T18:44:39Z
177,ML-KEM-768+ML-DSA-65,post-quantum,3,wrap_flow,0.1764,0.0,0.0,0.0,0,0,1088,3309,512,4991,4479,874.8,2.6458,nan,edge/x86_64,unknown,3.12.3,2026-10-09T18:44:39Z
178,ML-KEM-768+ML-DSA-65,post-quantum,3,wrap_flow,0.327,0.0,0.0,0.0,0,0,1088,3309,512,4991,4479,874.8,4.9057,nan,edge/x86_64,unknown,3.12.3,2026-10-09T18:44:39Z
179,ML-KEM-768+ML-DSA-65,post-quantum,3,wrap_flow,0.1856,0.0,0.0,0.0,0,0,1088,3309,512,4991,4479,874.8,2.7845,nan,edge/x86_64,unknown,3.12.3,2026-10-09T18:44:39Z
180,ML-KEM-768+ML-DSA-65,post-quantum,3,wrap_flow,0.2711,0.0,0.0,0.0,0,0,1088,3309,512,4991,4479,874.8,4.067,nan,edge/x86_64,unknown,3.12.3,2026-10-09T18:44:39Z
181,ML-KEM-768+ML-DSA-65,post-quantum,3,wrap_flow,0.1388,0.0,0.0,0.0,0,0,1088,3309,512,4991,4479,874.8,2.0826,nan,edge/x86_64,unknown,3.12.3,2026-10-09T18:44:39Z
182,ML-KEM-768+ML-DSA-65,post-quantum,3,wrap_flow,0.1406,0.0,0.0,0.0,0,0,1088,3309,512,4991,4479,874.8,2.1094,nan,edge/x86_64,unknown,3.12.3,2026-10-09T18:44:39Z
183,ML-KEM-768+ML-DSA-65,post-quantum,3,wrap_flow,0.1137,0.0,0.0,0.0,0,0,1088,3309,512,4991,4479,874.8,1.705,nan,edge/x86_64,unknown,3.12.3,2026-10-09T18:44:39Z
184,ML-KEM-768+ML-DSA-65,post-quantum,3,wrap_flow,0.1138,0.0,0.0,0.0,0,0,1088,3309,512,4991,4479,874.8,1.7075,nan,edge/x86_64,unknown,3.12.3,2026-10-09T18:44:39Z
185,ML-KEM-768+ML-DSA-65,post-quantum,3,wrap_flow,0.1413,0.0,0.0,0.0,0,0,1088,3309,512,4991,4479,874.8,2.1192,nan,edge/x86_64,unknown,3.12.3,2026-10-09T18:44:39Z
186,ML-KEM-768+ML-DSA-65,post-quantum,3,wrap_flow,0.1709,0.0,0.0,0.0,0,0,1088,3309,512,4991,4479,874.8,2.5628,nan,edge/x86_64,unknown,3.12.3,2026-10-09T18:44:39Z
187,ML-KEM-768+ML-DSA-65,post-quantum,3,wrap_flow,0.1362,0.0,0.0,0.0,0,0,1088,3309,512,4991,4479,874.8,2.0427,nan,edge/x86_64,unknown,3.12.3,2026-10-09T18:44:39Z
188,ML-KEM-768+ML-DSA-65,post-quantum,3,wrap_flow,0.2481,0.0,0.0,0.0,0,0,1088,3309,512,4991,4479,874.8,3.7221,nan,edge/x86_64,unknown,3.12.3,2026-10-09T18:44:39Z
189,ML-KEM-768+ML-DSA-65,post-quantum,3,wrap_flow,0.1368,0.0,0.0,0.0,0,0,1088,3309,512,4991,4479,874.8,2.0524,nan,edge/x86_64,unknown,3.12.3,2026-10-09T18:44:39Z
190,ML-KEM-768+ML-DSA-65,post-quantum,3,wrap_flow,0.2242,0.0,0.0,0.0,0,0,1088,3309,512,4991,4479,874.8,3.3625,nan,edge/x86_64,unknown,3.12.3,2026-10-09T18:44:39Z
191,ML-KEM-768+ML-DSA-65,post-quantum,3,wrap_flow,0.2767,0.0,0.0,0.0,0,0,1088,3309,512,4991,4479,874.8,4.1512,nan,edge/x86_64,unknown,3.12.3,2026-10-09T18:44:39Z
192,ML-KEM-768+ML-DSA-65,post-quantum,3,wrap_flow,0.2679,0.0,0.0,0.0,0,0,1088,3309,512,4991,4479,874.8,4.0179,nan,edge/x86_64,unknown,3.12.3,2026-10-09T18:44:39Z
193,ML-KEM-768+ML-DSA-65,post-quantum,3,wrap_flow,0.1299,0.0,0.0,0.0,0,0,1088,3309,512,4991,4479,874.8,1.9492,nan,edge/x86_64,unknown,3.12.3,2026-10-09T18:44:39Z
194,ML-KEM-768+ML-DSA-65,post-quantum,3,wrap_flow,0.3103,0.0,0.0,0.0,0,0,1088,3309,512,4991,4479,874.8,4.6547,nan,edge/x86_64,unknown,3.12.3,2026-10-09T18:44:39Z
195,ML-KEM-768+ML-DSA-65,post-quantum,3,wrap_flow,0.182,0.0,0.0,0.0,0,0,1088,3309,512,4991,4479,874.8,2.7296,nan,edge/x86_64,unknown,3.12.3,2026-10-09T18:44:39Z
196,ML-KEM-768+ML-DSA-65,post-quantum,3,wrap_flow,0.3823,0.0,0.0,0.0,0,0,1088,3309,512,4991,4479,874.8,5.7344,nan,edge/x86_64,unknown,3.12.3,2026-10-09T18:44:39Z
197,ML-KEM-768+ML-DSA-65,post-quantum,3,wrap_flow,0.5389,0.0,0.0,0.0,0,0,1088,3309,512,4991,4479,874.8,8.0832,nan,edge/x86_64,unknown,3.12.3,2026-10-09T18:44:39Z
198,ML-KEM-768+ML-DSA-65,post-quantum,3,wrap_flow,0.3843,0.0,0.0,0.0,0,0,1088,3309,512,4991,4479,874.8,5.7648,nan,edge/x86_64,unknown,3.12.3,2026-10-09T18:44:39Z
199,ML-KEM-768+ML-DSA-65,post-quantum,3,wrap_flow,0.2909,0.0,0.0,0.0,0,0,1088,3309,512,4991,4479,874.8,4.3635,nan,edge/x86_64,unknown,3.12.3,2026-10-09T18:44:39Z
0,ML-KEM-768+ML-DSA-65,post-quantum,3,wrap_flow,0.3307,0.0,0.0,0.0,0,0,1088,3309,1024,5503,4479,437.4,4.9601,nan,edge/x86_64,unknown,3.12.3,2026-10-09T18:44:39Z
1,ML-KEM-768+ML-DSA-65,post-quantum,3,wrap_flow,0.1327,0.0,0.0,0.0,0,0,1088,3309,1024,5503,4479,437.4,1.9909,nan,edge/x86_64,unknown,3.12.3,2026-10-09T18:44:39Z
2,ML-KEM-768+ML-DSA-65,post-quantum,3,wrap_flow,0.1688,0.0,0.0,0.0,0,0,1088,3309,1024,5503,4479,437.4,2.5314,nan,edge/x86_64,unknown,3.12.3,2026-10-09T18:44:39Z
3,ML-KEM-768+ML-DSA-65,post-quantum,3,wrap_flow,0.1312,0.0,0.0,0.0,0,0,1088,3309,1024,5503,4479,437.4,1.9673,nan,edge/x86_64,unknown,3.12.3,2026-10-09T18:44:39Z
4,ML-KEM-768+ML-DSA-65,post-quantum,3,wrap_flow,0.1701,0.0,0.0,0.0,0,0,1088,3309,1024,5503,4479,437.4,2.5516,nan,edge/x86_64,unknown,3.12.3,2026-10-09T18:44:39Z
5,ML-KEM-768+ML-DSA-65,post-quantum,3,wrap_flow,0.3538,0.0,0.0,0.0,0,0,1088,3309,1024,5503,4479,437.4,5.3063,nan,edge/x86_64,unknown,3.12.3,2026-10-09T18:44:39Z
6,ML-KEM-768+ML-DSA-65,post-quantum,3,wrap_flow,0.1963,0.0,0.0,0.0,0,0,1088,3309,1024,5503,4479,437.4,2.9442,nan,edge/x86_64,unknown,3.12.3,2026-10-09T18:44:39Z
7,ML-KEM-768+ML-DSA-65,post-quantum,3,wrap_flow,0.121,0.0,0.0,0.0,0,0,1088,3309,1024,5503,4479,437.4,1.8151,nan,edge/x86_64,unknown,3.12.3,2026-10-09T18:44:39Z
8,ML-KEM-768+ML-DSA-65,post-quantum,3,wrap_flow,0.1434,0.0,0.0,0.0,0,0,1088,3309,1024,5503,4479,437.4,2.1504,nan,edge/x86_64,unknown,3.12.3,2026-10-09T18:44:39Z
9,ML-KEM-768+ML-DSA-65,post-quantum,3,wrap_flow,0.1148,0.0,0.0,0.0,0,0,1088,3309,1024,5503,4479,437.4,1.7217,nan,edge/x86_64,unknown,3.12.3,2026-10-09T18:44:39Z
10,ML-KEM-768+ML-DSA-65,post-quantum,3,wrap_flow,0.1278,0.0,0.0,0.0,0,0,1088,3309,1024,5503,4479,437.4,1.9167,nan,edge/x86_64,unknown,3.12.3,2026-10-09T18:44:39Z
11,ML-KEM-768+ML-DSA-65,post-quantum,3,wrap_flow,0.1246,0.0,0.0,0.0,0,0,1088,3309,1024,5503,4479,437.4,1.8683,nan,edge/x86_64,unknown,3.12.3,2026-10-09T18:44:39Z
12,ML-KEM-768+ML-DSA-65,post-quantum,3,wrap_flow,0.1247,0.0,0.0,0.0,0,0,1088,3309,1024,5503,4479,437.4,1.8707,nan,edge/x86_64,unknown,3.12.3,2026-10-09T18:44:39Z
13,ML-KEM-768+ML-DSA-65,post-quantum,3,wrap_flow,0.1905,0.0,0.0,0.0,0,0,1088,3309,1024,5503,4479,437.4,2.8568,nan,edge/x86_64,unknown,3.12.3,2026-10-09T18:44:39Z
14,ML-KEM-768+ML-DSA-65,post-quantum,3,wrap_flow,0.1163,0.0,0.0,0.0,0,0,1088,3309,1024,5503,4479,437.4,1.7451,nan,edge/x86_64,unknown,3.12.3,2026-10-09T18:44:39Z
15,ML-KEM-768+ML-DSA-65,post-quantum,3,wrap_flow,0.1729,0.0,0.0,0.0,0,0,1088,3309,1024,5503,4479,437.4,2.5936,nan,edge/x86_64,unknown,3.12.3,2026-10-09T18:44:39Z
16,ML-KEM-768+ML-DSA-65,post-quantum,3,wrap_flow,0.1398,0.0,0.0,0.0,0,0,1088,3309,1024,5503,4479,437.4,2.0969,nan,edge/x86_64,unknown,3.12.3,2026-10-09T18:44:39Z
17,ML-KEM-768+ML-DSA-65,post-quantum,3,wrap_flow,0.2615,0.0,0.0,0.0,0,0,1088,3309,1024,5503,4479,437.4,3.9224,nan,edge/x86_64,unknown,3.12.3,2026-10-09T18:44:39Z
18,ML-KEM-768+ML-DSA-65,post-quantum,3,wrap_flow,0.2465,0.0,0.0,0.0,0,0,1088,3309,1024,5503,4479,437.4,3.6978,nan,edge/x86_64,unknown,3.12.3,2026-10-09T18:44:39Z
19,ML-KEM-768+ML-DSA-65,post-quantum,3,wrap_flow,0.1745,0.0,0.0,0.0,0,0,1088,3309,1024,5503,4479,437.4,2.6182,nan,edge/x86_64,unknown,3.12.3,2026-10-09T18:44:39Z
20,ML-KEM-768+ML-DSA-65,post-quantum,3,wrap_flow,0.2417,0.0,0.0,0.0,0,0,1088,3309,1024,5503,4479,437.4,3.6257,nan,edge/x86_64,unknown,3.12.3,2026-10-09T18:44:39Z
21,ML-KEM-768+ML-DSA-65,post-quantum,3,wrap_flow,0.1152,0.0,0.0,0.0,0,0,1088,3309,1024,5503,4479,437.4,1.7273,nan,edge/x86_64,unknown,3.12.3,2026-10-09T18:44:39Z
22,ML-KEM-768+ML-DSA-65,post-quantum,3,wrap_flow,0.1491,0.0,0.0,0.0,0,0,1088,3309,1024,5503,4479,437.4,2.2363,nan,edge/x86_64,unknown,3.12.3,2026-10-09T18:44:39Z
23,ML-KEM-768+ML-DSA-65,post-quantum,3,wrap_flow,0.3273,0.0,0.0,0.0,0,0,1088,3309,1024,5503,4479,437.4,4.9098,nan,edge/x86_64,unknown,3.12.3,2026-10-09T18:44:39Z
24,ML-KEM-768+ML-DSA-65,post-quantum,3,wrap_flow,0.1557,0.0,0.0,0.0,0,0,1088,3309,1024,5503,4479,437.4,2.3357,nan,edge/x86_64,unknown,3.12.3,2026-10-09T18:44:39Z
25,ML-KEM-768+ML-DSA-65,post-quantum,3,wrap_flow,0.1193,0.0,0.0,0.0,0,0,1088,3309,1024,5503,4479,437.4,1.7899,nan,edge/x86_64,unknown,3.12.3,2026-10-09T18:44:39Z
26,ML-KEM-768+ML-DSA-65,post-quantum,3,wrap_flow,0.1699,0.0,0.0,0.0,0,0,1088,3309,1024,5503,4479,437.4,2.5483,nan,edge/x86_64,unknown,3.12.3,2026-10-09T18:44:39Z
27,ML-KEM-768+ML-DSA-65,post-quantum,3,wrap_flow,0.1165,0.0,0.0,0.0,0,0,1088,3309,1024,5503,4479,437.4,1.7473,nan,edge/x86_64,unknown,3.12.3,2026-10-09T18:44:39Z
28,ML-KEM-768+ML-DSA-65,post-quantum,3,wrap_flow,0.2643,0.0,0.0,0.0,0,0,1088,3309,1024,5503,4479,437.4,3.9646,nan,edge/x86_64,unknown,3.12.3,2026-10-09T18:44:39Z
29,ML-KEM-768+ML-DSA-65,post-quantum,3,wrap_flow,0.3453,0.0,0.0,0.0,0,0,1088,3309,1024,5503,4479,437.4,5.1798,nan,edge/x86_64,unknown,3.12.3,2026-10-09T18:44:39Z
30,ML-KEM-768+ML-DSA-65,post-quantum,3,wrap_flow,0.2021,0.0,0.0,0.0,0,0,1088,3309,1024,5503,4479,437.4,3.0311,nan,edge/x86_64,unknown,3.12.3,2026-10-09T18:44:39Z
31,ML-KEM-768+ML-DSA-65,post-quantum,3,wrap_flow,0.1489,0.0,0.0,0.0,0,0,1088,3309,1024,5503,4479,437.4,2.2334,nan,edge/x86_64,unknown,3.12.3,2026-10-09T18:44:39Z
32,ML-KEM-768+ML-DSA-65,post-quantum,3,wrap_flow,0.1607,0.0,0.0,0.0,0,0,1088,3309,1024,5503,4479,437.4,2.4099,nan,edge/x86_64,unknown,3.12.3,2026-10-09T18:44:39Z
33,ML-KEM-768+ML-DSA-65,post-quantum,3,wrap_flow,0.1801,0.0,0.0,0.0,0,0,1088,3309,1024,5503,4479,437.4,2.702,nan,edge/x86_64,unknown,3.12.3,2026-10-09T18:44:39Z
34,ML-KEM-768+ML-DSA-65,post-quantum,3,wrap_flow,0.2026,0.0,0.0,0.0,0,0,1088,3309,1024,5503,4479,437.4,3.0397,nan,edge/x86_64,unknown,3.12.3,2026-10-09T18:44:39Z
35,ML-KEM-768+ML-DSA-65,post-quantum,3,wrap_flow,0.14,0.0,0.0,0.0,0,0,1088,3309,1024,5503,4479,437.4,2.0997,nan,edge/x86_64,unknown,3.12.3,2026-10-09T18:44:39Z
36,ML-KEM-768+ML-DSA-65,post-quantum,3,wrap_flow,0.1417,0.0,0.0,0.0,0,0,1088,3309,1024,5503,4479,437.4,2.1262,nan,edge/x86_64,unknown,3.12.3,2026-10-09T18:44:39Z
37,ML-KEM-768+ML-DSA-65,post-quantum,3,wrap_flow,0.1475,0.0,0.0,0.0,0,0,1088,3309,1024,5503,4479,437.4,2.2121,nan,edge/x86_64,unknown,3.12.3,2026-10-09T18:44:39Z
38,ML-KEM-768+ML-DSA-65,post-quantum,3,wrap_flow,0.1533,0.0,0.0,0.0,0,0,1088,3309,1024,5503,4479,437.4,2.3,nan,edge/x86_64,unknown,3.12.3,2026-10-09T18:44:39Z
39,ML-KEM-768+ML-DSA-65,post-quantum,3,wrap_flow,0.2858,0.0,0.0,0.0,0,0,1088,3309,1024,5503,4479,437.4,4.2876,nan,edge/x86_64,unknown,3.12.3,2026-10-09T18:44:39Z
40,ML-KEM-768+ML-DSA-65,post-quantum,3,wrap_flow,0.1655,0.0,0.0,0.0,0,0,1088,3309,1024,5503,4479,437.4,2.4832,nan,edge/x86_64,unknown,3.12.3,2026-10-09T18:44:39Z
41,ML-KEM-768+ML-DSA-65,post-quantum,3,wrap_flow,0.1149,0.0,0.0,0.0,0,0,1088,3309,1024,5503,4479,437.4,1.7236,nan,edge/x86_64,unknown,3.12.3,2026-10-09T18:44:39Z
42,ML-KEM-768+ML-DSA-65,post-quantum,3,wrap_flow,0.1717,0.0,0.0,0.0,0,0,1088,3309,1024,5503,4479,437.4,2.5753,nan,edge/x86_64,unknown,3.12.3,2026-10-09T18:44:39Z
43,ML-KEM-768+ML-DSA-65,post-quantum,3,wrap_flow,0.1154,0.0,0.0,0.0,0,0,1088,3309,1024,5503,4479,437.4,1.7306,nan,edge/x86_64,unknown,3.12.3,2026-10-09T18:44:39Z
44,ML-KEM-768+ML-DSA-65,post-quantum,3,wrap_flow,0.115,0.0,0.0,0.0,0,0,1088,3309,1024,5503,4479,437.4,1.7252,nan,edge/x86_64,unknown,3.12.3,2026-10-09T18:44:39Z
45,ML-KEM-768+ML-DSA-65,post-quantum,3,wrap_flow,0.1303,0.0,0.0,0.0,0,0,1088,3309,1024,5503,4479,437.4,1.954,nan,edge/x86_64,unknown,3.12.3,2026-10-09T18:44:39Z
46,ML-KEM-768+ML-DSA-65,post-quantum,3,wrap_flow,0.1186,0.0,0.0,0.0,0,0,1088,3309,1024,5503,4479,437.4,1.7789,nan,edge/x86_64,unknown,3.12.3,2026-10-09T18:44:39Z
47,ML-KEM-768+ML-DSA-65,post-quantum,3,wrap_flow,0.1725,0.0,0.0,0.0,0,0,1088,3309,1024,5503,4479,437.4,2.5879,nan,edge/x86_64,unknown,3.12.3,2026-10-09T18:44:39Z
48,ML-KEM-768+ML-DSA-65,post-quantum,3,wrap_flow,0.9051,0.0,0.0,0.0,0,0,1088,3309,1024,5503,4479,437.4,13.5764,nan,edge/x86_64,unknown,3.12.3,2026-10-09T18:44:39Z
49,ML-KEM-768+ML-DSA-65,post-quantum,3,wrap_flow,0.6081,0.0,0.0,0.0,0,0,1088,3309,1024,5503,4479,437.4,9.1222,nan,edge/x86_64,unknown,3.12.3,2026-10-09T18:44:39Z
50,ML-KEM-768+ML-DSA-65,post-quantum,3,wrap_flow,0.406,0.0,0.0,0.0,0,0,1088,3309,1024,5503,4479,437.4,6.0901,nan,edge/x86_64,unknown,3.12.3,2026-10-09T18:44:39Z
51,ML-KEM-768+ML-DSA-65,post-quantum,3,wrap_flow,0.437,0.0,0.0,0.0,0,0,1088,3309,1024,5503,4479,437.4,6.5546,nan,edge/x86_64,unknown,3.12.3,2026-10-09T18:44:39Z
52,ML-KEM-768+ML-DSA-65,post-quantum,3,wrap_flow,0.3167,0.0,0.0,0.0,0,0,1088,3309,1024,5503,4479,437.4,4.7504,nan,edge/x86_64,unknown,3.12.3,2026-10-09T18:44:39Z
53,ML-KEM-768+ML-DSA-65,post-quantum,3,wrap_flow,0.2529,0.0,0.0,0.0,0,0,1088,3309,1024,5503,4479,437.4,3.7932,nan,edge/x86_64,unknown,3.12.3,2026-10-09T18:44:39Z
54,ML-KEM-768+ML-DSA-65,post-quantum,3,wrap_flow,0.3625,0.0,0.0,0.0,0,0,1088,3309,1024,5503,4479,437.4,5.4368,nan,edge/x86_64,unknown,3.12.3,2026-10-09T18:44:39Z
55,ML-KEM-768+ML-DSA-65,post-quantum,3,wrap_flow,0.34,0.0,0.0,0.0,0,0,1088,3309,1024,5503,4479,437.4,5.0997,nan,edge/x86_64,unknown,3.12.3,2026-10-09T18:44:39Z
56,ML-KEM-768+ML-DSA-65,post-quantum,3,wrap_flow,0.2171,0.0,0.0,0.0,0,0,1088,3309,1024,5503,4479,437.4,3.2567,nan,edge/x86_64,unknown,3.12.3,2026-10-09T18:44:39Z
57,ML-KEM-768+ML-DSA-65,post-quantum,3,wrap_flow,0.5582,0.0,0.0,0.0,0,0,1088,3309,1024,5503,4479,437.4,8.3725,nan,edge/x86_64,unknown,3.12.3,2026-10-09T18:44:39Z
58,ML-KEM-768+ML-DSA-65,post-quantum,3,wrap_flow,0.2831,0.0,0.0,0.0,0,0,1088,3309,1024,5503,4479,437.4,4.2466,nan,edge/x86_64,unknown,3.12.3,2026-10-09T18:44:39Z
59,ML-KEM-768+ML-DSA-65,post-quantum,3,wrap_flow,0.3874,0.0,0.0,0.0,0,0,1088,3309,1024,5503,4479,437.4,5.8108,nan,edge/x86_64,unknown,3.12.3,2026-10-09T18:44:39Z
60,ML-KEM-768+ML-DSA-65,post-quantum,3,wrap_flow,0.3656,0.0,0.0,0.0,0,0,1088,3309,1024,5503,4479,437.4,5.4837,nan,edge/x86_64,unknown,3.12.3,2026-10-09T18:44:39Z
61,ML-KEM-768+ML-DSA-65,post-quantum,3,wrap_flow,0.3014,0.0,0.0,0.0,0,0,1088,3309,1024,5503,4479,437.4,4.5206,nan,edge/x86_64,unknown,3.12.3,2026-10-09T18:44:39Z
62,ML-KEM-768+ML-DSA-65,post-quantum,3,wrap_flow,0.4701,0.0,0.0,0.0,0,0,1088,3309,1024,5503,4479,437.4,7.0509,nan,edge/x86_64,unknown,3.12.3,2026-10-09T18:44:39Z
63,ML-KEM-768+ML-DSA-65,post-quantum,3,wrap_flow,0.3005,0.0,0.0,0.0,0,0,1088,3309,1024,5503,4479,437.4,4.5068,nan,edge/x86_64,unknown,3.12.3,2026-10-09T18:44:39Z
64,ML-KEM-768+ML-DSA-65,post-quantum,3,wrap_flow,0.2664,0.0,0.0,0.0,0,0,1088,3309,1024,5503,4479,437.4,3.9967,nan,edge/x86_64,unknown,3.12.3,2026-10-09T18:44:39Z
65,ML-KEM-768+ML-DSA-65,post-quantum,3,wrap_flow,0.2496,0.0,0.0,0.0,0,0,1088,3309,1024,5503,4479,437.4,3.7445,nan,edge/x86_64,unknown,3.12.3,2026-10-09T18:44:39Z
66,ML-KEM-768+ML-DSA-65,post-quantum,3,wrap_flow,0.1948,0.0,0.0,0.0,0,0,1088,3309,1024,5503,4479,437.4,2.9214,nan,edge/x86_64,unknown,3.12.3,2026-10-09T18:44:39Z
67,ML-KEM-768+ML-DSA-65,post-quantum,3,wrap_flow,0.2355,0.0,0.0,0.0,0,0,1088,3309,1024,5503,4479,437.4,3.5318,nan,edge/x86_64,unknown,3.12.3,2026-10-09T18:44:39Z
68,ML-KEM-768+ML-DSA-65,post-quantum,3,wrap_flow,0.3154,0.0,0.0,0.0,0,0,1088,3309,1024,5503,4479,437.4,4.7317,nan,edge/x86_64,unknown,3.12.3,2026-10-09T18:44:39Z
69,ML-KEM-768+ML-DSA-65,post-quantum,3,wrap_flow,0.2011,0.0,0.0,0.0,0,0,1088,3309,1024,5503,4479,437.4,3.0166,nan,edge/x86_64,unknown,3.12.3,2026-10-09T18:44:39Z
70,ML-KEM-768+ML-DSA-65,post-quantum,3,wrap_flow,0.4391,0.0,0.0,0.0,0,0,1088,3309,1024,5503,4479,437.4,6.5869,nan,edge/x86_64,unknown,3.12.3,2026-10-09T18:44:39Z
71,ML-KEM-768+ML-DSA-65,post-quantum,3,wrap_flow,0.3963,0.0,0.0,0.0,0,0,1088,3309,1024,5503,4479,437.4,5.9451,nan,edge/x86_64,unknown,3.12.3,2026-10-09T18:44:39Z
72,ML-KEM-768+ML-DSA-65,post-quantum,3,wrap_flow,0.2329,0.0,0.0,0.0,0,0,1088,3309,1024,5503,4479,437.4,3.4928,nan,edge/x86_64,unknown,3.12.3,2026-10-09T18:44:39Z
73,ML-KEM-768+ML-DSA-65,post-quantum,3,wrap_flow,0.1822,0.0,0.0,0.0,0,0,1088,3309,1024,5503,4479,437.4,2.7331,nan,edge/x86_64,unknown,3.12.3,2026-10-09T18:44:39Z
74,ML-KEM-768+ML-DSA-65,post-quantum,3,wrap_flow,0.1345,0.0,0.0,0.0,0,0,1088,3309,1024,5503,4479,437.4,2.0174,nan,edge/x86_64,unknown,3.12.3,2026-10-09T18:44:39Z
75,ML-KEM-768+ML-DSA-65,post-quantum,3,wrap_flow,0.2232,0.0,0.0,0.0,0,0,1088,3309,1024,5503,4479,437.4,3.3475,nan,edge/x86_64,unknown,3.12.3,2026-10-09T18:44:39Z
76,ML-KEM-768+ML-DSA-65,post-quantum,3,wrap_flow,0.2751,0.0,0.0,0.0,0,0,1088,3309,1024,5503,4479,437.4,4.1262,nan,edge/x86_64,unknown,3.12.3,2026-10-09T18:44:39Z
77,ML-KEM-768+ML-DSA-65,post-quantum,3,wrap_flow,0.4536,0.0,0.0,0.0,0,0,1088,3309,1024,5503,4479,437.4,6.8037,nan,edge/x86_64,unknown,3.12.3,2026-10-09T18:44:39Z
78,ML-KEM-768+ML-DSA-65,post-quantum,3,wrap_flow,0.5241,0.0,0.0,0.0,0,0,1088,3309,1024,5503,4479,437.4,7.8619,nan,edge/x86_64,unknown,3.12.3,2026-10-09T18:44:39Z
79,ML-KEM-768+ML-DSA-65,post-quantum,3,wrap_flow,0.4096,0.0,0.0,0.0,0,0,1088,3309,1024,5503,4479,437.4,6.1443,nan,edge/x86_64,unknown,3.12.3,2026-10-09T18:44:39Z
80,ML-KEM-768+ML-DSA-65,post-quantum,3,wrap_flow,0.1679,0.0,0.0,0.0,0,0,1088,3309,1024,5503,4479,437.4,2.5183,nan,edge/x86_64,unknown,3.12.3,2026-10-09T18:44:39Z
81,ML-KEM-768+ML-DSA-65,post-quantum,3,wrap_flow,0.1596,0.0,0.0,0.0,0,0,1088,3309,1024,5503,4479,437.4,2.3947,nan,edge/x86_64,unknown,3.12.3,2026-10-09T18:44:39Z
82,ML-KEM-768+ML-DSA-65,post-quantum,3,wrap_flow,0.2258,0.0,0.0,0.0,0,0,1088,3309,1024,5503,4479,437.4,3.3875,nan,edge/x86_64,unknown,3.12.3,2026-10-09T18:44:39Z
83,ML-KEM-768+ML-DSA-65,post-quantum,3,wrap_flow,0.2582,0.0,0.0,0.0,0,0,1088,3309,1024,5503,4479,437.4,3.8729,nan,edge/x86_64,unknown,3.12.3,2026-10-09T18:44:39Z
84,ML-KEM-768+ML-DSA-65,post-quantum,3,wrap_flow,0.3134,0.0,0.0,0.0,0,0,1088,3309,1024,5503,4479,437.4,4.7006,nan,edge/x86_64,unknown,3.12.3,2026-10-09T18:44:39Z
85,ML-KEM-768+ML-DSA-65,post-quantum,3,wrap_flow,0.3274,0.0,0.0,0.0,0,0,1088,3309,1024,5503,4479,437.4,4.911,nan,edge/x86_64,unknown,3.12.3,2026-10-09T18:44:39Z
86,ML-KEM-768+ML-DSA-65,post-quantum,3,wrap_flow,0.3564,0.0,0.0,0.0,0,0,1088,3309,1024,5503,4479,437.4,5.3462,nan,edge/x86_64,unknown,3.12.3,2026-10-09T18:44:39Z
87,ML-KEM-768+ML-DSA-65,post-quantum,3,wrap_flow,0.2938,0.0,0.0,0.0,0,0,1088,3309,1024,5503,4479,437.4,4.4075,nan,edge/x86_64,unknown,3.12.3,2026-10-09T18:44:39Z
88,ML-KEM-768+ML-DSA-65,post-quantum,3,wrap_flow,0.188,0.0,0.0,0.0,0,0,1088,3309,1024,5503,4479,437.4,2.8206,nan,edge/x86_64,unknown,3.12.3,2026-10-09T18:44:39Z
89,ML-KEM-768+ML-DSA-65,post-quantum,3,wrap_flow,0.326,0.0,0.0,0.0,0,0,1088,3309,1024,5503,4479,437.4,4.8901,nan,edge/x86_64,unknown,3.12.3,2026-10-09T18:44:39Z
90,ML-KEM-768+ML-DSA-65,post-quantum,3,wrap_flow,0.2212,0.0,0.0,0.0,0,0,1088,3309,1024,5503,4479,437.4,3.3177,nan,edge/x86_64,unknown,3.12.3,2026-10-09T18:44:39Z
91,ML-KEM-768+ML-DSA-65,post-quantum,3,wrap_flow,0.1799,0.0,0.0,0.0,0,0,1088,3309,1024,5503,4479,437.4,2.6985,nan,edge/x86_64,unknown,3.12.3,2026-10-09T18:44:39Z
92,ML-KEM-768+ML-DSA-65,post-quantum,3,wrap_flow,0.2461,0.0,0.0,0.0,0,0,1088,3309,1024,5503,4479,437.4,3.6922,nan,edge/x86_64,unknown,3.12.3,2026-10-09T18:44:39Z
93,ML-KEM-768+ML-DSA-65,post-quantum,3,wrap_flow,0.4774,0.0,0.0,0.0,0,0,1088,3309,1024,5503,4479,437.4,7.1603,nan,edge/x86_64,unknown,3.12.3,2026-10-09T18:44:39Z
94,ML-KEM-768+ML-DSA-65,post-quantum,3,wrap_flow,0.1963,0.0,0.0,0.0,0,0,1088,3309,1024,5503,4479,437.4,2.9448,nan,edge/x86_64,unknown,3.12.3,2026-10-09T18:44:39Z
95,ML-KEM-768+ML-DSA-65,post-quantum,3,wrap_flow,0.295,0.0,0.0,0.0,0,0,1088,3309,1024,5503,4479,437.4,4.4247,nan,edge/x86_64,unknown,3.12.3,2026-10-09T18:44:39Z
96,ML-KEM-768+ML-DSA-65,post-quantum,3,wrap_flow,0.2033,0.0,0.0,0.0,0,0,1088,3309,1024,5503,4479,437.4,3.0488,nan,edge/x86_64,unknown,3.12.3,2026-10-09T18:44:39Z
97,ML-KEM-768+ML-DSA-65,post-quantum,3,wrap_flow,0.2845,0.0,0.0,0.0,0,0,1088,3309,1024,5503,4479,437.4,4.2669,nan,edge/x86_64,unknown,3.12.3,2026-10-09T18:44:39Z
98,ML-KEM-768+ML-DSA-65,post-quantum,3,wrap_flow,0.1317,0.0,0.0,0.0,0,0,1088,3309,1024,5503,4479,437.4,1.9759,nan,edge/x86_64,unknown,3.12.3,2026-10-09T18:44:39Z
99,ML-KEM-768+ML-DSA-65,post-quantum,3,wrap_flow,0.1776,0.0,0.0,0.0,0,0,1088,3309,1024,5503,4479,437.4,2.6641,nan,edge/x86_64,unknown,3.12.3,2026-10-09T18:44:39Z
100,ML-KEM-768+ML-DSA-65,post-quantum,3,wrap_flow,0.1291,0.0,0.0,0.0,0,0,1088,3309,1024,5503,4479,437.4,1.9369,nan,edge/x86_64,unknown,3.12.3,2026-10-09T18:44:39Z
101,ML-KEM-768+ML-DSA-65,post-quantum,3,wrap_flow,0.2258,0.0,0.0,0.0,0,0,1088,3309,1024,5503,4479,437.4,3.3875,nan,edge/x86_64,unknown,3.12.3,2026-10-09T18:44:39Z
102,ML-KEM-768+ML-DSA-65,post-quantum,3,wrap_flow,0.2142,0.0,0.0,0.0,0,0,1088,3309,1024,5503,4479,437.4,3.2129,nan,edge/x86_64,unknown,3.12.3,2026-10-09T18:44:39Z
103,ML-KEM-768+ML-DSA-65,post-quantum,3,wrap_flow,0.2013,0.0,0.0,0.0,0,0,1088,3309,1024,5503,4479,437.4,3.0196,nan,edge/x86_64,unknown,3.12.3,2026-10-09T18:44:39Z
104,ML-KEM-768+ML-DSA-65,post-quantum,3,wrap_flow,0.1702,0.0,0.0,0.0,0,0,1088,3309,1024,5503,4479,437.4,2.5528,nan,edge/x86_64,unknown,3.12.3,2026-10-09T18:44:39Z
105,ML-KEM-768+ML-DSA-65,post-quantum,3,wrap_flow,0.1503,0.0,0.0,0.0,0,0,1088,3309,1024,5503,4479,437.4,2.254,nan,edge/x86_64,unknown,3.12.3,2026-10-09T18:44:39Z
106,ML-KEM-768+ML-DSA-65,post-quantum,3,wrap_flow,0.1152,0.0,0.0,0.0,0,0,1088,3309,1024,5503,4479,437.4,1.7282,nan,edge/x86_64,unknown,3.12.3,2026-10-09T18:44:39Z
107,ML-KEM-768+ML-DSA-65,post-quantum,3,wrap_flow,0.2187,0.0,0.0,0.0,0,0,1088,3309,1024,5503,4479,437.4,3.2809,nan,edge/x86_64,unknown,3.12.3,2026-10-09T18:44:39Z
108,ML-KEM-768+ML-DSA-65,post-quantum,3,wrap_flow,0.252,0.0,0.0,0.0,0,0,1088,3309,1024,5503,4479,437.4,3.7804,nan,edge/x86_64,unknown,3.12.3,2026-10-09T18:44:39Z
109,ML-KEM-768+ML-DSA-65,post-quantum,3,wrap_flow,0.2378,0.0,0.0,0.0,0,0,1088,3309,1024,5503,4479,437.4,3.5677,nan,edge/x86_64,unknown,3.12.3,2026-10-09T18:44:39Z
110,ML-KEM-768+ML-DSA-65,post-quantum,3,wrap_flow,0.3259,0.0,0.0,0.0,0,0,1088,3309,1024,5503,4479,437.4,4.8889,nan,edge/x86_64,unknown,3.12.3,2026-10-09T18:44:39Z
111,ML-KEM-768+ML-DSA-65,post-quantum,3,wrap_flow,0.186,0.0,0.0,0.0,0,0,1088,3309,1024,5503,4479,437.4,2.7899,nan,edge/x86_64,unknown,3.12.3,2026-10-09T18:44:39Z
112,ML-KEM-768+ML-DSA-65,post-quantum,3,wrap_flow,0.1726,0.0,0.0,0.0,0,0,1088,3309,1024,5503,4479,437.4,2.5892,nan,edge/x86_64,unknown,3.12.3,2026-10-09T18:44:39Z
113,ML-KEM-768+ML-DSA-65,post-quantum,3,wrap_flow,0.3018,0.0,0.0,0.0,0,0,1088,3309,1024,5503,4479,437.4,4.5274,nan,edge/x86_64,unknown,3.12.3,2026-10-09T18:44:39Z
114,ML-KEM-768+ML-DSA-65,post-quantum,3,wrap_flow,0.464,0.0,0.0,0.0,0,0,1088,3309,1024,5503,4479,437.4,6.96,nan,edge/x86_64,unknown,3.12.3,2026-10-09T18:44:39Z
115,ML-KEM-768+ML-DSA-65,post-quantum,3,wrap_flow,0.2552,0.0,0.0,0.0,0,0,1088,3309,1024,5503,4479,437.4,3.8284,nan,edge/x86_64,unknown,3.12.3,2026-10-09T18:44:39Z
116,ML-KEM-768+ML-DSA-65,post-quantum,3,wrap_flow,0.2172,0.0,0.0,0.0,0,0,1088,3309,1024,5503,4479,437.4,3.2583,nan,edge/x86_64,unknown,3.12.3,2026-10-09T18:44:39Z
117,ML-KEM-768+ML-DSA-65,post-quantum,3,wrap_flow,0.177,0.0,0.0,0.0,0,0,1088,3309,1024,5503,4479,437.4,2.6556,nan,edge/x86_64,unknown,3.12.3,2026-10-09T18:44:39Z
118,ML-KEM-768+ML-DSA-65,post-quantum,3,wrap_flow,0.2475,0.0,0.0,0.0,0,0,1088,3309,1024,5503,4479,437.4,3.7119,nan,edge/x86_64,unknown,3.12.3,2026-10-09T18:44:39Z
119,ML-KEM-768+ML-DSA-65,post-quantum,3,wrap_flow,0.1972,0.0,0.0,0.0,0,0,1088,3309,1024,5503,4479,437.4,2.9573,nan,edge/x86_64,unknown,3.12.3,2026-10-09T18:44:39Z
120,ML-KEM-768+ML-DSA-65,post-quantum,3,wrap_flow,0.1897,0.0,0.0,0.0,0,0,1088,3309,1024,5503,4479,437.4,2.8461,nan,edge/x86_64,unknown,3.12.3,2026-10-09T18:44:39Z
121,ML-KEM-768+ML-DSA-65,post-quantum,3,wrap_flow,0.2343,0.0,0.0,0.0,0,0,1088,3309,1024,5503,4479,437.4,3.5152,nan,edge/x86_64,unknown,3.12.3,2026-10-09T18:44:39Z
122,ML-KEM-768+ML-DSA-65,post-quantum,3,wrap_flow,0.1784,0.0,0.0,0.0,0,0,1088,3309,1024,5503,4479,437.4,2.6753,nan,edge/x86_64,unknown,3.12.3,2026-10-09T18:44:39Z
123,ML-KEM-768+ML-DSA-65,post-quantum,3,wrap_flow,0.1461,0.0,0.0,0.0,0,0,1088,3309,1024,5503,4479,437.4,2.191,nan,edge/x86_64,unknown,3.12.3,2026-10-09T18:44:39Z
124,ML-KEM-768+ML-DSA-65,post-quantum,3,wrap_flow,0.2321,0.0,0.0,0.0,0,0,1088,3309,1024,5503,4479,437.4,3.4822,nan,edge/x86_64,unknown,3.12.3,2026-10-09T18:44:39Z
125,ML-KEM-768+ML-DSA-65,post-quantum,3,wrap_flow,0.2327,0.0,0.0,0.0,0,0,1088,3309,1024,5503,4479,437.4,3.4906,nan,edge/x86_64,unknown,3.12.3,2026-10-09T18:44:39Z
126,ML-KEM-768+ML-DSA-65,post-quantum,3,wrap_flow,0.189,0.0,0.0,0.0,0,0,1088,3309,1024,5503,4479,437.4,2.835,nan,edge/x86_64,unknown,3.12.3,2026-10-09T18:44:39Z
127,ML-KEM-768+ML-DSA-65,post-quantum,3,wrap_flow,0.2495,0.0,0.0,0.0,0,0,1088,3309,1024,5503,4479,437.4,3.7429,nan,edge/x86_64,unknown,3.12.3,2026-10-09T18:44:39Z
128,ML-KEM-768+ML-DSA-65,post-quantum,3,wrap_flow,0.2059,0.0,0.0,0.0,0,0,1088,3309,1024,5503,4479,437.4,3.0885,nan,edge/x86_64,unknown,3.12.3,2026-10-09T18:44:39Z
129,ML-KEM-768+ML-DSA-65,post-quantum,3,wrap_flow,0.1827,0.0,0.0,0.0,0,0,1088,3309,1024,5503,4479,437.4,2.74,nan,edge/x86_64,unknown,3.12.3,2026-10-09T18:44:39Z
130,ML-KEM-768+ML-DSA-65,post-quantum,3,wrap_flow,0.1691,0.0,0.0,0.0,0,0,1088,3309,1024,5503,4479,437.4,2.5363,nan,edge/x86_64,unknown,3.12.3,2026-10-09T18:44:39Z
131,ML-KEM-768+ML-DSA-65,post-quantum,3,wrap_flow,0.1193,0.0,0.0,0.0,0,0,1088,3309,1024,5503,4479,437.4,1.7893,nan,edge/x86_64,unknown,3.12.3,2026-10-09T18:44:39Z
132,ML-KEM-768+ML-DSA-65,post-quantum,3,wrap_flow,0.1672,0.0,0.0,0.0,0,0,1088,3309,1024,5503,4479,437.4,2.5081,nan,edge/x86_64,unknown,3.12.3,2026-10-09T18:44:39Z
133,ML-KEM-768+ML-DSA-65,post-quantum,3,wrap_flow,0.2335,0.0,0.0,0.0,0,0,1088,3309,1024,5503,4479,437.4,3.5029,nan,edge/x86_64,unknown,3.12.3,2026-10-09T18:44:39Z
134,ML-KEM-768+ML-DSA-65,post-quantum,3,wrap_flow,0.1558,0.0,0.0,0.0,0,0,1088,3309,1024,5503,4479,437.4,2.3369,nan,edge/x86_64,unknown,3.12.3,2026-10-09T18:44:39Z
135,ML-KEM-768+ML-DSA-65,post-quantum,3,wrap_flow,0.1612,0.0,0.0,0.0,0,0,1088,3309,1024,5503,4479,437.4,2.4178,nan,edge/x86_64,unknown,3.12.3,2026-10-09T18:44:39Z
136,ML-KEM-768+ML-DSA-65,post-quantum,3,wrap_flow,0.1297,0.0,0.0,0.0,0,0,1088,3309,1024,5503,4479,437.4,1.9451,nan,edge/x86_64,unknown,3.12.3,2026-10-09T18:44:39Z
137,ML-KEM-768+ML-DSA-65,post-quantum,3,wrap_flow,0.212,0.0,0.0,0.0,0,0,1088,3309,1024,5503,4479,437.4,3.1807,nan,edge/x86_64,unknown,3.12.3,2026-10-09T18:44:39Z
138,ML-KEM-768+ML-DSA-65,post-quantum,3,wrap_flow,0.1788,0.0,0.0,0.0,0,0,1088,3309,1024,5503,4479,437.4,2.6813,nan,edge/x86_64,unknown,3.12.3,2026-10-09T18:44:39Z
139,ML-KEM-768+ML-DSA-65,post-quantum,3,wrap_flow,0.1601,0.0,0.0,0.0,0,0,1088,3309,1024,5503,4479,437.4,2.4016,nan,edge/x86_64,unknown,3.12.3,2026-10-09T18:44:39Z
140,ML-KEM-768+ML-DSA-65,post-quantum,3,wrap_flow,0.2299,0.0,0.0,0.0,0,0,1088,3309,1024,5503,4479,437.4,3.4489,nan,edge/x86_64,unknown,3.12.3,2026-10-09T18:44:39Z
141,ML-KEM-768+ML-DSA-65,post-quantum,3,wrap_flow,0.1879,0.0,0.0,0.0,0,0,1088,3309,1024,5503,4479,437.4,2.8189,nan,edge/x86_64,unknown,3.12.3,2026-10-09T18:44:39Z
142,ML-KEM-768+ML-DSA-65,post-quantum,3,wrap_flow,0.3298,0.0,0.0,0.0,0,0,1088,3309,1024,5503,4479,437.4,4.9466,nan,edge/x86_64,unknown,3.12.3,2026-10-09T18:44:39Z
143,ML-KEM-768+ML-DSA-65,post-quantum,3,wrap_flow,0.2761,0.0,0.0,0.0,0,0,1088,3309,1024,5503,4479,437.4,4.1419,nan,edge/x86_64,unknown,3.12.3,2026-10-09T18:44:39Z
144,ML-KEM-768+ML-DSA-65,post-quantum,3,wrap_flow,0.1822,0.0,0.0,0.0,0,0,1088,3309,1024,5503,4479,437.4,2.7323,nan,edge/x86_64,unknown,3.12.3,2026-10-09T18:44:39Z
145,ML-KEM-768+ML-DSA-65,post-quantum,3,wrap_flow,0.1295,0.0,0.0,0.0,0,0,1088,3309,1024,5503,4479,437.4,1.9422,nan,edge/x86_64,unknown,3.12.3,2026-10-09T18:44:39Z
146,ML-KEM-768+ML-DSA-65,post-quantum,3,wrap_flow,0.1378,0.0,0.0,0.0,0,0,1088,3309,1024,5503,4479,437.4,2.0667,nan,edge/x86_64,unknown,3.12.3,2026-10-09T18:44:39Z
147,ML-KEM-768+ML-DSA-65,post-quantum,3,wrap_flow,0.1419,0.0,0.0,0.0,0,0,1088,3309,1024,5503,4479,437.4,2.1292,nan,edge/x86_64,unknown,3.12.3,2026-10-09T18:44:39Z
148,ML-KEM-768+ML-DSA-65,post-quantum,3,wrap_flow,0.2296,0.0,0.0,0.0,0,0,1088,3309,1024,5503,4479,437.4,3.4444,nan,edge/x86_64,unknown,3.12.3,2026-10-09T18:44:39Z
149,ML-KEM-768+ML-DSA-65,post-quantum,3,wrap_flow,0.4028,0.0,0.0,0.0,0,0,1088,3309,1024,5503,4479,437.4,6.0426,nan,edge/x86_64,unknown,3.12.3,2026-10-09T18:44:39Z
150,ML-KEM-768+ML-DSA-65,post-quantum,3,wrap_flow,0.1845,0.0,0.0,0.0,0,0,1088,3309,1024,5503,4479,437.4,2.7669,nan,edge/x86_64,unknown,3.12.3,2026-10-09T18:44:39Z
151,ML-KEM-768+ML-DSA-65,post-quantum,3,wrap_flow,0.1707,0.0,0.0,0.0,0,0,1088,3309,1024,5503,4479,437.4,2.5601,nan,edge/x86_64,unknown,3.12.3,2026-10-09T18:44:39Z
152,ML-KEM-768+ML-DSA-65,post-quantum,3,wrap_flow,0.1874,0.0,0.0,0.0,0,0,1088,3309,1024,5503,4479,437.4,2.8116,nan,edge/x86_64,unknown,3.12.3,2026-10-09T18:44:39Z
153,ML-KEM-768+ML-DSA-65,post-quantum,3,wrap_flow,0.1532,0.0,0.0,0.0,0,0,1088,3309,1024,5503,4479,437.4,2.2983,nan,edge/x86_64,unknown,3.12.3,2026-10-09T18:44:39Z
154,ML-KEM-768+ML-DSA-65,post-quantum,3,wrap_flow,0.1394,0.0,0.0,0.0,0,0,1088,3309,1024,5503,4479,437.4,2.0917,nan,edge/x86_64,unknown,3.12.3,2026-10-09T18:44:39Z
155,ML-KEM-768+ML-DSA-65,post-quantum,3,wrap_flow,0.2599,0.0,0.0,0.0,0,0,1088,3309,1024,5503,4479,437.4,3.898,nan,edge/x86_64,unknown,3.12.3,2026-10-09T18:44:39Z
156,ML-KEM-768+ML-DSA-65,post-quantum,3,wrap_flow,0.1436,0.0,0.0,0.0,0,0,1088,3309,1024,5503,4479,437.4,2.1543,nan,edge/x86_64,unknown,3.12.3,2026-10-09T18:44:39Z
157,ML-KEM-768+ML-DSA-65,post-quantum,3,wrap_flow,0.1564,0.0,0.0,0.0,0,0,1088,3309,1024,5503,4479,437.4,2.3462,nan,edge/x86_64,unknown,3.12.3,2026-10-09T18:44:39Z
158,ML-KEM-768+ML-DSA-65,post-quantum,3,wrap_flow,0.4004,0.0,0.0,0.0,0,0,1088,3309,1024,5503,4479,437.4,6.0067,nan,edge/x86_64,unknown,3.12.3,2026-10-09T18:44:39Z
159,ML-KEM-768+ML-DSA-65,post-quantum,3,wrap_flow,0.3869,0.0,0.0,0.0,0,0,1088,3309,1024,5503,4479,437.4,5.8036,nan,edge/x86_64,unknown,3.12.3,2026-10-09T18:44:39Z
160,ML-KEM-768+ML-DSA-65,post-quantum,3,wrap_flow,0.1665,0.0,0.0,0.0,0,0,1088,3309,1024,5503,4479,437.4,2.4978,nan,edge/x86_64,unknown,3.12.3,2026-10-09T18:44:39Z
161,ML-KEM-768+ML-DSA-65,post-quantum,3,wrap_flow,0.3192,0.0,0.0,0.0,0,0,1088,3309,1024,5503,4479,437.4,4.7884,nan,edge/x86_64,unknown,3.12.3,2026-10-09T18:44:39Z
162,ML-KEM-768+ML-DSA-65,post-quantum,3,wrap_flow,0.28,0.0,0.0,0.0,0,0,1088,3309,1024,5503,4479,437.4,4.2002,nan,edge/x86_64,unknown,3.12.3,2026-10-09T18:44:39Z
163,ML-KEM-768+ML-DSA-65,post-quantum,3,wrap_flow,0.166,0.0,0.0,0.0,0,0,1088,3309,1024,5503,4479,437.4,2.4897,nan,edge/x86_64,unknown,3.12.3,2026-10-09T18:44:39Z
164,ML-KEM-768+ML-DSA-65,post-quantum,3,wrap_flow,0.1182,0.0,0.0,0.0,0,0,1088,3309,1024,5503,4479,437.4,1.7735,nan,edge/x86_64,unknown,3.12.3,2026-10-09T18:44:39Z
165,ML-KEM-768+ML-DSA-65,post-quantum,3,wrap_flow,0.1818,0.0,0.0,0.0,0,0,1088,3309,1024,5503,4479,437.4,2.7269,nan,edge/x86_64,unknown,3.12.3,2026-10-09T18:44:39Z
166,ML-KEM-768+ML-DSA-65,post-quantum,3,wrap_flow,0.2345,0.0,0.0,0.0,0,0,1088,3309,1024,5503,4479,437.4,3.5182,nan,edge/x86_64,unknown,3.12.3,2026-10-09T18:44:39Z
167,ML-KEM-768+ML-DSA-65,post-quantum,3,wrap_flow,0.2822,0.0,0.0,0.0,0,0,1088,3309,1024,5503,4479,437.4,4.2326,nan,edge/x86_64,unknown,3.12.3,2026-10-09T18:44:39Z
168,ML-KEM-768+ML-DSA-65,post-quantum,3,wrap_flow,0.1681,0.0,0.0,0.0,0,0,1088,3309,1024,5503,4479,437.4,2.5209,nan,edge/x86_64,unknown,3.12.3,2026-10-09T18:44:39Z
169,ML-KEM-768+ML-DSA-65,post-quantum,3,wrap_flow,0.3353,0.0,0.0,0.0,0,0,1088,3309,1024,5503,4479,437.4,5.0288,nan,edge/x86_64,unknown,3.12.3,2026-10-09T18:44:39Z
170,ML-KEM-768+ML-DSA-65,post-quantum,3,wrap_flow,0.4608,0.0,0.0,0.0,0,0,1088,3309,1024,5503,4479,437.4,6.9123,nan,edge/x86_64,unknown,3.12.3,2026-10-09T18:44:39Z
171,ML-KEM-768+ML-DSA-65,post-quantum,3,wrap_flow,0.1791,0.0,0.0,0.0,0,0,1088,3309,1024,5503,4479,437.4,2.6868,nan,edge/x86_64,unknown,3.12.3,2026-10-09T18:44:39Z
172,ML-KEM-768+ML-DSA-65,post-quantum,3,wrap_flow,0.1383,0.0,0.0,0.0,0,0,1088,3309,1024,5503,4479,437.4,2.0745,nan,edge/x86_64,unknown,3.12.3,2026-10-09T18:44:39Z
173,ML-KEM-768+ML-DSA-65,post-quantum,3,wrap_flow,0.1185,0.0,0.0,0.0,0,0,1088,3309,1024,5503,4479,437.4,1.777,nan,edge/x86_64,unknown,3.12.3,2026-10-09T18:44:39Z
174,ML-KEM-768+ML-DSA-65,post-quantum,3,wrap_flow,0.2839,0.0,0.0,0.0,0,0,1088,3309,1024,5503,4479,437.4,4.2586,nan,edge/x86_64,unknown,3.12.3,2026-10-09T18:44:39Z
175,ML-KEM-768+ML-DSA-65,post-quantum,3,wrap_flow,0.1442,0.0,0.0,0.0,0,0,1088,3309,1024,5503,4479,437.4,2.1629,nan,edge/x86_64,unknown,3.12.3,2026-10-09T18:44:39Z
176,ML-KEM-768+ML-DSA-65,post-quantum,3,wrap_flow,0.1646,0.0,0.0,0.0,0,0,1088,3309,1024,5503,4479,437.4,2.4689,nan,edge/x86_64,unknown,3.12.3,2026-10-09T18:44:39Z
177,ML-KEM-768+ML-DSA-65,post-quantum,3,wrap_flow,0.2044,0.0,0.0,0.0,0,0,1088,3309,1024,5503,4479,437.4,3.0659,nan,edge/x86_64,unknown,3.12.3,2026-10-09T18:44:39Z
178,ML-KEM-768+ML-DSA-65,post-quantum,3,wrap_flow,0.1172,0.0,0.0,0.0,0,0,1088,3309,1024,5503,4479,437.4,1.7578,nan,edge/x86_64,unknown,3.12.3,2026-10-09T18:44:39Z
179,ML-KEM-768+ML-DSA-65,post-quantum,3,wrap_flow,0.2789,0.0,0.0,0.0,0,0,1088,3309,1024,5503,4479,437.4,4.1831,nan,edge/x86_64,unknown,3.12.3,2026-10-09T18:44:39Z
180,ML-KEM-768+ML-DSA-65,post-quantum,3,wrap_flow,0.1574,0.0,0.0,0.0,0,0,1088,3309,1024,5503,4479,437.4,2.361,nan,edge/x86_64,unknown,3.12.3,2026-10-09T18:44:39Z
181,ML-KEM-768+ML-DSA-65,post-quantum,3,wrap_flow,0.1317,0.0,0.0,0.0,0,0,1088,3309,1024,5503,4479,437.4,1.9762,nan,edge/x86_64,unknown,3.12.3,2026-10-09T18:44:39Z
182,ML-KEM-768+ML-DSA-65,post-quantum,3,wrap_flow,0.185,0.0,0.0,0.0,0,0,1088,3309,1024,5503,4479,437.4,2.775,nan,edge/x86_64,unknown,3.12.3,2026-10-09T18:44:39Z
183,ML-KEM-768+ML-DSA-65,post-quantum,3,wrap_flow,0.2036,0.0,0.0,0.0,0,0,1088,3309,1024,5503,4479,437.4,3.0537,nan,edge/x86_64,unknown,3.12.3,2026-10-09T18:44:39Z
184,ML-KEM-768+ML-DSA-65,post-quantum,3,wrap_flow,0.8126,0.0,0.0,0.0,0,0,1088,3309,1024,5503,4479,437.4,12.1894,nan,edge/x86_64,unknown,3.12.3,2026-10-09T18:44:39Z
185,ML-KEM-768+ML-DSA-65,post-quantum,3,wrap_flow,0.3704,0.0,0.0,0.0,0,0,1088,3309,1024,5503,4479,437.4,5.5557,nan,edge/x86_64,unknown,3.12.3,2026-10-09T18:44:39Z
186,ML-KEM-768+ML-DSA-65,post-quantum,3,wrap_flow,0.2008,0.0,0.0,0.0,0,0,1088,3309,1024,5503,4479,437.4,3.0121,nan,edge/x86_64,unknown,3.12.3,2026-10-09T18:44:39Z
187,ML-KEM-768+ML-DSA-65,post-quantum,3,wrap_flow,0.5321,0.0,0.0,0.0,0,0,1088,3309,1024,5503,4479,437.4,7.9808,nan,edge/x86_64,unknown,3.12.3,2026-10-09T18:44:39Z
188,ML-KEM-768+ML-DSA-65,post-quantum,3,wrap_flow,0.5695,0.0,0.0,0.0,0,0,1088,3309,1024,5503,4479,437.4,8.543,nan,edge/x86_64,unknown,3.12.3,2026-10-09T18:44:39Z
189,ML-KEM-768+ML-DSA-65,post-quantum,3,wrap_flow,0.2143,0.0,0.0,0.0,0,0,1088,3309,1024,5503,4479,437.4,3.215,nan,edge/x86_64,unknown,3.12.3,2026-10-09T18:44:39Z
190,ML-KEM-768+ML-DSA-65,post-quantum,3,wrap_flow,0.1873,0.0,0.0,0.0,0,0,1088,3309,1024,5503,4479,437.4,2.8091,nan,edge/x86_64,unknown,3.12.3,2026-10-09T18:44:39Z
191,ML-KEM-768+ML-DSA-65,post-quantum,3,wrap_flow,0.2833,0.0,0.0,0.0,0,0,1088,3309,1024,5503,4479,437.4,4.2502,nan,edge/x86_64,unknown,3.12.3,2026-10-09T18:44:39Z
192,ML-KEM-768+ML-DSA-65,post-quantum,3,wrap_flow,0.2328,0.0,0.0,0.0,0,0,1088,3309,1024,5503,4479,437.4,3.4917,nan,edge/x86_64,unknown,3.12.3,2026-10-09T18:44:39Z
193,ML-KEM-768+ML-DSA-65,post-quantum,3,wrap_flow,0.1964,0.0,0.0,0.0,0,0,1088,3309,1024,5503,4479,437.4,2.946,nan,edge/x86_64,unknown,3.12.3,2026-10-09T18:44:39Z
194,ML-KEM-768+ML-DSA-65,post-quantum,3,wrap_flow,0.2225,0.0,0.0,0.0,0,0,1088,3309,1024,5503,4479,437.4,3.3372,nan,edge/x86_64,unknown,3.12.3,2026-10-09T18:44:39Z
195,ML-KEM-768+ML-DSA-65,post-quantum,3,wrap_flow,0.3934,0.0,0.0,0.0,0,0,1088,3309,1024,5503,4479,437.4,5.9014,nan,edge/x86_64,unknown,3.12.3,2026-10-09T18:44:39Z
196,ML-KEM-768+ML-DSA-65,post-quantum,3,wrap_flow,0.2158,0.0,0.0,0.0,0,0,1088,3309,1024,5503,4479,437.4,3.2365,nan,edge/x86_64,unknown,3.12.3,2026-10-09T18:44:39Z
197,ML-KEM-768+ML-DSA-65,post-quantum,3,wrap_flow,0.2094,0.0,0.0,0.0,0,0,1088,3309,1024,5503,4479,437.4,3.1417,nan,edge/x86_64,unknown,3.12.3,2026-10-09T18:44:39Z
198,ML-KEM-768+ML-DSA-65,post-quantum,3,wrap_flow,0.3152,0.0,0.0,0.0,0,0,1088,3309,1024,5503,4479,437.4,4.7276,nan,edge/x86_64,unknown,3.12.3,2026-10-09T18:44:39Z
199,ML-KEM-768+ML-DSA-65,post-quantum,3,wrap_flow,0.2151,0.0,0.0,0.0,0,0,1088,3309,1024,5503,4479,437.4,3.2259,nan,edge/x86_64,unknown,3.12.3,2026-10-09T18:44:39Z
