run_id,algorithm,algorithm_family,nist_security_level,operation,latency_ms,cpu_pct_mean,cpu_pct_p95,ram_delta_mb,public_key_bytes,private_key_bytes,ciphertext_bytes,signature_bytes,payload_bytes,capsule_total_bytes,amplification_bytes,amplification_pct,energy_proxy_mj,rapl_energy_j,hw_platform,liboqs_version,python_version,timestamp_utc
0,ML-KEM-512,post-quantum,1,keygen,0.0532,0.0,0.0,0.315,800,1632,768,0,0,0,0,0.0,0.7981,nan,edge/x86_64,unknown,3.12.3,2026-10-09T18:44:59Z
0,ML-KEM-512,post-quantum,1,encapsulate,0.0375,0.0,0.0,0.315,800,1632,768,0,0,0,0,0.0,0.5632,nan,edge/x86_64,unknown,3.12.3,2026-10-09T18:44:59Z
0,ML-KEM-512,post-quantum,1,decapsulate,0.0402,0.0,0.0,0.315,800,1632,768,0,0,0,0,0.0,0.6034,nan,edge/x86_64,unknown,3.12.3,2026-10-09T18:44:59Z
1,ML-KEM-512,post-quantum,1,keygen,0.0343,0.0,0.0,0.315,800,1632,768,0,0,0,0,0.0,0.5144,nan,edge/x86_64,unknown,3.12.3,2026-10-09T18:44:59Z
1,ML-KEM-512,post-quantum,1,encapsulate,0.0281,0.0,0.0,0.315,800,1632,768,0,0,0,0,0.0,0.422,nan,edge/x86_64,unknown,3.12.3,2026-10-09T18:44:59Z
1,ML-KEM-512,post-quantum,1,decapsulate,0.0283,0.0,0.0,0.315,800,1632,768,0,0,0,0,0.0,0.4239,nan,edge/x86_64,unknown,3.12.3,2026-10-09T18:44:59Z
2,ML-KEM-512,post-quantum,1,keygen,0.0279,0.0,0.0,0.315,800,1632,768,0,0,0,0,0.0,0.4179,nan,edge/x86_64,unknown,3.12.3,2026-10-09T18:44:59Z
2,ML-KEM-512,post-quantum,1,encapsulate,0.0437,0.0,0.0,0.315,800,1632,768,0,0,0,0,0.0,0.6555,nan,edge/x86_64,unknown,3.12.3,2026-10-09T18:44:59Z
2,ML-KEM-512,post-quantum,1,decapsulate,0.0279,0.0,0.0,0.315,800,1632,768,0,0,0,0,0.0,0.4181,nan,edge/x86_64,unknown,3.12.3,2026-10-09T18:44:59Z
3,ML-KEM-512,post-quantum,1,keygen,0.0424,0.0,0.0,0.315,800,1632,768,0,0,0,0,0.0,0.6353,nan,edge/x86_64,unknown,3.12.3,2026-10-09T18:44:59Z
3,ML-KEM-512,post-quantum,1,encapsulate,0.0265,0.0,0.0,0.315,800,1632,768,0,0,0,0,0.0,0.3977,nan,edge/x86_64,unknown,3.12.3,2026-10-09T18:44:59Z
3,ML-KEM-512,post-quantum,1,decapsulate,0.0254,0.0,0.0,0.315,800,1632,768,0,0,0,0,0.0,0.3803,nan,edge/x86_64,unknown,3.12.3,2026-10-09T18:44:59Z
4,ML-KEM-512,post-quantum,1,keygen,0.0256,0.0,0.0,0.315,800,1632,768,0,0,0,0,0.0,0.3839,nan,edge/x86_64,unknown,3.12.3,2026-10-09T18:44:59Z
4,ML-KEM-512,post-quantum,1,encapsulate,0.0257,0.0,0.0,0.315,800,1632,768,0,0,0,0,0.0,0.3862,nan,edge/x86_64,unknown,3.12.3,2026-10-09T18:44:59Z
4,ML-KEM-512,post-quantum,1,decapsulate,0.025,0.0,0.0,0.315,800,1632,768,0,0,0,0,0.0,0.3755,nan,edge/x86_64,unknown,3.12.3,2026-10-09T18:44:59Z
5,ML-KEM-512,post-quantum,1,keygen,0.0254,0.0,0.0,0.315,800,1632,768,0,0,0,0,0.0,0.3803,nan,edge/x86_64,unknown,3.12.3,2026-10-09T18:44:59Z
5,ML-KEM-512,post-quantum,1,encapsulate,0.0251,0.0,0.0,0.315,800,1632,768,0,0,0,0,0.0,0.377,nan,edge/x86_64,unknown,3.12.3,2026-10-09T18:44:59Z
5,ML-KEM-512,post-quantum,1,decapsulate,0.025,0.0,0.0,0.315,800,1632,768,0,0,0,0,0.0,0.3755,nan,edge/x86_64,unknown,3.12.3,2026-10-09T18:44:59Z
6,ML-KEM-512,post-quantum,1,keygen,0.0252,0.0,0.0,0.315,800,1632,768,0,0,0,0,0.0,0.3785,nan,edge/x86_64,unknown,3.12.3,2026-10-09T18:44:59Z
6,ML-KEM-512,post-quantum,1,encapsulate,0.0269,0.0,0.0,0.315,800,1632,768,0,0,0,0,0.0,0.4038,nan,edge/x86_64,unknown,3.12.3,2026-10-09T18:44:59Z
6,ML-KEM-512,post-quantum,1,decapsulate,0.0246,0.0,0.0,0.315,800,1632,768,0,0,0,0,0.0,0.3692,nan,edge/x86_64,unknown,3.12.3,2026-10-09T18:44:59Z
7,ML-KEM-512,post-quantum,1,keygen,0.0251,0.0,0.0,0.315,800,1632,768,0,0,0,0,0.0,0.3761,nan,edge/x86_64,unknown,3.12.3,2026-10-09T18:44:59Z
7,ML-KEM-512,post-quantum,1,encapsulate,0.0286,0.0,0.0,0.315,800,1632,768,0,0,0,0,0.0,0.4285,nan,edge/x86_64,unknown,3.12.3,2026-10-09T18:44:59Z
7,ML-KEM-512,post-quantum,1,decapsulate,0.0247,0.0,0.0,0.315,800,1632,768,0,0,0,0,0.0,0.3712,nan,edge/x86_64,unknown,3.12.3,2026-10-09T18:44:59Z
8,ML-KEM-512,post-quantum,1,keygen,0.0251,0.0,0.0,0.315,800,1632,768,0,0,0,0,0.0,0.3761,nan,edge/x86_64,unknown,3.12.3,2026-10-09T18:44:59Z
8,ML-KEM-512,post-quantum,1,encapsulate,0.0255,0.0,0.0,0.315,800,1632,768,0,0,0,0,0.0,0.3828,nan,edge/x86_64,unknown,3.12.3,2026-10-09T18:44:59Z
8,ML-KEM-512,post-quantum,1,decapsulate,0.0264,0.0,0.0,0.315,800,1632,768,0,0,0,0,0.0,0.3957,nan,edge/x86_64,unknown,3.12.3,2026-10-09T18:44:59Z
9,ML-KEM-512,post-quantum,1,keygen,0.0253,0.0,0.0,0.315,800,1632,768,0,0,0,0,0.0,0.38,nan,edge/x86_64,unknown,3.12.3,2026-10-09T18:44:59Z
9,ML-KEM-512,post-quantum,1,encapsulate,0.0335,0.0,0.0,0.315,800,1632,768,0,0,0,0,0.0,0.5026,nan,edge/x86_64,unknown,3.12.3,2026-10-09T18:44:59Z
9,ML-KEM-512,post-quantum,1,decapsulate,0.0253,0.0,0.0,0.315,800,1632,768,0,0,0,0,0.0,0.3797,nan,edge/x86_64,unknown,3.12.3,2026-10-09T18:44:59Z
10,ML-KEM-512,post-quantum,1,keygen,0.0256,0.0,0.0,0.315,800,1632,768,0,0,0,0,0.0,0.384,nan,edge/x86_64,unknown,3.12.3,2026-10-09T18:44:59Z
10,ML-KEM-512,post-quantum,1,encapsulate,0.025,0.0,0.0,0.315,800,1632,768,0,0,0,0,0.0,0.3754,nan,edge/x86_64,unknown,3.12.3,2026-10-09T18:44:59Z
10,ML-KEM-512,post-quantum,1,decapsulate,0.0243,0.0,0.0,0.315,800,1632,768,0,0,0,0,0.0,0.3651,nan,edge/x86_64,unknown,3.12.3,2026-10-09T18:44:59Z
11,ML-KEM-512,post-quantum,1,keygen,0.0263,0.0,0.0,0.315,800,1632,768,0,0,0,0,0.0,0.3951,nan,edge/x86_64,unknown,3.12.3,2026-10-09T18:44:59Z
11,ML-KEM-512,post-quantum,1,encapsulate,0.0253,0.0,0.0,0.315,800,1632,768,0,0,0,0,0.0,0.3799,nan,edge/x86_64,unknown,3.12.3,2026-10-09T18:44:59Z
11,ML-KEM-512,post-quantum,1,decapsulate,0.0251,0.0,0.0,0.315,800,1632,768,0,0,0,0,0.0,0.3766,nan,edge/x86_64,unknown,3.12.3,2026-10-09T18:44:59Z
12,ML-KEM-512,post-quantum,1,keygen,0.0244,0.0,0.0,0.315,800,1632,768,0,0,0,0,0.0,0.3659,nan,edge/x86_64,unknown,3.12.3,2026-10-09T18:44:59Z
12,ML-KEM-512,post-quantum,1,encapsulate,0.0407,0.0,0.0,0.315,800,1632,768,0,0,0,0,0.0,0.611,nan,edge/x86_64,unknown,3.12.3,2026-10-09T18:44:59Z
12,ML-KEM-512,post-quantum,1,decapsulate,0.0247,0.0,0.0,0.315,800,1632,768,0,0,0,0,0.0,0.3701,nan,edge/x86_64,unknown,3.12.3,2026-10-09T18:44:59Z
13,ML-KEM-512,post-quantum,1,keygen,0.0294,0.0,0.0,0.315,800,1632,768,0,0,0,0,0.0,0.4403,nan,edge/x86_64,unknown,3.12.3,2026-10-09T18:44:59Z
13,ML-KEM-512,post-quantum,1,encapsulate,0.033,0.0,0.0,0.315,800,1632,768,0,0,0,0,0.0,0.4952,nan,edge/x86_64,unknown,3.12.3,2026-10-09T18:44:59Z
13,ML-KEM-512,post-quantum,1,decapsulate,0.0426,0.0,0.0,0.315,800,1632,768,0,0,0,0,0.0,0.6383,nan,edge/x86_64,unknown,3.12.3,2026-10-09T18:44:59Z
14,ML-KEM-512,post-quantum,1,keygen,0.0272,0.0,0.0,0.315,800,1632,768,0,0,0,0,0.0,0.4075,nan,edge/x86_64,unknown,3.12.3,2026-10-09T18:44:59Z
14,ML-KEM-512,post-quantum,1,encapsulate,0.0261,0.0,0.0,0.315,800,1632,768,0,0,0,0,0.0,0.3913,nan,edge/x86_64,unknown,3.12.3,2026-10-09T18:44:59Z
14,ML-KEM-512,post-quantum,1,decapsulate,0.0245,0.0,0.0,0.315,800,1632,768,0,0,0,0,0.0,0.3677,nan,edge/x86_64,unknown,3.12.3,2026-10-09T18:44:59Z
15,ML-KEM-512,post-quantum,1,keygen,0.0243,0.0,0.0,0.315,800,1632,768,0,0,0,0,0.0,0.365,nan,edge/x86_64,unknown,3.12.3,2026-10-09T18:44:59Z
15,ML-KEM-512,post-quantum,1,encapsulate,0.0254,0.0,0.0,0.315,800,1632,768,0,0,0,0,0.0,0.3805,nan,edge/x86_64,unknown,3.12.3,2026-10-09T18:44:59Z
15,ML-KEM-512,post-quantum,1,decapsulate,0.025,0.0,0.0,0.315,800,1632,768,0,0,0,0,0.0,0.375,nan,edge/x86_64,unknown,3.12.3,2026-10-09T18:44:59Z
16,ML-KEM-512,post-quantum,1,keygen,0.0249,0.0,0.0,0.315,800,1632,768,0,0,0,0,0.0,0.373,nan,edge/x86_64,unknown,3.12.3,2026-10-09T18:44:59Z
16,ML-KEM-512,post-quantum,1,encapsulate,0.0251,0.0,0.0,0.315,800,1632,768,0,0,0,0,0.0,0.3763,nan,edge/x86_64,unknown,3.12.3,2026-10-09T18:44:59Z
16,ML-KEM-512,post-quantum,1,decapsulate,0.0244,0.0,0.0,0.315,800,1632,768,0,0,0,0,0.0,0.3665,nan,edge/x86_64,unknown,3.12.3,2026-10-09T18:44:59Z
17,ML-KEM-512,post-quantum,1,keygen,0.0387,0.0,0.0,0.315,800,1632,768,0,0,0,0,0.0,0.5805,nan,edge/x86_64,unknown,3.12.3,2026-10-09T18:44:59Z
17,ML-KEM-512,post-quantum,1,encapsulate,0.0253,0.0,0.0,0.315,800,1632,768,0,0,0,0,0.0,0.3802,nan,edge/x86_64,unknown,3.12.3,2026-10-09T18:44:59Z
17,ML-KEM-512,post-quantum,1,decapsulate,0.0245,0.0,0.0,0.315,800,1632,768,0,0,0,0,0.0,0.3671,nan,edge/x86_64,unknown,3.12.3,2026-10-09T18:44:59Z
18,ML-KEM-512,post-quantum,1,keygen,0.0242,0.0,0.0,0.315,800,1632,768,0,0,0,0,0.0,0.3636,nan,edge/x86_64,unknown,3.12.3,2026-10-09T18:44:59Z
18,ML-KEM-512,post-quantum,1,encapsulate,0.0249,0.0,0.0,0.315,800,1632,768,0,0,0,0,0.0,0.3741,nan,edge/x86_64,unknown,3.12.3,2026-10-09T18:44:59Z
18,ML-KEM-512,post-quantum,1,decapsulate,0.0299,0.0,0.0,0.315,800,1632,768,0,0,0,0,0.0,0.4491,nan,edge/x86_64,unknown,3.12.3,2026-10-09T18:44:59Z
19,ML-KEM-512,post-quantum,1,keygen,0.0247,0.0,0.0,0.315,800,1632,768,0,0,0,0,0.0,0.371,nan,edge/x86_64,unknown,3.12.3,2026-10-09T18:44:59Z
19,ML-KEM-512,post-quantum,1,encapsulate,0.0282,0.0,0.0,0.315,800,1632,768,0,0,0,0,0.0,0.4237,nan,edge/x86_64,unknown,3.12.3,2026-10-09T18:44:59Z
19,ML-KEM-512,post-quantum,1,decapsulate,0.0243,0.0,0.0,0.315,800,1632,768,0,0,0,0,0.0,0.3652,nan,edge/x86_64,unknown,3.12.3,2026-10-09T18:44:59Z
20,ML-KEM-512,post-quantum,1,keygen,0.0648,0.0,0.0,0.315,800,1632,768,0,0,0,0,0.0,0.9719,nan,edge/x86_64,unknown,3.12.3,2026-10-09T18:44:59Z
20,ML-KEM-512,post-quantum,1,encapsulate,0.0354,0.0,0.0,0.315,800,1632,768,0,0,0,0,0.0,0.5306,nan,edge/x86_64,unknown,3.12.3,2026-10-09T18:44:59Z
20,ML-KEM-512,post-quantum,1,decapsulate,0.0255,0.0,0.0,0.315,800,1632,768,0,0,0,0,0.0,0.3819,nan,edge/x86_64,unknown,3.12.3,2026-10-09T18:44:59Z
21,ML-KEM-512,post-quantum,1,keygen,0.0263,0.0,0.0,0.315,800,1632,768,0,0,0,0,0.0,0.3938,nan,edge/x86_64,unknown,3.12.3,2026-10-09T18:44:59Z
21,ML-KEM-512,post-quantum,1,encapsulate,0.0261,0.0,0.0,0.315,800,1632,768,0,0,0,0,0.0,0.3915,nan,edge/x86_64,unknown,3.12.3,2026-10-09T18:44:59Z
21,ML-KEM-512,post-quantum,1,decapsulate,0.0253,0.0,0.0,0.315,800,1632,768,0,0,0,0,0.0,0.379,nan,edge/x86_64,unknown,3.12.3,2026-10-09T18:44:59Z
22,ML-KEM-512,post-quantum,1,keygen,0.0248,0.0,0.0,0.315,800,1632,768,0,0,0,0,0.0,0.3725,nan,edge/x86_64,unknown,3.12.3,2026-10-09T18:44:59Z
22,ML-KEM-512,post-quantum,1,encapsulate,0.0256,0.0,0.0,0.315,800,1632,768,0,0,0,0,0.0,0.3845,nan,edge/x86_64,unknown,3.12.3,2026-10-09T18:44:59Z
22,ML-KEM-512,post-quantum,1,decapsulate,0.0263,0.0,0.0,0.315,800,1632,768,0,0,0,0,0.0,0.3949,nan,edge/x86_64,unknown,3.12.3,2026-10-09T18:44:59Z
23,ML-KEM-512,post-quantum,1,keygen,0.0243,0.0,0.0,0.315,800,1632,768,0,0,0,0,0.0,0.3644,nan,edge/x86_64,unknown,3.12.3,2026-10-09T18:44:59Z
23,ML-KEM-512,post-quantum,1,encapsulate,0.0251,0.0,0.0,0.315,800,1632,768,0,0,0,0,0.0,0.3758,nan,edge/x86_64,unknown,3.12.3,2026-10-09T18:44:59Z
23,ML-KEM-512,post-quantum,1,decapsulate,0.0416,0.0,0.0,0.315,800,1632,768,0,0,0,0,0.0,0.6234,nan,edge/x86_64,unknown,3.12.3,2026-10-09T18:44:59Z
24,ML-KEM-512,post-quantum,1,keygen,0.0295,0.0,0.0,0.315,800,1632,768,0,0,0,0,0.0,0.4427,nan,edge/x86_64,unknown,3.12.3,2026-10-09T18:44:59Z
24,ML-KEM-512,post-quantum,1,encapsulate,0.0471,0.0,0.0,0.315,800,1632,768,0,0,0,0,0.0,0.7058,nan,edge/x86_64,unknown,3.12.3,2026-10-09T18:44:59Z
24,ML-KEM-512,post-quantum,1,decapsulate,0.0259,0.0,0.0,0.315,800,1632,768,0,0,0,0,0.0,0.3886,nan,edge/x86_64,unknown,3.12.3,2026-10-09T18:44:59Z
25,ML-KEM-512,post-quantum,1,keygen,0.0249,0.0,0.0,0.315,800,1632,768,0,0,0,0,0.0,0.373,nan,edge/x86_64,unknown,3.12.3,2026-10-09T18:44:59Z
25,ML-KEM-512,post-quantum,1,encapsulate,0.0295,0.0,0.0,0.315,800,1632,768,0,0,0,0,0.0,0.4419,nan,edge/x86_64,unknown,3.12.3,2026-10-09T18:44:59Z
25,ML-KEM-512,post-quantum,1,decapsulate,0.0253,0.0,0.0,0.315,800,1632,768,0,0,0,0,0.0,0.3795,nan,edge/x86_64,unknown,3.12.3,2026-10-09T18:44:59Z
26,ML-KEM-512,post-quantum,1,keygen,0.0259,0.0,0.0,0.315,800,1632,768,0,0,0,0,0.0,0.3883,nan,edge/x86_64,unknown,3.12.3,2026-10-09T18:44:59Z
26,ML-KEM-512,post-quantum,1,encapsulate,0.0252,0.0,0.0,0.315,800,1632,768,0,0,0,0,0.0,0.3784,nan,edge/x86_64,unknown,3.12.3,2026-10-09T18:44:59Z
26,ML-KEM-512,post-quantum,1,decapsulate,0.0264,0.0,0.0,0.315,800,1632,768,0,0,0,0,0.0,0.396,nan,edge/x86_64,unknown,3.12.3,2026-10-09T18:44:59Z
27,ML-KEM-512,post-quantum,1,keygen,0.0248,0.0,0.0,0.315,800,1632,768,0,0,0,0,0.0,0.3726,nan,edge/x86_64,unknown,3.12.3,2026-10-09T18:44:59Z
27,ML-KEM-512,post-quantum,1,encapsulate,0.025,0.0,0.0,0.315,800,1632,768,0,0,0,0,0.0,0.3757,nan,edge/x86_64,unknown,3.12.3,2026-10-09T18:44:59Z
27,ML-KEM-512,post-quantum,1,decapsulate,0.0245,0.0,0.0,0.315,800,1632,768,0,0,0,0,0.0,0.3669,nan,edge/x86_64,unknown,3.12.3,2026-10-09T18:44:59Z
28,ML-KEM-512,post-quantum,1,keygen,0.0245,0.0,0.0,0.315,800,1632,768,0,0,0,0,0.0,0.367,nan,edge/x86_64,unknown,3.12.3,2026-10-09T18:44:59Z
28,ML-KEM-512,post-quantum,1,encapsulate,0.0258,0.0,0.0,0.315,800,1632,768,0,0,0,0,0.0,0.3871,nan,edge/x86_64,unknown,3.12.3,2026-10-09T18:44:59Z
28,ML-KEM-512,post-quantum,1,decapsulate,0.0245,0.0,0.0,0.315,800,1632,768,0,0,0,0,0.0,0.367,nan,edge/x86_64,unknown,3.12.3,2026-10-09T18:44:59Z
29,ML-KEM-512,post-quantum,1,keygen,0.026,0.0,0.0,0.315,800,1632,768,0,0,0,0,0.0,0.3894,nan,edge/x86_64,unknown,3.12.3,2026-10-09T18:44:59Z
29,ML-KEM-512,post-quantum,1,encapsulate,0.0265,0.0,0.0,0.315,800,1632,768,0,0,0,0,0.0,0.3971,nan,edge/x86_64,unknown,3.12.3,2026-10-09T18:44:59Z
29,ML-KEM-512,post-quantum,1,decapsulate,0.0253,0.0,0.0,0.315,800,1632,768,0,0,0,0,0.0,0.3796,nan,edge/x86_64,unknown,3.12.3,2026-10-09T18:44:59Z
30,ML-KEM-512,post-quantum,1,keygen,0.0278,0.0,0.0,0.315,800,1632,768,0,0,0,0,0.0,0.4176,nan,edge/x86_64,unknown,3.12.3,2026-10-09T18:44:59Z
30,ML-KEM-512,post-quantum,1,encapsulate,0.0253,0.0,0.0,0.315,800,1632,768,0,0,0,0,0.0,0.3798,nan,edge/x86_64,unknown,3.12.3,2026-10-09T18:44:59Z
30,ML-KEM-512,post-quantum,1,decapsulate,0.0583,0.0,0.0,0.315,800,1632,768,0,0,0,0,0.0,0.8741,nan,edge/x86_64,unknown,3.12.3,2026-10-09T18:44:59Z
31,ML-KEM-512,post-quantum,1,keygen,0.0301,0.0,0.0,0.315,800,1632,768,0,0,0,0,0.0,0.4518,nan,edge/x86_64,unknown,3.12.3,2026-10-09T18:44:59Z
31,ML-KEM-512,post-quantum,1,encapsulate,0.0479,0.0,0.0,0.315,800,1632,768,0,0,0,0,0.0,0.7182,nan,edge/x86_64,unknown,3.12.3,2026-10-09T18:44:59Z
31,ML-KEM-512,post-quantum,1,decapsulate,0.0265,0.0,0.0,0.315,800,1632,768,0,0,0,0,0.0,0.3982,nan,edge/x86_64,unknown,3.12.3,2026-10-09T18:44:59Z
32,ML-KEM-512,post-quantum,1,keygen,0.0256,0.0,0.0,0.315,800,1632,768,0,0,0,0,0.0,0.3843,nan,edge/x86_64,unknown,3.12.3,2026-10-09T18:44:59Z
32,ML-KEM-512,post-quantum,1,encapsulate,0.0249,0.0,0.0,0.315,800,1632,768,0,0,0,0,0.0,0.3737,nan,edge/x86_64,unknown,3.12.3,2026-10-09T18:44:59Z
32,ML-KEM-512,post-quantum,1,decapsulate,0.0241,0.0,0.0,0.315,800,1632,768,0,0,0,0,0.0,0.3614,nan,edge/x86_64,unknown,3.12.3,2026-10-09T18:44:59Z
33,ML-KEM-512,post-quantum,1,keygen,0.025,0.0,0.0,0.315,800,1632,768,0,0,0,0,0.0,0.3757,nan,edge/x86_64,unknown,3.12.3,2026-10-09T18:44:59Z
33,ML-KEM-512,post-quantum,1,encapsulate,0.0274,0.0,0.0,0.315,800,1632,768,0,0,0,0,0.0,0.4117,nan,edge/x86_64,unknown,3.12.3,2026-10-09T18:44:59Z
33,ML-KEM-512,post-quantum,1,decapsulate,0.0243,0.0,0.0,0.315,800,1632,768,0,0,0,0,0.0,0.3649,nan,edge/x86_64,unknown,3.12.3,2026-10-09T18:44:59Z
34,ML-KEM-512,post-quantum,1,keygen,0.0248,0.0,0.0,0.315,800,1632,768,0,0,0,0,0.0,0.3715,nan,edge/x86_64,unknown,3.12.3,2026-10-09T18:44:59Z
34,ML-KEM-512,post-quantum,1,encapsulate,0.025,0.0,0.0,0.315,800,1632,768,0,0,0,0,0.0,0.3757,nan,edge/x86_64,unknown,3.12.3,2026-10-09T18:44:59Z
34,ML-KEM-512,post-quantum,1,decapsulate,0.0244,0.0,0.0,0.315,800,1632,768,0,0,0,0,0.0,0.3654,nan,edge/x86_64,unknown,3.12.3,2026-10-09T18:44:59Z
35,ML-KEM-512,post-quantum,1,keygen,0.0286,0.0,0.0,0.315,800,1632,768,0,0,0,0,0.0,0.4293,nan,edge/x86_64,unknown,3.12.3,2026-10-09T18:44:59Z
35,ML-KEM-512,post-quantum,1,encapsulate,0.0259,0.0,0.0,0.315,800,1632,768,0,0,0,0,0.0,0.3884,nan,edge/x86_64,unknown,3.12.3,2026-10-09T18:44:59Z
35,ML-KEM-512,post-quantum,1,decapsulate,0.0241,0.0,0.0,0.315,800,1632,768,0,0,0,0,0.0,0.3612,nan,edge/x86_64,unknown,3.12.3,2026-10-09T18:44:59Z
36,ML-KEM-512,post-quantum,1,keygen,0.0249,0.0,0.0,0.315,800,1632,768,0,0,0,0,0.0,0.3738,nan,edge/x86_64,unknown,3.12.3,2026-10-09T18:44:59Z
36,ML-KEM-512,post-quantum,1,encapsulate,0.0251,0.0,0.0,0.315,800,1632,768,0,0,0,0,0.0,0.3759,nan,edge/x86_64,unknown,3.12.3,2026-10-09T18:44:59Z
36,ML-KEM-512,post-quantum,1,decapsulate,0.0249,0.0,0.0,0.315,800,1632,768,0,0,0,0,0.0,0.374,nan,edge/x86_64,unknown,3.12.3,2026-10-09T18:44:59Z
37,ML-KEM-512,post-quantum,1,keygen,0.0257,0.0,0.0,0.315,800,1632,768,0,0,0,0,0.0,0.3851,nan,edge/x86_64,unknown,3.12.3,2026-10-09T18:44:59Z
37,ML-KEM-512,post-quantum,1,encapsulate,0.0282,0.0,0.0,0.315,800,1632,768,0,0,0,0,0.0,0.4232,nan,edge/x86_64,unknown,3.12.3,2026-10-09T18:44:59Z
37,ML-KEM-512,post-quantum,1,decapsulate,0.0245,0.0,0.0,0.315,800,1632,768,0,0,0,0,0.0,0.3673,nan,edge/x86_64,unknown,3.12.3,2026-10-09T18:44:59Z
38,ML-KEM-512,post-quantum,1,keygen,0.0251,0.0,0.0,0.315,800,1632,768,0,0,0,0,0.0,0.3766,nan,edge/x86_64,unknown,3.12.3,2026-10-09T18:44:59Z
38,ML-KEM-512,post-quantum,1,encapsulate,0.0252,0.0,0.0,0.315,800,1632,768,0,0,0,0,0.0,0.3783,nan,edge/x86_64,unknown,3.12.3,2026-10-09T18:44:59Z
38,ML-KEM-512,post-quantum,1,decapsulate,0.0243,0.0,0.0,0.315,800,1632,768,0,0,0,0,0.0,0.3638,nan,edge/x86_64,unknown,3.12.3,2026-10-09T18:44:59Z
39,ML-KEM-512,post-quantum,1,keygen,0.0247,0.0,0.0,0.315,800,1632,768,0,0,0,0,0.0,0.3712,nan,edge/x86_64,unknown,3.12.3,2026-10-09T18:44:59Z
39,ML-KEM-512,post-quantum,1,encapsulate,0.0247,0.0,0.0,0.315,800,1632,768,0,0,0,0,0.0,0.3705,nan,edge/x86_64,unknown,3.12.3,2026-10-09T18:44:59Z
39,ML-KEM-512,post-quantum,1,decapsulate,0.0241,0.0,0.0,0.315,800,1632,768,0,0,0,0,0.0,0.3614,nan,edge/x86_64,unknown,3.12.3,2026-10-09T18:44:59Z
40,ML-KEM-512,post-quantum,1,keygen,0.0449,0.0,0.0,0.315,800,1632,768,0,0,0,0,0.0,0.6742,nan,edge/x86_64,unknown,3.12.3,2026-10-09T18:44:59Z
40,ML-KEM-512,post-quantum,1,encapsulate,0.0341,0.0,0.0,0.315,800,1632,768,0,0,0,0,0.0,0.5121,nan,edge/x86_64,unknown,3.12.3,2026-10-09T18:44:59Z
40,ML-KEM-512,post-quantum,1,decapsulate,0.0251,0.0,0.0,0.315,800,1632,768,0,0,0,0,0.0,0.3765,nan,edge/x86_64,unknown,3.12.3,2026-10-09T18:44:59Z
41,ML-KEM-512,post-quantum,1,keygen,0.0251,0.0,0.0,0.315,800,1632,768,0,0,0,0,0.0,0.3759,nan,edge/x86_64,unknown,3.12.3,2026-10-09T18:44:59Z
41,ML-KEM-512,post-quantum,1,encapsulate,0.0331,0.0,0.0,0.315,800,1632,768,0,0,0,0,0.0,0.4969,nan,edge/x86_64,unknown,3.12.3,2026-10-09T18:44:59Z
41,ML-KEM-512,post-quantum,1,decapsulate,0.0258,0.0,0.0,0.315,800,1632,768,0,0,0,0,0.0,0.3864,nan,edge/x86_64,unknown,3.12.3,2026-10-09T18:44:59Z
42,ML-KEM-512,post-quantum,1,keygen,0.0251,0.0,0.0,0.315,800,1632,768,0,0,0,0,0.0,0.3758,nan,edge/x86_64,unknown,3.12.3,2026-10-09T18:44:59Z
42,ML-KEM-512,post-quantum,1,encapsulate,0.0254,0.0,0.0,0.315,800,1632,768,0,0,0,0,0.0,0.3812,nan,edge/x86_64,unknown,3.12.3,2026-10-09T18:44:59Z
42,ML-KEM-512,post-quantum,1,decapsulate,0.0246,0.0,0.0,0.315,800,1632,768,0,0,0,0,0.0,0.3688,nan,edge/x86_64,unknown,3.12.3,2026-10-09T18:44:59Z
43,ML-KEM-512,post-quantum,1,keygen,0.0248,0.0,0.0,0.315,800,1632,768,0,0,0,0,0.0,0.3716,nan,edge/x86_64,unknown,3.12.3,2026-10-09T18:44:59Z
43,ML-KEM-512,post-quantum,1,encapsulate,0.0281,0.0,0.0,0.315,800,1632,768,0,0,0,0,0.0,0.4216,nan,edge/x86_64,unknown,3.12.3,2026-10-09T18:44:59Z
43,ML-KEM-512,post-quantum,1,decapsulate,0.0244,0.0,0.0,0.315,800,1632,768,0,0,0,0,0.0,0.3655,nan,edge/x86_64,unknown,3.12.3,2026-10-09T18:44:59Z
44,ML-KEM-512,post-quantum,1,keygen,0.0245,0.0,0.0,0.315,800,1632,768,0,0,0,0,0.0,0.3681,nan,edge/x86_64,unknown,3.12.3,2026-10-09T18:44:59Z
44,ML-KEM-512,post-quantum,1,encapsulate,0.0301,0.0,0.0,0.315,800,1632,768,0,0,0,0,0.0,0.452,nan,edge/x86_64,unknown,3.12.3,2026-10-09T18:44:59Z
44,ML-KEM-512,post-quantum,1,decapsulate,0.0247,0.0,0.0,0.315,800,1632,768,0,0,0,0,0.0,0.3705,nan,edge/x86_64,unknown,3.12.3,2026-10-09T18:44:59Z
45,ML-KEM-512,post-quantum,1,keygen,0.0248,0.0,0.0,0.315,800,1632,768,0,0,0,0,0.0,0.3713,nan,edge/x86_64,unknown,3.12.3,2026-10-09T18:44:59Z
45,ML-KEM-512,post-quantum,1,encapsulate,0.0527,0.0,0.0,0.315,800,1632,768,0,0,0,0,0.0,0.7907,nan,edge/x86_64,unknown,3.12.3,2026-10-09T18:44:59Z
45,ML-KEM-512,post-quantum,1,decapsulate,0.0255,0.0,0.0,0.315,800,1632,768,0,0,0,0,0.0,0.3831,nan,edge/x86_64,unknown,3.12.3,2026-10-09T18:44:59Z
46,ML-KEM-512,post-quantum,1,keygen,0.0245,0.0,0.0,0.315,800,1632,768,0,0,0,0,0.0,0.3682,nan,edge/x86_64,unknown,3.12.3,2026-10-09T18:44:59Z
46,ML-KEM-512,post-quantum,1,encapsulate,0.0245,0.0,0.0,0.315,800,1632,768,0,0,0,0,0.0,0.368,nan,edge/x86_64,unknown,3.12.3,2026-10-09T18:44:59Z
46,ML-KEM-512,post-quantum,1,decapsulate,0.0241,0.0,0.0,0.315,800,1632,768,0,0,0,0,0.0,0.3618,nan,edge/x86_64,unknown,3.12.3,2026-10-09T18:44:59Z
47,ML-KEM-512,post-quantum,1,keygen,0.0242,0.0,0.0,0.315,800,1632,768,0,0,0,0,0.0,0.3627,nan,edge/x86_64,unknown,3.12.3,2026-10-09T18:44:59Z
47,ML-KEM-512,post-quantum,1,encapsulate,0.0251,0.0,0.0,0.315,800,1632,768,0,0,0,0,0.0,0.3763,nan,edge/x86_64,unknown,3.12.3,2026-10-09T18:44:59Z
47,ML-KEM-512,post-quantum,1,decapsulate,0.0247,0.0,0.0,0.315,800,1632,768,0,0,0,0,0.0,0.37,nan,edge/x86_64,unknown,3.12.3,2026-10-09T18:44:59Z
48,ML-KEM-512,post-quantum,1,keygen,0.0242,0.0,0.0,0.315,800,1632,768,0,0,0,0,0.0,0.3624,nan,edge/x86_64,unknown,3.12.3,2026-10-09T18:44:59Z
48,ML-KEM-512,post-quantum,1,encapsulate,0.0254,0.0,0.0,0.315,800,1632,768,0,0,0,0,0.0,0.3812,nan,edge/x86_64,unknown,3.12.3,2026-10-09T18:44:59Z
48,ML-KEM-512,post-quantum,1,decapsulate,0.0252,0.0,0.0,0.315,800,1632,768,0,0,0,0,0.0,0.3775,nan,edge/x86_64,unknown,3.12.3,2026-10-09T18:44:59Z
49,ML-KEM-512,post-quantum,1,keygen,0.0253,0.0,0.0,0.315,800,1632,768,0,0,0,0,0.0,0.3798,nan,edge/x86_64,unknown,3.12.3,2026-10-09T18:44:59Z
49,ML-KEM-512,post-quantum,1,encapsulate,0.0278,0.0,0.0,0.315,800,1632,768,0,0,0,0,0.0,0.4171,nan,edge/x86_64,unknown,3.12.3,2026-10-09T18:44:59Z
49,ML-KEM-512,post-quantum,1,decapsulate,0.0249,0.0,0.0,0.315,800,1632,768,0,0,0,0,0.0,0.3738,nan,edge/x86_64,unknown,3.12.3,2026-10-09T18:44:59Z
50,ML-KEM-512,post-quantum,1,keygen,0.0268,0.0,0.0,0.315,800,1632,768,0,0,0,0,0.0,0.4018,nan,edge/x86_64,unknown,3.12.3,2026-10-09T18:44:59Z
50,ML-KEM-512,post-quantum,1,encapsulate,0.026,0.0,0.0,0.315,800,1632,768,0,0,0,0,0.0,0.3893,nan,edge/x86_64,unknown,3.12.3,2026-10-09T18:44:59Z
50,ML-KEM-512,post-quantum,1,decapsulate,0.2458,0.0,0.0,0.315,800,1632,768,0,0,0,0,0.0,3.6877,nan,edge/x86_64,unknown,3.12.3,2026-10-09T18:44:59Z
51,ML-KEM-512,post-quantum,1,keygen,0.0841,0.0,0.0,0.315,800,1632,768,0,0,0,0,0.0,1.2619,nan,edge/x86_64,unknown,3.12.3,2026-10-09T18:44:59Z
51,ML-KEM-512,post-quantum,1,encapsulate,0.0473,0.0,0.0,0.315,800,1632,768,0,0,0,0,0.0,0.7094,nan,edge/x86_64,unknown,3.12.3,2026-10-09T18:44:59Z
51,ML-KEM-512,post-quantum,1,decapsulate,0.0464,0.0,0.0,0.315,800,1632,768,0,0,0,0,0.0,0.6956,nan,edge/x86_64,unknown,3.12.3,2026-10-09T18:44:59Z
52,ML-KEM-512,post-quantum,1,keygen,0.0426,0.0,0.0,0.315,800,1632,768,0,0,0,0,0.0,0.6392,nan,edge/x86_64,unknown,3.12.3,2026-10-09T18:44:59Z
52,ML-KEM-512,post-quantum,1,encapsulate,0.0418,0.0,0.0,0.315,800,1632,768,0,0,0,0,0.0,0.6272,nan,edge/x86_64,unknown,3.12.3,2026-10-09T18:44:59Z
52,ML-KEM-512,post-quantum,1,decapsulate,0.0419,0.0,0.0,0.315,800,1632,768,0,0,0,0,0.0,0.6287,nan,edge/x86_64,unknown,3.12.3,2026-10-09T18:44:59Z
53,ML-KEM-512,post-quantum,1,keygen,0.0673,0.0,0.0,0.315,800,1632,768,0,0,0,0,0.0,1.0098,nan,edge/x86_64,unknown,3.12.3,2026-10-09T18:44:59Z
53,ML-KEM-512,post-quantum,1,encapsulate,0.0407,0.0,0.0,0.315,800,1632,768,0,0,0,0,0.0,0.61,nan,edge/x86_64,unknown,3.12.3,2026-10-09T18:44:59Z
53,ML-KEM-512,post-quantum,1,decapsulate,0.0396,0.0,0.0,0.315,800,1632,768,0,0,0,0,0.0,0.5945,nan,edge/x86_64,unknown,3.12.3,2026-10-09T18:44:59Z
54,ML-KEM-512,post-quantum,1,keygen,0.0382,0.0,0.0,0.315,800,1632,768,0,0,0,0,0.0,0.5735,nan,edge/x86_64,unknown,3.12.3,2026-10-09T18:44:59Z
54,ML-KEM-512,post-quantum,1,encapsulate,0.0403,0.0,0.0,0.315,800,1632,768,0,0,0,0,0.0,0.6042,nan,edge/x86_64,unknown,3.12.3,2026-10-09T18:44:59Z
54,ML-KEM-512,post-quantum,1,decapsulate,0.0389,0.0,0.0,0.315,800,1632,768,0,0,0,0,0.0,0.5837,nan,edge/x86_64,unknown,3.12.3,2026-10-09T18:44:59Z
55,ML-KEM-512,post-quantum,1,keygen,0.0382,0.0,0.0,0.315,800,1632,768,0,0,0,0,0.0,0.5727,nan,edge/x86_64,unknown,3.12.3,2026-10-09T18:44:59Z
55,ML-KEM-512,post-quantum,1,encapsulate,0.0419,0.0,0.0,0.315,800,1632,768,0,0,0,0,0.0,0.628,nan,edge/x86_64,unknown,3.12.3,2026-10-09T18:44:59Z
55,ML-KEM-512,post-quantum,1,decapsulate,0.0712,0.0,0.0,0.315,800,1632,768,0,0,0,0,0.0,1.0673,nan,edge/x86_64,unknown,3.12.3,2026-10-09T18:44:59Z
56,ML-KEM-512,post-quantum,1,keygen,0.0447,0.0,0.0,0.315,800,1632,768,0,0,0,0,0.0,0.6702,nan,edge/x86_64,unknown,3.12.3,2026-10-09T18:44:59Z
56,ML-KEM-512,post-quantum,1,encapsulate,0.0632,0.0,0.0,0.315,800,1632,768,0,0,0,0,0.0,0.9474,nan,edge/x86_64,unknown,3.12.3,2026-10-09T18:44:59Z
56,ML-KEM-512,post-quantum,1,decapsulate,0.04,0.0,0.0,0.315,800,1632,768,0,0,0,0,0.0,0.5999,nan,edge/x86_64,unknown,3.12.3,2026-10-09T18:44:59Z
57,ML-KEM-512,post-quantum,1,keygen,0.0389,0.0,0.0,0.315,800,1632,768,0,0,0,0,0.0,0.583,nan,edge/x86_64,unknown,3.12.3,2026-10-09T18:44:59Z
57,ML-KEM-512,post-quantum,1,encapsulate,0.0438,0.0,0.0,0.315,800,1632,768,0,0,0,0,0.0,0.6572,nan,edge/x86_64,unknown,3.12.3,2026-10-09T18:44:59Z
57,ML-KEM-512,post-quantum,1,decapsulate,0.0404,0.0,0.0,0.315,800,1632,768,0,0,0,0,0.0,0.6067,nan,edge/x86_64,unknown,3.12.3,2026-10-09T18:44:59Z
58,ML-KEM-512,post-quantum,1,keygen,0.039,0.0,0.0,0.315,800,1632,768,0,0,0,0,0.0,0.5846,nan,edge/x86_64,unknown,3.12.3,2026-10-09T18:44:59Z
58,ML-KEM-512,post-quantum,1,encapsulate,0.0383,0.0,0.0,0.315,800,1632,768,0,0,0,0,0.0,0.5749,nan,edge/x86_64,unknown,3.12.3,2026-10-09T18:44:59Z
58,ML-KEM-512,post-quantum,1,decapsulate,0.0384,0.0,0.0,0.315,800,1632,768,0,0,0,0,0.0,0.576,nan,edge/x86_64,unknown,3.12.3,2026-10-09T18:44:59Z
59,ML-KEM-512,post-quantum,1,keygen,0.0386,0.0,0.0,0.315,800,1632,768,0,0,0,0,0.0,0.5787,nan,edge/x86_64,unknown,3.12.3,2026-10-09T18:44:59Z
59,ML-KEM-512,post-quantum,1,encapsulate,0.038,0.0,0.0,0.315,800,1632,768,0,0,0,0,0.0,0.5705,nan,edge/x86_64,unknown,3.12.3,2026-10-09T18:44:59Z
59,ML-KEM-512,post-quantum,1,decapsulate,0.0382,0.0,0.0,0.315,800,1632,768,0,0,0,0,0.0,0.5726,nan,edge/x86_64,unknown,3.12.3,2026-10-09T18:44:59Z
60,ML-KEM-512,post-quantum,1,keygen,0.0369,0.0,0.0,0.315,800,1632,768,0,0,0,0,0.0,0.5529,nan,edge/x86_64,unknown,3.12.3,2026-10-09T18:44:59Z
60,ML-KEM-512,post-quantum,1,encapsulate,0.04,0.0,0.0,0.315,800,1632,768,0,0,0,0,0.0,0.5996,nan,edge/x86_64,unknown,3.12.3,2026-10-09T18:44:59Z
60,ML-KEM-512,post-quantum,1,decapsulate,0.0392,0.0,0.0,0.315,800,1632,768,0,0,0,0,0.0,0.5874,nan,edge/x86_64,unknown,3.12.3,2026-10-09T18:44:59Z
61,ML-KEM-512,post-quantum,1,keygen,0.0388,0.0,0.0,0.315,800,1632,768,0,0,0,0,0.0,0.5825,nan,edge/x86_64,unknown,3.12.3,2026-10-09T18:44:59Z
61,ML-KEM-512,post-quantum,1,encapsulate,0.0421,0.0,0.0,0.315,800,1632,768,0,0,0,0,0.0,0.6312,nan,edge/x86_64,unknown,3.12.3,2026-10-09T18:44:59Z
61,ML-KEM-512,post-quantum,1,decapsulate,0.0392,0.0,0.0,0.315,800,1632,768,0,0,0,0,0.0,0.5874,nan,edge/x86_64,unknown,3.12.3,2026-10-09T18:44:59Z
62,ML-KEM-512,post-quantum,1,keygen,0.0701,0.0,0.0,0.315,800,1632,768,0,0,0,0,0.0,1.0515,nan,edge/x86_64,unknown,3.12.3,2026-10-09T18:44:59Z
62,ML-KEM-512,post-quantum,1,encapsulate,0.0812,0.0,0.0,0.315,800,1632,768,0,0,0,0,0.0,1.2177,nan,edge/x86_64,unknown,3.12.3,2026-10-09T18:44:59Z
62,ML-KEM-512,post-quantum,1,decapsulate,0.0503,0.0,0.0,0.315,800,1632,768,0,0,0,0,0.0,0.7545,nan,edge/x86_64,unknown,3.12.3,2026-10-09T18:44:59Z
63,ML-KEM-512,post-quantum,1,keygen,0.0467,0.0,0.0,0.315,800,1632,768,0,0,0,0,0.0,0.7004,nan,edge/x86_64,unknown,3.12.3,2026-10-09T18:44:59Z
63,ML-KEM-512,post-quantum,1,encapsulate,0.0587,0.0,0.0,0.315,800,1632,768,0,0,0,0,0.0,0.8802,nan,edge/x86_64,unknown,3.12.3,2026-10-09T18:44:59Z
63,ML-KEM-512,post-quantum,1,decapsulate,0.0385,0.0,0.0,0.315,800,1632,768,0,0,0,0,0.0,0.5772,nan,edge/x86_64,unknown,3.12.3,2026-10-09T18:44:59Z
64,ML-KEM-512,post-quantum,1,keygen,0.0384,0.0,0.0,0.315,800,1632,768,0,0,0,0,0.0,0.5761,nan,edge/x86_64,unknown,3.12.3,2026-10-09T18:44:59Z
64,ML-KEM-512,post-quantum,1,encapsulate,0.0379,0.0,0.0,0.315,800,1632,768,0,0,0,0,0.0,0.5687,nan,edge/x86_64,unknown,3.12.3,2026-10-09T18:44:59Z
64,ML-KEM-512,post-quantum,1,decapsulate,0.0391,0.0,0.0,0.315,800,1632,768,0,0,0,0,0.0,0.5864,nan,edge/x86_64,unknown,3.12.3,2026-10-09T18:44:59Z
65,ML-KEM-512,post-quantum,1,keygen,0.0376,0.0,0.0,0.315,800,1632,768,0,0,0,0,0.0,0.5633,nan,edge/x86_64,unknown,3.12.3,2026-10-09T18:44:59Z
65,ML-KEM-512,post-quantum,1,encapsulate,0.0382,0.0,0.0,0.315,800,1632,768,0,0,0,0,0.0,0.5726,nan,edge/x86_64,unknown,3.12.3,2026-10-09T18:44:59Z
65,ML-KEM-512,post-quantum,1,decapsulate,0.0383,0.0,0.0,0.315,800,1632,768,0,0,0,0,0.0,0.5739,nan,edge/x86_64,unknown,3.12.3,2026-10-09T18:44:59Z
66,ML-KEM-512,post-quantum,1,keygen,0.0378,0.0,0.0,0.315,800,1632,768,0,0,0,0,0.0,0.5672,nan,edge/x86_64,unknown,3.12.3,2026-10-09T18:44:59Z
66,ML-KEM-512,post-quantum,1,encapsulate,0.0382,0.0,0.0,0.315,800,1632,768,0,0,0,0,0.0,0.5737,nan,edge/x86_64,unknown,3.12.3,2026-10-09T18:44:59Z
66,ML-KEM-512,post-quantum,1,decapsulate,0.0403,0.0,0.0,0.315,800,1632,768,0,0,0,0,0.0,0.6052,nan,edge/x86_64,unknown,3.12.3,2026-10-09T18:44:59Z
67,ML-KEM-512,post-quantum,1,keygen,0.0372,0.0,0.0,0.315,800,1632,768,0,0,0,0,0.0,0.5573,nan,edge/x86_64,unknown,3.12.3,2026-10-09T18:44:59Z
67,ML-KEM-512,post-quantum,1,encapsulate,0.0416,0.0,0.0,0.315,800,1632,768,0,0,0,0,0.0,0.624,nan,edge/x86_64,unknown,3.12.3,2026-10-09T18:44:59Z
67,ML-KEM-512,post-quantum,1,decapsulate,0.0387,0.0,0.0,0.315,800,1632,768,0,0,0,0,0.0,0.5801,nan,edge/x86_64,unknown,3.12.3,2026-10-09T18:44:59Z
68,ML-KEM-512,post-quantum,1,keygen,0.0378,0.0,0.0,0.315,800,1632,768,0,0,0,0,0.0,0.5669,nan,edge/x86_64,unknown,3.12.3,2026-10-09T18:44:59Z
68,ML-KEM-512,post-quantum,1,encapsulate,0.0392,0.0,0.0,0.315,800,1632,768,0,0,0,0,0.0,0.5881,nan,edge/x86_64,unknown,3.12.3,2026-10-09T18:44:59Z
68,ML-KEM-512,post-quantum,1,decapsulate,0.0389,0.0,0.0,0.315,800,1632,768,0,0,0,0,0.0,0.5838,nan,edge/x86_64,unknown,3.12.3,2026-10-09T18:44:59Z
69,ML-KEM-512,post-quantum,1,keygen,0.0367,0.0,0.0,0.315,800,1632,768,0,0,0,0,0.0,0.5507,nan,edge/x86_64,unknown,3.12.3,2026-10-09T18:44:59Z
69,ML-KEM-512,post-quantum,1,encapsulate,0.0378,0.0,0.0,0.315,800,1632,768,0,0,0,0,0.0,0.5666,nan,edge/x86_64,unknown,3.12.3,2026-10-09T18:44:59Z
69,ML-KEM-512,post-quantum,1,decapsulate,0.0616,0.0,0.0,0.315,800,1632,768,0,0,0,0,0.0,0.9237,nan,edge/x86_64,unknown,3.12.3,2026-10-09T18:44:59Z
70,ML-KEM-512,post-quantum,1,keygen,0.0474,0.0,0.0,0.315,800,1632,768,0,0,0,0,0.0,0.7108,nan,edge/x86_64,unknown,3.12.3,2026-10-09T18:44:59Z
70,ML-KEM-512,post-quantum,1,encapsulate,0.0382,0.0,0.0,0.315,800,1632,768,0,0,0,0,0.0,0.5735,nan,edge/x86_64,unknown,3.12.3,2026-10-09T18:44:59Z
70,ML-KEM-512,post-quantum,1,decapsulate,0.0383,0.0,0.0,0.315,800,1632,768,0,0,0,0,0.0,0.5741,nan,edge/x86_64,unknown,3.12.3,2026-10-09T18:44:59Z
71,ML-KEM-512,post-quantum,1,keygen,0.0396,0.0,0.0,0.315,800,1632,768,0,0,0,0,0.0,0.5946,nan,edge/x86_64,unknown,3.12.3,2026-10-09T18:44:59Z
71,ML-KEM-512,post-quantum,1,encapsulate,0.0378,0.0,0.0,0.315,800,1632,768,0,0,0,0,0.0,0.5666,nan,edge/x86_64,unknown,3.12.3,2026-10-09T18:44:59Z
71,ML-KEM-512,post-quantum,1,decapsulate,0.0375,0.0,0.0,0.315,800,1632,768,0,0,0,0,0.0,0.5621,nan,edge/x86_64,unknown,3.12.3,2026-10-09T18:44:59Z
72,ML-KEM-512,post-quantum,1,keygen,0.0404,0.0,0.0,0.315,800,1632,768,0,0,0,0,0.0,0.6065,nan,edge/x86_64,unknown,3.12.3,2026-10-09T18:44:59Z
72,ML-KEM-512,post-quantum,1,encapsulate,0.0638,0.0,0.0,0.315,800,1632,768,0,0,0,0,0.0,0.9574,nan,edge/x86_64,unknown,3.12.3,2026-10-09T18:44:59Z
72,ML-KEM-512,post-quantum,1,decapsulate,0.0391,0.0,0.0,0.315,800,1632,768,0,0,0,0,0.0,0.5864,nan,edge/x86_64,unknown,3.12.3,2026-10-09T18:44:59Z
73,ML-KEM-512,post-quantum,1,keygen,0.0385,0.0,0.0,0.315,800,1632,768,0,0,0,0,0.0,0.5775,nan,edge/x86_64,unknown,3.12.3,2026-10-09T18:44:59Z
73,ML-KEM-512,post-quantum,1,encapsulate,0.0473,0.0,0.0,0.315,800,1632,768,0,0,0,0,0.0,0.7094,nan,edge/x86_64,unknown,3.12.3,2026-10-09T18:44:59Z
73,ML-KEM-512,post-quantum,1,decapsulate,0.0394,0.0,0.0,0.315,800,1632,768,0,0,0,0,0.0,0.5904,nan,edge/x86_64,unknown,3.12.3,2026-10-09T18:44:59Z
74,ML-KEM-512,post-quantum,1,keygen,0.0451,0.0,0.0,0.315,800,1632,768,0,0,0,0,0.0,0.676,nan,edge/x86_64,unknown,3.12.3,2026-10-09T18:44:59Z
74,ML-KEM-512,post-quantum,1,encapsulate,0.038,0.0,0.0,0.315,800,1632,768,0,0,0,0,0.0,0.5707,nan,edge/x86_64,unknown,3.12.3,2026-10-09T18:44:59Z
74,ML-KEM-512,post-quantum,1,decapsulate,0.0385,0.0,0.0,0.315,800,1632,768,0,0,0,0,0.0,0.577,nan,edge/x86_64,unknown,3.12.3,2026-10-09T18:44:59Z
75,ML-KEM-512,post-quantum,1,keygen,0.0376,0.0,0.0,0.315,800,1632,768,0,0,0,0,0.0,0.5642,nan,edge/x86_64,unknown,3.12.3,2026-10-09T18:44:59Z
75,ML-KEM-512,post-quantum,1,encapsulate,0.0378,0.0,0.0,0.315,800,1632,768,0,0,0,0,0.0,0.567,nan,edge/x86_64,unknown,3.12.3,2026-10-09T18:44:59Z
75,ML-KEM-512,post-quantum,1,decapsulate,0.043,0.0,0.0,0.315,800,1632,768,0,0,0,0,0.0,0.6449,nan,edge/x86_64,unknown,3.12.3,2026-10-09T18:44:59Z
76,ML-KEM-512,post-quantum,1,keygen,0.0375,0.0,0.0,0.315,800,1632,768,0,0,0,0,0.0,0.563,nan,edge/x86_64,unknown,3.12.3,2026-10-09T18:44:59Z
76,ML-KEM-512,post-quantum,1,encapsulate,0.1,0.0,0.0,0.315,800,1632,768,0,0,0,0,0.0,1.5006,nan,edge/x86_64,unknown,3.12.3,2026-10-09T18:44:59Z
76,ML-KEM-512,post-quantum,1,decapsulate,0.0414,0.0,0.0,0.315,800,1632,768,0,0,0,0,0.0,0.6214,nan,edge/x86_64,unknown,3.12.3,2026-10-09T18:44:59Z
77,ML-KEM-512,post-quantum,1,keygen,0.0394,0.0,0.0,0.315,800,1632,768,0,0,0,0,0.0,0.5903,nan,edge/x86_64,unknown,3.12.3,2026-10-09T18:44:59Z
77,ML-KEM-512,post-quantum,1,encapsulate,0.0378,0.0,0.0,0.315,800,1632,768,0,0,0,0,0.0,0.5677,nan,edge/x86_64,unknown,3.12.3,2026-10-09T18:44:59Z
77,ML-KEM-512,post-quantum,1,decapsulate,0.0409,0.0,0.0,0.315,800,1632,768,0,0,0,0,0.0,0.6132,nan,edge/x86_64,unknown,3.12.3,2026-10-09T18:44:59Z
78,ML-KEM-512,post-quantum,1,keygen,0.0409,0.0,0.0,0.315,800,1632,768,0,0,0,0,0.0,0.613,nan,edge/x86_64,unknown,3.12.3,2026-10-09T18:44:59Z
78,ML-KEM-512,post-quantum,1,encapsulate,0.0385,0.0,0.0,0.315,800,1632,768,0,0,0,0,0.0,0.5779,nan,edge/x86_64,unknown,3.12.3,2026-10-09T18:44:59Z
78,ML-KEM-512,post-quantum,1,decapsulate,0.0376,0.0,0.0,0.315,800,1632,768,0,0,0,0,0.0,0.5641,nan,edge/x86_64,unknown,3.12.3,2026-10-09T18:44:59Z
79,ML-KEM-512,post-quantum,1,keygen,0.0377,0.0,0.0,0.315,800,1632,768,0,0,0,0,0.0,0.5649,nan,edge/x86_64,unknown,3.12.3,2026-10-09T18:44:59Z
79,ML-KEM-512,post-quantum,1,encapsulate,0.0421,0.0,0.0,0.315,800,1632,768,0,0,0,0,0.0,0.6308,nan,edge/x86_64,unknown,3.12.3,2026-10-09T18:44:59Z
79,ML-KEM-512,post-quantum,1,decapsulate,0.0379,0.0,0.0,0.315,800,1632,768,0,0,0,0,0.0,0.5679,nan,edge/x86_64,unknown,3.12.3,2026-10-09T18:44:59Z
80,ML-KEM-512,post-quantum,1,keygen,0.0374,0.0,0.0,0.315,800,1632,768,0,0,0,0,0.0,0.5614,nan,edge/x86_64,unknown,3.12.3,2026-10-09T18:44:59Z
80,ML-KEM-512,post-quantum,1,encapsulate,0.0614,0.0,0.0,0.315,800,1632,768,0,0,0,0,0.0,0.9214,nan,edge/x86_64,unknown,3.12.3,2026-10-09T18:44:59Z
80,ML-KEM-512,post-quantum,1,decapsulate,0.0411,0.0,0.0,0.315,800,1632,768,0,0,0,0,0.0,0.616,nan,edge/x86_64,unknown,3.12.3,2026-10-09T18:44:59Z
81,ML-KEM-512,post-quantum,1,keygen,0.0388,0.0,0.0,0.315,800,1632,768,0,0,0,0,0.0,0.5817,nan,edge/x86_64,unknown,3.12.3,2026-10-09T18:44:59Z
81,ML-KEM-512,post-quantum,1,encapsulate,0.0383,0.0,0.0,0.315,800,1632,768,0,0,0,0,0.0,0.5739,nan,edge/x86_64,unknown,3.12.3,2026-10-09T18:44:59Z
81,ML-KEM-512,post-quantum,1,decapsulate,0.0378,0.0,0.0,0.315,800,1632,768,0,0,0,0,0.0,0.5677,nan,edge/x86_64,unknown,3.12.3,2026-10-09T18:44:59Z
82,ML-KEM-512,post-quantum,1,keygen,0.0374,0.0,0.0,0.315,800,1632,768,0,0,0,0,0.0,0.5604,nan,edge/x86_64,unknown,3.12.3,2026-10-09T18:44:59Z
82,ML-KEM-512,post-quantum,1,encapsulate,0.0683,0.0,0.0,0.315,800,1632,768,0,0,0,0,0.0,1.0248,nan,edge/x86_64,unknown,3.12.3,2026-10-09T18:44:59Z
82,ML-KEM-512,post-quantum,1,decapsulate,0.0446,0.0,0.0,0.315,800,1632,768,0,0,0,0,0.0,0.6684,nan,edge/x86_64,unknown,3.12.3,2026-10-09T18:44:59Z
83,ML-KEM-512,post-quantum,1,keygen,0.081,0.0,0.0,0.315,800,1632,768,0,0,0,0,0.0,1.2151,nan,edge/x86_64,unknown,3.12.3,2026-10-09T18:44:59Z
83,ML-KEM-512,post-quantum,1,encapsulate,0.0935,0.0,0.0,0.315,800,1632,768,0,0,0,0,0.0,1.4025,nan,edge/x86_64,unknown,3.12.3,2026-10-09T18:44:59Z
83,ML-KEM-512,post-quantum,1,decapsulate,0.0417,0.0,0.0,0.315,800,1632,768,0,0,0,0,0.0,0.6252,nan,edge/x86_64,unknown,3.12.3,2026-10-09T18:44:59Z
84,ML-KEM-512,post-quantum,1,keygen,0.039,0.0,0.0,0.315,800,1632,768,0,0,0,0,0.0,0.5854,nan,edge/x86_64,unknown,3.12.3,2026-10-09T18:44:59Z
84,ML-KEM-512,post-quantum,1,encapsulate,0.0414,0.0,0.0,0.315,800,1632,768,0,0,0,0,0.0,0.6203,nan,edge/x86_64,unknown,3.12.3,2026-10-09T18:44:59Z
84,ML-KEM-512,post-quantum,1,decapsulate,0.0391,0.0,0.0,0.315,800,1632,768,0,0,0,0,0.0,0.5862,nan,edge/x86_64,unknown,3.12.3,2026-10-09T18:44:59Z
85,ML-KEM-512,post-quantum,1,keygen,0.0392,0.0,0.0,0.315,800,1632,768,0,0,0,0,0.0,0.5875,nan,edge/x86_64,unknown,3.12.3,2026-10-09T18:44:59Z
85,ML-KEM-512,post-quantum,1,encapsulate,0.0429,0.0,0.0,0.315,800,1632,768,0,0,0,0,0.0,0.6429,nan,edge/x86_64,unknown,3.12.3,2026-10-09T18:44:59Z
85,ML-KEM-512,post-quantum,1,decapsulate,0.039,0.0,0.0,0.315,800,1632,768,0,0,0,0,0.0,0.5857,nan,edge/x86_64,unknown,3.12.3,2026-10-09T18:44:59Z
86,ML-KEM-512,post-quantum,1,keygen,0.0376,0.0,0.0,0.315,800,1632,768,0,0,0,0,0.0,0.5643,nan,edge/x86_64,unknown,3.12.3,2026-10-09T18:44:59Z
86,ML-KEM-512,post-quantum,1,encapsulate,0.0388,0.0,0.0,0.315,800,1632,768,0,0,0,0,0.0,0.5827,nan,edge/x86_64,unknown,3.12.3,2026-10-09T18:44:59Z
86,ML-KEM-512,post-quantum,1,decapsulate,0.0369,0.0,0.0,0.315,800,1632,768,0,0,0,0,0.0,0.5534,nan,edge/x86_64,unknown,3.12.3,2026-10-09T18:44:59Z
87,ML-KEM-512,post-quantum,1,keygen,0.0385,0.0,0.0,0.315,800,1632,768,0,0,0,0,0.0,0.5781,nan,edge/x86_64,unknown,3.12.3,2026-10-09T18:44:59Z
87,ML-KEM-512,post-quantum,1,encapsulate,0.0392,0.0,0.0,0.315,800,1632,768,0,0,0,0,0.0,0.588,nan,edge/x86_64,unknown,3.12.3,2026-10-09T18:44:59Z
87,ML-KEM-512,post-quantum,1,decapsulate,0.0379,0.0,0.0,0.315,800,1632,768,0,0,0,0,0.0,0.5689,nan,edge/x86_64,unknown,3.12.3,2026-10-09T18:44:59Z
88,ML-KEM-512,post-quantum,1,keygen,0.0361,0.0,0.0,0.315,800,1632,768,0,0,0,0,0.0,0.5413,nan,edge/x86_64,unknown,3.12.3,2026-10-09T18:44:59Z
88,ML-KEM-512,post-quantum,1,encapsulate,0.0383,0.0,0.0,0.315,800,1632,768,0,0,0,0,0.0,0.5751,nan,edge/x86_64,unknown,3.12.3,2026-10-09T18:44:59Z
88,ML-KEM-512,post-quantum,1,decapsulate,0.0381,0.0,0.0,0.315,800,1632,768,0,0,0,0,0.0,0.5722,nan,edge/x86_64,unknown,3.12.3,2026-10-09T18:44:59Z
89,ML-KEM-512,post-quantum,1,keygen,0.0379,0.0,0.0,0.315,800,1632,768,0,0,0,0,0.0,0.5687,nan,edge/x86_64,unknown,3.12.3,2026-10-09T18:44:59Z
89,ML-KEM-512,post-quantum,1,encapsulate,0.0386,0.0,0.0,0.315,800,1632,768,0,0,0,0,0.0,0.5796,nan,edge/x86_64,unknown,3.12.3,2026-10-09T18:44:59Z
89,ML-KEM-512,post-quantum,1,decapsulate,0.0366,0.0,0.0,0.315,800,1632,768,0,0,0,0,0.0,0.5489,nan,edge/x86_64,unknown,3.12.3,2026-10-09T18:44:59Z
90,ML-KEM-512,post-quantum,1,keygen,0.0359,0.0,0.0,0.315,800,1632,768,0,0,0,0,0.0,0.5391,nan,edge/x86_64,unknown,3.12.3,2026-10-09T18:44:59Z
90,ML-KEM-512,post-quantum,1,encapsulate,0.1377,0.0,0.0,0.315,800,1632,768,0,0,0,0,0.0,2.0648,nan,edge/x86_64,unknown,3.12.3,2026-10-09T18:44:59Z
90,ML-KEM-512,post-quantum,1,decapsulate,0.0491,0.0,0.0,0.315,800,1632,768,0,0,0,0,0.0,0.736,nan,edge/x86_64,unknown,3.12.3,2026-10-09T18:44:59Z
91,ML-KEM-512,post-quantum,1,keygen,0.0417,0.0,0.0,0.315,800,1632,768,0,0,0,0,0.0,0.6253,nan,edge/x86_64,unknown,3.12.3,2026-10-09T18:44:59Z
91,ML-KEM-512,post-quantum,1,encapsulate,0.0417,0.0,0.0,0.315,800,1632,768,0,0,0,0,0.0,0.6251,nan,edge/x86_64,unknown,3.12.3,2026-10-09T18:44:59Z
91,ML-KEM-512,post-quantum,1,decapsulate,0.0384,0.0,0.0,0.315,800,1632,768,0,0,0,0,0.0,0.5759,nan,edge/x86_64,unknown,3.12.3,2026-10-09T18:44:59Z
92,ML-KEM-512,post-quantum,1,keygen,0.0375,0.0,0.0,0.315,800,1632,768,0,0,0,0,0.0,0.5629,nan,edge/x86_64,unknown,3.12.3,2026-10-09T18:44:59Z
92,ML-KEM-512,post-quantum,1,encapsulate,0.0377,0.0,0.0,0.315,800,1632,768,0,0,0,0,0.0,0.5661,nan,edge/x86_64,unknown,3.12.3,2026-10-09T18:44:59Z
92,ML-KEM-512,post-quantum,1,decapsulate,0.0697,0.0,0.0,0.315,800,1632,768,0,0,0,0,0.0,1.0457,nan,edge/x86_64,unknown,3.12.3,2026-10-09T18:44:59Z
93,ML-KEM-512,post-quantum,1,keygen,0.0883,0.0,0.0,0.315,800,1632,768,0,0,0,0,0.0,1.3248,nan,edge/x86_64,unknown,3.12.3,2026-10-09T18:44:59Z
93,ML-KEM-512,post-quantum,1,encapsulate,0.0411,0.0,0.0,0.315,800,1632,768,0,0,0,0,0.0,0.6159,nan,edge/x86_64,unknown,3.12.3,2026-10-09T18:44:59Z
93,ML-KEM-512,post-quantum,1,decapsulate,0.0392,0.0,0.0,0.315,800,1632,768,0,0,0,0,0.0,0.5876,nan,edge/x86_64,unknown,3.12.3,2026-10-09T18:44:59Z
94,ML-KEM-512,post-quantum,1,keygen,0.0391,0.0,0.0,0.315,800,1632,768,0,0,0,0,0.0,0.5861,nan,edge/x86_64,unknown,3.12.3,2026-10-09T18:44:59Z
94,ML-KEM-512,post-quantum,1,encapsulate,0.0383,0.0,0.0,0.315,800,1632,768,0,0,0,0,0.0,0.5744,nan,edge/x86_64,unknown,3.12.3,2026-10-09T18:44:59Z
94,ML-KEM-512,post-quantum,1,decapsulate,0.1397,0.0,0.0,0.315,800,1632,768,0,0,0,0,0.0,2.0955,nan,edge/x86_64,unknown,3.12.3,2026-10-09T18:44:59Z
95,ML-KEM-512,post-quantum,1,keygen,0.0452,0.0,0.0,0.315,800,1632,768,0,0,0,0,0.0,0.6773,nan,edge/x86_64,unknown,3.12.3,2026-10-09T18:44:59Z
95,ML-KEM-512,post-quantum,1,encapsulate,0.0562,0.0,0.0,0.315,800,1632,768,0,0,0,0,0.0,0.8432,nan,edge/x86_64,unknown,3.12.3,2026-10-09T18:44:59Z
95,ML-KEM-512,post-quantum,1,decapsulate,0.0399,0.0,0.0,0.315,800,1632,768,0,0,0,0,0.0,0.5984,nan,edge/x86_64,unknown,3.12.3,2026-10-09T18:44:59Z
96,ML-KEM-512,post-quantum,1,keygen,0.0756,0.0,0.0,0.315,800,1632,768,0,0,0,0,0.0,1.1339,nan,edge/x86_64,unknown,3.12.3,2026-10-09T18:44:59Z
96,ML-KEM-512,post-quantum,1,encapsulate,0.0406,0.0,0.0,0.315,800,1632,768,0,0,0,0,0.0,0.6094,nan,edge/x86_64,unknown,3.12.3,2026-10-09T18:44:59Z
96,ML-KEM-512,post-quantum,1,decapsulate,0.0381,0.0,0.0,0.315,800,1632,768,0,0,0,0,0.0,0.571,nan,edge/x86_64,unknown,3.12.3,2026-10-09T18:44:59Z
97,ML-KEM-512,post-quantum,1,keygen,0.0385,0.0,0.0,0.315,800,1632,768,0,0,0,0,0.0,0.5771,nan,edge/x86_64,unknown,3.12.3,2026-10-09T18:44:59Z
97,ML-KEM-512,post-quantum,1,encapsulate,0.0415,0.0,0.0,0.315,800,1632,768,0,0,0,0,0.0,0.6224,nan,edge/x86_64,unknown,3.12.3,2026-10-09T18:44:59Z
97,ML-KEM-512,post-quantum,1,decapsulate,0.0387,0.0,0.0,0.315,800,1632,768,0,0,0,0,0.0,0.581,nan,edge/x86_64,unknown,3.12.3,2026-10-09T18:44:59Z
98,ML-KEM-512,post-quantum,1,keygen,0.0369,0.0,0.0,0.315,800,1632,768,0,0,0,0,0.0,0.5528,nan,edge/x86_64,unknown,3.12.3,2026-10-09T18:44:59Z
98,ML-KEM-512,post-quantum,1,encapsulate,0.0386,0.0,0.0,0.315,800,1632,768,0,0,0,0,0.0,0.5786,nan,edge/x86_64,unknown,3.12.3,2026-10-09T18:44:59Z
98,ML-KEM-512,post-quantum,1,decapsulate,0.0376,0.0,0.0,0.315,800,1632,768,0,0,0,0,0.0,0.564,nan,edge/x86_64,unknown,3.12.3,2026-10-09T18:44:59Z
99,ML-KEM-512,post-quantum,1,keygen,0.0368,0.0,0.0,0.315,800,1632,768,0,0,0,0,0.0,0.5518,nan,edge/x86_64,unknown,3.12.3,2026-10-09T18:44:59Z
99,ML-KEM-512,post-quantum,1,encapsulate,0.0398,0.0,0.0,0.315,800,1632,768,0,0,0,0,0.0,0.5973,nan,edge/x86_64,unknown,3.12.3,2026-10-09T18:44:59Z
99,ML-KEM-512,post-quantum,1,decapsulate,0.0716,0.0,0.0,0.315,800,1632,768,0,0,0,0,0.0,1.0736,nan,edge/x86_64,unknown,3.12.3,2026-10-09T18:44:59Z
100,ML-KEM-512,post-quantum,1,keygen,0.0409,0.0,0.0,0.315,800,1632,768,0,0,0,0,0.0,0.6136,nan,edge/x86_64,unknown,3.12.3,2026-10-09T18:44:59Z
100,ML-KEM-512,post-quantum,1,encapsulate,0.0382,0.0,0.0,0.315,800,1632,768,0,0,0,0,0.0,0.5731,nan,edge/x86_64,unknown,3.12.3,2026-10-09T18:44:59Z
100,ML-KEM-512,post-quantum,1,decapsulate,0.0375,0.0,0.0,0.315,800,1632,768,0,0,0,0,0.0,0.5626,nan,edge/x86_64,unknown,3.12.3,2026-10-09T18:44:59Z
101,ML-KEM-512,post-quantum,1,keygen,0.0362,0.0,0.0,0.315,800,1632,768,0,0,0,0,0.0,0.5437,nan,edge/x86_64,unknown,3.12.3,2026-10-09T18:44:59Z
101,ML-KEM-512,post-quantum,1,encapsulate,0.0383,0.0,0.0,0.315,800,1632,768,0,0,0,0,0.0,0.574,nan,edge/x86_64,unknown,3.12.3,2026-10-09T18:44:59Z
101,ML-KEM-512,post-quantum,1,decapsulate,0.0674,0.0,0.0,0.315,800,1632,768,0,0,0,0,0.0,1.0104,nan,edge/x86_64,unknown,3.12.3,2026-10-09T18:44:59Z
102,ML-KEM-512,post-quantum,1,keygen,0.0439,0.0,0.0,0.315,800,1632,768,0,0,0,0,0.0,0.6585,nan,edge/x86_64,unknown,3.12.3,2026-10-09T18:44:59Z
102,ML-KEM-512,post-quantum,1,encapsulate,0.0386,0.0,0.0,0.315,800,1632,768,0,0,0,0,0.0,0.5783,nan,edge/x86_64,unknown,3.12.3,2026-10-09T18:44:59Z
102,ML-KEM-512,post-quantum,1,decapsulate,0.0381,0.0,0.0,0.315,800,1632,768,0,0,0,0,0.0,0.5718,nan,edge/x86_64,unknown,3.12.3,2026-10-09T18:44:59Z
103,ML-KEM-512,post-quantum,1,keygen,0.0936,0.0,0.0,0.315,800,1632,768,0,0,0,0,0.0,1.4034,nan,edge/x86_64,unknown,3.12.3,2026-10-09T18:44:59Z
103,ML-KEM-512,post-quantum,1,encapsulate,0.1476,0.0,0.0,0.315,800,1632,768,0,0,0,0,0.0,2.2141,nan,edge/x86_64,unknown,3.12.3,2026-10-09T18:44:59Z
103,ML-KEM-512,post-quantum,1,decapsulate,0.0445,0.0,0.0,0.315,800,1632,768,0,0,0,0,0.0,0.6681,nan,edge/x86_64,unknown,3.12.3,2026-10-09T18:44:59Z
104,ML-KEM-512,post-quantum,1,keygen,0.0492,0.0,0.0,0.315,800,1632,768,0,0,0,0,0.0,0.7382,nan,edge/x86_64,unknown,3.12.3,2026-10-09T18:44:59Z
104,ML-KEM-512,post-quantum,1,encapsulate,0.0436,0.0,0.0,0.315,800,1632,768,0,0,0,0,0.0,0.6533,nan,edge/x86_64,unknown,3.12.3,2026-10-09T18:44:59Z
104,ML-KEM-512,post-quantum,1,decapsulate,0.0426,0.0,0.0,0.315,800,1632,768,0,0,0,0,0.0,0.6389,nan,edge/x86_64,unknown,3.12.3,2026-10-09T18:44:59Z
105,ML-KEM-512,post-quantum,1,keygen,0.0437,0.0,0.0,0.315,800,1632,768,0,0,0,0,0.0,0.656,nan,edge/x86_64,unknown,3.12.3,2026-10-09T18:44:59Z
105,ML-KEM-512,post-quantum,1,encapsulate,0.0574,0.0,0.0,0.315,800,1632,768,0,0,0,0,0.0,0.8604,nan,edge/x86_64,unknown,3.12.3,2026-10-09T18:44:59Z
105,ML-KEM-512,post-quantum,1,decapsulate,0.0392,0.0,0.0,0.315,800,1632,768,0,0,0,0,0.0,0.588,nan,edge/x86_64,unknown,3.12.3,2026-10-09T18:44:59Z
106,ML-KEM-512,post-quantum,1,keygen,0.0377,0.0,0.0,0.315,800,1632,768,0,0,0,0,0.0,0.566,nan,edge/x86_64,unknown,3.12.3,2026-10-09T18:44:59Z
106,ML-KEM-512,post-quantum,1,encapsulate,0.0386,0.0,0.0,0.315,800,1632,768,0,0,0,0,0.0,0.5789,nan,edge/x86_64,unknown,3.12.3,2026-10-09T18:44:59Z
106,ML-KEM-512,post-quantum,1,decapsulate,0.0381,0.0,0.0,0.315,800,1632,768,0,0,0,0,0.0,0.5713,nan,edge/x86_64,unknown,3.12.3,2026-10-09T18:44:59Z
107,ML-KEM-512,post-quantum,1,keygen,0.0377,0.0,0.0,0.315,800,1632,768,0,0,0,0,0.0,0.5658,nan,edge/x86_64,unknown,3.12.3,2026-10-09T18:44:59Z
107,ML-KEM-512,post-quantum,1,encapsulate,0.0384,0.0,0.0,0.315,800,1632,768,0,0,0,0,0.0,0.5765,nan,edge/x86_64,unknown,3.12.3,2026-10-09T18:44:59Z
107,ML-KEM-512,post-quantum,1,decapsulate,0.0399,0.0,0.0,0.315,800,1632,768,0,0,0,0,0.0,0.5986,nan,edge/x86_64,unknown,3.12.3,2026-10-09T18:44:59Z
108,ML-KEM-512,post-quantum,1,keygen,0.0375,0.0,0.0,0.315,800,1632,768,0,0,0,0,0.0,0.5619,nan,edge/x86_64,unknown,3.12.3,2026-10-09T18:44:59Z
108,ML-KEM-512,post-quantum,1,encapsulate,0.0386,0.0,0.0,0.315,800,1632,768,0,0,0,0,0.0,0.5797,nan,edge/x86_64,unknown,3.12.3,2026-10-09T18:44:59Z
108,ML-KEM-512,post-quantum,1,decapsulate,0.0376,0.0,0.0,0.315,800,1632,768,0,0,0,0,0.0,0.5634,nan,edge/x86_64,unknown,3.12.3,2026-10-09T18:44:59Z
109,ML-KEM-512,post-quantum,1,keygen,0.0571,0.0,0.0,0.315,800,1632,768,0,0,0,0,0.0,0.856,nan,edge/x86_64,unknown,3.12.3,2026-10-09T18:44:59Z
109,ML-KEM-512,post-quantum,1,encapsulate,0.0416,0.0,0.0,0.315,800,1632,768,0,0,0,0,0.0,0.6233,nan,edge/x86_64,unknown,3.12.3,2026-10-09T18:44:59Z
109,ML-KEM-512,post-quantum,1,decapsulate,0.0378,0.0,0.0,0.315,800,1632,768,0,0,0,0,0.0,0.5664,nan,edge/x86_64,unknown,3.12.3,2026-10-09T18:44:59Z
110,ML-KEM-512,post-quantum,1,keygen,0.0397,0.0,0.0,0.315,800,1632,768,0,0,0,0,0.0,0.5951,nan,edge/x86_64,unknown,3.12.3,2026-10-09T18:44:59Z
110,ML-KEM-512,post-quantum,1,encapsulate,0.0387,0.0,0.0,0.315,800,1632,768,0,0,0,0,0.0,0.5802,nan,edge/x86_64,unknown,3.12.3,2026-10-09T18:44:59Z
110,ML-KEM-512,post-quantum,1,decapsulate,0.0372,0.0,0.0,0.315,800,1632,768,0,0,0,0,0.0,0.558,nan,edge/x86_64,unknown,3.12.3,2026-10-09T18:44:59Z
111,ML-KEM-512,post-quantum,1,keygen,0.0369,0.0,0.0,0.315,800,1632,768,0,0,0,0,0.0,0.5536,nan,edge/x86_64,unknown,3.12.3,2026-10-09T18:44:59Z
111,ML-KEM-512,post-quantum,1,encapsulate,0.0375,0.0,0.0,0.315,800,1632,768,0,0,0,0,0.0,0.5618,nan,edge/x86_64,unknown,3.12.3,2026-10-09T18:44:59Z
111,ML-KEM-512,post-quantum,1,decapsulate,0.0379,0.0,0.0,0.315,800,1632,768,0,0,0,0,0.0,0.5686,nan,edge/x86_64,unknown,3.12.3,2026-10-09T18:44:59Z
112,ML-KEM-512,post-quantum,1,keygen,0.0367,0.0,0.0,0.315,800,1632,768,0,0,0,0,0.0,0.5502,nan,edge/x86_64,unknown,3.12.3,2026-10-09T18:44:59Z
112,ML-KEM-512,post-quantum,1,encapsulate,0.0582,0.0,0.0,0.315,800,1632,768,0,0,0,0,0.0,0.8737,nan,edge/x86_64,unknown,3.12.3,2026-10-09T18:44:59Z
112,ML-KEM-512,post-quantum,1,decapsulate,0.0388,0.0,0.0,0.315,800,1632,768,0,0,0,0,0.0,0.5818,nan,edge/x86_64,unknown,3.12.3,2026-10-09T18:44:59Z
113,ML-KEM-512,post-quantum,1,keygen,0.0369,0.0,0.0,0.315,800,1632,768,0,0,0,0,0.0,0.5541,nan,edge/x86_64,unknown,3.12.3,2026-10-09T18:44:59Z
113,ML-KEM-512,post-quantum,1,encapsulate,0.0377,0.0,0.0,0.315,800,1632,768,0,0,0,0,0.0,0.5658,nan,edge/x86_64,unknown,3.12.3,2026-10-09T18:44:59Z
113,ML-KEM-512,post-quantum,1,decapsulate,0.0377,0.0,0.0,0.315,800,1632,768,0,0,0,0,0.0,0.566,nan,edge/x86_64,unknown,3.12.3,2026-10-09T18:44:59Z
114,ML-KEM-512,post-quantum,1,keygen,0.0365,0.0,0.0,0.315,800,1632,768,0,0,0,0,0.0,0.548,nan,edge/x86_64,unknown,3.12.3,2026-10-09T18:44:59Z
114,ML-KEM-512,post-quantum,1,encapsulate,0.0475,0.0,0.0,0.315,800,1632,768,0,0,0,0,0.0,0.7127,nan,edge/x86_64,unknown,3.12.3,2026-10-09T18:44:59Z
114,ML-KEM-512,post-quantum,1,decapsulate,0.0713,0.0,0.0,0.315,800,1632,768,0,0,0,0,0.0,1.0698,nan,edge/x86_64,unknown,3.12.3,2026-10-09T18:44:59Z
115,ML-KEM-512,post-quantum,1,keygen,0.0685,0.0,0.0,0.315,800,1632,768,0,0,0,0,0.0,1.0278,nan,edge/x86_64,unknown,3.12.3,2026-10-09T18:44:59Z
115,ML-KEM-512,post-quantum,1,encapsulate,0.0413,0.0,0.0,0.315,800,1632,768,0,0,0,0,0.0,0.6201,nan,edge/x86_64,unknown,3.12.3,2026-10-09T18:44:59Z
115,ML-KEM-512,post-quantum,1,decapsulate,0.0499,0.0,0.0,0.315,800,1632,768,0,0,0,0,0.0,0.7483,nan,edge/x86_64,unknown,3.12.3,2026-10-09T18:44:59Z
116,ML-KEM-512,post-quantum,1,keygen,0.0467,0.0,0.0,0.315,800,1632,768,0,0,0,0,0.0,0.7011,nan,edge/x86_64,unknown,3.12.3,2026-10-09T18:44:59Z
116,ML-KEM-512,post-quantum,1,encapsulate,0.0428,0.0,0.0,0.315,800,1632,768,0,0,0,0,0.0,0.6413,nan,edge/x86_64,unknown,3.12.3,2026-10-09T18:44:59Z
116,ML-KEM-512,post-quantum,1,decapsulate,0.0432,0.0,0.0,0.315,800,1632,768,0,0,0,0,0.0,0.6484,nan,edge/x86_64,unknown,3.12.3,2026-10-09T18:44:59Z
117,ML-KEM-512,post-quantum,1,keygen,0.0402,0.0,0.0,0.315,800,1632,768,0,0,0,0,0.0,0.6031,nan,edge/x86_64,unknown,3.12.3,2026-10-09T18:44:59Z
117,ML-KEM-512,post-quantum,1,encapsulate,0.0397,0.0,0.0,0.315,800,1632,768,0,0,0,0,0.0,0.5958,nan,edge/x86_64,unknown,3.12.3,2026-10-09T18:44:59Z
117,ML-KEM-512,post-quantum,1,decapsulate,0.0386,0.0,0.0,0.315,800,1632,768,0,0,0,0,0.0,0.5794,nan,edge/x86_64,unknown,3.12.3,2026-10-09T18:44:59Z
118,ML-KEM-512,post-quantum,1,keygen,0.0368,0.0,0.0,0.315,800,1632,768,0,0,0,0,0.0,0.5516,nan,edge/x86_64,unknown,3.12.3,2026-10-09T18:44:59Z
118,ML-KEM-512,post-quantum,1,encapsulate,0.0376,0.0,0.0,0.315,800,1632,768,0,0,0,0,0.0,0.5636,nan,edge/x86_64,unknown,3.12.3,2026-10-09T18:44:59Z
118,ML-KEM-512,post-quantum,1,decapsulate,0.0377,0.0,0.0,0.315,800,1632,768,0,0,0,0,0.0,0.5649,nan,edge/x86_64,unknown,3.12.3,2026-10-09T18:44:59Z
119,ML-KEM-512,post-quantum,1,keygen,0.0375,0.0,0.0,0.315,800,1632,768,0,0,0,0,0.0,0.5622,nan,edge/x86_64,unknown,3.12.3,2026-10-09T18:44:59Z
119,ML-KEM-512,post-quantum,1,encapsulate,0.0391,0.0,0.0,0.315,800,1632,768,0,0,0,0,0.0,0.586,nan,edge/x86_64,unknown,3.12.3,2026-10-09T18:44:59Z
119,ML-KEM-512,post-quantum,1,decapsulate,0.0402,0.0,0.0,0.315,800,1632,768,0,0,0,0,0.0,0.6034,nan,edge/x86_64,unknown,3.12.3,2026-10-09T18:44:59Z
120,ML-KEM-512,post-quantum,1,keygen,0.0392,0.0,0.0,0.315,800,1632,768,0,0,0,0,0.0,0.5879,nan,edge/x86_64,unknown,3.12.3,2026-10-09T18:44:59Z
120,ML-KEM-512,post-quantum,1,encapsulate,0.0379,0.0,0.0,0.315,800,1632,768,0,0,0,0,0.0,0.5692,nan,edge/x86_64,unknown,3.12.3,2026-10-09T18:44:59Z
120,ML-KEM-512,post-quantum,1,decapsulate,0.0577,0.0,0.0,0.315,800,1632,768,0,0,0,0,0.0,0.8657,nan,edge/x86_64,unknown,3.12.3,2026-10-09T18:44:59Z
121,ML-KEM-512,post-quantum,1,keygen,0.0407,0.0,0.0,0.315,800,1632,768,0,0,0,0,0.0,0.6108,nan,edge/x86_64,unknown,3.12.3,2026-10-09T18:44:59Z
121,ML-KEM-512,post-quantum,1,encapsulate,0.0394,0.0,0.0,0.315,800,1632,768,0,0,0,0,0.0,0.5917,nan,edge/x86_64,unknown,3.12.3,2026-10-09T18:44:59Z
121,ML-KEM-512,post-quantum,1,decapsulate,0.0381,0.0,0.0,0.315,800,1632,768,0,0,0,0,0.0,0.571,nan,edge/x86_64,unknown,3.12.3,2026-10-09T18:44:59Z
122,ML-KEM-512,post-quantum,1,keygen,0.0362,0.0,0.0,0.315,800,1632,768,0,0,0,0,0.0,0.5431,nan,edge/x86_64,unknown,3.12.3,2026-10-09T18:44:59Z
122,ML-KEM-512,post-quantum,1,encapsulate,0.0389,0.0,0.0,0.315,800,1632,768,0,0,0,0,0.0,0.5834,nan,edge/x86_64,unknown,3.12.3,2026-10-09T18:44:59Z
122,ML-KEM-512,post-quantum,1,decapsulate,0.037,0.0,0.0,0.315,800,1632,768,0,0,0,0,0.0,0.5546,nan,edge/x86_64,unknown,3.12.3,2026-10-09T18:44:59Z
123,ML-KEM-512,post-quantum,1,keygen,0.0484,0.0,0.0,0.315,800,1632,768,0,0,0,0,0.0,0.726,nan,edge/x86_64,unknown,3.12.3,2026-10-09T18:44:59Z
123,ML-KEM-512,post-quantum,1,encapsulate,0.0391,0.0,0.0,0.315,800,1632,768,0,0,0,0,0.0,0.5863,nan,edge/x86_64,unknown,3.12.3,2026-10-09T18:44:59Z
123,ML-KEM-512,post-quantum,1,decapsulate,0.0375,0.0,0.0,0.315,800,1632,768,0,0,0,0,0.0,0.563,nan,edge/x86_64,unknown,3.12.3,2026-10-09T18:44:59Z
124,ML-KEM-512,post-quantum,1,keygen,0.0391,0.0,0.0,0.315,800,1632,768,0,0,0,0,0.0,0.5868,nan,edge/x86_64,unknown,3.12.3,2026-10-09T18:44:59Z
124,ML-KEM-512,post-quantum,1,encapsulate,0.0378,0.0,0.0,0.315,800,1632,768,0,0,0,0,0.0,0.5663,nan,edge/x86_64,unknown,3.12.3,2026-10-09T18:44:59Z
124,ML-KEM-512,post-quantum,1,decapsulate,0.0372,0.0,0.0,0.315,800,1632,768,0,0,0,0,0.0,0.5577,nan,edge/x86_64,unknown,3.12.3,2026-10-09T18:44:59Z
125,ML-KEM-512,post-quantum,1,keygen,0.0655,0.0,0.0,0.315,800,1632,768,0,0,0,0,0.0,0.9825,nan,edge/x86_64,unknown,3.12.3,2026-10-09T18:44:59Z
125,ML-KEM-512,post-quantum,1,encapsulate,0.0734,0.0,0.0,0.315,800,1632,768,0,0,0,0,0.0,1.1014,nan,edge/x86_64,unknown,3.12.3,2026-10-09T18:44:59Z
125,ML-KEM-512,post-quantum,1,decapsulate,0.0391,0.0,0.0,0.315,800,1632,768,0,0,0,0,0.0,0.5859,nan,edge/x86_64,unknown,3.12.3,2026-10-09T18:44:59Z
126,ML-KEM-512,post-quantum,1,keygen,0.0396,0.0,0.0,0.315,800,1632,768,0,0,0,0,0.0,0.5937,nan,edge/x86_64,unknown,3.12.3,2026-10-09T18:44:59Z
126,ML-KEM-512,post-quantum,1,encapsulate,0.039,0.0,0.0,0.315,800,1632,768,0,0,0,0,0.0,0.5845,nan,edge/x86_64,unknown,3.12.3,2026-10-09T18:44:59Z
126,ML-KEM-512,post-quantum,1,decapsulate,0.0373,0.0,0.0,0.315,800,1632,768,0,0,0,0,0.0,0.5592,nan,edge/x86_64,unknown,3.12.3,2026-10-09T18:44:59Z
127,ML-KEM-512,post-quantum,1,keygen,0.0363,0.0,0.0,0.315,800,1632,768,0,0,0,0,0.0,0.5444,nan,edge/x86_64,unknown,3.12.3,2026-10-09T18:44:59Z
127,ML-KEM-512,post-quantum,1,encapsulate,0.0427,0.0,0.0,0.315,800,1632,768,0,0,0,0,0.0,0.6402,nan,edge/x86_64,unknown,3.12.3,2026-10-09T18:44:59Z
127,ML-KEM-512,post-quantum,1,decapsulate,0.0406,0.0,0.0,0.315,800,1632,768,0,0,0,0,0.0,0.6087,nan,edge/x86_64,unknown,3.12.3,2026-10-09T18:44:59Z
128,ML-KEM-512,post-quantum,1,keygen,0.0368,0.0,0.0,0.315,800,1632,768,0,0,0,0,0.0,0.552,nan,edge/x86_64,unknown,3.12.3,2026-10-09T18:44:59Z
128,ML-KEM-512,post-quantum,1,encapsulate,0.0372,0.0,0.0,0.315,800,1632,768,0,0,0,0,0.0,0.5584,nan,edge/x86_64,unknown,3.12.3,2026-10-09T18:44:59Z
128,ML-KEM-512,post-quantum,1,decapsulate,0.0375,0.0,0.0,0.315,800,1632,768,0,0,0,0,0.0,0.5631,nan,edge/x86_64,unknown,3.12.3,2026-10-09T18:44:59Z
129,ML-KEM-512,post-quantum,1,keygen,0.0388,0.0,0.0,0.315,800,1632,768,0,0,0,0,0.0,0.5815,nan,edge/x86_64,unknown,3.12.3,2026-10-09T18:44:59Z
129,ML-KEM-512,post-quantum,1,encapsulate,0.0373,0.0,0.0,0.315,800,1632,768,0,0,0,0,0.0,0.5591,nan,edge/x86_64,unknown,3.12.3,2026-10-09T18:44:59Z
129,ML-KEM-512,post-quantum,1,decapsulate,0.0603,0.0,0.0,0.315,800,1632,768,0,0,0,0,0.0,0.9046,nan,edge/x86_64,unknown,3.12.3,2026-10-09T18:44:59Z
130,ML-KEM-512,post-quantum,1,keygen,0.0459,0.0,0.0,0.315,800,1632,768,0,0,0,0,0.0,0.6889,nan,edge/x86_64,unknown,3.12.3,2026-10-09T18:44:59Z
130,ML-KEM-512,post-quantum,1,encapsulate,0.0535,0.0,0.0,0.315,800,1632,768,0,0,0,0,0.0,0.8023,nan,edge/x86_64,unknown,3.12.3,2026-10-09T18:44:59Z
130,ML-KEM-512,post-quantum,1,decapsulate,0.0395,0.0,0.0,0.315,800,1632,768,0,0,0,0,0.0,0.592,nan,edge/x86_64,unknown,3.12.3,2026-10-09T18:44:59Z
131,ML-KEM-512,post-quantum,1,keygen,0.0378,0.0,0.0,0.315,800,1632,768,0,0,0,0,0.0,0.5666,nan,edge/x86_64,unknown,3.12.3,2026-10-09T18:44:59Z
131,ML-KEM-512,post-quantum,1,encapsulate,0.04,0.0,0.0,0.315,800,1632,768,0,0,0,0,0.0,0.5998,nan,edge/x86_64,unknown,3.12.3,2026-10-09T18:44:59Z
131,ML-KEM-512,post-quantum,1,decapsulate,0.0382,0.0,0.0,0.315,800,1632,768,0,0,0,0,0.0,0.5731,nan,edge/x86_64,unknown,3.12.3,2026-10-09T18:44:59Z
132,ML-KEM-512,post-quantum,1,keygen,0.0383,0.0,0.0,0.315,800,1632,768,0,0,0,0,0.0,0.5744,nan,edge/x86_64,unknown,3.12.3,2026-10-09T18:44:59Z
132,ML-KEM-512,post-quantum,1,encapsulate,0.0386,0.0,0.0,0.315,800,1632,768,0,0,0,0,0.0,0.5791,nan,edge/x86_64,unknown,3.12.3,2026-10-09T18:44:59Z
132,ML-KEM-512,post-quantum,1,decapsulate,0.0375,0.0,0.0,0.315,800,1632,768,0,0,0,0,0.0,0.562,nan,edge/x86_64,unknown,3.12.3,2026-10-09T18:44:59Z
133,ML-KEM-512,post-quantum,1,keygen,0.0401,0.0,0.0,0.315,800,1632,768,0,0,0,0,0.0,0.6018,nan,edge/x86_64,unknown,3.12.3,2026-10-09T18:44:59Z
133,ML-KEM-512,post-quantum,1,encapsulate,0.0409,0.0,0.0,0.315,800,1632,768,0,0,0,0,0.0,0.6136,nan,edge/x86_64,unknown,3.12.3,2026-10-09T18:44:59Z
133,ML-KEM-512,post-quantum,1,decapsulate,0.0382,0.0,0.0,0.315,800,1632,768,0,0,0,0,0.0,0.5732,nan,edge/x86_64,unknown,3.12.3,2026-10-09T18:44:59Z
134,ML-KEM-512,post-quantum,1,keygen,0.0378,0.0,0.0,0.315,800,1632,768,0,0,0,0,0.0,0.5673,nan,edge/x86_64,unknown,3.12.3,2026-10-09T18:44:59Z
134,ML-KEM-512,post-quantum,1,encapsulate,0.0399,0.0,0.0,0.315,800,1632,768,0,0,0,0,0.0,0.5983,nan,edge/x86_64,unknown,3.12.3,2026-10-09T18:44:59Z
134,ML-KEM-512,post-quantum,1,decapsulate,0.0393,0.0,0.0,0.315,800,1632,768,0,0,0,0,0.0,0.5902,nan,edge/x86_64,unknown,3.12.3,2026-10-09T18:44:59Z
135,ML-KEM-512,post-quantum,1,keygen,0.0372,0.0,0.0,0.315,800,1632,768,0,0,0,0,0.0,0.5585,nan,edge/x86_64,unknown,3.12.3,2026-10-09T18:44:59Z
135,ML-KEM-512,post-quantum,1,encapsulate,0.0385,0.0,0.0,0.315,800,1632,768,0,0,0,0,0.0,0.5774,nan,edge/x86_64,unknown,3.12.3,2026-10-09T18:44:59Z
135,ML-KEM-512,post-quantum,1,decapsulate,0.0384,0.0,0.0,0.315,800,1632,768,0,0,0,0,0.0,0.5756,nan,edge/x86_64,unknown,3.12.3,2026-10-09T18:44:59Z
136,ML-KEM-512,post-quantum,1,keygen,0.0709,0.0,0.0,0.315,800,1632,768,0,0,0,0,0.0,1.0642,nan,edge/x86_64,unknown,3.12.3,2026-10-09T18:44:59Z
136,ML-KEM-512,post-quantum,1,encapsulate,0.0686,0.0,0.0,0.315,800,1632,768,0,0,0,0,0.0,1.0295,nan,edge/x86_64,unknown,3.12.3,2026-10-09T18:44:59Z
136,ML-KEM-512,post-quantum,1,decapsulate,0.0408,0.0,0.0,0.315,800,1632,768,0,0,0,0,0.0,0.6119,nan,edge/x86_64,unknown,3.12.3,2026-10-09T18:44:59Z
137,ML-KEM-512,post-quantum,1,keygen,0.0384,0.0,0.0,0.315,800,1632,768,0,0,0,0,0.0,0.5767,nan,edge/x86_64,unknown,3.12.3,2026-10-09T18:44:59Z
137,ML-KEM-512,post-quantum,1,encapsulate,0.042,0.0,0.0,0.315,800,1632,768,0,0,0,0,0.0,0.6305,nan,edge/x86_64,unknown,3.12.3,2026-10-09T18:44:59Z
137,ML-KEM-512,post-quantum,1,decapsulate,0.0383,0.0,0.0,0.315,800,1632,768,0,0,0,0,0.0,0.5743,nan,edge/x86_64,unknown,3.12.3,2026-10-09T18:44:59Z
138,ML-KEM-512,post-quantum,1,keygen,0.0386,0.0,0.0,0.315,800,1632,768,0,0,0,0,0.0,0.5793,nan,edge/x86_64,unknown,3.12.3,2026-10-09T18:44:59Z
138,ML-KEM-512,post-quantum,1,encapsulate,0.0384,0.0,0.0,0.315,800,1632,768,0,0,0,0,0.0,0.5757,nan,edge/x86_64,unknown,3.12.3,2026-10-09T18:44:59Z
138,ML-KEM-512,post-quantum,1,decapsulate,0.0372,0.0,0.0,0.315,800,1632,768,0,0,0,0,0.0,0.5573,nan,edge/x86_64,unknown,3.12.3,2026-10-09T18:44:59Z
139,ML-KEM-512,post-quantum,1,keygen,0.0368,0.0,0.0,0.315,800,1632,768,0,0,0,0,0.0,0.5527,nan,edge/x86_64,unknown,3.12.3,2026-10-09T18:44:59Z
139,ML-KEM-512,post-quantum,1,encapsulate,0.0781,0.0,0.0,0.315,800,1632,768,0,0,0,0,0.0,1.1714,nan,edge/x86_64,unknown,3.12.3,2026-10-09T18:44:59Z
139,ML-KEM-512,post-quantum,1,decapsulate,0.0388,0.0,0.0,0.315,800,1632,768,0,0,0,0,0.0,0.5822,nan,edge/x86_64,unknown,3.12.3,2026-10-09T18:44:59Z
140,ML-KEM-512,post-quantum,1,keygen,0.0385,0.0,0.0,0.315,800,1632,768,0,0,0,0,0.0,0.5778,nan,edge/x86_64,unknown,3.12.3,2026-10-09T18:44:59Z
140,ML-KEM-512,post-quantum,1,encapsulate,0.0397,0.0,0.0,0.315,800,1632,768,0,0,0,0,0.0,0.5954,nan,edge/x86_64,unknown,3.12.3,2026-10-09T18:44:59Z
140,ML-KEM-512,post-quantum,1,decapsulate,0.0381,0.0,0.0,0.315,800,1632,768,0,0,0,0,0.0,0.5714,nan,edge/x86_64,unknown,3.12.3,2026-10-09T18:44:59Z
141,ML-KEM-512,post-quantum,1,keygen,0.0374,0.0,0.0,0.315,800,1632,768,0,0,0,0,0.0,0.5608,nan,edge/x86_64,unknown,3.12.3,2026-10-09T18:44:59Z
141,ML-KEM-512,post-quantum,1,encapsulate,0.0378,0.0,0.0,0.315,800,1632,768,0,0,0,0,0.0,0.5676,nan,edge/x86_64,unknown,3.12.3,2026-10-09T18:44:59Z
141,ML-KEM-512,post-quantum,1,decapsulate,0.0381,0.0,0.0,0.315,800,1632,768,0,0,0,0,0.0,0.5719,nan,edge/x86_64,unknown,3.12.3,2026-10-09T18:44:59Z
142,ML-KEM-512,post-quantum,1,keygen,0.0378,0.0,0.0,0.315,800,1632,768,0,0,0,0,0.0,0.5676,nan,edge/x86_64,unknown,3.12.3,2026-10-09T18:44:59Z
142,ML-KEM-512,post-quantum,1,encapsulate,0.0384,0.0,0.0,0.315,800,1632,768,0,0,0,0,0.0,0.5753,nan,edge/x86_64,unknown,3.12.3,2026-10-09T18:44:59Z
142,ML-KEM-512,post-quantum,1,decapsulate,0.0374,0.0,0.0,0.315,800,1632,768,0,0,0,0,0.0,0.5604,nan,edge/x86_64,unknown,3.12.3,2026-10-09T18:44:59Z
143,ML-KEM-512,post-quantum,1,keygen,0.0578,0.0,0.0,0.315,800,1632,768,0,0,0,0,0.0,0.8663,nan,edge/x86_64,unknown,3.12.3,2026-10-09T18:44:59Z
143,ML-KEM-512,post-quantum,1,encapsulate,0.0598,0.0,0.0,0.315,800,1632,768,0,0,0,0,0.0,0.8964,nan,edge/x86_64,unknown,3.12.3,2026-10-09T18:44:59Z
143,ML-KEM-512,post-quantum,1,decapsulate,0.0393,0.0,0.0,0.315,800,1632,768,0,0,0,0,0.0,0.5898,nan,edge/x86_64,unknown,3.12.3,2026-10-09T18:44:59Z
144,ML-KEM-512,post-quantum,1,keygen,0.0399,0.0,0.0,0.315,800,1632,768,0,0,0,0,0.0,0.5987,nan,edge/x86_64,unknown,3.12.3,2026-10-09T18:44:59Z
144,ML-KEM-512,post-quantum,1,encapsulate,0.0388,0.0,0.0,0.315,800,1632,768,0,0,0,0,0.0,0.5815,nan,edge/x86_64,unknown,3.12.3,2026-10-09T18:44:59Z
144,ML-KEM-512,post-quantum,1,decapsulate,0.0381,0.0,0.0,0.315,800,1632,768,0,0,0,0,0.0,0.5717,nan,edge/x86_64,unknown,3.12.3,2026-10-09T18:44:59Z
145,ML-KEM-512,post-quantum,1,keygen,0.0367,0.0,0.0,0.315,800,1632,768,0,0,0,0,0.0,0.5502,nan,edge/x86_64,unknown,3.12.3,2026-10-09T18:44:59Z
145,ML-KEM-512,post-quantum,1,encapsulate,0.0648,0.0,0.0,0.315,800,1632,768,0,0,0,0,0.0,0.9727,nan,edge/x86_64,unknown,3.12.3,2026-10-09T18:44:59Z
145,ML-KEM-512,post-quantum,1,decapsulate,0.0626,0.0,0.0,0.315,800,1632,768,0,0,0,0,0.0,0.9392,nan,edge/x86_64,unknown,3.12.3,2026-10-09T18:44:59Z
146,ML-KEM-512,post-quantum,1,keygen,0.0584,0.0,0.0,0.315,800,1632,768,0,0,0,0,0.0,0.8767,nan,edge/x86_64,unknown,3.12.3,2026-10-09T18:44:59Z
146,ML-KEM-512,post-quantum,1,encapsulate,0.0478,0.0,0.0,0.315,800,1632,768,0,0,0,0,0.0,0.7164,nan,edge/x86_64,unknown,3.12.3,2026-10-09T18:44:59Z
146,ML-KEM-512,post-quantum,1,decapsulate,0.038,0.0,0.0,0.315,800,1632,768,0,0,0,0,0.0,0.5705,nan,edge/x86_64,unknown,3.12.3,2026-10-09T18:44:59Z
147,ML-KEM-512,post-quantum,1,keygen,0.0382,0.0,0.0,0.315,800,1632,768,0,0,0,0,0.0,0.5734,nan,edge/x86_64,unknown,3.12.3,2026-10-09T18:44:59Z
147,ML-KEM-512,post-quantum,1,encapsulate,0.0391,0.0,0.0,0.315,800,1632,768,0,0,0,0,0.0,0.5869,nan,edge/x86_64,unknown,3.12.3,2026-10-09T18:44:59Z
147,ML-KEM-512,post-quantum,1,decapsulate,0.0392,0.0,0.0,0.315,800,1632,768,0,0,0,0,0.0,0.5878,nan,edge/x86_64,unknown,3.12.3,2026-10-09T18:44:59Z
148,ML-KEM-512,post-quantum,1,keygen,0.0373,0.0,0.0,0.315,800,1632,768,0,0,0,0,0.0,0.5593,nan,edge/x86_64,unknown,3.12.3,2026-10-09T18:44:59Z
148,ML-KEM-512,post-quantum,1,encapsulate,0.0376,0.0,0.0,0.315,800,1632,768,0,0,0,0,0.0,0.5641,nan,edge/x86_64,unknown,3.12.3,2026-10-09T18:44:59Z
148,ML-KEM-512,post-quantum,1,decapsulate,0.0374,0.0,0.0,0.315,800,1632,768,0,0,0,0,0.0,0.561,nan,edge/x86_64,unknown,3.12.3,2026-10-09T18:44:59Z
149,ML-KEM-512,post-quantum,1,keygen,0.0373,0.0,0.0,0.315,800,1632,768,0,0,0,0,0.0,0.5597,nan,edge/x86_64,unknown,3.12.3,2026-10-09T18:44:59Z
149,ML-KEM-512,post-quantum,1,encapsulate,0.0384,0.0,0.0,0.315,800,1632,768,0,0,0,0,0.0,0.5766,nan,edge/x86_64,unknown,3.12.3,2026-10-09T18:44:59Z
149,ML-KEM-512,post-quantum,1,decapsulate,0.0629,0.0,0.0,0.315,800,1632,768,0,0,0,0,0.0,0.9435,nan,edge/x86_64,unknown,3.12.3,2026-10-09T18:44:59Z
150,ML-KEM-512,post-quantum,1,keygen,0.0855,0.0,0.0,0.315,800,1632,768,0,0,0,0,0.0,1.2824,nan,edge/x86_64,unknown,3.12.3,2026-10-09T18:44:59Z
150,ML-KEM-512,post-quantum,1,encapsulate,0.0405,0.0,0.0,0.315,800,1632,768,0,0,0,0,0.0,0.6075,nan,edge/x86_64,unknown,3.12.3,2026-10-09T18:44:59Z
150,ML-KEM-512,post-quantum,1,decapsulate,0.038,0.0,0.0,0.315,800,1632,768,0,0,0,0,0.0,0.5703,nan,edge/x86_64,unknown,3.12.3,2026-10-09T18:44:59Z
151,ML-KEM-512,post-quantum,1,keygen,0.0399,0.0,0.0,0.315,800,1632,768,0,0,0,0,0.0,0.5986,nan,edge/x86_64,unknown,3.12.3,2026-10-09T18:44:59Z
151,ML-KEM-512,post-quantum,1,encapsulate,0.0451,0.0,0.0,0.315,800,1632,768,0,0,0,0,0.0,0.6764,nan,edge/x86_64,unknown,3.12.3,2026-10-09T18:44:59Z
151,ML-KEM-512,post-quantum,1,decapsulate,0.0386,0.0,0.0,0.315,800,1632,768,0,0,0,0,0.0,0.579,nan,edge/x86_64,unknown,3.12.3,2026-10-09T18:44:59Z
152,ML-KEM-512,post-quantum,1,keygen,0.0372,0.0,0.0,0.315,800,1632,768,0,0,0,0,0.0,0.5574,nan,edge/x86_64,unknown,3.12.3,2026-10-09T18:44:59Z
152,ML-KEM-512,post-quantum,1,encapsulate,0.0391,0.0,0.0,0.315,800,1632,768,0,0,0,0,0.0,0.5863,nan,edge/x86_64,unknown,3.12.3,2026-10-09T18:44:59Z
152,ML-KEM-512,post-quantum,1,decapsulate,0.0455,0.0,0.0,0.315,800,1632,768,0,0,0,0,0.0,0.6822,nan,edge/x86_64,unknown,3.12.3,2026-10-09T18:44:59Z
153,ML-KEM-512,post-quantum,1,keygen,0.0379,0.0,0.0,0.315,800,1632,768,0,0,0,0,0.0,0.5691,nan,edge/x86_64,unknown,3.12.3,2026-10-09T18:44:59Z
153,ML-KEM-512,post-quantum,1,encapsulate,0.0406,0.0,0.0,0.315,800,1632,768,0,0,0,0,0.0,0.6097,nan,edge/x86_64,unknown,3.12.3,2026-10-09T18:44:59Z
153,ML-KEM-512,post-quantum,1,decapsulate,0.0386,0.0,0.0,0.315,800,1632,768,0,0,0,0,0.0,0.5785,nan,edge/x86_64,unknown,3.12.3,2026-10-09T18:44:59Z
154,ML-KEM-512,post-quantum,1,keygen,0.0365,0.0,0.0,0.315,800,1632,768,0,0,0,0,0.0,0.5471,nan,edge/x86_64,unknown,3.12.3,2026-10-09T18:44:59Z
154,ML-KEM-512,post-quantum,1,encapsulate,0.0376,0.0,0.0,0.315,800,1632,768,0,0,0,0,0.0,0.5645,nan,edge/x86_64,unknown,3.12.3,2026-10-09T18:44:59Z
154,ML-KEM-512,post-quantum,1,decapsulate,0.0416,0.0,0.0,0.315,800,1632,768,0,0,0,0,0.0,0.6243,nan,edge/x86_64,unknown,3.12.3,2026-10-09T18:44:59Z
155,ML-KEM-512,post-quantum,1,keygen,0.0691,0.0,0.0,0.315,800,1632,768,0,0,0,0,0.0,1.0359,nan,edge/x86_64,unknown,3.12.3,2026-10-09T18:44:59Z
155,ML-KEM-512,post-quantum,1,encapsulate,0.0488,0.0,0.0,0.315,800,1632,768,0,0,0,0,0.0,0.7318,nan,edge/x86_64,unknown,3.12.3,2026-10-09T18:44:59Z
155,ML-KEM-512,post-quantum,1,decapsulate,0.0715,0.0,0.0,0.315,800,1632,768,0,0,0,0,0.0,1.0731,nan,edge/x86_64,unknown,3.12.3,2026-10-09T18:44:59Z
156,ML-KEM-512,post-quantum,1,keygen,0.0471,0.0,0.0,0.315,800,1632,768,0,0,0,0,0.0,0.7067,nan,edge/x86_64,unknown,3.12.3,2026-10-09T18:44:59Z
156,ML-KEM-512,post-quantum,1,encapsulate,0.0427,0.0,0.0,0.315,800,1632,768,0,0,0,0,0.0,0.6411,nan,edge/x86_64,unknown,3.12.3,2026-10-09T18:44:59Z
156,ML-KEM-512,post-quantum,1,decapsulate,0.0477,0.0,0.0,0.315,800,1632,768,0,0,0,0,0.0,0.7161,nan,edge/x86_64,unknown,3.12.3,2026-10-09T18:44:59Z
157,ML-KEM-512,post-quantum,1,keygen,0.0439,0.0,0.0,0.315,800,1632,768,0,0,0,0,0.0,0.6581,nan,edge/x86_64,unknown,3.12.3,2026-10-09T18:44:59Z
157,ML-KEM-512,post-quantum,1,encapsulate,0.0447,0.0,0.0,0.315,800,1632,768,0,0,0,0,0.0,0.6701,nan,edge/x86_64,unknown,3.12.3,2026-10-09T18:44:59Z
157,ML-KEM-512,post-quantum,1,decapsulate,0.0403,0.0,0.0,0.315,800,1632,768,0,0,0,0,0.0,0.605,nan,edge/x86_64,unknown,3.12.3,2026-10-09T18:44:59Z
158,ML-KEM-512,post-quantum,1,keygen,0.0395,0.0,0.0,0.315,800,1632,768,0,0,0,0,0.0,0.5926,nan,edge/x86_64,unknown,3.12.3,2026-10-09T18:44:59Z
158,ML-KEM-512,post-quantum,1,encapsulate,0.0388,0.0,0.0,0.315,800,1632,768,0,0,0,0,0.0,0.5823,nan,edge/x86_64,unknown,3.12.3,2026-10-09T18:44:59Z
158,ML-KEM-512,post-quantum,1,decapsulate,0.0466,0.0,0.0,0.315,800,1632,768,0,0,0,0,0.0,0.699,nan,edge/x86_64,unknown,3.12.3,2026-10-09T18:44:59Z
159,ML-KEM-512,post-quantum,1,keygen,0.0372,0.0,0.0,0.315,800,1632,768,0,0,0,0,0.0,0.5578,nan,edge/x86_64,unknown,3.12.3,2026-10-09T18:44:59Z
159,ML-KEM-512,post-quantum,1,encapsulate,0.0613,0.0,0.0,0.315,800,1632,768,0,0,0,0,0.0,0.9192,nan,edge/x86_64,unknown,3.12.3,2026-10-09T18:44:59Z
159,ML-KEM-512,post-quantum,1,decapsulate,0.0395,0.0,0.0,0.315,800,1632,768,0,0,0,0,0.0,0.592,nan,edge/x86_64,unknown,3.12.3,2026-10-09T18:44:59Z
160,ML-KEM-512,post-quantum,1,keygen,0.0373,0.0,0.0,0.315,800,1632,768,0,0,0,0,0.0,0.5588,nan,edge/x86_64,unknown,3.12.3,2026-10-09T18:44:59Z
160,ML-KEM-512,post-quantum,1,encapsulate,0.0399,0.0,0.0,0.315,800,1632,768,0,0,0,0,0.0,0.5983,nan,edge/x86_64,unknown,3.12.3,2026-10-09T18:44:59Z
160,ML-KEM-512,post-quantum,1,decapsulate,0.043,0.0,0.0,0.315,800,1632,768,0,0,0,0,0.0,0.6455,nan,edge/x86_64,unknown,3.12.3,2026-10-09T18:44:59Z
161,ML-KEM-512,post-quantum,1,keygen,0.0379,0.0,0.0,0.315,800,1632,768,0,0,0,0,0.0,0.5679,nan,edge/x86_64,unknown,3.12.3,2026-10-09T18:44:59Z
161,ML-KEM-512,post-quantum,1,encapsulate,0.0381,0.0,0.0,0.315,800,1632,768,0,0,0,0,0.0,0.5715,nan,edge/x86_64,unknown,3.12.3,2026-10-09T18:44:59Z
161,ML-KEM-512,post-quantum,1,decapsulate,0.0375,0.0,0.0,0.315,800,1632,768,0,0,0,0,0.0,0.5632,nan,edge/x86_64,unknown,3.12.3,2026-10-09T18:44:59Z
162,ML-KEM-512,post-quantum,1,keygen,0.0367,0.0,0.0,0.315,800,1632,768,0,0,0,0,0.0,0.5509,nan,edge/x86_64,unknown,3.12.3,2026-10-09T18:44:59Z
162,ML-KEM-512,post-quantum,1,encapsulate,0.0368,0.0,0.0,0.315,800,1632,768,0,0,0,0,0.0,0.5525,nan,edge/x86_64,unknown,3.12.3,2026-10-09T18:44:59Z
162,ML-KEM-512,post-quantum,1,decapsulate,0.0373,0.0,0.0,0.315,800,1632,768,0,0,0,0,0.0,0.56,nan,edge/x86_64,unknown,3.12.3,2026-10-09T18:44:59Z
163,ML-KEM-512,post-quantum,1,keygen,0.0375,0.0,0.0,0.315,800,1632,768,0,0,0,0,0.0,0.5622,nan,edge/x86_64,unknown,3.12.3,2026-10-09T18:44:59Z
163,ML-KEM-512,post-quantum,1,encapsulate,0.0431,0.0,0.0,0.315,800,1632,768,0,0,0,0,0.0,0.6463,nan,edge/x86_64,unknown,3.12.3,2026-10-09T18:44:59Z
163,ML-KEM-512,post-quantum,1,decapsulate,0.0432,0.0,0.0,0.315,800,1632,768,0,0,0,0,0.0,0.6479,nan,edge/x86_64,unknown,3.12.3,2026-10-09T18:44:59Z
164,ML-KEM-512,post-quantum,1,keygen,0.0402,0.0,0.0,0.315,800,1632,768,0,0,0,0,0.0,0.6027,nan,edge/x86_64,unknown,3.12.3,2026-10-09T18:44:59Z
164,ML-KEM-512,post-quantum,1,encapsulate,0.0383,0.0,0.0,0.315,800,1632,768,0,0,0,0,0.0,0.5739,nan,edge/x86_64,unknown,3.12.3,2026-10-09T18:44:59Z
164,ML-KEM-512,post-quantum,1,decapsulate,0.0391,0.0,0.0,0.315,800,1632,768,0,0,0,0,0.0,0.5862,nan,edge/x86_64,unknown,3.12.3,2026-10-09T18:44:59Z
165,ML-KEM-512,post-quantum,1,keygen,0.0372,0.0,0.0,0.315,800,1632,768,0,0,0,0,0.0,0.5578,nan,edge/x86_64,unknown,3.12.3,2026-10-09T18:44:59Z
165,ML-KEM-512,post-quantum,1,encapsulate,0.0509,0.0,0.0,0.315,800,1632,768,0,0,0,0,0.0,0.7635,nan,edge/x86_64,unknown,3.12.3,2026-10-09T18:44:59Z
165,ML-KEM-512,post-quantum,1,decapsulate,0.0382,0.0,0.0,0.315,800,1632,768,0,0,0,0,0.0,0.5736,nan,edge/x86_64,unknown,3.12.3,2026-10-09T18:44:59Z
166,ML-KEM-512,post-quantum,1,keygen,0.0396,0.0,0.0,0.315,800,1632,768,0,0,0,0,0.0,0.5933,nan,edge/x86_64,unknown,3.12.3,2026-10-09T18:44:59Z
166,ML-KEM-512,post-quantum,1,encapsulate,0.0395,0.0,0.0,0.315,800,1632,768,0,0,0,0,0.0,0.5922,nan,edge/x86_64,unknown,3.12.3,2026-10-09T18:44:59Z
166,ML-KEM-512,post-quantum,1,decapsulate,0.0843,0.0,0.0,0.315,800,1632,768,0,0,0,0,0.0,1.2652,nan,edge/x86_64,unknown,3.12.3,2026-10-09T18:44:59Z
167,ML-KEM-512,post-quantum,1,keygen,0.0606,0.0,0.0,0.315,800,1632,768,0,0,0,0,0.0,0.9095,nan,edge/x86_64,unknown,3.12.3,2026-10-09T18:44:59Z
167,ML-KEM-512,post-quantum,1,encapsulate,0.0385,0.0,0.0,0.315,800,1632,768,0,0,0,0,0.0,0.5773,nan,edge/x86_64,unknown,3.12.3,2026-10-09T18:44:59Z
167,ML-KEM-512,post-quantum,1,decapsulate,0.0384,0.0,0.0,0.315,800,1632,768,0,0,0,0,0.0,0.5763,nan,edge/x86_64,unknown,3.12.3,2026-10-09T18:44:59Z
168,ML-KEM-512,post-quantum,1,keygen,0.038,0.0,0.0,0.315,800,1632,768,0,0,0,0,0.0,0.5695,nan,edge/x86_64,unknown,3.12.3,2026-10-09T18:44:59Z
168,ML-KEM-512,post-quantum,1,encapsulate,0.0386,0.0,0.0,0.315,800,1632,768,0,0,0,0,0.0,0.5787,nan,edge/x86_64,unknown,3.12.3,2026-10-09T18:44:59Z
168,ML-KEM-512,post-quantum,1,decapsulate,0.0387,0.0,0.0,0.315,800,1632,768,0,0,0,0,0.0,0.5805,nan,edge/x86_64,unknown,3.12.3,2026-10-09T18:44:59Z
169,ML-KEM-512,post-quantum,1,keygen,0.0365,0.0,0.0,0.315,800,1632,768,0,0,0,0,0.0,0.5479,nan,edge/x86_64,unknown,3.12.3,2026-10-09T18:44:59Z
169,ML-KEM-512,post-quantum,1,encapsulate,0.0398,0.0,0.0,0.315,800,1632,768,0,0,0,0,0.0,0.5973,nan,edge/x86_64,unknown,3.12.3,2026-10-09T18:44:59Z
169,ML-KEM-512,post-quantum,1,decapsulate,0.0555,0.0,0.0,0.315,800,1632,768,0,0,0,0,0.0,0.8322,nan,edge/x86_64,unknown,3.12.3,2026-10-09T18:44:59Z
170,ML-KEM-512,post-quantum,1,keygen,0.0377,0.0,0.0,0.315,800,1632,768,0,0,0,0,0.0,0.5661,nan,edge/x86_64,unknown,3.12.3,2026-10-09T18:44:59Z
170,ML-KEM-512,post-quantum,1,encapsulate,0.0466,0.0,0.0,0.315,800,1632,768,0,0,0,0,0.0,0.6985,nan,edge/x86_64,unknown,3.12.3,2026-10-09T18:44:59Z
170,ML-KEM-512,post-quantum,1,decapsulate,0.0384,0.0,0.0,0.315,800,1632,768,0,0,0,0,0.0,0.576,nan,edge/x86_64,unknown,3.12.3,2026-10-09T18:44:59Z
171,ML-KEM-512,post-quantum,1,keygen,0.037,0.0,0.0,0.315,800,1632,768,0,0,0,0,0.0,0.5556,nan,edge/x86_64,unknown,3.12.3,2026-10-09T18:44:59Z
171,ML-KEM-512,post-quantum,1,encapsulate,0.0393,0.0,0.0,0.315,800,1632,768,0,0,0,0,0.0,0.5892,nan,edge/x86_64,unknown,3.12.3,2026-10-09T18:44:59Z
171,ML-KEM-512,post-quantum,1,decapsulate,0.0572,0.0,0.0,0.315,800,1632,768,0,0,0,0,0.0,0.8586,nan,edge/x86_64,unknown,3.12.3,2026-10-09T18:44:59Z
172,ML-KEM-512,post-quantum,1,keygen,0.049,0.0,0.0,0.315,800,1632,768,0,0,0,0,0.0,0.7348,nan,edge/x86_64,unknown,3.12.3,2026-10-09T18:44:59Z
172,ML-KEM-512,post-quantum,1,encapsulate,0.0401,0.0,0.0,0.315,800,1632,768,0,0,0,0,0.0,0.6011,nan,edge/x86_64,unknown,3.12.3,2026-10-09T18:44:59Z
172,ML-KEM-512,post-quantum,1,decapsulate,0.1511,0.0,0.0,0.315,800,1632,768,0,0,0,0,0.0,2.2658,nan,edge/x86_64,unknown,3.12.3,2026-10-09T18:44:59Z
173,ML-KEM-512,post-quantum,1,keygen,0.0449,0.0,0.0,0.315,800,1632,768,0,0,0,0,0.0,0.6728,nan,edge/x86_64,unknown,3.12.3,2026-10-09T18:44:59Z
173,ML-KEM-512,post-quantum,1,encapsulate,0.1871,0.0,0.0,0.315,800,1632,768,0,0,0,0,0.0,2.806,nan,edge/x86_64,unknown,3.12.3,2026-10-09T18:44:59Z
173,ML-KEM-512,post-quantum,1,decapsulate,0.09,0.0,0.0,0.315,800,1632,768,0,0,0,0,0.0,1.3493,nan,edge/x86_64,unknown,3.12.3,2026-10-09T18:44:59Z
174,ML-KEM-512,post-quantum,1,keygen,0.0873,0.0,0.0,0.315,800,1632,768,0,0,0,0,0.0,1.3101,nan,edge/x86_64,unknown,3.12.3,2026-10-09T18:44:59Z
174,ML-KEM-512,post-quantum,1,encapsulate,0.0437,0.0,0.0,0.315,800,1632,768,0,0,0,0,0.0,0.6558,nan,edge/x86_64,unknown,3.12.3,2026-10-09T18:44:59Z
174,ML-KEM-512,post-quantum,1,decapsulate,0.0402,0.0,0.0,0.315,800,1632,768,0,0,0,0,0.0,0.6028,nan,edge/x86_64,unknown,3.12.3,2026-10-09T18:44:59Z
175,ML-KEM-512,post-quantum,1,keygen,0.0408,0.0,0.0,0.315,800,1632,768,0,0,0,0,0.0,0.6114,nan,edge/x86_64,unknown,3.12.3,2026-10-09T18:44:59Z
175,ML-KEM-512,post-quantum,1,encapsulate,0.043,0.0,0.0,0.315,800,1632,768,0,0,0,0,0.0,0.6446,nan,edge/x86_64,unknown,3.12.3,2026-10-09T18:44:59Z
175,ML-KEM-512,post-quantum,1,decapsulate,0.0388,0.0,0.0,0.315,800,1632,768,0,0,0,0,0.0,0.5818,nan,edge/x86_64,unknown,3.12.3,2026-10-09T18:44:59Z
176,ML-KEM-512,post-quantum,1,keygen,0.0629,0.0,0.0,0.315,800,1632,768,0,0,0,0,0.0,0.9441,nan,edge/x86_64,unknown,3.12.3,2026-10-09T18:44:59Z
176,ML-KEM-512,post-quantum,1,encapsulate,0.0401,0.0,0.0,0.315,800,1632,768,0,0,0,0,0.0,0.6015,nan,edge/x86_64,unknown,3.12.3,2026-10-09T18:44:59Z
176,ML-KEM-512,post-quantum,1,decapsulate,0.0531,0.0,0.0,0.315,800,1632,768,0,0,0,0,0.0,0.7959,nan,edge/x86_64,unknown,3.12.3,2026-10-09T18:44:59Z
177,ML-KEM-512,post-quantum,1,keygen,0.0427,0.0,0.0,0.315,800,1632,768,0,0,0,0,0.0,0.6406,nan,edge/x86_64,unknown,3.12.3,2026-10-09T18:44:59Z
177,ML-KEM-512,post-quantum,1,encapsulate,0.0394,0.0,0.0,0.315,800,1632,768,0,0,0,0,0.0,0.5917,nan,edge/x86_64,unknown,3.12.3,2026-10-09T18:44:59Z
177,ML-KEM-512,post-quantum,1,decapsulate,0.038,0.0,0.0,0.315,800,1632,768,0,0,0,0,0.0,0.5706,nan,edge/x86_64,unknown,3.12.3,2026-10-09T18:44:59Z
178,ML-KEM-512,post-quantum,1,keygen,0.0392,0.0,0.0,0.315,800,1632,768,0,0,0,0,0.0,0.5881,nan,edge/x86_64,unknown,3.12.3,2026-10-09T18:44:59Z
178,ML-KEM-512,post-quantum,1,encapsulate,0.0869,0.0,0.0,0.315,800,1632,768,0,0,0,0,0.0,1.3035,nan,edge/x86_64,unknown,3.12.3,2026-10-09T18:44:59Z
178,ML-KEM-512,post-quantum,1,decapsulate,0.049,0.0,0.0,0.315,800,1632,768,0,0,0,0,0.0,0.7356,nan,edge/x86_64,unknown,3.12.3,2026-10-09T18:44:59Z
179,ML-KEM-512,post-quantum,1,keygen,0.0545,0.0,0.0,0.315,800,1632,768,0,0,0,0,0.0,0.817,nan,edge/x86_64,unknown,3.12.3,2026-10-09T18:44:59Z
179,ML-KEM-512,post-quantum,1,encapsulate,0.0387,0.0,0.0,0.315,800,1632,768,0,0,0,0,0.0,0.5801,nan,edge/x86_64,unknown,3.12.3,2026-10-09T18:44:59Z
179,ML-KEM-512,post-quantum,1,decapsulate,0.0444,0.0,0.0,0.315,800,1632,768,0,0,0,0,0.0,0.6658,nan,edge/x86_64,unknown,3.12.3,2026-10-09T18:44:59Z
180,ML-KEM-512,post-quantum,1,keygen,0.0469,0.0,0.0,0.315,800,1632,768,0,0,0,0,0.0,0.7042,nan,edge/x86_64,unknown,3.12.3,2026-10-09T18:44:59Z
180,ML-KEM-512,post-quantum,1,encapsulate,0.0404,0.0,0.0,0.315,800,1632,768,0,0,0,0,0.0,0.6063,nan,edge/x86_64,unknown,3.12.3,2026-10-09T18:44:59Z
180,ML-KEM-512,post-quantum,1,decapsulate,0.0383,0.0,0.0,0.315,800,1632,768,0,0,0,0,0.0,0.5742,nan,edge/x86_64,unknown,3.12.3,2026-10-09T18:44:59Z
181,ML-KEM-512,post-quantum,1,keygen,0.0378,0.0,0.0,0.315,800,1632,768,0,0,0,0,0.0,0.5668,nan,edge/x86_64,unknown,3.12.3,2026-10-09T18:44:59Z
181,ML-KEM-512,post-quantum,1,encapsulate,0.04,0.0,0.0,0.315,800,1632,768,0,0,0,0,0.0,0.6006,nan,edge/x86_64,unknown,3.12.3,2026-10-09T18:44:59Z
181,ML-KEM-512,post-quantum,1,decapsulate,0.0387,0.0,0.0,0.315,800,1632,768,0,0,0,0,0.0,0.5812,nan,edge/x86_64,unknown,3.12.3,2026-10-09T18:44:59Z
182,ML-KEM-512,post-quantum,1,keygen,0.0574,0.0,0.0,0.315,800,1632,768,0,0,0,0,0.0,0.8608,nan,edge/x86_64,unknown,3.12.3,2026-10-09T18:44:59Z
182,ML-KEM-512,post-quantum,1,encapsulate,0.0389,0.0,0.0,0.315,800,1632,768,0,0,0,0,0.0,0.5842,nan,edge/x86_64,unknown,3.12.3,2026-10-09T18:44:59Z
182,ML-KEM-512,post-quantum,1,decapsulate,0.0684,0.0,0.0,0.315,800,1632,768,0,0,0,0,0.0,1.0257,nan,edge/x86_64,unknown,3.12.3,2026-10-09T18:44:59Z
183,ML-KEM-512,post-quantum,1,keygen,0.0572,0.0,0.0,0.315,800,1632,768,0,0,0,0,0.0,0.8587,nan,edge/x86_64,unknown,3.12.3,2026-10-09T18:44:59Z
183,ML-KEM-512,post-quantum,1,encapsulate,0.0383,0.0,0.0,0.315,800,1632,768,0,0,0,0,0.0,0.5738,nan,edge/x86_64,unknown,3.12.3,2026-10-09T18:44:59Z
183,ML-KEM-512,post-quantum,1,decapsulate,0.0378,0.0,0.0,0.315,800,1632,768,0,0,0,0,0.0,0.5666,nan,edge/x86_64,unknown,3.12.3,2026-10-09T18:44:59Z
184,ML-KEM-512,post-quantum,1,keygen,0.0401,0.0,0.0,0.315,800,1632,768,0,0,0,0,0.0,0.6017,nan,edge/x86_64,unknown,3.12.3,2026-10-09T18:44:59Z
184,ML-KEM-512,post-quantum,1,encapsulate,0.0418,0.0,0.0,0.315,800,1632,768,0,0,0,0,0.0,0.6273,nan,edge/x86_64,unknown,3.12.3,2026-10-09T18:44:59Z
184,ML-KEM-512,post-quantum,1,decapsulate,0.042,0.0,0.0,0.315,800,1632,768,0,0,0,0,0.0,0.6298,nan,edge/x86_64,unknown,3.12.3,2026-10-09T18:44:59Z
185,ML-KEM-512,post-quantum,1,keygen,0.0386,0.0,0.0,0.315,800,1632,768,0,0,0,0,0.0,0.5784,nan,edge/x86_64,unknown,3.12.3,2026-10-09T18:44:59Z
185,ML-KEM-512,post-quantum,1,encapsulate,0.0438,0.0,0.0,0.315,800,1632,768,0,0,0,0,0.0,0.6568,nan,edge/x86_64,unknown,3.12.3,2026-10-09T18:44:59Z
185,ML-KEM-512,post-quantum,1,decapsulate,0.04,0.0,0.0,0.315,800,1632,768,0,0,0,0,0.0,0.5994,nan,edge/x86_64,unknown,3.12.3,2026-10-09T18:44:59Z
186,ML-KEM-512,post-quantum,1,keygen,0.0461,0.0,0.0,0.315,800,1632,768,0,0,0,0,0.0,0.6909,nan,edge/x86_64,unknown,3.12.3,2026-10-09T18:44:59Z
186,ML-KEM-512,post-quantum,1,encapsulate,0.0405,0.0,0.0,0.315,800,1632,768,0,0,0,0,0.0,0.6071,nan,edge/x86_64,unknown,3.12.3,2026-10-09T18:44:59Z
186,ML-KEM-512,post-quantum,1,decapsulate,0.037,0.0,0.0,0.315,800,1632,768,0,0,0,0,0.0,0.555,nan,edge/x86_64,unknown,3.12.3,2026-10-09T18:44:59Z
187,ML-KEM-512,post-quantum,1,keygen,0.039,0.0,0.0,0.315,800,1632,768,0,0,0,0,0.0,0.5856,nan,edge/x86_64,unknown,3.12.3,2026-10-09T18:44:59Z
187,ML-KEM-512,post-quantum,1,encapsulate,0.0398,0.0,0.0,0.315,800,1632,768,0,0,0,0,0.0,0.5974,nan,edge/x86_64,unknown,3.12.3,2026-10-09T18:44:59Z
187,ML-KEM-512,post-quantum,1,decapsulate,0.0389,0.0,0.0,0.315,800,1632,768,0,0,0,0,0.0,0.5839,nan,edge/x86_64,unknown,3.12.3,2026-10-09T18:44:59Z
188,ML-KEM-512,post-quantum,1,keygen,0.0363,0.0,0.0,0.315,800,1632,768,0,0,0,0,0.0,0.5451,nan,edge/x86_64,unknown,3.12.3,2026-10-09T18:44:59Z
188,ML-KEM-512,post-quantum,1,encapsulate,0.0372,0.0,0.0,0.315,800,1632,768,0,0,0,0,0.0,0.558,nan,edge/x86_64,unknown,3.12.3,2026-10-09T18:44:59Z
188,ML-KEM-512,post-quantum,1,decapsulate,0.0656,0.0,0.0,0.315,800,1632,768,0,0,0,0,0.0,0.9835,nan,edge/x86_64,unknown,3.12.3,2026-10-09T18:44:59Z
189,ML-KEM-512,post-quantum,1,keygen,0.0406,0.0,0.0,0.315,800,1632,768,0,0,0,0,0.0,0.6094,nan,edge/x86_64,unknown,3.12.3,2026-10-09T18:44:59Z
189,ML-KEM-512,post-quantum,1,encapsulate,0.0391,0.0,0.0,0.315,800,1632,768,0,0,0,0,0.0,0.5868,nan,edge/x86_64,unknown,3.12.3,2026-10-09T18:44:59Z
189,ML-KEM-512,post-quantum,1,decapsulate,0.038,0.0,0.0,0.315,800,1632,768,0,0,0,0,0.0,0.5695,nan,edge/x86_64,unknown,3.12.3,2026-10-09T18:44:59Z
190,ML-KEM-512,post-quantum,1,keygen,0.037,0.0,0.0,0.315,800,1632,768,0,0,0,0,0.0,0.5553,nan,edge/x86_64,unknown,3.12.3,2026-10-09T18:44:59Z
190,ML-KEM-512,post-quantum,1,encapsulate,0.0401,0.0,0.0,0.315,800,1632,768,0,0,0,0,0.0,0.601,nan,edge/x86_64,unknown,3.12.3,2026-10-09T18:44:59Z
190,ML-KEM-512,post-quantum,1,decapsulate,0.0378,0.0,0.0,0.315,800,1632,768,0,0,0,0,0.0,0.5666,nan,edge/x86_64,unknown,3.12.3,2026-10-09T18:44:59Z
191,ML-KEM-512,post-quantum,1,keygen,0.0382,0.0,0.0,0.315,800,1632,768,0,0,0,0,0.0,0.5736,nan,edge/x86_64,unknown,3.12.3,2026-10-09T18:44:59Z
191,ML-KEM-512,post-quantum,1,encapsulate,0.0379,0.0,0.0,0.315,800,1632,768,0,0,0,0,0.0,0.5684,nan,edge/x86_64,unknown,3.12.3,2026-10-09T18:44:59Z
191,ML-KEM-512,post-quantum,1,decapsulate,0.0389,0.0,0.0,0.315,800,1632,768,0,0,0,0,0.0,0.5829,nan,edge/x86_64,unknown,3.12.3,2026-10-09T18:44:59Z
192,ML-KEM-512,post-quantum,1,keygen,0.0382,0.0,0.0,0.315,800,1632,768,0,0,0,0,0.0,0.5732,nan,edge/x86_64,unknown,3.12.3,2026-10-09T18:44:59Z
192,ML-KEM-512,post-quantum,1,encapsulate,0.04,0.0,0.0,0.315,800,1632,768,0,0,0,0,0.0,0.5998,nan,edge/x86_64,unknown,3.12.3,2026-10-09T18:44:59Z
192,ML-KEM-512,post-quantum,1,decapsulate,0.039,0.0,0.0,0.315,800,1632,768,0,0,0,0,0.0,0.5852,nan,edge/x86_64,unknown,3.12.3,2026-10-09T18:44:59Z
193,ML-KEM-512,post-quantum,1,keygen,0.1111,0.0,0.0,0.315,800,1632,768,0,0,0,0,0.0,1.6672,nan,edge/x86_64,unknown,3.12.3,2026-10-09T18:44:59Z
193,ML-KEM-512,post-quantum,1,encapsulate,0.0462,0.0,0.0,0.315,800,1632,768,0,0,0,0,0.0,0.6931,nan,edge/x86_64,unknown,3.12.3,2026-10-09T18:44:59Z
193,ML-KEM-512,post-quantum,1,decapsulate,0.0416,0.0,0.0,0.315,800,1632,768,0,0,0,0,0.0,0.6246,nan,edge/x86_64,unknown,3.12.3,2026-10-09T18:44:59Z
194,ML-KEM-512,post-quantum,1,keygen,0.038,0.0,0.0,0.315,800,1632,768,0,0,0,0,0.0,0.5705,nan,edge/x86_64,unknown,3.12.3,2026-10-09T18:44:59Z
194,ML-KEM-512,post-quantum,1,encapsulate,0.0398,0.0,0.0,0.315,800,1632,768,0,0,0,0,0.0,0.5969,nan,edge/x86_64,unknown,3.12.3,2026-10-09T18:44:59Z
194,ML-KEM-512,post-quantum,1,decapsulate,0.0376,0.0,0.0,0.315,800,1632,768,0,0,0,0,0.0,0.5638,nan,edge/x86_64,unknown,3.12.3,2026-10-09T18:44:59Z
195,ML-KEM-512,post-quantum,1,keygen,0.0678,0.0,0.0,0.315,800,1632,768,0,0,0,0,0.0,1.0169,nan,edge/x86_64,unknown,3.12.3,2026-10-09T18:44:59Z
195,ML-KEM-512,post-quantum,1,encapsulate,0.0414,0.0,0.0,0.315,800,1632,768,0,0,0,0,0.0,0.6208,nan,edge/x86_64,unknown,3.12.3,2026-10-09T18:44:59Z
195,ML-KEM-512,post-quantum,1,decapsulate,0.0391,0.0,0.0,0.315,800,1632,768,0,0,0,0,0.0,0.586,nan,edge/x86_64,unknown,3.12.3,2026-10-09T18:44:59Z
196,ML-KEM-512,post-quantum,1,keygen,0.0378,0.0,0.0,0.315,800,1632,768,0,0,0,0,0.0,0.5673,nan,edge/x86_64,unknown,3.12.3,2026-10-09T18:44:59Z
196,ML-KEM-512,post-quantum,1,encapsulate,0.0379,0.0,0.0,0.315,800,1632,768,0,0,0,0,0.0,0.5692,nan,edge/x86_64,unknown,3.12.3,2026-10-09T18:44:59Z
196,ML-KEM-512,post-quantum,1,decapsulate,0.0394,0.0,0.0,0.315,800,1632,768,0,0,0,0,0.0,0.5916,nan,edge/x86_64,unknown,3.12.3,2026-10-09T18:44:59Z
197,ML-KEM-512,post-quantum,1,keygen,0.0373,0.0,0.0,0.315,800,1632,768,0,0,0,0,0.0,0.5589,nan,edge/x86_64,unknown,3.12.3,2026-10-09T18:44:59Z
197,ML-KEM-512,post-quantum,1,encapsulate,0.0503,0.0,0.0,0.315,800,1632,768,0,0,0,0,0.0,0.7543,nan,edge/x86_64,unknown,3.12.3,2026-10-09T18:44:59Z
197,ML-KEM-512,post-quantum,1,decapsulate,0.0401,0.0,0.0,0.315,800,1632,768,0,0,0,0,0.0,0.6013,nan,edge/x86_64,unknown,3.12.3,2026-10-09T18:44:59Z
198,ML-KEM-512,post-quantum,1,keygen,0.0369,0.0,0.0,0.315,800,1632,768,0,0,0,0,0.0,0.5542,nan,edge/x86_64,unknown,3.12.3,2026-10-09T18:44:59Z
198,ML-KEM-512,post-quantum,1,encapsulate,0.0398,0.0,0.0,0.315,800,1632,768,0,0,0,0,0.0,0.5967,nan,edge/x86_64,unknown,3.12.3,2026-10-09T18:44:59Z
198,ML-KEM-512,post-quantum,1,decapsulate,0.038,0.0,0.0,0.315,800,1632,768,0,0,0,0,0.0,0.5698,nan,edge/x86_64,unknown,3.12.3,2026-10-09T18:44:59Z
199,ML-KEM-512,post-quantum,1,keygen,0.0935,0.0,0.0,0.315,800,1632,768,0,0,0,0,0.0,1.402,nan,edge/x86_64,unknown,3.12.3,2026-10-09T18:44:59Z
199,ML-KEM-512,post-quantum,1,encapsulate,0.0458,0.0,0.0,0.315,800,1632,768,0,0,0,0,0.0,0.6869,nan,edge/x86_64,unknown,3.12.3,2026-10-09T18:44:59Z
199,ML-KEM-512,post-quantum,1,decapsulate,0.0396,0.0,0.0,0.315,800,1632,768,0,0,0,0,0.0,0.5933,nan,edge/x86_64,unknown,3.12.3,2026-10-09T18:44:59Z
0,ML-KEM-768,post-quantum,3,keygen,0.0724,0.0,0.0,0.303,1184,2400,1088,0,0,0,0,0.0,1.0863,nan,edge/x86_64,unknown,3.12.3,2026-10-09T18:44:59Z
0,ML-KEM-768,post-quantum,3,encapsulate,0.051,0.0,0.0,0.303,1184,2400,1088,0,0,0,0,0.0,0.7646,nan,edge/x86_64,unknown,3.12.3,2026-10-09T18:44:59Z
0,ML-KEM-768,post-quantum,3,decapsulate,0.0515,0.0,0.0,0.303,1184,2400,1088,0,0,0,0,0.0,0.7728,nan,edge/x86_64,unknown,3.12.3,2026-10-09T18:44:59Z
1,ML-KEM-768,post-quantum,3,keygen,0.0489,0.0,0.0,0.303,1184,2400,1088,0,0,0,0,0.0,0.7335,nan,edge/x86_64,unknown,3.12.3,2026-10-09T18:44:59Z
1,ML-KEM-768,post-quantum,3,encapsulate,0.0464,0.0,0.0,0.303,1184,2400,1088,0,0,0,0,0.0,0.6965,nan,edge/x86_64,unknown,3.12.3,2026-10-09T18:44:59Z
1,ML-KEM-768,post-quantum,3,decapsulate,0.0694,0.0,0.0,0.303,1184,2400,1088,0,0,0,0,0.0,1.0412,nan,edge/x86_64,unknown,3.12.3,2026-10-09T18:44:59Z
2,ML-KEM-768,post-quantum,3,keygen,0.0522,0.0,0.0,0.303,1184,2400,1088,0,0,0,0,0.0,0.7825,nan,edge/x86_64,unknown,3.12.3,2026-10-09T18:44:59Z
2,ML-KEM-768,post-quantum,3,encapsulate,0.0889,0.0,0.0,0.303,1184,2400,1088,0,0,0,0,0.0,1.3331,nan,edge/x86_64,unknown,3.12.3,2026-10-09T18:44:59Z
2,ML-KEM-768,post-quantum,3,decapsulate,0.0492,0.0,0.0,0.303,1184,2400,1088,0,0,0,0,0.0,0.7379,nan,edge/x86_64,unknown,3.12.3,2026-10-09T18:44:59Z
3,ML-KEM-768,post-quantum,3,keygen,0.0487,0.0,0.0,0.303,1184,2400,1088,0,0,0,0,0.0,0.7301,nan,edge/x86_64,unknown,3.12.3,2026-10-09T18:44:59Z
3,ML-KEM-768,post-quantum,3,encapsulate,0.0479,0.0,0.0,0.303,1184,2400,1088,0,0,0,0,0.0,0.7188,nan,edge/x86_64,unknown,3.12.3,2026-10-09T18:44:59Z
3,ML-KEM-768,post-quantum,3,decapsulate,0.047,0.0,0.0,0.303,1184,2400,1088,0,0,0,0,0.0,0.7057,nan,edge/x86_64,unknown,3.12.3,2026-10-09T18:44:59Z
4,ML-KEM-768,post-quantum,3,keygen,0.0457,0.0,0.0,0.303,1184,2400,1088,0,0,0,0,0.0,0.6853,nan,edge/x86_64,unknown,3.12.3,2026-10-09T18:44:59Z
4,ML-KEM-768,post-quantum,3,encapsulate,0.0636,0.0,0.0,0.303,1184,2400,1088,0,0,0,0,0.0,0.9541,nan,edge/x86_64,unknown,3.12.3,2026-10-09T18:44:59Z
4,ML-KEM-768,post-quantum,3,decapsulate,0.1704,0.0,0.0,0.303,1184,2400,1088,0,0,0,0,0.0,2.5557,nan,edge/x86_64,unknown,3.12.3,2026-10-09T18:44:59Z
5,ML-KEM-768,post-quantum,3,keygen,0.0678,0.0,0.0,0.303,1184,2400,1088,0,0,0,0,0.0,1.0173,nan,edge/x86_64,unknown,3.12.3,2026-10-09T18:44:59Z
5,ML-KEM-768,post-quantum,3,encapsulate,0.0498,0.0,0.0,0.303,1184,2400,1088,0,0,0,0,0.0,0.7465,nan,edge/x86_64,unknown,3.12.3,2026-10-09T18:44:59Z
5,ML-KEM-768,post-quantum,3,decapsulate,0.0485,0.0,0.0,0.303,1184,2400,1088,0,0,0,0,0.0,0.7276,nan,edge/x86_64,unknown,3.12.3,2026-10-09T18:44:59Z
6,ML-KEM-768,post-quantum,3,keygen,0.0474,0.0,0.0,0.303,1184,2400,1088,0,0,0,0,0.0,0.7103,nan,edge/x86_64,unknown,3.12.3,2026-10-09T18:44:59Z
6,ML-KEM-768,post-quantum,3,encapsulate,0.0467,0.0,0.0,0.303,1184,2400,1088,0,0,0,0,0.0,0.7,nan,edge/x86_64,unknown,3.12.3,2026-10-09T18:44:59Z
6,ML-KEM-768,post-quantum,3,decapsulate,0.0477,0.0,0.0,0.303,1184,2400,1088,0,0,0,0,0.0,0.7158,nan,edge/x86_64,unknown,3.12.3,2026-10-09T18:44:59Z
7,ML-KEM-768,post-quantum,3,keygen,0.0629,0.0,0.0,0.303,1184,2400,1088,0,0,0,0,0.0,0.9441,nan,edge/x86_64,unknown,3.12.3,2026-10-09T18:44:59Z
7,ML-KEM-768,post-quantum,3,encapsulate,0.0462,0.0,0.0,0.303,1184,2400,1088,0,0,0,0,0.0,0.6932,nan,edge/x86_64,unknown,3.12.3,2026-10-09T18:44:59Z
7,ML-KEM-768,post-quantum,3,decapsulate,0.0472,0.0,0.0,0.303,1184,2400,1088,0,0,0,0,0.0,0.7078,nan,edge/x86_64,unknown,3.12.3,2026-10-09T18:44:59Z
8,ML-KEM-768,post-quantum,3,keygen,0.1016,0.0,0.0,0.303,1184,2400,1088,0,0,0,0,0.0,1.5233,nan,edge/x86_64,unknown,3.12.3,2026-10-09T18:44:59Z
8,ML-KEM-768,post-quantum,3,encapsulate,0.0481,0.0,0.0,0.303,1184,2400,1088,0,0,0,0,0.0,0.7215,nan,edge/x86_64,unknown,3.12.3,2026-10-09T18:44:59Z
8,ML-KEM-768,post-quantum,3,decapsulate,0.0492,0.0,0.0,0.303,1184,2400,1088,0,0,0,0,0.0,0.7381,nan,edge/x86_64,unknown,3.12.3,2026-10-09T18:44:59Z
9,ML-KEM-768,post-quantum,3,keygen,0.0468,0.0,0.0,0.303,1184,2400,1088,0,0,0,0,0.0,0.7026,nan,edge/x86_64,unknown,3.12.3,2026-10-09T18:44:59Z
9,ML-KEM-768,post-quantum,3,encapsulate,0.0457,0.0,0.0,0.303,1184,2400,1088,0,0,0,0,0.0,0.6852,nan,edge/x86_64,unknown,3.12.3,2026-10-09T18:44:59Z
9,ML-KEM-768,post-quantum,3,decapsulate,0.0491,0.0,0.0,0.303,1184,2400,1088,0,0,0,0,0.0,0.7365,nan,edge/x86_64,unknown,3.12.3,2026-10-09T18:44:59Z
10,ML-KEM-768,post-quantum,3,keygen,0.0459,0.0,0.0,0.303,1184,2400,1088,0,0,0,0,0.0,0.6884,nan,edge/x86_64,unknown,3.12.3,2026-10-09T18:44:59Z
10,ML-KEM-768,post-quantum,3,encapsulate,0.0463,0.0,0.0,0.303,1184,2400,1088,0,0,0,0,0.0,0.694,nan,edge/x86_64,unknown,3.12.3,2026-10-09T18:44:59Z
10,ML-KEM-768,post-quantum,3,decapsulate,0.046,0.0,0.0,0.303,1184,2400,1088,0,0,0,0,0.0,0.6906,nan,edge/x86_64,unknown,3.12.3,2026-10-09T18:44:59Z
11,ML-KEM-768,post-quantum,3,keygen,0.0447,0.0,0.0,0.303,1184,2400,1088,0,0,0,0,0.0,0.6705,nan,edge/x86_64,unknown,3.12.3,2026-10-09T18:44:59Z
11,ML-KEM-768,post-quantum,3,encapsulate,0.0515,0.0,0.0,0.303,1184,2400,1088,0,0,0,0,0.0,0.7724,nan,edge/x86_64,unknown,3.12.3,2026-10-09T18:44:59Z
11,ML-KEM-768,post-quantum,3,decapsulate,0.048,0.0,0.0,0.303,1184,2400,1088,0,0,0,0,0.0,0.72,nan,edge/x86_64,unknown,3.12.3,2026-10-09T18:44:59Z
12,ML-KEM-768,post-quantum,3,keygen,0.0456,0.0,0.0,0.303,1184,2400,1088,0,0,0,0,0.0,0.6834,nan,edge/x86_64,unknown,3.12.3,2026-10-09T18:44:59Z
12,ML-KEM-768,post-quantum,3,encapsulate,0.0463,0.0,0.0,0.303,1184,2400,1088,0,0,0,0,0.0,0.695,nan,edge/x86_64,unknown,3.12.3,2026-10-09T18:44:59Z
12,ML-KEM-768,post-quantum,3,decapsulate,0.0468,0.0,0.0,0.303,1184,2400,1088,0,0,0,0,0.0,0.7023,nan,edge/x86_64,unknown,3.12.3,2026-10-09T18:44:59Z
13,ML-KEM-768,post-quantum,3,keygen,0.0454,0.0,0.0,0.303,1184,2400,1088,0,0,0,0,0.0,0.6805,nan,edge/x86_64,unknown,3.12.3,2026-10-09T18:44:59Z
13,ML-KEM-768,post-quantum,3,encapsulate,0.0452,0.0,0.0,0.303,1184,2400,1088,0,0,0,0,0.0,0.6779,nan,edge/x86_64,unknown,3.12.3,2026-10-09T18:44:59Z
13,ML-KEM-768,post-quantum,3,decapsulate,0.0559,0.0,0.0,0.303,1184,2400,1088,0,0,0,0,0.0,0.8383,nan,edge/x86_64,unknown,3.12.3,2026-10-09T18:44:59Z
14,ML-KEM-768,post-quantum,3,keygen,0.094,0.0,0.0,0.303,1184,2400,1088,0,0,0,0,0.0,1.4098,nan,edge/x86_64,unknown,3.12.3,2026-10-09T18:44:59Z
14,ML-KEM-768,post-quantum,3,encapsulate,0.07,0.0,0.0,0.303,1184,2400,1088,0,0,0,0,0.0,1.0501,nan,edge/x86_64,unknown,3.12.3,2026-10-09T18:44:59Z
14,ML-KEM-768,post-quantum,3,decapsulate,0.0507,0.0,0.0,0.303,1184,2400,1088,0,0,0,0,0.0,0.7603,nan,edge/x86_64,unknown,3.12.3,2026-10-09T18:44:59Z
15,ML-KEM-768,post-quantum,3,keygen,0.0462,0.0,0.0,0.303,1184,2400,1088,0,0,0,0,0.0,0.6924,nan,edge/x86_64,unknown,3.12.3,2026-10-09T18:44:59Z
15,ML-KEM-768,post-quantum,3,encapsulate,0.0481,0.0,0.0,0.303,1184,2400,1088,0,0,0,0,0.0,0.7208,nan,edge/x86_64,unknown,3.12.3,2026-10-09T18:44:59Z
15,ML-KEM-768,post-quantum,3,decapsulate,0.0465,0.0,0.0,0.303,1184,2400,1088,0,0,0,0,0.0,0.6977,nan,edge/x86_64,unknown,3.12.3,2026-10-09T18:44:59Z
16,ML-KEM-768,post-quantum,3,keygen,0.0724,0.0,0.0,0.303,1184,2400,1088,0,0,0,0,0.0,1.0854,nan,edge/x86_64,unknown,3.12.3,2026-10-09T18:44:59Z
16,ML-KEM-768,post-quantum,3,encapsulate,0.0473,0.0,0.0,0.303,1184,2400,1088,0,0,0,0,0.0,0.7101,nan,edge/x86_64,unknown,3.12.3,2026-10-09T18:44:59Z
16,ML-KEM-768,post-quantum,3,decapsulate,0.0467,0.0,0.0,0.303,1184,2400,1088,0,0,0,0,0.0,0.7003,nan,edge/x86_64,unknown,3.12.3,2026-10-09T18:44:59Z
17,ML-KEM-768,post-quantum,3,keygen,0.0469,0.0,0.0,0.303,1184,2400,1088,0,0,0,0,0.0,0.7037,nan,edge/x86_64,unknown,3.12.3,2026-10-09T18:44:59Z
17,ML-KEM-768,post-quantum,3,encapsulate,0.0481,0.0,0.0,0.303,1184,2400,1088,0,0,0,0,0.0,0.7215,nan,edge/x86_64,unknown,3.12.3,2026-10-09T18:44:59Z
17,ML-KEM-768,post-quantum,3,decapsulate,0.0483,0.0,0.0,0.303,1184,2400,1088,0,0,0,0,0.0,0.7241,nan,edge/x86_64,unknown,3.12.3,2026-10-09T18:44:59Z
18,ML-KEM-768,post-quantum,3,keygen,0.0463,0.0,0.0,0.303,1184,2400,1088,0,0,0,0,0.0,0.6941,nan,edge/x86_64,unknown,3.12.3,2026-10-09T18:44:59Z
18,ML-KEM-768,post-quantum,3,encapsulate,0.046,0.0,0.0,0.303,1184,2400,1088,0,0,0,0,0.0,0.6906,nan,edge/x86_64,unknown,3.12.3,2026-10-09T18:44:59Z
18,ML-KEM-768,post-quantum,3,decapsulate,0.0469,0.0,0.0,0.303,1184,2400,1088,0,0,0,0,0.0,0.7029,nan,edge/x86_64,unknown,3.12.3,2026-10-09T18:44:59Z
19,ML-KEM-768,post-quantum,3,keygen,0.0442,0.0,0.0,0.303,1184,2400,1088,0,0,0,0,0.0,0.6634,nan,edge/x86_64,unknown,3.12.3,2026-10-09T18:44:59Z
19,ML-KEM-768,post-quantum,3,encapsulate,0.0657,0.0,0.0,0.303,1184,2400,1088,0,0,0,0,0.0,0.9855,nan,edge/x86_64,unknown,3.12.3,2026-10-09T18:44:59Z
19,ML-KEM-768,post-quantum,3,decapsulate,0.0494,0.0,0.0,0.303,1184,2400,1088,0,0,0,0,0.0,0.7406,nan,edge/x86_64,unknown,3.12.3,2026-10-09T18:44:59Z
20,ML-KEM-768,post-quantum,3,keygen,0.046,0.0,0.0,0.303,1184,2400,1088,0,0,0,0,0.0,0.6896,nan,edge/x86_64,unknown,3.12.3,2026-10-09T18:44:59Z
20,ML-KEM-768,post-quantum,3,encapsulate,0.045,0.0,0.0,0.303,1184,2400,1088,0,0,0,0,0.0,0.6757,nan,edge/x86_64,unknown,3.12.3,2026-10-09T18:44:59Z
20,ML-KEM-768,post-quantum,3,decapsulate,0.0891,0.0,0.0,0.303,1184,2400,1088,0,0,0,0,0.0,1.3371,nan,edge/x86_64,unknown,3.12.3,2026-10-09T18:44:59Z
21,ML-KEM-768,post-quantum,3,keygen,0.0543,0.0,0.0,0.303,1184,2400,1088,0,0,0,0,0.0,0.8147,nan,edge/x86_64,unknown,3.12.3,2026-10-09T18:44:59Z
21,ML-KEM-768,post-quantum,3,encapsulate,0.046,0.0,0.0,0.303,1184,2400,1088,0,0,0,0,0.0,0.6901,nan,edge/x86_64,unknown,3.12.3,2026-10-09T18:44:59Z
21,ML-KEM-768,post-quantum,3,decapsulate,0.0466,0.0,0.0,0.303,1184,2400,1088,0,0,0,0,0.0,0.6984,nan,edge/x86_64,unknown,3.12.3,2026-10-09T18:44:59Z
22,ML-KEM-768,post-quantum,3,keygen,0.0467,0.0,0.0,0.303,1184,2400,1088,0,0,0,0,0.0,0.6999,nan,edge/x86_64,unknown,3.12.3,2026-10-09T18:44:59Z
22,ML-KEM-768,post-quantum,3,encapsulate,0.0632,0.0,0.0,0.303,1184,2400,1088,0,0,0,0,0.0,0.9482,nan,edge/x86_64,unknown,3.12.3,2026-10-09T18:44:59Z
22,ML-KEM-768,post-quantum,3,decapsulate,0.0497,0.0,0.0,0.303,1184,2400,1088,0,0,0,0,0.0,0.7452,nan,edge/x86_64,unknown,3.12.3,2026-10-09T18:44:59Z
23,ML-KEM-768,post-quantum,3,keygen,0.0815,0.0,0.0,0.303,1184,2400,1088,0,0,0,0,0.0,1.2222,nan,edge/x86_64,unknown,3.12.3,2026-10-09T18:44:59Z
23,ML-KEM-768,post-quantum,3,encapsulate,0.0788,0.0,0.0,0.303,1184,2400,1088,0,0,0,0,0.0,1.1821,nan,edge/x86_64,unknown,3.12.3,2026-10-09T18:44:59Z
23,ML-KEM-768,post-quantum,3,decapsulate,0.0469,0.0,0.0,0.303,1184,2400,1088,0,0,0,0,0.0,0.7036,nan,edge/x86_64,unknown,3.12.3,2026-10-09T18:44:59Z
24,ML-KEM-768,post-quantum,3,keygen,0.0476,0.0,0.0,0.303,1184,2400,1088,0,0,0,0,0.0,0.7137,nan,edge/x86_64,unknown,3.12.3,2026-10-09T18:44:59Z
24,ML-KEM-768,post-quantum,3,encapsulate,0.0482,0.0,0.0,0.303,1184,2400,1088,0,0,0,0,0.0,0.7232,nan,edge/x86_64,unknown,3.12.3,2026-10-09T18:44:59Z
24,ML-KEM-768,post-quantum,3,decapsulate,0.0507,0.0,0.0,0.303,1184,2400,1088,0,0,0,0,0.0,0.7608,nan,edge/x86_64,unknown,3.12.3,2026-10-09T18:44:59Z
25,ML-KEM-768,post-quantum,3,keygen,0.0444,0.0,0.0,0.303,1184,2400,1088,0,0,0,0,0.0,0.6656,nan,edge/x86_64,unknown,3.12.3,2026-10-09T18:44:59Z
25,ML-KEM-768,post-quantum,3,encapsulate,0.0446,0.0,0.0,0.303,1184,2400,1088,0,0,0,0,0.0,0.6686,nan,edge/x86_64,unknown,3.12.3,2026-10-09T18:44:59Z
25,ML-KEM-768,post-quantum,3,decapsulate,0.0474,0.0,0.0,0.303,1184,2400,1088,0,0,0,0,0.0,0.7114,nan,edge/x86_64,unknown,3.12.3,2026-10-09T18:44:59Z
26,ML-KEM-768,post-quantum,3,keygen,0.0462,0.0,0.0,0.303,1184,2400,1088,0,0,0,0,0.0,0.6923,nan,edge/x86_64,unknown,3.12.3,2026-10-09T18:44:59Z
26,ML-KEM-768,post-quantum,3,encapsulate,0.0453,0.0,0.0,0.303,1184,2400,1088,0,0,0,0,0.0,0.6797,nan,edge/x86_64,unknown,3.12.3,2026-10-09T18:44:59Z
26,ML-KEM-768,post-quantum,3,decapsulate,0.0469,0.0,0.0,0.303,1184,2400,1088,0,0,0,0,0.0,0.7031,nan,edge/x86_64,unknown,3.12.3,2026-10-09T18:44:59Z
27,ML-KEM-768,post-quantum,3,keygen,0.0549,0.0,0.0,0.303,1184,2400,1088,0,0,0,0,0.0,0.8236,nan,edge/x86_64,unknown,3.12.3,2026-10-09T18:44:59Z
27,ML-KEM-768,post-quantum,3,encapsulate,0.0514,0.0,0.0,0.303,1184,2400,1088,0,0,0,0,0.0,0.7711,nan,edge/x86_64,unknown,3.12.3,2026-10-09T18:44:59Z
27,ML-KEM-768,post-quantum,3,decapsulate,0.0478,0.0,0.0,0.303,1184,2400,1088,0,0,0,0,0.0,0.7176,nan,edge/x86_64,unknown,3.12.3,2026-10-09T18:44:59Z
28,ML-KEM-768,post-quantum,3,keygen,0.045,0.0,0.0,0.303,1184,2400,1088,0,0,0,0,0.0,0.6757,nan,edge/x86_64,unknown,3.12.3,2026-10-09T18:44:59Z
28,ML-KEM-768,post-quantum,3,encapsulate,0.0462,0.0,0.0,0.303,1184,2400,1088,0,0,0,0,0.0,0.6933,nan,edge/x86_64,unknown,3.12.3,2026-10-09T18:44:59Z
28,ML-KEM-768,post-quantum,3,decapsulate,0.0981,0.0,0.0,0.303,1184,2400,1088,0,0,0,0,0.0,1.4709,nan,edge/x86_64,unknown,3.12.3,2026-10-09T18:44:59Z
29,ML-KEM-768,post-quantum,3,keygen,0.0504,0.0,0.0,0.303,1184,2400,1088,0,0,0,0,0.0,0.7564,nan,edge/x86_64,unknown,3.12.3,2026-10-09T18:44:59Z
29,ML-KEM-768,post-quantum,3,encapsulate,0.0487,0.0,0.0,0.303,1184,2400,1088,0,0,0,0,0.0,0.7311,nan,edge/x86_64,unknown,3.12.3,2026-10-09T18:44:59Z
29,ML-KEM-768,post-quantum,3,decapsulate,0.0492,0.0,0.0,0.303,1184,2400,1088,0,0,0,0,0.0,0.7375,nan,edge/x86_64,unknown,3.12.3,2026-10-09T18:44:59Z
30,ML-KEM-768,post-quantum,3,keygen,0.0461,0.0,0.0,0.303,1184,2400,1088,0,0,0,0,0.0,0.6912,nan,edge/x86_64,unknown,3.12.3,2026-10-09T18:44:59Z
30,ML-KEM-768,post-quantum,3,encapsulate,0.0453,0.0,0.0,0.303,1184,2400,1088,0,0,0,0,0.0,0.6795,nan,edge/x86_64,unknown,3.12.3,2026-10-09T18:44:59Z
30,ML-KEM-768,post-quantum,3,decapsulate,0.0469,0.0,0.0,0.303,1184,2400,1088,0,0,0,0,0.0,0.7029,nan,edge/x86_64,unknown,3.12.3,2026-10-09T18:44:59Z
31,ML-KEM-768,post-quantum,3,keygen,0.0485,0.0,0.0,0.303,1184,2400,1088,0,0,0,0,0.0,0.7276,nan,edge/x86_64,unknown,3.12.3,2026-10-09T18:44:59Z
31,ML-KEM-768,post-quantum,3,encapsulate,0.0453,0.0,0.0,0.303,1184,2400,1088,0,0,0,0,0.0,0.6799,nan,edge/x86_64,unknown,3.12.3,2026-10-09T18:44:59Z
31,ML-KEM-768,post-quantum,3,decapsulate,0.0483,0.0,0.0,0.303,1184,2400,1088,0,0,0,0,0.0,0.7245,nan,edge/x86_64,unknown,3.12.3,2026-10-09T18:44:59Z
32,ML-KEM-768,post-quantum,3,keygen,0.0889,0.0,0.0,0.303,1184,2400,1088,0,0,0,0,0.0,1.3329,nan,edge/x86_64,unknown,3.12.3,2026-10-09T18:44:59Z
32,ML-KEM-768,post-quantum,3,encapsulate,0.0503,0.0,0.0,0.303,1184,2400,1088,0,0,0,0,0.0,0.7551,nan,edge/x86_64,unknown,3.12.3,2026-10-09T18:44:59Z
32,ML-KEM-768,post-quantum,3,decapsulate,0.0481,0.0,0.0,0.303,1184,2400,1088,0,0,0,0,0.0,0.7218,nan,edge/x86_64,unknown,3.12.3,2026-10-09T18:44:59Z
33,ML-KEM-768,post-quantum,3,keygen,0.0453,0.0,0.0,0.303,1184,2400,1088,0,0,0,0,0.0,0.6795,nan,edge/x86_64,unknown,3.12.3,2026-10-09T18:44:59Z
33,ML-KEM-768,post-quantum,3,encapsulate,0.0556,0.0,0.0,0.303,1184,2400,1088,0,0,0,0,0.0,0.8345,nan,edge/x86_64,unknown,3.12.3,2026-10-09T18:44:59Z
33,ML-KEM-768,post-quantum,3,decapsulate,0.077,0.0,0.0,0.303,1184,2400,1088,0,0,0,0,0.0,1.1555,nan,edge/x86_64,unknown,3.12.3,2026-10-09T18:44:59Z
34,ML-KEM-768,post-quantum,3,keygen,0.0741,0.0,0.0,0.303,1184,2400,1088,0,0,0,0,0.0,1.1113,nan,edge/x86_64,unknown,3.12.3,2026-10-09T18:44:59Z
34,ML-KEM-768,post-quantum,3,encapsulate,0.0466,0.0,0.0,0.303,1184,2400,1088,0,0,0,0,0.0,0.6995,nan,edge/x86_64,unknown,3.12.3,2026-10-09T18:44:59Z
34,ML-KEM-768,post-quantum,3,decapsulate,0.0847,0.0,0.0,0.303,1184,2400,1088,0,0,0,0,0.0,1.2707,nan,edge/x86_64,unknown,3.12.3,2026-10-09T18:44:59Z
35,ML-KEM-768,post-quantum,3,keygen,0.051,0.0,0.0,0.303,1184,2400,1088,0,0,0,0,0.0,0.7645,nan,edge/x86_64,unknown,3.12.3,2026-10-09T18:44:59Z
35,ML-KEM-768,post-quantum,3,encapsulate,0.0489,0.0,0.0,0.303,1184,2400,1088,0,0,0,0,0.0,0.7337,nan,edge/x86_64,unknown,3.12.3,2026-10-09T18:44:59Z
35,ML-KEM-768,post-quantum,3,decapsulate,0.0512,0.0,0.0,0.303,1184,2400,1088,0,0,0,0,0.0,0.7675,nan,edge/x86_64,unknown,3.12.3,2026-10-09T18:44:59Z
36,ML-KEM-768,post-quantum,3,keygen,0.0463,0.0,0.0,0.303,1184,2400,1088,0,0,0,0,0.0,0.6944,nan,edge/x86_64,unknown,3.12.3,2026-10-09T18:44:59Z
36,ML-KEM-768,post-quantum,3,encapsulate,0.0471,0.0,0.0,0.303,1184,2400,1088,0,0,0,0,0.0,0.7067,nan,edge/x86_64,unknown,3.12.3,2026-10-09T18:44:59Z
36,ML-KEM-768,post-quantum,3,decapsulate,0.046,0.0,0.0,0.303,1184,2400,1088,0,0,0,0,0.0,0.6902,nan,edge/x86_64,unknown,3.12.3,2026-10-09T18:44:59Z
37,ML-KEM-768,post-quantum,3,keygen,0.0444,0.0,0.0,0.303,1184,2400,1088,0,0,0,0,0.0,0.6654,nan,edge/x86_64,unknown,3.12.3,2026-10-09T18:44:59Z
37,ML-KEM-768,post-quantum,3,encapsulate,0.0445,0.0,0.0,0.303,1184,2400,1088,0,0,0,0,0.0,0.6668,nan,edge/x86_64,unknown,3.12.3,2026-10-09T18:44:59Z
37,ML-KEM-768,post-quantum,3,decapsulate,0.0471,0.0,0.0,0.303,1184,2400,1088,0,0,0,0,0.0,0.7067,nan,edge/x86_64,unknown,3.12.3,2026-10-09T18:44:59Z
38,ML-KEM-768,post-quantum,3,keygen,0.0497,0.0,0.0,0.303,1184,2400,1088,0,0,0,0,0.0,0.7462,nan,edge/x86_64,unknown,3.12.3,2026-10-09T18:44:59Z
38,ML-KEM-768,post-quantum,3,encapsulate,0.0483,0.0,0.0,0.303,1184,2400,1088,0,0,0,0,0.0,0.7242,nan,edge/x86_64,unknown,3.12.3,2026-10-09T18:44:59Z
38,ML-KEM-768,post-quantum,3,decapsulate,0.0476,0.0,0.0,0.303,1184,2400,1088,0,0,0,0,0.0,0.7138,nan,edge/x86_64,unknown,3.12.3,2026-10-09T18:44:59Z
39,ML-KEM-768,post-quantum,3,keygen,0.0461,0.0,0.0,0.303,1184,2400,1088,0,0,0,0,0.0,0.6913,nan,edge/x86_64,unknown,3.12.3,2026-10-09T18:44:59Z
39,ML-KEM-768,post-quantum,3,encapsulate,0.0831,0.0,0.0,0.303,1184,2400,1088,0,0,0,0,0.0,1.246,nan,edge/x86_64,unknown,3.12.3,2026-10-09T18:44:59Z
39,ML-KEM-768,post-quantum,3,decapsulate,0.056,0.0,0.0,0.303,1184,2400,1088,0,0,0,0,0.0,0.84,nan,edge/x86_64,unknown,3.12.3,2026-10-09T18:44:59Z
40,ML-KEM-768,post-quantum,3,keygen,0.0503,0.0,0.0,0.303,1184,2400,1088,0,0,0,0,0.0,0.7541,nan,edge/x86_64,unknown,3.12.3,2026-10-09T18:44:59Z
40,ML-KEM-768,post-quantum,3,encapsulate,0.0592,0.0,0.0,0.303,1184,2400,1088,0,0,0,0,0.0,0.888,nan,edge/x86_64,unknown,3.12.3,2026-10-09T18:44:59Z
40,ML-KEM-768,post-quantum,3,decapsulate,0.0534,0.0,0.0,0.303,1184,2400,1088,0,0,0,0,0.0,0.8017,nan,edge/x86_64,unknown,3.12.3,2026-10-09T18:44:59Z
41,ML-KEM-768,post-quantum,3,keygen,0.0792,0.0,0.0,0.303,1184,2400,1088,0,0,0,0,0.0,1.1885,nan,edge/x86_64,unknown,3.12.3,2026-10-09T18:44:59Z
41,ML-KEM-768,post-quantum,3,encapsulate,0.0532,0.0,0.0,0.303,1184,2400,1088,0,0,0,0,0.0,0.798,nan,edge/x86_64,unknown,3.12.3,2026-10-09T18:44:59Z
41,ML-KEM-768,post-quantum,3,decapsulate,0.0481,0.0,0.0,0.303,1184,2400,1088,0,0,0,0,0.0,0.7214,nan,edge/x86_64,unknown,3.12.3,2026-10-09T18:44:59Z
42,ML-KEM-768,post-quantum,3,keygen,0.068,0.0,0.0,0.303,1184,2400,1088,0,0,0,0,0.0,1.0205,nan,edge/x86_64,unknown,3.12.3,2026-10-09T18:44:59Z
42,ML-KEM-768,post-quantum,3,encapsulate,0.0941,0.0,0.0,0.303,1184,2400,1088,0,0,0,0,0.0,1.411,nan,edge/x86_64,unknown,3.12.3,2026-10-09T18:44:59Z
42,ML-KEM-768,post-quantum,3,decapsulate,0.0486,0.0,0.0,0.303,1184,2400,1088,0,0,0,0,0.0,0.7285,nan,edge/x86_64,unknown,3.12.3,2026-10-09T18:44:59Z
43,ML-KEM-768,post-quantum,3,keygen,0.0484,0.0,0.0,0.303,1184,2400,1088,0,0,0,0,0.0,0.7257,nan,edge/x86_64,unknown,3.12.3,2026-10-09T18:44:59Z
43,ML-KEM-768,post-quantum,3,encapsulate,0.0475,0.0,0.0,0.303,1184,2400,1088,0,0,0,0,0.0,0.713,nan,edge/x86_64,unknown,3.12.3,2026-10-09T18:44:59Z
43,ML-KEM-768,post-quantum,3,decapsulate,0.0475,0.0,0.0,0.303,1184,2400,1088,0,0,0,0,0.0,0.7128,nan,edge/x86_64,unknown,3.12.3,2026-10-09T18:44:59Z
44,ML-KEM-768,post-quantum,3,keygen,0.0475,0.0,0.0,0.303,1184,2400,1088,0,0,0,0,0.0,0.713,nan,edge/x86_64,unknown,3.12.3,2026-10-09T18:44:59Z
44,ML-KEM-768,post-quantum,3,encapsulate,0.0475,0.0,0.0,0.303,1184,2400,1088,0,0,0,0,0.0,0.7119,nan,edge/x86_64,unknown,3.12.3,2026-10-09T18:44:59Z
44,ML-KEM-768,post-quantum,3,decapsulate,0.0465,0.0,0.0,0.303,1184,2400,1088,0,0,0,0,0.0,0.6968,nan,edge/x86_64,unknown,3.12.3,2026-10-09T18:44:59Z
45,ML-KEM-768,post-quantum,3,keygen,0.0454,0.0,0.0,0.303,1184,2400,1088,0,0,0,0,0.0,0.6804,nan,edge/x86_64,unknown,3.12.3,2026-10-09T18:44:59Z
45,ML-KEM-768,post-quantum,3,encapsulate,0.0877,0.0,0.0,0.303,1184,2400,1088,0,0,0,0,0.0,1.3155,nan,edge/x86_64,unknown,3.12.3,2026-10-09T18:44:59Z
45,ML-KEM-768,post-quantum,3,decapsulate,0.0511,0.0,0.0,0.303,1184,2400,1088,0,0,0,0,0.0,0.7658,nan,edge/x86_64,unknown,3.12.3,2026-10-09T18:44:59Z
46,ML-KEM-768,post-quantum,3,keygen,0.0459,0.0,0.0,0.303,1184,2400,1088,0,0,0,0,0.0,0.6883,nan,edge/x86_64,unknown,3.12.3,2026-10-09T18:44:59Z
46,ML-KEM-768,post-quantum,3,encapsulate,0.0458,0.0,0.0,0.303,1184,2400,1088,0,0,0,0,0.0,0.6863,nan,edge/x86_64,unknown,3.12.3,2026-10-09T18:44:59Z
46,ML-KEM-768,post-quantum,3,decapsulate,0.0474,0.0,0.0,0.303,1184,2400,1088,0,0,0,0,0.0,0.711,nan,edge/x86_64,unknown,3.12.3,2026-10-09T18:44:59Z
47,ML-KEM-768,post-quantum,3,keygen,0.071,0.0,0.0,0.303,1184,2400,1088,0,0,0,0,0.0,1.0655,nan,edge/x86_64,unknown,3.12.3,2026-10-09T18:44:59Z
47,ML-KEM-768,post-quantum,3,encapsulate,0.0561,0.0,0.0,0.303,1184,2400,1088,0,0,0,0,0.0,0.8418,nan,edge/x86_64,unknown,3.12.3,2026-10-09T18:44:59Z
47,ML-KEM-768,post-quantum,3,decapsulate,0.0617,0.0,0.0,0.303,1184,2400,1088,0,0,0,0,0.0,0.9248,nan,edge/x86_64,unknown,3.12.3,2026-10-09T18:44:59Z
48,ML-KEM-768,post-quantum,3,keygen,0.0472,0.0,0.0,0.303,1184,2400,1088,0,0,0,0,0.0,0.7084,nan,edge/x86_64,unknown,3.12.3,2026-10-09T18:44:59Z
48,ML-KEM-768,post-quantum,3,encapsulate,0.0469,0.0,0.0,0.303,1184,2400,1088,0,0,0,0,0.0,0.7038,nan,edge/x86_64,unknown,3.12.3,2026-10-09T18:44:59Z
48,ML-KEM-768,post-quantum,3,decapsulate,0.0468,0.0,0.0,0.303,1184,2400,1088,0,0,0,0,0.0,0.7026,nan,edge/x86_64,unknown,3.12.3,2026-10-09T18:44:59Z
49,ML-KEM-768,post-quantum,3,keygen,0.0471,0.0,0.0,0.303,1184,2400,1088,0,0,0,0,0.0,0.7064,nan,edge/x86_64,unknown,3.12.3,2026-10-09T18:44:59Z
49,ML-KEM-768,post-quantum,3,encapsulate,0.0457,0.0,0.0,0.303,1184,2400,1088,0,0,0,0,0.0,0.6862,nan,edge/x86_64,unknown,3.12.3,2026-10-09T18:44:59Z
49,ML-KEM-768,post-quantum,3,decapsulate,0.0471,0.0,0.0,0.303,1184,2400,1088,0,0,0,0,0.0,0.7063,nan,edge/x86_64,unknown,3.12.3,2026-10-09T18:44:59Z
50,ML-KEM-768,post-quantum,3,keygen,0.0454,0.0,0.0,0.303,1184,2400,1088,0,0,0,0,0.0,0.6814,nan,edge/x86_64,unknown,3.12.3,2026-10-09T18:44:59Z
50,ML-KEM-768,post-quantum,3,encapsulate,0.0736,0.0,0.0,0.303,1184,2400,1088,0,0,0,0,0.0,1.1034,nan,edge/x86_64,unknown,3.12.3,2026-10-09T18:44:59Z
50,ML-KEM-768,post-quantum,3,decapsulate,0.0486,0.0,0.0,0.303,1184,2400,1088,0,0,0,0,0.0,0.7294,nan,edge/x86_64,unknown,3.12.3,2026-10-09T18:44:59Z
51,ML-KEM-768,post-quantum,3,keygen,0.0488,0.0,0.0,0.303,1184,2400,1088,0,0,0,0,0.0,0.7316,nan,edge/x86_64,unknown,3.12.3,2026-10-09T18:44:59Z
51,ML-KEM-768,post-quantum,3,encapsulate,0.0462,0.0,0.0,0.303,1184,2400,1088,0,0,0,0,0.0,0.6924,nan,edge/x86_64,unknown,3.12.3,2026-10-09T18:44:59Z
51,ML-KEM-768,post-quantum,3,decapsulate,0.0571,0.0,0.0,0.303,1184,2400,1088,0,0,0,0,0.0,0.857,nan,edge/x86_64,unknown,3.12.3,2026-10-09T18:44:59Z
52,ML-KEM-768,post-quantum,3,keygen,0.1001,0.0,0.0,0.303,1184,2400,1088,0,0,0,0,0.0,1.5008,nan,edge/x86_64,unknown,3.12.3,2026-10-09T18:44:59Z
52,ML-KEM-768,post-quantum,3,encapsulate,0.0478,0.0,0.0,0.303,1184,2400,1088,0,0,0,0,0.0,0.7169,nan,edge/x86_64,unknown,3.12.3,2026-10-09T18:44:59Z
52,ML-KEM-768,post-quantum,3,decapsulate,0.0475,0.0,0.0,0.303,1184,2400,1088,0,0,0,0,0.0,0.7132,nan,edge/x86_64,unknown,3.12.3,2026-10-09T18:44:59Z
53,ML-KEM-768,post-quantum,3,keygen,0.0736,0.0,0.0,0.303,1184,2400,1088,0,0,0,0,0.0,1.1035,nan,edge/x86_64,unknown,3.12.3,2026-10-09T18:44:59Z
53,ML-KEM-768,post-quantum,3,encapsulate,0.0478,0.0,0.0,0.303,1184,2400,1088,0,0,0,0,0.0,0.7168,nan,edge/x86_64,unknown,3.12.3,2026-10-09T18:44:59Z
53,ML-KEM-768,post-quantum,3,decapsulate,0.0475,0.0,0.0,0.303,1184,2400,1088,0,0,0,0,0.0,0.7119,nan,edge/x86_64,unknown,3.12.3,2026-10-09T18:44:59Z
54,ML-KEM-768,post-quantum,3,keygen,0.0455,0.0,0.0,0.303,1184,2400,1088,0,0,0,0,0.0,0.6824,nan,edge/x86_64,unknown,3.12.3,2026-10-09T18:44:59Z
54,ML-KEM-768,post-quantum,3,encapsulate,0.0469,0.0,0.0,0.303,1184,2400,1088,0,0,0,0,0.0,0.7038,nan,edge/x86_64,unknown,3.12.3,2026-10-09T18:44:59Z
54,ML-KEM-768,post-quantum,3,decapsulate,0.0472,0.0,0.0,0.303,1184,2400,1088,0,0,0,0,0.0,0.7077,nan,edge/x86_64,unknown,3.12.3,2026-10-09T18:44:59Z
55,ML-KEM-768,post-quantum,3,keygen,0.0468,0.0,0.0,0.303,1184,2400,1088,0,0,0,0,0.0,0.702,nan,edge/x86_64,unknown,3.12.3,2026-10-09T18:44:59Z
55,ML-KEM-768,post-quantum,3,encapsulate,0.0464,0.0,0.0,0.303,1184,2400,1088,0,0,0,0,0.0,0.6954,nan,edge/x86_64,unknown,3.12.3,2026-10-09T18:44:59Z
55,ML-KEM-768,post-quantum,3,decapsulate,0.0487,0.0,0.0,0.303,1184,2400,1088,0,0,0,0,0.0,0.7303,nan,edge/x86_64,unknown,3.12.3,2026-10-09T18:44:59Z
56,ML-KEM-768,post-quantum,3,keygen,0.0501,0.0,0.0,0.303,1184,2400,1088,0,0,0,0,0.0,0.7522,nan,edge/x86_64,unknown,3.12.3,2026-10-09T18:44:59Z
56,ML-KEM-768,post-quantum,3,encapsulate,0.0623,0.0,0.0,0.303,1184,2400,1088,0,0,0,0,0.0,0.934,nan,edge/x86_64,unknown,3.12.3,2026-10-09T18:44:59Z
56,ML-KEM-768,post-quantum,3,decapsulate,0.0489,0.0,0.0,0.303,1184,2400,1088,0,0,0,0,0.0,0.7339,nan,edge/x86_64,unknown,3.12.3,2026-10-09T18:44:59Z
57,ML-KEM-768,post-quantum,3,keygen,0.045,0.0,0.0,0.303,1184,2400,1088,0,0,0,0,0.0,0.6749,nan,edge/x86_64,unknown,3.12.3,2026-10-09T18:44:59Z
57,ML-KEM-768,post-quantum,3,encapsulate,0.0449,0.0,0.0,0.303,1184,2400,1088,0,0,0,0,0.0,0.6742,nan,edge/x86_64,unknown,3.12.3,2026-10-09T18:44:59Z
57,ML-KEM-768,post-quantum,3,decapsulate,0.0454,0.0,0.0,0.303,1184,2400,1088,0,0,0,0,0.0,0.6814,nan,edge/x86_64,unknown,3.12.3,2026-10-09T18:44:59Z
58,ML-KEM-768,post-quantum,3,keygen,0.0811,0.0,0.0,0.303,1184,2400,1088,0,0,0,0,0.0,1.2167,nan,edge/x86_64,unknown,3.12.3,2026-10-09T18:44:59Z
58,ML-KEM-768,post-quantum,3,encapsulate,0.0498,0.0,0.0,0.303,1184,2400,1088,0,0,0,0,0.0,0.7465,nan,edge/x86_64,unknown,3.12.3,2026-10-09T18:44:59Z
58,ML-KEM-768,post-quantum,3,decapsulate,0.0477,0.0,0.0,0.303,1184,2400,1088,0,0,0,0,0.0,0.715,nan,edge/x86_64,unknown,3.12.3,2026-10-09T18:44:59Z
59,ML-KEM-768,post-quantum,3,keygen,0.0465,0.0,0.0,0.303,1184,2400,1088,0,0,0,0,0.0,0.6982,nan,edge/x86_64,unknown,3.12.3,2026-10-09T18:44:59Z
59,ML-KEM-768,post-quantum,3,encapsulate,0.0483,0.0,0.0,0.303,1184,2400,1088,0,0,0,0,0.0,0.7239,nan,edge/x86_64,unknown,3.12.3,2026-10-09T18:44:59Z
59,ML-KEM-768,post-quantum,3,decapsulate,0.05,0.0,0.0,0.303,1184,2400,1088,0,0,0,0,0.0,0.7496,nan,edge/x86_64,unknown,3.12.3,2026-10-09T18:44:59Z
60,ML-KEM-768,post-quantum,3,keygen,0.0455,0.0,0.0,0.303,1184,2400,1088,0,0,0,0,0.0,0.6824,nan,edge/x86_64,unknown,3.12.3,2026-10-09T18:44:59Z
60,ML-KEM-768,post-quantum,3,encapsulate,0.045,0.0,0.0,0.303,1184,2400,1088,0,0,0,0,0.0,0.6752,nan,edge/x86_64,unknown,3.12.3,2026-10-09T18:44:59Z
60,ML-KEM-768,post-quantum,3,decapsulate,0.0491,0.0,0.0,0.303,1184,2400,1088,0,0,0,0,0.0,0.7365,nan,edge/x86_64,unknown,3.12.3,2026-10-09T18:44:59Z
61,ML-KEM-768,post-quantum,3,keygen,0.0456,0.0,0.0,0.303,1184,2400,1088,0,0,0,0,0.0,0.6843,nan,edge/x86_64,unknown,3.12.3,2026-10-09T18:44:59Z
61,ML-KEM-768,post-quantum,3,encapsulate,0.0534,0.0,0.0,0.303,1184,2400,1088,0,0,0,0,0.0,0.8013,nan,edge/x86_64,unknown,3.12.3,2026-10-09T18:44:59Z
61,ML-KEM-768,post-quantum,3,decapsulate,0.1142,0.0,0.0,0.303,1184,2400,1088,0,0,0,0,0.0,1.7128,nan,edge/x86_64,unknown,3.12.3,2026-10-09T18:44:59Z
62,ML-KEM-768,post-quantum,3,keygen,0.0493,0.0,0.0,0.303,1184,2400,1088,0,0,0,0,0.0,0.7399,nan,edge/x86_64,unknown,3.12.3,2026-10-09T18:44:59Z
62,ML-KEM-768,post-quantum,3,encapsulate,0.068,0.0,0.0,0.303,1184,2400,1088,0,0,0,0,0.0,1.0197,nan,edge/x86_64,unknown,3.12.3,2026-10-09T18:44:59Z
62,ML-KEM-768,post-quantum,3,decapsulate,0.0479,0.0,0.0,0.303,1184,2400,1088,0,0,0,0,0.0,0.7181,nan,edge/x86_64,unknown,3.12.3,2026-10-09T18:44:59Z
63,ML-KEM-768,post-quantum,3,keygen,0.0493,0.0,0.0,0.303,1184,2400,1088,0,0,0,0,0.0,0.7399,nan,edge/x86_64,unknown,3.12.3,2026-10-09T18:44:59Z
63,ML-KEM-768,post-quantum,3,encapsulate,0.0465,0.0,0.0,0.303,1184,2400,1088,0,0,0,0,0.0,0.6982,nan,edge/x86_64,unknown,3.12.3,2026-10-09T18:44:59Z
63,ML-KEM-768,post-quantum,3,decapsulate,0.0465,0.0,0.0,0.303,1184,2400,1088,0,0,0,0,0.0,0.6973,nan,edge/x86_64,unknown,3.12.3,2026-10-09T18:44:59Z
64,ML-KEM-768,post-quantum,3,keygen,0.0779,0.0,0.0,0.303,1184,2400,1088,0,0,0,0,0.0,1.1684,nan,edge/x86_64,unknown,3.12.3,2026-10-09T18:44:59Z
64,ML-KEM-768,post-quantum,3,encapsulate,0.0542,0.0,0.0,0.303,1184,2400,1088,0,0,0,0,0.0,0.8132,nan,edge/x86_64,unknown,3.12.3,2026-10-09T18:44:59Z
64,ML-KEM-768,post-quantum,3,decapsulate,0.0479,0.0,0.0,0.303,1184,2400,1088,0,0,0,0,0.0,0.7183,nan,edge/x86_64,unknown,3.12.3,2026-10-09T18:44:59Z
65,ML-KEM-768,post-quantum,3,keygen,0.0478,0.0,0.0,0.303,1184,2400,1088,0,0,0,0,0.0,0.7167,nan,edge/x86_64,unknown,3.12.3,2026-10-09T18:44:59Z
65,ML-KEM-768,post-quantum,3,encapsulate,0.0503,0.0,0.0,0.303,1184,2400,1088,0,0,0,0,0.0,0.7549,nan,edge/x86_64,unknown,3.12.3,2026-10-09T18:44:59Z
65,ML-KEM-768,post-quantum,3,decapsulate,0.0499,0.0,0.0,0.303,1184,2400,1088,0,0,0,0,0.0,0.748,nan,edge/x86_64,unknown,3.12.3,2026-10-09T18:44:59Z
66,ML-KEM-768,post-quantum,3,keygen,0.0461,0.0,0.0,0.303,1184,2400,1088,0,0,0,0,0.0,0.6916,nan,edge/x86_64,unknown,3.12.3,2026-10-09T18:44:59Z
66,ML-KEM-768,post-quantum,3,encapsulate,0.0454,0.0,0.0,0.303,1184,2400,1088,0,0,0,0,0.0,0.6806,nan,edge/x86_64,unknown,3.12.3,2026-10-09T18:44:59Z
66,ML-KEM-768,post-quantum,3,decapsulate,0.0474,0.0,0.0,0.303,1184,2400,1088,0,0,0,0,0.0,0.7111,nan,edge/x86_64,unknown,3.12.3,2026-10-09T18:44:59Z
67,ML-KEM-768,post-quantum,3,keygen,0.0463,0.0,0.0,0.303,1184,2400,1088,0,0,0,0,0.0,0.6948,nan,edge/x86_64,unknown,3.12.3,2026-10-09T18:44:59Z
67,ML-KEM-768,post-quantum,3,encapsulate,0.0489,0.0,0.0,0.303,1184,2400,1088,0,0,0,0,0.0,0.7337,nan,edge/x86_64,unknown,3.12.3,2026-10-09T18:44:59Z
67,ML-KEM-768,post-quantum,3,decapsulate,0.0464,0.0,0.0,0.303,1184,2400,1088,0,0,0,0,0.0,0.6953,nan,edge/x86_64,unknown,3.12.3,2026-10-09T18:44:59Z
68,ML-KEM-768,post-quantum,3,keygen,0.0454,0.0,0.0,0.303,1184,2400,1088,0,0,0,0,0.0,0.6804,nan,edge/x86_64,unknown,3.12.3,2026-10-09T18:44:59Z
68,ML-KEM-768,post-quantum,3,encapsulate,0.0457,0.0,0.0,0.303,1184,2400,1088,0,0,0,0,0.0,0.6853,nan,edge/x86_64,unknown,3.12.3,2026-10-09T18:44:59Z
68,ML-KEM-768,post-quantum,3,decapsulate,0.0505,0.0,0.0,0.303,1184,2400,1088,0,0,0,0,0.0,0.7582,nan,edge/x86_64,unknown,3.12.3,2026-10-09T18:44:59Z
69,ML-KEM-768,post-quantum,3,keygen,0.0774,0.0,0.0,0.303,1184,2400,1088,0,0,0,0,0.0,1.1603,nan,edge/x86_64,unknown,3.12.3,2026-10-09T18:44:59Z
69,ML-KEM-768,post-quantum,3,encapsulate,0.0458,0.0,0.0,0.303,1184,2400,1088,0,0,0,0,0.0,0.6876,nan,edge/x86_64,unknown,3.12.3,2026-10-09T18:44:59Z
69,ML-KEM-768,post-quantum,3,decapsulate,0.0471,0.0,0.0,0.303,1184,2400,1088,0,0,0,0,0.0,0.7061,nan,edge/x86_64,unknown,3.12.3,2026-10-09T18:44:59Z
70,ML-KEM-768,post-quantum,3,keygen,0.0448,0.0,0.0,0.303,1184,2400,1088,0,0,0,0,0.0,0.6726,nan,edge/x86_64,unknown,3.12.3,2026-10-09T18:44:59Z
70,ML-KEM-768,post-quantum,3,encapsulate,0.0562,0.0,0.0,0.303,1184,2400,1088,0,0,0,0,0.0,0.8425,nan,edge/x86_64,unknown,3.12.3,2026-10-09T18:44:59Z
70,ML-KEM-768,post-quantum,3,decapsulate,0.0846,0.0,0.0,0.303,1184,2400,1088,0,0,0,0,0.0,1.269,nan,edge/x86_64,unknown,3.12.3,2026-10-09T18:44:59Z
71,ML-KEM-768,post-quantum,3,keygen,0.0598,0.0,0.0,0.303,1184,2400,1088,0,0,0,0,0.0,0.8976,nan,edge/x86_64,unknown,3.12.3,2026-10-09T18:44:59Z
71,ML-KEM-768,post-quantum,3,encapsulate,0.0866,0.0,0.0,0.303,1184,2400,1088,0,0,0,0,0.0,1.2992,nan,edge/x86_64,unknown,3.12.3,2026-10-09T18:44:59Z
71,ML-KEM-768,post-quantum,3,decapsulate,0.0727,0.0,0.0,0.303,1184,2400,1088,0,0,0,0,0.0,1.0906,nan,edge/x86_64,unknown,3.12.3,2026-10-09T18:44:59Z
72,ML-KEM-768,post-quantum,3,keygen,0.047,0.0,0.0,0.303,1184,2400,1088,0,0,0,0,0.0,0.7056,nan,edge/x86_64,unknown,3.12.3,2026-10-09T18:44:59Z
72,ML-KEM-768,post-quantum,3,encapsulate,0.047,0.0,0.0,0.303,1184,2400,1088,0,0,0,0,0.0,0.7047,nan,edge/x86_64,unknown,3.12.3,2026-10-09T18:44:59Z
72,ML-KEM-768,post-quantum,3,decapsulate,0.0476,0.0,0.0,0.303,1184,2400,1088,0,0,0,0,0.0,0.7147,nan,edge/x86_64,unknown,3.12.3,2026-10-09T18:44:59Z
73,ML-KEM-768,post-quantum,3,keygen,0.0488,0.0,0.0,0.303,1184,2400,1088,0,0,0,0,0.0,0.7327,nan,edge/x86_64,unknown,3.12.3,2026-10-09T18:44:59Z
73,ML-KEM-768,post-quantum,3,encapsulate,0.0532,0.0,0.0,0.303,1184,2400,1088,0,0,0,0,0.0,0.7979,nan,edge/x86_64,unknown,3.12.3,2026-10-09T18:44:59Z
73,ML-KEM-768,post-quantum,3,decapsulate,0.0496,0.0,0.0,0.303,1184,2400,1088,0,0,0,0,0.0,0.7439,nan,edge/x86_64,unknown,3.12.3,2026-10-09T18:44:59Z
74,ML-KEM-768,post-quantum,3,keygen,0.1048,0.0,0.0,0.303,1184,2400,1088,0,0,0,0,0.0,1.5726,nan,edge/x86_64,unknown,3.12.3,2026-10-09T18:44:59Z
74,ML-KEM-768,post-quantum,3,encapsulate,0.0611,0.0,0.0,0.303,1184,2400,1088,0,0,0,0,0.0,0.9163,nan,edge/x86_64,unknown,3.12.3,2026-10-09T18:44:59Z
74,ML-KEM-768,post-quantum,3,decapsulate,0.069,0.0,0.0,0.303,1184,2400,1088,0,0,0,0,0.0,1.0355,nan,edge/x86_64,unknown,3.12.3,2026-10-09T18:44:59Z
75,ML-KEM-768,post-quantum,3,keygen,0.0485,0.0,0.0,0.303,1184,2400,1088,0,0,0,0,0.0,0.7281,nan,edge/x86_64,unknown,3.12.3,2026-10-09T18:44:59Z
75,ML-KEM-768,post-quantum,3,encapsulate,0.0521,0.0,0.0,0.303,1184,2400,1088,0,0,0,0,0.0,0.7809,nan,edge/x86_64,unknown,3.12.3,2026-10-09T18:44:59Z
75,ML-KEM-768,post-quantum,3,decapsulate,0.0533,0.0,0.0,0.303,1184,2400,1088,0,0,0,0,0.0,0.7999,nan,edge/x86_64,unknown,3.12.3,2026-10-09T18:44:59Z
76,ML-KEM-768,post-quantum,3,keygen,0.0463,0.0,0.0,0.303,1184,2400,1088,0,0,0,0,0.0,0.6942,nan,edge/x86_64,unknown,3.12.3,2026-10-09T18:44:59Z
76,ML-KEM-768,post-quantum,3,encapsulate,0.0472,0.0,0.0,0.303,1184,2400,1088,0,0,0,0,0.0,0.708,nan,edge/x86_64,unknown,3.12.3,2026-10-09T18:44:59Z
76,ML-KEM-768,post-quantum,3,decapsulate,0.055,0.0,0.0,0.303,1184,2400,1088,0,0,0,0,0.0,0.8253,nan,edge/x86_64,unknown,3.12.3,2026-10-09T18:44:59Z
77,ML-KEM-768,post-quantum,3,keygen,0.0488,0.0,0.0,0.303,1184,2400,1088,0,0,0,0,0.0,0.732,nan,edge/x86_64,unknown,3.12.3,2026-10-09T18:44:59Z
77,ML-KEM-768,post-quantum,3,encapsulate,0.049,0.0,0.0,0.303,1184,2400,1088,0,0,0,0,0.0,0.7356,nan,edge/x86_64,unknown,3.12.3,2026-10-09T18:44:59Z
77,ML-KEM-768,post-quantum,3,decapsulate,0.0469,0.0,0.0,0.303,1184,2400,1088,0,0,0,0,0.0,0.7029,nan,edge/x86_64,unknown,3.12.3,2026-10-09T18:44:59Z
78,ML-KEM-768,post-quantum,3,keygen,0.0475,0.0,0.0,0.303,1184,2400,1088,0,0,0,0,0.0,0.7127,nan,edge/x86_64,unknown,3.12.3,2026-10-09T18:44:59Z
78,ML-KEM-768,post-quantum,3,encapsulate,0.0456,0.0,0.0,0.303,1184,2400,1088,0,0,0,0,0.0,0.6845,nan,edge/x86_64,unknown,3.12.3,2026-10-09T18:44:59Z
78,ML-KEM-768,post-quantum,3,decapsulate,0.0461,0.0,0.0,0.303,1184,2400,1088,0,0,0,0,0.0,0.6913,nan,edge/x86_64,unknown,3.12.3,2026-10-09T18:44:59Z
79,ML-KEM-768,post-quantum,3,keygen,0.0446,0.0,0.0,0.303,1184,2400,1088,0,0,0,0,0.0,0.6691,nan,edge/x86_64,unknown,3.12.3,2026-10-09T18:44:59Z
79,ML-KEM-768,post-quantum,3,encapsulate,0.0449,0.0,0.0,0.303,1184,2400,1088,0,0,0,0,0.0,0.6729,nan,edge/x86_64,unknown,3.12.3,2026-10-09T18:44:59Z
79,ML-KEM-768,post-quantum,3,decapsulate,0.0992,0.0,0.0,0.303,1184,2400,1088,0,0,0,0,0.0,1.4876,nan,edge/x86_64,unknown,3.12.3,2026-10-09T18:44:59Z
80,ML-KEM-768,post-quantum,3,keygen,0.0616,0.0,0.0,0.303,1184,2400,1088,0,0,0,0,0.0,0.9236,nan,edge/x86_64,unknown,3.12.3,2026-10-09T18:44:59Z
80,ML-KEM-768,post-quantum,3,encapsulate,0.0474,0.0,0.0,0.303,1184,2400,1088,0,0,0,0,0.0,0.7117,nan,edge/x86_64,unknown,3.12.3,2026-10-09T18:44:59Z
80,ML-KEM-768,post-quantum,3,decapsulate,0.0492,0.0,0.0,0.303,1184,2400,1088,0,0,0,0,0.0,0.7377,nan,edge/x86_64,unknown,3.12.3,2026-10-09T18:44:59Z
81,ML-KEM-768,post-quantum,3,keygen,0.0757,0.0,0.0,0.303,1184,2400,1088,0,0,0,0,0.0,1.1351,nan,edge/x86_64,unknown,3.12.3,2026-10-09T18:44:59Z
81,ML-KEM-768,post-quantum,3,encapsulate,0.0465,0.0,0.0,0.303,1184,2400,1088,0,0,0,0,0.0,0.6973,nan,edge/x86_64,unknown,3.12.3,2026-10-09T18:44:59Z
81,ML-KEM-768,post-quantum,3,decapsulate,0.0496,0.0,0.0,0.303,1184,2400,1088,0,0,0,0,0.0,0.7439,nan,edge/x86_64,unknown,3.12.3,2026-10-09T18:44:59Z
82,ML-KEM-768,post-quantum,3,keygen,0.048,0.0,0.0,0.303,1184,2400,1088,0,0,0,0,0.0,0.7202,nan,edge/x86_64,unknown,3.12.3,2026-10-09T18:44:59Z
82,ML-KEM-768,post-quantum,3,encapsulate,0.0478,0.0,0.0,0.303,1184,2400,1088,0,0,0,0,0.0,0.7176,nan,edge/x86_64,unknown,3.12.3,2026-10-09T18:44:59Z
82,ML-KEM-768,post-quantum,3,decapsulate,0.0932,0.0,0.0,0.303,1184,2400,1088,0,0,0,0,0.0,1.3985,nan,edge/x86_64,unknown,3.12.3,2026-10-09T18:44:59Z
83,ML-KEM-768,post-quantum,3,keygen,0.0552,0.0,0.0,0.303,1184,2400,1088,0,0,0,0,0.0,0.8285,nan,edge/x86_64,unknown,3.12.3,2026-10-09T18:44:59Z
83,ML-KEM-768,post-quantum,3,encapsulate,0.0497,0.0,0.0,0.303,1184,2400,1088,0,0,0,0,0.0,0.7455,nan,edge/x86_64,unknown,3.12.3,2026-10-09T18:44:59Z
83,ML-KEM-768,post-quantum,3,decapsulate,0.0501,0.0,0.0,0.303,1184,2400,1088,0,0,0,0,0.0,0.7521,nan,edge/x86_64,unknown,3.12.3,2026-10-09T18:44:59Z
84,ML-KEM-768,post-quantum,3,keygen,0.0506,0.0,0.0,0.303,1184,2400,1088,0,0,0,0,0.0,0.7583,nan,edge/x86_64,unknown,3.12.3,2026-10-09T18:44:59Z
84,ML-KEM-768,post-quantum,3,encapsulate,0.0474,0.0,0.0,0.303,1184,2400,1088,0,0,0,0,0.0,0.7103,nan,edge/x86_64,unknown,3.12.3,2026-10-09T18:44:59Z
84,ML-KEM-768,post-quantum,3,decapsulate,0.0498,0.0,0.0,0.303,1184,2400,1088,0,0,0,0,0.0,0.7471,nan,edge/x86_64,unknown,3.12.3,2026-10-09T18:44:59Z
85,ML-KEM-768,post-quantum,3,keygen,0.0463,0.0,0.0,0.303,1184,2400,1088,0,0,0,0,0.0,0.6942,nan,edge/x86_64,unknown,3.12.3,2026-10-09T18:44:59Z
85,ML-KEM-768,post-quantum,3,encapsulate,0.0454,0.0,0.0,0.303,1184,2400,1088,0,0,0,0,0.0,0.6812,nan,edge/x86_64,unknown,3.12.3,2026-10-09T18:44:59Z
85,ML-KEM-768,post-quantum,3,decapsulate,0.0465,0.0,0.0,0.303,1184,2400,1088,0,0,0,0,0.0,0.697,nan,edge/x86_64,unknown,3.12.3,2026-10-09T18:44:59Z
86,ML-KEM-768,post-quantum,3,keygen,0.0461,0.0,0.0,0.303,1184,2400,1088,0,0,0,0,0.0,0.6919,nan,edge/x86_64,unknown,3.12.3,2026-10-09T18:44:59Z
86,ML-KEM-768,post-quantum,3,encapsulate,0.047,0.0,0.0,0.303,1184,2400,1088,0,0,0,0,0.0,0.7053,nan,edge/x86_64,unknown,3.12.3,2026-10-09T18:44:59Z
86,ML-KEM-768,post-quantum,3,decapsulate,0.0462,0.0,0.0,0.303,1184,2400,1088,0,0,0,0,0.0,0.6937,nan,edge/x86_64,unknown,3.12.3,2026-10-09T18:44:59Z
87,ML-KEM-768,post-quantum,3,keygen,0.047,0.0,0.0,0.303,1184,2400,1088,0,0,0,0,0.0,0.7057,nan,edge/x86_64,unknown,3.12.3,2026-10-09T18:44:59Z
87,ML-KEM-768,post-quantum,3,encapsulate,0.1549,0.0,0.0,0.303,1184,2400,1088,0,0,0,0,0.0,2.3233,nan,edge/x86_64,unknown,3.12.3,2026-10-09T18:44:59Z
87,ML-KEM-768,post-quantum,3,decapsulate,0.0844,0.0,0.0,0.303,1184,2400,1088,0,0,0,0,0.0,1.2659,nan,edge/x86_64,unknown,3.12.3,2026-10-09T18:44:59Z
88,ML-KEM-768,post-quantum,3,keygen,0.0742,0.0,0.0,0.303,1184,2400,1088,0,0,0,0,0.0,1.1135,nan,edge/x86_64,unknown,3.12.3,2026-10-09T18:44:59Z
88,ML-KEM-768,post-quantum,3,encapsulate,0.0869,0.0,0.0,0.303,1184,2400,1088,0,0,0,0,0.0,1.3032,nan,edge/x86_64,unknown,3.12.3,2026-10-09T18:44:59Z
88,ML-KEM-768,post-quantum,3,decapsulate,0.054,0.0,0.0,0.303,1184,2400,1088,0,0,0,0,0.0,0.8105,nan,edge/x86_64,unknown,3.12.3,2026-10-09T18:44:59Z
89,ML-KEM-768,post-quantum,3,keygen,0.0657,0.0,0.0,0.303,1184,2400,1088,0,0,0,0,0.0,0.9851,nan,edge/x86_64,unknown,3.12.3,2026-10-09T18:44:59Z
89,ML-KEM-768,post-quantum,3,encapsulate,0.058,0.0,0.0,0.303,1184,2400,1088,0,0,0,0,0.0,0.8699,nan,edge/x86_64,unknown,3.12.3,2026-10-09T18:44:59Z
89,ML-KEM-768,post-quantum,3,decapsulate,0.0489,0.0,0.0,0.303,1184,2400,1088,0,0,0,0,0.0,0.7331,nan,edge/x86_64,unknown,3.12.3,2026-10-09T18:44:59Z
90,ML-KEM-768,post-quantum,3,keygen,0.0495,0.0,0.0,0.303,1184,2400,1088,0,0,0,0,0.0,0.7419,nan,edge/x86_64,unknown,3.12.3,2026-10-09T18:44:59Z
90,ML-KEM-768,post-quantum,3,encapsulate,0.0454,0.0,0.0,0.303,1184,2400,1088,0,0,0,0,0.0,0.6808,nan,edge/x86_64,unknown,3.12.3,2026-10-09T18:44:59Z
90,ML-KEM-768,post-quantum,3,decapsulate,0.0466,0.0,0.0,0.303,1184,2400,1088,0,0,0,0,0.0,0.6992,nan,edge/x86_64,unknown,3.12.3,2026-10-09T18:44:59Z
91,ML-KEM-768,post-quantum,3,keygen,0.045,0.0,0.0,0.303,1184,2400,1088,0,0,0,0,0.0,0.6751,nan,edge/x86_64,unknown,3.12.3,2026-10-09T18:44:59Z
91,ML-KEM-768,post-quantum,3,encapsulate,0.045,0.0,0.0,0.303,1184,2400,1088,0,0,0,0,0.0,0.6754,nan,edge/x86_64,unknown,3.12.3,2026-10-09T18:44:59Z
91,ML-KEM-768,post-quantum,3,decapsulate,0.0482,0.0,0.0,0.303,1184,2400,1088,0,0,0,0,0.0,0.7236,nan,edge/x86_64,unknown,3.12.3,2026-10-09T18:44:59Z
92,ML-KEM-768,post-quantum,3,keygen,0.0452,0.0,0.0,0.303,1184,2400,1088,0,0,0,0,0.0,0.6783,nan,edge/x86_64,unknown,3.12.3,2026-10-09T18:44:59Z
92,ML-KEM-768,post-quantum,3,encapsulate,0.0529,0.0,0.0,0.303,1184,2400,1088,0,0,0,0,0.0,0.7938,nan,edge/x86_64,unknown,3.12.3,2026-10-09T18:44:59Z
92,ML-KEM-768,post-quantum,3,decapsulate,0.0487,0.0,0.0,0.303,1184,2400,1088,0,0,0,0,0.0,0.7309,nan,edge/x86_64,unknown,3.12.3,2026-10-09T18:44:59Z
93,ML-KEM-768,post-quantum,3,keygen,0.0454,0.0,0.0,0.303,1184,2400,1088,0,0,0,0,0.0,0.6817,nan,edge/x86_64,unknown,3.12.3,2026-10-09T18:44:59Z
93,ML-KEM-768,post-quantum,3,encapsulate,0.0505,0.0,0.0,0.303,1184,2400,1088,0,0,0,0,0.0,0.7581,nan,edge/x86_64,unknown,3.12.3,2026-10-09T18:44:59Z
93,ML-KEM-768,post-quantum,3,decapsulate,0.0487,0.0,0.0,0.303,1184,2400,1088,0,0,0,0,0.0,0.7308,nan,edge/x86_64,unknown,3.12.3,2026-10-09T18:44:59Z
94,ML-KEM-768,post-quantum,3,keygen,0.0447,0.0,0.0,0.303,1184,2400,1088,0,0,0,0,0.0,0.671,nan,edge/x86_64,unknown,3.12.3,2026-10-09T18:44:59Z
94,ML-KEM-768,post-quantum,3,encapsulate,0.0445,0.0,0.0,0.303,1184,2400,1088,0,0,0,0,0.0,0.6668,nan,edge/x86_64,unknown,3.12.3,2026-10-09T18:44:59Z
94,ML-KEM-768,post-quantum,3,decapsulate,0.054,0.0,0.0,0.303,1184,2400,1088,0,0,0,0,0.0,0.8098,nan,edge/x86_64,unknown,3.12.3,2026-10-09T18:44:59Z
95,ML-KEM-768,post-quantum,3,keygen,0.0518,0.0,0.0,0.303,1184,2400,1088,0,0,0,0,0.0,0.7774,nan,edge/x86_64,unknown,3.12.3,2026-10-09T18:44:59Z
95,ML-KEM-768,post-quantum,3,encapsulate,0.0484,0.0,0.0,0.303,1184,2400,1088,0,0,0,0,0.0,0.7256,nan,edge/x86_64,unknown,3.12.3,2026-10-09T18:44:59Z
95,ML-KEM-768,post-quantum,3,decapsulate,0.077,0.0,0.0,0.303,1184,2400,1088,0,0,0,0,0.0,1.1549,nan,edge/x86_64,unknown,3.12.3,2026-10-09T18:44:59Z
96,ML-KEM-768,post-quantum,3,keygen,0.0494,0.0,0.0,0.303,1184,2400,1088,0,0,0,0,0.0,0.7415,nan,edge/x86_64,unknown,3.12.3,2026-10-09T18:44:59Z
96,ML-KEM-768,post-quantum,3,encapsulate,0.0462,0.0,0.0,0.303,1184,2400,1088,0,0,0,0,0.0,0.6927,nan,edge/x86_64,unknown,3.12.3,2026-10-09T18:44:59Z
96,ML-KEM-768,post-quantum,3,decapsulate,0.0463,0.0,0.0,0.303,1184,2400,1088,0,0,0,0,0.0,0.6947,nan,edge/x86_64,unknown,3.12.3,2026-10-09T18:44:59Z
97,ML-KEM-768,post-quantum,3,keygen,0.0739,0.0,0.0,0.303,1184,2400,1088,0,0,0,0,0.0,1.1085,nan,edge/x86_64,unknown,3.12.3,2026-10-09T18:44:59Z
97,ML-KEM-768,post-quantum,3,encapsulate,0.1273,0.0,0.0,0.303,1184,2400,1088,0,0,0,0,0.0,1.9091,nan,edge/x86_64,unknown,3.12.3,2026-10-09T18:44:59Z
97,ML-KEM-768,post-quantum,3,decapsulate,0.0491,0.0,0.0,0.303,1184,2400,1088,0,0,0,0,0.0,0.7359,nan,edge/x86_64,unknown,3.12.3,2026-10-09T18:44:59Z
98,ML-KEM-768,post-quantum,3,keygen,0.0467,0.0,0.0,0.303,1184,2400,1088,0,0,0,0,0.0,0.7007,nan,edge/x86_64,unknown,3.12.3,2026-10-09T18:44:59Z
98,ML-KEM-768,post-quantum,3,encapsulate,0.0652,0.0,0.0,0.303,1184,2400,1088,0,0,0,0,0.0,0.9784,nan,edge/x86_64,unknown,3.12.3,2026-10-09T18:44:59Z
98,ML-KEM-768,post-quantum,3,decapsulate,0.0605,0.0,0.0,0.303,1184,2400,1088,0,0,0,0,0.0,0.9073,nan,edge/x86_64,unknown,3.12.3,2026-10-09T18:44:59Z
99,ML-KEM-768,post-quantum,3,keygen,0.0549,0.0,0.0,0.303,1184,2400,1088,0,0,0,0,0.0,0.8231,nan,edge/x86_64,unknown,3.12.3,2026-10-09T18:44:59Z
99,ML-KEM-768,post-quantum,3,encapsulate,0.0462,0.0,0.0,0.303,1184,2400,1088,0,0,0,0,0.0,0.6932,nan,edge/x86_64,unknown,3.12.3,2026-10-09T18:44:59Z
99,ML-KEM-768,post-quantum,3,decapsulate,0.0472,0.0,0.0,0.303,1184,2400,1088,0,0,0,0,0.0,0.7084,nan,edge/x86_64,unknown,3.12.3,2026-10-09T18:44:59Z
100,ML-KEM-768,post-quantum,3,keygen,0.0455,0.0,0.0,0.303,1184,2400,1088,0,0,0,0,0.0,0.6823,nan,edge/x86_64,unknown,3.12.3,2026-10-09T18:44:59Z
100,ML-KEM-768,post-quantum,3,encapsulate,0.0842,0.0,0.0,0.303,1184,2400,1088,0,0,0,0,0.0,1.2636,nan,edge/x86_64,unknown,3.12.3,2026-10-09T18:44:59Z
100,ML-KEM-768,post-quantum,3,decapsulate,0.0492,0.0,0.0,0.303,1184,2400,1088,0,0,0,0,0.0,0.7378,nan,edge/x86_64,unknown,3.12.3,2026-10-09T18:44:59Z
101,ML-KEM-768,post-quantum,3,keygen,0.0482,0.0,0.0,0.303,1184,2400,1088,0,0,0,0,0.0,0.7227,nan,edge/x86_64,unknown,3.12.3,2026-10-09T18:44:59Z
101,ML-KEM-768,post-quantum,3,encapsulate,0.0822,0.0,0.0,0.303,1184,2400,1088,0,0,0,0,0.0,1.2325,nan,edge/x86_64,unknown,3.12.3,2026-10-09T18:44:59Z
101,ML-KEM-768,post-quantum,3,decapsulate,0.0501,0.0,0.0,0.303,1184,2400,1088,0,0,0,0,0.0,0.7513,nan,edge/x86_64,unknown,3.12.3,2026-10-09T18:44:59Z
102,ML-KEM-768,post-quantum,3,keygen,0.0466,0.0,0.0,0.303,1184,2400,1088,0,0,0,0,0.0,0.6984,nan,edge/x86_64,unknown,3.12.3,2026-10-09T18:44:59Z
102,ML-KEM-768,post-quantum,3,encapsulate,0.0471,0.0,0.0,0.303,1184,2400,1088,0,0,0,0,0.0,0.7064,nan,edge/x86_64,unknown,3.12.3,2026-10-09T18:44:59Z
102,ML-KEM-768,post-quantum,3,decapsulate,0.0472,0.0,0.0,0.303,1184,2400,1088,0,0,0,0,0.0,0.7087,nan,edge/x86_64,unknown,3.12.3,2026-10-09T18:44:59Z
103,ML-KEM-768,post-quantum,3,keygen,0.0469,0.0,0.0,0.303,1184,2400,1088,0,0,0,0,0.0,0.7033,nan,edge/x86_64,unknown,3.12.3,2026-10-09T18:44:59Z
103,ML-KEM-768,post-quantum,3,encapsulate,0.0474,0.0,0.0,0.303,1184,2400,1088,0,0,0,0,0.0,0.7106,nan,edge/x86_64,unknown,3.12.3,2026-10-09T18:44:59Z
103,ML-KEM-768,post-quantum,3,decapsulate,0.0484,0.0,0.0,0.303,1184,2400,1088,0,0,0,0,0.0,0.7263,nan,edge/x86_64,unknown,3.12.3,2026-10-09T18:44:59Z
104,ML-KEM-768,post-quantum,3,keygen,0.0453,0.0,0.0,0.303,1184,2400,1088,0,0,0,0,0.0,0.6791,nan,edge/x86_64,unknown,3.12.3,2026-10-09T18:44:59Z
104,ML-KEM-768,post-quantum,3,encapsulate,0.0454,0.0,0.0,0.303,1184,2400,1088,0,0,0,0,0.0,0.6814,nan,edge/x86_64,unknown,3.12.3,2026-10-09T18:44:59Z
104,ML-KEM-768,post-quantum,3,decapsulate,0.0491,0.0,0.0,0.303,1184,2400,1088,0,0,0,0,0.0,0.7362,nan,edge/x86_64,unknown,3.12.3,2026-10-09T18:44:59Z
105,ML-KEM-768,post-quantum,3,keygen,0.0481,0.0,0.0,0.303,1184,2400,1088,0,0,0,0,0.0,0.7208,nan,edge/x86_64,unknown,3.12.3,2026-10-09T18:44:59Z
105,ML-KEM-768,post-quantum,3,encapsulate,0.0473,0.0,0.0,0.303,1184,2400,1088,0,0,0,0,0.0,0.7089,nan,edge/x86_64,unknown,3.12.3,2026-10-09T18:44:59Z
105,ML-KEM-768,post-quantum,3,decapsulate,0.0469,0.0,0.0,0.303,1184,2400,1088,0,0,0,0,0.0,0.7035,nan,edge/x86_64,unknown,3.12.3,2026-10-09T18:44:59Z
106,ML-KEM-768,post-quantum,3,keygen,0.0478,0.0,0.0,0.303,1184,2400,1088,0,0,0,0,0.0,0.7167,nan,edge/x86_64,unknown,3.12.3,2026-10-09T18:44:59Z
106,ML-KEM-768,post-quantum,3,encapsulate,0.0456,0.0,0.0,0.303,1184,2400,1088,0,0,0,0,0.0,0.6836,nan,edge/x86_64,unknown,3.12.3,2026-10-09T18:44:59Z
106,ML-KEM-768,post-quantum,3,decapsulate,0.046,0.0,0.0,0.303,1184,2400,1088,0,0,0,0,0.0,0.6893,nan,edge/x86_64,unknown,3.12.3,2026-10-09T18:44:59Z
107,ML-KEM-768,post-quantum,3,keygen,0.0791,0.0,0.0,0.303,1184,2400,1088,0,0,0,0,0.0,1.1859,nan,edge/x86_64,unknown,3.12.3,2026-10-09T18:44:59Z
107,ML-KEM-768,post-quantum,3,encapsulate,0.1698,0.0,0.0,0.303,1184,2400,1088,0,0,0,0,0.0,2.5473,nan,edge/x86_64,unknown,3.12.3,2026-10-09T18:44:59Z
107,ML-KEM-768,post-quantum,3,decapsulate,0.0564,0.0,0.0,0.303,1184,2400,1088,0,0,0,0,0.0,0.8455,nan,edge/x86_64,unknown,3.12.3,2026-10-09T18:44:59Z
108,ML-KEM-768,post-quantum,3,keygen,0.0539,0.0,0.0,0.303,1184,2400,1088,0,0,0,0,0.0,0.8082,nan,edge/x86_64,unknown,3.12.3,2026-10-09T18:44:59Z
108,ML-KEM-768,post-quantum,3,encapsulate,0.0572,0.0,0.0,0.303,1184,2400,1088,0,0,0,0,0.0,0.8583,nan,edge/x86_64,unknown,3.12.3,2026-10-09T18:44:59Z
108,ML-KEM-768,post-quantum,3,decapsulate,0.0511,0.0,0.0,0.303,1184,2400,1088,0,0,0,0,0.0,0.7671,nan,edge/x86_64,unknown,3.12.3,2026-10-09T18:44:59Z
109,ML-KEM-768,post-quantum,3,keygen,0.0471,0.0,0.0,0.303,1184,2400,1088,0,0,0,0,0.0,0.707,nan,edge/x86_64,unknown,3.12.3,2026-10-09T18:44:59Z
109,ML-KEM-768,post-quantum,3,encapsulate,0.0454,0.0,0.0,0.303,1184,2400,1088,0,0,0,0,0.0,0.6805,nan,edge/x86_64,unknown,3.12.3,2026-10-09T18:44:59Z
109,ML-KEM-768,post-quantum,3,decapsulate,0.0463,0.0,0.0,0.303,1184,2400,1088,0,0,0,0,0.0,0.6941,nan,edge/x86_64,unknown,3.12.3,2026-10-09T18:44:59Z
110,ML-KEM-768,post-quantum,3,keygen,0.0489,0.0,0.0,0.303,1184,2400,1088,0,0,0,0,0.0,0.7329,nan,edge/x86_64,unknown,3.12.3,2026-10-09T18:44:59Z
110,ML-KEM-768,post-quantum,3,encapsulate,0.0676,0.0,0.0,0.303,1184,2400,1088,0,0,0,0,0.0,1.0137,nan,edge/x86_64,unknown,3.12.3,2026-10-09T18:44:59Z
110,ML-KEM-768,post-quantum,3,decapsulate,0.049,0.0,0.0,0.303,1184,2400,1088,0,0,0,0,0.0,0.7344,nan,edge/x86_64,unknown,3.12.3,2026-10-09T18:44:59Z
111,ML-KEM-768,post-quantum,3,keygen,0.0458,0.0,0.0,0.303,1184,2400,1088,0,0,0,0,0.0,0.6863,nan,edge/x86_64,unknown,3.12.3,2026-10-09T18:44:59Z
111,ML-KEM-768,post-quantum,3,encapsulate,0.0496,0.0,0.0,0.303,1184,2400,1088,0,0,0,0,0.0,0.7441,nan,edge/x86_64,unknown,3.12.3,2026-10-09T18:44:59Z
111,ML-KEM-768,post-quantum,3,decapsulate,0.051,0.0,0.0,0.303,1184,2400,1088,0,0,0,0,0.0,0.765,nan,edge/x86_64,unknown,3.12.3,2026-10-09T18:44:59Z
112,ML-KEM-768,post-quantum,3,keygen,0.0505,0.0,0.0,0.303,1184,2400,1088,0,0,0,0,0.0,0.7578,nan,edge/x86_64,unknown,3.12.3,2026-10-09T18:44:59Z
112,ML-KEM-768,post-quantum,3,encapsulate,0.1139,0.0,0.0,0.303,1184,2400,1088,0,0,0,0,0.0,1.7078,nan,edge/x86_64,unknown,3.12.3,2026-10-09T18:44:59Z
112,ML-KEM-768,post-quantum,3,decapsulate,0.0566,0.0,0.0,0.303,1184,2400,1088,0,0,0,0,0.0,0.8492,nan,edge/x86_64,unknown,3.12.3,2026-10-09T18:44:59Z
113,ML-KEM-768,post-quantum,3,keygen,0.0511,0.0,0.0,0.303,1184,2400,1088,0,0,0,0,0.0,0.7661,nan,edge/x86_64,unknown,3.12.3,2026-10-09T18:44:59Z
113,ML-KEM-768,post-quantum,3,encapsulate,0.0577,0.0,0.0,0.303,1184,2400,1088,0,0,0,0,0.0,0.8648,nan,edge/x86_64,unknown,3.12.3,2026-10-09T18:44:59Z
113,ML-KEM-768,post-quantum,3,decapsulate,0.0496,0.0,0.0,0.303,1184,2400,1088,0,0,0,0,0.0,0.7438,nan,edge/x86_64,unknown,3.12.3,2026-10-09T18:44:59Z
114,ML-KEM-768,post-quantum,3,keygen,0.048,0.0,0.0,0.303,1184,2400,1088,0,0,0,0,0.0,0.7196,nan,edge/x86_64,unknown,3.12.3,2026-10-09T18:44:59Z
114,ML-KEM-768,post-quantum,3,encapsulate,0.0489,0.0,0.0,0.303,1184,2400,1088,0,0,0,0,0.0,0.7338,nan,edge/x86_64,unknown,3.12.3,2026-10-09T18:44:59Z
114,ML-KEM-768,post-quantum,3,decapsulate,0.0509,0.0,0.0,0.303,1184,2400,1088,0,0,0,0,0.0,0.7639,nan,edge/x86_64,unknown,3.12.3,2026-10-09T18:44:59Z
115,ML-KEM-768,post-quantum,3,keygen,0.0479,0.0,0.0,0.303,1184,2400,1088,0,0,0,0,0.0,0.7184,nan,edge/x86_64,unknown,3.12.3,2026-10-09T18:44:59Z
115,ML-KEM-768,post-quantum,3,encapsulate,0.0486,0.0,0.0,0.303,1184,2400,1088,0,0,0,0,0.0,0.7284,nan,edge/x86_64,unknown,3.12.3,2026-10-09T18:44:59Z
115,ML-KEM-768,post-quantum,3,decapsulate,0.0471,0.0,0.0,0.303,1184,2400,1088,0,0,0,0,0.0,0.7059,nan,edge/x86_64,unknown,3.12.3,2026-10-09T18:44:59Z
116,ML-KEM-768,post-quantum,3,keygen,0.0435,0.0,0.0,0.303,1184,2400,1088,0,0,0,0,0.0,0.6518,nan,edge/x86_64,unknown,3.12.3,2026-10-09T18:44:59Z
116,ML-KEM-768,post-quantum,3,encapsulate,0.0746,0.0,0.0,0.303,1184,2400,1088,0,0,0,0,0.0,1.1193,nan,edge/x86_64,unknown,3.12.3,2026-10-09T18:44:59Z
116,ML-KEM-768,post-quantum,3,decapsulate,0.0474,0.0,0.0,0.303,1184,2400,1088,0,0,0,0,0.0,0.7116,nan,edge/x86_64,unknown,3.12.3,2026-10-09T18:44:59Z
117,ML-KEM-768,post-quantum,3,keygen,0.047,0.0,0.0,0.303,1184,2400,1088,0,0,0,0,0.0,0.7045,nan,edge/x86_64,unknown,3.12.3,2026-10-09T18:44:59Z
117,ML-KEM-768,post-quantum,3,encapsulate,0.045,0.0,0.0,0.303,1184,2400,1088,0,0,0,0,0.0,0.6753,nan,edge/x86_64,unknown,3.12.3,2026-10-09T18:44:59Z
117,ML-KEM-768,post-quantum,3,decapsulate,0.0478,0.0,0.0,0.303,1184,2400,1088,0,0,0,0,0.0,0.7165,nan,edge/x86_64,unknown,3.12.3,2026-10-09T18:44:59Z
118,ML-KEM-768,post-quantum,3,keygen,0.0497,0.0,0.0,0.303,1184,2400,1088,0,0,0,0,0.0,0.7457,nan,edge/x86_64,unknown,3.12.3,2026-10-09T18:44:59Z
118,ML-KEM-768,post-quantum,3,encapsulate,0.045,0.0,0.0,0.303,1184,2400,1088,0,0,0,0,0.0,0.6746,nan,edge/x86_64,unknown,3.12.3,2026-10-09T18:44:59Z
118,ML-KEM-768,post-quantum,3,decapsulate,0.0523,0.0,0.0,0.303,1184,2400,1088,0,0,0,0,0.0,0.785,nan,edge/x86_64,unknown,3.12.3,2026-10-09T18:44:59Z
119,ML-KEM-768,post-quantum,3,keygen,0.0472,0.0,0.0,0.303,1184,2400,1088,0,0,0,0,0.0,0.7079,nan,edge/x86_64,unknown,3.12.3,2026-10-09T18:44:59Z
119,ML-KEM-768,post-quantum,3,encapsulate,0.0475,0.0,0.0,0.303,1184,2400,1088,0,0,0,0,0.0,0.7118,nan,edge/x86_64,unknown,3.12.3,2026-10-09T18:44:59Z
119,ML-KEM-768,post-quantum,3,decapsulate,0.0833,0.0,0.0,0.303,1184,2400,1088,0,0,0,0,0.0,1.2499,nan,edge/x86_64,unknown,3.12.3,2026-10-09T18:44:59Z
120,ML-KEM-768,post-quantum,3,keygen,0.1017,0.0,0.0,0.303,1184,2400,1088,0,0,0,0,0.0,1.5253,nan,edge/x86_64,unknown,3.12.3,2026-10-09T18:44:59Z
120,ML-KEM-768,post-quantum,3,encapsulate,0.047,0.0,0.0,0.303,1184,2400,1088,0,0,0,0,0.0,0.7056,nan,edge/x86_64,unknown,3.12.3,2026-10-09T18:44:59Z
120,ML-KEM-768,post-quantum,3,decapsulate,0.0493,0.0,0.0,0.303,1184,2400,1088,0,0,0,0,0.0,0.7393,nan,edge/x86_64,unknown,3.12.3,2026-10-09T18:44:59Z
121,ML-KEM-768,post-quantum,3,keygen,0.0487,0.0,0.0,0.303,1184,2400,1088,0,0,0,0,0.0,0.7307,nan,edge/x86_64,unknown,3.12.3,2026-10-09T18:44:59Z
121,ML-KEM-768,post-quantum,3,encapsulate,0.0474,0.0,0.0,0.303,1184,2400,1088,0,0,0,0,0.0,0.7112,nan,edge/x86_64,unknown,3.12.3,2026-10-09T18:44:59Z
121,ML-KEM-768,post-quantum,3,decapsulate,0.0496,0.0,0.0,0.303,1184,2400,1088,0,0,0,0,0.0,0.7447,nan,edge/x86_64,unknown,3.12.3,2026-10-09T18:44:59Z
122,ML-KEM-768,post-quantum,3,keygen,0.0478,0.0,0.0,0.303,1184,2400,1088,0,0,0,0,0.0,0.7173,nan,edge/x86_64,unknown,3.12.3,2026-10-09T18:44:59Z
122,ML-KEM-768,post-quantum,3,encapsulate,0.0681,0.0,0.0,0.303,1184,2400,1088,0,0,0,0,0.0,1.0216,nan,edge/x86_64,unknown,3.12.3,2026-10-09T18:44:59Z
122,ML-KEM-768,post-quantum,3,decapsulate,0.0497,0.0,0.0,0.303,1184,2400,1088,0,0,0,0,0.0,0.7449,nan,edge/x86_64,unknown,3.12.3,2026-10-09T18:44:59Z
123,ML-KEM-768,post-quantum,3,keygen,0.0483,0.0,0.0,0.303,1184,2400,1088,0,0,0,0,0.0,0.7251,nan,edge/x86_64,unknown,3.12.3,2026-10-09T18:44:59Z
123,ML-KEM-768,post-quantum,3,encapsulate,0.0484,0.0,0.0,0.303,1184,2400,1088,0,0,0,0,0.0,0.7259,nan,edge/x86_64,unknown,3.12.3,2026-10-09T18:44:59Z
123,ML-KEM-768,post-quantum,3,decapsulate,0.0484,0.0,0.0,0.303,1184,2400,1088,0,0,0,0,0.0,0.7256,nan,edge/x86_64,unknown,3.12.3,2026-10-09T18:44:59Z
124,ML-KEM-768,post-quantum,3,keygen,0.0478,0.0,0.0,0.303,1184,2400,1088,0,0,0,0,0.0,0.7163,nan,edge/x86_64,unknown,3.12.3,2026-10-09T18:44:59Z
124,ML-KEM-768,post-quantum,3,encapsulate,0.0743,0.0,0.0,0.303,1184,2400,1088,0,0,0,0,0.0,1.1151,nan,edge/x86_64,unknown,3.12.3,2026-10-09T18:44:59Z
124,ML-KEM-768,post-quantum,3,decapsulate,0.0602,0.0,0.0,0.303,1184,2400,1088,0,0,0,0,0.0,0.9025,nan,edge/x86_64,unknown,3.12.3,2026-10-09T18:44:59Z
125,ML-KEM-768,post-quantum,3,keygen,0.0553,0.0,0.0,0.303,1184,2400,1088,0,0,0,0,0.0,0.8291,nan,edge/x86_64,unknown,3.12.3,2026-10-09T18:44:59Z
125,ML-KEM-768,post-quantum,3,encapsulate,0.0532,0.0,0.0,0.303,1184,2400,1088,0,0,0,0,0.0,0.7979,nan,edge/x86_64,unknown,3.12.3,2026-10-09T18:44:59Z
125,ML-KEM-768,post-quantum,3,decapsulate,0.0471,0.0,0.0,0.303,1184,2400,1088,0,0,0,0,0.0,0.7072,nan,edge/x86_64,unknown,3.12.3,2026-10-09T18:44:59Z
126,ML-KEM-768,post-quantum,3,keygen,0.0454,0.0,0.0,0.303,1184,2400,1088,0,0,0,0,0.0,0.6807,nan,edge/x86_64,unknown,3.12.3,2026-10-09T18:44:59Z
126,ML-KEM-768,post-quantum,3,encapsulate,0.0451,0.0,0.0,0.303,1184,2400,1088,0,0,0,0,0.0,0.6761,nan,edge/x86_64,unknown,3.12.3,2026-10-09T18:44:59Z
126,ML-KEM-768,post-quantum,3,decapsulate,0.0475,0.0,0.0,0.303,1184,2400,1088,0,0,0,0,0.0,0.7123,nan,edge/x86_64,unknown,3.12.3,2026-10-09T18:44:59Z
127,ML-KEM-768,post-quantum,3,keygen,0.052,0.0,0.0,0.303,1184,2400,1088,0,0,0,0,0.0,0.7799,nan,edge/x86_64,unknown,3.12.3,2026-10-09T18:44:59Z
127,ML-KEM-768,post-quantum,3,encapsulate,0.0457,0.0,0.0,0.303,1184,2400,1088,0,0,0,0,0.0,0.6859,nan,edge/x86_64,unknown,3.12.3,2026-10-09T18:44:59Z
127,ML-KEM-768,post-quantum,3,decapsulate,0.0475,0.0,0.0,0.303,1184,2400,1088,0,0,0,0,0.0,0.7124,nan,edge/x86_64,unknown,3.12.3,2026-10-09T18:44:59Z
128,ML-KEM-768,post-quantum,3,keygen,0.0476,0.0,0.0,0.303,1184,2400,1088,0,0,0,0,0.0,0.714,nan,edge/x86_64,unknown,3.12.3,2026-10-09T18:44:59Z
128,ML-KEM-768,post-quantum,3,encapsulate,0.0458,0.0,0.0,0.303,1184,2400,1088,0,0,0,0,0.0,0.6866,nan,edge/x86_64,unknown,3.12.3,2026-10-09T18:44:59Z
128,ML-KEM-768,post-quantum,3,decapsulate,0.0655,0.0,0.0,0.303,1184,2400,1088,0,0,0,0,0.0,0.9825,nan,edge/x86_64,unknown,3.12.3,2026-10-09T18:44:59Z
129,ML-KEM-768,post-quantum,3,keygen,0.0478,0.0,0.0,0.303,1184,2400,1088,0,0,0,0,0.0,0.7167,nan,edge/x86_64,unknown,3.12.3,2026-10-09T18:44:59Z
129,ML-KEM-768,post-quantum,3,encapsulate,0.0459,0.0,0.0,0.303,1184,2400,1088,0,0,0,0,0.0,0.6883,nan,edge/x86_64,unknown,3.12.3,2026-10-09T18:44:59Z
129,ML-KEM-768,post-quantum,3,decapsulate,0.0473,0.0,0.0,0.303,1184,2400,1088,0,0,0,0,0.0,0.709,nan,edge/x86_64,unknown,3.12.3,2026-10-09T18:44:59Z
130,ML-KEM-768,post-quantum,3,keygen,0.046,0.0,0.0,0.303,1184,2400,1088,0,0,0,0,0.0,0.6905,nan,edge/x86_64,unknown,3.12.3,2026-10-09T18:44:59Z
130,ML-KEM-768,post-quantum,3,encapsulate,0.0651,0.0,0.0,0.303,1184,2400,1088,0,0,0,0,0.0,0.9771,nan,edge/x86_64,unknown,3.12.3,2026-10-09T18:44:59Z
130,ML-KEM-768,post-quantum,3,decapsulate,0.2263,0.0,0.0,0.303,1184,2400,1088,0,0,0,0,0.0,3.3946,nan,edge/x86_64,unknown,3.12.3,2026-10-09T18:44:59Z
131,ML-KEM-768,post-quantum,3,keygen,0.1027,0.0,0.0,0.303,1184,2400,1088,0,0,0,0,0.0,1.5403,nan,edge/x86_64,unknown,3.12.3,2026-10-09T18:44:59Z
131,ML-KEM-768,post-quantum,3,encapsulate,0.0544,0.0,0.0,0.303,1184,2400,1088,0,0,0,0,0.0,0.8165,nan,edge/x86_64,unknown,3.12.3,2026-10-09T18:44:59Z
131,ML-KEM-768,post-quantum,3,decapsulate,0.0505,0.0,0.0,0.303,1184,2400,1088,0,0,0,0,0.0,0.7577,nan,edge/x86_64,unknown,3.12.3,2026-10-09T18:44:59Z
132,ML-KEM-768,post-quantum,3,keygen,0.047,0.0,0.0,0.303,1184,2400,1088,0,0,0,0,0.0,0.7051,nan,edge/x86_64,unknown,3.12.3,2026-10-09T18:44:59Z
132,ML-KEM-768,post-quantum,3,encapsulate,0.0474,0.0,0.0,0.303,1184,2400,1088,0,0,0,0,0.0,0.7103,nan,edge/x86_64,unknown,3.12.3,2026-10-09T18:44:59Z
132,ML-KEM-768,post-quantum,3,decapsulate,0.048,0.0,0.0,0.303,1184,2400,1088,0,0,0,0,0.0,0.7203,nan,edge/x86_64,unknown,3.12.3,2026-10-09T18:44:59Z
133,ML-KEM-768,post-quantum,3,keygen,0.0469,0.0,0.0,0.303,1184,2400,1088,0,0,0,0,0.0,0.7036,nan,edge/x86_64,unknown,3.12.3,2026-10-09T18:44:59Z
133,ML-KEM-768,post-quantum,3,encapsulate,0.0466,0.0,0.0,0.303,1184,2400,1088,0,0,0,0,0.0,0.6988,nan,edge/x86_64,unknown,3.12.3,2026-10-09T18:44:59Z
133,ML-KEM-768,post-quantum,3,decapsulate,0.0491,0.0,0.0,0.303,1184,2400,1088,0,0,0,0,0.0,0.7359,nan,edge/x86_64,unknown,3.12.3,2026-10-09T18:44:59Z
134,ML-KEM-768,post-quantum,3,keygen,0.0468,0.0,0.0,0.303,1184,2400,1088,0,0,0,0,0.0,0.7026,nan,edge/x86_64,unknown,3.12.3,2026-10-09T18:44:59Z
134,ML-KEM-768,post-quantum,3,encapsulate,0.0486,0.0,0.0,0.303,1184,2400,1088,0,0,0,0,0.0,0.7294,nan,edge/x86_64,unknown,3.12.3,2026-10-09T18:44:59Z
134,ML-KEM-768,post-quantum,3,decapsulate,0.0506,0.0,0.0,0.303,1184,2400,1088,0,0,0,0,0.0,0.7589,nan,edge/x86_64,unknown,3.12.3,2026-10-09T18:44:59Z
135,ML-KEM-768,post-quantum,3,keygen,0.0457,0.0,0.0,0.303,1184,2400,1088,0,0,0,0,0.0,0.6853,nan,edge/x86_64,unknown,3.12.3,2026-10-09T18:44:59Z
135,ML-KEM-768,post-quantum,3,encapsulate,0.0457,0.0,0.0,0.303,1184,2400,1088,0,0,0,0,0.0,0.6853,nan,edge/x86_64,unknown,3.12.3,2026-10-09T18:44:59Z
135,ML-KEM-768,post-quantum,3,decapsulate,0.0462,0.0,0.0,0.303,1184,2400,1088,0,0,0,0,0.0,0.6928,nan,edge/x86_64,unknown,3.12.3,2026-10-09T18:44:59Z
136,ML-KEM-768,post-quantum,3,keygen,0.0536,0.0,0.0,0.303,1184,2400,1088,0,0,0,0,0.0,0.8043,nan,edge/x86_64,unknown,3.12.3,2026-10-09T18:44:59Z
136,ML-KEM-768,post-quantum,3,encapsulate,0.0451,0.0,0.0,0.303,1184,2400,1088,0,0,0,0,0.0,0.6764,nan,edge/x86_64,unknown,3.12.3,2026-10-09T18:44:59Z
136,ML-KEM-768,post-quantum,3,decapsulate,0.0769,0.0,0.0,0.303,1184,2400,1088,0,0,0,0,0.0,1.1542,nan,edge/x86_64,unknown,3.12.3,2026-10-09T18:44:59Z
137,ML-KEM-768,post-quantum,3,keygen,0.0548,0.0,0.0,0.303,1184,2400,1088,0,0,0,0,0.0,0.8213,nan,edge/x86_64,unknown,3.12.3,2026-10-09T18:44:59Z
137,ML-KEM-768,post-quantum,3,encapsulate,0.0758,0.0,0.0,0.303,1184,2400,1088,0,0,0,0,0.0,1.1368,nan,edge/x86_64,unknown,3.12.3,2026-10-09T18:44:59Z
137,ML-KEM-768,post-quantum,3,decapsulate,0.0483,0.0,0.0,0.303,1184,2400,1088,0,0,0,0,0.0,0.725,nan,edge/x86_64,unknown,3.12.3,2026-10-09T18:44:59Z
138,ML-KEM-768,post-quantum,3,keygen,0.047,0.0,0.0,0.303,1184,2400,1088,0,0,0,0,0.0,0.7052,nan,edge/x86_64,unknown,3.12.3,2026-10-09T18:44:59Z
138,ML-KEM-768,post-quantum,3,encapsulate,0.0466,0.0,0.0,0.303,1184,2400,1088,0,0,0,0,0.0,0.699,nan,edge/x86_64,unknown,3.12.3,2026-10-09T18:44:59Z
138,ML-KEM-768,post-quantum,3,decapsulate,0.0477,0.0,0.0,0.303,1184,2400,1088,0,0,0,0,0.0,0.7149,nan,edge/x86_64,unknown,3.12.3,2026-10-09T18:44:59Z
139,ML-KEM-768,post-quantum,3,keygen,0.0457,0.0,0.0,0.303,1184,2400,1088,0,0,0,0,0.0,0.6852,nan,edge/x86_64,unknown,3.12.3,2026-10-09T18:44:59Z
139,ML-KEM-768,post-quantum,3,encapsulate,0.0453,0.0,0.0,0.303,1184,2400,1088,0,0,0,0,0.0,0.6788,nan,edge/x86_64,unknown,3.12.3,2026-10-09T18:44:59Z
139,ML-KEM-768,post-quantum,3,decapsulate,0.0478,0.0,0.0,0.303,1184,2400,1088,0,0,0,0,0.0,0.7168,nan,edge/x86_64,unknown,3.12.3,2026-10-09T18:44:59Z
140,ML-KEM-768,post-quantum,3,keygen,0.0485,0.0,0.0,0.303,1184,2400,1088,0,0,0,0,0.0,0.7269,nan,edge/x86_64,unknown,3.12.3,2026-10-09T18:44:59Z
140,ML-KEM-768,post-quantum,3,encapsulate,0.0454,0.0,0.0,0.303,1184,2400,1088,0,0,0,0,0.0,0.6815,nan,edge/x86_64,unknown,3.12.3,2026-10-09T18:44:59Z
140,ML-KEM-768,post-quantum,3,decapsulate,0.0639,0.0,0.0,0.303,1184,2400,1088,0,0,0,0,0.0,0.9582,nan,edge/x86_64,unknown,3.12.3,2026-10-09T18:44:59Z
141,ML-KEM-768,post-quantum,3,keygen,0.0455,0.0,0.0,0.303,1184,2400,1088,0,0,0,0,0.0,0.6831,nan,edge/x86_64,unknown,3.12.3,2026-10-09T18:44:59Z
141,ML-KEM-768,post-quantum,3,encapsulate,0.0964,0.0,0.0,0.303,1184,2400,1088,0,0,0,0,0.0,1.4456,nan,edge/x86_64,unknown,3.12.3,2026-10-09T18:44:59Z
141,ML-KEM-768,post-quantum,3,decapsulate,0.0654,0.0,0.0,0.303,1184,2400,1088,0,0,0,0,0.0,0.9805,nan,edge/x86_64,unknown,3.12.3,2026-10-09T18:44:59Z
142,ML-KEM-768,post-quantum,3,keygen,0.0466,0.0,0.0,0.303,1184,2400,1088,0,0,0,0,0.0,0.6985,nan,edge/x86_64,unknown,3.12.3,2026-10-09T18:44:59Z
142,ML-KEM-768,post-quantum,3,encapsulate,0.0454,0.0,0.0,0.303,1184,2400,1088,0,0,0,0,0.0,0.6815,nan,edge/x86_64,unknown,3.12.3,2026-10-09T18:44:59Z
142,ML-KEM-768,post-quantum,3,decapsulate,0.0809,0.0,0.0,0.303,1184,2400,1088,0,0,0,0,0.0,1.2137,nan,edge/x86_64,unknown,3.12.3,2026-10-09T18:44:59Z
143,ML-KEM-768,post-quantum,3,keygen,0.0533,0.0,0.0,0.303,1184,2400,1088,0,0,0,0,0.0,0.7998,nan,edge/x86_64,unknown,3.12.3,2026-10-09T18:44:59Z
143,ML-KEM-768,post-quantum,3,encapsulate,0.0636,0.0,0.0,0.303,1184,2400,1088,0,0,0,0,0.0,0.9534,nan,edge/x86_64,unknown,3.12.3,2026-10-09T18:44:59Z
143,ML-KEM-768,post-quantum,3,decapsulate,0.0483,0.0,0.0,0.303,1184,2400,1088,0,0,0,0,0.0,0.7245,nan,edge/x86_64,unknown,3.12.3,2026-10-09T18:44:59Z
144,ML-KEM-768,post-quantum,3,keygen,0.0467,0.0,0.0,0.303,1184,2400,1088,0,0,0,0,0.0,0.6998,nan,edge/x86_64,unknown,3.12.3,2026-10-09T18:44:59Z
144,ML-KEM-768,post-quantum,3,encapsulate,0.046,0.0,0.0,0.303,1184,2400,1088,0,0,0,0,0.0,0.6894,nan,edge/x86_64,unknown,3.12.3,2026-10-09T18:44:59Z
144,ML-KEM-768,post-quantum,3,decapsulate,0.0466,0.0,0.0,0.303,1184,2400,1088,0,0,0,0,0.0,0.6992,nan,edge/x86_64,unknown,3.12.3,2026-10-09T18:44:59Z
145,ML-KEM-768,post-quantum,3,keygen,0.0461,0.0,0.0,0.303,1184,2400,1088,0,0,0,0,0.0,0.6912,nan,edge/x86_64,unknown,3.12.3,2026-10-09T18:44:59Z
145,ML-KEM-768,post-quantum,3,encapsulate,0.0458,0.0,0.0,0.303,1184,2400,1088,0,0,0,0,0.0,0.6876,nan,edge/x86_64,unknown,3.12.3,2026-10-09T18:44:59Z
145,ML-KEM-768,post-quantum,3,decapsulate,0.0488,0.0,0.0,0.303,1184,2400,1088,0,0,0,0,0.0,0.7315,nan,edge/x86_64,unknown,3.12.3,2026-10-09T18:44:59Z
146,ML-KEM-768,post-quantum,3,keygen,0.0452,0.0,0.0,0.303,1184,2400,1088,0,0,0,0,0.0,0.6778,nan,edge/x86_64,unknown,3.12.3,2026-10-09T18:44:59Z
146,ML-KEM-768,post-quantum,3,encapsulate,0.0442,0.0,0.0,0.303,1184,2400,1088,0,0,0,0,0.0,0.6632,nan,edge/x86_64,unknown,3.12.3,2026-10-09T18:44:59Z
146,ML-KEM-768,post-quantum,3,decapsulate,0.0482,0.0,0.0,0.303,1184,2400,1088,0,0,0,0,0.0,0.7234,nan,edge/x86_64,unknown,3.12.3,2026-10-09T18:44:59Z
147,ML-KEM-768,post-quantum,3,keygen,0.0456,0.0,0.0,0.303,1184,2400,1088,0,0,0,0,0.0,0.6833,nan,edge/x86_64,unknown,3.12.3,2026-10-09T18:44:59Z
147,ML-KEM-768,post-quantum,3,encapsulate,0.0463,0.0,0.0,0.303,1184,2400,1088,0,0,0,0,0.0,0.6938,nan,edge/x86_64,unknown,3.12.3,2026-10-09T18:44:59Z
147,ML-KEM-768,post-quantum,3,decapsulate,0.0463,0.0,0.0,0.303,1184,2400,1088,0,0,0,0,0.0,0.6947,nan,edge/x86_64,unknown,3.12.3,2026-10-09T18:44:59Z
148,ML-KEM-768,post-quantum,3,keygen,0.0445,0.0,0.0,0.303,1184,2400,1088,0,0,0,0,0.0,0.6672,nan,edge/x86_64,unknown,3.12.3,2026-10-09T18:44:59Z
148,ML-KEM-768,post-quantum,3,encapsulate,0.0464,0.0,0.0,0.303,1184,2400,1088,0,0,0,0,0.0,0.6954,nan,edge/x86_64,unknown,3.12.3,2026-10-09T18:44:59Z
148,ML-KEM-768,post-quantum,3,decapsulate,0.0467,0.0,0.0,0.303,1184,2400,1088,0,0,0,0,0.0,0.701,nan,edge/x86_64,unknown,3.12.3,2026-10-09T18:44:59Z
149,ML-KEM-768,post-quantum,3,keygen,0.0438,0.0,0.0,0.303,1184,2400,1088,0,0,0,0,0.0,0.6573,nan,edge/x86_64,unknown,3.12.3,2026-10-09T18:44:59Z
149,ML-KEM-768,post-quantum,3,encapsulate,0.0607,0.0,0.0,0.303,1184,2400,1088,0,0,0,0,0.0,0.9107,nan,edge/x86_64,unknown,3.12.3,2026-10-09T18:44:59Z
149,ML-KEM-768,post-quantum,3,decapsulate,0.093,0.0,0.0,0.303,1184,2400,1088,0,0,0,0,0.0,1.3948,nan,edge/x86_64,unknown,3.12.3,2026-10-09T18:44:59Z
150,ML-KEM-768,post-quantum,3,keygen,0.1102,0.0,0.0,0.303,1184,2400,1088,0,0,0,0,0.0,1.6534,nan,edge/x86_64,unknown,3.12.3,2026-10-09T18:44:59Z
150,ML-KEM-768,post-quantum,3,encapsulate,0.0881,0.0,0.0,0.303,1184,2400,1088,0,0,0,0,0.0,1.321,nan,edge/x86_64,unknown,3.12.3,2026-10-09T18:44:59Z
150,ML-KEM-768,post-quantum,3,decapsulate,0.0496,0.0,0.0,0.303,1184,2400,1088,0,0,0,0,0.0,0.744,nan,edge/x86_64,unknown,3.12.3,2026-10-09T18:44:59Z
151,ML-KEM-768,post-quantum,3,keygen,0.0484,0.0,0.0,0.303,1184,2400,1088,0,0,0,0,0.0,0.7257,nan,edge/x86_64,unknown,3.12.3,2026-10-09T18:44:59Z
151,ML-KEM-768,post-quantum,3,encapsulate,0.049,0.0,0.0,0.303,1184,2400,1088,0,0,0,0,0.0,0.7357,nan,edge/x86_64,unknown,3.12.3,2026-10-09T18:44:59Z
151,ML-KEM-768,post-quantum,3,decapsulate,0.0488,0.0,0.0,0.303,1184,2400,1088,0,0,0,0,0.0,0.732,nan,edge/x86_64,unknown,3.12.3,2026-10-09T18:44:59Z
152,ML-KEM-768,post-quantum,3,keygen,0.0479,0.0,0.0,0.303,1184,2400,1088,0,0,0,0,0.0,0.719,nan,edge/x86_64,unknown,3.12.3,2026-10-09T18:44:59Z
152,ML-KEM-768,post-quantum,3,encapsulate,0.0642,0.0,0.0,0.303,1184,2400,1088,0,0,0,0,0.0,0.9633,nan,edge/x86_64,unknown,3.12.3,2026-10-09T18:44:59Z
152,ML-KEM-768,post-quantum,3,decapsulate,0.0468,0.0,0.0,0.303,1184,2400,1088,0,0,0,0,0.0,0.702,nan,edge/x86_64,unknown,3.12.3,2026-10-09T18:44:59Z
153,ML-KEM-768,post-quantum,3,keygen,0.0461,0.0,0.0,0.303,1184,2400,1088,0,0,0,0,0.0,0.6917,nan,edge/x86_64,unknown,3.12.3,2026-10-09T18:44:59Z
153,ML-KEM-768,post-quantum,3,encapsulate,0.0494,0.0,0.0,0.303,1184,2400,1088,0,0,0,0,0.0,0.7413,nan,edge/x86_64,unknown,3.12.3,2026-10-09T18:44:59Z
153,ML-KEM-768,post-quantum,3,decapsulate,0.0493,0.0,0.0,0.303,1184,2400,1088,0,0,0,0,0.0,0.7398,nan,edge/x86_64,unknown,3.12.3,2026-10-09T18:44:59Z
154,ML-KEM-768,post-quantum,3,keygen,0.0461,0.0,0.0,0.303,1184,2400,1088,0,0,0,0,0.0,0.6918,nan,edge/x86_64,unknown,3.12.3,2026-10-09T18:44:59Z
154,ML-KEM-768,post-quantum,3,encapsulate,0.0455,0.0,0.0,0.303,1184,2400,1088,0,0,0,0,0.0,0.6832,nan,edge/x86_64,unknown,3.12.3,2026-10-09T18:44:59Z
154,ML-KEM-768,post-quantum,3,decapsulate,0.0475,0.0,0.0,0.303,1184,2400,1088,0,0,0,0,0.0,0.7125,nan,edge/x86_64,unknown,3.12.3,2026-10-09T18:44:59Z
155,ML-KEM-768,post-quantum,3,keygen,0.1027,0.0,0.0,0.303,1184,2400,1088,0,0,0,0,0.0,1.5401,nan,edge/x86_64,unknown,3.12.3,2026-10-09T18:44:59Z
155,ML-KEM-768,post-quantum,3,encapsulate,0.0882,0.0,0.0,0.303,1184,2400,1088,0,0,0,0,0.0,1.3225,nan,edge/x86_64,unknown,3.12.3,2026-10-09T18:44:59Z
155,ML-KEM-768,post-quantum,3,decapsulate,0.0511,0.0,0.0,0.303,1184,2400,1088,0,0,0,0,0.0,0.7664,nan,edge/x86_64,unknown,3.12.3,2026-10-09T18:44:59Z
156,ML-KEM-768,post-quantum,3,keygen,0.0486,0.0,0.0,0.303,1184,2400,1088,0,0,0,0,0.0,0.7294,nan,edge/x86_64,unknown,3.12.3,2026-10-09T18:44:59Z
156,ML-KEM-768,post-quantum,3,encapsulate,0.05,0.0,0.0,0.303,1184,2400,1088,0,0,0,0,0.0,0.7505,nan,edge/x86_64,unknown,3.12.3,2026-10-09T18:44:59Z
156,ML-KEM-768,post-quantum,3,decapsulate,0.0514,0.0,0.0,0.303,1184,2400,1088,0,0,0,0,0.0,0.7707,nan,edge/x86_64,unknown,3.12.3,2026-10-09T18:44:59Z
157,ML-KEM-768,post-quantum,3,keygen,0.0472,0.0,0.0,0.303,1184,2400,1088,0,0,0,0,0.0,0.7073,nan,edge/x86_64,unknown,3.12.3,2026-10-09T18:44:59Z
157,ML-KEM-768,post-quantum,3,encapsulate,0.0486,0.0,0.0,0.303,1184,2400,1088,0,0,0,0,0.0,0.7292,nan,edge/x86_64,unknown,3.12.3,2026-10-09T18:44:59Z
157,ML-KEM-768,post-quantum,3,decapsulate,0.0475,0.0,0.0,0.303,1184,2400,1088,0,0,0,0,0.0,0.7122,nan,edge/x86_64,unknown,3.12.3,2026-10-09T18:44:59Z
158,ML-KEM-768,post-quantum,3,keygen,0.0455,0.0,0.0,0.303,1184,2400,1088,0,0,0,0,0.0,0.6823,nan,edge/x86_64,unknown,3.12.3,2026-10-09T18:44:59Z
158,ML-KEM-768,post-quantum,3,encapsulate,0.0455,0.0,0.0,0.303,1184,2400,1088,0,0,0,0,0.0,0.683,nan,edge/x86_64,unknown,3.12.3,2026-10-09T18:44:59Z
158,ML-KEM-768,post-quantum,3,decapsulate,0.0686,0.0,0.0,0.303,1184,2400,1088,0,0,0,0,0.0,1.0296,nan,edge/x86_64,unknown,3.12.3,2026-10-09T18:44:59Z
159,ML-KEM-768,post-quantum,3,keygen,0.0474,0.0,0.0,0.303,1184,2400,1088,0,0,0,0,0.0,0.7112,nan,edge/x86_64,unknown,3.12.3,2026-10-09T18:44:59Z
159,ML-KEM-768,post-quantum,3,encapsulate,0.0465,0.0,0.0,0.303,1184,2400,1088,0,0,0,0,0.0,0.697,nan,edge/x86_64,unknown,3.12.3,2026-10-09T18:44:59Z
159,ML-KEM-768,post-quantum,3,decapsulate,0.0475,0.0,0.0,0.303,1184,2400,1088,0,0,0,0,0.0,0.7126,nan,edge/x86_64,unknown,3.12.3,2026-10-09T18:44:59Z
160,ML-KEM-768,post-quantum,3,keygen,0.0459,0.0,0.0,0.303,1184,2400,1088,0,0,0,0,0.0,0.6881,nan,edge/x86_64,unknown,3.12.3,2026-10-09T18:44:59Z
160,ML-KEM-768,post-quantum,3,encapsulate,0.0458,0.0,0.0,0.303,1184,2400,1088,0,0,0,0,0.0,0.6872,nan,edge/x86_64,unknown,3.12.3,2026-10-09T18:44:59Z
160,ML-KEM-768,post-quantum,3,decapsulate,0.0477,0.0,0.0,0.303,1184,2400,1088,0,0,0,0,0.0,0.7156,nan,edge/x86_64,unknown,3.12.3,2026-10-09T18:44:59Z
161,ML-KEM-768,post-quantum,3,keygen,0.0915,0.0,0.0,0.303,1184,2400,1088,0,0,0,0,0.0,1.3718,nan,edge/x86_64,unknown,3.12.3,2026-10-09T18:44:59Z
161,ML-KEM-768,post-quantum,3,encapsulate,0.0904,0.0,0.0,0.303,1184,2400,1088,0,0,0,0,0.0,1.3555,nan,edge/x86_64,unknown,3.12.3,2026-10-09T18:44:59Z
161,ML-KEM-768,post-quantum,3,decapsulate,0.0491,0.0,0.0,0.303,1184,2400,1088,0,0,0,0,0.0,0.7362,nan,edge/x86_64,unknown,3.12.3,2026-10-09T18:44:59Z
162,ML-KEM-768,post-quantum,3,keygen,0.0483,0.0,0.0,0.303,1184,2400,1088,0,0,0,0,0.0,0.7248,nan,edge/x86_64,unknown,3.12.3,2026-10-09T18:44:59Z
162,ML-KEM-768,post-quantum,3,encapsulate,0.05,0.0,0.0,0.303,1184,2400,1088,0,0,0,0,0.0,0.7498,nan,edge/x86_64,unknown,3.12.3,2026-10-09T18:44:59Z
162,ML-KEM-768,post-quantum,3,decapsulate,0.0503,0.0,0.0,0.303,1184,2400,1088,0,0,0,0,0.0,0.7544,nan,edge/x86_64,unknown,3.12.3,2026-10-09T18:44:59Z
163,ML-KEM-768,post-quantum,3,keygen,0.0443,0.0,0.0,0.303,1184,2400,1088,0,0,0,0,0.0,0.6652,nan,edge/x86_64,unknown,3.12.3,2026-10-09T18:44:59Z
163,ML-KEM-768,post-quantum,3,encapsulate,0.0481,0.0,0.0,0.303,1184,2400,1088,0,0,0,0,0.0,0.7215,nan,edge/x86_64,unknown,3.12.3,2026-10-09T18:44:59Z
163,ML-KEM-768,post-quantum,3,decapsulate,0.0496,0.0,0.0,0.303,1184,2400,1088,0,0,0,0,0.0,0.7436,nan,edge/x86_64,unknown,3.12.3,2026-10-09T18:44:59Z
164,ML-KEM-768,post-quantum,3,keygen,0.0497,0.0,0.0,0.303,1184,2400,1088,0,0,0,0,0.0,0.7458,nan,edge/x86_64,unknown,3.12.3,2026-10-09T18:44:59Z
164,ML-KEM-768,post-quantum,3,encapsulate,0.1754,0.0,0.0,0.303,1184,2400,1088,0,0,0,0,0.0,2.6315,nan,edge/x86_64,unknown,3.12.3,2026-10-09T18:44:59Z
164,ML-KEM-768,post-quantum,3,decapsulate,0.0507,0.0,0.0,0.303,1184,2400,1088,0,0,0,0,0.0,0.7598,nan,edge/x86_64,unknown,3.12.3,2026-10-09T18:44:59Z
165,ML-KEM-768,post-quantum,3,keygen,0.0463,0.0,0.0,0.303,1184,2400,1088,0,0,0,0,0.0,0.6939,nan,edge/x86_64,unknown,3.12.3,2026-10-09T18:44:59Z
165,ML-KEM-768,post-quantum,3,encapsulate,0.0462,0.0,0.0,0.303,1184,2400,1088,0,0,0,0,0.0,0.6927,nan,edge/x86_64,unknown,3.12.3,2026-10-09T18:44:59Z
165,ML-KEM-768,post-quantum,3,decapsulate,0.0479,0.0,0.0,0.303,1184,2400,1088,0,0,0,0,0.0,0.7181,nan,edge/x86_64,unknown,3.12.3,2026-10-09T18:44:59Z
166,ML-KEM-768,post-quantum,3,keygen,0.0448,0.0,0.0,0.303,1184,2400,1088,0,0,0,0,0.0,0.6719,nan,edge/x86_64,unknown,3.12.3,2026-10-09T18:44:59Z
166,ML-KEM-768,post-quantum,3,encapsulate,0.045,0.0,0.0,0.303,1184,2400,1088,0,0,0,0,0.0,0.6747,nan,edge/x86_64,unknown,3.12.3,2026-10-09T18:44:59Z
166,ML-KEM-768,post-quantum,3,decapsulate,0.047,0.0,0.0,0.303,1184,2400,1088,0,0,0,0,0.0,0.7047,nan,edge/x86_64,unknown,3.12.3,2026-10-09T18:44:59Z
167,ML-KEM-768,post-quantum,3,keygen,0.0923,0.0,0.0,0.303,1184,2400,1088,0,0,0,0,0.0,1.3852,nan,edge/x86_64,unknown,3.12.3,2026-10-09T18:44:59Z
167,ML-KEM-768,post-quantum,3,encapsulate,0.0584,0.0,0.0,0.303,1184,2400,1088,0,0,0,0,0.0,0.8758,nan,edge/x86_64,unknown,3.12.3,2026-10-09T18:44:59Z
167,ML-KEM-768,post-quantum,3,decapsulate,0.0479,0.0,0.0,0.303,1184,2400,1088,0,0,0,0,0.0,0.7181,nan,edge/x86_64,unknown,3.12.3,2026-10-09T18:44:59Z
168,ML-KEM-768,post-quantum,3,keygen,0.0463,0.0,0.0,0.303,1184,2400,1088,0,0,0,0,0.0,0.6951,nan,edge/x86_64,unknown,3.12.3,2026-10-09T18:44:59Z
168,ML-KEM-768,post-quantum,3,encapsulate,0.0465,0.0,0.0,0.303,1184,2400,1088,0,0,0,0,0.0,0.697,nan,edge/x86_64,unknown,3.12.3,2026-10-09T18:44:59Z
168,ML-KEM-768,post-quantum,3,decapsulate,0.0464,0.0,0.0,0.303,1184,2400,1088,0,0,0,0,0.0,0.6965,nan,edge/x86_64,unknown,3.12.3,2026-10-09T18:44:59Z
169,ML-KEM-768,post-quantum,3,keygen,0.0488,0.0,0.0,0.303,1184,2400,1088,0,0,0,0,0.0,0.7326,nan,edge/x86_64,unknown,3.12.3,2026-10-09T18:44:59Z
169,ML-KEM-768,post-quantum,3,encapsulate,0.0461,0.0,0.0,0.303,1184,2400,1088,0,0,0,0,0.0,0.6921,nan,edge/x86_64,unknown,3.12.3,2026-10-09T18:44:59Z
169,ML-KEM-768,post-quantum,3,decapsulate,0.0476,0.0,0.0,0.303,1184,2400,1088,0,0,0,0,0.0,0.7143,nan,edge/x86_64,unknown,3.12.3,2026-10-09T18:44:59Z
170,ML-KEM-768,post-quantum,3,keygen,0.0457,0.0,0.0,0.303,1184,2400,1088,0,0,0,0,0.0,0.6857,nan,edge/x86_64,unknown,3.12.3,2026-10-09T18:44:59Z
170,ML-KEM-768,post-quantum,3,encapsulate,0.0445,0.0,0.0,0.303,1184,2400,1088,0,0,0,0,0.0,0.668,nan,edge/x86_64,unknown,3.12.3,2026-10-09T18:44:59Z
170,ML-KEM-768,post-quantum,3,decapsulate,0.1033,0.0,0.0,0.303,1184,2400,1088,0,0,0,0,0.0,1.5498,nan,edge/x86_64,unknown,3.12.3,2026-10-09T18:44:59Z
171,ML-KEM-768,post-quantum,3,keygen,0.0527,0.0,0.0,0.303,1184,2400,1088,0,0,0,0,0.0,0.7903,nan,edge/x86_64,unknown,3.12.3,2026-10-09T18:44:59Z
171,ML-KEM-768,post-quantum,3,encapsulate,0.0479,0.0,0.0,0.303,1184,2400,1088,0,0,0,0,0.0,0.7186,nan,edge/x86_64,unknown,3.12.3,2026-10-09T18:44:59Z
171,ML-KEM-768,post-quantum,3,decapsulate,0.0482,0.0,0.0,0.303,1184,2400,1088,0,0,0,0,0.0,0.7227,nan,edge/x86_64,unknown,3.12.3,2026-10-09T18:44:59Z
172,ML-KEM-768,post-quantum,3,keygen,0.0453,0.0,0.0,0.303,1184,2400,1088,0,0,0,0,0.0,0.6789,nan,edge/x86_64,unknown,3.12.3,2026-10-09T18:44:59Z
172,ML-KEM-768,post-quantum,3,encapsulate,0.0462,0.0,0.0,0.303,1184,2400,1088,0,0,0,0,0.0,0.6937,nan,edge/x86_64,unknown,3.12.3,2026-10-09T18:44:59Z
172,ML-KEM-768,post-quantum,3,decapsulate,0.0461,0.0,0.0,0.303,1184,2400,1088,0,0,0,0,0.0,0.6919,nan,edge/x86_64,unknown,3.12.3,2026-10-09T18:44:59Z
173,ML-KEM-768,post-quantum,3,keygen,0.0486,0.0,0.0,0.303,1184,2400,1088,0,0,0,0,0.0,0.7295,nan,edge/x86_64,unknown,3.12.3,2026-10-09T18:44:59Z
173,ML-KEM-768,post-quantum,3,encapsulate,0.0565,0.0,0.0,0.303,1184,2400,1088,0,0,0,0,0.0,0.8469,nan,edge/x86_64,unknown,3.12.3,2026-10-09T18:44:59Z
173,ML-KEM-768,post-quantum,3,decapsulate,0.0485,0.0,0.0,0.303,1184,2400,1088,0,0,0,0,0.0,0.7281,nan,edge/x86_64,unknown,3.12.3,2026-10-09T18:44:59Z
174,ML-KEM-768,post-quantum,3,keygen,0.0474,0.0,0.0,0.303,1184,2400,1088,0,0,0,0,0.0,0.7104,nan,edge/x86_64,unknown,3.12.3,2026-10-09T18:44:59Z
174,ML-KEM-768,post-quantum,3,encapsulate,0.0469,0.0,0.0,0.303,1184,2400,1088,0,0,0,0,0.0,0.703,nan,edge/x86_64,unknown,3.12.3,2026-10-09T18:44:59Z
174,ML-KEM-768,post-quantum,3,decapsulate,0.0475,0.0,0.0,0.303,1184,2400,1088,0,0,0,0,0.0,0.7127,nan,edge/x86_64,unknown,3.12.3,2026-10-09T18:44:59Z
175,ML-KEM-768,post-quantum,3,keygen,0.0452,0.0,0.0,0.303,1184,2400,1088,0,0,0,0,0.0,0.6783,nan,edge/x86_64,unknown,3.12.3,2026-10-09T18:44:59Z
175,ML-KEM-768,post-quantum,3,encapsulate,0.0546,0.0,0.0,0.303,1184,2400,1088,0,0,0,0,0.0,0.8184,nan,edge/x86_64,unknown,3.12.3,2026-10-09T18:44:59Z
175,ML-KEM-768,post-quantum,3,decapsulate,0.046,0.0,0.0,0.303,1184,2400,1088,0,0,0,0,0.0,0.6894,nan,edge/x86_64,unknown,3.12.3,2026-10-09T18:44:59Z
176,ML-KEM-768,post-quantum,3,keygen,0.0459,0.0,0.0,0.303,1184,2400,1088,0,0,0,0,0.0,0.6887,nan,edge/x86_64,unknown,3.12.3,2026-10-09T18:44:59Z
176,ML-KEM-768,post-quantum,3,encapsulate,0.0471,0.0,0.0,0.303,1184,2400,1088,0,0,0,0,0.0,0.7072,nan,edge/x86_64,unknown,3.12.3,2026-10-09T18:44:59Z
176,ML-KEM-768,post-quantum,3,decapsulate,0.0477,0.0,0.0,0.303,1184,2400,1088,0,0,0,0,0.0,0.7148,nan,edge/x86_64,unknown,3.12.3,2026-10-09T18:44:59Z
177,ML-KEM-768,post-quantum,3,keygen,0.0471,0.0,0.0,0.303,1184,2400,1088,0,0,0,0,0.0,0.7067,nan,edge/x86_64,unknown,3.12.3,2026-10-09T18:44:59Z
177,ML-KEM-768,post-quantum,3,encapsulate,0.0469,0.0,0.0,0.303,1184,2400,1088,0,0,0,0,0.0,0.7032,nan,edge/x86_64,unknown,3.12.3,2026-10-09T18:44:59Z
177,ML-KEM-768,post-quantum,3,decapsulate,0.0478,0.0,0.0,0.303,1184,2400,1088,0,0,0,0,0.0,0.717,nan,edge/x86_64,unknown,3.12.3,2026-10-09T18:44:59Z
178,ML-KEM-768,post-quantum,3,keygen,0.0453,0.0,0.0,0.303,1184,2400,1088,0,0,0,0,0.0,0.6799,nan,edge/x86_64,unknown,3.12.3,2026-10-09T18:44:59Z
178,ML-KEM-768,post-quantum,3,encapsulate,0.0457,0.0,0.0,0.303,1184,2400,1088,0,0,0,0,0.0,0.6852,nan,edge/x86_64,unknown,3.12.3,2026-10-09T18:44:59Z
178,ML-KEM-768,post-quantum,3,decapsulate,0.0473,0.0,0.0,0.303,1184,2400,1088,0,0,0,0,0.0,0.7089,nan,edge/x86_64,unknown,3.12.3,2026-10-09T18:44:59Z
179,ML-KEM-768,post-quantum,3,keygen,0.0478,0.0,0.0,0.303,1184,2400,1088,0,0,0,0,0.0,0.7168,nan,edge/x86_64,unknown,3.12.3,2026-10-09T18:44:59Z
179,ML-KEM-768,post-quantum,3,encapsulate,0.0463,0.0,0.0,0.303,1184,2400,1088,0,0,0,0,0.0,0.6939,nan,edge/x86_64,unknown,3.12.3,2026-10-09T18:44:59Z
179,ML-KEM-768,post-quantum,3,decapsulate,0.0828,0.0,0.0,0.303,1184,2400,1088,0,0,0,0,0.0,1.2421,nan,edge/x86_64,unknown,3.12.3,2026-10-09T18:44:59Z
180,ML-KEM-768,post-quantum,3,keygen,0.0941,0.0,0.0,0.303,1184,2400,1088,0,0,0,0,0.0,1.4117,nan,edge/x86_64,unknown,3.12.3,2026-10-09T18:44:59Z
180,ML-KEM-768,post-quantum,3,encapsulate,0.0503,0.0,0.0,0.303,1184,2400,1088,0,0,0,0,0.0,0.7543,nan,edge/x86_64,unknown,3.12.3,2026-10-09T18:44:59Z
180,ML-KEM-768,post-quantum,3,decapsulate,0.0493,0.0,0.0,0.303,1184,2400,1088,0,0,0,0,0.0,0.7395,nan,edge/x86_64,unknown,3.12.3,2026-10-09T18:44:59Z
181,ML-KEM-768,post-quantum,3,keygen,0.0477,0.0,0.0,0.303,1184,2400,1088,0,0,0,0,0.0,0.7148,nan,edge/x86_64,unknown,3.12.3,2026-10-09T18:44:59Z
181,ML-KEM-768,post-quantum,3,encapsulate,0.0459,0.0,0.0,0.303,1184,2400,1088,0,0,0,0,0.0,0.6889,nan,edge/x86_64,unknown,3.12.3,2026-10-09T18:44:59Z
181,ML-KEM-768,post-quantum,3,decapsulate,0.0649,0.0,0.0,0.303,1184,2400,1088,0,0,0,0,0.0,0.9735,nan,edge/x86_64,unknown,3.12.3,2026-10-09T18:44:59Z
182,ML-KEM-768,post-quantum,3,keygen,0.178,0.0,0.0,0.303,1184,2400,1088,0,0,0,0,0.0,2.67,nan,edge/x86_64,unknown,3.12.3,2026-10-09T18:44:59Z
182,ML-KEM-768,post-quantum,3,encapsulate,0.0941,0.0,0.0,0.303,1184,2400,1088,0,0,0,0,0.0,1.4113,nan,edge/x86_64,unknown,3.12.3,2026-10-09T18:44:59Z
182,ML-KEM-768,post-quantum,3,decapsulate,0.0518,0.0,0.0,0.303,1184,2400,1088,0,0,0,0,0.0,0.777,nan,edge/x86_64,unknown,3.12.3,2026-10-09T18:44:59Z
183,ML-KEM-768,post-quantum,3,keygen,0.0503,0.0,0.0,0.303,1184,2400,1088,0,0,0,0,0.0,0.7552,nan,edge/x86_64,unknown,3.12.3,2026-10-09T18:44:59Z
183,ML-KEM-768,post-quantum,3,encapsulate,0.0768,0.0,0.0,0.303,1184,2400,1088,0,0,0,0,0.0,1.1525,nan,edge/x86_64,unknown,3.12.3,2026-10-09T18:44:59Z
183,ML-KEM-768,post-quantum,3,decapsulate,0.0495,0.0,0.0,0.303,1184,2400,1088,0,0,0,0,0.0,0.7432,nan,edge/x86_64,unknown,3.12.3,2026-10-09T18:44:59Z
184,ML-KEM-768,post-quantum,3,keygen,0.049,0.0,0.0,0.303,1184,2400,1088,0,0,0,0,0.0,0.7352,nan,edge/x86_64,unknown,3.12.3,2026-10-09T18:44:59Z
184,ML-KEM-768,post-quantum,3,encapsulate,0.0457,0.0,0.0,0.303,1184,2400,1088,0,0,0,0,0.0,0.6862,nan,edge/x86_64,unknown,3.12.3,2026-10-09T18:44:59Z
184,ML-KEM-768,post-quantum,3,decapsulate,0.0474,0.0,0.0,0.303,1184,2400,1088,0,0,0,0,0.0,0.7104,nan,edge/x86_64,unknown,3.12.3,2026-10-09T18:44:59Z
185,ML-KEM-768,post-quantum,3,keygen,0.0687,0.0,0.0,0.303,1184,2400,1088,0,0,0,0,0.0,1.0307,nan,edge/x86_64,unknown,3.12.3,2026-10-09T18:44:59Z
185,ML-KEM-768,post-quantum,3,encapsulate,0.0482,0.0,0.0,0.303,1184,2400,1088,0,0,0,0,0.0,0.723,nan,edge/x86_64,unknown,3.12.3,2026-10-09T18:44:59Z
185,ML-KEM-768,post-quantum,3,decapsulate,0.0945,0.0,0.0,0.303,1184,2400,1088,0,0,0,0,0.0,1.4176,nan,edge/x86_64,unknown,3.12.3,2026-10-09T18:44:59Z
186,ML-KEM-768,post-quantum,3,keygen,0.047,0.0,0.0,0.303,1184,2400,1088,0,0,0,0,0.0,0.7044,nan,edge/x86_64,unknown,3.12.3,2026-10-09T18:44:59Z
186,ML-KEM-768,post-quantum,3,encapsulate,0.0576,0.0,0.0,0.303,1184,2400,1088,0,0,0,0,0.0,0.864,nan,edge/x86_64,unknown,3.12.3,2026-10-09T18:44:59Z
186,ML-KEM-768,post-quantum,3,decapsulate,0.0809,0.0,0.0,0.303,1184,2400,1088,0,0,0,0,0.0,1.2142,nan,edge/x86_64,unknown,3.12.3,2026-10-09T18:44:59Z
187,ML-KEM-768,post-quantum,3,keygen,0.0466,0.0,0.0,0.303,1184,2400,1088,0,0,0,0,0.0,0.6996,nan,edge/x86_64,unknown,3.12.3,2026-10-09T18:44:59Z
187,ML-KEM-768,post-quantum,3,encapsulate,0.0451,0.0,0.0,0.303,1184,2400,1088,0,0,0,0,0.0,0.6766,nan,edge/x86_64,unknown,3.12.3,2026-10-09T18:44:59Z
187,ML-KEM-768,post-quantum,3,decapsulate,0.0471,0.0,0.0,0.303,1184,2400,1088,0,0,0,0,0.0,0.707,nan,edge/x86_64,unknown,3.12.3,2026-10-09T18:44:59Z
188,ML-KEM-768,post-quantum,3,keygen,0.0448,0.0,0.0,0.303,1184,2400,1088,0,0,0,0,0.0,0.6721,nan,edge/x86_64,unknown,3.12.3,2026-10-09T18:44:59Z
188,ML-KEM-768,post-quantum,3,encapsulate,0.0884,0.0,0.0,0.303,1184,2400,1088,0,0,0,0,0.0,1.3259,nan,edge/x86_64,unknown,3.12.3,2026-10-09T18:44:59Z
188,ML-KEM-768,post-quantum,3,decapsulate,0.0635,0.0,0.0,0.303,1184,2400,1088,0,0,0,0,0.0,0.9527,nan,edge/x86_64,unknown,3.12.3,2026-10-09T18:44:59Z
189,ML-KEM-768,post-quantum,3,keygen,0.0598,0.0,0.0,0.303,1184,2400,1088,0,0,0,0,0.0,0.8973,nan,edge/x86_64,unknown,3.12.3,2026-10-09T18:44:59Z
189,ML-KEM-768,post-quantum,3,encapsulate,0.0509,0.0,0.0,0.303,1184,2400,1088,0,0,0,0,0.0,0.7629,nan,edge/x86_64,unknown,3.12.3,2026-10-09T18:44:59Z
189,ML-KEM-768,post-quantum,3,decapsulate,0.0481,0.0,0.0,0.303,1184,2400,1088,0,0,0,0,0.0,0.7208,nan,edge/x86_64,unknown,3.12.3,2026-10-09T18:44:59Z
190,ML-KEM-768,post-quantum,3,keygen,0.0464,0.0,0.0,0.303,1184,2400,1088,0,0,0,0,0.0,0.6959,nan,edge/x86_64,unknown,3.12.3,2026-10-09T18:44:59Z
190,ML-KEM-768,post-quantum,3,encapsulate,0.0461,0.0,0.0,0.303,1184,2400,1088,0,0,0,0,0.0,0.692,nan,edge/x86_64,unknown,3.12.3,2026-10-09T18:44:59Z
190,ML-KEM-768,post-quantum,3,decapsulate,0.0464,0.0,0.0,0.303,1184,2400,1088,0,0,0,0,0.0,0.696,nan,edge/x86_64,unknown,3.12.3,2026-10-09T18:44:59Z
191,ML-KEM-768,post-quantum,3,keygen,0.0459,0.0,0.0,0.303,1184,2400,1088,0,0,0,0,0.0,0.6882,nan,edge/x86_64,unknown,3.12.3,2026-10-09T18:44:59Z
191,ML-KEM-768,post-quantum,3,encapsulate,0.0531,0.0,0.0,0.303,1184,2400,1088,0,0,0,0,0.0,0.7959,nan,edge/x86_64,unknown,3.12.3,2026-10-09T18:44:59Z
191,ML-KEM-768,post-quantum,3,decapsulate,0.0474,0.0,0.0,0.303,1184,2400,1088,0,0,0,0,0.0,0.7117,nan,edge/x86_64,unknown,3.12.3,2026-10-09T18:44:59Z
192,ML-KEM-768,post-quantum,3,keygen,0.0458,0.0,0.0,0.303,1184,2400,1088,0,0,0,0,0.0,0.6876,nan,edge/x86_64,unknown,3.12.3,2026-10-09T18:44:59Z
192,ML-KEM-768,post-quantum,3,encapsulate,0.0462,0.0,0.0,0.303,1184,2400,1088,0,0,0,0,0.0,0.6927,nan,edge/x86_64,unknown,3.12.3,2026-10-09T18:44:59Z
192,ML-KEM-768,post-quantum,3,decapsulate,0.048,0.0,0.0,0.303,1184,2400,1088,0,0,0,0,0.0,0.7206,nan,edge/x86_64,unknown,3.12.3,2026-10-09T18:44:59Z
193,ML-KEM-768,post-quantum,3,keygen,0.0454,0.0,0.0,0.303,1184,2400,1088,0,0,0,0,0.0,0.6805,nan,edge/x86_64,unknown,3.12.3,2026-10-09T18:44:59Z
193,ML-KEM-768,post-quantum,3,encapsulate,0.0449,0.0,0.0,0.303,1184,2400,1088,0,0,0,0,0.0,0.6736,nan,edge/x86_64,unknown,3.12.3,2026-10-09T18:44:59Z
193,ML-KEM-768,post-quantum,3,decapsulate,0.0461,0.0,0.0,0.303,1184,2400,1088,0,0,0,0,0.0,0.6916,nan,edge/x86_64,unknown,3.12.3,2026-10-09T18:44:59Z
194,ML-KEM-768,post-quantum,3,keygen,0.0489,0.0,0.0,0.303,1184,2400,1088,0,0,0,0,0.0,0.7337,nan,edge/x86_64,unknown,3.12.3,2026-10-09T18:44:59Z
194,ML-KEM-768,post-quantum,3,encapsulate,0.0516,0.0,0.0,0.303,1184,2400,1088,0,0,0,0,0.0,0.7742,nan,edge/x86_64,unknown,3.12.3,2026-10-09T18:44:59Z
194,ML-KEM-768,post-quantum,3,decapsulate,0.0795,0.0,0.0,0.303,1184,2400,1088,0,0,0,0,0.0,1.1921,nan,edge/x86_64,unknown,3.12.3,2026-10-09T18:44:59Z
195,ML-KEM-768,post-quantum,3,keygen,0.0558,0.0,0.0,0.303,1184,2400,1088,0,0,0,0,0.0,0.8367,nan,edge/x86_64,unknown,3.12.3,2026-10-09T18:44:59Z
195,ML-KEM-768,post-quantum,3,encapsulate,0.0938,0.0,0.0,0.303,1184,2400,1088,0,0,0,0,0.0,1.4072,nan,edge/x86_64,unknown,3.12.3,2026-10-09T18:44:59Z
195,ML-KEM-768,post-quantum,3,decapsulate,0.1001,0.0,0.0,0.303,1184,2400,1088,0,0,0,0,0.0,1.5015,nan,edge/x86_64,unknown,3.12.3,2026-10-09T18:44:59Z
196,ML-KEM-768,post-quantum,3,keygen,0.0496,0.0,0.0,0.303,1184,2400,1088,0,0,0,0,0.0,0.7437,nan,edge/x86_64,unknown,3.12.3,2026-10-09T18:44:59Z
196,ML-KEM-768,post-quantum,3,encapsulate,0.0471,0.0,0.0,0.303,1184,2400,1088,0,0,0,0,0.0,0.7067,nan,edge/x86_64,unknown,3.12.3,2026-10-09T18:44:59Z
196,ML-KEM-768,post-quantum,3,decapsulate,0.0486,0.0,0.0,0.303,1184,2400,1088,0,0,0,0,0.0,0.7293,nan,edge/x86_64,unknown,3.12.3,2026-10-09T18:44:59Z
197,ML-KEM-768,post-quantum,3,keygen,0.0738,0.0,0.0,0.303,1184,2400,1088,0,0,0,0,0.0,1.1075,nan,edge/x86_64,unknown,3.12.3,2026-10-09T18:44:59Z
197,ML-KEM-768,post-quantum,3,encapsulate,0.0481,0.0,0.0,0.303,1184,2400,1088,0,0,0,0,0.0,0.7216,nan,edge/x86_64,unknown,3.12.3,2026-10-09T18:44:59Z
197,ML-KEM-768,post-quantum,3,decapsulate,0.0475,0.0,0.0,0.303,1184,2400,1088,0,0,0,0,0.0,0.7121,nan,edge/x86_64,unknown,3.12.3,2026-10-09T18:44:59Z
198,ML-KEM-768,post-quantum,3,keygen,0.0466,0.0,0.0,0.303,1184,2400,1088,0,0,0,0,0.0,0.6988,nan,edge/x86_64,unknown,3.12.3,2026-10-09T18:44:59Z
198,ML-KEM-768,post-quantum,3,encapsulate,0.0479,0.0,0.0,0.303,1184,2400,1088,0,0,0,0,0.0,0.7179,nan,edge/x86_64,unknown,3.12.3,2026-10-09T18:44:59Z
198,ML-KEM-768,post-quantum,3,decapsulate,0.048,0.0,0.0,0.303,1184,2400,1088,0,0,0,0,0.0,0.7199,nan,edge/x86_64,unknown,3.12.3,2026-10-09T18:44:59Z
199,ML-KEM-768,post-quantum,3,keygen,0.0468,0.0,0.0,0.303,1184,2400,1088,0,0,0,0,0.0,0.7021,nan,edge/x86_64,unknown,3.12.3,2026-10-09T18:44:59Z
199,ML-KEM-768,post-quantum,3,encapsulate,0.046,0.0,0.0,0.303,1184,2400,1088,0,0,0,0,0.0,0.6907,nan,edge/x86_64,unknown,3.12.3,2026-10-09T18:44:59Z
199,ML-KEM-768,post-quantum,3,decapsulate,0.0465,0.0,0.0,0.303,1184,2400,1088,0,0,0,0,0.0,0.6973,nan,edge/x86_64,unknown,3.12.3,2026-10-09T18:44:59Z
0,ML-KEM-1024,post-quantum,5,keygen,0.0897,0.0,0.0,0.307,1568,3168,1568,0,0,0,0,0.0,1.3461,nan,edge/x86_64,unknown,3.12.3,2026-10-09T18:44:59Z
0,ML-KEM-1024,post-quantum,5,encapsulate,0.0655,0.0,0.0,0.307,1568,3168,1568,0,0,0,0,0.0,0.9819,nan,edge/x86_64,unknown,3.12.3,2026-10-09T18:44:59Z
0,ML-KEM-1024,post-quantum,5,decapsulate,0.0754,0.0,0.0,0.307,1568,3168,1568,0,0,0,0,0.0,1.1314,nan,edge/x86_64,unknown,3.12.3,2026-10-09T18:44:59Z
1,ML-KEM-1024,post-quantum,5,keygen,0.0567,0.0,0.0,0.307,1568,3168,1568,0,0,0,0,0.0,0.8498,nan,edge/x86_64,unknown,3.12.3,2026-10-09T18:44:59Z
1,ML-KEM-1024,post-quantum,5,encapsulate,0.0544,0.0,0.0,0.307,1568,3168,1568,0,0,0,0,0.0,0.8153,nan,edge/x86_64,unknown,3.12.3,2026-10-09T18:44:59Z
1,ML-KEM-1024,post-quantum,5,decapsulate,0.0562,0.0,0.0,0.307,1568,3168,1568,0,0,0,0,0.0,0.8434,nan,edge/x86_64,unknown,3.12.3,2026-10-09T18:44:59Z
2,ML-KEM-1024,post-quantum,5,keygen,0.0775,0.0,0.0,0.307,1568,3168,1568,0,0,0,0,0.0,1.162,nan,edge/x86_64,unknown,3.12.3,2026-10-09T18:44:59Z
2,ML-KEM-1024,post-quantum,5,encapsulate,0.0681,0.0,0.0,0.307,1568,3168,1568,0,0,0,0,0.0,1.0208,nan,edge/x86_64,unknown,3.12.3,2026-10-09T18:44:59Z
2,ML-KEM-1024,post-quantum,5,decapsulate,0.0582,0.0,0.0,0.307,1568,3168,1568,0,0,0,0,0.0,0.8729,nan,edge/x86_64,unknown,3.12.3,2026-10-09T18:44:59Z
3,ML-KEM-1024,post-quantum,5,keygen,0.0555,0.0,0.0,0.307,1568,3168,1568,0,0,0,0,0.0,0.832,nan,edge/x86_64,unknown,3.12.3,2026-10-09T18:44:59Z
3,ML-KEM-1024,post-quantum,5,encapsulate,0.057,0.0,0.0,0.307,1568,3168,1568,0,0,0,0,0.0,0.8552,nan,edge/x86_64,unknown,3.12.3,2026-10-09T18:44:59Z
3,ML-KEM-1024,post-quantum,5,decapsulate,0.0565,0.0,0.0,0.307,1568,3168,1568,0,0,0,0,0.0,0.848,nan,edge/x86_64,unknown,3.12.3,2026-10-09T18:44:59Z
4,ML-KEM-1024,post-quantum,5,keygen,0.056,0.0,0.0,0.307,1568,3168,1568,0,0,0,0,0.0,0.84,nan,edge/x86_64,unknown,3.12.3,2026-10-09T18:44:59Z
4,ML-KEM-1024,post-quantum,5,encapsulate,0.0556,0.0,0.0,0.307,1568,3168,1568,0,0,0,0,0.0,0.8338,nan,edge/x86_64,unknown,3.12.3,2026-10-09T18:44:59Z
4,ML-KEM-1024,post-quantum,5,decapsulate,0.0586,0.0,0.0,0.307,1568,3168,1568,0,0,0,0,0.0,0.8784,nan,edge/x86_64,unknown,3.12.3,2026-10-09T18:44:59Z
5,ML-KEM-1024,post-quantum,5,keygen,0.0604,0.0,0.0,0.307,1568,3168,1568,0,0,0,0,0.0,0.906,nan,edge/x86_64,unknown,3.12.3,2026-10-09T18:44:59Z
5,ML-KEM-1024,post-quantum,5,encapsulate,0.055,0.0,0.0,0.307,1568,3168,1568,0,0,0,0,0.0,0.8243,nan,edge/x86_64,unknown,3.12.3,2026-10-09T18:44:59Z
5,ML-KEM-1024,post-quantum,5,decapsulate,0.0575,0.0,0.0,0.307,1568,3168,1568,0,0,0,0,0.0,0.863,nan,edge/x86_64,unknown,3.12.3,2026-10-09T18:44:59Z
6,ML-KEM-1024,post-quantum,5,keygen,0.0519,0.0,0.0,0.307,1568,3168,1568,0,0,0,0,0.0,0.7785,nan,edge/x86_64,unknown,3.12.3,2026-10-09T18:44:59Z
6,ML-KEM-1024,post-quantum,5,encapsulate,0.0692,0.0,0.0,0.307,1568,3168,1568,0,0,0,0,0.0,1.0375,nan,edge/x86_64,unknown,3.12.3,2026-10-09T18:44:59Z
6,ML-KEM-1024,post-quantum,5,decapsulate,0.1084,0.0,0.0,0.307,1568,3168,1568,0,0,0,0,0.0,1.6267,nan,edge/x86_64,unknown,3.12.3,2026-10-09T18:44:59Z
7,ML-KEM-1024,post-quantum,5,keygen,0.0546,0.0,0.0,0.307,1568,3168,1568,0,0,0,0,0.0,0.8197,nan,edge/x86_64,unknown,3.12.3,2026-10-09T18:44:59Z
7,ML-KEM-1024,post-quantum,5,encapsulate,0.0642,0.0,0.0,0.307,1568,3168,1568,0,0,0,0,0.0,0.9625,nan,edge/x86_64,unknown,3.12.3,2026-10-09T18:44:59Z
7,ML-KEM-1024,post-quantum,5,decapsulate,0.1358,0.0,0.0,0.307,1568,3168,1568,0,0,0,0,0.0,2.0365,nan,edge/x86_64,unknown,3.12.3,2026-10-09T18:44:59Z
8,ML-KEM-1024,post-quantum,5,keygen,0.0603,0.0,0.0,0.307,1568,3168,1568,0,0,0,0,0.0,0.9043,nan,edge/x86_64,unknown,3.12.3,2026-10-09T18:44:59Z
8,ML-KEM-1024,post-quantum,5,encapsulate,0.0551,0.0,0.0,0.307,1568,3168,1568,0,0,0,0,0.0,0.8263,nan,edge/x86_64,unknown,3.12.3,2026-10-09T18:44:59Z
8,ML-KEM-1024,post-quantum,5,decapsulate,0.0603,0.0,0.0,0.307,1568,3168,1568,0,0,0,0,0.0,0.9041,nan,edge/x86_64,unknown,3.12.3,2026-10-09T18:44:59Z
9,ML-KEM-1024,post-quantum,5,keygen,0.056,0.0,0.0,0.307,1568,3168,1568,0,0,0,0,0.0,0.8404,nan,edge/x86_64,unknown,3.12.3,2026-10-09T18:44:59Z
9,ML-KEM-1024,post-quantum,5,encapsulate,0.0587,0.0,0.0,0.307,1568,3168,1568,0,0,0,0,0.0,0.8809,nan,edge/x86_64,unknown,3.12.3,2026-10-09T18:44:59Z
9,ML-KEM-1024,post-quantum,5,decapsulate,0.0598,0.0,0.0,0.307,1568,3168,1568,0,0,0,0,0.0,0.8969,nan,edge/x86_64,unknown,3.12.3,2026-10-09T18:44:59Z
10,ML-KEM-1024,post-quantum,5,keygen,0.0567,0.0,0.0,0.307,1568,3168,1568,0,0,0,0,0.0,0.8511,nan,edge/x86_64,unknown,3.12.3,2026-10-09T18:44:59Z
10,ML-KEM-1024,post-quantum,5,encapsulate,0.056,0.0,0.0,0.307,1568,3168,1568,0,0,0,0,0.0,0.8406,nan,edge/x86_64,unknown,3.12.3,2026-10-09T18:44:59Z
10,ML-KEM-1024,post-quantum,5,decapsulate,0.0565,0.0,0.0,0.307,1568,3168,1568,0,0,0,0,0.0,0.8481,nan,edge/x86_64,unknown,3.12.3,2026-10-09T18:44:59Z
11,ML-KEM-1024,post-quantum,5,keygen,0.0526,0.0,0.0,0.307,1568,3168,1568,0,0,0,0,0.0,0.7896,nan,edge/x86_64,unknown,3.12.3,2026-10-09T18:44:59Z
11,ML-KEM-1024,post-quantum,5,encapsulate,0.0609,0.0,0.0,0.307,1568,3168,1568,0,0,0,0,0.0,0.9137,nan,edge/x86_64,unknown,3.12.3,2026-10-09T18:44:59Z
11,ML-KEM-1024,post-quantum,5,decapsulate,0.0562,0.0,0.0,0.307,1568,3168,1568,0,0,0,0,0.0,0.843,nan,edge/x86_64,unknown,3.12.3,2026-10-09T18:44:59Z
12,ML-KEM-1024,post-quantum,5,keygen,0.0527,0.0,0.0,0.307,1568,3168,1568,0,0,0,0,0.0,0.7902,nan,edge/x86_64,unknown,3.12.3,2026-10-09T18:44:59Z
12,ML-KEM-1024,post-quantum,5,encapsulate,0.0523,0.0,0.0,0.307,1568,3168,1568,0,0,0,0,0.0,0.7848,nan,edge/x86_64,unknown,3.12.3,2026-10-09T18:44:59Z
12,ML-KEM-1024,post-quantum,5,decapsulate,0.0566,0.0,0.0,0.307,1568,3168,1568,0,0,0,0,0.0,0.8487,nan,edge/x86_64,unknown,3.12.3,2026-10-09T18:44:59Z
13,ML-KEM-1024,post-quantum,5,keygen,0.0531,0.0,0.0,0.307,1568,3168,1568,0,0,0,0,0.0,0.7962,nan,edge/x86_64,unknown,3.12.3,2026-10-09T18:44:59Z
13,ML-KEM-1024,post-quantum,5,encapsulate,0.0727,0.0,0.0,0.307,1568,3168,1568,0,0,0,0,0.0,1.0905,nan,edge/x86_64,unknown,3.12.3,2026-10-09T18:44:59Z
13,ML-KEM-1024,post-quantum,5,decapsulate,0.0651,0.0,0.0,0.307,1568,3168,1568,0,0,0,0,0.0,0.9772,nan,edge/x86_64,unknown,3.12.3,2026-10-09T18:44:59Z
14,ML-KEM-1024,post-quantum,5,keygen,0.0553,0.0,0.0,0.307,1568,3168,1568,0,0,0,0,0.0,0.8297,nan,edge/x86_64,unknown,3.12.3,2026-10-09T18:44:59Z
14,ML-KEM-1024,post-quantum,5,encapsulate,0.0533,0.0,0.0,0.307,1568,3168,1568,0,0,0,0,0.0,0.7992,nan,edge/x86_64,unknown,3.12.3,2026-10-09T18:44:59Z
14,ML-KEM-1024,post-quantum,5,decapsulate,0.058,0.0,0.0,0.307,1568,3168,1568,0,0,0,0,0.0,0.8706,nan,edge/x86_64,unknown,3.12.3,2026-10-09T18:44:59Z
15,ML-KEM-1024,post-quantum,5,keygen,0.0542,0.0,0.0,0.307,1568,3168,1568,0,0,0,0,0.0,0.8135,nan,edge/x86_64,unknown,3.12.3,2026-10-09T18:44:59Z
15,ML-KEM-1024,post-quantum,5,encapsulate,0.0565,0.0,0.0,0.307,1568,3168,1568,0,0,0,0,0.0,0.8478,nan,edge/x86_64,unknown,3.12.3,2026-10-09T18:44:59Z
15,ML-KEM-1024,post-quantum,5,decapsulate,0.1252,0.0,0.0,0.307,1568,3168,1568,0,0,0,0,0.0,1.8784,nan,edge/x86_64,unknown,3.12.3,2026-10-09T18:44:59Z
16,ML-KEM-1024,post-quantum,5,keygen,0.1705,0.0,0.0,0.307,1568,3168,1568,0,0,0,0,0.0,2.5576,nan,edge/x86_64,unknown,3.12.3,2026-10-09T18:44:59Z
16,ML-KEM-1024,post-quantum,5,encapsulate,0.0556,0.0,0.0,0.307,1568,3168,1568,0,0,0,0,0.0,0.8344,nan,edge/x86_64,unknown,3.12.3,2026-10-09T18:44:59Z
16,ML-KEM-1024,post-quantum,5,decapsulate,0.0567,0.0,0.0,0.307,1568,3168,1568,0,0,0,0,0.0,0.851,nan,edge/x86_64,unknown,3.12.3,2026-10-09T18:44:59Z
17,ML-KEM-1024,post-quantum,5,keygen,0.056,0.0,0.0,0.307,1568,3168,1568,0,0,0,0,0.0,0.8407,nan,edge/x86_64,unknown,3.12.3,2026-10-09T18:44:59Z
17,ML-KEM-1024,post-quantum,5,encapsulate,0.0555,0.0,0.0,0.307,1568,3168,1568,0,0,0,0,0.0,0.833,nan,edge/x86_64,unknown,3.12.3,2026-10-09T18:44:59Z
17,ML-KEM-1024,post-quantum,5,decapsulate,0.0587,0.0,0.0,0.307,1568,3168,1568,0,0,0,0,0.0,0.8798,nan,edge/x86_64,unknown,3.12.3,2026-10-09T18:44:59Z
18,ML-KEM-1024,post-quantum,5,keygen,0.0526,0.0,0.0,0.307,1568,3168,1568,0,0,0,0,0.0,0.7885,nan,edge/x86_64,unknown,3.12.3,2026-10-09T18:44:59Z
18,ML-KEM-1024,post-quantum,5,encapsulate,0.0751,0.0,0.0,0.307,1568,3168,1568,0,0,0,0,0.0,1.1269,nan,edge/x86_64,unknown,3.12.3,2026-10-09T18:44:59Z
18,ML-KEM-1024,post-quantum,5,decapsulate,0.0923,0.0,0.0,0.307,1568,3168,1568,0,0,0,0,0.0,1.3842,nan,edge/x86_64,unknown,3.12.3,2026-10-09T18:44:59Z
19,ML-KEM-1024,post-quantum,5,keygen,0.0577,0.0,0.0,0.307,1568,3168,1568,0,0,0,0,0.0,0.8656,nan,edge/x86_64,unknown,3.12.3,2026-10-09T18:44:59Z
19,ML-KEM-1024,post-quantum,5,encapsulate,0.0564,0.0,0.0,0.307,1568,3168,1568,0,0,0,0,0.0,0.846,nan,edge/x86_64,unknown,3.12.3,2026-10-09T18:44:59Z
19,ML-KEM-1024,post-quantum,5,decapsulate,0.0795,0.0,0.0,0.307,1568,3168,1568,0,0,0,0,0.0,1.1931,nan,edge/x86_64,unknown,3.12.3,2026-10-09T18:44:59Z
20,ML-KEM-1024,post-quantum,5,keygen,0.0538,0.0,0.0,0.307,1568,3168,1568,0,0,0,0,0.0,0.8069,nan,edge/x86_64,unknown,3.12.3,2026-10-09T18:44:59Z
20,ML-KEM-1024,post-quantum,5,encapsulate,0.0546,0.0,0.0,0.307,1568,3168,1568,0,0,0,0,0.0,0.8185,nan,edge/x86_64,unknown,3.12.3,2026-10-09T18:44:59Z
20,ML-KEM-1024,post-quantum,5,decapsulate,0.0568,0.0,0.0,0.307,1568,3168,1568,0,0,0,0,0.0,0.8518,nan,edge/x86_64,unknown,3.12.3,2026-10-09T18:44:59Z
21,ML-KEM-1024,post-quantum,5,keygen,0.0542,0.0,0.0,0.307,1568,3168,1568,0,0,0,0,0.0,0.8135,nan,edge/x86_64,unknown,3.12.3,2026-10-09T18:44:59Z
21,ML-KEM-1024,post-quantum,5,encapsulate,0.0644,0.0,0.0,0.307,1568,3168,1568,0,0,0,0,0.0,0.9667,nan,edge/x86_64,unknown,3.12.3,2026-10-09T18:44:59Z
21,ML-KEM-1024,post-quantum,5,decapsulate,0.058,0.0,0.0,0.307,1568,3168,1568,0,0,0,0,0.0,0.8694,nan,edge/x86_64,unknown,3.12.3,2026-10-09T18:44:59Z
22,ML-KEM-1024,post-quantum,5,keygen,0.0528,0.0,0.0,0.307,1568,3168,1568,0,0,0,0,0.0,0.7916,nan,edge/x86_64,unknown,3.12.3,2026-10-09T18:44:59Z
22,ML-KEM-1024,post-quantum,5,encapsulate,0.0536,0.0,0.0,0.307,1568,3168,1568,0,0,0,0,0.0,0.804,nan,edge/x86_64,unknown,3.12.3,2026-10-09T18:44:59Z
22,ML-KEM-1024,post-quantum,5,decapsulate,0.058,0.0,0.0,0.307,1568,3168,1568,0,0,0,0,0.0,0.8701,nan,edge/x86_64,unknown,3.12.3,2026-10-09T18:44:59Z
23,ML-KEM-1024,post-quantum,5,keygen,0.0531,0.0,0.0,0.307,1568,3168,1568,0,0,0,0,0.0,0.7958,nan,edge/x86_64,unknown,3.12.3,2026-10-09T18:44:59Z
23,ML-KEM-1024,post-quantum,5,encapsulate,0.0555,0.0,0.0,0.307,1568,3168,1568,0,0,0,0,0.0,0.8325,nan,edge/x86_64,unknown,3.12.3,2026-10-09T18:44:59Z
23,ML-KEM-1024,post-quantum,5,decapsulate,0.0558,0.0,0.0,0.307,1568,3168,1568,0,0,0,0,0.0,0.8377,nan,edge/x86_64,unknown,3.12.3,2026-10-09T18:44:59Z
24,ML-KEM-1024,post-quantum,5,keygen,0.0514,0.0,0.0,0.307,1568,3168,1568,0,0,0,0,0.0,0.7707,nan,edge/x86_64,unknown,3.12.3,2026-10-09T18:44:59Z
24,ML-KEM-1024,post-quantum,5,encapsulate,0.0798,0.0,0.0,0.307,1568,3168,1568,0,0,0,0,0.0,1.1974,nan,edge/x86_64,unknown,3.12.3,2026-10-09T18:44:59Z
24,ML-KEM-1024,post-quantum,5,decapsulate,0.0885,0.0,0.0,0.307,1568,3168,1568,0,0,0,0,0.0,1.3272,nan,edge/x86_64,unknown,3.12.3,2026-10-09T18:44:59Z
25,ML-KEM-1024,post-quantum,5,keygen,0.1044,0.0,0.0,0.307,1568,3168,1568,0,0,0,0,0.0,1.5655,nan,edge/x86_64,unknown,3.12.3,2026-10-09T18:44:59Z
25,ML-KEM-1024,post-quantum,5,encapsulate,0.0561,0.0,0.0,0.307,1568,3168,1568,0,0,0,0,0.0,0.8421,nan,edge/x86_64,unknown,3.12.3,2026-10-09T18:44:59Z
25,ML-KEM-1024,post-quantum,5,decapsulate,0.0567,0.0,0.0,0.307,1568,3168,1568,0,0,0,0,0.0,0.851,nan,edge/x86_64,unknown,3.12.3,2026-10-09T18:44:59Z
26,ML-KEM-1024,post-quantum,5,keygen,0.0549,0.0,0.0,0.307,1568,3168,1568,0,0,0,0,0.0,0.8235,nan,edge/x86_64,unknown,3.12.3,2026-10-09T18:44:59Z
26,ML-KEM-1024,post-quantum,5,encapsulate,0.0564,0.0,0.0,0.307,1568,3168,1568,0,0,0,0,0.0,0.8463,nan,edge/x86_64,unknown,3.12.3,2026-10-09T18:44:59Z
26,ML-KEM-1024,post-quantum,5,decapsulate,0.0797,0.0,0.0,0.307,1568,3168,1568,0,0,0,0,0.0,1.1955,nan,edge/x86_64,unknown,3.12.3,2026-10-09T18:44:59Z
27,ML-KEM-1024,post-quantum,5,keygen,0.0559,0.0,0.0,0.307,1568,3168,1568,0,0,0,0,0.0,0.8392,nan,edge/x86_64,unknown,3.12.3,2026-10-09T18:44:59Z
27,ML-KEM-1024,post-quantum,5,encapsulate,0.0614,0.0,0.0,0.307,1568,3168,1568,0,0,0,0,0.0,0.9205,nan,edge/x86_64,unknown,3.12.3,2026-10-09T18:44:59Z
27,ML-KEM-1024,post-quantum,5,decapsulate,0.0603,0.0,0.0,0.307,1568,3168,1568,0,0,0,0,0.0,0.9041,nan,edge/x86_64,unknown,3.12.3,2026-10-09T18:44:59Z
28,ML-KEM-1024,post-quantum,5,keygen,0.0602,0.0,0.0,0.307,1568,3168,1568,0,0,0,0,0.0,0.9027,nan,edge/x86_64,unknown,3.12.3,2026-10-09T18:44:59Z
28,ML-KEM-1024,post-quantum,5,encapsulate,0.0553,0.0,0.0,0.307,1568,3168,1568,0,0,0,0,0.0,0.83,nan,edge/x86_64,unknown,3.12.3,2026-10-09T18:44:59Z
28,ML-KEM-1024,post-quantum,5,decapsulate,0.0573,0.0,0.0,0.307,1568,3168,1568,0,0,0,0,0.0,0.8595,nan,edge/x86_64,unknown,3.12.3,2026-10-09T18:44:59Z
29,ML-KEM-1024,post-quantum,5,keygen,0.054,0.0,0.0,0.307,1568,3168,1568,0,0,0,0,0.0,0.8095,nan,edge/x86_64,unknown,3.12.3,2026-10-09T18:44:59Z
29,ML-KEM-1024,post-quantum,5,encapsulate,0.0544,0.0,0.0,0.307,1568,3168,1568,0,0,0,0,0.0,0.8163,nan,edge/x86_64,unknown,3.12.3,2026-10-09T18:44:59Z
29,ML-KEM-1024,post-quantum,5,decapsulate,0.0767,0.0,0.0,0.307,1568,3168,1568,0,0,0,0,0.0,1.1501,nan,edge/x86_64,unknown,3.12.3,2026-10-09T18:44:59Z
30,ML-KEM-1024,post-quantum,5,keygen,0.0539,0.0,0.0,0.307,1568,3168,1568,0,0,0,0,0.0,0.8085,nan,edge/x86_64,unknown,3.12.3,2026-10-09T18:44:59Z
30,ML-KEM-1024,post-quantum,5,encapsulate,0.0637,0.0,0.0,0.307,1568,3168,1568,0,0,0,0,0.0,0.955,nan,edge/x86_64,unknown,3.12.3,2026-10-09T18:44:59Z
30,ML-KEM-1024,post-quantum,5,decapsulate,0.0574,0.0,0.0,0.307,1568,3168,1568,0,0,0,0,0.0,0.8604,nan,edge/x86_64,unknown,3.12.3,2026-10-09T18:44:59Z
31,ML-KEM-1024,post-quantum,5,keygen,0.0534,0.0,0.0,0.307,1568,3168,1568,0,0,0,0,0.0,0.8009,nan,edge/x86_64,unknown,3.12.3,2026-10-09T18:44:59Z
31,ML-KEM-1024,post-quantum,5,encapsulate,0.0529,0.0,0.0,0.307,1568,3168,1568,0,0,0,0,0.0,0.7938,nan,edge/x86_64,unknown,3.12.3,2026-10-09T18:44:59Z
31,ML-KEM-1024,post-quantum,5,decapsulate,0.0566,0.0,0.0,0.307,1568,3168,1568,0,0,0,0,0.0,0.8483,nan,edge/x86_64,unknown,3.12.3,2026-10-09T18:44:59Z
32,ML-KEM-1024,post-quantum,5,keygen,0.0534,0.0,0.0,0.307,1568,3168,1568,0,0,0,0,0.0,0.8011,nan,edge/x86_64,unknown,3.12.3,2026-10-09T18:44:59Z
32,ML-KEM-1024,post-quantum,5,encapsulate,0.053,0.0,0.0,0.307,1568,3168,1568,0,0,0,0,0.0,0.7944,nan,edge/x86_64,unknown,3.12.3,2026-10-09T18:44:59Z
32,ML-KEM-1024,post-quantum,5,decapsulate,0.1584,0.0,0.0,0.307,1568,3168,1568,0,0,0,0,0.0,2.3766,nan,edge/x86_64,unknown,3.12.3,2026-10-09T18:44:59Z
33,ML-KEM-1024,post-quantum,5,keygen,0.0592,0.0,0.0,0.307,1568,3168,1568,0,0,0,0,0.0,0.8876,nan,edge/x86_64,unknown,3.12.3,2026-10-09T18:44:59Z
33,ML-KEM-1024,post-quantum,5,encapsulate,0.0566,0.0,0.0,0.307,1568,3168,1568,0,0,0,0,0.0,0.8491,nan,edge/x86_64,unknown,3.12.3,2026-10-09T18:44:59Z
33,ML-KEM-1024,post-quantum,5,decapsulate,0.0598,0.0,0.0,0.307,1568,3168,1568,0,0,0,0,0.0,0.8974,nan,edge/x86_64,unknown,3.12.3,2026-10-09T18:44:59Z
34,ML-KEM-1024,post-quantum,5,keygen,0.0556,0.0,0.0,0.307,1568,3168,1568,0,0,0,0,0.0,0.8335,nan,edge/x86_64,unknown,3.12.3,2026-10-09T18:44:59Z
34,ML-KEM-1024,post-quantum,5,encapsulate,0.0558,0.0,0.0,0.307,1568,3168,1568,0,0,0,0,0.0,0.8363,nan,edge/x86_64,unknown,3.12.3,2026-10-09T18:44:59Z
34,ML-KEM-1024,post-quantum,5,decapsulate,0.0609,0.0,0.0,0.307,1568,3168,1568,0,0,0,0,0.0,0.9135,nan,edge/x86_64,unknown,3.12.3,2026-10-09T18:44:59Z
35,ML-KEM-1024,post-quantum,5,keygen,0.0566,0.0,0.0,0.307,1568,3168,1568,0,0,0,0,0.0,0.8494,nan,edge/x86_64,unknown,3.12.3,2026-10-09T18:44:59Z
35,ML-KEM-1024,post-quantum,5,encapsulate,0.0915,0.0,0.0,0.307,1568,3168,1568,0,0,0,0,0.0,1.3731,nan,edge/x86_64,unknown,3.12.3,2026-10-09T18:44:59Z
35,ML-KEM-1024,post-quantum,5,decapsulate,0.0913,0.0,0.0,0.307,1568,3168,1568,0,0,0,0,0.0,1.3689,nan,edge/x86_64,unknown,3.12.3,2026-10-09T18:44:59Z
36,ML-KEM-1024,post-quantum,5,keygen,0.0584,0.0,0.0,0.307,1568,3168,1568,0,0,0,0,0.0,0.8767,nan,edge/x86_64,unknown,3.12.3,2026-10-09T18:44:59Z
36,ML-KEM-1024,post-quantum,5,encapsulate,0.056,0.0,0.0,0.307,1568,3168,1568,0,0,0,0,0.0,0.8395,nan,edge/x86_64,unknown,3.12.3,2026-10-09T18:44:59Z
36,ML-KEM-1024,post-quantum,5,decapsulate,0.0909,0.0,0.0,0.307,1568,3168,1568,0,0,0,0,0.0,1.3635,nan,edge/x86_64,unknown,3.12.3,2026-10-09T18:44:59Z
37,ML-KEM-1024,post-quantum,5,keygen,0.0611,0.0,0.0,0.307,1568,3168,1568,0,0,0,0,0.0,0.9164,nan,edge/x86_64,unknown,3.12.3,2026-10-09T18:44:59Z
37,ML-KEM-1024,post-quantum,5,encapsulate,0.0558,0.0,0.0,0.307,1568,3168,1568,0,0,0,0,0.0,0.8364,nan,edge/x86_64,unknown,3.12.3,2026-10-09T18:44:59Z
37,ML-KEM-1024,post-quantum,5,decapsulate,0.0587,0.0,0.0,0.307,1568,3168,1568,0,0,0,0,0.0,0.8806,nan,edge/x86_64,unknown,3.12.3,2026-10-09T18:44:59Z
38,ML-KEM-1024,post-quantum,5,keygen,0.0776,0.0,0.0,0.307,1568,3168,1568,0,0,0,0,0.0,1.1633,nan,edge/x86_64,unknown,3.12.3,2026-10-09T18:44:59Z
38,ML-KEM-1024,post-quantum,5,encapsulate,0.055,0.0,0.0,0.307,1568,3168,1568,0,0,0,0,0.0,0.8248,nan,edge/x86_64,unknown,3.12.3,2026-10-09T18:44:59Z
38,ML-KEM-1024,post-quantum,5,decapsulate,0.0588,0.0,0.0,0.307,1568,3168,1568,0,0,0,0,0.0,0.8813,nan,edge/x86_64,unknown,3.12.3,2026-10-09T18:44:59Z
39,ML-KEM-1024,post-quantum,5,keygen,0.1101,0.0,0.0,0.307,1568,3168,1568,0,0,0,0,0.0,1.6508,nan,edge/x86_64,unknown,3.12.3,2026-10-09T18:44:59Z
39,ML-KEM-1024,post-quantum,5,encapsulate,0.0571,0.0,0.0,0.307,1568,3168,1568,0,0,0,0,0.0,0.8563,nan,edge/x86_64,unknown,3.12.3,2026-10-09T18:44:59Z
39,ML-KEM-1024,post-quantum,5,decapsulate,0.0577,0.0,0.0,0.307,1568,3168,1568,0,0,0,0,0.0,0.8661,nan,edge/x86_64,unknown,3.12.3,2026-10-09T18:44:59Z
40,ML-KEM-1024,post-quantum,5,keygen,0.055,0.0,0.0,0.307,1568,3168,1568,0,0,0,0,0.0,0.825,nan,edge/x86_64,unknown,3.12.3,2026-10-09T18:44:59Z
40,ML-KEM-1024,post-quantum,5,encapsulate,0.0528,0.0,0.0,0.307,1568,3168,1568,0,0,0,0,0.0,0.7917,nan,edge/x86_64,unknown,3.12.3,2026-10-09T18:44:59Z
40,ML-KEM-1024,post-quantum,5,decapsulate,0.0605,0.0,0.0,0.307,1568,3168,1568,0,0,0,0,0.0,0.9074,nan,edge/x86_64,unknown,3.12.3,2026-10-09T18:44:59Z
41,ML-KEM-1024,post-quantum,5,keygen,0.1867,0.0,0.0,0.307,1568,3168,1568,0,0,0,0,0.0,2.8007,nan,edge/x86_64,unknown,3.12.3,2026-10-09T18:44:59Z
41,ML-KEM-1024,post-quantum,5,encapsulate,0.0625,0.0,0.0,0.307,1568,3168,1568,0,0,0,0,0.0,0.9373,nan,edge/x86_64,unknown,3.12.3,2026-10-09T18:44:59Z
41,ML-KEM-1024,post-quantum,5,decapsulate,0.0583,0.0,0.0,0.307,1568,3168,1568,0,0,0,0,0.0,0.8746,nan,edge/x86_64,unknown,3.12.3,2026-10-09T18:44:59Z
42,ML-KEM-1024,post-quantum,5,keygen,0.0552,0.0,0.0,0.307,1568,3168,1568,0,0,0,0,0.0,0.8281,nan,edge/x86_64,unknown,3.12.3,2026-10-09T18:44:59Z
42,ML-KEM-1024,post-quantum,5,encapsulate,0.0579,0.0,0.0,0.307,1568,3168,1568,0,0,0,0,0.0,0.8686,nan,edge/x86_64,unknown,3.12.3,2026-10-09T18:44:59Z
42,ML-KEM-1024,post-quantum,5,decapsulate,0.0576,0.0,0.0,0.307,1568,3168,1568,0,0,0,0,0.0,0.8639,nan,edge/x86_64,unknown,3.12.3,2026-10-09T18:44:59Z
43,ML-KEM-1024,post-quantum,5,keygen,0.0568,0.0,0.0,0.307,1568,3168,1568,0,0,0,0,0.0,0.8525,nan,edge/x86_64,unknown,3.12.3,2026-10-09T18:44:59Z
43,ML-KEM-1024,post-quantum,5,encapsulate,0.0914,0.0,0.0,0.307,1568,3168,1568,0,0,0,0,0.0,1.3707,nan,edge/x86_64,unknown,3.12.3,2026-10-09T18:44:59Z
43,ML-KEM-1024,post-quantum,5,decapsulate,0.0628,0.0,0.0,0.307,1568,3168,1568,0,0,0,0,0.0,0.9415,nan,edge/x86_64,unknown,3.12.3,2026-10-09T18:44:59Z
44,ML-KEM-1024,post-quantum,5,keygen,0.0564,0.0,0.0,0.307,1568,3168,1568,0,0,0,0,0.0,0.8464,nan,edge/x86_64,unknown,3.12.3,2026-10-09T18:44:59Z
44,ML-KEM-1024,post-quantum,5,encapsulate,0.0533,0.0,0.0,0.307,1568,3168,1568,0,0,0,0,0.0,0.7995,nan,edge/x86_64,unknown,3.12.3,2026-10-09T18:44:59Z
44,ML-KEM-1024,post-quantum,5,decapsulate,0.0594,0.0,0.0,0.307,1568,3168,1568,0,0,0,0,0.0,0.8907,nan,edge/x86_64,unknown,3.12.3,2026-10-09T18:44:59Z
45,ML-KEM-1024,post-quantum,5,keygen,0.0811,0.0,0.0,0.307,1568,3168,1568,0,0,0,0,0.0,1.2172,nan,edge/x86_64,unknown,3.12.3,2026-10-09T18:44:59Z
45,ML-KEM-1024,post-quantum,5,encapsulate,0.0627,0.0,0.0,0.307,1568,3168,1568,0,0,0,0,0.0,0.9411,nan,edge/x86_64,unknown,3.12.3,2026-10-09T18:44:59Z
45,ML-KEM-1024,post-quantum,5,decapsulate,0.0569,0.0,0.0,0.307,1568,3168,1568,0,0,0,0,0.0,0.8536,nan,edge/x86_64,unknown,3.12.3,2026-10-09T18:44:59Z
46,ML-KEM-1024,post-quantum,5,keygen,0.0558,0.0,0.0,0.307,1568,3168,1568,0,0,0,0,0.0,0.8367,nan,edge/x86_64,unknown,3.12.3,2026-10-09T18:44:59Z
46,ML-KEM-1024,post-quantum,5,encapsulate,0.0549,0.0,0.0,0.307,1568,3168,1568,0,0,0,0,0.0,0.8236,nan,edge/x86_64,unknown,3.12.3,2026-10-09T18:44:59Z
46,ML-KEM-1024,post-quantum,5,decapsulate,0.0571,0.0,0.0,0.307,1568,3168,1568,0,0,0,0,0.0,0.8568,nan,edge/x86_64,unknown,3.12.3,2026-10-09T18:44:59Z
47,ML-KEM-1024,post-quantum,5,keygen,0.0532,0.0,0.0,0.307,1568,3168,1568,0,0,0,0,0.0,0.7977,nan,edge/x86_64,unknown,3.12.3,2026-10-09T18:44:59Z
47,ML-KEM-1024,post-quantum,5,encapsulate,0.0738,0.0,0.0,0.307,1568,3168,1568,0,0,0,0,0.0,1.1073,nan,edge/x86_64,unknown,3.12.3,2026-10-09T18:44:59Z
47,ML-KEM-1024,post-quantum,5,decapsulate,0.057,0.0,0.0,0.307,1568,3168,1568,0,0,0,0,0.0,0.8549,nan,edge/x86_64,unknown,3.12.3,2026-10-09T18:44:59Z
48,ML-KEM-1024,post-quantum,5,keygen,0.0531,0.0,0.0,0.307,1568,3168,1568,0,0,0,0,0.0,0.796,nan,edge/x86_64,unknown,3.12.3,2026-10-09T18:44:59Z
48,ML-KEM-1024,post-quantum,5,encapsulate,0.0728,0.0,0.0,0.307,1568,3168,1568,0,0,0,0,0.0,1.0926,nan,edge/x86_64,unknown,3.12.3,2026-10-09T18:44:59Z
48,ML-KEM-1024,post-quantum,5,decapsulate,0.1171,0.0,0.0,0.307,1568,3168,1568,0,0,0,0,0.0,1.756,nan,edge/x86_64,unknown,3.12.3,2026-10-09T18:44:59Z
49,ML-KEM-1024,post-quantum,5,keygen,0.0558,0.0,0.0,0.307,1568,3168,1568,0,0,0,0,0.0,0.8363,nan,edge/x86_64,unknown,3.12.3,2026-10-09T18:44:59Z
49,ML-KEM-1024,post-quantum,5,encapsulate,0.055,0.0,0.0,0.307,1568,3168,1568,0,0,0,0,0.0,0.8251,nan,edge/x86_64,unknown,3.12.3,2026-10-09T18:44:59Z
49,ML-KEM-1024,post-quantum,5,decapsulate,0.0588,0.0,0.0,0.307,1568,3168,1568,0,0,0,0,0.0,0.8821,nan,edge/x86_64,unknown,3.12.3,2026-10-09T18:44:59Z
50,ML-KEM-1024,post-quantum,5,keygen,0.0572,0.0,0.0,0.307,1568,3168,1568,0,0,0,0,0.0,0.858,nan,edge/x86_64,unknown,3.12.3,2026-10-09T18:44:59Z
50,ML-KEM-1024,post-quantum,5,encapsulate,0.0539,0.0,0.0,0.307,1568,3168,1568,0,0,0,0,0.0,0.8081,nan,edge/x86_64,unknown,3.12.3,2026-10-09T18:44:59Z
50,ML-KEM-1024,post-quantum,5,decapsulate,0.0631,0.0,0.0,0.307,1568,3168,1568,0,0,0,0,0.0,0.947,nan,edge/x86_64,unknown,3.12.3,2026-10-09T18:44:59Z
51,ML-KEM-1024,post-quantum,5,keygen,0.0564,0.0,0.0,0.307,1568,3168,1568,0,0,0,0,0.0,0.8459,nan,edge/x86_64,unknown,3.12.3,2026-10-09T18:44:59Z
51,ML-KEM-1024,post-quantum,5,encapsulate,0.0585,0.0,0.0,0.307,1568,3168,1568,0,0,0,0,0.0,0.8777,nan,edge/x86_64,unknown,3.12.3,2026-10-09T18:44:59Z
51,ML-KEM-1024,post-quantum,5,decapsulate,0.0622,0.0,0.0,0.307,1568,3168,1568,0,0,0,0,0.0,0.9324,nan,edge/x86_64,unknown,3.12.3,2026-10-09T18:44:59Z
52,ML-KEM-1024,post-quantum,5,keygen,0.0557,0.0,0.0,0.307,1568,3168,1568,0,0,0,0,0.0,0.8349,nan,edge/x86_64,unknown,3.12.3,2026-10-09T18:44:59Z
52,ML-KEM-1024,post-quantum,5,encapsulate,0.0548,0.0,0.0,0.307,1568,3168,1568,0,0,0,0,0.0,0.8221,nan,edge/x86_64,unknown,3.12.3,2026-10-09T18:44:59Z
52,ML-KEM-1024,post-quantum,5,decapsulate,0.0908,0.0,0.0,0.307,1568,3168,1568,0,0,0,0,0.0,1.3617,nan,edge/x86_64,unknown,3.12.3,2026-10-09T18:44:59Z
53,ML-KEM-1024,post-quantum,5,keygen,0.0573,0.0,0.0,0.307,1568,3168,1568,0,0,0,0,0.0,0.8594,nan,edge/x86_64,unknown,3.12.3,2026-10-09T18:44:59Z
53,ML-KEM-1024,post-quantum,5,encapsulate,0.0526,0.0,0.0,0.307,1568,3168,1568,0,0,0,0,0.0,0.7896,nan,edge/x86_64,unknown,3.12.3,2026-10-09T18:44:59Z
53,ML-KEM-1024,post-quantum,5,decapsulate,0.056,0.0,0.0,0.307,1568,3168,1568,0,0,0,0,0.0,0.8407,nan,edge/x86_64,unknown,3.12.3,2026-10-09T18:44:59Z
54,ML-KEM-1024,post-quantum,5,keygen,0.0536,0.0,0.0,0.307,1568,3168,1568,0,0,0,0,0.0,0.8045,nan,edge/x86_64,unknown,3.12.3,2026-10-09T18:44:59Z
54,ML-KEM-1024,post-quantum,5,encapsulate,0.0538,0.0,0.0,0.307,1568,3168,1568,0,0,0,0,0.0,0.8064,nan,edge/x86_64,unknown,3.12.3,2026-10-09T18:44:59Z
54,ML-KEM-1024,post-quantum,5,decapsulate,0.0565,0.0,0.0,0.307,1568,3168,1568,0,0,0,0,0.0,0.8481,nan,edge/x86_64,unknown,3.12.3,2026-10-09T18:44:59Z
55,ML-KEM-1024,post-quantum,5,keygen,0.0536,0.0,0.0,0.307,1568,3168,1568,0,0,0,0,0.0,0.8046,nan,edge/x86_64,unknown,3.12.3,2026-10-09T18:44:59Z
55,ML-KEM-1024,post-quantum,5,encapsulate,0.0531,0.0,0.0,0.307,1568,3168,1568,0,0,0,0,0.0,0.7966,nan,edge/x86_64,unknown,3.12.3,2026-10-09T18:44:59Z
55,ML-KEM-1024,post-quantum,5,decapsulate,0.0566,0.0,0.0,0.307,1568,3168,1568,0,0,0,0,0.0,0.8486,nan,edge/x86_64,unknown,3.12.3,2026-10-09T18:44:59Z
56,ML-KEM-1024,post-quantum,5,keygen,0.0565,0.0,0.0,0.307,1568,3168,1568,0,0,0,0,0.0,0.8479,nan,edge/x86_64,unknown,3.12.3,2026-10-09T18:44:59Z
56,ML-KEM-1024,post-quantum,5,encapsulate,0.0543,0.0,0.0,0.307,1568,3168,1568,0,0,0,0,0.0,0.8141,nan,edge/x86_64,unknown,3.12.3,2026-10-09T18:44:59Z
56,ML-KEM-1024,post-quantum,5,decapsulate,0.1262,0.0,0.0,0.307,1568,3168,1568,0,0,0,0,0.0,1.8928,nan,edge/x86_64,unknown,3.12.3,2026-10-09T18:44:59Z
57,ML-KEM-1024,post-quantum,5,keygen,0.0836,0.0,0.0,0.307,1568,3168,1568,0,0,0,0,0.0,1.2543,nan,edge/x86_64,unknown,3.12.3,2026-10-09T18:44:59Z
57,ML-KEM-1024,post-quantum,5,encapsulate,0.083,0.0,0.0,0.307,1568,3168,1568,0,0,0,0,0.0,1.2445,nan,edge/x86_64,unknown,3.12.3,2026-10-09T18:44:59Z
57,ML-KEM-1024,post-quantum,5,decapsulate,0.0773,0.0,0.0,0.307,1568,3168,1568,0,0,0,0,0.0,1.16,nan,edge/x86_64,unknown,3.12.3,2026-10-09T18:44:59Z
58,ML-KEM-1024,post-quantum,5,keygen,0.0738,0.0,0.0,0.307,1568,3168,1568,0,0,0,0,0.0,1.1063,nan,edge/x86_64,unknown,3.12.3,2026-10-09T18:44:59Z
58,ML-KEM-1024,post-quantum,5,encapsulate,0.0657,0.0,0.0,0.307,1568,3168,1568,0,0,0,0,0.0,0.9848,nan,edge/x86_64,unknown,3.12.3,2026-10-09T18:44:59Z
58,ML-KEM-1024,post-quantum,5,decapsulate,0.0602,0.0,0.0,0.307,1568,3168,1568,0,0,0,0,0.0,0.9027,nan,edge/x86_64,unknown,3.12.3,2026-10-09T18:44:59Z
59,ML-KEM-1024,post-quantum,5,keygen,0.0565,0.0,0.0,0.307,1568,3168,1568,0,0,0,0,0.0,0.8476,nan,edge/x86_64,unknown,3.12.3,2026-10-09T18:44:59Z
59,ML-KEM-1024,post-quantum,5,encapsulate,0.0582,0.0,0.0,0.307,1568,3168,1568,0,0,0,0,0.0,0.8732,nan,edge/x86_64,unknown,3.12.3,2026-10-09T18:44:59Z
59,ML-KEM-1024,post-quantum,5,decapsulate,0.0588,0.0,0.0,0.307,1568,3168,1568,0,0,0,0,0.0,0.8818,nan,edge/x86_64,unknown,3.12.3,2026-10-09T18:44:59Z
60,ML-KEM-1024,post-quantum,5,keygen,0.0619,0.0,0.0,0.307,1568,3168,1568,0,0,0,0,0.0,0.9289,nan,edge/x86_64,unknown,3.12.3,2026-10-09T18:44:59Z
60,ML-KEM-1024,post-quantum,5,encapsulate,0.0647,0.0,0.0,0.307,1568,3168,1568,0,0,0,0,0.0,0.97,nan,edge/x86_64,unknown,3.12.3,2026-10-09T18:44:59Z
60,ML-KEM-1024,post-quantum,5,decapsulate,0.0682,0.0,0.0,0.307,1568,3168,1568,0,0,0,0,0.0,1.0223,nan,edge/x86_64,unknown,3.12.3,2026-10-09T18:44:59Z
61,ML-KEM-1024,post-quantum,5,keygen,0.0686,0.0,0.0,0.307,1568,3168,1568,0,0,0,0,0.0,1.0291,nan,edge/x86_64,unknown,3.12.3,2026-10-09T18:44:59Z
61,ML-KEM-1024,post-quantum,5,encapsulate,0.0551,0.0,0.0,0.307,1568,3168,1568,0,0,0,0,0.0,0.8265,nan,edge/x86_64,unknown,3.12.3,2026-10-09T18:44:59Z
61,ML-KEM-1024,post-quantum,5,decapsulate,0.0556,0.0,0.0,0.307,1568,3168,1568,0,0,0,0,0.0,0.8345,nan,edge/x86_64,unknown,3.12.3,2026-10-09T18:44:59Z
62,ML-KEM-1024,post-quantum,5,keygen,0.0561,0.0,0.0,0.307,1568,3168,1568,0,0,0,0,0.0,0.8421,nan,edge/x86_64,unknown,3.12.3,2026-10-09T18:44:59Z
62,ML-KEM-1024,post-quantum,5,encapsulate,0.0581,0.0,0.0,0.307,1568,3168,1568,0,0,0,0,0.0,0.8708,nan,edge/x86_64,unknown,3.12.3,2026-10-09T18:44:59Z
62,ML-KEM-1024,post-quantum,5,decapsulate,0.0836,0.0,0.0,0.307,1568,3168,1568,0,0,0,0,0.0,1.2536,nan,edge/x86_64,unknown,3.12.3,2026-10-09T18:44:59Z
63,ML-KEM-1024,post-quantum,5,keygen,0.0556,0.0,0.0,0.307,1568,3168,1568,0,0,0,0,0.0,0.8338,nan,edge/x86_64,unknown,3.12.3,2026-10-09T18:44:59Z
63,ML-KEM-1024,post-quantum,5,encapsulate,0.0573,0.0,0.0,0.307,1568,3168,1568,0,0,0,0,0.0,0.86,nan,edge/x86_64,unknown,3.12.3,2026-10-09T18:44:59Z
63,ML-KEM-1024,post-quantum,5,decapsulate,0.0573,0.0,0.0,0.307,1568,3168,1568,0,0,0,0,0.0,0.86,nan,edge/x86_64,unknown,3.12.3,2026-10-09T18:44:59Z
64,ML-KEM-1024,post-quantum,5,keygen,0.0538,0.0,0.0,0.307,1568,3168,1568,0,0,0,0,0.0,0.8067,nan,edge/x86_64,unknown,3.12.3,2026-10-09T18:44:59Z
64,ML-KEM-1024,post-quantum,5,encapsulate,0.0545,0.0,0.0,0.307,1568,3168,1568,0,0,0,0,0.0,0.818,nan,edge/x86_64,unknown,3.12.3,2026-10-09T18:44:59Z
64,ML-KEM-1024,post-quantum,5,decapsulate,0.0563,0.0,0.0,0.307,1568,3168,1568,0,0,0,0,0.0,0.8449,nan,edge/x86_64,unknown,3.12.3,2026-10-09T18:44:59Z
65,ML-KEM-1024,post-quantum,5,keygen,0.0559,0.0,0.0,0.307,1568,3168,1568,0,0,0,0,0.0,0.8384,nan,edge/x86_64,unknown,3.12.3,2026-10-09T18:44:59Z
65,ML-KEM-1024,post-quantum,5,encapsulate,0.0549,0.0,0.0,0.307,1568,3168,1568,0,0,0,0,0.0,0.8238,nan,edge/x86_64,unknown,3.12.3,2026-10-09T18:44:59Z
65,ML-KEM-1024,post-quantum,5,decapsulate,0.0594,0.0,0.0,0.307,1568,3168,1568,0,0,0,0,0.0,0.8914,nan,edge/x86_64,unknown,3.12.3,2026-10-09T18:44:59Z
66,ML-KEM-1024,post-quantum,5,keygen,0.0589,0.0,0.0,0.307,1568,3168,1568,0,0,0,0,0.0,0.8831,nan,edge/x86_64,unknown,3.12.3,2026-10-09T18:44:59Z
66,ML-KEM-1024,post-quantum,5,encapsulate,0.0575,0.0,0.0,0.307,1568,3168,1568,0,0,0,0,0.0,0.8631,nan,edge/x86_64,unknown,3.12.3,2026-10-09T18:44:59Z
66,ML-KEM-1024,post-quantum,5,decapsulate,0.101,0.0,0.0,0.307,1568,3168,1568,0,0,0,0,0.0,1.5157,nan,edge/x86_64,unknown,3.12.3,2026-10-09T18:44:59Z
67,ML-KEM-1024,post-quantum,5,keygen,0.0623,0.0,0.0,0.307,1568,3168,1568,0,0,0,0,0.0,0.934,nan,edge/x86_64,unknown,3.12.3,2026-10-09T18:44:59Z
67,ML-KEM-1024,post-quantum,5,encapsulate,0.0566,0.0,0.0,0.307,1568,3168,1568,0,0,0,0,0.0,0.8494,nan,edge/x86_64,unknown,3.12.3,2026-10-09T18:44:59Z
67,ML-KEM-1024,post-quantum,5,decapsulate,0.0781,0.0,0.0,0.307,1568,3168,1568,0,0,0,0,0.0,1.1719,nan,edge/x86_64,unknown,3.12.3,2026-10-09T18:44:59Z
68,ML-KEM-1024,post-quantum,5,keygen,0.0541,0.0,0.0,0.307,1568,3168,1568,0,0,0,0,0.0,0.8118,nan,edge/x86_64,unknown,3.12.3,2026-10-09T18:44:59Z
68,ML-KEM-1024,post-quantum,5,encapsulate,0.0535,0.0,0.0,0.307,1568,3168,1568,0,0,0,0,0.0,0.8022,nan,edge/x86_64,unknown,3.12.3,2026-10-09T18:44:59Z
68,ML-KEM-1024,post-quantum,5,decapsulate,0.1754,0.0,0.0,0.307,1568,3168,1568,0,0,0,0,0.0,2.6304,nan,edge/x86_64,unknown,3.12.3,2026-10-09T18:44:59Z
69,ML-KEM-1024,post-quantum,5,keygen,0.0647,0.0,0.0,0.307,1568,3168,1568,0,0,0,0,0.0,0.971,nan,edge/x86_64,unknown,3.12.3,2026-10-09T18:44:59Z
69,ML-KEM-1024,post-quantum,5,encapsulate,0.0559,0.0,0.0,0.307,1568,3168,1568,0,0,0,0,0.0,0.8391,nan,edge/x86_64,unknown,3.12.3,2026-10-09T18:44:59Z
69,ML-KEM-1024,post-quantum,5,decapsulate,0.0604,0.0,0.0,0.307,1568,3168,1568,0,0,0,0,0.0,0.9056,nan,edge/x86_64,unknown,3.12.3,2026-10-09T18:44:59Z
70,ML-KEM-1024,post-quantum,5,keygen,0.0542,0.0,0.0,0.307,1568,3168,1568,0,0,0,0,0.0,0.8126,nan,edge/x86_64,unknown,3.12.3,2026-10-09T18:44:59Z
70,ML-KEM-1024,post-quantum,5,encapsulate,0.0545,0.0,0.0,0.307,1568,3168,1568,0,0,0,0,0.0,0.8182,nan,edge/x86_64,unknown,3.12.3,2026-10-09T18:44:59Z
70,ML-KEM-1024,post-quantum,5,decapsulate,0.0639,0.0,0.0,0.307,1568,3168,1568,0,0,0,0,0.0,0.9587,nan,edge/x86_64,unknown,3.12.3,2026-10-09T18:44:59Z
71,ML-KEM-1024,post-quantum,5,keygen,0.0536,0.0,0.0,0.307,1568,3168,1568,0,0,0,0,0.0,0.8033,nan,edge/x86_64,unknown,3.12.3,2026-10-09T18:44:59Z
71,ML-KEM-1024,post-quantum,5,encapsulate,0.061,0.0,0.0,0.307,1568,3168,1568,0,0,0,0,0.0,0.9146,nan,edge/x86_64,unknown,3.12.3,2026-10-09T18:44:59Z
71,ML-KEM-1024,post-quantum,5,decapsulate,0.1312,0.0,0.0,0.307,1568,3168,1568,0,0,0,0,0.0,1.9687,nan,edge/x86_64,unknown,3.12.3,2026-10-09T18:44:59Z
72,ML-KEM-1024,post-quantum,5,keygen,0.0915,0.0,0.0,0.307,1568,3168,1568,0,0,0,0,0.0,1.3731,nan,edge/x86_64,unknown,3.12.3,2026-10-09T18:44:59Z
72,ML-KEM-1024,post-quantum,5,encapsulate,0.0576,0.0,0.0,0.307,1568,3168,1568,0,0,0,0,0.0,0.8641,nan,edge/x86_64,unknown,3.12.3,2026-10-09T18:44:59Z
72,ML-KEM-1024,post-quantum,5,decapsulate,0.0586,0.0,0.0,0.307,1568,3168,1568,0,0,0,0,0.0,0.8784,nan,edge/x86_64,unknown,3.12.3,2026-10-09T18:44:59Z
73,ML-KEM-1024,post-quantum,5,keygen,0.0546,0.0,0.0,0.307,1568,3168,1568,0,0,0,0,0.0,0.8197,nan,edge/x86_64,unknown,3.12.3,2026-10-09T18:44:59Z
73,ML-KEM-1024,post-quantum,5,encapsulate,0.099,0.0,0.0,0.307,1568,3168,1568,0,0,0,0,0.0,1.4853,nan,edge/x86_64,unknown,3.12.3,2026-10-09T18:44:59Z
73,ML-KEM-1024,post-quantum,5,decapsulate,0.0583,0.0,0.0,0.307,1568,3168,1568,0,0,0,0,0.0,0.8748,nan,edge/x86_64,unknown,3.12.3,2026-10-09T18:44:59Z
74,ML-KEM-1024,post-quantum,5,keygen,0.053,0.0,0.0,0.307,1568,3168,1568,0,0,0,0,0.0,0.7948,nan,edge/x86_64,unknown,3.12.3,2026-10-09T18:44:59Z
74,ML-KEM-1024,post-quantum,5,encapsulate,0.0579,0.0,0.0,0.307,1568,3168,1568,0,0,0,0,0.0,0.8679,nan,edge/x86_64,unknown,3.12.3,2026-10-09T18:44:59Z
74,ML-KEM-1024,post-quantum,5,decapsulate,0.0631,0.0,0.0,0.307,1568,3168,1568,0,0,0,0,0.0,0.9469,nan,edge/x86_64,unknown,3.12.3,2026-10-09T18:44:59Z
75,ML-KEM-1024,post-quantum,5,keygen,0.0576,0.0,0.0,0.307,1568,3168,1568,0,0,0,0,0.0,0.8643,nan,edge/x86_64,unknown,3.12.3,2026-10-09T18:44:59Z
75,ML-KEM-1024,post-quantum,5,encapsulate,0.0588,0.0,0.0,0.307,1568,3168,1568,0,0,0,0,0.0,0.8822,nan,edge/x86_64,unknown,3.12.3,2026-10-09T18:44:59Z
75,ML-KEM-1024,post-quantum,5,decapsulate,0.058,0.0,0.0,0.307,1568,3168,1568,0,0,0,0,0.0,0.8693,nan,edge/x86_64,unknown,3.12.3,2026-10-09T18:44:59Z
76,ML-KEM-1024,post-quantum,5,keygen,0.0561,0.0,0.0,0.307,1568,3168,1568,0,0,0,0,0.0,0.8409,nan,edge/x86_64,unknown,3.12.3,2026-10-09T18:44:59Z
76,ML-KEM-1024,post-quantum,5,encapsulate,0.0727,0.0,0.0,0.307,1568,3168,1568,0,0,0,0,0.0,1.0902,nan,edge/x86_64,unknown,3.12.3,2026-10-09T18:44:59Z
76,ML-KEM-1024,post-quantum,5,decapsulate,0.06,0.0,0.0,0.307,1568,3168,1568,0,0,0,0,0.0,0.9006,nan,edge/x86_64,unknown,3.12.3,2026-10-09T18:44:59Z
77,ML-KEM-1024,post-quantum,5,keygen,0.0549,0.0,0.0,0.307,1568,3168,1568,0,0,0,0,0.0,0.8241,nan,edge/x86_64,unknown,3.12.3,2026-10-09T18:44:59Z
77,ML-KEM-1024,post-quantum,5,encapsulate,0.0878,0.0,0.0,0.307,1568,3168,1568,0,0,0,0,0.0,1.3169,nan,edge/x86_64,unknown,3.12.3,2026-10-09T18:44:59Z
77,ML-KEM-1024,post-quantum,5,decapsulate,0.0604,0.0,0.0,0.307,1568,3168,1568,0,0,0,0,0.0,0.9055,nan,edge/x86_64,unknown,3.12.3,2026-10-09T18:44:59Z
78,ML-KEM-1024,post-quantum,5,keygen,0.0548,0.0,0.0,0.307,1568,3168,1568,0,0,0,0,0.0,0.822,nan,edge/x86_64,unknown,3.12.3,2026-10-09T18:44:59Z
78,ML-KEM-1024,post-quantum,5,encapsulate,0.0553,0.0,0.0,0.307,1568,3168,1568,0,0,0,0,0.0,0.8302,nan,edge/x86_64,unknown,3.12.3,2026-10-09T18:44:59Z
78,ML-KEM-1024,post-quantum,5,decapsulate,0.0809,0.0,0.0,0.307,1568,3168,1568,0,0,0,0,0.0,1.2128,nan,edge/x86_64,unknown,3.12.3,2026-10-09T18:44:59Z
79,ML-KEM-1024,post-quantum,5,keygen,0.0534,0.0,0.0,0.307,1568,3168,1568,0,0,0,0,0.0,0.8009,nan,edge/x86_64,unknown,3.12.3,2026-10-09T18:44:59Z
79,ML-KEM-1024,post-quantum,5,encapsulate,0.0536,0.0,0.0,0.307,1568,3168,1568,0,0,0,0,0.0,0.8037,nan,edge/x86_64,unknown,3.12.3,2026-10-09T18:44:59Z
79,ML-KEM-1024,post-quantum,5,decapsulate,0.0562,0.0,0.0,0.307,1568,3168,1568,0,0,0,0,0.0,0.8437,nan,edge/x86_64,unknown,3.12.3,2026-10-09T18:44:59Z
80,ML-KEM-1024,post-quantum,5,keygen,0.0541,0.0,0.0,0.307,1568,3168,1568,0,0,0,0,0.0,0.8121,nan,edge/x86_64,unknown,3.12.3,2026-10-09T18:44:59Z
80,ML-KEM-1024,post-quantum,5,encapsulate,0.0543,0.0,0.0,0.307,1568,3168,1568,0,0,0,0,0.0,0.8151,nan,edge/x86_64,unknown,3.12.3,2026-10-09T18:44:59Z
80,ML-KEM-1024,post-quantum,5,decapsulate,0.0562,0.0,0.0,0.307,1568,3168,1568,0,0,0,0,0.0,0.8424,nan,edge/x86_64,unknown,3.12.3,2026-10-09T18:44:59Z
81,ML-KEM-1024,post-quantum,5,keygen,0.0532,0.0,0.0,0.307,1568,3168,1568,0,0,0,0,0.0,0.7977,nan,edge/x86_64,unknown,3.12.3,2026-10-09T18:44:59Z
81,ML-KEM-1024,post-quantum,5,encapsulate,0.0584,0.0,0.0,0.307,1568,3168,1568,0,0,0,0,0.0,0.8759,nan,edge/x86_64,unknown,3.12.3,2026-10-09T18:44:59Z
81,ML-KEM-1024,post-quantum,5,decapsulate,0.0553,0.0,0.0,0.307,1568,3168,1568,0,0,0,0,0.0,0.8295,nan,edge/x86_64,unknown,3.12.3,2026-10-09T18:44:59Z
82,ML-KEM-1024,post-quantum,5,keygen,0.0635,0.0,0.0,0.307,1568,3168,1568,0,0,0,0,0.0,0.9519,nan,edge/x86_64,unknown,3.12.3,2026-10-09T18:44:59Z
82,ML-KEM-1024,post-quantum,5,encapsulate,0.1354,0.0,0.0,0.307,1568,3168,1568,0,0,0,0,0.0,2.0315,nan,edge/x86_64,unknown,3.12.3,2026-10-09T18:44:59Z
82,ML-KEM-1024,post-quantum,5,decapsulate,0.1143,0.0,0.0,0.307,1568,3168,1568,0,0,0,0,0.0,1.714,nan,edge/x86_64,unknown,3.12.3,2026-10-09T18:44:59Z
83,ML-KEM-1024,post-quantum,5,keygen,0.0818,0.0,0.0,0.307,1568,3168,1568,0,0,0,0,0.0,1.2275,nan,edge/x86_64,unknown,3.12.3,2026-10-09T18:44:59Z
83,ML-KEM-1024,post-quantum,5,encapsulate,0.1075,0.0,0.0,0.307,1568,3168,1568,0,0,0,0,0.0,1.613,nan,edge/x86_64,unknown,3.12.3,2026-10-09T18:44:59Z
83,ML-KEM-1024,post-quantum,5,decapsulate,0.0628,0.0,0.0,0.307,1568,3168,1568,0,0,0,0,0.0,0.9421,nan,edge/x86_64,unknown,3.12.3,2026-10-09T18:44:59Z
84,ML-KEM-1024,post-quantum,5,keygen,0.0545,0.0,0.0,0.307,1568,3168,1568,0,0,0,0,0.0,0.8181,nan,edge/x86_64,unknown,3.12.3,2026-10-09T18:44:59Z
84,ML-KEM-1024,post-quantum,5,encapsulate,0.0557,0.0,0.0,0.307,1568,3168,1568,0,0,0,0,0.0,0.835,nan,edge/x86_64,unknown,3.12.3,2026-10-09T18:44:59Z
84,ML-KEM-1024,post-quantum,5,decapsulate,0.0579,0.0,0.0,0.307,1568,3168,1568,0,0,0,0,0.0,0.8683,nan,edge/x86_64,unknown,3.12.3,2026-10-09T18:44:59Z
85,ML-KEM-1024,post-quantum,5,keygen,0.0544,0.0,0.0,0.307,1568,3168,1568,0,0,0,0,0.0,0.8166,nan,edge/x86_64,unknown,3.12.3,2026-10-09T18:44:59Z
85,ML-KEM-1024,post-quantum,5,encapsulate,0.053,0.0,0.0,0.307,1568,3168,1568,0,0,0,0,0.0,0.7954,nan,edge/x86_64,unknown,3.12.3,2026-10-09T18:44:59Z
85,ML-KEM-1024,post-quantum,5,decapsulate,0.0556,0.0,0.0,0.307,1568,3168,1568,0,0,0,0,0.0,0.8336,nan,edge/x86_64,unknown,3.12.3,2026-10-09T18:44:59Z
86,ML-KEM-1024,post-quantum,5,keygen,0.0518,0.0,0.0,0.307,1568,3168,1568,0,0,0,0,0.0,0.7764,nan,edge/x86_64,unknown,3.12.3,2026-10-09T18:44:59Z
86,ML-KEM-1024,post-quantum,5,encapsulate,0.0741,0.0,0.0,0.307,1568,3168,1568,0,0,0,0,0.0,1.1117,nan,edge/x86_64,unknown,3.12.3,2026-10-09T18:44:59Z
86,ML-KEM-1024,post-quantum,5,decapsulate,0.0591,0.0,0.0,0.307,1568,3168,1568,0,0,0,0,0.0,0.8861,nan,edge/x86_64,unknown,3.12.3,2026-10-09T18:44:59Z
87,ML-KEM-1024,post-quantum,5,keygen,0.0539,0.0,0.0,0.307,1568,3168,1568,0,0,0,0,0.0,0.8082,nan,edge/x86_64,unknown,3.12.3,2026-10-09T18:44:59Z
87,ML-KEM-1024,post-quantum,5,encapsulate,0.0555,0.0,0.0,0.307,1568,3168,1568,0,0,0,0,0.0,0.8322,nan,edge/x86_64,unknown,3.12.3,2026-10-09T18:44:59Z
87,ML-KEM-1024,post-quantum,5,decapsulate,0.0946,0.0,0.0,0.307,1568,3168,1568,0,0,0,0,0.0,1.4189,nan,edge/x86_64,unknown,3.12.3,2026-10-09T18:44:59Z
88,ML-KEM-1024,post-quantum,5,keygen,0.056,0.0,0.0,0.307,1568,3168,1568,0,0,0,0,0.0,0.8402,nan,edge/x86_64,unknown,3.12.3,2026-10-09T18:44:59Z
88,ML-KEM-1024,post-quantum,5,encapsulate,0.0557,0.0,0.0,0.307,1568,3168,1568,0,0,0,0,0.0,0.8351,nan,edge/x86_64,unknown,3.12.3,2026-10-09T18:44:59Z
88,ML-KEM-1024,post-quantum,5,decapsulate,0.0567,0.0,0.0,0.307,1568,3168,1568,0,0,0,0,0.0,0.8512,nan,edge/x86_64,unknown,3.12.3,2026-10-09T18:44:59Z
89,ML-KEM-1024,post-quantum,5,keygen,0.0524,0.0,0.0,0.307,1568,3168,1568,0,0,0,0,0.0,0.7866,nan,edge/x86_64,unknown,3.12.3,2026-10-09T18:44:59Z
89,ML-KEM-1024,post-quantum,5,encapsulate,0.0596,0.0,0.0,0.307,1568,3168,1568,0,0,0,0,0.0,0.8937,nan,edge/x86_64,unknown,3.12.3,2026-10-09T18:44:59Z
89,ML-KEM-1024,post-quantum,5,decapsulate,0.0577,0.0,0.0,0.307,1568,3168,1568,0,0,0,0,0.0,0.8658,nan,edge/x86_64,unknown,3.12.3,2026-10-09T18:44:59Z
90,ML-KEM-1024,post-quantum,5,keygen,0.0759,0.0,0.0,0.307,1568,3168,1568,0,0,0,0,0.0,1.1389,nan,edge/x86_64,unknown,3.12.3,2026-10-09T18:44:59Z
90,ML-KEM-1024,post-quantum,5,encapsulate,0.0574,0.0,0.0,0.307,1568,3168,1568,0,0,0,0,0.0,0.8603,nan,edge/x86_64,unknown,3.12.3,2026-10-09T18:44:59Z
90,ML-KEM-1024,post-quantum,5,decapsulate,0.061,0.0,0.0,0.307,1568,3168,1568,0,0,0,0,0.0,0.9144,nan,edge/x86_64,unknown,3.12.3,2026-10-09T18:44:59Z
91,ML-KEM-1024,post-quantum,5,keygen,0.0548,0.0,0.0,0.307,1568,3168,1568,0,0,0,0,0.0,0.822,nan,edge/x86_64,unknown,3.12.3,2026-10-09T18:44:59Z
91,ML-KEM-1024,post-quantum,5,encapsulate,0.0577,0.0,0.0,0.307,1568,3168,1568,0,0,0,0,0.0,0.8658,nan,edge/x86_64,unknown,3.12.3,2026-10-09T18:44:59Z
91,ML-KEM-1024,post-quantum,5,decapsulate,0.0588,0.0,0.0,0.307,1568,3168,1568,0,0,0,0,0.0,0.8824,nan,edge/x86_64,unknown,3.12.3,2026-10-09T18:44:59Z
92,ML-KEM-1024,post-quantum,5,keygen,0.0525,0.0,0.0,0.307,1568,3168,1568,0,0,0,0,0.0,0.788,nan,edge/x86_64,unknown,3.12.3,2026-10-09T18:44:59Z
92,ML-KEM-1024,post-quantum,5,encapsulate,0.1055,0.0,0.0,0.307,1568,3168,1568,0,0,0,0,0.0,1.5828,nan,edge/x86_64,unknown,3.12.3,2026-10-09T18:44:59Z
92,ML-KEM-1024,post-quantum,5,decapsulate,0.0586,0.0,0.0,0.307,1568,3168,1568,0,0,0,0,0.0,0.8787,nan,edge/x86_64,unknown,3.12.3,2026-10-09T18:44:59Z
93,ML-KEM-1024,post-quantum,5,keygen,0.0539,0.0,0.0,0.307,1568,3168,1568,0,0,0,0,0.0,0.8091,nan,edge/x86_64,unknown,3.12.3,2026-10-09T18:44:59Z
93,ML-KEM-1024,post-quantum,5,encapsulate,0.0693,0.0,0.0,0.307,1568,3168,1568,0,0,0,0,0.0,1.0397,nan,edge/x86_64,unknown,3.12.3,2026-10-09T18:44:59Z
93,ML-KEM-1024,post-quantum,5,decapsulate,0.0564,0.0,0.0,0.307,1568,3168,1568,0,0,0,0,0.0,0.8466,nan,edge/x86_64,unknown,3.12.3,2026-10-09T18:44:59Z
94,ML-KEM-1024,post-quantum,5,keygen,0.0549,0.0,0.0,0.307,1568,3168,1568,0,0,0,0,0.0,0.8228,nan,edge/x86_64,unknown,3.12.3,2026-10-09T18:44:59Z
94,ML-KEM-1024,post-quantum,5,encapsulate,0.0545,0.0,0.0,0.307,1568,3168,1568,0,0,0,0,0.0,0.818,nan,edge/x86_64,unknown,3.12.3,2026-10-09T18:44:59Z
94,ML-KEM-1024,post-quantum,5,decapsulate,0.0608,0.0,0.0,0.307,1568,3168,1568,0,0,0,0,0.0,0.9113,nan,edge/x86_64,unknown,3.12.3,2026-10-09T18:44:59Z
95,ML-KEM-1024,post-quantum,5,keygen,0.0545,0.0,0.0,0.307,1568,3168,1568,0,0,0,0,0.0,0.8172,nan,edge/x86_64,unknown,3.12.3,2026-10-09T18:44:59Z
95,ML-KEM-1024,post-quantum,5,encapsulate,0.053,0.0,0.0,0.307,1568,3168,1568,0,0,0,0,0.0,0.7945,nan,edge/x86_64,unknown,3.12.3,2026-10-09T18:44:59Z
95,ML-KEM-1024,post-quantum,5,decapsulate,0.0553,0.0,0.0,0.307,1568,3168,1568,0,0,0,0,0.0,0.83,nan,edge/x86_64,unknown,3.12.3,2026-10-09T18:44:59Z
96,ML-KEM-1024,post-quantum,5,keygen,0.0633,0.0,0.0,0.307,1568,3168,1568,0,0,0,0,0.0,0.9499,nan,edge/x86_64,unknown,3.12.3,2026-10-09T18:44:59Z
96,ML-KEM-1024,post-quantum,5,encapsulate,0.0586,0.0,0.0,0.307,1568,3168,1568,0,0,0,0,0.0,0.8785,nan,edge/x86_64,unknown,3.12.3,2026-10-09T18:44:59Z
96,ML-KEM-1024,post-quantum,5,decapsulate,0.0574,0.0,0.0,0.307,1568,3168,1568,0,0,0,0,0.0,0.8616,nan,edge/x86_64,unknown,3.12.3,2026-10-09T18:44:59Z
97,ML-KEM-1024,post-quantum,5,keygen,0.0525,0.0,0.0,0.307,1568,3168,1568,0,0,0,0,0.0,0.7871,nan,edge/x86_64,unknown,3.12.3,2026-10-09T18:44:59Z
97,ML-KEM-1024,post-quantum,5,encapsulate,0.0762,0.0,0.0,0.307,1568,3168,1568,0,0,0,0,0.0,1.1436,nan,edge/x86_64,unknown,3.12.3,2026-10-09T18:44:59Z
97,ML-KEM-1024,post-quantum,5,decapsulate,0.0693,0.0,0.0,0.307,1568,3168,1568,0,0,0,0,0.0,1.0389,nan,edge/x86_64,unknown,3.12.3,2026-10-09T18:44:59Z
98,ML-KEM-1024,post-quantum,5,keygen,0.065,0.0,0.0,0.307,1568,3168,1568,0,0,0,0,0.0,0.9757,nan,edge/x86_64,unknown,3.12.3,2026-10-09T18:44:59Z
98,ML-KEM-1024,post-quantum,5,encapsulate,0.0642,0.0,0.0,0.307,1568,3168,1568,0,0,0,0,0.0,0.9629,nan,edge/x86_64,unknown,3.12.3,2026-10-09T18:44:59Z
98,ML-KEM-1024,post-quantum,5,decapsulate,0.117,0.0,0.0,0.307,1568,3168,1568,0,0,0,0,0.0,1.7544,nan,edge/x86_64,unknown,3.12.3,2026-10-09T18:44:59Z
99,ML-KEM-1024,post-quantum,5,keygen,0.0595,0.0,0.0,0.307,1568,3168,1568,0,0,0,0,0.0,0.8919,nan,edge/x86_64,unknown,3.12.3,2026-10-09T18:44:59Z
99,ML-KEM-1024,post-quantum,5,encapsulate,0.0582,0.0,0.0,0.307,1568,3168,1568,0,0,0,0,0.0,0.8732,nan,edge/x86_64,unknown,3.12.3,2026-10-09T18:44:59Z
99,ML-KEM-1024,post-quantum,5,decapsulate,0.0572,0.0,0.0,0.307,1568,3168,1568,0,0,0,0,0.0,0.858,nan,edge/x86_64,unknown,3.12.3,2026-10-09T18:44:59Z
100,ML-KEM-1024,post-quantum,5,keygen,0.0763,0.0,0.0,0.307,1568,3168,1568,0,0,0,0,0.0,1.1438,nan,edge/x86_64,unknown,3.12.3,2026-10-09T18:44:59Z
100,ML-KEM-1024,post-quantum,5,encapsulate,0.059,0.0,0.0,0.307,1568,3168,1568,0,0,0,0,0.0,0.8843,nan,edge/x86_64,unknown,3.12.3,2026-10-09T18:44:59Z
100,ML-KEM-1024,post-quantum,5,decapsulate,0.0584,0.0,0.0,0.307,1568,3168,1568,0,0,0,0,0.0,0.8762,nan,edge/x86_64,unknown,3.12.3,2026-10-09T18:44:59Z
101,ML-KEM-1024,post-quantum,5,keygen,0.0761,0.0,0.0,0.307,1568,3168,1568,0,0,0,0,0.0,1.1422,nan,edge/x86_64,unknown,3.12.3,2026-10-09T18:44:59Z
101,ML-KEM-1024,post-quantum,5,encapsulate,0.095,0.0,0.0,0.307,1568,3168,1568,0,0,0,0,0.0,1.4245,nan,edge/x86_64,unknown,3.12.3,2026-10-09T18:44:59Z
101,ML-KEM-1024,post-quantum,5,decapsulate,0.0573,0.0,0.0,0.307,1568,3168,1568,0,0,0,0,0.0,0.8599,nan,edge/x86_64,unknown,3.12.3,2026-10-09T18:44:59Z
102,ML-KEM-1024,post-quantum,5,keygen,0.0554,0.0,0.0,0.307,1568,3168,1568,0,0,0,0,0.0,0.8312,nan,edge/x86_64,unknown,3.12.3,2026-10-09T18:44:59Z
102,ML-KEM-1024,post-quantum,5,encapsulate,0.056,0.0,0.0,0.307,1568,3168,1568,0,0,0,0,0.0,0.8399,nan,edge/x86_64,unknown,3.12.3,2026-10-09T18:44:59Z
102,ML-KEM-1024,post-quantum,5,decapsulate,0.0905,0.0,0.0,0.307,1568,3168,1568,0,0,0,0,0.0,1.357,nan,edge/x86_64,unknown,3.12.3,2026-10-09T18:44:59Z
103,ML-KEM-1024,post-quantum,5,keygen,0.0584,0.0,0.0,0.307,1568,3168,1568,0,0,0,0,0.0,0.8767,nan,edge/x86_64,unknown,3.12.3,2026-10-09T18:44:59Z
103,ML-KEM-1024,post-quantum,5,encapsulate,0.0594,0.0,0.0,0.307,1568,3168,1568,0,0,0,0,0.0,0.8904,nan,edge/x86_64,unknown,3.12.3,2026-10-09T18:44:59Z
103,ML-KEM-1024,post-quantum,5,decapsulate,0.061,0.0,0.0,0.307,1568,3168,1568,0,0,0,0,0.0,0.9157,nan,edge/x86_64,unknown,3.12.3,2026-10-09T18:44:59Z
104,ML-KEM-1024,post-quantum,5,keygen,0.0556,0.0,0.0,0.307,1568,3168,1568,0,0,0,0,0.0,0.8342,nan,edge/x86_64,unknown,3.12.3,2026-10-09T18:44:59Z
104,ML-KEM-1024,post-quantum,5,encapsulate,0.0696,0.0,0.0,0.307,1568,3168,1568,0,0,0,0,0.0,1.0437,nan,edge/x86_64,unknown,3.12.3,2026-10-09T18:44:59Z
104,ML-KEM-1024,post-quantum,5,decapsulate,0.0605,0.0,0.0,0.307,1568,3168,1568,0,0,0,0,0.0,0.908,nan,edge/x86_64,unknown,3.12.3,2026-10-09T18:44:59Z
105,ML-KEM-1024,post-quantum,5,keygen,0.0596,0.0,0.0,0.307,1568,3168,1568,0,0,0,0,0.0,0.8947,nan,edge/x86_64,unknown,3.12.3,2026-10-09T18:44:59Z
105,ML-KEM-1024,post-quantum,5,encapsulate,0.1493,0.0,0.0,0.307,1568,3168,1568,0,0,0,0,0.0,2.2392,nan,edge/x86_64,unknown,3.12.3,2026-10-09T18:44:59Z
105,ML-KEM-1024,post-quantum,5,decapsulate,0.0656,0.0,0.0,0.307,1568,3168,1568,0,0,0,0,0.0,0.9841,nan,edge/x86_64,unknown,3.12.3,2026-10-09T18:44:59Z
106,ML-KEM-1024,post-quantum,5,keygen,0.0531,0.0,0.0,0.307,1568,3168,1568,0,0,0,0,0.0,0.796,nan,edge/x86_64,unknown,3.12.3,2026-10-09T18:44:59Z
106,ML-KEM-1024,post-quantum,5,encapsulate,0.0526,0.0,0.0,0.307,1568,3168,1568,0,0,0,0,0.0,0.7894,nan,edge/x86_64,unknown,3.12.3,2026-10-09T18:44:59Z
106,ML-KEM-1024,post-quantum,5,decapsulate,0.0576,0.0,0.0,0.307,1568,3168,1568,0,0,0,0,0.0,0.8634,nan,edge/x86_64,unknown,3.12.3,2026-10-09T18:44:59Z
107,ML-KEM-1024,post-quantum,5,keygen,0.0531,0.0,0.0,0.307,1568,3168,1568,0,0,0,0,0.0,0.7972,nan,edge/x86_64,unknown,3.12.3,2026-10-09T18:44:59Z
107,ML-KEM-1024,post-quantum,5,encapsulate,0.0545,0.0,0.0,0.307,1568,3168,1568,0,0,0,0,0.0,0.8172,nan,edge/x86_64,unknown,3.12.3,2026-10-09T18:44:59Z
107,ML-KEM-1024,post-quantum,5,decapsulate,0.0571,0.0,0.0,0.307,1568,3168,1568,0,0,0,0,0.0,0.8561,nan,edge/x86_64,unknown,3.12.3,2026-10-09T18:44:59Z
108,ML-KEM-1024,post-quantum,5,keygen,0.0526,0.0,0.0,0.307,1568,3168,1568,0,0,0,0,0.0,0.7887,nan,edge/x86_64,unknown,3.12.3,2026-10-09T18:44:59Z
108,ML-KEM-1024,post-quantum,5,encapsulate,0.0702,0.0,0.0,0.307,1568,3168,1568,0,0,0,0,0.0,1.0531,nan,edge/x86_64,unknown,3.12.3,2026-10-09T18:44:59Z
108,ML-KEM-1024,post-quantum,5,decapsulate,0.0596,0.0,0.0,0.307,1568,3168,1568,0,0,0,0,0.0,0.8947,nan,edge/x86_64,unknown,3.12.3,2026-10-09T18:44:59Z
109,ML-KEM-1024,post-quantum,5,keygen,0.0538,0.0,0.0,0.307,1568,3168,1568,0,0,0,0,0.0,0.8071,nan,edge/x86_64,unknown,3.12.3,2026-10-09T18:44:59Z
109,ML-KEM-1024,post-quantum,5,encapsulate,0.0553,0.0,0.0,0.307,1568,3168,1568,0,0,0,0,0.0,0.8299,nan,edge/x86_64,unknown,3.12.3,2026-10-09T18:44:59Z
109,ML-KEM-1024,post-quantum,5,decapsulate,0.0563,0.0,0.0,0.307,1568,3168,1568,0,0,0,0,0.0,0.8448,nan,edge/x86_64,unknown,3.12.3,2026-10-09T18:44:59Z
110,ML-KEM-1024,post-quantum,5,keygen,0.095,0.0,0.0,0.307,1568,3168,1568,0,0,0,0,0.0,1.4257,nan,edge/x86_64,unknown,3.12.3,2026-10-09T18:44:59Z
110,ML-KEM-1024,post-quantum,5,encapsulate,0.0607,0.0,0.0,0.307,1568,3168,1568,0,0,0,0,0.0,0.9099,nan,edge/x86_64,unknown,3.12.3,2026-10-09T18:44:59Z
110,ML-KEM-1024,post-quantum,5,decapsulate,0.0629,0.0,0.0,0.307,1568,3168,1568,0,0,0,0,0.0,0.9431,nan,edge/x86_64,unknown,3.12.3,2026-10-09T18:44:59Z
111,ML-KEM-1024,post-quantum,5,keygen,0.0563,0.0,0.0,0.307,1568,3168,1568,0,0,0,0,0.0,0.8452,nan,edge/x86_64,unknown,3.12.3,2026-10-09T18:44:59Z
111,ML-KEM-1024,post-quantum,5,encapsulate,0.0571,0.0,0.0,0.307,1568,3168,1568,0,0,0,0,0.0,0.8558,nan,edge/x86_64,unknown,3.12.3,2026-10-09T18:44:59Z
111,ML-KEM-1024,post-quantum,5,decapsulate,0.0603,0.0,0.0,0.307,1568,3168,1568,0,0,0,0,0.0,0.9045,nan,edge/x86_64,unknown,3.12.3,2026-10-09T18:44:59Z
112,ML-KEM-1024,post-quantum,5,keygen,0.0563,0.0,0.0,0.307,1568,3168,1568,0,0,0,0,0.0,0.8438,nan,edge/x86_64,unknown,3.12.3,2026-10-09T18:44:59Z
112,ML-KEM-1024,post-quantum,5,encapsulate,0.0551,0.0,0.0,0.307,1568,3168,1568,0,0,0,0,0.0,0.8271,nan,edge/x86_64,unknown,3.12.3,2026-10-09T18:44:59Z
112,ML-KEM-1024,post-quantum,5,decapsulate,0.0577,0.0,0.0,0.307,1568,3168,1568,0,0,0,0,0.0,0.8662,nan,edge/x86_64,unknown,3.12.3,2026-10-09T18:44:59Z
113,ML-KEM-1024,post-quantum,5,keygen,0.056,0.0,0.0,0.307,1568,3168,1568,0,0,0,0,0.0,0.8394,nan,edge/x86_64,unknown,3.12.3,2026-10-09T18:44:59Z
113,ML-KEM-1024,post-quantum,5,encapsulate,0.054,0.0,0.0,0.307,1568,3168,1568,0,0,0,0,0.0,0.8104,nan,edge/x86_64,unknown,3.12.3,2026-10-09T18:44:59Z
113,ML-KEM-1024,post-quantum,5,decapsulate,0.0571,0.0,0.0,0.307,1568,3168,1568,0,0,0,0,0.0,0.8565,nan,edge/x86_64,unknown,3.12.3,2026-10-09T18:44:59Z
114,ML-KEM-1024,post-quantum,5,keygen,0.0575,0.0,0.0,0.307,1568,3168,1568,0,0,0,0,0.0,0.862,nan,edge/x86_64,unknown,3.12.3,2026-10-09T18:44:59Z
114,ML-KEM-1024,post-quantum,5,encapsulate,0.0563,0.0,0.0,0.307,1568,3168,1568,0,0,0,0,0.0,0.8442,nan,edge/x86_64,unknown,3.12.3,2026-10-09T18:44:59Z
114,ML-KEM-1024,post-quantum,5,decapsulate,0.0569,0.0,0.0,0.307,1568,3168,1568,0,0,0,0,0.0,0.8535,nan,edge/x86_64,unknown,3.12.3,2026-10-09T18:44:59Z
115,ML-KEM-1024,post-quantum,5,keygen,0.0546,0.0,0.0,0.307,1568,3168,1568,0,0,0,0,0.0,0.8185,nan,edge/x86_64,unknown,3.12.3,2026-10-09T18:44:59Z
115,ML-KEM-1024,post-quantum,5,encapsulate,0.0543,0.0,0.0,0.307,1568,3168,1568,0,0,0,0,0.0,0.8151,nan,edge/x86_64,unknown,3.12.3,2026-10-09T18:44:59Z
115,ML-KEM-1024,post-quantum,5,decapsulate,0.0839,0.0,0.0,0.307,1568,3168,1568,0,0,0,0,0.0,1.2592,nan,edge/x86_64,unknown,3.12.3,2026-10-09T18:44:59Z
116,ML-KEM-1024,post-quantum,5,keygen,0.0589,0.0,0.0,0.307,1568,3168,1568,0,0,0,0,0.0,0.8842,nan,edge/x86_64,unknown,3.12.3,2026-10-09T18:44:59Z
116,ML-KEM-1024,post-quantum,5,encapsulate,0.054,0.0,0.0,0.307,1568,3168,1568,0,0,0,0,0.0,0.8104,nan,edge/x86_64,unknown,3.12.3,2026-10-09T18:44:59Z
116,ML-KEM-1024,post-quantum,5,decapsulate,0.0623,0.0,0.0,0.307,1568,3168,1568,0,0,0,0,0.0,0.9344,nan,edge/x86_64,unknown,3.12.3,2026-10-09T18:44:59Z
117,ML-KEM-1024,post-quantum,5,keygen,0.0557,0.0,0.0,0.307,1568,3168,1568,0,0,0,0,0.0,0.8353,nan,edge/x86_64,unknown,3.12.3,2026-10-09T18:44:59Z
117,ML-KEM-1024,post-quantum,5,encapsulate,0.0568,0.0,0.0,0.307,1568,3168,1568,0,0,0,0,0.0,0.8522,nan,edge/x86_64,unknown,3.12.3,2026-10-09T18:44:59Z
117,ML-KEM-1024,post-quantum,5,decapsulate,0.0597,0.0,0.0,0.307,1568,3168,1568,0,0,0,0,0.0,0.895,nan,edge/x86_64,unknown,3.12.3,2026-10-09T18:44:59Z
118,ML-KEM-1024,post-quantum,5,keygen,0.1935,0.0,0.0,0.307,1568,3168,1568,0,0,0,0,0.0,2.9022,nan,edge/x86_64,unknown,3.12.3,2026-10-09T18:44:59Z
118,ML-KEM-1024,post-quantum,5,encapsulate,0.1307,0.0,0.0,0.307,1568,3168,1568,0,0,0,0,0.0,1.9601,nan,edge/x86_64,unknown,3.12.3,2026-10-09T18:44:59Z
118,ML-KEM-1024,post-quantum,5,decapsulate,0.06,0.0,0.0,0.307,1568,3168,1568,0,0,0,0,0.0,0.9,nan,edge/x86_64,unknown,3.12.3,2026-10-09T18:44:59Z
119,ML-KEM-1024,post-quantum,5,keygen,0.0547,0.0,0.0,0.307,1568,3168,1568,0,0,0,0,0.0,0.8209,nan,edge/x86_64,unknown,3.12.3,2026-10-09T18:44:59Z
119,ML-KEM-1024,post-quantum,5,encapsulate,0.055,0.0,0.0,0.307,1568,3168,1568,0,0,0,0,0.0,0.8248,nan,edge/x86_64,unknown,3.12.3,2026-10-09T18:44:59Z
119,ML-KEM-1024,post-quantum,5,decapsulate,0.0591,0.0,0.0,0.307,1568,3168,1568,0,0,0,0,0.0,0.8861,nan,edge/x86_64,unknown,3.12.3,2026-10-09T18:44:59Z
120,ML-KEM-1024,post-quantum,5,keygen,0.0879,0.0,0.0,0.307,1568,3168,1568,0,0,0,0,0.0,1.3191,nan,edge/x86_64,unknown,3.12.3,2026-10-09T18:44:59Z
120,ML-KEM-1024,post-quantum,5,encapsulate,0.058,0.0,0.0,0.307,1568,3168,1568,0,0,0,0,0.0,0.8696,nan,edge/x86_64,unknown,3.12.3,2026-10-09T18:44:59Z
120,ML-KEM-1024,post-quantum,5,decapsulate,0.0568,0.0,0.0,0.307,1568,3168,1568,0,0,0,0,0.0,0.8513,nan,edge/x86_64,unknown,3.12.3,2026-10-09T18:44:59Z
121,ML-KEM-1024,post-quantum,5,keygen,0.0542,0.0,0.0,0.307,1568,3168,1568,0,0,0,0,0.0,0.8129,nan,edge/x86_64,unknown,3.12.3,2026-10-09T18:44:59Z
121,ML-KEM-1024,post-quantum,5,encapsulate,0.0575,0.0,0.0,0.307,1568,3168,1568,0,0,0,0,0.0,0.8627,nan,edge/x86_64,unknown,3.12.3,2026-10-09T18:44:59Z
121,ML-KEM-1024,post-quantum,5,decapsulate,0.0751,0.0,0.0,0.307,1568,3168,1568,0,0,0,0,0.0,1.1267,nan,edge/x86_64,unknown,3.12.3,2026-10-09T18:44:59Z
122,ML-KEM-1024,post-quantum,5,keygen,0.0545,0.0,0.0,0.307,1568,3168,1568,0,0,0,0,0.0,0.8174,nan,edge/x86_64,unknown,3.12.3,2026-10-09T18:44:59Z
122,ML-KEM-1024,post-quantum,5,encapsulate,0.0542,0.0,0.0,0.307,1568,3168,1568,0,0,0,0,0.0,0.8129,nan,edge/x86_64,unknown,3.12.3,2026-10-09T18:44:59Z
122,ML-KEM-1024,post-quantum,5,decapsulate,0.0563,0.0,0.0,0.307,1568,3168,1568,0,0,0,0,0.0,0.8442,nan,edge/x86_64,unknown,3.12.3,2026-10-09T18:44:59Z
123,ML-KEM-1024,post-quantum,5,keygen,0.0528,0.0,0.0,0.307,1568,3168,1568,0,0,0,0,0.0,0.7927,nan,edge/x86_64,unknown,3.12.3,2026-10-09T18:44:59Z
123,ML-KEM-1024,post-quantum,5,encapsulate,0.0548,0.0,0.0,0.307,1568,3168,1568,0,0,0,0,0.0,0.8224,nan,edge/x86_64,unknown,3.12.3,2026-10-09T18:44:59Z
123,ML-KEM-1024,post-quantum,5,decapsulate,0.058,0.0,0.0,0.307,1568,3168,1568,0,0,0,0,0.0,0.8697,nan,edge/x86_64,unknown,3.12.3,2026-10-09T18:44:59Z
124,ML-KEM-1024,post-quantum,5,keygen,0.0521,0.0,0.0,0.307,1568,3168,1568,0,0,0,0,0.0,0.7809,nan,edge/x86_64,unknown,3.12.3,2026-10-09T18:44:59Z
124,ML-KEM-1024,post-quantum,5,encapsulate,0.0599,0.0,0.0,0.307,1568,3168,1568,0,0,0,0,0.0,0.8984,nan,edge/x86_64,unknown,3.12.3,2026-10-09T18:44:59Z
124,ML-KEM-1024,post-quantum,5,decapsulate,0.0735,0.0,0.0,0.307,1568,3168,1568,0,0,0,0,0.0,1.1031,nan,edge/x86_64,unknown,3.12.3,2026-10-09T18:44:59Z
125,ML-KEM-1024,post-quantum,5,keygen,0.0586,0.0,0.0,0.307,1568,3168,1568,0,0,0,0,0.0,0.8793,nan,edge/x86_64,unknown,3.12.3,2026-10-09T18:44:59Z
125,ML-KEM-1024,post-quantum,5,encapsulate,0.0542,0.0,0.0,0.307,1568,3168,1568,0,0,0,0,0.0,0.8123,nan,edge/x86_64,unknown,3.12.3,2026-10-09T18:44:59Z
125,ML-KEM-1024,post-quantum,5,decapsulate,0.0559,0.0,0.0,0.307,1568,3168,1568,0,0,0,0,0.0,0.8382,nan,edge/x86_64,unknown,3.12.3,2026-10-09T18:44:59Z
126,ML-KEM-1024,post-quantum,5,keygen,0.0871,0.0,0.0,0.307,1568,3168,1568,0,0,0,0,0.0,1.3065,nan,edge/x86_64,unknown,3.12.3,2026-10-09T18:44:59Z
126,ML-KEM-1024,post-quantum,5,encapsulate,0.0577,0.0,0.0,0.307,1568,3168,1568,0,0,0,0,0.0,0.8651,nan,edge/x86_64,unknown,3.12.3,2026-10-09T18:44:59Z
126,ML-KEM-1024,post-quantum,5,decapsulate,0.0555,0.0,0.0,0.307,1568,3168,1568,0,0,0,0,0.0,0.8325,nan,edge/x86_64,unknown,3.12.3,2026-10-09T18:44:59Z
127,ML-KEM-1024,post-quantum,5,keygen,0.061,0.0,0.0,0.307,1568,3168,1568,0,0,0,0,0.0,0.9155,nan,edge/x86_64,unknown,3.12.3,2026-10-09T18:44:59Z
127,ML-KEM-1024,post-quantum,5,encapsulate,0.1056,0.0,0.0,0.307,1568,3168,1568,0,0,0,0,0.0,1.5837,nan,edge/x86_64,unknown,3.12.3,2026-10-09T18:44:59Z
127,ML-KEM-1024,post-quantum,5,decapsulate,0.0564,0.0,0.0,0.307,1568,3168,1568,0,0,0,0,0.0,0.8462,nan,edge/x86_64,unknown,3.12.3,2026-10-09T18:44:59Z
128,ML-KEM-1024,post-quantum,5,keygen,0.053,0.0,0.0,0.307,1568,3168,1568,0,0,0,0,0.0,0.7955,nan,edge/x86_64,unknown,3.12.3,2026-10-09T18:44:59Z
128,ML-KEM-1024,post-quantum,5,encapsulate,0.0573,0.0,0.0,0.307,1568,3168,1568,0,0,0,0,0.0,0.8599,nan,edge/x86_64,unknown,3.12.3,2026-10-09T18:44:59Z
128,ML-KEM-1024,post-quantum,5,decapsulate,0.0574,0.0,0.0,0.307,1568,3168,1568,0,0,0,0,0.0,0.8604,nan,edge/x86_64,unknown,3.12.3,2026-10-09T18:44:59Z
129,ML-KEM-1024,post-quantum,5,keygen,0.0535,0.0,0.0,0.307,1568,3168,1568,0,0,0,0,0.0,0.8029,nan,edge/x86_64,unknown,3.12.3,2026-10-09T18:44:59Z
129,ML-KEM-1024,post-quantum,5,encapsulate,0.056,0.0,0.0,0.307,1568,3168,1568,0,0,0,0,0.0,0.84,nan,edge/x86_64,unknown,3.12.3,2026-10-09T18:44:59Z
129,ML-KEM-1024,post-quantum,5,decapsulate,0.0575,0.0,0.0,0.307,1568,3168,1568,0,0,0,0,0.0,0.8623,nan,edge/x86_64,unknown,3.12.3,2026-10-09T18:44:59Z
130,ML-KEM-1024,post-quantum,5,keygen,0.0601,0.0,0.0,0.307,1568,3168,1568,0,0,0,0,0.0,0.9015,nan,edge/x86_64,unknown,3.12.3,2026-10-09T18:44:59Z
130,ML-KEM-1024,post-quantum,5,encapsulate,0.0573,0.0,0.0,0.307,1568,3168,1568,0,0,0,0,0.0,0.8599,nan,edge/x86_64,unknown,3.12.3,2026-10-09T18:44:59Z
130,ML-KEM-1024,post-quantum,5,decapsulate,0.0575,0.0,0.0,0.307,1568,3168,1568,0,0,0,0,0.0,0.8627,nan,edge/x86_64,unknown,3.12.3,2026-10-09T18:44:59Z
131,ML-KEM-1024,post-quantum,5,keygen,0.0543,0.0,0.0,0.307,1568,3168,1568,0,0,0,0,0.0,0.8147,nan,edge/x86_64,unknown,3.12.3,2026-10-09T18:44:59Z
131,ML-KEM-1024,post-quantum,5,encapsulate,0.0539,0.0,0.0,0.307,1568,3168,1568,0,0,0,0,0.0,0.8089,nan,edge/x86_64,unknown,3.12.3,2026-10-09T18:44:59Z
131,ML-KEM-1024,post-quantum,5,decapsulate,0.0905,0.0,0.0,0.307,1568,3168,1568,0,0,0,0,0.0,1.3582,nan,edge/x86_64,unknown,3.12.3,2026-10-09T18:44:59Z
132,ML-KEM-1024,post-quantum,5,keygen,0.0575,0.0,0.0,0.307,1568,3168,1568,0,0,0,0,0.0,0.8625,nan,edge/x86_64,unknown,3.12.3,2026-10-09T18:44:59Z
132,ML-KEM-1024,post-quantum,5,encapsulate,0.0567,0.0,0.0,0.307,1568,3168,1568,0,0,0,0,0.0,0.8505,nan,edge/x86_64,unknown,3.12.3,2026-10-09T18:44:59Z
132,ML-KEM-1024,post-quantum,5,decapsulate,0.0791,0.0,0.0,0.307,1568,3168,1568,0,0,0,0,0.0,1.1869,nan,edge/x86_64,unknown,3.12.3,2026-10-09T18:44:59Z
133,ML-KEM-1024,post-quantum,5,keygen,0.0555,0.0,0.0,0.307,1568,3168,1568,0,0,0,0,0.0,0.833,nan,edge/x86_64,unknown,3.12.3,2026-10-09T18:44:59Z
133,ML-KEM-1024,post-quantum,5,encapsulate,0.0546,0.0,0.0,0.307,1568,3168,1568,0,0,0,0,0.0,0.8192,nan,edge/x86_64,unknown,3.12.3,2026-10-09T18:44:59Z
133,ML-KEM-1024,post-quantum,5,decapsulate,0.0563,0.0,0.0,0.307,1568,3168,1568,0,0,0,0,0.0,0.8449,nan,edge/x86_64,unknown,3.12.3,2026-10-09T18:44:59Z
134,ML-KEM-1024,post-quantum,5,keygen,0.0526,0.0,0.0,0.307,1568,3168,1568,0,0,0,0,0.0,0.7883,nan,edge/x86_64,unknown,3.12.3,2026-10-09T18:44:59Z
134,ML-KEM-1024,post-quantum,5,encapsulate,0.0543,0.0,0.0,0.307,1568,3168,1568,0,0,0,0,0.0,0.8142,nan,edge/x86_64,unknown,3.12.3,2026-10-09T18:44:59Z
134,ML-KEM-1024,post-quantum,5,decapsulate,0.057,0.0,0.0,0.307,1568,3168,1568,0,0,0,0,0.0,0.8552,nan,edge/x86_64,unknown,3.12.3,2026-10-09T18:44:59Z
135,ML-KEM-1024,post-quantum,5,keygen,0.0549,0.0,0.0,0.307,1568,3168,1568,0,0,0,0,0.0,0.8241,nan,edge/x86_64,unknown,3.12.3,2026-10-09T18:44:59Z
135,ML-KEM-1024,post-quantum,5,encapsulate,0.0806,0.0,0.0,0.307,1568,3168,1568,0,0,0,0,0.0,1.2095,nan,edge/x86_64,unknown,3.12.3,2026-10-09T18:44:59Z
135,ML-KEM-1024,post-quantum,5,decapsulate,0.0601,0.0,0.0,0.307,1568,3168,1568,0,0,0,0,0.0,0.9014,nan,edge/x86_64,unknown,3.12.3,2026-10-09T18:44:59Z
136,ML-KEM-1024,post-quantum,5,keygen,0.0604,0.0,0.0,0.307,1568,3168,1568,0,0,0,0,0.0,0.9055,nan,edge/x86_64,unknown,3.12.3,2026-10-09T18:44:59Z
136,ML-KEM-1024,post-quantum,5,encapsulate,0.0557,0.0,0.0,0.307,1568,3168,1568,0,0,0,0,0.0,0.8355,nan,edge/x86_64,unknown,3.12.3,2026-10-09T18:44:59Z
136,ML-KEM-1024,post-quantum,5,decapsulate,0.061,0.0,0.0,0.307,1568,3168,1568,0,0,0,0,0.0,0.9143,nan,edge/x86_64,unknown,3.12.3,2026-10-09T18:44:59Z
137,ML-KEM-1024,post-quantum,5,keygen,0.057,0.0,0.0,0.307,1568,3168,1568,0,0,0,0,0.0,0.8553,nan,edge/x86_64,unknown,3.12.3,2026-10-09T18:44:59Z
137,ML-KEM-1024,post-quantum,5,encapsulate,0.0557,0.0,0.0,0.307,1568,3168,1568,0,0,0,0,0.0,0.8355,nan,edge/x86_64,unknown,3.12.3,2026-10-09T18:44:59Z
137,ML-KEM-1024,post-quantum,5,decapsulate,0.0606,0.0,0.0,0.307,1568,3168,1568,0,0,0,0,0.0,0.9086,nan,edge/x86_64,unknown,3.12.3,2026-10-09T18:44:59Z
138,ML-KEM-1024,post-quantum,5,keygen,0.0551,0.0,0.0,0.307,1568,3168,1568,0,0,0,0,0.0,0.8268,nan,edge/x86_64,unknown,3.12.3,2026-10-09T18:44:59Z
138,ML-KEM-1024,post-quantum,5,encapsulate,0.0968,0.0,0.0,0.307,1568,3168,1568,0,0,0,0,0.0,1.452,nan,edge/x86_64,unknown,3.12.3,2026-10-09T18:44:59Z
138,ML-KEM-1024,post-quantum,5,decapsulate,0.0642,0.0,0.0,0.307,1568,3168,1568,0,0,0,0,0.0,0.9625,nan,edge/x86_64,unknown,3.12.3,2026-10-09T18:44:59Z
139,ML-KEM-1024,post-quantum,5,keygen,0.0579,0.0,0.0,0.307,1568,3168,1568,0,0,0,0,0.0,0.8685,nan,edge/x86_64,unknown,3.12.3,2026-10-09T18:44:59Z
139,ML-KEM-1024,post-quantum,5,encapsulate,0.0586,0.0,0.0,0.307,1568,3168,1568,0,0,0,0,0.0,0.8791,nan,edge/x86_64,unknown,3.12.3,2026-10-09T18:44:59Z
139,ML-KEM-1024,post-quantum,5,decapsulate,0.0587,0.0,0.0,0.307,1568,3168,1568,0,0,0,0,0.0,0.8807,nan,edge/x86_64,unknown,3.12.3,2026-10-09T18:44:59Z
140,ML-KEM-1024,post-quantum,5,keygen,0.0542,0.0,0.0,0.307,1568,3168,1568,0,0,0,0,0.0,0.8133,nan,edge/x86_64,unknown,3.12.3,2026-10-09T18:44:59Z
140,ML-KEM-1024,post-quantum,5,encapsulate,0.0552,0.0,0.0,0.307,1568,3168,1568,0,0,0,0,0.0,0.8284,nan,edge/x86_64,unknown,3.12.3,2026-10-09T18:44:59Z
140,ML-KEM-1024,post-quantum,5,decapsulate,0.0561,0.0,0.0,0.307,1568,3168,1568,0,0,0,0,0.0,0.8413,nan,edge/x86_64,unknown,3.12.3,2026-10-09T18:44:59Z
141,ML-KEM-1024,post-quantum,5,keygen,0.0823,0.0,0.0,0.307,1568,3168,1568,0,0,0,0,0.0,1.2339,nan,edge/x86_64,unknown,3.12.3,2026-10-09T18:44:59Z
141,ML-KEM-1024,post-quantum,5,encapsulate,0.0609,0.0,0.0,0.307,1568,3168,1568,0,0,0,0,0.0,0.9128,nan,edge/x86_64,unknown,3.12.3,2026-10-09T18:44:59Z
141,ML-KEM-1024,post-quantum,5,decapsulate,0.0561,0.0,0.0,0.307,1568,3168,1568,0,0,0,0,0.0,0.8417,nan,edge/x86_64,unknown,3.12.3,2026-10-09T18:44:59Z
142,ML-KEM-1024,post-quantum,5,keygen,0.0549,0.0,0.0,0.307,1568,3168,1568,0,0,0,0,0.0,0.8241,nan,edge/x86_64,unknown,3.12.3,2026-10-09T18:44:59Z
142,ML-KEM-1024,post-quantum,5,encapsulate,0.055,0.0,0.0,0.307,1568,3168,1568,0,0,0,0,0.0,0.825,nan,edge/x86_64,unknown,3.12.3,2026-10-09T18:44:59Z
142,ML-KEM-1024,post-quantum,5,decapsulate,0.0564,0.0,0.0,0.307,1568,3168,1568,0,0,0,0,0.0,0.8459,nan,edge/x86_64,unknown,3.12.3,2026-10-09T18:44:59Z
143,ML-KEM-1024,post-quantum,5,keygen,0.052,0.0,0.0,0.307,1568,3168,1568,0,0,0,0,0.0,0.7799,nan,edge/x86_64,unknown,3.12.3,2026-10-09T18:44:59Z
143,ML-KEM-1024,post-quantum,5,encapsulate,0.1003,0.0,0.0,0.307,1568,3168,1568,0,0,0,0,0.0,1.5041,nan,edge/x86_64,unknown,3.12.3,2026-10-09T18:44:59Z
143,ML-KEM-1024,post-quantum,5,decapsulate,0.0613,0.0,0.0,0.307,1568,3168,1568,0,0,0,0,0.0,0.9194,nan,edge/x86_64,unknown,3.12.3,2026-10-09T18:44:59Z
144,ML-KEM-1024,post-quantum,5,keygen,0.0592,0.0,0.0,0.307,1568,3168,1568,0,0,0,0,0.0,0.8884,nan,edge/x86_64,unknown,3.12.3,2026-10-09T18:44:59Z
144,ML-KEM-1024,post-quantum,5,encapsulate,0.0566,0.0,0.0,0.307,1568,3168,1568,0,0,0,0,0.0,0.8495,nan,edge/x86_64,unknown,3.12.3,2026-10-09T18:44:59Z
144,ML-KEM-1024,post-quantum,5,decapsulate,0.0816,0.0,0.0,0.307,1568,3168,1568,0,0,0,0,0.0,1.2246,nan,edge/x86_64,unknown,3.12.3,2026-10-09T18:44:59Z
145,ML-KEM-1024,post-quantum,5,keygen,0.1217,0.0,0.0,0.307,1568,3168,1568,0,0,0,0,0.0,1.8254,nan,edge/x86_64,unknown,3.12.3,2026-10-09T18:44:59Z
145,ML-KEM-1024,post-quantum,5,encapsulate,0.0567,0.0,0.0,0.307,1568,3168,1568,0,0,0,0,0.0,0.8509,nan,edge/x86_64,unknown,3.12.3,2026-10-09T18:44:59Z
145,ML-KEM-1024,post-quantum,5,decapsulate,0.0554,0.0,0.0,0.307,1568,3168,1568,0,0,0,0,0.0,0.831,nan,edge/x86_64,unknown,3.12.3,2026-10-09T18:44:59Z
146,ML-KEM-1024,post-quantum,5,keygen,0.0519,0.0,0.0,0.307,1568,3168,1568,0,0,0,0,0.0,0.7789,nan,edge/x86_64,unknown,3.12.3,2026-10-09T18:44:59Z
146,ML-KEM-1024,post-quantum,5,encapsulate,0.0545,0.0,0.0,0.307,1568,3168,1568,0,0,0,0,0.0,0.8177,nan,edge/x86_64,unknown,3.12.3,2026-10-09T18:44:59Z
146,ML-KEM-1024,post-quantum,5,decapsulate,0.0593,0.0,0.0,0.307,1568,3168,1568,0,0,0,0,0.0,0.8897,nan,edge/x86_64,unknown,3.12.3,2026-10-09T18:44:59Z
147,ML-KEM-1024,post-quantum,5,keygen,0.0534,0.0,0.0,0.307,1568,3168,1568,0,0,0,0,0.0,0.8011,nan,edge/x86_64,unknown,3.12.3,2026-10-09T18:44:59Z
147,ML-KEM-1024,post-quantum,5,encapsulate,0.0635,0.0,0.0,0.307,1568,3168,1568,0,0,0,0,0.0,0.9527,nan,edge/x86_64,unknown,3.12.3,2026-10-09T18:44:59Z
147,ML-KEM-1024,post-quantum,5,decapsulate,0.0594,0.0,0.0,0.307,1568,3168,1568,0,0,0,0,0.0,0.8913,nan,edge/x86_64,unknown,3.12.3,2026-10-09T18:44:59Z
148,ML-KEM-1024,post-quantum,5,keygen,0.0542,0.0,0.0,0.307,1568,3168,1568,0,0,0,0,0.0,0.8124,nan,edge/x86_64,unknown,3.12.3,2026-10-09T18:44:59Z
148,ML-KEM-1024,post-quantum,5,encapsulate,0.0534,0.0,0.0,0.307,1568,3168,1568,0,0,0,0,0.0,0.8014,nan,edge/x86_64,unknown,3.12.3,2026-10-09T18:44:59Z
148,ML-KEM-1024,post-quantum,5,decapsulate,0.0909,0.0,0.0,0.307,1568,3168,1568,0,0,0,0,0.0,1.3635,nan,edge/x86_64,unknown,3.12.3,2026-10-09T18:44:59Z
149,ML-KEM-1024,post-quantum,5,keygen,0.057,0.0,0.0,0.307,1568,3168,1568,0,0,0,0,0.0,0.8557,nan,edge/x86_64,unknown,3.12.3,2026-10-09T18:44:59Z
149,ML-KEM-1024,post-quantum,5,encapsulate,0.0789,0.0,0.0,0.307,1568,3168,1568,0,0,0,0,0.0,1.1839,nan,edge/x86_64,unknown,3.12.3,2026-10-09T18:44:59Z
149,ML-KEM-1024,post-quantum,5,decapsulate,0.0596,0.0,0.0,0.307,1568,3168,1568,0,0,0,0,0.0,0.8937,nan,edge/x86_64,unknown,3.12.3,2026-10-09T18:44:59Z
150,ML-KEM-1024,post-quantum,5,keygen,0.0534,0.0,0.0,0.307,1568,3168,1568,0,0,0,0,0.0,0.8011,nan,edge/x86_64,unknown,3.12.3,2026-10-09T18:44:59Z
150,ML-KEM-1024,post-quantum,5,encapsulate,0.0544,0.0,0.0,0.307,1568,3168,1568,0,0,0,0,0.0,0.8154,nan,edge/x86_64,unknown,3.12.3,2026-10-09T18:44:59Z
150,ML-KEM-1024,post-quantum,5,decapsulate,0.0586,0.0,0.0,0.307,1568,3168,1568,0,0,0,0,0.0,0.8793,nan,edge/x86_64,unknown,3.12.3,2026-10-09T18:44:59Z
151,ML-KEM-1024,post-quantum,5,keygen,0.0539,0.0,0.0,0.307,1568,3168,1568,0,0,0,0,0.0,0.8087,nan,edge/x86_64,unknown,3.12.3,2026-10-09T18:44:59Z
151,ML-KEM-1024,post-quantum,5,encapsulate,0.0557,0.0,0.0,0.307,1568,3168,1568,0,0,0,0,0.0,0.8354,nan,edge/x86_64,unknown,3.12.3,2026-10-09T18:44:59Z
151,ML-KEM-1024,post-quantum,5,decapsulate,0.0571,0.0,0.0,0.307,1568,3168,1568,0,0,0,0,0.0,0.8561,nan,edge/x86_64,unknown,3.12.3,2026-10-09T18:44:59Z
152,ML-KEM-1024,post-quantum,5,keygen,0.0558,0.0,0.0,0.307,1568,3168,1568,0,0,0,0,0.0,0.8365,nan,edge/x86_64,unknown,3.12.3,2026-10-09T18:44:59Z
152,ML-KEM-1024,post-quantum,5,encapsulate,0.0553,0.0,0.0,0.307,1568,3168,1568,0,0,0,0,0.0,0.8299,nan,edge/x86_64,unknown,3.12.3,2026-10-09T18:44:59Z
152,ML-KEM-1024,post-quantum,5,decapsulate,0.0774,0.0,0.0,0.307,1568,3168,1568,0,0,0,0,0.0,1.1606,nan,edge/x86_64,unknown,3.12.3,2026-10-09T18:44:59Z
153,ML-KEM-1024,post-quantum,5,keygen,0.0512,0.0,0.0,0.307,1568,3168,1568,0,0,0,0,0.0,0.7681,nan,edge/x86_64,unknown,3.12.3,2026-10-09T18:44:59Z
153,ML-KEM-1024,post-quantum,5,encapsulate,0.1033,0.0,0.0,0.307,1568,3168,1568,0,0,0,0,0.0,1.5498,nan,edge/x86_64,unknown,3.12.3,2026-10-09T18:44:59Z
153,ML-KEM-1024,post-quantum,5,decapsulate,0.0637,0.0,0.0,0.307,1568,3168,1568,0,0,0,0,0.0,0.9558,nan,edge/x86_64,unknown,3.12.3,2026-10-09T18:44:59Z
154,ML-KEM-1024,post-quantum,5,keygen,0.0542,0.0,0.0,0.307,1568,3168,1568,0,0,0,0,0.0,0.8134,nan,edge/x86_64,unknown,3.12.3,2026-10-09T18:44:59Z
154,ML-KEM-1024,post-quantum,5,encapsulate,0.0622,0.0,0.0,0.307,1568,3168,1568,0,0,0,0,0.0,0.9327,nan,edge/x86_64,unknown,3.12.3,2026-10-09T18:44:59Z
154,ML-KEM-1024,post-quantum,5,decapsulate,0.056,0.0,0.0,0.307,1568,3168,1568,0,0,0,0,0.0,0.8403,nan,edge/x86_64,unknown,3.12.3,2026-10-09T18:44:59Z
155,ML-KEM-1024,post-quantum,5,keygen,0.0811,0.0,0.0,0.307,1568,3168,1568,0,0,0,0,0.0,1.2165,nan,edge/x86_64,unknown,3.12.3,2026-10-09T18:44:59Z
155,ML-KEM-1024,post-quantum,5,encapsulate,0.0552,0.0,0.0,0.307,1568,3168,1568,0,0,0,0,0.0,0.8274,nan,edge/x86_64,unknown,3.12.3,2026-10-09T18:44:59Z
155,ML-KEM-1024,post-quantum,5,decapsulate,0.0568,0.0,0.0,0.307,1568,3168,1568,0,0,0,0,0.0,0.8521,nan,edge/x86_64,unknown,3.12.3,2026-10-09T18:44:59Z
156,ML-KEM-1024,post-quantum,5,keygen,0.0517,0.0,0.0,0.307,1568,3168,1568,0,0,0,0,0.0,0.7762,nan,edge/x86_64,unknown,3.12.3,2026-10-09T18:44:59Z
156,ML-KEM-1024,post-quantum,5,encapsulate,0.0541,0.0,0.0,0.307,1568,3168,1568,0,0,0,0,0.0,0.8121,nan,edge/x86_64,unknown,3.12.3,2026-10-09T18:44:59Z
156,ML-KEM-1024,post-quantum,5,decapsulate,0.0583,0.0,0.0,0.307,1568,3168,1568,0,0,0,0,0.0,0.8745,nan,edge/x86_64,unknown,3.12.3,2026-10-09T18:44:59Z
157,ML-KEM-1024,post-quantum,5,keygen,0.0545,0.0,0.0,0.307,1568,3168,1568,0,0,0,0,0.0,0.8174,nan,edge/x86_64,unknown,3.12.3,2026-10-09T18:44:59Z
157,ML-KEM-1024,post-quantum,5,encapsulate,0.0543,0.0,0.0,0.307,1568,3168,1568,0,0,0,0,0.0,0.8149,nan,edge/x86_64,unknown,3.12.3,2026-10-09T18:44:59Z
157,ML-KEM-1024,post-quantum,5,decapsulate,0.0607,0.0,0.0,0.307,1568,3168,1568,0,0,0,0,0.0,0.9102,nan,edge/x86_64,unknown,3.12.3,2026-10-09T18:44:59Z
158,ML-KEM-1024,post-quantum,5,keygen,0.0543,0.0,0.0,0.307,1568,3168,1568,0,0,0,0,0.0,0.8151,nan,edge/x86_64,unknown,3.12.3,2026-10-09T18:44:59Z
158,ML-KEM-1024,post-quantum,5,encapsulate,0.0803,0.0,0.0,0.307,1568,3168,1568,0,0,0,0,0.0,1.2049,nan,edge/x86_64,unknown,3.12.3,2026-10-09T18:44:59Z
158,ML-KEM-1024,post-quantum,5,decapsulate,0.0578,0.0,0.0,0.307,1568,3168,1568,0,0,0,0,0.0,0.8669,nan,edge/x86_64,unknown,3.12.3,2026-10-09T18:44:59Z
159,ML-KEM-1024,post-quantum,5,keygen,0.0547,0.0,0.0,0.307,1568,3168,1568,0,0,0,0,0.0,0.8208,nan,edge/x86_64,unknown,3.12.3,2026-10-09T18:44:59Z
159,ML-KEM-1024,post-quantum,5,encapsulate,0.0574,0.0,0.0,0.307,1568,3168,1568,0,0,0,0,0.0,0.8607,nan,edge/x86_64,unknown,3.12.3,2026-10-09T18:44:59Z
159,ML-KEM-1024,post-quantum,5,decapsulate,0.0566,0.0,0.0,0.307,1568,3168,1568,0,0,0,0,0.0,0.8489,nan,edge/x86_64,unknown,3.12.3,2026-10-09T18:44:59Z
160,ML-KEM-1024,post-quantum,5,keygen,0.0612,0.0,0.0,0.307,1568,3168,1568,0,0,0,0,0.0,0.9184,nan,edge/x86_64,unknown,3.12.3,2026-10-09T18:44:59Z
160,ML-KEM-1024,post-quantum,5,encapsulate,0.0598,0.0,0.0,0.307,1568,3168,1568,0,0,0,0,0.0,0.8968,nan,edge/x86_64,unknown,3.12.3,2026-10-09T18:44:59Z
160,ML-KEM-1024,post-quantum,5,decapsulate,0.0587,0.0,0.0,0.307,1568,3168,1568,0,0,0,0,0.0,0.8799,nan,edge/x86_64,unknown,3.12.3,2026-10-09T18:44:59Z
161,ML-KEM-1024,post-quantum,5,keygen,0.0542,0.0,0.0,0.307,1568,3168,1568,0,0,0,0,0.0,0.8125,nan,edge/x86_64,unknown,3.12.3,2026-10-09T18:44:59Z
161,ML-KEM-1024,post-quantum,5,encapsulate,0.0832,0.0,0.0,0.307,1568,3168,1568,0,0,0,0,0.0,1.2484,nan,edge/x86_64,unknown,3.12.3,2026-10-09T18:44:59Z
161,ML-KEM-1024,post-quantum,5,decapsulate,0.0603,0.0,0.0,0.307,1568,3168,1568,0,0,0,0,0.0,0.9049,nan,edge/x86_64,unknown,3.12.3,2026-10-09T18:44:59Z
162,ML-KEM-1024,post-quantum,5,keygen,0.0537,0.0,0.0,0.307,1568,3168,1568,0,0,0,0,0.0,0.8052,nan,edge/x86_64,unknown,3.12.3,2026-10-09T18:44:59Z
162,ML-KEM-1024,post-quantum,5,encapsulate,0.0537,0.0,0.0,0.307,1568,3168,1568,0,0,0,0,0.0,0.8061,nan,edge/x86_64,unknown,3.12.3,2026-10-09T18:44:59Z
162,ML-KEM-1024,post-quantum,5,decapsulate,0.06,0.0,0.0,0.307,1568,3168,1568,0,0,0,0,0.0,0.9005,nan,edge/x86_64,unknown,3.12.3,2026-10-09T18:44:59Z
163,ML-KEM-1024,post-quantum,5,keygen,0.0569,0.0,0.0,0.307,1568,3168,1568,0,0,0,0,0.0,0.8541,nan,edge/x86_64,unknown,3.12.3,2026-10-09T18:44:59Z
163,ML-KEM-1024,post-quantum,5,encapsulate,0.0888,0.0,0.0,0.307,1568,3168,1568,0,0,0,0,0.0,1.3316,nan,edge/x86_64,unknown,3.12.3,2026-10-09T18:44:59Z
163,ML-KEM-1024,post-quantum,5,decapsulate,0.0612,0.0,0.0,0.307,1568,3168,1568,0,0,0,0,0.0,0.9183,nan,edge/x86_64,unknown,3.12.3,2026-10-09T18:44:59Z
164,ML-KEM-1024,post-quantum,5,keygen,0.0578,0.0,0.0,0.307,1568,3168,1568,0,0,0,0,0.0,0.8671,nan,edge/x86_64,unknown,3.12.3,2026-10-09T18:44:59Z
164,ML-KEM-1024,post-quantum,5,encapsulate,0.0565,0.0,0.0,0.307,1568,3168,1568,0,0,0,0,0.0,0.8474,nan,edge/x86_64,unknown,3.12.3,2026-10-09T18:44:59Z
164,ML-KEM-1024,post-quantum,5,decapsulate,0.0597,0.0,0.0,0.307,1568,3168,1568,0,0,0,0,0.0,0.8952,nan,edge/x86_64,unknown,3.12.3,2026-10-09T18:44:59Z
165,ML-KEM-1024,post-quantum,5,keygen,0.0542,0.0,0.0,0.307,1568,3168,1568,0,0,0,0,0.0,0.8134,nan,edge/x86_64,unknown,3.12.3,2026-10-09T18:44:59Z
165,ML-KEM-1024,post-quantum,5,encapsulate,0.0561,0.0,0.0,0.307,1568,3168,1568,0,0,0,0,0.0,0.8412,nan,edge/x86_64,unknown,3.12.3,2026-10-09T18:44:59Z
165,ML-KEM-1024,post-quantum,5,decapsulate,0.0931,0.0,0.0,0.307,1568,3168,1568,0,0,0,0,0.0,1.396,nan,edge/x86_64,unknown,3.12.3,2026-10-09T18:44:59Z
166,ML-KEM-1024,post-quantum,5,keygen,0.0587,0.0,0.0,0.307,1568,3168,1568,0,0,0,0,0.0,0.8808,nan,edge/x86_64,unknown,3.12.3,2026-10-09T18:44:59Z
166,ML-KEM-1024,post-quantum,5,encapsulate,0.0575,0.0,0.0,0.307,1568,3168,1568,0,0,0,0,0.0,0.8626,nan,edge/x86_64,unknown,3.12.3,2026-10-09T18:44:59Z
166,ML-KEM-1024,post-quantum,5,decapsulate,0.0587,0.0,0.0,0.307,1568,3168,1568,0,0,0,0,0.0,0.8803,nan,edge/x86_64,unknown,3.12.3,2026-10-09T18:44:59Z
167,ML-KEM-1024,post-quantum,5,keygen,0.0543,0.0,0.0,0.307,1568,3168,1568,0,0,0,0,0.0,0.8147,nan,edge/x86_64,unknown,3.12.3,2026-10-09T18:44:59Z
167,ML-KEM-1024,post-quantum,5,encapsulate,0.0547,0.0,0.0,0.307,1568,3168,1568,0,0,0,0,0.0,0.8206,nan,edge/x86_64,unknown,3.12.3,2026-10-09T18:44:59Z
167,ML-KEM-1024,post-quantum,5,decapsulate,0.0567,0.0,0.0,0.307,1568,3168,1568,0,0,0,0,0.0,0.8502,nan,edge/x86_64,unknown,3.12.3,2026-10-09T18:44:59Z
168,ML-KEM-1024,post-quantum,5,keygen,0.0522,0.0,0.0,0.307,1568,3168,1568,0,0,0,0,0.0,0.7836,nan,edge/x86_64,unknown,3.12.3,2026-10-09T18:44:59Z
168,ML-KEM-1024,post-quantum,5,encapsulate,0.0537,0.0,0.0,0.307,1568,3168,1568,0,0,0,0,0.0,0.8057,nan,edge/x86_64,unknown,3.12.3,2026-10-09T18:44:59Z
168,ML-KEM-1024,post-quantum,5,decapsulate,0.0579,0.0,0.0,0.307,1568,3168,1568,0,0,0,0,0.0,0.8681,nan,edge/x86_64,unknown,3.12.3,2026-10-09T18:44:59Z
169,ML-KEM-1024,post-quantum,5,keygen,0.055,0.0,0.0,0.307,1568,3168,1568,0,0,0,0,0.0,0.825,nan,edge/x86_64,unknown,3.12.3,2026-10-09T18:44:59Z
169,ML-KEM-1024,post-quantum,5,encapsulate,0.0734,0.0,0.0,0.307,1568,3168,1568,0,0,0,0,0.0,1.1016,nan,edge/x86_64,unknown,3.12.3,2026-10-09T18:44:59Z
169,ML-KEM-1024,post-quantum,5,decapsulate,0.0597,0.0,0.0,0.307,1568,3168,1568,0,0,0,0,0.0,0.8961,nan,edge/x86_64,unknown,3.12.3,2026-10-09T18:44:59Z
170,ML-KEM-1024,post-quantum,5,keygen,0.058,0.0,0.0,0.307,1568,3168,1568,0,0,0,0,0.0,0.8697,nan,edge/x86_64,unknown,3.12.3,2026-10-09T18:44:59Z
170,ML-KEM-1024,post-quantum,5,encapsulate,0.0577,0.0,0.0,0.307,1568,3168,1568,0,0,0,0,0.0,0.8654,nan,edge/x86_64,unknown,3.12.3,2026-10-09T18:44:59Z
170,ML-KEM-1024,post-quantum,5,decapsulate,0.0594,0.0,0.0,0.307,1568,3168,1568,0,0,0,0,0.0,0.8914,nan,edge/x86_64,unknown,3.12.3,2026-10-09T18:44:59Z
171,ML-KEM-1024,post-quantum,5,keygen,0.0535,0.0,0.0,0.307,1568,3168,1568,0,0,0,0,0.0,0.802,nan,edge/x86_64,unknown,3.12.3,2026-10-09T18:44:59Z
171,ML-KEM-1024,post-quantum,5,encapsulate,0.2173,0.0,0.0,0.307,1568,3168,1568,0,0,0,0,0.0,3.26,nan,edge/x86_64,unknown,3.12.3,2026-10-09T18:44:59Z
171,ML-KEM-1024,post-quantum,5,decapsulate,0.0682,0.0,0.0,0.307,1568,3168,1568,0,0,0,0,0.0,1.0231,nan,edge/x86_64,unknown,3.12.3,2026-10-09T18:44:59Z
172,ML-KEM-1024,post-quantum,5,keygen,0.0565,0.0,0.0,0.307,1568,3168,1568,0,0,0,0,0.0,0.8468,nan,edge/x86_64,unknown,3.12.3,2026-10-09T18:44:59Z
172,ML-KEM-1024,post-quantum,5,encapsulate,0.0531,0.0,0.0,0.307,1568,3168,1568,0,0,0,0,0.0,0.797,nan,edge/x86_64,unknown,3.12.3,2026-10-09T18:44:59Z
172,ML-KEM-1024,post-quantum,5,decapsulate,0.0746,0.0,0.0,0.307,1568,3168,1568,0,0,0,0,0.0,1.1193,nan,edge/x86_64,unknown,3.12.3,2026-10-09T18:44:59Z
173,ML-KEM-1024,post-quantum,5,keygen,0.0549,0.0,0.0,0.307,1568,3168,1568,0,0,0,0,0.0,0.823,nan,edge/x86_64,unknown,3.12.3,2026-10-09T18:44:59Z
173,ML-KEM-1024,post-quantum,5,encapsulate,0.0535,0.0,0.0,0.307,1568,3168,1568,0,0,0,0,0.0,0.8029,nan,edge/x86_64,unknown,3.12.3,2026-10-09T18:44:59Z
173,ML-KEM-1024,post-quantum,5,decapsulate,0.0588,0.0,0.0,0.307,1568,3168,1568,0,0,0,0,0.0,0.8819,nan,edge/x86_64,unknown,3.12.3,2026-10-09T18:44:59Z
174,ML-KEM-1024,post-quantum,5,keygen,0.0535,0.0,0.0,0.307,1568,3168,1568,0,0,0,0,0.0,0.802,nan,edge/x86_64,unknown,3.12.3,2026-10-09T18:44:59Z
174,ML-KEM-1024,post-quantum,5,encapsulate,0.073,0.0,0.0,0.307,1568,3168,1568,0,0,0,0,0.0,1.0955,nan,edge/x86_64,unknown,3.12.3,2026-10-09T18:44:59Z
174,ML-KEM-1024,post-quantum,5,decapsulate,0.0575,0.0,0.0,0.307,1568,3168,1568,0,0,0,0,0.0,0.863,nan,edge/x86_64,unknown,3.12.3,2026-10-09T18:44:59Z
175,ML-KEM-1024,post-quantum,5,keygen,0.0547,0.0,0.0,0.307,1568,3168,1568,0,0,0,0,0.0,0.8211,nan,edge/x86_64,unknown,3.12.3,2026-10-09T18:44:59Z
175,ML-KEM-1024,post-quantum,5,encapsulate,0.0561,0.0,0.0,0.307,1568,3168,1568,0,0,0,0,0.0,0.8409,nan,edge/x86_64,unknown,3.12.3,2026-10-09T18:44:59Z
175,ML-KEM-1024,post-quantum,5,decapsulate,0.0581,0.0,0.0,0.307,1568,3168,1568,0,0,0,0,0.0,0.8719,nan,edge/x86_64,unknown,3.12.3,2026-10-09T18:44:59Z
176,ML-KEM-1024,post-quantum,5,keygen,0.0523,0.0,0.0,0.307,1568,3168,1568,0,0,0,0,0.0,0.7848,nan,edge/x86_64,unknown,3.12.3,2026-10-09T18:44:59Z
176,ML-KEM-1024,post-quantum,5,encapsulate,0.0527,0.0,0.0,0.307,1568,3168,1568,0,0,0,0,0.0,0.7909,nan,edge/x86_64,unknown,3.12.3,2026-10-09T18:44:59Z
176,ML-KEM-1024,post-quantum,5,decapsulate,0.0557,0.0,0.0,0.307,1568,3168,1568,0,0,0,0,0.0,0.8361,nan,edge/x86_64,unknown,3.12.3,2026-10-09T18:44:59Z
177,ML-KEM-1024,post-quantum,5,keygen,0.0613,0.0,0.0,0.307,1568,3168,1568,0,0,0,0,0.0,0.9191,nan,edge/x86_64,unknown,3.12.3,2026-10-09T18:44:59Z
177,ML-KEM-1024,post-quantum,5,encapsulate,0.0657,0.0,0.0,0.307,1568,3168,1568,0,0,0,0,0.0,0.9858,nan,edge/x86_64,unknown,3.12.3,2026-10-09T18:44:59Z
177,ML-KEM-1024,post-quantum,5,decapsulate,0.0576,0.0,0.0,0.307,1568,3168,1568,0,0,0,0,0.0,0.8645,nan,edge/x86_64,unknown,3.12.3,2026-10-09T18:44:59Z
178,ML-KEM-1024,post-quantum,5,keygen,0.054,0.0,0.0,0.307,1568,3168,1568,0,0,0,0,0.0,0.8097,nan,edge/x86_64,unknown,3.12.3,2026-10-09T18:44:59Z
178,ML-KEM-1024,post-quantum,5,encapsulate,0.0553,0.0,0.0,0.307,1568,3168,1568,0,0,0,0,0.0,0.8289,nan,edge/x86_64,unknown,3.12.3,2026-10-09T18:44:59Z
178,ML-KEM-1024,post-quantum,5,decapsulate,0.0588,0.0,0.0,0.307,1568,3168,1568,0,0,0,0,0.0,0.8813,nan,edge/x86_64,unknown,3.12.3,2026-10-09T18:44:59Z
179,ML-KEM-1024,post-quantum,5,keygen,0.0529,0.0,0.0,0.307,1568,3168,1568,0,0,0,0,0.0,0.7937,nan,edge/x86_64,unknown,3.12.3,2026-10-09T18:44:59Z
179,ML-KEM-1024,post-quantum,5,encapsulate,0.0548,0.0,0.0,0.307,1568,3168,1568,0,0,0,0,0.0,0.8227,nan,edge/x86_64,unknown,3.12.3,2026-10-09T18:44:59Z
179,ML-KEM-1024,post-quantum,5,decapsulate,0.0549,0.0,0.0,0.307,1568,3168,1568,0,0,0,0,0.0,0.823,nan,edge/x86_64,unknown,3.12.3,2026-10-09T18:44:59Z
180,ML-KEM-1024,post-quantum,5,keygen,0.1194,0.0,0.0,0.307,1568,3168,1568,0,0,0,0,0.0,1.7906,nan,edge/x86_64,unknown,3.12.3,2026-10-09T18:44:59Z
180,ML-KEM-1024,post-quantum,5,encapsulate,0.0558,0.0,0.0,0.307,1568,3168,1568,0,0,0,0,0.0,0.8375,nan,edge/x86_64,unknown,3.12.3,2026-10-09T18:44:59Z
180,ML-KEM-1024,post-quantum,5,decapsulate,0.0561,0.0,0.0,0.307,1568,3168,1568,0,0,0,0,0.0,0.8419,nan,edge/x86_64,unknown,3.12.3,2026-10-09T18:44:59Z
181,ML-KEM-1024,post-quantum,5,keygen,0.0632,0.0,0.0,0.307,1568,3168,1568,0,0,0,0,0.0,0.9484,nan,edge/x86_64,unknown,3.12.3,2026-10-09T18:44:59Z
181,ML-KEM-1024,post-quantum,5,encapsulate,0.0546,0.0,0.0,0.307,1568,3168,1568,0,0,0,0,0.0,0.8185,nan,edge/x86_64,unknown,3.12.3,2026-10-09T18:44:59Z
181,ML-KEM-1024,post-quantum,5,decapsulate,0.0573,0.0,0.0,0.307,1568,3168,1568,0,0,0,0,0.0,0.8589,nan,edge/x86_64,unknown,3.12.3,2026-10-09T18:44:59Z
182,ML-KEM-1024,post-quantum,5,keygen,0.0538,0.0,0.0,0.307,1568,3168,1568,0,0,0,0,0.0,0.8072,nan,edge/x86_64,unknown,3.12.3,2026-10-09T18:44:59Z
182,ML-KEM-1024,post-quantum,5,encapsulate,0.0518,0.0,0.0,0.307,1568,3168,1568,0,0,0,0,0.0,0.7767,nan,edge/x86_64,unknown,3.12.3,2026-10-09T18:44:59Z
182,ML-KEM-1024,post-quantum,5,decapsulate,0.063,0.0,0.0,0.307,1568,3168,1568,0,0,0,0,0.0,0.9446,nan,edge/x86_64,unknown,3.12.3,2026-10-09T18:44:59Z
183,ML-KEM-1024,post-quantum,5,keygen,0.0585,0.0,0.0,0.307,1568,3168,1568,0,0,0,0,0.0,0.8782,nan,edge/x86_64,unknown,3.12.3,2026-10-09T18:44:59Z
183,ML-KEM-1024,post-quantum,5,encapsulate,0.0734,0.0,0.0,0.307,1568,3168,1568,0,0,0,0,0.0,1.1016,nan,edge/x86_64,unknown,3.12.3,2026-10-09T18:44:59Z
183,ML-KEM-1024,post-quantum,5,decapsulate,0.0564,0.0,0.0,0.307,1568,3168,1568,0,0,0,0,0.0,0.8462,nan,edge/x86_64,unknown,3.12.3,2026-10-09T18:44:59Z
184,ML-KEM-1024,post-quantum,5,keygen,0.0542,0.0,0.0,0.307,1568,3168,1568,0,0,0,0,0.0,0.8135,nan,edge/x86_64,unknown,3.12.3,2026-10-09T18:44:59Z
184,ML-KEM-1024,post-quantum,5,encapsulate,0.0558,0.0,0.0,0.307,1568,3168,1568,0,0,0,0,0.0,0.8377,nan,edge/x86_64,unknown,3.12.3,2026-10-09T18:44:59Z
184,ML-KEM-1024,post-quantum,5,decapsulate,0.0549,0.0,0.0,0.307,1568,3168,1568,0,0,0,0,0.0,0.8228,nan,edge/x86_64,unknown,3.12.3,2026-10-09T18:44:59Z
185,ML-KEM-1024,post-quantum,5,keygen,0.0518,0.0,0.0,0.307,1568,3168,1568,0,0,0,0,0.0,0.7777,nan,edge/x86_64,unknown,3.12.3,2026-10-09T18:44:59Z
185,ML-KEM-1024,post-quantum,5,encapsulate,0.0558,0.0,0.0,0.307,1568,3168,1568,0,0,0,0,0.0,0.8369,nan,edge/x86_64,unknown,3.12.3,2026-10-09T18:44:59Z
185,ML-KEM-1024,post-quantum,5,decapsulate,0.0584,0.0,0.0,0.307,1568,3168,1568,0,0,0,0,0.0,0.8761,nan,edge/x86_64,unknown,3.12.3,2026-10-09T18:44:59Z
186,ML-KEM-1024,post-quantum,5,keygen,0.057,0.0,0.0,0.307,1568,3168,1568,0,0,0,0,0.0,0.8547,nan,edge/x86_64,unknown,3.12.3,2026-10-09T18:44:59Z
186,ML-KEM-1024,post-quantum,5,encapsulate,0.0545,0.0,0.0,0.307,1568,3168,1568,0,0,0,0,0.0,0.8171,nan,edge/x86_64,unknown,3.12.3,2026-10-09T18:44:59Z
186,ML-KEM-1024,post-quantum,5,decapsulate,0.0581,0.0,0.0,0.307,1568,3168,1568,0,0,0,0,0.0,0.8717,nan,edge/x86_64,unknown,3.12.3,2026-10-09T18:44:59Z
187,ML-KEM-1024,post-quantum,5,keygen,0.0552,0.0,0.0,0.307,1568,3168,1568,0,0,0,0,0.0,0.8279,nan,edge/x86_64,unknown,3.12.3,2026-10-09T18:44:59Z
187,ML-KEM-1024,post-quantum,5,encapsulate,0.0538,0.0,0.0,0.307,1568,3168,1568,0,0,0,0,0.0,0.8065,nan,edge/x86_64,unknown,3.12.3,2026-10-09T18:44:59Z
187,ML-KEM-1024,post-quantum,5,decapsulate,0.0555,0.0,0.0,0.307,1568,3168,1568,0,0,0,0,0.0,0.832,nan,edge/x86_64,unknown,3.12.3,2026-10-09T18:44:59Z
188,ML-KEM-1024,post-quantum,5,keygen,0.0526,0.0,0.0,0.307,1568,3168,1568,0,0,0,0,0.0,0.7893,nan,edge/x86_64,unknown,3.12.3,2026-10-09T18:44:59Z
188,ML-KEM-1024,post-quantum,5,encapsulate,0.0838,0.0,0.0,0.307,1568,3168,1568,0,0,0,0,0.0,1.2572,nan,edge/x86_64,unknown,3.12.3,2026-10-09T18:44:59Z
188,ML-KEM-1024,post-quantum,5,decapsulate,0.1238,0.0,0.0,0.307,1568,3168,1568,0,0,0,0,0.0,1.8566,nan,edge/x86_64,unknown,3.12.3,2026-10-09T18:44:59Z
189,ML-KEM-1024,post-quantum,5,keygen,0.1371,0.0,0.0,0.307,1568,3168,1568,0,0,0,0,0.0,2.0568,nan,edge/x86_64,unknown,3.12.3,2026-10-09T18:44:59Z
189,ML-KEM-1024,post-quantum,5,encapsulate,0.0597,0.0,0.0,0.307,1568,3168,1568,0,0,0,0,0.0,0.8955,nan,edge/x86_64,unknown,3.12.3,2026-10-09T18:44:59Z
189,ML-KEM-1024,post-quantum,5,decapsulate,0.0581,0.0,0.0,0.307,1568,3168,1568,0,0,0,0,0.0,0.8712,nan,edge/x86_64,unknown,3.12.3,2026-10-09T18:44:59Z
190,ML-KEM-1024,post-quantum,5,keygen,0.0543,0.0,0.0,0.307,1568,3168,1568,0,0,0,0,0.0,0.8144,nan,edge/x86_64,unknown,3.12.3,2026-10-09T18:44:59Z
190,ML-KEM-1024,post-quantum,5,encapsulate,0.0556,0.0,0.0,0.307,1568,3168,1568,0,0,0,0,0.0,0.8344,nan,edge/x86_64,unknown,3.12.3,2026-10-09T18:44:59Z
190,ML-KEM-1024,post-quantum,5,decapsulate,0.0607,0.0,0.0,0.307,1568,3168,1568,0,0,0,0,0.0,0.9109,nan,edge/x86_64,unknown,3.12.3,2026-10-09T18:44:59Z
191,ML-KEM-1024,post-quantum,5,keygen,0.1945,0.0,0.0,0.307,1568,3168,1568,0,0,0,0,0.0,2.9181,nan,edge/x86_64,unknown,3.12.3,2026-10-09T18:44:59Z
191,ML-KEM-1024,post-quantum,5,encapsulate,0.1215,0.0,0.0,0.307,1568,3168,1568,0,0,0,0,0.0,1.822,nan,edge/x86_64,unknown,3.12.3,2026-10-09T18:44:59Z
191,ML-KEM-1024,post-quantum,5,decapsulate,0.0616,0.0,0.0,0.307,1568,3168,1568,0,0,0,0,0.0,0.9238,nan,edge/x86_64,unknown,3.12.3,2026-10-09T18:44:59Z
192,ML-KEM-1024,post-quantum,5,keygen,0.0561,0.0,0.0,0.307,1568,3168,1568,0,0,0,0,0.0,0.8416,nan,edge/x86_64,unknown,3.12.3,2026-10-09T18:44:59Z
192,ML-KEM-1024,post-quantum,5,encapsulate,0.0744,0.0,0.0,0.307,1568,3168,1568,0,0,0,0,0.0,1.1159,nan,edge/x86_64,unknown,3.12.3,2026-10-09T18:44:59Z
192,ML-KEM-1024,post-quantum,5,decapsulate,0.0582,0.0,0.0,0.307,1568,3168,1568,0,0,0,0,0.0,0.8733,nan,edge/x86_64,unknown,3.12.3,2026-10-09T18:44:59Z
193,ML-KEM-1024,post-quantum,5,keygen,0.0521,0.0,0.0,0.307,1568,3168,1568,0,0,0,0,0.0,0.7818,nan,edge/x86_64,unknown,3.12.3,2026-10-09T18:44:59Z
193,ML-KEM-1024,post-quantum,5,encapsulate,0.0533,0.0,0.0,0.307,1568,3168,1568,0,0,0,0,0.0,0.8002,nan,edge/x86_64,unknown,3.12.3,2026-10-09T18:44:59Z
193,ML-KEM-1024,post-quantum,5,decapsulate,0.056,0.0,0.0,0.307,1568,3168,1568,0,0,0,0,0.0,0.84,nan,edge/x86_64,unknown,3.12.3,2026-10-09T18:44:59Z
194,ML-KEM-1024,post-quantum,5,keygen,0.0524,0.0,0.0,0.307,1568,3168,1568,0,0,0,0,0.0,0.7861,nan,edge/x86_64,unknown,3.12.3,2026-10-09T18:44:59Z
194,ML-KEM-1024,post-quantum,5,encapsulate,0.1517,0.0,0.0,0.307,1568,3168,1568,0,0,0,0,0.0,2.275,nan,edge/x86_64,unknown,3.12.3,2026-10-09T18:44:59Z
194,ML-KEM-1024,post-quantum,5,decapsulate,0.1275,0.0,0.0,0.307,1568,3168,1568,0,0,0,0,0.0,1.9119,nan,edge/x86_64,unknown,3.12.3,2026-10-09T18:44:59Z
195,ML-KEM-1024,post-quantum,5,keygen,0.0558,0.0,0.0,0.307,1568,3168,1568,0,0,0,0,0.0,0.8376,nan,edge/x86_64,unknown,3.12.3,2026-10-09T18:44:59Z
195,ML-KEM-1024,post-quantum,5,encapsulate,0.0558,0.0,0.0,0.307,1568,3168,1568,0,0,0,0,0.0,0.8372,nan,edge/x86_64,unknown,3.12.3,2026-10-09T18:44:59Z
195,ML-KEM-1024,post-quantum,5,decapsulate,0.0571,0.0,0.0,0.307,1568,3168,1568,0,0,0,0,0.0,0.8561,nan,edge/x86_64,unknown,3.12.3,2026-10-09T18:44:59Z
196,ML-KEM-1024,post-quantum,5,keygen,0.0883,0.0,0.0,0.307,1568,3168,1568,0,0,0,0,0.0,1.3252,nan,edge/x86_64,unknown,3.12.3,2026-10-09T18:44:59Z
196,ML-KEM-1024,post-quantum,5,encapsulate,0.0875,0.0,0.0,0.307,1568,3168,1568,0,0,0,0,0.0,1.3121,nan,edge/x86_64,unknown,3.12.3,2026-10-09T18:44:59Z
196,ML-KEM-1024,post-quantum,5,decapsulate,0.0594,0.0,0.0,0.307,1568,3168,1568,0,0,0,0,0.0,0.8914,nan,edge/x86_64,unknown,3.12.3,2026-10-09T18:44:59Z
197,ML-KEM-1024,post-quantum,5,keygen,0.0538,0.0,0.0,0.307,1568,3168,1568,0,0,0,0,0.0,0.8074,nan,edge/x86_64,unknown,3.12.3,2026-10-09T18:44:59Z
197,ML-KEM-1024,post-quantum,5,encapsulate,0.0528,0.0,0.0,0.307,1568,3168,1568,0,0,0,0,0.0,0.7916,nan,edge/x86_64,unknown,3.12.3,2026-10-09T18:44:59Z
197,ML-KEM-1024,post-quantum,5,decapsulate,0.0561,0.0,0.0,0.307,1568,3168,1568,0,0,0,0,0.0,0.8416,nan,edge/x86_64,unknown,3.12.3,2026-10-09T18:44:59Z
198,ML-KEM-1024,post-quantum,5,keygen,0.054,0.0,0.0,0.307,1568,3168,1568,0,0,0,0,0.0,0.8098,nan,edge/x86_64,unknown,3.12.3,2026-10-09T18:44:59Z
198,ML-KEM-1024,post-quantum,5,encapsulate,0.0528,0.0,0.0,0.307,1568,3168,1568,0,0,0,0,0.0,0.7918,nan,edge/x86_64,unknown,3.12.3,2026-10-09T18:44:59Z
198,ML-KEM-1024,post-quantum,5,decapsulate,0.0593,0.0,0.0,0.307,1568,3168,1568,0,0,0,0,0.0,0.8895,nan,edge/x86_64,unknown,3.12.3,2026-10-09T18:44:59Z
199,ML-KEM-1024,post-quantum,5,keygen,0.0533,0.0,0.0,0.307,1568,3168,1568,0,0,0,0,0.0,0.8002,nan,edge/x86_64,unknown,3.12.3,2026-10-09T18:44:59Z
199,ML-KEM-1024,post-quantum,5,encapsulate,0.0565,0.0,0.0,0.307,1568,3168,1568,0,0,0,0,0.0,0.8481,nan,edge/x86_64,unknown,3.12.3,2026-10-09T18:44:59Z
199,ML-KEM-1024,post-quantum,5,decapsulate,0.0584,0.0,0.0,0.307,1568,3168,1568,0,0,0,0,0.0,0.8764,nan,edge/x86_64,unknown,3.12.3,2026-10-09T18:44:59Z
0,ML-DSA-44,post-quantum,2,keygen,0.1021,0.0,0.0,0.319,1312,2560,0,2420,0,0,0,0.0,1.5312,nan,edge/x86_64,unknown,3.12.3,2026-10-09T18:44:59Z
0,ML-DSA-44,post-quantum,2,sign,0.1873,0.0,0.0,0.319,1312,2560,0,2420,512,0,0,0.0,2.8092,nan,edge/x86_64,unknown,3.12.3,2026-10-09T18:44:59Z
0,ML-DSA-44,post-quantum,2,verify,0.122,0.0,0.0,0.319,1312,2560,0,2420,512,0,0,0.0,1.8295,nan,edge/x86_64,unknown,3.12.3,2026-10-09T18:44:59Z
1,ML-DSA-44,post-quantum,2,keygen,0.0712,0.0,0.0,0.319,1312,2560,0,2420,0,0,0,0.0,1.0681,nan,edge/x86_64,unknown,3.12.3,2026-10-09T18:44:59Z
1,ML-DSA-44,post-quantum,2,sign,0.1135,0.0,0.0,0.319,1312,2560,0,2420,512,0,0,0.0,1.703,nan,edge/x86_64,unknown,3.12.3,2026-10-09T18:44:59Z
1,ML-DSA-44,post-quantum,2,verify,0.071,0.0,0.0,0.319,1312,2560,0,2420,512,0,0,0.0,1.0653,nan,edge/x86_64,unknown,3.12.3,2026-10-09T18:44:59Z
2,ML-DSA-44,post-quantum,2,keygen,0.0687,0.0,0.0,0.319,1312,2560,0,2420,0,0,0,0.0,1.0306,nan,edge/x86_64,unknown,3.12.3,2026-10-09T18:44:59Z
2,ML-DSA-44,post-quantum,2,sign,0.1379,0.0,0.0,0.319,1312,2560,0,2420,512,0,0,0.0,2.0691,nan,edge/x86_64,unknown,3.12.3,2026-10-09T18:44:59Z
2,ML-DSA-44,post-quantum,2,verify,0.0607,0.0,0.0,0.319,1312,2560,0,2420,512,0,0,0.0,0.9102,nan,edge/x86_64,unknown,3.12.3,2026-10-09T18:44:59Z
3,ML-DSA-44,post-quantum,2,keygen,0.0641,0.0,0.0,0.319,1312,2560,0,2420,0,0,0,0.0,0.962,nan,edge/x86_64,unknown,3.12.3,2026-10-09T18:44:59Z
3,ML-DSA-44,post-quantum,2,sign,0.0803,0.0,0.0,0.319,1312,2560,0,2420,512,0,0,0.0,1.2044,nan,edge/x86_64,unknown,3.12.3,2026-10-09T18:44:59Z
3,ML-DSA-44,post-quantum,2,verify,0.0575,0.0,0.0,0.319,1312,2560,0,2420,512,0,0,0.0,0.8632,nan,edge/x86_64,unknown,3.12.3,2026-10-09T18:44:59Z
4,ML-DSA-44,post-quantum,2,keygen,0.1498,0.0,0.0,0.319,1312,2560,0,2420,0,0,0,0.0,2.2465,nan,edge/x86_64,unknown,3.12.3,2026-10-09T18:44:59Z
4,ML-DSA-44,post-quantum,2,sign,0.1207,0.0,0.0,0.319,1312,2560,0,2420,512,0,0,0.0,1.8101,nan,edge/x86_64,unknown,3.12.3,2026-10-09T18:44:59Z
4,ML-DSA-44,post-quantum,2,verify,0.0635,0.0,0.0,0.319,1312,2560,0,2420,512,0,0,0.0,0.9523,nan,edge/x86_64,unknown,3.12.3,2026-10-09T18:44:59Z
5,ML-DSA-44,post-quantum,2,keygen,0.0683,0.0,0.0,0.319,1312,2560,0,2420,0,0,0,0.0,1.024,nan,edge/x86_64,unknown,3.12.3,2026-10-09T18:44:59Z
5,ML-DSA-44,post-quantum,2,sign,0.0813,0.0,0.0,0.319,1312,2560,0,2420,512,0,0,0.0,1.2189,nan,edge/x86_64,unknown,3.12.3,2026-10-09T18:44:59Z
5,ML-DSA-44,post-quantum,2,verify,0.0599,0.0,0.0,0.319,1312,2560,0,2420,512,0,0,0.0,0.8984,nan,edge/x86_64,unknown,3.12.3,2026-10-09T18:44:59Z
6,ML-DSA-44,post-quantum,2,keygen,0.0711,0.0,0.0,0.319,1312,2560,0,2420,0,0,0,0.0,1.0672,nan,edge/x86_64,unknown,3.12.3,2026-10-09T18:44:59Z
6,ML-DSA-44,post-quantum,2,sign,0.2066,0.0,0.0,0.319,1312,2560,0,2420,512,0,0,0.0,3.0994,nan,edge/x86_64,unknown,3.12.3,2026-10-09T18:44:59Z
6,ML-DSA-44,post-quantum,2,verify,0.0591,0.0,0.0,0.319,1312,2560,0,2420,512,0,0,0.0,0.8869,nan,edge/x86_64,unknown,3.12.3,2026-10-09T18:44:59Z
7,ML-DSA-44,post-quantum,2,keygen,0.0611,0.0,0.0,0.319,1312,2560,0,2420,0,0,0,0.0,0.917,nan,edge/x86_64,unknown,3.12.3,2026-10-09T18:44:59Z
7,ML-DSA-44,post-quantum,2,sign,0.2441,0.0,0.0,0.319,1312,2560,0,2420,512,0,0,0.0,3.6616,nan,edge/x86_64,unknown,3.12.3,2026-10-09T18:44:59Z
7,ML-DSA-44,post-quantum,2,verify,0.0617,0.0,0.0,0.319,1312,2560,0,2420,512,0,0,0.0,0.9262,nan,edge/x86_64,unknown,3.12.3,2026-10-09T18:44:59Z
8,ML-DSA-44,post-quantum,2,keygen,0.0595,0.0,0.0,0.319,1312,2560,0,2420,0,0,0,0.0,0.8922,nan,edge/x86_64,unknown,3.12.3,2026-10-09T18:44:59Z
8,ML-DSA-44,post-quantum,2,sign,0.1584,0.0,0.0,0.319,1312,2560,0,2420,512,0,0,0.0,2.3753,nan,edge/x86_64,unknown,3.12.3,2026-10-09T18:44:59Z
8,ML-DSA-44,post-quantum,2,verify,0.0605,0.0,0.0,0.319,1312,2560,0,2420,512,0,0,0.0,0.9075,nan,edge/x86_64,unknown,3.12.3,2026-10-09T18:44:59Z
9,ML-DSA-44,post-quantum,2,keygen,0.0629,0.0,0.0,0.319,1312,2560,0,2420,0,0,0,0.0,0.9436,nan,edge/x86_64,unknown,3.12.3,2026-10-09T18:44:59Z
9,ML-DSA-44,post-quantum,2,sign,0.0932,0.0,0.0,0.319,1312,2560,0,2420,512,0,0,0.0,1.3977,nan,edge/x86_64,unknown,3.12.3,2026-10-09T18:44:59Z
9,ML-DSA-44,post-quantum,2,verify,0.1203,0.0,0.0,0.319,1312,2560,0,2420,512,0,0,0.0,1.8042,nan,edge/x86_64,unknown,3.12.3,2026-10-09T18:44:59Z
10,ML-DSA-44,post-quantum,2,keygen,0.2639,0.0,0.0,0.319,1312,2560,0,2420,0,0,0,0.0,3.9583,nan,edge/x86_64,unknown,3.12.3,2026-10-09T18:44:59Z
10,ML-DSA-44,post-quantum,2,sign,0.3324,0.0,0.0,0.319,1312,2560,0,2420,512,0,0,0.0,4.9862,nan,edge/x86_64,unknown,3.12.3,2026-10-09T18:44:59Z
10,ML-DSA-44,post-quantum,2,verify,0.0604,0.0,0.0,0.319,1312,2560,0,2420,512,0,0,0.0,0.9056,nan,edge/x86_64,unknown,3.12.3,2026-10-09T18:44:59Z
11,ML-DSA-44,post-quantum,2,keygen,0.067,0.0,0.0,0.319,1312,2560,0,2420,0,0,0,0.0,1.0055,nan,edge/x86_64,unknown,3.12.3,2026-10-09T18:44:59Z
11,ML-DSA-44,post-quantum,2,sign,0.1406,0.0,0.0,0.319,1312,2560,0,2420,512,0,0,0.0,2.1092,nan,edge/x86_64,unknown,3.12.3,2026-10-09T18:44:59Z
11,ML-DSA-44,post-quantum,2,verify,0.0616,0.0,0.0,0.319,1312,2560,0,2420,512,0,0,0.0,0.9247,nan,edge/x86_64,unknown,3.12.3,2026-10-09T18:44:59Z
12,ML-DSA-44,post-quantum,2,keygen,0.089,0.0,0.0,0.319,1312,2560,0,2420,0,0,0,0.0,1.3346,nan,edge/x86_64,unknown,3.12.3,2026-10-09T18:44:59Z
12,ML-DSA-44,post-quantum,2,sign,0.1638,0.0,0.0,0.319,1312,2560,0,2420,512,0,0,0.0,2.4563,nan,edge/x86_64,unknown,3.12.3,2026-10-09T18:44:59Z
12,ML-DSA-44,post-quantum,2,verify,0.0641,0.0,0.0,0.319,1312,2560,0,2420,512,0,0,0.0,0.9618,nan,edge/x86_64,unknown,3.12.3,2026-10-09T18:44:59Z
13,ML-DSA-44,post-quantum,2,keygen,0.0661,0.0,0.0,0.319,1312,2560,0,2420,0,0,0,0.0,0.9909,nan,edge/x86_64,unknown,3.12.3,2026-10-09T18:44:59Z
13,ML-DSA-44,post-quantum,2,sign,0.1952,0.0,0.0,0.319,1312,2560,0,2420,512,0,0,0.0,2.9279,nan,edge/x86_64,unknown,3.12.3,2026-10-09T18:44:59Z
13,ML-DSA-44,post-quantum,2,verify,0.0616,0.0,0.0,0.319,1312,2560,0,2420,512,0,0,0.0,0.9244,nan,edge/x86_64,unknown,3.12.3,2026-10-09T18:44:59Z
14,ML-DSA-44,post-quantum,2,keygen,0.0621,0.0,0.0,0.319,1312,2560,0,2420,0,0,0,0.0,0.9316,nan,edge/x86_64,unknown,3.12.3,2026-10-09T18:44:59Z
14,ML-DSA-44,post-quantum,2,sign,0.1714,0.0,0.0,0.319,1312,2560,0,2420,512,0,0,0.0,2.5708,nan,edge/x86_64,unknown,3.12.3,2026-10-09T18:44:59Z
14,ML-DSA-44,post-quantum,2,verify,0.0575,0.0,0.0,0.319,1312,2560,0,2420,512,0,0,0.0,0.8625,nan,edge/x86_64,unknown,3.12.3,2026-10-09T18:44:59Z
15,ML-DSA-44,post-quantum,2,keygen,0.1901,0.0,0.0,0.319,1312,2560,0,2420,0,0,0,0.0,2.8522,nan,edge/x86_64,unknown,3.12.3,2026-10-09T18:44:59Z
15,ML-DSA-44,post-quantum,2,sign,0.1326,0.0,0.0,0.319,1312,2560,0,2420,512,0,0,0.0,1.9893,nan,edge/x86_64,unknown,3.12.3,2026-10-09T18:44:59Z
15,ML-DSA-44,post-quantum,2,verify,0.0625,0.0,0.0,0.319,1312,2560,0,2420,512,0,0,0.0,0.9381,nan,edge/x86_64,unknown,3.12.3,2026-10-09T18:44:59Z
16,ML-DSA-44,post-quantum,2,keygen,0.0643,0.0,0.0,0.319,1312,2560,0,2420,0,0,0,0.0,0.9643,nan,edge/x86_64,unknown,3.12.3,2026-10-09T18:44:59Z
16,ML-DSA-44,post-quantum,2,sign,0.1625,0.0,0.0,0.319,1312,2560,0,2420,512,0,0,0.0,2.4371,nan,edge/x86_64,unknown,3.12.3,2026-10-09T18:44:59Z
16,ML-DSA-44,post-quantum,2,verify,0.0595,0.0,0.0,0.319,1312,2560,0,2420,512,0,0,0.0,0.892,nan,edge/x86_64,unknown,3.12.3,2026-10-09T18:44:59Z
17,ML-DSA-44,post-quantum,2,keygen,0.0615,0.0,0.0,0.319,1312,2560,0,2420,0,0,0,0.0,0.9218,nan,edge/x86_64,unknown,3.12.3,2026-10-09T18:44:59Z
17,ML-DSA-44,post-quantum,2,sign,0.1241,0.0,0.0,0.319,1312,2560,0,2420,512,0,0,0.0,1.8612,nan,edge/x86_64,unknown,3.12.3,2026-10-09T18:44:59Z
17,ML-DSA-44,post-quantum,2,verify,0.06,0.0,0.0,0.319,1312,2560,0,2420,512,0,0,0.0,0.8999,nan,edge/x86_64,unknown,3.12.3,2026-10-09T18:44:59Z
18,ML-DSA-44,post-quantum,2,keygen,0.1041,0.0,0.0,0.319,1312,2560,0,2420,0,0,0,0.0,1.5619,nan,edge/x86_64,unknown,3.12.3,2026-10-09T18:44:59Z
18,ML-DSA-44,post-quantum,2,sign,0.0958,0.0,0.0,0.319,1312,2560,0,2420,512,0,0,0.0,1.4377,nan,edge/x86_64,unknown,3.12.3,2026-10-09T18:44:59Z
18,ML-DSA-44,post-quantum,2,verify,0.0562,0.0,0.0,0.319,1312,2560,0,2420,512,0,0,0.0,0.8424,nan,edge/x86_64,unknown,3.12.3,2026-10-09T18:44:59Z
19,ML-DSA-44,post-quantum,2,keygen,0.0588,0.0,0.0,0.319,1312,2560,0,2420,0,0,0,0.0,0.8824,nan,edge/x86_64,unknown,3.12.3,2026-10-09T18:44:59Z
19,ML-DSA-44,post-quantum,2,sign,0.0784,0.0,0.0,0.319,1312,2560,0,2420,512,0,0,0.0,1.1755,nan,edge/x86_64,unknown,3.12.3,2026-10-09T18:44:59Z
19,ML-DSA-44,post-quantum,2,verify,0.0685,0.0,0.0,0.319,1312,2560,0,2420,512,0,0,0.0,1.0282,nan,edge/x86_64,unknown,3.12.3,2026-10-09T18:44:59Z
20,ML-DSA-44,post-quantum,2,keygen,0.0625,0.0,0.0,0.319,1312,2560,0,2420,0,0,0,0.0,0.9373,nan,edge/x86_64,unknown,3.12.3,2026-10-09T18:44:59Z
20,ML-DSA-44,post-quantum,2,sign,0.3256,0.0,0.0,0.319,1312,2560,0,2420,512,0,0,0.0,4.8836,nan,edge/x86_64,unknown,3.12.3,2026-10-09T18:44:59Z
20,ML-DSA-44,post-quantum,2,verify,0.0589,0.0,0.0,0.319,1312,2560,0,2420,512,0,0,0.0,0.8841,nan,edge/x86_64,unknown,3.12.3,2026-10-09T18:44:59Z
21,ML-DSA-44,post-quantum,2,keygen,0.0621,0.0,0.0,0.319,1312,2560,0,2420,0,0,0,0.0,0.9322,nan,edge/x86_64,unknown,3.12.3,2026-10-09T18:44:59Z
21,ML-DSA-44,post-quantum,2,sign,0.1995,0.0,0.0,0.319,1312,2560,0,2420,512,0,0,0.0,2.9921,nan,edge/x86_64,unknown,3.12.3,2026-10-09T18:44:59Z
21,ML-DSA-44,post-quantum,2,verify,0.0637,0.0,0.0,0.319,1312,2560,0,2420,512,0,0,0.0,0.9555,nan,edge/x86_64,unknown,3.12.3,2026-10-09T18:44:59Z
22,ML-DSA-44,post-quantum,2,keygen,0.0663,0.0,0.0,0.319,1312,2560,0,2420,0,0,0,0.0,0.9952,nan,edge/x86_64,unknown,3.12.3,2026-10-09T18:44:59Z
22,ML-DSA-44,post-quantum,2,sign,0.1624,0.0,0.0,0.319,1312,2560,0,2420,512,0,0,0.0,2.4367,nan,edge/x86_64,unknown,3.12.3,2026-10-09T18:44:59Z
22,ML-DSA-44,post-quantum,2,verify,0.0585,0.0,0.0,0.319,1312,2560,0,2420,512,0,0,0.0,0.8782,nan,edge/x86_64,unknown,3.12.3,2026-10-09T18:44:59Z
23,ML-DSA-44,post-quantum,2,keygen,0.1063,0.0,0.0,0.319,1312,2560,0,2420,0,0,0,0.0,1.5946,nan,edge/x86_64,unknown,3.12.3,2026-10-09T18:44:59Z
23,ML-DSA-44,post-quantum,2,sign,0.1398,0.0,0.0,0.319,1312,2560,0,2420,512,0,0,0.0,2.0972,nan,edge/x86_64,unknown,3.12.3,2026-10-09T18:44:59Z
23,ML-DSA-44,post-quantum,2,verify,0.0719,0.0,0.0,0.319,1312,2560,0,2420,512,0,0,0.0,1.0782,nan,edge/x86_64,unknown,3.12.3,2026-10-09T18:44:59Z
24,ML-DSA-44,post-quantum,2,keygen,0.0977,0.0,0.0,0.319,1312,2560,0,2420,0,0,0,0.0,1.466,nan,edge/x86_64,unknown,3.12.3,2026-10-09T18:44:59Z
24,ML-DSA-44,post-quantum,2,sign,0.0787,0.0,0.0,0.319,1312,2560,0,2420,512,0,0,0.0,1.1808,nan,edge/x86_64,unknown,3.12.3,2026-10-09T18:44:59Z
24,ML-DSA-44,post-quantum,2,verify,0.078,0.0,0.0,0.319,1312,2560,0,2420,512,0,0,0.0,1.1704,nan,edge/x86_64,unknown,3.12.3,2026-10-09T18:44:59Z
25,ML-DSA-44,post-quantum,2,keygen,0.0602,0.0,0.0,0.319,1312,2560,0,2420,0,0,0,0.0,0.9024,nan,edge/x86_64,unknown,3.12.3,2026-10-09T18:44:59Z
25,ML-DSA-44,post-quantum,2,sign,0.0758,0.0,0.0,0.319,1312,2560,0,2420,512,0,0,0.0,1.1373,nan,edge/x86_64,unknown,3.12.3,2026-10-09T18:44:59Z
25,ML-DSA-44,post-quantum,2,verify,0.0559,0.0,0.0,0.319,1312,2560,0,2420,512,0,0,0.0,0.838,nan,edge/x86_64,unknown,3.12.3,2026-10-09T18:44:59Z
26,ML-DSA-44,post-quantum,2,keygen,0.0623,0.0,0.0,0.319,1312,2560,0,2420,0,0,0,0.0,0.9351,nan,edge/x86_64,unknown,3.12.3,2026-10-09T18:44:59Z
26,ML-DSA-44,post-quantum,2,sign,0.2405,0.0,0.0,0.319,1312,2560,0,2420,512,0,0,0.0,3.6074,nan,edge/x86_64,unknown,3.12.3,2026-10-09T18:44:59Z
26,ML-DSA-44,post-quantum,2,verify,0.0555,0.0,0.0,0.319,1312,2560,0,2420,512,0,0,0.0,0.8332,nan,edge/x86_64,unknown,3.12.3,2026-10-09T18:44:59Z
27,ML-DSA-44,post-quantum,2,keygen,0.0613,0.0,0.0,0.319,1312,2560,0,2420,0,0,0,0.0,0.9196,nan,edge/x86_64,unknown,3.12.3,2026-10-09T18:44:59Z
27,ML-DSA-44,post-quantum,2,sign,0.1629,0.0,0.0,0.319,1312,2560,0,2420,512,0,0,0.0,2.4431,nan,edge/x86_64,unknown,3.12.3,2026-10-09T18:44:59Z
27,ML-DSA-44,post-quantum,2,verify,0.0937,0.0,0.0,0.319,1312,2560,0,2420,512,0,0,0.0,1.4051,nan,edge/x86_64,unknown,3.12.3,2026-10-09T18:44:59Z
28,ML-DSA-44,post-quantum,2,keygen,0.0744,0.0,0.0,0.319,1312,2560,0,2420,0,0,0,0.0,1.1153,nan,edge/x86_64,unknown,3.12.3,2026-10-09T18:44:59Z
28,ML-DSA-44,post-quantum,2,sign,0.1167,0.0,0.0,0.319,1312,2560,0,2420,512,0,0,0.0,1.7498,nan,edge/x86_64,unknown,3.12.3,2026-10-09T18:44:59Z
28,ML-DSA-44,post-quantum,2,verify,0.0607,0.0,0.0,0.319,1312,2560,0,2420,512,0,0,0.0,0.9102,nan,edge/x86_64,unknown,3.12.3,2026-10-09T18:44:59Z
29,ML-DSA-44,post-quantum,2,keygen,0.0639,0.0,0.0,0.319,1312,2560,0,2420,0,0,0,0.0,0.9578,nan,edge/x86_64,unknown,3.12.3,2026-10-09T18:44:59Z
29,ML-DSA-44,post-quantum,2,sign,0.2685,0.0,0.0,0.319,1312,2560,0,2420,512,0,0,0.0,4.027,nan,edge/x86_64,unknown,3.12.3,2026-10-09T18:44:59Z
29,ML-DSA-44,post-quantum,2,verify,0.0596,0.0,0.0,0.319,1312,2560,0,2420,512,0,0,0.0,0.894,nan,edge/x86_64,unknown,3.12.3,2026-10-09T18:44:59Z
30,ML-DSA-44,post-quantum,2,keygen,0.0645,0.0,0.0,0.319,1312,2560,0,2420,0,0,0,0.0,0.9676,nan,edge/x86_64,unknown,3.12.3,2026-10-09T18:44:59Z
30,ML-DSA-44,post-quantum,2,sign,0.211,0.0,0.0,0.319,1312,2560,0,2420,512,0,0,0.0,3.165,nan,edge/x86_64,unknown,3.12.3,2026-10-09T18:44:59Z
30,ML-DSA-44,post-quantum,2,verify,0.0608,0.0,0.0,0.319,1312,2560,0,2420,512,0,0,0.0,0.9123,nan,edge/x86_64,unknown,3.12.3,2026-10-09T18:44:59Z
31,ML-DSA-44,post-quantum,2,keygen,0.0621,0.0,0.0,0.319,1312,2560,0,2420,0,0,0,0.0,0.9311,nan,edge/x86_64,unknown,3.12.3,2026-10-09T18:44:59Z
31,ML-DSA-44,post-quantum,2,sign,0.1026,0.0,0.0,0.319,1312,2560,0,2420,512,0,0,0.0,1.5397,nan,edge/x86_64,unknown,3.12.3,2026-10-09T18:44:59Z
31,ML-DSA-44,post-quantum,2,verify,0.0597,0.0,0.0,0.319,1312,2560,0,2420,512,0,0,0.0,0.8949,nan,edge/x86_64,unknown,3.12.3,2026-10-09T18:44:59Z
32,ML-DSA-44,post-quantum,2,keygen,0.0636,0.0,0.0,0.319,1312,2560,0,2420,0,0,0,0.0,0.9539,nan,edge/x86_64,unknown,3.12.3,2026-10-09T18:44:59Z
32,ML-DSA-44,post-quantum,2,sign,0.1734,0.0,0.0,0.319,1312,2560,0,2420,512,0,0,0.0,2.6014,nan,edge/x86_64,unknown,3.12.3,2026-10-09T18:44:59Z
32,ML-DSA-44,post-quantum,2,verify,0.0568,0.0,0.0,0.319,1312,2560,0,2420,512,0,0,0.0,0.8519,nan,edge/x86_64,unknown,3.12.3,2026-10-09T18:44:59Z
33,ML-DSA-44,post-quantum,2,keygen,0.0805,0.0,0.0,0.319,1312,2560,0,2420,0,0,0,0.0,1.2081,nan,edge/x86_64,unknown,3.12.3,2026-10-09T18:44:59Z
33,ML-DSA-44,post-quantum,2,sign,0.289,0.0,0.0,0.319,1312,2560,0,2420,512,0,0,0.0,4.3353,nan,edge/x86_64,unknown,3.12.3,2026-10-09T18:44:59Z
33,ML-DSA-44,post-quantum,2,verify,0.0764,0.0,0.0,0.319,1312,2560,0,2420,512,0,0,0.0,1.1465,nan,edge/x86_64,unknown,3.12.3,2026-10-09T18:44:59Z
34,ML-DSA-44,post-quantum,2,keygen,0.0816,0.0,0.0,0.319,1312,2560,0,2420,0,0,0,0.0,1.2237,nan,edge/x86_64,unknown,3.12.3,2026-10-09T18:44:59Z
34,ML-DSA-44,post-quantum,2,sign,0.0924,0.0,0.0,0.319,1312,2560,0,2420,512,0,0,0.0,1.3866,nan,edge/x86_64,unknown,3.12.3,2026-10-09T18:44:59Z
34,ML-DSA-44,post-quantum,2,verify,0.0718,0.0,0.0,0.319,1312,2560,0,2420,512,0,0,0.0,1.0769,nan,edge/x86_64,unknown,3.12.3,2026-10-09T18:44:59Z
35,ML-DSA-44,post-quantum,2,keygen,0.0626,0.0,0.0,0.319,1312,2560,0,2420,0,0,0,0.0,0.9383,nan,edge/x86_64,unknown,3.12.3,2026-10-09T18:44:59Z
35,ML-DSA-44,post-quantum,2,sign,0.1325,0.0,0.0,0.319,1312,2560,0,2420,512,0,0,0.0,1.9874,nan,edge/x86_64,unknown,3.12.3,2026-10-09T18:44:59Z
35,ML-DSA-44,post-quantum,2,verify,0.0563,0.0,0.0,0.319,1312,2560,0,2420,512,0,0,0.0,0.8444,nan,edge/x86_64,unknown,3.12.3,2026-10-09T18:44:59Z
36,ML-DSA-44,post-quantum,2,keygen,0.0604,0.0,0.0,0.319,1312,2560,0,2420,0,0,0,0.0,0.9065,nan,edge/x86_64,unknown,3.12.3,2026-10-09T18:44:59Z
36,ML-DSA-44,post-quantum,2,sign,0.0949,0.0,0.0,0.319,1312,2560,0,2420,512,0,0,0.0,1.4238,nan,edge/x86_64,unknown,3.12.3,2026-10-09T18:44:59Z
36,ML-DSA-44,post-quantum,2,verify,0.0899,0.0,0.0,0.319,1312,2560,0,2420,512,0,0,0.0,1.3485,nan,edge/x86_64,unknown,3.12.3,2026-10-09T18:44:59Z
37,ML-DSA-44,post-quantum,2,keygen,0.0641,0.0,0.0,0.319,1312,2560,0,2420,0,0,0,0.0,0.9609,nan,edge/x86_64,unknown,3.12.3,2026-10-09T18:44:59Z
37,ML-DSA-44,post-quantum,2,sign,0.1469,0.0,0.0,0.319,1312,2560,0,2420,512,0,0,0.0,2.2041,nan,edge/x86_64,unknown,3.12.3,2026-10-09T18:44:59Z
37,ML-DSA-44,post-quantum,2,verify,0.0583,0.0,0.0,0.319,1312,2560,0,2420,512,0,0,0.0,0.8751,nan,edge/x86_64,unknown,3.12.3,2026-10-09T18:44:59Z
38,ML-DSA-44,post-quantum,2,keygen,0.0586,0.0,0.0,0.319,1312,2560,0,2420,0,0,0,0.0,0.8791,nan,edge/x86_64,unknown,3.12.3,2026-10-09T18:44:59Z
38,ML-DSA-44,post-quantum,2,sign,0.2062,0.0,0.0,0.319,1312,2560,0,2420,512,0,0,0.0,3.0937,nan,edge/x86_64,unknown,3.12.3,2026-10-09T18:44:59Z
38,ML-DSA-44,post-quantum,2,verify,0.0578,0.0,0.0,0.319,1312,2560,0,2420,512,0,0,0.0,0.8664,nan,edge/x86_64,unknown,3.12.3,2026-10-09T18:44:59Z
39,ML-DSA-44,post-quantum,2,keygen,0.0607,0.0,0.0,0.319,1312,2560,0,2420,0,0,0,0.0,0.9103,nan,edge/x86_64,unknown,3.12.3,2026-10-09T18:44:59Z
39,ML-DSA-44,post-quantum,2,sign,0.7084,0.0,0.0,0.319,1312,2560,0,2420,512,0,0,0.0,10.6266,nan,edge/x86_64,unknown,3.12.3,2026-10-09T18:44:59Z
39,ML-DSA-44,post-quantum,2,verify,0.0746,0.0,0.0,0.319,1312,2560,0,2420,512,0,0,0.0,1.1192,nan,edge/x86_64,unknown,3.12.3,2026-10-09T18:44:59Z
40,ML-DSA-44,post-quantum,2,keygen,0.1248,0.0,0.0,0.319,1312,2560,0,2420,0,0,0,0.0,1.8717,nan,edge/x86_64,unknown,3.12.3,2026-10-09T18:44:59Z
40,ML-DSA-44,post-quantum,2,sign,0.1758,0.0,0.0,0.319,1312,2560,0,2420,512,0,0,0.0,2.6371,nan,edge/x86_64,unknown,3.12.3,2026-10-09T18:44:59Z
40,ML-DSA-44,post-quantum,2,verify,0.0595,0.0,0.0,0.319,1312,2560,0,2420,512,0,0,0.0,0.8921,nan,edge/x86_64,unknown,3.12.3,2026-10-09T18:44:59Z
41,ML-DSA-44,post-quantum,2,keygen,0.0688,0.0,0.0,0.319,1312,2560,0,2420,0,0,0,0.0,1.0319,nan,edge/x86_64,unknown,3.12.3,2026-10-09T18:44:59Z
41,ML-DSA-44,post-quantum,2,sign,0.1191,0.0,0.0,0.319,1312,2560,0,2420,512,0,0,0.0,1.7868,nan,edge/x86_64,unknown,3.12.3,2026-10-09T18:44:59Z
41,ML-DSA-44,post-quantum,2,verify,0.0588,0.0,0.0,0.319,1312,2560,0,2420,512,0,0,0.0,0.8819,nan,edge/x86_64,unknown,3.12.3,2026-10-09T18:44:59Z
42,ML-DSA-44,post-quantum,2,keygen,0.0595,0.0,0.0,0.319,1312,2560,0,2420,0,0,0,0.0,0.8923,nan,edge/x86_64,unknown,3.12.3,2026-10-09T18:44:59Z
42,ML-DSA-44,post-quantum,2,sign,0.2339,0.0,0.0,0.319,1312,2560,0,2420,512,0,0,0.0,3.5087,nan,edge/x86_64,unknown,3.12.3,2026-10-09T18:44:59Z
42,ML-DSA-44,post-quantum,2,verify,0.059,0.0,0.0,0.319,1312,2560,0,2420,512,0,0,0.0,0.8854,nan,edge/x86_64,unknown,3.12.3,2026-10-09T18:44:59Z
43,ML-DSA-44,post-quantum,2,keygen,0.061,0.0,0.0,0.319,1312,2560,0,2420,0,0,0,0.0,0.9148,nan,edge/x86_64,unknown,3.12.3,2026-10-09T18:44:59Z
43,ML-DSA-44,post-quantum,2,sign,0.1116,0.0,0.0,0.319,1312,2560,0,2420,512,0,0,0.0,1.6733,nan,edge/x86_64,unknown,3.12.3,2026-10-09T18:44:59Z
43,ML-DSA-44,post-quantum,2,verify,0.1187,0.0,0.0,0.319,1312,2560,0,2420,512,0,0,0.0,1.7812,nan,edge/x86_64,unknown,3.12.3,2026-10-09T18:44:59Z
44,ML-DSA-44,post-quantum,2,keygen,0.2009,0.0,0.0,0.319,1312,2560,0,2420,0,0,0,0.0,3.0139,nan,edge/x86_64,unknown,3.12.3,2026-10-09T18:44:59Z
44,ML-DSA-44,post-quantum,2,sign,0.138,0.0,0.0,0.319,1312,2560,0,2420,512,0,0,0.0,2.0704,nan,edge/x86_64,unknown,3.12.3,2026-10-09T18:44:59Z
44,ML-DSA-44,post-quantum,2,verify,0.0596,0.0,0.0,0.319,1312,2560,0,2420,512,0,0,0.0,0.8943,nan,edge/x86_64,unknown,3.12.3,2026-10-09T18:44:59Z
45,ML-DSA-44,post-quantum,2,keygen,0.0716,0.0,0.0,0.319,1312,2560,0,2420,0,0,0,0.0,1.0742,nan,edge/x86_64,unknown,3.12.3,2026-10-09T18:44:59Z
45,ML-DSA-44,post-quantum,2,sign,0.1166,0.0,0.0,0.319,1312,2560,0,2420,512,0,0,0.0,1.7492,nan,edge/x86_64,unknown,3.12.3,2026-10-09T18:44:59Z
45,ML-DSA-44,post-quantum,2,verify,0.0585,0.0,0.0,0.319,1312,2560,0,2420,512,0,0,0.0,0.8775,nan,edge/x86_64,unknown,3.12.3,2026-10-09T18:44:59Z
46,ML-DSA-44,post-quantum,2,keygen,0.0609,0.0,0.0,0.319,1312,2560,0,2420,0,0,0,0.0,0.9131,nan,edge/x86_64,unknown,3.12.3,2026-10-09T18:44:59Z
46,ML-DSA-44,post-quantum,2,sign,0.1423,0.0,0.0,0.319,1312,2560,0,2420,512,0,0,0.0,2.1347,nan,edge/x86_64,unknown,3.12.3,2026-10-09T18:44:59Z
46,ML-DSA-44,post-quantum,2,verify,0.0551,0.0,0.0,0.319,1312,2560,0,2420,512,0,0,0.0,0.8262,nan,edge/x86_64,unknown,3.12.3,2026-10-09T18:44:59Z
47,ML-DSA-44,post-quantum,2,keygen,0.085,0.0,0.0,0.319,1312,2560,0,2420,0,0,0,0.0,1.2752,nan,edge/x86_64,unknown,3.12.3,2026-10-09T18:44:59Z
47,ML-DSA-44,post-quantum,2,sign,0.1231,0.0,0.0,0.319,1312,2560,0,2420,512,0,0,0.0,1.8461,nan,edge/x86_64,unknown,3.12.3,2026-10-09T18:44:59Z
47,ML-DSA-44,post-quantum,2,verify,0.0565,0.0,0.0,0.319,1312,2560,0,2420,512,0,0,0.0,0.8475,nan,edge/x86_64,unknown,3.12.3,2026-10-09T18:44:59Z
48,ML-DSA-44,post-quantum,2,keygen,0.0605,0.0,0.0,0.319,1312,2560,0,2420,0,0,0,0.0,0.9072,nan,edge/x86_64,unknown,3.12.3,2026-10-09T18:44:59Z
48,ML-DSA-44,post-quantum,2,sign,0.117,0.0,0.0,0.319,1312,2560,0,2420,512,0,0,0.0,1.7549,nan,edge/x86_64,unknown,3.12.3,2026-10-09T18:44:59Z
48,ML-DSA-44,post-quantum,2,verify,0.0568,0.0,0.0,0.319,1312,2560,0,2420,512,0,0,0.0,0.8519,nan,edge/x86_64,unknown,3.12.3,2026-10-09T18:44:59Z
49,ML-DSA-44,post-quantum,2,keygen,0.0603,0.0,0.0,0.319,1312,2560,0,2420,0,0,0,0.0,0.9052,nan,edge/x86_64,unknown,3.12.3,2026-10-09T18:44:59Z
49,ML-DSA-44,post-quantum,2,sign,0.1754,0.0,0.0,0.319,1312,2560,0,2420,512,0,0,0.0,2.6304,nan,edge/x86_64,unknown,3.12.3,2026-10-09T18:44:59Z
49,ML-DSA-44,post-quantum,2,verify,0.0902,0.0,0.0,0.319,1312,2560,0,2420,512,0,0,0.0,1.3533,nan,edge/x86_64,unknown,3.12.3,2026-10-09T18:44:59Z
50,ML-DSA-44,post-quantum,2,keygen,0.1144,0.0,0.0,0.319,1312,2560,0,2420,0,0,0,0.0,1.7158,nan,edge/x86_64,unknown,3.12.3,2026-10-09T18:44:59Z
50,ML-DSA-44,post-quantum,2,sign,0.1859,0.0,0.0,0.319,1312,2560,0,2420,512,0,0,0.0,2.7888,nan,edge/x86_64,unknown,3.12.3,2026-10-09T18:44:59Z
50,ML-DSA-44,post-quantum,2,verify,0.0609,0.0,0.0,0.319,1312,2560,0,2420,512,0,0,0.0,0.9136,nan,edge/x86_64,unknown,3.12.3,2026-10-09T18:44:59Z
51,ML-DSA-44,post-quantum,2,keygen,0.0635,0.0,0.0,0.319,1312,2560,0,2420,0,0,0,0.0,0.9523,nan,edge/x86_64,unknown,3.12.3,2026-10-09T18:44:59Z
51,ML-DSA-44,post-quantum,2,sign,0.1098,0.0,0.0,0.319,1312,2560,0,2420,512,0,0,0.0,1.6477,nan,edge/x86_64,unknown,3.12.3,2026-10-09T18:44:59Z
51,ML-DSA-44,post-quantum,2,verify,0.0601,0.0,0.0,0.319,1312,2560,0,2420,512,0,0,0.0,0.9018,nan,edge/x86_64,unknown,3.12.3,2026-10-09T18:44:59Z
52,ML-DSA-44,post-quantum,2,keygen,0.061,0.0,0.0,0.319,1312,2560,0,2420,0,0,0,0.0,0.9154,nan,edge/x86_64,unknown,3.12.3,2026-10-09T18:44:59Z
52,ML-DSA-44,post-quantum,2,sign,0.2126,0.0,0.0,0.319,1312,2560,0,2420,512,0,0,0.0,3.1897,nan,edge/x86_64,unknown,3.12.3,2026-10-09T18:44:59Z
52,ML-DSA-44,post-quantum,2,verify,0.093,0.0,0.0,0.319,1312,2560,0,2420,512,0,0,0.0,1.395,nan,edge/x86_64,unknown,3.12.3,2026-10-09T18:44:59Z
53,ML-DSA-44,post-quantum,2,keygen,0.0652,0.0,0.0,0.319,1312,2560,0,2420,0,0,0,0.0,0.9775,nan,edge/x86_64,unknown,3.12.3,2026-10-09T18:44:59Z
53,ML-DSA-44,post-quantum,2,sign,0.3649,0.0,0.0,0.319,1312,2560,0,2420,512,0,0,0.0,5.4733,nan,edge/x86_64,unknown,3.12.3,2026-10-09T18:44:59Z
53,ML-DSA-44,post-quantum,2,verify,0.0641,0.0,0.0,0.319,1312,2560,0,2420,512,0,0,0.0,0.9612,nan,edge/x86_64,unknown,3.12.3,2026-10-09T18:44:59Z
54,ML-DSA-44,post-quantum,2,keygen,0.0655,0.0,0.0,0.319,1312,2560,0,2420,0,0,0,0.0,0.9819,nan,edge/x86_64,unknown,3.12.3,2026-10-09T18:44:59Z
54,ML-DSA-44,post-quantum,2,sign,0.2054,0.0,0.0,0.319,1312,2560,0,2420,512,0,0,0.0,3.0815,nan,edge/x86_64,unknown,3.12.3,2026-10-09T18:44:59Z
54,ML-DSA-44,post-quantum,2,verify,0.0614,0.0,0.0,0.319,1312,2560,0,2420,512,0,0,0.0,0.921,nan,edge/x86_64,unknown,3.12.3,2026-10-09T18:44:59Z
55,ML-DSA-44,post-quantum,2,keygen,0.0938,0.0,0.0,0.319,1312,2560,0,2420,0,0,0,0.0,1.4065,nan,edge/x86_64,unknown,3.12.3,2026-10-09T18:44:59Z
55,ML-DSA-44,post-quantum,2,sign,0.2544,0.0,0.0,0.319,1312,2560,0,2420,512,0,0,0.0,3.8161,nan,edge/x86_64,unknown,3.12.3,2026-10-09T18:44:59Z
55,ML-DSA-44,post-quantum,2,verify,0.0657,0.0,0.0,0.319,1312,2560,0,2420,512,0,0,0.0,0.986,nan,edge/x86_64,unknown,3.12.3,2026-10-09T18:44:59Z
56,ML-DSA-44,post-quantum,2,keygen,0.0708,0.0,0.0,0.319,1312,2560,0,2420,0,0,0,0.0,1.0627,nan,edge/x86_64,unknown,3.12.3,2026-10-09T18:44:59Z
56,ML-DSA-44,post-quantum,2,sign,0.1418,0.0,0.0,0.319,1312,2560,0,2420,512,0,0,0.0,2.1269,nan,edge/x86_64,unknown,3.12.3,2026-10-09T18:44:59Z
56,ML-DSA-44,post-quantum,2,verify,0.058,0.0,0.0,0.319,1312,2560,0,2420,512,0,0,0.0,0.8703,nan,edge/x86_64,unknown,3.12.3,2026-10-09T18:44:59Z
57,ML-DSA-44,post-quantum,2,keygen,0.0616,0.0,0.0,0.319,1312,2560,0,2420,0,0,0,0.0,0.9246,nan,edge/x86_64,unknown,3.12.3,2026-10-09T18:44:59Z
57,ML-DSA-44,post-quantum,2,sign,0.3456,0.0,0.0,0.319,1312,2560,0,2420,512,0,0,0.0,5.1839,nan,edge/x86_64,unknown,3.12.3,2026-10-09T18:44:59Z
57,ML-DSA-44,post-quantum,2,verify,0.0612,0.0,0.0,0.319,1312,2560,0,2420,512,0,0,0.0,0.9182,nan,edge/x86_64,unknown,3.12.3,2026-10-09T18:44:59Z
58,ML-DSA-44,post-quantum,2,keygen,0.0631,0.0,0.0,0.319,1312,2560,0,2420,0,0,0,0.0,0.9467,nan,edge/x86_64,unknown,3.12.3,2026-10-09T18:44:59Z
58,ML-DSA-44,post-quantum,2,sign,0.0933,0.0,0.0,0.319,1312,2560,0,2420,512,0,0,0.0,1.3995,nan,edge/x86_64,unknown,3.12.3,2026-10-09T18:44:59Z
58,ML-DSA-44,post-quantum,2,verify,0.0581,0.0,0.0,0.319,1312,2560,0,2420,512,0,0,0.0,0.8714,nan,edge/x86_64,unknown,3.12.3,2026-10-09T18:44:59Z
59,ML-DSA-44,post-quantum,2,keygen,0.0644,0.0,0.0,0.319,1312,2560,0,2420,0,0,0,0.0,0.9664,nan,edge/x86_64,unknown,3.12.3,2026-10-09T18:44:59Z
59,ML-DSA-44,post-quantum,2,sign,0.0971,0.0,0.0,0.319,1312,2560,0,2420,512,0,0,0.0,1.4561,nan,edge/x86_64,unknown,3.12.3,2026-10-09T18:44:59Z
59,ML-DSA-44,post-quantum,2,verify,0.0594,0.0,0.0,0.319,1312,2560,0,2420,512,0,0,0.0,0.8911,nan,edge/x86_64,unknown,3.12.3,2026-10-09T18:44:59Z
60,ML-DSA-44,post-quantum,2,keygen,0.0614,0.0,0.0,0.319,1312,2560,0,2420,0,0,0,0.0,0.9215,nan,edge/x86_64,unknown,3.12.3,2026-10-09T18:44:59Z
60,ML-DSA-44,post-quantum,2,sign,0.0949,0.0,0.0,0.319,1312,2560,0,2420,512,0,0,0.0,1.423,nan,edge/x86_64,unknown,3.12.3,2026-10-09T18:44:59Z
60,ML-DSA-44,post-quantum,2,verify,0.0565,0.0,0.0,0.319,1312,2560,0,2420,512,0,0,0.0,0.8471,nan,edge/x86_64,unknown,3.12.3,2026-10-09T18:44:59Z
61,ML-DSA-44,post-quantum,2,keygen,0.0595,0.0,0.0,0.319,1312,2560,0,2420,0,0,0,0.0,0.8927,nan,edge/x86_64,unknown,3.12.3,2026-10-09T18:44:59Z
61,ML-DSA-44,post-quantum,2,sign,0.1046,0.0,0.0,0.319,1312,2560,0,2420,512,0,0,0.0,1.5694,nan,edge/x86_64,unknown,3.12.3,2026-10-09T18:44:59Z
61,ML-DSA-44,post-quantum,2,verify,0.0923,0.0,0.0,0.319,1312,2560,0,2420,512,0,0,0.0,1.3842,nan,edge/x86_64,unknown,3.12.3,2026-10-09T18:44:59Z
62,ML-DSA-44,post-quantum,2,keygen,0.0749,0.0,0.0,0.319,1312,2560,0,2420,0,0,0,0.0,1.1237,nan,edge/x86_64,unknown,3.12.3,2026-10-09T18:44:59Z
62,ML-DSA-44,post-quantum,2,sign,0.0828,0.0,0.0,0.319,1312,2560,0,2420,512,0,0,0.0,1.2424,nan,edge/x86_64,unknown,3.12.3,2026-10-09T18:44:59Z
62,ML-DSA-44,post-quantum,2,verify,0.0855,0.0,0.0,0.319,1312,2560,0,2420,512,0,0,0.0,1.2824,nan,edge/x86_64,unknown,3.12.3,2026-10-09T18:44:59Z
63,ML-DSA-44,post-quantum,2,keygen,0.0646,0.0,0.0,0.319,1312,2560,0,2420,0,0,0,0.0,0.9684,nan,edge/x86_64,unknown,3.12.3,2026-10-09T18:44:59Z
63,ML-DSA-44,post-quantum,2,sign,0.0765,0.0,0.0,0.319,1312,2560,0,2420,512,0,0,0.0,1.1477,nan,edge/x86_64,unknown,3.12.3,2026-10-09T18:44:59Z
63,ML-DSA-44,post-quantum,2,verify,0.058,0.0,0.0,0.319,1312,2560,0,2420,512,0,0,0.0,0.8699,nan,edge/x86_64,unknown,3.12.3,2026-10-09T18:44:59Z
64,ML-DSA-44,post-quantum,2,keygen,0.0616,0.0,0.0,0.319,1312,2560,0,2420,0,0,0,0.0,0.9247,nan,edge/x86_64,unknown,3.12.3,2026-10-09T18:44:59Z
64,ML-DSA-44,post-quantum,2,sign,0.1223,0.0,0.0,0.319,1312,2560,0,2420,512,0,0,0.0,1.8346,nan,edge/x86_64,unknown,3.12.3,2026-10-09T18:44:59Z
64,ML-DSA-44,post-quantum,2,verify,0.0558,0.0,0.0,0.319,1312,2560,0,2420,512,0,0,0.0,0.8377,nan,edge/x86_64,unknown,3.12.3,2026-10-09T18:44:59Z
65,ML-DSA-44,post-quantum,2,keygen,0.1037,0.0,0.0,0.319,1312,2560,0,2420,0,0,0,0.0,1.5558,nan,edge/x86_64,unknown,3.12.3,2026-10-09T18:44:59Z
65,ML-DSA-44,post-quantum,2,sign,0.0806,0.0,0.0,0.319,1312,2560,0,2420,512,0,0,0.0,1.2092,nan,edge/x86_64,unknown,3.12.3,2026-10-09T18:44:59Z
65,ML-DSA-44,post-quantum,2,verify,0.0581,0.0,0.0,0.319,1312,2560,0,2420,512,0,0,0.0,0.8714,nan,edge/x86_64,unknown,3.12.3,2026-10-09T18:44:59Z
66,ML-DSA-44,post-quantum,2,keygen,0.0613,0.0,0.0,0.319,1312,2560,0,2420,0,0,0,0.0,0.919,nan,edge/x86_64,unknown,3.12.3,2026-10-09T18:44:59Z
66,ML-DSA-44,post-quantum,2,sign,0.1637,0.0,0.0,0.319,1312,2560,0,2420,512,0,0,0.0,2.4558,nan,edge/x86_64,unknown,3.12.3,2026-10-09T18:44:59Z
66,ML-DSA-44,post-quantum,2,verify,0.0573,0.0,0.0,0.319,1312,2560,0,2420,512,0,0,0.0,0.8589,nan,edge/x86_64,unknown,3.12.3,2026-10-09T18:44:59Z
67,ML-DSA-44,post-quantum,2,keygen,0.0594,0.0,0.0,0.319,1312,2560,0,2420,0,0,0,0.0,0.8907,nan,edge/x86_64,unknown,3.12.3,2026-10-09T18:44:59Z
67,ML-DSA-44,post-quantum,2,sign,0.3618,0.0,0.0,0.319,1312,2560,0,2420,512,0,0,0.0,5.4267,nan,edge/x86_64,unknown,3.12.3,2026-10-09T18:44:59Z
67,ML-DSA-44,post-quantum,2,verify,0.1349,0.0,0.0,0.319,1312,2560,0,2420,512,0,0,0.0,2.0236,nan,edge/x86_64,unknown,3.12.3,2026-10-09T18:44:59Z
68,ML-DSA-44,post-quantum,2,keygen,0.1094,0.0,0.0,0.319,1312,2560,0,2420,0,0,0,0.0,1.6411,nan,edge/x86_64,unknown,3.12.3,2026-10-09T18:44:59Z
68,ML-DSA-44,post-quantum,2,sign,0.1081,0.0,0.0,0.319,1312,2560,0,2420,512,0,0,0.0,1.621,nan,edge/x86_64,unknown,3.12.3,2026-10-09T18:44:59Z
68,ML-DSA-44,post-quantum,2,verify,0.0628,0.0,0.0,0.319,1312,2560,0,2420,512,0,0,0.0,0.9414,nan,edge/x86_64,unknown,3.12.3,2026-10-09T18:44:59Z
69,ML-DSA-44,post-quantum,2,keygen,0.0654,0.0,0.0,0.319,1312,2560,0,2420,0,0,0,0.0,0.9808,nan,edge/x86_64,unknown,3.12.3,2026-10-09T18:44:59Z
69,ML-DSA-44,post-quantum,2,sign,0.0993,0.0,0.0,0.319,1312,2560,0,2420,512,0,0,0.0,1.4892,nan,edge/x86_64,unknown,3.12.3,2026-10-09T18:44:59Z
69,ML-DSA-44,post-quantum,2,verify,0.0588,0.0,0.0,0.319,1312,2560,0,2420,512,0,0,0.0,0.8813,nan,edge/x86_64,unknown,3.12.3,2026-10-09T18:44:59Z
70,ML-DSA-44,post-quantum,2,keygen,0.0613,0.0,0.0,0.319,1312,2560,0,2420,0,0,0,0.0,0.9195,nan,edge/x86_64,unknown,3.12.3,2026-10-09T18:44:59Z
70,ML-DSA-44,post-quantum,2,sign,0.1158,0.0,0.0,0.319,1312,2560,0,2420,512,0,0,0.0,1.7364,nan,edge/x86_64,unknown,3.12.3,2026-10-09T18:44:59Z
70,ML-DSA-44,post-quantum,2,verify,0.0592,0.0,0.0,0.319,1312,2560,0,2420,512,0,0,0.0,0.8878,nan,edge/x86_64,unknown,3.12.3,2026-10-09T18:44:59Z
71,ML-DSA-44,post-quantum,2,keygen,0.0612,0.0,0.0,0.319,1312,2560,0,2420,0,0,0,0.0,0.9185,nan,edge/x86_64,unknown,3.12.3,2026-10-09T18:44:59Z
71,ML-DSA-44,post-quantum,2,sign,0.1171,0.0,0.0,0.319,1312,2560,0,2420,512,0,0,0.0,1.7566,nan,edge/x86_64,unknown,3.12.3,2026-10-09T18:44:59Z
71,ML-DSA-44,post-quantum,2,verify,0.08,0.0,0.0,0.319,1312,2560,0,2420,512,0,0,0.0,1.1994,nan,edge/x86_64,unknown,3.12.3,2026-10-09T18:44:59Z
72,ML-DSA-44,post-quantum,2,keygen,0.0638,0.0,0.0,0.319,1312,2560,0,2420,0,0,0,0.0,0.9569,nan,edge/x86_64,unknown,3.12.3,2026-10-09T18:44:59Z
72,ML-DSA-44,post-quantum,2,sign,0.0955,0.0,0.0,0.319,1312,2560,0,2420,512,0,0,0.0,1.4318,nan,edge/x86_64,unknown,3.12.3,2026-10-09T18:44:59Z
72,ML-DSA-44,post-quantum,2,verify,0.0572,0.0,0.0,0.319,1312,2560,0,2420,512,0,0,0.0,0.8575,nan,edge/x86_64,unknown,3.12.3,2026-10-09T18:44:59Z
73,ML-DSA-44,post-quantum,2,keygen,0.0595,0.0,0.0,0.319,1312,2560,0,2420,0,0,0,0.0,0.8918,nan,edge/x86_64,unknown,3.12.3,2026-10-09T18:44:59Z
73,ML-DSA-44,post-quantum,2,sign,0.1067,0.0,0.0,0.319,1312,2560,0,2420,512,0,0,0.0,1.6003,nan,edge/x86_64,unknown,3.12.3,2026-10-09T18:44:59Z
73,ML-DSA-44,post-quantum,2,verify,0.0559,0.0,0.0,0.319,1312,2560,0,2420,512,0,0,0.0,0.8385,nan,edge/x86_64,unknown,3.12.3,2026-10-09T18:44:59Z
74,ML-DSA-44,post-quantum,2,keygen,0.0587,0.0,0.0,0.319,1312,2560,0,2420,0,0,0,0.0,0.8798,nan,edge/x86_64,unknown,3.12.3,2026-10-09T18:44:59Z
74,ML-DSA-44,post-quantum,2,sign,0.1991,0.0,0.0,0.319,1312,2560,0,2420,512,0,0,0.0,2.9868,nan,edge/x86_64,unknown,3.12.3,2026-10-09T18:44:59Z
74,ML-DSA-44,post-quantum,2,verify,0.0725,0.0,0.0,0.319,1312,2560,0,2420,512,0,0,0.0,1.0877,nan,edge/x86_64,unknown,3.12.3,2026-10-09T18:44:59Z
75,ML-DSA-44,post-quantum,2,keygen,0.0618,0.0,0.0,0.319,1312,2560,0,2420,0,0,0,0.0,0.9272,nan,edge/x86_64,unknown,3.12.3,2026-10-09T18:44:59Z
75,ML-DSA-44,post-quantum,2,sign,0.1524,0.0,0.0,0.319,1312,2560,0,2420,512,0,0,0.0,2.2856,nan,edge/x86_64,unknown,3.12.3,2026-10-09T18:44:59Z
75,ML-DSA-44,post-quantum,2,verify,0.0654,0.0,0.0,0.319,1312,2560,0,2420,512,0,0,0.0,0.9806,nan,edge/x86_64,unknown,3.12.3,2026-10-09T18:44:59Z
76,ML-DSA-44,post-quantum,2,keygen,0.0639,0.0,0.0,0.319,1312,2560,0,2420,0,0,0,0.0,0.9585,nan,edge/x86_64,unknown,3.12.3,2026-10-09T18:44:59Z
76,ML-DSA-44,post-quantum,2,sign,0.146,0.0,0.0,0.319,1312,2560,0,2420,512,0,0,0.0,2.1897,nan,edge/x86_64,unknown,3.12.3,2026-10-09T18:44:59Z
76,ML-DSA-44,post-quantum,2,verify,0.0568,0.0,0.0,0.319,1312,2560,0,2420,512,0,0,0.0,0.8516,nan,edge/x86_64,unknown,3.12.3,2026-10-09T18:44:59Z
77,ML-DSA-44,post-quantum,2,keygen,0.0598,0.0,0.0,0.319,1312,2560,0,2420,0,0,0,0.0,0.8969,nan,edge/x86_64,unknown,3.12.3,2026-10-09T18:44:59Z
77,ML-DSA-44,post-quantum,2,sign,0.2965,0.0,0.0,0.319,1312,2560,0,2420,512,0,0,0.0,4.4479,nan,edge/x86_64,unknown,3.12.3,2026-10-09T18:44:59Z
77,ML-DSA-44,post-quantum,2,verify,0.08,0.0,0.0,0.319,1312,2560,0,2420,512,0,0,0.0,1.2004,nan,edge/x86_64,unknown,3.12.3,2026-10-09T18:44:59Z
78,ML-DSA-44,post-quantum,2,keygen,0.0665,0.0,0.0,0.319,1312,2560,0,2420,0,0,0,0.0,0.998,nan,edge/x86_64,unknown,3.12.3,2026-10-09T18:44:59Z
78,ML-DSA-44,post-quantum,2,sign,0.2054,0.0,0.0,0.319,1312,2560,0,2420,512,0,0,0.0,3.0809,nan,edge/x86_64,unknown,3.12.3,2026-10-09T18:44:59Z
78,ML-DSA-44,post-quantum,2,verify,0.0672,0.0,0.0,0.319,1312,2560,0,2420,512,0,0,0.0,1.0074,nan,edge/x86_64,unknown,3.12.3,2026-10-09T18:44:59Z
79,ML-DSA-44,post-quantum,2,keygen,0.0759,0.0,0.0,0.319,1312,2560,0,2420,0,0,0,0.0,1.1382,nan,edge/x86_64,unknown,3.12.3,2026-10-09T18:44:59Z
79,ML-DSA-44,post-quantum,2,sign,0.1756,0.0,0.0,0.319,1312,2560,0,2420,512,0,0,0.0,2.6335,nan,edge/x86_64,unknown,3.12.3,2026-10-09T18:44:59Z
79,ML-DSA-44,post-quantum,2,verify,0.0585,0.0,0.0,0.319,1312,2560,0,2420,512,0,0,0.0,0.8771,nan,edge/x86_64,unknown,3.12.3,2026-10-09T18:44:59Z
80,ML-DSA-44,post-quantum,2,keygen,0.0618,0.0,0.0,0.319,1312,2560,0,2420,0,0,0,0.0,0.9275,nan,edge/x86_64,unknown,3.12.3,2026-10-09T18:44:59Z
80,ML-DSA-44,post-quantum,2,sign,0.1346,0.0,0.0,0.319,1312,2560,0,2420,512,0,0,0.0,2.0185,nan,edge/x86_64,unknown,3.12.3,2026-10-09T18:44:59Z
80,ML-DSA-44,post-quantum,2,verify,0.0598,0.0,0.0,0.319,1312,2560,0,2420,512,0,0,0.0,0.897,nan,edge/x86_64,unknown,3.12.3,2026-10-09T18:44:59Z
81,ML-DSA-44,post-quantum,2,keygen,0.0633,0.0,0.0,0.319,1312,2560,0,2420,0,0,0,0.0,0.9494,nan,edge/x86_64,unknown,3.12.3,2026-10-09T18:44:59Z
81,ML-DSA-44,post-quantum,2,sign,0.1683,0.0,0.0,0.319,1312,2560,0,2420,512,0,0,0.0,2.524,nan,edge/x86_64,unknown,3.12.3,2026-10-09T18:44:59Z
81,ML-DSA-44,post-quantum,2,verify,0.0601,0.0,0.0,0.319,1312,2560,0,2420,512,0,0,0.0,0.9012,nan,edge/x86_64,unknown,3.12.3,2026-10-09T18:44:59Z
82,ML-DSA-44,post-quantum,2,keygen,0.0617,0.0,0.0,0.319,1312,2560,0,2420,0,0,0,0.0,0.9259,nan,edge/x86_64,unknown,3.12.3,2026-10-09T18:44:59Z
82,ML-DSA-44,post-quantum,2,sign,0.1482,0.0,0.0,0.319,1312,2560,0,2420,512,0,0,0.0,2.2231,nan,edge/x86_64,unknown,3.12.3,2026-10-09T18:44:59Z
82,ML-DSA-44,post-quantum,2,verify,0.058,0.0,0.0,0.319,1312,2560,0,2420,512,0,0,0.0,0.8707,nan,edge/x86_64,unknown,3.12.3,2026-10-09T18:44:59Z
83,ML-DSA-44,post-quantum,2,keygen,0.061,0.0,0.0,0.319,1312,2560,0,2420,0,0,0,0.0,0.9152,nan,edge/x86_64,unknown,3.12.3,2026-10-09T18:44:59Z
83,ML-DSA-44,post-quantum,2,sign,0.187,0.0,0.0,0.319,1312,2560,0,2420,512,0,0,0.0,2.8051,nan,edge/x86_64,unknown,3.12.3,2026-10-09T18:44:59Z
83,ML-DSA-44,post-quantum,2,verify,0.0588,0.0,0.0,0.319,1312,2560,0,2420,512,0,0,0.0,0.8825,nan,edge/x86_64,unknown,3.12.3,2026-10-09T18:44:59Z
84,ML-DSA-44,post-quantum,2,keygen,0.0605,0.0,0.0,0.319,1312,2560,0,2420,0,0,0,0.0,0.9068,nan,edge/x86_64,unknown,3.12.3,2026-10-09T18:44:59Z
84,ML-DSA-44,post-quantum,2,sign,0.094,0.0,0.0,0.319,1312,2560,0,2420,512,0,0,0.0,1.4103,nan,edge/x86_64,unknown,3.12.3,2026-10-09T18:44:59Z
84,ML-DSA-44,post-quantum,2,verify,0.0592,0.0,0.0,0.319,1312,2560,0,2420,512,0,0,0.0,0.8873,nan,edge/x86_64,unknown,3.12.3,2026-10-09T18:44:59Z
85,ML-DSA-44,post-quantum,2,keygen,0.0603,0.0,0.0,0.319,1312,2560,0,2420,0,0,0,0.0,0.9046,nan,edge/x86_64,unknown,3.12.3,2026-10-09T18:44:59Z
85,ML-DSA-44,post-quantum,2,sign,0.1473,0.0,0.0,0.319,1312,2560,0,2420,512,0,0,0.0,2.209,nan,edge/x86_64,unknown,3.12.3,2026-10-09T18:44:59Z
85,ML-DSA-44,post-quantum,2,verify,0.0617,0.0,0.0,0.319,1312,2560,0,2420,512,0,0,0.0,0.9248,nan,edge/x86_64,unknown,3.12.3,2026-10-09T18:44:59Z
86,ML-DSA-44,post-quantum,2,keygen,0.063,0.0,0.0,0.319,1312,2560,0,2420,0,0,0,0.0,0.9443,nan,edge/x86_64,unknown,3.12.3,2026-10-09T18:44:59Z
86,ML-DSA-44,post-quantum,2,sign,0.122,0.0,0.0,0.319,1312,2560,0,2420,512,0,0,0.0,1.8296,nan,edge/x86_64,unknown,3.12.3,2026-10-09T18:44:59Z
86,ML-DSA-44,post-quantum,2,verify,0.0582,0.0,0.0,0.319,1312,2560,0,2420,512,0,0,0.0,0.8728,nan,edge/x86_64,unknown,3.12.3,2026-10-09T18:44:59Z
87,ML-DSA-44,post-quantum,2,keygen,0.0603,0.0,0.0,0.319,1312,2560,0,2420,0,0,0,0.0,0.9044,nan,edge/x86_64,unknown,3.12.3,2026-10-09T18:44:59Z
87,ML-DSA-44,post-quantum,2,sign,0.2111,0.0,0.0,0.319,1312,2560,0,2420,512,0,0,0.0,3.167,nan,edge/x86_64,unknown,3.12.3,2026-10-09T18:44:59Z
87,ML-DSA-44,post-quantum,2,verify,0.2652,0.0,0.0,0.319,1312,2560,0,2420,512,0,0,0.0,3.9779,nan,edge/x86_64,unknown,3.12.3,2026-10-09T18:44:59Z
88,ML-DSA-44,post-quantum,2,keygen,0.078,0.0,0.0,0.319,1312,2560,0,2420,0,0,0,0.0,1.1701,nan,edge/x86_64,unknown,3.12.3,2026-10-09T18:44:59Z
88,ML-DSA-44,post-quantum,2,sign,0.1424,0.0,0.0,0.319,1312,2560,0,2420,512,0,0,0.0,2.1362,nan,edge/x86_64,unknown,3.12.3,2026-10-09T18:44:59Z
88,ML-DSA-44,post-quantum,2,verify,0.0571,0.0,0.0,0.319,1312,2560,0,2420,512,0,0,0.0,0.8564,nan,edge/x86_64,unknown,3.12.3,2026-10-09T18:44:59Z
89,ML-DSA-44,post-quantum,2,keygen,0.0619,0.0,0.0,0.319,1312,2560,0,2420,0,0,0,0.0,0.9282,nan,edge/x86_64,unknown,3.12.3,2026-10-09T18:44:59Z
89,ML-DSA-44,post-quantum,2,sign,0.0779,0.0,0.0,0.319,1312,2560,0,2420,512,0,0,0.0,1.1678,nan,edge/x86_64,unknown,3.12.3,2026-10-09T18:44:59Z
89,ML-DSA-44,post-quantum,2,verify,0.0845,0.0,0.0,0.319,1312,2560,0,2420,512,0,0,0.0,1.2678,nan,edge/x86_64,unknown,3.12.3,2026-10-09T18:44:59Z
90,ML-DSA-44,post-quantum,2,keygen,0.0614,0.0,0.0,0.319,1312,2560,0,2420,0,0,0,0.0,0.9209,nan,edge/x86_64,unknown,3.12.3,2026-10-09T18:44:59Z
90,ML-DSA-44,post-quantum,2,sign,0.0807,0.0,0.0,0.319,1312,2560,0,2420,512,0,0,0.0,1.2108,nan,edge/x86_64,unknown,3.12.3,2026-10-09T18:44:59Z
90,ML-DSA-44,post-quantum,2,verify,0.0571,0.0,0.0,0.319,1312,2560,0,2420,512,0,0,0.0,0.8563,nan,edge/x86_64,unknown,3.12.3,2026-10-09T18:44:59Z
91,ML-DSA-44,post-quantum,2,keygen,0.0796,0.0,0.0,0.319,1312,2560,0,2420,0,0,0,0.0,1.1933,nan,edge/x86_64,unknown,3.12.3,2026-10-09T18:44:59Z
91,ML-DSA-44,post-quantum,2,sign,0.0922,0.0,0.0,0.319,1312,2560,0,2420,512,0,0,0.0,1.3837,nan,edge/x86_64,unknown,3.12.3,2026-10-09T18:44:59Z
91,ML-DSA-44,post-quantum,2,verify,0.0631,0.0,0.0,0.319,1312,2560,0,2420,512,0,0,0.0,0.9471,nan,edge/x86_64,unknown,3.12.3,2026-10-09T18:44:59Z
92,ML-DSA-44,post-quantum,2,keygen,0.0644,0.0,0.0,0.319,1312,2560,0,2420,0,0,0,0.0,0.9656,nan,edge/x86_64,unknown,3.12.3,2026-10-09T18:44:59Z
92,ML-DSA-44,post-quantum,2,sign,0.0772,0.0,0.0,0.319,1312,2560,0,2420,512,0,0,0.0,1.1579,nan,edge/x86_64,unknown,3.12.3,2026-10-09T18:44:59Z
92,ML-DSA-44,post-quantum,2,verify,0.0562,0.0,0.0,0.319,1312,2560,0,2420,512,0,0,0.0,0.8425,nan,edge/x86_64,unknown,3.12.3,2026-10-09T18:44:59Z
93,ML-DSA-44,post-quantum,2,keygen,0.0602,0.0,0.0,0.319,1312,2560,0,2420,0,0,0,0.0,0.9036,nan,edge/x86_64,unknown,3.12.3,2026-10-09T18:44:59Z
93,ML-DSA-44,post-quantum,2,sign,0.1425,0.0,0.0,0.319,1312,2560,0,2420,512,0,0,0.0,2.1376,nan,edge/x86_64,unknown,3.12.3,2026-10-09T18:44:59Z
93,ML-DSA-44,post-quantum,2,verify,0.1243,0.0,0.0,0.319,1312,2560,0,2420,512,0,0,0.0,1.8642,nan,edge/x86_64,unknown,3.12.3,2026-10-09T18:44:59Z
94,ML-DSA-44,post-quantum,2,keygen,0.0687,0.0,0.0,0.319,1312,2560,0,2420,0,0,0,0.0,1.0298,nan,edge/x86_64,unknown,3.12.3,2026-10-09T18:44:59Z
94,ML-DSA-44,post-quantum,2,sign,0.3974,0.0,0.0,0.319,1312,2560,0,2420,512,0,0,0.0,5.9612,nan,edge/x86_64,unknown,3.12.3,2026-10-09T18:44:59Z
94,ML-DSA-44,post-quantum,2,verify,0.0852,0.0,0.0,0.319,1312,2560,0,2420,512,0,0,0.0,1.2774,nan,edge/x86_64,unknown,3.12.3,2026-10-09T18:44:59Z
95,ML-DSA-44,post-quantum,2,keygen,0.0727,0.0,0.0,0.319,1312,2560,0,2420,0,0,0,0.0,1.0898,nan,edge/x86_64,unknown,3.12.3,2026-10-09T18:44:59Z
95,ML-DSA-44,post-quantum,2,sign,0.1739,0.0,0.0,0.319,1312,2560,0,2420,512,0,0,0.0,2.6079,nan,edge/x86_64,unknown,3.12.3,2026-10-09T18:44:59Z
95,ML-DSA-44,post-quantum,2,verify,0.0975,0.0,0.0,0.319,1312,2560,0,2420,512,0,0,0.0,1.4631,nan,edge/x86_64,unknown,3.12.3,2026-10-09T18:44:59Z
96,ML-DSA-44,post-quantum,2,keygen,0.0644,0.0,0.0,0.319,1312,2560,0,2420,0,0,0,0.0,0.9659,nan,edge/x86_64,unknown,3.12.3,2026-10-09T18:44:59Z
96,ML-DSA-44,post-quantum,2,sign,0.0808,0.0,0.0,0.319,1312,2560,0,2420,512,0,0,0.0,1.2125,nan,edge/x86_64,unknown,3.12.3,2026-10-09T18:44:59Z
96,ML-DSA-44,post-quantum,2,verify,0.0588,0.0,0.0,0.319,1312,2560,0,2420,512,0,0,0.0,0.8822,nan,edge/x86_64,unknown,3.12.3,2026-10-09T18:44:59Z
97,ML-DSA-44,post-quantum,2,keygen,0.0623,0.0,0.0,0.319,1312,2560,0,2420,0,0,0,0.0,0.9339,nan,edge/x86_64,unknown,3.12.3,2026-10-09T18:44:59Z
97,ML-DSA-44,post-quantum,2,sign,0.0791,0.0,0.0,0.319,1312,2560,0,2420,512,0,0,0.0,1.1872,nan,edge/x86_64,unknown,3.12.3,2026-10-09T18:44:59Z
97,ML-DSA-44,post-quantum,2,verify,0.058,0.0,0.0,0.319,1312,2560,0,2420,512,0,0,0.0,0.8695,nan,edge/x86_64,unknown,3.12.3,2026-10-09T18:44:59Z
98,ML-DSA-44,post-quantum,2,keygen,0.0621,0.0,0.0,0.319,1312,2560,0,2420,0,0,0,0.0,0.9309,nan,edge/x86_64,unknown,3.12.3,2026-10-09T18:44:59Z
98,ML-DSA-44,post-quantum,2,sign,0.1226,0.0,0.0,0.319,1312,2560,0,2420,512,0,0,0.0,1.8389,nan,edge/x86_64,unknown,3.12.3,2026-10-09T18:44:59Z
98,ML-DSA-44,post-quantum,2,verify,0.0601,0.0,0.0,0.319,1312,2560,0,2420,512,0,0,0.0,0.901,nan,edge/x86_64,unknown,3.12.3,2026-10-09T18:44:59Z
99,ML-DSA-44,post-quantum,2,keygen,0.064,0.0,0.0,0.319,1312,2560,0,2420,0,0,0,0.0,0.9598,nan,edge/x86_64,unknown,3.12.3,2026-10-09T18:44:59Z
99,ML-DSA-44,post-quantum,2,sign,0.211,0.0,0.0,0.319,1312,2560,0,2420,512,0,0,0.0,3.1652,nan,edge/x86_64,unknown,3.12.3,2026-10-09T18:44:59Z
99,ML-DSA-44,post-quantum,2,verify,0.0626,0.0,0.0,0.319,1312,2560,0,2420,512,0,0,0.0,0.9395,nan,edge/x86_64,unknown,3.12.3,2026-10-09T18:44:59Z
100,ML-DSA-44,post-quantum,2,keygen,0.0643,0.0,0.0,0.319,1312,2560,0,2420,0,0,0,0.0,0.9645,nan,edge/x86_64,unknown,3.12.3,2026-10-09T18:44:59Z
100,ML-DSA-44,post-quantum,2,sign,0.5274,0.0,0.0,0.319,1312,2560,0,2420,512,0,0,0.0,7.9105,nan,edge/x86_64,unknown,3.12.3,2026-10-09T18:44:59Z
100,ML-DSA-44,post-quantum,2,verify,0.0991,0.0,0.0,0.319,1312,2560,0,2420,512,0,0,0.0,1.4862,nan,edge/x86_64,unknown,3.12.3,2026-10-09T18:44:59Z
101,ML-DSA-44,post-quantum,2,keygen,0.0726,0.0,0.0,0.319,1312,2560,0,2420,0,0,0,0.0,1.0893,nan,edge/x86_64,unknown,3.12.3,2026-10-09T18:44:59Z
101,ML-DSA-44,post-quantum,2,sign,0.1182,0.0,0.0,0.319,1312,2560,0,2420,512,0,0,0.0,1.7724,nan,edge/x86_64,unknown,3.12.3,2026-10-09T18:44:59Z
101,ML-DSA-44,post-quantum,2,verify,0.0605,0.0,0.0,0.319,1312,2560,0,2420,512,0,0,0.0,0.9072,nan,edge/x86_64,unknown,3.12.3,2026-10-09T18:44:59Z
102,ML-DSA-44,post-quantum,2,keygen,0.0657,0.0,0.0,0.319,1312,2560,0,2420,0,0,0,0.0,0.986,nan,edge/x86_64,unknown,3.12.3,2026-10-09T18:44:59Z
102,ML-DSA-44,post-quantum,2,sign,0.099,0.0,0.0,0.319,1312,2560,0,2420,512,0,0,0.0,1.4853,nan,edge/x86_64,unknown,3.12.3,2026-10-09T18:44:59Z
102,ML-DSA-44,post-quantum,2,verify,0.0716,0.0,0.0,0.319,1312,2560,0,2420,512,0,0,0.0,1.0738,nan,edge/x86_64,unknown,3.12.3,2026-10-09T18:44:59Z
103,ML-DSA-44,post-quantum,2,keygen,0.0714,0.0,0.0,0.319,1312,2560,0,2420,0,0,0,0.0,1.0703,nan,edge/x86_64,unknown,3.12.3,2026-10-09T18:44:59Z
103,ML-DSA-44,post-quantum,2,sign,0.1021,0.0,0.0,0.319,1312,2560,0,2420,512,0,0,0.0,1.5308,nan,edge/x86_64,unknown,3.12.3,2026-10-09T18:44:59Z
103,ML-DSA-44,post-quantum,2,verify,0.0614,0.0,0.0,0.319,1312,2560,0,2420,512,0,0,0.0,0.9205,nan,edge/x86_64,unknown,3.12.3,2026-10-09T18:44:59Z
104,ML-DSA-44,post-quantum,2,keygen,0.0635,0.0,0.0,0.319,1312,2560,0,2420,0,0,0,0.0,0.9529,nan,edge/x86_64,unknown,3.12.3,2026-10-09T18:44:59Z
104,ML-DSA-44,post-quantum,2,sign,0.0939,0.0,0.0,0.319,1312,2560,0,2420,512,0,0,0.0,1.4085,nan,edge/x86_64,unknown,3.12.3,2026-10-09T18:44:59Z
104,ML-DSA-44,post-quantum,2,verify,0.0563,0.0,0.0,0.319,1312,2560,0,2420,512,0,0,0.0,0.8444,nan,edge/x86_64,unknown,3.12.3,2026-10-09T18:44:59Z
105,ML-DSA-44,post-quantum,2,keygen,0.0796,0.0,0.0,0.319,1312,2560,0,2420,0,0,0,0.0,1.1938,nan,edge/x86_64,unknown,3.12.3,2026-10-09T18:44:59Z
105,ML-DSA-44,post-quantum,2,sign,0.1268,0.0,0.0,0.319,1312,2560,0,2420,512,0,0,0.0,1.9013,nan,edge/x86_64,unknown,3.12.3,2026-10-09T18:44:59Z
105,ML-DSA-44,post-quantum,2,verify,0.0571,0.0,0.0,0.319,1312,2560,0,2420,512,0,0,0.0,0.8559,nan,edge/x86_64,unknown,3.12.3,2026-10-09T18:44:59Z
106,ML-DSA-44,post-quantum,2,keygen,0.0587,0.0,0.0,0.319,1312,2560,0,2420,0,0,0,0.0,0.8811,nan,edge/x86_64,unknown,3.12.3,2026-10-09T18:44:59Z
106,ML-DSA-44,post-quantum,2,sign,0.1395,0.0,0.0,0.319,1312,2560,0,2420,512,0,0,0.0,2.0925,nan,edge/x86_64,unknown,3.12.3,2026-10-09T18:44:59Z
106,ML-DSA-44,post-quantum,2,verify,0.0626,0.0,0.0,0.319,1312,2560,0,2420,512,0,0,0.0,0.9393,nan,edge/x86_64,unknown,3.12.3,2026-10-09T18:44:59Z
107,ML-DSA-44,post-quantum,2,keygen,0.0655,0.0,0.0,0.319,1312,2560,0,2420,0,0,0,0.0,0.9819,nan,edge/x86_64,unknown,3.12.3,2026-10-09T18:44:59Z
107,ML-DSA-44,post-quantum,2,sign,0.22,0.0,0.0,0.319,1312,2560,0,2420,512,0,0,0.0,3.2994,nan,edge/x86_64,unknown,3.12.3,2026-10-09T18:44:59Z
107,ML-DSA-44,post-quantum,2,verify,0.0583,0.0,0.0,0.319,1312,2560,0,2420,512,0,0,0.0,0.8746,nan,edge/x86_64,unknown,3.12.3,2026-10-09T18:44:59Z
108,ML-DSA-44,post-quantum,2,keygen,0.0617,0.0,0.0,0.319,1312,2560,0,2420,0,0,0,0.0,0.9259,nan,edge/x86_64,unknown,3.12.3,2026-10-09T18:44:59Z
108,ML-DSA-44,post-quantum,2,sign,0.1891,0.0,0.0,0.319,1312,2560,0,2420,512,0,0,0.0,2.8365,nan,edge/x86_64,unknown,3.12.3,2026-10-09T18:44:59Z
108,ML-DSA-44,post-quantum,2,verify,0.0631,0.0,0.0,0.319,1312,2560,0,2420,512,0,0,0.0,0.9461,nan,edge/x86_64,unknown,3.12.3,2026-10-09T18:44:59Z
109,ML-DSA-44,post-quantum,2,keygen,0.0632,0.0,0.0,0.319,1312,2560,0,2420,0,0,0,0.0,0.9485,nan,edge/x86_64,unknown,3.12.3,2026-10-09T18:44:59Z
109,ML-DSA-44,post-quantum,2,sign,0.1339,0.0,0.0,0.319,1312,2560,0,2420,512,0,0,0.0,2.008,nan,edge/x86_64,unknown,3.12.3,2026-10-09T18:44:59Z
109,ML-DSA-44,post-quantum,2,verify,0.0579,0.0,0.0,0.319,1312,2560,0,2420,512,0,0,0.0,0.8691,nan,edge/x86_64,unknown,3.12.3,2026-10-09T18:44:59Z
110,ML-DSA-44,post-quantum,2,keygen,0.0615,0.0,0.0,0.319,1312,2560,0,2420,0,0,0,0.0,0.9222,nan,edge/x86_64,unknown,3.12.3,2026-10-09T18:44:59Z
110,ML-DSA-44,post-quantum,2,sign,0.0916,0.0,0.0,0.319,1312,2560,0,2420,512,0,0,0.0,1.3739,nan,edge/x86_64,unknown,3.12.3,2026-10-09T18:44:59Z
110,ML-DSA-44,post-quantum,2,verify,0.0562,0.0,0.0,0.319,1312,2560,0,2420,512,0,0,0.0,0.8426,nan,edge/x86_64,unknown,3.12.3,2026-10-09T18:44:59Z
111,ML-DSA-44,post-quantum,2,keygen,0.0583,0.0,0.0,0.319,1312,2560,0,2420,0,0,0,0.0,0.8743,nan,edge/x86_64,unknown,3.12.3,2026-10-09T18:44:59Z
111,ML-DSA-44,post-quantum,2,sign,0.0768,0.0,0.0,0.319,1312,2560,0,2420,512,0,0,0.0,1.1517,nan,edge/x86_64,unknown,3.12.3,2026-10-09T18:44:59Z
111,ML-DSA-44,post-quantum,2,verify,0.0577,0.0,0.0,0.319,1312,2560,0,2420,512,0,0,0.0,0.8651,nan,edge/x86_64,unknown,3.12.3,2026-10-09T18:44:59Z
112,ML-DSA-44,post-quantum,2,keygen,0.0934,0.0,0.0,0.319,1312,2560,0,2420,0,0,0,0.0,1.4011,nan,edge/x86_64,unknown,3.12.3,2026-10-09T18:44:59Z
112,ML-DSA-44,post-quantum,2,sign,0.1064,0.0,0.0,0.319,1312,2560,0,2420,512,0,0,0.0,1.5963,nan,edge/x86_64,unknown,3.12.3,2026-10-09T18:44:59Z
112,ML-DSA-44,post-quantum,2,verify,0.0593,0.0,0.0,0.319,1312,2560,0,2420,512,0,0,0.0,0.8891,nan,edge/x86_64,unknown,3.12.3,2026-10-09T18:44:59Z
113,ML-DSA-44,post-quantum,2,keygen,0.0589,0.0,0.0,0.319,1312,2560,0,2420,0,0,0,0.0,0.883,nan,edge/x86_64,unknown,3.12.3,2026-10-09T18:44:59Z
113,ML-DSA-44,post-quantum,2,sign,0.2469,0.0,0.0,0.319,1312,2560,0,2420,512,0,0,0.0,3.7033,nan,edge/x86_64,unknown,3.12.3,2026-10-09T18:44:59Z
113,ML-DSA-44,post-quantum,2,verify,0.0924,0.0,0.0,0.319,1312,2560,0,2420,512,0,0,0.0,1.3856,nan,edge/x86_64,unknown,3.12.3,2026-10-09T18:44:59Z
114,ML-DSA-44,post-quantum,2,keygen,0.0743,0.0,0.0,0.319,1312,2560,0,2420,0,0,0,0.0,1.1144,nan,edge/x86_64,unknown,3.12.3,2026-10-09T18:44:59Z
114,ML-DSA-44,post-quantum,2,sign,0.2167,0.0,0.0,0.319,1312,2560,0,2420,512,0,0,0.0,3.2502,nan,edge/x86_64,unknown,3.12.3,2026-10-09T18:44:59Z
114,ML-DSA-44,post-quantum,2,verify,0.0814,0.0,0.0,0.319,1312,2560,0,2420,512,0,0,0.0,1.2217,nan,edge/x86_64,unknown,3.12.3,2026-10-09T18:44:59Z
115,ML-DSA-44,post-quantum,2,keygen,0.0636,0.0,0.0,0.319,1312,2560,0,2420,0,0,0,0.0,0.9533,nan,edge/x86_64,unknown,3.12.3,2026-10-09T18:44:59Z
115,ML-DSA-44,post-quantum,2,sign,0.0759,0.0,0.0,0.319,1312,2560,0,2420,512,0,0,0.0,1.139,nan,edge/x86_64,unknown,3.12.3,2026-10-09T18:44:59Z
115,ML-DSA-44,post-quantum,2,verify,0.074,0.0,0.0,0.319,1312,2560,0,2420,512,0,0,0.0,1.1101,nan,edge/x86_64,unknown,3.12.3,2026-10-09T18:44:59Z
116,ML-DSA-44,post-quantum,2,keygen,0.0611,0.0,0.0,0.319,1312,2560,0,2420,0,0,0,0.0,0.9162,nan,edge/x86_64,unknown,3.12.3,2026-10-09T18:44:59Z
116,ML-DSA-44,post-quantum,2,sign,0.079,0.0,0.0,0.319,1312,2560,0,2420,512,0,0,0.0,1.1843,nan,edge/x86_64,unknown,3.12.3,2026-10-09T18:44:59Z
116,ML-DSA-44,post-quantum,2,verify,0.0576,0.0,0.0,0.319,1312,2560,0,2420,512,0,0,0.0,0.8646,nan,edge/x86_64,unknown,3.12.3,2026-10-09T18:44:59Z
117,ML-DSA-44,post-quantum,2,keygen,0.0618,0.0,0.0,0.319,1312,2560,0,2420,0,0,0,0.0,0.9266,nan,edge/x86_64,unknown,3.12.3,2026-10-09T18:44:59Z
117,ML-DSA-44,post-quantum,2,sign,0.1436,0.0,0.0,0.319,1312,2560,0,2420,512,0,0,0.0,2.1543,nan,edge/x86_64,unknown,3.12.3,2026-10-09T18:44:59Z
117,ML-DSA-44,post-quantum,2,verify,0.0564,0.0,0.0,0.319,1312,2560,0,2420,512,0,0,0.0,0.8461,nan,edge/x86_64,unknown,3.12.3,2026-10-09T18:44:59Z
118,ML-DSA-44,post-quantum,2,keygen,0.0609,0.0,0.0,0.319,1312,2560,0,2420,0,0,0,0.0,0.9134,nan,edge/x86_64,unknown,3.12.3,2026-10-09T18:44:59Z
118,ML-DSA-44,post-quantum,2,sign,0.0766,0.0,0.0,0.319,1312,2560,0,2420,512,0,0,0.0,1.1496,nan,edge/x86_64,unknown,3.12.3,2026-10-09T18:44:59Z
118,ML-DSA-44,post-quantum,2,verify,0.0965,0.0,0.0,0.319,1312,2560,0,2420,512,0,0,0.0,1.4475,nan,edge/x86_64,unknown,3.12.3,2026-10-09T18:44:59Z
119,ML-DSA-44,post-quantum,2,keygen,0.1004,0.0,0.0,0.319,1312,2560,0,2420,0,0,0,0.0,1.5065,nan,edge/x86_64,unknown,3.12.3,2026-10-09T18:44:59Z
119,ML-DSA-44,post-quantum,2,sign,0.1036,0.0,0.0,0.319,1312,2560,0,2420,512,0,0,0.0,1.5542,nan,edge/x86_64,unknown,3.12.3,2026-10-09T18:44:59Z
119,ML-DSA-44,post-quantum,2,verify,0.0606,0.0,0.0,0.319,1312,2560,0,2420,512,0,0,0.0,0.9097,nan,edge/x86_64,unknown,3.12.3,2026-10-09T18:44:59Z
120,ML-DSA-44,post-quantum,2,keygen,0.0655,0.0,0.0,0.319,1312,2560,0,2420,0,0,0,0.0,0.9825,nan,edge/x86_64,unknown,3.12.3,2026-10-09T18:44:59Z
120,ML-DSA-44,post-quantum,2,sign,0.1285,0.0,0.0,0.319,1312,2560,0,2420,512,0,0,0.0,1.9281,nan,edge/x86_64,unknown,3.12.3,2026-10-09T18:44:59Z
120,ML-DSA-44,post-quantum,2,verify,0.062,0.0,0.0,0.319,1312,2560,0,2420,512,0,0,0.0,0.9295,nan,edge/x86_64,unknown,3.12.3,2026-10-09T18:44:59Z
121,ML-DSA-44,post-quantum,2,keygen,0.0632,0.0,0.0,0.319,1312,2560,0,2420,0,0,0,0.0,0.9486,nan,edge/x86_64,unknown,3.12.3,2026-10-09T18:44:59Z
121,ML-DSA-44,post-quantum,2,sign,0.0986,0.0,0.0,0.319,1312,2560,0,2420,512,0,0,0.0,1.4792,nan,edge/x86_64,unknown,3.12.3,2026-10-09T18:44:59Z
121,ML-DSA-44,post-quantum,2,verify,0.0572,0.0,0.0,0.319,1312,2560,0,2420,512,0,0,0.0,0.8576,nan,edge/x86_64,unknown,3.12.3,2026-10-09T18:44:59Z
122,ML-DSA-44,post-quantum,2,keygen,0.0598,0.0,0.0,0.319,1312,2560,0,2420,0,0,0,0.0,0.897,nan,edge/x86_64,unknown,3.12.3,2026-10-09T18:44:59Z
122,ML-DSA-44,post-quantum,2,sign,0.2112,0.0,0.0,0.319,1312,2560,0,2420,512,0,0,0.0,3.168,nan,edge/x86_64,unknown,3.12.3,2026-10-09T18:44:59Z
122,ML-DSA-44,post-quantum,2,verify,0.0587,0.0,0.0,0.319,1312,2560,0,2420,512,0,0,0.0,0.881,nan,edge/x86_64,unknown,3.12.3,2026-10-09T18:44:59Z
123,ML-DSA-44,post-quantum,2,keygen,0.0608,0.0,0.0,0.319,1312,2560,0,2420,0,0,0,0.0,0.9114,nan,edge/x86_64,unknown,3.12.3,2026-10-09T18:44:59Z
123,ML-DSA-44,post-quantum,2,sign,0.1209,0.0,0.0,0.319,1312,2560,0,2420,512,0,0,0.0,1.8133,nan,edge/x86_64,unknown,3.12.3,2026-10-09T18:44:59Z
123,ML-DSA-44,post-quantum,2,verify,0.0568,0.0,0.0,0.319,1312,2560,0,2420,512,0,0,0.0,0.8525,nan,edge/x86_64,unknown,3.12.3,2026-10-09T18:44:59Z
124,ML-DSA-44,post-quantum,2,keygen,0.0578,0.0,0.0,0.319,1312,2560,0,2420,0,0,0,0.0,0.8668,nan,edge/x86_64,unknown,3.12.3,2026-10-09T18:44:59Z
124,ML-DSA-44,post-quantum,2,sign,0.078,0.0,0.0,0.319,1312,2560,0,2420,512,0,0,0.0,1.1701,nan,edge/x86_64,unknown,3.12.3,2026-10-09T18:44:59Z
124,ML-DSA-44,post-quantum,2,verify,0.0563,0.0,0.0,0.319,1312,2560,0,2420,512,0,0,0.0,0.8449,nan,edge/x86_64,unknown,3.12.3,2026-10-09T18:44:59Z
125,ML-DSA-44,post-quantum,2,keygen,0.0595,0.0,0.0,0.319,1312,2560,0,2420,0,0,0,0.0,0.8926,nan,edge/x86_64,unknown,3.12.3,2026-10-09T18:44:59Z
125,ML-DSA-44,post-quantum,2,sign,0.1098,0.0,0.0,0.319,1312,2560,0,2420,512,0,0,0.0,1.6476,nan,edge/x86_64,unknown,3.12.3,2026-10-09T18:44:59Z
125,ML-DSA-44,post-quantum,2,verify,0.0937,0.0,0.0,0.319,1312,2560,0,2420,512,0,0,0.0,1.4054,nan,edge/x86_64,unknown,3.12.3,2026-10-09T18:44:59Z
126,ML-DSA-44,post-quantum,2,keygen,0.1069,0.0,0.0,0.319,1312,2560,0,2420,0,0,0,0.0,1.603,nan,edge/x86_64,unknown,3.12.3,2026-10-09T18:44:59Z
126,ML-DSA-44,post-quantum,2,sign,0.1315,0.0,0.0,0.319,1312,2560,0,2420,512,0,0,0.0,1.9721,nan,edge/x86_64,unknown,3.12.3,2026-10-09T18:44:59Z
126,ML-DSA-44,post-quantum,2,verify,0.061,0.0,0.0,0.319,1312,2560,0,2420,512,0,0,0.0,0.9145,nan,edge/x86_64,unknown,3.12.3,2026-10-09T18:44:59Z
127,ML-DSA-44,post-quantum,2,keygen,0.0622,0.0,0.0,0.319,1312,2560,0,2420,0,0,0,0.0,0.9334,nan,edge/x86_64,unknown,3.12.3,2026-10-09T18:44:59Z
127,ML-DSA-44,post-quantum,2,sign,0.2683,0.0,0.0,0.319,1312,2560,0,2420,512,0,0,0.0,4.0246,nan,edge/x86_64,unknown,3.12.3,2026-10-09T18:44:59Z
127,ML-DSA-44,post-quantum,2,verify,0.0675,0.0,0.0,0.319,1312,2560,0,2420,512,0,0,0.0,1.0128,nan,edge/x86_64,unknown,3.12.3,2026-10-09T18:44:59Z
128,ML-DSA-44,post-quantum,2,keygen,0.0678,0.0,0.0,0.319,1312,2560,0,2420,0,0,0,0.0,1.0164,nan,edge/x86_64,unknown,3.12.3,2026-10-09T18:44:59Z
128,ML-DSA-44,post-quantum,2,sign,0.0937,0.0,0.0,0.319,1312,2560,0,2420,512,0,0,0.0,1.4056,nan,edge/x86_64,unknown,3.12.3,2026-10-09T18:44:59Z
128,ML-DSA-44,post-quantum,2,verify,0.0791,0.0,0.0,0.319,1312,2560,0,2420,512,0,0,0.0,1.1871,nan,edge/x86_64,unknown,3.12.3,2026-10-09T18:44:59Z
129,ML-DSA-44,post-quantum,2,keygen,0.0617,0.0,0.0,0.319,1312,2560,0,2420,0,0,0,0.0,0.9258,nan,edge/x86_64,unknown,3.12.3,2026-10-09T18:44:59Z
129,ML-DSA-44,post-quantum,2,sign,0.2615,0.0,0.0,0.319,1312,2560,0,2420,512,0,0,0.0,3.9228,nan,edge/x86_64,unknown,3.12.3,2026-10-09T18:44:59Z
129,ML-DSA-44,post-quantum,2,verify,0.0634,0.0,0.0,0.319,1312,2560,0,2420,512,0,0,0.0,0.9505,nan,edge/x86_64,unknown,3.12.3,2026-10-09T18:44:59Z
130,ML-DSA-44,post-quantum,2,keygen,0.0642,0.0,0.0,0.319,1312,2560,0,2420,0,0,0,0.0,0.9629,nan,edge/x86_64,unknown,3.12.3,2026-10-09T18:44:59Z
130,ML-DSA-44,post-quantum,2,sign,0.114,0.0,0.0,0.319,1312,2560,0,2420,512,0,0,0.0,1.71,nan,edge/x86_64,unknown,3.12.3,2026-10-09T18:44:59Z
130,ML-DSA-44,post-quantum,2,verify,0.0584,0.0,0.0,0.319,1312,2560,0,2420,512,0,0,0.0,0.876,nan,edge/x86_64,unknown,3.12.3,2026-10-09T18:44:59Z
131,ML-DSA-44,post-quantum,2,keygen,0.0628,0.0,0.0,0.319,1312,2560,0,2420,0,0,0,0.0,0.9416,nan,edge/x86_64,unknown,3.12.3,2026-10-09T18:44:59Z
131,ML-DSA-44,post-quantum,2,sign,0.1478,0.0,0.0,0.319,1312,2560,0,2420,512,0,0,0.0,2.2171,nan,edge/x86_64,unknown,3.12.3,2026-10-09T18:44:59Z
131,ML-DSA-44,post-quantum,2,verify,0.0815,0.0,0.0,0.319,1312,2560,0,2420,512,0,0,0.0,1.2219,nan,edge/x86_64,unknown,3.12.3,2026-10-09T18:44:59Z
132,ML-DSA-44,post-quantum,2,keygen,0.0802,0.0,0.0,0.319,1312,2560,0,2420,0,0,0,0.0,1.2037,nan,edge/x86_64,unknown,3.12.3,2026-10-09T18:44:59Z
132,ML-DSA-44,post-quantum,2,sign,0.1303,0.0,0.0,0.319,1312,2560,0,2420,512,0,0,0.0,1.9547,nan,edge/x86_64,unknown,3.12.3,2026-10-09T18:44:59Z
132,ML-DSA-44,post-quantum,2,verify,0.0621,0.0,0.0,0.319,1312,2560,0,2420,512,0,0,0.0,0.9319,nan,edge/x86_64,unknown,3.12.3,2026-10-09T18:44:59Z
133,ML-DSA-44,post-quantum,2,keygen,0.0613,0.0,0.0,0.319,1312,2560,0,2420,0,0,0,0.0,0.9193,nan,edge/x86_64,unknown,3.12.3,2026-10-09T18:44:59Z
133,ML-DSA-44,post-quantum,2,sign,0.1424,0.0,0.0,0.319,1312,2560,0,2420,512,0,0,0.0,2.1365,nan,edge/x86_64,unknown,3.12.3,2026-10-09T18:44:59Z
133,ML-DSA-44,post-quantum,2,verify,0.0652,0.0,0.0,0.319,1312,2560,0,2420,512,0,0,0.0,0.9784,nan,edge/x86_64,unknown,3.12.3,2026-10-09T18:44:59Z
134,ML-DSA-44,post-quantum,2,keygen,0.0663,0.0,0.0,0.319,1312,2560,0,2420,0,0,0,0.0,0.9952,nan,edge/x86_64,unknown,3.12.3,2026-10-09T18:44:59Z
134,ML-DSA-44,post-quantum,2,sign,0.1115,0.0,0.0,0.319,1312,2560,0,2420,512,0,0,0.0,1.6719,nan,edge/x86_64,unknown,3.12.3,2026-10-09T18:44:59Z
134,ML-DSA-44,post-quantum,2,verify,0.0583,0.0,0.0,0.319,1312,2560,0,2420,512,0,0,0.0,0.874,nan,edge/x86_64,unknown,3.12.3,2026-10-09T18:44:59Z
135,ML-DSA-44,post-quantum,2,keygen,0.0619,0.0,0.0,0.319,1312,2560,0,2420,0,0,0,0.0,0.9279,nan,edge/x86_64,unknown,3.12.3,2026-10-09T18:44:59Z
135,ML-DSA-44,post-quantum,2,sign,0.4035,0.0,0.0,0.319,1312,2560,0,2420,512,0,0,0.0,6.0531,nan,edge/x86_64,unknown,3.12.3,2026-10-09T18:44:59Z
135,ML-DSA-44,post-quantum,2,verify,0.0795,0.0,0.0,0.319,1312,2560,0,2420,512,0,0,0.0,1.1932,nan,edge/x86_64,unknown,3.12.3,2026-10-09T18:44:59Z
136,ML-DSA-44,post-quantum,2,keygen,0.0668,0.0,0.0,0.319,1312,2560,0,2420,0,0,0,0.0,1.0015,nan,edge/x86_64,unknown,3.12.3,2026-10-09T18:44:59Z
136,ML-DSA-44,post-quantum,2,sign,0.0843,0.0,0.0,0.319,1312,2560,0,2420,512,0,0,0.0,1.265,nan,edge/x86_64,unknown,3.12.3,2026-10-09T18:44:59Z
136,ML-DSA-44,post-quantum,2,verify,0.059,0.0,0.0,0.319,1312,2560,0,2420,512,0,0,0.0,0.8854,nan,edge/x86_64,unknown,3.12.3,2026-10-09T18:44:59Z
137,ML-DSA-44,post-quantum,2,keygen,0.0658,0.0,0.0,0.319,1312,2560,0,2420,0,0,0,0.0,0.9871,nan,edge/x86_64,unknown,3.12.3,2026-10-09T18:44:59Z
137,ML-DSA-44,post-quantum,2,sign,0.1208,0.0,0.0,0.319,1312,2560,0,2420,512,0,0,0.0,1.8126,nan,edge/x86_64,unknown,3.12.3,2026-10-09T18:44:59Z
137,ML-DSA-44,post-quantum,2,verify,0.0745,0.0,0.0,0.319,1312,2560,0,2420,512,0,0,0.0,1.1178,nan,edge/x86_64,unknown,3.12.3,2026-10-09T18:44:59Z
138,ML-DSA-44,post-quantum,2,keygen,0.0619,0.0,0.0,0.319,1312,2560,0,2420,0,0,0,0.0,0.9288,nan,edge/x86_64,unknown,3.12.3,2026-10-09T18:44:59Z
138,ML-DSA-44,post-quantum,2,sign,0.0917,0.0,0.0,0.319,1312,2560,0,2420,512,0,0,0.0,1.3753,nan,edge/x86_64,unknown,3.12.3,2026-10-09T18:44:59Z
138,ML-DSA-44,post-quantum,2,verify,0.0586,0.0,0.0,0.319,1312,2560,0,2420,512,0,0,0.0,0.8784,nan,edge/x86_64,unknown,3.12.3,2026-10-09T18:44:59Z
139,ML-DSA-44,post-quantum,2,keygen,0.0611,0.0,0.0,0.319,1312,2560,0,2420,0,0,0,0.0,0.9158,nan,edge/x86_64,unknown,3.12.3,2026-10-09T18:44:59Z
139,ML-DSA-44,post-quantum,2,sign,0.2674,0.0,0.0,0.319,1312,2560,0,2420,512,0,0,0.0,4.0107,nan,edge/x86_64,unknown,3.12.3,2026-10-09T18:44:59Z
139,ML-DSA-44,post-quantum,2,verify,0.0835,0.0,0.0,0.319,1312,2560,0,2420,512,0,0,0.0,1.2532,nan,edge/x86_64,unknown,3.12.3,2026-10-09T18:44:59Z
140,ML-DSA-44,post-quantum,2,keygen,0.0651,0.0,0.0,0.319,1312,2560,0,2420,0,0,0,0.0,0.9769,nan,edge/x86_64,unknown,3.12.3,2026-10-09T18:44:59Z
140,ML-DSA-44,post-quantum,2,sign,0.0953,0.0,0.0,0.319,1312,2560,0,2420,512,0,0,0.0,1.4298,nan,edge/x86_64,unknown,3.12.3,2026-10-09T18:44:59Z
140,ML-DSA-44,post-quantum,2,verify,0.0568,0.0,0.0,0.319,1312,2560,0,2420,512,0,0,0.0,0.8521,nan,edge/x86_64,unknown,3.12.3,2026-10-09T18:44:59Z
141,ML-DSA-44,post-quantum,2,keygen,0.0853,0.0,0.0,0.319,1312,2560,0,2420,0,0,0,0.0,1.2801,nan,edge/x86_64,unknown,3.12.3,2026-10-09T18:44:59Z
141,ML-DSA-44,post-quantum,2,sign,0.2483,0.0,0.0,0.319,1312,2560,0,2420,512,0,0,0.0,3.7252,nan,edge/x86_64,unknown,3.12.3,2026-10-09T18:44:59Z
141,ML-DSA-44,post-quantum,2,verify,0.0596,0.0,0.0,0.319,1312,2560,0,2420,512,0,0,0.0,0.8937,nan,edge/x86_64,unknown,3.12.3,2026-10-09T18:44:59Z
142,ML-DSA-44,post-quantum,2,keygen,0.0626,0.0,0.0,0.319,1312,2560,0,2420,0,0,0,0.0,0.9397,nan,edge/x86_64,unknown,3.12.3,2026-10-09T18:44:59Z
142,ML-DSA-44,post-quantum,2,sign,0.0914,0.0,0.0,0.319,1312,2560,0,2420,512,0,0,0.0,1.3717,nan,edge/x86_64,unknown,3.12.3,2026-10-09T18:44:59Z
142,ML-DSA-44,post-quantum,2,verify,0.0535,0.0,0.0,0.319,1312,2560,0,2420,512,0,0,0.0,0.803,nan,edge/x86_64,unknown,3.12.3,2026-10-09T18:44:59Z
143,ML-DSA-44,post-quantum,2,keygen,0.0592,0.0,0.0,0.319,1312,2560,0,2420,0,0,0,0.0,0.8878,nan,edge/x86_64,unknown,3.12.3,2026-10-09T18:44:59Z
143,ML-DSA-44,post-quantum,2,sign,0.1591,0.0,0.0,0.319,1312,2560,0,2420,512,0,0,0.0,2.3871,nan,edge/x86_64,unknown,3.12.3,2026-10-09T18:44:59Z
143,ML-DSA-44,post-quantum,2,verify,0.0571,0.0,0.0,0.319,1312,2560,0,2420,512,0,0,0.0,0.8561,nan,edge/x86_64,unknown,3.12.3,2026-10-09T18:44:59Z
144,ML-DSA-44,post-quantum,2,keygen,0.059,0.0,0.0,0.319,1312,2560,0,2420,0,0,0,0.0,0.8856,nan,edge/x86_64,unknown,3.12.3,2026-10-09T18:44:59Z
144,ML-DSA-44,post-quantum,2,sign,0.1995,0.0,0.0,0.319,1312,2560,0,2420,512,0,0,0.0,2.9924,nan,edge/x86_64,unknown,3.12.3,2026-10-09T18:44:59Z
144,ML-DSA-44,post-quantum,2,verify,0.0593,0.0,0.0,0.319,1312,2560,0,2420,512,0,0,0.0,0.89,nan,edge/x86_64,unknown,3.12.3,2026-10-09T18:44:59Z
145,ML-DSA-44,post-quantum,2,keygen,0.0615,0.0,0.0,0.319,1312,2560,0,2420,0,0,0,0.0,0.9218,nan,edge/x86_64,unknown,3.12.3,2026-10-09T18:44:59Z
145,ML-DSA-44,post-quantum,2,sign,0.0822,0.0,0.0,0.319,1312,2560,0,2420,512,0,0,0.0,1.2337,nan,edge/x86_64,unknown,3.12.3,2026-10-09T18:44:59Z
145,ML-DSA-44,post-quantum,2,verify,0.0612,0.0,0.0,0.319,1312,2560,0,2420,512,0,0,0.0,0.9186,nan,edge/x86_64,unknown,3.12.3,2026-10-09T18:44:59Z
146,ML-DSA-44,post-quantum,2,keygen,0.1287,0.0,0.0,0.319,1312,2560,0,2420,0,0,0,0.0,1.9311,nan,edge/x86_64,unknown,3.12.3,2026-10-09T18:44:59Z
146,ML-DSA-44,post-quantum,2,sign,0.5826,0.0,0.0,0.319,1312,2560,0,2420,512,0,0,0.0,8.7385,nan,edge/x86_64,unknown,3.12.3,2026-10-09T18:44:59Z
146,ML-DSA-44,post-quantum,2,verify,0.0598,0.0,0.0,0.319,1312,2560,0,2420,512,0,0,0.0,0.8965,nan,edge/x86_64,unknown,3.12.3,2026-10-09T18:44:59Z
147,ML-DSA-44,post-quantum,2,keygen,0.0625,0.0,0.0,0.319,1312,2560,0,2420,0,0,0,0.0,0.9381,nan,edge/x86_64,unknown,3.12.3,2026-10-09T18:44:59Z
147,ML-DSA-44,post-quantum,2,sign,0.0922,0.0,0.0,0.319,1312,2560,0,2420,512,0,0,0.0,1.3828,nan,edge/x86_64,unknown,3.12.3,2026-10-09T18:44:59Z
147,ML-DSA-44,post-quantum,2,verify,0.0558,0.0,0.0,0.319,1312,2560,0,2420,512,0,0,0.0,0.8372,nan,edge/x86_64,unknown,3.12.3,2026-10-09T18:44:59Z
148,ML-DSA-44,post-quantum,2,keygen,0.083,0.0,0.0,0.319,1312,2560,0,2420,0,0,0,0.0,1.2451,nan,edge/x86_64,unknown,3.12.3,2026-10-09T18:44:59Z
148,ML-DSA-44,post-quantum,2,sign,0.1173,0.0,0.0,0.319,1312,2560,0,2420,512,0,0,0.0,1.76,nan,edge/x86_64,unknown,3.12.3,2026-10-09T18:44:59Z
148,ML-DSA-44,post-quantum,2,verify,0.0571,0.0,0.0,0.319,1312,2560,0,2420,512,0,0,0.0,0.8568,nan,edge/x86_64,unknown,3.12.3,2026-10-09T18:44:59Z
149,ML-DSA-44,post-quantum,2,keygen,0.061,0.0,0.0,0.319,1312,2560,0,2420,0,0,0,0.0,0.915,nan,edge/x86_64,unknown,3.12.3,2026-10-09T18:44:59Z
149,ML-DSA-44,post-quantum,2,sign,0.0773,0.0,0.0,0.319,1312,2560,0,2420,512,0,0,0.0,1.1593,nan,edge/x86_64,unknown,3.12.3,2026-10-09T18:44:59Z
149,ML-DSA-44,post-quantum,2,verify,0.0819,0.0,0.0,0.319,1312,2560,0,2420,512,0,0,0.0,1.2284,nan,edge/x86_64,unknown,3.12.3,2026-10-09T18:44:59Z
150,ML-DSA-44,post-quantum,2,keygen,0.0612,0.0,0.0,0.319,1312,2560,0,2420,0,0,0,0.0,0.9178,nan,edge/x86_64,unknown,3.12.3,2026-10-09T18:44:59Z
150,ML-DSA-44,post-quantum,2,sign,0.2179,0.0,0.0,0.319,1312,2560,0,2420,512,0,0,0.0,3.269,nan,edge/x86_64,unknown,3.12.3,2026-10-09T18:44:59Z
150,ML-DSA-44,post-quantum,2,verify,0.0558,0.0,0.0,0.319,1312,2560,0,2420,512,0,0,0.0,0.8374,nan,edge/x86_64,unknown,3.12.3,2026-10-09T18:44:59Z
151,ML-DSA-44,post-quantum,2,keygen,0.0631,0.0,0.0,0.319,1312,2560,0,2420,0,0,0,0.0,0.9464,nan,edge/x86_64,unknown,3.12.3,2026-10-09T18:44:59Z
151,ML-DSA-44,post-quantum,2,sign,0.1496,0.0,0.0,0.319,1312,2560,0,2420,512,0,0,0.0,2.244,nan,edge/x86_64,unknown,3.12.3,2026-10-09T18:44:59Z
151,ML-DSA-44,post-quantum,2,verify,0.0667,0.0,0.0,0.319,1312,2560,0,2420,512,0,0,0.0,1.0,nan,edge/x86_64,unknown,3.12.3,2026-10-09T18:44:59Z
152,ML-DSA-44,post-quantum,2,keygen,0.0675,0.0,0.0,0.319,1312,2560,0,2420,0,0,0,0.0,1.0127,nan,edge/x86_64,unknown,3.12.3,2026-10-09T18:44:59Z
152,ML-DSA-44,post-quantum,2,sign,0.1029,0.0,0.0,0.319,1312,2560,0,2420,512,0,0,0.0,1.544,nan,edge/x86_64,unknown,3.12.3,2026-10-09T18:44:59Z
152,ML-DSA-44,post-quantum,2,verify,0.0578,0.0,0.0,0.319,1312,2560,0,2420,512,0,0,0.0,0.8667,nan,edge/x86_64,unknown,3.12.3,2026-10-09T18:44:59Z
153,ML-DSA-44,post-quantum,2,keygen,0.094,0.0,0.0,0.319,1312,2560,0,2420,0,0,0,0.0,1.4096,nan,edge/x86_64,unknown,3.12.3,2026-10-09T18:44:59Z
153,ML-DSA-44,post-quantum,2,sign,0.1033,0.0,0.0,0.319,1312,2560,0,2420,512,0,0,0.0,1.5498,nan,edge/x86_64,unknown,3.12.3,2026-10-09T18:44:59Z
153,ML-DSA-44,post-quantum,2,verify,0.0588,0.0,0.0,0.319,1312,2560,0,2420,512,0,0,0.0,0.8814,nan,edge/x86_64,unknown,3.12.3,2026-10-09T18:44:59Z
154,ML-DSA-44,post-quantum,2,keygen,0.0612,0.0,0.0,0.319,1312,2560,0,2420,0,0,0,0.0,0.9177,nan,edge/x86_64,unknown,3.12.3,2026-10-09T18:44:59Z
154,ML-DSA-44,post-quantum,2,sign,0.1344,0.0,0.0,0.319,1312,2560,0,2420,512,0,0,0.0,2.0156,nan,edge/x86_64,unknown,3.12.3,2026-10-09T18:44:59Z
154,ML-DSA-44,post-quantum,2,verify,0.0579,0.0,0.0,0.319,1312,2560,0,2420,512,0,0,0.0,0.869,nan,edge/x86_64,unknown,3.12.3,2026-10-09T18:44:59Z
155,ML-DSA-44,post-quantum,2,keygen,0.0582,0.0,0.0,0.319,1312,2560,0,2420,0,0,0,0.0,0.8727,nan,edge/x86_64,unknown,3.12.3,2026-10-09T18:44:59Z
155,ML-DSA-44,post-quantum,2,sign,0.0788,0.0,0.0,0.319,1312,2560,0,2420,512,0,0,0.0,1.1824,nan,edge/x86_64,unknown,3.12.3,2026-10-09T18:44:59Z
155,ML-DSA-44,post-quantum,2,verify,0.0592,0.0,0.0,0.319,1312,2560,0,2420,512,0,0,0.0,0.8883,nan,edge/x86_64,unknown,3.12.3,2026-10-09T18:44:59Z
156,ML-DSA-44,post-quantum,2,keygen,0.0603,0.0,0.0,0.319,1312,2560,0,2420,0,0,0,0.0,0.9049,nan,edge/x86_64,unknown,3.12.3,2026-10-09T18:44:59Z
156,ML-DSA-44,post-quantum,2,sign,0.1065,0.0,0.0,0.319,1312,2560,0,2420,512,0,0,0.0,1.5982,nan,edge/x86_64,unknown,3.12.3,2026-10-09T18:44:59Z
156,ML-DSA-44,post-quantum,2,verify,0.0551,0.0,0.0,0.319,1312,2560,0,2420,512,0,0,0.0,0.8265,nan,edge/x86_64,unknown,3.12.3,2026-10-09T18:44:59Z
157,ML-DSA-44,post-quantum,2,keygen,0.0647,0.0,0.0,0.319,1312,2560,0,2420,0,0,0,0.0,0.9707,nan,edge/x86_64,unknown,3.12.3,2026-10-09T18:44:59Z
157,ML-DSA-44,post-quantum,2,sign,0.1848,0.0,0.0,0.319,1312,2560,0,2420,512,0,0,0.0,2.7718,nan,edge/x86_64,unknown,3.12.3,2026-10-09T18:44:59Z
157,ML-DSA-44,post-quantum,2,verify,0.0602,0.0,0.0,0.319,1312,2560,0,2420,512,0,0,0.0,0.9035,nan,edge/x86_64,unknown,3.12.3,2026-10-09T18:44:59Z
158,ML-DSA-44,post-quantum,2,keygen,0.0628,0.0,0.0,0.319,1312,2560,0,2420,0,0,0,0.0,0.9424,nan,edge/x86_64,unknown,3.12.3,2026-10-09T18:44:59Z
158,ML-DSA-44,post-quantum,2,sign,0.0787,0.0,0.0,0.319,1312,2560,0,2420,512,0,0,0.0,1.1805,nan,edge/x86_64,unknown,3.12.3,2026-10-09T18:44:59Z
158,ML-DSA-44,post-quantum,2,verify,0.1116,0.0,0.0,0.319,1312,2560,0,2420,512,0,0,0.0,1.6744,nan,edge/x86_64,unknown,3.12.3,2026-10-09T18:44:59Z
159,ML-DSA-44,post-quantum,2,keygen,0.0705,0.0,0.0,0.319,1312,2560,0,2420,0,0,0,0.0,1.057,nan,edge/x86_64,unknown,3.12.3,2026-10-09T18:44:59Z
159,ML-DSA-44,post-quantum,2,sign,0.1415,0.0,0.0,0.319,1312,2560,0,2420,512,0,0,0.0,2.1229,nan,edge/x86_64,unknown,3.12.3,2026-10-09T18:44:59Z
159,ML-DSA-44,post-quantum,2,verify,0.0569,0.0,0.0,0.319,1312,2560,0,2420,512,0,0,0.0,0.8537,nan,edge/x86_64,unknown,3.12.3,2026-10-09T18:44:59Z
160,ML-DSA-44,post-quantum,2,keygen,0.0816,0.0,0.0,0.319,1312,2560,0,2420,0,0,0,0.0,1.2245,nan,edge/x86_64,unknown,3.12.3,2026-10-09T18:44:59Z
160,ML-DSA-44,post-quantum,2,sign,0.1413,0.0,0.0,0.319,1312,2560,0,2420,512,0,0,0.0,2.1194,nan,edge/x86_64,unknown,3.12.3,2026-10-09T18:44:59Z
160,ML-DSA-44,post-quantum,2,verify,0.0945,0.0,0.0,0.319,1312,2560,0,2420,512,0,0,0.0,1.4182,nan,edge/x86_64,unknown,3.12.3,2026-10-09T18:44:59Z
161,ML-DSA-44,post-quantum,2,keygen,0.0851,0.0,0.0,0.319,1312,2560,0,2420,0,0,0,0.0,1.2765,nan,edge/x86_64,unknown,3.12.3,2026-10-09T18:44:59Z
161,ML-DSA-44,post-quantum,2,sign,0.1445,0.0,0.0,0.319,1312,2560,0,2420,512,0,0,0.0,2.1681,nan,edge/x86_64,unknown,3.12.3,2026-10-09T18:44:59Z
161,ML-DSA-44,post-quantum,2,verify,0.0566,0.0,0.0,0.319,1312,2560,0,2420,512,0,0,0.0,0.8493,nan,edge/x86_64,unknown,3.12.3,2026-10-09T18:44:59Z
162,ML-DSA-44,post-quantum,2,keygen,0.0647,0.0,0.0,0.319,1312,2560,0,2420,0,0,0,0.0,0.9711,nan,edge/x86_64,unknown,3.12.3,2026-10-09T18:44:59Z
162,ML-DSA-44,post-quantum,2,sign,0.1391,0.0,0.0,0.319,1312,2560,0,2420,512,0,0,0.0,2.0864,nan,edge/x86_64,unknown,3.12.3,2026-10-09T18:44:59Z
162,ML-DSA-44,post-quantum,2,verify,0.0556,0.0,0.0,0.319,1312,2560,0,2420,512,0,0,0.0,0.8334,nan,edge/x86_64,unknown,3.12.3,2026-10-09T18:44:59Z
163,ML-DSA-44,post-quantum,2,keygen,0.0583,0.0,0.0,0.319,1312,2560,0,2420,0,0,0,0.0,0.8738,nan,edge/x86_64,unknown,3.12.3,2026-10-09T18:44:59Z
163,ML-DSA-44,post-quantum,2,sign,0.1256,0.0,0.0,0.319,1312,2560,0,2420,512,0,0,0.0,1.8842,nan,edge/x86_64,unknown,3.12.3,2026-10-09T18:44:59Z
163,ML-DSA-44,post-quantum,2,verify,0.0733,0.0,0.0,0.319,1312,2560,0,2420,512,0,0,0.0,1.0991,nan,edge/x86_64,unknown,3.12.3,2026-10-09T18:44:59Z
164,ML-DSA-44,post-quantum,2,keygen,0.146,0.0,0.0,0.319,1312,2560,0,2420,0,0,0,0.0,2.1905,nan,edge/x86_64,unknown,3.12.3,2026-10-09T18:44:59Z
164,ML-DSA-44,post-quantum,2,sign,0.1077,0.0,0.0,0.319,1312,2560,0,2420,512,0,0,0.0,1.615,nan,edge/x86_64,unknown,3.12.3,2026-10-09T18:44:59Z
164,ML-DSA-44,post-quantum,2,verify,0.0583,0.0,0.0,0.319,1312,2560,0,2420,512,0,0,0.0,0.8751,nan,edge/x86_64,unknown,3.12.3,2026-10-09T18:44:59Z
165,ML-DSA-44,post-quantum,2,keygen,0.0625,0.0,0.0,0.319,1312,2560,0,2420,0,0,0,0.0,0.9378,nan,edge/x86_64,unknown,3.12.3,2026-10-09T18:44:59Z
165,ML-DSA-44,post-quantum,2,sign,0.156,0.0,0.0,0.319,1312,2560,0,2420,512,0,0,0.0,2.3403,nan,edge/x86_64,unknown,3.12.3,2026-10-09T18:44:59Z
165,ML-DSA-44,post-quantum,2,verify,0.0853,0.0,0.0,0.319,1312,2560,0,2420,512,0,0,0.0,1.279,nan,edge/x86_64,unknown,3.12.3,2026-10-09T18:44:59Z
166,ML-DSA-44,post-quantum,2,keygen,0.06,0.0,0.0,0.319,1312,2560,0,2420,0,0,0,0.0,0.8993,nan,edge/x86_64,unknown,3.12.3,2026-10-09T18:44:59Z
166,ML-DSA-44,post-quantum,2,sign,0.185,0.0,0.0,0.319,1312,2560,0,2420,512,0,0,0.0,2.7754,nan,edge/x86_64,unknown,3.12.3,2026-10-09T18:44:59Z
166,ML-DSA-44,post-quantum,2,verify,0.0592,0.0,0.0,0.319,1312,2560,0,2420,512,0,0,0.0,0.8881,nan,edge/x86_64,unknown,3.12.3,2026-10-09T18:44:59Z
167,ML-DSA-44,post-quantum,2,keygen,0.0652,0.0,0.0,0.319,1312,2560,0,2420,0,0,0,0.0,0.9783,nan,edge/x86_64,unknown,3.12.3,2026-10-09T18:44:59Z
167,ML-DSA-44,post-quantum,2,sign,0.0826,0.0,0.0,0.319,1312,2560,0,2420,512,0,0,0.0,1.2396,nan,edge/x86_64,unknown,3.12.3,2026-10-09T18:44:59Z
167,ML-DSA-44,post-quantum,2,verify,0.0573,0.0,0.0,0.319,1312,2560,0,2420,512,0,0,0.0,0.8592,nan,edge/x86_64,unknown,3.12.3,2026-10-09T18:44:59Z
168,ML-DSA-44,post-quantum,2,keygen,0.0606,0.0,0.0,0.319,1312,2560,0,2420,0,0,0,0.0,0.9088,nan,edge/x86_64,unknown,3.12.3,2026-10-09T18:44:59Z
168,ML-DSA-44,post-quantum,2,sign,0.0796,0.0,0.0,0.319,1312,2560,0,2420,512,0,0,0.0,1.1942,nan,edge/x86_64,unknown,3.12.3,2026-10-09T18:44:59Z
168,ML-DSA-44,post-quantum,2,verify,0.0574,0.0,0.0,0.319,1312,2560,0,2420,512,0,0,0.0,0.8615,nan,edge/x86_64,unknown,3.12.3,2026-10-09T18:44:59Z
169,ML-DSA-44,post-quantum,2,keygen,0.0663,0.0,0.0,0.319,1312,2560,0,2420,0,0,0,0.0,0.9948,nan,edge/x86_64,unknown,3.12.3,2026-10-09T18:44:59Z
169,ML-DSA-44,post-quantum,2,sign,0.0828,0.0,0.0,0.319,1312,2560,0,2420,512,0,0,0.0,1.2413,nan,edge/x86_64,unknown,3.12.3,2026-10-09T18:44:59Z
169,ML-DSA-44,post-quantum,2,verify,0.064,0.0,0.0,0.319,1312,2560,0,2420,512,0,0,0.0,0.9594,nan,edge/x86_64,unknown,3.12.3,2026-10-09T18:44:59Z
170,ML-DSA-44,post-quantum,2,keygen,0.0628,0.0,0.0,0.319,1312,2560,0,2420,0,0,0,0.0,0.9425,nan,edge/x86_64,unknown,3.12.3,2026-10-09T18:44:59Z
170,ML-DSA-44,post-quantum,2,sign,0.2099,0.0,0.0,0.319,1312,2560,0,2420,512,0,0,0.0,3.1483,nan,edge/x86_64,unknown,3.12.3,2026-10-09T18:44:59Z
170,ML-DSA-44,post-quantum,2,verify,0.0605,0.0,0.0,0.319,1312,2560,0,2420,512,0,0,0.0,0.9081,nan,edge/x86_64,unknown,3.12.3,2026-10-09T18:44:59Z
171,ML-DSA-44,post-quantum,2,keygen,0.0631,0.0,0.0,0.319,1312,2560,0,2420,0,0,0,0.0,0.9471,nan,edge/x86_64,unknown,3.12.3,2026-10-09T18:44:59Z
171,ML-DSA-44,post-quantum,2,sign,0.1309,0.0,0.0,0.319,1312,2560,0,2420,512,0,0,0.0,1.964,nan,edge/x86_64,unknown,3.12.3,2026-10-09T18:44:59Z
171,ML-DSA-44,post-quantum,2,verify,0.0608,0.0,0.0,0.319,1312,2560,0,2420,512,0,0,0.0,0.9113,nan,edge/x86_64,unknown,3.12.3,2026-10-09T18:44:59Z
172,ML-DSA-44,post-quantum,2,keygen,0.0615,0.0,0.0,0.319,1312,2560,0,2420,0,0,0,0.0,0.9232,nan,edge/x86_64,unknown,3.12.3,2026-10-09T18:44:59Z
172,ML-DSA-44,post-quantum,2,sign,0.1856,0.0,0.0,0.319,1312,2560,0,2420,512,0,0,0.0,2.7835,nan,edge/x86_64,unknown,3.12.3,2026-10-09T18:44:59Z
172,ML-DSA-44,post-quantum,2,verify,0.0663,0.0,0.0,0.319,1312,2560,0,2420,512,0,0,0.0,0.9938,nan,edge/x86_64,unknown,3.12.3,2026-10-09T18:44:59Z
173,ML-DSA-44,post-quantum,2,keygen,0.0686,0.0,0.0,0.319,1312,2560,0,2420,0,0,0,0.0,1.029,nan,edge/x86_64,unknown,3.12.3,2026-10-09T18:44:59Z
173,ML-DSA-44,post-quantum,2,sign,0.3008,0.0,0.0,0.319,1312,2560,0,2420,512,0,0,0.0,4.512,nan,edge/x86_64,unknown,3.12.3,2026-10-09T18:44:59Z
173,ML-DSA-44,post-quantum,2,verify,0.1579,0.0,0.0,0.319,1312,2560,0,2420,512,0,0,0.0,2.369,nan,edge/x86_64,unknown,3.12.3,2026-10-09T18:44:59Z
174,ML-DSA-44,post-quantum,2,keygen,0.1569,0.0,0.0,0.319,1312,2560,0,2420,0,0,0,0.0,2.3541,nan,edge/x86_64,unknown,3.12.3,2026-10-09T18:44:59Z
174,ML-DSA-44,post-quantum,2,sign,0.1109,0.0,0.0,0.319,1312,2560,0,2420,512,0,0,0.0,1.6636,nan,edge/x86_64,unknown,3.12.3,2026-10-09T18:44:59Z
174,ML-DSA-44,post-quantum,2,verify,0.0829,0.0,0.0,0.319,1312,2560,0,2420,512,0,0,0.0,1.2431,nan,edge/x86_64,unknown,3.12.3,2026-10-09T18:44:59Z
175,ML-DSA-44,post-quantum,2,keygen,0.0929,0.0,0.0,0.319,1312,2560,0,2420,0,0,0,0.0,1.393,nan,edge/x86_64,unknown,3.12.3,2026-10-09T18:44:59Z
175,ML-DSA-44,post-quantum,2,sign,0.1317,0.0,0.0,0.319,1312,2560,0,2420,512,0,0,0.0,1.9758,nan,edge/x86_64,unknown,3.12.3,2026-10-09T18:44:59Z
175,ML-DSA-44,post-quantum,2,verify,0.0623,0.0,0.0,0.319,1312,2560,0,2420,512,0,0,0.0,0.9348,nan,edge/x86_64,unknown,3.12.3,2026-10-09T18:44:59Z
176,ML-DSA-44,post-quantum,2,keygen,0.0735,0.0,0.0,0.319,1312,2560,0,2420,0,0,0,0.0,1.1025,nan,edge/x86_64,unknown,3.12.3,2026-10-09T18:44:59Z
176,ML-DSA-44,post-quantum,2,sign,0.1296,0.0,0.0,0.319,1312,2560,0,2420,512,0,0,0.0,1.9444,nan,edge/x86_64,unknown,3.12.3,2026-10-09T18:44:59Z
176,ML-DSA-44,post-quantum,2,verify,0.0583,0.0,0.0,0.319,1312,2560,0,2420,512,0,0,0.0,0.8745,nan,edge/x86_64,unknown,3.12.3,2026-10-09T18:44:59Z
177,ML-DSA-44,post-quantum,2,keygen,0.0613,0.0,0.0,0.319,1312,2560,0,2420,0,0,0,0.0,0.9198,nan,edge/x86_64,unknown,3.12.3,2026-10-09T18:44:59Z
177,ML-DSA-44,post-quantum,2,sign,0.081,0.0,0.0,0.319,1312,2560,0,2420,512,0,0,0.0,1.2152,nan,edge/x86_64,unknown,3.12.3,2026-10-09T18:44:59Z
177,ML-DSA-44,post-quantum,2,verify,0.1063,0.0,0.0,0.319,1312,2560,0,2420,512,0,0,0.0,1.5946,nan,edge/x86_64,unknown,3.12.3,2026-10-09T18:44:59Z
178,ML-DSA-44,post-quantum,2,keygen,0.0706,0.0,0.0,0.319,1312,2560,0,2420,0,0,0,0.0,1.0589,nan,edge/x86_64,unknown,3.12.3,2026-10-09T18:44:59Z
178,ML-DSA-44,post-quantum,2,sign,0.1214,0.0,0.0,0.319,1312,2560,0,2420,512,0,0,0.0,1.8213,nan,edge/x86_64,unknown,3.12.3,2026-10-09T18:44:59Z
178,ML-DSA-44,post-quantum,2,verify,0.0635,0.0,0.0,0.319,1312,2560,0,2420,512,0,0,0.0,0.9529,nan,edge/x86_64,unknown,3.12.3,2026-10-09T18:44:59Z
179,ML-DSA-44,post-quantum,2,keygen,0.0746,0.0,0.0,0.319,1312,2560,0,2420,0,0,0,0.0,1.1194,nan,edge/x86_64,unknown,3.12.3,2026-10-09T18:44:59Z
179,ML-DSA-44,post-quantum,2,sign,0.1162,0.0,0.0,0.319,1312,2560,0,2420,512,0,0,0.0,1.743,nan,edge/x86_64,unknown,3.12.3,2026-10-09T18:44:59Z
179,ML-DSA-44,post-quantum,2,verify,0.0585,0.0,0.0,0.319,1312,2560,0,2420,512,0,0,0.0,0.8774,nan,edge/x86_64,unknown,3.12.3,2026-10-09T18:44:59Z
180,ML-DSA-44,post-quantum,2,keygen,0.0606,0.0,0.0,0.319,1312,2560,0,2420,0,0,0,0.0,0.9097,nan,edge/x86_64,unknown,3.12.3,2026-10-09T18:44:59Z
180,ML-DSA-44,post-quantum,2,sign,0.0936,0.0,0.0,0.319,1312,2560,0,2420,512,0,0,0.0,1.4043,nan,edge/x86_64,unknown,3.12.3,2026-10-09T18:44:59Z
180,ML-DSA-44,post-quantum,2,verify,0.057,0.0,0.0,0.319,1312,2560,0,2420,512,0,0,0.0,0.8555,nan,edge/x86_64,unknown,3.12.3,2026-10-09T18:44:59Z
181,ML-DSA-44,post-quantum,2,keygen,0.0592,0.0,0.0,0.319,1312,2560,0,2420,0,0,0,0.0,0.8876,nan,edge/x86_64,unknown,3.12.3,2026-10-09T18:44:59Z
181,ML-DSA-44,post-quantum,2,sign,0.0966,0.0,0.0,0.319,1312,2560,0,2420,512,0,0,0.0,1.4483,nan,edge/x86_64,unknown,3.12.3,2026-10-09T18:44:59Z
181,ML-DSA-44,post-quantum,2,verify,0.06,0.0,0.0,0.319,1312,2560,0,2420,512,0,0,0.0,0.9006,nan,edge/x86_64,unknown,3.12.3,2026-10-09T18:44:59Z
182,ML-DSA-44,post-quantum,2,keygen,0.0592,0.0,0.0,0.319,1312,2560,0,2420,0,0,0,0.0,0.888,nan,edge/x86_64,unknown,3.12.3,2026-10-09T18:44:59Z
182,ML-DSA-44,post-quantum,2,sign,0.0782,0.0,0.0,0.319,1312,2560,0,2420,512,0,0,0.0,1.1735,nan,edge/x86_64,unknown,3.12.3,2026-10-09T18:44:59Z
182,ML-DSA-44,post-quantum,2,verify,0.0707,0.0,0.0,0.319,1312,2560,0,2420,512,0,0,0.0,1.0611,nan,edge/x86_64,unknown,3.12.3,2026-10-09T18:44:59Z
183,ML-DSA-44,post-quantum,2,keygen,0.0626,0.0,0.0,0.319,1312,2560,0,2420,0,0,0,0.0,0.9397,nan,edge/x86_64,unknown,3.12.3,2026-10-09T18:44:59Z
183,ML-DSA-44,post-quantum,2,sign,0.1461,0.0,0.0,0.319,1312,2560,0,2420,512,0,0,0.0,2.1921,nan,edge/x86_64,unknown,3.12.3,2026-10-09T18:44:59Z
183,ML-DSA-44,post-quantum,2,verify,0.0593,0.0,0.0,0.319,1312,2560,0,2420,512,0,0,0.0,0.8892,nan,edge/x86_64,unknown,3.12.3,2026-10-09T18:44:59Z
184,ML-DSA-44,post-quantum,2,keygen,0.0596,0.0,0.0,0.319,1312,2560,0,2420,0,0,0,0.0,0.8939,nan,edge/x86_64,unknown,3.12.3,2026-10-09T18:44:59Z
184,ML-DSA-44,post-quantum,2,sign,0.1813,0.0,0.0,0.319,1312,2560,0,2420,512,0,0,0.0,2.7193,nan,edge/x86_64,unknown,3.12.3,2026-10-09T18:44:59Z
184,ML-DSA-44,post-quantum,2,verify,0.0902,0.0,0.0,0.319,1312,2560,0,2420,512,0,0,0.0,1.3526,nan,edge/x86_64,unknown,3.12.3,2026-10-09T18:44:59Z
185,ML-DSA-44,post-quantum,2,keygen,0.0705,0.0,0.0,0.319,1312,2560,0,2420,0,0,0,0.0,1.0579,nan,edge/x86_64,unknown,3.12.3,2026-10-09T18:44:59Z
185,ML-DSA-44,post-quantum,2,sign,0.103,0.0,0.0,0.319,1312,2560,0,2420,512,0,0,0.0,1.5444,nan,edge/x86_64,unknown,3.12.3,2026-10-09T18:44:59Z
185,ML-DSA-44,post-quantum,2,verify,0.1648,0.0,0.0,0.319,1312,2560,0,2420,512,0,0,0.0,2.4721,nan,edge/x86_64,unknown,3.12.3,2026-10-09T18:44:59Z
186,ML-DSA-44,post-quantum,2,keygen,0.0682,0.0,0.0,0.319,1312,2560,0,2420,0,0,0,0.0,1.0229,nan,edge/x86_64,unknown,3.12.3,2026-10-09T18:44:59Z
186,ML-DSA-44,post-quantum,2,sign,0.1394,0.0,0.0,0.319,1312,2560,0,2420,512,0,0,0.0,2.0909,nan,edge/x86_64,unknown,3.12.3,2026-10-09T18:44:59Z
186,ML-DSA-44,post-quantum,2,verify,0.0627,0.0,0.0,0.319,1312,2560,0,2420,512,0,0,0.0,0.9398,nan,edge/x86_64,unknown,3.12.3,2026-10-09T18:44:59Z
187,ML-DSA-44,post-quantum,2,keygen,0.0656,0.0,0.0,0.319,1312,2560,0,2420,0,0,0,0.0,0.9833,nan,edge/x86_64,unknown,3.12.3,2026-10-09T18:44:59Z
187,ML-DSA-44,post-quantum,2,sign,0.1083,0.0,0.0,0.319,1312,2560,0,2420,512,0,0,0.0,1.625,nan,edge/x86_64,unknown,3.12.3,2026-10-09T18:44:59Z
187,ML-DSA-44,post-quantum,2,verify,0.0647,0.0,0.0,0.319,1312,2560,0,2420,512,0,0,0.0,0.9705,nan,edge/x86_64,unknown,3.12.3,2026-10-09T18:44:59Z
188,ML-DSA-44,post-quantum,2,keygen,0.0605,0.0,0.0,0.319,1312,2560,0,2420,0,0,0,0.0,0.9074,nan,edge/x86_64,unknown,3.12.3,2026-10-09T18:44:59Z
188,ML-DSA-44,post-quantum,2,sign,0.078,0.0,0.0,0.319,1312,2560,0,2420,512,0,0,0.0,1.1701,nan,edge/x86_64,unknown,3.12.3,2026-10-09T18:44:59Z
188,ML-DSA-44,post-quantum,2,verify,0.0574,0.0,0.0,0.319,1312,2560,0,2420,512,0,0,0.0,0.8616,nan,edge/x86_64,unknown,3.12.3,2026-10-09T18:44:59Z
189,ML-DSA-44,post-quantum,2,keygen,0.0612,0.0,0.0,0.319,1312,2560,0,2420,0,0,0,0.0,0.9176,nan,edge/x86_64,unknown,3.12.3,2026-10-09T18:44:59Z
189,ML-DSA-44,post-quantum,2,sign,0.1417,0.0,0.0,0.319,1312,2560,0,2420,512,0,0,0.0,2.1255,nan,edge/x86_64,unknown,3.12.3,2026-10-09T18:44:59Z
189,ML-DSA-44,post-quantum,2,verify,0.0578,0.0,0.0,0.319,1312,2560,0,2420,512,0,0,0.0,0.8671,nan,edge/x86_64,unknown,3.12.3,2026-10-09T18:44:59Z
190,ML-DSA-44,post-quantum,2,keygen,0.0614,0.0,0.0,0.319,1312,2560,0,2420,0,0,0,0.0,0.9207,nan,edge/x86_64,unknown,3.12.3,2026-10-09T18:44:59Z
190,ML-DSA-44,post-quantum,2,sign,0.1683,0.0,0.0,0.319,1312,2560,0,2420,512,0,0,0.0,2.5241,nan,edge/x86_64,unknown,3.12.3,2026-10-09T18:44:59Z
190,ML-DSA-44,post-quantum,2,verify,0.0593,0.0,0.0,0.319,1312,2560,0,2420,512,0,0,0.0,0.8897,nan,edge/x86_64,unknown,3.12.3,2026-10-09T18:44:59Z
191,ML-DSA-44,post-quantum,2,keygen,0.0625,0.0,0.0,0.319,1312,2560,0,2420,0,0,0,0.0,0.9381,nan,edge/x86_64,unknown,3.12.3,2026-10-09T18:44:59Z
191,ML-DSA-44,post-quantum,2,sign,0.0927,0.0,0.0,0.319,1312,2560,0,2420,512,0,0,0.0,1.3907,nan,edge/x86_64,unknown,3.12.3,2026-10-09T18:44:59Z
191,ML-DSA-44,post-quantum,2,verify,0.0572,0.0,0.0,0.319,1312,2560,0,2420,512,0,0,0.0,0.858,nan,edge/x86_64,unknown,3.12.3,2026-10-09T18:44:59Z
192,ML-DSA-44,post-quantum,2,keygen,0.0734,0.0,0.0,0.319,1312,2560,0,2420,0,0,0,0.0,1.1009,nan,edge/x86_64,unknown,3.12.3,2026-10-09T18:44:59Z
192,ML-DSA-44,post-quantum,2,sign,0.123,0.0,0.0,0.319,1312,2560,0,2420,512,0,0,0.0,1.8446,nan,edge/x86_64,unknown,3.12.3,2026-10-09T18:44:59Z
192,ML-DSA-44,post-quantum,2,verify,0.0597,0.0,0.0,0.319,1312,2560,0,2420,512,0,0,0.0,0.8955,nan,edge/x86_64,unknown,3.12.3,2026-10-09T18:44:59Z
193,ML-DSA-44,post-quantum,2,keygen,0.0848,0.0,0.0,0.319,1312,2560,0,2420,0,0,0,0.0,1.2717,nan,edge/x86_64,unknown,3.12.3,2026-10-09T18:44:59Z
193,ML-DSA-44,post-quantum,2,sign,0.4147,0.0,0.0,0.319,1312,2560,0,2420,512,0,0,0.0,6.221,nan,edge/x86_64,unknown,3.12.3,2026-10-09T18:44:59Z
193,ML-DSA-44,post-quantum,2,verify,0.0657,0.0,0.0,0.319,1312,2560,0,2420,512,0,0,0.0,0.9848,nan,edge/x86_64,unknown,3.12.3,2026-10-09T18:44:59Z
194,ML-DSA-44,post-quantum,2,keygen,0.0635,0.0,0.0,0.319,1312,2560,0,2420,0,0,0,0.0,0.9522,nan,edge/x86_64,unknown,3.12.3,2026-10-09T18:44:59Z
194,ML-DSA-44,post-quantum,2,sign,0.9511,0.0,0.0,0.319,1312,2560,0,2420,512,0,0,0.0,14.2659,nan,edge/x86_64,unknown,3.12.3,2026-10-09T18:44:59Z
194,ML-DSA-44,post-quantum,2,verify,0.235,0.0,0.0,0.319,1312,2560,0,2420,512,0,0,0.0,3.5254,nan,edge/x86_64,unknown,3.12.3,2026-10-09T18:44:59Z
195,ML-DSA-44,post-quantum,2,keygen,0.0775,0.0,0.0,0.319,1312,2560,0,2420,0,0,0,0.0,1.1625,nan,edge/x86_64,unknown,3.12.3,2026-10-09T18:44:59Z
195,ML-DSA-44,post-quantum,2,sign,0.1151,0.0,0.0,0.319,1312,2560,0,2420,512,0,0,0.0,1.7268,nan,edge/x86_64,unknown,3.12.3,2026-10-09T18:44:59Z
195,ML-DSA-44,post-quantum,2,verify,0.0622,0.0,0.0,0.319,1312,2560,0,2420,512,0,0,0.0,0.9326,nan,edge/x86_64,unknown,3.12.3,2026-10-09T18:44:59Z
196,ML-DSA-44,post-quantum,2,keygen,0.0645,0.0,0.0,0.319,1312,2560,0,2420,0,0,0,0.0,0.968,nan,edge/x86_64,unknown,3.12.3,2026-10-09T18:44:59Z
196,ML-DSA-44,post-quantum,2,sign,0.0832,0.0,0.0,0.319,1312,2560,0,2420,512,0,0,0.0,1.2487,nan,edge/x86_64,unknown,3.12.3,2026-10-09T18:44:59Z
196,ML-DSA-44,post-quantum,2,verify,0.0592,0.0,0.0,0.319,1312,2560,0,2420,512,0,0,0.0,0.8875,nan,edge/x86_64,unknown,3.12.3,2026-10-09T18:44:59Z
197,ML-DSA-44,post-quantum,2,keygen,0.062,0.0,0.0,0.319,1312,2560,0,2420,0,0,0,0.0,0.9299,nan,edge/x86_64,unknown,3.12.3,2026-10-09T18:44:59Z
197,ML-DSA-44,post-quantum,2,sign,0.2165,0.0,0.0,0.319,1312,2560,0,2420,512,0,0,0.0,3.2478,nan,edge/x86_64,unknown,3.12.3,2026-10-09T18:44:59Z
197,ML-DSA-44,post-quantum,2,verify,0.0634,0.0,0.0,0.319,1312,2560,0,2420,512,0,0,0.0,0.9511,nan,edge/x86_64,unknown,3.12.3,2026-10-09T18:44:59Z
198,ML-DSA-44,post-quantum,2,keygen,0.063,0.0,0.0,0.319,1312,2560,0,2420,0,0,0,0.0,0.9446,nan,edge/x86_64,unknown,3.12.3,2026-10-09T18:44:59Z
198,ML-DSA-44,post-quantum,2,sign,0.1573,0.0,0.0,0.319,1312,2560,0,2420,512,0,0,0.0,2.3599,nan,edge/x86_64,unknown,3.12.3,2026-10-09T18:44:59Z
198,ML-DSA-44,post-quantum,2,verify,0.0908,0.0,0.0,0.319,1312,2560,0,2420,512,0,0,0.0,1.3627,nan,edge/x86_64,unknown,3.12.3,2026-10-09T18:44:59Z
199,ML-DSA-44,post-quantum,2,keygen,0.062,0.0,0.0,0.319,1312,2560,0,2420,0,0,0,0.0,0.9303,nan,edge/x86_64,unknown,3.12.3,2026-10-09T18:44:59Z
199,ML-DSA-44,post-quantum,2,sign,0.2169,0.0,0.0,0.319,1312,2560,0,2420,512,0,0,0.0,3.2535,nan,edge/x86_64,unknown,3.12.3,2026-10-09T18:44:59Z
199,ML-DSA-44,post-quantum,2,verify,0.0632,0.0,0.0,0.319,1312,2560,0,2420,512,0,0,0.0,0.9478,nan,edge/x86_64,unknown,3.12.3,2026-10-09T18:44:59Z
0,ML-DSA-65,post-quantum,3,keygen,0.1557,0.0,0.0,0.295,1952,4032,0,3309,0,0,0,0.0,2.3354,nan,edge/x86_64,unknown,3.12.3,2026-10-09T18:44:59Z
0,ML-DSA-65,post-quantum,3,sign,0.1698,0.0,0.0,0.295,1952,4032,0,3309,512,0,0,0.0,2.547,nan,edge/x86_64,unknown,3.12.3,2026-10-09T18:44:59Z
0,ML-DSA-65,post-quantum,3,verify,0.0933,0.0,0.0,0.295,1952,4032,0,3309,512,0,0,0.0,1.3996,nan,edge/x86_64,unknown,3.12.3,2026-10-09T18:44:59Z
1,ML-DSA-65,post-quantum,3,keygen,0.1056,0.0,0.0,0.295,1952,4032,0,3309,0,0,0,0.0,1.5843,nan,edge/x86_64,unknown,3.12.3,2026-10-09T18:44:59Z
1,ML-DSA-65,post-quantum,3,sign,0.2507,0.0,0.0,0.295,1952,4032,0,3309,512,0,0,0.0,3.7603,nan,edge/x86_64,unknown,3.12.3,2026-10-09T18:44:59Z
1,ML-DSA-65,post-quantum,3,verify,0.0848,0.0,0.0,0.295,1952,4032,0,3309,512,0,0,0.0,1.2723,nan,edge/x86_64,unknown,3.12.3,2026-10-09T18:44:59Z
2,ML-DSA-65,post-quantum,3,keygen,0.0871,0.0,0.0,0.295,1952,4032,0,3309,0,0,0,0.0,1.3059,nan,edge/x86_64,unknown,3.12.3,2026-10-09T18:44:59Z
2,ML-DSA-65,post-quantum,3,sign,0.2193,0.0,0.0,0.295,1952,4032,0,3309,512,0,0,0.0,3.2901,nan,edge/x86_64,unknown,3.12.3,2026-10-09T18:44:59Z
2,ML-DSA-65,post-quantum,3,verify,0.085,0.0,0.0,0.295,1952,4032,0,3309,512,0,0,0.0,1.2743,nan,edge/x86_64,unknown,3.12.3,2026-10-09T18:44:59Z
3,ML-DSA-65,post-quantum,3,keygen,0.0929,0.0,0.0,0.295,1952,4032,0,3309,0,0,0,0.0,1.3931,nan,edge/x86_64,unknown,3.12.3,2026-10-09T18:44:59Z
3,ML-DSA-65,post-quantum,3,sign,0.1191,0.0,0.0,0.295,1952,4032,0,3309,512,0,0,0.0,1.7869,nan,edge/x86_64,unknown,3.12.3,2026-10-09T18:44:59Z
3,ML-DSA-65,post-quantum,3,verify,0.0829,0.0,0.0,0.295,1952,4032,0,3309,512,0,0,0.0,1.2428,nan,edge/x86_64,unknown,3.12.3,2026-10-09T18:44:59Z
4,ML-DSA-65,post-quantum,3,keygen,0.0911,0.0,0.0,0.295,1952,4032,0,3309,0,0,0,0.0,1.3665,nan,edge/x86_64,unknown,3.12.3,2026-10-09T18:44:59Z
4,ML-DSA-65,post-quantum,3,sign,0.117,0.0,0.0,0.295,1952,4032,0,3309,512,0,0,0.0,1.7554,nan,edge/x86_64,unknown,3.12.3,2026-10-09T18:44:59Z
4,ML-DSA-65,post-quantum,3,verify,0.0832,0.0,0.0,0.295,1952,4032,0,3309,512,0,0,0.0,1.2486,nan,edge/x86_64,unknown,3.12.3,2026-10-09T18:44:59Z
5,ML-DSA-65,post-quantum,3,keygen,0.1245,0.0,0.0,0.295,1952,4032,0,3309,0,0,0,0.0,1.8676,nan,edge/x86_64,unknown,3.12.3,2026-10-09T18:44:59Z
5,ML-DSA-65,post-quantum,3,sign,0.2391,0.0,0.0,0.295,1952,4032,0,3309,512,0,0,0.0,3.5872,nan,edge/x86_64,unknown,3.12.3,2026-10-09T18:44:59Z
5,ML-DSA-65,post-quantum,3,verify,0.0886,0.0,0.0,0.295,1952,4032,0,3309,512,0,0,0.0,1.3283,nan,edge/x86_64,unknown,3.12.3,2026-10-09T18:44:59Z
6,ML-DSA-65,post-quantum,3,keygen,0.092,0.0,0.0,0.295,1952,4032,0,3309,0,0,0,0.0,1.3798,nan,edge/x86_64,unknown,3.12.3,2026-10-09T18:44:59Z
6,ML-DSA-65,post-quantum,3,sign,0.1907,0.0,0.0,0.295,1952,4032,0,3309,512,0,0,0.0,2.8602,nan,edge/x86_64,unknown,3.12.3,2026-10-09T18:44:59Z
6,ML-DSA-65,post-quantum,3,verify,0.0872,0.0,0.0,0.295,1952,4032,0,3309,512,0,0,0.0,1.3074,nan,edge/x86_64,unknown,3.12.3,2026-10-09T18:44:59Z
7,ML-DSA-65,post-quantum,3,keygen,0.0944,0.0,0.0,0.295,1952,4032,0,3309,0,0,0,0.0,1.4153,nan,edge/x86_64,unknown,3.12.3,2026-10-09T18:44:59Z
7,ML-DSA-65,post-quantum,3,sign,0.1963,0.0,0.0,0.295,1952,4032,0,3309,512,0,0,0.0,2.9442,nan,edge/x86_64,unknown,3.12.3,2026-10-09T18:44:59Z
7,ML-DSA-65,post-quantum,3,verify,0.1751,0.0,0.0,0.295,1952,4032,0,3309,512,0,0,0.0,2.6267,nan,edge/x86_64,unknown,3.12.3,2026-10-09T18:44:59Z
8,ML-DSA-65,post-quantum,3,keygen,0.1082,0.0,0.0,0.295,1952,4032,0,3309,0,0,0,0.0,1.623,nan,edge/x86_64,unknown,3.12.3,2026-10-09T18:44:59Z
8,ML-DSA-65,post-quantum,3,sign,0.1309,0.0,0.0,0.295,1952,4032,0,3309,512,0,0,0.0,1.964,nan,edge/x86_64,unknown,3.12.3,2026-10-09T18:44:59Z
8,ML-DSA-65,post-quantum,3,verify,0.0844,0.0,0.0,0.295,1952,4032,0,3309,512,0,0,0.0,1.266,nan,edge/x86_64,unknown,3.12.3,2026-10-09T18:44:59Z
9,ML-DSA-65,post-quantum,3,keygen,0.089,0.0,0.0,0.295,1952,4032,0,3309,0,0,0,0.0,1.3347,nan,edge/x86_64,unknown,3.12.3,2026-10-09T18:44:59Z
9,ML-DSA-65,post-quantum,3,sign,0.2135,0.0,0.0,0.295,1952,4032,0,3309,512,0,0,0.0,3.2018,nan,edge/x86_64,unknown,3.12.3,2026-10-09T18:44:59Z
9,ML-DSA-65,post-quantum,3,verify,0.125,0.0,0.0,0.295,1952,4032,0,3309,512,0,0,0.0,1.8751,nan,edge/x86_64,unknown,3.12.3,2026-10-09T18:44:59Z
10,ML-DSA-65,post-quantum,3,keygen,0.1277,0.0,0.0,0.295,1952,4032,0,3309,0,0,0,0.0,1.9153,nan,edge/x86_64,unknown,3.12.3,2026-10-09T18:44:59Z
10,ML-DSA-65,post-quantum,3,sign,0.1124,0.0,0.0,0.295,1952,4032,0,3309,512,0,0,0.0,1.6859,nan,edge/x86_64,unknown,3.12.3,2026-10-09T18:44:59Z
10,ML-DSA-65,post-quantum,3,verify,0.0867,0.0,0.0,0.295,1952,4032,0,3309,512,0,0,0.0,1.3,nan,edge/x86_64,unknown,3.12.3,2026-10-09T18:44:59Z
11,ML-DSA-65,post-quantum,3,keygen,0.0907,0.0,0.0,0.295,1952,4032,0,3309,0,0,0,0.0,1.3604,nan,edge/x86_64,unknown,3.12.3,2026-10-09T18:44:59Z
11,ML-DSA-65,post-quantum,3,sign,0.1769,0.0,0.0,0.295,1952,4032,0,3309,512,0,0,0.0,2.6534,nan,edge/x86_64,unknown,3.12.3,2026-10-09T18:44:59Z
11,ML-DSA-65,post-quantum,3,verify,0.1003,0.0,0.0,0.295,1952,4032,0,3309,512,0,0,0.0,1.504,nan,edge/x86_64,unknown,3.12.3,2026-10-09T18:44:59Z
12,ML-DSA-65,post-quantum,3,keygen,0.0873,0.0,0.0,0.295,1952,4032,0,3309,0,0,0,0.0,1.3098,nan,edge/x86_64,unknown,3.12.3,2026-10-09T18:44:59Z
12,ML-DSA-65,post-quantum,3,sign,0.3341,0.0,0.0,0.295,1952,4032,0,3309,512,0,0,0.0,5.0121,nan,edge/x86_64,unknown,3.12.3,2026-10-09T18:44:59Z
12,ML-DSA-65,post-quantum,3,verify,0.0855,0.0,0.0,0.295,1952,4032,0,3309,512,0,0,0.0,1.2823,nan,edge/x86_64,unknown,3.12.3,2026-10-09T18:44:59Z
13,ML-DSA-65,post-quantum,3,keygen,0.0918,0.0,0.0,0.295,1952,4032,0,3309,0,0,0,0.0,1.3769,nan,edge/x86_64,unknown,3.12.3,2026-10-09T18:44:59Z
13,ML-DSA-65,post-quantum,3,sign,0.2112,0.0,0.0,0.295,1952,4032,0,3309,512,0,0,0.0,3.1678,nan,edge/x86_64,unknown,3.12.3,2026-10-09T18:44:59Z
13,ML-DSA-65,post-quantum,3,verify,0.0857,0.0,0.0,0.295,1952,4032,0,3309,512,0,0,0.0,1.2857,nan,edge/x86_64,unknown,3.12.3,2026-10-09T18:44:59Z
14,ML-DSA-65,post-quantum,3,keygen,0.0899,0.0,0.0,0.295,1952,4032,0,3309,0,0,0,0.0,1.348,nan,edge/x86_64,unknown,3.12.3,2026-10-09T18:44:59Z
14,ML-DSA-65,post-quantum,3,sign,0.1227,0.0,0.0,0.295,1952,4032,0,3309,512,0,0,0.0,1.8398,nan,edge/x86_64,unknown,3.12.3,2026-10-09T18:44:59Z
14,ML-DSA-65,post-quantum,3,verify,0.1017,0.0,0.0,0.295,1952,4032,0,3309,512,0,0,0.0,1.5258,nan,edge/x86_64,unknown,3.12.3,2026-10-09T18:44:59Z
15,ML-DSA-65,post-quantum,3,keygen,0.1113,0.0,0.0,0.295,1952,4032,0,3309,0,0,0,0.0,1.6698,nan,edge/x86_64,unknown,3.12.3,2026-10-09T18:44:59Z
15,ML-DSA-65,post-quantum,3,sign,0.1893,0.0,0.0,0.295,1952,4032,0,3309,512,0,0,0.0,2.8389,nan,edge/x86_64,unknown,3.12.3,2026-10-09T18:44:59Z
15,ML-DSA-65,post-quantum,3,verify,0.0839,0.0,0.0,0.295,1952,4032,0,3309,512,0,0,0.0,1.2579,nan,edge/x86_64,unknown,3.12.3,2026-10-09T18:44:59Z
16,ML-DSA-65,post-quantum,3,keygen,0.0887,0.0,0.0,0.295,1952,4032,0,3309,0,0,0,0.0,1.3303,nan,edge/x86_64,unknown,3.12.3,2026-10-09T18:44:59Z
16,ML-DSA-65,post-quantum,3,sign,0.1716,0.0,0.0,0.295,1952,4032,0,3309,512,0,0,0.0,2.574,nan,edge/x86_64,unknown,3.12.3,2026-10-09T18:44:59Z
16,ML-DSA-65,post-quantum,3,verify,0.0807,0.0,0.0,0.295,1952,4032,0,3309,512,0,0,0.0,1.2098,nan,edge/x86_64,unknown,3.12.3,2026-10-09T18:44:59Z
17,ML-DSA-65,post-quantum,3,keygen,0.0886,0.0,0.0,0.295,1952,4032,0,3309,0,0,0,0.0,1.3294,nan,edge/x86_64,unknown,3.12.3,2026-10-09T18:44:59Z
17,ML-DSA-65,post-quantum,3,sign,0.2042,0.0,0.0,0.295,1952,4032,0,3309,512,0,0,0.0,3.0624,nan,edge/x86_64,unknown,3.12.3,2026-10-09T18:44:59Z
17,ML-DSA-65,post-quantum,3,verify,0.0934,0.0,0.0,0.295,1952,4032,0,3309,512,0,0,0.0,1.401,nan,edge/x86_64,unknown,3.12.3,2026-10-09T18:44:59Z
18,ML-DSA-65,post-quantum,3,keygen,0.0922,0.0,0.0,0.295,1952,4032,0,3309,0,0,0,0.0,1.3837,nan,edge/x86_64,unknown,3.12.3,2026-10-09T18:44:59Z
18,ML-DSA-65,post-quantum,3,sign,0.1411,0.0,0.0,0.295,1952,4032,0,3309,512,0,0,0.0,2.1168,nan,edge/x86_64,unknown,3.12.3,2026-10-09T18:44:59Z
18,ML-DSA-65,post-quantum,3,verify,0.0883,0.0,0.0,0.295,1952,4032,0,3309,512,0,0,0.0,1.3244,nan,edge/x86_64,unknown,3.12.3,2026-10-09T18:44:59Z
19,ML-DSA-65,post-quantum,3,keygen,0.0912,0.0,0.0,0.295,1952,4032,0,3309,0,0,0,0.0,1.3682,nan,edge/x86_64,unknown,3.12.3,2026-10-09T18:44:59Z
19,ML-DSA-65,post-quantum,3,sign,0.3637,0.0,0.0,0.295,1952,4032,0,3309,512,0,0,0.0,5.4549,nan,edge/x86_64,unknown,3.12.3,2026-10-09T18:44:59Z
19,ML-DSA-65,post-quantum,3,verify,0.1146,0.0,0.0,0.295,1952,4032,0,3309,512,0,0,0.0,1.7184,nan,edge/x86_64,unknown,3.12.3,2026-10-09T18:44:59Z
20,ML-DSA-65,post-quantum,3,keygen,0.101,0.0,0.0,0.295,1952,4032,0,3309,0,0,0,0.0,1.5145,nan,edge/x86_64,unknown,3.12.3,2026-10-09T18:44:59Z
20,ML-DSA-65,post-quantum,3,sign,0.2041,0.0,0.0,0.295,1952,4032,0,3309,512,0,0,0.0,3.0616,nan,edge/x86_64,unknown,3.12.3,2026-10-09T18:44:59Z
20,ML-DSA-65,post-quantum,3,verify,0.0914,0.0,0.0,0.295,1952,4032,0,3309,512,0,0,0.0,1.3712,nan,edge/x86_64,unknown,3.12.3,2026-10-09T18:44:59Z
21,ML-DSA-65,post-quantum,3,keygen,0.1035,0.0,0.0,0.295,1952,4032,0,3309,0,0,0,0.0,1.5526,nan,edge/x86_64,unknown,3.12.3,2026-10-09T18:44:59Z
21,ML-DSA-65,post-quantum,3,sign,0.1467,0.0,0.0,0.295,1952,4032,0,3309,512,0,0,0.0,2.2002,nan,edge/x86_64,unknown,3.12.3,2026-10-09T18:44:59Z
21,ML-DSA-65,post-quantum,3,verify,0.0964,0.0,0.0,0.295,1952,4032,0,3309,512,0,0,0.0,1.4456,nan,edge/x86_64,unknown,3.12.3,2026-10-09T18:44:59Z
22,ML-DSA-65,post-quantum,3,keygen,0.0881,0.0,0.0,0.295,1952,4032,0,3309,0,0,0,0.0,1.3218,nan,edge/x86_64,unknown,3.12.3,2026-10-09T18:44:59Z
22,ML-DSA-65,post-quantum,3,sign,0.1091,0.0,0.0,0.295,1952,4032,0,3309,512,0,0,0.0,1.6371,nan,edge/x86_64,unknown,3.12.3,2026-10-09T18:44:59Z
22,ML-DSA-65,post-quantum,3,verify,0.0848,0.0,0.0,0.295,1952,4032,0,3309,512,0,0,0.0,1.2726,nan,edge/x86_64,unknown,3.12.3,2026-10-09T18:44:59Z
23,ML-DSA-65,post-quantum,3,keygen,0.1499,0.0,0.0,0.295,1952,4032,0,3309,0,0,0,0.0,2.2484,nan,edge/x86_64,unknown,3.12.3,2026-10-09T18:44:59Z
23,ML-DSA-65,post-quantum,3,sign,0.2415,0.0,0.0,0.295,1952,4032,0,3309,512,0,0,0.0,3.6227,nan,edge/x86_64,unknown,3.12.3,2026-10-09T18:44:59Z
23,ML-DSA-65,post-quantum,3,verify,0.0935,0.0,0.0,0.295,1952,4032,0,3309,512,0,0,0.0,1.4027,nan,edge/x86_64,unknown,3.12.3,2026-10-09T18:44:59Z
24,ML-DSA-65,post-quantum,3,keygen,0.1213,0.0,0.0,0.295,1952,4032,0,3309,0,0,0,0.0,1.8188,nan,edge/x86_64,unknown,3.12.3,2026-10-09T18:44:59Z
24,ML-DSA-65,post-quantum,3,sign,0.1405,0.0,0.0,0.295,1952,4032,0,3309,512,0,0,0.0,2.1076,nan,edge/x86_64,unknown,3.12.3,2026-10-09T18:44:59Z
24,ML-DSA-65,post-quantum,3,verify,0.0849,0.0,0.0,0.295,1952,4032,0,3309,512,0,0,0.0,1.2735,nan,edge/x86_64,unknown,3.12.3,2026-10-09T18:44:59Z
25,ML-DSA-65,post-quantum,3,keygen,0.0895,0.0,0.0,0.295,1952,4032,0,3309,0,0,0,0.0,1.3432,nan,edge/x86_64,unknown,3.12.3,2026-10-09T18:44:59Z
25,ML-DSA-65,post-quantum,3,sign,0.1232,0.0,0.0,0.295,1952,4032,0,3309,512,0,0,0.0,1.8483,nan,edge/x86_64,unknown,3.12.3,2026-10-09T18:44:59Z
25,ML-DSA-65,post-quantum,3,verify,0.0874,0.0,0.0,0.295,1952,4032,0,3309,512,0,0,0.0,1.3115,nan,edge/x86_64,unknown,3.12.3,2026-10-09T18:44:59Z
26,ML-DSA-65,post-quantum,3,keygen,0.0926,0.0,0.0,0.295,1952,4032,0,3309,0,0,0,0.0,1.3885,nan,edge/x86_64,unknown,3.12.3,2026-10-09T18:44:59Z
26,ML-DSA-65,post-quantum,3,sign,0.2612,0.0,0.0,0.295,1952,4032,0,3309,512,0,0,0.0,3.9181,nan,edge/x86_64,unknown,3.12.3,2026-10-09T18:44:59Z
26,ML-DSA-65,post-quantum,3,verify,0.1128,0.0,0.0,0.295,1952,4032,0,3309,512,0,0,0.0,1.6921,nan,edge/x86_64,unknown,3.12.3,2026-10-09T18:44:59Z
27,ML-DSA-65,post-quantum,3,keygen,0.1282,0.0,0.0,0.295,1952,4032,0,3309,0,0,0,0.0,1.9237,nan,edge/x86_64,unknown,3.12.3,2026-10-09T18:44:59Z
27,ML-DSA-65,post-quantum,3,sign,0.2785,0.0,0.0,0.295,1952,4032,0,3309,512,0,0,0.0,4.1774,nan,edge/x86_64,unknown,3.12.3,2026-10-09T18:44:59Z
27,ML-DSA-65,post-quantum,3,verify,0.0827,0.0,0.0,0.295,1952,4032,0,3309,512,0,0,0.0,1.2405,nan,edge/x86_64,unknown,3.12.3,2026-10-09T18:44:59Z
28,ML-DSA-65,post-quantum,3,keygen,0.0907,0.0,0.0,0.295,1952,4032,0,3309,0,0,0,0.0,1.3601,nan,edge/x86_64,unknown,3.12.3,2026-10-09T18:44:59Z
28,ML-DSA-65,post-quantum,3,sign,0.135,0.0,0.0,0.295,1952,4032,0,3309,512,0,0,0.0,2.0255,nan,edge/x86_64,unknown,3.12.3,2026-10-09T18:44:59Z
28,ML-DSA-65,post-quantum,3,verify,0.1187,0.0,0.0,0.295,1952,4032,0,3309,512,0,0,0.0,1.7805,nan,edge/x86_64,unknown,3.12.3,2026-10-09T18:44:59Z
29,ML-DSA-65,post-quantum,3,keygen,0.1151,0.0,0.0,0.295,1952,4032,0,3309,0,0,0,0.0,1.7263,nan,edge/x86_64,unknown,3.12.3,2026-10-09T18:44:59Z
29,ML-DSA-65,post-quantum,3,sign,0.1131,0.0,0.0,0.295,1952,4032,0,3309,512,0,0,0.0,1.6972,nan,edge/x86_64,unknown,3.12.3,2026-10-09T18:44:59Z
29,ML-DSA-65,post-quantum,3,verify,0.0933,0.0,0.0,0.295,1952,4032,0,3309,512,0,0,0.0,1.3997,nan,edge/x86_64,unknown,3.12.3,2026-10-09T18:44:59Z
30,ML-DSA-65,post-quantum,3,keygen,0.0914,0.0,0.0,0.295,1952,4032,0,3309,0,0,0,0.0,1.3716,nan,edge/x86_64,unknown,3.12.3,2026-10-09T18:44:59Z
30,ML-DSA-65,post-quantum,3,sign,0.1891,0.0,0.0,0.295,1952,4032,0,3309,512,0,0,0.0,2.8366,nan,edge/x86_64,unknown,3.12.3,2026-10-09T18:44:59Z
30,ML-DSA-65,post-quantum,3,verify,0.0862,0.0,0.0,0.295,1952,4032,0,3309,512,0,0,0.0,1.2926,nan,edge/x86_64,unknown,3.12.3,2026-10-09T18:44:59Z
31,ML-DSA-65,post-quantum,3,keygen,0.0988,0.0,0.0,0.295,1952,4032,0,3309,0,0,0,0.0,1.4813,nan,edge/x86_64,unknown,3.12.3,2026-10-09T18:44:59Z
31,ML-DSA-65,post-quantum,3,sign,0.2288,0.0,0.0,0.295,1952,4032,0,3309,512,0,0,0.0,3.4322,nan,edge/x86_64,unknown,3.12.3,2026-10-09T18:44:59Z
31,ML-DSA-65,post-quantum,3,verify,0.0888,0.0,0.0,0.295,1952,4032,0,3309,512,0,0,0.0,1.3317,nan,edge/x86_64,unknown,3.12.3,2026-10-09T18:44:59Z
32,ML-DSA-65,post-quantum,3,keygen,0.0898,0.0,0.0,0.295,1952,4032,0,3309,0,0,0,0.0,1.3473,nan,edge/x86_64,unknown,3.12.3,2026-10-09T18:44:59Z
32,ML-DSA-65,post-quantum,3,sign,0.547,0.0,0.0,0.295,1952,4032,0,3309,512,0,0,0.0,8.2051,nan,edge/x86_64,unknown,3.12.3,2026-10-09T18:44:59Z
32,ML-DSA-65,post-quantum,3,verify,0.0891,0.0,0.0,0.295,1952,4032,0,3309,512,0,0,0.0,1.337,nan,edge/x86_64,unknown,3.12.3,2026-10-09T18:44:59Z
33,ML-DSA-65,post-quantum,3,keygen,0.1809,0.0,0.0,0.295,1952,4032,0,3309,0,0,0,0.0,2.7135,nan,edge/x86_64,unknown,3.12.3,2026-10-09T18:44:59Z
33,ML-DSA-65,post-quantum,3,sign,0.1815,0.0,0.0,0.295,1952,4032,0,3309,512,0,0,0.0,2.7223,nan,edge/x86_64,unknown,3.12.3,2026-10-09T18:44:59Z
33,ML-DSA-65,post-quantum,3,verify,0.0883,0.0,0.0,0.295,1952,4032,0,3309,512,0,0,0.0,1.3242,nan,edge/x86_64,unknown,3.12.3,2026-10-09T18:44:59Z
34,ML-DSA-65,post-quantum,3,keygen,0.0943,0.0,0.0,0.295,1952,4032,0,3309,0,0,0,0.0,1.4141,nan,edge/x86_64,unknown,3.12.3,2026-10-09T18:44:59Z
34,ML-DSA-65,post-quantum,3,sign,0.2338,0.0,0.0,0.295,1952,4032,0,3309,512,0,0,0.0,3.5077,nan,edge/x86_64,unknown,3.12.3,2026-10-09T18:44:59Z
34,ML-DSA-65,post-quantum,3,verify,0.0857,0.0,0.0,0.295,1952,4032,0,3309,512,0,0,0.0,1.2853,nan,edge/x86_64,unknown,3.12.3,2026-10-09T18:44:59Z
35,ML-DSA-65,post-quantum,3,keygen,0.0922,0.0,0.0,0.295,1952,4032,0,3309,0,0,0,0.0,1.383,nan,edge/x86_64,unknown,3.12.3,2026-10-09T18:44:59Z
35,ML-DSA-65,post-quantum,3,sign,0.1559,0.0,0.0,0.295,1952,4032,0,3309,512,0,0,0.0,2.3381,nan,edge/x86_64,unknown,3.12.3,2026-10-09T18:44:59Z
35,ML-DSA-65,post-quantum,3,verify,0.101,0.0,0.0,0.295,1952,4032,0,3309,512,0,0,0.0,1.515,nan,edge/x86_64,unknown,3.12.3,2026-10-09T18:44:59Z
36,ML-DSA-65,post-quantum,3,keygen,0.0943,0.0,0.0,0.295,1952,4032,0,3309,0,0,0,0.0,1.4152,nan,edge/x86_64,unknown,3.12.3,2026-10-09T18:44:59Z
36,ML-DSA-65,post-quantum,3,sign,0.145,0.0,0.0,0.295,1952,4032,0,3309,512,0,0,0.0,2.1747,nan,edge/x86_64,unknown,3.12.3,2026-10-09T18:44:59Z
36,ML-DSA-65,post-quantum,3,verify,0.0817,0.0,0.0,0.295,1952,4032,0,3309,512,0,0,0.0,1.2259,nan,edge/x86_64,unknown,3.12.3,2026-10-09T18:44:59Z
37,ML-DSA-65,post-quantum,3,keygen,0.0872,0.0,0.0,0.295,1952,4032,0,3309,0,0,0,0.0,1.3084,nan,edge/x86_64,unknown,3.12.3,2026-10-09T18:44:59Z
37,ML-DSA-65,post-quantum,3,sign,0.2024,0.0,0.0,0.295,1952,4032,0,3309,512,0,0,0.0,3.0358,nan,edge/x86_64,unknown,3.12.3,2026-10-09T18:44:59Z
37,ML-DSA-65,post-quantum,3,verify,0.0818,0.0,0.0,0.295,1952,4032,0,3309,512,0,0,0.0,1.2276,nan,edge/x86_64,unknown,3.12.3,2026-10-09T18:44:59Z
38,ML-DSA-65,post-quantum,3,keygen,0.149,0.0,0.0,0.295,1952,4032,0,3309,0,0,0,0.0,2.2344,nan,edge/x86_64,unknown,3.12.3,2026-10-09T18:44:59Z
38,ML-DSA-65,post-quantum,3,sign,0.1389,0.0,0.0,0.295,1952,4032,0,3309,512,0,0,0.0,2.0833,nan,edge/x86_64,unknown,3.12.3,2026-10-09T18:44:59Z
38,ML-DSA-65,post-quantum,3,verify,0.0837,0.0,0.0,0.295,1952,4032,0,3309,512,0,0,0.0,1.2555,nan,edge/x86_64,unknown,3.12.3,2026-10-09T18:44:59Z
39,ML-DSA-65,post-quantum,3,keygen,0.0883,0.0,0.0,0.295,1952,4032,0,3309,0,0,0,0.0,1.3251,nan,edge/x86_64,unknown,3.12.3,2026-10-09T18:44:59Z
39,ML-DSA-65,post-quantum,3,sign,0.2063,0.0,0.0,0.295,1952,4032,0,3309,512,0,0,0.0,3.094,nan,edge/x86_64,unknown,3.12.3,2026-10-09T18:44:59Z
39,ML-DSA-65,post-quantum,3,verify,0.0857,0.0,0.0,0.295,1952,4032,0,3309,512,0,0,0.0,1.2848,nan,edge/x86_64,unknown,3.12.3,2026-10-09T18:44:59Z
40,ML-DSA-65,post-quantum,3,keygen,0.0901,0.0,0.0,0.295,1952,4032,0,3309,0,0,0,0.0,1.3521,nan,edge/x86_64,unknown,3.12.3,2026-10-09T18:44:59Z
40,ML-DSA-65,post-quantum,3,sign,0.2101,0.0,0.0,0.295,1952,4032,0,3309,512,0,0,0.0,3.1511,nan,edge/x86_64,unknown,3.12.3,2026-10-09T18:44:59Z
40,ML-DSA-65,post-quantum,3,verify,0.0878,0.0,0.0,0.295,1952,4032,0,3309,512,0,0,0.0,1.317,nan,edge/x86_64,unknown,3.12.3,2026-10-09T18:44:59Z
41,ML-DSA-65,post-quantum,3,keygen,0.0973,0.0,0.0,0.295,1952,4032,0,3309,0,0,0,0.0,1.4595,nan,edge/x86_64,unknown,3.12.3,2026-10-09T18:44:59Z
41,ML-DSA-65,post-quantum,3,sign,0.1677,0.0,0.0,0.295,1952,4032,0,3309,512,0,0,0.0,2.5151,nan,edge/x86_64,unknown,3.12.3,2026-10-09T18:44:59Z
41,ML-DSA-65,post-quantum,3,verify,0.0886,0.0,0.0,0.295,1952,4032,0,3309,512,0,0,0.0,1.329,nan,edge/x86_64,unknown,3.12.3,2026-10-09T18:44:59Z
42,ML-DSA-65,post-quantum,3,keygen,0.0881,0.0,0.0,0.295,1952,4032,0,3309,0,0,0,0.0,1.321,nan,edge/x86_64,unknown,3.12.3,2026-10-09T18:44:59Z
42,ML-DSA-65,post-quantum,3,sign,0.1281,0.0,0.0,0.295,1952,4032,0,3309,512,0,0,0.0,1.9214,nan,edge/x86_64,unknown,3.12.3,2026-10-09T18:44:59Z
42,ML-DSA-65,post-quantum,3,verify,0.0842,0.0,0.0,0.295,1952,4032,0,3309,512,0,0,0.0,1.2626,nan,edge/x86_64,unknown,3.12.3,2026-10-09T18:44:59Z
43,ML-DSA-65,post-quantum,3,keygen,0.0884,0.0,0.0,0.295,1952,4032,0,3309,0,0,0,0.0,1.3253,nan,edge/x86_64,unknown,3.12.3,2026-10-09T18:44:59Z
43,ML-DSA-65,post-quantum,3,sign,0.2283,0.0,0.0,0.295,1952,4032,0,3309,512,0,0,0.0,3.4238,nan,edge/x86_64,unknown,3.12.3,2026-10-09T18:44:59Z
43,ML-DSA-65,post-quantum,3,verify,0.0872,0.0,0.0,0.295,1952,4032,0,3309,512,0,0,0.0,1.3081,nan,edge/x86_64,unknown,3.12.3,2026-10-09T18:44:59Z
44,ML-DSA-65,post-quantum,3,keygen,0.0892,0.0,0.0,0.295,1952,4032,0,3309,0,0,0,0.0,1.3376,nan,edge/x86_64,unknown,3.12.3,2026-10-09T18:44:59Z
44,ML-DSA-65,post-quantum,3,sign,0.1555,0.0,0.0,0.295,1952,4032,0,3309,512,0,0,0.0,2.3323,nan,edge/x86_64,unknown,3.12.3,2026-10-09T18:44:59Z
44,ML-DSA-65,post-quantum,3,verify,0.0849,0.0,0.0,0.295,1952,4032,0,3309,512,0,0,0.0,1.2731,nan,edge/x86_64,unknown,3.12.3,2026-10-09T18:44:59Z
45,ML-DSA-65,post-quantum,3,keygen,0.0895,0.0,0.0,0.295,1952,4032,0,3309,0,0,0,0.0,1.3431,nan,edge/x86_64,unknown,3.12.3,2026-10-09T18:44:59Z
45,ML-DSA-65,post-quantum,3,sign,0.1274,0.0,0.0,0.295,1952,4032,0,3309,512,0,0,0.0,1.9112,nan,edge/x86_64,unknown,3.12.3,2026-10-09T18:44:59Z
45,ML-DSA-65,post-quantum,3,verify,0.0834,0.0,0.0,0.295,1952,4032,0,3309,512,0,0,0.0,1.2511,nan,edge/x86_64,unknown,3.12.3,2026-10-09T18:44:59Z
46,ML-DSA-65,post-quantum,3,keygen,0.1073,0.0,0.0,0.295,1952,4032,0,3309,0,0,0,0.0,1.6095,nan,edge/x86_64,unknown,3.12.3,2026-10-09T18:44:59Z
46,ML-DSA-65,post-quantum,3,sign,0.1838,0.0,0.0,0.295,1952,4032,0,3309,512,0,0,0.0,2.7569,nan,edge/x86_64,unknown,3.12.3,2026-10-09T18:44:59Z
46,ML-DSA-65,post-quantum,3,verify,0.0928,0.0,0.0,0.295,1952,4032,0,3309,512,0,0,0.0,1.3916,nan,edge/x86_64,unknown,3.12.3,2026-10-09T18:44:59Z
47,ML-DSA-65,post-quantum,3,keygen,0.0918,0.0,0.0,0.295,1952,4032,0,3309,0,0,0,0.0,1.3773,nan,edge/x86_64,unknown,3.12.3,2026-10-09T18:44:59Z
47,ML-DSA-65,post-quantum,3,sign,0.1367,0.0,0.0,0.295,1952,4032,0,3309,512,0,0,0.0,2.0503,nan,edge/x86_64,unknown,3.12.3,2026-10-09T18:44:59Z
47,ML-DSA-65,post-quantum,3,verify,0.0859,0.0,0.0,0.295,1952,4032,0,3309,512,0,0,0.0,1.2883,nan,edge/x86_64,unknown,3.12.3,2026-10-09T18:44:59Z
48,ML-DSA-65,post-quantum,3,keygen,0.0958,0.0,0.0,0.295,1952,4032,0,3309,0,0,0,0.0,1.4377,nan,edge/x86_64,unknown,3.12.3,2026-10-09T18:44:59Z
48,ML-DSA-65,post-quantum,3,sign,0.2704,0.0,0.0,0.295,1952,4032,0,3309,512,0,0,0.0,4.0558,nan,edge/x86_64,unknown,3.12.3,2026-10-09T18:44:59Z
48,ML-DSA-65,post-quantum,3,verify,0.1303,0.0,0.0,0.295,1952,4032,0,3309,512,0,0,0.0,1.955,nan,edge/x86_64,unknown,3.12.3,2026-10-09T18:44:59Z
49,ML-DSA-65,post-quantum,3,keygen,0.0948,0.0,0.0,0.295,1952,4032,0,3309,0,0,0,0.0,1.4213,nan,edge/x86_64,unknown,3.12.3,2026-10-09T18:44:59Z
49,ML-DSA-65,post-quantum,3,sign,0.3315,0.0,0.0,0.295,1952,4032,0,3309,512,0,0,0.0,4.9727,nan,edge/x86_64,unknown,3.12.3,2026-10-09T18:44:59Z
49,ML-DSA-65,post-quantum,3,verify,0.1635,0.0,0.0,0.295,1952,4032,0,3309,512,0,0,0.0,2.452,nan,edge/x86_64,unknown,3.12.3,2026-10-09T18:44:59Z
50,ML-DSA-65,post-quantum,3,keygen,0.1195,0.0,0.0,0.295,1952,4032,0,3309,0,0,0,0.0,1.7923,nan,edge/x86_64,unknown,3.12.3,2026-10-09T18:44:59Z
50,ML-DSA-65,post-quantum,3,sign,0.2608,0.0,0.0,0.295,1952,4032,0,3309,512,0,0,0.0,3.9119,nan,edge/x86_64,unknown,3.12.3,2026-10-09T18:44:59Z
50,ML-DSA-65,post-quantum,3,verify,0.0887,0.0,0.0,0.295,1952,4032,0,3309,512,0,0,0.0,1.3306,nan,edge/x86_64,unknown,3.12.3,2026-10-09T18:44:59Z
51,ML-DSA-65,post-quantum,3,keygen,0.0944,0.0,0.0,0.295,1952,4032,0,3309,0,0,0,0.0,1.4158,nan,edge/x86_64,unknown,3.12.3,2026-10-09T18:44:59Z
51,ML-DSA-65,post-quantum,3,sign,0.1551,0.0,0.0,0.295,1952,4032,0,3309,512,0,0,0.0,2.3264,nan,edge/x86_64,unknown,3.12.3,2026-10-09T18:44:59Z
51,ML-DSA-65,post-quantum,3,verify,0.0836,0.0,0.0,0.295,1952,4032,0,3309,512,0,0,0.0,1.2535,nan,edge/x86_64,unknown,3.12.3,2026-10-09T18:44:59Z
52,ML-DSA-65,post-quantum,3,keygen,0.088,0.0,0.0,0.295,1952,4032,0,3309,0,0,0,0.0,1.3199,nan,edge/x86_64,unknown,3.12.3,2026-10-09T18:44:59Z
52,ML-DSA-65,post-quantum,3,sign,0.107,0.0,0.0,0.295,1952,4032,0,3309,512,0,0,0.0,1.6047,nan,edge/x86_64,unknown,3.12.3,2026-10-09T18:44:59Z
52,ML-DSA-65,post-quantum,3,verify,0.1284,0.0,0.0,0.295,1952,4032,0,3309,512,0,0,0.0,1.9265,nan,edge/x86_64,unknown,3.12.3,2026-10-09T18:44:59Z
53,ML-DSA-65,post-quantum,3,keygen,0.0965,0.0,0.0,0.295,1952,4032,0,3309,0,0,0,0.0,1.4472,nan,edge/x86_64,unknown,3.12.3,2026-10-09T18:44:59Z
53,ML-DSA-65,post-quantum,3,sign,0.1309,0.0,0.0,0.295,1952,4032,0,3309,512,0,0,0.0,1.9632,nan,edge/x86_64,unknown,3.12.3,2026-10-09T18:44:59Z
53,ML-DSA-65,post-quantum,3,verify,0.0861,0.0,0.0,0.295,1952,4032,0,3309,512,0,0,0.0,1.2911,nan,edge/x86_64,unknown,3.12.3,2026-10-09T18:44:59Z
54,ML-DSA-65,post-quantum,3,keygen,0.104,0.0,0.0,0.295,1952,4032,0,3309,0,0,0,0.0,1.5594,nan,edge/x86_64,unknown,3.12.3,2026-10-09T18:44:59Z
54,ML-DSA-65,post-quantum,3,sign,0.256,0.0,0.0,0.295,1952,4032,0,3309,512,0,0,0.0,3.8397,nan,edge/x86_64,unknown,3.12.3,2026-10-09T18:44:59Z
54,ML-DSA-65,post-quantum,3,verify,0.1028,0.0,0.0,0.295,1952,4032,0,3309,512,0,0,0.0,1.5418,nan,edge/x86_64,unknown,3.12.3,2026-10-09T18:44:59Z
55,ML-DSA-65,post-quantum,3,keygen,0.1257,0.0,0.0,0.295,1952,4032,0,3309,0,0,0,0.0,1.8855,nan,edge/x86_64,unknown,3.12.3,2026-10-09T18:44:59Z
55,ML-DSA-65,post-quantum,3,sign,0.4369,0.0,0.0,0.295,1952,4032,0,3309,512,0,0,0.0,6.5534,nan,edge/x86_64,unknown,3.12.3,2026-10-09T18:44:59Z
55,ML-DSA-65,post-quantum,3,verify,0.0886,0.0,0.0,0.295,1952,4032,0,3309,512,0,0,0.0,1.3295,nan,edge/x86_64,unknown,3.12.3,2026-10-09T18:44:59Z
56,ML-DSA-65,post-quantum,3,keygen,0.0931,0.0,0.0,0.295,1952,4032,0,3309,0,0,0,0.0,1.3967,nan,edge/x86_64,unknown,3.12.3,2026-10-09T18:44:59Z
56,ML-DSA-65,post-quantum,3,sign,0.1924,0.0,0.0,0.295,1952,4032,0,3309,512,0,0,0.0,2.8857,nan,edge/x86_64,unknown,3.12.3,2026-10-09T18:44:59Z
56,ML-DSA-65,post-quantum,3,verify,0.1044,0.0,0.0,0.295,1952,4032,0,3309,512,0,0,0.0,1.5664,nan,edge/x86_64,unknown,3.12.3,2026-10-09T18:44:59Z
57,ML-DSA-65,post-quantum,3,keygen,0.1122,0.0,0.0,0.295,1952,4032,0,3309,0,0,0,0.0,1.6837,nan,edge/x86_64,unknown,3.12.3,2026-10-09T18:44:59Z
57,ML-DSA-65,post-quantum,3,sign,0.1826,0.0,0.0,0.295,1952,4032,0,3309,512,0,0,0.0,2.7391,nan,edge/x86_64,unknown,3.12.3,2026-10-09T18:44:59Z
57,ML-DSA-65,post-quantum,3,verify,0.0856,0.0,0.0,0.295,1952,4032,0,3309,512,0,0,0.0,1.2846,nan,edge/x86_64,unknown,3.12.3,2026-10-09T18:44:59Z
58,ML-DSA-65,post-quantum,3,keygen,0.0895,0.0,0.0,0.295,1952,4032,0,3309,0,0,0,0.0,1.3425,nan,edge/x86_64,unknown,3.12.3,2026-10-09T18:44:59Z
58,ML-DSA-65,post-quantum,3,sign,0.1098,0.0,0.0,0.295,1952,4032,0,3309,512,0,0,0.0,1.647,nan,edge/x86_64,unknown,3.12.3,2026-10-09T18:44:59Z
58,ML-DSA-65,post-quantum,3,verify,0.0827,0.0,0.0,0.295,1952,4032,0,3309,512,0,0,0.0,1.2405,nan,edge/x86_64,unknown,3.12.3,2026-10-09T18:44:59Z
59,ML-DSA-65,post-quantum,3,keygen,0.0884,0.0,0.0,0.295,1952,4032,0,3309,0,0,0,0.0,1.3255,nan,edge/x86_64,unknown,3.12.3,2026-10-09T18:44:59Z
59,ML-DSA-65,post-quantum,3,sign,0.1084,0.0,0.0,0.295,1952,4032,0,3309,512,0,0,0.0,1.6267,nan,edge/x86_64,unknown,3.12.3,2026-10-09T18:44:59Z
59,ML-DSA-65,post-quantum,3,verify,0.1056,0.0,0.0,0.295,1952,4032,0,3309,512,0,0,0.0,1.5833,nan,edge/x86_64,unknown,3.12.3,2026-10-09T18:44:59Z
60,ML-DSA-65,post-quantum,3,keygen,0.0928,0.0,0.0,0.295,1952,4032,0,3309,0,0,0,0.0,1.3925,nan,edge/x86_64,unknown,3.12.3,2026-10-09T18:44:59Z
60,ML-DSA-65,post-quantum,3,sign,0.2381,0.0,0.0,0.295,1952,4032,0,3309,512,0,0,0.0,3.5722,nan,edge/x86_64,unknown,3.12.3,2026-10-09T18:44:59Z
60,ML-DSA-65,post-quantum,3,verify,0.0849,0.0,0.0,0.295,1952,4032,0,3309,512,0,0,0.0,1.2728,nan,edge/x86_64,unknown,3.12.3,2026-10-09T18:44:59Z
61,ML-DSA-65,post-quantum,3,keygen,0.0896,0.0,0.0,0.295,1952,4032,0,3309,0,0,0,0.0,1.3445,nan,edge/x86_64,unknown,3.12.3,2026-10-09T18:44:59Z
61,ML-DSA-65,post-quantum,3,sign,0.1664,0.0,0.0,0.295,1952,4032,0,3309,512,0,0,0.0,2.4956,nan,edge/x86_64,unknown,3.12.3,2026-10-09T18:44:59Z
61,ML-DSA-65,post-quantum,3,verify,0.2734,0.0,0.0,0.295,1952,4032,0,3309,512,0,0,0.0,4.1017,nan,edge/x86_64,unknown,3.12.3,2026-10-09T18:44:59Z
62,ML-DSA-65,post-quantum,3,keygen,0.1146,0.0,0.0,0.295,1952,4032,0,3309,0,0,0,0.0,1.7185,nan,edge/x86_64,unknown,3.12.3,2026-10-09T18:44:59Z
62,ML-DSA-65,post-quantum,3,sign,0.3326,0.0,0.0,0.295,1952,4032,0,3309,512,0,0,0.0,4.9885,nan,edge/x86_64,unknown,3.12.3,2026-10-09T18:44:59Z
62,ML-DSA-65,post-quantum,3,verify,0.1291,0.0,0.0,0.295,1952,4032,0,3309,512,0,0,0.0,1.9364,nan,edge/x86_64,unknown,3.12.3,2026-10-09T18:44:59Z
63,ML-DSA-65,post-quantum,3,keygen,0.4791,0.0,0.0,0.295,1952,4032,0,3309,0,0,0,0.0,7.1858,nan,edge/x86_64,unknown,3.12.3,2026-10-09T18:44:59Z
63,ML-DSA-65,post-quantum,3,sign,0.1995,0.0,0.0,0.295,1952,4032,0,3309,512,0,0,0.0,2.9922,nan,edge/x86_64,unknown,3.12.3,2026-10-09T18:44:59Z
63,ML-DSA-65,post-quantum,3,verify,0.0864,0.0,0.0,0.295,1952,4032,0,3309,512,0,0,0.0,1.2964,nan,edge/x86_64,unknown,3.12.3,2026-10-09T18:44:59Z
64,ML-DSA-65,post-quantum,3,keygen,0.092,0.0,0.0,0.295,1952,4032,0,3309,0,0,0,0.0,1.3804,nan,edge/x86_64,unknown,3.12.3,2026-10-09T18:44:59Z
64,ML-DSA-65,post-quantum,3,sign,0.7599,0.0,0.0,0.295,1952,4032,0,3309,512,0,0,0.0,11.3992,nan,edge/x86_64,unknown,3.12.3,2026-10-09T18:44:59Z
64,ML-DSA-65,post-quantum,3,verify,0.1035,0.0,0.0,0.295,1952,4032,0,3309,512,0,0,0.0,1.5523,nan,edge/x86_64,unknown,3.12.3,2026-10-09T18:44:59Z
65,ML-DSA-65,post-quantum,3,keygen,0.1108,0.0,0.0,0.295,1952,4032,0,3309,0,0,0,0.0,1.6626,nan,edge/x86_64,unknown,3.12.3,2026-10-09T18:44:59Z
65,ML-DSA-65,post-quantum,3,sign,0.1368,0.0,0.0,0.295,1952,4032,0,3309,512,0,0,0.0,2.052,nan,edge/x86_64,unknown,3.12.3,2026-10-09T18:44:59Z
65,ML-DSA-65,post-quantum,3,verify,0.0884,0.0,0.0,0.295,1952,4032,0,3309,512,0,0,0.0,1.3253,nan,edge/x86_64,unknown,3.12.3,2026-10-09T18:44:59Z
66,ML-DSA-65,post-quantum,3,keygen,0.1287,0.0,0.0,0.295,1952,4032,0,3309,0,0,0,0.0,1.9307,nan,edge/x86_64,unknown,3.12.3,2026-10-09T18:44:59Z
66,ML-DSA-65,post-quantum,3,sign,0.2184,0.0,0.0,0.295,1952,4032,0,3309,512,0,0,0.0,3.2757,nan,edge/x86_64,unknown,3.12.3,2026-10-09T18:44:59Z
66,ML-DSA-65,post-quantum,3,verify,0.0973,0.0,0.0,0.295,1952,4032,0,3309,512,0,0,0.0,1.4601,nan,edge/x86_64,unknown,3.12.3,2026-10-09T18:44:59Z
67,ML-DSA-65,post-quantum,3,keygen,0.0933,0.0,0.0,0.295,1952,4032,0,3309,0,0,0,0.0,1.3993,nan,edge/x86_64,unknown,3.12.3,2026-10-09T18:44:59Z
67,ML-DSA-65,post-quantum,3,sign,0.1143,0.0,0.0,0.295,1952,4032,0,3309,512,0,0,0.0,1.7145,nan,edge/x86_64,unknown,3.12.3,2026-10-09T18:44:59Z
67,ML-DSA-65,post-quantum,3,verify,0.0855,0.0,0.0,0.295,1952,4032,0,3309,512,0,0,0.0,1.2823,nan,edge/x86_64,unknown,3.12.3,2026-10-09T18:44:59Z
68,ML-DSA-65,post-quantum,3,keygen,0.1031,0.0,0.0,0.295,1952,4032,0,3309,0,0,0,0.0,1.5462,nan,edge/x86_64,unknown,3.12.3,2026-10-09T18:44:59Z
68,ML-DSA-65,post-quantum,3,sign,0.3315,0.0,0.0,0.295,1952,4032,0,3309,512,0,0,0.0,4.9727,nan,edge/x86_64,unknown,3.12.3,2026-10-09T18:44:59Z
68,ML-DSA-65,post-quantum,3,verify,0.0978,0.0,0.0,0.295,1952,4032,0,3309,512,0,0,0.0,1.4671,nan,edge/x86_64,unknown,3.12.3,2026-10-09T18:44:59Z
69,ML-DSA-65,post-quantum,3,keygen,0.1057,0.0,0.0,0.295,1952,4032,0,3309,0,0,0,0.0,1.5859,nan,edge/x86_64,unknown,3.12.3,2026-10-09T18:44:59Z
69,ML-DSA-65,post-quantum,3,sign,0.1412,0.0,0.0,0.295,1952,4032,0,3309,512,0,0,0.0,2.1187,nan,edge/x86_64,unknown,3.12.3,2026-10-09T18:44:59Z
69,ML-DSA-65,post-quantum,3,verify,0.0878,0.0,0.0,0.295,1952,4032,0,3309,512,0,0,0.0,1.3169,nan,edge/x86_64,unknown,3.12.3,2026-10-09T18:44:59Z
70,ML-DSA-65,post-quantum,3,keygen,0.0915,0.0,0.0,0.295,1952,4032,0,3309,0,0,0,0.0,1.3718,nan,edge/x86_64,unknown,3.12.3,2026-10-09T18:44:59Z
70,ML-DSA-65,post-quantum,3,sign,0.3267,0.0,0.0,0.295,1952,4032,0,3309,512,0,0,0.0,4.9011,nan,edge/x86_64,unknown,3.12.3,2026-10-09T18:44:59Z
70,ML-DSA-65,post-quantum,3,verify,0.0863,0.0,0.0,0.295,1952,4032,0,3309,512,0,0,0.0,1.2948,nan,edge/x86_64,unknown,3.12.3,2026-10-09T18:44:59Z
71,ML-DSA-65,post-quantum,3,keygen,0.1903,0.0,0.0,0.295,1952,4032,0,3309,0,0,0,0.0,2.8543,nan,edge/x86_64,unknown,3.12.3,2026-10-09T18:44:59Z
71,ML-DSA-65,post-quantum,3,sign,0.2762,0.0,0.0,0.295,1952,4032,0,3309,512,0,0,0.0,4.1434,nan,edge/x86_64,unknown,3.12.3,2026-10-09T18:44:59Z
71,ML-DSA-65,post-quantum,3,verify,0.0922,0.0,0.0,0.295,1952,4032,0,3309,512,0,0,0.0,1.3835,nan,edge/x86_64,unknown,3.12.3,2026-10-09T18:44:59Z
72,ML-DSA-65,post-quantum,3,keygen,0.0954,0.0,0.0,0.295,1952,4032,0,3309,0,0,0,0.0,1.4311,nan,edge/x86_64,unknown,3.12.3,2026-10-09T18:44:59Z
72,ML-DSA-65,post-quantum,3,sign,0.1417,0.0,0.0,0.295,1952,4032,0,3309,512,0,0,0.0,2.1259,nan,edge/x86_64,unknown,3.12.3,2026-10-09T18:44:59Z
72,ML-DSA-65,post-quantum,3,verify,0.125,0.0,0.0,0.295,1952,4032,0,3309,512,0,0,0.0,1.8751,nan,edge/x86_64,unknown,3.12.3,2026-10-09T18:44:59Z
73,ML-DSA-65,post-quantum,3,keygen,0.1124,0.0,0.0,0.295,1952,4032,0,3309,0,0,0,0.0,1.6859,nan,edge/x86_64,unknown,3.12.3,2026-10-09T18:44:59Z
73,ML-DSA-65,post-quantum,3,sign,0.2297,0.0,0.0,0.295,1952,4032,0,3309,512,0,0,0.0,3.4449,nan,edge/x86_64,unknown,3.12.3,2026-10-09T18:44:59Z
73,ML-DSA-65,post-quantum,3,verify,0.0866,0.0,0.0,0.295,1952,4032,0,3309,512,0,0,0.0,1.2997,nan,edge/x86_64,unknown,3.12.3,2026-10-09T18:44:59Z
74,ML-DSA-65,post-quantum,3,keygen,0.0897,0.0,0.0,0.295,1952,4032,0,3309,0,0,0,0.0,1.3457,nan,edge/x86_64,unknown,3.12.3,2026-10-09T18:44:59Z
74,ML-DSA-65,post-quantum,3,sign,0.5497,0.0,0.0,0.295,1952,4032,0,3309,512,0,0,0.0,8.2458,nan,edge/x86_64,unknown,3.12.3,2026-10-09T18:44:59Z
74,ML-DSA-65,post-quantum,3,verify,0.0872,0.0,0.0,0.295,1952,4032,0,3309,512,0,0,0.0,1.3075,nan,edge/x86_64,unknown,3.12.3,2026-10-09T18:44:59Z
75,ML-DSA-65,post-quantum,3,keygen,0.0968,0.0,0.0,0.295,1952,4032,0,3309,0,0,0,0.0,1.4524,nan,edge/x86_64,unknown,3.12.3,2026-10-09T18:44:59Z
75,ML-DSA-65,post-quantum,3,sign,0.2177,0.0,0.0,0.295,1952,4032,0,3309,512,0,0,0.0,3.2651,nan,edge/x86_64,unknown,3.12.3,2026-10-09T18:44:59Z
75,ML-DSA-65,post-quantum,3,verify,0.0842,0.0,0.0,0.295,1952,4032,0,3309,512,0,0,0.0,1.2624,nan,edge/x86_64,unknown,3.12.3,2026-10-09T18:44:59Z
76,ML-DSA-65,post-quantum,3,keygen,0.0889,0.0,0.0,0.295,1952,4032,0,3309,0,0,0,0.0,1.3328,nan,edge/x86_64,unknown,3.12.3,2026-10-09T18:44:59Z
76,ML-DSA-65,post-quantum,3,sign,0.123,0.0,0.0,0.295,1952,4032,0,3309,512,0,0,0.0,1.8456,nan,edge/x86_64,unknown,3.12.3,2026-10-09T18:44:59Z
76,ML-DSA-65,post-quantum,3,verify,0.1209,0.0,0.0,0.295,1952,4032,0,3309,512,0,0,0.0,1.8142,nan,edge/x86_64,unknown,3.12.3,2026-10-09T18:44:59Z
77,ML-DSA-65,post-quantum,3,keygen,0.103,0.0,0.0,0.295,1952,4032,0,3309,0,0,0,0.0,1.5443,nan,edge/x86_64,unknown,3.12.3,2026-10-09T18:44:59Z
77,ML-DSA-65,post-quantum,3,sign,0.1333,0.0,0.0,0.295,1952,4032,0,3309,512,0,0,0.0,1.9989,nan,edge/x86_64,unknown,3.12.3,2026-10-09T18:44:59Z
77,ML-DSA-65,post-quantum,3,verify,0.089,0.0,0.0,0.295,1952,4032,0,3309,512,0,0,0.0,1.3353,nan,edge/x86_64,unknown,3.12.3,2026-10-09T18:44:59Z
78,ML-DSA-65,post-quantum,3,keygen,0.0874,0.0,0.0,0.295,1952,4032,0,3309,0,0,0,0.0,1.3113,nan,edge/x86_64,unknown,3.12.3,2026-10-09T18:44:59Z
78,ML-DSA-65,post-quantum,3,sign,0.1158,0.0,0.0,0.295,1952,4032,0,3309,512,0,0,0.0,1.7375,nan,edge/x86_64,unknown,3.12.3,2026-10-09T18:44:59Z
78,ML-DSA-65,post-quantum,3,verify,0.0888,0.0,0.0,0.295,1952,4032,0,3309,512,0,0,0.0,1.3314,nan,edge/x86_64,unknown,3.12.3,2026-10-09T18:44:59Z
79,ML-DSA-65,post-quantum,3,keygen,0.1165,0.0,0.0,0.295,1952,4032,0,3309,0,0,0,0.0,1.7478,nan,edge/x86_64,unknown,3.12.3,2026-10-09T18:44:59Z
79,ML-DSA-65,post-quantum,3,sign,0.5477,0.0,0.0,0.295,1952,4032,0,3309,512,0,0,0.0,8.2162,nan,edge/x86_64,unknown,3.12.3,2026-10-09T18:44:59Z
79,ML-DSA-65,post-quantum,3,verify,0.0953,0.0,0.0,0.295,1952,4032,0,3309,512,0,0,0.0,1.4298,nan,edge/x86_64,unknown,3.12.3,2026-10-09T18:44:59Z
80,ML-DSA-65,post-quantum,3,keygen,0.0987,0.0,0.0,0.295,1952,4032,0,3309,0,0,0,0.0,1.4802,nan,edge/x86_64,unknown,3.12.3,2026-10-09T18:44:59Z
80,ML-DSA-65,post-quantum,3,sign,0.1636,0.0,0.0,0.295,1952,4032,0,3309,512,0,0,0.0,2.4541,nan,edge/x86_64,unknown,3.12.3,2026-10-09T18:44:59Z
80,ML-DSA-65,post-quantum,3,verify,0.1128,0.0,0.0,0.295,1952,4032,0,3309,512,0,0,0.0,1.6916,nan,edge/x86_64,unknown,3.12.3,2026-10-09T18:44:59Z
81,ML-DSA-65,post-quantum,3,keygen,0.1512,0.0,0.0,0.295,1952,4032,0,3309,0,0,0,0.0,2.2677,nan,edge/x86_64,unknown,3.12.3,2026-10-09T18:44:59Z
81,ML-DSA-65,post-quantum,3,sign,0.1953,0.0,0.0,0.295,1952,4032,0,3309,512,0,0,0.0,2.93,nan,edge/x86_64,unknown,3.12.3,2026-10-09T18:44:59Z
81,ML-DSA-65,post-quantum,3,verify,0.1218,0.0,0.0,0.295,1952,4032,0,3309,512,0,0,0.0,1.8273,nan,edge/x86_64,unknown,3.12.3,2026-10-09T18:44:59Z
82,ML-DSA-65,post-quantum,3,keygen,0.0926,0.0,0.0,0.295,1952,4032,0,3309,0,0,0,0.0,1.3894,nan,edge/x86_64,unknown,3.12.3,2026-10-09T18:44:59Z
82,ML-DSA-65,post-quantum,3,sign,0.6048,0.0,0.0,0.295,1952,4032,0,3309,512,0,0,0.0,9.0722,nan,edge/x86_64,unknown,3.12.3,2026-10-09T18:44:59Z
82,ML-DSA-65,post-quantum,3,verify,0.1023,0.0,0.0,0.295,1952,4032,0,3309,512,0,0,0.0,1.5348,nan,edge/x86_64,unknown,3.12.3,2026-10-09T18:44:59Z
83,ML-DSA-65,post-quantum,3,keygen,0.0975,0.0,0.0,0.295,1952,4032,0,3309,0,0,0,0.0,1.4623,nan,edge/x86_64,unknown,3.12.3,2026-10-09T18:44:59Z
83,ML-DSA-65,post-quantum,3,sign,0.1546,0.0,0.0,0.295,1952,4032,0,3309,512,0,0,0.0,2.3184,nan,edge/x86_64,unknown,3.12.3,2026-10-09T18:44:59Z
83,ML-DSA-65,post-quantum,3,verify,0.1203,0.0,0.0,0.295,1952,4032,0,3309,512,0,0,0.0,1.8045,nan,edge/x86_64,unknown,3.12.3,2026-10-09T18:44:59Z
84,ML-DSA-65,post-quantum,3,keygen,0.103,0.0,0.0,0.295,1952,4032,0,3309,0,0,0,0.0,1.5452,nan,edge/x86_64,unknown,3.12.3,2026-10-09T18:44:59Z
84,ML-DSA-65,post-quantum,3,sign,0.548,0.0,0.0,0.295,1952,4032,0,3309,512,0,0,0.0,8.2194,nan,edge/x86_64,unknown,3.12.3,2026-10-09T18:44:59Z
84,ML-DSA-65,post-quantum,3,verify,0.1243,0.0,0.0,0.295,1952,4032,0,3309,512,0,0,0.0,1.8646,nan,edge/x86_64,unknown,3.12.3,2026-10-09T18:44:59Z
85,ML-DSA-65,post-quantum,3,keygen,0.1021,0.0,0.0,0.295,1952,4032,0,3309,0,0,0,0.0,1.5316,nan,edge/x86_64,unknown,3.12.3,2026-10-09T18:44:59Z
85,ML-DSA-65,post-quantum,3,sign,0.1344,0.0,0.0,0.295,1952,4032,0,3309,512,0,0,0.0,2.016,nan,edge/x86_64,unknown,3.12.3,2026-10-09T18:44:59Z
85,ML-DSA-65,post-quantum,3,verify,0.0836,0.0,0.0,0.295,1952,4032,0,3309,512,0,0,0.0,1.2534,nan,edge/x86_64,unknown,3.12.3,2026-10-09T18:44:59Z
86,ML-DSA-65,post-quantum,3,keygen,0.117,0.0,0.0,0.295,1952,4032,0,3309,0,0,0,0.0,1.7547,nan,edge/x86_64,unknown,3.12.3,2026-10-09T18:44:59Z
86,ML-DSA-65,post-quantum,3,sign,0.1881,0.0,0.0,0.295,1952,4032,0,3309,512,0,0,0.0,2.8216,nan,edge/x86_64,unknown,3.12.3,2026-10-09T18:44:59Z
86,ML-DSA-65,post-quantum,3,verify,0.1215,0.0,0.0,0.295,1952,4032,0,3309,512,0,0,0.0,1.8221,nan,edge/x86_64,unknown,3.12.3,2026-10-09T18:44:59Z
87,ML-DSA-65,post-quantum,3,keygen,0.0903,0.0,0.0,0.295,1952,4032,0,3309,0,0,0,0.0,1.3552,nan,edge/x86_64,unknown,3.12.3,2026-10-09T18:44:59Z
87,ML-DSA-65,post-quantum,3,sign,0.1538,0.0,0.0,0.295,1952,4032,0,3309,512,0,0,0.0,2.3066,nan,edge/x86_64,unknown,3.12.3,2026-10-09T18:44:59Z
87,ML-DSA-65,post-quantum,3,verify,0.0891,0.0,0.0,0.295,1952,4032,0,3309,512,0,0,0.0,1.3365,nan,edge/x86_64,unknown,3.12.3,2026-10-09T18:44:59Z
88,ML-DSA-65,post-quantum,3,keygen,0.0879,0.0,0.0,0.295,1952,4032,0,3309,0,0,0,0.0,1.318,nan,edge/x86_64,unknown,3.12.3,2026-10-09T18:44:59Z
88,ML-DSA-65,post-quantum,3,sign,0.4708,0.0,0.0,0.295,1952,4032,0,3309,512,0,0,0.0,7.0616,nan,edge/x86_64,unknown,3.12.3,2026-10-09T18:44:59Z
88,ML-DSA-65,post-quantum,3,verify,0.0907,0.0,0.0,0.295,1952,4032,0,3309,512,0,0,0.0,1.3608,nan,edge/x86_64,unknown,3.12.3,2026-10-09T18:44:59Z
89,ML-DSA-65,post-quantum,3,keygen,0.1005,0.0,0.0,0.295,1952,4032,0,3309,0,0,0,0.0,1.5081,nan,edge/x86_64,unknown,3.12.3,2026-10-09T18:44:59Z
89,ML-DSA-65,post-quantum,3,sign,0.1934,0.0,0.0,0.295,1952,4032,0,3309,512,0,0,0.0,2.9003,nan,edge/x86_64,unknown,3.12.3,2026-10-09T18:44:59Z
89,ML-DSA-65,post-quantum,3,verify,0.098,0.0,0.0,0.295,1952,4032,0,3309,512,0,0,0.0,1.4696,nan,edge/x86_64,unknown,3.12.3,2026-10-09T18:44:59Z
90,ML-DSA-65,post-quantum,3,keygen,0.1516,0.0,0.0,0.295,1952,4032,0,3309,0,0,0,0.0,2.2743,nan,edge/x86_64,unknown,3.12.3,2026-10-09T18:44:59Z
90,ML-DSA-65,post-quantum,3,sign,0.1156,0.0,0.0,0.295,1952,4032,0,3309,512,0,0,0.0,1.7338,nan,edge/x86_64,unknown,3.12.3,2026-10-09T18:44:59Z
90,ML-DSA-65,post-quantum,3,verify,0.0864,0.0,0.0,0.295,1952,4032,0,3309,512,0,0,0.0,1.2956,nan,edge/x86_64,unknown,3.12.3,2026-10-09T18:44:59Z
91,ML-DSA-65,post-quantum,3,keygen,0.0901,0.0,0.0,0.295,1952,4032,0,3309,0,0,0,0.0,1.352,nan,edge/x86_64,unknown,3.12.3,2026-10-09T18:44:59Z
91,ML-DSA-65,post-quantum,3,sign,0.1749,0.0,0.0,0.295,1952,4032,0,3309,512,0,0,0.0,2.6234,nan,edge/x86_64,unknown,3.12.3,2026-10-09T18:44:59Z
91,ML-DSA-65,post-quantum,3,verify,0.0854,0.0,0.0,0.295,1952,4032,0,3309,512,0,0,0.0,1.281,nan,edge/x86_64,unknown,3.12.3,2026-10-09T18:44:59Z
92,ML-DSA-65,post-quantum,3,keygen,0.0899,0.0,0.0,0.295,1952,4032,0,3309,0,0,0,0.0,1.349,nan,edge/x86_64,unknown,3.12.3,2026-10-09T18:44:59Z
92,ML-DSA-65,post-quantum,3,sign,0.1507,0.0,0.0,0.295,1952,4032,0,3309,512,0,0,0.0,2.2602,nan,edge/x86_64,unknown,3.12.3,2026-10-09T18:44:59Z
92,ML-DSA-65,post-quantum,3,verify,0.0944,0.0,0.0,0.295,1952,4032,0,3309,512,0,0,0.0,1.4163,nan,edge/x86_64,unknown,3.12.3,2026-10-09T18:44:59Z
93,ML-DSA-65,post-quantum,3,keygen,0.093,0.0,0.0,0.295,1952,4032,0,3309,0,0,0,0.0,1.3949,nan,edge/x86_64,unknown,3.12.3,2026-10-09T18:44:59Z
93,ML-DSA-65,post-quantum,3,sign,0.2148,0.0,0.0,0.295,1952,4032,0,3309,512,0,0,0.0,3.2219,nan,edge/x86_64,unknown,3.12.3,2026-10-09T18:44:59Z
93,ML-DSA-65,post-quantum,3,verify,0.1216,0.0,0.0,0.295,1952,4032,0,3309,512,0,0,0.0,1.824,nan,edge/x86_64,unknown,3.12.3,2026-10-09T18:44:59Z
94,ML-DSA-65,post-quantum,3,keygen,0.1635,0.0,0.0,0.295,1952,4032,0,3309,0,0,0,0.0,2.4525,nan,edge/x86_64,unknown,3.12.3,2026-10-09T18:44:59Z
94,ML-DSA-65,post-quantum,3,sign,0.1894,0.0,0.0,0.295,1952,4032,0,3309,512,0,0,0.0,2.8405,nan,edge/x86_64,unknown,3.12.3,2026-10-09T18:44:59Z
94,ML-DSA-65,post-quantum,3,verify,0.0846,0.0,0.0,0.295,1952,4032,0,3309,512,0,0,0.0,1.2687,nan,edge/x86_64,unknown,3.12.3,2026-10-09T18:44:59Z
95,ML-DSA-65,post-quantum,3,keygen,0.1067,0.0,0.0,0.295,1952,4032,0,3309,0,0,0,0.0,1.6011,nan,edge/x86_64,unknown,3.12.3,2026-10-09T18:44:59Z
95,ML-DSA-65,post-quantum,3,sign,0.3353,0.0,0.0,0.295,1952,4032,0,3309,512,0,0,0.0,5.0296,nan,edge/x86_64,unknown,3.12.3,2026-10-09T18:44:59Z
95,ML-DSA-65,post-quantum,3,verify,0.0918,0.0,0.0,0.295,1952,4032,0,3309,512,0,0,0.0,1.3768,nan,edge/x86_64,unknown,3.12.3,2026-10-09T18:44:59Z
96,ML-DSA-65,post-quantum,3,keygen,0.0987,0.0,0.0,0.295,1952,4032,0,3309,0,0,0,0.0,1.4798,nan,edge/x86_64,unknown,3.12.3,2026-10-09T18:44:59Z
96,ML-DSA-65,post-quantum,3,sign,0.5744,0.0,0.0,0.295,1952,4032,0,3309,512,0,0,0.0,8.616,nan,edge/x86_64,unknown,3.12.3,2026-10-09T18:44:59Z
96,ML-DSA-65,post-quantum,3,verify,0.0903,0.0,0.0,0.295,1952,4032,0,3309,512,0,0,0.0,1.354,nan,edge/x86_64,unknown,3.12.3,2026-10-09T18:44:59Z
97,ML-DSA-65,post-quantum,3,keygen,0.0992,0.0,0.0,0.295,1952,4032,0,3309,0,0,0,0.0,1.4876,nan,edge/x86_64,unknown,3.12.3,2026-10-09T18:44:59Z
97,ML-DSA-65,post-quantum,3,sign,0.3877,0.0,0.0,0.295,1952,4032,0,3309,512,0,0,0.0,5.8154,nan,edge/x86_64,unknown,3.12.3,2026-10-09T18:44:59Z
97,ML-DSA-65,post-quantum,3,verify,0.0842,0.0,0.0,0.295,1952,4032,0,3309,512,0,0,0.0,1.2634,nan,edge/x86_64,unknown,3.12.3,2026-10-09T18:44:59Z
98,ML-DSA-65,post-quantum,3,keygen,0.0993,0.0,0.0,0.295,1952,4032,0,3309,0,0,0,0.0,1.4899,nan,edge/x86_64,unknown,3.12.3,2026-10-09T18:44:59Z
98,ML-DSA-65,post-quantum,3,sign,0.1387,0.0,0.0,0.295,1952,4032,0,3309,512,0,0,0.0,2.0806,nan,edge/x86_64,unknown,3.12.3,2026-10-09T18:44:59Z
98,ML-DSA-65,post-quantum,3,verify,0.085,0.0,0.0,0.295,1952,4032,0,3309,512,0,0,0.0,1.275,nan,edge/x86_64,unknown,3.12.3,2026-10-09T18:44:59Z
99,ML-DSA-65,post-quantum,3,keygen,0.0909,0.0,0.0,0.295,1952,4032,0,3309,0,0,0,0.0,1.3634,nan,edge/x86_64,unknown,3.12.3,2026-10-09T18:44:59Z
99,ML-DSA-65,post-quantum,3,sign,0.1337,0.0,0.0,0.295,1952,4032,0,3309,512,0,0,0.0,2.0051,nan,edge/x86_64,unknown,3.12.3,2026-10-09T18:44:59Z
99,ML-DSA-65,post-quantum,3,verify,0.086,0.0,0.0,0.295,1952,4032,0,3309,512,0,0,0.0,1.2894,nan,edge/x86_64,unknown,3.12.3,2026-10-09T18:44:59Z
100,ML-DSA-65,post-quantum,3,keygen,0.092,0.0,0.0,0.295,1952,4032,0,3309,0,0,0,0.0,1.3807,nan,edge/x86_64,unknown,3.12.3,2026-10-09T18:44:59Z
100,ML-DSA-65,post-quantum,3,sign,0.1442,0.0,0.0,0.295,1952,4032,0,3309,512,0,0,0.0,2.163,nan,edge/x86_64,unknown,3.12.3,2026-10-09T18:44:59Z
100,ML-DSA-65,post-quantum,3,verify,0.1004,0.0,0.0,0.295,1952,4032,0,3309,512,0,0,0.0,1.5067,nan,edge/x86_64,unknown,3.12.3,2026-10-09T18:44:59Z
101,ML-DSA-65,post-quantum,3,keygen,0.1829,0.0,0.0,0.295,1952,4032,0,3309,0,0,0,0.0,2.7433,nan,edge/x86_64,unknown,3.12.3,2026-10-09T18:44:59Z
101,ML-DSA-65,post-quantum,3,sign,0.2217,0.0,0.0,0.295,1952,4032,0,3309,512,0,0,0.0,3.3251,nan,edge/x86_64,unknown,3.12.3,2026-10-09T18:44:59Z
101,ML-DSA-65,post-quantum,3,verify,0.1012,0.0,0.0,0.295,1952,4032,0,3309,512,0,0,0.0,1.5183,nan,edge/x86_64,unknown,3.12.3,2026-10-09T18:44:59Z
102,ML-DSA-65,post-quantum,3,keygen,0.092,0.0,0.0,0.295,1952,4032,0,3309,0,0,0,0.0,1.3799,nan,edge/x86_64,unknown,3.12.3,2026-10-09T18:44:59Z
102,ML-DSA-65,post-quantum,3,sign,0.1928,0.0,0.0,0.295,1952,4032,0,3309,512,0,0,0.0,2.8924,nan,edge/x86_64,unknown,3.12.3,2026-10-09T18:44:59Z
102,ML-DSA-65,post-quantum,3,verify,0.087,0.0,0.0,0.295,1952,4032,0,3309,512,0,0,0.0,1.3047,nan,edge/x86_64,unknown,3.12.3,2026-10-09T18:44:59Z
103,ML-DSA-65,post-quantum,3,keygen,0.0952,0.0,0.0,0.295,1952,4032,0,3309,0,0,0,0.0,1.4281,nan,edge/x86_64,unknown,3.12.3,2026-10-09T18:44:59Z
103,ML-DSA-65,post-quantum,3,sign,0.3318,0.0,0.0,0.295,1952,4032,0,3309,512,0,0,0.0,4.9763,nan,edge/x86_64,unknown,3.12.3,2026-10-09T18:44:59Z
103,ML-DSA-65,post-quantum,3,verify,0.0853,0.0,0.0,0.295,1952,4032,0,3309,512,0,0,0.0,1.2788,nan,edge/x86_64,unknown,3.12.3,2026-10-09T18:44:59Z
104,ML-DSA-65,post-quantum,3,keygen,0.0922,0.0,0.0,0.295,1952,4032,0,3309,0,0,0,0.0,1.3825,nan,edge/x86_64,unknown,3.12.3,2026-10-09T18:44:59Z
104,ML-DSA-65,post-quantum,3,sign,0.287,0.0,0.0,0.295,1952,4032,0,3309,512,0,0,0.0,4.3044,nan,edge/x86_64,unknown,3.12.3,2026-10-09T18:44:59Z
104,ML-DSA-65,post-quantum,3,verify,0.0842,0.0,0.0,0.295,1952,4032,0,3309,512,0,0,0.0,1.2636,nan,edge/x86_64,unknown,3.12.3,2026-10-09T18:44:59Z
105,ML-DSA-65,post-quantum,3,keygen,0.0923,0.0,0.0,0.295,1952,4032,0,3309,0,0,0,0.0,1.3849,nan,edge/x86_64,unknown,3.12.3,2026-10-09T18:44:59Z
105,ML-DSA-65,post-quantum,3,sign,0.5871,0.0,0.0,0.295,1952,4032,0,3309,512,0,0,0.0,8.8066,nan,edge/x86_64,unknown,3.12.3,2026-10-09T18:44:59Z
105,ML-DSA-65,post-quantum,3,verify,0.0971,0.0,0.0,0.295,1952,4032,0,3309,512,0,0,0.0,1.4563,nan,edge/x86_64,unknown,3.12.3,2026-10-09T18:44:59Z
106,ML-DSA-65,post-quantum,3,keygen,0.1615,0.0,0.0,0.295,1952,4032,0,3309,0,0,0,0.0,2.4229,nan,edge/x86_64,unknown,3.12.3,2026-10-09T18:44:59Z
106,ML-DSA-65,post-quantum,3,sign,0.1092,0.0,0.0,0.295,1952,4032,0,3309,512,0,0,0.0,1.6375,nan,edge/x86_64,unknown,3.12.3,2026-10-09T18:44:59Z
106,ML-DSA-65,post-quantum,3,verify,0.0821,0.0,0.0,0.295,1952,4032,0,3309,512,0,0,0.0,1.2321,nan,edge/x86_64,unknown,3.12.3,2026-10-09T18:44:59Z
107,ML-DSA-65,post-quantum,3,keygen,0.0908,0.0,0.0,0.295,1952,4032,0,3309,0,0,0,0.0,1.3624,nan,edge/x86_64,unknown,3.12.3,2026-10-09T18:44:59Z
107,ML-DSA-65,post-quantum,3,sign,0.3539,0.0,0.0,0.295,1952,4032,0,3309,512,0,0,0.0,5.3081,nan,edge/x86_64,unknown,3.12.3,2026-10-09T18:44:59Z
107,ML-DSA-65,post-quantum,3,verify,0.13,0.0,0.0,0.295,1952,4032,0,3309,512,0,0,0.0,1.9496,nan,edge/x86_64,unknown,3.12.3,2026-10-09T18:44:59Z
108,ML-DSA-65,post-quantum,3,keygen,0.1189,0.0,0.0,0.295,1952,4032,0,3309,0,0,0,0.0,1.7834,nan,edge/x86_64,unknown,3.12.3,2026-10-09T18:44:59Z
108,ML-DSA-65,post-quantum,3,sign,0.2429,0.0,0.0,0.295,1952,4032,0,3309,512,0,0,0.0,3.643,nan,edge/x86_64,unknown,3.12.3,2026-10-09T18:44:59Z
108,ML-DSA-65,post-quantum,3,verify,0.1289,0.0,0.0,0.295,1952,4032,0,3309,512,0,0,0.0,1.9328,nan,edge/x86_64,unknown,3.12.3,2026-10-09T18:44:59Z
109,ML-DSA-65,post-quantum,3,keygen,0.1004,0.0,0.0,0.295,1952,4032,0,3309,0,0,0,0.0,1.5057,nan,edge/x86_64,unknown,3.12.3,2026-10-09T18:44:59Z
109,ML-DSA-65,post-quantum,3,sign,0.1117,0.0,0.0,0.295,1952,4032,0,3309,512,0,0,0.0,1.6762,nan,edge/x86_64,unknown,3.12.3,2026-10-09T18:44:59Z
109,ML-DSA-65,post-quantum,3,verify,0.0875,0.0,0.0,0.295,1952,4032,0,3309,512,0,0,0.0,1.3118,nan,edge/x86_64,unknown,3.12.3,2026-10-09T18:44:59Z
110,ML-DSA-65,post-quantum,3,keygen,0.0901,0.0,0.0,0.295,1952,4032,0,3309,0,0,0,0.0,1.3509,nan,edge/x86_64,unknown,3.12.3,2026-10-09T18:44:59Z
110,ML-DSA-65,post-quantum,3,sign,0.7237,0.0,0.0,0.295,1952,4032,0,3309,512,0,0,0.0,10.8549,nan,edge/x86_64,unknown,3.12.3,2026-10-09T18:44:59Z
110,ML-DSA-65,post-quantum,3,verify,0.0901,0.0,0.0,0.295,1952,4032,0,3309,512,0,0,0.0,1.3513,nan,edge/x86_64,unknown,3.12.3,2026-10-09T18:44:59Z
111,ML-DSA-65,post-quantum,3,keygen,0.0932,0.0,0.0,0.295,1952,4032,0,3309,0,0,0,0.0,1.3985,nan,edge/x86_64,unknown,3.12.3,2026-10-09T18:44:59Z
111,ML-DSA-65,post-quantum,3,sign,0.1929,0.0,0.0,0.295,1952,4032,0,3309,512,0,0,0.0,2.8938,nan,edge/x86_64,unknown,3.12.3,2026-10-09T18:44:59Z
111,ML-DSA-65,post-quantum,3,verify,0.0892,0.0,0.0,0.295,1952,4032,0,3309,512,0,0,0.0,1.3378,nan,edge/x86_64,unknown,3.12.3,2026-10-09T18:44:59Z
112,ML-DSA-65,post-quantum,3,keygen,0.0911,0.0,0.0,0.295,1952,4032,0,3309,0,0,0,0.0,1.3666,nan,edge/x86_64,unknown,3.12.3,2026-10-09T18:44:59Z
112,ML-DSA-65,post-quantum,3,sign,0.113,0.0,0.0,0.295,1952,4032,0,3309,512,0,0,0.0,1.6957,nan,edge/x86_64,unknown,3.12.3,2026-10-09T18:44:59Z
112,ML-DSA-65,post-quantum,3,verify,0.1899,0.0,0.0,0.295,1952,4032,0,3309,512,0,0,0.0,2.8489,nan,edge/x86_64,unknown,3.12.3,2026-10-09T18:44:59Z
113,ML-DSA-65,post-quantum,3,keygen,0.1407,0.0,0.0,0.295,1952,4032,0,3309,0,0,0,0.0,2.111,nan,edge/x86_64,unknown,3.12.3,2026-10-09T18:44:59Z
113,ML-DSA-65,post-quantum,3,sign,0.1599,0.0,0.0,0.295,1952,4032,0,3309,512,0,0,0.0,2.3992,nan,edge/x86_64,unknown,3.12.3,2026-10-09T18:44:59Z
113,ML-DSA-65,post-quantum,3,verify,0.1478,0.0,0.0,0.295,1952,4032,0,3309,512,0,0,0.0,2.217,nan,edge/x86_64,unknown,3.12.3,2026-10-09T18:44:59Z
114,ML-DSA-65,post-quantum,3,keygen,0.1012,0.0,0.0,0.295,1952,4032,0,3309,0,0,0,0.0,1.5181,nan,edge/x86_64,unknown,3.12.3,2026-10-09T18:44:59Z
114,ML-DSA-65,post-quantum,3,sign,0.1111,0.0,0.0,0.295,1952,4032,0,3309,512,0,0,0.0,1.6665,nan,edge/x86_64,unknown,3.12.3,2026-10-09T18:44:59Z
114,ML-DSA-65,post-quantum,3,verify,0.0811,0.0,0.0,0.295,1952,4032,0,3309,512,0,0,0.0,1.2162,nan,edge/x86_64,unknown,3.12.3,2026-10-09T18:44:59Z
115,ML-DSA-65,post-quantum,3,keygen,0.1069,0.0,0.0,0.295,1952,4032,0,3309,0,0,0,0.0,1.6032,nan,edge/x86_64,unknown,3.12.3,2026-10-09T18:44:59Z
115,ML-DSA-65,post-quantum,3,sign,0.1273,0.0,0.0,0.295,1952,4032,0,3309,512,0,0,0.0,1.9091,nan,edge/x86_64,unknown,3.12.3,2026-10-09T18:44:59Z
115,ML-DSA-65,post-quantum,3,verify,0.0814,0.0,0.0,0.295,1952,4032,0,3309,512,0,0,0.0,1.2213,nan,edge/x86_64,unknown,3.12.3,2026-10-09T18:44:59Z
116,ML-DSA-65,post-quantum,3,keygen,0.0854,0.0,0.0,0.295,1952,4032,0,3309,0,0,0,0.0,1.2815,nan,edge/x86_64,unknown,3.12.3,2026-10-09T18:44:59Z
116,ML-DSA-65,post-quantum,3,sign,0.1326,0.0,0.0,0.295,1952,4032,0,3309,512,0,0,0.0,1.9887,nan,edge/x86_64,unknown,3.12.3,2026-10-09T18:44:59Z
116,ML-DSA-65,post-quantum,3,verify,0.1044,0.0,0.0,0.295,1952,4032,0,3309,512,0,0,0.0,1.5657,nan,edge/x86_64,unknown,3.12.3,2026-10-09T18:44:59Z
117,ML-DSA-65,post-quantum,3,keygen,0.0904,0.0,0.0,0.295,1952,4032,0,3309,0,0,0,0.0,1.3565,nan,edge/x86_64,unknown,3.12.3,2026-10-09T18:44:59Z
117,ML-DSA-65,post-quantum,3,sign,0.1703,0.0,0.0,0.295,1952,4032,0,3309,512,0,0,0.0,2.5544,nan,edge/x86_64,unknown,3.12.3,2026-10-09T18:44:59Z
117,ML-DSA-65,post-quantum,3,verify,0.1163,0.0,0.0,0.295,1952,4032,0,3309,512,0,0,0.0,1.7439,nan,edge/x86_64,unknown,3.12.3,2026-10-09T18:44:59Z
118,ML-DSA-65,post-quantum,3,keygen,0.1151,0.0,0.0,0.295,1952,4032,0,3309,0,0,0,0.0,1.7261,nan,edge/x86_64,unknown,3.12.3,2026-10-09T18:44:59Z
118,ML-DSA-65,post-quantum,3,sign,0.1676,0.0,0.0,0.295,1952,4032,0,3309,512,0,0,0.0,2.5143,nan,edge/x86_64,unknown,3.12.3,2026-10-09T18:44:59Z
118,ML-DSA-65,post-quantum,3,verify,0.0852,0.0,0.0,0.295,1952,4032,0,3309,512,0,0,0.0,1.2774,nan,edge/x86_64,unknown,3.12.3,2026-10-09T18:44:59Z
119,ML-DSA-65,post-quantum,3,keygen,0.0908,0.0,0.0,0.295,1952,4032,0,3309,0,0,0,0.0,1.3618,nan,edge/x86_64,unknown,3.12.3,2026-10-09T18:44:59Z
119,ML-DSA-65,post-quantum,3,sign,0.6358,0.0,0.0,0.295,1952,4032,0,3309,512,0,0,0.0,9.5373,nan,edge/x86_64,unknown,3.12.3,2026-10-09T18:44:59Z
119,ML-DSA-65,post-quantum,3,verify,0.0994,0.0,0.0,0.295,1952,4032,0,3309,512,0,0,0.0,1.4909,nan,edge/x86_64,unknown,3.12.3,2026-10-09T18:44:59Z
120,ML-DSA-65,post-quantum,3,keygen,0.1492,0.0,0.0,0.295,1952,4032,0,3309,0,0,0,0.0,2.2384,nan,edge/x86_64,unknown,3.12.3,2026-10-09T18:44:59Z
120,ML-DSA-65,post-quantum,3,sign,0.1732,0.0,0.0,0.295,1952,4032,0,3309,512,0,0,0.0,2.5973,nan,edge/x86_64,unknown,3.12.3,2026-10-09T18:44:59Z
120,ML-DSA-65,post-quantum,3,verify,0.0907,0.0,0.0,0.295,1952,4032,0,3309,512,0,0,0.0,1.3603,nan,edge/x86_64,unknown,3.12.3,2026-10-09T18:44:59Z
121,ML-DSA-65,post-quantum,3,keygen,0.0946,0.0,0.0,0.295,1952,4032,0,3309,0,0,0,0.0,1.4196,nan,edge/x86_64,unknown,3.12.3,2026-10-09T18:44:59Z
121,ML-DSA-65,post-quantum,3,sign,0.1624,0.0,0.0,0.295,1952,4032,0,3309,512,0,0,0.0,2.4354,nan,edge/x86_64,unknown,3.12.3,2026-10-09T18:44:59Z
121,ML-DSA-65,post-quantum,3,verify,0.1064,0.0,0.0,0.295,1952,4032,0,3309,512,0,0,0.0,1.5954,nan,edge/x86_64,unknown,3.12.3,2026-10-09T18:44:59Z
122,ML-DSA-65,post-quantum,3,keygen,0.0947,0.0,0.0,0.295,1952,4032,0,3309,0,0,0,0.0,1.4199,nan,edge/x86_64,unknown,3.12.3,2026-10-09T18:44:59Z
122,ML-DSA-65,post-quantum,3,sign,0.5619,0.0,0.0,0.295,1952,4032,0,3309,512,0,0,0.0,8.4278,nan,edge/x86_64,unknown,3.12.3,2026-10-09T18:44:59Z
122,ML-DSA-65,post-quantum,3,verify,0.0991,0.0,0.0,0.295,1952,4032,0,3309,512,0,0,0.0,1.4866,nan,edge/x86_64,unknown,3.12.3,2026-10-09T18:44:59Z
123,ML-DSA-65,post-quantum,3,keygen,0.0995,0.0,0.0,0.295,1952,4032,0,3309,0,0,0,0.0,1.4925,nan,edge/x86_64,unknown,3.12.3,2026-10-09T18:44:59Z
123,ML-DSA-65,post-quantum,3,sign,0.1737,0.0,0.0,0.295,1952,4032,0,3309,512,0,0,0.0,2.6059,nan,edge/x86_64,unknown,3.12.3,2026-10-09T18:44:59Z
123,ML-DSA-65,post-quantum,3,verify,0.0857,0.0,0.0,0.295,1952,4032,0,3309,512,0,0,0.0,1.2853,nan,edge/x86_64,unknown,3.12.3,2026-10-09T18:44:59Z
124,ML-DSA-65,post-quantum,3,keygen,0.0907,0.0,0.0,0.295,1952,4032,0,3309,0,0,0,0.0,1.3609,nan,edge/x86_64,unknown,3.12.3,2026-10-09T18:44:59Z
124,ML-DSA-65,post-quantum,3,sign,0.1367,0.0,0.0,0.295,1952,4032,0,3309,512,0,0,0.0,2.0505,nan,edge/x86_64,unknown,3.12.3,2026-10-09T18:44:59Z
124,ML-DSA-65,post-quantum,3,verify,0.1,0.0,0.0,0.295,1952,4032,0,3309,512,0,0,0.0,1.5007,nan,edge/x86_64,unknown,3.12.3,2026-10-09T18:44:59Z
125,ML-DSA-65,post-quantum,3,keygen,0.0921,0.0,0.0,0.295,1952,4032,0,3309,0,0,0,0.0,1.3818,nan,edge/x86_64,unknown,3.12.3,2026-10-09T18:44:59Z
125,ML-DSA-65,post-quantum,3,sign,0.2998,0.0,0.0,0.295,1952,4032,0,3309,512,0,0,0.0,4.4972,nan,edge/x86_64,unknown,3.12.3,2026-10-09T18:44:59Z
125,ML-DSA-65,post-quantum,3,verify,0.0941,0.0,0.0,0.295,1952,4032,0,3309,512,0,0,0.0,1.4111,nan,edge/x86_64,unknown,3.12.3,2026-10-09T18:44:59Z
126,ML-DSA-65,post-quantum,3,keygen,0.0944,0.0,0.0,0.295,1952,4032,0,3309,0,0,0,0.0,1.4155,nan,edge/x86_64,unknown,3.12.3,2026-10-09T18:44:59Z
126,ML-DSA-65,post-quantum,3,sign,0.3018,0.0,0.0,0.295,1952,4032,0,3309,512,0,0,0.0,4.5265,nan,edge/x86_64,unknown,3.12.3,2026-10-09T18:44:59Z
126,ML-DSA-65,post-quantum,3,verify,0.1114,0.0,0.0,0.295,1952,4032,0,3309,512,0,0,0.0,1.6714,nan,edge/x86_64,unknown,3.12.3,2026-10-09T18:44:59Z
127,ML-DSA-65,post-quantum,3,keygen,0.0932,0.0,0.0,0.295,1952,4032,0,3309,0,0,0,0.0,1.3975,nan,edge/x86_64,unknown,3.12.3,2026-10-09T18:44:59Z
127,ML-DSA-65,post-quantum,3,sign,0.1295,0.0,0.0,0.295,1952,4032,0,3309,512,0,0,0.0,1.942,nan,edge/x86_64,unknown,3.12.3,2026-10-09T18:44:59Z
127,ML-DSA-65,post-quantum,3,verify,0.0847,0.0,0.0,0.295,1952,4032,0,3309,512,0,0,0.0,1.2708,nan,edge/x86_64,unknown,3.12.3,2026-10-09T18:44:59Z
128,ML-DSA-65,post-quantum,3,keygen,0.0944,0.0,0.0,0.295,1952,4032,0,3309,0,0,0,0.0,1.4153,nan,edge/x86_64,unknown,3.12.3,2026-10-09T18:44:59Z
128,ML-DSA-65,post-quantum,3,sign,0.1339,0.0,0.0,0.295,1952,4032,0,3309,512,0,0,0.0,2.0082,nan,edge/x86_64,unknown,3.12.3,2026-10-09T18:44:59Z
128,ML-DSA-65,post-quantum,3,verify,0.0904,0.0,0.0,0.295,1952,4032,0,3309,512,0,0,0.0,1.356,nan,edge/x86_64,unknown,3.12.3,2026-10-09T18:44:59Z
129,ML-DSA-65,post-quantum,3,keygen,0.1013,0.0,0.0,0.295,1952,4032,0,3309,0,0,0,0.0,1.5193,nan,edge/x86_64,unknown,3.12.3,2026-10-09T18:44:59Z
129,ML-DSA-65,post-quantum,3,sign,0.2529,0.0,0.0,0.295,1952,4032,0,3309,512,0,0,0.0,3.794,nan,edge/x86_64,unknown,3.12.3,2026-10-09T18:44:59Z
129,ML-DSA-65,post-quantum,3,verify,0.0846,0.0,0.0,0.295,1952,4032,0,3309,512,0,0,0.0,1.2684,nan,edge/x86_64,unknown,3.12.3,2026-10-09T18:44:59Z
130,ML-DSA-65,post-quantum,3,keygen,0.0883,0.0,0.0,0.295,1952,4032,0,3309,0,0,0,0.0,1.3238,nan,edge/x86_64,unknown,3.12.3,2026-10-09T18:44:59Z
130,ML-DSA-65,post-quantum,3,sign,0.1804,0.0,0.0,0.295,1952,4032,0,3309,512,0,0,0.0,2.7063,nan,edge/x86_64,unknown,3.12.3,2026-10-09T18:44:59Z
130,ML-DSA-65,post-quantum,3,verify,0.0915,0.0,0.0,0.295,1952,4032,0,3309,512,0,0,0.0,1.3728,nan,edge/x86_64,unknown,3.12.3,2026-10-09T18:44:59Z
131,ML-DSA-65,post-quantum,3,keygen,0.0956,0.0,0.0,0.295,1952,4032,0,3309,0,0,0,0.0,1.4344,nan,edge/x86_64,unknown,3.12.3,2026-10-09T18:44:59Z
131,ML-DSA-65,post-quantum,3,sign,0.1278,0.0,0.0,0.295,1952,4032,0,3309,512,0,0,0.0,1.9177,nan,edge/x86_64,unknown,3.12.3,2026-10-09T18:44:59Z
131,ML-DSA-65,post-quantum,3,verify,0.1423,0.0,0.0,0.295,1952,4032,0,3309,512,0,0,0.0,2.1339,nan,edge/x86_64,unknown,3.12.3,2026-10-09T18:44:59Z
132,ML-DSA-65,post-quantum,3,keygen,0.0962,0.0,0.0,0.295,1952,4032,0,3309,0,0,0,0.0,1.4428,nan,edge/x86_64,unknown,3.12.3,2026-10-09T18:44:59Z
132,ML-DSA-65,post-quantum,3,sign,0.2477,0.0,0.0,0.295,1952,4032,0,3309,512,0,0,0.0,3.7157,nan,edge/x86_64,unknown,3.12.3,2026-10-09T18:44:59Z
132,ML-DSA-65,post-quantum,3,verify,0.0837,0.0,0.0,0.295,1952,4032,0,3309,512,0,0,0.0,1.2549,nan,edge/x86_64,unknown,3.12.3,2026-10-09T18:44:59Z
133,ML-DSA-65,post-quantum,3,keygen,0.0949,0.0,0.0,0.295,1952,4032,0,3309,0,0,0,0.0,1.4234,nan,edge/x86_64,unknown,3.12.3,2026-10-09T18:44:59Z
133,ML-DSA-65,post-quantum,3,sign,0.2426,0.0,0.0,0.295,1952,4032,0,3309,512,0,0,0.0,3.6392,nan,edge/x86_64,unknown,3.12.3,2026-10-09T18:44:59Z
133,ML-DSA-65,post-quantum,3,verify,0.086,0.0,0.0,0.295,1952,4032,0,3309,512,0,0,0.0,1.2901,nan,edge/x86_64,unknown,3.12.3,2026-10-09T18:44:59Z
134,ML-DSA-65,post-quantum,3,keygen,0.2462,0.0,0.0,0.295,1952,4032,0,3309,0,0,0,0.0,3.6933,nan,edge/x86_64,unknown,3.12.3,2026-10-09T18:44:59Z
134,ML-DSA-65,post-quantum,3,sign,0.1333,0.0,0.0,0.295,1952,4032,0,3309,512,0,0,0.0,2.0002,nan,edge/x86_64,unknown,3.12.3,2026-10-09T18:44:59Z
134,ML-DSA-65,post-quantum,3,verify,0.0836,0.0,0.0,0.295,1952,4032,0,3309,512,0,0,0.0,1.2541,nan,edge/x86_64,unknown,3.12.3,2026-10-09T18:44:59Z
135,ML-DSA-65,post-quantum,3,keygen,0.1018,0.0,0.0,0.295,1952,4032,0,3309,0,0,0,0.0,1.5273,nan,edge/x86_64,unknown,3.12.3,2026-10-09T18:44:59Z
135,ML-DSA-65,post-quantum,3,sign,0.3393,0.0,0.0,0.295,1952,4032,0,3309,512,0,0,0.0,5.0892,nan,edge/x86_64,unknown,3.12.3,2026-10-09T18:44:59Z
135,ML-DSA-65,post-quantum,3,verify,0.1294,0.0,0.0,0.295,1952,4032,0,3309,512,0,0,0.0,1.9411,nan,edge/x86_64,unknown,3.12.3,2026-10-09T18:44:59Z
136,ML-DSA-65,post-quantum,3,keygen,0.0948,0.0,0.0,0.295,1952,4032,0,3309,0,0,0,0.0,1.4221,nan,edge/x86_64,unknown,3.12.3,2026-10-09T18:44:59Z
136,ML-DSA-65,post-quantum,3,sign,0.4686,0.0,0.0,0.295,1952,4032,0,3309,512,0,0,0.0,7.0294,nan,edge/x86_64,unknown,3.12.3,2026-10-09T18:44:59Z
136,ML-DSA-65,post-quantum,3,verify,0.0898,0.0,0.0,0.295,1952,4032,0,3309,512,0,0,0.0,1.3471,nan,edge/x86_64,unknown,3.12.3,2026-10-09T18:44:59Z
137,ML-DSA-65,post-quantum,3,keygen,0.0925,0.0,0.0,0.295,1952,4032,0,3309,0,0,0,0.0,1.3868,nan,edge/x86_64,unknown,3.12.3,2026-10-09T18:44:59Z
137,ML-DSA-65,post-quantum,3,sign,0.1115,0.0,0.0,0.295,1952,4032,0,3309,512,0,0,0.0,1.6722,nan,edge/x86_64,unknown,3.12.3,2026-10-09T18:44:59Z
137,ML-DSA-65,post-quantum,3,verify,0.0897,0.0,0.0,0.295,1952,4032,0,3309,512,0,0,0.0,1.3454,nan,edge/x86_64,unknown,3.12.3,2026-10-09T18:44:59Z
138,ML-DSA-65,post-quantum,3,keygen,0.0907,0.0,0.0,0.295,1952,4032,0,3309,0,0,0,0.0,1.3602,nan,edge/x86_64,unknown,3.12.3,2026-10-09T18:44:59Z
138,ML-DSA-65,post-quantum,3,sign,0.3614,0.0,0.0,0.295,1952,4032,0,3309,512,0,0,0.0,5.4211,nan,edge/x86_64,unknown,3.12.3,2026-10-09T18:44:59Z
138,ML-DSA-65,post-quantum,3,verify,0.0918,0.0,0.0,0.295,1952,4032,0,3309,512,0,0,0.0,1.3776,nan,edge/x86_64,unknown,3.12.3,2026-10-09T18:44:59Z
139,ML-DSA-65,post-quantum,3,keygen,0.0991,0.0,0.0,0.295,1952,4032,0,3309,0,0,0,0.0,1.4861,nan,edge/x86_64,unknown,3.12.3,2026-10-09T18:44:59Z
139,ML-DSA-65,post-quantum,3,sign,0.353,0.0,0.0,0.295,1952,4032,0,3309,512,0,0,0.0,5.2953,nan,edge/x86_64,unknown,3.12.3,2026-10-09T18:44:59Z
139,ML-DSA-65,post-quantum,3,verify,0.0875,0.0,0.0,0.295,1952,4032,0,3309,512,0,0,0.0,1.312,nan,edge/x86_64,unknown,3.12.3,2026-10-09T18:44:59Z
140,ML-DSA-65,post-quantum,3,keygen,0.0971,0.0,0.0,0.295,1952,4032,0,3309,0,0,0,0.0,1.4563,nan,edge/x86_64,unknown,3.12.3,2026-10-09T18:44:59Z
140,ML-DSA-65,post-quantum,3,sign,0.2445,0.0,0.0,0.295,1952,4032,0,3309,512,0,0,0.0,3.6677,nan,edge/x86_64,unknown,3.12.3,2026-10-09T18:44:59Z
140,ML-DSA-65,post-quantum,3,verify,0.0845,0.0,0.0,0.295,1952,4032,0,3309,512,0,0,0.0,1.2668,nan,edge/x86_64,unknown,3.12.3,2026-10-09T18:44:59Z
141,ML-DSA-65,post-quantum,3,keygen,0.091,0.0,0.0,0.295,1952,4032,0,3309,0,0,0,0.0,1.3644,nan,edge/x86_64,unknown,3.12.3,2026-10-09T18:44:59Z
141,ML-DSA-65,post-quantum,3,sign,0.1059,0.0,0.0,0.295,1952,4032,0,3309,512,0,0,0.0,1.5885,nan,edge/x86_64,unknown,3.12.3,2026-10-09T18:44:59Z
141,ML-DSA-65,post-quantum,3,verify,0.095,0.0,0.0,0.295,1952,4032,0,3309,512,0,0,0.0,1.4251,nan,edge/x86_64,unknown,3.12.3,2026-10-09T18:44:59Z
142,ML-DSA-65,post-quantum,3,keygen,0.0935,0.0,0.0,0.295,1952,4032,0,3309,0,0,0,0.0,1.4024,nan,edge/x86_64,unknown,3.12.3,2026-10-09T18:44:59Z
142,ML-DSA-65,post-quantum,3,sign,0.2537,0.0,0.0,0.295,1952,4032,0,3309,512,0,0,0.0,3.8049,nan,edge/x86_64,unknown,3.12.3,2026-10-09T18:44:59Z
142,ML-DSA-65,post-quantum,3,verify,0.0834,0.0,0.0,0.295,1952,4032,0,3309,512,0,0,0.0,1.2511,nan,edge/x86_64,unknown,3.12.3,2026-10-09T18:44:59Z
143,ML-DSA-65,post-quantum,3,keygen,0.1034,0.0,0.0,0.295,1952,4032,0,3309,0,0,0,0.0,1.5508,nan,edge/x86_64,unknown,3.12.3,2026-10-09T18:44:59Z
143,ML-DSA-65,post-quantum,3,sign,0.1532,0.0,0.0,0.295,1952,4032,0,3309,512,0,0,0.0,2.2974,nan,edge/x86_64,unknown,3.12.3,2026-10-09T18:44:59Z
143,ML-DSA-65,post-quantum,3,verify,0.086,0.0,0.0,0.295,1952,4032,0,3309,512,0,0,0.0,1.2901,nan,edge/x86_64,unknown,3.12.3,2026-10-09T18:44:59Z
144,ML-DSA-65,post-quantum,3,keygen,0.1125,0.0,0.0,0.295,1952,4032,0,3309,0,0,0,0.0,1.6876,nan,edge/x86_64,unknown,3.12.3,2026-10-09T18:44:59Z
144,ML-DSA-65,post-quantum,3,sign,0.1829,0.0,0.0,0.295,1952,4032,0,3309,512,0,0,0.0,2.7432,nan,edge/x86_64,unknown,3.12.3,2026-10-09T18:44:59Z
144,ML-DSA-65,post-quantum,3,verify,0.0957,0.0,0.0,0.295,1952,4032,0,3309,512,0,0,0.0,1.4362,nan,edge/x86_64,unknown,3.12.3,2026-10-09T18:44:59Z
145,ML-DSA-65,post-quantum,3,keygen,0.0936,0.0,0.0,0.295,1952,4032,0,3309,0,0,0,0.0,1.404,nan,edge/x86_64,unknown,3.12.3,2026-10-09T18:44:59Z
145,ML-DSA-65,post-quantum,3,sign,0.2339,0.0,0.0,0.295,1952,4032,0,3309,512,0,0,0.0,3.5082,nan,edge/x86_64,unknown,3.12.3,2026-10-09T18:44:59Z
145,ML-DSA-65,post-quantum,3,verify,0.0888,0.0,0.0,0.295,1952,4032,0,3309,512,0,0,0.0,1.3326,nan,edge/x86_64,unknown,3.12.3,2026-10-09T18:44:59Z
146,ML-DSA-65,post-quantum,3,keygen,0.1338,0.0,0.0,0.295,1952,4032,0,3309,0,0,0,0.0,2.007,nan,edge/x86_64,unknown,3.12.3,2026-10-09T18:44:59Z
146,ML-DSA-65,post-quantum,3,sign,0.2144,0.0,0.0,0.295,1952,4032,0,3309,512,0,0,0.0,3.2162,nan,edge/x86_64,unknown,3.12.3,2026-10-09T18:44:59Z
146,ML-DSA-65,post-quantum,3,verify,0.0859,0.0,0.0,0.295,1952,4032,0,3309,512,0,0,0.0,1.2891,nan,edge/x86_64,unknown,3.12.3,2026-10-09T18:44:59Z
147,ML-DSA-65,post-quantum,3,keygen,0.0933,0.0,0.0,0.295,1952,4032,0,3309,0,0,0,0.0,1.3999,nan,edge/x86_64,unknown,3.12.3,2026-10-09T18:44:59Z
147,ML-DSA-65,post-quantum,3,sign,0.108,0.0,0.0,0.295,1952,4032,0,3309,512,0,0,0.0,1.6205,nan,edge/x86_64,unknown,3.12.3,2026-10-09T18:44:59Z
147,ML-DSA-65,post-quantum,3,verify,0.1643,0.0,0.0,0.295,1952,4032,0,3309,512,0,0,0.0,2.4647,nan,edge/x86_64,unknown,3.12.3,2026-10-09T18:44:59Z
148,ML-DSA-65,post-quantum,3,keygen,0.1086,0.0,0.0,0.295,1952,4032,0,3309,0,0,0,0.0,1.6297,nan,edge/x86_64,unknown,3.12.3,2026-10-09T18:44:59Z
148,ML-DSA-65,post-quantum,3,sign,0.1139,0.0,0.0,0.295,1952,4032,0,3309,512,0,0,0.0,1.7078,nan,edge/x86_64,unknown,3.12.3,2026-10-09T18:44:59Z
148,ML-DSA-65,post-quantum,3,verify,0.0858,0.0,0.0,0.295,1952,4032,0,3309,512,0,0,0.0,1.2867,nan,edge/x86_64,unknown,3.12.3,2026-10-09T18:44:59Z
149,ML-DSA-65,post-quantum,3,keygen,0.1142,0.0,0.0,0.295,1952,4032,0,3309,0,0,0,0.0,1.7136,nan,edge/x86_64,unknown,3.12.3,2026-10-09T18:44:59Z
149,ML-DSA-65,post-quantum,3,sign,0.1762,0.0,0.0,0.295,1952,4032,0,3309,512,0,0,0.0,2.6425,nan,edge/x86_64,unknown,3.12.3,2026-10-09T18:44:59Z
149,ML-DSA-65,post-quantum,3,verify,0.088,0.0,0.0,0.295,1952,4032,0,3309,512,0,0,0.0,1.3194,nan,edge/x86_64,unknown,3.12.3,2026-10-09T18:44:59Z
150,ML-DSA-65,post-quantum,3,keygen,0.192,0.0,0.0,0.295,1952,4032,0,3309,0,0,0,0.0,2.8793,nan,edge/x86_64,unknown,3.12.3,2026-10-09T18:44:59Z
150,ML-DSA-65,post-quantum,3,sign,0.5361,0.0,0.0,0.295,1952,4032,0,3309,512,0,0,0.0,8.0408,nan,edge/x86_64,unknown,3.12.3,2026-10-09T18:44:59Z
150,ML-DSA-65,post-quantum,3,verify,0.0961,0.0,0.0,0.295,1952,4032,0,3309,512,0,0,0.0,1.4417,nan,edge/x86_64,unknown,3.12.3,2026-10-09T18:44:59Z
151,ML-DSA-65,post-quantum,3,keygen,0.1048,0.0,0.0,0.295,1952,4032,0,3309,0,0,0,0.0,1.5716,nan,edge/x86_64,unknown,3.12.3,2026-10-09T18:44:59Z
151,ML-DSA-65,post-quantum,3,sign,0.2707,0.0,0.0,0.295,1952,4032,0,3309,512,0,0,0.0,4.0611,nan,edge/x86_64,unknown,3.12.3,2026-10-09T18:44:59Z
151,ML-DSA-65,post-quantum,3,verify,0.0884,0.0,0.0,0.295,1952,4032,0,3309,512,0,0,0.0,1.3253,nan,edge/x86_64,unknown,3.12.3,2026-10-09T18:44:59Z
152,ML-DSA-65,post-quantum,3,keygen,0.0924,0.0,0.0,0.295,1952,4032,0,3309,0,0,0,0.0,1.3862,nan,edge/x86_64,unknown,3.12.3,2026-10-09T18:44:59Z
152,ML-DSA-65,post-quantum,3,sign,0.214,0.0,0.0,0.295,1952,4032,0,3309,512,0,0,0.0,3.2096,nan,edge/x86_64,unknown,3.12.3,2026-10-09T18:44:59Z
152,ML-DSA-65,post-quantum,3,verify,0.1107,0.0,0.0,0.295,1952,4032,0,3309,512,0,0,0.0,1.6601,nan,edge/x86_64,unknown,3.12.3,2026-10-09T18:44:59Z
153,ML-DSA-65,post-quantum,3,keygen,0.1218,0.0,0.0,0.295,1952,4032,0,3309,0,0,0,0.0,1.8274,nan,edge/x86_64,unknown,3.12.3,2026-10-09T18:44:59Z
153,ML-DSA-65,post-quantum,3,sign,0.3303,0.0,0.0,0.295,1952,4032,0,3309,512,0,0,0.0,4.9541,nan,edge/x86_64,unknown,3.12.3,2026-10-09T18:44:59Z
153,ML-DSA-65,post-quantum,3,verify,0.0881,0.0,0.0,0.295,1952,4032,0,3309,512,0,0,0.0,1.3219,nan,edge/x86_64,unknown,3.12.3,2026-10-09T18:44:59Z
154,ML-DSA-65,post-quantum,3,keygen,0.0932,0.0,0.0,0.295,1952,4032,0,3309,0,0,0,0.0,1.398,nan,edge/x86_64,unknown,3.12.3,2026-10-09T18:44:59Z
154,ML-DSA-65,post-quantum,3,sign,0.2026,0.0,0.0,0.295,1952,4032,0,3309,512,0,0,0.0,3.0389,nan,edge/x86_64,unknown,3.12.3,2026-10-09T18:44:59Z
154,ML-DSA-65,post-quantum,3,verify,0.091,0.0,0.0,0.295,1952,4032,0,3309,512,0,0,0.0,1.3649,nan,edge/x86_64,unknown,3.12.3,2026-10-09T18:44:59Z
155,ML-DSA-65,post-quantum,3,keygen,0.0959,0.0,0.0,0.295,1952,4032,0,3309,0,0,0,0.0,1.4385,nan,edge/x86_64,unknown,3.12.3,2026-10-09T18:44:59Z
155,ML-DSA-65,post-quantum,3,sign,0.1691,0.0,0.0,0.295,1952,4032,0,3309,512,0,0,0.0,2.536,nan,edge/x86_64,unknown,3.12.3,2026-10-09T18:44:59Z
155,ML-DSA-65,post-quantum,3,verify,0.089,0.0,0.0,0.295,1952,4032,0,3309,512,0,0,0.0,1.3353,nan,edge/x86_64,unknown,3.12.3,2026-10-09T18:44:59Z
156,ML-DSA-65,post-quantum,3,keygen,0.1449,0.0,0.0,0.295,1952,4032,0,3309,0,0,0,0.0,2.1738,nan,edge/x86_64,unknown,3.12.3,2026-10-09T18:44:59Z
156,ML-DSA-65,post-quantum,3,sign,0.1214,0.0,0.0,0.295,1952,4032,0,3309,512,0,0,0.0,1.8217,nan,edge/x86_64,unknown,3.12.3,2026-10-09T18:44:59Z
156,ML-DSA-65,post-quantum,3,verify,0.0841,0.0,0.0,0.295,1952,4032,0,3309,512,0,0,0.0,1.2618,nan,edge/x86_64,unknown,3.12.3,2026-10-09T18:44:59Z
157,ML-DSA-65,post-quantum,3,keygen,0.1027,0.0,0.0,0.295,1952,4032,0,3309,0,0,0,0.0,1.5399,nan,edge/x86_64,unknown,3.12.3,2026-10-09T18:44:59Z
157,ML-DSA-65,post-quantum,3,sign,0.2496,0.0,0.0,0.295,1952,4032,0,3309,512,0,0,0.0,3.7444,nan,edge/x86_64,unknown,3.12.3,2026-10-09T18:44:59Z
157,ML-DSA-65,post-quantum,3,verify,0.083,0.0,0.0,0.295,1952,4032,0,3309,512,0,0,0.0,1.2446,nan,edge/x86_64,unknown,3.12.3,2026-10-09T18:44:59Z
158,ML-DSA-65,post-quantum,3,keygen,0.0874,0.0,0.0,0.295,1952,4032,0,3309,0,0,0,0.0,1.3106,nan,edge/x86_64,unknown,3.12.3,2026-10-09T18:44:59Z
158,ML-DSA-65,post-quantum,3,sign,0.1085,0.0,0.0,0.295,1952,4032,0,3309,512,0,0,0.0,1.6272,nan,edge/x86_64,unknown,3.12.3,2026-10-09T18:44:59Z
158,ML-DSA-65,post-quantum,3,verify,0.0875,0.0,0.0,0.295,1952,4032,0,3309,512,0,0,0.0,1.3128,nan,edge/x86_64,unknown,3.12.3,2026-10-09T18:44:59Z
159,ML-DSA-65,post-quantum,3,keygen,0.0933,0.0,0.0,0.295,1952,4032,0,3309,0,0,0,0.0,1.3996,nan,edge/x86_64,unknown,3.12.3,2026-10-09T18:44:59Z
159,ML-DSA-65,post-quantum,3,sign,0.3377,0.0,0.0,0.295,1952,4032,0,3309,512,0,0,0.0,5.065,nan,edge/x86_64,unknown,3.12.3,2026-10-09T18:44:59Z
159,ML-DSA-65,post-quantum,3,verify,0.2039,0.0,0.0,0.295,1952,4032,0,3309,512,0,0,0.0,3.0589,nan,edge/x86_64,unknown,3.12.3,2026-10-09T18:44:59Z
160,ML-DSA-65,post-quantum,3,keygen,0.2905,0.0,0.0,0.295,1952,4032,0,3309,0,0,0,0.0,4.357,nan,edge/x86_64,unknown,3.12.3,2026-10-09T18:44:59Z
160,ML-DSA-65,post-quantum,3,sign,0.1935,0.0,0.0,0.295,1952,4032,0,3309,512,0,0,0.0,2.9028,nan,edge/x86_64,unknown,3.12.3,2026-10-09T18:44:59Z
160,ML-DSA-65,post-quantum,3,verify,0.0854,0.0,0.0,0.295,1952,4032,0,3309,512,0,0,0.0,1.2806,nan,edge/x86_64,unknown,3.12.3,2026-10-09T18:44:59Z
161,ML-DSA-65,post-quantum,3,keygen,0.1217,0.0,0.0,0.295,1952,4032,0,3309,0,0,0,0.0,1.8254,nan,edge/x86_64,unknown,3.12.3,2026-10-09T18:44:59Z
161,ML-DSA-65,post-quantum,3,sign,0.3035,0.0,0.0,0.295,1952,4032,0,3309,512,0,0,0.0,4.5519,nan,edge/x86_64,unknown,3.12.3,2026-10-09T18:44:59Z
161,ML-DSA-65,post-quantum,3,verify,0.0873,0.0,0.0,0.295,1952,4032,0,3309,512,0,0,0.0,1.3095,nan,edge/x86_64,unknown,3.12.3,2026-10-09T18:44:59Z
162,ML-DSA-65,post-quantum,3,keygen,0.0955,0.0,0.0,0.295,1952,4032,0,3309,0,0,0,0.0,1.433,nan,edge/x86_64,unknown,3.12.3,2026-10-09T18:44:59Z
162,ML-DSA-65,post-quantum,3,sign,0.1365,0.0,0.0,0.295,1952,4032,0,3309,512,0,0,0.0,2.0471,nan,edge/x86_64,unknown,3.12.3,2026-10-09T18:44:59Z
162,ML-DSA-65,post-quantum,3,verify,0.0823,0.0,0.0,0.295,1952,4032,0,3309,512,0,0,0.0,1.2352,nan,edge/x86_64,unknown,3.12.3,2026-10-09T18:44:59Z
163,ML-DSA-65,post-quantum,3,keygen,0.088,0.0,0.0,0.295,1952,4032,0,3309,0,0,0,0.0,1.3203,nan,edge/x86_64,unknown,3.12.3,2026-10-09T18:44:59Z
163,ML-DSA-65,post-quantum,3,sign,0.1935,0.0,0.0,0.295,1952,4032,0,3309,512,0,0,0.0,2.9031,nan,edge/x86_64,unknown,3.12.3,2026-10-09T18:44:59Z
163,ML-DSA-65,post-quantum,3,verify,0.0845,0.0,0.0,0.295,1952,4032,0,3309,512,0,0,0.0,1.2668,nan,edge/x86_64,unknown,3.12.3,2026-10-09T18:44:59Z
164,ML-DSA-65,post-quantum,3,keygen,0.0906,0.0,0.0,0.295,1952,4032,0,3309,0,0,0,0.0,1.3592,nan,edge/x86_64,unknown,3.12.3,2026-10-09T18:44:59Z
164,ML-DSA-65,post-quantum,3,sign,0.4487,0.0,0.0,0.295,1952,4032,0,3309,512,0,0,0.0,6.7308,nan,edge/x86_64,unknown,3.12.3,2026-10-09T18:44:59Z
164,ML-DSA-65,post-quantum,3,verify,0.0994,0.0,0.0,0.295,1952,4032,0,3309,512,0,0,0.0,1.4914,nan,edge/x86_64,unknown,3.12.3,2026-10-09T18:44:59Z
165,ML-DSA-65,post-quantum,3,keygen,0.1818,0.0,0.0,0.295,1952,4032,0,3309,0,0,0,0.0,2.7272,nan,edge/x86_64,unknown,3.12.3,2026-10-09T18:44:59Z
165,ML-DSA-65,post-quantum,3,sign,0.1425,0.0,0.0,0.295,1952,4032,0,3309,512,0,0,0.0,2.1375,nan,edge/x86_64,unknown,3.12.3,2026-10-09T18:44:59Z
165,ML-DSA-65,post-quantum,3,verify,0.0865,0.0,0.0,0.295,1952,4032,0,3309,512,0,0,0.0,1.2974,nan,edge/x86_64,unknown,3.12.3,2026-10-09T18:44:59Z
166,ML-DSA-65,post-quantum,3,keygen,0.0911,0.0,0.0,0.295,1952,4032,0,3309,0,0,0,0.0,1.3659,nan,edge/x86_64,unknown,3.12.3,2026-10-09T18:44:59Z
166,ML-DSA-65,post-quantum,3,sign,0.3749,0.0,0.0,0.295,1952,4032,0,3309,512,0,0,0.0,5.6233,nan,edge/x86_64,unknown,3.12.3,2026-10-09T18:44:59Z
166,ML-DSA-65,post-quantum,3,verify,0.085,0.0,0.0,0.295,1952,4032,0,3309,512,0,0,0.0,1.2752,nan,edge/x86_64,unknown,3.12.3,2026-10-09T18:44:59Z
167,ML-DSA-65,post-quantum,3,keygen,0.1064,0.0,0.0,0.295,1952,4032,0,3309,0,0,0,0.0,1.5957,nan,edge/x86_64,unknown,3.12.3,2026-10-09T18:44:59Z
167,ML-DSA-65,post-quantum,3,sign,0.1083,0.0,0.0,0.295,1952,4032,0,3309,512,0,0,0.0,1.6248,nan,edge/x86_64,unknown,3.12.3,2026-10-09T18:44:59Z
167,ML-DSA-65,post-quantum,3,verify,0.0854,0.0,0.0,0.295,1952,4032,0,3309,512,0,0,0.0,1.2806,nan,edge/x86_64,unknown,3.12.3,2026-10-09T18:44:59Z
168,ML-DSA-65,post-quantum,3,keygen,0.0896,0.0,0.0,0.295,1952,4032,0,3309,0,0,0,0.0,1.3444,nan,edge/x86_64,unknown,3.12.3,2026-10-09T18:44:59Z
168,ML-DSA-65,post-quantum,3,sign,0.1316,0.0,0.0,0.295,1952,4032,0,3309,512,0,0,0.0,1.9744,nan,edge/x86_64,unknown,3.12.3,2026-10-09T18:44:59Z
168,ML-DSA-65,post-quantum,3,verify,0.0899,0.0,0.0,0.295,1952,4032,0,3309,512,0,0,0.0,1.3481,nan,edge/x86_64,unknown,3.12.3,2026-10-09T18:44:59Z
169,ML-DSA-65,post-quantum,3,keygen,0.1304,0.0,0.0,0.295,1952,4032,0,3309,0,0,0,0.0,1.9554,nan,edge/x86_64,unknown,3.12.3,2026-10-09T18:44:59Z
169,ML-DSA-65,post-quantum,3,sign,0.4302,0.0,0.0,0.295,1952,4032,0,3309,512,0,0,0.0,6.4534,nan,edge/x86_64,unknown,3.12.3,2026-10-09T18:44:59Z
169,ML-DSA-65,post-quantum,3,verify,0.0969,0.0,0.0,0.295,1952,4032,0,3309,512,0,0,0.0,1.4532,nan,edge/x86_64,unknown,3.12.3,2026-10-09T18:44:59Z
170,ML-DSA-65,post-quantum,3,keygen,0.0965,0.0,0.0,0.295,1952,4032,0,3309,0,0,0,0.0,1.4475,nan,edge/x86_64,unknown,3.12.3,2026-10-09T18:44:59Z
170,ML-DSA-65,post-quantum,3,sign,0.1297,0.0,0.0,0.295,1952,4032,0,3309,512,0,0,0.0,1.945,nan,edge/x86_64,unknown,3.12.3,2026-10-09T18:44:59Z
170,ML-DSA-65,post-quantum,3,verify,0.0832,0.0,0.0,0.295,1952,4032,0,3309,512,0,0,0.0,1.2476,nan,edge/x86_64,unknown,3.12.3,2026-10-09T18:44:59Z
171,ML-DSA-65,post-quantum,3,keygen,0.0893,0.0,0.0,0.295,1952,4032,0,3309,0,0,0,0.0,1.3396,nan,edge/x86_64,unknown,3.12.3,2026-10-09T18:44:59Z
171,ML-DSA-65,post-quantum,3,sign,0.2162,0.0,0.0,0.295,1952,4032,0,3309,512,0,0,0.0,3.243,nan,edge/x86_64,unknown,3.12.3,2026-10-09T18:44:59Z
171,ML-DSA-65,post-quantum,3,verify,0.0981,0.0,0.0,0.295,1952,4032,0,3309,512,0,0,0.0,1.4713,nan,edge/x86_64,unknown,3.12.3,2026-10-09T18:44:59Z
172,ML-DSA-65,post-quantum,3,keygen,0.0906,0.0,0.0,0.295,1952,4032,0,3309,0,0,0,0.0,1.3588,nan,edge/x86_64,unknown,3.12.3,2026-10-09T18:44:59Z
172,ML-DSA-65,post-quantum,3,sign,0.2534,0.0,0.0,0.295,1952,4032,0,3309,512,0,0,0.0,3.8013,nan,edge/x86_64,unknown,3.12.3,2026-10-09T18:44:59Z
172,ML-DSA-65,post-quantum,3,verify,0.0856,0.0,0.0,0.295,1952,4032,0,3309,512,0,0,0.0,1.2837,nan,edge/x86_64,unknown,3.12.3,2026-10-09T18:44:59Z
173,ML-DSA-65,post-quantum,3,keygen,0.0911,0.0,0.0,0.295,1952,4032,0,3309,0,0,0,0.0,1.3664,nan,edge/x86_64,unknown,3.12.3,2026-10-09T18:44:59Z
173,ML-DSA-65,post-quantum,3,sign,0.1599,0.0,0.0,0.295,1952,4032,0,3309,512,0,0,0.0,2.3984,nan,edge/x86_64,unknown,3.12.3,2026-10-09T18:44:59Z
173,ML-DSA-65,post-quantum,3,verify,0.0959,0.0,0.0,0.295,1952,4032,0,3309,512,0,0,0.0,1.438,nan,edge/x86_64,unknown,3.12.3,2026-10-09T18:44:59Z
174,ML-DSA-65,post-quantum,3,keygen,0.1152,0.0,0.0,0.295,1952,4032,0,3309,0,0,0,0.0,1.7276,nan,edge/x86_64,unknown,3.12.3,2026-10-09T18:44:59Z
174,ML-DSA-65,post-quantum,3,sign,0.3571,0.0,0.0,0.295,1952,4032,0,3309,512,0,0,0.0,5.3563,nan,edge/x86_64,unknown,3.12.3,2026-10-09T18:44:59Z
174,ML-DSA-65,post-quantum,3,verify,0.0872,0.0,0.0,0.295,1952,4032,0,3309,512,0,0,0.0,1.3083,nan,edge/x86_64,unknown,3.12.3,2026-10-09T18:44:59Z
175,ML-DSA-65,post-quantum,3,keygen,0.1153,0.0,0.0,0.295,1952,4032,0,3309,0,0,0,0.0,1.7291,nan,edge/x86_64,unknown,3.12.3,2026-10-09T18:44:59Z
175,ML-DSA-65,post-quantum,3,sign,0.4871,0.0,0.0,0.295,1952,4032,0,3309,512,0,0,0.0,7.306,nan,edge/x86_64,unknown,3.12.3,2026-10-09T18:44:59Z
175,ML-DSA-65,post-quantum,3,verify,0.0872,0.0,0.0,0.295,1952,4032,0,3309,512,0,0,0.0,1.3073,nan,edge/x86_64,unknown,3.12.3,2026-10-09T18:44:59Z
176,ML-DSA-65,post-quantum,3,keygen,0.0911,0.0,0.0,0.295,1952,4032,0,3309,0,0,0,0.0,1.3663,nan,edge/x86_64,unknown,3.12.3,2026-10-09T18:44:59Z
176,ML-DSA-65,post-quantum,3,sign,0.1254,0.0,0.0,0.295,1952,4032,0,3309,512,0,0,0.0,1.8812,nan,edge/x86_64,unknown,3.12.3,2026-10-09T18:44:59Z
176,ML-DSA-65,post-quantum,3,verify,0.0803,0.0,0.0,0.295,1952,4032,0,3309,512,0,0,0.0,1.2044,nan,edge/x86_64,unknown,3.12.3,2026-10-09T18:44:59Z
177,ML-DSA-65,post-quantum,3,keygen,0.0881,0.0,0.0,0.295,1952,4032,0,3309,0,0,0,0.0,1.3218,nan,edge/x86_64,unknown,3.12.3,2026-10-09T18:44:59Z
177,ML-DSA-65,post-quantum,3,sign,0.21,0.0,0.0,0.295,1952,4032,0,3309,512,0,0,0.0,3.1493,nan,edge/x86_64,unknown,3.12.3,2026-10-09T18:44:59Z
177,ML-DSA-65,post-quantum,3,verify,0.0925,0.0,0.0,0.295,1952,4032,0,3309,512,0,0,0.0,1.3868,nan,edge/x86_64,unknown,3.12.3,2026-10-09T18:44:59Z
178,ML-DSA-65,post-quantum,3,keygen,0.1895,0.0,0.0,0.295,1952,4032,0,3309,0,0,0,0.0,2.8419,nan,edge/x86_64,unknown,3.12.3,2026-10-09T18:44:59Z
178,ML-DSA-65,post-quantum,3,sign,0.1839,0.0,0.0,0.295,1952,4032,0,3309,512,0,0,0.0,2.7579,nan,edge/x86_64,unknown,3.12.3,2026-10-09T18:44:59Z
178,ML-DSA-65,post-quantum,3,verify,0.2095,0.0,0.0,0.295,1952,4032,0,3309,512,0,0,0.0,3.1426,nan,edge/x86_64,unknown,3.12.3,2026-10-09T18:44:59Z
179,ML-DSA-65,post-quantum,3,keygen,0.1565,0.0,0.0,0.295,1952,4032,0,3309,0,0,0,0.0,2.3476,nan,edge/x86_64,unknown,3.12.3,2026-10-09T18:44:59Z
179,ML-DSA-65,post-quantum,3,sign,0.1258,0.0,0.0,0.295,1952,4032,0,3309,512,0,0,0.0,1.8868,nan,edge/x86_64,unknown,3.12.3,2026-10-09T18:44:59Z
179,ML-DSA-65,post-quantum,3,verify,0.108,0.0,0.0,0.295,1952,4032,0,3309,512,0,0,0.0,1.62,nan,edge/x86_64,unknown,3.12.3,2026-10-09T18:44:59Z
180,ML-DSA-65,post-quantum,3,keygen,0.1102,0.0,0.0,0.295,1952,4032,0,3309,0,0,0,0.0,1.6527,nan,edge/x86_64,unknown,3.12.3,2026-10-09T18:44:59Z
180,ML-DSA-65,post-quantum,3,sign,0.1326,0.0,0.0,0.295,1952,4032,0,3309,512,0,0,0.0,1.9884,nan,edge/x86_64,unknown,3.12.3,2026-10-09T18:44:59Z
180,ML-DSA-65,post-quantum,3,verify,0.0946,0.0,0.0,0.295,1952,4032,0,3309,512,0,0,0.0,1.4184,nan,edge/x86_64,unknown,3.12.3,2026-10-09T18:44:59Z
181,ML-DSA-65,post-quantum,3,keygen,0.1018,0.0,0.0,0.295,1952,4032,0,3309,0,0,0,0.0,1.5265,nan,edge/x86_64,unknown,3.12.3,2026-10-09T18:44:59Z
181,ML-DSA-65,post-quantum,3,sign,0.4808,0.0,0.0,0.295,1952,4032,0,3309,512,0,0,0.0,7.2114,nan,edge/x86_64,unknown,3.12.3,2026-10-09T18:44:59Z
181,ML-DSA-65,post-quantum,3,verify,0.1102,0.0,0.0,0.295,1952,4032,0,3309,512,0,0,0.0,1.6528,nan,edge/x86_64,unknown,3.12.3,2026-10-09T18:44:59Z
182,ML-DSA-65,post-quantum,3,keygen,0.0947,0.0,0.0,0.295,1952,4032,0,3309,0,0,0,0.0,1.4212,nan,edge/x86_64,unknown,3.12.3,2026-10-09T18:44:59Z
182,ML-DSA-65,post-quantum,3,sign,0.4708,0.0,0.0,0.295,1952,4032,0,3309,512,0,0,0.0,7.0623,nan,edge/x86_64,unknown,3.12.3,2026-10-09T18:44:59Z
182,ML-DSA-65,post-quantum,3,verify,0.0863,0.0,0.0,0.295,1952,4032,0,3309,512,0,0,0.0,1.2942,nan,edge/x86_64,unknown,3.12.3,2026-10-09T18:44:59Z
183,ML-DSA-65,post-quantum,3,keygen,0.0893,0.0,0.0,0.295,1952,4032,0,3309,0,0,0,0.0,1.3396,nan,edge/x86_64,unknown,3.12.3,2026-10-09T18:44:59Z
183,ML-DSA-65,post-quantum,3,sign,0.1614,0.0,0.0,0.295,1952,4032,0,3309,512,0,0,0.0,2.4217,nan,edge/x86_64,unknown,3.12.3,2026-10-09T18:44:59Z
183,ML-DSA-65,post-quantum,3,verify,0.091,0.0,0.0,0.295,1952,4032,0,3309,512,0,0,0.0,1.3651,nan,edge/x86_64,unknown,3.12.3,2026-10-09T18:44:59Z
184,ML-DSA-65,post-quantum,3,keygen,0.0909,0.0,0.0,0.295,1952,4032,0,3309,0,0,0,0.0,1.3628,nan,edge/x86_64,unknown,3.12.3,2026-10-09T18:44:59Z
184,ML-DSA-65,post-quantum,3,sign,0.2009,0.0,0.0,0.295,1952,4032,0,3309,512,0,0,0.0,3.0142,nan,edge/x86_64,unknown,3.12.3,2026-10-09T18:44:59Z
184,ML-DSA-65,post-quantum,3,verify,0.084,0.0,0.0,0.295,1952,4032,0,3309,512,0,0,0.0,1.2602,nan,edge/x86_64,unknown,3.12.3,2026-10-09T18:44:59Z
185,ML-DSA-65,post-quantum,3,keygen,0.0879,0.0,0.0,0.295,1952,4032,0,3309,0,0,0,0.0,1.3182,nan,edge/x86_64,unknown,3.12.3,2026-10-09T18:44:59Z
185,ML-DSA-65,post-quantum,3,sign,0.1862,0.0,0.0,0.295,1952,4032,0,3309,512,0,0,0.0,2.7926,nan,edge/x86_64,unknown,3.12.3,2026-10-09T18:44:59Z
185,ML-DSA-65,post-quantum,3,verify,0.0913,0.0,0.0,0.295,1952,4032,0,3309,512,0,0,0.0,1.3692,nan,edge/x86_64,unknown,3.12.3,2026-10-09T18:44:59Z
186,ML-DSA-65,post-quantum,3,keygen,0.1149,0.0,0.0,0.295,1952,4032,0,3309,0,0,0,0.0,1.7229,nan,edge/x86_64,unknown,3.12.3,2026-10-09T18:44:59Z
186,ML-DSA-65,post-quantum,3,sign,0.2894,0.0,0.0,0.295,1952,4032,0,3309,512,0,0,0.0,4.3405,nan,edge/x86_64,unknown,3.12.3,2026-10-09T18:44:59Z
186,ML-DSA-65,post-quantum,3,verify,0.0858,0.0,0.0,0.295,1952,4032,0,3309,512,0,0,0.0,1.2874,nan,edge/x86_64,unknown,3.12.3,2026-10-09T18:44:59Z
187,ML-DSA-65,post-quantum,3,keygen,0.0944,0.0,0.0,0.295,1952,4032,0,3309,0,0,0,0.0,1.4164,nan,edge/x86_64,unknown,3.12.3,2026-10-09T18:44:59Z
187,ML-DSA-65,post-quantum,3,sign,0.1322,0.0,0.0,0.295,1952,4032,0,3309,512,0,0,0.0,1.9827,nan,edge/x86_64,unknown,3.12.3,2026-10-09T18:44:59Z
187,ML-DSA-65,post-quantum,3,verify,0.0855,0.0,0.0,0.295,1952,4032,0,3309,512,0,0,0.0,1.2831,nan,edge/x86_64,unknown,3.12.3,2026-10-09T18:44:59Z
188,ML-DSA-65,post-quantum,3,keygen,0.0914,0.0,0.0,0.295,1952,4032,0,3309,0,0,0,0.0,1.3715,nan,edge/x86_64,unknown,3.12.3,2026-10-09T18:44:59Z
188,ML-DSA-65,post-quantum,3,sign,0.1661,0.0,0.0,0.295,1952,4032,0,3309,512,0,0,0.0,2.4919,nan,edge/x86_64,unknown,3.12.3,2026-10-09T18:44:59Z
188,ML-DSA-65,post-quantum,3,verify,0.0906,0.0,0.0,0.295,1952,4032,0,3309,512,0,0,0.0,1.3583,nan,edge/x86_64,unknown,3.12.3,2026-10-09T18:44:59Z
189,ML-DSA-65,post-quantum,3,keygen,0.1261,0.0,0.0,0.295,1952,4032,0,3309,0,0,0,0.0,1.8913,nan,edge/x86_64,unknown,3.12.3,2026-10-09T18:44:59Z
189,ML-DSA-65,post-quantum,3,sign,0.2485,0.0,0.0,0.295,1952,4032,0,3309,512,0,0,0.0,3.7279,nan,edge/x86_64,unknown,3.12.3,2026-10-09T18:44:59Z
189,ML-DSA-65,post-quantum,3,verify,0.0977,0.0,0.0,0.295,1952,4032,0,3309,512,0,0,0.0,1.4654,nan,edge/x86_64,unknown,3.12.3,2026-10-09T18:44:59Z
190,ML-DSA-65,post-quantum,3,keygen,0.1301,0.0,0.0,0.295,1952,4032,0,3309,0,0,0,0.0,1.9514,nan,edge/x86_64,unknown,3.12.3,2026-10-09T18:44:59Z
190,ML-DSA-65,post-quantum,3,sign,0.302,0.0,0.0,0.295,1952,4032,0,3309,512,0,0,0.0,4.5301,nan,edge/x86_64,unknown,3.12.3,2026-10-09T18:44:59Z
190,ML-DSA-65,post-quantum,3,verify,0.0843,0.0,0.0,0.295,1952,4032,0,3309,512,0,0,0.0,1.2641,nan,edge/x86_64,unknown,3.12.3,2026-10-09T18:44:59Z
191,ML-DSA-65,post-quantum,3,keygen,0.0928,0.0,0.0,0.295,1952,4032,0,3309,0,0,0,0.0,1.3924,nan,edge/x86_64,unknown,3.12.3,2026-10-09T18:44:59Z
191,ML-DSA-65,post-quantum,3,sign,0.1401,0.0,0.0,0.295,1952,4032,0,3309,512,0,0,0.0,2.1022,nan,edge/x86_64,unknown,3.12.3,2026-10-09T18:44:59Z
191,ML-DSA-65,post-quantum,3,verify,0.1265,0.0,0.0,0.295,1952,4032,0,3309,512,0,0,0.0,1.8979,nan,edge/x86_64,unknown,3.12.3,2026-10-09T18:44:59Z
192,ML-DSA-65,post-quantum,3,keygen,0.092,0.0,0.0,0.295,1952,4032,0,3309,0,0,0,0.0,1.3805,nan,edge/x86_64,unknown,3.12.3,2026-10-09T18:44:59Z
192,ML-DSA-65,post-quantum,3,sign,0.1331,0.0,0.0,0.295,1952,4032,0,3309,512,0,0,0.0,1.9969,nan,edge/x86_64,unknown,3.12.3,2026-10-09T18:44:59Z
192,ML-DSA-65,post-quantum,3,verify,0.0834,0.0,0.0,0.295,1952,4032,0,3309,512,0,0,0.0,1.2505,nan,edge/x86_64,unknown,3.12.3,2026-10-09T18:44:59Z
193,ML-DSA-65,post-quantum,3,keygen,0.1043,0.0,0.0,0.295,1952,4032,0,3309,0,0,0,0.0,1.564,nan,edge/x86_64,unknown,3.12.3,2026-10-09T18:44:59Z
193,ML-DSA-65,post-quantum,3,sign,0.1562,0.0,0.0,0.295,1952,4032,0,3309,512,0,0,0.0,2.3433,nan,edge/x86_64,unknown,3.12.3,2026-10-09T18:44:59Z
193,ML-DSA-65,post-quantum,3,verify,0.0843,0.0,0.0,0.295,1952,4032,0,3309,512,0,0,0.0,1.2644,nan,edge/x86_64,unknown,3.12.3,2026-10-09T18:44:59Z
194,ML-DSA-65,post-quantum,3,keygen,0.0889,0.0,0.0,0.295,1952,4032,0,3309,0,0,0,0.0,1.3335,nan,edge/x86_64,unknown,3.12.3,2026-10-09T18:44:59Z
194,ML-DSA-65,post-quantum,3,sign,0.1441,0.0,0.0,0.295,1952,4032,0,3309,512,0,0,0.0,2.1621,nan,edge/x86_64,unknown,3.12.3,2026-10-09T18:44:59Z
194,ML-DSA-65,post-quantum,3,verify,0.086,0.0,0.0,0.295,1952,4032,0,3309,512,0,0,0.0,1.2894,nan,edge/x86_64,unknown,3.12.3,2026-10-09T18:44:59Z
195,ML-DSA-65,post-quantum,3,keygen,0.1739,0.0,0.0,0.295,1952,4032,0,3309,0,0,0,0.0,2.6082,nan,edge/x86_64,unknown,3.12.3,2026-10-09T18:44:59Z
195,ML-DSA-65,post-quantum,3,sign,0.1344,0.0,0.0,0.295,1952,4032,0,3309,512,0,0,0.0,2.0165,nan,edge/x86_64,unknown,3.12.3,2026-10-09T18:44:59Z
195,ML-DSA-65,post-quantum,3,verify,0.0883,0.0,0.0,0.295,1952,4032,0,3309,512,0,0,0.0,1.3245,nan,edge/x86_64,unknown,3.12.3,2026-10-09T18:44:59Z
196,ML-DSA-65,post-quantum,3,keygen,0.0889,0.0,0.0,0.295,1952,4032,0,3309,0,0,0,0.0,1.3332,nan,edge/x86_64,unknown,3.12.3,2026-10-09T18:44:59Z
196,ML-DSA-65,post-quantum,3,sign,0.1283,0.0,0.0,0.295,1952,4032,0,3309,512,0,0,0.0,1.9243,nan,edge/x86_64,unknown,3.12.3,2026-10-09T18:44:59Z
196,ML-DSA-65,post-quantum,3,verify,0.0837,0.0,0.0,0.295,1952,4032,0,3309,512,0,0,0.0,1.2555,nan,edge/x86_64,unknown,3.12.3,2026-10-09T18:44:59Z
197,ML-DSA-65,post-quantum,3,keygen,0.0906,0.0,0.0,0.295,1952,4032,0,3309,0,0,0,0.0,1.3594,nan,edge/x86_64,unknown,3.12.3,2026-10-09T18:44:59Z
197,ML-DSA-65,post-quantum,3,sign,0.1286,0.0,0.0,0.295,1952,4032,0,3309,512,0,0,0.0,1.9294,nan,edge/x86_64,unknown,3.12.3,2026-10-09T18:44:59Z
197,ML-DSA-65,post-quantum,3,verify,0.083,0.0,0.0,0.295,1952,4032,0,3309,512,0,0,0.0,1.2452,nan,edge/x86_64,unknown,3.12.3,2026-10-09T18:44:59Z
198,ML-DSA-65,post-quantum,3,keygen,0.0886,0.0,0.0,0.295,1952,4032,0,3309,0,0,0,0.0,1.3295,nan,edge/x86_64,unknown,3.12.3,2026-10-09T18:44:59Z
198,ML-DSA-65,post-quantum,3,sign,0.1213,0.0,0.0,0.295,1952,4032,0,3309,512,0,0,0.0,1.8201,nan,edge/x86_64,unknown,3.12.3,2026-10-09T18:44:59Z
198,ML-DSA-65,post-quantum,3,verify,0.083,0.0,0.0,0.295,1952,4032,0,3309,512,0,0,0.0,1.2446,nan,edge/x86_64,unknown,3.12.3,2026-10-09T18:44:59Z
199,ML-DSA-65,post-quantum,3,keygen,0.0994,0.0,0.0,0.295,1952,4032,0,3309,0,0,0,0.0,1.4913,nan,edge/x86_64,unknown,3.12.3,2026-10-09T18:44:59Z
199,ML-DSA-65,post-quantum,3,sign,0.1871,0.0,0.0,0.295,1952,4032,0,3309,512,0,0,0.0,2.8069,nan,edge/x86_64,unknown,3.12.3,2026-10-09T18:44:59Z
199,ML-DSA-65,post-quantum,3,verify,0.087,0.0,0.0,0.295,1952,4032,0,3309,512,0,0,0.0,1.3049,nan,edge/x86_64,unknown,3.12.3,2026-10-09T18:44:59Z
0,ML-DSA-87,post-quantum,5,keygen,0.5017,0.0,0.0,0.365,2592,4896,0,4627,0,0,0,0.0,7.5254,nan,edge/x86_64,unknown,3.12.3,2026-10-09T18:44:59Z
0,ML-DSA-87,post-quantum,5,sign,0.3087,0.0,0.0,0.365,2592,4896,0,4627,512,0,0,0.0,4.6298,nan,edge/x86_64,unknown,3.12.3,2026-10-09T18:44:59Z
0,ML-DSA-87,post-quantum,5,verify,0.155,0.0,0.0,0.365,2592,4896,0,4627,512,0,0,0.0,2.3247,nan,edge/x86_64,unknown,3.12.3,2026-10-09T18:44:59Z
1,ML-DSA-87,post-quantum,5,keygen,0.1375,0.0,0.0,0.365,2592,4896,0,4627,0,0,0,0.0,2.0629,nan,edge/x86_64,unknown,3.12.3,2026-10-09T18:44:59Z
1,ML-DSA-87,post-quantum,5,sign,0.1971,0.0,0.0,0.365,2592,4896,0,4627,512,0,0,0.0,2.9565,nan,edge/x86_64,unknown,3.12.3,2026-10-09T18:44:59Z
1,ML-DSA-87,post-quantum,5,verify,0.1324,0.0,0.0,0.365,2592,4896,0,4627,512,0,0,0.0,1.9854,nan,edge/x86_64,unknown,3.12.3,2026-10-09T18:44:59Z
2,ML-DSA-87,post-quantum,5,keygen,0.1362,0.0,0.0,0.365,2592,4896,0,4627,0,0,0,0.0,2.0424,nan,edge/x86_64,unknown,3.12.3,2026-10-09T18:44:59Z
2,ML-DSA-87,post-quantum,5,sign,0.159,0.0,0.0,0.365,2592,4896,0,4627,512,0,0,0.0,2.3843,nan,edge/x86_64,unknown,3.12.3,2026-10-09T18:44:59Z
2,ML-DSA-87,post-quantum,5,verify,0.1226,0.0,0.0,0.365,2592,4896,0,4627,512,0,0,0.0,1.8393,nan,edge/x86_64,unknown,3.12.3,2026-10-09T18:44:59Z
3,ML-DSA-87,post-quantum,5,keygen,0.1776,0.0,0.0,0.365,2592,4896,0,4627,0,0,0,0.0,2.6645,nan,edge/x86_64,unknown,3.12.3,2026-10-09T18:44:59Z
3,ML-DSA-87,post-quantum,5,sign,0.257,0.0,0.0,0.365,2592,4896,0,4627,512,0,0,0.0,3.8547,nan,edge/x86_64,unknown,3.12.3,2026-10-09T18:44:59Z
3,ML-DSA-87,post-quantum,5,verify,0.1475,0.0,0.0,0.365,2592,4896,0,4627,512,0,0,0.0,2.2123,nan,edge/x86_64,unknown,3.12.3,2026-10-09T18:44:59Z
4,ML-DSA-87,post-quantum,5,keygen,0.1363,0.0,0.0,0.365,2592,4896,0,4627,0,0,0,0.0,2.0445,nan,edge/x86_64,unknown,3.12.3,2026-10-09T18:44:59Z
4,ML-DSA-87,post-quantum,5,sign,0.1751,0.0,0.0,0.365,2592,4896,0,4627,512,0,0,0.0,2.6267,nan,edge/x86_64,unknown,3.12.3,2026-10-09T18:44:59Z
4,ML-DSA-87,post-quantum,5,verify,0.1381,0.0,0.0,0.365,2592,4896,0,4627,512,0,0,0.0,2.0708,nan,edge/x86_64,unknown,3.12.3,2026-10-09T18:44:59Z
5,ML-DSA-87,post-quantum,5,keygen,0.1368,0.0,0.0,0.365,2592,4896,0,4627,0,0,0,0.0,2.0524,nan,edge/x86_64,unknown,3.12.3,2026-10-09T18:44:59Z
5,ML-DSA-87,post-quantum,5,sign,0.4522,0.0,0.0,0.365,2592,4896,0,4627,512,0,0,0.0,6.7834,nan,edge/x86_64,unknown,3.12.3,2026-10-09T18:44:59Z
5,ML-DSA-87,post-quantum,5,verify,0.1243,0.0,0.0,0.365,2592,4896,0,4627,512,0,0,0.0,1.8642,nan,edge/x86_64,unknown,3.12.3,2026-10-09T18:44:59Z
6,ML-DSA-87,post-quantum,5,keygen,0.1355,0.0,0.0,0.365,2592,4896,0,4627,0,0,0,0.0,2.0327,nan,edge/x86_64,unknown,3.12.3,2026-10-09T18:44:59Z
6,ML-DSA-87,post-quantum,5,sign,0.159,0.0,0.0,0.365,2592,4896,0,4627,512,0,0,0.0,2.3854,nan,edge/x86_64,unknown,3.12.3,2026-10-09T18:44:59Z
6,ML-DSA-87,post-quantum,5,verify,0.1238,0.0,0.0,0.365,2592,4896,0,4627,512,0,0,0.0,1.8565,nan,edge/x86_64,unknown,3.12.3,2026-10-09T18:44:59Z
7,ML-DSA-87,post-quantum,5,keygen,0.2062,0.0,0.0,0.365,2592,4896,0,4627,0,0,0,0.0,3.0926,nan,edge/x86_64,unknown,3.12.3,2026-10-09T18:44:59Z
7,ML-DSA-87,post-quantum,5,sign,0.2163,0.0,0.0,0.365,2592,4896,0,4627,512,0,0,0.0,3.2446,nan,edge/x86_64,unknown,3.12.3,2026-10-09T18:44:59Z
7,ML-DSA-87,post-quantum,5,verify,0.127,0.0,0.0,0.365,2592,4896,0,4627,512,0,0,0.0,1.9047,nan,edge/x86_64,unknown,3.12.3,2026-10-09T18:44:59Z
8,ML-DSA-87,post-quantum,5,keygen,0.1336,0.0,0.0,0.365,2592,4896,0,4627,0,0,0,0.0,2.0033,nan,edge/x86_64,unknown,3.12.3,2026-10-09T18:44:59Z
8,ML-DSA-87,post-quantum,5,sign,0.5467,0.0,0.0,0.365,2592,4896,0,4627,512,0,0,0.0,8.1999,nan,edge/x86_64,unknown,3.12.3,2026-10-09T18:44:59Z
8,ML-DSA-87,post-quantum,5,verify,0.1261,0.0,0.0,0.365,2592,4896,0,4627,512,0,0,0.0,1.8921,nan,edge/x86_64,unknown,3.12.3,2026-10-09T18:44:59Z
9,ML-DSA-87,post-quantum,5,keygen,0.1345,0.0,0.0,0.365,2592,4896,0,4627,0,0,0,0.0,2.0173,nan,edge/x86_64,unknown,3.12.3,2026-10-09T18:44:59Z
9,ML-DSA-87,post-quantum,5,sign,0.3803,0.0,0.0,0.365,2592,4896,0,4627,512,0,0,0.0,5.704,nan,edge/x86_64,unknown,3.12.3,2026-10-09T18:44:59Z
9,ML-DSA-87,post-quantum,5,verify,0.188,0.0,0.0,0.365,2592,4896,0,4627,512,0,0,0.0,2.8199,nan,edge/x86_64,unknown,3.12.3,2026-10-09T18:44:59Z
10,ML-DSA-87,post-quantum,5,keygen,0.1398,0.0,0.0,0.365,2592,4896,0,4627,0,0,0,0.0,2.0965,nan,edge/x86_64,unknown,3.12.3,2026-10-09T18:44:59Z
10,ML-DSA-87,post-quantum,5,sign,0.1607,0.0,0.0,0.365,2592,4896,0,4627,512,0,0,0.0,2.4098,nan,edge/x86_64,unknown,3.12.3,2026-10-09T18:44:59Z
10,ML-DSA-87,post-quantum,5,verify,0.1262,0.0,0.0,0.365,2592,4896,0,4627,512,0,0,0.0,1.8931,nan,edge/x86_64,unknown,3.12.3,2026-10-09T18:44:59Z
11,ML-DSA-87,post-quantum,5,keygen,0.1383,0.0,0.0,0.365,2592,4896,0,4627,0,0,0,0.0,2.0748,nan,edge/x86_64,unknown,3.12.3,2026-10-09T18:44:59Z
11,ML-DSA-87,post-quantum,5,sign,0.1753,0.0,0.0,0.365,2592,4896,0,4627,512,0,0,0.0,2.6294,nan,edge/x86_64,unknown,3.12.3,2026-10-09T18:44:59Z
11,ML-DSA-87,post-quantum,5,verify,0.1517,0.0,0.0,0.365,2592,4896,0,4627,512,0,0,0.0,2.2752,nan,edge/x86_64,unknown,3.12.3,2026-10-09T18:44:59Z
12,ML-DSA-87,post-quantum,5,keygen,0.1315,0.0,0.0,0.365,2592,4896,0,4627,0,0,0,0.0,1.9732,nan,edge/x86_64,unknown,3.12.3,2026-10-09T18:44:59Z
12,ML-DSA-87,post-quantum,5,sign,0.1861,0.0,0.0,0.365,2592,4896,0,4627,512,0,0,0.0,2.7912,nan,edge/x86_64,unknown,3.12.3,2026-10-09T18:44:59Z
12,ML-DSA-87,post-quantum,5,verify,0.1282,0.0,0.0,0.365,2592,4896,0,4627,512,0,0,0.0,1.9223,nan,edge/x86_64,unknown,3.12.3,2026-10-09T18:44:59Z
13,ML-DSA-87,post-quantum,5,keygen,0.1328,0.0,0.0,0.365,2592,4896,0,4627,0,0,0,0.0,1.9922,nan,edge/x86_64,unknown,3.12.3,2026-10-09T18:44:59Z
13,ML-DSA-87,post-quantum,5,sign,0.4245,0.0,0.0,0.365,2592,4896,0,4627,512,0,0,0.0,6.3669,nan,edge/x86_64,unknown,3.12.3,2026-10-09T18:44:59Z
13,ML-DSA-87,post-quantum,5,verify,0.1478,0.0,0.0,0.365,2592,4896,0,4627,512,0,0,0.0,2.2163,nan,edge/x86_64,unknown,3.12.3,2026-10-09T18:44:59Z
14,ML-DSA-87,post-quantum,5,keygen,0.1322,0.0,0.0,0.365,2592,4896,0,4627,0,0,0,0.0,1.983,nan,edge/x86_64,unknown,3.12.3,2026-10-09T18:44:59Z
14,ML-DSA-87,post-quantum,5,sign,0.1896,0.0,0.0,0.365,2592,4896,0,4627,512,0,0,0.0,2.8446,nan,edge/x86_64,unknown,3.12.3,2026-10-09T18:44:59Z
14,ML-DSA-87,post-quantum,5,verify,0.1215,0.0,0.0,0.365,2592,4896,0,4627,512,0,0,0.0,1.8226,nan,edge/x86_64,unknown,3.12.3,2026-10-09T18:44:59Z
15,ML-DSA-87,post-quantum,5,keygen,0.1271,0.0,0.0,0.365,2592,4896,0,4627,0,0,0,0.0,1.9063,nan,edge/x86_64,unknown,3.12.3,2026-10-09T18:44:59Z
15,ML-DSA-87,post-quantum,5,sign,0.2279,0.0,0.0,0.365,2592,4896,0,4627,512,0,0,0.0,3.4182,nan,edge/x86_64,unknown,3.12.3,2026-10-09T18:44:59Z
15,ML-DSA-87,post-quantum,5,verify,0.138,0.0,0.0,0.365,2592,4896,0,4627,512,0,0,0.0,2.0693,nan,edge/x86_64,unknown,3.12.3,2026-10-09T18:44:59Z
16,ML-DSA-87,post-quantum,5,keygen,0.1358,0.0,0.0,0.365,2592,4896,0,4627,0,0,0,0.0,2.0369,nan,edge/x86_64,unknown,3.12.3,2026-10-09T18:44:59Z
16,ML-DSA-87,post-quantum,5,sign,0.159,0.0,0.0,0.365,2592,4896,0,4627,512,0,0,0.0,2.385,nan,edge/x86_64,unknown,3.12.3,2026-10-09T18:44:59Z
16,ML-DSA-87,post-quantum,5,verify,0.1252,0.0,0.0,0.365,2592,4896,0,4627,512,0,0,0.0,1.8781,nan,edge/x86_64,unknown,3.12.3,2026-10-09T18:44:59Z
17,ML-DSA-87,post-quantum,5,keygen,0.1322,0.0,0.0,0.365,2592,4896,0,4627,0,0,0,0.0,1.9836,nan,edge/x86_64,unknown,3.12.3,2026-10-09T18:44:59Z
17,ML-DSA-87,post-quantum,5,sign,0.3476,0.0,0.0,0.365,2592,4896,0,4627,512,0,0,0.0,5.2147,nan,edge/x86_64,unknown,3.12.3,2026-10-09T18:44:59Z
17,ML-DSA-87,post-quantum,5,verify,0.1313,0.0,0.0,0.365,2592,4896,0,4627,512,0,0,0.0,1.9694,nan,edge/x86_64,unknown,3.12.3,2026-10-09T18:44:59Z
18,ML-DSA-87,post-quantum,5,keygen,0.1375,0.0,0.0,0.365,2592,4896,0,4627,0,0,0,0.0,2.0628,nan,edge/x86_64,unknown,3.12.3,2026-10-09T18:44:59Z
18,ML-DSA-87,post-quantum,5,sign,0.165,0.0,0.0,0.365,2592,4896,0,4627,512,0,0,0.0,2.4747,nan,edge/x86_64,unknown,3.12.3,2026-10-09T18:44:59Z
18,ML-DSA-87,post-quantum,5,verify,0.1691,0.0,0.0,0.365,2592,4896,0,4627,512,0,0,0.0,2.5371,nan,edge/x86_64,unknown,3.12.3,2026-10-09T18:44:59Z
19,ML-DSA-87,post-quantum,5,keygen,0.1558,0.0,0.0,0.365,2592,4896,0,4627,0,0,0,0.0,2.3365,nan,edge/x86_64,unknown,3.12.3,2026-10-09T18:44:59Z
19,ML-DSA-87,post-quantum,5,sign,0.2078,0.0,0.0,0.365,2592,4896,0,4627,512,0,0,0.0,3.1167,nan,edge/x86_64,unknown,3.12.3,2026-10-09T18:44:59Z
19,ML-DSA-87,post-quantum,5,verify,0.1373,0.0,0.0,0.365,2592,4896,0,4627,512,0,0,0.0,2.0596,nan,edge/x86_64,unknown,3.12.3,2026-10-09T18:44:59Z
20,ML-DSA-87,post-quantum,5,keygen,0.1309,0.0,0.0,0.365,2592,4896,0,4627,0,0,0,0.0,1.9639,nan,edge/x86_64,unknown,3.12.3,2026-10-09T18:44:59Z
20,ML-DSA-87,post-quantum,5,sign,0.1542,0.0,0.0,0.365,2592,4896,0,4627,512,0,0,0.0,2.3133,nan,edge/x86_64,unknown,3.12.3,2026-10-09T18:44:59Z
20,ML-DSA-87,post-quantum,5,verify,0.1196,0.0,0.0,0.365,2592,4896,0,4627,512,0,0,0.0,1.7938,nan,edge/x86_64,unknown,3.12.3,2026-10-09T18:44:59Z
21,ML-DSA-87,post-quantum,5,keygen,0.1287,0.0,0.0,0.365,2592,4896,0,4627,0,0,0,0.0,1.9308,nan,edge/x86_64,unknown,3.12.3,2026-10-09T18:44:59Z
21,ML-DSA-87,post-quantum,5,sign,0.2021,0.0,0.0,0.365,2592,4896,0,4627,512,0,0,0.0,3.0309,nan,edge/x86_64,unknown,3.12.3,2026-10-09T18:44:59Z
21,ML-DSA-87,post-quantum,5,verify,0.1279,0.0,0.0,0.365,2592,4896,0,4627,512,0,0,0.0,1.9182,nan,edge/x86_64,unknown,3.12.3,2026-10-09T18:44:59Z
22,ML-DSA-87,post-quantum,5,keygen,0.1349,0.0,0.0,0.365,2592,4896,0,4627,0,0,0,0.0,2.0233,nan,edge/x86_64,unknown,3.12.3,2026-10-09T18:44:59Z
22,ML-DSA-87,post-quantum,5,sign,0.1618,0.0,0.0,0.365,2592,4896,0,4627,512,0,0,0.0,2.4272,nan,edge/x86_64,unknown,3.12.3,2026-10-09T18:44:59Z
22,ML-DSA-87,post-quantum,5,verify,0.1237,0.0,0.0,0.365,2592,4896,0,4627,512,0,0,0.0,1.8556,nan,edge/x86_64,unknown,3.12.3,2026-10-09T18:44:59Z
23,ML-DSA-87,post-quantum,5,keygen,0.1326,0.0,0.0,0.365,2592,4896,0,4627,0,0,0,0.0,1.9893,nan,edge/x86_64,unknown,3.12.3,2026-10-09T18:44:59Z
23,ML-DSA-87,post-quantum,5,sign,0.1757,0.0,0.0,0.365,2592,4896,0,4627,512,0,0,0.0,2.636,nan,edge/x86_64,unknown,3.12.3,2026-10-09T18:44:59Z
23,ML-DSA-87,post-quantum,5,verify,0.1251,0.0,0.0,0.365,2592,4896,0,4627,512,0,0,0.0,1.877,nan,edge/x86_64,unknown,3.12.3,2026-10-09T18:44:59Z
24,ML-DSA-87,post-quantum,5,keygen,0.1608,0.0,0.0,0.365,2592,4896,0,4627,0,0,0,0.0,2.4125,nan,edge/x86_64,unknown,3.12.3,2026-10-09T18:44:59Z
24,ML-DSA-87,post-quantum,5,sign,0.3662,0.0,0.0,0.365,2592,4896,0,4627,512,0,0,0.0,5.4926,nan,edge/x86_64,unknown,3.12.3,2026-10-09T18:44:59Z
24,ML-DSA-87,post-quantum,5,verify,0.1757,0.0,0.0,0.365,2592,4896,0,4627,512,0,0,0.0,2.6353,nan,edge/x86_64,unknown,3.12.3,2026-10-09T18:44:59Z
25,ML-DSA-87,post-quantum,5,keygen,0.2496,0.0,0.0,0.365,2592,4896,0,4627,0,0,0,0.0,3.7434,nan,edge/x86_64,unknown,3.12.3,2026-10-09T18:44:59Z
25,ML-DSA-87,post-quantum,5,sign,0.1614,0.0,0.0,0.365,2592,4896,0,4627,512,0,0,0.0,2.4211,nan,edge/x86_64,unknown,3.12.3,2026-10-09T18:44:59Z
25,ML-DSA-87,post-quantum,5,verify,0.4044,0.0,0.0,0.365,2592,4896,0,4627,512,0,0,0.0,6.0667,nan,edge/x86_64,unknown,3.12.3,2026-10-09T18:44:59Z
26,ML-DSA-87,post-quantum,5,keygen,0.1479,0.0,0.0,0.365,2592,4896,0,4627,0,0,0,0.0,2.218,nan,edge/x86_64,unknown,3.12.3,2026-10-09T18:44:59Z
26,ML-DSA-87,post-quantum,5,sign,0.2399,0.0,0.0,0.365,2592,4896,0,4627,512,0,0,0.0,3.5985,nan,edge/x86_64,unknown,3.12.3,2026-10-09T18:44:59Z
26,ML-DSA-87,post-quantum,5,verify,0.1265,0.0,0.0,0.365,2592,4896,0,4627,512,0,0,0.0,1.898,nan,edge/x86_64,unknown,3.12.3,2026-10-09T18:44:59Z
27,ML-DSA-87,post-quantum,5,keygen,0.1316,0.0,0.0,0.365,2592,4896,0,4627,0,0,0,0.0,1.974,nan,edge/x86_64,unknown,3.12.3,2026-10-09T18:44:59Z
27,ML-DSA-87,post-quantum,5,sign,0.2511,0.0,0.0,0.365,2592,4896,0,4627,512,0,0,0.0,3.7662,nan,edge/x86_64,unknown,3.12.3,2026-10-09T18:44:59Z
27,ML-DSA-87,post-quantum,5,verify,0.1657,0.0,0.0,0.365,2592,4896,0,4627,512,0,0,0.0,2.485,nan,edge/x86_64,unknown,3.12.3,2026-10-09T18:44:59Z
28,ML-DSA-87,post-quantum,5,keygen,0.2106,0.0,0.0,0.365,2592,4896,0,4627,0,0,0,0.0,3.1587,nan,edge/x86_64,unknown,3.12.3,2026-10-09T18:44:59Z
28,ML-DSA-87,post-quantum,5,sign,0.2929,0.0,0.0,0.365,2592,4896,0,4627,512,0,0,0.0,4.3941,nan,edge/x86_64,unknown,3.12.3,2026-10-09T18:44:59Z
28,ML-DSA-87,post-quantum,5,verify,0.1225,0.0,0.0,0.365,2592,4896,0,4627,512,0,0,0.0,1.8369,nan,edge/x86_64,unknown,3.12.3,2026-10-09T18:44:59Z
29,ML-DSA-87,post-quantum,5,keygen,0.1306,0.0,0.0,0.365,2592,4896,0,4627,0,0,0,0.0,1.9591,nan,edge/x86_64,unknown,3.12.3,2026-10-09T18:44:59Z
29,ML-DSA-87,post-quantum,5,sign,0.2449,0.0,0.0,0.365,2592,4896,0,4627,512,0,0,0.0,3.6734,nan,edge/x86_64,unknown,3.12.3,2026-10-09T18:44:59Z
29,ML-DSA-87,post-quantum,5,verify,0.1989,0.0,0.0,0.365,2592,4896,0,4627,512,0,0,0.0,2.9834,nan,edge/x86_64,unknown,3.12.3,2026-10-09T18:44:59Z
30,ML-DSA-87,post-quantum,5,keygen,0.1761,0.0,0.0,0.365,2592,4896,0,4627,0,0,0,0.0,2.6411,nan,edge/x86_64,unknown,3.12.3,2026-10-09T18:44:59Z
30,ML-DSA-87,post-quantum,5,sign,0.1598,0.0,0.0,0.365,2592,4896,0,4627,512,0,0,0.0,2.3971,nan,edge/x86_64,unknown,3.12.3,2026-10-09T18:44:59Z
30,ML-DSA-87,post-quantum,5,verify,0.1227,0.0,0.0,0.365,2592,4896,0,4627,512,0,0,0.0,1.8403,nan,edge/x86_64,unknown,3.12.3,2026-10-09T18:44:59Z
31,ML-DSA-87,post-quantum,5,keygen,0.1511,0.0,0.0,0.365,2592,4896,0,4627,0,0,0,0.0,2.2666,nan,edge/x86_64,unknown,3.12.3,2026-10-09T18:44:59Z
31,ML-DSA-87,post-quantum,5,sign,0.2185,0.0,0.0,0.365,2592,4896,0,4627,512,0,0,0.0,3.2772,nan,edge/x86_64,unknown,3.12.3,2026-10-09T18:44:59Z
31,ML-DSA-87,post-quantum,5,verify,0.1656,0.0,0.0,0.365,2592,4896,0,4627,512,0,0,0.0,2.4845,nan,edge/x86_64,unknown,3.12.3,2026-10-09T18:44:59Z
32,ML-DSA-87,post-quantum,5,keygen,0.1372,0.0,0.0,0.365,2592,4896,0,4627,0,0,0,0.0,2.0575,nan,edge/x86_64,unknown,3.12.3,2026-10-09T18:44:59Z
32,ML-DSA-87,post-quantum,5,sign,0.2234,0.0,0.0,0.365,2592,4896,0,4627,512,0,0,0.0,3.3514,nan,edge/x86_64,unknown,3.12.3,2026-10-09T18:44:59Z
32,ML-DSA-87,post-quantum,5,verify,0.1241,0.0,0.0,0.365,2592,4896,0,4627,512,0,0,0.0,1.8621,nan,edge/x86_64,unknown,3.12.3,2026-10-09T18:44:59Z
33,ML-DSA-87,post-quantum,5,keygen,0.1343,0.0,0.0,0.365,2592,4896,0,4627,0,0,0,0.0,2.0144,nan,edge/x86_64,unknown,3.12.3,2026-10-09T18:44:59Z
33,ML-DSA-87,post-quantum,5,sign,0.2665,0.0,0.0,0.365,2592,4896,0,4627,512,0,0,0.0,3.9974,nan,edge/x86_64,unknown,3.12.3,2026-10-09T18:44:59Z
33,ML-DSA-87,post-quantum,5,verify,0.1272,0.0,0.0,0.365,2592,4896,0,4627,512,0,0,0.0,1.9075,nan,edge/x86_64,unknown,3.12.3,2026-10-09T18:44:59Z
34,ML-DSA-87,post-quantum,5,keygen,0.1357,0.0,0.0,0.365,2592,4896,0,4627,0,0,0,0.0,2.0354,nan,edge/x86_64,unknown,3.12.3,2026-10-09T18:44:59Z
34,ML-DSA-87,post-quantum,5,sign,0.3503,0.0,0.0,0.365,2592,4896,0,4627,512,0,0,0.0,5.2541,nan,edge/x86_64,unknown,3.12.3,2026-10-09T18:44:59Z
34,ML-DSA-87,post-quantum,5,verify,0.1569,0.0,0.0,0.365,2592,4896,0,4627,512,0,0,0.0,2.3536,nan,edge/x86_64,unknown,3.12.3,2026-10-09T18:44:59Z
35,ML-DSA-87,post-quantum,5,keygen,0.1837,0.0,0.0,0.365,2592,4896,0,4627,0,0,0,0.0,2.7548,nan,edge/x86_64,unknown,3.12.3,2026-10-09T18:44:59Z
35,ML-DSA-87,post-quantum,5,sign,0.1733,0.0,0.0,0.365,2592,4896,0,4627,512,0,0,0.0,2.5996,nan,edge/x86_64,unknown,3.12.3,2026-10-09T18:44:59Z
35,ML-DSA-87,post-quantum,5,verify,0.1256,0.0,0.0,0.365,2592,4896,0,4627,512,0,0,0.0,1.8834,nan,edge/x86_64,unknown,3.12.3,2026-10-09T18:44:59Z
36,ML-DSA-87,post-quantum,5,keygen,0.1394,0.0,0.0,0.365,2592,4896,0,4627,0,0,0,0.0,2.0905,nan,edge/x86_64,unknown,3.12.3,2026-10-09T18:44:59Z
36,ML-DSA-87,post-quantum,5,sign,0.1613,0.0,0.0,0.365,2592,4896,0,4627,512,0,0,0.0,2.4193,nan,edge/x86_64,unknown,3.12.3,2026-10-09T18:44:59Z
36,ML-DSA-87,post-quantum,5,verify,0.1199,0.0,0.0,0.365,2592,4896,0,4627,512,0,0,0.0,1.7982,nan,edge/x86_64,unknown,3.12.3,2026-10-09T18:44:59Z
37,ML-DSA-87,post-quantum,5,keygen,0.1546,0.0,0.0,0.365,2592,4896,0,4627,0,0,0,0.0,2.3193,nan,edge/x86_64,unknown,3.12.3,2026-10-09T18:44:59Z
37,ML-DSA-87,post-quantum,5,sign,0.1559,0.0,0.0,0.365,2592,4896,0,4627,512,0,0,0.0,2.3388,nan,edge/x86_64,unknown,3.12.3,2026-10-09T18:44:59Z
37,ML-DSA-87,post-quantum,5,verify,0.1247,0.0,0.0,0.365,2592,4896,0,4627,512,0,0,0.0,1.8704,nan,edge/x86_64,unknown,3.12.3,2026-10-09T18:44:59Z
38,ML-DSA-87,post-quantum,5,keygen,0.1618,0.0,0.0,0.365,2592,4896,0,4627,0,0,0,0.0,2.4272,nan,edge/x86_64,unknown,3.12.3,2026-10-09T18:44:59Z
38,ML-DSA-87,post-quantum,5,sign,0.2401,0.0,0.0,0.365,2592,4896,0,4627,512,0,0,0.0,3.6018,nan,edge/x86_64,unknown,3.12.3,2026-10-09T18:44:59Z
38,ML-DSA-87,post-quantum,5,verify,0.1197,0.0,0.0,0.365,2592,4896,0,4627,512,0,0,0.0,1.796,nan,edge/x86_64,unknown,3.12.3,2026-10-09T18:44:59Z
39,ML-DSA-87,post-quantum,5,keygen,0.1457,0.0,0.0,0.365,2592,4896,0,4627,0,0,0,0.0,2.1859,nan,edge/x86_64,unknown,3.12.3,2026-10-09T18:44:59Z
39,ML-DSA-87,post-quantum,5,sign,0.7561,0.0,0.0,0.365,2592,4896,0,4627,512,0,0,0.0,11.3416,nan,edge/x86_64,unknown,3.12.3,2026-10-09T18:44:59Z
39,ML-DSA-87,post-quantum,5,verify,0.186,0.0,0.0,0.365,2592,4896,0,4627,512,0,0,0.0,2.7896,nan,edge/x86_64,unknown,3.12.3,2026-10-09T18:44:59Z
40,ML-DSA-87,post-quantum,5,keygen,0.1711,0.0,0.0,0.365,2592,4896,0,4627,0,0,0,0.0,2.5659,nan,edge/x86_64,unknown,3.12.3,2026-10-09T18:44:59Z
40,ML-DSA-87,post-quantum,5,sign,0.2044,0.0,0.0,0.365,2592,4896,0,4627,512,0,0,0.0,3.0667,nan,edge/x86_64,unknown,3.12.3,2026-10-09T18:44:59Z
40,ML-DSA-87,post-quantum,5,verify,0.1262,0.0,0.0,0.365,2592,4896,0,4627,512,0,0,0.0,1.8936,nan,edge/x86_64,unknown,3.12.3,2026-10-09T18:44:59Z
41,ML-DSA-87,post-quantum,5,keygen,0.1402,0.0,0.0,0.365,2592,4896,0,4627,0,0,0,0.0,2.1025,nan,edge/x86_64,unknown,3.12.3,2026-10-09T18:44:59Z
41,ML-DSA-87,post-quantum,5,sign,0.1888,0.0,0.0,0.365,2592,4896,0,4627,512,0,0,0.0,2.8317,nan,edge/x86_64,unknown,3.12.3,2026-10-09T18:44:59Z
41,ML-DSA-87,post-quantum,5,verify,0.1272,0.0,0.0,0.365,2592,4896,0,4627,512,0,0,0.0,1.9082,nan,edge/x86_64,unknown,3.12.3,2026-10-09T18:44:59Z
42,ML-DSA-87,post-quantum,5,keygen,0.1719,0.0,0.0,0.365,2592,4896,0,4627,0,0,0,0.0,2.5783,nan,edge/x86_64,unknown,3.12.3,2026-10-09T18:44:59Z
42,ML-DSA-87,post-quantum,5,sign,0.1574,0.0,0.0,0.365,2592,4896,0,4627,512,0,0,0.0,2.3615,nan,edge/x86_64,unknown,3.12.3,2026-10-09T18:44:59Z
42,ML-DSA-87,post-quantum,5,verify,0.1209,0.0,0.0,0.365,2592,4896,0,4627,512,0,0,0.0,1.8129,nan,edge/x86_64,unknown,3.12.3,2026-10-09T18:44:59Z
43,ML-DSA-87,post-quantum,5,keygen,0.1344,0.0,0.0,0.365,2592,4896,0,4627,0,0,0,0.0,2.0158,nan,edge/x86_64,unknown,3.12.3,2026-10-09T18:44:59Z
43,ML-DSA-87,post-quantum,5,sign,0.1921,0.0,0.0,0.365,2592,4896,0,4627,512,0,0,0.0,2.8813,nan,edge/x86_64,unknown,3.12.3,2026-10-09T18:44:59Z
43,ML-DSA-87,post-quantum,5,verify,0.1465,0.0,0.0,0.365,2592,4896,0,4627,512,0,0,0.0,2.1977,nan,edge/x86_64,unknown,3.12.3,2026-10-09T18:44:59Z
44,ML-DSA-87,post-quantum,5,keygen,0.1309,0.0,0.0,0.365,2592,4896,0,4627,0,0,0,0.0,1.9629,nan,edge/x86_64,unknown,3.12.3,2026-10-09T18:44:59Z
44,ML-DSA-87,post-quantum,5,sign,0.1665,0.0,0.0,0.365,2592,4896,0,4627,512,0,0,0.0,2.4972,nan,edge/x86_64,unknown,3.12.3,2026-10-09T18:44:59Z
44,ML-DSA-87,post-quantum,5,verify,0.1475,0.0,0.0,0.365,2592,4896,0,4627,512,0,0,0.0,2.212,nan,edge/x86_64,unknown,3.12.3,2026-10-09T18:44:59Z
45,ML-DSA-87,post-quantum,5,keygen,0.133,0.0,0.0,0.365,2592,4896,0,4627,0,0,0,0.0,1.9946,nan,edge/x86_64,unknown,3.12.3,2026-10-09T18:44:59Z
45,ML-DSA-87,post-quantum,5,sign,0.3195,0.0,0.0,0.365,2592,4896,0,4627,512,0,0,0.0,4.793,nan,edge/x86_64,unknown,3.12.3,2026-10-09T18:44:59Z
45,ML-DSA-87,post-quantum,5,verify,0.2024,0.0,0.0,0.365,2592,4896,0,4627,512,0,0,0.0,3.0366,nan,edge/x86_64,unknown,3.12.3,2026-10-09T18:44:59Z
46,ML-DSA-87,post-quantum,5,keygen,0.1746,0.0,0.0,0.365,2592,4896,0,4627,0,0,0,0.0,2.6184,nan,edge/x86_64,unknown,3.12.3,2026-10-09T18:44:59Z
46,ML-DSA-87,post-quantum,5,sign,0.1639,0.0,0.0,0.365,2592,4896,0,4627,512,0,0,0.0,2.4586,nan,edge/x86_64,unknown,3.12.3,2026-10-09T18:44:59Z
46,ML-DSA-87,post-quantum,5,verify,0.123,0.0,0.0,0.365,2592,4896,0,4627,512,0,0,0.0,1.8446,nan,edge/x86_64,unknown,3.12.3,2026-10-09T18:44:59Z
47,ML-DSA-87,post-quantum,5,keygen,0.1304,0.0,0.0,0.365,2592,4896,0,4627,0,0,0,0.0,1.9556,nan,edge/x86_64,unknown,3.12.3,2026-10-09T18:44:59Z
47,ML-DSA-87,post-quantum,5,sign,0.247,0.0,0.0,0.365,2592,4896,0,4627,512,0,0,0.0,3.7044,nan,edge/x86_64,unknown,3.12.3,2026-10-09T18:44:59Z
47,ML-DSA-87,post-quantum,5,verify,0.1258,0.0,0.0,0.365,2592,4896,0,4627,512,0,0,0.0,1.8866,nan,edge/x86_64,unknown,3.12.3,2026-10-09T18:44:59Z
48,ML-DSA-87,post-quantum,5,keygen,0.135,0.0,0.0,0.365,2592,4896,0,4627,0,0,0,0.0,2.0248,nan,edge/x86_64,unknown,3.12.3,2026-10-09T18:44:59Z
48,ML-DSA-87,post-quantum,5,sign,0.1622,0.0,0.0,0.365,2592,4896,0,4627,512,0,0,0.0,2.433,nan,edge/x86_64,unknown,3.12.3,2026-10-09T18:44:59Z
48,ML-DSA-87,post-quantum,5,verify,0.1247,0.0,0.0,0.365,2592,4896,0,4627,512,0,0,0.0,1.87,nan,edge/x86_64,unknown,3.12.3,2026-10-09T18:44:59Z
49,ML-DSA-87,post-quantum,5,keygen,0.1303,0.0,0.0,0.365,2592,4896,0,4627,0,0,0,0.0,1.9548,nan,edge/x86_64,unknown,3.12.3,2026-10-09T18:44:59Z
49,ML-DSA-87,post-quantum,5,sign,0.1838,0.0,0.0,0.365,2592,4896,0,4627,512,0,0,0.0,2.7565,nan,edge/x86_64,unknown,3.12.3,2026-10-09T18:44:59Z
49,ML-DSA-87,post-quantum,5,verify,0.1208,0.0,0.0,0.365,2592,4896,0,4627,512,0,0,0.0,1.8116,nan,edge/x86_64,unknown,3.12.3,2026-10-09T18:44:59Z
50,ML-DSA-87,post-quantum,5,keygen,0.1939,0.0,0.0,0.365,2592,4896,0,4627,0,0,0,0.0,2.9083,nan,edge/x86_64,unknown,3.12.3,2026-10-09T18:44:59Z
50,ML-DSA-87,post-quantum,5,sign,0.193,0.0,0.0,0.365,2592,4896,0,4627,512,0,0,0.0,2.8957,nan,edge/x86_64,unknown,3.12.3,2026-10-09T18:44:59Z
50,ML-DSA-87,post-quantum,5,verify,0.1563,0.0,0.0,0.365,2592,4896,0,4627,512,0,0,0.0,2.3438,nan,edge/x86_64,unknown,3.12.3,2026-10-09T18:44:59Z
51,ML-DSA-87,post-quantum,5,keygen,0.153,0.0,0.0,0.365,2592,4896,0,4627,0,0,0,0.0,2.2949,nan,edge/x86_64,unknown,3.12.3,2026-10-09T18:44:59Z
51,ML-DSA-87,post-quantum,5,sign,0.2879,0.0,0.0,0.365,2592,4896,0,4627,512,0,0,0.0,4.319,nan,edge/x86_64,unknown,3.12.3,2026-10-09T18:44:59Z
51,ML-DSA-87,post-quantum,5,verify,0.1608,0.0,0.0,0.365,2592,4896,0,4627,512,0,0,0.0,2.412,nan,edge/x86_64,unknown,3.12.3,2026-10-09T18:44:59Z
52,ML-DSA-87,post-quantum,5,keygen,0.151,0.0,0.0,0.365,2592,4896,0,4627,0,0,0,0.0,2.2655,nan,edge/x86_64,unknown,3.12.3,2026-10-09T18:44:59Z
52,ML-DSA-87,post-quantum,5,sign,0.253,0.0,0.0,0.365,2592,4896,0,4627,512,0,0,0.0,3.7952,nan,edge/x86_64,unknown,3.12.3,2026-10-09T18:44:59Z
52,ML-DSA-87,post-quantum,5,verify,0.1238,0.0,0.0,0.365,2592,4896,0,4627,512,0,0,0.0,1.8565,nan,edge/x86_64,unknown,3.12.3,2026-10-09T18:44:59Z
53,ML-DSA-87,post-quantum,5,keygen,0.1211,0.0,0.0,0.365,2592,4896,0,4627,0,0,0,0.0,1.8165,nan,edge/x86_64,unknown,3.12.3,2026-10-09T18:44:59Z
53,ML-DSA-87,post-quantum,5,sign,0.1854,0.0,0.0,0.365,2592,4896,0,4627,512,0,0,0.0,2.7815,nan,edge/x86_64,unknown,3.12.3,2026-10-09T18:44:59Z
53,ML-DSA-87,post-quantum,5,verify,0.1272,0.0,0.0,0.365,2592,4896,0,4627,512,0,0,0.0,1.9085,nan,edge/x86_64,unknown,3.12.3,2026-10-09T18:44:59Z
54,ML-DSA-87,post-quantum,5,keygen,0.1174,0.0,0.0,0.365,2592,4896,0,4627,0,0,0,0.0,1.761,nan,edge/x86_64,unknown,3.12.3,2026-10-09T18:44:59Z
54,ML-DSA-87,post-quantum,5,sign,0.1824,0.0,0.0,0.365,2592,4896,0,4627,512,0,0,0.0,2.7356,nan,edge/x86_64,unknown,3.12.3,2026-10-09T18:44:59Z
54,ML-DSA-87,post-quantum,5,verify,0.1019,0.0,0.0,0.365,2592,4896,0,4627,512,0,0,0.0,1.5291,nan,edge/x86_64,unknown,3.12.3,2026-10-09T18:44:59Z
55,ML-DSA-87,post-quantum,5,keygen,0.1396,0.0,0.0,0.365,2592,4896,0,4627,0,0,0,0.0,2.0944,nan,edge/x86_64,unknown,3.12.3,2026-10-09T18:44:59Z
55,ML-DSA-87,post-quantum,5,sign,0.2759,0.0,0.0,0.365,2592,4896,0,4627,512,0,0,0.0,4.1389,nan,edge/x86_64,unknown,3.12.3,2026-10-09T18:44:59Z
55,ML-DSA-87,post-quantum,5,verify,0.1008,0.0,0.0,0.365,2592,4896,0,4627,512,0,0,0.0,1.5125,nan,edge/x86_64,unknown,3.12.3,2026-10-09T18:44:59Z
56,ML-DSA-87,post-quantum,5,keygen,0.1672,0.0,0.0,0.365,2592,4896,0,4627,0,0,0,0.0,2.5079,nan,edge/x86_64,unknown,3.12.3,2026-10-09T18:44:59Z
56,ML-DSA-87,post-quantum,5,sign,0.2467,0.0,0.0,0.365,2592,4896,0,4627,512,0,0,0.0,3.701,nan,edge/x86_64,unknown,3.12.3,2026-10-09T18:44:59Z
56,ML-DSA-87,post-quantum,5,verify,0.1594,0.0,0.0,0.365,2592,4896,0,4627,512,0,0,0.0,2.3916,nan,edge/x86_64,unknown,3.12.3,2026-10-09T18:44:59Z
57,ML-DSA-87,post-quantum,5,keygen,0.1452,0.0,0.0,0.365,2592,4896,0,4627,0,0,0,0.0,2.1776,nan,edge/x86_64,unknown,3.12.3,2026-10-09T18:44:59Z
57,ML-DSA-87,post-quantum,5,sign,0.2762,0.0,0.0,0.365,2592,4896,0,4627,512,0,0,0.0,4.1433,nan,edge/x86_64,unknown,3.12.3,2026-10-09T18:44:59Z
57,ML-DSA-87,post-quantum,5,verify,0.1263,0.0,0.0,0.365,2592,4896,0,4627,512,0,0,0.0,1.8944,nan,edge/x86_64,unknown,3.12.3,2026-10-09T18:44:59Z
58,ML-DSA-87,post-quantum,5,keygen,0.1314,0.0,0.0,0.365,2592,4896,0,4627,0,0,0,0.0,1.9714,nan,edge/x86_64,unknown,3.12.3,2026-10-09T18:44:59Z
58,ML-DSA-87,post-quantum,5,sign,0.2959,0.0,0.0,0.365,2592,4896,0,4627,512,0,0,0.0,4.4381,nan,edge/x86_64,unknown,3.12.3,2026-10-09T18:44:59Z
58,ML-DSA-87,post-quantum,5,verify,0.1335,0.0,0.0,0.365,2592,4896,0,4627,512,0,0,0.0,2.0031,nan,edge/x86_64,unknown,3.12.3,2026-10-09T18:44:59Z
59,ML-DSA-87,post-quantum,5,keygen,0.139,0.0,0.0,0.365,2592,4896,0,4627,0,0,0,0.0,2.0853,nan,edge/x86_64,unknown,3.12.3,2026-10-09T18:44:59Z
59,ML-DSA-87,post-quantum,5,sign,0.3315,0.0,0.0,0.365,2592,4896,0,4627,512,0,0,0.0,4.973,nan,edge/x86_64,unknown,3.12.3,2026-10-09T18:44:59Z
59,ML-DSA-87,post-quantum,5,verify,0.1225,0.0,0.0,0.365,2592,4896,0,4627,512,0,0,0.0,1.8371,nan,edge/x86_64,unknown,3.12.3,2026-10-09T18:44:59Z
60,ML-DSA-87,post-quantum,5,keygen,0.1623,0.0,0.0,0.365,2592,4896,0,4627,0,0,0,0.0,2.4342,nan,edge/x86_64,unknown,3.12.3,2026-10-09T18:44:59Z
60,ML-DSA-87,post-quantum,5,sign,0.2946,0.0,0.0,0.365,2592,4896,0,4627,512,0,0,0.0,4.4188,nan,edge/x86_64,unknown,3.12.3,2026-10-09T18:44:59Z
60,ML-DSA-87,post-quantum,5,verify,0.1185,0.0,0.0,0.365,2592,4896,0,4627,512,0,0,0.0,1.7775,nan,edge/x86_64,unknown,3.12.3,2026-10-09T18:44:59Z
61,ML-DSA-87,post-quantum,5,keygen,0.1368,0.0,0.0,0.365,2592,4896,0,4627,0,0,0,0.0,2.0527,nan,edge/x86_64,unknown,3.12.3,2026-10-09T18:44:59Z
61,ML-DSA-87,post-quantum,5,sign,0.2086,0.0,0.0,0.365,2592,4896,0,4627,512,0,0,0.0,3.1289,nan,edge/x86_64,unknown,3.12.3,2026-10-09T18:44:59Z
61,ML-DSA-87,post-quantum,5,verify,0.1401,0.0,0.0,0.365,2592,4896,0,4627,512,0,0,0.0,2.1016,nan,edge/x86_64,unknown,3.12.3,2026-10-09T18:44:59Z
62,ML-DSA-87,post-quantum,5,keygen,0.1265,0.0,0.0,0.365,2592,4896,0,4627,0,0,0,0.0,1.8974,nan,edge/x86_64,unknown,3.12.3,2026-10-09T18:44:59Z
62,ML-DSA-87,post-quantum,5,sign,0.2686,0.0,0.0,0.365,2592,4896,0,4627,512,0,0,0.0,4.0289,nan,edge/x86_64,unknown,3.12.3,2026-10-09T18:44:59Z
62,ML-DSA-87,post-quantum,5,verify,0.1204,0.0,0.0,0.365,2592,4896,0,4627,512,0,0,0.0,1.8063,nan,edge/x86_64,unknown,3.12.3,2026-10-09T18:44:59Z
63,ML-DSA-87,post-quantum,5,keygen,0.1299,0.0,0.0,0.365,2592,4896,0,4627,0,0,0,0.0,1.9491,nan,edge/x86_64,unknown,3.12.3,2026-10-09T18:44:59Z
63,ML-DSA-87,post-quantum,5,sign,0.5787,0.0,0.0,0.365,2592,4896,0,4627,512,0,0,0.0,8.6802,nan,edge/x86_64,unknown,3.12.3,2026-10-09T18:44:59Z
63,ML-DSA-87,post-quantum,5,verify,0.1259,0.0,0.0,0.365,2592,4896,0,4627,512,0,0,0.0,1.8887,nan,edge/x86_64,unknown,3.12.3,2026-10-09T18:44:59Z
64,ML-DSA-87,post-quantum,5,keygen,0.1304,0.0,0.0,0.365,2592,4896,0,4627,0,0,0,0.0,1.9562,nan,edge/x86_64,unknown,3.12.3,2026-10-09T18:44:59Z
64,ML-DSA-87,post-quantum,5,sign,0.1497,0.0,0.0,0.365,2592,4896,0,4627,512,0,0,0.0,2.2452,nan,edge/x86_64,unknown,3.12.3,2026-10-09T18:44:59Z
64,ML-DSA-87,post-quantum,5,verify,0.1166,0.0,0.0,0.365,2592,4896,0,4627,512,0,0,0.0,1.7484,nan,edge/x86_64,unknown,3.12.3,2026-10-09T18:44:59Z
65,ML-DSA-87,post-quantum,5,keygen,0.1815,0.0,0.0,0.365,2592,4896,0,4627,0,0,0,0.0,2.7232,nan,edge/x86_64,unknown,3.12.3,2026-10-09T18:44:59Z
65,ML-DSA-87,post-quantum,5,sign,0.6022,0.0,0.0,0.365,2592,4896,0,4627,512,0,0,0.0,9.0324,nan,edge/x86_64,unknown,3.12.3,2026-10-09T18:44:59Z
65,ML-DSA-87,post-quantum,5,verify,0.1159,0.0,0.0,0.365,2592,4896,0,4627,512,0,0,0.0,1.7386,nan,edge/x86_64,unknown,3.12.3,2026-10-09T18:44:59Z
66,ML-DSA-87,post-quantum,5,keygen,0.1352,0.0,0.0,0.365,2592,4896,0,4627,0,0,0,0.0,2.0283,nan,edge/x86_64,unknown,3.12.3,2026-10-09T18:44:59Z
66,ML-DSA-87,post-quantum,5,sign,0.6108,0.0,0.0,0.365,2592,4896,0,4627,512,0,0,0.0,9.1617,nan,edge/x86_64,unknown,3.12.3,2026-10-09T18:44:59Z
66,ML-DSA-87,post-quantum,5,verify,0.1285,0.0,0.0,0.365,2592,4896,0,4627,512,0,0,0.0,1.9269,nan,edge/x86_64,unknown,3.12.3,2026-10-09T18:44:59Z
67,ML-DSA-87,post-quantum,5,keygen,0.1347,0.0,0.0,0.365,2592,4896,0,4627,0,0,0,0.0,2.0208,nan,edge/x86_64,unknown,3.12.3,2026-10-09T18:44:59Z
67,ML-DSA-87,post-quantum,5,sign,0.2551,0.0,0.0,0.365,2592,4896,0,4627,512,0,0,0.0,3.8264,nan,edge/x86_64,unknown,3.12.3,2026-10-09T18:44:59Z
67,ML-DSA-87,post-quantum,5,verify,0.1185,0.0,0.0,0.365,2592,4896,0,4627,512,0,0,0.0,1.7768,nan,edge/x86_64,unknown,3.12.3,2026-10-09T18:44:59Z
68,ML-DSA-87,post-quantum,5,keygen,0.1261,0.0,0.0,0.365,2592,4896,0,4627,0,0,0,0.0,1.8921,nan,edge/x86_64,unknown,3.12.3,2026-10-09T18:44:59Z
68,ML-DSA-87,post-quantum,5,sign,0.3569,0.0,0.0,0.365,2592,4896,0,4627,512,0,0,0.0,5.3536,nan,edge/x86_64,unknown,3.12.3,2026-10-09T18:44:59Z
68,ML-DSA-87,post-quantum,5,verify,0.1237,0.0,0.0,0.365,2592,4896,0,4627,512,0,0,0.0,1.8558,nan,edge/x86_64,unknown,3.12.3,2026-10-09T18:44:59Z
69,ML-DSA-87,post-quantum,5,keygen,0.1625,0.0,0.0,0.365,2592,4896,0,4627,0,0,0,0.0,2.437,nan,edge/x86_64,unknown,3.12.3,2026-10-09T18:44:59Z
69,ML-DSA-87,post-quantum,5,sign,0.3181,0.0,0.0,0.365,2592,4896,0,4627,512,0,0,0.0,4.7712,nan,edge/x86_64,unknown,3.12.3,2026-10-09T18:44:59Z
69,ML-DSA-87,post-quantum,5,verify,0.1303,0.0,0.0,0.365,2592,4896,0,4627,512,0,0,0.0,1.9545,nan,edge/x86_64,unknown,3.12.3,2026-10-09T18:44:59Z
70,ML-DSA-87,post-quantum,5,keygen,0.1309,0.0,0.0,0.365,2592,4896,0,4627,0,0,0,0.0,1.9634,nan,edge/x86_64,unknown,3.12.3,2026-10-09T18:44:59Z
70,ML-DSA-87,post-quantum,5,sign,0.4838,0.0,0.0,0.365,2592,4896,0,4627,512,0,0,0.0,7.2577,nan,edge/x86_64,unknown,3.12.3,2026-10-09T18:44:59Z
70,ML-DSA-87,post-quantum,5,verify,0.1198,0.0,0.0,0.365,2592,4896,0,4627,512,0,0,0.0,1.7977,nan,edge/x86_64,unknown,3.12.3,2026-10-09T18:44:59Z
71,ML-DSA-87,post-quantum,5,keygen,0.13,0.0,0.0,0.365,2592,4896,0,4627,0,0,0,0.0,1.9494,nan,edge/x86_64,unknown,3.12.3,2026-10-09T18:44:59Z
71,ML-DSA-87,post-quantum,5,sign,0.1845,0.0,0.0,0.365,2592,4896,0,4627,512,0,0,0.0,2.7677,nan,edge/x86_64,unknown,3.12.3,2026-10-09T18:44:59Z
71,ML-DSA-87,post-quantum,5,verify,0.121,0.0,0.0,0.365,2592,4896,0,4627,512,0,0,0.0,1.8149,nan,edge/x86_64,unknown,3.12.3,2026-10-09T18:44:59Z
72,ML-DSA-87,post-quantum,5,keygen,0.1549,0.0,0.0,0.365,2592,4896,0,4627,0,0,0,0.0,2.3229,nan,edge/x86_64,unknown,3.12.3,2026-10-09T18:44:59Z
72,ML-DSA-87,post-quantum,5,sign,0.402,0.0,0.0,0.365,2592,4896,0,4627,512,0,0,0.0,6.0296,nan,edge/x86_64,unknown,3.12.3,2026-10-09T18:44:59Z
72,ML-DSA-87,post-quantum,5,verify,0.1272,0.0,0.0,0.365,2592,4896,0,4627,512,0,0,0.0,1.9084,nan,edge/x86_64,unknown,3.12.3,2026-10-09T18:44:59Z
73,ML-DSA-87,post-quantum,5,keygen,0.1372,0.0,0.0,0.365,2592,4896,0,4627,0,0,0,0.0,2.0573,nan,edge/x86_64,unknown,3.12.3,2026-10-09T18:44:59Z
73,ML-DSA-87,post-quantum,5,sign,0.2557,0.0,0.0,0.365,2592,4896,0,4627,512,0,0,0.0,3.8358,nan,edge/x86_64,unknown,3.12.3,2026-10-09T18:44:59Z
73,ML-DSA-87,post-quantum,5,verify,0.1648,0.0,0.0,0.365,2592,4896,0,4627,512,0,0,0.0,2.4715,nan,edge/x86_64,unknown,3.12.3,2026-10-09T18:44:59Z
74,ML-DSA-87,post-quantum,5,keygen,0.1371,0.0,0.0,0.365,2592,4896,0,4627,0,0,0,0.0,2.0567,nan,edge/x86_64,unknown,3.12.3,2026-10-09T18:44:59Z
74,ML-DSA-87,post-quantum,5,sign,0.2446,0.0,0.0,0.365,2592,4896,0,4627,512,0,0,0.0,3.6692,nan,edge/x86_64,unknown,3.12.3,2026-10-09T18:44:59Z
74,ML-DSA-87,post-quantum,5,verify,0.1169,0.0,0.0,0.365,2592,4896,0,4627,512,0,0,0.0,1.7534,nan,edge/x86_64,unknown,3.12.3,2026-10-09T18:44:59Z
75,ML-DSA-87,post-quantum,5,keygen,0.1278,0.0,0.0,0.365,2592,4896,0,4627,0,0,0,0.0,1.9169,nan,edge/x86_64,unknown,3.12.3,2026-10-09T18:44:59Z
75,ML-DSA-87,post-quantum,5,sign,0.2368,0.0,0.0,0.365,2592,4896,0,4627,512,0,0,0.0,3.5522,nan,edge/x86_64,unknown,3.12.3,2026-10-09T18:44:59Z
75,ML-DSA-87,post-quantum,5,verify,0.1507,0.0,0.0,0.365,2592,4896,0,4627,512,0,0,0.0,2.2609,nan,edge/x86_64,unknown,3.12.3,2026-10-09T18:44:59Z
76,ML-DSA-87,post-quantum,5,keygen,0.1298,0.0,0.0,0.365,2592,4896,0,4627,0,0,0,0.0,1.9474,nan,edge/x86_64,unknown,3.12.3,2026-10-09T18:44:59Z
76,ML-DSA-87,post-quantum,5,sign,0.4901,0.0,0.0,0.365,2592,4896,0,4627,512,0,0,0.0,7.3509,nan,edge/x86_64,unknown,3.12.3,2026-10-09T18:44:59Z
76,ML-DSA-87,post-quantum,5,verify,0.178,0.0,0.0,0.365,2592,4896,0,4627,512,0,0,0.0,2.6705,nan,edge/x86_64,unknown,3.12.3,2026-10-09T18:44:59Z
77,ML-DSA-87,post-quantum,5,keygen,0.1497,0.0,0.0,0.365,2592,4896,0,4627,0,0,0,0.0,2.2454,nan,edge/x86_64,unknown,3.12.3,2026-10-09T18:44:59Z
77,ML-DSA-87,post-quantum,5,sign,0.215,0.0,0.0,0.365,2592,4896,0,4627,512,0,0,0.0,3.2251,nan,edge/x86_64,unknown,3.12.3,2026-10-09T18:44:59Z
77,ML-DSA-87,post-quantum,5,verify,0.1211,0.0,0.0,0.365,2592,4896,0,4627,512,0,0,0.0,1.8169,nan,edge/x86_64,unknown,3.12.3,2026-10-09T18:44:59Z
78,ML-DSA-87,post-quantum,5,keygen,0.1271,0.0,0.0,0.365,2592,4896,0,4627,0,0,0,0.0,1.9064,nan,edge/x86_64,unknown,3.12.3,2026-10-09T18:44:59Z
78,ML-DSA-87,post-quantum,5,sign,0.3275,0.0,0.0,0.365,2592,4896,0,4627,512,0,0,0.0,4.912,nan,edge/x86_64,unknown,3.12.3,2026-10-09T18:44:59Z
78,ML-DSA-87,post-quantum,5,verify,0.1113,0.0,0.0,0.365,2592,4896,0,4627,512,0,0,0.0,1.6695,nan,edge/x86_64,unknown,3.12.3,2026-10-09T18:44:59Z
79,ML-DSA-87,post-quantum,5,keygen,0.1099,0.0,0.0,0.365,2592,4896,0,4627,0,0,0,0.0,1.6491,nan,edge/x86_64,unknown,3.12.3,2026-10-09T18:44:59Z
79,ML-DSA-87,post-quantum,5,sign,0.235,0.0,0.0,0.365,2592,4896,0,4627,512,0,0,0.0,3.5253,nan,edge/x86_64,unknown,3.12.3,2026-10-09T18:44:59Z
79,ML-DSA-87,post-quantum,5,verify,0.1219,0.0,0.0,0.365,2592,4896,0,4627,512,0,0,0.0,1.8281,nan,edge/x86_64,unknown,3.12.3,2026-10-09T18:44:59Z
80,ML-DSA-87,post-quantum,5,keygen,0.1294,0.0,0.0,0.365,2592,4896,0,4627,0,0,0,0.0,1.9413,nan,edge/x86_64,unknown,3.12.3,2026-10-09T18:44:59Z
80,ML-DSA-87,post-quantum,5,sign,0.2011,0.0,0.0,0.365,2592,4896,0,4627,512,0,0,0.0,3.0172,nan,edge/x86_64,unknown,3.12.3,2026-10-09T18:44:59Z
80,ML-DSA-87,post-quantum,5,verify,0.1177,0.0,0.0,0.365,2592,4896,0,4627,512,0,0,0.0,1.7651,nan,edge/x86_64,unknown,3.12.3,2026-10-09T18:44:59Z
81,ML-DSA-87,post-quantum,5,keygen,0.1259,0.0,0.0,0.365,2592,4896,0,4627,0,0,0,0.0,1.8878,nan,edge/x86_64,unknown,3.12.3,2026-10-09T18:44:59Z
81,ML-DSA-87,post-quantum,5,sign,0.2782,0.0,0.0,0.365,2592,4896,0,4627,512,0,0,0.0,4.1727,nan,edge/x86_64,unknown,3.12.3,2026-10-09T18:44:59Z
81,ML-DSA-87,post-quantum,5,verify,0.1175,0.0,0.0,0.365,2592,4896,0,4627,512,0,0,0.0,1.7623,nan,edge/x86_64,unknown,3.12.3,2026-10-09T18:44:59Z
82,ML-DSA-87,post-quantum,5,keygen,0.1255,0.0,0.0,0.365,2592,4896,0,4627,0,0,0,0.0,1.8819,nan,edge/x86_64,unknown,3.12.3,2026-10-09T18:44:59Z
82,ML-DSA-87,post-quantum,5,sign,0.3948,0.0,0.0,0.365,2592,4896,0,4627,512,0,0,0.0,5.9225,nan,edge/x86_64,unknown,3.12.3,2026-10-09T18:44:59Z
82,ML-DSA-87,post-quantum,5,verify,0.1213,0.0,0.0,0.365,2592,4896,0,4627,512,0,0,0.0,1.8188,nan,edge/x86_64,unknown,3.12.3,2026-10-09T18:44:59Z
83,ML-DSA-87,post-quantum,5,keygen,0.1624,0.0,0.0,0.365,2592,4896,0,4627,0,0,0,0.0,2.4358,nan,edge/x86_64,unknown,3.12.3,2026-10-09T18:44:59Z
83,ML-DSA-87,post-quantum,5,sign,0.1891,0.0,0.0,0.365,2592,4896,0,4627,512,0,0,0.0,2.8359,nan,edge/x86_64,unknown,3.12.3,2026-10-09T18:44:59Z
83,ML-DSA-87,post-quantum,5,verify,0.1189,0.0,0.0,0.365,2592,4896,0,4627,512,0,0,0.0,1.7832,nan,edge/x86_64,unknown,3.12.3,2026-10-09T18:44:59Z
84,ML-DSA-87,post-quantum,5,keygen,0.1521,0.0,0.0,0.365,2592,4896,0,4627,0,0,0,0.0,2.2811,nan,edge/x86_64,unknown,3.12.3,2026-10-09T18:44:59Z
84,ML-DSA-87,post-quantum,5,sign,0.2439,0.0,0.0,0.365,2592,4896,0,4627,512,0,0,0.0,3.6578,nan,edge/x86_64,unknown,3.12.3,2026-10-09T18:44:59Z
84,ML-DSA-87,post-quantum,5,verify,0.1185,0.0,0.0,0.365,2592,4896,0,4627,512,0,0,0.0,1.7769,nan,edge/x86_64,unknown,3.12.3,2026-10-09T18:44:59Z
85,ML-DSA-87,post-quantum,5,keygen,0.1481,0.0,0.0,0.365,2592,4896,0,4627,0,0,0,0.0,2.2222,nan,edge/x86_64,unknown,3.12.3,2026-10-09T18:44:59Z
85,ML-DSA-87,post-quantum,5,sign,0.2034,0.0,0.0,0.365,2592,4896,0,4627,512,0,0,0.0,3.0512,nan,edge/x86_64,unknown,3.12.3,2026-10-09T18:44:59Z
85,ML-DSA-87,post-quantum,5,verify,0.1185,0.0,0.0,0.365,2592,4896,0,4627,512,0,0,0.0,1.778,nan,edge/x86_64,unknown,3.12.3,2026-10-09T18:44:59Z
86,ML-DSA-87,post-quantum,5,keygen,0.1501,0.0,0.0,0.365,2592,4896,0,4627,0,0,0,0.0,2.2516,nan,edge/x86_64,unknown,3.12.3,2026-10-09T18:44:59Z
86,ML-DSA-87,post-quantum,5,sign,0.1352,0.0,0.0,0.365,2592,4896,0,4627,512,0,0,0.0,2.0282,nan,edge/x86_64,unknown,3.12.3,2026-10-09T18:44:59Z
86,ML-DSA-87,post-quantum,5,verify,0.1001,0.0,0.0,0.365,2592,4896,0,4627,512,0,0,0.0,1.502,nan,edge/x86_64,unknown,3.12.3,2026-10-09T18:44:59Z
87,ML-DSA-87,post-quantum,5,keygen,0.1518,0.0,0.0,0.365,2592,4896,0,4627,0,0,0,0.0,2.2774,nan,edge/x86_64,unknown,3.12.3,2026-10-09T18:44:59Z
87,ML-DSA-87,post-quantum,5,sign,0.3032,0.0,0.0,0.365,2592,4896,0,4627,512,0,0,0.0,4.5474,nan,edge/x86_64,unknown,3.12.3,2026-10-09T18:44:59Z
87,ML-DSA-87,post-quantum,5,verify,0.1036,0.0,0.0,0.365,2592,4896,0,4627,512,0,0,0.0,1.5547,nan,edge/x86_64,unknown,3.12.3,2026-10-09T18:44:59Z
88,ML-DSA-87,post-quantum,5,keygen,0.1487,0.0,0.0,0.365,2592,4896,0,4627,0,0,0,0.0,2.2309,nan,edge/x86_64,unknown,3.12.3,2026-10-09T18:44:59Z
88,ML-DSA-87,post-quantum,5,sign,0.1537,0.0,0.0,0.365,2592,4896,0,4627,512,0,0,0.0,2.306,nan,edge/x86_64,unknown,3.12.3,2026-10-09T18:44:59Z
88,ML-DSA-87,post-quantum,5,verify,0.1009,0.0,0.0,0.365,2592,4896,0,4627,512,0,0,0.0,1.5131,nan,edge/x86_64,unknown,3.12.3,2026-10-09T18:44:59Z
89,ML-DSA-87,post-quantum,5,keygen,0.1058,0.0,0.0,0.365,2592,4896,0,4627,0,0,0,0.0,1.5873,nan,edge/x86_64,unknown,3.12.3,2026-10-09T18:44:59Z
89,ML-DSA-87,post-quantum,5,sign,0.4758,0.0,0.0,0.365,2592,4896,0,4627,512,0,0,0.0,7.1369,nan,edge/x86_64,unknown,3.12.3,2026-10-09T18:44:59Z
89,ML-DSA-87,post-quantum,5,verify,0.1158,0.0,0.0,0.365,2592,4896,0,4627,512,0,0,0.0,1.7373,nan,edge/x86_64,unknown,3.12.3,2026-10-09T18:44:59Z
90,ML-DSA-87,post-quantum,5,keygen,0.1064,0.0,0.0,0.365,2592,4896,0,4627,0,0,0,0.0,1.5957,nan,edge/x86_64,unknown,3.12.3,2026-10-09T18:44:59Z
90,ML-DSA-87,post-quantum,5,sign,0.1295,0.0,0.0,0.365,2592,4896,0,4627,512,0,0,0.0,1.9426,nan,edge/x86_64,unknown,3.12.3,2026-10-09T18:44:59Z
90,ML-DSA-87,post-quantum,5,verify,0.0987,0.0,0.0,0.365,2592,4896,0,4627,512,0,0,0.0,1.4808,nan,edge/x86_64,unknown,3.12.3,2026-10-09T18:44:59Z
91,ML-DSA-87,post-quantum,5,keygen,0.1622,0.0,0.0,0.365,2592,4896,0,4627,0,0,0,0.0,2.4325,nan,edge/x86_64,unknown,3.12.3,2026-10-09T18:44:59Z
91,ML-DSA-87,post-quantum,5,sign,0.1412,0.0,0.0,0.365,2592,4896,0,4627,512,0,0,0.0,2.1185,nan,edge/x86_64,unknown,3.12.3,2026-10-09T18:44:59Z
91,ML-DSA-87,post-quantum,5,verify,0.1325,0.0,0.0,0.365,2592,4896,0,4627,512,0,0,0.0,1.9882,nan,edge/x86_64,unknown,3.12.3,2026-10-09T18:44:59Z
92,ML-DSA-87,post-quantum,5,keygen,0.1251,0.0,0.0,0.365,2592,4896,0,4627,0,0,0,0.0,1.8765,nan,edge/x86_64,unknown,3.12.3,2026-10-09T18:44:59Z
92,ML-DSA-87,post-quantum,5,sign,0.2687,0.0,0.0,0.365,2592,4896,0,4627,512,0,0,0.0,4.0311,nan,edge/x86_64,unknown,3.12.3,2026-10-09T18:44:59Z
92,ML-DSA-87,post-quantum,5,verify,0.1011,0.0,0.0,0.365,2592,4896,0,4627,512,0,0,0.0,1.5158,nan,edge/x86_64,unknown,3.12.3,2026-10-09T18:44:59Z
93,ML-DSA-87,post-quantum,5,keygen,0.1058,0.0,0.0,0.365,2592,4896,0,4627,0,0,0,0.0,1.5876,nan,edge/x86_64,unknown,3.12.3,2026-10-09T18:44:59Z
93,ML-DSA-87,post-quantum,5,sign,0.13,0.0,0.0,0.365,2592,4896,0,4627,512,0,0,0.0,1.95,nan,edge/x86_64,unknown,3.12.3,2026-10-09T18:44:59Z
93,ML-DSA-87,post-quantum,5,verify,0.102,0.0,0.0,0.365,2592,4896,0,4627,512,0,0,0.0,1.5298,nan,edge/x86_64,unknown,3.12.3,2026-10-09T18:44:59Z
94,ML-DSA-87,post-quantum,5,keygen,0.1078,0.0,0.0,0.365,2592,4896,0,4627,0,0,0,0.0,1.6172,nan,edge/x86_64,unknown,3.12.3,2026-10-09T18:44:59Z
94,ML-DSA-87,post-quantum,5,sign,0.3521,0.0,0.0,0.365,2592,4896,0,4627,512,0,0,0.0,5.2813,nan,edge/x86_64,unknown,3.12.3,2026-10-09T18:44:59Z
94,ML-DSA-87,post-quantum,5,verify,0.1027,0.0,0.0,0.365,2592,4896,0,4627,512,0,0,0.0,1.5403,nan,edge/x86_64,unknown,3.12.3,2026-10-09T18:44:59Z
95,ML-DSA-87,post-quantum,5,keygen,0.1085,0.0,0.0,0.365,2592,4896,0,4627,0,0,0,0.0,1.6273,nan,edge/x86_64,unknown,3.12.3,2026-10-09T18:44:59Z
95,ML-DSA-87,post-quantum,5,sign,0.1638,0.0,0.0,0.365,2592,4896,0,4627,512,0,0,0.0,2.4565,nan,edge/x86_64,unknown,3.12.3,2026-10-09T18:44:59Z
95,ML-DSA-87,post-quantum,5,verify,0.0981,0.0,0.0,0.365,2592,4896,0,4627,512,0,0,0.0,1.4717,nan,edge/x86_64,unknown,3.12.3,2026-10-09T18:44:59Z
96,ML-DSA-87,post-quantum,5,keygen,0.1086,0.0,0.0,0.365,2592,4896,0,4627,0,0,0,0.0,1.6287,nan,edge/x86_64,unknown,3.12.3,2026-10-09T18:44:59Z
96,ML-DSA-87,post-quantum,5,sign,0.2094,0.0,0.0,0.365,2592,4896,0,4627,512,0,0,0.0,3.1403,nan,edge/x86_64,unknown,3.12.3,2026-10-09T18:44:59Z
96,ML-DSA-87,post-quantum,5,verify,0.1021,0.0,0.0,0.365,2592,4896,0,4627,512,0,0,0.0,1.531,nan,edge/x86_64,unknown,3.12.3,2026-10-09T18:44:59Z
97,ML-DSA-87,post-quantum,5,keygen,0.1064,0.0,0.0,0.365,2592,4896,0,4627,0,0,0,0.0,1.5955,nan,edge/x86_64,unknown,3.12.3,2026-10-09T18:44:59Z
97,ML-DSA-87,post-quantum,5,sign,0.1789,0.0,0.0,0.365,2592,4896,0,4627,512,0,0,0.0,2.6831,nan,edge/x86_64,unknown,3.12.3,2026-10-09T18:44:59Z
97,ML-DSA-87,post-quantum,5,verify,0.1001,0.0,0.0,0.365,2592,4896,0,4627,512,0,0,0.0,1.5015,nan,edge/x86_64,unknown,3.12.3,2026-10-09T18:44:59Z
98,ML-DSA-87,post-quantum,5,keygen,0.1081,0.0,0.0,0.365,2592,4896,0,4627,0,0,0,0.0,1.6219,nan,edge/x86_64,unknown,3.12.3,2026-10-09T18:44:59Z
98,ML-DSA-87,post-quantum,5,sign,0.1549,0.0,0.0,0.365,2592,4896,0,4627,512,0,0,0.0,2.3233,nan,edge/x86_64,unknown,3.12.3,2026-10-09T18:44:59Z
98,ML-DSA-87,post-quantum,5,verify,0.117,0.0,0.0,0.365,2592,4896,0,4627,512,0,0,0.0,1.755,nan,edge/x86_64,unknown,3.12.3,2026-10-09T18:44:59Z
99,ML-DSA-87,post-quantum,5,keygen,0.1086,0.0,0.0,0.365,2592,4896,0,4627,0,0,0,0.0,1.6283,nan,edge/x86_64,unknown,3.12.3,2026-10-09T18:44:59Z
99,ML-DSA-87,post-quantum,5,sign,0.2169,0.0,0.0,0.365,2592,4896,0,4627,512,0,0,0.0,3.2532,nan,edge/x86_64,unknown,3.12.3,2026-10-09T18:44:59Z
99,ML-DSA-87,post-quantum,5,verify,0.164,0.0,0.0,0.365,2592,4896,0,4627,512,0,0,0.0,2.4598,nan,edge/x86_64,unknown,3.12.3,2026-10-09T18:44:59Z
100,ML-DSA-87,post-quantum,5,keygen,0.1203,0.0,0.0,0.365,2592,4896,0,4627,0,0,0,0.0,1.804,nan,edge/x86_64,unknown,3.12.3,2026-10-09T18:44:59Z
100,ML-DSA-87,post-quantum,5,sign,0.1537,0.0,0.0,0.365,2592,4896,0,4627,512,0,0,0.0,2.3054,nan,edge/x86_64,unknown,3.12.3,2026-10-09T18:44:59Z
100,ML-DSA-87,post-quantum,5,verify,0.0993,0.0,0.0,0.365,2592,4896,0,4627,512,0,0,0.0,1.4892,nan,edge/x86_64,unknown,3.12.3,2026-10-09T18:44:59Z
101,ML-DSA-87,post-quantum,5,keygen,0.1321,0.0,0.0,0.365,2592,4896,0,4627,0,0,0,0.0,1.9822,nan,edge/x86_64,unknown,3.12.3,2026-10-09T18:44:59Z
101,ML-DSA-87,post-quantum,5,sign,0.1522,0.0,0.0,0.365,2592,4896,0,4627,512,0,0,0.0,2.283,nan,edge/x86_64,unknown,3.12.3,2026-10-09T18:44:59Z
101,ML-DSA-87,post-quantum,5,verify,0.1006,0.0,0.0,0.365,2592,4896,0,4627,512,0,0,0.0,1.5091,nan,edge/x86_64,unknown,3.12.3,2026-10-09T18:44:59Z
102,ML-DSA-87,post-quantum,5,keygen,0.1089,0.0,0.0,0.365,2592,4896,0,4627,0,0,0,0.0,1.6334,nan,edge/x86_64,unknown,3.12.3,2026-10-09T18:44:59Z
102,ML-DSA-87,post-quantum,5,sign,0.1555,0.0,0.0,0.365,2592,4896,0,4627,512,0,0,0.0,2.3325,nan,edge/x86_64,unknown,3.12.3,2026-10-09T18:44:59Z
102,ML-DSA-87,post-quantum,5,verify,0.0995,0.0,0.0,0.365,2592,4896,0,4627,512,0,0,0.0,1.4928,nan,edge/x86_64,unknown,3.12.3,2026-10-09T18:44:59Z
103,ML-DSA-87,post-quantum,5,keygen,0.1058,0.0,0.0,0.365,2592,4896,0,4627,0,0,0,0.0,1.5873,nan,edge/x86_64,unknown,3.12.3,2026-10-09T18:44:59Z
103,ML-DSA-87,post-quantum,5,sign,0.1927,0.0,0.0,0.365,2592,4896,0,4627,512,0,0,0.0,2.8903,nan,edge/x86_64,unknown,3.12.3,2026-10-09T18:44:59Z
103,ML-DSA-87,post-quantum,5,verify,0.0998,0.0,0.0,0.365,2592,4896,0,4627,512,0,0,0.0,1.4967,nan,edge/x86_64,unknown,3.12.3,2026-10-09T18:44:59Z
104,ML-DSA-87,post-quantum,5,keygen,0.1092,0.0,0.0,0.365,2592,4896,0,4627,0,0,0,0.0,1.6375,nan,edge/x86_64,unknown,3.12.3,2026-10-09T18:44:59Z
104,ML-DSA-87,post-quantum,5,sign,0.1517,0.0,0.0,0.365,2592,4896,0,4627,512,0,0,0.0,2.2754,nan,edge/x86_64,unknown,3.12.3,2026-10-09T18:44:59Z
104,ML-DSA-87,post-quantum,5,verify,0.1379,0.0,0.0,0.365,2592,4896,0,4627,512,0,0,0.0,2.0692,nan,edge/x86_64,unknown,3.12.3,2026-10-09T18:44:59Z
105,ML-DSA-87,post-quantum,5,keygen,0.1464,0.0,0.0,0.365,2592,4896,0,4627,0,0,0,0.0,2.1962,nan,edge/x86_64,unknown,3.12.3,2026-10-09T18:44:59Z
105,ML-DSA-87,post-quantum,5,sign,0.1328,0.0,0.0,0.365,2592,4896,0,4627,512,0,0,0.0,1.9918,nan,edge/x86_64,unknown,3.12.3,2026-10-09T18:44:59Z
105,ML-DSA-87,post-quantum,5,verify,0.1014,0.0,0.0,0.365,2592,4896,0,4627,512,0,0,0.0,1.5209,nan,edge/x86_64,unknown,3.12.3,2026-10-09T18:44:59Z
106,ML-DSA-87,post-quantum,5,keygen,0.1201,0.0,0.0,0.365,2592,4896,0,4627,0,0,0,0.0,1.8011,nan,edge/x86_64,unknown,3.12.3,2026-10-09T18:44:59Z
106,ML-DSA-87,post-quantum,5,sign,0.2303,0.0,0.0,0.365,2592,4896,0,4627,512,0,0,0.0,3.4538,nan,edge/x86_64,unknown,3.12.3,2026-10-09T18:44:59Z
106,ML-DSA-87,post-quantum,5,verify,0.1,0.0,0.0,0.365,2592,4896,0,4627,512,0,0,0.0,1.5007,nan,edge/x86_64,unknown,3.12.3,2026-10-09T18:44:59Z
107,ML-DSA-87,post-quantum,5,keygen,0.1045,0.0,0.0,0.365,2592,4896,0,4627,0,0,0,0.0,1.567,nan,edge/x86_64,unknown,3.12.3,2026-10-09T18:44:59Z
107,ML-DSA-87,post-quantum,5,sign,0.1598,0.0,0.0,0.365,2592,4896,0,4627,512,0,0,0.0,2.3963,nan,edge/x86_64,unknown,3.12.3,2026-10-09T18:44:59Z
107,ML-DSA-87,post-quantum,5,verify,0.0957,0.0,0.0,0.365,2592,4896,0,4627,512,0,0,0.0,1.436,nan,edge/x86_64,unknown,3.12.3,2026-10-09T18:44:59Z
108,ML-DSA-87,post-quantum,5,keygen,0.1414,0.0,0.0,0.365,2592,4896,0,4627,0,0,0,0.0,2.1203,nan,edge/x86_64,unknown,3.12.3,2026-10-09T18:44:59Z
108,ML-DSA-87,post-quantum,5,sign,0.2061,0.0,0.0,0.365,2592,4896,0,4627,512,0,0,0.0,3.092,nan,edge/x86_64,unknown,3.12.3,2026-10-09T18:44:59Z
108,ML-DSA-87,post-quantum,5,verify,0.1146,0.0,0.0,0.365,2592,4896,0,4627,512,0,0,0.0,1.7194,nan,edge/x86_64,unknown,3.12.3,2026-10-09T18:44:59Z
109,ML-DSA-87,post-quantum,5,keygen,0.1524,0.0,0.0,0.365,2592,4896,0,4627,0,0,0,0.0,2.2854,nan,edge/x86_64,unknown,3.12.3,2026-10-09T18:44:59Z
109,ML-DSA-87,post-quantum,5,sign,0.1826,0.0,0.0,0.365,2592,4896,0,4627,512,0,0,0.0,2.7396,nan,edge/x86_64,unknown,3.12.3,2026-10-09T18:44:59Z
109,ML-DSA-87,post-quantum,5,verify,0.1161,0.0,0.0,0.365,2592,4896,0,4627,512,0,0,0.0,1.741,nan,edge/x86_64,unknown,3.12.3,2026-10-09T18:44:59Z
110,ML-DSA-87,post-quantum,5,keygen,0.1432,0.0,0.0,0.365,2592,4896,0,4627,0,0,0,0.0,2.148,nan,edge/x86_64,unknown,3.12.3,2026-10-09T18:44:59Z
110,ML-DSA-87,post-quantum,5,sign,0.2804,0.0,0.0,0.365,2592,4896,0,4627,512,0,0,0.0,4.2059,nan,edge/x86_64,unknown,3.12.3,2026-10-09T18:44:59Z
110,ML-DSA-87,post-quantum,5,verify,0.1144,0.0,0.0,0.365,2592,4896,0,4627,512,0,0,0.0,1.7154,nan,edge/x86_64,unknown,3.12.3,2026-10-09T18:44:59Z
111,ML-DSA-87,post-quantum,5,keygen,0.1221,0.0,0.0,0.365,2592,4896,0,4627,0,0,0,0.0,1.832,nan,edge/x86_64,unknown,3.12.3,2026-10-09T18:44:59Z
111,ML-DSA-87,post-quantum,5,sign,0.3475,0.0,0.0,0.365,2592,4896,0,4627,512,0,0,0.0,5.213,nan,edge/x86_64,unknown,3.12.3,2026-10-09T18:44:59Z
111,ML-DSA-87,post-quantum,5,verify,0.141,0.0,0.0,0.365,2592,4896,0,4627,512,0,0,0.0,2.1144,nan,edge/x86_64,unknown,3.12.3,2026-10-09T18:44:59Z
112,ML-DSA-87,post-quantum,5,keygen,0.1304,0.0,0.0,0.365,2592,4896,0,4627,0,0,0,0.0,1.9559,nan,edge/x86_64,unknown,3.12.3,2026-10-09T18:44:59Z
112,ML-DSA-87,post-quantum,5,sign,0.1497,0.0,0.0,0.365,2592,4896,0,4627,512,0,0,0.0,2.2458,nan,edge/x86_64,unknown,3.12.3,2026-10-09T18:44:59Z
112,ML-DSA-87,post-quantum,5,verify,0.1134,0.0,0.0,0.365,2592,4896,0,4627,512,0,0,0.0,1.7004,nan,edge/x86_64,unknown,3.12.3,2026-10-09T18:44:59Z
113,ML-DSA-87,post-quantum,5,keygen,0.1511,0.0,0.0,0.365,2592,4896,0,4627,0,0,0,0.0,2.2661,nan,edge/x86_64,unknown,3.12.3,2026-10-09T18:44:59Z
113,ML-DSA-87,post-quantum,5,sign,0.1604,0.0,0.0,0.365,2592,4896,0,4627,512,0,0,0.0,2.4054,nan,edge/x86_64,unknown,3.12.3,2026-10-09T18:44:59Z
113,ML-DSA-87,post-quantum,5,verify,0.1144,0.0,0.0,0.365,2592,4896,0,4627,512,0,0,0.0,1.7155,nan,edge/x86_64,unknown,3.12.3,2026-10-09T18:44:59Z
114,ML-DSA-87,post-quantum,5,keygen,0.149,0.0,0.0,0.365,2592,4896,0,4627,0,0,0,0.0,2.2355,nan,edge/x86_64,unknown,3.12.3,2026-10-09T18:44:59Z
114,ML-DSA-87,post-quantum,5,sign,0.2009,0.0,0.0,0.365,2592,4896,0,4627,512,0,0,0.0,3.0133,nan,edge/x86_64,unknown,3.12.3,2026-10-09T18:44:59Z
114,ML-DSA-87,post-quantum,5,verify,0.1133,0.0,0.0,0.365,2592,4896,0,4627,512,0,0,0.0,1.7001,nan,edge/x86_64,unknown,3.12.3,2026-10-09T18:44:59Z
115,ML-DSA-87,post-quantum,5,keygen,0.1049,0.0,0.0,0.365,2592,4896,0,4627,0,0,0,0.0,1.574,nan,edge/x86_64,unknown,3.12.3,2026-10-09T18:44:59Z
115,ML-DSA-87,post-quantum,5,sign,0.1381,0.0,0.0,0.365,2592,4896,0,4627,512,0,0,0.0,2.0712,nan,edge/x86_64,unknown,3.12.3,2026-10-09T18:44:59Z
115,ML-DSA-87,post-quantum,5,verify,0.1275,0.0,0.0,0.365,2592,4896,0,4627,512,0,0,0.0,1.9129,nan,edge/x86_64,unknown,3.12.3,2026-10-09T18:44:59Z
116,ML-DSA-87,post-quantum,5,keygen,0.1669,0.0,0.0,0.365,2592,4896,0,4627,0,0,0,0.0,2.5041,nan,edge/x86_64,unknown,3.12.3,2026-10-09T18:44:59Z
116,ML-DSA-87,post-quantum,5,sign,0.16,0.0,0.0,0.365,2592,4896,0,4627,512,0,0,0.0,2.4003,nan,edge/x86_64,unknown,3.12.3,2026-10-09T18:44:59Z
116,ML-DSA-87,post-quantum,5,verify,0.1238,0.0,0.0,0.365,2592,4896,0,4627,512,0,0,0.0,1.8566,nan,edge/x86_64,unknown,3.12.3,2026-10-09T18:44:59Z
117,ML-DSA-87,post-quantum,5,keygen,0.1307,0.0,0.0,0.365,2592,4896,0,4627,0,0,0,0.0,1.9604,nan,edge/x86_64,unknown,3.12.3,2026-10-09T18:44:59Z
117,ML-DSA-87,post-quantum,5,sign,0.5538,0.0,0.0,0.365,2592,4896,0,4627,512,0,0,0.0,8.3063,nan,edge/x86_64,unknown,3.12.3,2026-10-09T18:44:59Z
117,ML-DSA-87,post-quantum,5,verify,0.1312,0.0,0.0,0.365,2592,4896,0,4627,512,0,0,0.0,1.9676,nan,edge/x86_64,unknown,3.12.3,2026-10-09T18:44:59Z
118,ML-DSA-87,post-quantum,5,keygen,0.137,0.0,0.0,0.365,2592,4896,0,4627,0,0,0,0.0,2.0553,nan,edge/x86_64,unknown,3.12.3,2026-10-09T18:44:59Z
118,ML-DSA-87,post-quantum,5,sign,0.2164,0.0,0.0,0.365,2592,4896,0,4627,512,0,0,0.0,3.246,nan,edge/x86_64,unknown,3.12.3,2026-10-09T18:44:59Z
118,ML-DSA-87,post-quantum,5,verify,0.1242,0.0,0.0,0.365,2592,4896,0,4627,512,0,0,0.0,1.8632,nan,edge/x86_64,unknown,3.12.3,2026-10-09T18:44:59Z
119,ML-DSA-87,post-quantum,5,keygen,0.1347,0.0,0.0,0.365,2592,4896,0,4627,0,0,0,0.0,2.0205,nan,edge/x86_64,unknown,3.12.3,2026-10-09T18:44:59Z
119,ML-DSA-87,post-quantum,5,sign,0.4352,0.0,0.0,0.365,2592,4896,0,4627,512,0,0,0.0,6.5276,nan,edge/x86_64,unknown,3.12.3,2026-10-09T18:44:59Z
119,ML-DSA-87,post-quantum,5,verify,0.1318,0.0,0.0,0.365,2592,4896,0,4627,512,0,0,0.0,1.9775,nan,edge/x86_64,unknown,3.12.3,2026-10-09T18:44:59Z
120,ML-DSA-87,post-quantum,5,keygen,0.1411,0.0,0.0,0.365,2592,4896,0,4627,0,0,0,0.0,2.1168,nan,edge/x86_64,unknown,3.12.3,2026-10-09T18:44:59Z
120,ML-DSA-87,post-quantum,5,sign,0.2356,0.0,0.0,0.365,2592,4896,0,4627,512,0,0,0.0,3.5344,nan,edge/x86_64,unknown,3.12.3,2026-10-09T18:44:59Z
120,ML-DSA-87,post-quantum,5,verify,0.1228,0.0,0.0,0.365,2592,4896,0,4627,512,0,0,0.0,1.8423,nan,edge/x86_64,unknown,3.12.3,2026-10-09T18:44:59Z
121,ML-DSA-87,post-quantum,5,keygen,0.1513,0.0,0.0,0.365,2592,4896,0,4627,0,0,0,0.0,2.2702,nan,edge/x86_64,unknown,3.12.3,2026-10-09T18:44:59Z
121,ML-DSA-87,post-quantum,5,sign,0.3047,0.0,0.0,0.365,2592,4896,0,4627,512,0,0,0.0,4.5712,nan,edge/x86_64,unknown,3.12.3,2026-10-09T18:44:59Z
121,ML-DSA-87,post-quantum,5,verify,0.1143,0.0,0.0,0.365,2592,4896,0,4627,512,0,0,0.0,1.7152,nan,edge/x86_64,unknown,3.12.3,2026-10-09T18:44:59Z
122,ML-DSA-87,post-quantum,5,keygen,0.1206,0.0,0.0,0.365,2592,4896,0,4627,0,0,0,0.0,1.8084,nan,edge/x86_64,unknown,3.12.3,2026-10-09T18:44:59Z
122,ML-DSA-87,post-quantum,5,sign,0.3016,0.0,0.0,0.365,2592,4896,0,4627,512,0,0,0.0,4.5241,nan,edge/x86_64,unknown,3.12.3,2026-10-09T18:44:59Z
122,ML-DSA-87,post-quantum,5,verify,0.1151,0.0,0.0,0.365,2592,4896,0,4627,512,0,0,0.0,1.7262,nan,edge/x86_64,unknown,3.12.3,2026-10-09T18:44:59Z
123,ML-DSA-87,post-quantum,5,keygen,0.1208,0.0,0.0,0.365,2592,4896,0,4627,0,0,0,0.0,1.8123,nan,edge/x86_64,unknown,3.12.3,2026-10-09T18:44:59Z
123,ML-DSA-87,post-quantum,5,sign,0.4569,0.0,0.0,0.365,2592,4896,0,4627,512,0,0,0.0,6.8535,nan,edge/x86_64,unknown,3.12.3,2026-10-09T18:44:59Z
123,ML-DSA-87,post-quantum,5,verify,0.1341,0.0,0.0,0.365,2592,4896,0,4627,512,0,0,0.0,2.0109,nan,edge/x86_64,unknown,3.12.3,2026-10-09T18:44:59Z
124,ML-DSA-87,post-quantum,5,keygen,0.1448,0.0,0.0,0.365,2592,4896,0,4627,0,0,0,0.0,2.172,nan,edge/x86_64,unknown,3.12.3,2026-10-09T18:44:59Z
124,ML-DSA-87,post-quantum,5,sign,0.1504,0.0,0.0,0.365,2592,4896,0,4627,512,0,0,0.0,2.2566,nan,edge/x86_64,unknown,3.12.3,2026-10-09T18:44:59Z
124,ML-DSA-87,post-quantum,5,verify,0.114,0.0,0.0,0.365,2592,4896,0,4627,512,0,0,0.0,1.7093,nan,edge/x86_64,unknown,3.12.3,2026-10-09T18:44:59Z
125,ML-DSA-87,post-quantum,5,keygen,0.1227,0.0,0.0,0.365,2592,4896,0,4627,0,0,0,0.0,1.84,nan,edge/x86_64,unknown,3.12.3,2026-10-09T18:44:59Z
125,ML-DSA-87,post-quantum,5,sign,0.1489,0.0,0.0,0.365,2592,4896,0,4627,512,0,0,0.0,2.2333,nan,edge/x86_64,unknown,3.12.3,2026-10-09T18:44:59Z
125,ML-DSA-87,post-quantum,5,verify,0.1122,0.0,0.0,0.365,2592,4896,0,4627,512,0,0,0.0,1.6828,nan,edge/x86_64,unknown,3.12.3,2026-10-09T18:44:59Z
126,ML-DSA-87,post-quantum,5,keygen,0.121,0.0,0.0,0.365,2592,4896,0,4627,0,0,0,0.0,1.8151,nan,edge/x86_64,unknown,3.12.3,2026-10-09T18:44:59Z
126,ML-DSA-87,post-quantum,5,sign,0.246,0.0,0.0,0.365,2592,4896,0,4627,512,0,0,0.0,3.6904,nan,edge/x86_64,unknown,3.12.3,2026-10-09T18:44:59Z
126,ML-DSA-87,post-quantum,5,verify,0.1152,0.0,0.0,0.365,2592,4896,0,4627,512,0,0,0.0,1.7287,nan,edge/x86_64,unknown,3.12.3,2026-10-09T18:44:59Z
127,ML-DSA-87,post-quantum,5,keygen,0.1209,0.0,0.0,0.365,2592,4896,0,4627,0,0,0,0.0,1.8135,nan,edge/x86_64,unknown,3.12.3,2026-10-09T18:44:59Z
127,ML-DSA-87,post-quantum,5,sign,0.3658,0.0,0.0,0.365,2592,4896,0,4627,512,0,0,0.0,5.4875,nan,edge/x86_64,unknown,3.12.3,2026-10-09T18:44:59Z
127,ML-DSA-87,post-quantum,5,verify,0.1185,0.0,0.0,0.365,2592,4896,0,4627,512,0,0,0.0,1.7774,nan,edge/x86_64,unknown,3.12.3,2026-10-09T18:44:59Z
128,ML-DSA-87,post-quantum,5,keygen,0.1493,0.0,0.0,0.365,2592,4896,0,4627,0,0,0,0.0,2.2396,nan,edge/x86_64,unknown,3.12.3,2026-10-09T18:44:59Z
128,ML-DSA-87,post-quantum,5,sign,0.1787,0.0,0.0,0.365,2592,4896,0,4627,512,0,0,0.0,2.6798,nan,edge/x86_64,unknown,3.12.3,2026-10-09T18:44:59Z
128,ML-DSA-87,post-quantum,5,verify,0.1133,0.0,0.0,0.365,2592,4896,0,4627,512,0,0,0.0,1.6994,nan,edge/x86_64,unknown,3.12.3,2026-10-09T18:44:59Z
129,ML-DSA-87,post-quantum,5,keygen,0.1213,0.0,0.0,0.365,2592,4896,0,4627,0,0,0,0.0,1.8195,nan,edge/x86_64,unknown,3.12.3,2026-10-09T18:44:59Z
129,ML-DSA-87,post-quantum,5,sign,0.4921,0.0,0.0,0.365,2592,4896,0,4627,512,0,0,0.0,7.3822,nan,edge/x86_64,unknown,3.12.3,2026-10-09T18:44:59Z
129,ML-DSA-87,post-quantum,5,verify,0.1356,0.0,0.0,0.365,2592,4896,0,4627,512,0,0,0.0,2.0344,nan,edge/x86_64,unknown,3.12.3,2026-10-09T18:44:59Z
130,ML-DSA-87,post-quantum,5,keygen,0.1228,0.0,0.0,0.365,2592,4896,0,4627,0,0,0,0.0,1.8415,nan,edge/x86_64,unknown,3.12.3,2026-10-09T18:44:59Z
130,ML-DSA-87,post-quantum,5,sign,0.1435,0.0,0.0,0.365,2592,4896,0,4627,512,0,0,0.0,2.152,nan,edge/x86_64,unknown,3.12.3,2026-10-09T18:44:59Z
130,ML-DSA-87,post-quantum,5,verify,0.1136,0.0,0.0,0.365,2592,4896,0,4627,512,0,0,0.0,1.7039,nan,edge/x86_64,unknown,3.12.3,2026-10-09T18:44:59Z
131,ML-DSA-87,post-quantum,5,keygen,0.1545,0.0,0.0,0.365,2592,4896,0,4627,0,0,0,0.0,2.317,nan,edge/x86_64,unknown,3.12.3,2026-10-09T18:44:59Z
131,ML-DSA-87,post-quantum,5,sign,0.173,0.0,0.0,0.365,2592,4896,0,4627,512,0,0,0.0,2.5948,nan,edge/x86_64,unknown,3.12.3,2026-10-09T18:44:59Z
131,ML-DSA-87,post-quantum,5,verify,0.1133,0.0,0.0,0.365,2592,4896,0,4627,512,0,0,0.0,1.7002,nan,edge/x86_64,unknown,3.12.3,2026-10-09T18:44:59Z
132,ML-DSA-87,post-quantum,5,keygen,0.1277,0.0,0.0,0.365,2592,4896,0,4627,0,0,0,0.0,1.9155,nan,edge/x86_64,unknown,3.12.3,2026-10-09T18:44:59Z
132,ML-DSA-87,post-quantum,5,sign,0.1482,0.0,0.0,0.365,2592,4896,0,4627,512,0,0,0.0,2.2224,nan,edge/x86_64,unknown,3.12.3,2026-10-09T18:44:59Z
132,ML-DSA-87,post-quantum,5,verify,0.1145,0.0,0.0,0.365,2592,4896,0,4627,512,0,0,0.0,1.7169,nan,edge/x86_64,unknown,3.12.3,2026-10-09T18:44:59Z
133,ML-DSA-87,post-quantum,5,keygen,0.1213,0.0,0.0,0.365,2592,4896,0,4627,0,0,0,0.0,1.8189,nan,edge/x86_64,unknown,3.12.3,2026-10-09T18:44:59Z
133,ML-DSA-87,post-quantum,5,sign,0.1447,0.0,0.0,0.365,2592,4896,0,4627,512,0,0,0.0,2.1711,nan,edge/x86_64,unknown,3.12.3,2026-10-09T18:44:59Z
133,ML-DSA-87,post-quantum,5,verify,0.1136,0.0,0.0,0.365,2592,4896,0,4627,512,0,0,0.0,1.7042,nan,edge/x86_64,unknown,3.12.3,2026-10-09T18:44:59Z
134,ML-DSA-87,post-quantum,5,keygen,0.1184,0.0,0.0,0.365,2592,4896,0,4627,0,0,0,0.0,1.776,nan,edge/x86_64,unknown,3.12.3,2026-10-09T18:44:59Z
134,ML-DSA-87,post-quantum,5,sign,0.1902,0.0,0.0,0.365,2592,4896,0,4627,512,0,0,0.0,2.8531,nan,edge/x86_64,unknown,3.12.3,2026-10-09T18:44:59Z
134,ML-DSA-87,post-quantum,5,verify,0.1144,0.0,0.0,0.365,2592,4896,0,4627,512,0,0,0.0,1.7162,nan,edge/x86_64,unknown,3.12.3,2026-10-09T18:44:59Z
135,ML-DSA-87,post-quantum,5,keygen,0.1217,0.0,0.0,0.365,2592,4896,0,4627,0,0,0,0.0,1.826,nan,edge/x86_64,unknown,3.12.3,2026-10-09T18:44:59Z
135,ML-DSA-87,post-quantum,5,sign,0.1754,0.0,0.0,0.365,2592,4896,0,4627,512,0,0,0.0,2.6311,nan,edge/x86_64,unknown,3.12.3,2026-10-09T18:44:59Z
135,ML-DSA-87,post-quantum,5,verify,0.1481,0.0,0.0,0.365,2592,4896,0,4627,512,0,0,0.0,2.2215,nan,edge/x86_64,unknown,3.12.3,2026-10-09T18:44:59Z
136,ML-DSA-87,post-quantum,5,keygen,0.1287,0.0,0.0,0.365,2592,4896,0,4627,0,0,0,0.0,1.9299,nan,edge/x86_64,unknown,3.12.3,2026-10-09T18:44:59Z
136,ML-DSA-87,post-quantum,5,sign,0.388,0.0,0.0,0.365,2592,4896,0,4627,512,0,0,0.0,5.8203,nan,edge/x86_64,unknown,3.12.3,2026-10-09T18:44:59Z
136,ML-DSA-87,post-quantum,5,verify,0.1118,0.0,0.0,0.365,2592,4896,0,4627,512,0,0,0.0,1.6776,nan,edge/x86_64,unknown,3.12.3,2026-10-09T18:44:59Z
137,ML-DSA-87,post-quantum,5,keygen,0.1197,0.0,0.0,0.365,2592,4896,0,4627,0,0,0,0.0,1.7951,nan,edge/x86_64,unknown,3.12.3,2026-10-09T18:44:59Z
137,ML-DSA-87,post-quantum,5,sign,0.1947,0.0,0.0,0.365,2592,4896,0,4627,512,0,0,0.0,2.9204,nan,edge/x86_64,unknown,3.12.3,2026-10-09T18:44:59Z
137,ML-DSA-87,post-quantum,5,verify,0.1141,0.0,0.0,0.365,2592,4896,0,4627,512,0,0,0.0,1.7116,nan,edge/x86_64,unknown,3.12.3,2026-10-09T18:44:59Z
138,ML-DSA-87,post-quantum,5,keygen,0.1474,0.0,0.0,0.365,2592,4896,0,4627,0,0,0,0.0,2.2111,nan,edge/x86_64,unknown,3.12.3,2026-10-09T18:44:59Z
138,ML-DSA-87,post-quantum,5,sign,0.1737,0.0,0.0,0.365,2592,4896,0,4627,512,0,0,0.0,2.6058,nan,edge/x86_64,unknown,3.12.3,2026-10-09T18:44:59Z
138,ML-DSA-87,post-quantum,5,verify,0.1421,0.0,0.0,0.365,2592,4896,0,4627,512,0,0,0.0,2.1309,nan,edge/x86_64,unknown,3.12.3,2026-10-09T18:44:59Z
139,ML-DSA-87,post-quantum,5,keygen,0.1245,0.0,0.0,0.365,2592,4896,0,4627,0,0,0,0.0,1.8668,nan,edge/x86_64,unknown,3.12.3,2026-10-09T18:44:59Z
139,ML-DSA-87,post-quantum,5,sign,0.5422,0.0,0.0,0.365,2592,4896,0,4627,512,0,0,0.0,8.1336,nan,edge/x86_64,unknown,3.12.3,2026-10-09T18:44:59Z
139,ML-DSA-87,post-quantum,5,verify,0.1159,0.0,0.0,0.365,2592,4896,0,4627,512,0,0,0.0,1.7385,nan,edge/x86_64,unknown,3.12.3,2026-10-09T18:44:59Z
140,ML-DSA-87,post-quantum,5,keygen,0.1273,0.0,0.0,0.365,2592,4896,0,4627,0,0,0,0.0,1.9097,nan,edge/x86_64,unknown,3.12.3,2026-10-09T18:44:59Z
140,ML-DSA-87,post-quantum,5,sign,0.3017,0.0,0.0,0.365,2592,4896,0,4627,512,0,0,0.0,4.525,nan,edge/x86_64,unknown,3.12.3,2026-10-09T18:44:59Z
140,ML-DSA-87,post-quantum,5,verify,0.115,0.0,0.0,0.365,2592,4896,0,4627,512,0,0,0.0,1.7248,nan,edge/x86_64,unknown,3.12.3,2026-10-09T18:44:59Z
141,ML-DSA-87,post-quantum,5,keygen,0.1206,0.0,0.0,0.365,2592,4896,0,4627,0,0,0,0.0,1.8094,nan,edge/x86_64,unknown,3.12.3,2026-10-09T18:44:59Z
141,ML-DSA-87,post-quantum,5,sign,0.3421,0.0,0.0,0.365,2592,4896,0,4627,512,0,0,0.0,5.1308,nan,edge/x86_64,unknown,3.12.3,2026-10-09T18:44:59Z
141,ML-DSA-87,post-quantum,5,verify,0.1221,0.0,0.0,0.365,2592,4896,0,4627,512,0,0,0.0,1.8314,nan,edge/x86_64,unknown,3.12.3,2026-10-09T18:44:59Z
142,ML-DSA-87,post-quantum,5,keygen,0.1317,0.0,0.0,0.365,2592,4896,0,4627,0,0,0,0.0,1.9758,nan,edge/x86_64,unknown,3.12.3,2026-10-09T18:44:59Z
142,ML-DSA-87,post-quantum,5,sign,0.3723,0.0,0.0,0.365,2592,4896,0,4627,512,0,0,0.0,5.5841,nan,edge/x86_64,unknown,3.12.3,2026-10-09T18:44:59Z
142,ML-DSA-87,post-quantum,5,verify,0.1564,0.0,0.0,0.365,2592,4896,0,4627,512,0,0,0.0,2.3463,nan,edge/x86_64,unknown,3.12.3,2026-10-09T18:44:59Z
143,ML-DSA-87,post-quantum,5,keygen,0.1398,0.0,0.0,0.365,2592,4896,0,4627,0,0,0,0.0,2.0976,nan,edge/x86_64,unknown,3.12.3,2026-10-09T18:44:59Z
143,ML-DSA-87,post-quantum,5,sign,0.1905,0.0,0.0,0.365,2592,4896,0,4627,512,0,0,0.0,2.8581,nan,edge/x86_64,unknown,3.12.3,2026-10-09T18:44:59Z
143,ML-DSA-87,post-quantum,5,verify,0.1144,0.0,0.0,0.365,2592,4896,0,4627,512,0,0,0.0,1.7159,nan,edge/x86_64,unknown,3.12.3,2026-10-09T18:44:59Z
144,ML-DSA-87,post-quantum,5,keygen,0.1235,0.0,0.0,0.365,2592,4896,0,4627,0,0,0,0.0,1.8518,nan,edge/x86_64,unknown,3.12.3,2026-10-09T18:44:59Z
144,ML-DSA-87,post-quantum,5,sign,0.2922,0.0,0.0,0.365,2592,4896,0,4627,512,0,0,0.0,4.3831,nan,edge/x86_64,unknown,3.12.3,2026-10-09T18:44:59Z
144,ML-DSA-87,post-quantum,5,verify,0.1156,0.0,0.0,0.365,2592,4896,0,4627,512,0,0,0.0,1.734,nan,edge/x86_64,unknown,3.12.3,2026-10-09T18:44:59Z
145,ML-DSA-87,post-quantum,5,keygen,0.124,0.0,0.0,0.365,2592,4896,0,4627,0,0,0,0.0,1.8595,nan,edge/x86_64,unknown,3.12.3,2026-10-09T18:44:59Z
145,ML-DSA-87,post-quantum,5,sign,0.2191,0.0,0.0,0.365,2592,4896,0,4627,512,0,0,0.0,3.2865,nan,edge/x86_64,unknown,3.12.3,2026-10-09T18:44:59Z
145,ML-DSA-87,post-quantum,5,verify,0.1135,0.0,0.0,0.365,2592,4896,0,4627,512,0,0,0.0,1.7031,nan,edge/x86_64,unknown,3.12.3,2026-10-09T18:44:59Z
146,ML-DSA-87,post-quantum,5,keygen,0.155,0.0,0.0,0.365,2592,4896,0,4627,0,0,0,0.0,2.3248,nan,edge/x86_64,unknown,3.12.3,2026-10-09T18:44:59Z
146,ML-DSA-87,post-quantum,5,sign,0.5017,0.0,0.0,0.365,2592,4896,0,4627,512,0,0,0.0,7.5253,nan,edge/x86_64,unknown,3.12.3,2026-10-09T18:44:59Z
146,ML-DSA-87,post-quantum,5,verify,0.1155,0.0,0.0,0.365,2592,4896,0,4627,512,0,0,0.0,1.7326,nan,edge/x86_64,unknown,3.12.3,2026-10-09T18:44:59Z
147,ML-DSA-87,post-quantum,5,keygen,0.1233,0.0,0.0,0.365,2592,4896,0,4627,0,0,0,0.0,1.8493,nan,edge/x86_64,unknown,3.12.3,2026-10-09T18:44:59Z
147,ML-DSA-87,post-quantum,5,sign,0.1478,0.0,0.0,0.365,2592,4896,0,4627,512,0,0,0.0,2.2175,nan,edge/x86_64,unknown,3.12.3,2026-10-09T18:44:59Z
147,ML-DSA-87,post-quantum,5,verify,0.1283,0.0,0.0,0.365,2592,4896,0,4627,512,0,0,0.0,1.9252,nan,edge/x86_64,unknown,3.12.3,2026-10-09T18:44:59Z
148,ML-DSA-87,post-quantum,5,keygen,0.1229,0.0,0.0,0.365,2592,4896,0,4627,0,0,0,0.0,1.8441,nan,edge/x86_64,unknown,3.12.3,2026-10-09T18:44:59Z
148,ML-DSA-87,post-quantum,5,sign,0.2357,0.0,0.0,0.365,2592,4896,0,4627,512,0,0,0.0,3.5353,nan,edge/x86_64,unknown,3.12.3,2026-10-09T18:44:59Z
148,ML-DSA-87,post-quantum,5,verify,0.1151,0.0,0.0,0.365,2592,4896,0,4627,512,0,0,0.0,1.727,nan,edge/x86_64,unknown,3.12.3,2026-10-09T18:44:59Z
149,ML-DSA-87,post-quantum,5,keygen,0.1226,0.0,0.0,0.365,2592,4896,0,4627,0,0,0,0.0,1.8394,nan,edge/x86_64,unknown,3.12.3,2026-10-09T18:44:59Z
149,ML-DSA-87,post-quantum,5,sign,0.1466,0.0,0.0,0.365,2592,4896,0,4627,512,0,0,0.0,2.1989,nan,edge/x86_64,unknown,3.12.3,2026-10-09T18:44:59Z
149,ML-DSA-87,post-quantum,5,verify,0.1471,0.0,0.0,0.365,2592,4896,0,4627,512,0,0,0.0,2.2065,nan,edge/x86_64,unknown,3.12.3,2026-10-09T18:44:59Z
150,ML-DSA-87,post-quantum,5,keygen,0.1283,0.0,0.0,0.365,2592,4896,0,4627,0,0,0,0.0,1.9246,nan,edge/x86_64,unknown,3.12.3,2026-10-09T18:44:59Z
150,ML-DSA-87,post-quantum,5,sign,0.2831,0.0,0.0,0.365,2592,4896,0,4627,512,0,0,0.0,4.2461,nan,edge/x86_64,unknown,3.12.3,2026-10-09T18:44:59Z
150,ML-DSA-87,post-quantum,5,verify,0.1144,0.0,0.0,0.365,2592,4896,0,4627,512,0,0,0.0,1.7154,nan,edge/x86_64,unknown,3.12.3,2026-10-09T18:44:59Z
151,ML-DSA-87,post-quantum,5,keygen,0.1223,0.0,0.0,0.365,2592,4896,0,4627,0,0,0,0.0,1.8352,nan,edge/x86_64,unknown,3.12.3,2026-10-09T18:44:59Z
151,ML-DSA-87,post-quantum,5,sign,0.1689,0.0,0.0,0.365,2592,4896,0,4627,512,0,0,0.0,2.5342,nan,edge/x86_64,unknown,3.12.3,2026-10-09T18:44:59Z
151,ML-DSA-87,post-quantum,5,verify,0.114,0.0,0.0,0.365,2592,4896,0,4627,512,0,0,0.0,1.7096,nan,edge/x86_64,unknown,3.12.3,2026-10-09T18:44:59Z
152,ML-DSA-87,post-quantum,5,keygen,0.1432,0.0,0.0,0.365,2592,4896,0,4627,0,0,0,0.0,2.1484,nan,edge/x86_64,unknown,3.12.3,2026-10-09T18:44:59Z
152,ML-DSA-87,post-quantum,5,sign,0.2832,0.0,0.0,0.365,2592,4896,0,4627,512,0,0,0.0,4.2486,nan,edge/x86_64,unknown,3.12.3,2026-10-09T18:44:59Z
152,ML-DSA-87,post-quantum,5,verify,0.1155,0.0,0.0,0.365,2592,4896,0,4627,512,0,0,0.0,1.7327,nan,edge/x86_64,unknown,3.12.3,2026-10-09T18:44:59Z
153,ML-DSA-87,post-quantum,5,keygen,0.1232,0.0,0.0,0.365,2592,4896,0,4627,0,0,0,0.0,1.8487,nan,edge/x86_64,unknown,3.12.3,2026-10-09T18:44:59Z
153,ML-DSA-87,post-quantum,5,sign,0.1474,0.0,0.0,0.365,2592,4896,0,4627,512,0,0,0.0,2.2104,nan,edge/x86_64,unknown,3.12.3,2026-10-09T18:44:59Z
153,ML-DSA-87,post-quantum,5,verify,0.1461,0.0,0.0,0.365,2592,4896,0,4627,512,0,0,0.0,2.1917,nan,edge/x86_64,unknown,3.12.3,2026-10-09T18:44:59Z
154,ML-DSA-87,post-quantum,5,keygen,0.1286,0.0,0.0,0.365,2592,4896,0,4627,0,0,0,0.0,1.929,nan,edge/x86_64,unknown,3.12.3,2026-10-09T18:44:59Z
154,ML-DSA-87,post-quantum,5,sign,0.1642,0.0,0.0,0.365,2592,4896,0,4627,512,0,0,0.0,2.4635,nan,edge/x86_64,unknown,3.12.3,2026-10-09T18:44:59Z
154,ML-DSA-87,post-quantum,5,verify,0.1151,0.0,0.0,0.365,2592,4896,0,4627,512,0,0,0.0,1.7271,nan,edge/x86_64,unknown,3.12.3,2026-10-09T18:44:59Z
155,ML-DSA-87,post-quantum,5,keygen,0.1234,0.0,0.0,0.365,2592,4896,0,4627,0,0,0,0.0,1.8512,nan,edge/x86_64,unknown,3.12.3,2026-10-09T18:44:59Z
155,ML-DSA-87,post-quantum,5,sign,0.1469,0.0,0.0,0.365,2592,4896,0,4627,512,0,0,0.0,2.2033,nan,edge/x86_64,unknown,3.12.3,2026-10-09T18:44:59Z
155,ML-DSA-87,post-quantum,5,verify,0.1146,0.0,0.0,0.365,2592,4896,0,4627,512,0,0,0.0,1.7193,nan,edge/x86_64,unknown,3.12.3,2026-10-09T18:44:59Z
156,ML-DSA-87,post-quantum,5,keygen,0.128,0.0,0.0,0.365,2592,4896,0,4627,0,0,0,0.0,1.9196,nan,edge/x86_64,unknown,3.12.3,2026-10-09T18:44:59Z
156,ML-DSA-87,post-quantum,5,sign,0.1534,0.0,0.0,0.365,2592,4896,0,4627,512,0,0,0.0,2.3011,nan,edge/x86_64,unknown,3.12.3,2026-10-09T18:44:59Z
156,ML-DSA-87,post-quantum,5,verify,0.1373,0.0,0.0,0.365,2592,4896,0,4627,512,0,0,0.0,2.0597,nan,edge/x86_64,unknown,3.12.3,2026-10-09T18:44:59Z
157,ML-DSA-87,post-quantum,5,keygen,0.1193,0.0,0.0,0.365,2592,4896,0,4627,0,0,0,0.0,1.79,nan,edge/x86_64,unknown,3.12.3,2026-10-09T18:44:59Z
157,ML-DSA-87,post-quantum,5,sign,0.2427,0.0,0.0,0.365,2592,4896,0,4627,512,0,0,0.0,3.6402,nan,edge/x86_64,unknown,3.12.3,2026-10-09T18:44:59Z
157,ML-DSA-87,post-quantum,5,verify,0.1132,0.0,0.0,0.365,2592,4896,0,4627,512,0,0,0.0,1.6985,nan,edge/x86_64,unknown,3.12.3,2026-10-09T18:44:59Z
158,ML-DSA-87,post-quantum,5,keygen,0.1463,0.0,0.0,0.365,2592,4896,0,4627,0,0,0,0.0,2.1942,nan,edge/x86_64,unknown,3.12.3,2026-10-09T18:44:59Z
158,ML-DSA-87,post-quantum,5,sign,0.2097,0.0,0.0,0.365,2592,4896,0,4627,512,0,0,0.0,3.1455,nan,edge/x86_64,unknown,3.12.3,2026-10-09T18:44:59Z
158,ML-DSA-87,post-quantum,5,verify,0.1469,0.0,0.0,0.365,2592,4896,0,4627,512,0,0,0.0,2.2033,nan,edge/x86_64,unknown,3.12.3,2026-10-09T18:44:59Z
159,ML-DSA-87,post-quantum,5,keygen,0.1221,0.0,0.0,0.365,2592,4896,0,4627,0,0,0,0.0,1.8318,nan,edge/x86_64,unknown,3.12.3,2026-10-09T18:44:59Z
159,ML-DSA-87,post-quantum,5,sign,0.1711,0.0,0.0,0.365,2592,4896,0,4627,512,0,0,0.0,2.5672,nan,edge/x86_64,unknown,3.12.3,2026-10-09T18:44:59Z
159,ML-DSA-87,post-quantum,5,verify,0.1119,0.0,0.0,0.365,2592,4896,0,4627,512,0,0,0.0,1.6781,nan,edge/x86_64,unknown,3.12.3,2026-10-09T18:44:59Z
160,ML-DSA-87,post-quantum,5,keygen,0.1234,0.0,0.0,0.365,2592,4896,0,4627,0,0,0,0.0,1.8513,nan,edge/x86_64,unknown,3.12.3,2026-10-09T18:44:59Z
160,ML-DSA-87,post-quantum,5,sign,0.1596,0.0,0.0,0.365,2592,4896,0,4627,512,0,0,0.0,2.3942,nan,edge/x86_64,unknown,3.12.3,2026-10-09T18:44:59Z
160,ML-DSA-87,post-quantum,5,verify,0.1093,0.0,0.0,0.365,2592,4896,0,4627,512,0,0,0.0,1.6391,nan,edge/x86_64,unknown,3.12.3,2026-10-09T18:44:59Z
161,ML-DSA-87,post-quantum,5,keygen,0.1222,0.0,0.0,0.365,2592,4896,0,4627,0,0,0,0.0,1.8325,nan,edge/x86_64,unknown,3.12.3,2026-10-09T18:44:59Z
161,ML-DSA-87,post-quantum,5,sign,0.1813,0.0,0.0,0.365,2592,4896,0,4627,512,0,0,0.0,2.7194,nan,edge/x86_64,unknown,3.12.3,2026-10-09T18:44:59Z
161,ML-DSA-87,post-quantum,5,verify,0.1151,0.0,0.0,0.365,2592,4896,0,4627,512,0,0,0.0,1.7259,nan,edge/x86_64,unknown,3.12.3,2026-10-09T18:44:59Z
162,ML-DSA-87,post-quantum,5,keygen,0.1311,0.0,0.0,0.365,2592,4896,0,4627,0,0,0,0.0,1.9666,nan,edge/x86_64,unknown,3.12.3,2026-10-09T18:44:59Z
162,ML-DSA-87,post-quantum,5,sign,0.2385,0.0,0.0,0.365,2592,4896,0,4627,512,0,0,0.0,3.5778,nan,edge/x86_64,unknown,3.12.3,2026-10-09T18:44:59Z
162,ML-DSA-87,post-quantum,5,verify,0.1164,0.0,0.0,0.365,2592,4896,0,4627,512,0,0,0.0,1.7457,nan,edge/x86_64,unknown,3.12.3,2026-10-09T18:44:59Z
163,ML-DSA-87,post-quantum,5,keygen,0.1604,0.0,0.0,0.365,2592,4896,0,4627,0,0,0,0.0,2.4065,nan,edge/x86_64,unknown,3.12.3,2026-10-09T18:44:59Z
163,ML-DSA-87,post-quantum,5,sign,0.2421,0.0,0.0,0.365,2592,4896,0,4627,512,0,0,0.0,3.6317,nan,edge/x86_64,unknown,3.12.3,2026-10-09T18:44:59Z
163,ML-DSA-87,post-quantum,5,verify,0.1145,0.0,0.0,0.365,2592,4896,0,4627,512,0,0,0.0,1.7168,nan,edge/x86_64,unknown,3.12.3,2026-10-09T18:44:59Z
164,ML-DSA-87,post-quantum,5,keygen,0.122,0.0,0.0,0.365,2592,4896,0,4627,0,0,0,0.0,1.8299,nan,edge/x86_64,unknown,3.12.3,2026-10-09T18:44:59Z
164,ML-DSA-87,post-quantum,5,sign,0.1704,0.0,0.0,0.365,2592,4896,0,4627,512,0,0,0.0,2.556,nan,edge/x86_64,unknown,3.12.3,2026-10-09T18:44:59Z
164,ML-DSA-87,post-quantum,5,verify,0.1153,0.0,0.0,0.365,2592,4896,0,4627,512,0,0,0.0,1.7292,nan,edge/x86_64,unknown,3.12.3,2026-10-09T18:44:59Z
165,ML-DSA-87,post-quantum,5,keygen,0.1433,0.0,0.0,0.365,2592,4896,0,4627,0,0,0,0.0,2.1501,nan,edge/x86_64,unknown,3.12.3,2026-10-09T18:44:59Z
165,ML-DSA-87,post-quantum,5,sign,0.1816,0.0,0.0,0.365,2592,4896,0,4627,512,0,0,0.0,2.7239,nan,edge/x86_64,unknown,3.12.3,2026-10-09T18:44:59Z
165,ML-DSA-87,post-quantum,5,verify,0.1195,0.0,0.0,0.365,2592,4896,0,4627,512,0,0,0.0,1.7927,nan,edge/x86_64,unknown,3.12.3,2026-10-09T18:44:59Z
166,ML-DSA-87,post-quantum,5,keygen,0.123,0.0,0.0,0.365,2592,4896,0,4627,0,0,0,0.0,1.8444,nan,edge/x86_64,unknown,3.12.3,2026-10-09T18:44:59Z
166,ML-DSA-87,post-quantum,5,sign,0.3528,0.0,0.0,0.365,2592,4896,0,4627,512,0,0,0.0,5.2916,nan,edge/x86_64,unknown,3.12.3,2026-10-09T18:44:59Z
166,ML-DSA-87,post-quantum,5,verify,0.1989,0.0,0.0,0.365,2592,4896,0,4627,512,0,0,0.0,2.9841,nan,edge/x86_64,unknown,3.12.3,2026-10-09T18:44:59Z
167,ML-DSA-87,post-quantum,5,keygen,0.1625,0.0,0.0,0.365,2592,4896,0,4627,0,0,0,0.0,2.4371,nan,edge/x86_64,unknown,3.12.3,2026-10-09T18:44:59Z
167,ML-DSA-87,post-quantum,5,sign,0.1797,0.0,0.0,0.365,2592,4896,0,4627,512,0,0,0.0,2.6955,nan,edge/x86_64,unknown,3.12.3,2026-10-09T18:44:59Z
167,ML-DSA-87,post-quantum,5,verify,0.1184,0.0,0.0,0.365,2592,4896,0,4627,512,0,0,0.0,1.776,nan,edge/x86_64,unknown,3.12.3,2026-10-09T18:44:59Z
168,ML-DSA-87,post-quantum,5,keygen,0.1326,0.0,0.0,0.365,2592,4896,0,4627,0,0,0,0.0,1.9894,nan,edge/x86_64,unknown,3.12.3,2026-10-09T18:44:59Z
168,ML-DSA-87,post-quantum,5,sign,0.1829,0.0,0.0,0.365,2592,4896,0,4627,512,0,0,0.0,2.7438,nan,edge/x86_64,unknown,3.12.3,2026-10-09T18:44:59Z
168,ML-DSA-87,post-quantum,5,verify,0.1388,0.0,0.0,0.365,2592,4896,0,4627,512,0,0,0.0,2.0817,nan,edge/x86_64,unknown,3.12.3,2026-10-09T18:44:59Z
169,ML-DSA-87,post-quantum,5,keygen,0.1257,0.0,0.0,0.365,2592,4896,0,4627,0,0,0,0.0,1.8857,nan,edge/x86_64,unknown,3.12.3,2026-10-09T18:44:59Z
169,ML-DSA-87,post-quantum,5,sign,0.1936,0.0,0.0,0.365,2592,4896,0,4627,512,0,0,0.0,2.9036,nan,edge/x86_64,unknown,3.12.3,2026-10-09T18:44:59Z
169,ML-DSA-87,post-quantum,5,verify,0.1135,0.0,0.0,0.365,2592,4896,0,4627,512,0,0,0.0,1.702,nan,edge/x86_64,unknown,3.12.3,2026-10-09T18:44:59Z
170,ML-DSA-87,post-quantum,5,keygen,0.1197,0.0,0.0,0.365,2592,4896,0,4627,0,0,0,0.0,1.7955,nan,edge/x86_64,unknown,3.12.3,2026-10-09T18:44:59Z
170,ML-DSA-87,post-quantum,5,sign,0.3373,0.0,0.0,0.365,2592,4896,0,4627,512,0,0,0.0,5.0593,nan,edge/x86_64,unknown,3.12.3,2026-10-09T18:44:59Z
170,ML-DSA-87,post-quantum,5,verify,0.1186,0.0,0.0,0.365,2592,4896,0,4627,512,0,0,0.0,1.7795,nan,edge/x86_64,unknown,3.12.3,2026-10-09T18:44:59Z
171,ML-DSA-87,post-quantum,5,keygen,0.1265,0.0,0.0,0.365,2592,4896,0,4627,0,0,0,0.0,1.8973,nan,edge/x86_64,unknown,3.12.3,2026-10-09T18:44:59Z
171,ML-DSA-87,post-quantum,5,sign,0.216,0.0,0.0,0.365,2592,4896,0,4627,512,0,0,0.0,3.2398,nan,edge/x86_64,unknown,3.12.3,2026-10-09T18:44:59Z
171,ML-DSA-87,post-quantum,5,verify,0.155,0.0,0.0,0.365,2592,4896,0,4627,512,0,0,0.0,2.3249,nan,edge/x86_64,unknown,3.12.3,2026-10-09T18:44:59Z
172,ML-DSA-87,post-quantum,5,keygen,0.1247,0.0,0.0,0.365,2592,4896,0,4627,0,0,0,0.0,1.8698,nan,edge/x86_64,unknown,3.12.3,2026-10-09T18:44:59Z
172,ML-DSA-87,post-quantum,5,sign,0.2105,0.0,0.0,0.365,2592,4896,0,4627,512,0,0,0.0,3.1573,nan,edge/x86_64,unknown,3.12.3,2026-10-09T18:44:59Z
172,ML-DSA-87,post-quantum,5,verify,0.1403,0.0,0.0,0.365,2592,4896,0,4627,512,0,0,0.0,2.1047,nan,edge/x86_64,unknown,3.12.3,2026-10-09T18:44:59Z
173,ML-DSA-87,post-quantum,5,keygen,0.1414,0.0,0.0,0.365,2592,4896,0,4627,0,0,0,0.0,2.1207,nan,edge/x86_64,unknown,3.12.3,2026-10-09T18:44:59Z
173,ML-DSA-87,post-quantum,5,sign,0.1482,0.0,0.0,0.365,2592,4896,0,4627,512,0,0,0.0,2.2234,nan,edge/x86_64,unknown,3.12.3,2026-10-09T18:44:59Z
173,ML-DSA-87,post-quantum,5,verify,0.1126,0.0,0.0,0.365,2592,4896,0,4627,512,0,0,0.0,1.6895,nan,edge/x86_64,unknown,3.12.3,2026-10-09T18:44:59Z
174,ML-DSA-87,post-quantum,5,keygen,0.166,0.0,0.0,0.365,2592,4896,0,4627,0,0,0,0.0,2.4897,nan,edge/x86_64,unknown,3.12.3,2026-10-09T18:44:59Z
174,ML-DSA-87,post-quantum,5,sign,0.2092,0.0,0.0,0.365,2592,4896,0,4627,512,0,0,0.0,3.1376,nan,edge/x86_64,unknown,3.12.3,2026-10-09T18:44:59Z
174,ML-DSA-87,post-quantum,5,verify,0.1186,0.0,0.0,0.365,2592,4896,0,4627,512,0,0,0.0,1.7785,nan,edge/x86_64,unknown,3.12.3,2026-10-09T18:44:59Z
175,ML-DSA-87,post-quantum,5,keygen,0.1272,0.0,0.0,0.365,2592,4896,0,4627,0,0,0,0.0,1.9085,nan,edge/x86_64,unknown,3.12.3,2026-10-09T18:44:59Z
175,ML-DSA-87,post-quantum,5,sign,0.1362,0.0,0.0,0.365,2592,4896,0,4627,512,0,0,0.0,2.0437,nan,edge/x86_64,unknown,3.12.3,2026-10-09T18:44:59Z
175,ML-DSA-87,post-quantum,5,verify,0.1084,0.0,0.0,0.365,2592,4896,0,4627,512,0,0,0.0,1.6255,nan,edge/x86_64,unknown,3.12.3,2026-10-09T18:44:59Z
176,ML-DSA-87,post-quantum,5,keygen,0.112,0.0,0.0,0.365,2592,4896,0,4627,0,0,0,0.0,1.6797,nan,edge/x86_64,unknown,3.12.3,2026-10-09T18:44:59Z
176,ML-DSA-87,post-quantum,5,sign,0.2569,0.0,0.0,0.365,2592,4896,0,4627,512,0,0,0.0,3.8534,nan,edge/x86_64,unknown,3.12.3,2026-10-09T18:44:59Z
176,ML-DSA-87,post-quantum,5,verify,0.1264,0.0,0.0,0.365,2592,4896,0,4627,512,0,0,0.0,1.8956,nan,edge/x86_64,unknown,3.12.3,2026-10-09T18:44:59Z
177,ML-DSA-87,post-quantum,5,keygen,0.1099,0.0,0.0,0.365,2592,4896,0,4627,0,0,0,0.0,1.6478,nan,edge/x86_64,unknown,3.12.3,2026-10-09T18:44:59Z
177,ML-DSA-87,post-quantum,5,sign,0.2925,0.0,0.0,0.365,2592,4896,0,4627,512,0,0,0.0,4.3879,nan,edge/x86_64,unknown,3.12.3,2026-10-09T18:44:59Z
177,ML-DSA-87,post-quantum,5,verify,0.105,0.0,0.0,0.365,2592,4896,0,4627,512,0,0,0.0,1.5744,nan,edge/x86_64,unknown,3.12.3,2026-10-09T18:44:59Z
178,ML-DSA-87,post-quantum,5,keygen,0.1178,0.0,0.0,0.365,2592,4896,0,4627,0,0,0,0.0,1.7669,nan,edge/x86_64,unknown,3.12.3,2026-10-09T18:44:59Z
178,ML-DSA-87,post-quantum,5,sign,0.325,0.0,0.0,0.365,2592,4896,0,4627,512,0,0,0.0,4.875,nan,edge/x86_64,unknown,3.12.3,2026-10-09T18:44:59Z
178,ML-DSA-87,post-quantum,5,verify,0.1185,0.0,0.0,0.365,2592,4896,0,4627,512,0,0,0.0,1.7776,nan,edge/x86_64,unknown,3.12.3,2026-10-09T18:44:59Z
179,ML-DSA-87,post-quantum,5,keygen,0.124,0.0,0.0,0.365,2592,4896,0,4627,0,0,0,0.0,1.8595,nan,edge/x86_64,unknown,3.12.3,2026-10-09T18:44:59Z
179,ML-DSA-87,post-quantum,5,sign,0.1441,0.0,0.0,0.365,2592,4896,0,4627,512,0,0,0.0,2.1616,nan,edge/x86_64,unknown,3.12.3,2026-10-09T18:44:59Z
179,ML-DSA-87,post-quantum,5,verify,0.1127,0.0,0.0,0.365,2592,4896,0,4627,512,0,0,0.0,1.691,nan,edge/x86_64,unknown,3.12.3,2026-10-09T18:44:59Z
180,ML-DSA-87,post-quantum,5,keygen,0.1209,0.0,0.0,0.365,2592,4896,0,4627,0,0,0,0.0,1.8137,nan,edge/x86_64,unknown,3.12.3,2026-10-09T18:44:59Z
180,ML-DSA-87,post-quantum,5,sign,0.1456,0.0,0.0,0.365,2592,4896,0,4627,512,0,0,0.0,2.1833,nan,edge/x86_64,unknown,3.12.3,2026-10-09T18:44:59Z
180,ML-DSA-87,post-quantum,5,verify,0.1346,0.0,0.0,0.365,2592,4896,0,4627,512,0,0,0.0,2.0194,nan,edge/x86_64,unknown,3.12.3,2026-10-09T18:44:59Z
181,ML-DSA-87,post-quantum,5,keygen,0.1322,0.0,0.0,0.365,2592,4896,0,4627,0,0,0,0.0,1.9827,nan,edge/x86_64,unknown,3.12.3,2026-10-09T18:44:59Z
181,ML-DSA-87,post-quantum,5,sign,0.2057,0.0,0.0,0.365,2592,4896,0,4627,512,0,0,0.0,3.0862,nan,edge/x86_64,unknown,3.12.3,2026-10-09T18:44:59Z
181,ML-DSA-87,post-quantum,5,verify,0.1086,0.0,0.0,0.365,2592,4896,0,4627,512,0,0,0.0,1.6296,nan,edge/x86_64,unknown,3.12.3,2026-10-09T18:44:59Z
182,ML-DSA-87,post-quantum,5,keygen,0.1142,0.0,0.0,0.365,2592,4896,0,4627,0,0,0,0.0,1.7135,nan,edge/x86_64,unknown,3.12.3,2026-10-09T18:44:59Z
182,ML-DSA-87,post-quantum,5,sign,0.2114,0.0,0.0,0.365,2592,4896,0,4627,512,0,0,0.0,3.1716,nan,edge/x86_64,unknown,3.12.3,2026-10-09T18:44:59Z
182,ML-DSA-87,post-quantum,5,verify,0.1962,0.0,0.0,0.365,2592,4896,0,4627,512,0,0,0.0,2.9434,nan,edge/x86_64,unknown,3.12.3,2026-10-09T18:44:59Z
183,ML-DSA-87,post-quantum,5,keygen,0.1299,0.0,0.0,0.365,2592,4896,0,4627,0,0,0,0.0,1.9492,nan,edge/x86_64,unknown,3.12.3,2026-10-09T18:44:59Z
183,ML-DSA-87,post-quantum,5,sign,0.297,0.0,0.0,0.365,2592,4896,0,4627,512,0,0,0.0,4.4549,nan,edge/x86_64,unknown,3.12.3,2026-10-09T18:44:59Z
183,ML-DSA-87,post-quantum,5,verify,0.1151,0.0,0.0,0.365,2592,4896,0,4627,512,0,0,0.0,1.7268,nan,edge/x86_64,unknown,3.12.3,2026-10-09T18:44:59Z
184,ML-DSA-87,post-quantum,5,keygen,0.1282,0.0,0.0,0.365,2592,4896,0,4627,0,0,0,0.0,1.9236,nan,edge/x86_64,unknown,3.12.3,2026-10-09T18:44:59Z
184,ML-DSA-87,post-quantum,5,sign,0.3975,0.0,0.0,0.365,2592,4896,0,4627,512,0,0,0.0,5.9618,nan,edge/x86_64,unknown,3.12.3,2026-10-09T18:44:59Z
184,ML-DSA-87,post-quantum,5,verify,0.1251,0.0,0.0,0.365,2592,4896,0,4627,512,0,0,0.0,1.8772,nan,edge/x86_64,unknown,3.12.3,2026-10-09T18:44:59Z
185,ML-DSA-87,post-quantum,5,keygen,0.1439,0.0,0.0,0.365,2592,4896,0,4627,0,0,0,0.0,2.1588,nan,edge/x86_64,unknown,3.12.3,2026-10-09T18:44:59Z
185,ML-DSA-87,post-quantum,5,sign,0.1601,0.0,0.0,0.365,2592,4896,0,4627,512,0,0,0.0,2.4021,nan,edge/x86_64,unknown,3.12.3,2026-10-09T18:44:59Z
185,ML-DSA-87,post-quantum,5,verify,0.3242,0.0,0.0,0.365,2592,4896,0,4627,512,0,0,0.0,4.8626,nan,edge/x86_64,unknown,3.12.3,2026-10-09T18:44:59Z
186,ML-DSA-87,post-quantum,5,keygen,0.147,0.0,0.0,0.365,2592,4896,0,4627,0,0,0,0.0,2.205,nan,edge/x86_64,unknown,3.12.3,2026-10-09T18:44:59Z
186,ML-DSA-87,post-quantum,5,sign,0.1577,0.0,0.0,0.365,2592,4896,0,4627,512,0,0,0.0,2.3661,nan,edge/x86_64,unknown,3.12.3,2026-10-09T18:44:59Z
186,ML-DSA-87,post-quantum,5,verify,0.125,0.0,0.0,0.365,2592,4896,0,4627,512,0,0,0.0,1.8744,nan,edge/x86_64,unknown,3.12.3,2026-10-09T18:44:59Z
187,ML-DSA-87,post-quantum,5,keygen,0.1316,0.0,0.0,0.365,2592,4896,0,4627,0,0,0,0.0,1.9737,nan,edge/x86_64,unknown,3.12.3,2026-10-09T18:44:59Z
187,ML-DSA-87,post-quantum,5,sign,0.2456,0.0,0.0,0.365,2592,4896,0,4627,512,0,0,0.0,3.684,nan,edge/x86_64,unknown,3.12.3,2026-10-09T18:44:59Z
187,ML-DSA-87,post-quantum,5,verify,0.1445,0.0,0.0,0.365,2592,4896,0,4627,512,0,0,0.0,2.1677,nan,edge/x86_64,unknown,3.12.3,2026-10-09T18:44:59Z
188,ML-DSA-87,post-quantum,5,keygen,0.1327,0.0,0.0,0.365,2592,4896,0,4627,0,0,0,0.0,1.9912,nan,edge/x86_64,unknown,3.12.3,2026-10-09T18:44:59Z
188,ML-DSA-87,post-quantum,5,sign,0.1625,0.0,0.0,0.365,2592,4896,0,4627,512,0,0,0.0,2.4372,nan,edge/x86_64,unknown,3.12.3,2026-10-09T18:44:59Z
188,ML-DSA-87,post-quantum,5,verify,0.1248,0.0,0.0,0.365,2592,4896,0,4627,512,0,0,0.0,1.8724,nan,edge/x86_64,unknown,3.12.3,2026-10-09T18:44:59Z
189,ML-DSA-87,post-quantum,5,keygen,0.1383,0.0,0.0,0.365,2592,4896,0,4627,0,0,0,0.0,2.0746,nan,edge/x86_64,unknown,3.12.3,2026-10-09T18:44:59Z
189,ML-DSA-87,post-quantum,5,sign,0.4181,0.0,0.0,0.365,2592,4896,0,4627,512,0,0,0.0,6.2708,nan,edge/x86_64,unknown,3.12.3,2026-10-09T18:44:59Z
189,ML-DSA-87,post-quantum,5,verify,0.1319,0.0,0.0,0.365,2592,4896,0,4627,512,0,0,0.0,1.9788,nan,edge/x86_64,unknown,3.12.3,2026-10-09T18:44:59Z
190,ML-DSA-87,post-quantum,5,keygen,0.142,0.0,0.0,0.365,2592,4896,0,4627,0,0,0,0.0,2.1295,nan,edge/x86_64,unknown,3.12.3,2026-10-09T18:44:59Z
190,ML-DSA-87,post-quantum,5,sign,0.1598,0.0,0.0,0.365,2592,4896,0,4627,512,0,0,0.0,2.3975,nan,edge/x86_64,unknown,3.12.3,2026-10-09T18:44:59Z
190,ML-DSA-87,post-quantum,5,verify,0.1231,0.0,0.0,0.365,2592,4896,0,4627,512,0,0,0.0,1.8467,nan,edge/x86_64,unknown,3.12.3,2026-10-09T18:44:59Z
191,ML-DSA-87,post-quantum,5,keygen,0.1299,0.0,0.0,0.365,2592,4896,0,4627,0,0,0,0.0,1.9479,nan,edge/x86_64,unknown,3.12.3,2026-10-09T18:44:59Z
191,ML-DSA-87,post-quantum,5,sign,0.3986,0.0,0.0,0.365,2592,4896,0,4627,512,0,0,0.0,5.9786,nan,edge/x86_64,unknown,3.12.3,2026-10-09T18:44:59Z
191,ML-DSA-87,post-quantum,5,verify,0.182,0.0,0.0,0.365,2592,4896,0,4627,512,0,0,0.0,2.7297,nan,edge/x86_64,unknown,3.12.3,2026-10-09T18:44:59Z
192,ML-DSA-87,post-quantum,5,keygen,0.1479,0.0,0.0,0.365,2592,4896,0,4627,0,0,0,0.0,2.2179,nan,edge/x86_64,unknown,3.12.3,2026-10-09T18:44:59Z
192,ML-DSA-87,post-quantum,5,sign,0.1892,0.0,0.0,0.365,2592,4896,0,4627,512,0,0,0.0,2.838,nan,edge/x86_64,unknown,3.12.3,2026-10-09T18:44:59Z
192,ML-DSA-87,post-quantum,5,verify,0.2177,0.0,0.0,0.365,2592,4896,0,4627,512,0,0,0.0,3.2649,nan,edge/x86_64,unknown,3.12.3,2026-10-09T18:44:59Z
193,ML-DSA-87,post-quantum,5,keygen,0.1451,0.0,0.0,0.365,2592,4896,0,4627,0,0,0,0.0,2.1758,nan,edge/x86_64,unknown,3.12.3,2026-10-09T18:44:59Z
193,ML-DSA-87,post-quantum,5,sign,0.267,0.0,0.0,0.365,2592,4896,0,4627,512,0,0,0.0,4.0045,nan,edge/x86_64,unknown,3.12.3,2026-10-09T18:44:59Z
193,ML-DSA-87,post-quantum,5,verify,0.1373,0.0,0.0,0.365,2592,4896,0,4627,512,0,0,0.0,2.0594,nan,edge/x86_64,unknown,3.12.3,2026-10-09T18:44:59Z
194,ML-DSA-87,post-quantum,5,keygen,0.1396,0.0,0.0,0.365,2592,4896,0,4627,0,0,0,0.0,2.0938,nan,edge/x86_64,unknown,3.12.3,2026-10-09T18:44:59Z
194,ML-DSA-87,post-quantum,5,sign,0.4233,0.0,0.0,0.365,2592,4896,0,4627,512,0,0,0.0,6.35,nan,edge/x86_64,unknown,3.12.3,2026-10-09T18:44:59Z
194,ML-DSA-87,post-quantum,5,verify,0.1251,0.0,0.0,0.365,2592,4896,0,4627,512,0,0,0.0,1.8759,nan,edge/x86_64,unknown,3.12.3,2026-10-09T18:44:59Z
195,ML-DSA-87,post-quantum,5,keygen,0.1301,0.0,0.0,0.365,2592,4896,0,4627,0,0,0,0.0,1.9519,nan,edge/x86_64,unknown,3.12.3,2026-10-09T18:44:59Z
195,ML-DSA-87,post-quantum,5,sign,0.3418,0.0,0.0,0.365,2592,4896,0,4627,512,0,0,0.0,5.1266,nan,edge/x86_64,unknown,3.12.3,2026-10-09T18:44:59Z
195,ML-DSA-87,post-quantum,5,verify,0.2728,0.0,0.0,0.365,2592,4896,0,4627,512,0,0,0.0,4.0914,nan,edge/x86_64,unknown,3.12.3,2026-10-09T18:44:59Z
196,ML-DSA-87,post-quantum,5,keygen,0.1653,0.0,0.0,0.365,2592,4896,0,4627,0,0,0,0.0,2.4788,nan,edge/x86_64,unknown,3.12.3,2026-10-09T18:44:59Z
196,ML-DSA-87,post-quantum,5,sign,0.2224,0.0,0.0,0.365,2592,4896,0,4627,512,0,0,0.0,3.3362,nan,edge/x86_64,unknown,3.12.3,2026-10-09T18:44:59Z
196,ML-DSA-87,post-quantum,5,verify,0.1315,0.0,0.0,0.365,2592,4896,0,4627,512,0,0,0.0,1.9727,nan,edge/x86_64,unknown,3.12.3,2026-10-09T18:44:59Z
197,ML-DSA-87,post-quantum,5,keygen,0.1349,0.0,0.0,0.365,2592,4896,0,4627,0,0,0,0.0,2.0232,nan,edge/x86_64,unknown,3.12.3,2026-10-09T18:44:59Z
197,ML-DSA-87,post-quantum,5,sign,0.3227,0.0,0.0,0.365,2592,4896,0,4627,512,0,0,0.0,4.8412,nan,edge/x86_64,unknown,3.12.3,2026-10-09T18:44:59Z
197,ML-DSA-87,post-quantum,5,verify,0.1746,0.0,0.0,0.365,2592,4896,0,4627,512,0,0,0.0,2.6184,nan,edge/x86_64,unknown,3.12.3,2026-10-09T18:44:59Z
198,ML-DSA-87,post-quantum,5,keygen,0.1392,0.0,0.0,0.365,2592,4896,0,4627,0,0,0,0.0,2.0883,nan,edge/x86_64,unknown,3.12.3,2026-10-09T18:44:59Z
198,ML-DSA-87,post-quantum,5,sign,0.1945,0.0,0.0,0.365,2592,4896,0,4627,512,0,0,0.0,2.9169,nan,edge/x86_64,unknown,3.12.3,2026-10-09T18:44:59Z
198,ML-DSA-87,post-quantum,5,verify,0.1251,0.0,0.0,0.365,2592,4896,0,4627,512,0,0,0.0,1.8762,nan,edge/x86_64,unknown,3.12.3,2026-10-09T18:44:59Z
199,ML-DSA-87,post-quantum,5,keygen,0.3699,0.0,0.0,0.365,2592,4896,0,4627,0,0,0,0.0,5.5482,nan,edge/x86_64,unknown,3.12.3,2026-10-09T18:44:59Z
199,ML-DSA-87,post-quantum,5,sign,0.2964,0.0,0.0,0.365,2592,4896,0,4627,512,0,0,0.0,4.446,nan,edge/x86_64,unknown,3.12.3,2026-10-09T18:44:59Z
199,ML-DSA-87,post-quantum,5,verify,0.128,0.0,0.0,0.365,2592,4896,0,4627,512,0,0,0.0,1.9201,nan,edge/x86_64,unknown,3.12.3,2026-10-09T18:44:59Z
0,RSA-2048,classical,,keygen,67.2402,0.0,0.0,0.0,294,1215,0,0,0,0,0,0.0,1008.6027,nan,edge/x86_64,,3.12.3,2026-10-09T18:45:00Z
0,RSA-2048,classical,,encapsulate,0.1855,0.0,0.0,0.0,294,1215,256,0,0,0,0,0.0,2.7827,nan,edge/x86_64,,3.12.3,2026-10-09T18:45:00Z
0,RSA-2048,classical,,decapsulate,1.7687,0.0,0.0,0.0,294,1215,256,0,0,0,0,0.0,26.5304,nan,edge/x86_64,,3.12.3,2026-10-09T18:45:00Z
1,RSA-2048,classical,,keygen,54.4332,0.0,0.0,0.0,294,1218,0,0,0,0,0,0.0,816.4977,nan,edge/x86_64,,3.12.3,2026-10-09T18:45:00Z
1,RSA-2048,classical,,encapsulate,0.2981,0.0,0.0,0.0,294,1218,256,0,0,0,0,0.0,4.4721,nan,edge/x86_64,,3.12.3,2026-10-09T18:45:00Z
1,RSA-2048,classical,,decapsulate,1.7806,0.0,0.0,0.0,294,1218,256,0,0,0,0,0.0,26.7093,nan,edge/x86_64,,3.12.3,2026-10-09T18:45:00Z
2,RSA-2048,classical,,keygen,156.394,0.0,0.0,0.0,294,1216,0,0,0,0,0,0.0,2345.9105,nan,edge/x86_64,,3.12.3,2026-10-09T18:45:00Z
2,RSA-2048,classical,,encapsulate,0.0927,0.0,0.0,0.0,294,1216,256,0,0,0,0,0.0,1.3901,nan,edge/x86_64,,3.12.3,2026-10-09T18:45:00Z
2,RSA-2048,classical,,decapsulate,0.8509,0.0,0.0,0.0,294,1216,256,0,0,0,0,0.0,12.7634,nan,edge/x86_64,,3.12.3,2026-10-09T18:45:00Z
3,RSA-2048,classical,,keygen,24.0585,0.0,0.0,0.0,294,1217,0,0,0,0,0,0.0,360.8768,nan,edge/x86_64,,3.12.3,2026-10-09T18:45:00Z
3,RSA-2048,classical,,encapsulate,0.1575,0.0,0.0,0.0,294,1217,256,0,0,0,0,0.0,2.3619,nan,edge/x86_64,,3.12.3,2026-10-09T18:45:00Z
3,RSA-2048,classical,,decapsulate,1.6188,0.0,0.0,0.0,294,1217,256,0,0,0,0,0.0,24.2816,nan,edge/x86_64,,3.12.3,2026-10-09T18:45:00Z
4,RSA-2048,classical,,keygen,37.7052,0.0,0.0,0.0,294,1218,0,0,0,0,0,0.0,565.5774,nan,edge/x86_64,,3.12.3,2026-10-09T18:45:00Z
4,RSA-2048,classical,,encapsulate,0.0861,0.0,0.0,0.0,294,1218,256,0,0,0,0,0.0,1.2908,nan,edge/x86_64,,3.12.3,2026-10-09T18:45:00Z
4,RSA-2048,classical,,decapsulate,0.8437,0.0,0.0,0.0,294,1218,256,0,0,0,0,0.0,12.6548,nan,edge/x86_64,,3.12.3,2026-10-09T18:45:00Z
5,RSA-2048,classical,,keygen,47.736,0.0,0.0,0.0,294,1217,0,0,0,0,0,0.0,716.0404,nan,edge/x86_64,,3.12.3,2026-10-09T18:45:00Z
5,RSA-2048,classical,,encapsulate,0.1113,0.0,0.0,0.0,294,1217,256,0,0,0,0,0.0,1.6691,nan,edge/x86_64,,3.12.3,2026-10-09T18:45:00Z
5,RSA-2048,classical,,decapsulate,0.9276,0.0,0.0,0.0,294,1217,256,0,0,0,0,0.0,13.914,nan,edge/x86_64,,3.12.3,2026-10-09T18:45:00Z
6,RSA-2048,classical,,keygen,153.9234,0.0,0.0,0.0,294,1217,0,0,0,0,0,0.0,2308.8509,nan,edge/x86_64,,3.12.3,2026-10-09T18:45:00Z
6,RSA-2048,classical,,encapsulate,0.1443,0.0,0.0,0.0,294,1217,256,0,0,0,0,0.0,2.1642,nan,edge/x86_64,,3.12.3,2026-10-09T18:45:00Z
6,RSA-2048,classical,,decapsulate,1.698,0.0,0.0,0.0,294,1217,256,0,0,0,0,0.0,25.4695,nan,edge/x86_64,,3.12.3,2026-10-09T18:45:00Z
7,RSA-2048,classical,,keygen,75.5715,0.0,0.0,0.0,294,1217,0,0,0,0,0,0.0,1133.5731,nan,edge/x86_64,,3.12.3,2026-10-09T18:45:00Z
7,RSA-2048,classical,,encapsulate,0.1512,0.0,0.0,0.0,294,1217,256,0,0,0,0,0.0,2.2673,nan,edge/x86_64,,3.12.3,2026-10-09T18:45:00Z
7,RSA-2048,classical,,decapsulate,1.705,0.0,0.0,0.0,294,1217,256,0,0,0,0,0.0,25.575,nan,edge/x86_64,,3.12.3,2026-10-09T18:45:00Z
8,RSA-2048,classical,,keygen,63.9726,0.0,0.0,0.0,294,1218,0,0,0,0,0,0.0,959.5887,nan,edge/x86_64,,3.12.3,2026-10-09T18:45:00Z
8,RSA-2048,classical,,encapsulate,0.2889,0.0,0.0,0.0,294,1218,256,0,0,0,0,0.0,4.3339,nan,edge/x86_64,,3.12.3,2026-10-09T18:45:00Z
8,RSA-2048,classical,,decapsulate,0.9569,0.0,0.0,0.0,294,1218,256,0,0,0,0,0.0,14.3535,nan,edge/x86_64,,3.12.3,2026-10-09T18:45:00Z
9,RSA-2048,classical,,keygen,15.7134,0.0,0.0,0.0,294,1217,0,0,0,0,0,0.0,235.7008,nan,edge/x86_64,,3.12.3,2026-10-09T18:45:00Z
9,RSA-2048,classical,,encapsulate,0.0886,0.0,0.0,0.0,294,1217,256,0,0,0,0,0.0,1.3283,nan,edge/x86_64,,3.12.3,2026-10-09T18:45:00Z
9,RSA-2048,classical,,decapsulate,0.8303,0.0,0.0,0.0,294,1217,256,0,0,0,0,0.0,12.4543,nan,edge/x86_64,,3.12.3,2026-10-09T18:45:00Z
10,RSA-2048,classical,,keygen,180.1205,0.0,0.0,0.0,294,1217,0,0,0,0,0,0.0,2701.808,nan,edge/x86_64,,3.12.3,2026-10-09T18:45:00Z
10,RSA-2048,classical,,encapsulate,0.1671,0.0,0.0,0.0,294,1217,256,0,0,0,0,0.0,2.5062,nan,edge/x86_64,,3.12.3,2026-10-09T18:45:00Z
10,RSA-2048,classical,,decapsulate,1.5957,0.0,0.0,0.0,294,1217,256,0,0,0,0,0.0,23.9359,nan,edge/x86_64,,3.12.3,2026-10-09T18:45:00Z
11,RSA-2048,classical,,keygen,60.1695,0.0,0.0,0.0,294,1217,0,0,0,0,0,0.0,902.543,nan,edge/x86_64,,3.12.3,2026-10-09T18:45:00Z
11,RSA-2048,classical,,encapsulate,0.2643,0.0,0.0,0.0,294,1217,256,0,0,0,0,0.0,3.9638,nan,edge/x86_64,,3.12.3,2026-10-09T18:45:00Z
11,RSA-2048,classical,,decapsulate,1.764,0.0,0.0,0.0,294,1217,256,0,0,0,0,0.0,26.46,nan,edge/x86_64,,3.12.3,2026-10-09T18:45:00Z
12,RSA-2048,classical,,keygen,70.7181,0.0,0.0,0.0,294,1217,0,0,0,0,0,0.0,1060.7715,nan,edge/x86_64,,3.12.3,2026-10-09T18:45:00Z
12,RSA-2048,classical,,encapsulate,0.1998,0.0,0.0,0.0,294,1217,256,0,0,0,0,0.0,2.9966,nan,edge/x86_64,,3.12.3,2026-10-09T18:45:00Z
12,RSA-2048,classical,,decapsulate,1.7576,0.0,0.0,0.0,294,1217,256,0,0,0,0,0.0,26.3642,nan,edge/x86_64,,3.12.3,2026-10-09T18:45:00Z
13,RSA-2048,classical,,keygen,51.8965,0.0,0.0,0.0,294,1217,0,0,0,0,0,0.0,778.4472,nan,edge/x86_64,,3.12.3,2026-10-09T18:45:00Z
13,RSA-2048,classical,,encapsulate,0.1542,0.0,0.0,0.0,294,1217,256,0,0,0,0,0.0,2.3136,nan,edge/x86_64,,3.12.3,2026-10-09T18:45:00Z
13,RSA-2048,classical,,decapsulate,1.6745,0.0,0.0,0.0,294,1217,256,0,0,0,0,0.0,25.1176,nan,edge/x86_64,,3.12.3,2026-10-09T18:45:00Z
14,RSA-2048,classical,,keygen,215.9327,0.0,0.0,0.0,294,1216,0,0,0,0,0,0.0,3238.9909,nan,edge/x86_64,,3.12.3,2026-10-09T18:45:00Z
14,RSA-2048,classical,,encapsulate,0.1812,0.0,0.0,0.0,294,1216,256,0,0,0,0,0.0,2.7176,nan,edge/x86_64,,3.12.3,2026-10-09T18:45:00Z
14,RSA-2048,classical,,decapsulate,1.8553,0.0,0.0,0.0,294,1216,256,0,0,0,0,0.0,27.8289,nan,edge/x86_64,,3.12.3,2026-10-09T18:45:00Z
15,RSA-2048,classical,,keygen,196.6519,0.0,0.0,0.0,294,1216,0,0,0,0,0,0.0,2949.7784,nan,edge/x86_64,,3.12.3,2026-10-09T18:45:00Z
15,RSA-2048,classical,,encapsulate,0.1629,0.0,0.0,0.0,294,1216,256,0,0,0,0,0.0,2.444,nan,edge/x86_64,,3.12.3,2026-10-09T18:45:00Z
15,RSA-2048,classical,,decapsulate,1.7903,0.0,0.0,0.0,294,1216,256,0,0,0,0,0.0,26.8552,nan,edge/x86_64,,3.12.3,2026-10-09T18:45:00Z
16,RSA-2048,classical,,keygen,65.6703,0.0,0.0,0.0,294,1217,0,0,0,0,0,0.0,985.0551,nan,edge/x86_64,,3.12.3,2026-10-09T18:45:00Z
16,RSA-2048,classical,,encapsulate,0.175,0.0,0.0,0.0,294,1217,256,0,0,0,0,0.0,2.6247,nan,edge/x86_64,,3.12.3,2026-10-09T18:45:00Z
16,RSA-2048,classical,,decapsulate,1.7916,0.0,0.0,0.0,294,1217,256,0,0,0,0,0.0,26.8736,nan,edge/x86_64,,3.12.3,2026-10-09T18:45:00Z
17,RSA-2048,classical,,keygen,137.5269,0.0,0.0,0.0,294,1218,0,0,0,0,0,0.0,2062.9033,nan,edge/x86_64,,3.12.3,2026-10-09T18:45:00Z
17,RSA-2048,classical,,encapsulate,0.1121,0.0,0.0,0.0,294,1218,256,0,0,0,0,0.0,1.681,nan,edge/x86_64,,3.12.3,2026-10-09T18:45:00Z
17,RSA-2048,classical,,decapsulate,0.842,0.0,0.0,0.0,294,1218,256,0,0,0,0,0.0,12.6304,nan,edge/x86_64,,3.12.3,2026-10-09T18:45:00Z
18,RSA-2048,classical,,keygen,30.8751,0.0,0.0,0.0,294,1218,0,0,0,0,0,0.0,463.1264,nan,edge/x86_64,,3.12.3,2026-10-09T18:45:00Z
18,RSA-2048,classical,,encapsulate,0.1032,0.0,0.0,0.0,294,1218,256,0,0,0,0,0.0,1.5475,nan,edge/x86_64,,3.12.3,2026-10-09T18:45:00Z
18,RSA-2048,classical,,decapsulate,0.8839,0.0,0.0,0.0,294,1218,256,0,0,0,0,0.0,13.2587,nan,edge/x86_64,,3.12.3,2026-10-09T18:45:00Z
19,RSA-2048,classical,,keygen,20.0151,0.0,0.0,0.0,294,1217,0,0,0,0,0,0.0,300.2272,nan,edge/x86_64,,3.12.3,2026-10-09T18:45:00Z
19,RSA-2048,classical,,encapsulate,0.1943,0.0,0.0,0.0,294,1217,256,0,0,0,0,0.0,2.9152,nan,edge/x86_64,,3.12.3,2026-10-09T18:45:00Z
19,RSA-2048,classical,,decapsulate,1.8605,0.0,0.0,0.0,294,1217,256,0,0,0,0,0.0,27.9075,nan,edge/x86_64,,3.12.3,2026-10-09T18:45:00Z
20,RSA-2048,classical,,keygen,78.8492,0.0,0.0,0.0,294,1219,0,0,0,0,0,0.0,1182.7373,nan,edge/x86_64,,3.12.3,2026-10-09T18:45:00Z
20,RSA-2048,classical,,encapsulate,0.1677,0.0,0.0,0.0,294,1219,256,0,0,0,0,0.0,2.515,nan,edge/x86_64,,3.12.3,2026-10-09T18:45:00Z
20,RSA-2048,classical,,decapsulate,1.6389,0.0,0.0,0.0,294,1219,256,0,0,0,0,0.0,24.5839,nan,edge/x86_64,,3.12.3,2026-10-09T18:45:00Z
21,RSA-2048,classical,,keygen,156.3006,0.0,0.0,0.0,294,1216,0,0,0,0,0,0.0,2344.5096,nan,edge/x86_64,,3.12.3,2026-10-09T18:45:00Z
21,RSA-2048,classical,,encapsulate,0.2238,0.0,0.0,0.0,294,1216,256,0,0,0,0,0.0,3.3573,nan,edge/x86_64,,3.12.3,2026-10-09T18:45:00Z
21,RSA-2048,classical,,decapsulate,1.8469,0.0,0.0,0.0,294,1216,256,0,0,0,0,0.0,27.703,nan,edge/x86_64,,3.12.3,2026-10-09T18:45:00Z
22,RSA-2048,classical,,keygen,23.567,0.0,0.0,0.0,294,1216,0,0,0,0,0,0.0,353.5046,nan,edge/x86_64,,3.12.3,2026-10-09T18:45:00Z
22,RSA-2048,classical,,encapsulate,0.2177,0.0,0.0,0.0,294,1216,256,0,0,0,0,0.0,3.2649,nan,edge/x86_64,,3.12.3,2026-10-09T18:45:00Z
22,RSA-2048,classical,,decapsulate,1.6931,0.0,0.0,0.0,294,1216,256,0,0,0,0,0.0,25.3959,nan,edge/x86_64,,3.12.3,2026-10-09T18:45:00Z
23,RSA-2048,classical,,keygen,149.8231,0.0,0.0,0.0,294,1217,0,0,0,0,0,0.0,2247.3466,nan,edge/x86_64,,3.12.3,2026-10-09T18:45:00Z
23,RSA-2048,classical,,encapsulate,0.108,0.0,0.0,0.0,294,1217,256,0,0,0,0,0.0,1.6199,nan,edge/x86_64,,3.12.3,2026-10-09T18:45:00Z
23,RSA-2048,classical,,decapsulate,0.8478,0.0,0.0,0.0,294,1217,256,0,0,0,0,0.0,12.7175,nan,edge/x86_64,,3.12.3,2026-10-09T18:45:00Z
24,RSA-2048,classical,,keygen,18.18,0.0,0.0,0.0,294,1218,0,0,0,0,0,0.0,272.7002,nan,edge/x86_64,,3.12.3,2026-10-09T18:45:00Z
24,RSA-2048,classical,,encapsulate,0.1217,0.0,0.0,0.0,294,1218,256,0,0,0,0,0.0,1.8254,nan,edge/x86_64,,3.12.3,2026-10-09T18:45:00Z
24,RSA-2048,classical,,decapsulate,0.8437,0.0,0.0,0.0,294,1218,256,0,0,0,0,0.0,12.6561,nan,edge/x86_64,,3.12.3,2026-10-09T18:45:00Z
25,RSA-2048,classical,,keygen,26.5606,0.0,0.0,0.0,294,1216,0,0,0,0,0,0.0,398.4097,nan,edge/x86_64,,3.12.3,2026-10-09T18:45:00Z
25,RSA-2048,classical,,encapsulate,0.0898,0.0,0.0,0.0,294,1216,256,0,0,0,0,0.0,1.3475,nan,edge/x86_64,,3.12.3,2026-10-09T18:45:00Z
25,RSA-2048,classical,,decapsulate,0.8316,0.0,0.0,0.0,294,1216,256,0,0,0,0,0.0,12.4735,nan,edge/x86_64,,3.12.3,2026-10-09T18:45:00Z
26,RSA-2048,classical,,keygen,113.8509,0.0,0.0,0.0,294,1217,0,0,0,0,0,0.0,1707.7628,nan,edge/x86_64,,3.12.3,2026-10-09T18:45:00Z
26,RSA-2048,classical,,encapsulate,0.1357,0.0,0.0,0.0,294,1217,256,0,0,0,0,0.0,2.0357,nan,edge/x86_64,,3.12.3,2026-10-09T18:45:00Z
26,RSA-2048,classical,,decapsulate,1.8242,0.0,0.0,0.0,294,1217,256,0,0,0,0,0.0,27.3623,nan,edge/x86_64,,3.12.3,2026-10-09T18:45:00Z
27,RSA-2048,classical,,keygen,205.5404,0.0,0.0,0.0,294,1216,0,0,0,0,0,0.0,3083.1054,nan,edge/x86_64,,3.12.3,2026-10-09T18:45:00Z
27,RSA-2048,classical,,encapsulate,0.1643,0.0,0.0,0.0,294,1216,256,0,0,0,0,0.0,2.4649,nan,edge/x86_64,,3.12.3,2026-10-09T18:45:00Z
27,RSA-2048,classical,,decapsulate,0.8459,0.0,0.0,0.0,294,1216,256,0,0,0,0,0.0,12.6881,nan,edge/x86_64,,3.12.3,2026-10-09T18:45:00Z
28,RSA-2048,classical,,keygen,42.4063,0.0,0.0,0.0,294,1217,0,0,0,0,0,0.0,636.0946,nan,edge/x86_64,,3.12.3,2026-10-09T18:45:00Z
28,RSA-2048,classical,,encapsulate,0.1753,0.0,0.0,0.0,294,1217,256,0,0,0,0,0.0,2.629,nan,edge/x86_64,,3.12.3,2026-10-09T18:45:00Z
28,RSA-2048,classical,,decapsulate,1.9554,0.0,0.0,0.0,294,1217,256,0,0,0,0,0.0,29.3305,nan,edge/x86_64,,3.12.3,2026-10-09T18:45:00Z
29,RSA-2048,classical,,keygen,25.9524,0.0,0.0,0.0,294,1218,0,0,0,0,0,0.0,389.2854,nan,edge/x86_64,,3.12.3,2026-10-09T18:45:00Z
29,RSA-2048,classical,,encapsulate,0.1227,0.0,0.0,0.0,294,1218,256,0,0,0,0,0.0,1.8412,nan,edge/x86_64,,3.12.3,2026-10-09T18:45:00Z
29,RSA-2048,classical,,decapsulate,0.8813,0.0,0.0,0.0,294,1218,256,0,0,0,0,0.0,13.2198,nan,edge/x86_64,,3.12.3,2026-10-09T18:45:00Z
30,RSA-2048,classical,,keygen,147.3546,0.0,0.0,0.0,294,1217,0,0,0,0,0,0.0,2210.3184,nan,edge/x86_64,,3.12.3,2026-10-09T18:45:00Z
30,RSA-2048,classical,,encapsulate,0.1839,0.0,0.0,0.0,294,1217,256,0,0,0,0,0.0,2.7583,nan,edge/x86_64,,3.12.3,2026-10-09T18:45:00Z
30,RSA-2048,classical,,decapsulate,1.8271,0.0,0.0,0.0,294,1217,256,0,0,0,0,0.0,27.4069,nan,edge/x86_64,,3.12.3,2026-10-09T18:45:00Z
31,RSA-2048,classical,,keygen,104.7242,0.0,0.0,0.0,294,1218,0,0,0,0,0,0.0,1570.8635,nan,edge/x86_64,,3.12.3,2026-10-09T18:45:00Z
31,RSA-2048,classical,,encapsulate,0.1679,0.0,0.0,0.0,294,1218,256,0,0,0,0,0.0,2.5183,nan,edge/x86_64,,3.12.3,2026-10-09T18:45:00Z
31,RSA-2048,classical,,decapsulate,1.8441,0.0,0.0,0.0,294,1218,256,0,0,0,0,0.0,27.6608,nan,edge/x86_64,,3.12.3,2026-10-09T18:45:00Z
32,RSA-2048,classical,,keygen,103.3802,0.0,0.0,0.0,294,1218,0,0,0,0,0,0.0,1550.7023,nan,edge/x86_64,,3.12.3,2026-10-09T18:45:00Z
32,RSA-2048,classical,,encapsulate,0.1109,0.0,0.0,0.0,294,1218,256,0,0,0,0,0.0,1.6634,nan,edge/x86_64,,3.12.3,2026-10-09T18:45:00Z
32,RSA-2048,classical,,decapsulate,0.8654,0.0,0.0,0.0,294,1218,256,0,0,0,0,0.0,12.9815,nan,edge/x86_64,,3.12.3,2026-10-09T18:45:00Z
33,RSA-2048,classical,,keygen,45.813,0.0,0.0,0.0,294,1218,0,0,0,0,0,0.0,687.1952,nan,edge/x86_64,,3.12.3,2026-10-09T18:45:00Z
33,RSA-2048,classical,,encapsulate,0.1357,0.0,0.0,0.0,294,1218,256,0,0,0,0,0.0,2.0362,nan,edge/x86_64,,3.12.3,2026-10-09T18:45:00Z
33,RSA-2048,classical,,decapsulate,1.7573,0.0,0.0,0.0,294,1218,256,0,0,0,0,0.0,26.3598,nan,edge/x86_64,,3.12.3,2026-10-09T18:45:00Z
34,RSA-2048,classical,,keygen,49.2986,0.0,0.0,0.0,294,1219,0,0,0,0,0,0.0,739.4788,nan,edge/x86_64,,3.12.3,2026-10-09T18:45:00Z
34,RSA-2048,classical,,encapsulate,0.1889,0.0,0.0,0.0,294,1219,256,0,0,0,0,0.0,2.8341,nan,edge/x86_64,,3.12.3,2026-10-09T18:45:00Z
34,RSA-2048,classical,,decapsulate,1.7509,0.0,0.0,0.0,294,1219,256,0,0,0,0,0.0,26.2634,nan,edge/x86_64,,3.12.3,2026-10-09T18:45:00Z
35,RSA-2048,classical,,keygen,161.3339,0.0,0.0,0.0,294,1217,0,0,0,0,0,0.0,2420.008,nan,edge/x86_64,,3.12.3,2026-10-09T18:45:00Z
35,RSA-2048,classical,,encapsulate,0.1336,0.0,0.0,0.0,294,1217,256,0,0,0,0,0.0,2.0039,nan,edge/x86_64,,3.12.3,2026-10-09T18:45:00Z
35,RSA-2048,classical,,decapsulate,1.7632,0.0,0.0,0.0,294,1217,256,0,0,0,0,0.0,26.4478,nan,edge/x86_64,,3.12.3,2026-10-09T18:45:00Z
36,RSA-2048,classical,,keygen,43.8763,0.0,0.0,0.0,294,1217,0,0,0,0,0,0.0,658.1445,nan,edge/x86_64,,3.12.3,2026-10-09T18:45:00Z
36,RSA-2048,classical,,encapsulate,0.1979,0.0,0.0,0.0,294,1217,256,0,0,0,0,0.0,2.9687,nan,edge/x86_64,,3.12.3,2026-10-09T18:45:00Z
36,RSA-2048,classical,,decapsulate,1.6856,0.0,0.0,0.0,294,1217,256,0,0,0,0,0.0,25.2844,nan,edge/x86_64,,3.12.3,2026-10-09T18:45:00Z
37,RSA-2048,classical,,keygen,74.1481,0.0,0.0,0.0,294,1217,0,0,0,0,0,0.0,1112.2216,nan,edge/x86_64,,3.12.3,2026-10-09T18:45:00Z
37,RSA-2048,classical,,encapsulate,0.1659,0.0,0.0,0.0,294,1217,256,0,0,0,0,0.0,2.4888,nan,edge/x86_64,,3.12.3,2026-10-09T18:45:00Z
37,RSA-2048,classical,,decapsulate,1.7651,0.0,0.0,0.0,294,1217,256,0,0,0,0,0.0,26.4764,nan,edge/x86_64,,3.12.3,2026-10-09T18:45:00Z
38,RSA-2048,classical,,keygen,155.2216,0.0,0.0,0.0,294,1219,0,0,0,0,0,0.0,2328.3242,nan,edge/x86_64,,3.12.3,2026-10-09T18:45:00Z
38,RSA-2048,classical,,encapsulate,0.0854,0.0,0.0,0.0,294,1219,256,0,0,0,0,0.0,1.2812,nan,edge/x86_64,,3.12.3,2026-10-09T18:45:00Z
38,RSA-2048,classical,,decapsulate,0.8869,0.0,0.0,0.0,294,1219,256,0,0,0,0,0.0,13.3037,nan,edge/x86_64,,3.12.3,2026-10-09T18:45:00Z
39,RSA-2048,classical,,keygen,36.533,0.0,0.0,0.0,294,1219,0,0,0,0,0,0.0,547.9943,nan,edge/x86_64,,3.12.3,2026-10-09T18:45:00Z
39,RSA-2048,classical,,encapsulate,0.0855,0.0,0.0,0.0,294,1219,256,0,0,0,0,0.0,1.2827,nan,edge/x86_64,,3.12.3,2026-10-09T18:45:00Z
39,RSA-2048,classical,,decapsulate,0.8198,0.0,0.0,0.0,294,1219,256,0,0,0,0,0.0,12.2964,nan,edge/x86_64,,3.12.3,2026-10-09T18:45:00Z
40,RSA-2048,classical,,keygen,41.607,0.0,0.0,0.0,294,1217,0,0,0,0,0,0.0,624.1055,nan,edge/x86_64,,3.12.3,2026-10-09T18:45:00Z
40,RSA-2048,classical,,encapsulate,0.1399,0.0,0.0,0.0,294,1217,256,0,0,0,0,0.0,2.0991,nan,edge/x86_64,,3.12.3,2026-10-09T18:45:00Z
40,RSA-2048,classical,,decapsulate,0.9147,0.0,0.0,0.0,294,1217,256,0,0,0,0,0.0,13.7199,nan,edge/x86_64,,3.12.3,2026-10-09T18:45:00Z
41,RSA-2048,classical,,keygen,22.8177,0.0,0.0,0.0,294,1217,0,0,0,0,0,0.0,342.2662,nan,edge/x86_64,,3.12.3,2026-10-09T18:45:00Z
41,RSA-2048,classical,,encapsulate,0.0952,0.0,0.0,0.0,294,1217,256,0,0,0,0,0.0,1.4287,nan,edge/x86_64,,3.12.3,2026-10-09T18:45:00Z
41,RSA-2048,classical,,decapsulate,0.8499,0.0,0.0,0.0,294,1217,256,0,0,0,0,0.0,12.7482,nan,edge/x86_64,,3.12.3,2026-10-09T18:45:00Z
42,RSA-2048,classical,,keygen,21.563,0.0,0.0,0.0,294,1217,0,0,0,0,0,0.0,323.4451,nan,edge/x86_64,,3.12.3,2026-10-09T18:45:00Z
42,RSA-2048,classical,,encapsulate,0.0927,0.0,0.0,0.0,294,1217,256,0,0,0,0,0.0,1.3899,nan,edge/x86_64,,3.12.3,2026-10-09T18:45:00Z
42,RSA-2048,classical,,decapsulate,0.8473,0.0,0.0,0.0,294,1217,256,0,0,0,0,0.0,12.7092,nan,edge/x86_64,,3.12.3,2026-10-09T18:45:00Z
43,RSA-2048,classical,,keygen,43.8757,0.0,0.0,0.0,294,1216,0,0,0,0,0,0.0,658.1355,nan,edge/x86_64,,3.12.3,2026-10-09T18:45:00Z
43,RSA-2048,classical,,encapsulate,0.1188,0.0,0.0,0.0,294,1216,256,0,0,0,0,0.0,1.7825,nan,edge/x86_64,,3.12.3,2026-10-09T18:45:00Z
43,RSA-2048,classical,,decapsulate,0.8717,0.0,0.0,0.0,294,1216,256,0,0,0,0,0.0,13.0756,nan,edge/x86_64,,3.12.3,2026-10-09T18:45:00Z
44,RSA-2048,classical,,keygen,12.4855,0.0,0.0,0.0,294,1219,0,0,0,0,0,0.0,187.2826,nan,edge/x86_64,,3.12.3,2026-10-09T18:45:00Z
44,RSA-2048,classical,,encapsulate,0.0861,0.0,0.0,0.0,294,1219,256,0,0,0,0,0.0,1.2915,nan,edge/x86_64,,3.12.3,2026-10-09T18:45:00Z
44,RSA-2048,classical,,decapsulate,0.8613,0.0,0.0,0.0,294,1219,256,0,0,0,0,0.0,12.9193,nan,edge/x86_64,,3.12.3,2026-10-09T18:45:00Z
45,RSA-2048,classical,,keygen,30.3307,0.0,0.0,0.0,294,1216,0,0,0,0,0,0.0,454.9601,nan,edge/x86_64,,3.12.3,2026-10-09T18:45:00Z
45,RSA-2048,classical,,encapsulate,0.1017,0.0,0.0,0.0,294,1216,256,0,0,0,0,0.0,1.5255,nan,edge/x86_64,,3.12.3,2026-10-09T18:45:00Z
45,RSA-2048,classical,,decapsulate,0.8948,0.0,0.0,0.0,294,1216,256,0,0,0,0,0.0,13.4214,nan,edge/x86_64,,3.12.3,2026-10-09T18:45:00Z
46,RSA-2048,classical,,keygen,134.7062,0.0,0.0,0.0,294,1218,0,0,0,0,0,0.0,2020.5934,nan,edge/x86_64,,3.12.3,2026-10-09T18:45:00Z
46,RSA-2048,classical,,encapsulate,0.1707,0.0,0.0,0.0,294,1218,256,0,0,0,0,0.0,2.56,nan,edge/x86_64,,3.12.3,2026-10-09T18:45:00Z
46,RSA-2048,classical,,decapsulate,1.7653,0.0,0.0,0.0,294,1218,256,0,0,0,0,0.0,26.4791,nan,edge/x86_64,,3.12.3,2026-10-09T18:45:00Z
47,RSA-2048,classical,,keygen,39.2998,0.0,0.0,0.0,294,1219,0,0,0,0,0,0.0,589.4967,nan,edge/x86_64,,3.12.3,2026-10-09T18:45:00Z
47,RSA-2048,classical,,encapsulate,0.151,0.0,0.0,0.0,294,1219,256,0,0,0,0,0.0,2.2649,nan,edge/x86_64,,3.12.3,2026-10-09T18:45:00Z
47,RSA-2048,classical,,decapsulate,1.8691,0.0,0.0,0.0,294,1219,256,0,0,0,0,0.0,28.036,nan,edge/x86_64,,3.12.3,2026-10-09T18:45:00Z
48,RSA-2048,classical,,keygen,95.8654,0.0,0.0,0.0,294,1216,0,0,0,0,0,0.0,1437.9803,nan,edge/x86_64,,3.12.3,2026-10-09T18:45:00Z
48,RSA-2048,classical,,encapsulate,0.1627,0.0,0.0,0.0,294,1216,256,0,0,0,0,0.0,2.4398,nan,edge/x86_64,,3.12.3,2026-10-09T18:45:00Z
48,RSA-2048,classical,,decapsulate,1.5812,0.0,0.0,0.0,294,1216,256,0,0,0,0,0.0,23.7187,nan,edge/x86_64,,3.12.3,2026-10-09T18:45:00Z
49,RSA-2048,classical,,keygen,63.5537,0.0,0.0,0.0,294,1216,0,0,0,0,0,0.0,953.3058,nan,edge/x86_64,,3.12.3,2026-10-09T18:45:00Z
49,RSA-2048,classical,,encapsulate,0.1861,0.0,0.0,0.0,294,1216,256,0,0,0,0,0.0,2.7919,nan,edge/x86_64,,3.12.3,2026-10-09T18:45:00Z
49,RSA-2048,classical,,decapsulate,1.9589,0.0,0.0,0.0,294,1216,256,0,0,0,0,0.0,29.3841,nan,edge/x86_64,,3.12.3,2026-10-09T18:45:00Z
50,RSA-2048,classical,,keygen,37.4902,0.0,0.0,0.0,294,1217,0,0,0,0,0,0.0,562.3525,nan,edge/x86_64,,3.12.3,2026-10-09T18:45:00Z
50,RSA-2048,classical,,encapsulate,0.1837,0.0,0.0,0.0,294,1217,256,0,0,0,0,0.0,2.7551,nan,edge/x86_64,,3.12.3,2026-10-09T18:45:00Z
50,RSA-2048,classical,,decapsulate,1.708,0.0,0.0,0.0,294,1217,256,0,0,0,0,0.0,25.6194,nan,edge/x86_64,,3.12.3,2026-10-09T18:45:00Z
51,RSA-2048,classical,,keygen,34.4261,0.0,0.0,0.0,294,1217,0,0,0,0,0,0.0,516.3919,nan,edge/x86_64,,3.12.3,2026-10-09T18:45:00Z
51,RSA-2048,classical,,encapsulate,0.2052,0.0,0.0,0.0,294,1217,256,0,0,0,0,0.0,3.0786,nan,edge/x86_64,,3.12.3,2026-10-09T18:45:00Z
51,RSA-2048,classical,,decapsulate,1.7721,0.0,0.0,0.0,294,1217,256,0,0,0,0,0.0,26.5822,nan,edge/x86_64,,3.12.3,2026-10-09T18:45:00Z
52,RSA-2048,classical,,keygen,110.4936,0.0,0.0,0.0,294,1216,0,0,0,0,0,0.0,1657.4038,nan,edge/x86_64,,3.12.3,2026-10-09T18:45:00Z
52,RSA-2048,classical,,encapsulate,0.2384,0.0,0.0,0.0,294,1216,256,0,0,0,0,0.0,3.5755,nan,edge/x86_64,,3.12.3,2026-10-09T18:45:00Z
52,RSA-2048,classical,,decapsulate,1.6986,0.0,0.0,0.0,294,1216,256,0,0,0,0,0.0,25.4789,nan,edge/x86_64,,3.12.3,2026-10-09T18:45:00Z
53,RSA-2048,classical,,keygen,145.153,0.0,0.0,0.0,294,1218,0,0,0,0,0,0.0,2177.2956,nan,edge/x86_64,,3.12.3,2026-10-09T18:45:00Z
53,RSA-2048,classical,,encapsulate,0.2132,0.0,0.0,0.0,294,1218,256,0,0,0,0,0.0,3.1974,nan,edge/x86_64,,3.12.3,2026-10-09T18:45:00Z
53,RSA-2048,classical,,decapsulate,1.5851,0.0,0.0,0.0,294,1218,256,0,0,0,0,0.0,23.776,nan,edge/x86_64,,3.12.3,2026-10-09T18:45:00Z
54,RSA-2048,classical,,keygen,32.4297,0.0,0.0,0.0,294,1218,0,0,0,0,0,0.0,486.4448,nan,edge/x86_64,,3.12.3,2026-10-09T18:45:00Z
54,RSA-2048,classical,,encapsulate,0.2874,0.0,0.0,0.0,294,1218,256,0,0,0,0,0.0,4.3108,nan,edge/x86_64,,3.12.3,2026-10-09T18:45:00Z
54,RSA-2048,classical,,decapsulate,1.7321,0.0,0.0,0.0,294,1218,256,0,0,0,0,0.0,25.9816,nan,edge/x86_64,,3.12.3,2026-10-09T18:45:00Z
55,RSA-2048,classical,,keygen,184.1829,0.0,0.0,0.0,294,1216,0,0,0,0,0,0.0,2762.743,nan,edge/x86_64,,3.12.3,2026-10-09T18:45:00Z
55,RSA-2048,classical,,encapsulate,0.2513,0.0,0.0,0.0,294,1216,256,0,0,0,0,0.0,3.7688,nan,edge/x86_64,,3.12.3,2026-10-09T18:45:00Z
55,RSA-2048,classical,,decapsulate,1.8674,0.0,0.0,0.0,294,1216,256,0,0,0,0,0.0,28.0115,nan,edge/x86_64,,3.12.3,2026-10-09T18:45:00Z
56,RSA-2048,classical,,keygen,48.6698,0.0,0.0,0.0,294,1217,0,0,0,0,0,0.0,730.0469,nan,edge/x86_64,,3.12.3,2026-10-09T18:45:00Z
56,RSA-2048,classical,,encapsulate,0.1397,0.0,0.0,0.0,294,1217,256,0,0,0,0,0.0,2.0956,nan,edge/x86_64,,3.12.3,2026-10-09T18:45:00Z
56,RSA-2048,classical,,decapsulate,1.8234,0.0,0.0,0.0,294,1217,256,0,0,0,0,0.0,27.3504,nan,edge/x86_64,,3.12.3,2026-10-09T18:45:00Z
57,RSA-2048,classical,,keygen,98.3477,0.0,0.0,0.0,294,1216,0,0,0,0,0,0.0,1475.2149,nan,edge/x86_64,,3.12.3,2026-10-09T18:45:00Z
57,RSA-2048,classical,,encapsulate,0.2329,0.0,0.0,0.0,294,1216,256,0,0,0,0,0.0,3.4941,nan,edge/x86_64,,3.12.3,2026-10-09T18:45:00Z
57,RSA-2048,classical,,decapsulate,1.7088,0.0,0.0,0.0,294,1216,256,0,0,0,0,0.0,25.6325,nan,edge/x86_64,,3.12.3,2026-10-09T18:45:00Z
58,RSA-2048,classical,,keygen,112.6683,0.0,0.0,0.0,294,1219,0,0,0,0,0,0.0,1690.0252,nan,edge/x86_64,,3.12.3,2026-10-09T18:45:00Z
58,RSA-2048,classical,,encapsulate,0.2997,0.0,0.0,0.0,294,1219,256,0,0,0,0,0.0,4.4954,nan,edge/x86_64,,3.12.3,2026-10-09T18:45:00Z
58,RSA-2048,classical,,decapsulate,1.9697,0.0,0.0,0.0,294,1219,256,0,0,0,0,0.0,29.5458,nan,edge/x86_64,,3.12.3,2026-10-09T18:45:00Z
59,RSA-2048,classical,,keygen,20.5284,0.0,0.0,0.0,294,1218,0,0,0,0,0,0.0,307.9267,nan,edge/x86_64,,3.12.3,2026-10-09T18:45:00Z
59,RSA-2048,classical,,encapsulate,0.157,0.0,0.0,0.0,294,1218,256,0,0,0,0,0.0,2.3554,nan,edge/x86_64,,3.12.3,2026-10-09T18:45:00Z
59,RSA-2048,classical,,decapsulate,1.1419,0.0,0.0,0.0,294,1218,256,0,0,0,0,0.0,17.1289,nan,edge/x86_64,,3.12.3,2026-10-09T18:45:00Z
60,RSA-2048,classical,,keygen,104.1721,0.0,0.0,0.0,294,1217,0,0,0,0,0,0.0,1562.5809,nan,edge/x86_64,,3.12.3,2026-10-09T18:45:00Z
60,RSA-2048,classical,,encapsulate,0.1549,0.0,0.0,0.0,294,1217,256,0,0,0,0,0.0,2.3236,nan,edge/x86_64,,3.12.3,2026-10-09T18:45:00Z
60,RSA-2048,classical,,decapsulate,1.8801,0.0,0.0,0.0,294,1217,256,0,0,0,0,0.0,28.2019,nan,edge/x86_64,,3.12.3,2026-10-09T18:45:00Z
61,RSA-2048,classical,,keygen,26.6743,0.0,0.0,0.0,294,1217,0,0,0,0,0,0.0,400.1141,nan,edge/x86_64,,3.12.3,2026-10-09T18:45:00Z
61,RSA-2048,classical,,encapsulate,0.1534,0.0,0.0,0.0,294,1217,256,0,0,0,0,0.0,2.3009,nan,edge/x86_64,,3.12.3,2026-10-09T18:45:00Z
61,RSA-2048,classical,,decapsulate,1.6398,0.0,0.0,0.0,294,1217,256,0,0,0,0,0.0,24.5968,nan,edge/x86_64,,3.12.3,2026-10-09T18:45:00Z
62,RSA-2048,classical,,keygen,108.3603,0.0,0.0,0.0,294,1219,0,0,0,0,0,0.0,1625.4048,nan,edge/x86_64,,3.12.3,2026-10-09T18:45:00Z
62,RSA-2048,classical,,encapsulate,0.1572,0.0,0.0,0.0,294,1219,256,0,0,0,0,0.0,2.3577,nan,edge/x86_64,,3.12.3,2026-10-09T18:45:00Z
62,RSA-2048,classical,,decapsulate,1.8437,0.0,0.0,0.0,294,1219,256,0,0,0,0,0.0,27.6558,nan,edge/x86_64,,3.12.3,2026-10-09T18:45:00Z
63,RSA-2048,classical,,keygen,17.4889,0.0,0.0,0.0,294,1217,0,0,0,0,0,0.0,262.3341,nan,edge/x86_64,,3.12.3,2026-10-09T18:45:00Z
63,RSA-2048,classical,,encapsulate,0.2345,0.0,0.0,0.0,294,1217,256,0,0,0,0,0.0,3.5173,nan,edge/x86_64,,3.12.3,2026-10-09T18:45:00Z
63,RSA-2048,classical,,decapsulate,0.9107,0.0,0.0,0.0,294,1217,256,0,0,0,0,0.0,13.6599,nan,edge/x86_64,,3.12.3,2026-10-09T18:45:00Z
64,RSA-2048,classical,,keygen,52.9743,0.0,0.0,0.0,294,1218,0,0,0,0,0,0.0,794.6143,nan,edge/x86_64,,3.12.3,2026-10-09T18:45:00Z
64,RSA-2048,classical,,encapsulate,0.1473,0.0,0.0,0.0,294,1218,256,0,0,0,0,0.0,2.2102,nan,edge/x86_64,,3.12.3,2026-10-09T18:45:00Z
64,RSA-2048,classical,,decapsulate,1.6807,0.0,0.0,0.0,294,1218,256,0,0,0,0,0.0,25.2109,nan,edge/x86_64,,3.12.3,2026-10-09T18:45:00Z
65,RSA-2048,classical,,keygen,59.4086,0.0,0.0,0.0,294,1218,0,0,0,0,0,0.0,891.1293,nan,edge/x86_64,,3.12.3,2026-10-09T18:45:00Z
65,RSA-2048,classical,,encapsulate,0.1969,0.0,0.0,0.0,294,1218,256,0,0,0,0,0.0,2.9539,nan,edge/x86_64,,3.12.3,2026-10-09T18:45:00Z
65,RSA-2048,classical,,decapsulate,1.9687,0.0,0.0,0.0,294,1218,256,0,0,0,0,0.0,29.5301,nan,edge/x86_64,,3.12.3,2026-10-09T18:45:00Z
66,RSA-2048,classical,,keygen,21.2648,0.0,0.0,0.0,294,1216,0,0,0,0,0,0.0,318.9719,nan,edge/x86_64,,3.12.3,2026-10-09T18:45:00Z
66,RSA-2048,classical,,encapsulate,0.1526,0.0,0.0,0.0,294,1216,256,0,0,0,0,0.0,2.2886,nan,edge/x86_64,,3.12.3,2026-10-09T18:45:00Z
66,RSA-2048,classical,,decapsulate,0.9528,0.0,0.0,0.0,294,1216,256,0,0,0,0,0.0,14.2919,nan,edge/x86_64,,3.12.3,2026-10-09T18:45:00Z
67,RSA-2048,classical,,keygen,8.3764,0.0,0.0,0.0,294,1217,0,0,0,0,0,0.0,125.6455,nan,edge/x86_64,,3.12.3,2026-10-09T18:45:00Z
67,RSA-2048,classical,,encapsulate,0.1569,0.0,0.0,0.0,294,1217,256,0,0,0,0,0.0,2.3536,nan,edge/x86_64,,3.12.3,2026-10-09T18:45:00Z
67,RSA-2048,classical,,decapsulate,0.9027,0.0,0.0,0.0,294,1217,256,0,0,0,0,0.0,13.5401,nan,edge/x86_64,,3.12.3,2026-10-09T18:45:00Z
68,RSA-2048,classical,,keygen,17.3769,0.0,0.0,0.0,294,1217,0,0,0,0,0,0.0,260.6536,nan,edge/x86_64,,3.12.3,2026-10-09T18:45:00Z
68,RSA-2048,classical,,encapsulate,0.1559,0.0,0.0,0.0,294,1217,256,0,0,0,0,0.0,2.339,nan,edge/x86_64,,3.12.3,2026-10-09T18:45:00Z
68,RSA-2048,classical,,decapsulate,1.3177,0.0,0.0,0.0,294,1217,256,0,0,0,0,0.0,19.7648,nan,edge/x86_64,,3.12.3,2026-10-09T18:45:00Z
69,RSA-2048,classical,,keygen,9.8314,0.0,0.0,0.0,294,1218,0,0,0,0,0,0.0,147.4712,nan,edge/x86_64,,3.12.3,2026-10-09T18:45:00Z
69,RSA-2048,classical,,encapsulate,0.0951,0.0,0.0,0.0,294,1218,256,0,0,0,0,0.0,1.4263,nan,edge/x86_64,,3.12.3,2026-10-09T18:45:00Z
69,RSA-2048,classical,,decapsulate,0.9063,0.0,0.0,0.0,294,1218,256,0,0,0,0,0.0,13.595,nan,edge/x86_64,,3.12.3,2026-10-09T18:45:00Z
70,RSA-2048,classical,,keygen,34.3038,0.0,0.0,0.0,294,1217,0,0,0,0,0,0.0,514.5574,nan,edge/x86_64,,3.12.3,2026-10-09T18:45:00Z
70,RSA-2048,classical,,encapsulate,0.1192,0.0,0.0,0.0,294,1217,256,0,0,0,0,0.0,1.7877,nan,edge/x86_64,,3.12.3,2026-10-09T18:45:00Z
70,RSA-2048,classical,,decapsulate,0.8855,0.0,0.0,0.0,294,1217,256,0,0,0,0,0.0,13.2831,nan,edge/x86_64,,3.12.3,2026-10-09T18:45:00Z
71,RSA-2048,classical,,keygen,108.9878,0.0,0.0,0.0,294,1216,0,0,0,0,0,0.0,1634.8165,nan,edge/x86_64,,3.12.3,2026-10-09T18:45:00Z
71,RSA-2048,classical,,encapsulate,0.1961,0.0,0.0,0.0,294,1216,256,0,0,0,0,0.0,2.9421,nan,edge/x86_64,,3.12.3,2026-10-09T18:45:00Z
71,RSA-2048,classical,,decapsulate,1.3605,0.0,0.0,0.0,294,1216,256,0,0,0,0,0.0,20.4077,nan,edge/x86_64,,3.12.3,2026-10-09T18:45:00Z
72,RSA-2048,classical,,keygen,23.3331,0.0,0.0,0.0,294,1216,0,0,0,0,0,0.0,349.9959,nan,edge/x86_64,,3.12.3,2026-10-09T18:45:00Z
72,RSA-2048,classical,,encapsulate,0.1329,0.0,0.0,0.0,294,1216,256,0,0,0,0,0.0,1.993,nan,edge/x86_64,,3.12.3,2026-10-09T18:45:00Z
72,RSA-2048,classical,,decapsulate,1.4818,0.0,0.0,0.0,294,1216,256,0,0,0,0,0.0,22.2265,nan,edge/x86_64,,3.12.3,2026-10-09T18:45:00Z
73,RSA-2048,classical,,keygen,29.3856,0.0,0.0,0.0,294,1217,0,0,0,0,0,0.0,440.7833,nan,edge/x86_64,,3.12.3,2026-10-09T18:45:00Z
73,RSA-2048,classical,,encapsulate,0.1475,0.0,0.0,0.0,294,1217,256,0,0,0,0,0.0,2.2118,nan,edge/x86_64,,3.12.3,2026-10-09T18:45:00Z
73,RSA-2048,classical,,decapsulate,0.8973,0.0,0.0,0.0,294,1217,256,0,0,0,0,0.0,13.4601,nan,edge/x86_64,,3.12.3,2026-10-09T18:45:00Z
74,RSA-2048,classical,,keygen,38.5145,0.0,0.0,0.0,294,1217,0,0,0,0,0,0.0,577.7179,nan,edge/x86_64,,3.12.3,2026-10-09T18:45:00Z
74,RSA-2048,classical,,encapsulate,0.1419,0.0,0.0,0.0,294,1217,256,0,0,0,0,0.0,2.1289,nan,edge/x86_64,,3.12.3,2026-10-09T18:45:00Z
74,RSA-2048,classical,,decapsulate,0.8596,0.0,0.0,0.0,294,1217,256,0,0,0,0,0.0,12.8933,nan,edge/x86_64,,3.12.3,2026-10-09T18:45:00Z
75,RSA-2048,classical,,keygen,14.2319,0.0,0.0,0.0,294,1217,0,0,0,0,0,0.0,213.4784,nan,edge/x86_64,,3.12.3,2026-10-09T18:45:00Z
75,RSA-2048,classical,,encapsulate,0.1004,0.0,0.0,0.0,294,1217,256,0,0,0,0,0.0,1.5053,nan,edge/x86_64,,3.12.3,2026-10-09T18:45:00Z
75,RSA-2048,classical,,decapsulate,0.8641,0.0,0.0,0.0,294,1217,256,0,0,0,0,0.0,12.961,nan,edge/x86_64,,3.12.3,2026-10-09T18:45:00Z
76,RSA-2048,classical,,keygen,73.1347,0.0,0.0,0.0,294,1218,0,0,0,0,0,0.0,1097.0207,nan,edge/x86_64,,3.12.3,2026-10-09T18:45:00Z
76,RSA-2048,classical,,encapsulate,0.2478,0.0,0.0,0.0,294,1218,256,0,0,0,0,0.0,3.7168,nan,edge/x86_64,,3.12.3,2026-10-09T18:45:00Z
76,RSA-2048,classical,,decapsulate,0.9422,0.0,0.0,0.0,294,1218,256,0,0,0,0,0.0,14.1326,nan,edge/x86_64,,3.12.3,2026-10-09T18:45:00Z
77,RSA-2048,classical,,keygen,30.7476,0.0,0.0,0.0,294,1218,0,0,0,0,0,0.0,461.2136,nan,edge/x86_64,,3.12.3,2026-10-09T18:45:00Z
77,RSA-2048,classical,,encapsulate,0.0914,0.0,0.0,0.0,294,1218,256,0,0,0,0,0.0,1.3708,nan,edge/x86_64,,3.12.3,2026-10-09T18:45:00Z
77,RSA-2048,classical,,decapsulate,0.8412,0.0,0.0,0.0,294,1218,256,0,0,0,0,0.0,12.6186,nan,edge/x86_64,,3.12.3,2026-10-09T18:45:00Z
78,RSA-2048,classical,,keygen,68.7213,0.0,0.0,0.0,294,1217,0,0,0,0,0,0.0,1030.8191,nan,edge/x86_64,,3.12.3,2026-10-09T18:45:00Z
78,RSA-2048,classical,,encapsulate,0.0893,0.0,0.0,0.0,294,1217,256,0,0,0,0,0.0,1.3398,nan,edge/x86_64,,3.12.3,2026-10-09T18:45:00Z
78,RSA-2048,classical,,decapsulate,0.9368,0.0,0.0,0.0,294,1217,256,0,0,0,0,0.0,14.0517,nan,edge/x86_64,,3.12.3,2026-10-09T18:45:00Z
79,RSA-2048,classical,,keygen,41.034,0.0,0.0,0.0,294,1216,0,0,0,0,0,0.0,615.5097,nan,edge/x86_64,,3.12.3,2026-10-09T18:45:00Z
79,RSA-2048,classical,,encapsulate,0.1419,0.0,0.0,0.0,294,1216,256,0,0,0,0,0.0,2.1283,nan,edge/x86_64,,3.12.3,2026-10-09T18:45:00Z
79,RSA-2048,classical,,decapsulate,0.9254,0.0,0.0,0.0,294,1216,256,0,0,0,0,0.0,13.8815,nan,edge/x86_64,,3.12.3,2026-10-09T18:45:00Z
80,RSA-2048,classical,,keygen,58.1943,0.0,0.0,0.0,294,1218,0,0,0,0,0,0.0,872.9148,nan,edge/x86_64,,3.12.3,2026-10-09T18:45:00Z
80,RSA-2048,classical,,encapsulate,0.1387,0.0,0.0,0.0,294,1218,256,0,0,0,0,0.0,2.0804,nan,edge/x86_64,,3.12.3,2026-10-09T18:45:00Z
80,RSA-2048,classical,,decapsulate,1.774,0.0,0.0,0.0,294,1218,256,0,0,0,0,0.0,26.6107,nan,edge/x86_64,,3.12.3,2026-10-09T18:45:00Z
81,RSA-2048,classical,,keygen,95.5354,0.0,0.0,0.0,294,1218,0,0,0,0,0,0.0,1433.031,nan,edge/x86_64,,3.12.3,2026-10-09T18:45:00Z
81,RSA-2048,classical,,encapsulate,0.1652,0.0,0.0,0.0,294,1218,256,0,0,0,0,0.0,2.4781,nan,edge/x86_64,,3.12.3,2026-10-09T18:45:00Z
81,RSA-2048,classical,,decapsulate,1.7804,0.0,0.0,0.0,294,1218,256,0,0,0,0,0.0,26.7062,nan,edge/x86_64,,3.12.3,2026-10-09T18:45:00Z
82,RSA-2048,classical,,keygen,24.0911,0.0,0.0,0.0,294,1217,0,0,0,0,0,0.0,361.3661,nan,edge/x86_64,,3.12.3,2026-10-09T18:45:00Z
82,RSA-2048,classical,,encapsulate,0.0893,0.0,0.0,0.0,294,1217,256,0,0,0,0,0.0,1.3393,nan,edge/x86_64,,3.12.3,2026-10-09T18:45:00Z
82,RSA-2048,classical,,decapsulate,0.9197,0.0,0.0,0.0,294,1217,256,0,0,0,0,0.0,13.7951,nan,edge/x86_64,,3.12.3,2026-10-09T18:45:00Z
83,RSA-2048,classical,,keygen,69.0936,0.0,0.0,0.0,294,1218,0,0,0,0,0,0.0,1036.4043,nan,edge/x86_64,,3.12.3,2026-10-09T18:45:00Z
83,RSA-2048,classical,,encapsulate,0.1379,0.0,0.0,0.0,294,1218,256,0,0,0,0,0.0,2.0692,nan,edge/x86_64,,3.12.3,2026-10-09T18:45:00Z
83,RSA-2048,classical,,decapsulate,1.7993,0.0,0.0,0.0,294,1218,256,0,0,0,0,0.0,26.9898,nan,edge/x86_64,,3.12.3,2026-10-09T18:45:00Z
84,RSA-2048,classical,,keygen,19.2201,0.0,0.0,0.0,294,1217,0,0,0,0,0,0.0,288.3008,nan,edge/x86_64,,3.12.3,2026-10-09T18:45:00Z
84,RSA-2048,classical,,encapsulate,0.0903,0.0,0.0,0.0,294,1217,256,0,0,0,0,0.0,1.355,nan,edge/x86_64,,3.12.3,2026-10-09T18:45:00Z
84,RSA-2048,classical,,decapsulate,0.9992,0.0,0.0,0.0,294,1217,256,0,0,0,0,0.0,14.9877,nan,edge/x86_64,,3.12.3,2026-10-09T18:45:00Z
85,RSA-2048,classical,,keygen,41.6484,0.0,0.0,0.0,294,1216,0,0,0,0,0,0.0,624.7261,nan,edge/x86_64,,3.12.3,2026-10-09T18:45:00Z
85,RSA-2048,classical,,encapsulate,0.1054,0.0,0.0,0.0,294,1216,256,0,0,0,0,0.0,1.5809,nan,edge/x86_64,,3.12.3,2026-10-09T18:45:00Z
85,RSA-2048,classical,,decapsulate,0.8726,0.0,0.0,0.0,294,1216,256,0,0,0,0,0.0,13.0883,nan,edge/x86_64,,3.12.3,2026-10-09T18:45:00Z
86,RSA-2048,classical,,keygen,84.2459,0.0,0.0,0.0,294,1217,0,0,0,0,0,0.0,1263.6879,nan,edge/x86_64,,3.12.3,2026-10-09T18:45:00Z
86,RSA-2048,classical,,encapsulate,0.1183,0.0,0.0,0.0,294,1217,256,0,0,0,0,0.0,1.7738,nan,edge/x86_64,,3.12.3,2026-10-09T18:45:00Z
86,RSA-2048,classical,,decapsulate,0.9037,0.0,0.0,0.0,294,1217,256,0,0,0,0,0.0,13.5559,nan,edge/x86_64,,3.12.3,2026-10-09T18:45:00Z
87,RSA-2048,classical,,keygen,113.1579,0.0,0.0,0.0,294,1219,0,0,0,0,0,0.0,1697.369,nan,edge/x86_64,,3.12.3,2026-10-09T18:45:00Z
87,RSA-2048,classical,,encapsulate,0.1927,0.0,0.0,0.0,294,1219,256,0,0,0,0,0.0,2.89,nan,edge/x86_64,,3.12.3,2026-10-09T18:45:00Z
87,RSA-2048,classical,,decapsulate,1.9136,0.0,0.0,0.0,294,1219,256,0,0,0,0,0.0,28.7033,nan,edge/x86_64,,3.12.3,2026-10-09T18:45:00Z
88,RSA-2048,classical,,keygen,90.7507,0.0,0.0,0.0,294,1218,0,0,0,0,0,0.0,1361.2604,nan,edge/x86_64,,3.12.3,2026-10-09T18:45:00Z
88,RSA-2048,classical,,encapsulate,0.1641,0.0,0.0,0.0,294,1218,256,0,0,0,0,0.0,2.4612,nan,edge/x86_64,,3.12.3,2026-10-09T18:45:00Z
88,RSA-2048,classical,,decapsulate,1.6364,0.0,0.0,0.0,294,1218,256,0,0,0,0,0.0,24.5463,nan,edge/x86_64,,3.12.3,2026-10-09T18:45:00Z
89,RSA-2048,classical,,keygen,102.9932,0.0,0.0,0.0,294,1219,0,0,0,0,0,0.0,1544.898,nan,edge/x86_64,,3.12.3,2026-10-09T18:45:00Z
89,RSA-2048,classical,,encapsulate,0.2215,0.0,0.0,0.0,294,1219,256,0,0,0,0,0.0,3.322,nan,edge/x86_64,,3.12.3,2026-10-09T18:45:00Z
89,RSA-2048,classical,,decapsulate,1.6387,0.0,0.0,0.0,294,1219,256,0,0,0,0,0.0,24.5801,nan,edge/x86_64,,3.12.3,2026-10-09T18:45:00Z
90,RSA-2048,classical,,keygen,68.3131,0.0,0.0,0.0,294,1217,0,0,0,0,0,0.0,1024.6969,nan,edge/x86_64,,3.12.3,2026-10-09T18:45:00Z
90,RSA-2048,classical,,encapsulate,0.268,0.0,0.0,0.0,294,1217,256,0,0,0,0,0.0,4.0206,nan,edge/x86_64,,3.12.3,2026-10-09T18:45:00Z
90,RSA-2048,classical,,decapsulate,1.7888,0.0,0.0,0.0,294,1217,256,0,0,0,0,0.0,26.8327,nan,edge/x86_64,,3.12.3,2026-10-09T18:45:00Z
91,RSA-2048,classical,,keygen,67.7704,0.0,0.0,0.0,294,1218,0,0,0,0,0,0.0,1016.5563,nan,edge/x86_64,,3.12.3,2026-10-09T18:45:00Z
91,RSA-2048,classical,,encapsulate,0.1456,0.0,0.0,0.0,294,1218,256,0,0,0,0,0.0,2.1843,nan,edge/x86_64,,3.12.3,2026-10-09T18:45:00Z
91,RSA-2048,classical,,decapsulate,1.862,0.0,0.0,0.0,294,1218,256,0,0,0,0,0.0,27.9301,nan,edge/x86_64,,3.12.3,2026-10-09T18:45:00Z
92,RSA-2048,classical,,keygen,23.5654,0.0,0.0,0.0,294,1216,0,0,0,0,0,0.0,353.4814,nan,edge/x86_64,,3.12.3,2026-10-09T18:45:00Z
92,RSA-2048,classical,,encapsulate,0.174,0.0,0.0,0.0,294,1216,256,0,0,0,0,0.0,2.6095,nan,edge/x86_64,,3.12.3,2026-10-09T18:45:00Z
92,RSA-2048,classical,,decapsulate,1.7134,0.0,0.0,0.0,294,1216,256,0,0,0,0,0.0,25.7014,nan,edge/x86_64,,3.12.3,2026-10-09T18:45:00Z
93,RSA-2048,classical,,keygen,20.8432,0.0,0.0,0.0,294,1216,0,0,0,0,0,0.0,312.6477,nan,edge/x86_64,,3.12.3,2026-10-09T18:45:00Z
93,RSA-2048,classical,,encapsulate,0.1444,0.0,0.0,0.0,294,1216,256,0,0,0,0,0.0,2.1661,nan,edge/x86_64,,3.12.3,2026-10-09T18:45:00Z
93,RSA-2048,classical,,decapsulate,1.7974,0.0,0.0,0.0,294,1216,256,0,0,0,0,0.0,26.9615,nan,edge/x86_64,,3.12.3,2026-10-09T18:45:00Z
94,RSA-2048,classical,,keygen,40.9894,0.0,0.0,0.0,294,1216,0,0,0,0,0,0.0,614.8415,nan,edge/x86_64,,3.12.3,2026-10-09T18:45:00Z
94,RSA-2048,classical,,encapsulate,0.1861,0.0,0.0,0.0,294,1216,256,0,0,0,0,0.0,2.7909,nan,edge/x86_64,,3.12.3,2026-10-09T18:45:00Z
94,RSA-2048,classical,,decapsulate,1.7671,0.0,0.0,0.0,294,1216,256,0,0,0,0,0.0,26.5058,nan,edge/x86_64,,3.12.3,2026-10-09T18:45:00Z
95,RSA-2048,classical,,keygen,66.9604,0.0,0.0,0.0,294,1216,0,0,0,0,0,0.0,1004.4062,nan,edge/x86_64,,3.12.3,2026-10-09T18:45:00Z
95,RSA-2048,classical,,encapsulate,0.1772,0.0,0.0,0.0,294,1216,256,0,0,0,0,0.0,2.6576,nan,edge/x86_64,,3.12.3,2026-10-09T18:45:00Z
95,RSA-2048,classical,,decapsulate,0.8473,0.0,0.0,0.0,294,1216,256,0,0,0,0,0.0,12.7097,nan,edge/x86_64,,3.12.3,2026-10-09T18:45:00Z
96,RSA-2048,classical,,keygen,57.968,0.0,0.0,0.0,294,1218,0,0,0,0,0,0.0,869.5199,nan,edge/x86_64,,3.12.3,2026-10-09T18:45:00Z
96,RSA-2048,classical,,encapsulate,0.0897,0.0,0.0,0.0,294,1218,256,0,0,0,0,0.0,1.3459,nan,edge/x86_64,,3.12.3,2026-10-09T18:45:00Z
96,RSA-2048,classical,,decapsulate,0.8672,0.0,0.0,0.0,294,1218,256,0,0,0,0,0.0,13.0086,nan,edge/x86_64,,3.12.3,2026-10-09T18:45:00Z
97,RSA-2048,classical,,keygen,17.2999,0.0,0.0,0.0,294,1217,0,0,0,0,0,0.0,259.4982,nan,edge/x86_64,,3.12.3,2026-10-09T18:45:00Z
97,RSA-2048,classical,,encapsulate,0.0798,0.0,0.0,0.0,294,1217,256,0,0,0,0,0.0,1.1975,nan,edge/x86_64,,3.12.3,2026-10-09T18:45:00Z
97,RSA-2048,classical,,decapsulate,0.8831,0.0,0.0,0.0,294,1217,256,0,0,0,0,0.0,13.2469,nan,edge/x86_64,,3.12.3,2026-10-09T18:45:00Z
98,RSA-2048,classical,,keygen,14.9935,0.0,0.0,0.0,294,1216,0,0,0,0,0,0.0,224.9029,nan,edge/x86_64,,3.12.3,2026-10-09T18:45:00Z
98,RSA-2048,classical,,encapsulate,0.102,0.0,0.0,0.0,294,1216,256,0,0,0,0,0.0,1.5307,nan,edge/x86_64,,3.12.3,2026-10-09T18:45:00Z
98,RSA-2048,classical,,decapsulate,0.8894,0.0,0.0,0.0,294,1216,256,0,0,0,0,0.0,13.3405,nan,edge/x86_64,,3.12.3,2026-10-09T18:45:00Z
99,RSA-2048,classical,,keygen,36.943,0.0,0.0,0.0,294,1217,0,0,0,0,0,0.0,554.1454,nan,edge/x86_64,,3.12.3,2026-10-09T18:45:00Z
99,RSA-2048,classical,,encapsulate,0.1029,0.0,0.0,0.0,294,1217,256,0,0,0,0,0.0,1.5439,nan,edge/x86_64,,3.12.3,2026-10-09T18:45:00Z
99,RSA-2048,classical,,decapsulate,0.8991,0.0,0.0,0.0,294,1217,256,0,0,0,0,0.0,13.4861,nan,edge/x86_64,,3.12.3,2026-10-09T18:45:00Z
100,RSA-2048,classical,,keygen,144.1017,0.0,0.0,0.0,294,1216,0,0,0,0,0,0.0,2161.5248,nan,edge/x86_64,,3.12.3,2026-10-09T18:45:00Z
100,RSA-2048,classical,,encapsulate,0.1196,0.0,0.0,0.0,294,1216,256,0,0,0,0,0.0,1.7934,nan,edge/x86_64,,3.12.3,2026-10-09T18:45:00Z
100,RSA-2048,classical,,decapsulate,0.8608,0.0,0.0,0.0,294,1216,256,0,0,0,0,0.0,12.9121,nan,edge/x86_64,,3.12.3,2026-10-09T18:45:00Z
101,RSA-2048,classical,,keygen,48.4653,0.0,0.0,0.0,294,1216,0,0,0,0,0,0.0,726.9795,nan,edge/x86_64,,3.12.3,2026-10-09T18:45:00Z
101,RSA-2048,classical,,encapsulate,0.1324,0.0,0.0,0.0,294,1216,256,0,0,0,0,0.0,1.986,nan,edge/x86_64,,3.12.3,2026-10-09T18:45:00Z
101,RSA-2048,classical,,decapsulate,0.8946,0.0,0.0,0.0,294,1216,256,0,0,0,0,0.0,13.4195,nan,edge/x86_64,,3.12.3,2026-10-09T18:45:00Z
102,RSA-2048,classical,,keygen,56.6457,0.0,0.0,0.0,294,1216,0,0,0,0,0,0.0,849.6852,nan,edge/x86_64,,3.12.3,2026-10-09T18:45:00Z
102,RSA-2048,classical,,encapsulate,0.112,0.0,0.0,0.0,294,1216,256,0,0,0,0,0.0,1.6799,nan,edge/x86_64,,3.12.3,2026-10-09T18:45:00Z
102,RSA-2048,classical,,decapsulate,0.8739,0.0,0.0,0.0,294,1216,256,0,0,0,0,0.0,13.1085,nan,edge/x86_64,,3.12.3,2026-10-09T18:45:00Z
103,RSA-2048,classical,,keygen,73.5635,0.0,0.0,0.0,294,1217,0,0,0,0,0,0.0,1103.4525,nan,edge/x86_64,,3.12.3,2026-10-09T18:45:00Z
103,RSA-2048,classical,,encapsulate,0.1768,0.0,0.0,0.0,294,1217,256,0,0,0,0,0.0,2.6514,nan,edge/x86_64,,3.12.3,2026-10-09T18:45:00Z
103,RSA-2048,classical,,decapsulate,1.8668,0.0,0.0,0.0,294,1217,256,0,0,0,0,0.0,28.0018,nan,edge/x86_64,,3.12.3,2026-10-09T18:45:00Z
104,RSA-2048,classical,,keygen,47.311,0.0,0.0,0.0,294,1217,0,0,0,0,0,0.0,709.665,nan,edge/x86_64,,3.12.3,2026-10-09T18:45:00Z
104,RSA-2048,classical,,encapsulate,0.097,0.0,0.0,0.0,294,1217,256,0,0,0,0,0.0,1.4553,nan,edge/x86_64,,3.12.3,2026-10-09T18:45:00Z
104,RSA-2048,classical,,decapsulate,0.8369,0.0,0.0,0.0,294,1217,256,0,0,0,0,0.0,12.5529,nan,edge/x86_64,,3.12.3,2026-10-09T18:45:00Z
105,RSA-2048,classical,,keygen,48.2115,0.0,0.0,0.0,294,1218,0,0,0,0,0,0.0,723.1726,nan,edge/x86_64,,3.12.3,2026-10-09T18:45:00Z
105,RSA-2048,classical,,encapsulate,0.2563,0.0,0.0,0.0,294,1218,256,0,0,0,0,0.0,3.8441,nan,edge/x86_64,,3.12.3,2026-10-09T18:45:00Z
105,RSA-2048,classical,,decapsulate,1.9898,0.0,0.0,0.0,294,1218,256,0,0,0,0,0.0,29.8474,nan,edge/x86_64,,3.12.3,2026-10-09T18:45:00Z
106,RSA-2048,classical,,keygen,103.8259,0.0,0.0,0.0,294,1218,0,0,0,0,0,0.0,1557.3888,nan,edge/x86_64,,3.12.3,2026-10-09T18:45:00Z
106,RSA-2048,classical,,encapsulate,0.1093,0.0,0.0,0.0,294,1218,256,0,0,0,0,0.0,1.6401,nan,edge/x86_64,,3.12.3,2026-10-09T18:45:00Z
106,RSA-2048,classical,,decapsulate,0.8424,0.0,0.0,0.0,294,1218,256,0,0,0,0,0.0,12.6357,nan,edge/x86_64,,3.12.3,2026-10-09T18:45:00Z
107,RSA-2048,classical,,keygen,35.324,0.0,0.0,0.0,294,1219,0,0,0,0,0,0.0,529.8595,nan,edge/x86_64,,3.12.3,2026-10-09T18:45:00Z
107,RSA-2048,classical,,encapsulate,0.0876,0.0,0.0,0.0,294,1219,256,0,0,0,0,0.0,1.3135,nan,edge/x86_64,,3.12.3,2026-10-09T18:45:00Z
107,RSA-2048,classical,,decapsulate,0.8304,0.0,0.0,0.0,294,1219,256,0,0,0,0,0.0,12.4554,nan,edge/x86_64,,3.12.3,2026-10-09T18:45:00Z
108,RSA-2048,classical,,keygen,88.167,0.0,0.0,0.0,294,1218,0,0,0,0,0,0.0,1322.5045,nan,edge/x86_64,,3.12.3,2026-10-09T18:45:00Z
108,RSA-2048,classical,,encapsulate,0.2571,0.0,0.0,0.0,294,1218,256,0,0,0,0,0.0,3.8572,nan,edge/x86_64,,3.12.3,2026-10-09T18:45:00Z
108,RSA-2048,classical,,decapsulate,1.7408,0.0,0.0,0.0,294,1218,256,0,0,0,0,0.0,26.1122,nan,edge/x86_64,,3.12.3,2026-10-09T18:45:00Z
109,RSA-2048,classical,,keygen,15.5724,0.0,0.0,0.0,294,1218,0,0,0,0,0,0.0,233.5857,nan,edge/x86_64,,3.12.3,2026-10-09T18:45:00Z
109,RSA-2048,classical,,encapsulate,0.0971,0.0,0.0,0.0,294,1218,256,0,0,0,0,0.0,1.457,nan,edge/x86_64,,3.12.3,2026-10-09T18:45:00Z
109,RSA-2048,classical,,decapsulate,0.9269,0.0,0.0,0.0,294,1218,256,0,0,0,0,0.0,13.9042,nan,edge/x86_64,,3.12.3,2026-10-09T18:45:00Z
110,RSA-2048,classical,,keygen,39.1528,0.0,0.0,0.0,294,1217,0,0,0,0,0,0.0,587.2915,nan,edge/x86_64,,3.12.3,2026-10-09T18:45:00Z
110,RSA-2048,classical,,encapsulate,0.0876,0.0,0.0,0.0,294,1217,256,0,0,0,0,0.0,1.3137,nan,edge/x86_64,,3.12.3,2026-10-09T18:45:00Z
110,RSA-2048,classical,,decapsulate,0.8457,0.0,0.0,0.0,294,1217,256,0,0,0,0,0.0,12.6857,nan,edge/x86_64,,3.12.3,2026-10-09T18:45:00Z
111,RSA-2048,classical,,keygen,52.2344,0.0,0.0,0.0,294,1217,0,0,0,0,0,0.0,783.5167,nan,edge/x86_64,,3.12.3,2026-10-09T18:45:00Z
111,RSA-2048,classical,,encapsulate,0.2196,0.0,0.0,0.0,294,1217,256,0,0,0,0,0.0,3.2945,nan,edge/x86_64,,3.12.3,2026-10-09T18:45:00Z
111,RSA-2048,classical,,decapsulate,1.8039,0.0,0.0,0.0,294,1217,256,0,0,0,0,0.0,27.0583,nan,edge/x86_64,,3.12.3,2026-10-09T18:45:00Z
112,RSA-2048,classical,,keygen,75.032,0.0,0.0,0.0,294,1219,0,0,0,0,0,0.0,1125.4799,nan,edge/x86_64,,3.12.3,2026-10-09T18:45:00Z
112,RSA-2048,classical,,encapsulate,0.1782,0.0,0.0,0.0,294,1219,256,0,0,0,0,0.0,2.673,nan,edge/x86_64,,3.12.3,2026-10-09T18:45:00Z
112,RSA-2048,classical,,decapsulate,1.7775,0.0,0.0,0.0,294,1219,256,0,0,0,0,0.0,26.6626,nan,edge/x86_64,,3.12.3,2026-10-09T18:45:00Z
113,RSA-2048,classical,,keygen,40.222,0.0,0.0,0.0,294,1216,0,0,0,0,0,0.0,603.3302,nan,edge/x86_64,,3.12.3,2026-10-09T18:45:00Z
113,RSA-2048,classical,,encapsulate,0.2016,0.0,0.0,0.0,294,1216,256,0,0,0,0,0.0,3.0235,nan,edge/x86_64,,3.12.3,2026-10-09T18:45:00Z
113,RSA-2048,classical,,decapsulate,1.9307,0.0,0.0,0.0,294,1216,256,0,0,0,0,0.0,28.9606,nan,edge/x86_64,,3.12.3,2026-10-09T18:45:00Z
114,RSA-2048,classical,,keygen,57.6262,0.0,0.0,0.0,294,1217,0,0,0,0,0,0.0,864.3929,nan,edge/x86_64,,3.12.3,2026-10-09T18:45:00Z
114,RSA-2048,classical,,encapsulate,0.1555,0.0,0.0,0.0,294,1217,256,0,0,0,0,0.0,2.3332,nan,edge/x86_64,,3.12.3,2026-10-09T18:45:00Z
114,RSA-2048,classical,,decapsulate,1.702,0.0,0.0,0.0,294,1217,256,0,0,0,0,0.0,25.5299,nan,edge/x86_64,,3.12.3,2026-10-09T18:45:00Z
115,RSA-2048,classical,,keygen,102.2617,0.0,0.0,0.0,294,1218,0,0,0,0,0,0.0,1533.9256,nan,edge/x86_64,,3.12.3,2026-10-09T18:45:00Z
115,RSA-2048,classical,,encapsulate,0.2048,0.0,0.0,0.0,294,1218,256,0,0,0,0,0.0,3.0726,nan,edge/x86_64,,3.12.3,2026-10-09T18:45:00Z
115,RSA-2048,classical,,decapsulate,1.8592,0.0,0.0,0.0,294,1218,256,0,0,0,0,0.0,27.8884,nan,edge/x86_64,,3.12.3,2026-10-09T18:45:00Z
116,RSA-2048,classical,,keygen,22.586,0.0,0.0,0.0,294,1218,0,0,0,0,0,0.0,338.79,nan,edge/x86_64,,3.12.3,2026-10-09T18:45:00Z
116,RSA-2048,classical,,encapsulate,0.2135,0.0,0.0,0.0,294,1218,256,0,0,0,0,0.0,3.203,nan,edge/x86_64,,3.12.3,2026-10-09T18:45:00Z
116,RSA-2048,classical,,decapsulate,1.6627,0.0,0.0,0.0,294,1218,256,0,0,0,0,0.0,24.9409,nan,edge/x86_64,,3.12.3,2026-10-09T18:45:00Z
117,RSA-2048,classical,,keygen,191.3193,0.0,0.0,0.0,294,1217,0,0,0,0,0,0.0,2869.7901,nan,edge/x86_64,,3.12.3,2026-10-09T18:45:00Z
117,RSA-2048,classical,,encapsulate,0.137,0.0,0.0,0.0,294,1217,256,0,0,0,0,0.0,2.0552,nan,edge/x86_64,,3.12.3,2026-10-09T18:45:00Z
117,RSA-2048,classical,,decapsulate,1.7684,0.0,0.0,0.0,294,1217,256,0,0,0,0,0.0,26.5266,nan,edge/x86_64,,3.12.3,2026-10-09T18:45:00Z
118,RSA-2048,classical,,keygen,105.0305,0.0,0.0,0.0,294,1217,0,0,0,0,0,0.0,1575.4577,nan,edge/x86_64,,3.12.3,2026-10-09T18:45:00Z
118,RSA-2048,classical,,encapsulate,0.2019,0.0,0.0,0.0,294,1217,256,0,0,0,0,0.0,3.0289,nan,edge/x86_64,,3.12.3,2026-10-09T18:45:00Z
118,RSA-2048,classical,,decapsulate,1.7816,0.0,0.0,0.0,294,1217,256,0,0,0,0,0.0,26.7243,nan,edge/x86_64,,3.12.3,2026-10-09T18:45:00Z
119,RSA-2048,classical,,keygen,119.6495,0.0,0.0,0.0,294,1218,0,0,0,0,0,0.0,1794.7427,nan,edge/x86_64,,3.12.3,2026-10-09T18:45:00Z
119,RSA-2048,classical,,encapsulate,0.1723,0.0,0.0,0.0,294,1218,256,0,0,0,0,0.0,2.5841,nan,edge/x86_64,,3.12.3,2026-10-09T18:45:00Z
119,RSA-2048,classical,,decapsulate,1.7876,0.0,0.0,0.0,294,1218,256,0,0,0,0,0.0,26.8145,nan,edge/x86_64,,3.12.3,2026-10-09T18:45:00Z
120,RSA-2048,classical,,keygen,121.9416,0.0,0.0,0.0,294,1218,0,0,0,0,0,0.0,1829.1238,nan,edge/x86_64,,3.12.3,2026-10-09T18:45:00Z
120,RSA-2048,classical,,encapsulate,0.2393,0.0,0.0,0.0,294,1218,256,0,0,0,0,0.0,3.5894,nan,edge/x86_64,,3.12.3,2026-10-09T18:45:00Z
120,RSA-2048,classical,,decapsulate,1.7464,0.0,0.0,0.0,294,1218,256,0,0,0,0,0.0,26.1963,nan,edge/x86_64,,3.12.3,2026-10-09T18:45:00Z
121,RSA-2048,classical,,keygen,64.7353,0.0,0.0,0.0,294,1217,0,0,0,0,0,0.0,971.03,nan,edge/x86_64,,3.12.3,2026-10-09T18:45:00Z
121,RSA-2048,classical,,encapsulate,0.2198,0.0,0.0,0.0,294,1217,256,0,0,0,0,0.0,3.2967,nan,edge/x86_64,,3.12.3,2026-10-09T18:45:00Z
121,RSA-2048,classical,,decapsulate,1.6927,0.0,0.0,0.0,294,1217,256,0,0,0,0,0.0,25.3908,nan,edge/x86_64,,3.12.3,2026-10-09T18:45:00Z
122,RSA-2048,classical,,keygen,24.5992,0.0,0.0,0.0,294,1216,0,0,0,0,0,0.0,368.9875,nan,edge/x86_64,,3.12.3,2026-10-09T18:45:00Z
122,RSA-2048,classical,,encapsulate,0.2075,0.0,0.0,0.0,294,1216,256,0,0,0,0,0.0,3.1125,nan,edge/x86_64,,3.12.3,2026-10-09T18:45:00Z
122,RSA-2048,classical,,decapsulate,1.9196,0.0,0.0,0.0,294,1216,256,0,0,0,0,0.0,28.7944,nan,edge/x86_64,,3.12.3,2026-10-09T18:45:00Z
123,RSA-2048,classical,,keygen,48.8495,0.0,0.0,0.0,294,1217,0,0,0,0,0,0.0,732.7432,nan,edge/x86_64,,3.12.3,2026-10-09T18:45:00Z
123,RSA-2048,classical,,encapsulate,0.2727,0.0,0.0,0.0,294,1217,256,0,0,0,0,0.0,4.0904,nan,edge/x86_64,,3.12.3,2026-10-09T18:45:00Z
123,RSA-2048,classical,,decapsulate,1.7515,0.0,0.0,0.0,294,1217,256,0,0,0,0,0.0,26.2722,nan,edge/x86_64,,3.12.3,2026-10-09T18:45:00Z
124,RSA-2048,classical,,keygen,44.8296,0.0,0.0,0.0,294,1217,0,0,0,0,0,0.0,672.4439,nan,edge/x86_64,,3.12.3,2026-10-09T18:45:00Z
124,RSA-2048,classical,,encapsulate,0.1798,0.0,0.0,0.0,294,1217,256,0,0,0,0,0.0,2.6974,nan,edge/x86_64,,3.12.3,2026-10-09T18:45:00Z
124,RSA-2048,classical,,decapsulate,1.7965,0.0,0.0,0.0,294,1217,256,0,0,0,0,0.0,26.9482,nan,edge/x86_64,,3.12.3,2026-10-09T18:45:00Z
125,RSA-2048,classical,,keygen,103.1044,0.0,0.0,0.0,294,1215,0,0,0,0,0,0.0,1546.5665,nan,edge/x86_64,,3.12.3,2026-10-09T18:45:00Z
125,RSA-2048,classical,,encapsulate,0.1952,0.0,0.0,0.0,294,1215,256,0,0,0,0,0.0,2.9286,nan,edge/x86_64,,3.12.3,2026-10-09T18:45:00Z
125,RSA-2048,classical,,decapsulate,1.8797,0.0,0.0,0.0,294,1215,256,0,0,0,0,0.0,28.1953,nan,edge/x86_64,,3.12.3,2026-10-09T18:45:00Z
126,RSA-2048,classical,,keygen,72.2686,0.0,0.0,0.0,294,1217,0,0,0,0,0,0.0,1084.0292,nan,edge/x86_64,,3.12.3,2026-10-09T18:45:00Z
126,RSA-2048,classical,,encapsulate,0.1132,0.0,0.0,0.0,294,1217,256,0,0,0,0,0.0,1.6985,nan,edge/x86_64,,3.12.3,2026-10-09T18:45:00Z
126,RSA-2048,classical,,decapsulate,1.4258,0.0,0.0,0.0,294,1217,256,0,0,0,0,0.0,21.3871,nan,edge/x86_64,,3.12.3,2026-10-09T18:45:00Z
127,RSA-2048,classical,,keygen,155.093,0.0,0.0,0.0,294,1216,0,0,0,0,0,0.0,2326.3948,nan,edge/x86_64,,3.12.3,2026-10-09T18:45:00Z
127,RSA-2048,classical,,encapsulate,0.1083,0.0,0.0,0.0,294,1216,256,0,0,0,0,0.0,1.6251,nan,edge/x86_64,,3.12.3,2026-10-09T18:45:00Z
127,RSA-2048,classical,,decapsulate,0.9796,0.0,0.0,0.0,294,1216,256,0,0,0,0,0.0,14.6937,nan,edge/x86_64,,3.12.3,2026-10-09T18:45:00Z
128,RSA-2048,classical,,keygen,69.5525,0.0,0.0,0.0,294,1217,0,0,0,0,0,0.0,1043.2882,nan,edge/x86_64,,3.12.3,2026-10-09T18:45:00Z
128,RSA-2048,classical,,encapsulate,0.1203,0.0,0.0,0.0,294,1217,256,0,0,0,0,0.0,1.8044,nan,edge/x86_64,,3.12.3,2026-10-09T18:45:00Z
128,RSA-2048,classical,,decapsulate,0.8397,0.0,0.0,0.0,294,1217,256,0,0,0,0,0.0,12.596,nan,edge/x86_64,,3.12.3,2026-10-09T18:45:00Z
129,RSA-2048,classical,,keygen,78.1562,0.0,0.0,0.0,294,1218,0,0,0,0,0,0.0,1172.3424,nan,edge/x86_64,,3.12.3,2026-10-09T18:45:00Z
129,RSA-2048,classical,,encapsulate,0.1877,0.0,0.0,0.0,294,1218,256,0,0,0,0,0.0,2.816,nan,edge/x86_64,,3.12.3,2026-10-09T18:45:00Z
129,RSA-2048,classical,,decapsulate,1.7865,0.0,0.0,0.0,294,1218,256,0,0,0,0,0.0,26.7968,nan,edge/x86_64,,3.12.3,2026-10-09T18:45:00Z
130,RSA-2048,classical,,keygen,82.7601,0.0,0.0,0.0,294,1218,0,0,0,0,0,0.0,1241.4022,nan,edge/x86_64,,3.12.3,2026-10-09T18:45:00Z
130,RSA-2048,classical,,encapsulate,0.1723,0.0,0.0,0.0,294,1218,256,0,0,0,0,0.0,2.5849,nan,edge/x86_64,,3.12.3,2026-10-09T18:45:00Z
130,RSA-2048,classical,,decapsulate,2.7579,0.0,0.0,0.0,294,1218,256,0,0,0,0,0.0,41.3685,nan,edge/x86_64,,3.12.3,2026-10-09T18:45:00Z
131,RSA-2048,classical,,keygen,62.1897,0.0,0.0,0.0,294,1217,0,0,0,0,0,0.0,932.8459,nan,edge/x86_64,,3.12.3,2026-10-09T18:45:00Z
131,RSA-2048,classical,,encapsulate,0.2293,0.0,0.0,0.0,294,1217,256,0,0,0,0,0.0,3.4394,nan,edge/x86_64,,3.12.3,2026-10-09T18:45:00Z
131,RSA-2048,classical,,decapsulate,2.0293,0.0,0.0,0.0,294,1217,256,0,0,0,0,0.0,30.4391,nan,edge/x86_64,,3.12.3,2026-10-09T18:45:00Z
132,RSA-2048,classical,,keygen,28.1208,0.0,0.0,0.0,294,1217,0,0,0,0,0,0.0,421.8122,nan,edge/x86_64,,3.12.3,2026-10-09T18:45:00Z
132,RSA-2048,classical,,encapsulate,0.1868,0.0,0.0,0.0,294,1217,256,0,0,0,0,0.0,2.8027,nan,edge/x86_64,,3.12.3,2026-10-09T18:45:00Z
132,RSA-2048,classical,,decapsulate,0.8131,0.0,0.0,0.0,294,1217,256,0,0,0,0,0.0,12.1963,nan,edge/x86_64,,3.12.3,2026-10-09T18:45:00Z
133,RSA-2048,classical,,keygen,55.7802,0.0,0.0,0.0,294,1217,0,0,0,0,0,0.0,836.7029,nan,edge/x86_64,,3.12.3,2026-10-09T18:45:00Z
133,RSA-2048,classical,,encapsulate,0.1826,0.0,0.0,0.0,294,1217,256,0,0,0,0,0.0,2.7397,nan,edge/x86_64,,3.12.3,2026-10-09T18:45:00Z
133,RSA-2048,classical,,decapsulate,1.6135,0.0,0.0,0.0,294,1217,256,0,0,0,0,0.0,24.203,nan,edge/x86_64,,3.12.3,2026-10-09T18:45:00Z
134,RSA-2048,classical,,keygen,45.6721,0.0,0.0,0.0,294,1215,0,0,0,0,0,0.0,685.0822,nan,edge/x86_64,,3.12.3,2026-10-09T18:45:00Z
134,RSA-2048,classical,,encapsulate,0.1169,0.0,0.0,0.0,294,1215,256,0,0,0,0,0.0,1.7537,nan,edge/x86_64,,3.12.3,2026-10-09T18:45:00Z
134,RSA-2048,classical,,decapsulate,0.8413,0.0,0.0,0.0,294,1215,256,0,0,0,0,0.0,12.6194,nan,edge/x86_64,,3.12.3,2026-10-09T18:45:00Z
135,RSA-2048,classical,,keygen,148.5089,0.0,0.0,0.0,294,1218,0,0,0,0,0,0.0,2227.6337,nan,edge/x86_64,,3.12.3,2026-10-09T18:45:00Z
135,RSA-2048,classical,,encapsulate,0.1597,0.0,0.0,0.0,294,1218,256,0,0,0,0,0.0,2.3952,nan,edge/x86_64,,3.12.3,2026-10-09T18:45:00Z
135,RSA-2048,classical,,decapsulate,1.8205,0.0,0.0,0.0,294,1218,256,0,0,0,0,0.0,27.3071,nan,edge/x86_64,,3.12.3,2026-10-09T18:45:00Z
136,RSA-2048,classical,,keygen,34.1602,0.0,0.0,0.0,294,1218,0,0,0,0,0,0.0,512.4036,nan,edge/x86_64,,3.12.3,2026-10-09T18:45:00Z
136,RSA-2048,classical,,encapsulate,0.1943,0.0,0.0,0.0,294,1218,256,0,0,0,0,0.0,2.9138,nan,edge/x86_64,,3.12.3,2026-10-09T18:45:00Z
136,RSA-2048,classical,,decapsulate,1.3345,0.0,0.0,0.0,294,1218,256,0,0,0,0,0.0,20.0173,nan,edge/x86_64,,3.12.3,2026-10-09T18:45:00Z
137,RSA-2048,classical,,keygen,82.5247,0.0,0.0,0.0,294,1216,0,0,0,0,0,0.0,1237.8709,nan,edge/x86_64,,3.12.3,2026-10-09T18:45:00Z
137,RSA-2048,classical,,encapsulate,0.2985,0.0,0.0,0.0,294,1216,256,0,0,0,0,0.0,4.478,nan,edge/x86_64,,3.12.3,2026-10-09T18:45:00Z
137,RSA-2048,classical,,decapsulate,1.9369,0.0,0.0,0.0,294,1216,256,0,0,0,0,0.0,29.0538,nan,edge/x86_64,,3.12.3,2026-10-09T18:45:00Z
138,RSA-2048,classical,,keygen,63.7533,0.0,0.0,0.0,294,1216,0,0,0,0,0,0.0,956.299,nan,edge/x86_64,,3.12.3,2026-10-09T18:45:00Z
138,RSA-2048,classical,,encapsulate,0.1609,0.0,0.0,0.0,294,1216,256,0,0,0,0,0.0,2.4135,nan,edge/x86_64,,3.12.3,2026-10-09T18:45:00Z
138,RSA-2048,classical,,decapsulate,1.8243,0.0,0.0,0.0,294,1216,256,0,0,0,0,0.0,27.3652,nan,edge/x86_64,,3.12.3,2026-10-09T18:45:00Z
139,RSA-2048,classical,,keygen,57.8663,0.0,0.0,0.0,294,1217,0,0,0,0,0,0.0,867.9952,nan,edge/x86_64,,3.12.3,2026-10-09T18:45:00Z
139,RSA-2048,classical,,encapsulate,0.2473,0.0,0.0,0.0,294,1217,256,0,0,0,0,0.0,3.7088,nan,edge/x86_64,,3.12.3,2026-10-09T18:45:00Z
139,RSA-2048,classical,,decapsulate,1.6665,0.0,0.0,0.0,294,1217,256,0,0,0,0,0.0,24.9979,nan,edge/x86_64,,3.12.3,2026-10-09T18:45:00Z
140,RSA-2048,classical,,keygen,119.6111,0.0,0.0,0.0,294,1216,0,0,0,0,0,0.0,1794.1663,nan,edge/x86_64,,3.12.3,2026-10-09T18:45:00Z
140,RSA-2048,classical,,encapsulate,0.1402,0.0,0.0,0.0,294,1216,256,0,0,0,0,0.0,2.103,nan,edge/x86_64,,3.12.3,2026-10-09T18:45:00Z
140,RSA-2048,classical,,decapsulate,0.9611,0.0,0.0,0.0,294,1216,256,0,0,0,0,0.0,14.4172,nan,edge/x86_64,,3.12.3,2026-10-09T18:45:00Z
141,RSA-2048,classical,,keygen,46.265,0.0,0.0,0.0,294,1218,0,0,0,0,0,0.0,693.975,nan,edge/x86_64,,3.12.3,2026-10-09T18:45:00Z
141,RSA-2048,classical,,encapsulate,0.16,0.0,0.0,0.0,294,1218,256,0,0,0,0,0.0,2.4004,nan,edge/x86_64,,3.12.3,2026-10-09T18:45:00Z
141,RSA-2048,classical,,decapsulate,0.8497,0.0,0.0,0.0,294,1218,256,0,0,0,0,0.0,12.7452,nan,edge/x86_64,,3.12.3,2026-10-09T18:45:00Z
142,RSA-2048,classical,,keygen,121.8323,0.0,0.0,0.0,294,1216,0,0,0,0,0,0.0,1827.4841,nan,edge/x86_64,,3.12.3,2026-10-09T18:45:00Z
142,RSA-2048,classical,,encapsulate,0.1811,0.0,0.0,0.0,294,1216,256,0,0,0,0,0.0,2.7164,nan,edge/x86_64,,3.12.3,2026-10-09T18:45:00Z
142,RSA-2048,classical,,decapsulate,1.7606,0.0,0.0,0.0,294,1216,256,0,0,0,0,0.0,26.409,nan,edge/x86_64,,3.12.3,2026-10-09T18:45:00Z
143,RSA-2048,classical,,keygen,90.8694,0.0,0.0,0.0,294,1216,0,0,0,0,0,0.0,1363.0404,nan,edge/x86_64,,3.12.3,2026-10-09T18:45:00Z
143,RSA-2048,classical,,encapsulate,0.1677,0.0,0.0,0.0,294,1216,256,0,0,0,0,0.0,2.5154,nan,edge/x86_64,,3.12.3,2026-10-09T18:45:00Z
143,RSA-2048,classical,,decapsulate,1.8696,0.0,0.0,0.0,294,1216,256,0,0,0,0,0.0,28.044,nan,edge/x86_64,,3.12.3,2026-10-09T18:45:00Z
144,RSA-2048,classical,,keygen,67.4086,0.0,0.0,0.0,294,1217,0,0,0,0,0,0.0,1011.1297,nan,edge/x86_64,,3.12.3,2026-10-09T18:45:00Z
144,RSA-2048,classical,,encapsulate,0.2364,0.0,0.0,0.0,294,1217,256,0,0,0,0,0.0,3.5457,nan,edge/x86_64,,3.12.3,2026-10-09T18:45:00Z
144,RSA-2048,classical,,decapsulate,1.7923,0.0,0.0,0.0,294,1217,256,0,0,0,0,0.0,26.8851,nan,edge/x86_64,,3.12.3,2026-10-09T18:45:00Z
145,RSA-2048,classical,,keygen,128.5176,0.0,0.0,0.0,294,1219,0,0,0,0,0,0.0,1927.7637,nan,edge/x86_64,,3.12.3,2026-10-09T18:45:00Z
145,RSA-2048,classical,,encapsulate,0.1683,0.0,0.0,0.0,294,1219,256,0,0,0,0,0.0,2.5243,nan,edge/x86_64,,3.12.3,2026-10-09T18:45:00Z
145,RSA-2048,classical,,decapsulate,1.7147,0.0,0.0,0.0,294,1219,256,0,0,0,0,0.0,25.7202,nan,edge/x86_64,,3.12.3,2026-10-09T18:45:00Z
146,RSA-2048,classical,,keygen,37.8885,0.0,0.0,0.0,294,1217,0,0,0,0,0,0.0,568.3281,nan,edge/x86_64,,3.12.3,2026-10-09T18:45:00Z
146,RSA-2048,classical,,encapsulate,0.3226,0.0,0.0,0.0,294,1217,256,0,0,0,0,0.0,4.8384,nan,edge/x86_64,,3.12.3,2026-10-09T18:45:00Z
146,RSA-2048,classical,,decapsulate,1.5365,0.0,0.0,0.0,294,1217,256,0,0,0,0,0.0,23.0476,nan,edge/x86_64,,3.12.3,2026-10-09T18:45:00Z
147,RSA-2048,classical,,keygen,27.9927,0.0,0.0,0.0,294,1217,0,0,0,0,0,0.0,419.8901,nan,edge/x86_64,,3.12.3,2026-10-09T18:45:00Z
147,RSA-2048,classical,,encapsulate,0.1849,0.0,0.0,0.0,294,1217,256,0,0,0,0,0.0,2.7741,nan,edge/x86_64,,3.12.3,2026-10-09T18:45:00Z
147,RSA-2048,classical,,decapsulate,1.8108,0.0,0.0,0.0,294,1217,256,0,0,0,0,0.0,27.162,nan,edge/x86_64,,3.12.3,2026-10-09T18:45:00Z
148,RSA-2048,classical,,keygen,65.3401,0.0,0.0,0.0,294,1218,0,0,0,0,0,0.0,980.1022,nan,edge/x86_64,,3.12.3,2026-10-09T18:45:00Z
148,RSA-2048,classical,,encapsulate,0.1474,0.0,0.0,0.0,294,1218,256,0,0,0,0,0.0,2.2104,nan,edge/x86_64,,3.12.3,2026-10-09T18:45:00Z
148,RSA-2048,classical,,decapsulate,0.8974,0.0,0.0,0.0,294,1218,256,0,0,0,0,0.0,13.461,nan,edge/x86_64,,3.12.3,2026-10-09T18:45:00Z
149,RSA-2048,classical,,keygen,94.7562,0.0,0.0,0.0,294,1219,0,0,0,0,0,0.0,1421.343,nan,edge/x86_64,,3.12.3,2026-10-09T18:45:00Z
149,RSA-2048,classical,,encapsulate,0.179,0.0,0.0,0.0,294,1219,256,0,0,0,0,0.0,2.6854,nan,edge/x86_64,,3.12.3,2026-10-09T18:45:00Z
149,RSA-2048,classical,,decapsulate,1.7772,0.0,0.0,0.0,294,1219,256,0,0,0,0,0.0,26.6585,nan,edge/x86_64,,3.12.3,2026-10-09T18:45:00Z
150,RSA-2048,classical,,keygen,44.6906,0.0,0.0,0.0,294,1218,0,0,0,0,0,0.0,670.3589,nan,edge/x86_64,,3.12.3,2026-10-09T18:45:00Z
150,RSA-2048,classical,,encapsulate,0.2314,0.0,0.0,0.0,294,1218,256,0,0,0,0,0.0,3.4707,nan,edge/x86_64,,3.12.3,2026-10-09T18:45:00Z
150,RSA-2048,classical,,decapsulate,1.8867,0.0,0.0,0.0,294,1218,256,0,0,0,0,0.0,28.3002,nan,edge/x86_64,,3.12.3,2026-10-09T18:45:00Z
151,RSA-2048,classical,,keygen,37.0856,0.0,0.0,0.0,294,1216,0,0,0,0,0,0.0,556.2845,nan,edge/x86_64,,3.12.3,2026-10-09T18:45:00Z
151,RSA-2048,classical,,encapsulate,0.159,0.0,0.0,0.0,294,1216,256,0,0,0,0,0.0,2.3849,nan,edge/x86_64,,3.12.3,2026-10-09T18:45:00Z
151,RSA-2048,classical,,decapsulate,1.5688,0.0,0.0,0.0,294,1216,256,0,0,0,0,0.0,23.5319,nan,edge/x86_64,,3.12.3,2026-10-09T18:45:00Z
152,RSA-2048,classical,,keygen,72.091,0.0,0.0,0.0,294,1218,0,0,0,0,0,0.0,1081.3644,nan,edge/x86_64,,3.12.3,2026-10-09T18:45:00Z
152,RSA-2048,classical,,encapsulate,0.089,0.0,0.0,0.0,294,1218,256,0,0,0,0,0.0,1.3356,nan,edge/x86_64,,3.12.3,2026-10-09T18:45:00Z
152,RSA-2048,classical,,decapsulate,1.1015,0.0,0.0,0.0,294,1218,256,0,0,0,0,0.0,16.5219,nan,edge/x86_64,,3.12.3,2026-10-09T18:45:00Z
153,RSA-2048,classical,,keygen,133.6903,0.0,0.0,0.0,294,1216,0,0,0,0,0,0.0,2005.3547,nan,edge/x86_64,,3.12.3,2026-10-09T18:45:00Z
153,RSA-2048,classical,,encapsulate,0.1796,0.0,0.0,0.0,294,1216,256,0,0,0,0,0.0,2.6945,nan,edge/x86_64,,3.12.3,2026-10-09T18:45:00Z
153,RSA-2048,classical,,decapsulate,1.768,0.0,0.0,0.0,294,1216,256,0,0,0,0,0.0,26.52,nan,edge/x86_64,,3.12.3,2026-10-09T18:45:00Z
154,RSA-2048,classical,,keygen,83.8523,0.0,0.0,0.0,294,1217,0,0,0,0,0,0.0,1257.7851,nan,edge/x86_64,,3.12.3,2026-10-09T18:45:00Z
154,RSA-2048,classical,,encapsulate,0.167,0.0,0.0,0.0,294,1217,256,0,0,0,0,0.0,2.5056,nan,edge/x86_64,,3.12.3,2026-10-09T18:45:00Z
154,RSA-2048,classical,,decapsulate,1.8612,0.0,0.0,0.0,294,1217,256,0,0,0,0,0.0,27.9175,nan,edge/x86_64,,3.12.3,2026-10-09T18:45:00Z
155,RSA-2048,classical,,keygen,71.5265,0.0,0.0,0.0,294,1216,0,0,0,0,0,0.0,1072.8971,nan,edge/x86_64,,3.12.3,2026-10-09T18:45:00Z
155,RSA-2048,classical,,encapsulate,0.1432,0.0,0.0,0.0,294,1216,256,0,0,0,0,0.0,2.1476,nan,edge/x86_64,,3.12.3,2026-10-09T18:45:00Z
155,RSA-2048,classical,,decapsulate,1.7771,0.0,0.0,0.0,294,1216,256,0,0,0,0,0.0,26.6571,nan,edge/x86_64,,3.12.3,2026-10-09T18:45:00Z
156,RSA-2048,classical,,keygen,16.2187,0.0,0.0,0.0,294,1217,0,0,0,0,0,0.0,243.2809,nan,edge/x86_64,,3.12.3,2026-10-09T18:45:00Z
156,RSA-2048,classical,,encapsulate,0.1876,0.0,0.0,0.0,294,1217,256,0,0,0,0,0.0,2.8138,nan,edge/x86_64,,3.12.3,2026-10-09T18:45:00Z
156,RSA-2048,classical,,decapsulate,1.6269,0.0,0.0,0.0,294,1217,256,0,0,0,0,0.0,24.4033,nan,edge/x86_64,,3.12.3,2026-10-09T18:45:00Z
157,RSA-2048,classical,,keygen,122.1028,0.0,0.0,0.0,294,1216,0,0,0,0,0,0.0,1831.5427,nan,edge/x86_64,,3.12.3,2026-10-09T18:45:00Z
157,RSA-2048,classical,,encapsulate,0.1006,0.0,0.0,0.0,294,1216,256,0,0,0,0,0.0,1.5095,nan,edge/x86_64,,3.12.3,2026-10-09T18:45:00Z
157,RSA-2048,classical,,decapsulate,0.8945,0.0,0.0,0.0,294,1216,256,0,0,0,0,0.0,13.4168,nan,edge/x86_64,,3.12.3,2026-10-09T18:45:00Z
158,RSA-2048,classical,,keygen,20.384,0.0,0.0,0.0,294,1217,0,0,0,0,0,0.0,305.7598,nan,edge/x86_64,,3.12.3,2026-10-09T18:45:00Z
158,RSA-2048,classical,,encapsulate,0.3836,0.0,0.0,0.0,294,1217,256,0,0,0,0,0.0,5.7539,nan,edge/x86_64,,3.12.3,2026-10-09T18:45:00Z
158,RSA-2048,classical,,decapsulate,1.4978,0.0,0.0,0.0,294,1217,256,0,0,0,0,0.0,22.4671,nan,edge/x86_64,,3.12.3,2026-10-09T18:45:00Z
159,RSA-2048,classical,,keygen,92.486,0.0,0.0,0.0,294,1218,0,0,0,0,0,0.0,1387.29,nan,edge/x86_64,,3.12.3,2026-10-09T18:45:00Z
159,RSA-2048,classical,,encapsulate,0.0952,0.0,0.0,0.0,294,1218,256,0,0,0,0,0.0,1.4281,nan,edge/x86_64,,3.12.3,2026-10-09T18:45:00Z
159,RSA-2048,classical,,decapsulate,1.7528,0.0,0.0,0.0,294,1218,256,0,0,0,0,0.0,26.2914,nan,edge/x86_64,,3.12.3,2026-10-09T18:45:00Z
160,RSA-2048,classical,,keygen,87.356,0.0,0.0,0.0,294,1217,0,0,0,0,0,0.0,1310.3405,nan,edge/x86_64,,3.12.3,2026-10-09T18:45:00Z
160,RSA-2048,classical,,encapsulate,0.2208,0.0,0.0,0.0,294,1217,256,0,0,0,0,0.0,3.3114,nan,edge/x86_64,,3.12.3,2026-10-09T18:45:00Z
160,RSA-2048,classical,,decapsulate,1.4483,0.0,0.0,0.0,294,1217,256,0,0,0,0,0.0,21.7245,nan,edge/x86_64,,3.12.3,2026-10-09T18:45:00Z
161,RSA-2048,classical,,keygen,46.4356,0.0,0.0,0.0,294,1218,0,0,0,0,0,0.0,696.5341,nan,edge/x86_64,,3.12.3,2026-10-09T18:45:00Z
161,RSA-2048,classical,,encapsulate,0.3789,0.0,0.0,0.0,294,1218,256,0,0,0,0,0.0,5.684,nan,edge/x86_64,,3.12.3,2026-10-09T18:45:00Z
161,RSA-2048,classical,,decapsulate,1.7173,0.0,0.0,0.0,294,1218,256,0,0,0,0,0.0,25.7599,nan,edge/x86_64,,3.12.3,2026-10-09T18:45:00Z
162,RSA-2048,classical,,keygen,68.5721,0.0,0.0,0.0,294,1216,0,0,0,0,0,0.0,1028.5808,nan,edge/x86_64,,3.12.3,2026-10-09T18:45:00Z
162,RSA-2048,classical,,encapsulate,0.0989,0.0,0.0,0.0,294,1216,256,0,0,0,0,0.0,1.484,nan,edge/x86_64,,3.12.3,2026-10-09T18:45:00Z
162,RSA-2048,classical,,decapsulate,0.8587,0.0,0.0,0.0,294,1216,256,0,0,0,0,0.0,12.8811,nan,edge/x86_64,,3.12.3,2026-10-09T18:45:00Z
163,RSA-2048,classical,,keygen,40.5745,0.0,0.0,0.0,294,1217,0,0,0,0,0,0.0,608.6175,nan,edge/x86_64,,3.12.3,2026-10-09T18:45:00Z
163,RSA-2048,classical,,encapsulate,0.1464,0.0,0.0,0.0,294,1217,256,0,0,0,0,0.0,2.1956,nan,edge/x86_64,,3.12.3,2026-10-09T18:45:00Z
163,RSA-2048,classical,,decapsulate,1.7346,0.0,0.0,0.0,294,1217,256,0,0,0,0,0.0,26.0194,nan,edge/x86_64,,3.12.3,2026-10-09T18:45:00Z
164,RSA-2048,classical,,keygen,137.3028,0.0,0.0,0.0,294,1216,0,0,0,0,0,0.0,2059.542,nan,edge/x86_64,,3.12.3,2026-10-09T18:45:00Z
164,RSA-2048,classical,,encapsulate,0.4439,0.0,0.0,0.0,294,1216,256,0,0,0,0,0.0,6.6579,nan,edge/x86_64,,3.12.3,2026-10-09T18:45:00Z
164,RSA-2048,classical,,decapsulate,1.4862,0.0,0.0,0.0,294,1216,256,0,0,0,0,0.0,22.2924,nan,edge/x86_64,,3.12.3,2026-10-09T18:45:00Z
165,RSA-2048,classical,,keygen,69.4987,0.0,0.0,0.0,294,1217,0,0,0,0,0,0.0,1042.4812,nan,edge/x86_64,,3.12.3,2026-10-09T18:45:00Z
165,RSA-2048,classical,,encapsulate,0.2302,0.0,0.0,0.0,294,1217,256,0,0,0,0,0.0,3.453,nan,edge/x86_64,,3.12.3,2026-10-09T18:45:00Z
165,RSA-2048,classical,,decapsulate,1.9359,0.0,0.0,0.0,294,1217,256,0,0,0,0,0.0,29.0385,nan,edge/x86_64,,3.12.3,2026-10-09T18:45:00Z
166,RSA-2048,classical,,keygen,59.514,0.0,0.0,0.0,294,1217,0,0,0,0,0,0.0,892.7094,nan,edge/x86_64,,3.12.3,2026-10-09T18:45:00Z
166,RSA-2048,classical,,encapsulate,0.2353,0.0,0.0,0.0,294,1217,256,0,0,0,0,0.0,3.529,nan,edge/x86_64,,3.12.3,2026-10-09T18:45:00Z
166,RSA-2048,classical,,decapsulate,1.8343,0.0,0.0,0.0,294,1217,256,0,0,0,0,0.0,27.515,nan,edge/x86_64,,3.12.3,2026-10-09T18:45:00Z
167,RSA-2048,classical,,keygen,74.5268,0.0,0.0,0.0,294,1217,0,0,0,0,0,0.0,1117.9015,nan,edge/x86_64,,3.12.3,2026-10-09T18:45:00Z
167,RSA-2048,classical,,encapsulate,0.1469,0.0,0.0,0.0,294,1217,256,0,0,0,0,0.0,2.2031,nan,edge/x86_64,,3.12.3,2026-10-09T18:45:00Z
167,RSA-2048,classical,,decapsulate,1.6165,0.0,0.0,0.0,294,1217,256,0,0,0,0,0.0,24.247,nan,edge/x86_64,,3.12.3,2026-10-09T18:45:00Z
168,RSA-2048,classical,,keygen,29.0027,0.0,0.0,0.0,294,1216,0,0,0,0,0,0.0,435.0409,nan,edge/x86_64,,3.12.3,2026-10-09T18:45:00Z
168,RSA-2048,classical,,encapsulate,0.1833,0.0,0.0,0.0,294,1216,256,0,0,0,0,0.0,2.7499,nan,edge/x86_64,,3.12.3,2026-10-09T18:45:00Z
168,RSA-2048,classical,,decapsulate,1.92,0.0,0.0,0.0,294,1216,256,0,0,0,0,0.0,28.7996,nan,edge/x86_64,,3.12.3,2026-10-09T18:45:00Z
169,RSA-2048,classical,,keygen,100.3994,0.0,0.0,0.0,294,1217,0,0,0,0,0,0.0,1505.9916,nan,edge/x86_64,,3.12.3,2026-10-09T18:45:00Z
169,RSA-2048,classical,,encapsulate,0.2457,0.0,0.0,0.0,294,1217,256,0,0,0,0,0.0,3.6853,nan,edge/x86_64,,3.12.3,2026-10-09T18:45:00Z
169,RSA-2048,classical,,decapsulate,1.7791,0.0,0.0,0.0,294,1217,256,0,0,0,0,0.0,26.6868,nan,edge/x86_64,,3.12.3,2026-10-09T18:45:00Z
170,RSA-2048,classical,,keygen,84.9284,0.0,0.0,0.0,294,1217,0,0,0,0,0,0.0,1273.9264,nan,edge/x86_64,,3.12.3,2026-10-09T18:45:00Z
170,RSA-2048,classical,,encapsulate,0.3127,0.0,0.0,0.0,294,1217,256,0,0,0,0,0.0,4.6901,nan,edge/x86_64,,3.12.3,2026-10-09T18:45:00Z
170,RSA-2048,classical,,decapsulate,1.7066,0.0,0.0,0.0,294,1217,256,0,0,0,0,0.0,25.599,nan,edge/x86_64,,3.12.3,2026-10-09T18:45:00Z
171,RSA-2048,classical,,keygen,51.3296,0.0,0.0,0.0,294,1219,0,0,0,0,0,0.0,769.9441,nan,edge/x86_64,,3.12.3,2026-10-09T18:45:00Z
171,RSA-2048,classical,,encapsulate,0.1415,0.0,0.0,0.0,294,1219,256,0,0,0,0,0.0,2.1229,nan,edge/x86_64,,3.12.3,2026-10-09T18:45:00Z
171,RSA-2048,classical,,decapsulate,1.7136,0.0,0.0,0.0,294,1219,256,0,0,0,0,0.0,25.7035,nan,edge/x86_64,,3.12.3,2026-10-09T18:45:00Z
172,RSA-2048,classical,,keygen,74.8363,0.0,0.0,0.0,294,1218,0,0,0,0,0,0.0,1122.5447,nan,edge/x86_64,,3.12.3,2026-10-09T18:45:00Z
172,RSA-2048,classical,,encapsulate,0.1582,0.0,0.0,0.0,294,1218,256,0,0,0,0,0.0,2.3727,nan,edge/x86_64,,3.12.3,2026-10-09T18:45:00Z
172,RSA-2048,classical,,decapsulate,1.823,0.0,0.0,0.0,294,1218,256,0,0,0,0,0.0,27.3455,nan,edge/x86_64,,3.12.3,2026-10-09T18:45:00Z
173,RSA-2048,classical,,keygen,70.1379,0.0,0.0,0.0,294,1216,0,0,0,0,0,0.0,1052.0681,nan,edge/x86_64,,3.12.3,2026-10-09T18:45:00Z
173,RSA-2048,classical,,encapsulate,0.201,0.0,0.0,0.0,294,1216,256,0,0,0,0,0.0,3.0151,nan,edge/x86_64,,3.12.3,2026-10-09T18:45:00Z
173,RSA-2048,classical,,decapsulate,1.6096,0.0,0.0,0.0,294,1216,256,0,0,0,0,0.0,24.1441,nan,edge/x86_64,,3.12.3,2026-10-09T18:45:00Z
174,RSA-2048,classical,,keygen,135.1223,0.0,0.0,0.0,294,1218,0,0,0,0,0,0.0,2026.834,nan,edge/x86_64,,3.12.3,2026-10-09T18:45:00Z
174,RSA-2048,classical,,encapsulate,0.0857,0.0,0.0,0.0,294,1218,256,0,0,0,0,0.0,1.285,nan,edge/x86_64,,3.12.3,2026-10-09T18:45:00Z
174,RSA-2048,classical,,decapsulate,1.3442,0.0,0.0,0.0,294,1218,256,0,0,0,0,0.0,20.1633,nan,edge/x86_64,,3.12.3,2026-10-09T18:45:00Z
175,RSA-2048,classical,,keygen,29.366,0.0,0.0,0.0,294,1217,0,0,0,0,0,0.0,440.4894,nan,edge/x86_64,,3.12.3,2026-10-09T18:45:00Z
175,RSA-2048,classical,,encapsulate,0.1358,0.0,0.0,0.0,294,1217,256,0,0,0,0,0.0,2.0363,nan,edge/x86_64,,3.12.3,2026-10-09T18:45:00Z
175,RSA-2048,classical,,decapsulate,1.7385,0.0,0.0,0.0,294,1217,256,0,0,0,0,0.0,26.0773,nan,edge/x86_64,,3.12.3,2026-10-09T18:45:00Z
176,RSA-2048,classical,,keygen,56.5545,0.0,0.0,0.0,294,1217,0,0,0,0,0,0.0,848.3174,nan,edge/x86_64,,3.12.3,2026-10-09T18:45:00Z
176,RSA-2048,classical,,encapsulate,0.3073,0.0,0.0,0.0,294,1217,256,0,0,0,0,0.0,4.6093,nan,edge/x86_64,,3.12.3,2026-10-09T18:45:00Z
176,RSA-2048,classical,,decapsulate,1.6641,0.0,0.0,0.0,294,1217,256,0,0,0,0,0.0,24.9613,nan,edge/x86_64,,3.12.3,2026-10-09T18:45:00Z
177,RSA-2048,classical,,keygen,54.6936,0.0,0.0,0.0,294,1216,0,0,0,0,0,0.0,820.4035,nan,edge/x86_64,,3.12.3,2026-10-09T18:45:00Z
177,RSA-2048,classical,,encapsulate,0.0858,0.0,0.0,0.0,294,1216,256,0,0,0,0,0.0,1.2863,nan,edge/x86_64,,3.12.3,2026-10-09T18:45:00Z
177,RSA-2048,classical,,decapsulate,0.8276,0.0,0.0,0.0,294,1216,256,0,0,0,0,0.0,12.4137,nan,edge/x86_64,,3.12.3,2026-10-09T18:45:00Z
178,RSA-2048,classical,,keygen,39.8532,0.0,0.0,0.0,294,1218,0,0,0,0,0,0.0,597.7987,nan,edge/x86_64,,3.12.3,2026-10-09T18:45:00Z
178,RSA-2048,classical,,encapsulate,0.1521,0.0,0.0,0.0,294,1218,256,0,0,0,0,0.0,2.2813,nan,edge/x86_64,,3.12.3,2026-10-09T18:45:00Z
178,RSA-2048,classical,,decapsulate,1.7829,0.0,0.0,0.0,294,1218,256,0,0,0,0,0.0,26.744,nan,edge/x86_64,,3.12.3,2026-10-09T18:45:00Z
179,RSA-2048,classical,,keygen,61.2087,0.0,0.0,0.0,294,1216,0,0,0,0,0,0.0,918.1302,nan,edge/x86_64,,3.12.3,2026-10-09T18:45:00Z
179,RSA-2048,classical,,encapsulate,0.1558,0.0,0.0,0.0,294,1216,256,0,0,0,0,0.0,2.3377,nan,edge/x86_64,,3.12.3,2026-10-09T18:45:00Z
179,RSA-2048,classical,,decapsulate,1.8777,0.0,0.0,0.0,294,1216,256,0,0,0,0,0.0,28.1661,nan,edge/x86_64,,3.12.3,2026-10-09T18:45:00Z
180,RSA-2048,classical,,keygen,25.6415,0.0,0.0,0.0,294,1214,0,0,0,0,0,0.0,384.623,nan,edge/x86_64,,3.12.3,2026-10-09T18:45:00Z
180,RSA-2048,classical,,encapsulate,0.096,0.0,0.0,0.0,294,1214,256,0,0,0,0,0.0,1.44,nan,edge/x86_64,,3.12.3,2026-10-09T18:45:00Z
180,RSA-2048,classical,,decapsulate,0.8242,0.0,0.0,0.0,294,1214,256,0,0,0,0,0.0,12.3629,nan,edge/x86_64,,3.12.3,2026-10-09T18:45:00Z
181,RSA-2048,classical,,keygen,24.0475,0.0,0.0,0.0,294,1217,0,0,0,0,0,0.0,360.713,nan,edge/x86_64,,3.12.3,2026-10-09T18:45:00Z
181,RSA-2048,classical,,encapsulate,0.1944,0.0,0.0,0.0,294,1217,256,0,0,0,0,0.0,2.9163,nan,edge/x86_64,,3.12.3,2026-10-09T18:45:00Z
181,RSA-2048,classical,,decapsulate,1.7875,0.0,0.0,0.0,294,1217,256,0,0,0,0,0.0,26.8123,nan,edge/x86_64,,3.12.3,2026-10-09T18:45:00Z
182,RSA-2048,classical,,keygen,37.3565,0.0,0.0,0.0,294,1219,0,0,0,0,0,0.0,560.3482,nan,edge/x86_64,,3.12.3,2026-10-09T18:45:00Z
182,RSA-2048,classical,,encapsulate,0.1381,0.0,0.0,0.0,294,1219,256,0,0,0,0,0.0,2.0721,nan,edge/x86_64,,3.12.3,2026-10-09T18:45:00Z
182,RSA-2048,classical,,decapsulate,0.8947,0.0,0.0,0.0,294,1219,256,0,0,0,0,0.0,13.4199,nan,edge/x86_64,,3.12.3,2026-10-09T18:45:00Z
183,RSA-2048,classical,,keygen,27.6576,0.0,0.0,0.0,294,1217,0,0,0,0,0,0.0,414.8647,nan,edge/x86_64,,3.12.3,2026-10-09T18:45:00Z
183,RSA-2048,classical,,encapsulate,0.1654,0.0,0.0,0.0,294,1217,256,0,0,0,0,0.0,2.4814,nan,edge/x86_64,,3.12.3,2026-10-09T18:45:00Z
183,RSA-2048,classical,,decapsulate,1.8371,0.0,0.0,0.0,294,1217,256,0,0,0,0,0.0,27.556,nan,edge/x86_64,,3.12.3,2026-10-09T18:45:00Z
184,RSA-2048,classical,,keygen,41.5164,0.0,0.0,0.0,294,1217,0,0,0,0,0,0.0,622.7459,nan,edge/x86_64,,3.12.3,2026-10-09T18:45:00Z
184,RSA-2048,classical,,encapsulate,0.1559,0.0,0.0,0.0,294,1217,256,0,0,0,0,0.0,2.339,nan,edge/x86_64,,3.12.3,2026-10-09T18:45:00Z
184,RSA-2048,classical,,decapsulate,0.8419,0.0,0.0,0.0,294,1217,256,0,0,0,0,0.0,12.6292,nan,edge/x86_64,,3.12.3,2026-10-09T18:45:00Z
185,RSA-2048,classical,,keygen,123.3572,0.0,0.0,0.0,294,1218,0,0,0,0,0,0.0,1850.3585,nan,edge/x86_64,,3.12.3,2026-10-09T18:45:00Z
185,RSA-2048,classical,,encapsulate,0.198,0.0,0.0,0.0,294,1218,256,0,0,0,0,0.0,2.9704,nan,edge/x86_64,,3.12.3,2026-10-09T18:45:00Z
185,RSA-2048,classical,,decapsulate,1.6363,0.0,0.0,0.0,294,1218,256,0,0,0,0,0.0,24.5446,nan,edge/x86_64,,3.12.3,2026-10-09T18:45:00Z
186,RSA-2048,classical,,keygen,183.3075,0.0,0.0,0.0,294,1217,0,0,0,0,0,0.0,2749.6126,nan,edge/x86_64,,3.12.3,2026-10-09T18:45:00Z
186,RSA-2048,classical,,encapsulate,0.1353,0.0,0.0,0.0,294,1217,256,0,0,0,0,0.0,2.0297,nan,edge/x86_64,,3.12.3,2026-10-09T18:45:00Z
186,RSA-2048,classical,,decapsulate,1.7534,0.0,0.0,0.0,294,1217,256,0,0,0,0,0.0,26.3004,nan,edge/x86_64,,3.12.3,2026-10-09T18:45:00Z
187,RSA-2048,classical,,keygen,19.2412,0.0,0.0,0.0,294,1217,0,0,0,0,0,0.0,288.6175,nan,edge/x86_64,,3.12.3,2026-10-09T18:45:00Z
187,RSA-2048,classical,,encapsulate,0.0851,0.0,0.0,0.0,294,1217,256,0,0,0,0,0.0,1.276,nan,edge/x86_64,,3.12.3,2026-10-09T18:45:00Z
187,RSA-2048,classical,,decapsulate,0.8481,0.0,0.0,0.0,294,1217,256,0,0,0,0,0.0,12.7219,nan,edge/x86_64,,3.12.3,2026-10-09T18:45:00Z
188,RSA-2048,classical,,keygen,40.773,0.0,0.0,0.0,294,1216,0,0,0,0,0,0.0,611.5956,nan,edge/x86_64,,3.12.3,2026-10-09T18:45:00Z
188,RSA-2048,classical,,encapsulate,0.1524,0.0,0.0,0.0,294,1216,256,0,0,0,0,0.0,2.2864,nan,edge/x86_64,,3.12.3,2026-10-09T18:45:00Z
188,RSA-2048,classical,,decapsulate,1.6606,0.0,0.0,0.0,294,1216,256,0,0,0,0,0.0,24.9089,nan,edge/x86_64,,3.12.3,2026-10-09T18:45:00Z
189,RSA-2048,classical,,keygen,21.0982,0.0,0.0,0.0,294,1218,0,0,0,0,0,0.0,316.473,nan,edge/x86_64,,3.12.3,2026-10-09T18:45:00Z
189,RSA-2048,classical,,encapsulate,0.0853,0.0,0.0,0.0,294,1218,256,0,0,0,0,0.0,1.279,nan,edge/x86_64,,3.12.3,2026-10-09T18:45:00Z
189,RSA-2048,classical,,decapsulate,0.8688,0.0,0.0,0.0,294,1218,256,0,0,0,0,0.0,13.0323,nan,edge/x86_64,,3.12.3,2026-10-09T18:45:00Z
190,RSA-2048,classical,,keygen,29.0876,0.0,0.0,0.0,294,1219,0,0,0,0,0,0.0,436.3142,nan,edge/x86_64,,3.12.3,2026-10-09T18:45:00Z
190,RSA-2048,classical,,encapsulate,0.0882,0.0,0.0,0.0,294,1219,256,0,0,0,0,0.0,1.3235,nan,edge/x86_64,,3.12.3,2026-10-09T18:45:00Z
190,RSA-2048,classical,,decapsulate,0.8564,0.0,0.0,0.0,294,1219,256,0,0,0,0,0.0,12.8457,nan,edge/x86_64,,3.12.3,2026-10-09T18:45:00Z
191,RSA-2048,classical,,keygen,39.65,0.0,0.0,0.0,294,1218,0,0,0,0,0,0.0,594.7501,nan,edge/x86_64,,3.12.3,2026-10-09T18:45:00Z
191,RSA-2048,classical,,encapsulate,0.0868,0.0,0.0,0.0,294,1218,256,0,0,0,0,0.0,1.3023,nan,edge/x86_64,,3.12.3,2026-10-09T18:45:00Z
191,RSA-2048,classical,,decapsulate,0.8361,0.0,0.0,0.0,294,1218,256,0,0,0,0,0.0,12.5419,nan,edge/x86_64,,3.12.3,2026-10-09T18:45:00Z
192,RSA-2048,classical,,keygen,68.0401,0.0,0.0,0.0,294,1216,0,0,0,0,0,0.0,1020.6014,nan,edge/x86_64,,3.12.3,2026-10-09T18:45:00Z
192,RSA-2048,classical,,encapsulate,0.1471,0.0,0.0,0.0,294,1216,256,0,0,0,0,0.0,2.207,nan,edge/x86_64,,3.12.3,2026-10-09T18:45:00Z
192,RSA-2048,classical,,decapsulate,1.7323,0.0,0.0,0.0,294,1216,256,0,0,0,0,0.0,25.9849,nan,edge/x86_64,,3.12.3,2026-10-09T18:45:00Z
193,RSA-2048,classical,,keygen,193.9399,0.0,0.0,0.0,294,1217,0,0,0,0,0,0.0,2909.0989,nan,edge/x86_64,,3.12.3,2026-10-09T18:45:00Z
193,RSA-2048,classical,,encapsulate,0.2267,0.0,0.0,0.0,294,1217,256,0,0,0,0,0.0,3.4012,nan,edge/x86_64,,3.12.3,2026-10-09T18:45:00Z
193,RSA-2048,classical,,decapsulate,1.6674,0.0,0.0,0.0,294,1217,256,0,0,0,0,0.0,25.0111,nan,edge/x86_64,,3.12.3,2026-10-09T18:45:00Z
194,RSA-2048,classical,,keygen,69.7165,0.0,0.0,0.0,294,1217,0,0,0,0,0,0.0,1045.7473,nan,edge/x86_64,,3.12.3,2026-10-09T18:45:00Z
194,RSA-2048,classical,,encapsulate,0.1492,0.0,0.0,0.0,294,1217,256,0,0,0,0,0.0,2.2383,nan,edge/x86_64,,3.12.3,2026-10-09T18:45:00Z
194,RSA-2048,classical,,decapsulate,1.8219,0.0,0.0,0.0,294,1217,256,0,0,0,0,0.0,27.3286,nan,edge/x86_64,,3.12.3,2026-10-09T18:45:00Z
195,RSA-2048,classical,,keygen,66.1444,0.0,0.0,0.0,294,1217,0,0,0,0,0,0.0,992.1661,nan,edge/x86_64,,3.12.3,2026-10-09T18:45:00Z
195,RSA-2048,classical,,encapsulate,0.1326,0.0,0.0,0.0,294,1217,256,0,0,0,0,0.0,1.989,nan,edge/x86_64,,3.12.3,2026-10-09T18:45:00Z
195,RSA-2048,classical,,decapsulate,1.707,0.0,0.0,0.0,294,1217,256,0,0,0,0,0.0,25.6055,nan,edge/x86_64,,3.12.3,2026-10-09T18:45:00Z
196,RSA-2048,classical,,keygen,29.084,0.0,0.0,0.0,294,1217,0,0,0,0,0,0.0,436.2595,nan,edge/x86_64,,3.12.3,2026-10-09T18:45:00Z
196,RSA-2048,classical,,encapsulate,0.2588,0.0,0.0,0.0,294,1217,256,0,0,0,0,0.0,3.882,nan,edge/x86_64,,3.12.3,2026-10-09T18:45:00Z
196,RSA-2048,classical,,decapsulate,1.7626,0.0,0.0,0.0,294,1217,256,0,0,0,0,0.0,26.4389,nan,edge/x86_64,,3.12.3,2026-10-09T18:45:00Z
197,RSA-2048,classical,,keygen,50.8037,0.0,0.0,0.0,294,1219,0,0,0,0,0,0.0,762.0559,nan,edge/x86_64,,3.12.3,2026-10-09T18:45:00Z
197,RSA-2048,classical,,encapsulate,0.201,0.0,0.0,0.0,294,1219,256,0,0,0,0,0.0,3.0156,nan,edge/x86_64,,3.12.3,2026-10-09T18:45:00Z
197,RSA-2048,classical,,decapsulate,1.8574,0.0,0.0,0.0,294,1219,256,0,0,0,0,0.0,27.8604,nan,edge/x86_64,,3.12.3,2026-10-09T18:45:00Z
198,RSA-2048,classical,,keygen,23.1995,0.0,0.0,0.0,294,1219,0,0,0,0,0,0.0,347.9928,nan,edge/x86_64,,3.12.3,2026-10-09T18:45:00Z
198,RSA-2048,classical,,encapsulate,0.1248,0.0,0.0,0.0,294,1219,256,0,0,0,0,0.0,1.8716,nan,edge/x86_64,,3.12.3,2026-10-09T18:45:00Z
198,RSA-2048,classical,,decapsulate,1.0784,0.0,0.0,0.0,294,1219,256,0,0,0,0,0.0,16.1765,nan,edge/x86_64,,3.12.3,2026-10-09T18:45:00Z
199,RSA-2048,classical,,keygen,47.1682,0.0,0.0,0.0,294,1218,0,0,0,0,0,0.0,707.5232,nan,edge/x86_64,,3.12.3,2026-10-09T18:45:00Z
199,RSA-2048,classical,,encapsulate,0.1872,0.0,0.0,0.0,294,1218,256,0,0,0,0,0.0,2.8078,nan,edge/x86_64,,3.12.3,2026-10-09T18:45:00Z
199,RSA-2048,classical,,decapsulate,1.0902,0.0,0.0,0.0,294,1218,256,0,0,0,0,0.0,16.3534,nan,edge/x86_64,,3.12.3,2026-10-09T18:45:00Z
0,ECDH-P256,classical,,keygen,0.0219,0.0,0.0,0.0,91,138,0,0,0,0,0,0.0,0.3278,nan,edge/x86_64,,3.12.3,2026-10-09T18:45:15Z
0,ECDH-P256,classical,,encapsulate,0.0696,0.0,0.0,0.0,91,138,0,0,0,0,0,0.0,1.0435,nan,edge/x86_64,,3.12.3,2026-10-09T18:45:15Z
1,ECDH-P256,classical,,keygen,0.0234,0.0,0.0,0.0,91,138,0,0,0,0,0,0.0,0.3516,nan,edge/x86_64,,3.12.3,2026-10-09T18:45:15Z
1,ECDH-P256,classical,,encapsulate,0.069,0.0,0.0,0.0,91,138,0,0,0,0,0,0.0,1.0356,nan,edge/x86_64,,3.12.3,2026-10-09T18:45:15Z
2,ECDH-P256,classical,,keygen,0.0206,0.0,0.0,0.0,91,138,0,0,0,0,0,0.0,0.3084,nan,edge/x86_64,,3.12.3,2026-10-09T18:45:15Z
2,ECDH-P256,classical,,encapsulate,0.0686,0.0,0.0,0.0,91,138,0,0,0,0,0,0.0,1.0283,nan,edge/x86_64,,3.12.3,2026-10-09T18:45:15Z
3,ECDH-P256,classical,,keygen,0.0204,0.0,0.0,0.0,91,138,0,0,0,0,0,0.0,0.3064,nan,edge/x86_64,,3.12.3,2026-10-09T18:45:15Z
3,ECDH-P256,classical,,encapsulate,0.0669,0.0,0.0,0.0,91,138,0,0,0,0,0,0.0,1.004,nan,edge/x86_64,,3.12.3,2026-10-09T18:45:15Z
4,ECDH-P256,classical,,keygen,0.0237,0.0,0.0,0.0,91,138,0,0,0,0,0,0.0,0.3555,nan,edge/x86_64,,3.12.3,2026-10-09T18:45:15Z
4,ECDH-P256,classical,,encapsulate,0.0657,0.0,0.0,0.0,91,138,0,0,0,0,0,0.0,0.9851,nan,edge/x86_64,,3.12.3,2026-10-09T18:45:15Z
5,ECDH-P256,classical,,keygen,0.0212,0.0,0.0,0.0,91,138,0,0,0,0,0,0.0,0.3174,nan,edge/x86_64,,3.12.3,2026-10-09T18:45:15Z
5,ECDH-P256,classical,,encapsulate,0.0663,0.0,0.0,0.0,91,138,0,0,0,0,0,0.0,0.9952,nan,edge/x86_64,,3.12.3,2026-10-09T18:45:15Z
6,ECDH-P256,classical,,keygen,0.0226,0.0,0.0,0.0,91,138,0,0,0,0,0,0.0,0.3385,nan,edge/x86_64,,3.12.3,2026-10-09T18:45:15Z
6,ECDH-P256,classical,,encapsulate,0.1028,0.0,0.0,0.0,91,138,0,0,0,0,0,0.0,1.5417,nan,edge/x86_64,,3.12.3,2026-10-09T18:45:15Z
7,ECDH-P256,classical,,keygen,0.0302,0.0,0.0,0.0,91,138,0,0,0,0,0,0.0,0.4527,nan,edge/x86_64,,3.12.3,2026-10-09T18:45:15Z
7,ECDH-P256,classical,,encapsulate,0.0702,0.0,0.0,0.0,91,138,0,0,0,0,0,0.0,1.0528,nan,edge/x86_64,,3.12.3,2026-10-09T18:45:15Z
8,ECDH-P256,classical,,keygen,0.0208,0.0,0.0,0.0,91,138,0,0,0,0,0,0.0,0.3123,nan,edge/x86_64,,3.12.3,2026-10-09T18:45:15Z
8,ECDH-P256,classical,,encapsulate,0.068,0.0,0.0,0.0,91,138,0,0,0,0,0,0.0,1.0202,nan,edge/x86_64,,3.12.3,2026-10-09T18:45:15Z
9,ECDH-P256,classical,,keygen,0.0211,0.0,0.0,0.0,91,138,0,0,0,0,0,0.0,0.3167,nan,edge/x86_64,,3.12.3,2026-10-09T18:45:15Z
9,ECDH-P256,classical,,encapsulate,0.0682,0.0,0.0,0.0,91,138,0,0,0,0,0,0.0,1.0235,nan,edge/x86_64,,3.12.3,2026-10-09T18:45:15Z
10,ECDH-P256,classical,,keygen,0.0215,0.0,0.0,0.0,91,138,0,0,0,0,0,0.0,0.3227,nan,edge/x86_64,,3.12.3,2026-10-09T18:45:15Z
10,ECDH-P256,classical,,encapsulate,0.068,0.0,0.0,0.0,91,138,0,0,0,0,0,0.0,1.02,nan,edge/x86_64,,3.12.3,2026-10-09T18:45:15Z
11,ECDH-P256,classical,,keygen,0.0208,0.0,0.0,0.0,91,138,0,0,0,0,0,0.0,0.3123,nan,edge/x86_64,,3.12.3,2026-10-09T18:45:15Z
11,ECDH-P256,classical,,encapsulate,0.0681,0.0,0.0,0.0,91,138,0,0,0,0,0,0.0,1.0214,nan,edge/x86_64,,3.12.3,2026-10-09T18:45:15Z
12,ECDH-P256,classical,,keygen,0.0212,0.0,0.0,0.0,91,138,0,0,0,0,0,0.0,0.3175,nan,edge/x86_64,,3.12.3,2026-10-09T18:45:15Z
12,ECDH-P256,classical,,encapsulate,0.0685,0.0,0.0,0.0,91,138,0,0,0,0,0,0.0,1.0268,nan,edge/x86_64,,3.12.3,2026-10-09T18:45:15Z
13,ECDH-P256,classical,,keygen,0.0205,0.0,0.0,0.0,91,138,0,0,0,0,0,0.0,0.3078,nan,edge/x86_64,,3.12.3,2026-10-09T18:45:15Z
13,ECDH-P256,classical,,encapsulate,0.068,0.0,0.0,0.0,91,138,0,0,0,0,0,0.0,1.0199,nan,edge/x86_64,,3.12.3,2026-10-09T18:45:15Z
14,ECDH-P256,classical,,keygen,0.0231,0.0,0.0,0.0,91,138,0,0,0,0,0,0.0,0.3458,nan,edge/x86_64,,3.12.3,2026-10-09T18:45:15Z
14,ECDH-P256,classical,,encapsulate,0.0668,0.0,0.0,0.0,91,138,0,0,0,0,0,0.0,1.0013,nan,edge/x86_64,,3.12.3,2026-10-09T18:45:15Z
15,ECDH-P256,classical,,keygen,0.0203,0.0,0.0,0.0,91,138,0,0,0,0,0,0.0,0.3042,nan,edge/x86_64,,3.12.3,2026-10-09T18:45:15Z
15,ECDH-P256,classical,,encapsulate,0.0656,0.0,0.0,0.0,91,138,0,0,0,0,0,0.0,0.9843,nan,edge/x86_64,,3.12.3,2026-10-09T18:45:15Z
16,ECDH-P256,classical,,keygen,0.0205,0.0,0.0,0.0,91,138,0,0,0,0,0,0.0,0.3082,nan,edge/x86_64,,3.12.3,2026-10-09T18:45:15Z
16,ECDH-P256,classical,,encapsulate,0.0658,0.0,0.0,0.0,91,138,0,0,0,0,0,0.0,0.9876,nan,edge/x86_64,,3.12.3,2026-10-09T18:45:15Z
17,ECDH-P256,classical,,keygen,0.0216,0.0,0.0,0.0,91,138,0,0,0,0,0,0.0,0.3239,nan,edge/x86_64,,3.12.3,2026-10-09T18:45:15Z
17,ECDH-P256,classical,,encapsulate,0.0664,0.0,0.0,0.0,91,138,0,0,0,0,0,0.0,0.9965,nan,edge/x86_64,,3.12.3,2026-10-09T18:45:15Z
18,ECDH-P256,classical,,keygen,0.0222,0.0,0.0,0.0,91,138,0,0,0,0,0,0.0,0.3327,nan,edge/x86_64,,3.12.3,2026-10-09T18:45:15Z
18,ECDH-P256,classical,,encapsulate,0.0662,0.0,0.0,0.0,91,138,0,0,0,0,0,0.0,0.9929,nan,edge/x86_64,,3.12.3,2026-10-09T18:45:15Z
19,ECDH-P256,classical,,keygen,0.0208,0.0,0.0,0.0,91,138,0,0,0,0,0,0.0,0.3127,nan,edge/x86_64,,3.12.3,2026-10-09T18:45:15Z
19,ECDH-P256,classical,,encapsulate,0.0669,0.0,0.0,0.0,91,138,0,0,0,0,0,0.0,1.0028,nan,edge/x86_64,,3.12.3,2026-10-09T18:45:15Z
20,ECDH-P256,classical,,keygen,0.0497,0.0,0.0,0.0,91,138,0,0,0,0,0,0.0,0.7458,nan,edge/x86_64,,3.12.3,2026-10-09T18:45:15Z
20,ECDH-P256,classical,,encapsulate,0.0687,0.0,0.0,0.0,91,138,0,0,0,0,0,0.0,1.0308,nan,edge/x86_64,,3.12.3,2026-10-09T18:45:15Z
21,ECDH-P256,classical,,keygen,0.0208,0.0,0.0,0.0,91,138,0,0,0,0,0,0.0,0.3119,nan,edge/x86_64,,3.12.3,2026-10-09T18:45:15Z
21,ECDH-P256,classical,,encapsulate,0.0668,0.0,0.0,0.0,91,138,0,0,0,0,0,0.0,1.0026,nan,edge/x86_64,,3.12.3,2026-10-09T18:45:15Z
22,ECDH-P256,classical,,keygen,0.0208,0.0,0.0,0.0,91,138,0,0,0,0,0,0.0,0.3121,nan,edge/x86_64,,3.12.3,2026-10-09T18:45:15Z
22,ECDH-P256,classical,,encapsulate,0.0665,0.0,0.0,0.0,91,138,0,0,0,0,0,0.0,0.997,nan,edge/x86_64,,3.12.3,2026-10-09T18:45:15Z
23,ECDH-P256,classical,,keygen,0.0203,0.0,0.0,0.0,91,138,0,0,0,0,0,0.0,0.3046,nan,edge/x86_64,,3.12.3,2026-10-09T18:45:15Z
23,ECDH-P256,classical,,encapsulate,0.0663,0.0,0.0,0.0,91,138,0,0,0,0,0,0.0,0.9948,nan,edge/x86_64,,3.12.3,2026-10-09T18:45:15Z
24,ECDH-P256,classical,,keygen,0.0396,0.0,0.0,0.0,91,138,0,0,0,0,0,0.0,0.5939,nan,edge/x86_64,,3.12.3,2026-10-09T18:45:15Z
24,ECDH-P256,classical,,encapsulate,0.0669,0.0,0.0,0.0,91,138,0,0,0,0,0,0.0,1.0036,nan,edge/x86_64,,3.12.3,2026-10-09T18:45:15Z
25,ECDH-P256,classical,,keygen,0.0202,0.0,0.0,0.0,91,138,0,0,0,0,0,0.0,0.3036,nan,edge/x86_64,,3.12.3,2026-10-09T18:45:15Z
25,ECDH-P256,classical,,encapsulate,0.0659,0.0,0.0,0.0,91,138,0,0,0,0,0,0.0,0.9891,nan,edge/x86_64,,3.12.3,2026-10-09T18:45:15Z
26,ECDH-P256,classical,,keygen,0.0201,0.0,0.0,0.0,91,138,0,0,0,0,0,0.0,0.3021,nan,edge/x86_64,,3.12.3,2026-10-09T18:45:15Z
26,ECDH-P256,classical,,encapsulate,0.0667,0.0,0.0,0.0,91,138,0,0,0,0,0,0.0,1.0003,nan,edge/x86_64,,3.12.3,2026-10-09T18:45:15Z
27,ECDH-P256,classical,,keygen,0.0203,0.0,0.0,0.0,91,138,0,0,0,0,0,0.0,0.3044,nan,edge/x86_64,,3.12.3,2026-10-09T18:45:15Z
27,ECDH-P256,classical,,encapsulate,0.0656,0.0,0.0,0.0,91,138,0,0,0,0,0,0.0,0.984,nan,edge/x86_64,,3.12.3,2026-10-09T18:45:15Z
28,ECDH-P256,classical,,keygen,0.0232,0.0,0.0,0.0,91,138,0,0,0,0,0,0.0,0.3484,nan,edge/x86_64,,3.12.3,2026-10-09T18:45:15Z
28,ECDH-P256,classical,,encapsulate,0.0651,0.0,0.0,0.0,91,138,0,0,0,0,0,0.0,0.9771,nan,edge/x86_64,,3.12.3,2026-10-09T18:45:15Z
29,ECDH-P256,classical,,keygen,0.0214,0.0,0.0,0.0,91,138,0,0,0,0,0,0.0,0.3203,nan,edge/x86_64,,3.12.3,2026-10-09T18:45:15Z
29,ECDH-P256,classical,,encapsulate,0.066,0.0,0.0,0.0,91,138,0,0,0,0,0,0.0,0.9896,nan,edge/x86_64,,3.12.3,2026-10-09T18:45:15Z
30,ECDH-P256,classical,,keygen,0.0203,0.0,0.0,0.0,91,138,0,0,0,0,0,0.0,0.3038,nan,edge/x86_64,,3.12.3,2026-10-09T18:45:15Z
30,ECDH-P256,classical,,encapsulate,0.0663,0.0,0.0,0.0,91,138,0,0,0,0,0,0.0,0.9939,nan,edge/x86_64,,3.12.3,2026-10-09T18:45:15Z
31,ECDH-P256,classical,,keygen,0.0206,0.0,0.0,0.0,91,138,0,0,0,0,0,0.0,0.3089,nan,edge/x86_64,,3.12.3,2026-10-09T18:45:15Z
31,ECDH-P256,classical,,encapsulate,0.0671,0.0,0.0,0.0,91,138,0,0,0,0,0,0.0,1.0071,nan,edge/x86_64,,3.12.3,2026-10-09T18:45:15Z
32,ECDH-P256,classical,,keygen,0.0203,0.0,0.0,0.0,91,138,0,0,0,0,0,0.0,0.3044,nan,edge/x86_64,,3.12.3,2026-10-09T18:45:15Z
32,ECDH-P256,classical,,encapsulate,0.0666,0.0,0.0,0.0,91,138,0,0,0,0,0,0.0,0.9988,nan,edge/x86_64,,3.12.3,2026-10-09T18:45:15Z
33,ECDH-P256,classical,,keygen,0.0204,0.0,0.0,0.0,91,138,0,0,0,0,0,0.0,0.306,nan,edge/x86_64,,3.12.3,2026-10-09T18:45:15Z
33,ECDH-P256,classical,,encapsulate,0.066,0.0,0.0,0.0,91,138,0,0,0,0,0,0.0,0.9893,nan,edge/x86_64,,3.12.3,2026-10-09T18:45:15Z
34,ECDH-P256,classical,,keygen,0.0205,0.0,0.0,0.0,91,138,0,0,0,0,0,0.0,0.3072,nan,edge/x86_64,,3.12.3,2026-10-09T18:45:15Z
34,ECDH-P256,classical,,encapsulate,0.0695,0.0,0.0,0.0,91,138,0,0,0,0,0,0.0,1.0424,nan,edge/x86_64,,3.12.3,2026-10-09T18:45:15Z
35,ECDH-P256,classical,,keygen,0.021,0.0,0.0,0.0,91,138,0,0,0,0,0,0.0,0.3153,nan,edge/x86_64,,3.12.3,2026-10-09T18:45:15Z
35,ECDH-P256,classical,,encapsulate,0.0668,0.0,0.0,0.0,91,138,0,0,0,0,0,0.0,1.002,nan,edge/x86_64,,3.12.3,2026-10-09T18:45:15Z
36,ECDH-P256,classical,,keygen,0.0204,0.0,0.0,0.0,91,138,0,0,0,0,0,0.0,0.3056,nan,edge/x86_64,,3.12.3,2026-10-09T18:45:15Z
36,ECDH-P256,classical,,encapsulate,0.0666,0.0,0.0,0.0,91,138,0,0,0,0,0,0.0,0.9989,nan,edge/x86_64,,3.12.3,2026-10-09T18:45:15Z
37,ECDH-P256,classical,,keygen,0.021,0.0,0.0,0.0,91,138,0,0,0,0,0,0.0,0.3152,nan,edge/x86_64,,3.12.3,2026-10-09T18:45:15Z
37,ECDH-P256,classical,,encapsulate,0.0825,0.0,0.0,0.0,91,138,0,0,0,0,0,0.0,1.2373,nan,edge/x86_64,,3.12.3,2026-10-09T18:45:15Z
38,ECDH-P256,classical,,keygen,0.0225,0.0,0.0,0.0,91,138,0,0,0,0,0,0.0,0.3368,nan,edge/x86_64,,3.12.3,2026-10-09T18:45:15Z
38,ECDH-P256,classical,,encapsulate,0.0663,0.0,0.0,0.0,91,138,0,0,0,0,0,0.0,0.9949,nan,edge/x86_64,,3.12.3,2026-10-09T18:45:15Z
39,ECDH-P256,classical,,keygen,0.0205,0.0,0.0,0.0,91,138,0,0,0,0,0,0.0,0.3079,nan,edge/x86_64,,3.12.3,2026-10-09T18:45:15Z
39,ECDH-P256,classical,,encapsulate,0.0654,0.0,0.0,0.0,91,138,0,0,0,0,0,0.0,0.9812,nan,edge/x86_64,,3.12.3,2026-10-09T18:45:15Z
40,ECDH-P256,classical,,keygen,0.0219,0.0,0.0,0.0,91,138,0,0,0,0,0,0.0,0.3286,nan,edge/x86_64,,3.12.3,2026-10-09T18:45:15Z
40,ECDH-P256,classical,,encapsulate,0.067,0.0,0.0,0.0,91,138,0,0,0,0,0,0.0,1.0051,nan,edge/x86_64,,3.12.3,2026-10-09T18:45:15Z
41,ECDH-P256,classical,,keygen,0.0206,0.0,0.0,0.0,91,138,0,0,0,0,0,0.0,0.309,nan,edge/x86_64,,3.12.3,2026-10-09T18:45:15Z
41,ECDH-P256,classical,,encapsulate,0.0687,0.0,0.0,0.0,91,138,0,0,0,0,0,0.0,1.0303,nan,edge/x86_64,,3.12.3,2026-10-09T18:45:15Z
42,ECDH-P256,classical,,keygen,0.0214,0.0,0.0,0.0,91,138,0,0,0,0,0,0.0,0.3211,nan,edge/x86_64,,3.12.3,2026-10-09T18:45:15Z
42,ECDH-P256,classical,,encapsulate,0.0674,0.0,0.0,0.0,91,138,0,0,0,0,0,0.0,1.011,nan,edge/x86_64,,3.12.3,2026-10-09T18:45:15Z
43,ECDH-P256,classical,,keygen,0.0202,0.0,0.0,0.0,91,138,0,0,0,0,0,0.0,0.303,nan,edge/x86_64,,3.12.3,2026-10-09T18:45:15Z
43,ECDH-P256,classical,,encapsulate,0.0662,0.0,0.0,0.0,91,138,0,0,0,0,0,0.0,0.9937,nan,edge/x86_64,,3.12.3,2026-10-09T18:45:15Z
44,ECDH-P256,classical,,keygen,0.0201,0.0,0.0,0.0,91,138,0,0,0,0,0,0.0,0.302,nan,edge/x86_64,,3.12.3,2026-10-09T18:45:15Z
44,ECDH-P256,classical,,encapsulate,0.0663,0.0,0.0,0.0,91,138,0,0,0,0,0,0.0,0.9938,nan,edge/x86_64,,3.12.3,2026-10-09T18:45:15Z
45,ECDH-P256,classical,,keygen,0.0382,0.0,0.0,0.0,91,138,0,0,0,0,0,0.0,0.5724,nan,edge/x86_64,,3.12.3,2026-10-09T18:45:15Z
45,ECDH-P256,classical,,encapsulate,0.0669,0.0,0.0,0.0,91,138,0,0,0,0,0,0.0,1.0031,nan,edge/x86_64,,3.12.3,2026-10-09T18:45:15Z
46,ECDH-P256,classical,,keygen,0.0212,0.0,0.0,0.0,91,138,0,0,0,0,0,0.0,0.3174,nan,edge/x86_64,,3.12.3,2026-10-09T18:45:15Z
46,ECDH-P256,classical,,encapsulate,0.0665,0.0,0.0,0.0,91,138,0,0,0,0,0,0.0,0.9971,nan,edge/x86_64,,3.12.3,2026-10-09T18:45:15Z
47,ECDH-P256,classical,,keygen,0.0202,0.0,0.0,0.0,91,138,0,0,0,0,0,0.0,0.3025,nan,edge/x86_64,,3.12.3,2026-10-09T18:45:15Z
47,ECDH-P256,classical,,encapsulate,0.0661,0.0,0.0,0.0,91,138,0,0,0,0,0,0.0,0.9908,nan,edge/x86_64,,3.12.3,2026-10-09T18:45:15Z
48,ECDH-P256,classical,,keygen,0.0493,0.0,0.0,0.0,91,138,0,0,0,0,0,0.0,0.7395,nan,edge/x86_64,,3.12.3,2026-10-09T18:45:15Z
48,ECDH-P256,classical,,encapsulate,0.0688,0.0,0.0,0.0,91,138,0,0,0,0,0,0.0,1.0325,nan,edge/x86_64,,3.12.3,2026-10-09T18:45:15Z
49,ECDH-P256,classical,,keygen,0.0211,0.0,0.0,0.0,91,138,0,0,0,0,0,0.0,0.3165,nan,edge/x86_64,,3.12.3,2026-10-09T18:45:15Z
49,ECDH-P256,classical,,encapsulate,0.0664,0.0,0.0,0.0,91,138,0,0,0,0,0,0.0,0.996,nan,edge/x86_64,,3.12.3,2026-10-09T18:45:15Z
50,ECDH-P256,classical,,keygen,0.0211,0.0,0.0,0.0,91,138,0,0,0,0,0,0.0,0.3159,nan,edge/x86_64,,3.12.3,2026-10-09T18:45:15Z
50,ECDH-P256,classical,,encapsulate,0.0647,0.0,0.0,0.0,91,138,0,0,0,0,0,0.0,0.9699,nan,edge/x86_64,,3.12.3,2026-10-09T18:45:15Z
51,ECDH-P256,classical,,keygen,0.0217,0.0,0.0,0.0,91,138,0,0,0,0,0,0.0,0.3252,nan,edge/x86_64,,3.12.3,2026-10-09T18:45:15Z
51,ECDH-P256,classical,,encapsulate,0.0908,0.0,0.0,0.0,91,138,0,0,0,0,0,0.0,1.3621,nan,edge/x86_64,,3.12.3,2026-10-09T18:45:15Z
52,ECDH-P256,classical,,keygen,0.0225,0.0,0.0,0.0,91,138,0,0,0,0,0,0.0,0.3378,nan,edge/x86_64,,3.12.3,2026-10-09T18:45:15Z
52,ECDH-P256,classical,,encapsulate,0.0667,0.0,0.0,0.0,91,138,0,0,0,0,0,0.0,0.9999,nan,edge/x86_64,,3.12.3,2026-10-09T18:45:15Z
53,ECDH-P256,classical,,keygen,0.021,0.0,0.0,0.0,91,138,0,0,0,0,0,0.0,0.3145,nan,edge/x86_64,,3.12.3,2026-10-09T18:45:15Z
53,ECDH-P256,classical,,encapsulate,0.0666,0.0,0.0,0.0,91,138,0,0,0,0,0,0.0,0.9989,nan,edge/x86_64,,3.12.3,2026-10-09T18:45:15Z
54,ECDH-P256,classical,,keygen,0.0206,0.0,0.0,0.0,91,138,0,0,0,0,0,0.0,0.309,nan,edge/x86_64,,3.12.3,2026-10-09T18:45:15Z
54,ECDH-P256,classical,,encapsulate,0.0662,0.0,0.0,0.0,91,138,0,0,0,0,0,0.0,0.993,nan,edge/x86_64,,3.12.3,2026-10-09T18:45:15Z
55,ECDH-P256,classical,,keygen,0.0206,0.0,0.0,0.0,91,138,0,0,0,0,0,0.0,0.309,nan,edge/x86_64,,3.12.3,2026-10-09T18:45:15Z
55,ECDH-P256,classical,,encapsulate,0.0689,0.0,0.0,0.0,91,138,0,0,0,0,0,0.0,1.0338,nan,edge/x86_64,,3.12.3,2026-10-09T18:45:15Z
56,ECDH-P256,classical,,keygen,0.0211,0.0,0.0,0.0,91,138,0,0,0,0,0,0.0,0.316,nan,edge/x86_64,,3.12.3,2026-10-09T18:45:15Z
56,ECDH-P256,classical,,encapsulate,0.0666,0.0,0.0,0.0,91,138,0,0,0,0,0,0.0,0.9997,nan,edge/x86_64,,3.12.3,2026-10-09T18:45:15Z
57,ECDH-P256,classical,,keygen,0.0204,0.0,0.0,0.0,91,138,0,0,0,0,0,0.0,0.3067,nan,edge/x86_64,,3.12.3,2026-10-09T18:45:15Z
57,ECDH-P256,classical,,encapsulate,0.0664,0.0,0.0,0.0,91,138,0,0,0,0,0,0.0,0.9961,nan,edge/x86_64,,3.12.3,2026-10-09T18:45:15Z
58,ECDH-P256,classical,,keygen,0.0203,0.0,0.0,0.0,91,138,0,0,0,0,0,0.0,0.3038,nan,edge/x86_64,,3.12.3,2026-10-09T18:45:15Z
58,ECDH-P256,classical,,encapsulate,0.0788,0.0,0.0,0.0,91,138,0,0,0,0,0,0.0,1.1819,nan,edge/x86_64,,3.12.3,2026-10-09T18:45:15Z
59,ECDH-P256,classical,,keygen,0.0215,0.0,0.0,0.0,91,138,0,0,0,0,0,0.0,0.3219,nan,edge/x86_64,,3.12.3,2026-10-09T18:45:15Z
59,ECDH-P256,classical,,encapsulate,0.0666,0.0,0.0,0.0,91,138,0,0,0,0,0,0.0,0.9987,nan,edge/x86_64,,3.12.3,2026-10-09T18:45:15Z
60,ECDH-P256,classical,,keygen,0.6678,0.0,0.0,0.0,91,138,0,0,0,0,0,0.0,10.0171,nan,edge/x86_64,,3.12.3,2026-10-09T18:45:15Z
60,ECDH-P256,classical,,encapsulate,0.0792,0.0,0.0,0.0,91,138,0,0,0,0,0,0.0,1.1881,nan,edge/x86_64,,3.12.3,2026-10-09T18:45:15Z
61,ECDH-P256,classical,,keygen,0.1393,0.0,0.0,0.0,91,138,0,0,0,0,0,0.0,2.0896,nan,edge/x86_64,,3.12.3,2026-10-09T18:45:15Z
61,ECDH-P256,classical,,encapsulate,0.0717,0.0,0.0,0.0,91,138,0,0,0,0,0,0.0,1.0761,nan,edge/x86_64,,3.12.3,2026-10-09T18:45:15Z
62,ECDH-P256,classical,,keygen,0.0206,0.0,0.0,0.0,91,138,0,0,0,0,0,0.0,0.3095,nan,edge/x86_64,,3.12.3,2026-10-09T18:45:15Z
62,ECDH-P256,classical,,encapsulate,0.0658,0.0,0.0,0.0,91,138,0,0,0,0,0,0.0,0.9865,nan,edge/x86_64,,3.12.3,2026-10-09T18:45:15Z
63,ECDH-P256,classical,,keygen,0.0201,0.0,0.0,0.0,91,138,0,0,0,0,0,0.0,0.3016,nan,edge/x86_64,,3.12.3,2026-10-09T18:45:15Z
63,ECDH-P256,classical,,encapsulate,0.0657,0.0,0.0,0.0,91,138,0,0,0,0,0,0.0,0.9848,nan,edge/x86_64,,3.12.3,2026-10-09T18:45:15Z
64,ECDH-P256,classical,,keygen,0.0219,0.0,0.0,0.0,91,138,0,0,0,0,0,0.0,0.3278,nan,edge/x86_64,,3.12.3,2026-10-09T18:45:15Z
64,ECDH-P256,classical,,encapsulate,0.0668,0.0,0.0,0.0,91,138,0,0,0,0,0,0.0,1.0021,nan,edge/x86_64,,3.12.3,2026-10-09T18:45:15Z
65,ECDH-P256,classical,,keygen,0.0201,0.0,0.0,0.0,91,138,0,0,0,0,0,0.0,0.3022,nan,edge/x86_64,,3.12.3,2026-10-09T18:45:15Z
65,ECDH-P256,classical,,encapsulate,0.0659,0.0,0.0,0.0,91,138,0,0,0,0,0,0.0,0.9885,nan,edge/x86_64,,3.12.3,2026-10-09T18:45:15Z
66,ECDH-P256,classical,,keygen,0.02,0.0,0.0,0.0,91,138,0,0,0,0,0,0.0,0.2996,nan,edge/x86_64,,3.12.3,2026-10-09T18:45:15Z
66,ECDH-P256,classical,,encapsulate,0.0725,0.0,0.0,0.0,91,138,0,0,0,0,0,0.0,1.0869,nan,edge/x86_64,,3.12.3,2026-10-09T18:45:15Z
67,ECDH-P256,classical,,keygen,0.0284,0.0,0.0,0.0,91,138,0,0,0,0,0,0.0,0.4253,nan,edge/x86_64,,3.12.3,2026-10-09T18:45:15Z
67,ECDH-P256,classical,,encapsulate,0.0736,0.0,0.0,0.0,91,138,0,0,0,0,0,0.0,1.1034,nan,edge/x86_64,,3.12.3,2026-10-09T18:45:15Z
68,ECDH-P256,classical,,keygen,0.0214,0.0,0.0,0.0,91,138,0,0,0,0,0,0.0,0.3215,nan,edge/x86_64,,3.12.3,2026-10-09T18:45:15Z
68,ECDH-P256,classical,,encapsulate,0.0693,0.0,0.0,0.0,91,138,0,0,0,0,0,0.0,1.0399,nan,edge/x86_64,,3.12.3,2026-10-09T18:45:15Z
69,ECDH-P256,classical,,keygen,0.0229,0.0,0.0,0.0,91,138,0,0,0,0,0,0.0,0.3431,nan,edge/x86_64,,3.12.3,2026-10-09T18:45:15Z
69,ECDH-P256,classical,,encapsulate,0.0739,0.0,0.0,0.0,91,138,0,0,0,0,0,0.0,1.1089,nan,edge/x86_64,,3.12.3,2026-10-09T18:45:15Z
70,ECDH-P256,classical,,keygen,0.064,0.0,0.0,0.0,91,138,0,0,0,0,0,0.0,0.9594,nan,edge/x86_64,,3.12.3,2026-10-09T18:45:15Z
70,ECDH-P256,classical,,encapsulate,0.0747,0.0,0.0,0.0,91,138,0,0,0,0,0,0.0,1.1201,nan,edge/x86_64,,3.12.3,2026-10-09T18:45:15Z
71,ECDH-P256,classical,,keygen,0.0222,0.0,0.0,0.0,91,138,0,0,0,0,0,0.0,0.3326,nan,edge/x86_64,,3.12.3,2026-10-09T18:45:15Z
71,ECDH-P256,classical,,encapsulate,0.0702,0.0,0.0,0.0,91,138,0,0,0,0,0,0.0,1.0529,nan,edge/x86_64,,3.12.3,2026-10-09T18:45:15Z
72,ECDH-P256,classical,,keygen,0.0205,0.0,0.0,0.0,91,138,0,0,0,0,0,0.0,0.3073,nan,edge/x86_64,,3.12.3,2026-10-09T18:45:15Z
72,ECDH-P256,classical,,encapsulate,0.0699,0.0,0.0,0.0,91,138,0,0,0,0,0,0.0,1.0491,nan,edge/x86_64,,3.12.3,2026-10-09T18:45:15Z
73,ECDH-P256,classical,,keygen,0.0505,0.0,0.0,0.0,91,138,0,0,0,0,0,0.0,0.7574,nan,edge/x86_64,,3.12.3,2026-10-09T18:45:15Z
73,ECDH-P256,classical,,encapsulate,0.071,0.0,0.0,0.0,91,138,0,0,0,0,0,0.0,1.0644,nan,edge/x86_64,,3.12.3,2026-10-09T18:45:15Z
74,ECDH-P256,classical,,keygen,0.0209,0.0,0.0,0.0,91,138,0,0,0,0,0,0.0,0.313,nan,edge/x86_64,,3.12.3,2026-10-09T18:45:15Z
74,ECDH-P256,classical,,encapsulate,0.0717,0.0,0.0,0.0,91,138,0,0,0,0,0,0.0,1.0748,nan,edge/x86_64,,3.12.3,2026-10-09T18:45:15Z
75,ECDH-P256,classical,,keygen,0.0216,0.0,0.0,0.0,91,138,0,0,0,0,0,0.0,0.3234,nan,edge/x86_64,,3.12.3,2026-10-09T18:45:15Z
75,ECDH-P256,classical,,encapsulate,0.0725,0.0,0.0,0.0,91,138,0,0,0,0,0,0.0,1.0868,nan,edge/x86_64,,3.12.3,2026-10-09T18:45:15Z
76,ECDH-P256,classical,,keygen,0.0216,0.0,0.0,0.0,91,138,0,0,0,0,0,0.0,0.3236,nan,edge/x86_64,,3.12.3,2026-10-09T18:45:15Z
76,ECDH-P256,classical,,encapsulate,0.0721,0.0,0.0,0.0,91,138,0,0,0,0,0,0.0,1.0809,nan,edge/x86_64,,3.12.3,2026-10-09T18:45:15Z
77,ECDH-P256,classical,,keygen,0.0281,0.0,0.0,0.0,91,138,0,0,0,0,0,0.0,0.4221,nan,edge/x86_64,,3.12.3,2026-10-09T18:45:15Z
77,ECDH-P256,classical,,encapsulate,0.0928,0.0,0.0,0.0,91,138,0,0,0,0,0,0.0,1.3927,nan,edge/x86_64,,3.12.3,2026-10-09T18:45:15Z
78,ECDH-P256,classical,,keygen,0.0256,0.0,0.0,0.0,91,138,0,0,0,0,0,0.0,0.3839,nan,edge/x86_64,,3.12.3,2026-10-09T18:45:15Z
78,ECDH-P256,classical,,encapsulate,0.1182,0.0,0.0,0.0,91,138,0,0,0,0,0,0.0,1.7726,nan,edge/x86_64,,3.12.3,2026-10-09T18:45:15Z
79,ECDH-P256,classical,,keygen,0.0258,0.0,0.0,0.0,91,138,0,0,0,0,0,0.0,0.3873,nan,edge/x86_64,,3.12.3,2026-10-09T18:45:15Z
79,ECDH-P256,classical,,encapsulate,0.0918,0.0,0.0,0.0,91,138,0,0,0,0,0,0.0,1.3774,nan,edge/x86_64,,3.12.3,2026-10-09T18:45:15Z
80,ECDH-P256,classical,,keygen,0.0272,0.0,0.0,0.0,91,138,0,0,0,0,0,0.0,0.4074,nan,edge/x86_64,,3.12.3,2026-10-09T18:45:15Z
80,ECDH-P256,classical,,encapsulate,0.0978,0.0,0.0,0.0,91,138,0,0,0,0,0,0.0,1.4669,nan,edge/x86_64,,3.12.3,2026-10-09T18:45:15Z
81,ECDH-P256,classical,,keygen,0.0277,0.0,0.0,0.0,91,138,0,0,0,0,0,0.0,0.416,nan,edge/x86_64,,3.12.3,2026-10-09T18:45:15Z
81,ECDH-P256,classical,,encapsulate,0.108,0.0,0.0,0.0,91,138,0,0,0,0,0,0.0,1.6201,nan,edge/x86_64,,3.12.3,2026-10-09T18:45:15Z
82,ECDH-P256,classical,,keygen,0.032,0.0,0.0,0.0,91,138,0,0,0,0,0,0.0,0.4794,nan,edge/x86_64,,3.12.3,2026-10-09T18:45:15Z
82,ECDH-P256,classical,,encapsulate,0.1184,0.0,0.0,0.0,91,138,0,0,0,0,0,0.0,1.7767,nan,edge/x86_64,,3.12.3,2026-10-09T18:45:15Z
83,ECDH-P256,classical,,keygen,0.0301,0.0,0.0,0.0,91,138,0,0,0,0,0,0.0,0.4509,nan,edge/x86_64,,3.12.3,2026-10-09T18:45:15Z
83,ECDH-P256,classical,,encapsulate,0.1061,0.0,0.0,0.0,91,138,0,0,0,0,0,0.0,1.5912,nan,edge/x86_64,,3.12.3,2026-10-09T18:45:15Z
84,ECDH-P256,classical,,keygen,0.0284,0.0,0.0,0.0,91,138,0,0,0,0,0,0.0,0.4258,nan,edge/x86_64,,3.12.3,2026-10-09T18:45:15Z
84,ECDH-P256,classical,,encapsulate,0.1074,0.0,0.0,0.0,91,138,0,0,0,0,0,0.0,1.6115,nan,edge/x86_64,,3.12.3,2026-10-09T18:45:15Z
85,ECDH-P256,classical,,keygen,0.0298,0.0,0.0,0.0,91,138,0,0,0,0,0,0.0,0.4471,nan,edge/x86_64,,3.12.3,2026-10-09T18:45:15Z
85,ECDH-P256,classical,,encapsulate,0.1077,0.0,0.0,0.0,91,138,0,0,0,0,0,0.0,1.6158,nan,edge/x86_64,,3.12.3,2026-10-09T18:45:15Z
86,ECDH-P256,classical,,keygen,0.0246,0.0,0.0,0.0,91,138,0,0,0,0,0,0.0,0.3694,nan,edge/x86_64,,3.12.3,2026-10-09T18:45:15Z
86,ECDH-P256,classical,,encapsulate,0.1055,0.0,0.0,0.0,91,138,0,0,0,0,0,0.0,1.5828,nan,edge/x86_64,,3.12.3,2026-10-09T18:45:15Z
87,ECDH-P256,classical,,keygen,0.0285,0.0,0.0,0.0,91,138,0,0,0,0,0,0.0,0.4269,nan,edge/x86_64,,3.12.3,2026-10-09T18:45:15Z
87,ECDH-P256,classical,,encapsulate,0.1066,0.0,0.0,0.0,91,138,0,0,0,0,0,0.0,1.5986,nan,edge/x86_64,,3.12.3,2026-10-09T18:45:15Z
88,ECDH-P256,classical,,keygen,0.0385,0.0,0.0,0.0,91,138,0,0,0,0,0,0.0,0.5776,nan,edge/x86_64,,3.12.3,2026-10-09T18:45:15Z
88,ECDH-P256,classical,,encapsulate,0.1091,0.0,0.0,0.0,91,138,0,0,0,0,0,0.0,1.6369,nan,edge/x86_64,,3.12.3,2026-10-09T18:45:15Z
89,ECDH-P256,classical,,keygen,0.0282,0.0,0.0,0.0,91,138,0,0,0,0,0,0.0,0.4237,nan,edge/x86_64,,3.12.3,2026-10-09T18:45:15Z
89,ECDH-P256,classical,,encapsulate,0.1086,0.0,0.0,0.0,91,138,0,0,0,0,0,0.0,1.6284,nan,edge/x86_64,,3.12.3,2026-10-09T18:45:15Z
90,ECDH-P256,classical,,keygen,0.027,0.0,0.0,0.0,91,138,0,0,0,0,0,0.0,0.4047,nan,edge/x86_64,,3.12.3,2026-10-09T18:45:15Z
90,ECDH-P256,classical,,encapsulate,0.1329,0.0,0.0,0.0,91,138,0,0,0,0,0,0.0,1.9933,nan,edge/x86_64,,3.12.3,2026-10-09T18:45:15Z
91,ECDH-P256,classical,,keygen,0.0331,0.0,0.0,0.0,91,138,0,0,0,0,0,0.0,0.4965,nan,edge/x86_64,,3.12.3,2026-10-09T18:45:15Z
91,ECDH-P256,classical,,encapsulate,0.1068,0.0,0.0,0.0,91,138,0,0,0,0,0,0.0,1.6016,nan,edge/x86_64,,3.12.3,2026-10-09T18:45:15Z
92,ECDH-P256,classical,,keygen,0.0282,0.0,0.0,0.0,91,138,0,0,0,0,0,0.0,0.4228,nan,edge/x86_64,,3.12.3,2026-10-09T18:45:15Z
92,ECDH-P256,classical,,encapsulate,0.1352,0.0,0.0,0.0,91,138,0,0,0,0,0,0.0,2.0274,nan,edge/x86_64,,3.12.3,2026-10-09T18:45:15Z
93,ECDH-P256,classical,,keygen,0.031,0.0,0.0,0.0,91,138,0,0,0,0,0,0.0,0.4651,nan,edge/x86_64,,3.12.3,2026-10-09T18:45:15Z
93,ECDH-P256,classical,,encapsulate,0.1057,0.0,0.0,0.0,91,138,0,0,0,0,0,0.0,1.5852,nan,edge/x86_64,,3.12.3,2026-10-09T18:45:15Z
94,ECDH-P256,classical,,keygen,0.0269,0.0,0.0,0.0,91,138,0,0,0,0,0,0.0,0.4028,nan,edge/x86_64,,3.12.3,2026-10-09T18:45:15Z
94,ECDH-P256,classical,,encapsulate,0.1003,0.0,0.0,0.0,91,138,0,0,0,0,0,0.0,1.5045,nan,edge/x86_64,,3.12.3,2026-10-09T18:45:15Z
95,ECDH-P256,classical,,keygen,0.0317,0.0,0.0,0.0,91,138,0,0,0,0,0,0.0,0.4759,nan,edge/x86_64,,3.12.3,2026-10-09T18:45:15Z
95,ECDH-P256,classical,,encapsulate,0.0963,0.0,0.0,0.0,91,138,0,0,0,0,0,0.0,1.4449,nan,edge/x86_64,,3.12.3,2026-10-09T18:45:15Z
96,ECDH-P256,classical,,keygen,0.0305,0.0,0.0,0.0,91,138,0,0,0,0,0,0.0,0.4571,nan,edge/x86_64,,3.12.3,2026-10-09T18:45:15Z
96,ECDH-P256,classical,,encapsulate,0.1071,0.0,0.0,0.0,91,138,0,0,0,0,0,0.0,1.6063,nan,edge/x86_64,,3.12.3,2026-10-09T18:45:15Z
97,ECDH-P256,classical,,keygen,0.0277,0.0,0.0,0.0,91,138,0,0,0,0,0,0.0,0.4149,nan,edge/x86_64,,3.12.3,2026-10-09T18:45:15Z
97,ECDH-P256,classical,,encapsulate,0.1255,0.0,0.0,0.0,91,138,0,0,0,0,0,0.0,1.8818,nan,edge/x86_64,,3.12.3,2026-10-09T18:45:15Z
98,ECDH-P256,classical,,keygen,0.0299,0.0,0.0,0.0,91,138,0,0,0,0,0,0.0,0.4492,nan,edge/x86_64,,3.12.3,2026-10-09T18:45:15Z
98,ECDH-P256,classical,,encapsulate,0.1015,0.0,0.0,0.0,91,138,0,0,0,0,0,0.0,1.5218,nan,edge/x86_64,,3.12.3,2026-10-09T18:45:15Z
99,ECDH-P256,classical,,keygen,0.0264,0.0,0.0,0.0,91,138,0,0,0,0,0,0.0,0.3964,nan,edge/x86_64,,3.12.3,2026-10-09T18:45:15Z
99,ECDH-P256,classical,,encapsulate,0.0831,0.0,0.0,0.0,91,138,0,0,0,0,0,0.0,1.2471,nan,edge/x86_64,,3.12.3,2026-10-09T18:45:15Z
100,ECDH-P256,classical,,keygen,0.1314,0.0,0.0,0.0,91,138,0,0,0,0,0,0.0,1.9712,nan,edge/x86_64,,3.12.3,2026-10-09T18:45:15Z
100,ECDH-P256,classical,,encapsulate,0.1099,0.0,0.0,0.0,91,138,0,0,0,0,0,0.0,1.6481,nan,edge/x86_64,,3.12.3,2026-10-09T18:45:15Z
101,ECDH-P256,classical,,keygen,0.0265,0.0,0.0,0.0,91,138,0,0,0,0,0,0.0,0.3973,nan,edge/x86_64,,3.12.3,2026-10-09T18:45:15Z
101,ECDH-P256,classical,,encapsulate,0.1583,0.0,0.0,0.0,91,138,0,0,0,0,0,0.0,2.3747,nan,edge/x86_64,,3.12.3,2026-10-09T18:45:15Z
102,ECDH-P256,classical,,keygen,0.0307,0.0,0.0,0.0,91,138,0,0,0,0,0,0.0,0.4599,nan,edge/x86_64,,3.12.3,2026-10-09T18:45:15Z
102,ECDH-P256,classical,,encapsulate,0.1091,0.0,0.0,0.0,91,138,0,0,0,0,0,0.0,1.6371,nan,edge/x86_64,,3.12.3,2026-10-09T18:45:15Z
103,ECDH-P256,classical,,keygen,0.0268,0.0,0.0,0.0,91,138,0,0,0,0,0,0.0,0.4015,nan,edge/x86_64,,3.12.3,2026-10-09T18:45:15Z
103,ECDH-P256,classical,,encapsulate,0.1018,0.0,0.0,0.0,91,138,0,0,0,0,0,0.0,1.5263,nan,edge/x86_64,,3.12.3,2026-10-09T18:45:15Z
104,ECDH-P256,classical,,keygen,0.0276,0.0,0.0,0.0,91,138,0,0,0,0,0,0.0,0.4137,nan,edge/x86_64,,3.12.3,2026-10-09T18:45:15Z
104,ECDH-P256,classical,,encapsulate,0.0949,0.0,0.0,0.0,91,138,0,0,0,0,0,0.0,1.4233,nan,edge/x86_64,,3.12.3,2026-10-09T18:45:15Z
105,ECDH-P256,classical,,keygen,0.03,0.0,0.0,0.0,91,138,0,0,0,0,0,0.0,0.4493,nan,edge/x86_64,,3.12.3,2026-10-09T18:45:15Z
105,ECDH-P256,classical,,encapsulate,0.1076,0.0,0.0,0.0,91,138,0,0,0,0,0,0.0,1.6133,nan,edge/x86_64,,3.12.3,2026-10-09T18:45:15Z
106,ECDH-P256,classical,,keygen,0.029,0.0,0.0,0.0,91,138,0,0,0,0,0,0.0,0.4354,nan,edge/x86_64,,3.12.3,2026-10-09T18:45:15Z
106,ECDH-P256,classical,,encapsulate,0.1289,0.0,0.0,0.0,91,138,0,0,0,0,0,0.0,1.933,nan,edge/x86_64,,3.12.3,2026-10-09T18:45:15Z
107,ECDH-P256,classical,,keygen,0.0309,0.0,0.0,0.0,91,138,0,0,0,0,0,0.0,0.4638,nan,edge/x86_64,,3.12.3,2026-10-09T18:45:15Z
107,ECDH-P256,classical,,encapsulate,0.1082,0.0,0.0,0.0,91,138,0,0,0,0,0,0.0,1.6225,nan,edge/x86_64,,3.12.3,2026-10-09T18:45:15Z
108,ECDH-P256,classical,,keygen,0.0276,0.0,0.0,0.0,91,138,0,0,0,0,0,0.0,0.4135,nan,edge/x86_64,,3.12.3,2026-10-09T18:45:15Z
108,ECDH-P256,classical,,encapsulate,0.1042,0.0,0.0,0.0,91,138,0,0,0,0,0,0.0,1.5635,nan,edge/x86_64,,3.12.3,2026-10-09T18:45:15Z
109,ECDH-P256,classical,,keygen,0.0282,0.0,0.0,0.0,91,138,0,0,0,0,0,0.0,0.4227,nan,edge/x86_64,,3.12.3,2026-10-09T18:45:15Z
109,ECDH-P256,classical,,encapsulate,0.1126,0.0,0.0,0.0,91,138,0,0,0,0,0,0.0,1.6884,nan,edge/x86_64,,3.12.3,2026-10-09T18:45:15Z
110,ECDH-P256,classical,,keygen,0.0284,0.0,0.0,0.0,91,138,0,0,0,0,0,0.0,0.4255,nan,edge/x86_64,,3.12.3,2026-10-09T18:45:15Z
110,ECDH-P256,classical,,encapsulate,0.1064,0.0,0.0,0.0,91,138,0,0,0,0,0,0.0,1.5966,nan,edge/x86_64,,3.12.3,2026-10-09T18:45:15Z
111,ECDH-P256,classical,,keygen,0.0317,0.0,0.0,0.0,91,138,0,0,0,0,0,0.0,0.4751,nan,edge/x86_64,,3.12.3,2026-10-09T18:45:15Z
111,ECDH-P256,classical,,encapsulate,0.1116,0.0,0.0,0.0,91,138,0,0,0,0,0,0.0,1.6734,nan,edge/x86_64,,3.12.3,2026-10-09T18:45:15Z
112,ECDH-P256,classical,,keygen,0.0301,0.0,0.0,0.0,91,138,0,0,0,0,0,0.0,0.4512,nan,edge/x86_64,,3.12.3,2026-10-09T18:45:15Z
112,ECDH-P256,classical,,encapsulate,0.1088,0.0,0.0,0.0,91,138,0,0,0,0,0,0.0,1.6326,nan,edge/x86_64,,3.12.3,2026-10-09T18:45:15Z
113,ECDH-P256,classical,,keygen,0.0296,0.0,0.0,0.0,91,138,0,0,0,0,0,0.0,0.4443,nan,edge/x86_64,,3.12.3,2026-10-09T18:45:15Z
113,ECDH-P256,classical,,encapsulate,0.1039,0.0,0.0,0.0,91,138,0,0,0,0,0,0.0,1.5581,nan,edge/x86_64,,3.12.3,2026-10-09T18:45:15Z
114,ECDH-P256,classical,,keygen,0.0297,0.0,0.0,0.0,91,138,0,0,0,0,0,0.0,0.4448,nan,edge/x86_64,,3.12.3,2026-10-09T18:45:15Z
114,ECDH-P256,classical,,encapsulate,0.1094,0.0,0.0,0.0,91,138,0,0,0,0,0,0.0,1.6407,nan,edge/x86_64,,3.12.3,2026-10-09T18:45:15Z
115,ECDH-P256,classical,,keygen,0.0287,0.0,0.0,0.0,91,138,0,0,0,0,0,0.0,0.4309,nan,edge/x86_64,,3.12.3,2026-10-09T18:45:15Z
115,ECDH-P256,classical,,encapsulate,0.1206,0.0,0.0,0.0,91,138,0,0,0,0,0,0.0,1.8087,nan,edge/x86_64,,3.12.3,2026-10-09T18:45:15Z
116,ECDH-P256,classical,,keygen,0.0299,0.0,0.0,0.0,91,138,0,0,0,0,0,0.0,0.449,nan,edge/x86_64,,3.12.3,2026-10-09T18:45:15Z
116,ECDH-P256,classical,,encapsulate,0.0996,0.0,0.0,0.0,91,138,0,0,0,0,0,0.0,1.4941,nan,edge/x86_64,,3.12.3,2026-10-09T18:45:15Z
117,ECDH-P256,classical,,keygen,0.049,0.0,0.0,0.0,91,138,0,0,0,0,0,0.0,0.7348,nan,edge/x86_64,,3.12.3,2026-10-09T18:45:15Z
117,ECDH-P256,classical,,encapsulate,0.0875,0.0,0.0,0.0,91,138,0,0,0,0,0,0.0,1.3123,nan,edge/x86_64,,3.12.3,2026-10-09T18:45:15Z
118,ECDH-P256,classical,,keygen,0.0271,0.0,0.0,0.0,91,138,0,0,0,0,0,0.0,0.4069,nan,edge/x86_64,,3.12.3,2026-10-09T18:45:15Z
118,ECDH-P256,classical,,encapsulate,0.1377,0.0,0.0,0.0,91,138,0,0,0,0,0,0.0,2.066,nan,edge/x86_64,,3.12.3,2026-10-09T18:45:15Z
119,ECDH-P256,classical,,keygen,0.0378,0.0,0.0,0.0,91,138,0,0,0,0,0,0.0,0.5671,nan,edge/x86_64,,3.12.3,2026-10-09T18:45:15Z
119,ECDH-P256,classical,,encapsulate,0.1086,0.0,0.0,0.0,91,138,0,0,0,0,0,0.0,1.629,nan,edge/x86_64,,3.12.3,2026-10-09T18:45:15Z
120,ECDH-P256,classical,,keygen,0.0509,0.0,0.0,0.0,91,138,0,0,0,0,0,0.0,0.7641,nan,edge/x86_64,,3.12.3,2026-10-09T18:45:15Z
120,ECDH-P256,classical,,encapsulate,0.1087,0.0,0.0,0.0,91,138,0,0,0,0,0,0.0,1.6303,nan,edge/x86_64,,3.12.3,2026-10-09T18:45:15Z
121,ECDH-P256,classical,,keygen,0.0293,0.0,0.0,0.0,91,138,0,0,0,0,0,0.0,0.4388,nan,edge/x86_64,,3.12.3,2026-10-09T18:45:15Z
121,ECDH-P256,classical,,encapsulate,0.1026,0.0,0.0,0.0,91,138,0,0,0,0,0,0.0,1.5396,nan,edge/x86_64,,3.12.3,2026-10-09T18:45:15Z
122,ECDH-P256,classical,,keygen,0.0273,0.0,0.0,0.0,91,138,0,0,0,0,0,0.0,0.4092,nan,edge/x86_64,,3.12.3,2026-10-09T18:45:15Z
122,ECDH-P256,classical,,encapsulate,0.1037,0.0,0.0,0.0,91,138,0,0,0,0,0,0.0,1.555,nan,edge/x86_64,,3.12.3,2026-10-09T18:45:15Z
123,ECDH-P256,classical,,keygen,0.0264,0.0,0.0,0.0,91,138,0,0,0,0,0,0.0,0.3957,nan,edge/x86_64,,3.12.3,2026-10-09T18:45:15Z
123,ECDH-P256,classical,,encapsulate,0.099,0.0,0.0,0.0,91,138,0,0,0,0,0,0.0,1.4853,nan,edge/x86_64,,3.12.3,2026-10-09T18:45:15Z
124,ECDH-P256,classical,,keygen,0.026,0.0,0.0,0.0,91,138,0,0,0,0,0,0.0,0.3899,nan,edge/x86_64,,3.12.3,2026-10-09T18:45:15Z
124,ECDH-P256,classical,,encapsulate,0.1033,0.0,0.0,0.0,91,138,0,0,0,0,0,0.0,1.5495,nan,edge/x86_64,,3.12.3,2026-10-09T18:45:15Z
125,ECDH-P256,classical,,keygen,0.0416,0.0,0.0,0.0,91,138,0,0,0,0,0,0.0,0.6235,nan,edge/x86_64,,3.12.3,2026-10-09T18:45:15Z
125,ECDH-P256,classical,,encapsulate,0.124,0.0,0.0,0.0,91,138,0,0,0,0,0,0.0,1.8605,nan,edge/x86_64,,3.12.3,2026-10-09T18:45:15Z
126,ECDH-P256,classical,,keygen,0.0275,0.0,0.0,0.0,91,138,0,0,0,0,0,0.0,0.4118,nan,edge/x86_64,,3.12.3,2026-10-09T18:45:15Z
126,ECDH-P256,classical,,encapsulate,0.099,0.0,0.0,0.0,91,138,0,0,0,0,0,0.0,1.4849,nan,edge/x86_64,,3.12.3,2026-10-09T18:45:15Z
127,ECDH-P256,classical,,keygen,0.0273,0.0,0.0,0.0,91,138,0,0,0,0,0,0.0,0.4096,nan,edge/x86_64,,3.12.3,2026-10-09T18:45:15Z
127,ECDH-P256,classical,,encapsulate,0.1065,0.0,0.0,0.0,91,138,0,0,0,0,0,0.0,1.5982,nan,edge/x86_64,,3.12.3,2026-10-09T18:45:15Z
128,ECDH-P256,classical,,keygen,0.0272,0.0,0.0,0.0,91,138,0,0,0,0,0,0.0,0.4078,nan,edge/x86_64,,3.12.3,2026-10-09T18:45:15Z
128,ECDH-P256,classical,,encapsulate,0.1124,0.0,0.0,0.0,91,138,0,0,0,0,0,0.0,1.686,nan,edge/x86_64,,3.12.3,2026-10-09T18:45:15Z
129,ECDH-P256,classical,,keygen,0.0276,0.0,0.0,0.0,91,138,0,0,0,0,0,0.0,0.4137,nan,edge/x86_64,,3.12.3,2026-10-09T18:45:15Z
129,ECDH-P256,classical,,encapsulate,0.1302,0.0,0.0,0.0,91,138,0,0,0,0,0,0.0,1.9533,nan,edge/x86_64,,3.12.3,2026-10-09T18:45:15Z
130,ECDH-P256,classical,,keygen,0.0314,0.0,0.0,0.0,91,138,0,0,0,0,0,0.0,0.4715,nan,edge/x86_64,,3.12.3,2026-10-09T18:45:15Z
130,ECDH-P256,classical,,encapsulate,0.1013,0.0,0.0,0.0,91,138,0,0,0,0,0,0.0,1.5196,nan,edge/x86_64,,3.12.3,2026-10-09T18:45:15Z
131,ECDH-P256,classical,,keygen,0.027,0.0,0.0,0.0,91,138,0,0,0,0,0,0.0,0.4054,nan,edge/x86_64,,3.12.3,2026-10-09T18:45:15Z
131,ECDH-P256,classical,,encapsulate,0.0903,0.0,0.0,0.0,91,138,0,0,0,0,0,0.0,1.354,nan,edge/x86_64,,3.12.3,2026-10-09T18:45:15Z
132,ECDH-P256,classical,,keygen,0.0694,0.0,0.0,0.0,91,138,0,0,0,0,0,0.0,1.0408,nan,edge/x86_64,,3.12.3,2026-10-09T18:45:15Z
132,ECDH-P256,classical,,encapsulate,0.0859,0.0,0.0,0.0,91,138,0,0,0,0,0,0.0,1.2886,nan,edge/x86_64,,3.12.3,2026-10-09T18:45:15Z
133,ECDH-P256,classical,,keygen,0.0288,0.0,0.0,0.0,91,138,0,0,0,0,0,0.0,0.4318,nan,edge/x86_64,,3.12.3,2026-10-09T18:45:15Z
133,ECDH-P256,classical,,encapsulate,0.0962,0.0,0.0,0.0,91,138,0,0,0,0,0,0.0,1.4437,nan,edge/x86_64,,3.12.3,2026-10-09T18:45:15Z
134,ECDH-P256,classical,,keygen,0.0258,0.0,0.0,0.0,91,138,0,0,0,0,0,0.0,0.3866,nan,edge/x86_64,,3.12.3,2026-10-09T18:45:15Z
134,ECDH-P256,classical,,encapsulate,0.1049,0.0,0.0,0.0,91,138,0,0,0,0,0,0.0,1.5735,nan,edge/x86_64,,3.12.3,2026-10-09T18:45:15Z
135,ECDH-P256,classical,,keygen,0.0273,0.0,0.0,0.0,91,138,0,0,0,0,0,0.0,0.4093,nan,edge/x86_64,,3.12.3,2026-10-09T18:45:15Z
135,ECDH-P256,classical,,encapsulate,0.102,0.0,0.0,0.0,91,138,0,0,0,0,0,0.0,1.5301,nan,edge/x86_64,,3.12.3,2026-10-09T18:45:15Z
136,ECDH-P256,classical,,keygen,0.0267,0.0,0.0,0.0,91,138,0,0,0,0,0,0.0,0.4012,nan,edge/x86_64,,3.12.3,2026-10-09T18:45:15Z
136,ECDH-P256,classical,,encapsulate,0.1014,0.0,0.0,0.0,91,138,0,0,0,0,0,0.0,1.5209,nan,edge/x86_64,,3.12.3,2026-10-09T18:45:15Z
137,ECDH-P256,classical,,keygen,0.0276,0.0,0.0,0.0,91,138,0,0,0,0,0,0.0,0.4145,nan,edge/x86_64,,3.12.3,2026-10-09T18:45:15Z
137,ECDH-P256,classical,,encapsulate,0.1351,0.0,0.0,0.0,91,138,0,0,0,0,0,0.0,2.0263,nan,edge/x86_64,,3.12.3,2026-10-09T18:45:15Z
138,ECDH-P256,classical,,keygen,0.0328,0.0,0.0,0.0,91,138,0,0,0,0,0,0.0,0.492,nan,edge/x86_64,,3.12.3,2026-10-09T18:45:15Z
138,ECDH-P256,classical,,encapsulate,0.1029,0.0,0.0,0.0,91,138,0,0,0,0,0,0.0,1.544,nan,edge/x86_64,,3.12.3,2026-10-09T18:45:15Z
139,ECDH-P256,classical,,keygen,0.0575,0.0,0.0,0.0,91,138,0,0,0,0,0,0.0,0.8629,nan,edge/x86_64,,3.12.3,2026-10-09T18:45:15Z
139,ECDH-P256,classical,,encapsulate,0.1019,0.0,0.0,0.0,91,138,0,0,0,0,0,0.0,1.5288,nan,edge/x86_64,,3.12.3,2026-10-09T18:45:15Z
140,ECDH-P256,classical,,keygen,0.0269,0.0,0.0,0.0,91,138,0,0,0,0,0,0.0,0.4037,nan,edge/x86_64,,3.12.3,2026-10-09T18:45:15Z
140,ECDH-P256,classical,,encapsulate,0.0987,0.0,0.0,0.0,91,138,0,0,0,0,0,0.0,1.4804,nan,edge/x86_64,,3.12.3,2026-10-09T18:45:15Z
141,ECDH-P256,classical,,keygen,0.0291,0.0,0.0,0.0,91,138,0,0,0,0,0,0.0,0.4371,nan,edge/x86_64,,3.12.3,2026-10-09T18:45:15Z
141,ECDH-P256,classical,,encapsulate,0.1024,0.0,0.0,0.0,91,138,0,0,0,0,0,0.0,1.5367,nan,edge/x86_64,,3.12.3,2026-10-09T18:45:15Z
142,ECDH-P256,classical,,keygen,0.0282,0.0,0.0,0.0,91,138,0,0,0,0,0,0.0,0.4223,nan,edge/x86_64,,3.12.3,2026-10-09T18:45:15Z
142,ECDH-P256,classical,,encapsulate,0.1,0.0,0.0,0.0,91,138,0,0,0,0,0,0.0,1.4996,nan,edge/x86_64,,3.12.3,2026-10-09T18:45:15Z
143,ECDH-P256,classical,,keygen,0.0303,0.0,0.0,0.0,91,138,0,0,0,0,0,0.0,0.4545,nan,edge/x86_64,,3.12.3,2026-10-09T18:45:15Z
143,ECDH-P256,classical,,encapsulate,0.1008,0.0,0.0,0.0,91,138,0,0,0,0,0,0.0,1.5124,nan,edge/x86_64,,3.12.3,2026-10-09T18:45:15Z
144,ECDH-P256,classical,,keygen,0.0268,0.0,0.0,0.0,91,138,0,0,0,0,0,0.0,0.4023,nan,edge/x86_64,,3.12.3,2026-10-09T18:45:15Z
144,ECDH-P256,classical,,encapsulate,0.1102,0.0,0.0,0.0,91,138,0,0,0,0,0,0.0,1.6532,nan,edge/x86_64,,3.12.3,2026-10-09T18:45:15Z
145,ECDH-P256,classical,,keygen,0.0304,0.0,0.0,0.0,91,138,0,0,0,0,0,0.0,0.4566,nan,edge/x86_64,,3.12.3,2026-10-09T18:45:15Z
145,ECDH-P256,classical,,encapsulate,0.1041,0.0,0.0,0.0,91,138,0,0,0,0,0,0.0,1.5614,nan,edge/x86_64,,3.12.3,2026-10-09T18:45:15Z
146,ECDH-P256,classical,,keygen,0.0268,0.0,0.0,0.0,91,138,0,0,0,0,0,0.0,0.4019,nan,edge/x86_64,,3.12.3,2026-10-09T18:45:15Z
146,ECDH-P256,classical,,encapsulate,0.0866,0.0,0.0,0.0,91,138,0,0,0,0,0,0.0,1.2993,nan,edge/x86_64,,3.12.3,2026-10-09T18:45:15Z
147,ECDH-P256,classical,,keygen,0.1151,0.0,0.0,0.0,91,138,0,0,0,0,0,0.0,1.7261,nan,edge/x86_64,,3.12.3,2026-10-09T18:45:15Z
147,ECDH-P256,classical,,encapsulate,0.106,0.0,0.0,0.0,91,138,0,0,0,0,0,0.0,1.5899,nan,edge/x86_64,,3.12.3,2026-10-09T18:45:15Z
148,ECDH-P256,classical,,keygen,0.0498,0.0,0.0,0.0,91,138,0,0,0,0,0,0.0,0.7467,nan,edge/x86_64,,3.12.3,2026-10-09T18:45:15Z
148,ECDH-P256,classical,,encapsulate,0.0899,0.0,0.0,0.0,91,138,0,0,0,0,0,0.0,1.3482,nan,edge/x86_64,,3.12.3,2026-10-09T18:45:15Z
149,ECDH-P256,classical,,keygen,0.0369,0.0,0.0,0.0,91,138,0,0,0,0,0,0.0,0.5538,nan,edge/x86_64,,3.12.3,2026-10-09T18:45:15Z
149,ECDH-P256,classical,,encapsulate,0.1088,0.0,0.0,0.0,91,138,0,0,0,0,0,0.0,1.6322,nan,edge/x86_64,,3.12.3,2026-10-09T18:45:15Z
150,ECDH-P256,classical,,keygen,0.0275,0.0,0.0,0.0,91,138,0,0,0,0,0,0.0,0.4132,nan,edge/x86_64,,3.12.3,2026-10-09T18:45:15Z
150,ECDH-P256,classical,,encapsulate,0.1029,0.0,0.0,0.0,91,138,0,0,0,0,0,0.0,1.5441,nan,edge/x86_64,,3.12.3,2026-10-09T18:45:15Z
151,ECDH-P256,classical,,keygen,0.0285,0.0,0.0,0.0,91,138,0,0,0,0,0,0.0,0.4271,nan,edge/x86_64,,3.12.3,2026-10-09T18:45:15Z
151,ECDH-P256,classical,,encapsulate,0.1103,0.0,0.0,0.0,91,138,0,0,0,0,0,0.0,1.6545,nan,edge/x86_64,,3.12.3,2026-10-09T18:45:15Z
152,ECDH-P256,classical,,keygen,0.0291,0.0,0.0,0.0,91,138,0,0,0,0,0,0.0,0.4367,nan,edge/x86_64,,3.12.3,2026-10-09T18:45:15Z
152,ECDH-P256,classical,,encapsulate,0.1043,0.0,0.0,0.0,91,138,0,0,0,0,0,0.0,1.5651,nan,edge/x86_64,,3.12.3,2026-10-09T18:45:15Z
153,ECDH-P256,classical,,keygen,0.0284,0.0,0.0,0.0,91,138,0,0,0,0,0,0.0,0.4257,nan,edge/x86_64,,3.12.3,2026-10-09T18:45:15Z
153,ECDH-P256,classical,,encapsulate,0.1065,0.0,0.0,0.0,91,138,0,0,0,0,0,0.0,1.5975,nan,edge/x86_64,,3.12.3,2026-10-09T18:45:15Z
154,ECDH-P256,classical,,keygen,0.0292,0.0,0.0,0.0,91,138,0,0,0,0,0,0.0,0.4381,nan,edge/x86_64,,3.12.3,2026-10-09T18:45:15Z
154,ECDH-P256,classical,,encapsulate,0.1066,0.0,0.0,0.0,91,138,0,0,0,0,0,0.0,1.5994,nan,edge/x86_64,,3.12.3,2026-10-09T18:45:15Z
155,ECDH-P256,classical,,keygen,0.0277,0.0,0.0,0.0,91,138,0,0,0,0,0,0.0,0.4148,nan,edge/x86_64,,3.12.3,2026-10-09T18:45:15Z
155,ECDH-P256,classical,,encapsulate,0.1007,0.0,0.0,0.0,91,138,0,0,0,0,0,0.0,1.511,nan,edge/x86_64,,3.12.3,2026-10-09T18:45:15Z
156,ECDH-P256,classical,,keygen,0.0267,0.0,0.0,0.0,91,138,0,0,0,0,0,0.0,0.4004,nan,edge/x86_64,,3.12.3,2026-10-09T18:45:15Z
156,ECDH-P256,classical,,encapsulate,0.1085,0.0,0.0,0.0,91,138,0,0,0,0,0,0.0,1.6272,nan,edge/x86_64,,3.12.3,2026-10-09T18:45:15Z
157,ECDH-P256,classical,,keygen,0.0335,0.0,0.0,0.0,91,138,0,0,0,0,0,0.0,0.5019,nan,edge/x86_64,,3.12.3,2026-10-09T18:45:15Z
157,ECDH-P256,classical,,encapsulate,0.1263,0.0,0.0,0.0,91,138,0,0,0,0,0,0.0,1.895,nan,edge/x86_64,,3.12.3,2026-10-09T18:45:15Z
158,ECDH-P256,classical,,keygen,0.0309,0.0,0.0,0.0,91,138,0,0,0,0,0,0.0,0.4633,nan,edge/x86_64,,3.12.3,2026-10-09T18:45:15Z
158,ECDH-P256,classical,,encapsulate,0.1043,0.0,0.0,0.0,91,138,0,0,0,0,0,0.0,1.565,nan,edge/x86_64,,3.12.3,2026-10-09T18:45:15Z
159,ECDH-P256,classical,,keygen,0.0273,0.0,0.0,0.0,91,138,0,0,0,0,0,0.0,0.4098,nan,edge/x86_64,,3.12.3,2026-10-09T18:45:15Z
159,ECDH-P256,classical,,encapsulate,0.1206,0.0,0.0,0.0,91,138,0,0,0,0,0,0.0,1.8093,nan,edge/x86_64,,3.12.3,2026-10-09T18:45:15Z
160,ECDH-P256,classical,,keygen,0.0274,0.0,0.0,0.0,91,138,0,0,0,0,0,0.0,0.4111,nan,edge/x86_64,,3.12.3,2026-10-09T18:45:15Z
160,ECDH-P256,classical,,encapsulate,0.1001,0.0,0.0,0.0,91,138,0,0,0,0,0,0.0,1.5012,nan,edge/x86_64,,3.12.3,2026-10-09T18:45:15Z
161,ECDH-P256,classical,,keygen,0.0276,0.0,0.0,0.0,91,138,0,0,0,0,0,0.0,0.4139,nan,edge/x86_64,,3.12.3,2026-10-09T18:45:15Z
161,ECDH-P256,classical,,encapsulate,0.0937,0.0,0.0,0.0,91,138,0,0,0,0,0,0.0,1.4052,nan,edge/x86_64,,3.12.3,2026-10-09T18:45:15Z
162,ECDH-P256,classical,,keygen,0.0682,0.0,0.0,0.0,91,138,0,0,0,0,0,0.0,1.0232,nan,edge/x86_64,,3.12.3,2026-10-09T18:45:15Z
162,ECDH-P256,classical,,encapsulate,0.0878,0.0,0.0,0.0,91,138,0,0,0,0,0,0.0,1.3168,nan,edge/x86_64,,3.12.3,2026-10-09T18:45:15Z
163,ECDH-P256,classical,,keygen,0.0274,0.0,0.0,0.0,91,138,0,0,0,0,0,0.0,0.4113,nan,edge/x86_64,,3.12.3,2026-10-09T18:45:15Z
163,ECDH-P256,classical,,encapsulate,0.0992,0.0,0.0,0.0,91,138,0,0,0,0,0,0.0,1.4881,nan,edge/x86_64,,3.12.3,2026-10-09T18:45:15Z
164,ECDH-P256,classical,,keygen,0.0272,0.0,0.0,0.0,91,138,0,0,0,0,0,0.0,0.4075,nan,edge/x86_64,,3.12.3,2026-10-09T18:45:15Z
164,ECDH-P256,classical,,encapsulate,0.1062,0.0,0.0,0.0,91,138,0,0,0,0,0,0.0,1.5931,nan,edge/x86_64,,3.12.3,2026-10-09T18:45:15Z
165,ECDH-P256,classical,,keygen,0.0265,0.0,0.0,0.0,91,138,0,0,0,0,0,0.0,0.397,nan,edge/x86_64,,3.12.3,2026-10-09T18:45:15Z
165,ECDH-P256,classical,,encapsulate,0.1062,0.0,0.0,0.0,91,138,0,0,0,0,0,0.0,1.5929,nan,edge/x86_64,,3.12.3,2026-10-09T18:45:15Z
166,ECDH-P256,classical,,keygen,0.0369,0.0,0.0,0.0,91,138,0,0,0,0,0,0.0,0.5537,nan,edge/x86_64,,3.12.3,2026-10-09T18:45:15Z
166,ECDH-P256,classical,,encapsulate,0.1238,0.0,0.0,0.0,91,138,0,0,0,0,0,0.0,1.857,nan,edge/x86_64,,3.12.3,2026-10-09T18:45:15Z
167,ECDH-P256,classical,,keygen,0.0277,0.0,0.0,0.0,91,138,0,0,0,0,0,0.0,0.4152,nan,edge/x86_64,,3.12.3,2026-10-09T18:45:15Z
167,ECDH-P256,classical,,encapsulate,0.1186,0.0,0.0,0.0,91,138,0,0,0,0,0,0.0,1.7784,nan,edge/x86_64,,3.12.3,2026-10-09T18:45:15Z
168,ECDH-P256,classical,,keygen,0.0274,0.0,0.0,0.0,91,138,0,0,0,0,0,0.0,0.4108,nan,edge/x86_64,,3.12.3,2026-10-09T18:45:15Z
168,ECDH-P256,classical,,encapsulate,0.1015,0.0,0.0,0.0,91,138,0,0,0,0,0,0.0,1.5228,nan,edge/x86_64,,3.12.3,2026-10-09T18:45:15Z
169,ECDH-P256,classical,,keygen,0.0292,0.0,0.0,0.0,91,138,0,0,0,0,0,0.0,0.4387,nan,edge/x86_64,,3.12.3,2026-10-09T18:45:15Z
169,ECDH-P256,classical,,encapsulate,0.101,0.0,0.0,0.0,91,138,0,0,0,0,0,0.0,1.5153,nan,edge/x86_64,,3.12.3,2026-10-09T18:45:15Z
170,ECDH-P256,classical,,keygen,0.0273,0.0,0.0,0.0,91,138,0,0,0,0,0,0.0,0.4096,nan,edge/x86_64,,3.12.3,2026-10-09T18:45:15Z
170,ECDH-P256,classical,,encapsulate,0.1012,0.0,0.0,0.0,91,138,0,0,0,0,0,0.0,1.5187,nan,edge/x86_64,,3.12.3,2026-10-09T18:45:15Z
171,ECDH-P256,classical,,keygen,0.0298,0.0,0.0,0.0,91,138,0,0,0,0,0,0.0,0.4468,nan,edge/x86_64,,3.12.3,2026-10-09T18:45:15Z
171,ECDH-P256,classical,,encapsulate,0.1164,0.0,0.0,0.0,91,138,0,0,0,0,0,0.0,1.746,nan,edge/x86_64,,3.12.3,2026-10-09T18:45:15Z
172,ECDH-P256,classical,,keygen,0.0276,0.0,0.0,0.0,91,138,0,0,0,0,0,0.0,0.4144,nan,edge/x86_64,,3.12.3,2026-10-09T18:45:15Z
172,ECDH-P256,classical,,encapsulate,0.1077,0.0,0.0,0.0,91,138,0,0,0,0,0,0.0,1.6156,nan,edge/x86_64,,3.12.3,2026-10-09T18:45:15Z
173,ECDH-P256,classical,,keygen,0.0313,0.0,0.0,0.0,91,138,0,0,0,0,0,0.0,0.4698,nan,edge/x86_64,,3.12.3,2026-10-09T18:45:15Z
173,ECDH-P256,classical,,encapsulate,0.1123,0.0,0.0,0.0,91,138,0,0,0,0,0,0.0,1.6842,nan,edge/x86_64,,3.12.3,2026-10-09T18:45:15Z
174,ECDH-P256,classical,,keygen,0.0319,0.0,0.0,0.0,91,138,0,0,0,0,0,0.0,0.4779,nan,edge/x86_64,,3.12.3,2026-10-09T18:45:15Z
174,ECDH-P256,classical,,encapsulate,0.1135,0.0,0.0,0.0,91,138,0,0,0,0,0,0.0,1.703,nan,edge/x86_64,,3.12.3,2026-10-09T18:45:15Z
175,ECDH-P256,classical,,keygen,0.0671,0.0,0.0,0.0,91,138,0,0,0,0,0,0.0,1.0072,nan,edge/x86_64,,3.12.3,2026-10-09T18:45:15Z
175,ECDH-P256,classical,,encapsulate,0.104,0.0,0.0,0.0,91,138,0,0,0,0,0,0.0,1.5598,nan,edge/x86_64,,3.12.3,2026-10-09T18:45:15Z
176,ECDH-P256,classical,,keygen,0.059,0.0,0.0,0.0,91,138,0,0,0,0,0,0.0,0.8844,nan,edge/x86_64,,3.12.3,2026-10-09T18:45:15Z
176,ECDH-P256,classical,,encapsulate,0.1024,0.0,0.0,0.0,91,138,0,0,0,0,0,0.0,1.5357,nan,edge/x86_64,,3.12.3,2026-10-09T18:45:15Z
177,ECDH-P256,classical,,keygen,0.0273,0.0,0.0,0.0,91,138,0,0,0,0,0,0.0,0.409,nan,edge/x86_64,,3.12.3,2026-10-09T18:45:15Z
177,ECDH-P256,classical,,encapsulate,0.0874,0.0,0.0,0.0,91,138,0,0,0,0,0,0.0,1.3108,nan,edge/x86_64,,3.12.3,2026-10-09T18:45:15Z
178,ECDH-P256,classical,,keygen,0.0609,0.0,0.0,0.0,91,138,0,0,0,0,0,0.0,0.9138,nan,edge/x86_64,,3.12.3,2026-10-09T18:45:15Z
178,ECDH-P256,classical,,encapsulate,0.1028,0.0,0.0,0.0,91,138,0,0,0,0,0,0.0,1.5415,nan,edge/x86_64,,3.12.3,2026-10-09T18:45:15Z
179,ECDH-P256,classical,,keygen,0.025,0.0,0.0,0.0,91,138,0,0,0,0,0,0.0,0.3754,nan,edge/x86_64,,3.12.3,2026-10-09T18:45:15Z
179,ECDH-P256,classical,,encapsulate,0.106,0.0,0.0,0.0,91,138,0,0,0,0,0,0.0,1.5899,nan,edge/x86_64,,3.12.3,2026-10-09T18:45:15Z
180,ECDH-P256,classical,,keygen,0.0277,0.0,0.0,0.0,91,138,0,0,0,0,0,0.0,0.4148,nan,edge/x86_64,,3.12.3,2026-10-09T18:45:15Z
180,ECDH-P256,classical,,encapsulate,0.1152,0.0,0.0,0.0,91,138,0,0,0,0,0,0.0,1.7282,nan,edge/x86_64,,3.12.3,2026-10-09T18:45:15Z
181,ECDH-P256,classical,,keygen,0.031,0.0,0.0,0.0,91,138,0,0,0,0,0,0.0,0.4654,nan,edge/x86_64,,3.12.3,2026-10-09T18:45:15Z
181,ECDH-P256,classical,,encapsulate,0.1098,0.0,0.0,0.0,91,138,0,0,0,0,0,0.0,1.6475,nan,edge/x86_64,,3.12.3,2026-10-09T18:45:15Z
182,ECDH-P256,classical,,keygen,0.0276,0.0,0.0,0.0,91,138,0,0,0,0,0,0.0,0.4137,nan,edge/x86_64,,3.12.3,2026-10-09T18:45:15Z
182,ECDH-P256,classical,,encapsulate,0.105,0.0,0.0,0.0,91,138,0,0,0,0,0,0.0,1.5747,nan,edge/x86_64,,3.12.3,2026-10-09T18:45:15Z
183,ECDH-P256,classical,,keygen,0.0281,0.0,0.0,0.0,91,138,0,0,0,0,0,0.0,0.4221,nan,edge/x86_64,,3.12.3,2026-10-09T18:45:15Z
183,ECDH-P256,classical,,encapsulate,0.1018,0.0,0.0,0.0,91,138,0,0,0,0,0,0.0,1.5267,nan,edge/x86_64,,3.12.3,2026-10-09T18:45:15Z
184,ECDH-P256,classical,,keygen,0.0294,0.0,0.0,0.0,91,138,0,0,0,0,0,0.0,0.4412,nan,edge/x86_64,,3.12.3,2026-10-09T18:45:15Z
184,ECDH-P256,classical,,encapsulate,0.1115,0.0,0.0,0.0,91,138,0,0,0,0,0,0.0,1.6726,nan,edge/x86_64,,3.12.3,2026-10-09T18:45:15Z
185,ECDH-P256,classical,,keygen,0.0345,0.0,0.0,0.0,91,138,0,0,0,0,0,0.0,0.5169,nan,edge/x86_64,,3.12.3,2026-10-09T18:45:15Z
185,ECDH-P256,classical,,encapsulate,0.1059,0.0,0.0,0.0,91,138,0,0,0,0,0,0.0,1.5883,nan,edge/x86_64,,3.12.3,2026-10-09T18:45:15Z
186,ECDH-P256,classical,,keygen,0.0281,0.0,0.0,0.0,91,138,0,0,0,0,0,0.0,0.4208,nan,edge/x86_64,,3.12.3,2026-10-09T18:45:15Z
186,ECDH-P256,classical,,encapsulate,0.1044,0.0,0.0,0.0,91,138,0,0,0,0,0,0.0,1.5666,nan,edge/x86_64,,3.12.3,2026-10-09T18:45:15Z
187,ECDH-P256,classical,,keygen,0.0282,0.0,0.0,0.0,91,138,0,0,0,0,0,0.0,0.423,nan,edge/x86_64,,3.12.3,2026-10-09T18:45:15Z
187,ECDH-P256,classical,,encapsulate,0.1059,0.0,0.0,0.0,91,138,0,0,0,0,0,0.0,1.5878,nan,edge/x86_64,,3.12.3,2026-10-09T18:45:15Z
188,ECDH-P256,classical,,keygen,0.0266,0.0,0.0,0.0,91,138,0,0,0,0,0,0.0,0.399,nan,edge/x86_64,,3.12.3,2026-10-09T18:45:15Z
188,ECDH-P256,classical,,encapsulate,0.1026,0.0,0.0,0.0,91,138,0,0,0,0,0,0.0,1.5397,nan,edge/x86_64,,3.12.3,2026-10-09T18:45:15Z
189,ECDH-P256,classical,,keygen,0.0313,0.0,0.0,0.0,91,138,0,0,0,0,0,0.0,0.469,nan,edge/x86_64,,3.12.3,2026-10-09T18:45:15Z
189,ECDH-P256,classical,,encapsulate,0.1219,0.0,0.0,0.0,91,138,0,0,0,0,0,0.0,1.8287,nan,edge/x86_64,,3.12.3,2026-10-09T18:45:15Z
190,ECDH-P256,classical,,keygen,0.0304,0.0,0.0,0.0,91,138,0,0,0,0,0,0.0,0.4561,nan,edge/x86_64,,3.12.3,2026-10-09T18:45:15Z
190,ECDH-P256,classical,,encapsulate,0.1043,0.0,0.0,0.0,91,138,0,0,0,0,0,0.0,1.5647,nan,edge/x86_64,,3.12.3,2026-10-09T18:45:15Z
191,ECDH-P256,classical,,keygen,0.0277,0.0,0.0,0.0,91,138,0,0,0,0,0,0.0,0.4156,nan,edge/x86_64,,3.12.3,2026-10-09T18:45:15Z
191,ECDH-P256,classical,,encapsulate,0.1209,0.0,0.0,0.0,91,138,0,0,0,0,0,0.0,1.8141,nan,edge/x86_64,,3.12.3,2026-10-09T18:45:15Z
192,ECDH-P256,classical,,keygen,0.0279,0.0,0.0,0.0,91,138,0,0,0,0,0,0.0,0.4191,nan,edge/x86_64,,3.12.3,2026-10-09T18:45:15Z
192,ECDH-P256,classical,,encapsulate,0.1019,0.0,0.0,0.0,91,138,0,0,0,0,0,0.0,1.5286,nan,edge/x86_64,,3.12.3,2026-10-09T18:45:15Z
193,ECDH-P256,classical,,keygen,0.0279,0.0,0.0,0.0,91,138,0,0,0,0,0,0.0,0.4185,nan,edge/x86_64,,3.12.3,2026-10-09T18:45:15Z
193,ECDH-P256,classical,,encapsulate,0.1699,0.0,0.0,0.0,91,138,0,0,0,0,0,0.0,2.5484,nan,edge/x86_64,,3.12.3,2026-10-09T18:45:15Z
194,ECDH-P256,classical,,keygen,0.0862,0.0,0.0,0.0,91,138,0,0,0,0,0,0.0,1.2924,nan,edge/x86_64,,3.12.3,2026-10-09T18:45:15Z
194,ECDH-P256,classical,,encapsulate,0.1111,0.0,0.0,0.0,91,138,0,0,0,0,0,0.0,1.6668,nan,edge/x86_64,,3.12.3,2026-10-09T18:45:15Z
195,ECDH-P256,classical,,keygen,0.0275,0.0,0.0,0.0,91,138,0,0,0,0,0,0.0,0.4124,nan,edge/x86_64,,3.12.3,2026-10-09T18:45:15Z
195,ECDH-P256,classical,,encapsulate,0.1036,0.0,0.0,0.0,91,138,0,0,0,0,0,0.0,1.5538,nan,edge/x86_64,,3.12.3,2026-10-09T18:45:15Z
196,ECDH-P256,classical,,keygen,0.0272,0.0,0.0,0.0,91,138,0,0,0,0,0,0.0,0.4082,nan,edge/x86_64,,3.12.3,2026-10-09T18:45:15Z
196,ECDH-P256,classical,,encapsulate,0.1025,0.0,0.0,0.0,91,138,0,0,0,0,0,0.0,1.5371,nan,edge/x86_64,,3.12.3,2026-10-09T18:45:15Z
197,ECDH-P256,classical,,keygen,0.0269,0.0,0.0,0.0,91,138,0,0,0,0,0,0.0,0.4038,nan,edge/x86_64,,3.12.3,2026-10-09T18:45:15Z
197,ECDH-P256,classical,,encapsulate,0.0975,0.0,0.0,0.0,91,138,0,0,0,0,0,0.0,1.4632,nan,edge/x86_64,,3.12.3,2026-10-09T18:45:15Z
198,ECDH-P256,classical,,keygen,0.0257,0.0,0.0,0.0,91,138,0,0,0,0,0,0.0,0.3857,nan,edge/x86_64,,3.12.3,2026-10-09T18:45:15Z
198,ECDH-P256,classical,,encapsulate,0.1277,0.0,0.0,0.0,91,138,0,0,0,0,0,0.0,1.9158,nan,edge/x86_64,,3.12.3,2026-10-09T18:45:15Z
199,ECDH-P256,classical,,keygen,0.0297,0.0,0.0,0.0,91,138,0,0,0,0,0,0.0,0.4454,nan,edge/x86_64,,3.12.3,2026-10-09T18:45:15Z
199,ECDH-P256,classical,,encapsulate,0.1026,0.0,0.0,0.0,91,138,0,0,0,0,0,0.0,1.5389,nan,edge/x86_64,,3.12.3,2026-10-09T18:45:15Z
0,ECDH-P384,classical,,keygen,0.3001,0.0,0.0,0.0,120,185,0,0,0,0,0,0.0,4.5009,nan,edge/x86_64,,3.12.3,2026-10-09T18:45:15Z
0,ECDH-P384,classical,,encapsulate,0.6674,0.0,0.0,0.0,120,185,0,0,0,0,0,0.0,10.0117,nan,edge/x86_64,,3.12.3,2026-10-09T18:45:15Z
1,ECDH-P384,classical,,keygen,0.325,0.0,0.0,0.0,120,185,0,0,0,0,0,0.0,4.8748,nan,edge/x86_64,,3.12.3,2026-10-09T18:45:15Z
1,ECDH-P384,classical,,encapsulate,0.6791,0.0,0.0,0.0,120,185,0,0,0,0,0,0.0,10.1862,nan,edge/x86_64,,3.12.3,2026-10-09T18:45:15Z
2,ECDH-P384,classical,,keygen,0.2713,0.0,0.0,0.0,120,185,0,0,0,0,0,0.0,4.0688,nan,edge/x86_64,,3.12.3,2026-10-09T18:45:15Z
2,ECDH-P384,classical,,encapsulate,0.6563,0.0,0.0,0.0,120,185,0,0,0,0,0,0.0,9.8451,nan,edge/x86_64,,3.12.3,2026-10-09T18:45:15Z
3,ECDH-P384,classical,,keygen,0.2759,0.0,0.0,0.0,120,185,0,0,0,0,0,0.0,4.1385,nan,edge/x86_64,,3.12.3,2026-10-09T18:45:15Z
3,ECDH-P384,classical,,encapsulate,0.7674,0.0,0.0,0.0,120,185,0,0,0,0,0,0.0,11.5103,nan,edge/x86_64,,3.12.3,2026-10-09T18:45:15Z
4,ECDH-P384,classical,,keygen,0.2786,0.0,0.0,0.0,120,185,0,0,0,0,0,0.0,4.1786,nan,edge/x86_64,,3.12.3,2026-10-09T18:45:15Z
4,ECDH-P384,classical,,encapsulate,0.543,0.0,0.0,0.0,120,185,0,0,0,0,0,0.0,8.1456,nan,edge/x86_64,,3.12.3,2026-10-09T18:45:15Z
5,ECDH-P384,classical,,keygen,0.2497,0.0,0.0,0.0,120,185,0,0,0,0,0,0.0,3.7459,nan,edge/x86_64,,3.12.3,2026-10-09T18:45:15Z
5,ECDH-P384,classical,,encapsulate,0.6748,0.0,0.0,0.0,120,185,0,0,0,0,0,0.0,10.1221,nan,edge/x86_64,,3.12.3,2026-10-09T18:45:15Z
6,ECDH-P384,classical,,keygen,0.2788,0.0,0.0,0.0,120,185,0,0,0,0,0,0.0,4.1823,nan,edge/x86_64,,3.12.3,2026-10-09T18:45:15Z
6,ECDH-P384,classical,,encapsulate,0.748,0.0,0.0,0.0,120,185,0,0,0,0,0,0.0,11.2199,nan,edge/x86_64,,3.12.3,2026-10-09T18:45:15Z
7,ECDH-P384,classical,,keygen,0.2777,0.0,0.0,0.0,120,185,0,0,0,0,0,0.0,4.1653,nan,edge/x86_64,,3.12.3,2026-10-09T18:45:15Z
7,ECDH-P384,classical,,encapsulate,0.648,0.0,0.0,0.0,120,185,0,0,0,0,0,0.0,9.72,nan,edge/x86_64,,3.12.3,2026-10-09T18:45:15Z
8,ECDH-P384,classical,,keygen,0.2692,0.0,0.0,0.0,120,185,0,0,0,0,0,0.0,4.0375,nan,edge/x86_64,,3.12.3,2026-10-09T18:45:15Z
8,ECDH-P384,classical,,encapsulate,0.5881,0.0,0.0,0.0,120,185,0,0,0,0,0,0.0,8.8222,nan,edge/x86_64,,3.12.3,2026-10-09T18:45:15Z
9,ECDH-P384,classical,,keygen,0.2516,0.0,0.0,0.0,120,185,0,0,0,0,0,0.0,3.7742,nan,edge/x86_64,,3.12.3,2026-10-09T18:45:15Z
9,ECDH-P384,classical,,encapsulate,0.6624,0.0,0.0,0.0,120,185,0,0,0,0,0,0.0,9.9357,nan,edge/x86_64,,3.12.3,2026-10-09T18:45:15Z
10,ECDH-P384,classical,,keygen,0.2568,0.0,0.0,0.0,120,185,0,0,0,0,0,0.0,3.8524,nan,edge/x86_64,,3.12.3,2026-10-09T18:45:15Z
10,ECDH-P384,classical,,encapsulate,0.5691,0.0,0.0,0.0,120,185,0,0,0,0,0,0.0,8.537,nan,edge/x86_64,,3.12.3,2026-10-09T18:45:15Z
11,ECDH-P384,classical,,keygen,0.2585,0.0,0.0,0.0,120,185,0,0,0,0,0,0.0,3.8768,nan,edge/x86_64,,3.12.3,2026-10-09T18:45:15Z
11,ECDH-P384,classical,,encapsulate,0.8719,0.0,0.0,0.0,120,185,0,0,0,0,0,0.0,13.0779,nan,edge/x86_64,,3.12.3,2026-10-09T18:45:15Z
12,ECDH-P384,classical,,keygen,0.3024,0.0,0.0,0.0,120,185,0,0,0,0,0,0.0,4.5365,nan,edge/x86_64,,3.12.3,2026-10-09T18:45:15Z
12,ECDH-P384,classical,,encapsulate,0.6724,0.0,0.0,0.0,120,185,0,0,0,0,0,0.0,10.086,nan,edge/x86_64,,3.12.3,2026-10-09T18:45:15Z
13,ECDH-P384,classical,,keygen,0.2895,0.0,0.0,0.0,120,185,0,0,0,0,0,0.0,4.3432,nan,edge/x86_64,,3.12.3,2026-10-09T18:45:15Z
13,ECDH-P384,classical,,encapsulate,0.6745,0.0,0.0,0.0,120,185,0,0,0,0,0,0.0,10.1177,nan,edge/x86_64,,3.12.3,2026-10-09T18:45:15Z
14,ECDH-P384,classical,,keygen,0.2495,0.0,0.0,0.0,120,185,0,0,0,0,0,0.0,3.7422,nan,edge/x86_64,,3.12.3,2026-10-09T18:45:15Z
14,ECDH-P384,classical,,encapsulate,0.6986,0.0,0.0,0.0,120,185,0,0,0,0,0,0.0,10.4788,nan,edge/x86_64,,3.12.3,2026-10-09T18:45:15Z
15,ECDH-P384,classical,,keygen,0.2774,0.0,0.0,0.0,120,185,0,0,0,0,0,0.0,4.1612,nan,edge/x86_64,,3.12.3,2026-10-09T18:45:15Z
15,ECDH-P384,classical,,encapsulate,0.6589,0.0,0.0,0.0,120,185,0,0,0,0,0,0.0,9.8828,nan,edge/x86_64,,3.12.3,2026-10-09T18:45:15Z
16,ECDH-P384,classical,,keygen,0.3314,0.0,0.0,0.0,120,185,0,0,0,0,0,0.0,4.9714,nan,edge/x86_64,,3.12.3,2026-10-09T18:45:15Z
16,ECDH-P384,classical,,encapsulate,0.6747,0.0,0.0,0.0,120,185,0,0,0,0,0,0.0,10.1202,nan,edge/x86_64,,3.12.3,2026-10-09T18:45:15Z
17,ECDH-P384,classical,,keygen,0.2497,0.0,0.0,0.0,120,185,0,0,0,0,0,0.0,3.7455,nan,edge/x86_64,,3.12.3,2026-10-09T18:45:15Z
17,ECDH-P384,classical,,encapsulate,0.7053,0.0,0.0,0.0,120,185,0,0,0,0,0,0.0,10.5799,nan,edge/x86_64,,3.12.3,2026-10-09T18:45:15Z
18,ECDH-P384,classical,,keygen,0.2571,0.0,0.0,0.0,120,185,0,0,0,0,0,0.0,3.8569,nan,edge/x86_64,,3.12.3,2026-10-09T18:45:15Z
18,ECDH-P384,classical,,encapsulate,0.6689,0.0,0.0,0.0,120,185,0,0,0,0,0,0.0,10.0338,nan,edge/x86_64,,3.12.3,2026-10-09T18:45:15Z
19,ECDH-P384,classical,,keygen,0.2581,0.0,0.0,0.0,120,185,0,0,0,0,0,0.0,3.8708,nan,edge/x86_64,,3.12.3,2026-10-09T18:45:15Z
19,ECDH-P384,classical,,encapsulate,0.6732,0.0,0.0,0.0,120,185,0,0,0,0,0,0.0,10.0976,nan,edge/x86_64,,3.12.3,2026-10-09T18:45:15Z
20,ECDH-P384,classical,,keygen,0.2715,0.0,0.0,0.0,120,185,0,0,0,0,0,0.0,4.0729,nan,edge/x86_64,,3.12.3,2026-10-09T18:45:15Z
20,ECDH-P384,classical,,encapsulate,0.6326,0.0,0.0,0.0,120,185,0,0,0,0,0,0.0,9.4894,nan,edge/x86_64,,3.12.3,2026-10-09T18:45:15Z
21,ECDH-P384,classical,,keygen,0.2735,0.0,0.0,0.0,120,185,0,0,0,0,0,0.0,4.1024,nan,edge/x86_64,,3.12.3,2026-10-09T18:45:15Z
21,ECDH-P384,classical,,encapsulate,0.7267,0.0,0.0,0.0,120,185,0,0,0,0,0,0.0,10.9008,nan,edge/x86_64,,3.12.3,2026-10-09T18:45:15Z
22,ECDH-P384,classical,,keygen,0.2576,0.0,0.0,0.0,120,185,0,0,0,0,0,0.0,3.8646,nan,edge/x86_64,,3.12.3,2026-10-09T18:45:15Z
22,ECDH-P384,classical,,encapsulate,0.6502,0.0,0.0,0.0,120,185,0,0,0,0,0,0.0,9.7529,nan,edge/x86_64,,3.12.3,2026-10-09T18:45:15Z
23,ECDH-P384,classical,,keygen,0.2707,0.0,0.0,0.0,120,185,0,0,0,0,0,0.0,4.0601,nan,edge/x86_64,,3.12.3,2026-10-09T18:45:15Z
23,ECDH-P384,classical,,encapsulate,0.6797,0.0,0.0,0.0,120,185,0,0,0,0,0,0.0,10.196,nan,edge/x86_64,,3.12.3,2026-10-09T18:45:15Z
24,ECDH-P384,classical,,keygen,0.2535,0.0,0.0,0.0,120,185,0,0,0,0,0,0.0,3.8026,nan,edge/x86_64,,3.12.3,2026-10-09T18:45:15Z
24,ECDH-P384,classical,,encapsulate,0.7226,0.0,0.0,0.0,120,185,0,0,0,0,0,0.0,10.8386,nan,edge/x86_64,,3.12.3,2026-10-09T18:45:15Z
25,ECDH-P384,classical,,keygen,0.2621,0.0,0.0,0.0,120,185,0,0,0,0,0,0.0,3.9309,nan,edge/x86_64,,3.12.3,2026-10-09T18:45:15Z
25,ECDH-P384,classical,,encapsulate,0.7841,0.0,0.0,0.0,120,185,0,0,0,0,0,0.0,11.7622,nan,edge/x86_64,,3.12.3,2026-10-09T18:45:15Z
26,ECDH-P384,classical,,keygen,0.3129,0.0,0.0,0.0,120,185,0,0,0,0,0,0.0,4.6932,nan,edge/x86_64,,3.12.3,2026-10-09T18:45:15Z
26,ECDH-P384,classical,,encapsulate,0.6807,0.0,0.0,0.0,120,185,0,0,0,0,0,0.0,10.2108,nan,edge/x86_64,,3.12.3,2026-10-09T18:45:15Z
27,ECDH-P384,classical,,keygen,0.2505,0.0,0.0,0.0,120,185,0,0,0,0,0,0.0,3.7571,nan,edge/x86_64,,3.12.3,2026-10-09T18:45:15Z
27,ECDH-P384,classical,,encapsulate,0.7483,0.0,0.0,0.0,120,185,0,0,0,0,0,0.0,11.224,nan,edge/x86_64,,3.12.3,2026-10-09T18:45:15Z
28,ECDH-P384,classical,,keygen,0.313,0.0,0.0,0.0,120,185,0,0,0,0,0,0.0,4.6948,nan,edge/x86_64,,3.12.3,2026-10-09T18:45:15Z
28,ECDH-P384,classical,,encapsulate,0.5647,0.0,0.0,0.0,120,185,0,0,0,0,0,0.0,8.4699,nan,edge/x86_64,,3.12.3,2026-10-09T18:45:15Z
29,ECDH-P384,classical,,keygen,0.2113,0.0,0.0,0.0,120,185,0,0,0,0,0,0.0,3.1698,nan,edge/x86_64,,3.12.3,2026-10-09T18:45:15Z
29,ECDH-P384,classical,,encapsulate,0.4031,0.0,0.0,0.0,120,185,0,0,0,0,0,0.0,6.046,nan,edge/x86_64,,3.12.3,2026-10-09T18:45:15Z
30,ECDH-P384,classical,,keygen,0.2159,0.0,0.0,0.0,120,185,0,0,0,0,0,0.0,3.2385,nan,edge/x86_64,,3.12.3,2026-10-09T18:45:15Z
30,ECDH-P384,classical,,encapsulate,0.4013,0.0,0.0,0.0,120,185,0,0,0,0,0,0.0,6.0198,nan,edge/x86_64,,3.12.3,2026-10-09T18:45:15Z
31,ECDH-P384,classical,,keygen,0.1612,0.0,0.0,0.0,120,185,0,0,0,0,0,0.0,2.4186,nan,edge/x86_64,,3.12.3,2026-10-09T18:45:15Z
31,ECDH-P384,classical,,encapsulate,0.4091,0.0,0.0,0.0,120,185,0,0,0,0,0,0.0,6.1361,nan,edge/x86_64,,3.12.3,2026-10-09T18:45:15Z
32,ECDH-P384,classical,,keygen,0.1661,0.0,0.0,0.0,120,185,0,0,0,0,0,0.0,2.4917,nan,edge/x86_64,,3.12.3,2026-10-09T18:45:15Z
32,ECDH-P384,classical,,encapsulate,0.3993,0.0,0.0,0.0,120,185,0,0,0,0,0,0.0,5.9901,nan,edge/x86_64,,3.12.3,2026-10-09T18:45:15Z
33,ECDH-P384,classical,,keygen,0.1602,0.0,0.0,0.0,120,185,0,0,0,0,0,0.0,2.4024,nan,edge/x86_64,,3.12.3,2026-10-09T18:45:15Z
33,ECDH-P384,classical,,encapsulate,0.4117,0.0,0.0,0.0,120,185,0,0,0,0,0,0.0,6.1748,nan,edge/x86_64,,3.12.3,2026-10-09T18:45:15Z
34,ECDH-P384,classical,,keygen,0.1582,0.0,0.0,0.0,120,185,0,0,0,0,0,0.0,2.3725,nan,edge/x86_64,,3.12.3,2026-10-09T18:45:15Z
34,ECDH-P384,classical,,encapsulate,0.4442,0.0,0.0,0.0,120,185,0,0,0,0,0,0.0,6.6628,nan,edge/x86_64,,3.12.3,2026-10-09T18:45:15Z
35,ECDH-P384,classical,,keygen,0.1594,0.0,0.0,0.0,120,185,0,0,0,0,0,0.0,2.3914,nan,edge/x86_64,,3.12.3,2026-10-09T18:45:15Z
35,ECDH-P384,classical,,encapsulate,0.3984,0.0,0.0,0.0,120,185,0,0,0,0,0,0.0,5.9757,nan,edge/x86_64,,3.12.3,2026-10-09T18:45:15Z
36,ECDH-P384,classical,,keygen,0.1722,0.0,0.0,0.0,120,185,0,0,0,0,0,0.0,2.5823,nan,edge/x86_64,,3.12.3,2026-10-09T18:45:15Z
36,ECDH-P384,classical,,encapsulate,0.3974,0.0,0.0,0.0,120,185,0,0,0,0,0,0.0,5.9608,nan,edge/x86_64,,3.12.3,2026-10-09T18:45:15Z
37,ECDH-P384,classical,,keygen,0.1849,0.0,0.0,0.0,120,185,0,0,0,0,0,0.0,2.7728,nan,edge/x86_64,,3.12.3,2026-10-09T18:45:15Z
37,ECDH-P384,classical,,encapsulate,0.399,0.0,0.0,0.0,120,185,0,0,0,0,0,0.0,5.9856,nan,edge/x86_64,,3.12.3,2026-10-09T18:45:15Z
38,ECDH-P384,classical,,keygen,0.1582,0.0,0.0,0.0,120,185,0,0,0,0,0,0.0,2.3724,nan,edge/x86_64,,3.12.3,2026-10-09T18:45:15Z
38,ECDH-P384,classical,,encapsulate,0.4709,0.0,0.0,0.0,120,185,0,0,0,0,0,0.0,7.0638,nan,edge/x86_64,,3.12.3,2026-10-09T18:45:15Z
39,ECDH-P384,classical,,keygen,0.2311,0.0,0.0,0.0,120,185,0,0,0,0,0,0.0,3.4668,nan,edge/x86_64,,3.12.3,2026-10-09T18:45:15Z
39,ECDH-P384,classical,,encapsulate,0.5808,0.0,0.0,0.0,120,185,0,0,0,0,0,0.0,8.712,nan,edge/x86_64,,3.12.3,2026-10-09T18:45:15Z
40,ECDH-P384,classical,,keygen,0.2348,0.0,0.0,0.0,120,185,0,0,0,0,0,0.0,3.5217,nan,edge/x86_64,,3.12.3,2026-10-09T18:45:15Z
40,ECDH-P384,classical,,encapsulate,0.5826,0.0,0.0,0.0,120,185,0,0,0,0,0,0.0,8.7397,nan,edge/x86_64,,3.12.3,2026-10-09T18:45:15Z
41,ECDH-P384,classical,,keygen,0.2584,0.0,0.0,0.0,120,185,0,0,0,0,0,0.0,3.8764,nan,edge/x86_64,,3.12.3,2026-10-09T18:45:15Z
41,ECDH-P384,classical,,encapsulate,0.5953,0.0,0.0,0.0,120,185,0,0,0,0,0,0.0,8.9293,nan,edge/x86_64,,3.12.3,2026-10-09T18:45:15Z
42,ECDH-P384,classical,,keygen,0.2342,0.0,0.0,0.0,120,185,0,0,0,0,0,0.0,3.5124,nan,edge/x86_64,,3.12.3,2026-10-09T18:45:15Z
42,ECDH-P384,classical,,encapsulate,0.6265,0.0,0.0,0.0,120,185,0,0,0,0,0,0.0,9.3968,nan,edge/x86_64,,3.12.3,2026-10-09T18:45:15Z
43,ECDH-P384,classical,,keygen,0.2365,0.0,0.0,0.0,120,185,0,0,0,0,0,0.0,3.547,nan,edge/x86_64,,3.12.3,2026-10-09T18:45:15Z
43,ECDH-P384,classical,,encapsulate,0.5861,0.0,0.0,0.0,120,185,0,0,0,0,0,0.0,8.7919,nan,edge/x86_64,,3.12.3,2026-10-09T18:45:15Z
44,ECDH-P384,classical,,keygen,0.2303,0.0,0.0,0.0,120,185,0,0,0,0,0,0.0,3.4542,nan,edge/x86_64,,3.12.3,2026-10-09T18:45:15Z
44,ECDH-P384,classical,,encapsulate,0.5848,0.0,0.0,0.0,120,185,0,0,0,0,0,0.0,8.7713,nan,edge/x86_64,,3.12.3,2026-10-09T18:45:15Z
45,ECDH-P384,classical,,keygen,0.2404,0.0,0.0,0.0,120,185,0,0,0,0,0,0.0,3.6057,nan,edge/x86_64,,3.12.3,2026-10-09T18:45:15Z
45,ECDH-P384,classical,,encapsulate,0.5735,0.0,0.0,0.0,120,185,0,0,0,0,0,0.0,8.602,nan,edge/x86_64,,3.12.3,2026-10-09T18:45:15Z
46,ECDH-P384,classical,,keygen,0.2786,0.0,0.0,0.0,120,185,0,0,0,0,0,0.0,4.1783,nan,edge/x86_64,,3.12.3,2026-10-09T18:45:15Z
46,ECDH-P384,classical,,encapsulate,0.4328,0.0,0.0,0.0,120,185,0,0,0,0,0,0.0,6.492,nan,edge/x86_64,,3.12.3,2026-10-09T18:45:15Z
47,ECDH-P384,classical,,keygen,0.2205,0.0,0.0,0.0,120,185,0,0,0,0,0,0.0,3.3081,nan,edge/x86_64,,3.12.3,2026-10-09T18:45:15Z
47,ECDH-P384,classical,,encapsulate,0.6969,0.0,0.0,0.0,120,185,0,0,0,0,0,0.0,10.4534,nan,edge/x86_64,,3.12.3,2026-10-09T18:45:15Z
48,ECDH-P384,classical,,keygen,0.2538,0.0,0.0,0.0,120,185,0,0,0,0,0,0.0,3.8073,nan,edge/x86_64,,3.12.3,2026-10-09T18:45:15Z
48,ECDH-P384,classical,,encapsulate,0.6724,0.0,0.0,0.0,120,185,0,0,0,0,0,0.0,10.0855,nan,edge/x86_64,,3.12.3,2026-10-09T18:45:15Z
49,ECDH-P384,classical,,keygen,0.26,0.0,0.0,0.0,120,185,0,0,0,0,0,0.0,3.8995,nan,edge/x86_64,,3.12.3,2026-10-09T18:45:15Z
49,ECDH-P384,classical,,encapsulate,0.6336,0.0,0.0,0.0,120,185,0,0,0,0,0,0.0,9.5046,nan,edge/x86_64,,3.12.3,2026-10-09T18:45:15Z
50,ECDH-P384,classical,,keygen,0.246,0.0,0.0,0.0,120,185,0,0,0,0,0,0.0,3.6896,nan,edge/x86_64,,3.12.3,2026-10-09T18:45:15Z
50,ECDH-P384,classical,,encapsulate,0.6757,0.0,0.0,0.0,120,185,0,0,0,0,0,0.0,10.1349,nan,edge/x86_64,,3.12.3,2026-10-09T18:45:15Z
51,ECDH-P384,classical,,keygen,0.2504,0.0,0.0,0.0,120,185,0,0,0,0,0,0.0,3.7562,nan,edge/x86_64,,3.12.3,2026-10-09T18:45:15Z
51,ECDH-P384,classical,,encapsulate,0.6483,0.0,0.0,0.0,120,185,0,0,0,0,0,0.0,9.724,nan,edge/x86_64,,3.12.3,2026-10-09T18:45:15Z
52,ECDH-P384,classical,,keygen,0.3034,0.0,0.0,0.0,120,185,0,0,0,0,0,0.0,4.5504,nan,edge/x86_64,,3.12.3,2026-10-09T18:45:15Z
52,ECDH-P384,classical,,encapsulate,0.6358,0.0,0.0,0.0,120,185,0,0,0,0,0,0.0,9.5369,nan,edge/x86_64,,3.12.3,2026-10-09T18:45:15Z
53,ECDH-P384,classical,,keygen,0.2552,0.0,0.0,0.0,120,185,0,0,0,0,0,0.0,3.8284,nan,edge/x86_64,,3.12.3,2026-10-09T18:45:15Z
53,ECDH-P384,classical,,encapsulate,0.643,0.0,0.0,0.0,120,185,0,0,0,0,0,0.0,9.6457,nan,edge/x86_64,,3.12.3,2026-10-09T18:45:15Z
54,ECDH-P384,classical,,keygen,0.2402,0.0,0.0,0.0,120,185,0,0,0,0,0,0.0,3.6032,nan,edge/x86_64,,3.12.3,2026-10-09T18:45:15Z
54,ECDH-P384,classical,,encapsulate,0.6127,0.0,0.0,0.0,120,185,0,0,0,0,0,0.0,9.1908,nan,edge/x86_64,,3.12.3,2026-10-09T18:45:15Z
55,ECDH-P384,classical,,keygen,0.2007,0.0,0.0,0.0,120,185,0,0,0,0,0,0.0,3.01,nan,edge/x86_64,,3.12.3,2026-10-09T18:45:15Z
55,ECDH-P384,classical,,encapsulate,0.6141,0.0,0.0,0.0,120,185,0,0,0,0,0,0.0,9.2122,nan,edge/x86_64,,3.12.3,2026-10-09T18:45:15Z
56,ECDH-P384,classical,,keygen,0.2385,0.0,0.0,0.0,120,185,0,0,0,0,0,0.0,3.5774,nan,edge/x86_64,,3.12.3,2026-10-09T18:45:15Z
56,ECDH-P384,classical,,encapsulate,0.5908,0.0,0.0,0.0,120,185,0,0,0,0,0,0.0,8.8622,nan,edge/x86_64,,3.12.3,2026-10-09T18:45:15Z
57,ECDH-P384,classical,,keygen,0.3141,0.0,0.0,0.0,120,185,0,0,0,0,0,0.0,4.711,nan,edge/x86_64,,3.12.3,2026-10-09T18:45:15Z
57,ECDH-P384,classical,,encapsulate,0.7198,0.0,0.0,0.0,120,185,0,0,0,0,0,0.0,10.7966,nan,edge/x86_64,,3.12.3,2026-10-09T18:45:15Z
58,ECDH-P384,classical,,keygen,0.249,0.0,0.0,0.0,120,185,0,0,0,0,0,0.0,3.7353,nan,edge/x86_64,,3.12.3,2026-10-09T18:45:15Z
58,ECDH-P384,classical,,encapsulate,0.5685,0.0,0.0,0.0,120,185,0,0,0,0,0,0.0,8.5279,nan,edge/x86_64,,3.12.3,2026-10-09T18:45:15Z
59,ECDH-P384,classical,,keygen,0.28,0.0,0.0,0.0,120,185,0,0,0,0,0,0.0,4.2006,nan,edge/x86_64,,3.12.3,2026-10-09T18:45:15Z
59,ECDH-P384,classical,,encapsulate,0.74,0.0,0.0,0.0,120,185,0,0,0,0,0,0.0,11.0993,nan,edge/x86_64,,3.12.3,2026-10-09T18:45:15Z
60,ECDH-P384,classical,,keygen,0.2595,0.0,0.0,0.0,120,185,0,0,0,0,0,0.0,3.8923,nan,edge/x86_64,,3.12.3,2026-10-09T18:45:15Z
60,ECDH-P384,classical,,encapsulate,0.6595,0.0,0.0,0.0,120,185,0,0,0,0,0,0.0,9.8928,nan,edge/x86_64,,3.12.3,2026-10-09T18:45:15Z
61,ECDH-P384,classical,,keygen,0.337,0.0,0.0,0.0,120,185,0,0,0,0,0,0.0,5.0548,nan,edge/x86_64,,3.12.3,2026-10-09T18:45:15Z
61,ECDH-P384,classical,,encapsulate,0.6315,0.0,0.0,0.0,120,185,0,0,0,0,0,0.0,9.4725,nan,edge/x86_64,,3.12.3,2026-10-09T18:45:15Z
62,ECDH-P384,classical,,keygen,0.2397,0.0,0.0,0.0,120,185,0,0,0,0,0,0.0,3.5955,nan,edge/x86_64,,3.12.3,2026-10-09T18:45:15Z
62,ECDH-P384,classical,,encapsulate,0.6529,0.0,0.0,0.0,120,185,0,0,0,0,0,0.0,9.7936,nan,edge/x86_64,,3.12.3,2026-10-09T18:45:15Z
63,ECDH-P384,classical,,keygen,0.2491,0.0,0.0,0.0,120,185,0,0,0,0,0,0.0,3.7361,nan,edge/x86_64,,3.12.3,2026-10-09T18:45:15Z
63,ECDH-P384,classical,,encapsulate,0.5461,0.0,0.0,0.0,120,185,0,0,0,0,0,0.0,8.1911,nan,edge/x86_64,,3.12.3,2026-10-09T18:45:15Z
64,ECDH-P384,classical,,keygen,0.2737,0.0,0.0,0.0,120,185,0,0,0,0,0,0.0,4.1052,nan,edge/x86_64,,3.12.3,2026-10-09T18:45:15Z
64,ECDH-P384,classical,,encapsulate,0.6234,0.0,0.0,0.0,120,185,0,0,0,0,0,0.0,9.351,nan,edge/x86_64,,3.12.3,2026-10-09T18:45:15Z
65,ECDH-P384,classical,,keygen,0.2678,0.0,0.0,0.0,120,185,0,0,0,0,0,0.0,4.0165,nan,edge/x86_64,,3.12.3,2026-10-09T18:45:15Z
65,ECDH-P384,classical,,encapsulate,0.7233,0.0,0.0,0.0,120,185,0,0,0,0,0,0.0,10.8493,nan,edge/x86_64,,3.12.3,2026-10-09T18:45:15Z
66,ECDH-P384,classical,,keygen,0.2709,0.0,0.0,0.0,120,185,0,0,0,0,0,0.0,4.0636,nan,edge/x86_64,,3.12.3,2026-10-09T18:45:15Z
66,ECDH-P384,classical,,encapsulate,0.7245,0.0,0.0,0.0,120,185,0,0,0,0,0,0.0,10.8672,nan,edge/x86_64,,3.12.3,2026-10-09T18:45:15Z
67,ECDH-P384,classical,,keygen,0.2998,0.0,0.0,0.0,120,185,0,0,0,0,0,0.0,4.4963,nan,edge/x86_64,,3.12.3,2026-10-09T18:45:15Z
67,ECDH-P384,classical,,encapsulate,0.6604,0.0,0.0,0.0,120,185,0,0,0,0,0,0.0,9.9064,nan,edge/x86_64,,3.12.3,2026-10-09T18:45:15Z
68,ECDH-P384,classical,,keygen,0.2518,0.0,0.0,0.0,120,185,0,0,0,0,0,0.0,3.777,nan,edge/x86_64,,3.12.3,2026-10-09T18:45:15Z
68,ECDH-P384,classical,,encapsulate,0.5708,0.0,0.0,0.0,120,185,0,0,0,0,0,0.0,8.5614,nan,edge/x86_64,,3.12.3,2026-10-09T18:45:15Z
69,ECDH-P384,classical,,keygen,0.1546,0.0,0.0,0.0,120,185,0,0,0,0,0,0.0,2.3185,nan,edge/x86_64,,3.12.3,2026-10-09T18:45:15Z
69,ECDH-P384,classical,,encapsulate,0.4208,0.0,0.0,0.0,120,185,0,0,0,0,0,0.0,6.3127,nan,edge/x86_64,,3.12.3,2026-10-09T18:45:15Z
70,ECDH-P384,classical,,keygen,0.1367,0.0,0.0,0.0,120,185,0,0,0,0,0,0.0,2.0499,nan,edge/x86_64,,3.12.3,2026-10-09T18:45:15Z
70,ECDH-P384,classical,,encapsulate,0.3476,0.0,0.0,0.0,120,185,0,0,0,0,0,0.0,5.2133,nan,edge/x86_64,,3.12.3,2026-10-09T18:45:15Z
71,ECDH-P384,classical,,keygen,0.1311,0.0,0.0,0.0,120,185,0,0,0,0,0,0.0,1.9665,nan,edge/x86_64,,3.12.3,2026-10-09T18:45:15Z
71,ECDH-P384,classical,,encapsulate,0.3349,0.0,0.0,0.0,120,185,0,0,0,0,0,0.0,5.0231,nan,edge/x86_64,,3.12.3,2026-10-09T18:45:15Z
72,ECDH-P384,classical,,keygen,0.1313,0.0,0.0,0.0,120,185,0,0,0,0,0,0.0,1.9688,nan,edge/x86_64,,3.12.3,2026-10-09T18:45:15Z
72,ECDH-P384,classical,,encapsulate,0.36,0.0,0.0,0.0,120,185,0,0,0,0,0,0.0,5.3995,nan,edge/x86_64,,3.12.3,2026-10-09T18:45:15Z
73,ECDH-P384,classical,,keygen,0.1395,0.0,0.0,0.0,120,185,0,0,0,0,0,0.0,2.0926,nan,edge/x86_64,,3.12.3,2026-10-09T18:45:15Z
73,ECDH-P384,classical,,encapsulate,0.3854,0.0,0.0,0.0,120,185,0,0,0,0,0,0.0,5.7817,nan,edge/x86_64,,3.12.3,2026-10-09T18:45:15Z
74,ECDH-P384,classical,,keygen,0.1332,0.0,0.0,0.0,120,185,0,0,0,0,0,0.0,1.9987,nan,edge/x86_64,,3.12.3,2026-10-09T18:45:15Z
74,ECDH-P384,classical,,encapsulate,0.3435,0.0,0.0,0.0,120,185,0,0,0,0,0,0.0,5.1518,nan,edge/x86_64,,3.12.3,2026-10-09T18:45:15Z
75,ECDH-P384,classical,,keygen,0.1526,0.0,0.0,0.0,120,185,0,0,0,0,0,0.0,2.2896,nan,edge/x86_64,,3.12.3,2026-10-09T18:45:15Z
75,ECDH-P384,classical,,encapsulate,0.3368,0.0,0.0,0.0,120,185,0,0,0,0,0,0.0,5.0525,nan,edge/x86_64,,3.12.3,2026-10-09T18:45:15Z
76,ECDH-P384,classical,,keygen,0.1349,0.0,0.0,0.0,120,185,0,0,0,0,0,0.0,2.0237,nan,edge/x86_64,,3.12.3,2026-10-09T18:45:15Z
76,ECDH-P384,classical,,encapsulate,0.3529,0.0,0.0,0.0,120,185,0,0,0,0,0,0.0,5.2939,nan,edge/x86_64,,3.12.3,2026-10-09T18:45:15Z
77,ECDH-P384,classical,,keygen,0.1349,0.0,0.0,0.0,120,185,0,0,0,0,0,0.0,2.023,nan,edge/x86_64,,3.12.3,2026-10-09T18:45:15Z
77,ECDH-P384,classical,,encapsulate,0.3459,0.0,0.0,0.0,120,185,0,0,0,0,0,0.0,5.1886,nan,edge/x86_64,,3.12.3,2026-10-09T18:45:15Z
78,ECDH-P384,classical,,keygen,0.148,0.0,0.0,0.0,120,185,0,0,0,0,0,0.0,2.2202,nan,edge/x86_64,,3.12.3,2026-10-09T18:45:15Z
78,ECDH-P384,classical,,encapsulate,0.3476,0.0,0.0,0.0,120,185,0,0,0,0,0,0.0,5.2138,nan,edge/x86_64,,3.12.3,2026-10-09T18:45:15Z
79,ECDH-P384,classical,,keygen,0.1477,0.0,0.0,0.0,120,185,0,0,0,0,0,0.0,2.2152,nan,edge/x86_64,,3.12.3,2026-10-09T18:45:15Z
79,ECDH-P384,classical,,encapsulate,0.5354,0.0,0.0,0.0,120,185,0,0,0,0,0,0.0,8.0314,nan,edge/x86_64,,3.12.3,2026-10-09T18:45:15Z
80,ECDH-P384,classical,,keygen,0.2846,0.0,0.0,0.0,120,185,0,0,0,0,0,0.0,4.2688,nan,edge/x86_64,,3.12.3,2026-10-09T18:45:15Z
80,ECDH-P384,classical,,encapsulate,0.427,0.0,0.0,0.0,120,185,0,0,0,0,0,0.0,6.4046,nan,edge/x86_64,,3.12.3,2026-10-09T18:45:15Z
81,ECDH-P384,classical,,keygen,0.1603,0.0,0.0,0.0,120,185,0,0,0,0,0,0.0,2.4038,nan,edge/x86_64,,3.12.3,2026-10-09T18:45:15Z
81,ECDH-P384,classical,,encapsulate,0.5069,0.0,0.0,0.0,120,185,0,0,0,0,0,0.0,7.6041,nan,edge/x86_64,,3.12.3,2026-10-09T18:45:15Z
82,ECDH-P384,classical,,keygen,0.234,0.0,0.0,0.0,120,185,0,0,0,0,0,0.0,3.5105,nan,edge/x86_64,,3.12.3,2026-10-09T18:45:15Z
82,ECDH-P384,classical,,encapsulate,0.345,0.0,0.0,0.0,120,185,0,0,0,0,0,0.0,5.1754,nan,edge/x86_64,,3.12.3,2026-10-09T18:45:15Z
83,ECDH-P384,classical,,keygen,0.1636,0.0,0.0,0.0,120,185,0,0,0,0,0,0.0,2.4537,nan,edge/x86_64,,3.12.3,2026-10-09T18:45:15Z
83,ECDH-P384,classical,,encapsulate,0.4887,0.0,0.0,0.0,120,185,0,0,0,0,0,0.0,7.3304,nan,edge/x86_64,,3.12.3,2026-10-09T18:45:15Z
84,ECDH-P384,classical,,keygen,0.1969,0.0,0.0,0.0,120,185,0,0,0,0,0,0.0,2.9539,nan,edge/x86_64,,3.12.3,2026-10-09T18:45:15Z
84,ECDH-P384,classical,,encapsulate,0.5504,0.0,0.0,0.0,120,185,0,0,0,0,0,0.0,8.2566,nan,edge/x86_64,,3.12.3,2026-10-09T18:45:15Z
85,ECDH-P384,classical,,keygen,0.2489,0.0,0.0,0.0,120,185,0,0,0,0,0,0.0,3.7332,nan,edge/x86_64,,3.12.3,2026-10-09T18:45:15Z
85,ECDH-P384,classical,,encapsulate,0.5955,0.0,0.0,0.0,120,185,0,0,0,0,0,0.0,8.9331,nan,edge/x86_64,,3.12.3,2026-10-09T18:45:15Z
86,ECDH-P384,classical,,keygen,0.265,0.0,0.0,0.0,120,185,0,0,0,0,0,0.0,3.9753,nan,edge/x86_64,,3.12.3,2026-10-09T18:45:15Z
86,ECDH-P384,classical,,encapsulate,0.7734,0.0,0.0,0.0,120,185,0,0,0,0,0,0.0,11.6009,nan,edge/x86_64,,3.12.3,2026-10-09T18:45:15Z
87,ECDH-P384,classical,,keygen,0.284,0.0,0.0,0.0,120,185,0,0,0,0,0,0.0,4.2606,nan,edge/x86_64,,3.12.3,2026-10-09T18:45:15Z
87,ECDH-P384,classical,,encapsulate,0.5238,0.0,0.0,0.0,120,185,0,0,0,0,0,0.0,7.8576,nan,edge/x86_64,,3.12.3,2026-10-09T18:45:15Z
88,ECDH-P384,classical,,keygen,0.2168,0.0,0.0,0.0,120,185,0,0,0,0,0,0.0,3.2518,nan,edge/x86_64,,3.12.3,2026-10-09T18:45:15Z
88,ECDH-P384,classical,,encapsulate,0.6531,0.0,0.0,0.0,120,185,0,0,0,0,0,0.0,9.7966,nan,edge/x86_64,,3.12.3,2026-10-09T18:45:15Z
89,ECDH-P384,classical,,keygen,0.2674,0.0,0.0,0.0,120,185,0,0,0,0,0,0.0,4.0107,nan,edge/x86_64,,3.12.3,2026-10-09T18:45:15Z
89,ECDH-P384,classical,,encapsulate,0.7171,0.0,0.0,0.0,120,185,0,0,0,0,0,0.0,10.7558,nan,edge/x86_64,,3.12.3,2026-10-09T18:45:15Z
90,ECDH-P384,classical,,keygen,0.3527,0.0,0.0,0.0,120,185,0,0,0,0,0,0.0,5.29,nan,edge/x86_64,,3.12.3,2026-10-09T18:45:15Z
90,ECDH-P384,classical,,encapsulate,0.6668,0.0,0.0,0.0,120,185,0,0,0,0,0,0.0,10.0016,nan,edge/x86_64,,3.12.3,2026-10-09T18:45:15Z
91,ECDH-P384,classical,,keygen,0.2444,0.0,0.0,0.0,120,185,0,0,0,0,0,0.0,3.6654,nan,edge/x86_64,,3.12.3,2026-10-09T18:45:15Z
91,ECDH-P384,classical,,encapsulate,0.6571,0.0,0.0,0.0,120,185,0,0,0,0,0,0.0,9.856,nan,edge/x86_64,,3.12.3,2026-10-09T18:45:15Z
92,ECDH-P384,classical,,keygen,0.1984,0.0,0.0,0.0,120,185,0,0,0,0,0,0.0,2.9762,nan,edge/x86_64,,3.12.3,2026-10-09T18:45:15Z
92,ECDH-P384,classical,,encapsulate,0.6958,0.0,0.0,0.0,120,185,0,0,0,0,0,0.0,10.4372,nan,edge/x86_64,,3.12.3,2026-10-09T18:45:15Z
93,ECDH-P384,classical,,keygen,0.3126,0.0,0.0,0.0,120,185,0,0,0,0,0,0.0,4.6885,nan,edge/x86_64,,3.12.3,2026-10-09T18:45:15Z
93,ECDH-P384,classical,,encapsulate,0.6374,0.0,0.0,0.0,120,185,0,0,0,0,0,0.0,9.5605,nan,edge/x86_64,,3.12.3,2026-10-09T18:45:15Z
94,ECDH-P384,classical,,keygen,0.2461,0.0,0.0,0.0,120,185,0,0,0,0,0,0.0,3.6911,nan,edge/x86_64,,3.12.3,2026-10-09T18:45:15Z
94,ECDH-P384,classical,,encapsulate,0.5663,0.0,0.0,0.0,120,185,0,0,0,0,0,0.0,8.4943,nan,edge/x86_64,,3.12.3,2026-10-09T18:45:15Z
95,ECDH-P384,classical,,keygen,0.253,0.0,0.0,0.0,120,185,0,0,0,0,0,0.0,3.7947,nan,edge/x86_64,,3.12.3,2026-10-09T18:45:15Z
95,ECDH-P384,classical,,encapsulate,0.7719,0.0,0.0,0.0,120,185,0,0,0,0,0,0.0,11.5783,nan,edge/x86_64,,3.12.3,2026-10-09T18:45:15Z
96,ECDH-P384,classical,,keygen,0.2627,0.0,0.0,0.0,120,185,0,0,0,0,0,0.0,3.9405,nan,edge/x86_64,,3.12.3,2026-10-09T18:45:15Z
96,ECDH-P384,classical,,encapsulate,0.4793,0.0,0.0,0.0,120,185,0,0,0,0,0,0.0,7.1894,nan,edge/x86_64,,3.12.3,2026-10-09T18:45:15Z
97,ECDH-P384,classical,,keygen,0.1841,0.0,0.0,0.0,120,185,0,0,0,0,0,0.0,2.7615,nan,edge/x86_64,,3.12.3,2026-10-09T18:45:15Z
97,ECDH-P384,classical,,encapsulate,0.6825,0.0,0.0,0.0,120,185,0,0,0,0,0,0.0,10.2378,nan,edge/x86_64,,3.12.3,2026-10-09T18:45:15Z
98,ECDH-P384,classical,,keygen,0.246,0.0,0.0,0.0,120,185,0,0,0,0,0,0.0,3.6901,nan,edge/x86_64,,3.12.3,2026-10-09T18:45:15Z
98,ECDH-P384,classical,,encapsulate,0.3698,0.0,0.0,0.0,120,185,0,0,0,0,0,0.0,5.547,nan,edge/x86_64,,3.12.3,2026-10-09T18:45:15Z
99,ECDH-P384,classical,,keygen,0.1338,0.0,0.0,0.0,120,185,0,0,0,0,0,0.0,2.0069,nan,edge/x86_64,,3.12.3,2026-10-09T18:45:15Z
99,ECDH-P384,classical,,encapsulate,0.3341,0.0,0.0,0.0,120,185,0,0,0,0,0,0.0,5.012,nan,edge/x86_64,,3.12.3,2026-10-09T18:45:15Z
100,ECDH-P384,classical,,keygen,0.1319,0.0,0.0,0.0,120,185,0,0,0,0,0,0.0,1.9783,nan,edge/x86_64,,3.12.3,2026-10-09T18:45:15Z
100,ECDH-P384,classical,,encapsulate,0.3533,0.0,0.0,0.0,120,185,0,0,0,0,0,0.0,5.2988,nan,edge/x86_64,,3.12.3,2026-10-09T18:45:15Z
101,ECDH-P384,classical,,keygen,0.1345,0.0,0.0,0.0,120,185,0,0,0,0,0,0.0,2.0182,nan,edge/x86_64,,3.12.3,2026-10-09T18:45:15Z
101,ECDH-P384,classical,,encapsulate,0.3342,0.0,0.0,0.0,120,185,0,0,0,0,0,0.0,5.0126,nan,edge/x86_64,,3.12.3,2026-10-09T18:45:15Z
102,ECDH-P384,classical,,keygen,0.1517,0.0,0.0,0.0,120,185,0,0,0,0,0,0.0,2.2752,nan,edge/x86_64,,3.12.3,2026-10-09T18:45:15Z
102,ECDH-P384,classical,,encapsulate,0.3443,0.0,0.0,0.0,120,185,0,0,0,0,0,0.0,5.165,nan,edge/x86_64,,3.12.3,2026-10-09T18:45:15Z
103,ECDH-P384,classical,,keygen,0.1311,0.0,0.0,0.0,120,185,0,0,0,0,0,0.0,1.9669,nan,edge/x86_64,,3.12.3,2026-10-09T18:45:15Z
103,ECDH-P384,classical,,encapsulate,0.3484,0.0,0.0,0.0,120,185,0,0,0,0,0,0.0,5.2256,nan,edge/x86_64,,3.12.3,2026-10-09T18:45:15Z
104,ECDH-P384,classical,,keygen,0.134,0.0,0.0,0.0,120,185,0,0,0,0,0,0.0,2.0097,nan,edge/x86_64,,3.12.3,2026-10-09T18:45:15Z
104,ECDH-P384,classical,,encapsulate,0.333,0.0,0.0,0.0,120,185,0,0,0,0,0,0.0,4.9952,nan,edge/x86_64,,3.12.3,2026-10-09T18:45:15Z
105,ECDH-P384,classical,,keygen,0.1526,0.0,0.0,0.0,120,185,0,0,0,0,0,0.0,2.2887,nan,edge/x86_64,,3.12.3,2026-10-09T18:45:15Z
105,ECDH-P384,classical,,encapsulate,0.3437,0.0,0.0,0.0,120,185,0,0,0,0,0,0.0,5.1554,nan,edge/x86_64,,3.12.3,2026-10-09T18:45:15Z
106,ECDH-P384,classical,,keygen,0.1312,0.0,0.0,0.0,120,185,0,0,0,0,0,0.0,1.9673,nan,edge/x86_64,,3.12.3,2026-10-09T18:45:15Z
106,ECDH-P384,classical,,encapsulate,0.3324,0.0,0.0,0.0,120,185,0,0,0,0,0,0.0,4.9861,nan,edge/x86_64,,3.12.3,2026-10-09T18:45:15Z
107,ECDH-P384,classical,,keygen,0.1298,0.0,0.0,0.0,120,185,0,0,0,0,0,0.0,1.9469,nan,edge/x86_64,,3.12.3,2026-10-09T18:45:15Z
107,ECDH-P384,classical,,encapsulate,0.3348,0.0,0.0,0.0,120,185,0,0,0,0,0,0.0,5.0226,nan,edge/x86_64,,3.12.3,2026-10-09T18:45:15Z
108,ECDH-P384,classical,,keygen,0.1317,0.0,0.0,0.0,120,185,0,0,0,0,0,0.0,1.9761,nan,edge/x86_64,,3.12.3,2026-10-09T18:45:15Z
108,ECDH-P384,classical,,encapsulate,0.3442,0.0,0.0,0.0,120,185,0,0,0,0,0,0.0,5.163,nan,edge/x86_64,,3.12.3,2026-10-09T18:45:15Z
109,ECDH-P384,classical,,keygen,0.1318,0.0,0.0,0.0,120,185,0,0,0,0,0,0.0,1.9773,nan,edge/x86_64,,3.12.3,2026-10-09T18:45:15Z
109,ECDH-P384,classical,,encapsulate,0.3775,0.0,0.0,0.0,120,185,0,0,0,0,0,0.0,5.6629,nan,edge/x86_64,,3.12.3,2026-10-09T18:45:15Z
110,ECDH-P384,classical,,keygen,0.1469,0.0,0.0,0.0,120,185,0,0,0,0,0,0.0,2.2037,nan,edge/x86_64,,3.12.3,2026-10-09T18:45:15Z
110,ECDH-P384,classical,,encapsulate,0.3527,0.0,0.0,0.0,120,185,0,0,0,0,0,0.0,5.291,nan,edge/x86_64,,3.12.3,2026-10-09T18:45:15Z
111,ECDH-P384,classical,,keygen,0.1346,0.0,0.0,0.0,120,185,0,0,0,0,0,0.0,2.0184,nan,edge/x86_64,,3.12.3,2026-10-09T18:45:15Z
111,ECDH-P384,classical,,encapsulate,0.3452,0.0,0.0,0.0,120,185,0,0,0,0,0,0.0,5.178,nan,edge/x86_64,,3.12.3,2026-10-09T18:45:15Z
112,ECDH-P384,classical,,keygen,0.1311,0.0,0.0,0.0,120,185,0,0,0,0,0,0.0,1.9658,nan,edge/x86_64,,3.12.3,2026-10-09T18:45:15Z
112,ECDH-P384,classical,,encapsulate,0.335,0.0,0.0,0.0,120,185,0,0,0,0,0,0.0,5.0247,nan,edge/x86_64,,3.12.3,2026-10-09T18:45:15Z
113,ECDH-P384,classical,,keygen,0.1456,0.0,0.0,0.0,120,185,0,0,0,0,0,0.0,2.1846,nan,edge/x86_64,,3.12.3,2026-10-09T18:45:15Z
113,ECDH-P384,classical,,encapsulate,0.3506,0.0,0.0,0.0,120,185,0,0,0,0,0,0.0,5.2584,nan,edge/x86_64,,3.12.3,2026-10-09T18:45:15Z
114,ECDH-P384,classical,,keygen,0.1346,0.0,0.0,0.0,120,185,0,0,0,0,0,0.0,2.0196,nan,edge/x86_64,,3.12.3,2026-10-09T18:45:15Z
114,ECDH-P384,classical,,encapsulate,0.333,0.0,0.0,0.0,120,185,0,0,0,0,0,0.0,4.9948,nan,edge/x86_64,,3.12.3,2026-10-09T18:45:15Z
115,ECDH-P384,classical,,keygen,0.1308,0.0,0.0,0.0,120,185,0,0,0,0,0,0.0,1.9613,nan,edge/x86_64,,3.12.3,2026-10-09T18:45:15Z
115,ECDH-P384,classical,,encapsulate,0.3457,0.0,0.0,0.0,120,185,0,0,0,0,0,0.0,5.186,nan,edge/x86_64,,3.12.3,2026-10-09T18:45:15Z
116,ECDH-P384,classical,,keygen,0.1338,0.0,0.0,0.0,120,185,0,0,0,0,0,0.0,2.0066,nan,edge/x86_64,,3.12.3,2026-10-09T18:45:15Z
116,ECDH-P384,classical,,encapsulate,0.3504,0.0,0.0,0.0,120,185,0,0,0,0,0,0.0,5.2566,nan,edge/x86_64,,3.12.3,2026-10-09T18:45:15Z
117,ECDH-P384,classical,,keygen,0.1352,0.0,0.0,0.0,120,185,0,0,0,0,0,0.0,2.0282,nan,edge/x86_64,,3.12.3,2026-10-09T18:45:15Z
117,ECDH-P384,classical,,encapsulate,0.3338,0.0,0.0,0.0,120,185,0,0,0,0,0,0.0,5.007,nan,edge/x86_64,,3.12.3,2026-10-09T18:45:15Z
118,ECDH-P384,classical,,keygen,0.1304,0.0,0.0,0.0,120,185,0,0,0,0,0,0.0,1.9564,nan,edge/x86_64,,3.12.3,2026-10-09T18:45:15Z
118,ECDH-P384,classical,,encapsulate,0.3592,0.0,0.0,0.0,120,185,0,0,0,0,0,0.0,5.3885,nan,edge/x86_64,,3.12.3,2026-10-09T18:45:15Z
119,ECDH-P384,classical,,keygen,0.1341,0.0,0.0,0.0,120,185,0,0,0,0,0,0.0,2.0116,nan,edge/x86_64,,3.12.3,2026-10-09T18:45:15Z
119,ECDH-P384,classical,,encapsulate,0.3682,0.0,0.0,0.0,120,185,0,0,0,0,0,0.0,5.5223,nan,edge/x86_64,,3.12.3,2026-10-09T18:45:15Z
120,ECDH-P384,classical,,keygen,0.1518,0.0,0.0,0.0,120,185,0,0,0,0,0,0.0,2.2769,nan,edge/x86_64,,3.12.3,2026-10-09T18:45:15Z
120,ECDH-P384,classical,,encapsulate,0.3344,0.0,0.0,0.0,120,185,0,0,0,0,0,0.0,5.0155,nan,edge/x86_64,,3.12.3,2026-10-09T18:45:15Z
121,ECDH-P384,classical,,keygen,0.3744,0.0,0.0,0.0,120,185,0,0,0,0,0,0.0,5.6161,nan,edge/x86_64,,3.12.3,2026-10-09T18:45:15Z
121,ECDH-P384,classical,,encapsulate,0.6615,0.0,0.0,0.0,120,185,0,0,0,0,0,0.0,9.9221,nan,edge/x86_64,,3.12.3,2026-10-09T18:45:15Z
122,ECDH-P384,classical,,keygen,0.2536,0.0,0.0,0.0,120,185,0,0,0,0,0,0.0,3.8034,nan,edge/x86_64,,3.12.3,2026-10-09T18:45:15Z
122,ECDH-P384,classical,,encapsulate,0.6632,0.0,0.0,0.0,120,185,0,0,0,0,0,0.0,9.9476,nan,edge/x86_64,,3.12.3,2026-10-09T18:45:15Z
123,ECDH-P384,classical,,keygen,0.2481,0.0,0.0,0.0,120,185,0,0,0,0,0,0.0,3.722,nan,edge/x86_64,,3.12.3,2026-10-09T18:45:15Z
123,ECDH-P384,classical,,encapsulate,0.6698,0.0,0.0,0.0,120,185,0,0,0,0,0,0.0,10.0474,nan,edge/x86_64,,3.12.3,2026-10-09T18:45:15Z
124,ECDH-P384,classical,,keygen,0.2621,0.0,0.0,0.0,120,185,0,0,0,0,0,0.0,3.9322,nan,edge/x86_64,,3.12.3,2026-10-09T18:45:15Z
124,ECDH-P384,classical,,encapsulate,0.6332,0.0,0.0,0.0,120,185,0,0,0,0,0,0.0,9.4984,nan,edge/x86_64,,3.12.3,2026-10-09T18:45:15Z
125,ECDH-P384,classical,,keygen,0.2509,0.0,0.0,0.0,120,185,0,0,0,0,0,0.0,3.7641,nan,edge/x86_64,,3.12.3,2026-10-09T18:45:15Z
125,ECDH-P384,classical,,encapsulate,0.7328,0.0,0.0,0.0,120,185,0,0,0,0,0,0.0,10.9915,nan,edge/x86_64,,3.12.3,2026-10-09T18:45:15Z
126,ECDH-P384,classical,,keygen,0.2592,0.0,0.0,0.0,120,185,0,0,0,0,0,0.0,3.8879,nan,edge/x86_64,,3.12.3,2026-10-09T18:45:15Z
126,ECDH-P384,classical,,encapsulate,0.6793,0.0,0.0,0.0,120,185,0,0,0,0,0,0.0,10.1902,nan,edge/x86_64,,3.12.3,2026-10-09T18:45:15Z
127,ECDH-P384,classical,,keygen,0.2768,0.0,0.0,0.0,120,185,0,0,0,0,0,0.0,4.1517,nan,edge/x86_64,,3.12.3,2026-10-09T18:45:15Z
127,ECDH-P384,classical,,encapsulate,0.6423,0.0,0.0,0.0,120,185,0,0,0,0,0,0.0,9.6343,nan,edge/x86_64,,3.12.3,2026-10-09T18:45:15Z
128,ECDH-P384,classical,,keygen,0.2548,0.0,0.0,0.0,120,185,0,0,0,0,0,0.0,3.8219,nan,edge/x86_64,,3.12.3,2026-10-09T18:45:15Z
128,ECDH-P384,classical,,encapsulate,0.6464,0.0,0.0,0.0,120,185,0,0,0,0,0,0.0,9.6961,nan,edge/x86_64,,3.12.3,2026-10-09T18:45:15Z
129,ECDH-P384,classical,,keygen,0.2373,0.0,0.0,0.0,120,185,0,0,0,0,0,0.0,3.5593,nan,edge/x86_64,,3.12.3,2026-10-09T18:45:15Z
129,ECDH-P384,classical,,encapsulate,0.6692,0.0,0.0,0.0,120,185,0,0,0,0,0,0.0,10.0374,nan,edge/x86_64,,3.12.3,2026-10-09T18:45:15Z
130,ECDH-P384,classical,,keygen,0.276,0.0,0.0,0.0,120,185,0,0,0,0,0,0.0,4.14,nan,edge/x86_64,,3.12.3,2026-10-09T18:45:15Z
130,ECDH-P384,classical,,encapsulate,0.6403,0.0,0.0,0.0,120,185,0,0,0,0,0,0.0,9.6041,nan,edge/x86_64,,3.12.3,2026-10-09T18:45:15Z
131,ECDH-P384,classical,,keygen,0.2582,0.0,0.0,0.0,120,185,0,0,0,0,0,0.0,3.8729,nan,edge/x86_64,,3.12.3,2026-10-09T18:45:15Z
131,ECDH-P384,classical,,encapsulate,0.6582,0.0,0.0,0.0,120,185,0,0,0,0,0,0.0,9.8732,nan,edge/x86_64,,3.12.3,2026-10-09T18:45:15Z
132,ECDH-P384,classical,,keygen,0.2563,0.0,0.0,0.0,120,185,0,0,0,0,0,0.0,3.8444,nan,edge/x86_64,,3.12.3,2026-10-09T18:45:15Z
132,ECDH-P384,classical,,encapsulate,0.6651,0.0,0.0,0.0,120,185,0,0,0,0,0,0.0,9.9761,nan,edge/x86_64,,3.12.3,2026-10-09T18:45:15Z
133,ECDH-P384,classical,,keygen,0.3779,0.0,0.0,0.0,120,185,0,0,0,0,0,0.0,5.6692,nan,edge/x86_64,,3.12.3,2026-10-09T18:45:15Z
133,ECDH-P384,classical,,encapsulate,0.6684,0.0,0.0,0.0,120,185,0,0,0,0,0,0.0,10.0267,nan,edge/x86_64,,3.12.3,2026-10-09T18:45:15Z
134,ECDH-P384,classical,,keygen,0.2801,0.0,0.0,0.0,120,185,0,0,0,0,0,0.0,4.202,nan,edge/x86_64,,3.12.3,2026-10-09T18:45:15Z
134,ECDH-P384,classical,,encapsulate,0.6315,0.0,0.0,0.0,120,185,0,0,0,0,0,0.0,9.473,nan,edge/x86_64,,3.12.3,2026-10-09T18:45:15Z
135,ECDH-P384,classical,,keygen,0.2591,0.0,0.0,0.0,120,185,0,0,0,0,0,0.0,3.8862,nan,edge/x86_64,,3.12.3,2026-10-09T18:45:15Z
135,ECDH-P384,classical,,encapsulate,0.6865,0.0,0.0,0.0,120,185,0,0,0,0,0,0.0,10.2978,nan,edge/x86_64,,3.12.3,2026-10-09T18:45:15Z
136,ECDH-P384,classical,,keygen,0.2676,0.0,0.0,0.0,120,185,0,0,0,0,0,0.0,4.0136,nan,edge/x86_64,,3.12.3,2026-10-09T18:45:15Z
136,ECDH-P384,classical,,encapsulate,0.6336,0.0,0.0,0.0,120,185,0,0,0,0,0,0.0,9.5043,nan,edge/x86_64,,3.12.3,2026-10-09T18:45:15Z
137,ECDH-P384,classical,,keygen,0.2493,0.0,0.0,0.0,120,185,0,0,0,0,0,0.0,3.7388,nan,edge/x86_64,,3.12.3,2026-10-09T18:45:15Z
137,ECDH-P384,classical,,encapsulate,0.6551,0.0,0.0,0.0,120,185,0,0,0,0,0,0.0,9.826,nan,edge/x86_64,,3.12.3,2026-10-09T18:45:15Z
138,ECDH-P384,classical,,keygen,0.2515,0.0,0.0,0.0,120,185,0,0,0,0,0,0.0,3.7729,nan,edge/x86_64,,3.12.3,2026-10-09T18:45:15Z
138,ECDH-P384,classical,,encapsulate,0.6505,0.0,0.0,0.0,120,185,0,0,0,0,0,0.0,9.7575,nan,edge/x86_64,,3.12.3,2026-10-09T18:45:15Z
139,ECDH-P384,classical,,keygen,0.2514,0.0,0.0,0.0,120,185,0,0,0,0,0,0.0,3.7708,nan,edge/x86_64,,3.12.3,2026-10-09T18:45:15Z
139,ECDH-P384,classical,,encapsulate,0.6366,0.0,0.0,0.0,120,185,0,0,0,0,0,0.0,9.5489,nan,edge/x86_64,,3.12.3,2026-10-09T18:45:15Z
140,ECDH-P384,classical,,keygen,0.2548,0.0,0.0,0.0,120,185,0,0,0,0,0,0.0,3.8224,nan,edge/x86_64,,3.12.3,2026-10-09T18:45:15Z
140,ECDH-P384,classical,,encapsulate,0.6346,0.0,0.0,0.0,120,185,0,0,0,0,0,0.0,9.5189,nan,edge/x86_64,,3.12.3,2026-10-09T18:45:15Z
141,ECDH-P384,classical,,keygen,0.2483,0.0,0.0,0.0,120,185,0,0,0,0,0,0.0,3.7251,nan,edge/x86_64,,3.12.3,2026-10-09T18:45:15Z
141,ECDH-P384,classical,,encapsulate,0.6723,0.0,0.0,0.0,120,185,0,0,0,0,0,0.0,10.0842,nan,edge/x86_64,,3.12.3,2026-10-09T18:45:15Z
142,ECDH-P384,classical,,keygen,0.248,0.0,0.0,0.0,120,185,0,0,0,0,0,0.0,3.7198,nan,edge/x86_64,,3.12.3,2026-10-09T18:45:15Z
142,ECDH-P384,classical,,encapsulate,0.6504,0.0,0.0,0.0,120,185,0,0,0,0,0,0.0,9.7567,nan,edge/x86_64,,3.12.3,2026-10-09T18:45:15Z
143,ECDH-P384,classical,,keygen,0.2585,0.0,0.0,0.0,120,185,0,0,0,0,0,0.0,3.8775,nan,edge/x86_64,,3.12.3,2026-10-09T18:45:15Z
143,ECDH-P384,classical,,encapsulate,0.6579,0.0,0.0,0.0,120,185,0,0,0,0,0,0.0,9.868,nan,edge/x86_64,,3.12.3,2026-10-09T18:45:15Z
144,ECDH-P384,classical,,keygen,0.2491,0.0,0.0,0.0,120,185,0,0,0,0,0,0.0,3.7363,nan,edge/x86_64,,3.12.3,2026-10-09T18:45:15Z
144,ECDH-P384,classical,,encapsulate,0.6589,0.0,0.0,0.0,120,185,0,0,0,0,0,0.0,9.8828,nan,edge/x86_64,,3.12.3,2026-10-09T18:45:15Z
145,ECDH-P384,classical,,keygen,0.2565,0.0,0.0,0.0,120,185,0,0,0,0,0,0.0,3.8476,nan,edge/x86_64,,3.12.3,2026-10-09T18:45:15Z
145,ECDH-P384,classical,,encapsulate,0.538,0.0,0.0,0.0,120,185,0,0,0,0,0,0.0,8.07,nan,edge/x86_64,,3.12.3,2026-10-09T18:45:15Z
146,ECDH-P384,classical,,keygen,0.291,0.0,0.0,0.0,120,185,0,0,0,0,0,0.0,4.3655,nan,edge/x86_64,,3.12.3,2026-10-09T18:45:15Z
146,ECDH-P384,classical,,encapsulate,0.7075,0.0,0.0,0.0,120,185,0,0,0,0,0,0.0,10.6131,nan,edge/x86_64,,3.12.3,2026-10-09T18:45:15Z
147,ECDH-P384,classical,,keygen,0.2617,0.0,0.0,0.0,120,185,0,0,0,0,0,0.0,3.925,nan,edge/x86_64,,3.12.3,2026-10-09T18:45:15Z
147,ECDH-P384,classical,,encapsulate,0.6744,0.0,0.0,0.0,120,185,0,0,0,0,0,0.0,10.1167,nan,edge/x86_64,,3.12.3,2026-10-09T18:45:15Z
148,ECDH-P384,classical,,keygen,0.2698,0.0,0.0,0.0,120,185,0,0,0,0,0,0.0,4.0473,nan,edge/x86_64,,3.12.3,2026-10-09T18:45:15Z
148,ECDH-P384,classical,,encapsulate,0.6655,0.0,0.0,0.0,120,185,0,0,0,0,0,0.0,9.9822,nan,edge/x86_64,,3.12.3,2026-10-09T18:45:15Z
149,ECDH-P384,classical,,keygen,0.2638,0.0,0.0,0.0,120,185,0,0,0,0,0,0.0,3.9573,nan,edge/x86_64,,3.12.3,2026-10-09T18:45:15Z
149,ECDH-P384,classical,,encapsulate,0.6393,0.0,0.0,0.0,120,185,0,0,0,0,0,0.0,9.59,nan,edge/x86_64,,3.12.3,2026-10-09T18:45:15Z
150,ECDH-P384,classical,,keygen,0.2466,0.0,0.0,0.0,120,185,0,0,0,0,0,0.0,3.6994,nan,edge/x86_64,,3.12.3,2026-10-09T18:45:15Z
150,ECDH-P384,classical,,encapsulate,0.6476,0.0,0.0,0.0,120,185,0,0,0,0,0,0.0,9.7134,nan,edge/x86_64,,3.12.3,2026-10-09T18:45:15Z
151,ECDH-P384,classical,,keygen,0.2638,0.0,0.0,0.0,120,185,0,0,0,0,0,0.0,3.9566,nan,edge/x86_64,,3.12.3,2026-10-09T18:45:15Z
151,ECDH-P384,classical,,encapsulate,0.6368,0.0,0.0,0.0,120,185,0,0,0,0,0,0.0,9.5513,nan,edge/x86_64,,3.12.3,2026-10-09T18:45:15Z
152,ECDH-P384,classical,,keygen,0.2526,0.0,0.0,0.0,120,185,0,0,0,0,0,0.0,3.7884,nan,edge/x86_64,,3.12.3,2026-10-09T18:45:15Z
152,ECDH-P384,classical,,encapsulate,0.6017,0.0,0.0,0.0,120,185,0,0,0,0,0,0.0,9.026,nan,edge/x86_64,,3.12.3,2026-10-09T18:45:15Z
153,ECDH-P384,classical,,keygen,0.2611,0.0,0.0,0.0,120,185,0,0,0,0,0,0.0,3.9168,nan,edge/x86_64,,3.12.3,2026-10-09T18:45:15Z
153,ECDH-P384,classical,,encapsulate,0.6259,0.0,0.0,0.0,120,185,0,0,0,0,0,0.0,9.3889,nan,edge/x86_64,,3.12.3,2026-10-09T18:45:15Z
154,ECDH-P384,classical,,keygen,0.375,0.0,0.0,0.0,120,185,0,0,0,0,0,0.0,5.6247,nan,edge/x86_64,,3.12.3,2026-10-09T18:45:15Z
154,ECDH-P384,classical,,encapsulate,0.7397,0.0,0.0,0.0,120,185,0,0,0,0,0,0.0,11.0961,nan,edge/x86_64,,3.12.3,2026-10-09T18:45:15Z
155,ECDH-P384,classical,,keygen,0.2746,0.0,0.0,0.0,120,185,0,0,0,0,0,0.0,4.1187,nan,edge/x86_64,,3.12.3,2026-10-09T18:45:15Z
155,ECDH-P384,classical,,encapsulate,0.6406,0.0,0.0,0.0,120,185,0,0,0,0,0,0.0,9.6083,nan,edge/x86_64,,3.12.3,2026-10-09T18:45:15Z
156,ECDH-P384,classical,,keygen,0.2436,0.0,0.0,0.0,120,185,0,0,0,0,0,0.0,3.6546,nan,edge/x86_64,,3.12.3,2026-10-09T18:45:15Z
156,ECDH-P384,classical,,encapsulate,0.7045,0.0,0.0,0.0,120,185,0,0,0,0,0,0.0,10.567,nan,edge/x86_64,,3.12.3,2026-10-09T18:45:15Z
157,ECDH-P384,classical,,keygen,0.248,0.0,0.0,0.0,120,185,0,0,0,0,0,0.0,3.7203,nan,edge/x86_64,,3.12.3,2026-10-09T18:45:15Z
157,ECDH-P384,classical,,encapsulate,0.645,0.0,0.0,0.0,120,185,0,0,0,0,0,0.0,9.675,nan,edge/x86_64,,3.12.3,2026-10-09T18:45:15Z
158,ECDH-P384,classical,,keygen,0.2768,0.0,0.0,0.0,120,185,0,0,0,0,0,0.0,4.1517,nan,edge/x86_64,,3.12.3,2026-10-09T18:45:15Z
158,ECDH-P384,classical,,encapsulate,0.6558,0.0,0.0,0.0,120,185,0,0,0,0,0,0.0,9.8377,nan,edge/x86_64,,3.12.3,2026-10-09T18:45:15Z
159,ECDH-P384,classical,,keygen,0.262,0.0,0.0,0.0,120,185,0,0,0,0,0,0.0,3.9306,nan,edge/x86_64,,3.12.3,2026-10-09T18:45:15Z
159,ECDH-P384,classical,,encapsulate,0.6904,0.0,0.0,0.0,120,185,0,0,0,0,0,0.0,10.3565,nan,edge/x86_64,,3.12.3,2026-10-09T18:45:15Z
160,ECDH-P384,classical,,keygen,0.2648,0.0,0.0,0.0,120,185,0,0,0,0,0,0.0,3.9718,nan,edge/x86_64,,3.12.3,2026-10-09T18:45:15Z
160,ECDH-P384,classical,,encapsulate,0.6926,0.0,0.0,0.0,120,185,0,0,0,0,0,0.0,10.3884,nan,edge/x86_64,,3.12.3,2026-10-09T18:45:15Z
161,ECDH-P384,classical,,keygen,0.2848,0.0,0.0,0.0,120,185,0,0,0,0,0,0.0,4.2716,nan,edge/x86_64,,3.12.3,2026-10-09T18:45:15Z
161,ECDH-P384,classical,,encapsulate,0.632,0.0,0.0,0.0,120,185,0,0,0,0,0,0.0,9.4793,nan,edge/x86_64,,3.12.3,2026-10-09T18:45:15Z
162,ECDH-P384,classical,,keygen,0.2505,0.0,0.0,0.0,120,185,0,0,0,0,0,0.0,3.7576,nan,edge/x86_64,,3.12.3,2026-10-09T18:45:15Z
162,ECDH-P384,classical,,encapsulate,0.715,0.0,0.0,0.0,120,185,0,0,0,0,0,0.0,10.7245,nan,edge/x86_64,,3.12.3,2026-10-09T18:45:15Z
163,ECDH-P384,classical,,keygen,0.2126,0.0,0.0,0.0,120,185,0,0,0,0,0,0.0,3.1894,nan,edge/x86_64,,3.12.3,2026-10-09T18:45:15Z
163,ECDH-P384,classical,,encapsulate,0.6567,0.0,0.0,0.0,120,185,0,0,0,0,0,0.0,9.8506,nan,edge/x86_64,,3.12.3,2026-10-09T18:45:15Z
164,ECDH-P384,classical,,keygen,0.3097,0.0,0.0,0.0,120,185,0,0,0,0,0,0.0,4.6459,nan,edge/x86_64,,3.12.3,2026-10-09T18:45:15Z
164,ECDH-P384,classical,,encapsulate,0.6374,0.0,0.0,0.0,120,185,0,0,0,0,0,0.0,9.5615,nan,edge/x86_64,,3.12.3,2026-10-09T18:45:15Z
165,ECDH-P384,classical,,keygen,0.2355,0.0,0.0,0.0,120,185,0,0,0,0,0,0.0,3.5319,nan,edge/x86_64,,3.12.3,2026-10-09T18:45:15Z
165,ECDH-P384,classical,,encapsulate,0.5997,0.0,0.0,0.0,120,185,0,0,0,0,0,0.0,8.9948,nan,edge/x86_64,,3.12.3,2026-10-09T18:45:15Z
166,ECDH-P384,classical,,keygen,0.2575,0.0,0.0,0.0,120,185,0,0,0,0,0,0.0,3.8619,nan,edge/x86_64,,3.12.3,2026-10-09T18:45:15Z
166,ECDH-P384,classical,,encapsulate,0.6335,0.0,0.0,0.0,120,185,0,0,0,0,0,0.0,9.5025,nan,edge/x86_64,,3.12.3,2026-10-09T18:45:15Z
167,ECDH-P384,classical,,keygen,0.291,0.0,0.0,0.0,120,185,0,0,0,0,0,0.0,4.365,nan,edge/x86_64,,3.12.3,2026-10-09T18:45:15Z
167,ECDH-P384,classical,,encapsulate,0.5916,0.0,0.0,0.0,120,185,0,0,0,0,0,0.0,8.8747,nan,edge/x86_64,,3.12.3,2026-10-09T18:45:15Z
168,ECDH-P384,classical,,keygen,0.2368,0.0,0.0,0.0,120,185,0,0,0,0,0,0.0,3.552,nan,edge/x86_64,,3.12.3,2026-10-09T18:45:15Z
168,ECDH-P384,classical,,encapsulate,0.6323,0.0,0.0,0.0,120,185,0,0,0,0,0,0.0,9.4846,nan,edge/x86_64,,3.12.3,2026-10-09T18:45:15Z
169,ECDH-P384,classical,,keygen,0.2484,0.0,0.0,0.0,120,185,0,0,0,0,0,0.0,3.7262,nan,edge/x86_64,,3.12.3,2026-10-09T18:45:15Z
169,ECDH-P384,classical,,encapsulate,0.5935,0.0,0.0,0.0,120,185,0,0,0,0,0,0.0,8.9031,nan,edge/x86_64,,3.12.3,2026-10-09T18:45:15Z
170,ECDH-P384,classical,,keygen,0.281,0.0,0.0,0.0,120,185,0,0,0,0,0,0.0,4.2156,nan,edge/x86_64,,3.12.3,2026-10-09T18:45:15Z
170,ECDH-P384,classical,,encapsulate,0.6181,0.0,0.0,0.0,120,185,0,0,0,0,0,0.0,9.2709,nan,edge/x86_64,,3.12.3,2026-10-09T18:45:15Z
171,ECDH-P384,classical,,keygen,0.2545,0.0,0.0,0.0,120,185,0,0,0,0,0,0.0,3.8177,nan,edge/x86_64,,3.12.3,2026-10-09T18:45:15Z
171,ECDH-P384,classical,,encapsulate,0.658,0.0,0.0,0.0,120,185,0,0,0,0,0,0.0,9.8693,nan,edge/x86_64,,3.12.3,2026-10-09T18:45:15Z
172,ECDH-P384,classical,,keygen,0.2521,0.0,0.0,0.0,120,185,0,0,0,0,0,0.0,3.7808,nan,edge/x86_64,,3.12.3,2026-10-09T18:45:15Z
172,ECDH-P384,classical,,encapsulate,0.6014,0.0,0.0,0.0,120,185,0,0,0,0,0,0.0,9.0213,nan,edge/x86_64,,3.12.3,2026-10-09T18:45:15Z
173,ECDH-P384,classical,,keygen,0.2311,0.0,0.0,0.0,120,185,0,0,0,0,0,0.0,3.4663,nan,edge/x86_64,,3.12.3,2026-10-09T18:45:15Z
173,ECDH-P384,classical,,encapsulate,0.5201,0.0,0.0,0.0,120,185,0,0,0,0,0,0.0,7.8011,nan,edge/x86_64,,3.12.3,2026-10-09T18:45:15Z
174,ECDH-P384,classical,,keygen,0.2409,0.0,0.0,0.0,120,185,0,0,0,0,0,0.0,3.6136,nan,edge/x86_64,,3.12.3,2026-10-09T18:45:15Z
174,ECDH-P384,classical,,encapsulate,0.6061,0.0,0.0,0.0,120,185,0,0,0,0,0,0.0,9.0913,nan,edge/x86_64,,3.12.3,2026-10-09T18:45:15Z
175,ECDH-P384,classical,,keygen,0.2842,0.0,0.0,0.0,120,185,0,0,0,0,0,0.0,4.2629,nan,edge/x86_64,,3.12.3,2026-10-09T18:45:15Z
175,ECDH-P384,classical,,encapsulate,0.6455,0.0,0.0,0.0,120,185,0,0,0,0,0,0.0,9.682,nan,edge/x86_64,,3.12.3,2026-10-09T18:45:15Z
176,ECDH-P384,classical,,keygen,0.2473,0.0,0.0,0.0,120,185,0,0,0,0,0,0.0,3.71,nan,edge/x86_64,,3.12.3,2026-10-09T18:45:15Z
176,ECDH-P384,classical,,encapsulate,0.617,0.0,0.0,0.0,120,185,0,0,0,0,0,0.0,9.2543,nan,edge/x86_64,,3.12.3,2026-10-09T18:45:15Z
177,ECDH-P384,classical,,keygen,0.2447,0.0,0.0,0.0,120,185,0,0,0,0,0,0.0,3.6705,nan,edge/x86_64,,3.12.3,2026-10-09T18:45:15Z
177,ECDH-P384,classical,,encapsulate,0.5833,0.0,0.0,0.0,120,185,0,0,0,0,0,0.0,8.7497,nan,edge/x86_64,,3.12.3,2026-10-09T18:45:15Z
178,ECDH-P384,classical,,keygen,0.2464,0.0,0.0,0.0,120,185,0,0,0,0,0,0.0,3.696,nan,edge/x86_64,,3.12.3,2026-10-09T18:45:15Z
178,ECDH-P384,classical,,encapsulate,0.5208,0.0,0.0,0.0,120,185,0,0,0,0,0,0.0,7.8123,nan,edge/x86_64,,3.12.3,2026-10-09T18:45:15Z
179,ECDH-P384,classical,,keygen,0.3327,0.0,0.0,0.0,120,185,0,0,0,0,0,0.0,4.991,nan,edge/x86_64,,3.12.3,2026-10-09T18:45:15Z
179,ECDH-P384,classical,,encapsulate,0.6978,0.0,0.0,0.0,120,185,0,0,0,0,0,0.0,10.4675,nan,edge/x86_64,,3.12.3,2026-10-09T18:45:15Z
180,ECDH-P384,classical,,keygen,0.238,0.0,0.0,0.0,120,185,0,0,0,0,0,0.0,3.5704,nan,edge/x86_64,,3.12.3,2026-10-09T18:45:15Z
180,ECDH-P384,classical,,encapsulate,0.5797,0.0,0.0,0.0,120,185,0,0,0,0,0,0.0,8.6953,nan,edge/x86_64,,3.12.3,2026-10-09T18:45:15Z
181,ECDH-P384,classical,,keygen,0.1942,0.0,0.0,0.0,120,185,0,0,0,0,0,0.0,2.913,nan,edge/x86_64,,3.12.3,2026-10-09T18:45:15Z
181,ECDH-P384,classical,,encapsulate,0.7433,0.0,0.0,0.0,120,185,0,0,0,0,0,0.0,11.1489,nan,edge/x86_64,,3.12.3,2026-10-09T18:45:15Z
182,ECDH-P384,classical,,keygen,0.3086,0.0,0.0,0.0,120,185,0,0,0,0,0,0.0,4.6286,nan,edge/x86_64,,3.12.3,2026-10-09T18:45:15Z
182,ECDH-P384,classical,,encapsulate,0.7038,0.0,0.0,0.0,120,185,0,0,0,0,0,0.0,10.5577,nan,edge/x86_64,,3.12.3,2026-10-09T18:45:15Z
183,ECDH-P384,classical,,keygen,0.2669,0.0,0.0,0.0,120,185,0,0,0,0,0,0.0,4.0028,nan,edge/x86_64,,3.12.3,2026-10-09T18:45:15Z
183,ECDH-P384,classical,,encapsulate,0.6048,0.0,0.0,0.0,120,185,0,0,0,0,0,0.0,9.0719,nan,edge/x86_64,,3.12.3,2026-10-09T18:45:15Z
184,ECDH-P384,classical,,keygen,0.2302,0.0,0.0,0.0,120,185,0,0,0,0,0,0.0,3.4531,nan,edge/x86_64,,3.12.3,2026-10-09T18:45:15Z
184,ECDH-P384,classical,,encapsulate,0.6635,0.0,0.0,0.0,120,185,0,0,0,0,0,0.0,9.9523,nan,edge/x86_64,,3.12.3,2026-10-09T18:45:15Z
185,ECDH-P384,classical,,keygen,0.2409,0.0,0.0,0.0,120,185,0,0,0,0,0,0.0,3.6134,nan,edge/x86_64,,3.12.3,2026-10-09T18:45:15Z
185,ECDH-P384,classical,,encapsulate,0.6564,0.0,0.0,0.0,120,185,0,0,0,0,0,0.0,9.8458,nan,edge/x86_64,,3.12.3,2026-10-09T18:45:15Z
186,ECDH-P384,classical,,keygen,0.2509,0.0,0.0,0.0,120,185,0,0,0,0,0,0.0,3.7631,nan,edge/x86_64,,3.12.3,2026-10-09T18:45:15Z
186,ECDH-P384,classical,,encapsulate,0.6322,0.0,0.0,0.0,120,185,0,0,0,0,0,0.0,9.4837,nan,edge/x86_64,,3.12.3,2026-10-09T18:45:15Z
187,ECDH-P384,classical,,keygen,0.2444,0.0,0.0,0.0,120,185,0,0,0,0,0,0.0,3.6661,nan,edge/x86_64,,3.12.3,2026-10-09T18:45:15Z
187,ECDH-P384,classical,,encapsulate,0.6537,0.0,0.0,0.0,120,185,0,0,0,0,0,0.0,9.8058,nan,edge/x86_64,,3.12.3,2026-10-09T18:45:15Z
188,ECDH-P384,classical,,keygen,0.2563,0.0,0.0,0.0,120,185,0,0,0,0,0,0.0,3.8448,nan,edge/x86_64,,3.12.3,2026-10-09T18:45:15Z
188,ECDH-P384,classical,,encapsulate,0.6588,0.0,0.0,0.0,120,185,0,0,0,0,0,0.0,9.8818,nan,edge/x86_64,,3.12.3,2026-10-09T18:45:15Z
189,ECDH-P384,classical,,keygen,0.2596,0.0,0.0,0.0,120,185,0,0,0,0,0,0.0,3.8941,nan,edge/x86_64,,3.12.3,2026-10-09T18:45:15Z
189,ECDH-P384,classical,,encapsulate,0.6802,0.0,0.0,0.0,120,185,0,0,0,0,0,0.0,10.2023,nan,edge/x86_64,,3.12.3,2026-10-09T18:45:15Z
190,ECDH-P384,classical,,keygen,0.2518,0.0,0.0,0.0,120,185,0,0,0,0,0,0.0,3.7776,nan,edge/x86_64,,3.12.3,2026-10-09T18:45:15Z
190,ECDH-P384,classical,,encapsulate,0.5277,0.0,0.0,0.0,120,185,0,0,0,0,0,0.0,7.916,nan,edge/x86_64,,3.12.3,2026-10-09T18:45:15Z
191,ECDH-P384,classical,,keygen,0.2832,0.0,0.0,0.0,120,185,0,0,0,0,0,0.0,4.2483,nan,edge/x86_64,,3.12.3,2026-10-09T18:45:15Z
191,ECDH-P384,classical,,encapsulate,0.5539,0.0,0.0,0.0,120,185,0,0,0,0,0,0.0,8.3089,nan,edge/x86_64,,3.12.3,2026-10-09T18:45:15Z
192,ECDH-P384,classical,,keygen,0.3109,0.0,0.0,0.0,120,185,0,0,0,0,0,0.0,4.6634,nan,edge/x86_64,,3.12.3,2026-10-09T18:45:15Z
192,ECDH-P384,classical,,encapsulate,0.649,0.0,0.0,0.0,120,185,0,0,0,0,0,0.0,9.7357,nan,edge/x86_64,,3.12.3,2026-10-09T18:45:15Z
193,ECDH-P384,classical,,keygen,0.2486,0.0,0.0,0.0,120,185,0,0,0,0,0,0.0,3.7292,nan,edge/x86_64,,3.12.3,2026-10-09T18:45:15Z
193,ECDH-P384,classical,,encapsulate,0.6223,0.0,0.0,0.0,120,185,0,0,0,0,0,0.0,9.3345,nan,edge/x86_64,,3.12.3,2026-10-09T18:45:15Z
194,ECDH-P384,classical,,keygen,0.3424,0.0,0.0,0.0,120,185,0,0,0,0,0,0.0,5.1361,nan,edge/x86_64,,3.12.3,2026-10-09T18:45:15Z
194,ECDH-P384,classical,,encapsulate,0.6224,0.0,0.0,0.0,120,185,0,0,0,0,0,0.0,9.3363,nan,edge/x86_64,,3.12.3,2026-10-09T18:45:15Z
195,ECDH-P384,classical,,keygen,0.2817,0.0,0.0,0.0,120,185,0,0,0,0,0,0.0,4.2253,nan,edge/x86_64,,3.12.3,2026-10-09T18:45:15Z
195,ECDH-P384,classical,,encapsulate,0.6483,0.0,0.0,0.0,120,185,0,0,0,0,0,0.0,9.7248,nan,edge/x86_64,,3.12.3,2026-10-09T18:45:15Z
196,ECDH-P384,classical,,keygen,0.2108,0.0,0.0,0.0,120,185,0,0,0,0,0,0.0,3.1621,nan,edge/x86_64,,3.12.3,2026-10-09T18:45:15Z
196,ECDH-P384,classical,,encapsulate,0.6706,0.0,0.0,0.0,120,185,0,0,0,0,0,0.0,10.0595,nan,edge/x86_64,,3.12.3,2026-10-09T18:45:15Z
197,ECDH-P384,classical,,keygen,0.2915,0.0,0.0,0.0,120,185,0,0,0,0,0,0.0,4.3723,nan,edge/x86_64,,3.12.3,2026-10-09T18:45:15Z
197,ECDH-P384,classical,,encapsulate,0.6387,0.0,0.0,0.0,120,185,0,0,0,0,0,0.0,9.5805,nan,edge/x86_64,,3.12.3,2026-10-09T18:45:15Z
198,ECDH-P384,classical,,keygen,0.266,0.0,0.0,0.0,120,185,0,0,0,0,0,0.0,3.99,nan,edge/x86_64,,3.12.3,2026-10-09T18:45:15Z
198,ECDH-P384,classical,,encapsulate,0.6796,0.0,0.0,0.0,120,185,0,0,0,0,0,0.0,10.194,nan,edge/x86_64,,3.12.3,2026-10-09T18:45:15Z
199,ECDH-P384,classical,,keygen,0.2658,0.0,0.0,0.0,120,185,0,0,0,0,0,0.0,3.9875,nan,edge/x86_64,,3.12.3,2026-10-09T18:45:15Z
199,ECDH-P384,classical,,encapsulate,0.6384,0.0,0.0,0.0,120,185,0,0,0,0,0,0.0,9.576,nan,edge/x86_64,,3.12.3,2026-10-09T18:45:15Z
0,ECDSA-P256,classical,,keygen,0.0284,0.0,0.0,0.0,91,138,0,0,0,0,0,0.0,0.4254,nan,edge/x86_64,,3.12.3,2026-10-09T18:45:16Z
0,ECDSA-P256,classical,,sign,0.1115,0.0,0.0,0.0,91,138,0,72,512,0,0,0.0,1.6732,nan,edge/x86_64,,3.12.3,2026-10-09T18:45:16Z
0,ECDSA-P256,classical,,verify,0.1324,0.0,0.0,0.0,91,138,0,72,512,0,0,0.0,1.9861,nan,edge/x86_64,,3.12.3,2026-10-09T18:45:16Z
1,ECDSA-P256,classical,,keygen,0.0298,0.0,0.0,0.0,91,138,0,0,0,0,0,0.0,0.4465,nan,edge/x86_64,,3.12.3,2026-10-09T18:45:16Z
1,ECDSA-P256,classical,,sign,0.7328,0.0,0.0,0.0,91,138,0,71,512,0,0,0.0,10.9917,nan,edge/x86_64,,3.12.3,2026-10-09T18:45:16Z
1,ECDSA-P256,classical,,verify,0.1582,0.0,0.0,0.0,91,138,0,71,512,0,0,0.0,2.3732,nan,edge/x86_64,,3.12.3,2026-10-09T18:45:16Z
2,ECDSA-P256,classical,,keygen,0.0307,0.0,0.0,0.0,91,138,0,0,0,0,0,0.0,0.4606,nan,edge/x86_64,,3.12.3,2026-10-09T18:45:16Z
2,ECDSA-P256,classical,,sign,0.0607,0.0,0.0,0.0,91,138,0,72,512,0,0,0.0,0.9099,nan,edge/x86_64,,3.12.3,2026-10-09T18:45:16Z
2,ECDSA-P256,classical,,verify,0.1337,0.0,0.0,0.0,91,138,0,72,512,0,0,0.0,2.0053,nan,edge/x86_64,,3.12.3,2026-10-09T18:45:16Z
3,ECDSA-P256,classical,,keygen,0.0288,0.0,0.0,0.0,91,138,0,0,0,0,0,0.0,0.4327,nan,edge/x86_64,,3.12.3,2026-10-09T18:45:16Z
3,ECDSA-P256,classical,,sign,0.056,0.0,0.0,0.0,91,138,0,71,512,0,0,0.0,0.8401,nan,edge/x86_64,,3.12.3,2026-10-09T18:45:16Z
3,ECDSA-P256,classical,,verify,0.1234,0.0,0.0,0.0,91,138,0,71,512,0,0,0.0,1.8512,nan,edge/x86_64,,3.12.3,2026-10-09T18:45:16Z
4,ECDSA-P256,classical,,keygen,0.0314,0.0,0.0,0.0,91,138,0,0,0,0,0,0.0,0.4716,nan,edge/x86_64,,3.12.3,2026-10-09T18:45:16Z
4,ECDSA-P256,classical,,sign,0.0575,0.0,0.0,0.0,91,138,0,71,512,0,0,0.0,0.8624,nan,edge/x86_64,,3.12.3,2026-10-09T18:45:16Z
4,ECDSA-P256,classical,,verify,0.1265,0.0,0.0,0.0,91,138,0,71,512,0,0,0.0,1.8981,nan,edge/x86_64,,3.12.3,2026-10-09T18:45:16Z
5,ECDSA-P256,classical,,keygen,0.0472,0.0,0.0,0.0,91,138,0,0,0,0,0,0.0,0.7086,nan,edge/x86_64,,3.12.3,2026-10-09T18:45:16Z
5,ECDSA-P256,classical,,sign,0.0575,0.0,0.0,0.0,91,138,0,71,512,0,0,0.0,0.8623,nan,edge/x86_64,,3.12.3,2026-10-09T18:45:16Z
5,ECDSA-P256,classical,,verify,0.1242,0.0,0.0,0.0,91,138,0,71,512,0,0,0.0,1.863,nan,edge/x86_64,,3.12.3,2026-10-09T18:45:16Z
6,ECDSA-P256,classical,,keygen,0.0293,0.0,0.0,0.0,91,138,0,0,0,0,0,0.0,0.4393,nan,edge/x86_64,,3.12.3,2026-10-09T18:45:16Z
6,ECDSA-P256,classical,,sign,0.0576,0.0,0.0,0.0,91,138,0,71,512,0,0,0.0,0.8638,nan,edge/x86_64,,3.12.3,2026-10-09T18:45:16Z
6,ECDSA-P256,classical,,verify,0.1379,0.0,0.0,0.0,91,138,0,71,512,0,0,0.0,2.0688,nan,edge/x86_64,,3.12.3,2026-10-09T18:45:16Z
7,ECDSA-P256,classical,,keygen,0.0323,0.0,0.0,0.0,91,138,0,0,0,0,0,0.0,0.4852,nan,edge/x86_64,,3.12.3,2026-10-09T18:45:16Z
7,ECDSA-P256,classical,,sign,0.057,0.0,0.0,0.0,91,138,0,72,512,0,0,0.0,0.8554,nan,edge/x86_64,,3.12.3,2026-10-09T18:45:16Z
7,ECDSA-P256,classical,,verify,0.1278,0.0,0.0,0.0,91,138,0,72,512,0,0,0.0,1.9166,nan,edge/x86_64,,3.12.3,2026-10-09T18:45:16Z
8,ECDSA-P256,classical,,keygen,0.0284,0.0,0.0,0.0,91,138,0,0,0,0,0,0.0,0.426,nan,edge/x86_64,,3.12.3,2026-10-09T18:45:16Z
8,ECDSA-P256,classical,,sign,0.0659,0.0,0.0,0.0,91,138,0,70,512,0,0,0.0,0.988,nan,edge/x86_64,,3.12.3,2026-10-09T18:45:16Z
8,ECDSA-P256,classical,,verify,0.1787,0.0,0.0,0.0,91,138,0,70,512,0,0,0.0,2.6808,nan,edge/x86_64,,3.12.3,2026-10-09T18:45:16Z
9,ECDSA-P256,classical,,keygen,0.0362,0.0,0.0,0.0,91,138,0,0,0,0,0,0.0,0.5434,nan,edge/x86_64,,3.12.3,2026-10-09T18:45:16Z
9,ECDSA-P256,classical,,sign,0.0611,0.0,0.0,0.0,91,138,0,71,512,0,0,0.0,0.9172,nan,edge/x86_64,,3.12.3,2026-10-09T18:45:16Z
9,ECDSA-P256,classical,,verify,0.1394,0.0,0.0,0.0,91,138,0,71,512,0,0,0.0,2.0906,nan,edge/x86_64,,3.12.3,2026-10-09T18:45:16Z
10,ECDSA-P256,classical,,keygen,0.0297,0.0,0.0,0.0,91,138,0,0,0,0,0,0.0,0.4449,nan,edge/x86_64,,3.12.3,2026-10-09T18:45:16Z
10,ECDSA-P256,classical,,sign,0.0544,0.0,0.0,0.0,91,138,0,71,512,0,0,0.0,0.8165,nan,edge/x86_64,,3.12.3,2026-10-09T18:45:16Z
10,ECDSA-P256,classical,,verify,0.1273,0.0,0.0,0.0,91,138,0,71,512,0,0,0.0,1.9093,nan,edge/x86_64,,3.12.3,2026-10-09T18:45:16Z
11,ECDSA-P256,classical,,keygen,0.0274,0.0,0.0,0.0,91,138,0,0,0,0,0,0.0,0.4112,nan,edge/x86_64,,3.12.3,2026-10-09T18:45:16Z
11,ECDSA-P256,classical,,sign,0.0542,0.0,0.0,0.0,91,138,0,70,512,0,0,0.0,0.813,nan,edge/x86_64,,3.12.3,2026-10-09T18:45:16Z
11,ECDSA-P256,classical,,verify,0.1251,0.0,0.0,0.0,91,138,0,70,512,0,0,0.0,1.8771,nan,edge/x86_64,,3.12.3,2026-10-09T18:45:16Z
12,ECDSA-P256,classical,,keygen,0.028,0.0,0.0,0.0,91,138,0,0,0,0,0,0.0,0.4194,nan,edge/x86_64,,3.12.3,2026-10-09T18:45:16Z
12,ECDSA-P256,classical,,sign,0.0611,0.0,0.0,0.0,91,138,0,72,512,0,0,0.0,0.9159,nan,edge/x86_64,,3.12.3,2026-10-09T18:45:16Z
12,ECDSA-P256,classical,,verify,0.1121,0.0,0.0,0.0,91,138,0,72,512,0,0,0.0,1.6815,nan,edge/x86_64,,3.12.3,2026-10-09T18:45:16Z
13,ECDSA-P256,classical,,keygen,0.0324,0.0,0.0,0.0,91,138,0,0,0,0,0,0.0,0.4866,nan,edge/x86_64,,3.12.3,2026-10-09T18:45:16Z
13,ECDSA-P256,classical,,sign,0.0603,0.0,0.0,0.0,91,138,0,72,512,0,0,0.0,0.9038,nan,edge/x86_64,,3.12.3,2026-10-09T18:45:16Z
13,ECDSA-P256,classical,,verify,0.1865,0.0,0.0,0.0,91,138,0,72,512,0,0,0.0,2.7968,nan,edge/x86_64,,3.12.3,2026-10-09T18:45:16Z
14,ECDSA-P256,classical,,keygen,0.0341,0.0,0.0,0.0,91,138,0,0,0,0,0,0.0,0.5109,nan,edge/x86_64,,3.12.3,2026-10-09T18:45:16Z
14,ECDSA-P256,classical,,sign,0.0585,0.0,0.0,0.0,91,138,0,71,512,0,0,0.0,0.8769,nan,edge/x86_64,,3.12.3,2026-10-09T18:45:16Z
14,ECDSA-P256,classical,,verify,0.1281,0.0,0.0,0.0,91,138,0,71,512,0,0,0.0,1.9221,nan,edge/x86_64,,3.12.3,2026-10-09T18:45:16Z
15,ECDSA-P256,classical,,keygen,0.0292,0.0,0.0,0.0,91,138,0,0,0,0,0,0.0,0.4379,nan,edge/x86_64,,3.12.3,2026-10-09T18:45:16Z
15,ECDSA-P256,classical,,sign,0.0647,0.0,0.0,0.0,91,138,0,72,512,0,0,0.0,0.9704,nan,edge/x86_64,,3.12.3,2026-10-09T18:45:16Z
15,ECDSA-P256,classical,,verify,0.1467,0.0,0.0,0.0,91,138,0,72,512,0,0,0.0,2.2003,nan,edge/x86_64,,3.12.3,2026-10-09T18:45:16Z
16,ECDSA-P256,classical,,keygen,0.0296,0.0,0.0,0.0,91,138,0,0,0,0,0,0.0,0.444,nan,edge/x86_64,,3.12.3,2026-10-09T18:45:16Z
16,ECDSA-P256,classical,,sign,0.0557,0.0,0.0,0.0,91,138,0,70,512,0,0,0.0,0.8352,nan,edge/x86_64,,3.12.3,2026-10-09T18:45:16Z
16,ECDSA-P256,classical,,verify,0.1264,0.0,0.0,0.0,91,138,0,70,512,0,0,0.0,1.8966,nan,edge/x86_64,,3.12.3,2026-10-09T18:45:16Z
17,ECDSA-P256,classical,,keygen,0.0297,0.0,0.0,0.0,91,138,0,0,0,0,0,0.0,0.4458,nan,edge/x86_64,,3.12.3,2026-10-09T18:45:16Z
17,ECDSA-P256,classical,,sign,0.0568,0.0,0.0,0.0,91,138,0,71,512,0,0,0.0,0.8518,nan,edge/x86_64,,3.12.3,2026-10-09T18:45:16Z
17,ECDSA-P256,classical,,verify,0.1323,0.0,0.0,0.0,91,138,0,71,512,0,0,0.0,1.9841,nan,edge/x86_64,,3.12.3,2026-10-09T18:45:16Z
18,ECDSA-P256,classical,,keygen,0.0282,0.0,0.0,0.0,91,138,0,0,0,0,0,0.0,0.4236,nan,edge/x86_64,,3.12.3,2026-10-09T18:45:16Z
18,ECDSA-P256,classical,,sign,0.0564,0.0,0.0,0.0,91,138,0,70,512,0,0,0.0,0.8457,nan,edge/x86_64,,3.12.3,2026-10-09T18:45:16Z
18,ECDSA-P256,classical,,verify,0.1302,0.0,0.0,0.0,91,138,0,70,512,0,0,0.0,1.9528,nan,edge/x86_64,,3.12.3,2026-10-09T18:45:16Z
19,ECDSA-P256,classical,,keygen,0.0273,0.0,0.0,0.0,91,138,0,0,0,0,0,0.0,0.4098,nan,edge/x86_64,,3.12.3,2026-10-09T18:45:16Z
19,ECDSA-P256,classical,,sign,0.069,0.0,0.0,0.0,91,138,0,71,512,0,0,0.0,1.0345,nan,edge/x86_64,,3.12.3,2026-10-09T18:45:16Z
19,ECDSA-P256,classical,,verify,0.1263,0.0,0.0,0.0,91,138,0,71,512,0,0,0.0,1.8945,nan,edge/x86_64,,3.12.3,2026-10-09T18:45:16Z
20,ECDSA-P256,classical,,keygen,0.0305,0.0,0.0,0.0,91,138,0,0,0,0,0,0.0,0.4578,nan,edge/x86_64,,3.12.3,2026-10-09T18:45:16Z
20,ECDSA-P256,classical,,sign,0.0962,0.0,0.0,0.0,91,138,0,72,512,0,0,0.0,1.4433,nan,edge/x86_64,,3.12.3,2026-10-09T18:45:16Z
20,ECDSA-P256,classical,,verify,0.214,0.0,0.0,0.0,91,138,0,72,512,0,0,0.0,3.2107,nan,edge/x86_64,,3.12.3,2026-10-09T18:45:16Z
21,ECDSA-P256,classical,,keygen,0.0417,0.0,0.0,0.0,91,138,0,0,0,0,0,0.0,0.6262,nan,edge/x86_64,,3.12.3,2026-10-09T18:45:16Z
21,ECDSA-P256,classical,,sign,0.0698,0.0,0.0,0.0,91,138,0,72,512,0,0,0.0,1.0469,nan,edge/x86_64,,3.12.3,2026-10-09T18:45:16Z
21,ECDSA-P256,classical,,verify,0.145,0.0,0.0,0.0,91,138,0,72,512,0,0,0.0,2.1755,nan,edge/x86_64,,3.12.3,2026-10-09T18:45:16Z
22,ECDSA-P256,classical,,keygen,0.0288,0.0,0.0,0.0,91,138,0,0,0,0,0,0.0,0.4322,nan,edge/x86_64,,3.12.3,2026-10-09T18:45:16Z
22,ECDSA-P256,classical,,sign,0.0846,0.0,0.0,0.0,91,138,0,71,512,0,0,0.0,1.2688,nan,edge/x86_64,,3.12.3,2026-10-09T18:45:16Z
22,ECDSA-P256,classical,,verify,0.1218,0.0,0.0,0.0,91,138,0,71,512,0,0,0.0,1.8275,nan,edge/x86_64,,3.12.3,2026-10-09T18:45:16Z
23,ECDSA-P256,classical,,keygen,0.0283,0.0,0.0,0.0,91,138,0,0,0,0,0,0.0,0.4239,nan,edge/x86_64,,3.12.3,2026-10-09T18:45:16Z
23,ECDSA-P256,classical,,sign,0.0548,0.0,0.0,0.0,91,138,0,71,512,0,0,0.0,0.8218,nan,edge/x86_64,,3.12.3,2026-10-09T18:45:16Z
23,ECDSA-P256,classical,,verify,0.1244,0.0,0.0,0.0,91,138,0,71,512,0,0,0.0,1.8653,nan,edge/x86_64,,3.12.3,2026-10-09T18:45:16Z
24,ECDSA-P256,classical,,keygen,0.0309,0.0,0.0,0.0,91,138,0,0,0,0,0,0.0,0.4635,nan,edge/x86_64,,3.12.3,2026-10-09T18:45:16Z
24,ECDSA-P256,classical,,sign,0.0614,0.0,0.0,0.0,91,138,0,70,512,0,0,0.0,0.9215,nan,edge/x86_64,,3.12.3,2026-10-09T18:45:16Z
24,ECDSA-P256,classical,,verify,0.1308,0.0,0.0,0.0,91,138,0,70,512,0,0,0.0,1.9623,nan,edge/x86_64,,3.12.3,2026-10-09T18:45:16Z
25,ECDSA-P256,classical,,keygen,0.0288,0.0,0.0,0.0,91,138,0,0,0,0,0,0.0,0.4326,nan,edge/x86_64,,3.12.3,2026-10-09T18:45:16Z
25,ECDSA-P256,classical,,sign,0.0541,0.0,0.0,0.0,91,138,0,71,512,0,0,0.0,0.8108,nan,edge/x86_64,,3.12.3,2026-10-09T18:45:16Z
25,ECDSA-P256,classical,,verify,0.1249,0.0,0.0,0.0,91,138,0,71,512,0,0,0.0,1.8729,nan,edge/x86_64,,3.12.3,2026-10-09T18:45:16Z
26,ECDSA-P256,classical,,keygen,0.0405,0.0,0.0,0.0,91,138,0,0,0,0,0,0.0,0.6082,nan,edge/x86_64,,3.12.3,2026-10-09T18:45:16Z
26,ECDSA-P256,classical,,sign,0.0545,0.0,0.0,0.0,91,138,0,70,512,0,0,0.0,0.8175,nan,edge/x86_64,,3.12.3,2026-10-09T18:45:16Z
26,ECDSA-P256,classical,,verify,0.1162,0.0,0.0,0.0,91,138,0,70,512,0,0,0.0,1.7437,nan,edge/x86_64,,3.12.3,2026-10-09T18:45:16Z
27,ECDSA-P256,classical,,keygen,0.0286,0.0,0.0,0.0,91,138,0,0,0,0,0,0.0,0.4297,nan,edge/x86_64,,3.12.3,2026-10-09T18:45:16Z
27,ECDSA-P256,classical,,sign,0.0555,0.0,0.0,0.0,91,138,0,72,512,0,0,0.0,0.8322,nan,edge/x86_64,,3.12.3,2026-10-09T18:45:16Z
27,ECDSA-P256,classical,,verify,0.1534,0.0,0.0,0.0,91,138,0,72,512,0,0,0.0,2.3015,nan,edge/x86_64,,3.12.3,2026-10-09T18:45:16Z
28,ECDSA-P256,classical,,keygen,0.035,0.0,0.0,0.0,91,138,0,0,0,0,0,0.0,0.5253,nan,edge/x86_64,,3.12.3,2026-10-09T18:45:16Z
28,ECDSA-P256,classical,,sign,0.0593,0.0,0.0,0.0,91,138,0,70,512,0,0,0.0,0.89,nan,edge/x86_64,,3.12.3,2026-10-09T18:45:16Z
28,ECDSA-P256,classical,,verify,0.1251,0.0,0.0,0.0,91,138,0,70,512,0,0,0.0,1.8758,nan,edge/x86_64,,3.12.3,2026-10-09T18:45:16Z
29,ECDSA-P256,classical,,keygen,0.0284,0.0,0.0,0.0,91,138,0,0,0,0,0,0.0,0.4256,nan,edge/x86_64,,3.12.3,2026-10-09T18:45:16Z
29,ECDSA-P256,classical,,sign,0.0559,0.0,0.0,0.0,91,138,0,71,512,0,0,0.0,0.8379,nan,edge/x86_64,,3.12.3,2026-10-09T18:45:16Z
29,ECDSA-P256,classical,,verify,0.1572,0.0,0.0,0.0,91,138,0,71,512,0,0,0.0,2.3575,nan,edge/x86_64,,3.12.3,2026-10-09T18:45:16Z
30,ECDSA-P256,classical,,keygen,0.0314,0.0,0.0,0.0,91,138,0,0,0,0,0,0.0,0.4707,nan,edge/x86_64,,3.12.3,2026-10-09T18:45:16Z
30,ECDSA-P256,classical,,sign,0.0584,0.0,0.0,0.0,91,138,0,72,512,0,0,0.0,0.8759,nan,edge/x86_64,,3.12.3,2026-10-09T18:45:16Z
30,ECDSA-P256,classical,,verify,0.1228,0.0,0.0,0.0,91,138,0,72,512,0,0,0.0,1.8426,nan,edge/x86_64,,3.12.3,2026-10-09T18:45:16Z
31,ECDSA-P256,classical,,keygen,0.0772,0.0,0.0,0.0,91,138,0,0,0,0,0,0.0,1.1576,nan,edge/x86_64,,3.12.3,2026-10-09T18:45:16Z
31,ECDSA-P256,classical,,sign,0.1186,0.0,0.0,0.0,91,138,0,71,512,0,0,0.0,1.7796,nan,edge/x86_64,,3.12.3,2026-10-09T18:45:16Z
31,ECDSA-P256,classical,,verify,0.1721,0.0,0.0,0.0,91,138,0,71,512,0,0,0.0,2.5811,nan,edge/x86_64,,3.12.3,2026-10-09T18:45:16Z
32,ECDSA-P256,classical,,keygen,0.0279,0.0,0.0,0.0,91,138,0,0,0,0,0,0.0,0.4182,nan,edge/x86_64,,3.12.3,2026-10-09T18:45:16Z
32,ECDSA-P256,classical,,sign,0.0558,0.0,0.0,0.0,91,138,0,70,512,0,0,0.0,0.837,nan,edge/x86_64,,3.12.3,2026-10-09T18:45:16Z
32,ECDSA-P256,classical,,verify,0.1404,0.0,0.0,0.0,91,138,0,70,512,0,0,0.0,2.1055,nan,edge/x86_64,,3.12.3,2026-10-09T18:45:16Z
33,ECDSA-P256,classical,,keygen,0.029,0.0,0.0,0.0,91,138,0,0,0,0,0,0.0,0.4351,nan,edge/x86_64,,3.12.3,2026-10-09T18:45:16Z
33,ECDSA-P256,classical,,sign,0.0549,0.0,0.0,0.0,91,138,0,71,512,0,0,0.0,0.8239,nan,edge/x86_64,,3.12.3,2026-10-09T18:45:16Z
33,ECDSA-P256,classical,,verify,0.1201,0.0,0.0,0.0,91,138,0,71,512,0,0,0.0,1.8015,nan,edge/x86_64,,3.12.3,2026-10-09T18:45:16Z
34,ECDSA-P256,classical,,keygen,0.0313,0.0,0.0,0.0,91,138,0,0,0,0,0,0.0,0.4697,nan,edge/x86_64,,3.12.3,2026-10-09T18:45:16Z
34,ECDSA-P256,classical,,sign,0.0597,0.0,0.0,0.0,91,138,0,71,512,0,0,0.0,0.8952,nan,edge/x86_64,,3.12.3,2026-10-09T18:45:16Z
34,ECDSA-P256,classical,,verify,0.174,0.0,0.0,0.0,91,138,0,71,512,0,0,0.0,2.6099,nan,edge/x86_64,,3.12.3,2026-10-09T18:45:16Z
35,ECDSA-P256,classical,,keygen,0.0342,0.0,0.0,0.0,91,138,0,0,0,0,0,0.0,0.513,nan,edge/x86_64,,3.12.3,2026-10-09T18:45:16Z
35,ECDSA-P256,classical,,sign,0.0613,0.0,0.0,0.0,91,138,0,71,512,0,0,0.0,0.9189,nan,edge/x86_64,,3.12.3,2026-10-09T18:45:16Z
35,ECDSA-P256,classical,,verify,0.1294,0.0,0.0,0.0,91,138,0,71,512,0,0,0.0,1.9417,nan,edge/x86_64,,3.12.3,2026-10-09T18:45:16Z
36,ECDSA-P256,classical,,keygen,0.0283,0.0,0.0,0.0,91,138,0,0,0,0,0,0.0,0.4246,nan,edge/x86_64,,3.12.3,2026-10-09T18:45:16Z
36,ECDSA-P256,classical,,sign,0.0819,0.0,0.0,0.0,91,138,0,71,512,0,0,0.0,1.2284,nan,edge/x86_64,,3.12.3,2026-10-09T18:45:16Z
36,ECDSA-P256,classical,,verify,0.1263,0.0,0.0,0.0,91,138,0,71,512,0,0,0.0,1.894,nan,edge/x86_64,,3.12.3,2026-10-09T18:45:16Z
37,ECDSA-P256,classical,,keygen,0.0281,0.0,0.0,0.0,91,138,0,0,0,0,0,0.0,0.4221,nan,edge/x86_64,,3.12.3,2026-10-09T18:45:16Z
37,ECDSA-P256,classical,,sign,0.0549,0.0,0.0,0.0,91,138,0,70,512,0,0,0.0,0.8242,nan,edge/x86_64,,3.12.3,2026-10-09T18:45:16Z
37,ECDSA-P256,classical,,verify,0.1307,0.0,0.0,0.0,91,138,0,70,512,0,0,0.0,1.9611,nan,edge/x86_64,,3.12.3,2026-10-09T18:45:16Z
38,ECDSA-P256,classical,,keygen,0.0289,0.0,0.0,0.0,91,138,0,0,0,0,0,0.0,0.4333,nan,edge/x86_64,,3.12.3,2026-10-09T18:45:16Z
38,ECDSA-P256,classical,,sign,0.0553,0.0,0.0,0.0,91,138,0,71,512,0,0,0.0,0.8299,nan,edge/x86_64,,3.12.3,2026-10-09T18:45:16Z
38,ECDSA-P256,classical,,verify,0.1331,0.0,0.0,0.0,91,138,0,71,512,0,0,0.0,1.9969,nan,edge/x86_64,,3.12.3,2026-10-09T18:45:16Z
39,ECDSA-P256,classical,,keygen,0.0288,0.0,0.0,0.0,91,138,0,0,0,0,0,0.0,0.4322,nan,edge/x86_64,,3.12.3,2026-10-09T18:45:16Z
39,ECDSA-P256,classical,,sign,0.0564,0.0,0.0,0.0,91,138,0,71,512,0,0,0.0,0.8467,nan,edge/x86_64,,3.12.3,2026-10-09T18:45:16Z
39,ECDSA-P256,classical,,verify,0.1297,0.0,0.0,0.0,91,138,0,71,512,0,0,0.0,1.9456,nan,edge/x86_64,,3.12.3,2026-10-09T18:45:16Z
40,ECDSA-P256,classical,,keygen,0.0514,0.0,0.0,0.0,91,138,0,0,0,0,0,0.0,0.7707,nan,edge/x86_64,,3.12.3,2026-10-09T18:45:16Z
40,ECDSA-P256,classical,,sign,0.0574,0.0,0.0,0.0,91,138,0,71,512,0,0,0.0,0.861,nan,edge/x86_64,,3.12.3,2026-10-09T18:45:16Z
40,ECDSA-P256,classical,,verify,0.1205,0.0,0.0,0.0,91,138,0,71,512,0,0,0.0,1.8073,nan,edge/x86_64,,3.12.3,2026-10-09T18:45:16Z
41,ECDSA-P256,classical,,keygen,0.0297,0.0,0.0,0.0,91,138,0,0,0,0,0,0.0,0.4462,nan,edge/x86_64,,3.12.3,2026-10-09T18:45:16Z
41,ECDSA-P256,classical,,sign,0.056,0.0,0.0,0.0,91,138,0,72,512,0,0,0.0,0.8406,nan,edge/x86_64,,3.12.3,2026-10-09T18:45:16Z
41,ECDSA-P256,classical,,verify,0.1572,0.0,0.0,0.0,91,138,0,72,512,0,0,0.0,2.3586,nan,edge/x86_64,,3.12.3,2026-10-09T18:45:16Z
42,ECDSA-P256,classical,,keygen,0.0566,0.0,0.0,0.0,91,138,0,0,0,0,0,0.0,0.8494,nan,edge/x86_64,,3.12.3,2026-10-09T18:45:16Z
42,ECDSA-P256,classical,,sign,0.1063,0.0,0.0,0.0,91,138,0,71,512,0,0,0.0,1.5951,nan,edge/x86_64,,3.12.3,2026-10-09T18:45:16Z
42,ECDSA-P256,classical,,verify,0.1591,0.0,0.0,0.0,91,138,0,71,512,0,0,0.0,2.3865,nan,edge/x86_64,,3.12.3,2026-10-09T18:45:16Z
43,ECDSA-P256,classical,,keygen,0.0275,0.0,0.0,0.0,91,138,0,0,0,0,0,0.0,0.4127,nan,edge/x86_64,,3.12.3,2026-10-09T18:45:16Z
43,ECDSA-P256,classical,,sign,0.0582,0.0,0.0,0.0,91,138,0,71,512,0,0,0.0,0.8724,nan,edge/x86_64,,3.12.3,2026-10-09T18:45:16Z
43,ECDSA-P256,classical,,verify,0.1625,0.0,0.0,0.0,91,138,0,71,512,0,0,0.0,2.4369,nan,edge/x86_64,,3.12.3,2026-10-09T18:45:16Z
44,ECDSA-P256,classical,,keygen,0.0313,0.0,0.0,0.0,91,138,0,0,0,0,0,0.0,0.4695,nan,edge/x86_64,,3.12.3,2026-10-09T18:45:16Z
44,ECDSA-P256,classical,,sign,0.0577,0.0,0.0,0.0,91,138,0,71,512,0,0,0.0,0.8648,nan,edge/x86_64,,3.12.3,2026-10-09T18:45:16Z
44,ECDSA-P256,classical,,verify,0.1077,0.0,0.0,0.0,91,138,0,71,512,0,0,0.0,1.6151,nan,edge/x86_64,,3.12.3,2026-10-09T18:45:16Z
45,ECDSA-P256,classical,,keygen,0.0595,0.0,0.0,0.0,91,138,0,0,0,0,0,0.0,0.8931,nan,edge/x86_64,,3.12.3,2026-10-09T18:45:16Z
45,ECDSA-P256,classical,,sign,0.0765,0.0,0.0,0.0,91,138,0,71,512,0,0,0.0,1.148,nan,edge/x86_64,,3.12.3,2026-10-09T18:45:16Z
45,ECDSA-P256,classical,,verify,0.1335,0.0,0.0,0.0,91,138,0,71,512,0,0,0.0,2.0025,nan,edge/x86_64,,3.12.3,2026-10-09T18:45:16Z
46,ECDSA-P256,classical,,keygen,0.0322,0.0,0.0,0.0,91,138,0,0,0,0,0,0.0,0.4832,nan,edge/x86_64,,3.12.3,2026-10-09T18:45:16Z
46,ECDSA-P256,classical,,sign,0.0769,0.0,0.0,0.0,91,138,0,72,512,0,0,0.0,1.1541,nan,edge/x86_64,,3.12.3,2026-10-09T18:45:16Z
46,ECDSA-P256,classical,,verify,0.1306,0.0,0.0,0.0,91,138,0,72,512,0,0,0.0,1.9591,nan,edge/x86_64,,3.12.3,2026-10-09T18:45:16Z
47,ECDSA-P256,classical,,keygen,0.0299,0.0,0.0,0.0,91,138,0,0,0,0,0,0.0,0.4487,nan,edge/x86_64,,3.12.3,2026-10-09T18:45:16Z
47,ECDSA-P256,classical,,sign,0.0591,0.0,0.0,0.0,91,138,0,70,512,0,0,0.0,0.8866,nan,edge/x86_64,,3.12.3,2026-10-09T18:45:16Z
47,ECDSA-P256,classical,,verify,0.1286,0.0,0.0,0.0,91,138,0,70,512,0,0,0.0,1.9295,nan,edge/x86_64,,3.12.3,2026-10-09T18:45:16Z
48,ECDSA-P256,classical,,keygen,0.0286,0.0,0.0,0.0,91,138,0,0,0,0,0,0.0,0.4285,nan,edge/x86_64,,3.12.3,2026-10-09T18:45:16Z
48,ECDSA-P256,classical,,sign,0.1057,0.0,0.0,0.0,91,138,0,71,512,0,0,0.0,1.5851,nan,edge/x86_64,,3.12.3,2026-10-09T18:45:16Z
48,ECDSA-P256,classical,,verify,0.1418,0.0,0.0,0.0,91,138,0,71,512,0,0,0.0,2.1277,nan,edge/x86_64,,3.12.3,2026-10-09T18:45:16Z
49,ECDSA-P256,classical,,keygen,0.0315,0.0,0.0,0.0,91,138,0,0,0,0,0,0.0,0.4725,nan,edge/x86_64,,3.12.3,2026-10-09T18:45:16Z
49,ECDSA-P256,classical,,sign,0.0597,0.0,0.0,0.0,91,138,0,70,512,0,0,0.0,0.895,nan,edge/x86_64,,3.12.3,2026-10-09T18:45:16Z
49,ECDSA-P256,classical,,verify,0.1531,0.0,0.0,0.0,91,138,0,70,512,0,0,0.0,2.297,nan,edge/x86_64,,3.12.3,2026-10-09T18:45:16Z
50,ECDSA-P256,classical,,keygen,0.0294,0.0,0.0,0.0,91,138,0,0,0,0,0,0.0,0.4408,nan,edge/x86_64,,3.12.3,2026-10-09T18:45:16Z
50,ECDSA-P256,classical,,sign,0.0559,0.0,0.0,0.0,91,138,0,72,512,0,0,0.0,0.8388,nan,edge/x86_64,,3.12.3,2026-10-09T18:45:16Z
50,ECDSA-P256,classical,,verify,0.1272,0.0,0.0,0.0,91,138,0,72,512,0,0,0.0,1.9074,nan,edge/x86_64,,3.12.3,2026-10-09T18:45:16Z
51,ECDSA-P256,classical,,keygen,0.0294,0.0,0.0,0.0,91,138,0,0,0,0,0,0.0,0.4412,nan,edge/x86_64,,3.12.3,2026-10-09T18:45:16Z
51,ECDSA-P256,classical,,sign,0.0583,0.0,0.0,0.0,91,138,0,70,512,0,0,0.0,0.8738,nan,edge/x86_64,,3.12.3,2026-10-09T18:45:16Z
51,ECDSA-P256,classical,,verify,0.1266,0.0,0.0,0.0,91,138,0,70,512,0,0,0.0,1.899,nan,edge/x86_64,,3.12.3,2026-10-09T18:45:16Z
52,ECDSA-P256,classical,,keygen,0.0297,0.0,0.0,0.0,91,138,0,0,0,0,0,0.0,0.4458,nan,edge/x86_64,,3.12.3,2026-10-09T18:45:16Z
52,ECDSA-P256,classical,,sign,0.0556,0.0,0.0,0.0,91,138,0,72,512,0,0,0.0,0.8336,nan,edge/x86_64,,3.12.3,2026-10-09T18:45:16Z
52,ECDSA-P256,classical,,verify,0.1276,0.0,0.0,0.0,91,138,0,72,512,0,0,0.0,1.9137,nan,edge/x86_64,,3.12.3,2026-10-09T18:45:16Z
53,ECDSA-P256,classical,,keygen,0.0271,0.0,0.0,0.0,91,138,0,0,0,0,0,0.0,0.407,nan,edge/x86_64,,3.12.3,2026-10-09T18:45:16Z
53,ECDSA-P256,classical,,sign,0.0557,0.0,0.0,0.0,91,138,0,71,512,0,0,0.0,0.8361,nan,edge/x86_64,,3.12.3,2026-10-09T18:45:16Z
53,ECDSA-P256,classical,,verify,0.1381,0.0,0.0,0.0,91,138,0,71,512,0,0,0.0,2.0713,nan,edge/x86_64,,3.12.3,2026-10-09T18:45:16Z
54,ECDSA-P256,classical,,keygen,0.0291,0.0,0.0,0.0,91,138,0,0,0,0,0,0.0,0.4364,nan,edge/x86_64,,3.12.3,2026-10-09T18:45:16Z
54,ECDSA-P256,classical,,sign,0.0558,0.0,0.0,0.0,91,138,0,71,512,0,0,0.0,0.8368,nan,edge/x86_64,,3.12.3,2026-10-09T18:45:16Z
54,ECDSA-P256,classical,,verify,0.1255,0.0,0.0,0.0,91,138,0,71,512,0,0,0.0,1.8822,nan,edge/x86_64,,3.12.3,2026-10-09T18:45:16Z
55,ECDSA-P256,classical,,keygen,0.0702,0.0,0.0,0.0,91,138,0,0,0,0,0,0.0,1.0537,nan,edge/x86_64,,3.12.3,2026-10-09T18:45:16Z
55,ECDSA-P256,classical,,sign,0.1778,0.0,0.0,0.0,91,138,0,71,512,0,0,0.0,2.6665,nan,edge/x86_64,,3.12.3,2026-10-09T18:45:16Z
55,ECDSA-P256,classical,,verify,0.1356,0.0,0.0,0.0,91,138,0,71,512,0,0,0.0,2.0344,nan,edge/x86_64,,3.12.3,2026-10-09T18:45:16Z
56,ECDSA-P256,classical,,keygen,0.0321,0.0,0.0,0.0,91,138,0,0,0,0,0,0.0,0.4815,nan,edge/x86_64,,3.12.3,2026-10-09T18:45:16Z
56,ECDSA-P256,classical,,sign,0.055,0.0,0.0,0.0,91,138,0,72,512,0,0,0.0,0.8247,nan,edge/x86_64,,3.12.3,2026-10-09T18:45:16Z
56,ECDSA-P256,classical,,verify,0.136,0.0,0.0,0.0,91,138,0,72,512,0,0,0.0,2.0399,nan,edge/x86_64,,3.12.3,2026-10-09T18:45:16Z
57,ECDSA-P256,classical,,keygen,0.0312,0.0,0.0,0.0,91,138,0,0,0,0,0,0.0,0.4674,nan,edge/x86_64,,3.12.3,2026-10-09T18:45:16Z
57,ECDSA-P256,classical,,sign,0.058,0.0,0.0,0.0,91,138,0,71,512,0,0,0.0,0.8697,nan,edge/x86_64,,3.12.3,2026-10-09T18:45:16Z
57,ECDSA-P256,classical,,verify,0.1256,0.0,0.0,0.0,91,138,0,71,512,0,0,0.0,1.8841,nan,edge/x86_64,,3.12.3,2026-10-09T18:45:16Z
58,ECDSA-P256,classical,,keygen,0.0278,0.0,0.0,0.0,91,138,0,0,0,0,0,0.0,0.4175,nan,edge/x86_64,,3.12.3,2026-10-09T18:45:16Z
58,ECDSA-P256,classical,,sign,0.0538,0.0,0.0,0.0,91,138,0,71,512,0,0,0.0,0.8067,nan,edge/x86_64,,3.12.3,2026-10-09T18:45:16Z
58,ECDSA-P256,classical,,verify,0.1201,0.0,0.0,0.0,91,138,0,71,512,0,0,0.0,1.8015,nan,edge/x86_64,,3.12.3,2026-10-09T18:45:16Z
59,ECDSA-P256,classical,,keygen,0.0301,0.0,0.0,0.0,91,138,0,0,0,0,0,0.0,0.451,nan,edge/x86_64,,3.12.3,2026-10-09T18:45:16Z
59,ECDSA-P256,classical,,sign,0.0532,0.0,0.0,0.0,91,138,0,72,512,0,0,0.0,0.7983,nan,edge/x86_64,,3.12.3,2026-10-09T18:45:16Z
59,ECDSA-P256,classical,,verify,0.1204,0.0,0.0,0.0,91,138,0,72,512,0,0,0.0,1.8056,nan,edge/x86_64,,3.12.3,2026-10-09T18:45:16Z
60,ECDSA-P256,classical,,keygen,0.027,0.0,0.0,0.0,91,138,0,0,0,0,0,0.0,0.4043,nan,edge/x86_64,,3.12.3,2026-10-09T18:45:16Z
60,ECDSA-P256,classical,,sign,0.0786,0.0,0.0,0.0,91,138,0,72,512,0,0,0.0,1.1795,nan,edge/x86_64,,3.12.3,2026-10-09T18:45:16Z
60,ECDSA-P256,classical,,verify,0.129,0.0,0.0,0.0,91,138,0,72,512,0,0,0.0,1.9351,nan,edge/x86_64,,3.12.3,2026-10-09T18:45:16Z
61,ECDSA-P256,classical,,keygen,0.0281,0.0,0.0,0.0,91,138,0,0,0,0,0,0.0,0.4218,nan,edge/x86_64,,3.12.3,2026-10-09T18:45:16Z
61,ECDSA-P256,classical,,sign,0.0558,0.0,0.0,0.0,91,138,0,71,512,0,0,0.0,0.8376,nan,edge/x86_64,,3.12.3,2026-10-09T18:45:16Z
61,ECDSA-P256,classical,,verify,0.1246,0.0,0.0,0.0,91,138,0,71,512,0,0,0.0,1.8687,nan,edge/x86_64,,3.12.3,2026-10-09T18:45:16Z
62,ECDSA-P256,classical,,keygen,0.0279,0.0,0.0,0.0,91,138,0,0,0,0,0,0.0,0.4182,nan,edge/x86_64,,3.12.3,2026-10-09T18:45:16Z
62,ECDSA-P256,classical,,sign,0.0551,0.0,0.0,0.0,91,138,0,70,512,0,0,0.0,0.8267,nan,edge/x86_64,,3.12.3,2026-10-09T18:45:16Z
62,ECDSA-P256,classical,,verify,0.1607,0.0,0.0,0.0,91,138,0,70,512,0,0,0.0,2.4112,nan,edge/x86_64,,3.12.3,2026-10-09T18:45:16Z
63,ECDSA-P256,classical,,keygen,0.0318,0.0,0.0,0.0,91,138,0,0,0,0,0,0.0,0.4768,nan,edge/x86_64,,3.12.3,2026-10-09T18:45:16Z
63,ECDSA-P256,classical,,sign,0.057,0.0,0.0,0.0,91,138,0,71,512,0,0,0.0,0.8547,nan,edge/x86_64,,3.12.3,2026-10-09T18:45:16Z
63,ECDSA-P256,classical,,verify,0.1554,0.0,0.0,0.0,91,138,0,71,512,0,0,0.0,2.3312,nan,edge/x86_64,,3.12.3,2026-10-09T18:45:16Z
64,ECDSA-P256,classical,,keygen,0.0321,0.0,0.0,0.0,91,138,0,0,0,0,0,0.0,0.4811,nan,edge/x86_64,,3.12.3,2026-10-09T18:45:16Z
64,ECDSA-P256,classical,,sign,0.0575,0.0,0.0,0.0,91,138,0,71,512,0,0,0.0,0.8625,nan,edge/x86_64,,3.12.3,2026-10-09T18:45:16Z
64,ECDSA-P256,classical,,verify,0.1371,0.0,0.0,0.0,91,138,0,71,512,0,0,0.0,2.057,nan,edge/x86_64,,3.12.3,2026-10-09T18:45:16Z
65,ECDSA-P256,classical,,keygen,0.0307,0.0,0.0,0.0,91,138,0,0,0,0,0,0.0,0.4612,nan,edge/x86_64,,3.12.3,2026-10-09T18:45:16Z
65,ECDSA-P256,classical,,sign,0.0601,0.0,0.0,0.0,91,138,0,71,512,0,0,0.0,0.9012,nan,edge/x86_64,,3.12.3,2026-10-09T18:45:16Z
65,ECDSA-P256,classical,,verify,0.1285,0.0,0.0,0.0,91,138,0,71,512,0,0,0.0,1.9277,nan,edge/x86_64,,3.12.3,2026-10-09T18:45:16Z
66,ECDSA-P256,classical,,keygen,0.0282,0.0,0.0,0.0,91,138,0,0,0,0,0,0.0,0.4224,nan,edge/x86_64,,3.12.3,2026-10-09T18:45:16Z
66,ECDSA-P256,classical,,sign,0.0892,0.0,0.0,0.0,91,138,0,70,512,0,0,0.0,1.338,nan,edge/x86_64,,3.12.3,2026-10-09T18:45:16Z
66,ECDSA-P256,classical,,verify,0.1354,0.0,0.0,0.0,91,138,0,70,512,0,0,0.0,2.0308,nan,edge/x86_64,,3.12.3,2026-10-09T18:45:16Z
67,ECDSA-P256,classical,,keygen,0.0311,0.0,0.0,0.0,91,138,0,0,0,0,0,0.0,0.4659,nan,edge/x86_64,,3.12.3,2026-10-09T18:45:16Z
67,ECDSA-P256,classical,,sign,0.072,0.0,0.0,0.0,91,138,0,71,512,0,0,0.0,1.0796,nan,edge/x86_64,,3.12.3,2026-10-09T18:45:16Z
67,ECDSA-P256,classical,,verify,0.1256,0.0,0.0,0.0,91,138,0,71,512,0,0,0.0,1.8841,nan,edge/x86_64,,3.12.3,2026-10-09T18:45:16Z
68,ECDSA-P256,classical,,keygen,0.0304,0.0,0.0,0.0,91,138,0,0,0,0,0,0.0,0.456,nan,edge/x86_64,,3.12.3,2026-10-09T18:45:16Z
68,ECDSA-P256,classical,,sign,0.0539,0.0,0.0,0.0,91,138,0,71,512,0,0,0.0,0.8079,nan,edge/x86_64,,3.12.3,2026-10-09T18:45:16Z
68,ECDSA-P256,classical,,verify,0.1258,0.0,0.0,0.0,91,138,0,71,512,0,0,0.0,1.8869,nan,edge/x86_64,,3.12.3,2026-10-09T18:45:16Z
69,ECDSA-P256,classical,,keygen,0.0292,0.0,0.0,0.0,91,138,0,0,0,0,0,0.0,0.4376,nan,edge/x86_64,,3.12.3,2026-10-09T18:45:16Z
69,ECDSA-P256,classical,,sign,0.0559,0.0,0.0,0.0,91,138,0,71,512,0,0,0.0,0.8382,nan,edge/x86_64,,3.12.3,2026-10-09T18:45:16Z
69,ECDSA-P256,classical,,verify,0.177,0.0,0.0,0.0,91,138,0,71,512,0,0,0.0,2.6556,nan,edge/x86_64,,3.12.3,2026-10-09T18:45:16Z
70,ECDSA-P256,classical,,keygen,0.0367,0.0,0.0,0.0,91,138,0,0,0,0,0,0.0,0.5499,nan,edge/x86_64,,3.12.3,2026-10-09T18:45:16Z
70,ECDSA-P256,classical,,sign,0.0592,0.0,0.0,0.0,91,138,0,72,512,0,0,0.0,0.8873,nan,edge/x86_64,,3.12.3,2026-10-09T18:45:16Z
70,ECDSA-P256,classical,,verify,0.1701,0.0,0.0,0.0,91,138,0,72,512,0,0,0.0,2.552,nan,edge/x86_64,,3.12.3,2026-10-09T18:45:16Z
71,ECDSA-P256,classical,,keygen,0.0306,0.0,0.0,0.0,91,138,0,0,0,0,0,0.0,0.4597,nan,edge/x86_64,,3.12.3,2026-10-09T18:45:16Z
71,ECDSA-P256,classical,,sign,0.062,0.0,0.0,0.0,91,138,0,72,512,0,0,0.0,0.9302,nan,edge/x86_64,,3.12.3,2026-10-09T18:45:16Z
71,ECDSA-P256,classical,,verify,0.1262,0.0,0.0,0.0,91,138,0,72,512,0,0,0.0,1.8934,nan,edge/x86_64,,3.12.3,2026-10-09T18:45:16Z
72,ECDSA-P256,classical,,keygen,0.027,0.0,0.0,0.0,91,138,0,0,0,0,0,0.0,0.4055,nan,edge/x86_64,,3.12.3,2026-10-09T18:45:16Z
72,ECDSA-P256,classical,,sign,0.055,0.0,0.0,0.0,91,138,0,71,512,0,0,0.0,0.8243,nan,edge/x86_64,,3.12.3,2026-10-09T18:45:16Z
72,ECDSA-P256,classical,,verify,0.1287,0.0,0.0,0.0,91,138,0,71,512,0,0,0.0,1.9308,nan,edge/x86_64,,3.12.3,2026-10-09T18:45:16Z
73,ECDSA-P256,classical,,keygen,0.0293,0.0,0.0,0.0,91,138,0,0,0,0,0,0.0,0.4396,nan,edge/x86_64,,3.12.3,2026-10-09T18:45:16Z
73,ECDSA-P256,classical,,sign,0.0579,0.0,0.0,0.0,91,138,0,72,512,0,0,0.0,0.8678,nan,edge/x86_64,,3.12.3,2026-10-09T18:45:16Z
73,ECDSA-P256,classical,,verify,0.1267,0.0,0.0,0.0,91,138,0,72,512,0,0,0.0,1.9011,nan,edge/x86_64,,3.12.3,2026-10-09T18:45:16Z
74,ECDSA-P256,classical,,keygen,0.0274,0.0,0.0,0.0,91,138,0,0,0,0,0,0.0,0.4115,nan,edge/x86_64,,3.12.3,2026-10-09T18:45:16Z
74,ECDSA-P256,classical,,sign,0.0545,0.0,0.0,0.0,91,138,0,72,512,0,0,0.0,0.8171,nan,edge/x86_64,,3.12.3,2026-10-09T18:45:16Z
74,ECDSA-P256,classical,,verify,0.147,0.0,0.0,0.0,91,138,0,72,512,0,0,0.0,2.2049,nan,edge/x86_64,,3.12.3,2026-10-09T18:45:16Z
75,ECDSA-P256,classical,,keygen,0.0283,0.0,0.0,0.0,91,138,0,0,0,0,0,0.0,0.4238,nan,edge/x86_64,,3.12.3,2026-10-09T18:45:16Z
75,ECDSA-P256,classical,,sign,0.0553,0.0,0.0,0.0,91,138,0,71,512,0,0,0.0,0.8293,nan,edge/x86_64,,3.12.3,2026-10-09T18:45:16Z
75,ECDSA-P256,classical,,verify,0.1286,0.0,0.0,0.0,91,138,0,71,512,0,0,0.0,1.9297,nan,edge/x86_64,,3.12.3,2026-10-09T18:45:16Z
76,ECDSA-P256,classical,,keygen,0.0295,0.0,0.0,0.0,91,138,0,0,0,0,0,0.0,0.442,nan,edge/x86_64,,3.12.3,2026-10-09T18:45:16Z
76,ECDSA-P256,classical,,sign,0.0553,0.0,0.0,0.0,91,138,0,71,512,0,0,0.0,0.8294,nan,edge/x86_64,,3.12.3,2026-10-09T18:45:16Z
76,ECDSA-P256,classical,,verify,0.1691,0.0,0.0,0.0,91,138,0,71,512,0,0,0.0,2.5371,nan,edge/x86_64,,3.12.3,2026-10-09T18:45:16Z
77,ECDSA-P256,classical,,keygen,0.0692,0.0,0.0,0.0,91,138,0,0,0,0,0,0.0,1.0376,nan,edge/x86_64,,3.12.3,2026-10-09T18:45:16Z
77,ECDSA-P256,classical,,sign,0.0743,0.0,0.0,0.0,91,138,0,71,512,0,0,0.0,1.114,nan,edge/x86_64,,3.12.3,2026-10-09T18:45:16Z
77,ECDSA-P256,classical,,verify,0.1459,0.0,0.0,0.0,91,138,0,71,512,0,0,0.0,2.1889,nan,edge/x86_64,,3.12.3,2026-10-09T18:45:16Z
78,ECDSA-P256,classical,,keygen,0.0282,0.0,0.0,0.0,91,138,0,0,0,0,0,0.0,0.4233,nan,edge/x86_64,,3.12.3,2026-10-09T18:45:16Z
78,ECDSA-P256,classical,,sign,0.0586,0.0,0.0,0.0,91,138,0,71,512,0,0,0.0,0.8797,nan,edge/x86_64,,3.12.3,2026-10-09T18:45:16Z
78,ECDSA-P256,classical,,verify,0.1273,0.0,0.0,0.0,91,138,0,71,512,0,0,0.0,1.9093,nan,edge/x86_64,,3.12.3,2026-10-09T18:45:16Z
79,ECDSA-P256,classical,,keygen,0.0282,0.0,0.0,0.0,91,138,0,0,0,0,0,0.0,0.4236,nan,edge/x86_64,,3.12.3,2026-10-09T18:45:16Z
79,ECDSA-P256,classical,,sign,0.0543,0.0,0.0,0.0,91,138,0,71,512,0,0,0.0,0.8146,nan,edge/x86_64,,3.12.3,2026-10-09T18:45:16Z
79,ECDSA-P256,classical,,verify,0.1221,0.0,0.0,0.0,91,138,0,71,512,0,0,0.0,1.831,nan,edge/x86_64,,3.12.3,2026-10-09T18:45:16Z
80,ECDSA-P256,classical,,keygen,0.0273,0.0,0.0,0.0,91,138,0,0,0,0,0,0.0,0.4099,nan,edge/x86_64,,3.12.3,2026-10-09T18:45:16Z
80,ECDSA-P256,classical,,sign,0.0576,0.0,0.0,0.0,91,138,0,72,512,0,0,0.0,0.8633,nan,edge/x86_64,,3.12.3,2026-10-09T18:45:16Z
80,ECDSA-P256,classical,,verify,0.1342,0.0,0.0,0.0,91,138,0,72,512,0,0,0.0,2.0137,nan,edge/x86_64,,3.12.3,2026-10-09T18:45:16Z
81,ECDSA-P256,classical,,keygen,0.0294,0.0,0.0,0.0,91,138,0,0,0,0,0,0.0,0.4417,nan,edge/x86_64,,3.12.3,2026-10-09T18:45:16Z
81,ECDSA-P256,classical,,sign,0.0755,0.0,0.0,0.0,91,138,0,70,512,0,0,0.0,1.132,nan,edge/x86_64,,3.12.3,2026-10-09T18:45:16Z
81,ECDSA-P256,classical,,verify,0.1283,0.0,0.0,0.0,91,138,0,70,512,0,0,0.0,1.9248,nan,edge/x86_64,,3.12.3,2026-10-09T18:45:16Z
82,ECDSA-P256,classical,,keygen,0.0283,0.0,0.0,0.0,91,138,0,0,0,0,0,0.0,0.4249,nan,edge/x86_64,,3.12.3,2026-10-09T18:45:16Z
82,ECDSA-P256,classical,,sign,0.056,0.0,0.0,0.0,91,138,0,71,512,0,0,0.0,0.8396,nan,edge/x86_64,,3.12.3,2026-10-09T18:45:16Z
82,ECDSA-P256,classical,,verify,0.1306,0.0,0.0,0.0,91,138,0,71,512,0,0,0.0,1.9592,nan,edge/x86_64,,3.12.3,2026-10-09T18:45:16Z
83,ECDSA-P256,classical,,keygen,0.0295,0.0,0.0,0.0,91,138,0,0,0,0,0,0.0,0.442,nan,edge/x86_64,,3.12.3,2026-10-09T18:45:16Z
83,ECDSA-P256,classical,,sign,0.0548,0.0,0.0,0.0,91,138,0,70,512,0,0,0.0,0.8226,nan,edge/x86_64,,3.12.3,2026-10-09T18:45:16Z
83,ECDSA-P256,classical,,verify,0.1526,0.0,0.0,0.0,91,138,0,70,512,0,0,0.0,2.2891,nan,edge/x86_64,,3.12.3,2026-10-09T18:45:16Z
84,ECDSA-P256,classical,,keygen,0.0334,0.0,0.0,0.0,91,138,0,0,0,0,0,0.0,0.5013,nan,edge/x86_64,,3.12.3,2026-10-09T18:45:16Z
84,ECDSA-P256,classical,,sign,0.057,0.0,0.0,0.0,91,138,0,72,512,0,0,0.0,0.8548,nan,edge/x86_64,,3.12.3,2026-10-09T18:45:16Z
84,ECDSA-P256,classical,,verify,0.1259,0.0,0.0,0.0,91,138,0,72,512,0,0,0.0,1.8883,nan,edge/x86_64,,3.12.3,2026-10-09T18:45:16Z
85,ECDSA-P256,classical,,keygen,0.0283,0.0,0.0,0.0,91,138,0,0,0,0,0,0.0,0.4251,nan,edge/x86_64,,3.12.3,2026-10-09T18:45:16Z
85,ECDSA-P256,classical,,sign,0.0828,0.0,0.0,0.0,91,138,0,71,512,0,0,0.0,1.242,nan,edge/x86_64,,3.12.3,2026-10-09T18:45:16Z
85,ECDSA-P256,classical,,verify,0.1291,0.0,0.0,0.0,91,138,0,71,512,0,0,0.0,1.9369,nan,edge/x86_64,,3.12.3,2026-10-09T18:45:16Z
86,ECDSA-P256,classical,,keygen,0.03,0.0,0.0,0.0,91,138,0,0,0,0,0,0.0,0.4498,nan,edge/x86_64,,3.12.3,2026-10-09T18:45:16Z
86,ECDSA-P256,classical,,sign,0.0552,0.0,0.0,0.0,91,138,0,70,512,0,0,0.0,0.8278,nan,edge/x86_64,,3.12.3,2026-10-09T18:45:16Z
86,ECDSA-P256,classical,,verify,0.1248,0.0,0.0,0.0,91,138,0,70,512,0,0,0.0,1.8713,nan,edge/x86_64,,3.12.3,2026-10-09T18:45:16Z
87,ECDSA-P256,classical,,keygen,0.0488,0.0,0.0,0.0,91,138,0,0,0,0,0,0.0,0.7323,nan,edge/x86_64,,3.12.3,2026-10-09T18:45:16Z
87,ECDSA-P256,classical,,sign,0.0901,0.0,0.0,0.0,91,138,0,71,512,0,0,0.0,1.3513,nan,edge/x86_64,,3.12.3,2026-10-09T18:45:16Z
87,ECDSA-P256,classical,,verify,0.1617,0.0,0.0,0.0,91,138,0,71,512,0,0,0.0,2.4252,nan,edge/x86_64,,3.12.3,2026-10-09T18:45:16Z
88,ECDSA-P256,classical,,keygen,0.03,0.0,0.0,0.0,91,138,0,0,0,0,0,0.0,0.4496,nan,edge/x86_64,,3.12.3,2026-10-09T18:45:16Z
88,ECDSA-P256,classical,,sign,0.057,0.0,0.0,0.0,91,138,0,71,512,0,0,0.0,0.8546,nan,edge/x86_64,,3.12.3,2026-10-09T18:45:16Z
88,ECDSA-P256,classical,,verify,0.1258,0.0,0.0,0.0,91,138,0,71,512,0,0,0.0,1.8873,nan,edge/x86_64,,3.12.3,2026-10-09T18:45:16Z
89,ECDSA-P256,classical,,keygen,0.0284,0.0,0.0,0.0,91,138,0,0,0,0,0,0.0,0.4258,nan,edge/x86_64,,3.12.3,2026-10-09T18:45:16Z
89,ECDSA-P256,classical,,sign,0.0554,0.0,0.0,0.0,91,138,0,71,512,0,0,0.0,0.8308,nan,edge/x86_64,,3.12.3,2026-10-09T18:45:16Z
89,ECDSA-P256,classical,,verify,0.1309,0.0,0.0,0.0,91,138,0,71,512,0,0,0.0,1.9635,nan,edge/x86_64,,3.12.3,2026-10-09T18:45:16Z
90,ECDSA-P256,classical,,keygen,0.032,0.0,0.0,0.0,91,138,0,0,0,0,0,0.0,0.4807,nan,edge/x86_64,,3.12.3,2026-10-09T18:45:16Z
90,ECDSA-P256,classical,,sign,0.1017,0.0,0.0,0.0,91,138,0,71,512,0,0,0.0,1.5262,nan,edge/x86_64,,3.12.3,2026-10-09T18:45:16Z
90,ECDSA-P256,classical,,verify,0.1393,0.0,0.0,0.0,91,138,0,71,512,0,0,0.0,2.0897,nan,edge/x86_64,,3.12.3,2026-10-09T18:45:16Z
91,ECDSA-P256,classical,,keygen,0.0366,0.0,0.0,0.0,91,138,0,0,0,0,0,0.0,0.549,nan,edge/x86_64,,3.12.3,2026-10-09T18:45:16Z
91,ECDSA-P256,classical,,sign,0.0568,0.0,0.0,0.0,91,138,0,72,512,0,0,0.0,0.8518,nan,edge/x86_64,,3.12.3,2026-10-09T18:45:16Z
91,ECDSA-P256,classical,,verify,0.13,0.0,0.0,0.0,91,138,0,72,512,0,0,0.0,1.9494,nan,edge/x86_64,,3.12.3,2026-10-09T18:45:16Z
92,ECDSA-P256,classical,,keygen,0.0288,0.0,0.0,0.0,91,138,0,0,0,0,0,0.0,0.4318,nan,edge/x86_64,,3.12.3,2026-10-09T18:45:16Z
92,ECDSA-P256,classical,,sign,0.0555,0.0,0.0,0.0,91,138,0,72,512,0,0,0.0,0.8324,nan,edge/x86_64,,3.12.3,2026-10-09T18:45:16Z
92,ECDSA-P256,classical,,verify,0.127,0.0,0.0,0.0,91,138,0,72,512,0,0,0.0,1.905,nan,edge/x86_64,,3.12.3,2026-10-09T18:45:16Z
93,ECDSA-P256,classical,,keygen,0.0297,0.0,0.0,0.0,91,138,0,0,0,0,0,0.0,0.4451,nan,edge/x86_64,,3.12.3,2026-10-09T18:45:16Z
93,ECDSA-P256,classical,,sign,0.0553,0.0,0.0,0.0,91,138,0,70,512,0,0,0.0,0.8298,nan,edge/x86_64,,3.12.3,2026-10-09T18:45:16Z
93,ECDSA-P256,classical,,verify,0.1231,0.0,0.0,0.0,91,138,0,70,512,0,0,0.0,1.8466,nan,edge/x86_64,,3.12.3,2026-10-09T18:45:16Z
94,ECDSA-P256,classical,,keygen,0.0295,0.0,0.0,0.0,91,138,0,0,0,0,0,0.0,0.4422,nan,edge/x86_64,,3.12.3,2026-10-09T18:45:16Z
94,ECDSA-P256,classical,,sign,0.0556,0.0,0.0,0.0,91,138,0,71,512,0,0,0.0,0.8343,nan,edge/x86_64,,3.12.3,2026-10-09T18:45:16Z
94,ECDSA-P256,classical,,verify,0.1256,0.0,0.0,0.0,91,138,0,71,512,0,0,0.0,1.8835,nan,edge/x86_64,,3.12.3,2026-10-09T18:45:16Z
95,ECDSA-P256,classical,,keygen,0.1274,0.0,0.0,0.0,91,138,0,0,0,0,0,0.0,1.9108,nan,edge/x86_64,,3.12.3,2026-10-09T18:45:16Z
95,ECDSA-P256,classical,,sign,0.0635,0.0,0.0,0.0,91,138,0,71,512,0,0,0.0,0.952,nan,edge/x86_64,,3.12.3,2026-10-09T18:45:16Z
95,ECDSA-P256,classical,,verify,0.1248,0.0,0.0,0.0,91,138,0,71,512,0,0,0.0,1.8719,nan,edge/x86_64,,3.12.3,2026-10-09T18:45:16Z
96,ECDSA-P256,classical,,keygen,0.0306,0.0,0.0,0.0,91,138,0,0,0,0,0,0.0,0.4587,nan,edge/x86_64,,3.12.3,2026-10-09T18:45:16Z
96,ECDSA-P256,classical,,sign,0.0587,0.0,0.0,0.0,91,138,0,72,512,0,0,0.0,0.8798,nan,edge/x86_64,,3.12.3,2026-10-09T18:45:16Z
96,ECDSA-P256,classical,,verify,0.1384,0.0,0.0,0.0,91,138,0,72,512,0,0,0.0,2.0754,nan,edge/x86_64,,3.12.3,2026-10-09T18:45:16Z
97,ECDSA-P256,classical,,keygen,0.0298,0.0,0.0,0.0,91,138,0,0,0,0,0,0.0,0.4473,nan,edge/x86_64,,3.12.3,2026-10-09T18:45:16Z
97,ECDSA-P256,classical,,sign,0.0879,0.0,0.0,0.0,91,138,0,72,512,0,0,0.0,1.3182,nan,edge/x86_64,,3.12.3,2026-10-09T18:45:16Z
97,ECDSA-P256,classical,,verify,0.1433,0.0,0.0,0.0,91,138,0,72,512,0,0,0.0,2.1497,nan,edge/x86_64,,3.12.3,2026-10-09T18:45:16Z
98,ECDSA-P256,classical,,keygen,0.0338,0.0,0.0,0.0,91,138,0,0,0,0,0,0.0,0.5073,nan,edge/x86_64,,3.12.3,2026-10-09T18:45:16Z
98,ECDSA-P256,classical,,sign,0.0868,0.0,0.0,0.0,91,138,0,72,512,0,0,0.0,1.3013,nan,edge/x86_64,,3.12.3,2026-10-09T18:45:16Z
98,ECDSA-P256,classical,,verify,0.1295,0.0,0.0,0.0,91,138,0,72,512,0,0,0.0,1.9431,nan,edge/x86_64,,3.12.3,2026-10-09T18:45:16Z
99,ECDSA-P256,classical,,keygen,0.0583,0.0,0.0,0.0,91,138,0,0,0,0,0,0.0,0.8741,nan,edge/x86_64,,3.12.3,2026-10-09T18:45:16Z
99,ECDSA-P256,classical,,sign,0.1705,0.0,0.0,0.0,91,138,0,71,512,0,0,0.0,2.5573,nan,edge/x86_64,,3.12.3,2026-10-09T18:45:16Z
99,ECDSA-P256,classical,,verify,0.1816,0.0,0.0,0.0,91,138,0,71,512,0,0,0.0,2.7244,nan,edge/x86_64,,3.12.3,2026-10-09T18:45:16Z
100,ECDSA-P256,classical,,keygen,0.0888,0.0,0.0,0.0,91,138,0,0,0,0,0,0.0,1.3324,nan,edge/x86_64,,3.12.3,2026-10-09T18:45:16Z
100,ECDSA-P256,classical,,sign,0.1169,0.0,0.0,0.0,91,138,0,71,512,0,0,0.0,1.7532,nan,edge/x86_64,,3.12.3,2026-10-09T18:45:16Z
100,ECDSA-P256,classical,,verify,0.1418,0.0,0.0,0.0,91,138,0,71,512,0,0,0.0,2.1269,nan,edge/x86_64,,3.12.3,2026-10-09T18:45:16Z
101,ECDSA-P256,classical,,keygen,0.033,0.0,0.0,0.0,91,138,0,0,0,0,0,0.0,0.4944,nan,edge/x86_64,,3.12.3,2026-10-09T18:45:16Z
101,ECDSA-P256,classical,,sign,0.0532,0.0,0.0,0.0,91,138,0,71,512,0,0,0.0,0.7987,nan,edge/x86_64,,3.12.3,2026-10-09T18:45:16Z
101,ECDSA-P256,classical,,verify,0.1329,0.0,0.0,0.0,91,138,0,71,512,0,0,0.0,1.9937,nan,edge/x86_64,,3.12.3,2026-10-09T18:45:16Z
102,ECDSA-P256,classical,,keygen,0.0305,0.0,0.0,0.0,91,138,0,0,0,0,0,0.0,0.4578,nan,edge/x86_64,,3.12.3,2026-10-09T18:45:16Z
102,ECDSA-P256,classical,,sign,0.061,0.0,0.0,0.0,91,138,0,72,512,0,0,0.0,0.9148,nan,edge/x86_64,,3.12.3,2026-10-09T18:45:16Z
102,ECDSA-P256,classical,,verify,0.1843,0.0,0.0,0.0,91,138,0,72,512,0,0,0.0,2.7639,nan,edge/x86_64,,3.12.3,2026-10-09T18:45:16Z
103,ECDSA-P256,classical,,keygen,0.0377,0.0,0.0,0.0,91,138,0,0,0,0,0,0.0,0.5661,nan,edge/x86_64,,3.12.3,2026-10-09T18:45:16Z
103,ECDSA-P256,classical,,sign,0.0726,0.0,0.0,0.0,91,138,0,72,512,0,0,0.0,1.0895,nan,edge/x86_64,,3.12.3,2026-10-09T18:45:16Z
103,ECDSA-P256,classical,,verify,0.1743,0.0,0.0,0.0,91,138,0,72,512,0,0,0.0,2.615,nan,edge/x86_64,,3.12.3,2026-10-09T18:45:16Z
104,ECDSA-P256,classical,,keygen,0.032,0.0,0.0,0.0,91,138,0,0,0,0,0,0.0,0.4801,nan,edge/x86_64,,3.12.3,2026-10-09T18:45:16Z
104,ECDSA-P256,classical,,sign,0.0615,0.0,0.0,0.0,91,138,0,71,512,0,0,0.0,0.9232,nan,edge/x86_64,,3.12.3,2026-10-09T18:45:16Z
104,ECDSA-P256,classical,,verify,0.1318,0.0,0.0,0.0,91,138,0,71,512,0,0,0.0,1.9777,nan,edge/x86_64,,3.12.3,2026-10-09T18:45:16Z
105,ECDSA-P256,classical,,keygen,0.0313,0.0,0.0,0.0,91,138,0,0,0,0,0,0.0,0.469,nan,edge/x86_64,,3.12.3,2026-10-09T18:45:16Z
105,ECDSA-P256,classical,,sign,0.0592,0.0,0.0,0.0,91,138,0,70,512,0,0,0.0,0.8884,nan,edge/x86_64,,3.12.3,2026-10-09T18:45:16Z
105,ECDSA-P256,classical,,verify,0.1325,0.0,0.0,0.0,91,138,0,70,512,0,0,0.0,1.9869,nan,edge/x86_64,,3.12.3,2026-10-09T18:45:16Z
106,ECDSA-P256,classical,,keygen,0.0308,0.0,0.0,0.0,91,138,0,0,0,0,0,0.0,0.4619,nan,edge/x86_64,,3.12.3,2026-10-09T18:45:16Z
106,ECDSA-P256,classical,,sign,0.0594,0.0,0.0,0.0,91,138,0,71,512,0,0,0.0,0.8903,nan,edge/x86_64,,3.12.3,2026-10-09T18:45:16Z
106,ECDSA-P256,classical,,verify,0.1348,0.0,0.0,0.0,91,138,0,71,512,0,0,0.0,2.0226,nan,edge/x86_64,,3.12.3,2026-10-09T18:45:16Z
107,ECDSA-P256,classical,,keygen,0.0279,0.0,0.0,0.0,91,138,0,0,0,0,0,0.0,0.4185,nan,edge/x86_64,,3.12.3,2026-10-09T18:45:16Z
107,ECDSA-P256,classical,,sign,0.0591,0.0,0.0,0.0,91,138,0,71,512,0,0,0.0,0.8859,nan,edge/x86_64,,3.12.3,2026-10-09T18:45:16Z
107,ECDSA-P256,classical,,verify,0.1328,0.0,0.0,0.0,91,138,0,71,512,0,0,0.0,1.9925,nan,edge/x86_64,,3.12.3,2026-10-09T18:45:16Z
108,ECDSA-P256,classical,,keygen,0.028,0.0,0.0,0.0,91,138,0,0,0,0,0,0.0,0.4201,nan,edge/x86_64,,3.12.3,2026-10-09T18:45:16Z
108,ECDSA-P256,classical,,sign,0.0532,0.0,0.0,0.0,91,138,0,70,512,0,0,0.0,0.7978,nan,edge/x86_64,,3.12.3,2026-10-09T18:45:16Z
108,ECDSA-P256,classical,,verify,0.1316,0.0,0.0,0.0,91,138,0,70,512,0,0,0.0,1.9737,nan,edge/x86_64,,3.12.3,2026-10-09T18:45:16Z
109,ECDSA-P256,classical,,keygen,0.0284,0.0,0.0,0.0,91,138,0,0,0,0,0,0.0,0.4265,nan,edge/x86_64,,3.12.3,2026-10-09T18:45:16Z
109,ECDSA-P256,classical,,sign,0.0573,0.0,0.0,0.0,91,138,0,70,512,0,0,0.0,0.86,nan,edge/x86_64,,3.12.3,2026-10-09T18:45:16Z
109,ECDSA-P256,classical,,verify,0.1752,0.0,0.0,0.0,91,138,0,70,512,0,0,0.0,2.6273,nan,edge/x86_64,,3.12.3,2026-10-09T18:45:16Z
110,ECDSA-P256,classical,,keygen,0.0377,0.0,0.0,0.0,91,138,0,0,0,0,0,0.0,0.5649,nan,edge/x86_64,,3.12.3,2026-10-09T18:45:16Z
110,ECDSA-P256,classical,,sign,0.0623,0.0,0.0,0.0,91,138,0,70,512,0,0,0.0,0.9346,nan,edge/x86_64,,3.12.3,2026-10-09T18:45:16Z
110,ECDSA-P256,classical,,verify,0.1822,0.0,0.0,0.0,91,138,0,70,512,0,0,0.0,2.7325,nan,edge/x86_64,,3.12.3,2026-10-09T18:45:16Z
111,ECDSA-P256,classical,,keygen,0.0348,0.0,0.0,0.0,91,138,0,0,0,0,0,0.0,0.5222,nan,edge/x86_64,,3.12.3,2026-10-09T18:45:16Z
111,ECDSA-P256,classical,,sign,0.0661,0.0,0.0,0.0,91,138,0,71,512,0,0,0.0,0.9913,nan,edge/x86_64,,3.12.3,2026-10-09T18:45:16Z
111,ECDSA-P256,classical,,verify,0.1379,0.0,0.0,0.0,91,138,0,71,512,0,0,0.0,2.0692,nan,edge/x86_64,,3.12.3,2026-10-09T18:45:16Z
112,ECDSA-P256,classical,,keygen,0.0313,0.0,0.0,0.0,91,138,0,0,0,0,0,0.0,0.4701,nan,edge/x86_64,,3.12.3,2026-10-09T18:45:16Z
112,ECDSA-P256,classical,,sign,0.0598,0.0,0.0,0.0,91,138,0,71,512,0,0,0.0,0.8965,nan,edge/x86_64,,3.12.3,2026-10-09T18:45:16Z
112,ECDSA-P256,classical,,verify,0.1383,0.0,0.0,0.0,91,138,0,71,512,0,0,0.0,2.0741,nan,edge/x86_64,,3.12.3,2026-10-09T18:45:16Z
113,ECDSA-P256,classical,,keygen,0.0297,0.0,0.0,0.0,91,138,0,0,0,0,0,0.0,0.4459,nan,edge/x86_64,,3.12.3,2026-10-09T18:45:16Z
113,ECDSA-P256,classical,,sign,0.06,0.0,0.0,0.0,91,138,0,70,512,0,0,0.0,0.8996,nan,edge/x86_64,,3.12.3,2026-10-09T18:45:16Z
113,ECDSA-P256,classical,,verify,0.1396,0.0,0.0,0.0,91,138,0,70,512,0,0,0.0,2.0942,nan,edge/x86_64,,3.12.3,2026-10-09T18:45:16Z
114,ECDSA-P256,classical,,keygen,0.0525,0.0,0.0,0.0,91,138,0,0,0,0,0,0.0,0.7882,nan,edge/x86_64,,3.12.3,2026-10-09T18:45:16Z
114,ECDSA-P256,classical,,sign,0.0596,0.0,0.0,0.0,91,138,0,71,512,0,0,0.0,0.8947,nan,edge/x86_64,,3.12.3,2026-10-09T18:45:16Z
114,ECDSA-P256,classical,,verify,0.1345,0.0,0.0,0.0,91,138,0,71,512,0,0,0.0,2.018,nan,edge/x86_64,,3.12.3,2026-10-09T18:45:16Z
115,ECDSA-P256,classical,,keygen,0.0286,0.0,0.0,0.0,91,138,0,0,0,0,0,0.0,0.4297,nan,edge/x86_64,,3.12.3,2026-10-09T18:45:16Z
115,ECDSA-P256,classical,,sign,0.062,0.0,0.0,0.0,91,138,0,71,512,0,0,0.0,0.9294,nan,edge/x86_64,,3.12.3,2026-10-09T18:45:16Z
115,ECDSA-P256,classical,,verify,0.1336,0.0,0.0,0.0,91,138,0,71,512,0,0,0.0,2.0042,nan,edge/x86_64,,3.12.3,2026-10-09T18:45:16Z
116,ECDSA-P256,classical,,keygen,0.0304,0.0,0.0,0.0,91,138,0,0,0,0,0,0.0,0.4562,nan,edge/x86_64,,3.12.3,2026-10-09T18:45:16Z
116,ECDSA-P256,classical,,sign,0.0612,0.0,0.0,0.0,91,138,0,71,512,0,0,0.0,0.9183,nan,edge/x86_64,,3.12.3,2026-10-09T18:45:16Z
116,ECDSA-P256,classical,,verify,0.1777,0.0,0.0,0.0,91,138,0,71,512,0,0,0.0,2.6661,nan,edge/x86_64,,3.12.3,2026-10-09T18:45:16Z
117,ECDSA-P256,classical,,keygen,0.0726,0.0,0.0,0.0,91,138,0,0,0,0,0,0.0,1.0897,nan,edge/x86_64,,3.12.3,2026-10-09T18:45:16Z
117,ECDSA-P256,classical,,sign,0.2046,0.0,0.0,0.0,91,138,0,70,512,0,0,0.0,3.0688,nan,edge/x86_64,,3.12.3,2026-10-09T18:45:16Z
117,ECDSA-P256,classical,,verify,0.2499,0.0,0.0,0.0,91,138,0,70,512,0,0,0.0,3.7479,nan,edge/x86_64,,3.12.3,2026-10-09T18:45:16Z
118,ECDSA-P256,classical,,keygen,0.0412,0.0,0.0,0.0,91,138,0,0,0,0,0,0.0,0.6179,nan,edge/x86_64,,3.12.3,2026-10-09T18:45:16Z
118,ECDSA-P256,classical,,sign,0.0639,0.0,0.0,0.0,91,138,0,71,512,0,0,0.0,0.9589,nan,edge/x86_64,,3.12.3,2026-10-09T18:45:16Z
118,ECDSA-P256,classical,,verify,0.1204,0.0,0.0,0.0,91,138,0,71,512,0,0,0.0,1.8063,nan,edge/x86_64,,3.12.3,2026-10-09T18:45:16Z
119,ECDSA-P256,classical,,keygen,0.0329,0.0,0.0,0.0,91,138,0,0,0,0,0,0.0,0.4936,nan,edge/x86_64,,3.12.3,2026-10-09T18:45:16Z
119,ECDSA-P256,classical,,sign,0.0832,0.0,0.0,0.0,91,138,0,71,512,0,0,0.0,1.2487,nan,edge/x86_64,,3.12.3,2026-10-09T18:45:16Z
119,ECDSA-P256,classical,,verify,0.1291,0.0,0.0,0.0,91,138,0,71,512,0,0,0.0,1.9371,nan,edge/x86_64,,3.12.3,2026-10-09T18:45:16Z
120,ECDSA-P256,classical,,keygen,0.029,0.0,0.0,0.0,91,138,0,0,0,0,0,0.0,0.4349,nan,edge/x86_64,,3.12.3,2026-10-09T18:45:16Z
120,ECDSA-P256,classical,,sign,0.0578,0.0,0.0,0.0,91,138,0,71,512,0,0,0.0,0.8669,nan,edge/x86_64,,3.12.3,2026-10-09T18:45:16Z
120,ECDSA-P256,classical,,verify,0.1315,0.0,0.0,0.0,91,138,0,71,512,0,0,0.0,1.9726,nan,edge/x86_64,,3.12.3,2026-10-09T18:45:16Z
121,ECDSA-P256,classical,,keygen,0.0284,0.0,0.0,0.0,91,138,0,0,0,0,0,0.0,0.4254,nan,edge/x86_64,,3.12.3,2026-10-09T18:45:16Z
121,ECDSA-P256,classical,,sign,0.0591,0.0,0.0,0.0,91,138,0,70,512,0,0,0.0,0.8859,nan,edge/x86_64,,3.12.3,2026-10-09T18:45:16Z
121,ECDSA-P256,classical,,verify,0.1728,0.0,0.0,0.0,91,138,0,70,512,0,0,0.0,2.5921,nan,edge/x86_64,,3.12.3,2026-10-09T18:45:16Z
122,ECDSA-P256,classical,,keygen,0.0354,0.0,0.0,0.0,91,138,0,0,0,0,0,0.0,0.5306,nan,edge/x86_64,,3.12.3,2026-10-09T18:45:16Z
122,ECDSA-P256,classical,,sign,0.0966,0.0,0.0,0.0,91,138,0,71,512,0,0,0.0,1.4486,nan,edge/x86_64,,3.12.3,2026-10-09T18:45:16Z
122,ECDSA-P256,classical,,verify,0.1462,0.0,0.0,0.0,91,138,0,71,512,0,0,0.0,2.1935,nan,edge/x86_64,,3.12.3,2026-10-09T18:45:16Z
123,ECDSA-P256,classical,,keygen,0.0347,0.0,0.0,0.0,91,138,0,0,0,0,0,0.0,0.5208,nan,edge/x86_64,,3.12.3,2026-10-09T18:45:16Z
123,ECDSA-P256,classical,,sign,0.0636,0.0,0.0,0.0,91,138,0,71,512,0,0,0.0,0.9539,nan,edge/x86_64,,3.12.3,2026-10-09T18:45:16Z
123,ECDSA-P256,classical,,verify,0.1394,0.0,0.0,0.0,91,138,0,71,512,0,0,0.0,2.0909,nan,edge/x86_64,,3.12.3,2026-10-09T18:45:16Z
124,ECDSA-P256,classical,,keygen,0.0309,0.0,0.0,0.0,91,138,0,0,0,0,0,0.0,0.4628,nan,edge/x86_64,,3.12.3,2026-10-09T18:45:16Z
124,ECDSA-P256,classical,,sign,0.0585,0.0,0.0,0.0,91,138,0,70,512,0,0,0.0,0.8775,nan,edge/x86_64,,3.12.3,2026-10-09T18:45:16Z
124,ECDSA-P256,classical,,verify,0.1364,0.0,0.0,0.0,91,138,0,70,512,0,0,0.0,2.0466,nan,edge/x86_64,,3.12.3,2026-10-09T18:45:16Z
125,ECDSA-P256,classical,,keygen,0.0333,0.0,0.0,0.0,91,138,0,0,0,0,0,0.0,0.4993,nan,edge/x86_64,,3.12.3,2026-10-09T18:45:16Z
125,ECDSA-P256,classical,,sign,0.0588,0.0,0.0,0.0,91,138,0,70,512,0,0,0.0,0.882,nan,edge/x86_64,,3.12.3,2026-10-09T18:45:16Z
125,ECDSA-P256,classical,,verify,0.1528,0.0,0.0,0.0,91,138,0,70,512,0,0,0.0,2.2914,nan,edge/x86_64,,3.12.3,2026-10-09T18:45:16Z
126,ECDSA-P256,classical,,keygen,0.0311,0.0,0.0,0.0,91,138,0,0,0,0,0,0.0,0.467,nan,edge/x86_64,,3.12.3,2026-10-09T18:45:16Z
126,ECDSA-P256,classical,,sign,0.0584,0.0,0.0,0.0,91,138,0,70,512,0,0,0.0,0.8767,nan,edge/x86_64,,3.12.3,2026-10-09T18:45:16Z
126,ECDSA-P256,classical,,verify,0.1332,0.0,0.0,0.0,91,138,0,70,512,0,0,0.0,1.9984,nan,edge/x86_64,,3.12.3,2026-10-09T18:45:16Z
127,ECDSA-P256,classical,,keygen,0.0289,0.0,0.0,0.0,91,138,0,0,0,0,0,0.0,0.4337,nan,edge/x86_64,,3.12.3,2026-10-09T18:45:16Z
127,ECDSA-P256,classical,,sign,0.0596,0.0,0.0,0.0,91,138,0,70,512,0,0,0.0,0.8935,nan,edge/x86_64,,3.12.3,2026-10-09T18:45:16Z
127,ECDSA-P256,classical,,verify,0.1332,0.0,0.0,0.0,91,138,0,70,512,0,0,0.0,1.9975,nan,edge/x86_64,,3.12.3,2026-10-09T18:45:16Z
128,ECDSA-P256,classical,,keygen,0.0285,0.0,0.0,0.0,91,138,0,0,0,0,0,0.0,0.428,nan,edge/x86_64,,3.12.3,2026-10-09T18:45:16Z
128,ECDSA-P256,classical,,sign,0.07,0.0,0.0,0.0,91,138,0,71,512,0,0,0.0,1.0496,nan,edge/x86_64,,3.12.3,2026-10-09T18:45:16Z
128,ECDSA-P256,classical,,verify,0.1713,0.0,0.0,0.0,91,138,0,71,512,0,0,0.0,2.5692,nan,edge/x86_64,,3.12.3,2026-10-09T18:45:16Z
129,ECDSA-P256,classical,,keygen,0.033,0.0,0.0,0.0,91,138,0,0,0,0,0,0.0,0.4952,nan,edge/x86_64,,3.12.3,2026-10-09T18:45:16Z
129,ECDSA-P256,classical,,sign,0.0655,0.0,0.0,0.0,91,138,0,70,512,0,0,0.0,0.9823,nan,edge/x86_64,,3.12.3,2026-10-09T18:45:16Z
129,ECDSA-P256,classical,,verify,0.1324,0.0,0.0,0.0,91,138,0,70,512,0,0,0.0,1.9859,nan,edge/x86_64,,3.12.3,2026-10-09T18:45:16Z
130,ECDSA-P256,classical,,keygen,0.0296,0.0,0.0,0.0,91,138,0,0,0,0,0,0.0,0.4435,nan,edge/x86_64,,3.12.3,2026-10-09T18:45:16Z
130,ECDSA-P256,classical,,sign,0.0579,0.0,0.0,0.0,91,138,0,71,512,0,0,0.0,0.8684,nan,edge/x86_64,,3.12.3,2026-10-09T18:45:16Z
130,ECDSA-P256,classical,,verify,0.1366,0.0,0.0,0.0,91,138,0,71,512,0,0,0.0,2.0493,nan,edge/x86_64,,3.12.3,2026-10-09T18:45:16Z
131,ECDSA-P256,classical,,keygen,0.03,0.0,0.0,0.0,91,138,0,0,0,0,0,0.0,0.4495,nan,edge/x86_64,,3.12.3,2026-10-09T18:45:16Z
131,ECDSA-P256,classical,,sign,0.0549,0.0,0.0,0.0,91,138,0,71,512,0,0,0.0,0.8229,nan,edge/x86_64,,3.12.3,2026-10-09T18:45:16Z
131,ECDSA-P256,classical,,verify,0.1243,0.0,0.0,0.0,91,138,0,71,512,0,0,0.0,1.8651,nan,edge/x86_64,,3.12.3,2026-10-09T18:45:16Z
132,ECDSA-P256,classical,,keygen,0.028,0.0,0.0,0.0,91,138,0,0,0,0,0,0.0,0.4196,nan,edge/x86_64,,3.12.3,2026-10-09T18:45:16Z
132,ECDSA-P256,classical,,sign,0.0543,0.0,0.0,0.0,91,138,0,71,512,0,0,0.0,0.815,nan,edge/x86_64,,3.12.3,2026-10-09T18:45:16Z
132,ECDSA-P256,classical,,verify,0.1432,0.0,0.0,0.0,91,138,0,71,512,0,0,0.0,2.1474,nan,edge/x86_64,,3.12.3,2026-10-09T18:45:16Z
133,ECDSA-P256,classical,,keygen,0.0294,0.0,0.0,0.0,91,138,0,0,0,0,0,0.0,0.4416,nan,edge/x86_64,,3.12.3,2026-10-09T18:45:16Z
133,ECDSA-P256,classical,,sign,0.057,0.0,0.0,0.0,91,138,0,70,512,0,0,0.0,0.8544,nan,edge/x86_64,,3.12.3,2026-10-09T18:45:16Z
133,ECDSA-P256,classical,,verify,0.1335,0.0,0.0,0.0,91,138,0,70,512,0,0,0.0,2.0019,nan,edge/x86_64,,3.12.3,2026-10-09T18:45:16Z
134,ECDSA-P256,classical,,keygen,0.0282,0.0,0.0,0.0,91,138,0,0,0,0,0,0.0,0.4236,nan,edge/x86_64,,3.12.3,2026-10-09T18:45:16Z
134,ECDSA-P256,classical,,sign,0.0532,0.0,0.0,0.0,91,138,0,72,512,0,0,0.0,0.7981,nan,edge/x86_64,,3.12.3,2026-10-09T18:45:16Z
134,ECDSA-P256,classical,,verify,0.1161,0.0,0.0,0.0,91,138,0,72,512,0,0,0.0,1.7414,nan,edge/x86_64,,3.12.3,2026-10-09T18:45:16Z
135,ECDSA-P256,classical,,keygen,0.0924,0.0,0.0,0.0,91,138,0,0,0,0,0,0.0,1.3863,nan,edge/x86_64,,3.12.3,2026-10-09T18:45:16Z
135,ECDSA-P256,classical,,sign,0.2259,0.0,0.0,0.0,91,138,0,72,512,0,0,0.0,3.3889,nan,edge/x86_64,,3.12.3,2026-10-09T18:45:16Z
135,ECDSA-P256,classical,,verify,0.1643,0.0,0.0,0.0,91,138,0,72,512,0,0,0.0,2.4641,nan,edge/x86_64,,3.12.3,2026-10-09T18:45:16Z
136,ECDSA-P256,classical,,keygen,0.0403,0.0,0.0,0.0,91,138,0,0,0,0,0,0.0,0.6045,nan,edge/x86_64,,3.12.3,2026-10-09T18:45:16Z
136,ECDSA-P256,classical,,sign,0.0674,0.0,0.0,0.0,91,138,0,72,512,0,0,0.0,1.0106,nan,edge/x86_64,,3.12.3,2026-10-09T18:45:16Z
136,ECDSA-P256,classical,,verify,0.1272,0.0,0.0,0.0,91,138,0,72,512,0,0,0.0,1.9076,nan,edge/x86_64,,3.12.3,2026-10-09T18:45:16Z
137,ECDSA-P256,classical,,keygen,0.0284,0.0,0.0,0.0,91,138,0,0,0,0,0,0.0,0.4258,nan,edge/x86_64,,3.12.3,2026-10-09T18:45:16Z
137,ECDSA-P256,classical,,sign,0.0552,0.0,0.0,0.0,91,138,0,71,512,0,0,0.0,0.8274,nan,edge/x86_64,,3.12.3,2026-10-09T18:45:16Z
137,ECDSA-P256,classical,,verify,0.1265,0.0,0.0,0.0,91,138,0,71,512,0,0,0.0,1.8975,nan,edge/x86_64,,3.12.3,2026-10-09T18:45:16Z
138,ECDSA-P256,classical,,keygen,0.0277,0.0,0.0,0.0,91,138,0,0,0,0,0,0.0,0.4148,nan,edge/x86_64,,3.12.3,2026-10-09T18:45:16Z
138,ECDSA-P256,classical,,sign,0.0559,0.0,0.0,0.0,91,138,0,72,512,0,0,0.0,0.839,nan,edge/x86_64,,3.12.3,2026-10-09T18:45:16Z
138,ECDSA-P256,classical,,verify,0.1431,0.0,0.0,0.0,91,138,0,72,512,0,0,0.0,2.1463,nan,edge/x86_64,,3.12.3,2026-10-09T18:45:16Z
139,ECDSA-P256,classical,,keygen,0.0295,0.0,0.0,0.0,91,138,0,0,0,0,0,0.0,0.4427,nan,edge/x86_64,,3.12.3,2026-10-09T18:45:16Z
139,ECDSA-P256,classical,,sign,0.0556,0.0,0.0,0.0,91,138,0,70,512,0,0,0.0,0.8342,nan,edge/x86_64,,3.12.3,2026-10-09T18:45:16Z
139,ECDSA-P256,classical,,verify,0.1275,0.0,0.0,0.0,91,138,0,70,512,0,0,0.0,1.9126,nan,edge/x86_64,,3.12.3,2026-10-09T18:45:16Z
140,ECDSA-P256,classical,,keygen,0.0247,0.0,0.0,0.0,91,138,0,0,0,0,0,0.0,0.3706,nan,edge/x86_64,,3.12.3,2026-10-09T18:45:16Z
140,ECDSA-P256,classical,,sign,0.0597,0.0,0.0,0.0,91,138,0,72,512,0,0,0.0,0.8949,nan,edge/x86_64,,3.12.3,2026-10-09T18:45:16Z
140,ECDSA-P256,classical,,verify,0.1349,0.0,0.0,0.0,91,138,0,72,512,0,0,0.0,2.0236,nan,edge/x86_64,,3.12.3,2026-10-09T18:45:16Z
141,ECDSA-P256,classical,,keygen,0.0302,0.0,0.0,0.0,91,138,0,0,0,0,0,0.0,0.4524,nan,edge/x86_64,,3.12.3,2026-10-09T18:45:16Z
141,ECDSA-P256,classical,,sign,0.0567,0.0,0.0,0.0,91,138,0,71,512,0,0,0.0,0.85,nan,edge/x86_64,,3.12.3,2026-10-09T18:45:16Z
141,ECDSA-P256,classical,,verify,0.1686,0.0,0.0,0.0,91,138,0,71,512,0,0,0.0,2.5287,nan,edge/x86_64,,3.12.3,2026-10-09T18:45:16Z
142,ECDSA-P256,classical,,keygen,0.0341,0.0,0.0,0.0,91,138,0,0,0,0,0,0.0,0.5108,nan,edge/x86_64,,3.12.3,2026-10-09T18:45:16Z
142,ECDSA-P256,classical,,sign,0.0587,0.0,0.0,0.0,91,138,0,70,512,0,0,0.0,0.8805,nan,edge/x86_64,,3.12.3,2026-10-09T18:45:16Z
142,ECDSA-P256,classical,,verify,0.1259,0.0,0.0,0.0,91,138,0,70,512,0,0,0.0,1.8886,nan,edge/x86_64,,3.12.3,2026-10-09T18:45:16Z
143,ECDSA-P256,classical,,keygen,0.0272,0.0,0.0,0.0,91,138,0,0,0,0,0,0.0,0.4083,nan,edge/x86_64,,3.12.3,2026-10-09T18:45:16Z
143,ECDSA-P256,classical,,sign,0.0585,0.0,0.0,0.0,91,138,0,70,512,0,0,0.0,0.8771,nan,edge/x86_64,,3.12.3,2026-10-09T18:45:16Z
143,ECDSA-P256,classical,,verify,0.1323,0.0,0.0,0.0,91,138,0,70,512,0,0,0.0,1.9841,nan,edge/x86_64,,3.12.3,2026-10-09T18:45:16Z
144,ECDSA-P256,classical,,keygen,0.0302,0.0,0.0,0.0,91,138,0,0,0,0,0,0.0,0.4525,nan,edge/x86_64,,3.12.3,2026-10-09T18:45:16Z
144,ECDSA-P256,classical,,sign,0.0597,0.0,0.0,0.0,91,138,0,71,512,0,0,0.0,0.8957,nan,edge/x86_64,,3.12.3,2026-10-09T18:45:16Z
144,ECDSA-P256,classical,,verify,0.1385,0.0,0.0,0.0,91,138,0,71,512,0,0,0.0,2.078,nan,edge/x86_64,,3.12.3,2026-10-09T18:45:16Z
145,ECDSA-P256,classical,,keygen,0.0314,0.0,0.0,0.0,91,138,0,0,0,0,0,0.0,0.4705,nan,edge/x86_64,,3.12.3,2026-10-09T18:45:16Z
145,ECDSA-P256,classical,,sign,0.0564,0.0,0.0,0.0,91,138,0,70,512,0,0,0.0,0.8461,nan,edge/x86_64,,3.12.3,2026-10-09T18:45:16Z
145,ECDSA-P256,classical,,verify,0.1539,0.0,0.0,0.0,91,138,0,70,512,0,0,0.0,2.309,nan,edge/x86_64,,3.12.3,2026-10-09T18:45:16Z
146,ECDSA-P256,classical,,keygen,0.0342,0.0,0.0,0.0,91,138,0,0,0,0,0,0.0,0.5132,nan,edge/x86_64,,3.12.3,2026-10-09T18:45:16Z
146,ECDSA-P256,classical,,sign,0.0602,0.0,0.0,0.0,91,138,0,71,512,0,0,0.0,0.9023,nan,edge/x86_64,,3.12.3,2026-10-09T18:45:16Z
146,ECDSA-P256,classical,,verify,0.1324,0.0,0.0,0.0,91,138,0,71,512,0,0,0.0,1.9859,nan,edge/x86_64,,3.12.3,2026-10-09T18:45:16Z
147,ECDSA-P256,classical,,keygen,0.0307,0.0,0.0,0.0,91,138,0,0,0,0,0,0.0,0.46,nan,edge/x86_64,,3.12.3,2026-10-09T18:45:16Z
147,ECDSA-P256,classical,,sign,0.058,0.0,0.0,0.0,91,138,0,71,512,0,0,0.0,0.8702,nan,edge/x86_64,,3.12.3,2026-10-09T18:45:16Z
147,ECDSA-P256,classical,,verify,0.1316,0.0,0.0,0.0,91,138,0,71,512,0,0,0.0,1.9743,nan,edge/x86_64,,3.12.3,2026-10-09T18:45:16Z
148,ECDSA-P256,classical,,keygen,0.0287,0.0,0.0,0.0,91,138,0,0,0,0,0,0.0,0.4309,nan,edge/x86_64,,3.12.3,2026-10-09T18:45:16Z
148,ECDSA-P256,classical,,sign,0.0984,0.0,0.0,0.0,91,138,0,72,512,0,0,0.0,1.4757,nan,edge/x86_64,,3.12.3,2026-10-09T18:45:16Z
148,ECDSA-P256,classical,,verify,0.3198,0.0,0.0,0.0,91,138,0,72,512,0,0,0.0,4.7974,nan,edge/x86_64,,3.12.3,2026-10-09T18:45:16Z
149,ECDSA-P256,classical,,keygen,0.0405,0.0,0.0,0.0,91,138,0,0,0,0,0,0.0,0.6081,nan,edge/x86_64,,3.12.3,2026-10-09T18:45:16Z
149,ECDSA-P256,classical,,sign,0.0881,0.0,0.0,0.0,91,138,0,72,512,0,0,0.0,1.322,nan,edge/x86_64,,3.12.3,2026-10-09T18:45:16Z
149,ECDSA-P256,classical,,verify,0.1491,0.0,0.0,0.0,91,138,0,72,512,0,0,0.0,2.2371,nan,edge/x86_64,,3.12.3,2026-10-09T18:45:16Z
150,ECDSA-P256,classical,,keygen,0.0276,0.0,0.0,0.0,91,138,0,0,0,0,0,0.0,0.4139,nan,edge/x86_64,,3.12.3,2026-10-09T18:45:16Z
150,ECDSA-P256,classical,,sign,0.0686,0.0,0.0,0.0,91,138,0,72,512,0,0,0.0,1.0296,nan,edge/x86_64,,3.12.3,2026-10-09T18:45:16Z
150,ECDSA-P256,classical,,verify,0.1558,0.0,0.0,0.0,91,138,0,72,512,0,0,0.0,2.3371,nan,edge/x86_64,,3.12.3,2026-10-09T18:45:16Z
151,ECDSA-P256,classical,,keygen,0.0353,0.0,0.0,0.0,91,138,0,0,0,0,0,0.0,0.5296,nan,edge/x86_64,,3.12.3,2026-10-09T18:45:16Z
151,ECDSA-P256,classical,,sign,0.0786,0.0,0.0,0.0,91,138,0,72,512,0,0,0.0,1.1785,nan,edge/x86_64,,3.12.3,2026-10-09T18:45:16Z
151,ECDSA-P256,classical,,verify,0.1402,0.0,0.0,0.0,91,138,0,72,512,0,0,0.0,2.1036,nan,edge/x86_64,,3.12.3,2026-10-09T18:45:16Z
152,ECDSA-P256,classical,,keygen,0.0299,0.0,0.0,0.0,91,138,0,0,0,0,0,0.0,0.448,nan,edge/x86_64,,3.12.3,2026-10-09T18:45:16Z
152,ECDSA-P256,classical,,sign,0.0573,0.0,0.0,0.0,91,138,0,72,512,0,0,0.0,0.8599,nan,edge/x86_64,,3.12.3,2026-10-09T18:45:16Z
152,ECDSA-P256,classical,,verify,0.1244,0.0,0.0,0.0,91,138,0,72,512,0,0,0.0,1.8663,nan,edge/x86_64,,3.12.3,2026-10-09T18:45:16Z
153,ECDSA-P256,classical,,keygen,0.0289,0.0,0.0,0.0,91,138,0,0,0,0,0,0.0,0.4339,nan,edge/x86_64,,3.12.3,2026-10-09T18:45:16Z
153,ECDSA-P256,classical,,sign,0.0562,0.0,0.0,0.0,91,138,0,71,512,0,0,0.0,0.8427,nan,edge/x86_64,,3.12.3,2026-10-09T18:45:16Z
153,ECDSA-P256,classical,,verify,0.1256,0.0,0.0,0.0,91,138,0,71,512,0,0,0.0,1.8835,nan,edge/x86_64,,3.12.3,2026-10-09T18:45:16Z
154,ECDSA-P256,classical,,keygen,0.028,0.0,0.0,0.0,91,138,0,0,0,0,0,0.0,0.4201,nan,edge/x86_64,,3.12.3,2026-10-09T18:45:16Z
154,ECDSA-P256,classical,,sign,0.0541,0.0,0.0,0.0,91,138,0,72,512,0,0,0.0,0.8113,nan,edge/x86_64,,3.12.3,2026-10-09T18:45:16Z
154,ECDSA-P256,classical,,verify,0.126,0.0,0.0,0.0,91,138,0,72,512,0,0,0.0,1.8899,nan,edge/x86_64,,3.12.3,2026-10-09T18:45:16Z
155,ECDSA-P256,classical,,keygen,0.0284,0.0,0.0,0.0,91,138,0,0,0,0,0,0.0,0.426,nan,edge/x86_64,,3.12.3,2026-10-09T18:45:16Z
155,ECDSA-P256,classical,,sign,0.0622,0.0,0.0,0.0,91,138,0,72,512,0,0,0.0,0.933,nan,edge/x86_64,,3.12.3,2026-10-09T18:45:16Z
155,ECDSA-P256,classical,,verify,0.1312,0.0,0.0,0.0,91,138,0,72,512,0,0,0.0,1.9684,nan,edge/x86_64,,3.12.3,2026-10-09T18:45:16Z
156,ECDSA-P256,classical,,keygen,0.029,0.0,0.0,0.0,91,138,0,0,0,0,0,0.0,0.4349,nan,edge/x86_64,,3.12.3,2026-10-09T18:45:16Z
156,ECDSA-P256,classical,,sign,0.0554,0.0,0.0,0.0,91,138,0,71,512,0,0,0.0,0.8312,nan,edge/x86_64,,3.12.3,2026-10-09T18:45:16Z
156,ECDSA-P256,classical,,verify,0.1329,0.0,0.0,0.0,91,138,0,71,512,0,0,0.0,1.9933,nan,edge/x86_64,,3.12.3,2026-10-09T18:45:16Z
157,ECDSA-P256,classical,,keygen,0.0302,0.0,0.0,0.0,91,138,0,0,0,0,0,0.0,0.4537,nan,edge/x86_64,,3.12.3,2026-10-09T18:45:16Z
157,ECDSA-P256,classical,,sign,0.0834,0.0,0.0,0.0,91,138,0,71,512,0,0,0.0,1.2507,nan,edge/x86_64,,3.12.3,2026-10-09T18:45:16Z
157,ECDSA-P256,classical,,verify,0.1256,0.0,0.0,0.0,91,138,0,71,512,0,0,0.0,1.8838,nan,edge/x86_64,,3.12.3,2026-10-09T18:45:16Z
158,ECDSA-P256,classical,,keygen,0.0283,0.0,0.0,0.0,91,138,0,0,0,0,0,0.0,0.4252,nan,edge/x86_64,,3.12.3,2026-10-09T18:45:16Z
158,ECDSA-P256,classical,,sign,0.0563,0.0,0.0,0.0,91,138,0,71,512,0,0,0.0,0.8445,nan,edge/x86_64,,3.12.3,2026-10-09T18:45:16Z
158,ECDSA-P256,classical,,verify,0.1544,0.0,0.0,0.0,91,138,0,71,512,0,0,0.0,2.3162,nan,edge/x86_64,,3.12.3,2026-10-09T18:45:16Z
159,ECDSA-P256,classical,,keygen,0.0296,0.0,0.0,0.0,91,138,0,0,0,0,0,0.0,0.4443,nan,edge/x86_64,,3.12.3,2026-10-09T18:45:16Z
159,ECDSA-P256,classical,,sign,0.0591,0.0,0.0,0.0,91,138,0,71,512,0,0,0.0,0.8866,nan,edge/x86_64,,3.12.3,2026-10-09T18:45:16Z
159,ECDSA-P256,classical,,verify,0.127,0.0,0.0,0.0,91,138,0,71,512,0,0,0.0,1.9053,nan,edge/x86_64,,3.12.3,2026-10-09T18:45:16Z
160,ECDSA-P256,classical,,keygen,0.0283,0.0,0.0,0.0,91,138,0,0,0,0,0,0.0,0.4245,nan,edge/x86_64,,3.12.3,2026-10-09T18:45:16Z
160,ECDSA-P256,classical,,sign,0.0561,0.0,0.0,0.0,91,138,0,70,512,0,0,0.0,0.842,nan,edge/x86_64,,3.12.3,2026-10-09T18:45:16Z
160,ECDSA-P256,classical,,verify,0.1132,0.0,0.0,0.0,91,138,0,70,512,0,0,0.0,1.6985,nan,edge/x86_64,,3.12.3,2026-10-09T18:45:16Z
161,ECDSA-P256,classical,,keygen,0.0748,0.0,0.0,0.0,91,138,0,0,0,0,0,0.0,1.1214,nan,edge/x86_64,,3.12.3,2026-10-09T18:45:16Z
161,ECDSA-P256,classical,,sign,0.0987,0.0,0.0,0.0,91,138,0,71,512,0,0,0.0,1.4798,nan,edge/x86_64,,3.12.3,2026-10-09T18:45:16Z
161,ECDSA-P256,classical,,verify,0.2086,0.0,0.0,0.0,91,138,0,71,512,0,0,0.0,3.1292,nan,edge/x86_64,,3.12.3,2026-10-09T18:45:16Z
162,ECDSA-P256,classical,,keygen,0.0334,0.0,0.0,0.0,91,138,0,0,0,0,0,0.0,0.5007,nan,edge/x86_64,,3.12.3,2026-10-09T18:45:16Z
162,ECDSA-P256,classical,,sign,0.0603,0.0,0.0,0.0,91,138,0,70,512,0,0,0.0,0.9038,nan,edge/x86_64,,3.12.3,2026-10-09T18:45:16Z
162,ECDSA-P256,classical,,verify,0.1194,0.0,0.0,0.0,91,138,0,70,512,0,0,0.0,1.7904,nan,edge/x86_64,,3.12.3,2026-10-09T18:45:16Z
163,ECDSA-P256,classical,,keygen,0.0278,0.0,0.0,0.0,91,138,0,0,0,0,0,0.0,0.4174,nan,edge/x86_64,,3.12.3,2026-10-09T18:45:16Z
163,ECDSA-P256,classical,,sign,0.0539,0.0,0.0,0.0,91,138,0,71,512,0,0,0.0,0.8087,nan,edge/x86_64,,3.12.3,2026-10-09T18:45:16Z
163,ECDSA-P256,classical,,verify,0.1279,0.0,0.0,0.0,91,138,0,71,512,0,0,0.0,1.9182,nan,edge/x86_64,,3.12.3,2026-10-09T18:45:16Z
164,ECDSA-P256,classical,,keygen,0.0275,0.0,0.0,0.0,91,138,0,0,0,0,0,0.0,0.412,nan,edge/x86_64,,3.12.3,2026-10-09T18:45:16Z
164,ECDSA-P256,classical,,sign,0.0539,0.0,0.0,0.0,91,138,0,71,512,0,0,0.0,0.8081,nan,edge/x86_64,,3.12.3,2026-10-09T18:45:16Z
164,ECDSA-P256,classical,,verify,0.1267,0.0,0.0,0.0,91,138,0,71,512,0,0,0.0,1.9001,nan,edge/x86_64,,3.12.3,2026-10-09T18:45:16Z
165,ECDSA-P256,classical,,keygen,0.0284,0.0,0.0,0.0,91,138,0,0,0,0,0,0.0,0.4261,nan,edge/x86_64,,3.12.3,2026-10-09T18:45:16Z
165,ECDSA-P256,classical,,sign,0.0581,0.0,0.0,0.0,91,138,0,72,512,0,0,0.0,0.8712,nan,edge/x86_64,,3.12.3,2026-10-09T18:45:16Z
165,ECDSA-P256,classical,,verify,0.1467,0.0,0.0,0.0,91,138,0,72,512,0,0,0.0,2.2006,nan,edge/x86_64,,3.12.3,2026-10-09T18:45:16Z
166,ECDSA-P256,classical,,keygen,0.0284,0.0,0.0,0.0,91,138,0,0,0,0,0,0.0,0.4263,nan,edge/x86_64,,3.12.3,2026-10-09T18:45:16Z
166,ECDSA-P256,classical,,sign,0.054,0.0,0.0,0.0,91,138,0,70,512,0,0,0.0,0.8094,nan,edge/x86_64,,3.12.3,2026-10-09T18:45:16Z
166,ECDSA-P256,classical,,verify,0.121,0.0,0.0,0.0,91,138,0,70,512,0,0,0.0,1.8148,nan,edge/x86_64,,3.12.3,2026-10-09T18:45:16Z
167,ECDSA-P256,classical,,keygen,0.0272,0.0,0.0,0.0,91,138,0,0,0,0,0,0.0,0.4082,nan,edge/x86_64,,3.12.3,2026-10-09T18:45:16Z
167,ECDSA-P256,classical,,sign,0.0557,0.0,0.0,0.0,91,138,0,70,512,0,0,0.0,0.8354,nan,edge/x86_64,,3.12.3,2026-10-09T18:45:16Z
167,ECDSA-P256,classical,,verify,0.1226,0.0,0.0,0.0,91,138,0,70,512,0,0,0.0,1.8395,nan,edge/x86_64,,3.12.3,2026-10-09T18:45:16Z
168,ECDSA-P256,classical,,keygen,0.0278,0.0,0.0,0.0,91,138,0,0,0,0,0,0.0,0.4164,nan,edge/x86_64,,3.12.3,2026-10-09T18:45:16Z
168,ECDSA-P256,classical,,sign,0.0558,0.0,0.0,0.0,91,138,0,71,512,0,0,0.0,0.8366,nan,edge/x86_64,,3.12.3,2026-10-09T18:45:16Z
168,ECDSA-P256,classical,,verify,0.132,0.0,0.0,0.0,91,138,0,71,512,0,0,0.0,1.9799,nan,edge/x86_64,,3.12.3,2026-10-09T18:45:16Z
169,ECDSA-P256,classical,,keygen,0.0281,0.0,0.0,0.0,91,138,0,0,0,0,0,0.0,0.4214,nan,edge/x86_64,,3.12.3,2026-10-09T18:45:16Z
169,ECDSA-P256,classical,,sign,0.1592,0.0,0.0,0.0,91,138,0,72,512,0,0,0.0,2.3874,nan,edge/x86_64,,3.12.3,2026-10-09T18:45:16Z
169,ECDSA-P256,classical,,verify,0.1686,0.0,0.0,0.0,91,138,0,72,512,0,0,0.0,2.5291,nan,edge/x86_64,,3.12.3,2026-10-09T18:45:16Z
170,ECDSA-P256,classical,,keygen,0.0361,0.0,0.0,0.0,91,138,0,0,0,0,0,0.0,0.5418,nan,edge/x86_64,,3.12.3,2026-10-09T18:45:16Z
170,ECDSA-P256,classical,,sign,0.0579,0.0,0.0,0.0,91,138,0,72,512,0,0,0.0,0.868,nan,edge/x86_64,,3.12.3,2026-10-09T18:45:16Z
170,ECDSA-P256,classical,,verify,0.1252,0.0,0.0,0.0,91,138,0,72,512,0,0,0.0,1.8778,nan,edge/x86_64,,3.12.3,2026-10-09T18:45:16Z
171,ECDSA-P256,classical,,keygen,0.0471,0.0,0.0,0.0,91,138,0,0,0,0,0,0.0,0.7066,nan,edge/x86_64,,3.12.3,2026-10-09T18:45:16Z
171,ECDSA-P256,classical,,sign,0.0952,0.0,0.0,0.0,91,138,0,71,512,0,0,0.0,1.4274,nan,edge/x86_64,,3.12.3,2026-10-09T18:45:16Z
171,ECDSA-P256,classical,,verify,0.1371,0.0,0.0,0.0,91,138,0,71,512,0,0,0.0,2.0565,nan,edge/x86_64,,3.12.3,2026-10-09T18:45:16Z
172,ECDSA-P256,classical,,keygen,0.0275,0.0,0.0,0.0,91,138,0,0,0,0,0,0.0,0.4129,nan,edge/x86_64,,3.12.3,2026-10-09T18:45:16Z
172,ECDSA-P256,classical,,sign,0.0548,0.0,0.0,0.0,91,138,0,72,512,0,0,0.0,0.8226,nan,edge/x86_64,,3.12.3,2026-10-09T18:45:16Z
172,ECDSA-P256,classical,,verify,0.1301,0.0,0.0,0.0,91,138,0,72,512,0,0,0.0,1.9512,nan,edge/x86_64,,3.12.3,2026-10-09T18:45:16Z
173,ECDSA-P256,classical,,keygen,0.0299,0.0,0.0,0.0,91,138,0,0,0,0,0,0.0,0.448,nan,edge/x86_64,,3.12.3,2026-10-09T18:45:16Z
173,ECDSA-P256,classical,,sign,0.0546,0.0,0.0,0.0,91,138,0,71,512,0,0,0.0,0.8188,nan,edge/x86_64,,3.12.3,2026-10-09T18:45:16Z
173,ECDSA-P256,classical,,verify,0.1205,0.0,0.0,0.0,91,138,0,71,512,0,0,0.0,1.8073,nan,edge/x86_64,,3.12.3,2026-10-09T18:45:16Z
174,ECDSA-P256,classical,,keygen,0.0288,0.0,0.0,0.0,91,138,0,0,0,0,0,0.0,0.4314,nan,edge/x86_64,,3.12.3,2026-10-09T18:45:16Z
174,ECDSA-P256,classical,,sign,0.0607,0.0,0.0,0.0,91,138,0,72,512,0,0,0.0,0.9107,nan,edge/x86_64,,3.12.3,2026-10-09T18:45:16Z
174,ECDSA-P256,classical,,verify,0.1324,0.0,0.0,0.0,91,138,0,72,512,0,0,0.0,1.986,nan,edge/x86_64,,3.12.3,2026-10-09T18:45:16Z
175,ECDSA-P256,classical,,keygen,0.0279,0.0,0.0,0.0,91,138,0,0,0,0,0,0.0,0.4184,nan,edge/x86_64,,3.12.3,2026-10-09T18:45:16Z
175,ECDSA-P256,classical,,sign,0.0545,0.0,0.0,0.0,91,138,0,71,512,0,0,0.0,0.8175,nan,edge/x86_64,,3.12.3,2026-10-09T18:45:16Z
175,ECDSA-P256,classical,,verify,0.1274,0.0,0.0,0.0,91,138,0,71,512,0,0,0.0,1.9103,nan,edge/x86_64,,3.12.3,2026-10-09T18:45:16Z
176,ECDSA-P256,classical,,keygen,0.0662,0.0,0.0,0.0,91,138,0,0,0,0,0,0.0,0.9937,nan,edge/x86_64,,3.12.3,2026-10-09T18:45:16Z
176,ECDSA-P256,classical,,sign,0.0703,0.0,0.0,0.0,91,138,0,71,512,0,0,0.0,1.0546,nan,edge/x86_64,,3.12.3,2026-10-09T18:45:16Z
176,ECDSA-P256,classical,,verify,0.1362,0.0,0.0,0.0,91,138,0,71,512,0,0,0.0,2.0423,nan,edge/x86_64,,3.12.3,2026-10-09T18:45:16Z
177,ECDSA-P256,classical,,keygen,0.0308,0.0,0.0,0.0,91,138,0,0,0,0,0,0.0,0.4617,nan,edge/x86_64,,3.12.3,2026-10-09T18:45:16Z
177,ECDSA-P256,classical,,sign,0.0604,0.0,0.0,0.0,91,138,0,72,512,0,0,0.0,0.9064,nan,edge/x86_64,,3.12.3,2026-10-09T18:45:16Z
177,ECDSA-P256,classical,,verify,0.1327,0.0,0.0,0.0,91,138,0,72,512,0,0,0.0,1.99,nan,edge/x86_64,,3.12.3,2026-10-09T18:45:16Z
178,ECDSA-P256,classical,,keygen,0.0285,0.0,0.0,0.0,91,138,0,0,0,0,0,0.0,0.428,nan,edge/x86_64,,3.12.3,2026-10-09T18:45:16Z
178,ECDSA-P256,classical,,sign,0.0576,0.0,0.0,0.0,91,138,0,71,512,0,0,0.0,0.8641,nan,edge/x86_64,,3.12.3,2026-10-09T18:45:16Z
178,ECDSA-P256,classical,,verify,0.1349,0.0,0.0,0.0,91,138,0,71,512,0,0,0.0,2.0237,nan,edge/x86_64,,3.12.3,2026-10-09T18:45:16Z
179,ECDSA-P256,classical,,keygen,0.0298,0.0,0.0,0.0,91,138,0,0,0,0,0,0.0,0.4476,nan,edge/x86_64,,3.12.3,2026-10-09T18:45:16Z
179,ECDSA-P256,classical,,sign,0.1164,0.0,0.0,0.0,91,138,0,72,512,0,0,0.0,1.7461,nan,edge/x86_64,,3.12.3,2026-10-09T18:45:16Z
179,ECDSA-P256,classical,,verify,0.1554,0.0,0.0,0.0,91,138,0,72,512,0,0,0.0,2.331,nan,edge/x86_64,,3.12.3,2026-10-09T18:45:16Z
180,ECDSA-P256,classical,,keygen,0.0334,0.0,0.0,0.0,91,138,0,0,0,0,0,0.0,0.5003,nan,edge/x86_64,,3.12.3,2026-10-09T18:45:16Z
180,ECDSA-P256,classical,,sign,0.0609,0.0,0.0,0.0,91,138,0,70,512,0,0,0.0,0.9137,nan,edge/x86_64,,3.12.3,2026-10-09T18:45:16Z
180,ECDSA-P256,classical,,verify,0.1276,0.0,0.0,0.0,91,138,0,70,512,0,0,0.0,1.9143,nan,edge/x86_64,,3.12.3,2026-10-09T18:45:16Z
181,ECDSA-P256,classical,,keygen,0.0324,0.0,0.0,0.0,91,138,0,0,0,0,0,0.0,0.4864,nan,edge/x86_64,,3.12.3,2026-10-09T18:45:16Z
181,ECDSA-P256,classical,,sign,0.0565,0.0,0.0,0.0,91,138,0,72,512,0,0,0.0,0.8479,nan,edge/x86_64,,3.12.3,2026-10-09T18:45:16Z
181,ECDSA-P256,classical,,verify,0.1249,0.0,0.0,0.0,91,138,0,72,512,0,0,0.0,1.8742,nan,edge/x86_64,,3.12.3,2026-10-09T18:45:16Z
182,ECDSA-P256,classical,,keygen,0.0289,0.0,0.0,0.0,91,138,0,0,0,0,0,0.0,0.4338,nan,edge/x86_64,,3.12.3,2026-10-09T18:45:16Z
182,ECDSA-P256,classical,,sign,0.0542,0.0,0.0,0.0,91,138,0,72,512,0,0,0.0,0.8125,nan,edge/x86_64,,3.12.3,2026-10-09T18:45:16Z
182,ECDSA-P256,classical,,verify,0.2122,0.0,0.0,0.0,91,138,0,72,512,0,0,0.0,3.1834,nan,edge/x86_64,,3.12.3,2026-10-09T18:45:16Z
183,ECDSA-P256,classical,,keygen,0.0434,0.0,0.0,0.0,91,138,0,0,0,0,0,0.0,0.6512,nan,edge/x86_64,,3.12.3,2026-10-09T18:45:16Z
183,ECDSA-P256,classical,,sign,0.0615,0.0,0.0,0.0,91,138,0,71,512,0,0,0.0,0.923,nan,edge/x86_64,,3.12.3,2026-10-09T18:45:16Z
183,ECDSA-P256,classical,,verify,0.1327,0.0,0.0,0.0,91,138,0,71,512,0,0,0.0,1.9903,nan,edge/x86_64,,3.12.3,2026-10-09T18:45:16Z
184,ECDSA-P256,classical,,keygen,0.0553,0.0,0.0,0.0,91,138,0,0,0,0,0,0.0,0.8289,nan,edge/x86_64,,3.12.3,2026-10-09T18:45:16Z
184,ECDSA-P256,classical,,sign,0.0905,0.0,0.0,0.0,91,138,0,70,512,0,0,0.0,1.357,nan,edge/x86_64,,3.12.3,2026-10-09T18:45:16Z
184,ECDSA-P256,classical,,verify,0.1473,0.0,0.0,0.0,91,138,0,70,512,0,0,0.0,2.2093,nan,edge/x86_64,,3.12.3,2026-10-09T18:45:16Z
185,ECDSA-P256,classical,,keygen,0.0281,0.0,0.0,0.0,91,138,0,0,0,0,0,0.0,0.4209,nan,edge/x86_64,,3.12.3,2026-10-09T18:45:16Z
185,ECDSA-P256,classical,,sign,0.0655,0.0,0.0,0.0,91,138,0,72,512,0,0,0.0,0.983,nan,edge/x86_64,,3.12.3,2026-10-09T18:45:16Z
185,ECDSA-P256,classical,,verify,0.1512,0.0,0.0,0.0,91,138,0,72,512,0,0,0.0,2.2678,nan,edge/x86_64,,3.12.3,2026-10-09T18:45:16Z
186,ECDSA-P256,classical,,keygen,0.0293,0.0,0.0,0.0,91,138,0,0,0,0,0,0.0,0.4393,nan,edge/x86_64,,3.12.3,2026-10-09T18:45:16Z
186,ECDSA-P256,classical,,sign,0.0566,0.0,0.0,0.0,91,138,0,72,512,0,0,0.0,0.8495,nan,edge/x86_64,,3.12.3,2026-10-09T18:45:16Z
186,ECDSA-P256,classical,,verify,0.1293,0.0,0.0,0.0,91,138,0,72,512,0,0,0.0,1.9397,nan,edge/x86_64,,3.12.3,2026-10-09T18:45:16Z
187,ECDSA-P256,classical,,keygen,0.0287,0.0,0.0,0.0,91,138,0,0,0,0,0,0.0,0.4305,nan,edge/x86_64,,3.12.3,2026-10-09T18:45:16Z
187,ECDSA-P256,classical,,sign,0.0566,0.0,0.0,0.0,91,138,0,72,512,0,0,0.0,0.8488,nan,edge/x86_64,,3.12.3,2026-10-09T18:45:16Z
187,ECDSA-P256,classical,,verify,0.1315,0.0,0.0,0.0,91,138,0,72,512,0,0,0.0,1.9726,nan,edge/x86_64,,3.12.3,2026-10-09T18:45:16Z
188,ECDSA-P256,classical,,keygen,0.0287,0.0,0.0,0.0,91,138,0,0,0,0,0,0.0,0.4307,nan,edge/x86_64,,3.12.3,2026-10-09T18:45:16Z
188,ECDSA-P256,classical,,sign,0.0552,0.0,0.0,0.0,91,138,0,70,512,0,0,0.0,0.8284,nan,edge/x86_64,,3.12.3,2026-10-09T18:45:16Z
188,ECDSA-P256,classical,,verify,0.1223,0.0,0.0,0.0,91,138,0,70,512,0,0,0.0,1.8347,nan,edge/x86_64,,3.12.3,2026-10-09T18:45:16Z
189,ECDSA-P256,classical,,keygen,0.0298,0.0,0.0,0.0,91,138,0,0,0,0,0,0.0,0.4473,nan,edge/x86_64,,3.12.3,2026-10-09T18:45:16Z
189,ECDSA-P256,classical,,sign,0.0788,0.0,0.0,0.0,91,138,0,71,512,0,0,0.0,1.1814,nan,edge/x86_64,,3.12.3,2026-10-09T18:45:16Z
189,ECDSA-P256,classical,,verify,0.1615,0.0,0.0,0.0,91,138,0,71,512,0,0,0.0,2.4223,nan,edge/x86_64,,3.12.3,2026-10-09T18:45:16Z
190,ECDSA-P256,classical,,keygen,0.0372,0.0,0.0,0.0,91,138,0,0,0,0,0,0.0,0.5573,nan,edge/x86_64,,3.12.3,2026-10-09T18:45:16Z
190,ECDSA-P256,classical,,sign,0.0636,0.0,0.0,0.0,91,138,0,70,512,0,0,0.0,0.954,nan,edge/x86_64,,3.12.3,2026-10-09T18:45:16Z
190,ECDSA-P256,classical,,verify,0.1269,0.0,0.0,0.0,91,138,0,70,512,0,0,0.0,1.9029,nan,edge/x86_64,,3.12.3,2026-10-09T18:45:16Z
191,ECDSA-P256,classical,,keygen,0.0279,0.0,0.0,0.0,91,138,0,0,0,0,0,0.0,0.4182,nan,edge/x86_64,,3.12.3,2026-10-09T18:45:16Z
191,ECDSA-P256,classical,,sign,0.0567,0.0,0.0,0.0,91,138,0,70,512,0,0,0.0,0.8502,nan,edge/x86_64,,3.12.3,2026-10-09T18:45:16Z
191,ECDSA-P256,classical,,verify,0.1339,0.0,0.0,0.0,91,138,0,70,512,0,0,0.0,2.0086,nan,edge/x86_64,,3.12.3,2026-10-09T18:45:16Z
192,ECDSA-P256,classical,,keygen,0.0317,0.0,0.0,0.0,91,138,0,0,0,0,0,0.0,0.4756,nan,edge/x86_64,,3.12.3,2026-10-09T18:45:16Z
192,ECDSA-P256,classical,,sign,0.0582,0.0,0.0,0.0,91,138,0,70,512,0,0,0.0,0.8736,nan,edge/x86_64,,3.12.3,2026-10-09T18:45:16Z
192,ECDSA-P256,classical,,verify,0.2361,0.0,0.0,0.0,91,138,0,70,512,0,0,0.0,3.541,nan,edge/x86_64,,3.12.3,2026-10-09T18:45:16Z
193,ECDSA-P256,classical,,keygen,0.048,0.0,0.0,0.0,91,138,0,0,0,0,0,0.0,0.7197,nan,edge/x86_64,,3.12.3,2026-10-09T18:45:16Z
193,ECDSA-P256,classical,,sign,0.0697,0.0,0.0,0.0,91,138,0,72,512,0,0,0.0,1.045,nan,edge/x86_64,,3.12.3,2026-10-09T18:45:16Z
193,ECDSA-P256,classical,,verify,0.1283,0.0,0.0,0.0,91,138,0,72,512,0,0,0.0,1.9241,nan,edge/x86_64,,3.12.3,2026-10-09T18:45:16Z
194,ECDSA-P256,classical,,keygen,0.0287,0.0,0.0,0.0,91,138,0,0,0,0,0,0.0,0.4312,nan,edge/x86_64,,3.12.3,2026-10-09T18:45:16Z
194,ECDSA-P256,classical,,sign,0.1638,0.0,0.0,0.0,91,138,0,71,512,0,0,0.0,2.4566,nan,edge/x86_64,,3.12.3,2026-10-09T18:45:16Z
194,ECDSA-P256,classical,,verify,0.145,0.0,0.0,0.0,91,138,0,71,512,0,0,0.0,2.1746,nan,edge/x86_64,,3.12.3,2026-10-09T18:45:16Z
195,ECDSA-P256,classical,,keygen,0.0304,0.0,0.0,0.0,91,138,0,0,0,0,0,0.0,0.4553,nan,edge/x86_64,,3.12.3,2026-10-09T18:45:16Z
195,ECDSA-P256,classical,,sign,0.0583,0.0,0.0,0.0,91,138,0,71,512,0,0,0.0,0.8747,nan,edge/x86_64,,3.12.3,2026-10-09T18:45:16Z
195,ECDSA-P256,classical,,verify,0.1454,0.0,0.0,0.0,91,138,0,71,512,0,0,0.0,2.1806,nan,edge/x86_64,,3.12.3,2026-10-09T18:45:16Z
196,ECDSA-P256,classical,,keygen,0.0326,0.0,0.0,0.0,91,138,0,0,0,0,0,0.0,0.4889,nan,edge/x86_64,,3.12.3,2026-10-09T18:45:16Z
196,ECDSA-P256,classical,,sign,0.0579,0.0,0.0,0.0,91,138,0,71,512,0,0,0.0,0.8679,nan,edge/x86_64,,3.12.3,2026-10-09T18:45:16Z
196,ECDSA-P256,classical,,verify,0.125,0.0,0.0,0.0,91,138,0,71,512,0,0,0.0,1.8749,nan,edge/x86_64,,3.12.3,2026-10-09T18:45:16Z
197,ECDSA-P256,classical,,keygen,0.0293,0.0,0.0,0.0,91,138,0,0,0,0,0,0.0,0.4396,nan,edge/x86_64,,3.12.3,2026-10-09T18:45:16Z
197,ECDSA-P256,classical,,sign,0.0576,0.0,0.0,0.0,91,138,0,71,512,0,0,0.0,0.8634,nan,edge/x86_64,,3.12.3,2026-10-09T18:45:16Z
197,ECDSA-P256,classical,,verify,0.1286,0.0,0.0,0.0,91,138,0,71,512,0,0,0.0,1.9291,nan,edge/x86_64,,3.12.3,2026-10-09T18:45:16Z
198,ECDSA-P256,classical,,keygen,0.028,0.0,0.0,0.0,91,138,0,0,0,0,0,0.0,0.4201,nan,edge/x86_64,,3.12.3,2026-10-09T18:45:16Z
198,ECDSA-P256,classical,,sign,0.0541,0.0,0.0,0.0,91,138,0,70,512,0,0,0.0,0.8116,nan,edge/x86_64,,3.12.3,2026-10-09T18:45:16Z
198,ECDSA-P256,classical,,verify,0.1469,0.0,0.0,0.0,91,138,0,70,512,0,0,0.0,2.2038,nan,edge/x86_64,,3.12.3,2026-10-09T18:45:16Z
199,ECDSA-P256,classical,,keygen,0.0285,0.0,0.0,0.0,91,138,0,0,0,0,0,0.0,0.4268,nan,edge/x86_64,,3.12.3,2026-10-09T18:45:16Z
199,ECDSA-P256,classical,,sign,0.1098,0.0,0.0,0.0,91,138,0,72,512,0,0,0.0,1.6464,nan,edge/x86_64,,3.12.3,2026-10-09T18:45:16Z
199,ECDSA-P256,classical,,verify,0.159,0.0,0.0,0.0,91,138,0,72,512,0,0,0.0,2.3852,nan,edge/x86_64,,3.12.3,2026-10-09T18:45:16Z
0,ML-KEM-768+ML-DSA-65,post-quantum,3,wrap_flow,1.1766,0.0,0.0,0.0,0,0,1088,3309,256,4735,4479,1749.61,17.6493,nan,edge/x86_64,unknown,3.12.3,2026-10-09T18:45:16Z
1,ML-KEM-768+ML-DSA-65,post-quantum,3,wrap_flow,0.4788,0.0,0.0,0.0,0,0,1088,3309,256,4735,4479,1749.61,7.1821,nan,edge/x86_64,unknown,3.12.3,2026-10-09T18:45:16Z
2,ML-KEM-768+ML-DSA-65,post-quantum,3,wrap_flow,0.359,0.0,0.0,0.0,0,0,1088,3309,256,4735,4479,1749.61,5.3845,nan,edge/x86_64,unknown,3.12.3,2026-10-09T18:45:16Z
3,ML-KEM-768+ML-DSA-65,post-quantum,3,wrap_flow,0.4157,0.0,0.0,0.0,0,0,1088,3309,256,4735,4479,1749.61,6.2353,nan,edge/x86_64,unknown,3.12.3,2026-10-09T18:45:16Z
4,ML-KEM-768+ML-DSA-65,post-quantum,3,wrap_flow,0.2379,0.0,0.0,0.0,0,0,1088,3309,256,4735,4479,1749.61,3.5685,nan,edge/x86_64,unknown,3.12.3,2026-10-09T18:45:16Z
5,ML-KEM-768+ML-DSA-65,post-quantum,3,wrap_flow,0.1938,0.0,0.0,0.0,0,0,1088,3309,256,4735,4479,1749.61,2.9075,nan,edge/x86_64,unknown,3.12.3,2026-10-09T18:45:16Z
6,ML-KEM-768+ML-DSA-65,post-quantum,3,wrap_flow,0.2195,0.0,0.0,0.0,0,0,1088,3309,256,4735,4479,1749.61,3.293,nan,edge/x86_64,unknown,3.12.3,2026-10-09T18:45:16Z
7,ML-KEM-768+ML-DSA-65,post-quantum,3,wrap_flow,0.4122,0.0,0.0,0.0,0,0,1088,3309,256,4735,4479,1749.61,6.1835,nan,edge/x86_64,unknown,3.12.3,2026-10-09T18:45:16Z
8,ML-KEM-768+ML-DSA-65,post-quantum,3,wrap_flow,0.315,0.0,0.0,0.0,0,0,1088,3309,256,4735,4479,1749.61,4.7254,nan,edge/x86_64,unknown,3.12.3,2026-10-09T18:45:16Z
9,ML-KEM-768+ML-DSA-65,post-quantum,3,wrap_flow,0.2136,0.0,0.0,0.0,0,0,1088,3309,256,4735,4479,1749.61,3.2039,nan,edge/x86_64,unknown,3.12.3,2026-10-09T18:45:16Z
10,ML-KEM-768+ML-DSA-65,post-quantum,3,wrap_flow,0.3939,0.0,0.0,0.0,0,0,1088,3309,256,4735,4479,1749.61,5.9085,nan,edge/x86_64,unknown,3.12.3,2026-10-09T18:45:16Z
11,ML-KEM-768+ML-DSA-65,post-quantum,3,wrap_flow,0.2775,0.0,0.0,0.0,0,0,1088,3309,256,4735,4479,1749.61,4.1623,nan,edge/x86_64,unknown,3.12.3,2026-10-09T18:45:16Z
12,ML-KEM-768+ML-DSA-65,post-quantum,3,wrap_flow,0.2821,0.0,0.0,0.0,0,0,1088,3309,256,4735,4479,1749.61,4.2315,nan,edge/x86_64,unknown,3.12.3,2026-10-09T18:45:16Z
13,ML-KEM-768+ML-DSA-65,post-quantum,3,wrap_flow,0.3618,0.0,0.0,0.0,0,0,1088,3309,256,4735,4479,1749.61,5.4277,nan,edge/x86_64,unknown,3.12.3,2026-10-09T18:45:16Z
14,ML-KEM-768+ML-DSA-65,post-quantum,3,wrap_flow,0.2094,0.0,0.0,0.0,0,0,1088,3309,256,4735,4479,1749.61,3.1407,nan,edge/x86_64,unknown,3.12.3,2026-10-09T18:45:16Z
15,ML-KEM-768+ML-DSA-65,post-quantum,3,wrap_flow,0.2447,0.0,0.0,0.0,0,0,1088,3309,256,4735,4479,1749.61,3.6702,nan,edge/x86_64,unknown,3.12.3,2026-10-09T18:45:16Z
16,ML-KEM-768+ML-DSA-65,post-quantum,3,wrap_flow,0.318,0.0,0.0,0.0,0,0,1088,3309,256,4735,4479,1749.61,4.7702,nan,edge/x86_64,unknown,3.12.3,2026-10-09T18:45:16Z
17,ML-KEM-768+ML-DSA-65,post-quantum,3,wrap_flow,0.4548,0.0,0.0,0.0,0,0,1088,3309,256,4735,4479,1749.61,6.8222,nan,edge/x86_64,unknown,3.12.3,2026-10-09T18:45:16Z
18,ML-KEM-768+ML-DSA-65,post-quantum,3,wrap_flow,0.5304,0.0,0.0,0.0,0,0,1088,3309,256,4735,4479,1749.61,7.9563,nan,edge/x86_64,unknown,3.12.3,2026-10-09T18:45:16Z
19,ML-KEM-768+ML-DSA-65,post-quantum,3,wrap_flow,0.2973,0.0,0.0,0.0,0,0,1088,3309,256,4735,4479,1749.61,4.4602,nan,edge/x86_64,unknown,3.12.3,2026-10-09T18:45:16Z
20,ML-KEM-768+ML-DSA-65,post-quantum,3,wrap_flow,0.1931,0.0,0.0,0.0,0,0,1088,3309,256,4735,4479,1749.61,2.8971,nan,edge/x86_64,unknown,3.12.3,2026-10-09T18:45:16Z
21,ML-KEM-768+ML-DSA-65,post-quantum,3,wrap_flow,0.2566,0.0,0.0,0.0,0,0,1088,3309,256,4735,4479,1749.61,3.8493,nan,edge/x86_64,unknown,3.12.3,2026-10-09T18:45:16Z
22,ML-KEM-768+ML-DSA-65,post-quantum,3,wrap_flow,0.2814,0.0,0.0,0.0,0,0,1088,3309,256,4735,4479,1749.61,4.2208,nan,edge/x86_64,unknown,3.12.3,2026-10-09T18:45:16Z
23,ML-KEM-768+ML-DSA-65,post-quantum,3,wrap_flow,0.3036,0.0,0.0,0.0,0,0,1088,3309,256,4735,4479,1749.61,4.5538,nan,edge/x86_64,unknown,3.12.3,2026-10-09T18:45:16Z
24,ML-KEM-768+ML-DSA-65,post-quantum,3,wrap_flow,0.2744,0.0,0.0,0.0,0,0,1088,3309,256,4735,4479,1749.61,4.1155,nan,edge/x86_64,unknown,3.12.3,2026-10-09T18:45:16Z
25,ML-KEM-768+ML-DSA-65,post-quantum,3,wrap_flow,0.2412,0.0,0.0,0.0,0,0,1088,3309,256,4735,4479,1749.61,3.6174,nan,edge/x86_64,unknown,3.12.3,2026-10-09T18:45:16Z
26,ML-KEM-768+ML-DSA-65,post-quantum,3,wrap_flow,0.4317,0.0,0.0,0.0,0,0,1088,3309,256,4735,4479,1749.61,6.4759,nan,edge/x86_64,unknown,3.12.3,2026-10-09T18:45:16Z
27,ML-KEM-768+ML-DSA-65,post-quantum,3,wrap_flow,0.3966,0.0,0.0,0.0,0,0,1088,3309,256,4735,4479,1749.61,5.9493,nan,edge/x86_64,unknown,3.12.3,2026-10-09T18:45:16Z
28,ML-KEM-768+ML-DSA-65,post-quantum,3,wrap_flow,0.2537,0.0,0.0,0.0,0,0,1088,3309,256,4735,4479,1749.61,3.8057,nan,edge/x86_64,unknown,3.12.3,2026-10-09T18:45:16Z
29,ML-KEM-768+ML-DSA-65,post-quantum,3,wrap_flow,0.2778,0.0,0.0,0.0,0,0,1088,3309,256,4735,4479,1749.61,4.1671,nan,edge/x86_64,unknown,3.12.3,2026-10-09T18:45:16Z
30,ML-KEM-768+ML-DSA-65,post-quantum,3,wrap_flow,0.2343,0.0,0.0,0.0,0,0,1088,3309,256,4735,4479,1749.61,3.5145,nan,edge/x86_64,unknown,3.12.3,2026-10-09T18:45:16Z
31,ML-KEM-768+ML-DSA-65,post-quantum,3,wrap_flow,0.246,0.0,0.0,0.0,0,0,1088,3309,256,4735,4479,1749.61,3.6903,nan,edge/x86_64,unknown,3.12.3,2026-10-09T18:45:16Z
32,ML-KEM-768+ML-DSA-65,post-quantum,3,wrap_flow,0.3318,0.0,0.0,0.0,0,0,1088,3309,256,4735,4479,1749.61,4.9769,nan,edge/x86_64,unknown,3.12.3,2026-10-09T18:45:16Z
33,ML-KEM-768+ML-DSA-65,post-quantum,3,wrap_flow,0.1957,0.0,0.0,0.0,0,0,1088,3309,256,4735,4479,1749.61,2.9357,nan,edge/x86_64,unknown,3.12.3,2026-10-09T18:45:16Z
34,ML-KEM-768+ML-DSA-65,post-quantum,3,wrap_flow,0.4734,0.0,0.0,0.0,0,0,1088,3309,256,4735,4479,1749.61,7.1007,nan,edge/x86_64,unknown,3.12.3,2026-10-09T18:45:16Z
35,ML-KEM-768+ML-DSA-65,post-quantum,3,wrap_flow,0.2745,0.0,0.0,0.0,0,0,1088,3309,256,4735,4479,1749.61,4.1181,nan,edge/x86_64,unknown,3.12.3,2026-10-09T18:45:16Z
36,ML-KEM-768+ML-DSA-65,post-quantum,3,wrap_flow,0.4181,0.0,0.0,0.0,0,0,1088,3309,256,4735,4479,1749.61,6.2721,nan,edge/x86_64,unknown,3.12.3,2026-10-09T18:45:16Z
37,ML-KEM-768+ML-DSA-65,post-quantum,3,wrap_flow,0.2849,0.0,0.0,0.0,0,0,1088,3309,256,4735,4479,1749.61,4.274,nan,edge/x86_64,unknown,3.12.3,2026-10-09T18:45:16Z
38,ML-KEM-768+ML-DSA-65,post-quantum,3,wrap_flow,0.2517,0.0,0.0,0.0,0,0,1088,3309,256,4735,4479,1749.61,3.7759,nan,edge/x86_64,unknown,3.12.3,2026-10-09T18:45:16Z
39,ML-KEM-768+ML-DSA-65,post-quantum,3,wrap_flow,0.1883,0.0,0.0,0.0,0,0,1088,3309,256,4735,4479,1749.61,2.8247,nan,edge/x86_64,unknown,3.12.3,2026-10-09T18:45:16Z
40,ML-KEM-768+ML-DSA-65,post-quantum,3,wrap_flow,0.2766,0.0,0.0,0.0,0,0,1088,3309,256,4735,4479,1749.61,4.1496,nan,edge/x86_64,unknown,3.12.3,2026-10-09T18:45:16Z
41,ML-KEM-768+ML-DSA-65,post-quantum,3,wrap_flow,0.2558,0.0,0.0,0.0,0,0,1088,3309,256,4735,4479,1749.61,3.8369,nan,edge/x86_64,unknown,3.12.3,2026-10-09T18:45:16Z
42,ML-KEM-768+ML-DSA-65,post-quantum,3,wrap_flow,0.2277,0.0,0.0,0.0,0,0,1088,3309,256,4735,4479,1749.61,3.4155,nan,edge/x86_64,unknown,3.12.3,2026-10-09T18:45:16Z
43,ML-KEM-768+ML-DSA-65,post-quantum,3,wrap_flow,0.2519,0.0,0.0,0.0,0,0,1088,3309,256,4735,4479,1749.61,3.7786,nan,edge/x86_64,unknown,3.12.3,2026-10-09T18:45:16Z
44,ML-KEM-768+ML-DSA-65,post-quantum,3,wrap_flow,0.3231,0.0,0.0,0.0,0,0,1088,3309,256,4735,4479,1749.61,4.847,nan,edge/x86_64,unknown,3.12.3,2026-10-09T18:45:16Z
45,ML-KEM-768+ML-DSA-65,post-quantum,3,wrap_flow,0.2387,0.0,0.0,0.0,0,0,1088,3309,256,4735,4479,1749.61,3.5803,nan,edge/x86_64,unknown,3.12.3,2026-10-09T18:45:16Z
46,ML-KEM-768+ML-DSA-65,post-quantum,3,wrap_flow,0.1849,0.0,0.0,0.0,0,0,1088,3309,256,4735,4479,1749.61,2.7741,nan,edge/x86_64,unknown,3.12.3,2026-10-09T18:45:16Z
47,ML-KEM-768+ML-DSA-65,post-quantum,3,wrap_flow,0.5582,0.0,0.0,0.0,0,0,1088,3309,256,4735,4479,1749.61,8.3725,nan,edge/x86_64,unknown,3.12.3,2026-10-09T18:45:16Z
48,ML-KEM-768+ML-DSA-65,post-quantum,3,wrap_flow,0.2308,0.0,0.0,0.0,0,0,1088,3309,256,4735,4479,1749.61,3.462,nan,edge/x86_64,unknown,3.12.3,2026-10-09T18:45:16Z
49,ML-KEM-768+ML-DSA-65,post-quantum,3,wrap_flow,0.1925,0.0,0.0,0.0,0,0,1088,3309,256,4735,4479,1749.61,2.888,nan,edge/x86_64,unknown,3.12.3,2026-10-09T18:45:16Z
50,ML-KEM-768+ML-DSA-65,post-quantum,3,wrap_flow,0.3034,0.0,0.0,0.0,0,0,1088,3309,256,4735,4479,1749.61,4.5505,nan,edge/x86_64,unknown,3.12.3,2026-10-09T18:45:16Z
51,ML-KEM-768+ML-DSA-65,post-quantum,3,wrap_flow,0.3582,0.0,0.0,0.0,0,0,1088,3309,256,4735,4479,1749.61,5.3725,nan,edge/x86_64,unknown,3.12.3,2026-10-09T18:45:16Z
52,ML-KEM-768+ML-DSA-65,post-quantum,3,wrap_flow,0.197,0.0,0.0,0.0,0,0,1088,3309,256,4735,4479,1749.61,2.9546,nan,edge/x86_64,unknown,3.12.3,2026-10-09T18:45:16Z
53,ML-KEM-768+ML-DSA-65,post-quantum,3,wrap_flow,0.2519,0.0,0.0,0.0,0,0,1088,3309,256,4735,4479,1749.61,3.7787,nan,edge/x86_64,unknown,3.12.3,2026-10-09T18:45:16Z
54,ML-KEM-768+ML-DSA-65,post-quantum,3,wrap_flow,0.3628,0.0,0.0,0.0,0,0,1088,3309,256,4735,4479,1749.61,5.4417,nan,edge/x86_64,unknown,3.12.3,2026-10-09T18:45:16Z
55,ML-KEM-768+ML-DSA-65,post-quantum,3,wrap_flow,0.1965,0.0,0.0,0.0,0,0,1088,3309,256,4735,4479,1749.61,2.9475,nan,edge/x86_64,unknown,3.12.3,2026-10-09T18:45:16Z
56,ML-KEM-768+ML-DSA-65,post-quantum,3,wrap_flow,0.1946,0.0,0.0,0.0,0,0,1088,3309,256,4735,4479,1749.61,2.9186,nan,edge/x86_64,unknown,3.12.3,2026-10-09T18:45:16Z
57,ML-KEM-768+ML-DSA-65,post-quantum,3,wrap_flow,0.3432,0.0,0.0,0.0,0,0,1088,3309,256,4735,4479,1749.61,5.1486,nan,edge/x86_64,unknown,3.12.3,2026-10-09T18:45:16Z
58,ML-KEM-768+ML-DSA-65,post-quantum,3,wrap_flow,0.4043,0.0,0.0,0.0,0,0,1088,3309,256,4735,4479,1749.61,6.0648,nan,edge/x86_64,unknown,3.12.3,2026-10-09T18:45:16Z
59,ML-KEM-768+ML-DSA-65,post-quantum,3,wrap_flow,0.4887,0.0,0.0,0.0,0,0,1088,3309,256,4735,4479,1749.61,7.3309,nan,edge/x86_64,unknown,3.12.3,2026-10-09T18:45:16Z
60,ML-KEM-768+ML-DSA-65,post-quantum,3,wrap_flow,0.5335,0.0,0.0,0.0,0,0,1088,3309,256,4735,4479,1749.61,8.0021,nan,edge/x86_64,unknown,3.12.3,2026-10-09T18:45:16Z
61,ML-KEM-768+ML-DSA-65,post-quantum,3,wrap_flow,0.4879,0.0,0.0,0.0,0,0,1088,3309,256,4735,4479,1749.61,7.3188,nan,edge/x86_64,unknown,3.12.3,2026-10-09T18:45:16Z
62,ML-KEM-768+ML-DSA-65,post-quantum,3,wrap_flow,0.3484,0.0,0.0,0.0,0,0,1088,3309,256,4735,4479,1749.61,5.2259,nan,edge/x86_64,unknown,3.12.3,2026-10-09T18:45:16Z
63,ML-KEM-768+ML-DSA-65,post-quantum,3,wrap_flow,0.2362,0.0,0.0,0.0,0,0,1088,3309,256,4735,4479,1749.61,3.5434,nan,edge/x86_64,unknown,3.12.3,2026-10-09T18:45:16Z
64,ML-KEM-768+ML-DSA-65,post-quantum,3,wrap_flow,0.1867,0.0,0.0,0.0,0,0,1088,3309,256,4735,4479,1749.61,2.8011,nan,edge/x86_64,unknown,3.12.3,2026-10-09T18:45:16Z
65,ML-KEM-768+ML-DSA-65,post-quantum,3,wrap_flow,0.1842,0.0,0.0,0.0,0,0,1088,3309,256,4735,4479,1749.61,2.7627,nan,edge/x86_64,unknown,3.12.3,2026-10-09T18:45:16Z
66,ML-KEM-768+ML-DSA-65,post-quantum,3,wrap_flow,0.3897,0.0,0.0,0.0,0,0,1088,3309,256,4735,4479,1749.61,5.8462,nan,edge/x86_64,unknown,3.12.3,2026-10-09T18:45:16Z
67,ML-KEM-768+ML-DSA-65,post-quantum,3,wrap_flow,0.3042,0.0,0.0,0.0,0,0,1088,3309,256,4735,4479,1749.61,4.5635,nan,edge/x86_64,unknown,3.12.3,2026-10-09T18:45:16Z
68,ML-KEM-768+ML-DSA-65,post-quantum,3,wrap_flow,0.5586,0.0,0.0,0.0,0,0,1088,3309,256,4735,4479,1749.61,8.3783,nan,edge/x86_64,unknown,3.12.3,2026-10-09T18:45:16Z
69,ML-KEM-768+ML-DSA-65,post-quantum,3,wrap_flow,0.1707,0.0,0.0,0.0,0,0,1088,3309,256,4735,4479,1749.61,2.5604,nan,edge/x86_64,unknown,3.12.3,2026-10-09T18:45:16Z
70,ML-KEM-768+ML-DSA-65,post-quantum,3,wrap_flow,0.22,0.0,0.0,0.0,0,0,1088,3309,256,4735,4479,1749.61,3.2998,nan,edge/x86_64,unknown,3.12.3,2026-10-09T18:45:16Z
71,ML-KEM-768+ML-DSA-65,post-quantum,3,wrap_flow,0.3096,0.0,0.0,0.0,0,0,1088,3309,256,4735,4479,1749.61,4.6443,nan,edge/x86_64,unknown,3.12.3,2026-10-09T18:45:16Z
72,ML-KEM-768+ML-DSA-65,post-quantum,3,wrap_flow,0.2322,0.0,0.0,0.0,0,0,1088,3309,256,4735,4479,1749.61,3.4836,nan,edge/x86_64,unknown,3.12.3,2026-10-09T18:45:16Z
73,ML-KEM-768+ML-DSA-65,post-quantum,3,wrap_flow,0.3878,0.0,0.0,0.0,0,0,1088,3309,256,4735,4479,1749.61,5.8169,nan,edge/x86_64,unknown,3.12.3,2026-10-09T18:45:16Z
74,ML-KEM-768+ML-DSA-65,post-quantum,3,wrap_flow,0.2078,0.0,0.0,0.0,0,0,1088,3309,256,4735,4479,1749.61,3.1173,nan,edge/x86_64,unknown,3.12.3,2026-10-09T18:45:16Z
75,ML-KEM-768+ML-DSA-65,post-quantum,3,wrap_flow,0.1421,0.0,0.0,0.0,0,0,1088,3309,256,4735,4479,1749.61,2.1308,nan,edge/x86_64,unknown,3.12.3,2026-10-09T18:45:16Z
76,ML-KEM-768+ML-DSA-65,post-quantum,3,wrap_flow,0.1383,0.0,0.0,0.0,0,0,1088,3309,256,4735,4479,1749.61,2.0741,nan,edge/x86_64,unknown,3.12.3,2026-10-09T18:45:16Z
77,ML-KEM-768+ML-DSA-65,post-quantum,3,wrap_flow,0.2251,0.0,0.0,0.0,0,0,1088,3309,256,4735,4479,1749.61,3.3759,nan,edge/x86_64,unknown,3.12.3,2026-10-09T18:45:16Z
78,ML-KEM-768+ML-DSA-65,post-quantum,3,wrap_flow,0.159,0.0,0.0,0.0,0,0,1088,3309,256,4735,4479,1749.61,2.3853,nan,edge/x86_64,unknown,3.12.3,2026-10-09T18:45:16Z
79,ML-KEM-768+ML-DSA-65,post-quantum,3,wrap_flow,0.1622,0.0,0.0,0.0,0,0,1088,3309,256,4735,4479,1749.61,2.433,nan,edge/x86_64,unknown,3.12.3,2026-10-09T18:45:16Z
80,ML-KEM-768+ML-DSA-65,post-quantum,3,wrap_flow,0.2067,0.0,0.0,0.0,0,0,1088,3309,256,4735,4479,1749.61,3.1011,nan,edge/x86_64,unknown,3.12.3,2026-10-09T18:45:16Z
81,ML-KEM-768+ML-DSA-65,post-quantum,3,wrap_flow,0.2205,0.0,0.0,0.0,0,0,1088,3309,256,4735,4479,1749.61,3.3073,nan,edge/x86_64,unknown,3.12.3,2026-10-09T18:45:16Z
82,ML-KEM-768+ML-DSA-65,post-quantum,3,wrap_flow,0.1595,0.0,0.0,0.0,0,0,1088,3309,256,4735,4479,1749.61,2.3924,nan,edge/x86_64,unknown,3.12.3,2026-10-09T18:45:16Z
83,ML-KEM-768+ML-DSA-65,post-quantum,3,wrap_flow,0.1283,0.0,0.0,0.0,0,0,1088,3309,256,4735,4479,1749.61,1.9243,nan,edge/x86_64,unknown,3.12.3,2026-10-09T18:45:16Z
84,ML-KEM-768+ML-DSA-65,post-quantum,3,wrap_flow,0.1979,0.0,0.0,0.0,0,0,1088,3309,256,4735,4479,1749.61,2.9678,nan,edge/x86_64,unknown,3.12.3,2026-10-09T18:45:16Z
85,ML-KEM-768+ML-DSA-65,post-quantum,3,wrap_flow,0.153,0.0,0.0,0.0,0,0,1088,3309,256,4735,4479,1749.61,2.2948,nan,edge/x86_64,unknown,3.12.3,2026-10-09T18:45:16Z
86,ML-KEM-768+ML-DSA-65,post-quantum,3,wrap_flow,0.1445,0.0,0.0,0.0,0,0,1088,3309,256,4735,4479,1749.61,2.1671,nan,edge/x86_64,unknown,3.12.3,2026-10-09T18:45:16Z
87,ML-KEM-768+ML-DSA-65,post-quantum,3,wrap_flow,0.2536,0.0,0.0,0.0,0,0,1088,3309,256,4735,4479,1749.61,3.8034,nan,edge/x86_64,unknown,3.12.3,2026-10-09T18:45:16Z
88,ML-KEM-768+ML-DSA-65,post-quantum,3,wrap_flow,0.1721,0.0,0.0,0.0,0,0,1088,3309,256,4735,4479,1749.61,2.5817,nan,edge/x86_64,unknown,3.12.3,2026-10-09T18:45:16Z
89,ML-KEM-768+ML-DSA-65,post-quantum,3,wrap_flow,0.1251,0.0,0.0,0.0,0,0,1088,3309,256,4735,4479,1749.61,1.8769,nan,edge/x86_64,unknown,3.12.3,2026-10-09T18:45:16Z
90,ML-KEM-768+ML-DSA-65,post-quantum,3,wrap_flow,0.1372,0.0,0.0,0.0,0,0,1088,3309,256,4735,4479,1749.61,2.058,nan,edge/x86_64,unknown,3.12.3,2026-10-09T18:45:16Z
91,ML-KEM-768+ML-DSA-65,post-quantum,3,wrap_flow,0.1595,0.0,0.0,0.0,0,0,1088,3309,256,4735,4479,1749.61,2.3928,nan,edge/x86_64,unknown,3.12.3,2026-10-09T18:45:16Z
92,ML-KEM-768+ML-DSA-65,post-quantum,3,wrap_flow,0.1496,0.0,0.0,0.0,0,0,1088,3309,256,4735,4479,1749.61,2.2436,nan,edge/x86_64,unknown,3.12.3,2026-10-09T18:45:16Z
93,ML-KEM-768+ML-DSA-65,post-quantum,3,wrap_flow,0.1723,0.0,0.0,0.0,0,0,1088,3309,256,4735,4479,1749.61,2.5851,nan,edge/x86_64,unknown,3.12.3,2026-10-09T18:45:16Z
94,ML-KEM-768+ML-DSA-65,post-quantum,3,wrap_flow,0.1403,0.0,0.0,0.0,0,0,1088,3309,256,4735,4479,1749.61,2.105,nan,edge/x86_64,unknown,3.12.3,2026-10-09T18:45:16Z
95,ML-KEM-768+ML-DSA-65,post-quantum,3,wrap_flow,0.1248,0.0,0.0,0.0,0,0,1088,3309,256,4735,4479,1749.61,1.8717,nan,edge/x86_64,unknown,3.12.3,2026-10-09T18:45:16Z
96,ML-KEM-768+ML-DSA-65,post-quantum,3,wrap_flow,0.1534,0.0,0.0,0.0,0,0,1088,3309,256,4735,4479,1749.61,2.3008,nan,edge/x86_64,unknown,3.12.3,2026-10-09T18:45:16Z
97,ML-KEM-768+ML-DSA-65,post-quantum,3,wrap_flow,0.1712,0.0,0.0,0.0,0,0,1088,3309,256,4735,4479,1749.61,2.5675,nan,edge/x86_64,unknown,3.12.3,2026-10-09T18:45:16Z
98,ML-KEM-768+ML-DSA-65,post-quantum,3,wrap_flow,0.1935,0.0,0.0,0.0,0,0,1088,3309,256,4735,4479,1749.61,2.903,nan,edge/x86_64,unknown,3.12.3,2026-10-09T18:45:16Z
99,ML-KEM-768+ML-DSA-65,post-quantum,3,wrap_flow,0.2056,0.0,0.0,0.0,0,0,1088,3309,256,4735,4479,1749.61,3.0841,nan,edge/x86_64,unknown,3.12.3,2026-10-09T18:45:16Z
100,ML-KEM-768+ML-DSA-65,post-quantum,3,wrap_flow,0.1291,0.0,0.0,0.0,0,0,1088,3309,256,4735,4479,1749.61,1.9359,nan,edge/x86_64,unknown,3.12.3,2026-10-09T18:45:16Z
101,ML-KEM-768+ML-DSA-65,post-quantum,3,wrap_flow,0.1253,0.0,0.0,0.0,0,0,1088,3309,256,4735,4479,1749.61,1.8798,nan,edge/x86_64,unknown,3.12.3,2026-10-09T18:45:16Z
102,ML-KEM-768+ML-DSA-65,post-quantum,3,wrap_flow,0.1126,0.0,0.0,0.0,0,0,1088,3309,256,4735,4479,1749.61,1.6887,nan,edge/x86_64,unknown,3.12.3,2026-10-09T18:45:16Z
103,ML-KEM-768+ML-DSA-65,post-quantum,3,wrap_flow,0.2066,0.0,0.0,0.0,0,0,1088,3309,256,4735,4479,1749.61,3.0995,nan,edge/x86_64,unknown,3.12.3,2026-10-09T18:45:16Z
104,ML-KEM-768+ML-DSA-65,post-quantum,3,wrap_flow,0.1343,0.0,0.0,0.0,0,0,1088,3309,256,4735,4479,1749.61,2.0138,nan,edge/x86_64,unknown,3.12.3,2026-10-09T18:45:16Z
105,ML-KEM-768+ML-DSA-65,post-quantum,3,wrap_flow,0.1538,0.0,0.0,0.0,0,0,1088,3309,256,4735,4479,1749.61,2.3076,nan,edge/x86_64,unknown,3.12.3,2026-10-09T18:45:16Z
106,ML-KEM-768+ML-DSA-65,post-quantum,3,wrap_flow,0.2409,0.0,0.0,0.0,0,0,1088,3309,256,4735,4479,1749.61,3.6131,nan,edge/x86_64,unknown,3.12.3,2026-10-09T18:45:16Z
107,ML-KEM-768+ML-DSA-65,post-quantum,3,wrap_flow,0.1398,0.0,0.0,0.0,0,0,1088,3309,256,4735,4479,1749.61,2.0969,nan,edge/x86_64,unknown,3.12.3,2026-10-09T18:45:16Z
108,ML-KEM-768+ML-DSA-65,post-quantum,3,wrap_flow,0.115,0.0,0.0,0.0,0,0,1088,3309,256,4735,4479,1749.61,1.7251,nan,edge/x86_64,unknown,3.12.3,2026-10-09T18:45:16Z
109,ML-KEM-768+ML-DSA-65,post-quantum,3,wrap_flow,0.1135,0.0,0.0,0.0,0,0,1088,3309,256,4735,4479,1749.61,1.7031,nan,edge/x86_64,unknown,3.12.3,2026-10-09T18:45:16Z
110,ML-KEM-768+ML-DSA-65,post-quantum,3,wrap_flow,0.1122,0.0,0.0,0.0,0,0,1088,3309,256,4735,4479,1749.61,1.6834,nan,edge/x86_64,unknown,3.12.3,2026-10-09T18:45:16Z
111,ML-KEM-768+ML-DSA-65,post-quantum,3,wrap_flow,0.2903,0.0,0.0,0.0,0,0,1088,3309,256,4735,4479,1749.61,4.355,nan,edge/x86_64,unknown,3.12.3,2026-10-09T18:45:16Z
112,ML-KEM-768+ML-DSA-65,post-quantum,3,wrap_flow,0.1995,0.0,0.0,0.0,0,0,1088,3309,256,4735,4479,1749.61,2.9932,nan,edge/x86_64,unknown,3.12.3,2026-10-09T18:45:16Z
113,ML-KEM-768+ML-DSA-65,post-quantum,3,wrap_flow,0.1574,0.0,0.0,0.0,0,0,1088,3309,256,4735,4479,1749.61,2.3614,nan,edge/x86_64,unknown,3.12.3,2026-10-09T18:45:16Z
114,ML-KEM-768+ML-DSA-65,post-quantum,3,wrap_flow,0.2998,0.0,0.0,0.0,0,0,1088,3309,256,4735,4479,1749.61,4.4975,nan,edge/x86_64,unknown,3.12.3,2026-10-09T18:45:16Z
115,ML-KEM-768+ML-DSA-65,post-quantum,3,wrap_flow,0.1508,0.0,0.0,0.0,0,0,1088,3309,256,4735,4479,1749.61,2.2627,nan,edge/x86_64,unknown,3.12.3,2026-10-09T18:45:16Z
116,ML-KEM-768+ML-DSA-65,post-quantum,3,wrap_flow,0.196,0.0,0.0,0.0,0,0,1088,3309,256,4735,4479,1749.61,2.9399,nan,edge/x86_64,unknown,3.12.3,2026-10-09T18:45:16Z
117,ML-KEM-768+ML-DSA-65,post-quantum,3,wrap_flow,0.1711,0.0,0.0,0.0,0,0,1088,3309,256,4735,4479,1749.61,2.567,nan,edge/x86_64,unknown,3.12.3,2026-10-09T18:45:16Z
118,ML-KEM-768+ML-DSA-65,post-quantum,3,wrap_flow,0.1326,0.0,0.0,0.0,0,0,1088,3309,256,4735,4479,1749.61,1.9886,nan,edge/x86_64,unknown,3.12.3,2026-10-09T18:45:16Z
119,ML-KEM-768+ML-DSA-65,post-quantum,3,wrap_flow,0.2605,0.0,0.0,0.0,0,0,1088,3309,256,4735,4479,1749.61,3.9081,nan,edge/x86_64,unknown,3.12.3,2026-10-09T18:45:16Z
120,ML-KEM-768+ML-DSA-65,post-quantum,3,wrap_flow,0.1861,0.0,0.0,0.0,0,0,1088,3309,256,4735,4479,1749.61,2.7917,nan,edge/x86_64,unknown,3.12.3,2026-10-09T18:45:16Z
121,ML-KEM-768+ML-DSA-65,post-quantum,3,wrap_flow,0.1715,0.0,0.0,0.0,0,0,1088,3309,256,4735,4479,1749.61,2.5727,nan,edge/x86_64,unknown,3.12.3,2026-10-09T18:45:16Z
122,ML-KEM-768+ML-DSA-65,post-quantum,3,wrap_flow,0.2075,0.0,0.0,0.0,0,0,1088,3309,256,4735,4479,1749.61,3.113,nan,edge/x86_64,unknown,3.12.3,2026-10-09T18:45:16Z
123,ML-KEM-768+ML-DSA-65,post-quantum,3,wrap_flow,0.1633,0.0,0.0,0.0,0,0,1088,3309,256,4735,4479,1749.61,2.4498,nan,edge/x86_64,unknown,3.12.3,2026-10-09T18:45:16Z
124,ML-KEM-768+ML-DSA-65,post-quantum,3,wrap_flow,0.2519,0.0,0.0,0.0,0,0,1088,3309,256,4735,4479,1749.61,3.7792,nan,edge/x86_64,unknown,3.12.3,2026-10-09T18:45:16Z
125,ML-KEM-768+ML-DSA-65,post-quantum,3,wrap_flow,0.1128,0.0,0.0,0.0,0,0,1088,3309,256,4735,4479,1749.61,1.6917,nan,edge/x86_64,unknown,3.12.3,2026-10-09T18:45:16Z
126,ML-KEM-768+ML-DSA-65,post-quantum,3,wrap_flow,0.2121,0.0,0.0,0.0,0,0,1088,3309,256,4735,4479,1749.61,3.1822,nan,edge/x86_64,unknown,3.12.3,2026-10-09T18:45:16Z
127,ML-KEM-768+ML-DSA-65,post-quantum,3,wrap_flow,0.1618,0.0,0.0,0.0,0,0,1088,3309,256,4735,4479,1749.61,2.4264,nan,edge/x86_64,unknown,3.12.3,2026-10-09T18:45:16Z
128,ML-KEM-768+ML-DSA-65,post-quantum,3,wrap_flow,0.148,0.0,0.0,0.0,0,0,1088,3309,256,4735,4479,1749.61,2.2196,nan,edge/x86_64,unknown,3.12.3,2026-10-09T18:45:16Z
129,ML-KEM-768+ML-DSA-65,post-quantum,3,wrap_flow,0.1522,0.0,0.0,0.0,0,0,1088,3309,256,4735,4479,1749.61,2.2826,nan,edge/x86_64,unknown,3.12.3,2026-10-09T18:45:16Z
130,ML-KEM-768+ML-DSA-65,post-quantum,3,wrap_flow,0.139,0.0,0.0,0.0,0,0,1088,3309,256,4735,4479,1749.61,2.0853,nan,edge/x86_64,unknown,3.12.3,2026-10-09T18:45:16Z
131,ML-KEM-768+ML-DSA-65,post-quantum,3,wrap_flow,0.1401,0.0,0.0,0.0,0,0,1088,3309,256,4735,4479,1749.61,2.101,nan,edge/x86_64,unknown,3.12.3,2026-10-09T18:45:16Z
132,ML-KEM-768+ML-DSA-65,post-quantum,3,wrap_flow,0.2271,0.0,0.0,0.0,0,0,1088,3309,256,4735,4479,1749.61,3.4065,nan,edge/x86_64,unknown,3.12.3,2026-10-09T18:45:16Z
133,ML-KEM-768+ML-DSA-65,post-quantum,3,wrap_flow,0.2028,0.0,0.0,0.0,0,0,1088,3309,256,4735,4479,1749.61,3.0421,nan,edge/x86_64,unknown,3.12.3,2026-10-09T18:45:16Z
134,ML-KEM-768+ML-DSA-65,post-quantum,3,wrap_flow,0.1234,0.0,0.0,0.0,0,0,1088,3309,256,4735,4479,1749.61,1.8503,nan,edge/x86_64,unknown,3.12.3,2026-10-09T18:45:16Z
135,ML-KEM-768+ML-DSA-65,post-quantum,3,wrap_flow,0.125,0.0,0.0,0.0,0,0,1088,3309,256,4735,4479,1749.61,1.8743,nan,edge/x86_64,unknown,3.12.3,2026-10-09T18:45:16Z
136,ML-KEM-768+ML-DSA-65,post-quantum,3,wrap_flow,0.1247,0.0,0.0,0.0,0,0,1088,3309,256,4735,4479,1749.61,1.8704,nan,edge/x86_64,unknown,3.12.3,2026-10-09T18:45:16Z
137,ML-KEM-768+ML-DSA-65,post-quantum,3,wrap_flow,0.166,0.0,0.0,0.0,0,0,1088,3309,256,4735,4479,1749.61,2.4894,nan,edge/x86_64,unknown,3.12.3,2026-10-09T18:45:16Z
138,ML-KEM-768+ML-DSA-65,post-quantum,3,wrap_flow,0.2016,0.0,0.0,0.0,0,0,1088,3309,256,4735,4479,1749.61,3.0237,nan,edge/x86_64,unknown,3.12.3,2026-10-09T18:45:16Z
139,ML-KEM-768+ML-DSA-65,post-quantum,3,wrap_flow,0.2269,0.0,0.0,0.0,0,0,1088,3309,256,4735,4479,1749.61,3.4041,nan,edge/x86_64,unknown,3.12.3,2026-10-09T18:45:16Z
140,ML-KEM-768+ML-DSA-65,post-quantum,3,wrap_flow,0.1238,0.0,0.0,0.0,0,0,1088,3309,256,4735,4479,1749.61,1.8564,nan,edge/x86_64,unknown,3.12.3,2026-10-09T18:45:16Z
141,ML-KEM-768+ML-DSA-65,post-quantum,3,wrap_flow,0.2087,0.0,0.0,0.0,0,0,1088,3309,256,4735,4479,1749.61,3.1309,nan,edge/x86_64,unknown,3.12.3,2026-10-09T18:45:16Z
142,ML-KEM-768+ML-DSA-65,post-quantum,3,wrap_flow,0.1352,0.0,0.0,0.0,0,0,1088,3309,256,4735,4479,1749.61,2.0283,nan,edge/x86_64,unknown,3.12.3,2026-10-09T18:45:16Z
143,ML-KEM-768+ML-DSA-65,post-quantum,3,wrap_flow,0.1246,0.0,0.0,0.0,0,0,1088,3309,256,4735,4479,1749.61,1.8697,nan,edge/x86_64,unknown,3.12.3,2026-10-09T18:45:16Z
144,ML-KEM-768+ML-DSA-65,post-quantum,3,wrap_flow,0.1621,0.0,0.0,0.0,0,0,1088,3309,256,4735,4479,1749.61,2.4308,nan,edge/x86_64,unknown,3.12.3,2026-10-09T18:45:16Z
145,ML-KEM-768+ML-DSA-65,post-quantum,3,wrap_flow,0.1156,0.0,0.0,0.0,0,0,1088,3309,256,4735,4479,1749.61,1.7347,nan,edge/x86_64,unknown,3.12.3,2026-10-09T18:45:16Z
146,ML-KEM-768+ML-DSA-65,post-quantum,3,wrap_flow,0.2866,0.0,0.0,0.0,0,0,1088,3309,256,4735,4479,1749.61,4.2989,nan,edge/x86_64,unknown,3.12.3,2026-10-09T18:45:16Z
147,ML-KEM-768+ML-DSA-65,post-quantum,3,wrap_flow,0.1768,0.0,0.0,0.0,0,0,1088,3309,256,4735,4479,1749.61,2.6527,nan,edge/x86_64,unknown,3.12.3,2026-10-09T18:45:16Z
148,ML-KEM-768+ML-DSA-65,post-quantum,3,wrap_flow,0.1531,0.0,0.0,0.0,0,0,1088,3309,256,4735,4479,1749.61,2.2971,nan,edge/x86_64,unknown,3.12.3,2026-10-09T18:45:16Z
149,ML-KEM-768+ML-DSA-65,post-quantum,3,wrap_flow,0.1147,0.0,0.0,0.0,0,0,1088,3309,256,4735,4479,1749.61,1.7209,nan,edge/x86_64,unknown,3.12.3,2026-10-09T18:45:16Z
150,ML-KEM-768+ML-DSA-65,post-quantum,3,wrap_flow,0.2207,0.0,0.0,0.0,0,0,1088,3309,256,4735,4479,1749.61,3.311,nan,edge/x86_64,unknown,3.12.3,2026-10-09T18:45:16Z
151,ML-KEM-768+ML-DSA-65,post-quantum,3,wrap_flow,0.1627,0.0,0.0,0.0,0,0,1088,3309,256,4735,4479,1749.61,2.4403,nan,edge/x86_64,unknown,3.12.3,2026-10-09T18:45:16Z
152,ML-KEM-768+ML-DSA-65,post-quantum,3,wrap_flow,0.1269,0.0,0.0,0.0,0,0,1088,3309,256,4735,4479,1749.61,1.9034,nan,edge/x86_64,unknown,3.12.3,2026-10-09T18:45:16Z
153,ML-KEM-768+ML-DSA-65,post-quantum,3,wrap_flow,0.1379,0.0,0.0,0.0,0,0,1088,3309,256,4735,4479,1749.61,2.0692,nan,edge/x86_64,unknown,3.12.3,2026-10-09T18:45:16Z
154,ML-KEM-768+ML-DSA-65,post-quantum,3,wrap_flow,0.1512,0.0,0.0,0.0,0,0,1088,3309,256,4735,4479,1749.61,2.2677,nan,edge/x86_64,unknown,3.12.3,2026-10-09T18:45:16Z
155,ML-KEM-768+ML-DSA-65,post-quantum,3,wrap_flow,0.2399,0.0,0.0,0.0,0,0,1088,3309,256,4735,4479,1749.61,3.5983,nan,edge/x86_64,unknown,3.12.3,2026-10-09T18:45:16Z
156,ML-KEM-768+ML-DSA-65,post-quantum,3,wrap_flow,0.1406,0.0,0.0,0.0,0,0,1088,3309,256,4735,4479,1749.61,2.1085,nan,edge/x86_64,unknown,3.12.3,2026-10-09T18:45:16Z
157,ML-KEM-768+ML-DSA-65,post-quantum,3,wrap_flow,0.1132,0.0,0.0,0.0,0,0,1088,3309,256,4735,4479,1749.61,1.6973,nan,edge/x86_64,unknown,3.12.3,2026-10-09T18:45:16Z
158,ML-KEM-768+ML-DSA-65,post-quantum,3,wrap_flow,0.1763,0.0,0.0,0.0,0,0,1088,3309,256,4735,4479,1749.61,2.6449,nan,edge/x86_64,unknown,3.12.3,2026-10-09T18:45:16Z
159,ML-KEM-768+ML-DSA-65,post-quantum,3,wrap_flow,0.277,0.0,0.0,0.0,0,0,1088,3309,256,4735,4479,1749.61,4.1543,nan,edge/x86_64,unknown,3.12.3,2026-10-09T18:45:16Z
160,ML-KEM-768+ML-DSA-65,post-quantum,3,wrap_flow,0.1258,0.0,0.0,0.0,0,0,1088,3309,256,4735,4479,1749.61,1.8864,nan,edge/x86_64,unknown,3.12.3,2026-10-09T18:45:16Z
161,ML-KEM-768+ML-DSA-65,post-quantum,3,wrap_flow,0.1876,0.0,0.0,0.0,0,0,1088,3309,256,4735,4479,1749.61,2.8142,nan,edge/x86_64,unknown,3.12.3,2026-10-09T18:45:16Z
162,ML-KEM-768+ML-DSA-65,post-quantum,3,wrap_flow,0.1401,0.0,0.0,0.0,0,0,1088,3309,256,4735,4479,1749.61,2.1009,nan,edge/x86_64,unknown,3.12.3,2026-10-09T18:45:16Z
163,ML-KEM-768+ML-DSA-65,post-quantum,3,wrap_flow,0.1836,0.0,0.0,0.0,0,0,1088,3309,256,4735,4479,1749.61,2.754,nan,edge/x86_64,unknown,3.12.3,2026-10-09T18:45:16Z
164,ML-KEM-768+ML-DSA-65,post-quantum,3,wrap_flow,0.1259,0.0,0.0,0.0,0,0,1088,3309,256,4735,4479,1749.61,1.889,nan,edge/x86_64,unknown,3.12.3,2026-10-09T18:45:16Z
165,ML-KEM-768+ML-DSA-65,post-quantum,3,wrap_flow,0.1649,0.0,0.0,0.0,0,0,1088,3309,256,4735,4479,1749.61,2.473,nan,edge/x86_64,unknown,3.12.3,2026-10-09T18:45:16Z
166,ML-KEM-768+ML-DSA-65,post-quantum,3,wrap_flow,0.265,0.0,0.0,0.0,0,0,1088,3309,256,4735,4479,1749.61,3.9743,nan,edge/x86_64,unknown,3.12.3,2026-10-09T18:45:16Z
167,ML-KEM-768+ML-DSA-65,post-quantum,3,wrap_flow,0.1518,0.0,0.0,0.0,0,0,1088,3309,256,4735,4479,1749.61,2.2764,nan,edge/x86_64,unknown,3.12.3,2026-10-09T18:45:16Z
168,ML-KEM-768+ML-DSA-65,post-quantum,3,wrap_flow,0.163,0.0,0.0,0.0,0,0,1088,3309,256,4735,4479,1749.61,2.4455,nan,edge/x86_64,unknown,3.12.3,2026-10-09T18:45:16Z
169,ML-KEM-768+ML-DSA-65,post-quantum,3,wrap_flow,0.127,0.0,0.0,0.0,0,0,1088,3309,256,4735,4479,1749.61,1.9045,nan,edge/x86_64,unknown,3.12.3,2026-10-09T18:45:16Z
170,ML-KEM-768+ML-DSA-65,post-quantum,3,wrap_flow,0.1119,0.0,0.0,0.0,0,0,1088,3309,256,4735,4479,1749.61,1.6782,nan,edge/x86_64,unknown,3.12.3,2026-10-09T18:45:16Z
171,ML-KEM-768+ML-DSA-65,post-quantum,3,wrap_flow,0.216,0.0,0.0,0.0,0,0,1088,3309,256,4735,4479,1749.61,3.2404,nan,edge/x86_64,unknown,3.12.3,2026-10-09T18:45:16Z
172,ML-KEM-768+ML-DSA-65,post-quantum,3,wrap_flow,0.1119,0.0,0.0,0.0,0,0,1088,3309,256,4735,4479,1749.61,1.6791,nan,edge/x86_64,unknown,3.12.3,2026-10-09T18:45:16Z
173,ML-KEM-768+ML-DSA-65,post-quantum,3,wrap_flow,0.1356,0.0,0.0,0.0,0,0,1088,3309,256,4735,4479,1749.61,2.0338,nan,edge/x86_64,unknown,3.12.3,2026-10-09T18:45:16Z
174,ML-KEM-768+ML-DSA-65,post-quantum,3,wrap_flow,0.3784,0.0,0.0,0.0,0,0,1088,3309,256,4735,4479,1749.61,5.6754,nan,edge/x86_64,unknown,3.12.3,2026-10-09T18:45:16Z
175,ML-KEM-768+ML-DSA-65,post-quantum,3,wrap_flow,0.1393,0.0,0.0,0.0,0,0,1088,3309,256,4735,4479,1749.61,2.0896,nan,edge/x86_64,unknown,3.12.3,2026-10-09T18:45:16Z
176,ML-KEM-768+ML-DSA-65,post-quantum,3,wrap_flow,0.1591,0.0,0.0,0.0,0,0,1088,3309,256,4735,4479,1749.61,2.3871,nan,edge/x86_64,unknown,3.12.3,2026-10-09T18:45:16Z
177,ML-KEM-768+ML-DSA-65,post-quantum,3,wrap_flow,0.2956,0.0,0.0,0.0,0,0,1088,3309,256,4735,4479,1749.61,4.4333,nan,edge/x86_64,unknown,3.12.3,2026-10-09T18:45:16Z
178,ML-KEM-768+ML-DSA-65,post-quantum,3,wrap_flow,0.2154,0.0,0.0,0.0,0,0,1088,3309,256,4735,4479,1749.61,3.2308,nan,edge/x86_64,unknown,3.12.3,2026-10-09T18:45:16Z
179,ML-KEM-768+ML-DSA-65,post-quantum,3,wrap_flow,0.1131,0.0,0.0,0.0,0,0,1088,3309,256,4735,4479,1749.61,1.6959,nan,edge/x86_64,unknown,3.12.3,2026-10-09T18:45:16Z
180,ML-KEM-768+ML-DSA-65,post-quantum,3,wrap_flow,0.1351,0.0,0.0,0.0,0,0,1088,3309,256,4735,4479,1749.61,2.0265,nan,edge/x86_64,unknown,3.12.3,2026-10-09T18:45:16Z
181,ML-KEM-768+ML-DSA-65,post-quantum,3,wrap_flow,0.1121,0.0,0.0,0.0,0,0,1088,3309,256,4735,4479,1749.61,1.6821,nan,edge/x86_64,unknown,3.12.3,2026-10-09T18:45:16Z
182,ML-KEM-768+ML-DSA-65,post-quantum,3,wrap_flow,0.1116,0.0,0.0,0.0,0,0,1088,3309,256,4735,4479,1749.61,1.6735,nan,edge/x86_64,unknown,3.12.3,2026-10-09T18:45:16Z
183,ML-KEM-768+ML-DSA-65,post-quantum,3,wrap_flow,0.1384,0.0,0.0,0.0,0,0,1088,3309,256,4735,4479,1749.61,2.0758,nan,edge/x86_64,unknown,3.12.3,2026-10-09T18:45:16Z
184,ML-KEM-768+ML-DSA-65,post-quantum,3,wrap_flow,0.1738,0.0,0.0,0.0,0,0,1088,3309,256,4735,4479,1749.61,2.6067,nan,edge/x86_64,unknown,3.12.3,2026-10-09T18:45:16Z
185,ML-KEM-768+ML-DSA-65,post-quantum,3,wrap_flow,0.1848,0.0,0.0,0.0,0,0,1088,3309,256,4735,4479,1749.61,2.7719,nan,edge/x86_64,unknown,3.12.3,2026-10-09T18:45:16Z
186,ML-KEM-768+ML-DSA-65,post-quantum,3,wrap_flow,0.1439,0.0,0.0,0.0,0,0,1088,3309,256,4735,4479,1749.61,2.1587,nan,edge/x86_64,unknown,3.12.3,2026-10-09T18:45:16Z
187,ML-KEM-768+ML-DSA-65,post-quantum,3,wrap_flow,0.1713,0.0,0.0,0.0,0,0,1088,3309,256,4735,4479,1749.61,2.5688,nan,edge/x86_64,unknown,3.12.3,2026-10-09T18:45:16Z
188,ML-KEM-768+ML-DSA-65,post-quantum,3,wrap_flow,0.2605,0.0,0.0,0.0,0,0,1088,3309,256,4735,4479,1749.61,3.9082,nan,edge/x86_64,unknown,3.12.3,2026-10-09T18:45:16Z
189,ML-KEM-768+ML-DSA-65,post-quantum,3,wrap_flow,0.1942,0.0,0.0,0.0,0,0,1088,3309,256,4735,4479,1749.61,2.9124,nan,edge/x86_64,unknown,3.12.3,2026-10-09T18:45:16Z
190,ML-KEM-768+ML-DSA-65,post-quantum,3,wrap_flow,0.1236,0.0,0.0,0.0,0,0,1088,3309,256,4735,4479,1749.61,1.854,nan,edge/x86_64,unknown,3.12.3,2026-10-09T18:45:16Z
191,ML-KEM-768+ML-DSA-65,post-quantum,3,wrap_flow,0.1258,0.0,0.0,0.0,0,0,1088,3309,256,4735,4479,1749.61,1.8872,nan,edge/x86_64,unknown,3.12.3,2026-10-09T18:45:16Z
192,ML-KEM-768+ML-DSA-65,post-quantum,3,wrap_flow,0.1889,0.0,0.0,0.0,0,0,1088,3309,256,4735,4479,1749.61,2.833,nan,edge/x86_64,unknown,3.12.3,2026-10-09T18:45:16Z
193,ML-KEM-768+ML-DSA-65,post-quantum,3,wrap_flow,0.1512,0.0,0.0,0.0,0,0,1088,3309,256,4735,4479,1749.61,2.2681,nan,edge/x86_64,unknown,3.12.3,2026-10-09T18:45:16Z
194,ML-KEM-768+ML-DSA-65,post-quantum,3,wrap_flow,0.1889,0.0,0.0,0.0,0,0,1088,3309,256,4735,4479,1749.61,2.833,nan,edge/x86_64,unknown,3.12.3,2026-10-09T18:45:16Z
195,ML-KEM-768+ML-DSA-65,post-quantum,3,wrap_flow,0.1272,0.0,0.0,0.0,0,0,1088,3309,256,4735,4479,1749.61,1.9077,nan,edge/x86_64,unknown,3.12.3,2026-10-09T18:45:16Z
196,ML-KEM-768+ML-DSA-65,post-quantum,3,wrap_flow,0.1213,0.0,0.0,0.0,0,0,1088,3309,256,4735,4479,1749.61,1.82,nan,edge/x86_64,unknown,3.12.3,2026-10-09T18:45:16Z
197,ML-KEM-768+ML-DSA-65,post-quantum,3,wrap_flow,0.2428,0.0,0.0,0.0,0,0,1088,3309,256,4735,4479,1749.61,3.6423,nan,edge/x86_64,unknown,3.12.3,2026-10-09T18:45:16Z
198,ML-KEM-768+ML-DSA-65,post-quantum,3,wrap_flow,0.1815,0.0,0.0,0.0,0,0,1088,3309,256,4735,4479,1749.61,2.7222,nan,edge/x86_64,unknown,3.12.3,2026-10-09T18:45:16Z
199,ML-KEM-768+ML-DSA-65,post-quantum,3,wrap_flow,0.1409,0.0,0.0,0.0,0,0,1088,3309,256,4735,4479,1749.61,2.1133,nan,edge/x86_64,unknown,3.12.3,2026-10-09T18:45:16Z
0,ML-KEM-768+ML-DSA-65,post-quantum,3,wrap_flow,0.1969,0.0,0.0,0.0,0,0,1088,3309,512,4991,4479,874.8,2.9538,nan,edge/x86_64,unknown,3.12.3,2026-10-09T18:45:16Z
1,ML-KEM-768+ML-DSA-65,post-quantum,3,wrap_flow,0.1224,0.0,0.0,0.0,0,0,1088,3309,512,4991,4479,874.8,1.8354,nan,edge/x86_64,unknown,3.12.3,2026-10-09T18:45:16Z
2,ML-KEM-768+ML-DSA-65,post-quantum,3,wrap_flow,0.1388,0.0,0.0,0.0,0,0,1088,3309,512,4991,4479,874.8,2.0815,nan,edge/x86_64,unknown,3.12.3,2026-10-09T18:45:16Z
3,ML-KEM-768+ML-DSA-65,post-quantum,3,wrap_flow,0.1592,0.0,0.0,0.0,0,0,1088,3309,512,4991,4479,874.8,2.3887,nan,edge/x86_64,unknown,3.12.3,2026-10-09T18:45:16Z
4,ML-KEM-768+ML-DSA-65,post-quantum,3,wrap_flow,0.1848,0.0,0.0,0.0,0,0,1088,3309,512,4991,4479,874.8,2.7723,nan,edge/x86_64,unknown,3.12.3,2026-10-09T18:45:16Z
5,ML-KEM-768+ML-DSA-65,post-quantum,3,wrap_flow,0.328,0.0,0.0,0.0,0,0,1088,3309,512,4991,4479,874.8,4.9196,nan,edge/x86_64,unknown,3.12.3,2026-10-09T18:45:16Z
6,ML-KEM-768+ML-DSA-65,post-quantum,3,wrap_flow,0.2681,0.0,0.0,0.0,0,0,1088,3309,512,4991,4479,874.8,4.0213,nan,edge/x86_64,unknown,3.12.3,2026-10-09T18:45:16Z
7,ML-KEM-768+ML-DSA-65,post-quantum,3,wrap_flow,0.1607,0.0,0.0,0.0,0,0,1088,3309,512,4991,4479,874.8,2.4099,nan,edge/x86_64,unknown,3.12.3,2026-10-09T18:45:16Z
8,ML-KEM-768+ML-DSA-65,post-quantum,3,wrap_flow,0.1912,0.0,0.0,0.0,0,0,1088,3309,512,4991,4479,874.8,2.8686,nan,edge/x86_64,unknown,3.12.3,2026-10-09T18:45:16Z
9,ML-KEM-768+ML-DSA-65,post-quantum,3,wrap_flow,0.1166,0.0,0.0,0.0,0,0,1088,3309,512,4991,4479,874.8,1.7489,nan,edge/x86_64,unknown,3.12.3,2026-10-09T18:45:16Z
10,ML-KEM-768+ML-DSA-65,post-quantum,3,wrap_flow,0.1776,0.0,0.0,0.0,0,0,1088,3309,512,4991,4479,874.8,2.6646,nan,edge/x86_64,unknown,3.12.3,2026-10-09T18:45:16Z
11,ML-KEM-768+ML-DSA-65,post-quantum,3,wrap_flow,0.2408,0.0,0.0,0.0,0,0,1088,3309,512,4991,4479,874.8,3.6123,nan,edge/x86_64,unknown,3.12.3,2026-10-09T18:45:16Z
12,ML-KEM-768+ML-DSA-65,post-quantum,3,wrap_flow,0.1666,0.0,0.0,0.0,0,0,1088,3309,512,4991,4479,874.8,2.4997,nan,edge/x86_64,unknown,3.12.3,2026-10-09T18:45:16Z
13,ML-KEM-768+ML-DSA-65,post-quantum,3,wrap_flow,0.2312,0.0,0.0,0.0,0,0,1088,3309,512,4991,4479,874.8,3.4674,nan,edge/x86_64,unknown,3.12.3,2026-10-09T18:45:16Z
14,ML-KEM-768+ML-DSA-65,post-quantum,3,wrap_flow,0.1139,0.0,0.0,0.0,0,0,1088,3309,512,4991,4479,874.8,1.7088,nan,edge/x86_64,unknown,3.12.3,2026-10-09T18:45:16Z
15,ML-KEM-768+ML-DSA-65,post-quantum,3,wrap_flow,0.1705,0.0,0.0,0.0,0,0,1088,3309,512,4991,4479,874.8,2.5578,nan,edge/x86_64,unknown,3.12.3,2026-10-09T18:45:16Z
16,ML-KEM-768+ML-DSA-65,post-quantum,3,wrap_flow,0.1883,0.0,0.0,0.0,0,0,1088,3309,512,4991,4479,874.8,2.825,nan,edge/x86_64,unknown,3.12.3,2026-10-09T18:45:16Z
17,ML-KEM-768+ML-DSA-65,post-quantum,3,wrap_flow,0.2221,0.0,0.0,0.0,0,0,1088,3309,512,4991,4479,874.8,3.332,nan,edge/x86_64,unknown,3.12.3,2026-10-09T18:45:16Z
18,ML-KEM-768+ML-DSA-65,post-quantum,3,wrap_flow,0.2682,0.0,0.0,0.0,0,0,1088,3309,512,4991,4479,874.8,4.0228,nan,edge/x86_64,unknown,3.12.3,2026-10-09T18:45:16Z
19,ML-KEM-768+ML-DSA-65,post-quantum,3,wrap_flow,0.1181,0.0,0.0,0.0,0,0,1088,3309,512,4991,4479,874.8,1.7718,nan,edge/x86_64,unknown,3.12.3,2026-10-09T18:45:16Z
20,ML-KEM-768+ML-DSA-65,post-quantum,3,wrap_flow,0.116,0.0,0.0,0.0,0,0,1088,3309,512,4991,4479,874.8,1.7396,nan,edge/x86_64,unknown,3.12.3,2026-10-09T18:45:16Z
21,ML-KEM-768+ML-DSA-65,post-quantum,3,wrap_flow,0.1537,0.0,0.0,0.0,0,0,1088,3309,512,4991,4479,874.8,2.3049,nan,edge/x86_64,unknown,3.12.3,2026-10-09T18:45:16Z
22,ML-KEM-768+ML-DSA-65,post-quantum,3,wrap_flow,0.2084,0.0,0.0,0.0,0,0,1088,3309,512,4991,4479,874.8,3.1265,nan,edge/x86_64,unknown,3.12.3,2026-10-09T18:45:16Z
23,ML-KEM-768+ML-DSA-65,post-quantum,3,wrap_flow,0.1619,0.0,0.0,0.0,0,0,1088,3309,512,4991,4479,874.8,2.4284,nan,edge/x86_64,unknown,3.12.3,2026-10-09T18:45:16Z
24,ML-KEM-768+ML-DSA-65,post-quantum,3,wrap_flow,0.1255,0.0,0.0,0.0,0,0,1088,3309,512,4991,4479,874.8,1.8826,nan,edge/x86_64,unknown,3.12.3,2026-10-09T18:45:16Z
25,ML-KEM-768+ML-DSA-65,post-quantum,3,wrap_flow,0.1131,0.0,0.0,0.0,0,0,1088,3309,512,4991,4479,874.8,1.6968,nan,edge/x86_64,unknown,3.12.3,2026-10-09T18:45:16Z
26,ML-KEM-768+ML-DSA-65,post-quantum,3,wrap_flow,0.1258,0.0,0.0,0.0,0,0,1088,3309,512,4991,4479,874.8,1.8868,nan,edge/x86_64,unknown,3.12.3,2026-10-09T18:45:16Z
27,ML-KEM-768+ML-DSA-65,post-quantum,3,wrap_flow,0.3,0.0,0.0,0.0,0,0,1088,3309,512,4991,4479,874.8,4.4994,nan,edge/x86_64,unknown,3.12.3,2026-10-09T18:45:16Z
28,ML-KEM-768+ML-DSA-65,post-quantum,3,wrap_flow,0.1724,0.0,0.0,0.0,0,0,1088,3309,512,4991,4479,874.8,2.5862,nan,edge/x86_64,unknown,3.12.3,2026-10-09T18:45:16Z
29,ML-KEM-768+ML-DSA-65,post-quantum,3,wrap_flow,0.1581,0.0,0.0,0.0,0,0,1088,3309,512,4991,4479,874.8,2.3711,nan,edge/x86_64,unknown,3.12.3,2026-10-09T18:45:16Z
30,ML-KEM-768+ML-DSA-65,post-quantum,3,wrap_flow,0.1173,0.0,0.0,0.0,0,0,1088,3309,512,4991,4479,874.8,1.7598,nan,edge/x86_64,unknown,3.12.3,2026-10-09T18:45:16Z
31,ML-KEM-768+ML-DSA-65,post-quantum,3,wrap_flow,0.1634,0.0,0.0,0.0,0,0,1088,3309,512,4991,4479,874.8,2.4511,nan,edge/x86_64,unknown,3.12.3,2026-10-09T18:45:16Z
32,ML-KEM-768+ML-DSA-65,post-quantum,3,wrap_flow,0.2006,0.0,0.0,0.0,0,0,1088,3309,512,4991,4479,874.8,3.0097,nan,edge/x86_64,unknown,3.12.3,2026-10-09T18:45:16Z
33,ML-KEM-768+ML-DSA-65,post-quantum,3,wrap_flow,0.3417,0.0,0.0,0.0,0,0,1088,3309,512,4991,4479,874.8,5.1261,nan,edge/x86_64,unknown,3.12.3,2026-10-09T18:45:16Z
34,ML-KEM-768+ML-DSA-65,post-quantum,3,wrap_flow,0.1486,0.0,0.0,0.0,0,0,1088,3309,512,4991,4479,874.8,2.2284,nan,edge/x86_64,unknown,3.12.3,2026-10-09T18:45:16Z
35,ML-KEM-768+ML-DSA-65,post-quantum,3,wrap_flow,0.1138,0.0,0.0,0.0,0,0,1088,3309,512,4991,4479,874.8,1.7066,nan,edge/x86_64,unknown,3.12.3,2026-10-09T18:45:16Z
36,ML-KEM-768+ML-DSA-65,post-quantum,3,wrap_flow,0.14,0.0,0.0,0.0,0,0,1088,3309,512,4991,4479,874.8,2.0993,nan,edge/x86_64,unknown,3.12.3,2026-10-09T18:45:16Z
37,ML-KEM-768+ML-DSA-65,post-quantum,3,wrap_flow,0.1149,0.0,0.0,0.0,0,0,1088,3309,512,4991,4479,874.8,1.7228,nan,edge/x86_64,unknown,3.12.3,2026-10-09T18:45:16Z
38,ML-KEM-768+ML-DSA-65,post-quantum,3,wrap_flow,0.137,0.0,0.0,0.0,0,0,1088,3309,512,4991,4479,874.8,2.0551,nan,edge/x86_64,unknown,3.12.3,2026-10-09T18:45:16Z
39,ML-KEM-768+ML-DSA-65,post-quantum,3,wrap_flow,0.1159,0.0,0.0,0.0,0,0,1088,3309,512,4991,4479,874.8,1.738,nan,edge/x86_64,unknown,3.12.3,2026-10-09T18:45:16Z
40,ML-KEM-768+ML-DSA-65,post-quantum,3,wrap_flow,0.1976,0.0,0.0,0.0,0,0,1088,3309,512,4991,4479,874.8,2.964,nan,edge/x86_64,unknown,3.12.3,2026-10-09T18:45:16Z
41,ML-KEM-768+ML-DSA-65,post-quantum,3,wrap_flow,0.1263,0.0,0.0,0.0,0,0,1088,3309,512,4991,4479,874.8,1.8939,nan,edge/x86_64,unknown,3.12.3,2026-10-09T18:45:16Z
42,ML-KEM-768+ML-DSA-65,post-quantum,3,wrap_flow,0.1608,0.0,0.0,0.0,0,0,1088,3309,512,4991,4479,874.8,2.4126,nan,edge/x86_64,unknown,3.12.3,2026-10-09T18:45:16Z
43,ML-KEM-768+ML-DSA-65,post-quantum,3,wrap_flow,0.1383,0.0,0.0,0.0,0,0,1088,3309,512,4991,4479,874.8,2.075,nan,edge/x86_64,unknown,3.12.3,2026-10-09T18:45:16Z
44,ML-KEM-768+ML-DSA-65,post-quantum,3,wrap_flow,0.2335,0.0,0.0,0.0,0,0,1088,3309,512,4991,4479,874.8,3.5028,nan,edge/x86_64,unknown,3.12.3,2026-10-09T18:45:16Z
45,ML-KEM-768+ML-DSA-65,post-quantum,3,wrap_flow,0.2511,0.0,0.0,0.0,0,0,1088,3309,512,4991,4479,874.8,3.7659,nan,edge/x86_64,unknown,3.12.3,2026-10-09T18:45:16Z
46,ML-KEM-768+ML-DSA-65,post-quantum,3,wrap_flow,0.1512,0.0,0.0,0.0,0,0,1088,3309,512,4991,4479,874.8,2.2679,nan,edge/x86_64,unknown,3.12.3,2026-10-09T18:45:16Z
47,ML-KEM-768+ML-DSA-65,post-quantum,3,wrap_flow,0.149,0.0,0.0,0.0,0,0,1088,3309,512,4991,4479,874.8,2.2355,nan,edge/x86_64,unknown,3.12.3,2026-10-09T18:45:16Z
48,ML-KEM-768+ML-DSA-65,post-quantum,3,wrap_flow,0.1137,0.0,0.0,0.0,0,0,1088,3309,512,4991,4479,874.8,1.7056,nan,edge/x86_64,unknown,3.12.3,2026-10-09T18:45:16Z
49,ML-KEM-768+ML-DSA-65,post-quantum,3,wrap_flow,0.1247,0.0,0.0,0.0,0,0,1088,3309,512,4991,4479,874.8,1.8698,nan,edge/x86_64,unknown,3.12.3,2026-10-09T18:45:16Z
50,ML-KEM-768+ML-DSA-65,post-quantum,3,wrap_flow,0.1592,0.0,0.0,0.0,0,0,1088,3309,512,4991,4479,874.8,2.3877,nan,edge/x86_64,unknown,3.12.3,2026-10-09T18:45:16Z
51,ML-KEM-768+ML-DSA-65,post-quantum,3,wrap_flow,0.1205,0.0,0.0,0.0,0,0,1088,3309,512,4991,4479,874.8,1.8078,nan,edge/x86_64,unknown,3.12.3,2026-10-09T18:45:16Z
52,ML-KEM-768+ML-DSA-65,post-quantum,3,wrap_flow,0.2062,0.0,0.0,0.0,0,0,1088,3309,512,4991,4479,874.8,3.0929,nan,edge/x86_64,unknown,3.12.3,2026-10-09T18:45:16Z
53,ML-KEM-768+ML-DSA-65,post-quantum,3,wrap_flow,0.1245,0.0,0.0,0.0,0,0,1088,3309,512,4991,4479,874.8,1.8682,nan,edge/x86_64,unknown,3.12.3,2026-10-09T18:45:16Z
54,ML-KEM-768+ML-DSA-65,post-quantum,3,wrap_flow,0.1388,0.0,0.0,0.0,0,0,1088,3309,512,4991,4479,874.8,2.0813,nan,edge/x86_64,unknown,3.12.3,2026-10-09T18:45:16Z
55,ML-KEM-768+ML-DSA-65,post-quantum,3,wrap_flow,0.1147,0.0,0.0,0.0,0,0,1088,3309,512,4991,4479,874.8,1.721,nan,edge/x86_64,unknown,3.12.3,2026-10-09T18:45:16Z
56,ML-KEM-768+ML-DSA-65,post-quantum,3,wrap_flow,0.1351,0.0,0.0,0.0,0,0,1088,3309,512,4991,4479,874.8,2.0267,nan,edge/x86_64,unknown,3.12.3,2026-10-09T18:45:16Z
57,ML-KEM-768+ML-DSA-65,post-quantum,3,wrap_flow,0.1304,0.0,0.0,0.0,0,0,1088,3309,512,4991,4479,874.8,1.9563,nan,edge/x86_64,unknown,3.12.3,2026-10-09T18:45:16Z
58,ML-KEM-768+ML-DSA-65,post-quantum,3,wrap_flow,0.1261,0.0,0.0,0.0,0,0,1088,3309,512,4991,4479,874.8,1.8917,nan,edge/x86_64,unknown,3.12.3,2026-10-09T18:45:16Z
59,ML-KEM-768+ML-DSA-65,post-quantum,3,wrap_flow,0.1453,0.0,0.0,0.0,0,0,1088,3309,512,4991,4479,874.8,2.1796,nan,edge/x86_64,unknown,3.12.3,2026-10-09T18:45:16Z
60,ML-KEM-768+ML-DSA-65,post-quantum,3,wrap_flow,0.1728,0.0,0.0,0.0,0,0,1088,3309,512,4991,4479,874.8,2.5922,nan,edge/x86_64,unknown,3.12.3,2026-10-09T18:45:16Z
61,ML-KEM-768+ML-DSA-65,post-quantum,3,wrap_flow,0.1135,0.0,0.0,0.0,0,0,1088,3309,512,4991,4479,874.8,1.702,nan,edge/x86_64,unknown,3.12.3,2026-10-09T18:45:16Z
62,ML-KEM-768+ML-DSA-65,post-quantum,3,wrap_flow,0.1352,0.0,0.0,0.0,0,0,1088,3309,512,4991,4479,874.8,2.0281,nan,edge/x86_64,unknown,3.12.3,2026-10-09T18:45:16Z
63,ML-KEM-768+ML-DSA-65,post-quantum,3,wrap_flow,0.1261,0.0,0.0,0.0,0,0,1088,3309,512,4991,4479,874.8,1.8909,nan,edge/x86_64,unknown,3.12.3,2026-10-09T18:45:16Z
64,ML-KEM-768+ML-DSA-65,post-quantum,3,wrap_flow,0.1639,0.0,0.0,0.0,0,0,1088,3309,512,4991,4479,874.8,2.4592,nan,edge/x86_64,unknown,3.12.3,2026-10-09T18:45:16Z
65,ML-KEM-768+ML-DSA-65,post-quantum,3,wrap_flow,0.1662,0.0,0.0,0.0,0,0,1088,3309,512,4991,4479,874.8,2.4934,nan,edge/x86_64,unknown,3.12.3,2026-10-09T18:45:16Z
66,ML-KEM-768+ML-DSA-65,post-quantum,3,wrap_flow,0.1656,0.0,0.0,0.0,0,0,1088,3309,512,4991,4479,874.8,2.4844,nan,edge/x86_64,unknown,3.12.3,2026-10-09T18:45:16Z
67,ML-KEM-768+ML-DSA-65,post-quantum,3,wrap_flow,0.1251,0.0,0.0,0.0,0,0,1088,3309,512,4991,4479,874.8,1.8766,nan,edge/x86_64,unknown,3.12.3,2026-10-09T18:45:16Z
68,ML-KEM-768+ML-DSA-65,post-quantum,3,wrap_flow,0.1824,0.0,0.0,0.0,0,0,1088,3309,512,4991,4479,874.8,2.7363,nan,edge/x86_64,unknown,3.12.3,2026-10-09T18:45:16Z
69,ML-KEM-768+ML-DSA-65,post-quantum,3,wrap_flow,0.1604,0.0,0.0,0.0,0,0,1088,3309,512,4991,4479,874.8,2.4065,nan,edge/x86_64,unknown,3.12.3,2026-10-09T18:45:16Z
70,ML-KEM-768+ML-DSA-65,post-quantum,3,wrap_flow,0.1329,0.0,0.0,0.0,0,0,1088,3309,512,4991,4479,874.8,1.9929,nan,edge/x86_64,unknown,3.12.3,2026-10-09T18:45:16Z
71,ML-KEM-768+ML-DSA-65,post-quantum,3,wrap_flow,0.1141,0.0,0.0,0.0,0,0,1088,3309,512,4991,4479,874.8,1.7122,nan,edge/x86_64,unknown,3.12.3,2026-10-09T18:45:16Z
72,ML-KEM-768+ML-DSA-65,post-quantum,3,wrap_flow,0.152,0.0,0.0,0.0,0,0,1088,3309,512,4991,4479,874.8,2.2807,nan,edge/x86_64,unknown,3.12.3,2026-10-09T18:45:16Z
73,ML-KEM-768+ML-DSA-65,post-quantum,3,wrap_flow,0.1657,0.0,0.0,0.0,0,0,1088,3309,512,4991,4479,874.8,2.4853,nan,edge/x86_64,unknown,3.12.3,2026-10-09T18:45:16Z
74,ML-KEM-768+ML-DSA-65,post-quantum,3,wrap_flow,0.2423,0.0,0.0,0.0,0,0,1088,3309,512,4991,4479,874.8,3.6349,nan,edge/x86_64,unknown,3.12.3,2026-10-09T18:45:16Z
75,ML-KEM-768+ML-DSA-65,post-quantum,3,wrap_flow,0.1179,0.0,0.0,0.0,0,0,1088,3309,512,4991,4479,874.8,1.768,nan,edge/x86_64,unknown,3.12.3,2026-10-09T18:45:16Z
76,ML-KEM-768+ML-DSA-65,post-quantum,3,wrap_flow,0.1832,0.0,0.0,0.0,0,0,1088,3309,512,4991,4479,874.8,2.7476,nan,edge/x86_64,unknown,3.12.3,2026-10-09T18:45:16Z
77,ML-KEM-768+ML-DSA-65,post-quantum,3,wrap_flow,0.153,0.0,0.0,0.0,0,0,1088,3309,512,4991,4479,874.8,2.2945,nan,edge/x86_64,unknown,3.12.3,2026-10-09T18:45:16Z
78,ML-KEM-768+ML-DSA-65,post-quantum,3,wrap_flow,0.3337,0.0,0.0,0.0,0,0,1088,3309,512,4991,4479,874.8,5.0058,nan,edge/x86_64,unknown,3.12.3,2026-10-09T18:45:16Z
79,ML-KEM-768+ML-DSA-65,post-quantum,3,wrap_flow,0.1459,0.0,0.0,0.0,0,0,1088,3309,512,4991,4479,874.8,2.1879,nan,edge/x86_64,unknown,3.12.3,2026-10-09T18:45:16Z
80,ML-KEM-768+ML-DSA-65,post-quantum,3,wrap_flow,0.1824,0.0,0.0,0.0,0,0,1088,3309,512,4991,4479,874.8,2.7359,nan,edge/x86_64,unknown,3.12.3,2026-10-09T18:45:16Z
81,ML-KEM-768+ML-DSA-65,post-quantum,3,wrap_flow,0.3936,0.0,0.0,0.0,0,0,1088,3309,512,4991,4479,874.8,5.9034,nan,edge/x86_64,unknown,3.12.3,2026-10-09T18:45:16Z
82,ML-KEM-768+ML-DSA-65,post-quantum,3,wrap_flow,0.1155,0.0,0.0,0.0,0,0,1088,3309,512,4991,4479,874.8,1.7329,nan,edge/x86_64,unknown,3.12.3,2026-10-09T18:45:16Z
83,ML-KEM-768+ML-DSA-65,post-quantum,3,wrap_flow,0.1788,0.0,0.0,0.0,0,0,1088,3309,512,4991,4479,874.8,2.6822,nan,edge/x86_64,unknown,3.12.3,2026-10-09T18:45:16Z
84,ML-KEM-768+ML-DSA-65,post-quantum,3,wrap_flow,0.1965,0.0,0.0,0.0,0,0,1088,3309,512,4991,4479,874.8,2.948,nan,edge/x86_64,unknown,3.12.3,2026-10-09T18:45:16Z
85,ML-KEM-768+ML-DSA-65,post-quantum,3,wrap_flow,0.139,0.0,0.0,0.0,0,0,1088,3309,512,4991,4479,874.8,2.0856,nan,edge/x86_64,unknown,3.12.3,2026-10-09T18:45:16Z
86,ML-KEM-768+ML-DSA-65,post-quantum,3,wrap_flow,0.1551,0.0,0.0,0.0,0,0,1088,3309,512,4991,4479,874.8,2.3264,nan,edge/x86_64,unknown,3.12.3,2026-10-09T18:45:16Z
87,ML-KEM-768+ML-DSA-65,post-quantum,3,wrap_flow,0.1524,0.0,0.0,0.0,0,0,1088,3309,512,4991,4479,874.8,2.2856,nan,edge/x86_64,unknown,3.12.3,2026-10-09T18:45:16Z
88,ML-KEM-768+ML-DSA-65,post-quantum,3,wrap_flow,0.199,0.0,0.0,0.0,0,0,1088,3309,512,4991,4479,874.8,2.985,nan,edge/x86_64,unknown,3.12.3,2026-10-09T18:45:16Z
89,ML-KEM-768+ML-DSA-65,post-quantum,3,wrap_flow,0.1724,0.0,0.0,0.0,0,0,1088,3309,512,4991,4479,874.8,2.5859,nan,edge/x86_64,unknown,3.12.3,2026-10-09T18:45:16Z
90,ML-KEM-768+ML-DSA-65,post-quantum,3,wrap_flow,0.1493,0.0,0.0,0.0,0,0,1088,3309,512,4991,4479,874.8,2.2395,nan,edge/x86_64,unknown,3.12.3,2026-10-09T18:45:16Z
91,ML-KEM-768+ML-DSA-65,post-quantum,3,wrap_flow,0.2604,0.0,0.0,0.0,0,0,1088,3309,512,4991,4479,874.8,3.9055,nan,edge/x86_64,unknown,3.12.3,2026-10-09T18:45:16Z
92,ML-KEM-768+ML-DSA-65,post-quantum,3,wrap_flow,0.1287,0.0,0.0,0.0,0,0,1088,3309,512,4991,4479,874.8,1.9312,nan,edge/x86_64,unknown,3.12.3,2026-10-09T18:45:16Z
93,ML-KEM-768+ML-DSA-65,post-quantum,3,wrap_flow,0.1405,0.0,0.0,0.0,0,0,1088,3309,512,4991,4479,874.8,2.1076,nan,edge/x86_64,unknown,3.12.3,2026-10-09T18:45:16Z
94,ML-KEM-768+ML-DSA-65,post-quantum,3,wrap_flow,0.2551,0.0,0.0,0.0,0,0,1088,3309,512,4991,4479,874.8,3.8264,nan,edge/x86_64,unknown,3.12.3,2026-10-09T18:45:16Z
95,ML-KEM-768+ML-DSA-65,post-quantum,3,wrap_flow,0.1758,0.0,0.0,0.0,0,0,1088,3309,512,4991,4479,874.8,2.6368,nan,edge/x86_64,unknown,3.12.3,2026-10-09T18:45:16Z
96,ML-KEM-768+ML-DSA-65,post-quantum,3,wrap_flow,0.1743,0.0,0.0,0.0,0,0,1088,3309,512,4991,4479,874.8,2.6148,nan,edge/x86_64,unknown,3.12.3,2026-10-09T18:45:16Z
97,ML-KEM-768+ML-DSA-65,post-quantum,3,wrap_flow,0.1163,0.0,0.0,0.0,0,0,1088,3309,512,4991,4479,874.8,1.7445,nan,edge/x86_64,unknown,3.12.3,2026-10-09T18:45:16Z
98,ML-KEM-768+ML-DSA-65,post-quantum,3,wrap_flow,0.1157,0.0,0.0,0.0,0,0,1088,3309,512,4991,4479,874.8,1.7359,nan,edge/x86_64,unknown,3.12.3,2026-10-09T18:45:16Z
99,ML-KEM-768+ML-DSA-65,post-quantum,3,wrap_flow,0.1122,0.0,0.0,0.0,0,0,1088,3309,512,4991,4479,874.8,1.683,nan,edge/x86_64,unknown,3.12.3,2026-10-09T18:45:16Z
100,ML-KEM-768+ML-DSA-65,post-quantum,3,wrap_flow,0.2056,0.0,0.0,0.0,0,0,1088,3309,512,4991,4479,874.8,3.0841,nan,edge/x86_64,unknown,3.12.3,2026-10-09T18:45:16Z
101,ML-KEM-768+ML-DSA-65,post-quantum,3,wrap_flow,0.1753,0.0,0.0,0.0,0,0,1088,3309,512,4991,4479,874.8,2.6288,nan,edge/x86_64,unknown,3.12.3,2026-10-09T18:45:16Z
102,ML-KEM-768+ML-DSA-65,post-quantum,3,wrap_flow,0.4142,0.0,0.0,0.0,0,0,1088,3309,512,4991,4479,874.8,6.2125,nan,edge/x86_64,unknown,3.12.3,2026-10-09T18:45:16Z
103,ML-KEM-768+ML-DSA-65,post-quantum,3,wrap_flow,0.1947,0.0,0.0,0.0,0,0,1088,3309,512,4991,4479,874.8,2.9212,nan,edge/x86_64,unknown,3.12.3,2026-10-09T18:45:16Z
104,ML-KEM-768+ML-DSA-65,post-quantum,3,wrap_flow,0.2067,0.0,0.0,0.0,0,0,1088,3309,512,4991,4479,874.8,3.101,nan,edge/x86_64,unknown,3.12.3,2026-10-09T18:45:16Z
105,ML-KEM-768+ML-DSA-65,post-quantum,3,wrap_flow,0.1122,0.0,0.0,0.0,0,0,1088,3309,512,4991,4479,874.8,1.6835,nan,edge/x86_64,unknown,3.12.3,2026-10-09T18:45:16Z
106,ML-KEM-768+ML-DSA-65,post-quantum,3,wrap_flow,0.1251,0.0,0.0,0.0,0,0,1088,3309,512,4991,4479,874.8,1.8771,nan,edge/x86_64,unknown,3.12.3,2026-10-09T18:45:16Z
107,ML-KEM-768+ML-DSA-65,post-quantum,3,wrap_flow,0.1305,0.0,0.0,0.0,0,0,1088,3309,512,4991,4479,874.8,1.957,nan,edge/x86_64,unknown,3.12.3,2026-10-09T18:45:16Z
108,ML-KEM-768+ML-DSA-65,post-quantum,3,wrap_flow,0.3335,0.0,0.0,0.0,0,0,1088,3309,512,4991,4479,874.8,5.0027,nan,edge/x86_64,unknown,3.12.3,2026-10-09T18:45:16Z
109,ML-KEM-768+ML-DSA-65,post-quantum,3,wrap_flow,0.1544,0.0,0.0,0.0,0,0,1088,3309,512,4991,4479,874.8,2.316,nan,edge/x86_64,unknown,3.12.3,2026-10-09T18:45:16Z
110,ML-KEM-768+ML-DSA-65,post-quantum,3,wrap_flow,0.2126,0.0,0.0,0.0,0,0,1088,3309,512,4991,4479,874.8,3.1884,nan,edge/x86_64,unknown,3.12.3,2026-10-09T18:45:16Z
111,ML-KEM-768+ML-DSA-65,post-quantum,3,wrap_flow,0.2175,0.0,0.0,0.0,0,0,1088,3309,512,4991,4479,874.8,3.2624,nan,edge/x86_64,unknown,3.12.3,2026-10-09T18:45:16Z
112,ML-KEM-768+ML-DSA-65,post-quantum,3,wrap_flow,0.1467,0.0,0.0,0.0,0,0,1088,3309,512,4991,4479,874.8,2.2011,nan,edge/x86_64,unknown,3.12.3,2026-10-09T18:45:16Z
113,ML-KEM-768+ML-DSA-65,post-quantum,3,wrap_flow,0.1644,0.0,0.0,0.0,0,0,1088,3309,512,4991,4479,874.8,2.4656,nan,edge/x86_64,unknown,3.12.3,2026-10-09T18:45:16Z
114,ML-KEM-768+ML-DSA-65,post-quantum,3,wrap_flow,0.1586,0.0,0.0,0.0,0,0,1088,3309,512,4991,4479,874.8,2.3788,nan,edge/x86_64,unknown,3.12.3,2026-10-09T18:45:16Z
115,ML-KEM-768+ML-DSA-65,post-quantum,3,wrap_flow,0.1625,0.0,0.0,0.0,0,0,1088,3309,512,4991,4479,874.8,2.4382,nan,edge/x86_64,unknown,3.12.3,2026-10-09T18:45:16Z
116,ML-KEM-768+ML-DSA-65,post-quantum,3,wrap_flow,0.1518,0.0,0.0,0.0,0,0,1088,3309,512,4991,4479,874.8,2.2766,nan,edge/x86_64,unknown,3.12.3,2026-10-09T18:45:16Z
117,ML-KEM-768+ML-DSA-65,post-quantum,3,wrap_flow,0.1902,0.0,0.0,0.0,0,0,1088,3309,512,4991,4479,874.8,2.8527,nan,edge/x86_64,unknown,3.12.3,2026-10-09T18:45:16Z
118,ML-KEM-768+ML-DSA-65,post-quantum,3,wrap_flow,0.2059,0.0,0.0,0.0,0,0,1088,3309,512,4991,4479,874.8,3.088,nan,edge/x86_64,unknown,3.12.3,2026-10-09T18:45:16Z
119,ML-KEM-768+ML-DSA-65,post-quantum,3,wrap_flow,0.2309,0.0,0.0,0.0,0,0,1088,3309,512,4991,4479,874.8,3.4629,nan,edge/x86_64,unknown,3.12.3,2026-10-09T18:45:16Z
120,ML-KEM-768+ML-DSA-65,post-quantum,3,wrap_flow,0.2543,0.0,0.0,0.0,0,0,1088,3309,512,4991,4479,874.8,3.8149,nan,edge/x86_64,unknown,3.12.3,2026-10-09T18:45:16Z
121,ML-KEM-768+ML-DSA-65,post-quantum,3,wrap_flow,0.1368,0.0,0.0,0.0,0,0,1088,3309,512,4991,4479,874.8,2.0517,nan,edge/x86_64,unknown,3.12.3,2026-10-09T18:45:16Z
122,ML-KEM-768+ML-DSA-65,post-quantum,3,wrap_flow,0.2374,0.0,0.0,0.0,0,0,1088,3309,512,4991,4479,874.8,3.5607,nan,edge/x86_64,unknown,3.12.3,2026-10-09T18:45:16Z
123,ML-KEM-768+ML-DSA-65,post-quantum,3,wrap_flow,0.1954,0.0,0.0,0.0,0,0,1088,3309,512,4991,4479,874.8,2.9315,nan,edge/x86_64,unknown,3.12.3,2026-10-09T18:45:16Z
124,ML-KEM-768+ML-DSA-65,post-quantum,3,wrap_flow,0.1133,0.0,0.0,0.0,0,0,1088,3309,512,4991,4479,874.8,1.6993,nan,edge/x86_64,unknown,3.12.3,2026-10-09T18:45:16Z
125,ML-KEM-768+ML-DSA-65,post-quantum,3,wrap_flow,0.1613,0.0,0.0,0.0,0,0,1088,3309,512,4991,4479,874.8,2.4193,nan,edge/x86_64,unknown,3.12.3,2026-10-09T18:45:16Z
126,ML-KEM-768+ML-DSA-65,post-quantum,3,wrap_flow,0.3327,0.0,0.0,0.0,0,0,1088,3309,512,4991,4479,874.8,4.9906,nan,edge/x86_64,unknown,3.12.3,2026-10-09T18:45:16Z
127,ML-KEM-768+ML-DSA-65,post-quantum,3,wrap_flow,0.1894,0.0,0.0,0.0,0,0,1088,3309,512,4991,4479,874.8,2.8404,nan,edge/x86_64,unknown,3.12.3,2026-10-09T18:45:16Z
128,ML-KEM-768+ML-DSA-65,post-quantum,3,wrap_flow,0.1342,0.0,0.0,0.0,0,0,1088,3309,512,4991,4479,874.8,2.0132,nan,edge/x86_64,unknown,3.12.3,2026-10-09T18:45:16Z
129,ML-KEM-768+ML-DSA-65,post-quantum,3,wrap_flow,0.4689,0.0,0.0,0.0,0,0,1088,3309,512,4991,4479,874.8,7.0334,nan,edge/x86_64,unknown,3.12.3,2026-10-09T18:45:16Z
130,ML-KEM-768+ML-DSA-65,post-quantum,3,wrap_flow,0.3362,0.0,0.0,0.0,0,0,1088,3309,512,4991,4479,874.8,5.0426,nan,edge/x86_64,unknown,3.12.3,2026-10-09T18:45:16Z
131,ML-KEM-768+ML-DSA-65,post-quantum,3,wrap_flow,0.1276,0.0,0.0,0.0,0,0,1088,3309,512,4991,4479,874.8,1.9144,nan,edge/x86_64,unknown,3.12.3,2026-10-09T18:45:16Z
132,ML-KEM-768+ML-DSA-65,post-quantum,3,wrap_flow,0.1948,0.0,0.0,0.0,0,0,1088,3309,512,4991,4479,874.8,2.9223,nan,edge/x86_64,unknown,3.12.3,2026-10-09T18:45:16Z
133,ML-KEM-768+ML-DSA-65,post-quantum,3,wrap_flow,0.1393,0.0,0.0,0.0,0,0,1088,3309,512,4991,4479,874.8,2.0899,nan,edge/x86_64,unknown,3.12.3,2026-10-09T18:45:16Z
134,ML-KEM-768+ML-DSA-65,post-quantum,3,wrap_flow,0.2156,0.0,0.0,0.0,0,0,1088,3309,512,4991,4479,874.8,3.2333,nan,edge/x86_64,unknown,3.12.3,2026-10-09T18:45:16Z
135,ML-KEM-768+ML-DSA-65,post-quantum,3,wrap_flow,0.1638,0.0,0.0,0.0,0,0,1088,3309,512,4991,4479,874.8,2.4568,nan,edge/x86_64,unknown,3.12.3,2026-10-09T18:45:16Z
136,ML-KEM-768+ML-DSA-65,post-quantum,3,wrap_flow,0.1409,0.0,0.0,0.0,0,0,1088,3309,512,4991,4479,874.8,2.1133,nan,edge/x86_64,unknown,3.12.3,2026-10-09T18:45:16Z
137,ML-KEM-768+ML-DSA-65,post-quantum,3,wrap_flow,0.1261,0.0,0.0,0.0,0,0,1088,3309,512,4991,4479,874.8,1.8917,nan,edge/x86_64,unknown,3.12.3,2026-10-09T18:45:16Z
138,ML-KEM-768+ML-DSA-65,post-quantum,3,wrap_flow,0.1129,0.0,0.0,0.0,0,0,1088,3309,512,4991,4479,874.8,1.6933,nan,edge/x86_64,unknown,3.12.3,2026-10-09T18:45:16Z
139,ML-KEM-768+ML-DSA-65,post-quantum,3,wrap_flow,0.2103,0.0,0.0,0.0,0,0,1088,3309,512,4991,4479,874.8,3.1541,nan,edge/x86_64,unknown,3.12.3,2026-10-09T18:45:16Z
140,ML-KEM-768+ML-DSA-65,post-quantum,3,wrap_flow,0.1334,0.0,0.0,0.0,0,0,1088,3309,512,4991,4479,874.8,2.0011,nan,edge/x86_64,unknown,3.12.3,2026-10-09T18:45:16Z
141,ML-KEM-768+ML-DSA-65,post-quantum,3,wrap_flow,0.2085,0.0,0.0,0.0,0,0,1088,3309,512,4991,4479,874.8,3.1278,nan,edge/x86_64,unknown,3.12.3,2026-10-09T18:45:16Z
142,ML-KEM-768+ML-DSA-65,post-quantum,3,wrap_flow,0.1832,0.0,0.0,0.0,0,0,1088,3309,512,4991,4479,874.8,2.7482,nan,edge/x86_64,unknown,3.12.3,2026-10-09T18:45:16Z
143,ML-KEM-768+ML-DSA-65,post-quantum,3,wrap_flow,0.2798,0.0,0.0,0.0,0,0,1088,3309,512,4991,4479,874.8,4.1966,nan,edge/x86_64,unknown,3.12.3,2026-10-09T18:45:16Z
144,ML-KEM-768+ML-DSA-65,post-quantum,3,wrap_flow,0.1632,0.0,0.0,0.0,0,0,1088,3309,512,4991,4479,874.8,2.4476,nan,edge/x86_64,unknown,3.12.3,2026-10-09T18:45:16Z
145,ML-KEM-768+ML-DSA-65,post-quantum,3,wrap_flow,0.13,0.0,0.0,0.0,0,0,1088,3309,512,4991,4479,874.8,1.9505,nan,edge/x86_64,unknown,3.12.3,2026-10-09T18:45:16Z
146,ML-KEM-768+ML-DSA-65,post-quantum,3,wrap_flow,0.1288,0.0,0.0,0.0,0,0,1088,3309,512,4991,4479,874.8,1.9317,nan,edge/x86_64,unknown,3.12.3,2026-10-09T18:45:16Z
147,ML-KEM-768+ML-DSA-65,post-quantum,3,wrap_flow,0.1162,0.0,0.0,0.0,0,0,1088,3309,512,4991,4479,874.8,1.7435,nan,edge/x86_64,unknown,3.12.3,2026-10-09T18:45:16Z
148,ML-KEM-768+ML-DSA-65,post-quantum,3,wrap_flow,0.138,0.0,0.0,0.0,0,0,1088,3309,512,4991,4479,874.8,2.0705,nan,edge/x86_64,unknown,3.12.3,2026-10-09T18:45:16Z
149,ML-KEM-768+ML-DSA-65,post-quantum,3,wrap_flow,0.3828,0.0,0.0,0.0,0,0,1088,3309,512,4991,4479,874.8,5.7419,nan,edge/x86_64,unknown,3.12.3,2026-10-09T18:45:16Z
150,ML-KEM-768+ML-DSA-65,post-quantum,3,wrap_flow,0.1391,0.0,0.0,0.0,0,0,1088,3309,512,4991,4479,874.8,2.0863,nan,edge/x86_64,unknown,3.12.3,2026-10-09T18:45:16Z
151,ML-KEM-768+ML-DSA-65,post-quantum,3,wrap_flow,0.1366,0.0,0.0,0.0,0,0,1088,3309,512,4991,4479,874.8,2.0491,nan,edge/x86_64,unknown,3.12.3,2026-10-09T18:45:16Z
152,ML-KEM-768+ML-DSA-65,post-quantum,3,wrap_flow,0.1413,0.0,0.0,0.0,0,0,1088,3309,512,4991,4479,874.8,2.1198,nan,edge/x86_64,unknown,3.12.3,2026-10-09T18:45:16Z
153,ML-KEM-768+ML-DSA-65,post-quantum,3,wrap_flow,0.2474,0.0,0.0,0.0,0,0,1088,3309,512,4991,4479,874.8,3.7104,nan,edge/x86_64,unknown,3.12.3,2026-10-09T18:45:16Z
154,ML-KEM-768+ML-DSA-65,post-quantum,3,wrap_flow,0.1785,0.0,0.0,0.0,0,0,1088,3309,512,4991,4479,874.8,2.6775,nan,edge/x86_64,unknown,3.12.3,2026-10-09T18:45:16Z
155,ML-KEM-768+ML-DSA-65,post-quantum,3,wrap_flow,0.2385,0.0,0.0,0.0,0,0,1088,3309,512,4991,4479,874.8,3.5774,nan,edge/x86_64,unknown,3.12.3,2026-10-09T18:45:16Z
156,ML-KEM-768+ML-DSA-65,post-quantum,3,wrap_flow,0.2102,0.0,0.0,0.0,0,0,1088,3309,512,4991,4479,874.8,3.1528,nan,edge/x86_64,unknown,3.12.3,2026-10-09T18:45:16Z
157,ML-KEM-768+ML-DSA-65,post-quantum,3,wrap_flow,0.1307,0.0,0.0,0.0,0,0,1088,3309,512,4991,4479,874.8,1.9603,nan,edge/x86_64,unknown,3.12.3,2026-10-09T18:45:16Z
158,ML-KEM-768+ML-DSA-65,post-quantum,3,wrap_flow,0.3326,0.0,0.0,0.0,0,0,1088,3309,512,4991,4479,874.8,4.9887,nan,edge/x86_64,unknown,3.12.3,2026-10-09T18:45:16Z
159,ML-KEM-768+ML-DSA-65,post-quantum,3,wrap_flow,0.1615,0.0,0.0,0.0,0,0,1088,3309,512,4991,4479,874.8,2.4226,nan,edge/x86_64,unknown,3.12.3,2026-10-09T18:45:16Z
160,ML-KEM-768+ML-DSA-65,post-quantum,3,wrap_flow,0.2294,0.0,0.0,0.0,0,0,1088,3309,512,4991,4479,874.8,3.4416,nan,edge/x86_64,unknown,3.12.3,2026-10-09T18:45:16Z
161,ML-KEM-768+ML-DSA-65,post-quantum,3,wrap_flow,0.1633,0.0,0.0,0.0,0,0,1088,3309,512,4991,4479,874.8,2.4491,nan,edge/x86_64,unknown,3.12.3,2026-10-09T18:45:16Z
162,ML-KEM-768+ML-DSA-65,post-quantum,3,wrap_flow,0.1886,0.0,0.0,0.0,0,0,1088,3309,512,4991,4479,874.8,2.8295,nan,edge/x86_64,unknown,3.12.3,2026-10-09T18:45:16Z
163,ML-KEM-768+ML-DSA-65,post-quantum,3,wrap_flow,0.2857,0.0,0.0,0.0,0,0,1088,3309,512,4991,4479,874.8,4.2855,nan,edge/x86_64,unknown,3.12.3,2026-10-09T18:45:16Z
164,ML-KEM-768+ML-DSA-65,post-quantum,3,wrap_flow,0.1267,0.0,0.0,0.0,0,0,1088,3309,512,4991,4479,874.8,1.9004,nan,edge/x86_64,unknown,3.12.3,2026-10-09T18:45:16Z
165,ML-KEM-768+ML-DSA-65,post-quantum,3,wrap_flow,0.1766,0.0,0.0,0.0,0,0,1088,3309,512,4991,4479,874.8,2.6497,nan,edge/x86_64,unknown,3.12.3,2026-10-09T18:45:16Z
166,ML-KEM-768+ML-DSA-65,post-quantum,3,wrap_flow,0.1359,0.0,0.0,0.0,0,0,1088,3309,512,4991,4479,874.8,2.0386,nan,edge/x86_64,unknown,3.12.3,2026-10-09T18:45:16Z
167,ML-KEM-768+ML-DSA-65,post-quantum,3,wrap_flow,0.2203,0.0,0.0,0.0,0,0,1088,3309,512,4991,4479,874.8,3.3039,nan,edge/x86_64,unknown,3.12.3,2026-10-09T18:45:16Z
168,ML-KEM-768+ML-DSA-65,post-quantum,3,wrap_flow,0.1375,0.0,0.0,0.0,0,0,1088,3309,512,4991,4479,874.8,2.0621,nan,edge/x86_64,unknown,3.12.3,2026-10-09T18:45:16Z
169,ML-KEM-768+ML-DSA-65,post-quantum,3,wrap_flow,0.2265,0.0,0.0,0.0,0,0,1088,3309,512,4991,4479,874.8,3.3979,nan,edge/x86_64,unknown,3.12.3,2026-10-09T18:45:16Z
170,ML-KEM-768+ML-DSA-65,post-quantum,3,wrap_flow,0.1237,0.0,0.0,0.0,0,0,1088,3309,512,4991,4479,874.8,1.8553,nan,edge/x86_64,unknown,3.12.3,2026-10-09T18:45:16Z
171,ML-KEM-768+ML-DSA-65,post-quantum,3,wrap_flow,0.2585,0.0,0.0,0.0,0,0,1088,3309,512,4991,4479,874.8,3.8779,nan,edge/x86_64,unknown,3.12.3,2026-10-09T18:45:16Z
172,ML-KEM-768+ML-DSA-65,post-quantum,3,wrap_flow,0.1652,0.0,0.0,0.0,0,0,1088,3309,512,4991,4479,874.8,2.4782,nan,edge/x86_64,unknown,3.12.3,2026-10-09T18:45:16Z
173,ML-KEM-768+ML-DSA-65,post-quantum,3,wrap_flow,0.1271,0.0,0.0,0.0,0,0,1088,3309,512,4991,4479,874.8,1.9071,nan,edge/x86_64,unknown,3.12.3,2026-10-09T18:45:16Z
174,ML-KEM-768+ML-DSA-65,post-quantum,3,wrap_flow,0.1119,0.0,0.0,0.0,0,0,1088,3309,512,4991,4479,874.8,1.6792,nan,edge/x86_64,unknown,3.12.3,2026-10-09T18:45:16Z
175,ML-KEM-768+ML-DSA-65,post-quantum,3,wrap_flow,0.1414,0.0,0.0,0.0,0,0,1088,3309,512,4991,4479,874.8,2.1205,nan,edge/x86_64,unknown,3.12.3,2026-10-09T18:45:16Z
176,ML-KEM-768+ML-DSA-65,post-quantum,3,wrap_flow,0.2031,0.0,0.0,0.0,0,0,1088,3309,512,4991,4479,874.8,3.0472,nan,edge/x86_64,unknown,3.12.3,2026-10-09T18:45:16Z
177,ML-KEM-768+ML-DSA-65,post-quantum,3,wrap_flow,0.2097,0.0,0.0,0.0,0,0,1088,3309,512,4991,4479,874.8,3.146,nan,edge/x86_64,unknown,3.12.3,2026-10-09T18:45:16Z
178,ML-KEM-768+ML-DSA-65,post-quantum,3,wrap_flow,0.1567,0.0,0.0,0.0,0,0,1088,3309,512,4991,4479,874.8,2.3504,nan,edge/x86_64,unknown,3.12.3,2026-10-09T18:45:16Z
179,ML-KEM-768+ML-DSA-65,post-quantum,3,wrap_flow,0.1244,0.0,0.0,0.0,0,0,1088,3309,512,4991,4479,874.8,1.8667,nan,edge/x86_64,unknown,3.12.3,2026-10-09T18:45:16Z
180,ML-KEM-768+ML-DSA-65,post-quantum,3,wrap_flow,0.1726,0.0,0.0,0.0,0,0,1088,3309,512,4991,4479,874.8,2.5888,nan,edge/x86_64,unknown,3.12.3,2026-10-09T18:45:16Z
181,ML-KEM-768+ML-DSA-65,post-quantum,3,wrap_flow,0.115,0.0,0.0,0.0,0,0,1088,3309,512,4991,4479,874.8,1.7244,nan,edge/x86_64,unknown,3.12.3,2026-10-09T18:45:16Z
182,ML-KEM-768+ML-DSA-65,post-quantum,3,wrap_flow,0.1605,0.0,0.0,0.0,0,0,1088,3309,512,4991,4479,874.8,2.4079,nan,edge/x86_64,unknown,3.12.3,2026-10-09T18:45:16Z
183,ML-KEM-768+ML-DSA-65,post-quantum,3,wrap_flow,0.125,0.0,0.0,0.0,0,0,1088,3309,512,4991,4479,874.8,1.8755,nan,edge/x86_64,unknown,3.12.3,2026-10-09T18:45:16Z
184,ML-KEM-768+ML-DSA-65,post-quantum,3,wrap_flow,0.1398,0.0,0.0,0.0,0,0,1088,3309,512,4991,4479,874.8,2.097,nan,edge/x86_64,unknown,3.12.3,2026-10-09T18:45:16Z
185,ML-KEM-768+ML-DSA-65,post-quantum,3,wrap_flow,0.115,0.0,0.0,0.0,0,0,1088,3309,512,4991,4479,874.8,1.7257,nan,edge/x86_64,unknown,3.12.3,2026-10-09T18:45:16Z
186,ML-KEM-768+ML-DSA-65,post-quantum,3,wrap_flow,0.1123,0.0,0.0,0.0,0,0,1088,3309,512,4991,4479,874.8,1.685,nan,edge/x86_64,unknown,3.12.3,2026-10-09T18:45:16Z
187,ML-KEM-768+ML-DSA-65,post-quantum,3,wrap_flow,0.1871,0.0,0.0,0.0,0,0,1088,3309,512,4991,4479,874.8,2.8062,nan,edge/x86_64,unknown,3.12.3,2026-10-09T18:45:16Z
188,ML-KEM-768+ML-DSA-65,post-quantum,3,wrap_flow,0.1572,0.0,0.0,0.0,0,0,1088,3309,512,4991,4479,874.8,2.3575,nan,edge/x86_64,unknown,3.12.3,2026-10-09T18:45:16Z
189,ML-KEM-768+ML-DSA-65,post-quantum,3,wrap_flow,0.2289,0.0,0.0,0.0,0,0,1088,3309,512,4991,4479,874.8,3.4338,nan,edge/x86_64,unknown,3.12.3,2026-10-09T18:45:16Z
190,ML-KEM-768+ML-DSA-65,post-quantum,3,wrap_flow,0.3099,0.0,0.0,0.0,0,0,1088,3309,512,4991,4479,874.8,4.6486,nan,edge/x86_64,unknown,3.12.3,2026-10-09T18:45:16Z
191,ML-KEM-768+ML-DSA-65,post-quantum,3,wrap_flow,0.1423,0.0,0.0,0.0,0,0,1088,3309,512,4991,4479,874.8,2.1346,nan,edge/x86_64,unknown,3.12.3,2026-10-09T18:45:16Z
192,ML-KEM-768+ML-DSA-65,post-quantum,3,wrap_flow,0.1354,0.0,0.0,0.0,0,0,1088,3309,512,4991,4479,874.8,2.0317,nan,edge/x86_64,unknown,3.12.3,2026-10-09T18:45:16Z
193,ML-KEM-768+ML-DSA-65,post-quantum,3,wrap_flow,0.1548,0.0,0.0,0.0,0,0,1088,3309,512,4991,4479,874.8,2.3215,nan,edge/x86_64,unknown,3.12.3,2026-10-09T18:45:16Z
194,ML-KEM-768+ML-DSA-65,post-quantum,3,wrap_flow,0.2497,0.0,0.0,0.0,0,0,1088,3309,512,4991,4479,874.8,3.7456,nan,edge/x86_64,unknown,3.12.3,2026-10-09T18:45:16Z
195,ML-KEM-768+ML-DSA-65,post-quantum,3,wrap_flow,0.1558,0.0,0.0,0.0,0,0,1088,3309,512,4991,4479,874.8,2.337,nan,edge/x86_64,unknown,3.12.3,2026-10-09T18:45:16Z
196,ML-KEM-768+ML-DSA-65,post-quantum,3,wrap_flow,0.1826,0.0,0.0,0.0,0,0,1088,3309,512,4991,4479,874.8,2.7395,nan,edge/x86_64,unknown,3.12.3,2026-10-09T18:45:16Z
197,ML-KEM-768+ML-DSA-65,post-quantum,3,wrap_flow,0.2207,0.0,0.0,0.0,0,0,1088,3309,512,4991,4479,874.8,3.3111,nan,edge/x86_64,unknown,3.12.3,2026-10-09T18:45:16Z
198,ML-KEM-768+ML-DSA-65,post-quantum,3,wrap_flow,0.6458,0.0,0.0,0.0,0,0,1088,3309,512,4991,4479,874.8,9.6863,nan,edge/x86_64,unknown,3.12.3,2026-10-09T18:45:16Z
199,ML-KEM-768+ML-DSA-65,post-quantum,3,wrap_flow,0.3542,0.0,0.0,0.0,0,0,1088,3309,512,4991,4479,874.8,5.3125,nan,edge/x86_64,unknown,3.12.3,2026-10-09T18:45:16Z
0,ML-KEM-768+ML-DSA-65,post-quantum,3,wrap_flow,0.5348,0.0,0.0,0.0,0,0,1088,3309,1024,5503,4479,437.4,8.0213,nan,edge/x86_64,unknown,3.12.3,2026-10-09T18:45:16Z
1,ML-KEM-768+ML-DSA-65,post-quantum,3,wrap_flow,0.7475,0.0,0.0,0.0,0,0,1088,3309,1024,5503,4479,437.4,11.2119,nan,edge/x86_64,unknown,3.12.3,2026-10-09T18:45:16Z
2,ML-KEM-768+ML-DSA-65,post-quantum,3,wrap_flow,0.4816,0.0,0.0,0.0,0,0,1088,3309,1024,5503,4479,437.4,7.2244,nan,edge/x86_64,unknown,3.12.3,2026-10-09T18:45:16Z
3,ML-KEM-768+ML-DSA-65,post-quantum,3,wrap_flow,0.3811,0.0,0.0,0.0,0,0,1088,3309,1024,5503,4479,437.4,5.7161,nan,edge/x86_64,unknown,3.12.3,2026-10-09T18:45:16Z
4,ML-KEM-768+ML-DSA-65,post-quantum,3,wrap_flow,0.4462,0.0,0.0,0.0,0,0,1088,3309,1024,5503,4479,437.4,6.6935,nan,edge/x86_64,unknown,3.12.3,2026-10-09T18:45:16Z
5,ML-KEM-768+ML-DSA-65,post-quantum,3,wrap_flow,0.236,0.0,0.0,0.0,0,0,1088,3309,1024,5503,4479,437.4,3.5398,nan,edge/x86_64,unknown,3.12.3,2026-10-09T18:45:16Z
6,ML-KEM-768+ML-DSA-65,post-quantum,3,wrap_flow,0.2499,0.0,0.0,0.0,0,0,1088,3309,1024,5503,4479,437.4,3.7489,nan,edge/x86_64,unknown,3.12.3,2026-10-09T18:45:16Z
7,ML-KEM-768+ML-DSA-65,post-quantum,3,wrap_flow,0.6582,0.0,0.0,0.0,0,0,1088,3309,1024,5503,4479,437.4,9.873,nan,edge/x86_64,unknown,3.12.3,2026-10-09T18:45:16Z
8,ML-KEM-768+ML-DSA-65,post-quantum,3,wrap_flow,0.3074,0.0,0.0,0.0,0,0,1088,3309,1024,5503,4479,437.4,4.6115,nan,edge/x86_64,unknown,3.12.3,2026-10-09T18:45:16Z
9,ML-KEM-768+ML-DSA-65,post-quantum,3,wrap_flow,0.2485,0.0,0.0,0.0,0,0,1088,3309,1024,5503,4479,437.4,3.7282,nan,edge/x86_64,unknown,3.12.3,2026-10-09T18:45:16Z
10,ML-KEM-768+ML-DSA-65,post-quantum,3,wrap_flow,0.2067,0.0,0.0,0.0,0,0,1088,3309,1024,5503,4479,437.4,3.1009,nan,edge/x86_64,unknown,3.12.3,2026-10-09T18:45:16Z
11,ML-KEM-768+ML-DSA-65,post-quantum,3,wrap_flow,0.2156,0.0,0.0,0.0,0,0,1088,3309,1024,5503,4479,437.4,3.2339,nan,edge/x86_64,unknown,3.12.3,2026-10-09T18:45:16Z
12,ML-KEM-768+ML-DSA-65,post-quantum,3,wrap_flow,0.4266,0.0,0.0,0.0,0,0,1088,3309,1024,5503,4479,437.4,6.399,nan,edge/x86_64,unknown,3.12.3,2026-10-09T18:45:16Z
13,ML-KEM-768+ML-DSA-65,post-quantum,3,wrap_flow,0.3571,0.0,0.0,0.0,0,0,1088,3309,1024,5503,4479,437.4,5.3562,nan,edge/x86_64,unknown,3.12.3,2026-10-09T18:45:16Z
14,ML-KEM-768+ML-DSA-65,post-quantum,3,wrap_flow,0.213,0.0,0.0,0.0,0,0,1088,3309,1024,5503,4479,437.4,3.1954,nan,edge/x86_64,unknown,3.12.3,2026-10-09T18:45:16Z
15,ML-KEM-768+ML-DSA-65,post-quantum,3,wrap_flow,0.1978,0.0,0.0,0.0,0,0,1088,3309,1024,5503,4479,437.4,2.9664,nan,edge/x86_64,unknown,3.12.3,2026-10-09T18:45:16Z
16,ML-KEM-768+ML-DSA-65,post-quantum,3,wrap_flow,0.2204,0.0,0.0,0.0,0,0,1088,3309,1024,5503,4479,437.4,3.3059,nan,edge/x86_64,unknown,3.12.3,2026-10-09T18:45:16Z
17,ML-KEM-768+ML-DSA-65,post-quantum,3,wrap_flow,0.2791,0.0,0.0,0.0,0,0,1088,3309,1024,5503,4479,437.4,4.1862,nan,edge/x86_64,unknown,3.12.3,2026-10-09T18:45:16Z
18,ML-KEM-768+ML-DSA-65,post-quantum,3,wrap_flow,0.1664,0.0,0.0,0.0,0,0,1088,3309,1024,5503,4479,437.4,2.4965,nan,edge/x86_64,unknown,3.12.3,2026-10-09T18:45:16Z
19,ML-KEM-768+ML-DSA-65,post-quantum,3,wrap_flow,0.2175,0.0,0.0,0.0,0,0,1088,3309,1024,5503,4479,437.4,3.262,nan,edge/x86_64,unknown,3.12.3,2026-10-09T18:45:16Z
20,ML-KEM-768+ML-DSA-65,post-quantum,3,wrap_flow,0.1244,0.0,0.0,0.0,0,0,1088,3309,1024,5503,4479,437.4,1.8665,nan,edge/x86_64,unknown,3.12.3,2026-10-09T18:45:16Z
21,ML-KEM-768+ML-DSA-65,post-quantum,3,wrap_flow,0.1814,0.0,0.0,0.0,0,0,1088,3309,1024,5503,4479,437.4,2.7212,nan,edge/x86_64,unknown,3.12.3,2026-10-09T18:45:16Z
22,ML-KEM-768+ML-DSA-65,post-quantum,3,wrap_flow,0.1474,0.0,0.0,0.0,0,0,1088,3309,1024,5503,4479,437.4,2.2106,nan,edge/x86_64,unknown,3.12.3,2026-10-09T18:45:16Z
23,ML-KEM-768+ML-DSA-65,post-quantum,3,wrap_flow,0.1165,0.0,0.0,0.0,0,0,1088,3309,1024,5503,4479,437.4,1.7474,nan,edge/x86_64,unknown,3.12.3,2026-10-09T18:45:16Z
24,ML-KEM-768+ML-DSA-65,post-quantum,3,wrap_flow,0.162,0.0,0.0,0.0,0,0,1088,3309,1024,5503,4479,437.4,2.4297,nan,edge/x86_64,unknown,3.12.3,2026-10-09T18:45:16Z
25,ML-KEM-768+ML-DSA-65,post-quantum,3,wrap_flow,0.1258,0.0,0.0,0.0,0,0,1088,3309,1024,5503,4479,437.4,1.8871,nan,edge/x86_64,unknown,3.12.3,2026-10-09T18:45:16Z
26,ML-KEM-768+ML-DSA-65,post-quantum,3,wrap_flow,0.1145,0.0,0.0,0.0,0,0,1088,3309,1024,5503,4479,437.4,1.7178,nan,edge/x86_64,unknown,3.12.3,2026-10-09T18:45:16Z
27,ML-KEM-768+ML-DSA-65,post-quantum,3,wrap_flow,0.1254,0.0,0.0,0.0,0,0,1088,3309,1024,5503,4479,437.4,1.8807,nan,edge/x86_64,unknown,3.12.3,2026-10-09T18:45:16Z
28,ML-KEM-768+ML-DSA-65,post-quantum,3,wrap_flow,0.1557,0.0,0.0,0.0,0,0,1088,3309,1024,5503,4479,437.4,2.336,nan,edge/x86_64,unknown,3.12.3,2026-10-09T18:45:16Z
29,ML-KEM-768+ML-DSA-65,post-quantum,3,wrap_flow,0.1511,0.0,0.0,0.0,0,0,1088,3309,1024,5503,4479,437.4,2.2661,nan,edge/x86_64,unknown,3.12.3,2026-10-09T18:45:16Z
30,ML-KEM-768+ML-DSA-65,post-quantum,3,wrap_flow,0.1137,0.0,0.0,0.0,0,0,1088,3309,1024,5503,4479,437.4,1.7058,nan,edge/x86_64,unknown,3.12.3,2026-10-09T18:45:16Z
31,ML-KEM-768+ML-DSA-65,post-quantum,3,wrap_flow,0.1787,0.0,0.0,0.0,0,0,1088,3309,1024,5503,4479,437.4,2.6812,nan,edge/x86_64,unknown,3.12.3,2026-10-09T18:45:16Z
32,ML-KEM-768+ML-DSA-65,post-quantum,3,wrap_flow,0.2903,0.0,0.0,0.0,0,0,1088,3309,1024,5503,4479,437.4,4.3541,nan,edge/x86_64,unknown,3.12.3,2026-10-09T18:45:16Z
33,ML-KEM-768+ML-DSA-65,post-quantum,3,wrap_flow,0.1821,0.0,0.0,0.0,0,0,1088,3309,1024,5503,4479,437.4,2.731,nan,edge/x86_64,unknown,3.12.3,2026-10-09T18:45:16Z
34,ML-KEM-768+ML-DSA-65,post-quantum,3,wrap_flow,0.1521,0.0,0.0,0.0,0,0,1088,3309,1024,5503,4479,437.4,2.2814,nan,edge/x86_64,unknown,3.12.3,2026-10-09T18:45:16Z
35,ML-KEM-768+ML-DSA-65,post-quantum,3,wrap_flow,0.1863,0.0,0.0,0.0,0,0,1088,3309,1024,5503,4479,437.4,2.7947,nan,edge/x86_64,unknown,3.12.3,2026-10-09T18:45:16Z
36,ML-KEM-768+ML-DSA-65,post-quantum,3,wrap_flow,0.2687,0.0,0.0,0.0,0,0,1088,3309,1024,5503,4479,437.4,4.0302,nan,edge/x86_64,unknown,3.12.3,2026-10-09T18:45:16Z
37,ML-KEM-768+ML-DSA-65,post-quantum,3,wrap_flow,0.1151,0.0,0.0,0.0,0,0,1088,3309,1024,5503,4479,437.4,1.7265,nan,edge/x86_64,unknown,3.12.3,2026-10-09T18:45:16Z
38,ML-KEM-768+ML-DSA-65,post-quantum,3,wrap_flow,0.1469,0.0,0.0,0.0,0,0,1088,3309,1024,5503,4479,437.4,2.2036,nan,edge/x86_64,unknown,3.12.3,2026-10-09T18:45:16Z
39,ML-KEM-768+ML-DSA-65,post-quantum,3,wrap_flow,0.1415,0.0,0.0,0.0,0,0,1088,3309,1024,5503,4479,437.4,2.1232,nan,edge/x86_64,unknown,3.12.3,2026-10-09T18:45:16Z
40,ML-KEM-768+ML-DSA-65,post-quantum,3,wrap_flow,0.1379,0.0,0.0,0.0,0,0,1088,3309,1024,5503,4479,437.4,2.0684,nan,edge/x86_64,unknown,3.12.3,2026-10-09T18:45:16Z
41,ML-KEM-768+ML-DSA-65,post-quantum,3,wrap_flow,0.1141,0.0,0.0,0.0,0,0,1088,3309,1024,5503,4479,437.4,1.7122,nan,edge/x86_64,unknown,3.12.3,2026-10-09T18:45:16Z
42,ML-KEM-768+ML-DSA-65,post-quantum,3,wrap_flow,0.1396,0.0,0.0,0.0,0,0,1088,3309,1024,5503,4479,437.4,2.0946,nan,edge/x86_64,unknown,3.12.3,2026-10-09T18:45:16Z
43,ML-KEM-768+ML-DSA-65,post-quantum,3,wrap_flow,0.1682,0.0,0.0,0.0,0,0,1088,3309,1024,5503,4479,437.4,2.5233,nan,edge/x86_64,unknown,3.12.3,2026-10-09T18:45:16Z
44,ML-KEM-768+ML-DSA-65,post-quantum,3,wrap_flow,0.159,0.0,0.0,0.0,0,0,1088,3309,1024,5503,4479,437.4,2.3855,nan,edge/x86_64,unknown,3.12.3,2026-10-09T18:45:16Z
45,ML-KEM-768+ML-DSA-65,post-quantum,3,wrap_flow,0.1545,0.0,0.0,0.0,0,0,1088,3309,1024,5503,4479,437.4,2.3175,nan,edge/x86_64,unknown,3.12.3,2026-10-09T18:45:16Z
46,ML-KEM-768+ML-DSA-65,post-quantum,3,wrap_flow,0.2161,0.0,0.0,0.0,0,0,1088,3309,1024,5503,4479,437.4,3.2411,nan,edge/x86_64,unknown,3.12.3,2026-10-09T18:45:16Z
47,ML-KEM-768+ML-DSA-65,post-quantum,3,wrap_flow,0.1899,0.0,0.0,0.0,0,0,1088,3309,1024,5503,4479,437.4,2.8481,nan,edge/x86_64,unknown,3.12.3,2026-10-09T18:45:16Z
48,ML-KEM-768+ML-DSA-65,post-quantum,3,wrap_flow,0.1238,0.0,0.0,0.0,0,0,1088,3309,1024,5503,4479,437.4,1.8573,nan,edge/x86_64,unknown,3.12.3,2026-10-09T18:45:16Z
49,ML-KEM-768+ML-DSA-65,post-quantum,3,wrap_flow,0.1138,0.0,0.0,0.0,0,0,1088,3309,1024,5503,4479,437.4,1.7068,nan,edge/x86_64,unknown,3.12.3,2026-10-09T18:45:16Z
50,ML-KEM-768+ML-DSA-65,post-quantum,3,wrap_flow,0.2131,0.0,0.0,0.0,0,0,1088,3309,1024,5503,4479,437.4,3.196,nan,edge/x86_64,unknown,3.12.3,2026-10-09T18:45:16Z
51,ML-KEM-768+ML-DSA-65,post-quantum,3,wrap_flow,0.1868,0.0,0.0,0.0,0,0,1088,3309,1024,5503,4479,437.4,2.8024,nan,edge/x86_64,unknown,3.12.3,2026-10-09T18:45:16Z
52,ML-KEM-768+ML-DSA-65,post-quantum,3,wrap_flow,0.1664,0.0,0.0,0.0,0,0,1088,3309,1024,5503,4479,437.4,2.4954,nan,edge/x86_64,unknown,3.12.3,2026-10-09T18:45:16Z
53,ML-KEM-768+ML-DSA-65,post-quantum,3,wrap_flow,0.1196,0.0,0.0,0.0,0,0,1088,3309,1024,5503,4479,437.4,1.7938,nan,edge/x86_64,unknown,3.12.3,2026-10-09T18:45:16Z
54,ML-KEM-768+ML-DSA-65,post-quantum,3,wrap_flow,0.1267,0.0,0.0,0.0,0,0,1088,3309,1024,5503,4479,437.4,1.9002,nan,edge/x86_64,unknown,3.12.3,2026-10-09T18:45:16Z
55,ML-KEM-768+ML-DSA-65,post-quantum,3,wrap_flow,0.3853,0.0,0.0,0.0,0,0,1088,3309,1024,5503,4479,437.4,5.7792,nan,edge/x86_64,unknown,3.12.3,2026-10-09T18:45:16Z
56,ML-KEM-768+ML-DSA-65,post-quantum,3,wrap_flow,0.3571,0.0,0.0,0.0,0,0,1088,3309,1024,5503,4479,437.4,5.356,nan,edge/x86_64,unknown,3.12.3,2026-10-09T18:45:16Z
57,ML-KEM-768+ML-DSA-65,post-quantum,3,wrap_flow,0.2955,0.0,0.0,0.0,0,0,1088,3309,1024,5503,4479,437.4,4.4318,nan,edge/x86_64,unknown,3.12.3,2026-10-09T18:45:16Z
58,ML-KEM-768+ML-DSA-65,post-quantum,3,wrap_flow,0.213,0.0,0.0,0.0,0,0,1088,3309,1024,5503,4479,437.4,3.1956,nan,edge/x86_64,unknown,3.12.3,2026-10-09T18:45:16Z
59,ML-KEM-768+ML-DSA-65,post-quantum,3,wrap_flow,0.1385,0.0,0.0,0.0,0,0,1088,3309,1024,5503,4479,437.4,2.0772,nan,edge/x86_64,unknown,3.12.3,2026-10-09T18:45:16Z
60,ML-KEM-768+ML-DSA-65,post-quantum,3,wrap_flow,0.1802,0.0,0.0,0.0,0,0,1088,3309,1024,5503,4479,437.4,2.7034,nan,edge/x86_64,unknown,3.12.3,2026-10-09T18:45:16Z
61,ML-KEM-768+ML-DSA-65,post-quantum,3,wrap_flow,0.1793,0.0,0.0,0.0,0,0,1088,3309,1024,5503,4479,437.4,2.6894,nan,edge/x86_64,unknown,3.12.3,2026-10-09T18:45:16Z
62,ML-KEM-768+ML-DSA-65,post-quantum,3,wrap_flow,0.1649,0.0,0.0,0.0,0,0,1088,3309,1024,5503,4479,437.4,2.4741,nan,edge/x86_64,unknown,3.12.3,2026-10-09T18:45:16Z
63,ML-KEM-768+ML-DSA-65,post-quantum,3,wrap_flow,0.19,0.0,0.0,0.0,0,0,1088,3309,1024,5503,4479,437.4,2.8501,nan,edge/x86_64,unknown,3.12.3,2026-10-09T18:45:16Z
64,ML-KEM-768+ML-DSA-65,post-quantum,3,wrap_flow,0.1383,0.0,0.0,0.0,0,0,1088,3309,1024,5503,4479,437.4,2.0751,nan,edge/x86_64,unknown,3.12.3,2026-10-09T18:45:16Z
65,ML-KEM-768+ML-DSA-65,post-quantum,3,wrap_flow,0.1938,0.0,0.0,0.0,0,0,1088,3309,1024,5503,4479,437.4,2.9064,nan,edge/x86_64,unknown,3.12.3,2026-10-09T18:45:16Z
66,ML-KEM-768+ML-DSA-65,post-quantum,3,wrap_flow,0.2276,0.0,0.0,0.0,0,0,1088,3309,1024,5503,4479,437.4,3.4133,nan,edge/x86_64,unknown,3.12.3,2026-10-09T18:45:16Z
67,ML-KEM-768+ML-DSA-65,post-quantum,3,wrap_flow,0.1271,0.0,0.0,0.0,0,0,1088,3309,1024,5503,4479,437.4,1.9065,nan,edge/x86_64,unknown,3.12.3,2026-10-09T18:45:16Z
68,ML-KEM-768+ML-DSA-65,post-quantum,3,wrap_flow,0.1445,0.0,0.0,0.0,0,0,1088,3309,1024,5503,4479,437.4,2.167,nan,edge/x86_64,unknown,3.12.3,2026-10-09T18:45:16Z
69,ML-KEM-768+ML-DSA-65,post-quantum,3,wrap_flow,0.2076,0.0,0.0,0.0,0,0,1088,3309,1024,5503,4479,437.4,3.1136,nan,edge/x86_64,unknown,3.12.3,2026-10-09T18:45:16Z
70,ML-KEM-768+ML-DSA-65,post-quantum,3,wrap_flow,0.1139,0.0,0.0,0.0,0,0,1088,3309,1024,5503,4479,437.4,1.7079,nan,edge/x86_64,unknown,3.12.3,2026-10-09T18:45:16Z
71,ML-KEM-768+ML-DSA-65,post-quantum,3,wrap_flow,0.4673,0.0,0.0,0.0,0,0,1088,3309,1024,5503,4479,437.4,7.01,nan,edge/x86_64,unknown,3.12.3,2026-10-09T18:45:16Z
72,ML-KEM-768+ML-DSA-65,post-quantum,3,wrap_flow,0.2438,0.0,0.0,0.0,0,0,1088,3309,1024,5503,4479,437.4,3.6576,nan,edge/x86_64,unknown,3.12.3,2026-10-09T18:45:16Z
73,ML-KEM-768+ML-DSA-65,post-quantum,3,wrap_flow,0.1795,0.0,0.0,0.0,0,0,1088,3309,1024,5503,4479,437.4,2.6925,nan,edge/x86_64,unknown,3.12.3,2026-10-09T18:45:16Z
74,ML-KEM-768+ML-DSA-65,post-quantum,3,wrap_flow,0.2988,0.0,0.0,0.0,0,0,1088,3309,1024,5503,4479,437.4,4.4827,nan,edge/x86_64,unknown,3.12.3,2026-10-09T18:45:16Z
75,ML-KEM-768+ML-DSA-65,post-quantum,3,wrap_flow,0.2043,0.0,0.0,0.0,0,0,1088,3309,1024,5503,4479,437.4,3.0638,nan,edge/x86_64,unknown,3.12.3,2026-10-09T18:45:16Z
76,ML-KEM-768+ML-DSA-65,post-quantum,3,wrap_flow,0.2308,0.0,0.0,0.0,0,0,1088,3309,1024,5503,4479,437.4,3.4624,nan,edge/x86_64,unknown,3.12.3,2026-10-09T18:45:16Z
77,ML-KEM-768+ML-DSA-65,post-quantum,3,wrap_flow,0.2242,0.0,0.0,0.0,0,0,1088,3309,1024,5503,4479,437.4,3.3635,nan,edge/x86_64,unknown,3.12.3,2026-10-09T18:45:16Z
78,ML-KEM-768+ML-DSA-65,post-quantum,3,wrap_flow,0.2362,0.0,0.0,0.0,0,0,1088,3309,1024,5503,4479,437.4,3.5428,nan,edge/x86_64,unknown,3.12.3,2026-10-09T18:45:16Z
79,ML-KEM-768+ML-DSA-65,post-quantum,3,wrap_flow,0.3293,0.0,0.0,0.0,0,0,1088,3309,1024,5503,4479,437.4,4.9398,nan,edge/x86_64,unknown,3.12.3,2026-10-09T18:45:16Z
80,ML-KEM-768+ML-DSA-65,post-quantum,3,wrap_flow,0.2434,0.0,0.0,0.0,0,0,1088,3309,1024,5503,4479,437.4,3.6517,nan,edge/x86_64,unknown,3.12.3,2026-10-09T18:45:16Z
81,ML-KEM-768+ML-DSA-65,post-quantum,3,wrap_flow,0.2786,0.0,0.0,0.0,0,0,1088,3309,1024,5503,4479,437.4,4.1788,nan,edge/x86_64,unknown,3.12.3,2026-10-09T18:45:16Z
82,ML-KEM-768+ML-DSA-65,post-quantum,3,wrap_flow,0.4936,0.0,0.0,0.0,0,0,1088,3309,1024,5503,4479,437.4,7.4045,nan,edge/x86_64,unknown,3.12.3,2026-10-09T18:45:16Z
83,ML-KEM-768+ML-DSA-65,post-quantum,3,wrap_flow,0.1721,0.0,0.0,0.0,0,0,1088,3309,1024,5503,4479,437.4,2.5811,nan,edge/x86_64,unknown,3.12.3,2026-10-09T18:45:16Z
84,ML-KEM-768+ML-DSA-65,post-quantum,3,wrap_flow,0.1307,0.0,0.0,0.0,0,0,1088,3309,1024,5503,4479,437.4,1.9611,nan,edge/x86_64,unknown,3.12.3,2026-10-09T18:45:16Z
85,ML-KEM-768+ML-DSA-65,post-quantum,3,wrap_flow,0.1481,0.0,0.0,0.0,0,0,1088,3309,1024,5503,4479,437.4,2.2221,nan,edge/x86_64,unknown,3.12.3,2026-10-09T18:45:16Z
86,ML-KEM-768+ML-DSA-65,post-quantum,3,wrap_flow,0.1413,0.0,0.0,0.0,0,0,1088,3309,1024,5503,4479,437.4,2.119,nan,edge/x86_64,unknown,3.12.3,2026-10-09T18:45:16Z
87,ML-KEM-768+ML-DSA-65,post-quantum,3,wrap_flow,0.1869,0.0,0.0,0.0,0,0,1088,3309,1024,5503,4479,437.4,2.803,nan,edge/x86_64,unknown,3.12.3,2026-10-09T18:45:16Z
88,ML-KEM-768+ML-DSA-65,post-quantum,3,wrap_flow,0.2134,0.0,0.0,0.0,0,0,1088,3309,1024,5503,4479,437.4,3.2014,nan,edge/x86_64,unknown,3.12.3,2026-10-09T18:45:16Z
89,ML-KEM-768+ML-DSA-65,post-quantum,3,wrap_flow,0.3766,0.0,0.0,0.0,0,0,1088,3309,1024,5503,4479,437.4,5.6485,nan,edge/x86_64,unknown,3.12.3,2026-10-09T18:45:16Z
90,ML-KEM-768+ML-DSA-65,post-quantum,3,wrap_flow,0.1929,0.0,0.0,0.0,0,0,1088,3309,1024,5503,4479,437.4,2.8933,nan,edge/x86_64,unknown,3.12.3,2026-10-09T18:45:16Z
91,ML-KEM-768+ML-DSA-65,post-quantum,3,wrap_flow,0.1694,0.0,0.0,0.0,0,0,1088,3309,1024,5503,4479,437.4,2.5406,nan,edge/x86_64,unknown,3.12.3,2026-10-09T18:45:16Z
92,ML-KEM-768+ML-DSA-65,post-quantum,3,wrap_flow,0.1371,0.0,0.0,0.0,0,0,1088,3309,1024,5503,4479,437.4,2.0571,nan,edge/x86_64,unknown,3.12.3,2026-10-09T18:45:16Z
93,ML-KEM-768+ML-DSA-65,post-quantum,3,wrap_flow,0.1138,0.0,0.0,0.0,0,0,1088,3309,1024,5503,4479,437.4,1.7071,nan,edge/x86_64,unknown,3.12.3,2026-10-09T18:45:16Z
94,ML-KEM-768+ML-DSA-65,post-quantum,3,wrap_flow,0.175,0.0,0.0,0.0,0,0,1088,3309,1024,5503,4479,437.4,2.625,nan,edge/x86_64,unknown,3.12.3,2026-10-09T18:45:16Z
95,ML-KEM-768+ML-DSA-65,post-quantum,3,wrap_flow,0.166,0.0,0.0,0.0,0,0,1088,3309,1024,5503,4479,437.4,2.4897,nan,edge/x86_64,unknown,3.12.3,2026-10-09T18:45:16Z
96,ML-KEM-768+ML-DSA-65,post-quantum,3,wrap_flow,0.1178,0.0,0.0,0.0,0,0,1088,3309,1024,5503,4479,437.4,1.7677,nan,edge/x86_64,unknown,3.12.3,2026-10-09T18:45:16Z
97,ML-KEM-768+ML-DSA-65,post-quantum,3,wrap_flow,0.1147,0.0,0.0,0.0,0,0,1088,3309,1024,5503,4479,437.4,1.7203,nan,edge/x86_64,unknown,3.12.3,2026-10-09T18:45:16Z
98,ML-KEM-768+ML-DSA-65,post-quantum,3,wrap_flow,0.1468,0.0,0.0,0.0,0,0,1088,3309,1024,5503,4479,437.4,2.2016,nan,edge/x86_64,unknown,3.12.3,2026-10-09T18:45:16Z
99,ML-KEM-768+ML-DSA-65,post-quantum,3,wrap_flow,0.1539,0.0,0.0,0.0,0,0,1088,3309,1024,5503,4479,437.4,2.3081,nan,edge/x86_64,unknown,3.12.3,2026-10-09T18:45:16Z
100,ML-KEM-768+ML-DSA-65,post-quantum,3,wrap_flow,0.2653,0.0,0.0,0.0,0,0,1088,3309,1024,5503,4479,437.4,3.9791,nan,edge/x86_64,unknown,3.12.3,2026-10-09T18:45:16Z
101,ML-KEM-768+ML-DSA-65,post-quantum,3,wrap_flow,0.1575,0.0,0.0,0.0,0,0,1088,3309,1024,5503,4479,437.4,2.363,nan,edge/x86_64,unknown,3.12.3,2026-10-09T18:45:16Z
102,ML-KEM-768+ML-DSA-65,post-quantum,3,wrap_flow,0.1196,0.0,0.0,0.0,0,0,1088,3309,1024,5503,4479,437.4,1.7938,nan,edge/x86_64,unknown,3.12.3,2026-10-09T18:45:16Z
103,ML-KEM-768+ML-DSA-65,post-quantum,3,wrap_flow,0.2049,0.0,0.0,0.0,0,0,1088,3309,1024,5503,4479,437.4,3.0734,nan,edge/x86_64,unknown,3.12.3,2026-10-09T18:45:16Z
104,ML-KEM-768+ML-DSA-65,post-quantum,3,wrap_flow,0.3231,0.0,0.0,0.0,0,0,1088,3309,1024,5503,4479,437.4,4.8465,nan,edge/x86_64,unknown,3.12.3,2026-10-09T18:45:16Z
105,ML-KEM-768+ML-DSA-65,post-quantum,3,wrap_flow,0.15,0.0,0.0,0.0,0,0,1088,3309,1024,5503,4479,437.4,2.2505,nan,edge/x86_64,unknown,3.12.3,2026-10-09T18:45:16Z
106,ML-KEM-768+ML-DSA-65,post-quantum,3,wrap_flow,0.2237,0.0,0.0,0.0,0,0,1088,3309,1024,5503,4479,437.4,3.3557,nan,edge/x86_64,unknown,3.12.3,2026-10-09T18:45:16Z
107,ML-KEM-768+ML-DSA-65,post-quantum,3,wrap_flow,0.2512,0.0,0.0,0.0,0,0,1088,3309,1024,5503,4479,437.4,3.7674,nan,edge/x86_64,unknown,3.12.3,2026-10-09T18:45:16Z
108,ML-KEM-768+ML-DSA-65,post-quantum,3,wrap_flow,0.1425,0.0,0.0,0.0,0,0,1088,3309,1024,5503,4479,437.4,2.1375,nan,edge/x86_64,unknown,3.12.3,2026-10-09T18:45:16Z
109,ML-KEM-768+ML-DSA-65,post-quantum,3,wrap_flow,0.1547,0.0,0.0,0.0,0,0,1088,3309,1024,5503,4479,437.4,2.3203,nan,edge/x86_64,unknown,3.12.3,2026-10-09T18:45:16Z
110,ML-KEM-768+ML-DSA-65,post-quantum,3,wrap_flow,0.1291,0.0,0.0,0.0,0,0,1088,3309,1024,5503,4479,437.4,1.9364,nan,edge/x86_64,unknown,3.12.3,2026-10-09T18:45:16Z
111,ML-KEM-768+ML-DSA-65,post-quantum,3,wrap_flow,0.1617,0.0,0.0,0.0,0,0,1088,3309,1024,5503,4479,437.4,2.4255,nan,edge/x86_64,unknown,3.12.3,2026-10-09T18:45:16Z
112,ML-KEM-768+ML-DSA-65,post-quantum,3,wrap_flow,0.3041,0.0,0.0,0.0,0,0,1088,3309,1024,5503,4479,437.4,4.5612,nan,edge/x86_64,unknown,3.12.3,2026-10-09T18:45:16Z
113,ML-KEM-768+ML-DSA-65,post-quantum,3,wrap_flow,0.1255,0.0,0.0,0.0,0,0,1088,3309,1024,5503,4479,437.4,1.882,nan,edge/x86_64,unknown,3.12.3,2026-10-09T18:45:16Z
114,ML-KEM-768+ML-DSA-65,post-quantum,3,wrap_flow,0.1289,0.0,0.0,0.0,0,0,1088,3309,1024,5503,4479,437.4,1.9342,nan,edge/x86_64,unknown,3.12.3,2026-10-09T18:45:16Z
115,ML-KEM-768+ML-DSA-65,post-quantum,3,wrap_flow,0.1268,0.0,0.0,0.0,0,0,1088,3309,1024,5503,4479,437.4,1.9018,nan,edge/x86_64,unknown,3.12.3,2026-10-09T18:45:16Z
116,ML-KEM-768+ML-DSA-65,post-quantum,3,wrap_flow,0.2,0.0,0.0,0.0,0,0,1088,3309,1024,5503,4479,437.4,2.9994,nan,edge/x86_64,unknown,3.12.3,2026-10-09T18:45:16Z
117,ML-KEM-768+ML-DSA-65,post-quantum,3,wrap_flow,0.1696,0.0,0.0,0.0,0,0,1088,3309,1024,5503,4479,437.4,2.5445,nan,edge/x86_64,unknown,3.12.3,2026-10-09T18:45:16Z
118,ML-KEM-768+ML-DSA-65,post-quantum,3,wrap_flow,0.1307,0.0,0.0,0.0,0,0,1088,3309,1024,5503,4479,437.4,1.9608,nan,edge/x86_64,unknown,3.12.3,2026-10-09T18:45:16Z
119,ML-KEM-768+ML-DSA-65,post-quantum,3,wrap_flow,0.2357,0.0,0.0,0.0,0,0,1088,3309,1024,5503,4479,437.4,3.5356,nan,edge/x86_64,unknown,3.12.3,2026-10-09T18:45:16Z
120,ML-KEM-768+ML-DSA-65,post-quantum,3,wrap_flow,0.1242,0.0,0.0,0.0,0,0,1088,3309,1024,5503,4479,437.4,1.8637,nan,edge/x86_64,unknown,3.12.3,2026-10-09T18:45:16Z
121,ML-KEM-768+ML-DSA-65,post-quantum,3,wrap_flow,0.2155,0.0,0.0,0.0,0,0,1088,3309,1024,5503,4479,437.4,3.2329,nan,edge/x86_64,unknown,3.12.3,2026-10-09T18:45:16Z
122,ML-KEM-768+ML-DSA-65,post-quantum,3,wrap_flow,0.2066,0.0,0.0,0.0,0,0,1088,3309,1024,5503,4479,437.4,3.0983,nan,edge/x86_64,unknown,3.12.3,2026-10-09T18:45:16Z
123,ML-KEM-768+ML-DSA-65,post-quantum,3,wrap_flow,0.1355,0.0,0.0,0.0,0,0,1088,3309,1024,5503,4479,437.4,2.0318,nan,edge/x86_64,unknown,3.12.3,2026-10-09T18:45:16Z
124,ML-KEM-768+ML-DSA-65,post-quantum,3,wrap_flow,0.1154,0.0,0.0,0.0,0,0,1088,3309,1024,5503,4479,437.4,1.7306,nan,edge/x86_64,unknown,3.12.3,2026-10-09T18:45:16Z
125,ML-KEM-768+ML-DSA-65,post-quantum,3,wrap_flow,0.1683,0.0,0.0,0.0,0,0,1088,3309,1024,5503,4479,437.4,2.5239,nan,edge/x86_64,unknown,3.12.3,2026-10-09T18:45:16Z
126,ML-KEM-768+ML-DSA-65,post-quantum,3,wrap_flow,0.1395,0.0,0.0,0.0,0,0,1088,3309,1024,5503,4479,437.4,2.0927,nan,edge/x86_64,unknown,3.12.3,2026-10-09T18:45:16Z
127,ML-KEM-768+ML-DSA-65,post-quantum,3,wrap_flow,0.1258,0.0,0.0,0.0,0,0,1088,3309,1024,5503,4479,437.4,1.8877,nan,edge/x86_64,unknown,3.12.3,2026-10-09T18:45:16Z
128,ML-KEM-768+ML-DSA-65,post-quantum,3,wrap_flow,0.175,0.0,0.0,0.0,0,0,1088,3309,1024,5503,4479,437.4,2.6245,nan,edge/x86_64,unknown,3.12.3,2026-10-09T18:45:16Z
129,ML-KEM-768+ML-DSA-65,post-quantum,3,wrap_flow,0.1572,0.0,0.0,0.0,0,0,1088,3309,1024,5503,4479,437.4,2.3577,nan,edge/x86_64,unknown,3.12.3,2026-10-09T18:45:16Z
130,ML-KEM-768+ML-DSA-65,post-quantum,3,wrap_flow,0.1895,0.0,0.0,0.0,0,0,1088,3309,1024,5503,4479,437.4,2.8431,nan,edge/x86_64,unknown,3.12.3,2026-10-09T18:45:16Z
131,ML-KEM-768+ML-DSA-65,post-quantum,3,wrap_flow,0.1408,0.0,0.0,0.0,0,0,1088,3309,1024,5503,4479,437.4,2.112,nan,edge/x86_64,unknown,3.12.3,2026-10-09T18:45:16Z
132,ML-KEM-768+ML-DSA-65,post-quantum,3,wrap_flow,0.2704,0.0,0.0,0.0,0,0,1088,3309,1024,5503,4479,437.4,4.0558,nan,edge/x86_64,unknown,3.12.3,2026-10-09T18:45:16Z
133,ML-KEM-768+ML-DSA-65,post-quantum,3,wrap_flow,0.1267,0.0,0.0,0.0,0,0,1088,3309,1024,5503,4479,437.4,1.9003,nan,edge/x86_64,unknown,3.12.3,2026-10-09T18:45:16Z
134,ML-KEM-768+ML-DSA-65,post-quantum,3,wrap_flow,0.1552,0.0,0.0,0.0,0,0,1088,3309,1024,5503,4479,437.4,2.3276,nan,edge/x86_64,unknown,3.12.3,2026-10-09T18:45:16Z
135,ML-KEM-768+ML-DSA-65,post-quantum,3,wrap_flow,0.2516,0.0,0.0,0.0,0,0,1088,3309,1024,5503,4479,437.4,3.7733,nan,edge/x86_64,unknown,3.12.3,2026-10-09T18:45:16Z
136,ML-KEM-768+ML-DSA-65,post-quantum,3,wrap_flow,0.1266,0.0,0.0,0.0,0,0,1088,3309,1024,5503,4479,437.4,1.8993,nan,edge/x86_64,unknown,3.12.3,2026-10-09T18:45:16Z
137,ML-KEM-768+ML-DSA-65,post-quantum,3,wrap_flow,0.1608,0.0,0.0,0.0,0,0,1088,3309,1024,5503,4479,437.4,2.4123,nan,edge/x86_64,unknown,3.12.3,2026-10-09T18:45:16Z
138,ML-KEM-768+ML-DSA-65,post-quantum,3,wrap_flow,0.1487,0.0,0.0,0.0,0,0,1088,3309,1024,5503,4479,437.4,2.2305,nan,edge/x86_64,unknown,3.12.3,2026-10-09T18:45:16Z
139,ML-KEM-768+ML-DSA-65,post-quantum,3,wrap_flow,0.1146,0.0,0.0,0.0,0,0,1088,3309,1024,5503,4479,437.4,1.7183,nan,edge/x86_64,unknown,3.12.3,2026-10-09T18:45:16Z
140,ML-KEM-768+ML-DSA-65,post-quantum,3,wrap_flow,0.1635,0.0,0.0,0.0,0,0,1088,3309,1024,5503,4479,437.4,2.4525,nan,edge/x86_64,unknown,3.12.3,2026-10-09T18:45:16Z
141,ML-KEM-768+ML-DSA-65,post-quantum,3,wrap_flow,0.1329,0.0,0.0,0.0,0,0,1088,3309,1024,5503,4479,437.4,1.9931,nan,edge/x86_64,unknown,3.12.3,2026-10-09T18:45:16Z
142,ML-KEM-768+ML-DSA-65,post-quantum,3,wrap_flow,0.1614,0.0,0.0,0.0,0,0,1088,3309,1024,5503,4479,437.4,2.4205,nan,edge/x86_64,unknown,3.12.3,2026-10-09T18:45:16Z
143,ML-KEM-768+ML-DSA-65,post-quantum,3,wrap_flow,0.1155,0.0,0.0,0.0,0,0,1088,3309,1024,5503,4479,437.4,1.732,nan,edge/x86_64,unknown,3.12.3,2026-10-09T18:45:16Z
144,ML-KEM-768+ML-DSA-65,post-quantum,3,wrap_flow,0.1649,0.0,0.0,0.0,0,0,1088,3309,1024,5503,4479,437.4,2.4742,nan,edge/x86_64,unknown,3.12.3,2026-10-09T18:45:16Z
145,ML-KEM-768+ML-DSA-65,post-quantum,3,wrap_flow,0.2941,0.0,0.0,0.0,0,0,1088,3309,1024,5503,4479,437.4,4.4111,nan,edge/x86_64,unknown,3.12.3,2026-10-09T18:45:16Z
146,ML-KEM-768+ML-DSA-65,post-quantum,3,wrap_flow,0.2386,0.0,0.0,0.0,0,0,1088,3309,1024,5503,4479,437.4,3.5787,nan,edge/x86_64,unknown,3.12.3,2026-10-09T18:45:16Z
147,ML-KEM-768+ML-DSA-65,post-quantum,3,wrap_flow,0.1166,0.0,0.0,0.0,0,0,1088,3309,1024,5503,4479,437.4,1.7496,nan,edge/x86_64,unknown,3.12.3,2026-10-09T18:45:16Z
148,ML-KEM-768+ML-DSA-65,post-quantum,3,wrap_flow,0.1246,0.0,0.0,0.0,0,0,1088,3309,1024,5503,4479,437.4,1.8683,nan,edge/x86_64,unknown,3.12.3,2026-10-09T18:45:16Z
149,ML-KEM-768+ML-DSA-65,post-quantum,3,wrap_flow,0.137,0.0,0.0,0.0,0,0,1088,3309,1024,5503,4479,437.4,2.0548,nan,edge/x86_64,unknown,3.12.3,2026-10-09T18:45:16Z
150,ML-KEM-768+ML-DSA-65,post-quantum,3,wrap_flow,0.1239,0.0,0.0,0.0,0,0,1088,3309,1024,5503,4479,437.4,1.8586,nan,edge/x86_64,unknown,3.12.3,2026-10-09T18:45:16Z
151,ML-KEM-768+ML-DSA-65,post-quantum,3,wrap_flow,0.1646,0.0,0.0,0.0,0,0,1088,3309,1024,5503,4479,437.4,2.469,nan,edge/x86_64,unknown,3.12.3,2026-10-09T18:45:16Z
152,ML-KEM-768+ML-DSA-65,post-quantum,3,wrap_flow,0.3296,0.0,0.0,0.0,0,0,1088,3309,1024,5503,4479,437.4,4.9437,nan,edge/x86_64,unknown,3.12.3,2026-10-09T18:45:16Z
153,ML-KEM-768+ML-DSA-65,post-quantum,3,wrap_flow,0.2124,0.0,0.0,0.0,0,0,1088,3309,1024,5503,4479,437.4,3.186,nan,edge/x86_64,unknown,3.12.3,2026-10-09T18:45:16Z
154,ML-KEM-768+ML-DSA-65,post-quantum,3,wrap_flow,0.2348,0.0,0.0,0.0,0,0,1088,3309,1024,5503,4479,437.4,3.5216,nan,edge/x86_64,unknown,3.12.3,2026-10-09T18:45:16Z
155,ML-KEM-768+ML-DSA-65,post-quantum,3,wrap_flow,0.332,0.0,0.0,0.0,0,0,1088,3309,1024,5503,4479,437.4,4.9795,nan,edge/x86_64,unknown,3.12.3,2026-10-09T18:45:16Z
156,ML-KEM-768+ML-DSA-65,post-quantum,3,wrap_flow,0.3231,0.0,0.0,0.0,0,0,1088,3309,1024,5503,4479,437.4,4.8465,nan,edge/x86_64,unknown,3.12.3,2026-10-09T18:45:16Z
157,ML-KEM-768+ML-DSA-65,post-quantum,3,wrap_flow,0.2723,0.0,0.0,0.0,0,0,1088,3309,1024,5503,4479,437.4,4.0845,nan,edge/x86_64,unknown,3.12.3,2026-10-09T18:45:16Z
158,ML-KEM-768+ML-DSA-65,post-quantum,3,wrap_flow,0.2575,0.0,0.0,0.0,0,0,1088,3309,1024,5503,4479,437.4,3.8619,nan,edge/x86_64,unknown,3.12.3,2026-10-09T18:45:16Z
159,ML-KEM-768+ML-DSA-65,post-quantum,3,wrap_flow,0.5238,0.0,0.0,0.0,0,0,1088,3309,1024,5503,4479,437.4,7.8573,nan,edge/x86_64,unknown,3.12.3,2026-10-09T18:45:16Z
160,ML-KEM-768+ML-DSA-65,post-quantum,3,wrap_flow,0.4291,0.0,0.0,0.0,0,0,1088,3309,1024,5503,4479,437.4,6.4369,nan,edge/x86_64,unknown,3.12.3,2026-10-09T18:45:16Z
161,ML-KEM-768+ML-DSA-65,post-quantum,3,wrap_flow,0.1654,0.0,0.0,0.0,0,0,1088,3309,1024,5503,4479,437.4,2.4803,nan,edge/x86_64,unknown,3.12.3,2026-10-09T18:45:16Z
162,ML-KEM-768+ML-DSA-65,post-quantum,3,wrap_flow,0.2213,0.0,0.0,0.0,0,0,1088,3309,1024,5503,4479,437.4,3.3199,nan,edge/x86_64,unknown,3.12.3,2026-10-09T18:45:16Z
163,ML-KEM-768+ML-DSA-65,post-quantum,3,wrap_flow,0.1653,0.0,0.0,0.0,0,0,1088,3309,1024,5503,4479,437.4,2.4791,nan,edge/x86_64,unknown,3.12.3,2026-10-09T18:45:16Z
164,ML-KEM-768+ML-DSA-65,post-quantum,3,wrap_flow,0.3149,0.0,0.0,0.0,0,0,1088,3309,1024,5503,4479,437.4,4.7238,nan,edge/x86_64,unknown,3.12.3,2026-10-09T18:45:16Z
165,ML-KEM-768+ML-DSA-65,post-quantum,3,wrap_flow,0.2412,0.0,0.0,0.0,0,0,1088,3309,1024,5503,4479,437.4,3.6175,nan,edge/x86_64,unknown,3.12.3,2026-10-09T18:45:16Z
166,ML-KEM-768+ML-DSA-65,post-quantum,3,wrap_flow,0.152,0.0,0.0,0.0,0,0,1088,3309,1024,5503,4479,437.4,2.2803,nan,edge/x86_64,unknown,3.12.3,2026-10-09T18:45:16Z
167,ML-KEM-768+ML-DSA-65,post-quantum,3,wrap_flow,0.178,0.0,0.0,0.0,0,0,1088,3309,1024,5503,4479,437.4,2.6706,nan,edge/x86_64,unknown,3.12.3,2026-10-09T18:45:16Z
168,ML-KEM-768+ML-DSA-65,post-quantum,3,wrap_flow,0.1143,0.0,0.0,0.0,0,0,1088,3309,1024,5503,4479,437.4,1.7148,nan,edge/x86_64,unknown,3.12.3,2026-10-09T18:45:16Z
169,ML-KEM-768+ML-DSA-65,post-quantum,3,wrap_flow,0.1759,0.0,0.0,0.0,0,0,1088,3309,1024,5503,4479,437.4,2.6389,nan,edge/x86_64,unknown,3.12.3,2026-10-09T18:45:16Z
170,ML-KEM-768+ML-DSA-65,post-quantum,3,wrap_flow,0.129,0.0,0.0,0.0,0,0,1088,3309,1024,5503,4479,437.4,1.9347,nan,edge/x86_64,unknown,3.12.3,2026-10-09T18:45:16Z
171,ML-KEM-768+ML-DSA-65,post-quantum,3,wrap_flow,0.1907,0.0,0.0,0.0,0,0,1088,3309,1024,5503,4479,437.4,2.8605,nan,edge/x86_64,unknown,3.12.3,2026-10-09T18:45:16Z
172,ML-KEM-768+ML-DSA-65,post-quantum,3,wrap_flow,0.2089,0.0,0.0,0.0,0,0,1088,3309,1024,5503,4479,437.4,3.1334,nan,edge/x86_64,unknown,3.12.3,2026-10-09T18:45:16Z
173,ML-KEM-768+ML-DSA-65,post-quantum,3,wrap_flow,0.1144,0.0,0.0,0.0,0,0,1088,3309,1024,5503,4479,437.4,1.7157,nan,edge/x86_64,unknown,3.12.3,2026-10-09T18:45:16Z
174,ML-KEM-768+ML-DSA-65,post-quantum,3,wrap_flow,0.2102,0.0,0.0,0.0,0,0,1088,3309,1024,5503,4479,437.4,3.1529,nan,edge/x86_64,unknown,3.12.3,2026-10-09T18:45:16Z
175,ML-KEM-768+ML-DSA-65,post-quantum,3,wrap_flow,0.2326,0.0,0.0,0.0,0,0,1088,3309,1024,5503,4479,437.4,3.4895,nan,edge/x86_64,unknown,3.12.3,2026-10-09T18:45:16Z
176,ML-KEM-768+ML-DSA-65,post-quantum,3,wrap_flow,0.1393,0.0,0.0,0.0,0,0,1088,3309,1024,5503,4479,437.4,2.0896,nan,edge/x86_64,unknown,3.12.3,2026-10-09T18:45:16Z
177,ML-KEM-768+ML-DSA-65,post-quantum,3,wrap_flow,0.2353,0.0,0.0,0.0,0,0,1088,3309,1024,5503,4479,437.4,3.53,nan,edge/x86_64,unknown,3.12.3,2026-10-09T18:45:16Z
178,ML-KEM-768+ML-DSA-65,post-quantum,3,wrap_flow,0.2317,0.0,0.0,0.0,0,0,1088,3309,1024,5503,4479,437.4,3.4751,nan,edge/x86_64,unknown,3.12.3,2026-10-09T18:45:16Z
179,ML-KEM-768+ML-DSA-65,post-quantum,3,wrap_flow,0.1557,0.0,0.0,0.0,0,0,1088,3309,1024,5503,4479,437.4,2.3358,nan,edge/x86_64,unknown,3.12.3,2026-10-09T18:45:16Z
180,ML-KEM-768+ML-DSA-65,post-quantum,3,wrap_flow,0.125,0.0,0.0,0.0,0,0,1088,3309,1024,5503,4479,437.4,1.8757,nan,edge/x86_64,unknown,3.12.3,2026-10-09T18:45:16Z
181,ML-KEM-768+ML-DSA-65,post-quantum,3,wrap_flow,0.305,0.0,0.0,0.0,0,0,1088,3309,1024,5503,4479,437.4,4.5756,nan,edge/x86_64,unknown,3.12.3,2026-10-09T18:45:16Z
182,ML-KEM-768+ML-DSA-65,post-quantum,3,wrap_flow,0.2002,0.0,0.0,0.0,0,0,1088,3309,1024,5503,4479,437.4,3.0026,nan,edge/x86_64,unknown,3.12.3,2026-10-09T18:45:16Z
183,ML-KEM-768+ML-DSA-65,post-quantum,3,wrap_flow,0.1262,0.0,0.0,0.0,0,0,1088,3309,1024,5503,4479,437.4,1.893,nan,edge/x86_64,unknown,3.12.3,2026-10-09T18:45:16Z
184,ML-KEM-768+ML-DSA-65,post-quantum,3,wrap_flow,0.1141,0.0,0.0,0.0,0,0,1088,3309,1024,5503,4479,437.4,1.7119,nan,edge/x86_64,unknown,3.12.3,2026-10-09T18:45:16Z
185,ML-KEM-768+ML-DSA-65,post-quantum,3,wrap_flow,0.1139,0.0,0.0,0.0,0,0,1088,3309,1024,5503,4479,437.4,1.709,nan,edge/x86_64,unknown,3.12.3,2026-10-09T18:45:16Z
186,ML-KEM-768+ML-DSA-65,post-quantum,3,wrap_flow,0.1379,0.0,0.0,0.0,0,0,1088,3309,1024,5503,4479,437.4,2.0681,nan,edge/x86_64,unknown,3.12.3,2026-10-09T18:45:16Z
187,ML-KEM-768+ML-DSA-65,post-quantum,3,wrap_flow,0.267,0.0,0.0,0.0,0,0,1088,3309,1024,5503,4479,437.4,4.0044,nan,edge/x86_64,unknown,3.12.3,2026-10-09T18:45:16Z
188,ML-KEM-768+ML-DSA-65,post-quantum,3,wrap_flow,0.1517,0.0,0.0,0.0,0,0,1088,3309,1024,5503,4479,437.4,2.275,nan,edge/x86_64,unknown,3.12.3,2026-10-09T18:45:16Z
189,ML-KEM-768+ML-DSA-65,post-quantum,3,wrap_flow,0.1136,0.0,0.0,0.0,0,0,1088,3309,1024,5503,4479,437.4,1.7042,nan,edge/x86_64,unknown,3.12.3,2026-10-09T18:45:16Z
190,ML-KEM-768+ML-DSA-65,post-quantum,3,wrap_flow,0.1281,0.0,0.0,0.0,0,0,1088,3309,1024,5503,4479,437.4,1.9214,nan,edge/x86_64,unknown,3.12.3,2026-10-09T18:45:16Z
191,ML-KEM-768+ML-DSA-65,post-quantum,3,wrap_flow,0.1617,0.0,0.0,0.0,0,0,1088,3309,1024,5503,4479,437.4,2.4248,nan,edge/x86_64,unknown,3.12.3,2026-10-09T18:45:16Z
192,ML-KEM-768+ML-DSA-65,post-quantum,3,wrap_flow,0.173,0.0,0.0,0.0,0,0,1088,3309,1024,5503,4479,437.4,2.5956,nan,edge/x86_64,unknown,3.12.3,2026-10-09T18:45:16Z
193,ML-KEM-768+ML-DSA-65,post-quantum,3,wrap_flow,0.2656,0.0,0.0,0.0,0,0,1088,3309,1024,5503,4479,437.4,3.9839,nan,edge/x86_64,unknown,3.12.3,2026-10-09T18:45:16Z
194,ML-KEM-768+ML-DSA-65,post-quantum,3,wrap_flow,0.1881,0.0,0.0,0.0,0,0,1088,3309,1024,5503,4479,437.4,2.821,nan,edge/x86_64,unknown,3.12.3,2026-10-09T18:45:16Z
195,ML-KEM-768+ML-DSA-65,post-quantum,3,wrap_flow,0.3014,0.0,0.0,0.0,0,0,1088,3309,1024,5503,4479,437.4,4.5207,nan,edge/x86_64,unknown,3.12.3,2026-10-09T18:45:16Z
196,ML-KEM-768+ML-DSA-65,post-quantum,3,wrap_flow,0.1155,0.0,0.0,0.0,0,0,1088,3309,1024,5503,4479,437.4,1.7321,nan,edge/x86_64,unknown,3.12.3,2026-10-09T18:45:16Z
197,ML-KEM-768+ML-DSA-65,post-quantum,3,wrap_flow,0.2524,0.0,0.0,0.0,0,0,1088,3309,1024,5503,4479,437.4,3.7856,nan,edge/x86_64,unknown,3.12.3,2026-10-09T18:45:16Z
198,ML-KEM-768+ML-DSA-65,post-quantum,3,wrap_flow,0.3165,0.0,0.0,0.0,0,0,1088,3309,1024,5503,4479,437.4,4.747,nan,edge/x86_64,unknown,3.12.3,2026-10-09T18:45:16Z
199,ML-KEM-768+ML-DSA-65,post-quantum,3,wrap_flow,0.1379,0.0,0.0,0.0,0,0,1088,3309,1024,5503,4479,437.4,2.0685,nan,edge/x86_64,unknown,3.12.3,2026-10-09T18:45:16Z
