run_id,algorithm,algorithm_family,nist_security_level,operation,latency_ms,cpu_pct_mean,cpu_pct_p95,ram_delta_mb,public_key_bytes,private_key_bytes,ciphertext_bytes,signature_bytes,payload_bytes,capsule_total_bytes,amplification_bytes,amplification_pct,energy_proxy_mj,rapl_energy_j,hw_platform,liboqs_version,python_version,timestamp_utc
0,ML-KEM-512,post-quantum,1,keygen,0.0709,0.0,0.0,0.315,800,1632,768,0,0,0,0,0.0,1.0638,nan,edge/x86_64,unknown,3.12.3,2026-10-09T18:44:41Z
0,ML-KEM-512,post-quantum,1,encapsulate,0.0913,0.0,0.0,0.315,800,1632,768,0,0,0,0,0.0,1.3696,nan,edge/x86_64,unknown,3.12.3,2026-10-09T18:44:41Z
0,ML-KEM-512,post-quantum,1,decapsulate,0.0802,0.0,0.0,0.315,800,1632,768,0,0,0,0,0.0,1.2033,nan,edge/x86_64,unknown,3.12.3,2026-10-09T18:44:41Z
1,ML-KEM-512,post-quantum,1,keygen,0.0781,0.0,0.0,0.315,800,1632,768,0,0,0,0,0.0,1.1722,nan,edge/x86_64,unknown,3.12.3,2026-10-09T18:44:41Z
1,ML-KEM-512,post-quantum,1,encapsulate,0.0467,0.0,0.0,0.315,800,1632,768,0,0,0,0,0.0,0.7004,nan,edge/x86_64,unknown,3.12.3,2026-10-09T18:44:41Z
1,ML-KEM-512,post-quantum,1,decapsulate,0.0479,0.0,0.0,0.315,800,1632,768,0,0,0,0,0.0,0.7181,nan,edge/x86_64,unknown,3.12.3,2026-10-09T18:44:41Z
2,ML-KEM-512,post-quantum,1,keygen,0.0418,0.0,0.0,0.315,800,1632,768,0,0,0,0,0.0,0.6273,nan,edge/x86_64,unknown,3.12.3,2026-10-09T18:44:41Z
2,ML-KEM-512,post-quantum,1,encapsulate,0.0392,0.0,0.0,0.315,800,1632,768,0,0,0,0,0.0,0.5884,nan,edge/x86_64,unknown,3.12.3,2026-10-09T18:44:41Z
2,ML-KEM-512,post-quantum,1,decapsulate,0.0372,0.0,0.0,0.315,800,1632,768,0,0,0,0,0.0,0.5586,nan,edge/x86_64,unknown,3.12.3,2026-10-09T18:44:41Z
3,ML-KEM-512,post-quantum,1,keygen,0.0365,0.0,0.0,0.315,800,1632,768,0,0,0,0,0.0,0.5471,nan,edge/x86_64,unknown,3.12.3,2026-10-09T18:44:41Z
3,ML-KEM-512,post-quantum,1,encapsulate,0.0369,0.0,0.0,0.315,800,1632,768,0,0,0,0,0.0,0.5536,nan,edge/x86_64,unknown,3.12.3,2026-10-09T18:44:41Z
3,ML-KEM-512,post-quantum,1,decapsulate,0.0398,0.0,0.0,0.315,800,1632,768,0,0,0,0,0.0,0.5968,nan,edge/x86_64,unknown,3.12.3,2026-10-09T18:44:41Z
4,ML-KEM-512,post-quantum,1,keygen,0.0387,0.0,0.0,0.315,800,1632,768,0,0,0,0,0.0,0.5804,nan,edge/x86_64,unknown,3.12.3,2026-10-09T18:44:41Z
4,ML-KEM-512,post-quantum,1,encapsulate,0.0377,0.0,0.0,0.315,800,1632,768,0,0,0,0,0.0,0.5655,nan,edge/x86_64,unknown,3.12.3,2026-10-09T18:44:41Z
4,ML-KEM-512,post-quantum,1,decapsulate,0.0377,0.0,0.0,0.315,800,1632,768,0,0,0,0,0.0,0.5652,nan,edge/x86_64,unknown,3.12.3,2026-10-09T18:44:41Z
5,ML-KEM-512,post-quantum,1,keygen,0.0381,0.0,0.0,0.315,800,1632,768,0,0,0,0,0.0,0.5718,nan,edge/x86_64,unknown,3.12.3,2026-10-09T18:44:41Z
5,ML-KEM-512,post-quantum,1,encapsulate,0.0375,0.0,0.0,0.315,800,1632,768,0,0,0,0,0.0,0.5625,nan,edge/x86_64,unknown,3.12.3,2026-10-09T18:44:41Z
5,ML-KEM-512,post-quantum,1,decapsulate,0.0371,0.0,0.0,0.315,800,1632,768,0,0,0,0,0.0,0.5558,nan,edge/x86_64,unknown,3.12.3,2026-10-09T18:44:41Z
6,ML-KEM-512,post-quantum,1,keygen,0.0374,0.0,0.0,0.315,800,1632,768,0,0,0,0,0.0,0.5616,nan,edge/x86_64,unknown,3.12.3,2026-10-09T18:44:41Z
6,ML-KEM-512,post-quantum,1,encapsulate,0.1473,0.0,0.0,0.315,800,1632,768,0,0,0,0,0.0,2.209,nan,edge/x86_64,unknown,3.12.3,2026-10-09T18:44:41Z
6,ML-KEM-512,post-quantum,1,decapsulate,0.0739,0.0,0.0,0.315,800,1632,768,0,0,0,0,0.0,1.108,nan,edge/x86_64,unknown,3.12.3,2026-10-09T18:44:41Z
7,ML-KEM-512,post-quantum,1,keygen,0.0421,0.0,0.0,0.315,800,1632,768,0,0,0,0,0.0,0.6313,nan,edge/x86_64,unknown,3.12.3,2026-10-09T18:44:41Z
7,ML-KEM-512,post-quantum,1,encapsulate,0.041,0.0,0.0,0.315,800,1632,768,0,0,0,0,0.0,0.6149,nan,edge/x86_64,unknown,3.12.3,2026-10-09T18:44:41Z
7,ML-KEM-512,post-quantum,1,decapsulate,0.0361,0.0,0.0,0.315,800,1632,768,0,0,0,0,0.0,0.5417,nan,edge/x86_64,unknown,3.12.3,2026-10-09T18:44:41Z
8,ML-KEM-512,post-quantum,1,keygen,0.0401,0.0,0.0,0.315,800,1632,768,0,0,0,0,0.0,0.6013,nan,edge/x86_64,unknown,3.12.3,2026-10-09T18:44:41Z
8,ML-KEM-512,post-quantum,1,encapsulate,0.0386,0.0,0.0,0.315,800,1632,768,0,0,0,0,0.0,0.5787,nan,edge/x86_64,unknown,3.12.3,2026-10-09T18:44:41Z
8,ML-KEM-512,post-quantum,1,decapsulate,0.0379,0.0,0.0,0.315,800,1632,768,0,0,0,0,0.0,0.5689,nan,edge/x86_64,unknown,3.12.3,2026-10-09T18:44:41Z
9,ML-KEM-512,post-quantum,1,keygen,0.0401,0.0,0.0,0.315,800,1632,768,0,0,0,0,0.0,0.6015,nan,edge/x86_64,unknown,3.12.3,2026-10-09T18:44:41Z
9,ML-KEM-512,post-quantum,1,encapsulate,0.0409,0.0,0.0,0.315,800,1632,768,0,0,0,0,0.0,0.6135,nan,edge/x86_64,unknown,3.12.3,2026-10-09T18:44:41Z
9,ML-KEM-512,post-quantum,1,decapsulate,0.039,0.0,0.0,0.315,800,1632,768,0,0,0,0,0.0,0.585,nan,edge/x86_64,unknown,3.12.3,2026-10-09T18:44:41Z
10,ML-KEM-512,post-quantum,1,keygen,0.0558,0.0,0.0,0.315,800,1632,768,0,0,0,0,0.0,0.8375,nan,edge/x86_64,unknown,3.12.3,2026-10-09T18:44:41Z
10,ML-KEM-512,post-quantum,1,encapsulate,0.0777,0.0,0.0,0.315,800,1632,768,0,0,0,0,0.0,1.1658,nan,edge/x86_64,unknown,3.12.3,2026-10-09T18:44:41Z
10,ML-KEM-512,post-quantum,1,decapsulate,0.0393,0.0,0.0,0.315,800,1632,768,0,0,0,0,0.0,0.5895,nan,edge/x86_64,unknown,3.12.3,2026-10-09T18:44:41Z
11,ML-KEM-512,post-quantum,1,keygen,0.0402,0.0,0.0,0.315,800,1632,768,0,0,0,0,0.0,0.603,nan,edge/x86_64,unknown,3.12.3,2026-10-09T18:44:41Z
11,ML-KEM-512,post-quantum,1,encapsulate,0.0394,0.0,0.0,0.315,800,1632,768,0,0,0,0,0.0,0.5908,nan,edge/x86_64,unknown,3.12.3,2026-10-09T18:44:41Z
11,ML-KEM-512,post-quantum,1,decapsulate,0.0392,0.0,0.0,0.315,800,1632,768,0,0,0,0,0.0,0.5884,nan,edge/x86_64,unknown,3.12.3,2026-10-09T18:44:41Z
12,ML-KEM-512,post-quantum,1,keygen,0.0374,0.0,0.0,0.315,800,1632,768,0,0,0,0,0.0,0.5604,nan,edge/x86_64,unknown,3.12.3,2026-10-09T18:44:41Z
12,ML-KEM-512,post-quantum,1,encapsulate,0.0549,0.0,0.0,0.315,800,1632,768,0,0,0,0,0.0,0.8233,nan,edge/x86_64,unknown,3.12.3,2026-10-09T18:44:41Z
12,ML-KEM-512,post-quantum,1,decapsulate,0.0655,0.0,0.0,0.315,800,1632,768,0,0,0,0,0.0,0.9819,nan,edge/x86_64,unknown,3.12.3,2026-10-09T18:44:41Z
13,ML-KEM-512,post-quantum,1,keygen,0.0413,0.0,0.0,0.315,800,1632,768,0,0,0,0,0.0,0.6197,nan,edge/x86_64,unknown,3.12.3,2026-10-09T18:44:41Z
13,ML-KEM-512,post-quantum,1,encapsulate,0.0449,0.0,0.0,0.315,800,1632,768,0,0,0,0,0.0,0.6741,nan,edge/x86_64,unknown,3.12.3,2026-10-09T18:44:41Z
13,ML-KEM-512,post-quantum,1,decapsulate,0.0378,0.0,0.0,0.315,800,1632,768,0,0,0,0,0.0,0.567,nan,edge/x86_64,unknown,3.12.3,2026-10-09T18:44:41Z
14,ML-KEM-512,post-quantum,1,keygen,0.0374,0.0,0.0,0.315,800,1632,768,0,0,0,0,0.0,0.5611,nan,edge/x86_64,unknown,3.12.3,2026-10-09T18:44:41Z
14,ML-KEM-512,post-quantum,1,encapsulate,0.0451,0.0,0.0,0.315,800,1632,768,0,0,0,0,0.0,0.6769,nan,edge/x86_64,unknown,3.12.3,2026-10-09T18:44:41Z
14,ML-KEM-512,post-quantum,1,decapsulate,0.04,0.0,0.0,0.315,800,1632,768,0,0,0,0,0.0,0.6005,nan,edge/x86_64,unknown,3.12.3,2026-10-09T18:44:41Z
15,ML-KEM-512,post-quantum,1,keygen,0.0367,0.0,0.0,0.315,800,1632,768,0,0,0,0,0.0,0.5504,nan,edge/x86_64,unknown,3.12.3,2026-10-09T18:44:41Z
15,ML-KEM-512,post-quantum,1,encapsulate,0.0376,0.0,0.0,0.315,800,1632,768,0,0,0,0,0.0,0.5642,nan,edge/x86_64,unknown,3.12.3,2026-10-09T18:44:41Z
15,ML-KEM-512,post-quantum,1,decapsulate,0.0376,0.0,0.0,0.315,800,1632,768,0,0,0,0,0.0,0.5635,nan,edge/x86_64,unknown,3.12.3,2026-10-09T18:44:41Z
16,ML-KEM-512,post-quantum,1,keygen,0.0366,0.0,0.0,0.315,800,1632,768,0,0,0,0,0.0,0.5497,nan,edge/x86_64,unknown,3.12.3,2026-10-09T18:44:41Z
16,ML-KEM-512,post-quantum,1,encapsulate,0.0658,0.0,0.0,0.315,800,1632,768,0,0,0,0,0.0,0.9867,nan,edge/x86_64,unknown,3.12.3,2026-10-09T18:44:41Z
16,ML-KEM-512,post-quantum,1,decapsulate,0.0483,0.0,0.0,0.315,800,1632,768,0,0,0,0,0.0,0.724,nan,edge/x86_64,unknown,3.12.3,2026-10-09T18:44:41Z
17,ML-KEM-512,post-quantum,1,keygen,0.0425,0.0,0.0,0.315,800,1632,768,0,0,0,0,0.0,0.6378,nan,edge/x86_64,unknown,3.12.3,2026-10-09T18:44:41Z
17,ML-KEM-512,post-quantum,1,encapsulate,0.041,0.0,0.0,0.315,800,1632,768,0,0,0,0,0.0,0.6147,nan,edge/x86_64,unknown,3.12.3,2026-10-09T18:44:41Z
17,ML-KEM-512,post-quantum,1,decapsulate,0.0394,0.0,0.0,0.315,800,1632,768,0,0,0,0,0.0,0.5915,nan,edge/x86_64,unknown,3.12.3,2026-10-09T18:44:41Z
18,ML-KEM-512,post-quantum,1,keygen,0.0372,0.0,0.0,0.315,800,1632,768,0,0,0,0,0.0,0.5578,nan,edge/x86_64,unknown,3.12.3,2026-10-09T18:44:41Z
18,ML-KEM-512,post-quantum,1,encapsulate,0.0398,0.0,0.0,0.315,800,1632,768,0,0,0,0,0.0,0.5977,nan,edge/x86_64,unknown,3.12.3,2026-10-09T18:44:41Z
18,ML-KEM-512,post-quantum,1,decapsulate,0.0728,0.0,0.0,0.315,800,1632,768,0,0,0,0,0.0,1.0918,nan,edge/x86_64,unknown,3.12.3,2026-10-09T18:44:41Z
19,ML-KEM-512,post-quantum,1,keygen,0.0382,0.0,0.0,0.315,800,1632,768,0,0,0,0,0.0,0.5727,nan,edge/x86_64,unknown,3.12.3,2026-10-09T18:44:41Z
19,ML-KEM-512,post-quantum,1,encapsulate,0.1169,0.0,0.0,0.315,800,1632,768,0,0,0,0,0.0,1.753,nan,edge/x86_64,unknown,3.12.3,2026-10-09T18:44:41Z
19,ML-KEM-512,post-quantum,1,decapsulate,0.0492,0.0,0.0,0.315,800,1632,768,0,0,0,0,0.0,0.7387,nan,edge/x86_64,unknown,3.12.3,2026-10-09T18:44:41Z
20,ML-KEM-512,post-quantum,1,keygen,0.0411,0.0,0.0,0.315,800,1632,768,0,0,0,0,0.0,0.6165,nan,edge/x86_64,unknown,3.12.3,2026-10-09T18:44:41Z
20,ML-KEM-512,post-quantum,1,encapsulate,0.0376,0.0,0.0,0.315,800,1632,768,0,0,0,0,0.0,0.5647,nan,edge/x86_64,unknown,3.12.3,2026-10-09T18:44:41Z
20,ML-KEM-512,post-quantum,1,decapsulate,0.0377,0.0,0.0,0.315,800,1632,768,0,0,0,0,0.0,0.565,nan,edge/x86_64,unknown,3.12.3,2026-10-09T18:44:41Z
21,ML-KEM-512,post-quantum,1,keygen,0.0379,0.0,0.0,0.315,800,1632,768,0,0,0,0,0.0,0.5682,nan,edge/x86_64,unknown,3.12.3,2026-10-09T18:44:41Z
21,ML-KEM-512,post-quantum,1,encapsulate,0.0375,0.0,0.0,0.315,800,1632,768,0,0,0,0,0.0,0.5622,nan,edge/x86_64,unknown,3.12.3,2026-10-09T18:44:41Z
21,ML-KEM-512,post-quantum,1,decapsulate,0.0374,0.0,0.0,0.315,800,1632,768,0,0,0,0,0.0,0.5615,nan,edge/x86_64,unknown,3.12.3,2026-10-09T18:44:41Z
22,ML-KEM-512,post-quantum,1,keygen,0.0363,0.0,0.0,0.315,800,1632,768,0,0,0,0,0.0,0.5441,nan,edge/x86_64,unknown,3.12.3,2026-10-09T18:44:41Z
22,ML-KEM-512,post-quantum,1,encapsulate,0.037,0.0,0.0,0.315,800,1632,768,0,0,0,0,0.0,0.555,nan,edge/x86_64,unknown,3.12.3,2026-10-09T18:44:41Z
22,ML-KEM-512,post-quantum,1,decapsulate,0.0403,0.0,0.0,0.315,800,1632,768,0,0,0,0,0.0,0.6049,nan,edge/x86_64,unknown,3.12.3,2026-10-09T18:44:41Z
23,ML-KEM-512,post-quantum,1,keygen,0.0371,0.0,0.0,0.315,800,1632,768,0,0,0,0,0.0,0.557,nan,edge/x86_64,unknown,3.12.3,2026-10-09T18:44:41Z
23,ML-KEM-512,post-quantum,1,encapsulate,0.056,0.0,0.0,0.315,800,1632,768,0,0,0,0,0.0,0.8401,nan,edge/x86_64,unknown,3.12.3,2026-10-09T18:44:41Z
23,ML-KEM-512,post-quantum,1,decapsulate,0.0393,0.0,0.0,0.315,800,1632,768,0,0,0,0,0.0,0.5896,nan,edge/x86_64,unknown,3.12.3,2026-10-09T18:44:41Z
24,ML-KEM-512,post-quantum,1,keygen,0.0367,0.0,0.0,0.315,800,1632,768,0,0,0,0,0.0,0.5501,nan,edge/x86_64,unknown,3.12.3,2026-10-09T18:44:41Z
24,ML-KEM-512,post-quantum,1,encapsulate,0.0374,0.0,0.0,0.315,800,1632,768,0,0,0,0,0.0,0.5603,nan,edge/x86_64,unknown,3.12.3,2026-10-09T18:44:41Z
24,ML-KEM-512,post-quantum,1,decapsulate,0.0374,0.0,0.0,0.315,800,1632,768,0,0,0,0,0.0,0.5612,nan,edge/x86_64,unknown,3.12.3,2026-10-09T18:44:41Z
25,ML-KEM-512,post-quantum,1,keygen,0.0371,0.0,0.0,0.315,800,1632,768,0,0,0,0,0.0,0.5563,nan,edge/x86_64,unknown,3.12.3,2026-10-09T18:44:41Z
25,ML-KEM-512,post-quantum,1,encapsulate,0.0422,0.0,0.0,0.315,800,1632,768,0,0,0,0,0.0,0.633,nan,edge/x86_64,unknown,3.12.3,2026-10-09T18:44:41Z
25,ML-KEM-512,post-quantum,1,decapsulate,0.0395,0.0,0.0,0.315,800,1632,768,0,0,0,0,0.0,0.592,nan,edge/x86_64,unknown,3.12.3,2026-10-09T18:44:41Z
26,ML-KEM-512,post-quantum,1,keygen,0.037,0.0,0.0,0.315,800,1632,768,0,0,0,0,0.0,0.5543,nan,edge/x86_64,unknown,3.12.3,2026-10-09T18:44:41Z
26,ML-KEM-512,post-quantum,1,encapsulate,0.0369,0.0,0.0,0.315,800,1632,768,0,0,0,0,0.0,0.5541,nan,edge/x86_64,unknown,3.12.3,2026-10-09T18:44:41Z
26,ML-KEM-512,post-quantum,1,decapsulate,0.1145,0.0,0.0,0.315,800,1632,768,0,0,0,0,0.0,1.7168,nan,edge/x86_64,unknown,3.12.3,2026-10-09T18:44:41Z
27,ML-KEM-512,post-quantum,1,keygen,0.0474,0.0,0.0,0.315,800,1632,768,0,0,0,0,0.0,0.7109,nan,edge/x86_64,unknown,3.12.3,2026-10-09T18:44:41Z
27,ML-KEM-512,post-quantum,1,encapsulate,0.0386,0.0,0.0,0.315,800,1632,768,0,0,0,0,0.0,0.5787,nan,edge/x86_64,unknown,3.12.3,2026-10-09T18:44:41Z
27,ML-KEM-512,post-quantum,1,decapsulate,0.036,0.0,0.0,0.315,800,1632,768,0,0,0,0,0.0,0.5393,nan,edge/x86_64,unknown,3.12.3,2026-10-09T18:44:41Z
28,ML-KEM-512,post-quantum,1,keygen,0.0394,0.0,0.0,0.315,800,1632,768,0,0,0,0,0.0,0.5909,nan,edge/x86_64,unknown,3.12.3,2026-10-09T18:44:41Z
28,ML-KEM-512,post-quantum,1,encapsulate,0.0401,0.0,0.0,0.315,800,1632,768,0,0,0,0,0.0,0.6019,nan,edge/x86_64,unknown,3.12.3,2026-10-09T18:44:41Z
28,ML-KEM-512,post-quantum,1,decapsulate,0.0391,0.0,0.0,0.315,800,1632,768,0,0,0,0,0.0,0.5864,nan,edge/x86_64,unknown,3.12.3,2026-10-09T18:44:41Z
29,ML-KEM-512,post-quantum,1,keygen,0.0381,0.0,0.0,0.315,800,1632,768,0,0,0,0,0.0,0.572,nan,edge/x86_64,unknown,3.12.3,2026-10-09T18:44:41Z
29,ML-KEM-512,post-quantum,1,encapsulate,0.0401,0.0,0.0,0.315,800,1632,768,0,0,0,0,0.0,0.6022,nan,edge/x86_64,unknown,3.12.3,2026-10-09T18:44:41Z
29,ML-KEM-512,post-quantum,1,decapsulate,0.0392,0.0,0.0,0.315,800,1632,768,0,0,0,0,0.0,0.5873,nan,edge/x86_64,unknown,3.12.3,2026-10-09T18:44:41Z
30,ML-KEM-512,post-quantum,1,keygen,0.0364,0.0,0.0,0.315,800,1632,768,0,0,0,0,0.0,0.546,nan,edge/x86_64,unknown,3.12.3,2026-10-09T18:44:41Z
30,ML-KEM-512,post-quantum,1,encapsulate,0.0994,0.0,0.0,0.315,800,1632,768,0,0,0,0,0.0,1.4909,nan,edge/x86_64,unknown,3.12.3,2026-10-09T18:44:41Z
30,ML-KEM-512,post-quantum,1,decapsulate,0.04,0.0,0.0,0.315,800,1632,768,0,0,0,0,0.0,0.5993,nan,edge/x86_64,unknown,3.12.3,2026-10-09T18:44:41Z
31,ML-KEM-512,post-quantum,1,keygen,0.0396,0.0,0.0,0.315,800,1632,768,0,0,0,0,0.0,0.5943,nan,edge/x86_64,unknown,3.12.3,2026-10-09T18:44:41Z
31,ML-KEM-512,post-quantum,1,encapsulate,0.0443,0.0,0.0,0.315,800,1632,768,0,0,0,0,0.0,0.6641,nan,edge/x86_64,unknown,3.12.3,2026-10-09T18:44:41Z
31,ML-KEM-512,post-quantum,1,decapsulate,0.0401,0.0,0.0,0.315,800,1632,768,0,0,0,0,0.0,0.6009,nan,edge/x86_64,unknown,3.12.3,2026-10-09T18:44:41Z
32,ML-KEM-512,post-quantum,1,keygen,0.0377,0.0,0.0,0.315,800,1632,768,0,0,0,0,0.0,0.5655,nan,edge/x86_64,unknown,3.12.3,2026-10-09T18:44:41Z
32,ML-KEM-512,post-quantum,1,encapsulate,0.0374,0.0,0.0,0.315,800,1632,768,0,0,0,0,0.0,0.5609,nan,edge/x86_64,unknown,3.12.3,2026-10-09T18:44:41Z
32,ML-KEM-512,post-quantum,1,decapsulate,0.0368,0.0,0.0,0.315,800,1632,768,0,0,0,0,0.0,0.5527,nan,edge/x86_64,unknown,3.12.3,2026-10-09T18:44:41Z
33,ML-KEM-512,post-quantum,1,keygen,0.0505,0.0,0.0,0.315,800,1632,768,0,0,0,0,0.0,0.757,nan,edge/x86_64,unknown,3.12.3,2026-10-09T18:44:41Z
33,ML-KEM-512,post-quantum,1,encapsulate,0.045,0.0,0.0,0.315,800,1632,768,0,0,0,0,0.0,0.6743,nan,edge/x86_64,unknown,3.12.3,2026-10-09T18:44:41Z
33,ML-KEM-512,post-quantum,1,decapsulate,0.0381,0.0,0.0,0.315,800,1632,768,0,0,0,0,0.0,0.5715,nan,edge/x86_64,unknown,3.12.3,2026-10-09T18:44:41Z
34,ML-KEM-512,post-quantum,1,keygen,0.0401,0.0,0.0,0.315,800,1632,768,0,0,0,0,0.0,0.6013,nan,edge/x86_64,unknown,3.12.3,2026-10-09T18:44:41Z
34,ML-KEM-512,post-quantum,1,encapsulate,0.0404,0.0,0.0,0.315,800,1632,768,0,0,0,0,0.0,0.6056,nan,edge/x86_64,unknown,3.12.3,2026-10-09T18:44:41Z
34,ML-KEM-512,post-quantum,1,decapsulate,0.0369,0.0,0.0,0.315,800,1632,768,0,0,0,0,0.0,0.5529,nan,edge/x86_64,unknown,3.12.3,2026-10-09T18:44:41Z
35,ML-KEM-512,post-quantum,1,keygen,0.0384,0.0,0.0,0.315,800,1632,768,0,0,0,0,0.0,0.5761,nan,edge/x86_64,unknown,3.12.3,2026-10-09T18:44:41Z
35,ML-KEM-512,post-quantum,1,encapsulate,0.0372,0.0,0.0,0.315,800,1632,768,0,0,0,0,0.0,0.5586,nan,edge/x86_64,unknown,3.12.3,2026-10-09T18:44:41Z
35,ML-KEM-512,post-quantum,1,decapsulate,0.0371,0.0,0.0,0.315,800,1632,768,0,0,0,0,0.0,0.5563,nan,edge/x86_64,unknown,3.12.3,2026-10-09T18:44:41Z
36,ML-KEM-512,post-quantum,1,keygen,0.0366,0.0,0.0,0.315,800,1632,768,0,0,0,0,0.0,0.5484,nan,edge/x86_64,unknown,3.12.3,2026-10-09T18:44:41Z
36,ML-KEM-512,post-quantum,1,encapsulate,0.0367,0.0,0.0,0.315,800,1632,768,0,0,0,0,0.0,0.5509,nan,edge/x86_64,unknown,3.12.3,2026-10-09T18:44:41Z
36,ML-KEM-512,post-quantum,1,decapsulate,0.0549,0.0,0.0,0.315,800,1632,768,0,0,0,0,0.0,0.823,nan,edge/x86_64,unknown,3.12.3,2026-10-09T18:44:41Z
37,ML-KEM-512,post-quantum,1,keygen,0.0387,0.0,0.0,0.315,800,1632,768,0,0,0,0,0.0,0.5805,nan,edge/x86_64,unknown,3.12.3,2026-10-09T18:44:41Z
37,ML-KEM-512,post-quantum,1,encapsulate,0.0407,0.0,0.0,0.315,800,1632,768,0,0,0,0,0.0,0.6111,nan,edge/x86_64,unknown,3.12.3,2026-10-09T18:44:41Z
37,ML-KEM-512,post-quantum,1,decapsulate,0.0384,0.0,0.0,0.315,800,1632,768,0,0,0,0,0.0,0.5757,nan,edge/x86_64,unknown,3.12.3,2026-10-09T18:44:41Z
38,ML-KEM-512,post-quantum,1,keygen,0.04,0.0,0.0,0.315,800,1632,768,0,0,0,0,0.0,0.6006,nan,edge/x86_64,unknown,3.12.3,2026-10-09T18:44:41Z
38,ML-KEM-512,post-quantum,1,encapsulate,0.0388,0.0,0.0,0.315,800,1632,768,0,0,0,0,0.0,0.5825,nan,edge/x86_64,unknown,3.12.3,2026-10-09T18:44:41Z
38,ML-KEM-512,post-quantum,1,decapsulate,0.037,0.0,0.0,0.315,800,1632,768,0,0,0,0,0.0,0.5547,nan,edge/x86_64,unknown,3.12.3,2026-10-09T18:44:41Z
39,ML-KEM-512,post-quantum,1,keygen,0.0367,0.0,0.0,0.315,800,1632,768,0,0,0,0,0.0,0.5505,nan,edge/x86_64,unknown,3.12.3,2026-10-09T18:44:41Z
39,ML-KEM-512,post-quantum,1,encapsulate,0.038,0.0,0.0,0.315,800,1632,768,0,0,0,0,0.0,0.5705,nan,edge/x86_64,unknown,3.12.3,2026-10-09T18:44:41Z
39,ML-KEM-512,post-quantum,1,decapsulate,0.0378,0.0,0.0,0.315,800,1632,768,0,0,0,0,0.0,0.5673,nan,edge/x86_64,unknown,3.12.3,2026-10-09T18:44:41Z
40,ML-KEM-512,post-quantum,1,keygen,0.0377,0.0,0.0,0.315,800,1632,768,0,0,0,0,0.0,0.5658,nan,edge/x86_64,unknown,3.12.3,2026-10-09T18:44:41Z
40,ML-KEM-512,post-quantum,1,encapsulate,0.0843,0.0,0.0,0.315,800,1632,768,0,0,0,0,0.0,1.2641,nan,edge/x86_64,unknown,3.12.3,2026-10-09T18:44:41Z
40,ML-KEM-512,post-quantum,1,decapsulate,0.0423,0.0,0.0,0.315,800,1632,768,0,0,0,0,0.0,0.6346,nan,edge/x86_64,unknown,3.12.3,2026-10-09T18:44:41Z
41,ML-KEM-512,post-quantum,1,keygen,0.0413,0.0,0.0,0.315,800,1632,768,0,0,0,0,0.0,0.6191,nan,edge/x86_64,unknown,3.12.3,2026-10-09T18:44:41Z
41,ML-KEM-512,post-quantum,1,encapsulate,0.0404,0.0,0.0,0.315,800,1632,768,0,0,0,0,0.0,0.6054,nan,edge/x86_64,unknown,3.12.3,2026-10-09T18:44:41Z
41,ML-KEM-512,post-quantum,1,decapsulate,0.0374,0.0,0.0,0.315,800,1632,768,0,0,0,0,0.0,0.5617,nan,edge/x86_64,unknown,3.12.3,2026-10-09T18:44:41Z
42,ML-KEM-512,post-quantum,1,keygen,0.0368,0.0,0.0,0.315,800,1632,768,0,0,0,0,0.0,0.5517,nan,edge/x86_64,unknown,3.12.3,2026-10-09T18:44:41Z
42,ML-KEM-512,post-quantum,1,encapsulate,0.0376,0.0,0.0,0.315,800,1632,768,0,0,0,0,0.0,0.5647,nan,edge/x86_64,unknown,3.12.3,2026-10-09T18:44:41Z
42,ML-KEM-512,post-quantum,1,decapsulate,0.1099,0.0,0.0,0.315,800,1632,768,0,0,0,0,0.0,1.6491,nan,edge/x86_64,unknown,3.12.3,2026-10-09T18:44:41Z
43,ML-KEM-512,post-quantum,1,keygen,0.0616,0.0,0.0,0.315,800,1632,768,0,0,0,0,0.0,0.9245,nan,edge/x86_64,unknown,3.12.3,2026-10-09T18:44:41Z
43,ML-KEM-512,post-quantum,1,encapsulate,0.0397,0.0,0.0,0.315,800,1632,768,0,0,0,0,0.0,0.5953,nan,edge/x86_64,unknown,3.12.3,2026-10-09T18:44:41Z
43,ML-KEM-512,post-quantum,1,decapsulate,0.0378,0.0,0.0,0.315,800,1632,768,0,0,0,0,0.0,0.5675,nan,edge/x86_64,unknown,3.12.3,2026-10-09T18:44:41Z
44,ML-KEM-512,post-quantum,1,keygen,0.0375,0.0,0.0,0.315,800,1632,768,0,0,0,0,0.0,0.5628,nan,edge/x86_64,unknown,3.12.3,2026-10-09T18:44:41Z
44,ML-KEM-512,post-quantum,1,encapsulate,0.042,0.0,0.0,0.315,800,1632,768,0,0,0,0,0.0,0.6293,nan,edge/x86_64,unknown,3.12.3,2026-10-09T18:44:41Z
44,ML-KEM-512,post-quantum,1,decapsulate,0.0369,0.0,0.0,0.315,800,1632,768,0,0,0,0,0.0,0.5541,nan,edge/x86_64,unknown,3.12.3,2026-10-09T18:44:41Z
45,ML-KEM-512,post-quantum,1,keygen,0.0381,0.0,0.0,0.315,800,1632,768,0,0,0,0,0.0,0.571,nan,edge/x86_64,unknown,3.12.3,2026-10-09T18:44:41Z
45,ML-KEM-512,post-quantum,1,encapsulate,0.037,0.0,0.0,0.315,800,1632,768,0,0,0,0,0.0,0.5555,nan,edge/x86_64,unknown,3.12.3,2026-10-09T18:44:41Z
45,ML-KEM-512,post-quantum,1,decapsulate,0.0389,0.0,0.0,0.315,800,1632,768,0,0,0,0,0.0,0.5834,nan,edge/x86_64,unknown,3.12.3,2026-10-09T18:44:41Z
46,ML-KEM-512,post-quantum,1,keygen,0.0374,0.0,0.0,0.315,800,1632,768,0,0,0,0,0.0,0.5612,nan,edge/x86_64,unknown,3.12.3,2026-10-09T18:44:41Z
46,ML-KEM-512,post-quantum,1,encapsulate,0.0375,0.0,0.0,0.315,800,1632,768,0,0,0,0,0.0,0.5622,nan,edge/x86_64,unknown,3.12.3,2026-10-09T18:44:41Z
46,ML-KEM-512,post-quantum,1,decapsulate,0.1802,0.0,0.0,0.315,800,1632,768,0,0,0,0,0.0,2.7026,nan,edge/x86_64,unknown,3.12.3,2026-10-09T18:44:41Z
47,ML-KEM-512,post-quantum,1,keygen,0.0506,0.0,0.0,0.315,800,1632,768,0,0,0,0,0.0,0.7594,nan,edge/x86_64,unknown,3.12.3,2026-10-09T18:44:41Z
47,ML-KEM-512,post-quantum,1,encapsulate,0.0398,0.0,0.0,0.315,800,1632,768,0,0,0,0,0.0,0.5972,nan,edge/x86_64,unknown,3.12.3,2026-10-09T18:44:41Z
47,ML-KEM-512,post-quantum,1,decapsulate,0.0409,0.0,0.0,0.315,800,1632,768,0,0,0,0,0.0,0.6131,nan,edge/x86_64,unknown,3.12.3,2026-10-09T18:44:41Z
48,ML-KEM-512,post-quantum,1,keygen,0.042,0.0,0.0,0.315,800,1632,768,0,0,0,0,0.0,0.6305,nan,edge/x86_64,unknown,3.12.3,2026-10-09T18:44:41Z
48,ML-KEM-512,post-quantum,1,encapsulate,0.0395,0.0,0.0,0.315,800,1632,768,0,0,0,0,0.0,0.5918,nan,edge/x86_64,unknown,3.12.3,2026-10-09T18:44:41Z
48,ML-KEM-512,post-quantum,1,decapsulate,0.0385,0.0,0.0,0.315,800,1632,768,0,0,0,0,0.0,0.5781,nan,edge/x86_64,unknown,3.12.3,2026-10-09T18:44:41Z
49,ML-KEM-512,post-quantum,1,keygen,0.0356,0.0,0.0,0.315,800,1632,768,0,0,0,0,0.0,0.5335,nan,edge/x86_64,unknown,3.12.3,2026-10-09T18:44:41Z
49,ML-KEM-512,post-quantum,1,encapsulate,0.0419,0.0,0.0,0.315,800,1632,768,0,0,0,0,0.0,0.6291,nan,edge/x86_64,unknown,3.12.3,2026-10-09T18:44:41Z
49,ML-KEM-512,post-quantum,1,decapsulate,0.0399,0.0,0.0,0.315,800,1632,768,0,0,0,0,0.0,0.5989,nan,edge/x86_64,unknown,3.12.3,2026-10-09T18:44:41Z
50,ML-KEM-512,post-quantum,1,keygen,0.0978,0.0,0.0,0.315,800,1632,768,0,0,0,0,0.0,1.4675,nan,edge/x86_64,unknown,3.12.3,2026-10-09T18:44:41Z
50,ML-KEM-512,post-quantum,1,encapsulate,0.0399,0.0,0.0,0.315,800,1632,768,0,0,0,0,0.0,0.5991,nan,edge/x86_64,unknown,3.12.3,2026-10-09T18:44:41Z
50,ML-KEM-512,post-quantum,1,decapsulate,0.0494,0.0,0.0,0.315,800,1632,768,0,0,0,0,0.0,0.7406,nan,edge/x86_64,unknown,3.12.3,2026-10-09T18:44:41Z
51,ML-KEM-512,post-quantum,1,keygen,0.0386,0.0,0.0,0.315,800,1632,768,0,0,0,0,0.0,0.5793,nan,edge/x86_64,unknown,3.12.3,2026-10-09T18:44:41Z
51,ML-KEM-512,post-quantum,1,encapsulate,0.0384,0.0,0.0,0.315,800,1632,768,0,0,0,0,0.0,0.5764,nan,edge/x86_64,unknown,3.12.3,2026-10-09T18:44:41Z
51,ML-KEM-512,post-quantum,1,decapsulate,0.0392,0.0,0.0,0.315,800,1632,768,0,0,0,0,0.0,0.5879,nan,edge/x86_64,unknown,3.12.3,2026-10-09T18:44:41Z
52,ML-KEM-512,post-quantum,1,keygen,0.0369,0.0,0.0,0.315,800,1632,768,0,0,0,0,0.0,0.5531,nan,edge/x86_64,unknown,3.12.3,2026-10-09T18:44:41Z
52,ML-KEM-512,post-quantum,1,encapsulate,0.0375,0.0,0.0,0.315,800,1632,768,0,0,0,0,0.0,0.5624,nan,edge/x86_64,unknown,3.12.3,2026-10-09T18:44:41Z
52,ML-KEM-512,post-quantum,1,decapsulate,0.0455,0.0,0.0,0.315,800,1632,768,0,0,0,0,0.0,0.6823,nan,edge/x86_64,unknown,3.12.3,2026-10-09T18:44:41Z
53,ML-KEM-512,post-quantum,1,keygen,0.0396,0.0,0.0,0.315,800,1632,768,0,0,0,0,0.0,0.594,nan,edge/x86_64,unknown,3.12.3,2026-10-09T18:44:41Z
53,ML-KEM-512,post-quantum,1,encapsulate,0.0775,0.0,0.0,0.315,800,1632,768,0,0,0,0,0.0,1.162,nan,edge/x86_64,unknown,3.12.3,2026-10-09T18:44:41Z
53,ML-KEM-512,post-quantum,1,decapsulate,0.0401,0.0,0.0,0.315,800,1632,768,0,0,0,0,0.0,0.6012,nan,edge/x86_64,unknown,3.12.3,2026-10-09T18:44:41Z
54,ML-KEM-512,post-quantum,1,keygen,0.0505,0.0,0.0,0.315,800,1632,768,0,0,0,0,0.0,0.7581,nan,edge/x86_64,unknown,3.12.3,2026-10-09T18:44:41Z
54,ML-KEM-512,post-quantum,1,encapsulate,0.0743,0.0,0.0,0.315,800,1632,768,0,0,0,0,0.0,1.114,nan,edge/x86_64,unknown,3.12.3,2026-10-09T18:44:41Z
54,ML-KEM-512,post-quantum,1,decapsulate,0.0387,0.0,0.0,0.315,800,1632,768,0,0,0,0,0.0,0.5805,nan,edge/x86_64,unknown,3.12.3,2026-10-09T18:44:41Z
55,ML-KEM-512,post-quantum,1,keygen,0.0386,0.0,0.0,0.315,800,1632,768,0,0,0,0,0.0,0.5784,nan,edge/x86_64,unknown,3.12.3,2026-10-09T18:44:41Z
55,ML-KEM-512,post-quantum,1,encapsulate,0.0854,0.0,0.0,0.315,800,1632,768,0,0,0,0,0.0,1.2804,nan,edge/x86_64,unknown,3.12.3,2026-10-09T18:44:41Z
55,ML-KEM-512,post-quantum,1,decapsulate,0.042,0.0,0.0,0.315,800,1632,768,0,0,0,0,0.0,0.6294,nan,edge/x86_64,unknown,3.12.3,2026-10-09T18:44:41Z
56,ML-KEM-512,post-quantum,1,keygen,0.0488,0.0,0.0,0.315,800,1632,768,0,0,0,0,0.0,0.7321,nan,edge/x86_64,unknown,3.12.3,2026-10-09T18:44:41Z
56,ML-KEM-512,post-quantum,1,encapsulate,0.0379,0.0,0.0,0.315,800,1632,768,0,0,0,0,0.0,0.5688,nan,edge/x86_64,unknown,3.12.3,2026-10-09T18:44:41Z
56,ML-KEM-512,post-quantum,1,decapsulate,0.0374,0.0,0.0,0.315,800,1632,768,0,0,0,0,0.0,0.5607,nan,edge/x86_64,unknown,3.12.3,2026-10-09T18:44:41Z
57,ML-KEM-512,post-quantum,1,keygen,0.0372,0.0,0.0,0.315,800,1632,768,0,0,0,0,0.0,0.5587,nan,edge/x86_64,unknown,3.12.3,2026-10-09T18:44:41Z
57,ML-KEM-512,post-quantum,1,encapsulate,0.0405,0.0,0.0,0.315,800,1632,768,0,0,0,0,0.0,0.6073,nan,edge/x86_64,unknown,3.12.3,2026-10-09T18:44:41Z
57,ML-KEM-512,post-quantum,1,decapsulate,0.0381,0.0,0.0,0.315,800,1632,768,0,0,0,0,0.0,0.5713,nan,edge/x86_64,unknown,3.12.3,2026-10-09T18:44:41Z
58,ML-KEM-512,post-quantum,1,keygen,0.0827,0.0,0.0,0.315,800,1632,768,0,0,0,0,0.0,1.2412,nan,edge/x86_64,unknown,3.12.3,2026-10-09T18:44:41Z
58,ML-KEM-512,post-quantum,1,encapsulate,0.047,0.0,0.0,0.315,800,1632,768,0,0,0,0,0.0,0.705,nan,edge/x86_64,unknown,3.12.3,2026-10-09T18:44:41Z
58,ML-KEM-512,post-quantum,1,decapsulate,0.0403,0.0,0.0,0.315,800,1632,768,0,0,0,0,0.0,0.6047,nan,edge/x86_64,unknown,3.12.3,2026-10-09T18:44:41Z
59,ML-KEM-512,post-quantum,1,keygen,0.0379,0.0,0.0,0.315,800,1632,768,0,0,0,0,0.0,0.5679,nan,edge/x86_64,unknown,3.12.3,2026-10-09T18:44:41Z
59,ML-KEM-512,post-quantum,1,encapsulate,0.0376,0.0,0.0,0.315,800,1632,768,0,0,0,0,0.0,0.5637,nan,edge/x86_64,unknown,3.12.3,2026-10-09T18:44:41Z
59,ML-KEM-512,post-quantum,1,decapsulate,0.0378,0.0,0.0,0.315,800,1632,768,0,0,0,0,0.0,0.5664,nan,edge/x86_64,unknown,3.12.3,2026-10-09T18:44:41Z
60,ML-KEM-512,post-quantum,1,keygen,0.0386,0.0,0.0,0.315,800,1632,768,0,0,0,0,0.0,0.5797,nan,edge/x86_64,unknown,3.12.3,2026-10-09T18:44:41Z
60,ML-KEM-512,post-quantum,1,encapsulate,0.037,0.0,0.0,0.315,800,1632,768,0,0,0,0,0.0,0.5548,nan,edge/x86_64,unknown,3.12.3,2026-10-09T18:44:41Z
60,ML-KEM-512,post-quantum,1,decapsulate,0.0367,0.0,0.0,0.315,800,1632,768,0,0,0,0,0.0,0.5508,nan,edge/x86_64,unknown,3.12.3,2026-10-09T18:44:41Z
61,ML-KEM-512,post-quantum,1,keygen,0.0406,0.0,0.0,0.315,800,1632,768,0,0,0,0,0.0,0.6096,nan,edge/x86_64,unknown,3.12.3,2026-10-09T18:44:41Z
61,ML-KEM-512,post-quantum,1,encapsulate,0.0755,0.0,0.0,0.315,800,1632,768,0,0,0,0,0.0,1.1319,nan,edge/x86_64,unknown,3.12.3,2026-10-09T18:44:41Z
61,ML-KEM-512,post-quantum,1,decapsulate,0.0453,0.0,0.0,0.315,800,1632,768,0,0,0,0,0.0,0.68,nan,edge/x86_64,unknown,3.12.3,2026-10-09T18:44:41Z
62,ML-KEM-512,post-quantum,1,keygen,0.0389,0.0,0.0,0.315,800,1632,768,0,0,0,0,0.0,0.5835,nan,edge/x86_64,unknown,3.12.3,2026-10-09T18:44:41Z
62,ML-KEM-512,post-quantum,1,encapsulate,0.0378,0.0,0.0,0.315,800,1632,768,0,0,0,0,0.0,0.5663,nan,edge/x86_64,unknown,3.12.3,2026-10-09T18:44:41Z
62,ML-KEM-512,post-quantum,1,decapsulate,0.0381,0.0,0.0,0.315,800,1632,768,0,0,0,0,0.0,0.5712,nan,edge/x86_64,unknown,3.12.3,2026-10-09T18:44:41Z
63,ML-KEM-512,post-quantum,1,keygen,0.0387,0.0,0.0,0.315,800,1632,768,0,0,0,0,0.0,0.5798,nan,edge/x86_64,unknown,3.12.3,2026-10-09T18:44:41Z
63,ML-KEM-512,post-quantum,1,encapsulate,0.0456,0.0,0.0,0.315,800,1632,768,0,0,0,0,0.0,0.684,nan,edge/x86_64,unknown,3.12.3,2026-10-09T18:44:41Z
63,ML-KEM-512,post-quantum,1,decapsulate,0.0375,0.0,0.0,0.315,800,1632,768,0,0,0,0,0.0,0.5625,nan,edge/x86_64,unknown,3.12.3,2026-10-09T18:44:41Z
64,ML-KEM-512,post-quantum,1,keygen,0.0362,0.0,0.0,0.315,800,1632,768,0,0,0,0,0.0,0.5429,nan,edge/x86_64,unknown,3.12.3,2026-10-09T18:44:41Z
64,ML-KEM-512,post-quantum,1,encapsulate,0.0374,0.0,0.0,0.315,800,1632,768,0,0,0,0,0.0,0.5614,nan,edge/x86_64,unknown,3.12.3,2026-10-09T18:44:41Z
64,ML-KEM-512,post-quantum,1,decapsulate,0.0413,0.0,0.0,0.315,800,1632,768,0,0,0,0,0.0,0.6194,nan,edge/x86_64,unknown,3.12.3,2026-10-09T18:44:41Z
65,ML-KEM-512,post-quantum,1,keygen,0.1057,0.0,0.0,0.315,800,1632,768,0,0,0,0,0.0,1.5848,nan,edge/x86_64,unknown,3.12.3,2026-10-09T18:44:41Z
65,ML-KEM-512,post-quantum,1,encapsulate,0.04,0.0,0.0,0.315,800,1632,768,0,0,0,0,0.0,0.6004,nan,edge/x86_64,unknown,3.12.3,2026-10-09T18:44:41Z
65,ML-KEM-512,post-quantum,1,decapsulate,0.0394,0.0,0.0,0.315,800,1632,768,0,0,0,0,0.0,0.5905,nan,edge/x86_64,unknown,3.12.3,2026-10-09T18:44:41Z
66,ML-KEM-512,post-quantum,1,keygen,0.0379,0.0,0.0,0.315,800,1632,768,0,0,0,0,0.0,0.5691,nan,edge/x86_64,unknown,3.12.3,2026-10-09T18:44:41Z
66,ML-KEM-512,post-quantum,1,encapsulate,0.0371,0.0,0.0,0.315,800,1632,768,0,0,0,0,0.0,0.5572,nan,edge/x86_64,unknown,3.12.3,2026-10-09T18:44:41Z
66,ML-KEM-512,post-quantum,1,decapsulate,0.038,0.0,0.0,0.315,800,1632,768,0,0,0,0,0.0,0.5693,nan,edge/x86_64,unknown,3.12.3,2026-10-09T18:44:41Z
67,ML-KEM-512,post-quantum,1,keygen,0.0393,0.0,0.0,0.315,800,1632,768,0,0,0,0,0.0,0.5888,nan,edge/x86_64,unknown,3.12.3,2026-10-09T18:44:41Z
67,ML-KEM-512,post-quantum,1,encapsulate,0.0412,0.0,0.0,0.315,800,1632,768,0,0,0,0,0.0,0.6185,nan,edge/x86_64,unknown,3.12.3,2026-10-09T18:44:41Z
67,ML-KEM-512,post-quantum,1,decapsulate,0.0579,0.0,0.0,0.315,800,1632,768,0,0,0,0,0.0,0.8681,nan,edge/x86_64,unknown,3.12.3,2026-10-09T18:44:41Z
68,ML-KEM-512,post-quantum,1,keygen,0.0373,0.0,0.0,0.315,800,1632,768,0,0,0,0,0.0,0.56,nan,edge/x86_64,unknown,3.12.3,2026-10-09T18:44:41Z
68,ML-KEM-512,post-quantum,1,encapsulate,0.039,0.0,0.0,0.315,800,1632,768,0,0,0,0,0.0,0.5851,nan,edge/x86_64,unknown,3.12.3,2026-10-09T18:44:41Z
68,ML-KEM-512,post-quantum,1,decapsulate,0.0374,0.0,0.0,0.315,800,1632,768,0,0,0,0,0.0,0.5607,nan,edge/x86_64,unknown,3.12.3,2026-10-09T18:44:41Z
69,ML-KEM-512,post-quantum,1,keygen,0.0373,0.0,0.0,0.315,800,1632,768,0,0,0,0,0.0,0.5598,nan,edge/x86_64,unknown,3.12.3,2026-10-09T18:44:41Z
69,ML-KEM-512,post-quantum,1,encapsulate,0.0385,0.0,0.0,0.315,800,1632,768,0,0,0,0,0.0,0.5772,nan,edge/x86_64,unknown,3.12.3,2026-10-09T18:44:41Z
69,ML-KEM-512,post-quantum,1,decapsulate,0.0511,0.0,0.0,0.315,800,1632,768,0,0,0,0,0.0,0.7663,nan,edge/x86_64,unknown,3.12.3,2026-10-09T18:44:41Z
70,ML-KEM-512,post-quantum,1,keygen,0.0388,0.0,0.0,0.315,800,1632,768,0,0,0,0,0.0,0.5821,nan,edge/x86_64,unknown,3.12.3,2026-10-09T18:44:41Z
70,ML-KEM-512,post-quantum,1,encapsulate,0.0368,0.0,0.0,0.315,800,1632,768,0,0,0,0,0.0,0.5525,nan,edge/x86_64,unknown,3.12.3,2026-10-09T18:44:41Z
70,ML-KEM-512,post-quantum,1,decapsulate,0.0365,0.0,0.0,0.315,800,1632,768,0,0,0,0,0.0,0.5481,nan,edge/x86_64,unknown,3.12.3,2026-10-09T18:44:41Z
71,ML-KEM-512,post-quantum,1,keygen,0.0365,0.0,0.0,0.315,800,1632,768,0,0,0,0,0.0,0.5469,nan,edge/x86_64,unknown,3.12.3,2026-10-09T18:44:41Z
71,ML-KEM-512,post-quantum,1,encapsulate,0.0437,0.0,0.0,0.315,800,1632,768,0,0,0,0,0.0,0.6558,nan,edge/x86_64,unknown,3.12.3,2026-10-09T18:44:41Z
71,ML-KEM-512,post-quantum,1,decapsulate,0.0842,0.0,0.0,0.315,800,1632,768,0,0,0,0,0.0,1.2627,nan,edge/x86_64,unknown,3.12.3,2026-10-09T18:44:41Z
72,ML-KEM-512,post-quantum,1,keygen,0.0452,0.0,0.0,0.315,800,1632,768,0,0,0,0,0.0,0.6782,nan,edge/x86_64,unknown,3.12.3,2026-10-09T18:44:41Z
72,ML-KEM-512,post-quantum,1,encapsulate,0.0395,0.0,0.0,0.315,800,1632,768,0,0,0,0,0.0,0.5927,nan,edge/x86_64,unknown,3.12.3,2026-10-09T18:44:41Z
72,ML-KEM-512,post-quantum,1,decapsulate,0.0388,0.0,0.0,0.315,800,1632,768,0,0,0,0,0.0,0.5815,nan,edge/x86_64,unknown,3.12.3,2026-10-09T18:44:41Z
73,ML-KEM-512,post-quantum,1,keygen,0.0394,0.0,0.0,0.315,800,1632,768,0,0,0,0,0.0,0.5903,nan,edge/x86_64,unknown,3.12.3,2026-10-09T18:44:41Z
73,ML-KEM-512,post-quantum,1,encapsulate,0.04,0.0,0.0,0.315,800,1632,768,0,0,0,0,0.0,0.6005,nan,edge/x86_64,unknown,3.12.3,2026-10-09T18:44:41Z
73,ML-KEM-512,post-quantum,1,decapsulate,0.0382,0.0,0.0,0.315,800,1632,768,0,0,0,0,0.0,0.5728,nan,edge/x86_64,unknown,3.12.3,2026-10-09T18:44:41Z
74,ML-KEM-512,post-quantum,1,keygen,0.0367,0.0,0.0,0.315,800,1632,768,0,0,0,0,0.0,0.5503,nan,edge/x86_64,unknown,3.12.3,2026-10-09T18:44:41Z
74,ML-KEM-512,post-quantum,1,encapsulate,0.0375,0.0,0.0,0.315,800,1632,768,0,0,0,0,0.0,0.5626,nan,edge/x86_64,unknown,3.12.3,2026-10-09T18:44:41Z
74,ML-KEM-512,post-quantum,1,decapsulate,0.0385,0.0,0.0,0.315,800,1632,768,0,0,0,0,0.0,0.5772,nan,edge/x86_64,unknown,3.12.3,2026-10-09T18:44:41Z
75,ML-KEM-512,post-quantum,1,keygen,0.0415,0.0,0.0,0.315,800,1632,768,0,0,0,0,0.0,0.6229,nan,edge/x86_64,unknown,3.12.3,2026-10-09T18:44:41Z
75,ML-KEM-512,post-quantum,1,encapsulate,0.0375,0.0,0.0,0.315,800,1632,768,0,0,0,0,0.0,0.5618,nan,edge/x86_64,unknown,3.12.3,2026-10-09T18:44:41Z
75,ML-KEM-512,post-quantum,1,decapsulate,0.0423,0.0,0.0,0.315,800,1632,768,0,0,0,0,0.0,0.6341,nan,edge/x86_64,unknown,3.12.3,2026-10-09T18:44:41Z
76,ML-KEM-512,post-quantum,1,keygen,0.0367,0.0,0.0,0.315,800,1632,768,0,0,0,0,0.0,0.5503,nan,edge/x86_64,unknown,3.12.3,2026-10-09T18:44:41Z
76,ML-KEM-512,post-quantum,1,encapsulate,0.1431,0.0,0.0,0.315,800,1632,768,0,0,0,0,0.0,2.1459,nan,edge/x86_64,unknown,3.12.3,2026-10-09T18:44:41Z
76,ML-KEM-512,post-quantum,1,decapsulate,0.1584,0.0,0.0,0.315,800,1632,768,0,0,0,0,0.0,2.3765,nan,edge/x86_64,unknown,3.12.3,2026-10-09T18:44:41Z
77,ML-KEM-512,post-quantum,1,keygen,0.1437,0.0,0.0,0.315,800,1632,768,0,0,0,0,0.0,2.1553,nan,edge/x86_64,unknown,3.12.3,2026-10-09T18:44:41Z
77,ML-KEM-512,post-quantum,1,encapsulate,0.0608,0.0,0.0,0.315,800,1632,768,0,0,0,0,0.0,0.9122,nan,edge/x86_64,unknown,3.12.3,2026-10-09T18:44:41Z
77,ML-KEM-512,post-quantum,1,decapsulate,0.0409,0.0,0.0,0.315,800,1632,768,0,0,0,0,0.0,0.613,nan,edge/x86_64,unknown,3.12.3,2026-10-09T18:44:41Z
78,ML-KEM-512,post-quantum,1,keygen,0.0395,0.0,0.0,0.315,800,1632,768,0,0,0,0,0.0,0.592,nan,edge/x86_64,unknown,3.12.3,2026-10-09T18:44:41Z
78,ML-KEM-512,post-quantum,1,encapsulate,0.0396,0.0,0.0,0.315,800,1632,768,0,0,0,0,0.0,0.5936,nan,edge/x86_64,unknown,3.12.3,2026-10-09T18:44:41Z
78,ML-KEM-512,post-quantum,1,decapsulate,0.0391,0.0,0.0,0.315,800,1632,768,0,0,0,0,0.0,0.5868,nan,edge/x86_64,unknown,3.12.3,2026-10-09T18:44:41Z
79,ML-KEM-512,post-quantum,1,keygen,0.0389,0.0,0.0,0.315,800,1632,768,0,0,0,0,0.0,0.5832,nan,edge/x86_64,unknown,3.12.3,2026-10-09T18:44:41Z
79,ML-KEM-512,post-quantum,1,encapsulate,0.0425,0.0,0.0,0.315,800,1632,768,0,0,0,0,0.0,0.6374,nan,edge/x86_64,unknown,3.12.3,2026-10-09T18:44:41Z
79,ML-KEM-512,post-quantum,1,decapsulate,0.0419,0.0,0.0,0.315,800,1632,768,0,0,0,0,0.0,0.6278,nan,edge/x86_64,unknown,3.12.3,2026-10-09T18:44:41Z
80,ML-KEM-512,post-quantum,1,keygen,0.0394,0.0,0.0,0.315,800,1632,768,0,0,0,0,0.0,0.5913,nan,edge/x86_64,unknown,3.12.3,2026-10-09T18:44:41Z
80,ML-KEM-512,post-quantum,1,encapsulate,0.0388,0.0,0.0,0.315,800,1632,768,0,0,0,0,0.0,0.5826,nan,edge/x86_64,unknown,3.12.3,2026-10-09T18:44:41Z
80,ML-KEM-512,post-quantum,1,decapsulate,0.0383,0.0,0.0,0.315,800,1632,768,0,0,0,0,0.0,0.5751,nan,edge/x86_64,unknown,3.12.3,2026-10-09T18:44:41Z
81,ML-KEM-512,post-quantum,1,keygen,0.0367,0.0,0.0,0.315,800,1632,768,0,0,0,0,0.0,0.5511,nan,edge/x86_64,unknown,3.12.3,2026-10-09T18:44:41Z
81,ML-KEM-512,post-quantum,1,encapsulate,0.0364,0.0,0.0,0.315,800,1632,768,0,0,0,0,0.0,0.5453,nan,edge/x86_64,unknown,3.12.3,2026-10-09T18:44:41Z
81,ML-KEM-512,post-quantum,1,decapsulate,0.0375,0.0,0.0,0.315,800,1632,768,0,0,0,0,0.0,0.563,nan,edge/x86_64,unknown,3.12.3,2026-10-09T18:44:41Z
82,ML-KEM-512,post-quantum,1,keygen,0.0359,0.0,0.0,0.315,800,1632,768,0,0,0,0,0.0,0.5378,nan,edge/x86_64,unknown,3.12.3,2026-10-09T18:44:41Z
82,ML-KEM-512,post-quantum,1,encapsulate,0.0407,0.0,0.0,0.315,800,1632,768,0,0,0,0,0.0,0.6109,nan,edge/x86_64,unknown,3.12.3,2026-10-09T18:44:41Z
82,ML-KEM-512,post-quantum,1,decapsulate,0.0406,0.0,0.0,0.315,800,1632,768,0,0,0,0,0.0,0.6084,nan,edge/x86_64,unknown,3.12.3,2026-10-09T18:44:41Z
83,ML-KEM-512,post-quantum,1,keygen,0.0383,0.0,0.0,0.315,800,1632,768,0,0,0,0,0.0,0.5738,nan,edge/x86_64,unknown,3.12.3,2026-10-09T18:44:41Z
83,ML-KEM-512,post-quantum,1,encapsulate,0.0409,0.0,0.0,0.315,800,1632,768,0,0,0,0,0.0,0.6135,nan,edge/x86_64,unknown,3.12.3,2026-10-09T18:44:41Z
83,ML-KEM-512,post-quantum,1,decapsulate,0.0772,0.0,0.0,0.315,800,1632,768,0,0,0,0,0.0,1.1583,nan,edge/x86_64,unknown,3.12.3,2026-10-09T18:44:41Z
84,ML-KEM-512,post-quantum,1,keygen,0.043,0.0,0.0,0.315,800,1632,768,0,0,0,0,0.0,0.6455,nan,edge/x86_64,unknown,3.12.3,2026-10-09T18:44:41Z
84,ML-KEM-512,post-quantum,1,encapsulate,0.0389,0.0,0.0,0.315,800,1632,768,0,0,0,0,0.0,0.5838,nan,edge/x86_64,unknown,3.12.3,2026-10-09T18:44:41Z
84,ML-KEM-512,post-quantum,1,decapsulate,0.0354,0.0,0.0,0.315,800,1632,768,0,0,0,0,0.0,0.5309,nan,edge/x86_64,unknown,3.12.3,2026-10-09T18:44:41Z
85,ML-KEM-512,post-quantum,1,keygen,0.039,0.0,0.0,0.315,800,1632,768,0,0,0,0,0.0,0.5856,nan,edge/x86_64,unknown,3.12.3,2026-10-09T18:44:41Z
85,ML-KEM-512,post-quantum,1,encapsulate,0.0398,0.0,0.0,0.315,800,1632,768,0,0,0,0,0.0,0.597,nan,edge/x86_64,unknown,3.12.3,2026-10-09T18:44:41Z
85,ML-KEM-512,post-quantum,1,decapsulate,0.0374,0.0,0.0,0.315,800,1632,768,0,0,0,0,0.0,0.5607,nan,edge/x86_64,unknown,3.12.3,2026-10-09T18:44:41Z
86,ML-KEM-512,post-quantum,1,keygen,0.0367,0.0,0.0,0.315,800,1632,768,0,0,0,0,0.0,0.5509,nan,edge/x86_64,unknown,3.12.3,2026-10-09T18:44:41Z
86,ML-KEM-512,post-quantum,1,encapsulate,0.0387,0.0,0.0,0.315,800,1632,768,0,0,0,0,0.0,0.5802,nan,edge/x86_64,unknown,3.12.3,2026-10-09T18:44:41Z
86,ML-KEM-512,post-quantum,1,decapsulate,0.0379,0.0,0.0,0.315,800,1632,768,0,0,0,0,0.0,0.5692,nan,edge/x86_64,unknown,3.12.3,2026-10-09T18:44:41Z
87,ML-KEM-512,post-quantum,1,keygen,0.0412,0.0,0.0,0.315,800,1632,768,0,0,0,0,0.0,0.6177,nan,edge/x86_64,unknown,3.12.3,2026-10-09T18:44:41Z
87,ML-KEM-512,post-quantum,1,encapsulate,0.0375,0.0,0.0,0.315,800,1632,768,0,0,0,0,0.0,0.5619,nan,edge/x86_64,unknown,3.12.3,2026-10-09T18:44:41Z
87,ML-KEM-512,post-quantum,1,decapsulate,0.0377,0.0,0.0,0.315,800,1632,768,0,0,0,0,0.0,0.566,nan,edge/x86_64,unknown,3.12.3,2026-10-09T18:44:41Z
88,ML-KEM-512,post-quantum,1,keygen,0.0369,0.0,0.0,0.315,800,1632,768,0,0,0,0,0.0,0.5529,nan,edge/x86_64,unknown,3.12.3,2026-10-09T18:44:41Z
88,ML-KEM-512,post-quantum,1,encapsulate,0.0374,0.0,0.0,0.315,800,1632,768,0,0,0,0,0.0,0.5615,nan,edge/x86_64,unknown,3.12.3,2026-10-09T18:44:41Z
88,ML-KEM-512,post-quantum,1,decapsulate,0.0369,0.0,0.0,0.315,800,1632,768,0,0,0,0,0.0,0.554,nan,edge/x86_64,unknown,3.12.3,2026-10-09T18:44:41Z
89,ML-KEM-512,post-quantum,1,keygen,0.0387,0.0,0.0,0.315,800,1632,768,0,0,0,0,0.0,0.5801,nan,edge/x86_64,unknown,3.12.3,2026-10-09T18:44:41Z
89,ML-KEM-512,post-quantum,1,encapsulate,0.0402,0.0,0.0,0.315,800,1632,768,0,0,0,0,0.0,0.6025,nan,edge/x86_64,unknown,3.12.3,2026-10-09T18:44:41Z
89,ML-KEM-512,post-quantum,1,decapsulate,0.0378,0.0,0.0,0.315,800,1632,768,0,0,0,0,0.0,0.5669,nan,edge/x86_64,unknown,3.12.3,2026-10-09T18:44:41Z
90,ML-KEM-512,post-quantum,1,keygen,0.0373,0.0,0.0,0.315,800,1632,768,0,0,0,0,0.0,0.5591,nan,edge/x86_64,unknown,3.12.3,2026-10-09T18:44:41Z
90,ML-KEM-512,post-quantum,1,encapsulate,0.0365,0.0,0.0,0.315,800,1632,768,0,0,0,0,0.0,0.5478,nan,edge/x86_64,unknown,3.12.3,2026-10-09T18:44:41Z
90,ML-KEM-512,post-quantum,1,decapsulate,0.0391,0.0,0.0,0.315,800,1632,768,0,0,0,0,0.0,0.5868,nan,edge/x86_64,unknown,3.12.3,2026-10-09T18:44:41Z
91,ML-KEM-512,post-quantum,1,keygen,0.0482,0.0,0.0,0.315,800,1632,768,0,0,0,0,0.0,0.7237,nan,edge/x86_64,unknown,3.12.3,2026-10-09T18:44:41Z
91,ML-KEM-512,post-quantum,1,encapsulate,0.0719,0.0,0.0,0.315,800,1632,768,0,0,0,0,0.0,1.0783,nan,edge/x86_64,unknown,3.12.3,2026-10-09T18:44:41Z
91,ML-KEM-512,post-quantum,1,decapsulate,0.0441,0.0,0.0,0.315,800,1632,768,0,0,0,0,0.0,0.6621,nan,edge/x86_64,unknown,3.12.3,2026-10-09T18:44:41Z
92,ML-KEM-512,post-quantum,1,keygen,0.0402,0.0,0.0,0.315,800,1632,768,0,0,0,0,0.0,0.6024,nan,edge/x86_64,unknown,3.12.3,2026-10-09T18:44:41Z
92,ML-KEM-512,post-quantum,1,encapsulate,0.0394,0.0,0.0,0.315,800,1632,768,0,0,0,0,0.0,0.5907,nan,edge/x86_64,unknown,3.12.3,2026-10-09T18:44:41Z
92,ML-KEM-512,post-quantum,1,decapsulate,0.0381,0.0,0.0,0.315,800,1632,768,0,0,0,0,0.0,0.5713,nan,edge/x86_64,unknown,3.12.3,2026-10-09T18:44:41Z
93,ML-KEM-512,post-quantum,1,keygen,0.0369,0.0,0.0,0.315,800,1632,768,0,0,0,0,0.0,0.5541,nan,edge/x86_64,unknown,3.12.3,2026-10-09T18:44:41Z
93,ML-KEM-512,post-quantum,1,encapsulate,0.0374,0.0,0.0,0.315,800,1632,768,0,0,0,0,0.0,0.5611,nan,edge/x86_64,unknown,3.12.3,2026-10-09T18:44:41Z
93,ML-KEM-512,post-quantum,1,decapsulate,0.0389,0.0,0.0,0.315,800,1632,768,0,0,0,0,0.0,0.5836,nan,edge/x86_64,unknown,3.12.3,2026-10-09T18:44:41Z
94,ML-KEM-512,post-quantum,1,keygen,0.0383,0.0,0.0,0.315,800,1632,768,0,0,0,0,0.0,0.5746,nan,edge/x86_64,unknown,3.12.3,2026-10-09T18:44:41Z
94,ML-KEM-512,post-quantum,1,encapsulate,0.038,0.0,0.0,0.315,800,1632,768,0,0,0,0,0.0,0.5705,nan,edge/x86_64,unknown,3.12.3,2026-10-09T18:44:41Z
94,ML-KEM-512,post-quantum,1,decapsulate,0.0377,0.0,0.0,0.315,800,1632,768,0,0,0,0,0.0,0.5658,nan,edge/x86_64,unknown,3.12.3,2026-10-09T18:44:41Z
95,ML-KEM-512,post-quantum,1,keygen,0.0371,0.0,0.0,0.315,800,1632,768,0,0,0,0,0.0,0.5571,nan,edge/x86_64,unknown,3.12.3,2026-10-09T18:44:41Z
95,ML-KEM-512,post-quantum,1,encapsulate,0.0507,0.0,0.0,0.315,800,1632,768,0,0,0,0,0.0,0.761,nan,edge/x86_64,unknown,3.12.3,2026-10-09T18:44:41Z
95,ML-KEM-512,post-quantum,1,decapsulate,0.0377,0.0,0.0,0.315,800,1632,768,0,0,0,0,0.0,0.566,nan,edge/x86_64,unknown,3.12.3,2026-10-09T18:44:41Z
96,ML-KEM-512,post-quantum,1,keygen,0.0375,0.0,0.0,0.315,800,1632,768,0,0,0,0,0.0,0.5624,nan,edge/x86_64,unknown,3.12.3,2026-10-09T18:44:41Z
96,ML-KEM-512,post-quantum,1,encapsulate,0.0385,0.0,0.0,0.315,800,1632,768,0,0,0,0,0.0,0.5779,nan,edge/x86_64,unknown,3.12.3,2026-10-09T18:44:41Z
96,ML-KEM-512,post-quantum,1,decapsulate,0.0375,0.0,0.0,0.315,800,1632,768,0,0,0,0,0.0,0.5626,nan,edge/x86_64,unknown,3.12.3,2026-10-09T18:44:41Z
97,ML-KEM-512,post-quantum,1,keygen,0.0375,0.0,0.0,0.315,800,1632,768,0,0,0,0,0.0,0.5628,nan,edge/x86_64,unknown,3.12.3,2026-10-09T18:44:41Z
97,ML-KEM-512,post-quantum,1,encapsulate,0.0419,0.0,0.0,0.315,800,1632,768,0,0,0,0,0.0,0.6289,nan,edge/x86_64,unknown,3.12.3,2026-10-09T18:44:41Z
97,ML-KEM-512,post-quantum,1,decapsulate,0.0388,0.0,0.0,0.315,800,1632,768,0,0,0,0,0.0,0.5816,nan,edge/x86_64,unknown,3.12.3,2026-10-09T18:44:41Z
98,ML-KEM-512,post-quantum,1,keygen,0.0747,0.0,0.0,0.315,800,1632,768,0,0,0,0,0.0,1.1198,nan,edge/x86_64,unknown,3.12.3,2026-10-09T18:44:41Z
98,ML-KEM-512,post-quantum,1,encapsulate,0.0419,0.0,0.0,0.315,800,1632,768,0,0,0,0,0.0,0.6279,nan,edge/x86_64,unknown,3.12.3,2026-10-09T18:44:41Z
98,ML-KEM-512,post-quantum,1,decapsulate,0.0396,0.0,0.0,0.315,800,1632,768,0,0,0,0,0.0,0.5945,nan,edge/x86_64,unknown,3.12.3,2026-10-09T18:44:41Z
99,ML-KEM-512,post-quantum,1,keygen,0.0375,0.0,0.0,0.315,800,1632,768,0,0,0,0,0.0,0.5619,nan,edge/x86_64,unknown,3.12.3,2026-10-09T18:44:41Z
99,ML-KEM-512,post-quantum,1,encapsulate,0.046,0.0,0.0,0.315,800,1632,768,0,0,0,0,0.0,0.6907,nan,edge/x86_64,unknown,3.12.3,2026-10-09T18:44:41Z
99,ML-KEM-512,post-quantum,1,decapsulate,0.0371,0.0,0.0,0.315,800,1632,768,0,0,0,0,0.0,0.5559,nan,edge/x86_64,unknown,3.12.3,2026-10-09T18:44:41Z
100,ML-KEM-512,post-quantum,1,keygen,0.0377,0.0,0.0,0.315,800,1632,768,0,0,0,0,0.0,0.566,nan,edge/x86_64,unknown,3.12.3,2026-10-09T18:44:41Z
100,ML-KEM-512,post-quantum,1,encapsulate,0.0388,0.0,0.0,0.315,800,1632,768,0,0,0,0,0.0,0.5818,nan,edge/x86_64,unknown,3.12.3,2026-10-09T18:44:41Z
100,ML-KEM-512,post-quantum,1,decapsulate,0.0413,0.0,0.0,0.315,800,1632,768,0,0,0,0,0.0,0.6202,nan,edge/x86_64,unknown,3.12.3,2026-10-09T18:44:41Z
101,ML-KEM-512,post-quantum,1,keygen,0.0383,0.0,0.0,0.315,800,1632,768,0,0,0,0,0.0,0.5747,nan,edge/x86_64,unknown,3.12.3,2026-10-09T18:44:41Z
101,ML-KEM-512,post-quantum,1,encapsulate,0.0371,0.0,0.0,0.315,800,1632,768,0,0,0,0,0.0,0.5561,nan,edge/x86_64,unknown,3.12.3,2026-10-09T18:44:41Z
101,ML-KEM-512,post-quantum,1,decapsulate,0.0515,0.0,0.0,0.315,800,1632,768,0,0,0,0,0.0,0.7732,nan,edge/x86_64,unknown,3.12.3,2026-10-09T18:44:41Z
102,ML-KEM-512,post-quantum,1,keygen,0.0361,0.0,0.0,0.315,800,1632,768,0,0,0,0,0.0,0.5416,nan,edge/x86_64,unknown,3.12.3,2026-10-09T18:44:41Z
102,ML-KEM-512,post-quantum,1,encapsulate,0.0712,0.0,0.0,0.315,800,1632,768,0,0,0,0,0.0,1.0674,nan,edge/x86_64,unknown,3.12.3,2026-10-09T18:44:41Z
102,ML-KEM-512,post-quantum,1,decapsulate,0.0559,0.0,0.0,0.315,800,1632,768,0,0,0,0,0.0,0.839,nan,edge/x86_64,unknown,3.12.3,2026-10-09T18:44:41Z
103,ML-KEM-512,post-quantum,1,keygen,0.0378,0.0,0.0,0.315,800,1632,768,0,0,0,0,0.0,0.5666,nan,edge/x86_64,unknown,3.12.3,2026-10-09T18:44:41Z
103,ML-KEM-512,post-quantum,1,encapsulate,0.0399,0.0,0.0,0.315,800,1632,768,0,0,0,0,0.0,0.5989,nan,edge/x86_64,unknown,3.12.3,2026-10-09T18:44:41Z
103,ML-KEM-512,post-quantum,1,decapsulate,0.067,0.0,0.0,0.315,800,1632,768,0,0,0,0,0.0,1.0048,nan,edge/x86_64,unknown,3.12.3,2026-10-09T18:44:41Z
104,ML-KEM-512,post-quantum,1,keygen,0.0385,0.0,0.0,0.315,800,1632,768,0,0,0,0,0.0,0.5776,nan,edge/x86_64,unknown,3.12.3,2026-10-09T18:44:41Z
104,ML-KEM-512,post-quantum,1,encapsulate,0.072,0.0,0.0,0.315,800,1632,768,0,0,0,0,0.0,1.0801,nan,edge/x86_64,unknown,3.12.3,2026-10-09T18:44:41Z
104,ML-KEM-512,post-quantum,1,decapsulate,0.0406,0.0,0.0,0.315,800,1632,768,0,0,0,0,0.0,0.6089,nan,edge/x86_64,unknown,3.12.3,2026-10-09T18:44:41Z
105,ML-KEM-512,post-quantum,1,keygen,0.0435,0.0,0.0,0.315,800,1632,768,0,0,0,0,0.0,0.6527,nan,edge/x86_64,unknown,3.12.3,2026-10-09T18:44:41Z
105,ML-KEM-512,post-quantum,1,encapsulate,0.0399,0.0,0.0,0.315,800,1632,768,0,0,0,0,0.0,0.5983,nan,edge/x86_64,unknown,3.12.3,2026-10-09T18:44:41Z
105,ML-KEM-512,post-quantum,1,decapsulate,0.0384,0.0,0.0,0.315,800,1632,768,0,0,0,0,0.0,0.5763,nan,edge/x86_64,unknown,3.12.3,2026-10-09T18:44:41Z
106,ML-KEM-512,post-quantum,1,keygen,0.0382,0.0,0.0,0.315,800,1632,768,0,0,0,0,0.0,0.5726,nan,edge/x86_64,unknown,3.12.3,2026-10-09T18:44:41Z
106,ML-KEM-512,post-quantum,1,encapsulate,0.0389,0.0,0.0,0.315,800,1632,768,0,0,0,0,0.0,0.5831,nan,edge/x86_64,unknown,3.12.3,2026-10-09T18:44:41Z
106,ML-KEM-512,post-quantum,1,decapsulate,0.038,0.0,0.0,0.315,800,1632,768,0,0,0,0,0.0,0.5696,nan,edge/x86_64,unknown,3.12.3,2026-10-09T18:44:41Z
107,ML-KEM-512,post-quantum,1,keygen,0.0372,0.0,0.0,0.315,800,1632,768,0,0,0,0,0.0,0.5585,nan,edge/x86_64,unknown,3.12.3,2026-10-09T18:44:41Z
107,ML-KEM-512,post-quantum,1,encapsulate,0.0422,0.0,0.0,0.315,800,1632,768,0,0,0,0,0.0,0.6337,nan,edge/x86_64,unknown,3.12.3,2026-10-09T18:44:41Z
107,ML-KEM-512,post-quantum,1,decapsulate,0.0388,0.0,0.0,0.315,800,1632,768,0,0,0,0,0.0,0.5825,nan,edge/x86_64,unknown,3.12.3,2026-10-09T18:44:41Z
108,ML-KEM-512,post-quantum,1,keygen,0.0375,0.0,0.0,0.315,800,1632,768,0,0,0,0,0.0,0.5632,nan,edge/x86_64,unknown,3.12.3,2026-10-09T18:44:41Z
108,ML-KEM-512,post-quantum,1,encapsulate,0.0424,0.0,0.0,0.315,800,1632,768,0,0,0,0,0.0,0.6356,nan,edge/x86_64,unknown,3.12.3,2026-10-09T18:44:41Z
108,ML-KEM-512,post-quantum,1,decapsulate,0.0406,0.0,0.0,0.315,800,1632,768,0,0,0,0,0.0,0.6093,nan,edge/x86_64,unknown,3.12.3,2026-10-09T18:44:41Z
109,ML-KEM-512,post-quantum,1,keygen,0.0377,0.0,0.0,0.315,800,1632,768,0,0,0,0,0.0,0.5661,nan,edge/x86_64,unknown,3.12.3,2026-10-09T18:44:41Z
109,ML-KEM-512,post-quantum,1,encapsulate,0.0393,0.0,0.0,0.315,800,1632,768,0,0,0,0,0.0,0.5895,nan,edge/x86_64,unknown,3.12.3,2026-10-09T18:44:41Z
109,ML-KEM-512,post-quantum,1,decapsulate,0.0374,0.0,0.0,0.315,800,1632,768,0,0,0,0,0.0,0.5603,nan,edge/x86_64,unknown,3.12.3,2026-10-09T18:44:41Z
110,ML-KEM-512,post-quantum,1,keygen,0.0361,0.0,0.0,0.315,800,1632,768,0,0,0,0,0.0,0.5416,nan,edge/x86_64,unknown,3.12.3,2026-10-09T18:44:41Z
110,ML-KEM-512,post-quantum,1,encapsulate,0.0374,0.0,0.0,0.315,800,1632,768,0,0,0,0,0.0,0.5617,nan,edge/x86_64,unknown,3.12.3,2026-10-09T18:44:41Z
110,ML-KEM-512,post-quantum,1,decapsulate,0.0367,0.0,0.0,0.315,800,1632,768,0,0,0,0,0.0,0.5498,nan,edge/x86_64,unknown,3.12.3,2026-10-09T18:44:41Z
111,ML-KEM-512,post-quantum,1,keygen,0.0621,0.0,0.0,0.315,800,1632,768,0,0,0,0,0.0,0.9315,nan,edge/x86_64,unknown,3.12.3,2026-10-09T18:44:41Z
111,ML-KEM-512,post-quantum,1,encapsulate,0.0396,0.0,0.0,0.315,800,1632,768,0,0,0,0,0.0,0.5945,nan,edge/x86_64,unknown,3.12.3,2026-10-09T18:44:41Z
111,ML-KEM-512,post-quantum,1,decapsulate,0.0394,0.0,0.0,0.315,800,1632,768,0,0,0,0,0.0,0.5913,nan,edge/x86_64,unknown,3.12.3,2026-10-09T18:44:41Z
112,ML-KEM-512,post-quantum,1,keygen,0.0438,0.0,0.0,0.315,800,1632,768,0,0,0,0,0.0,0.6574,nan,edge/x86_64,unknown,3.12.3,2026-10-09T18:44:41Z
112,ML-KEM-512,post-quantum,1,encapsulate,0.0389,0.0,0.0,0.315,800,1632,768,0,0,0,0,0.0,0.5836,nan,edge/x86_64,unknown,3.12.3,2026-10-09T18:44:41Z
112,ML-KEM-512,post-quantum,1,decapsulate,0.2386,0.0,0.0,0.315,800,1632,768,0,0,0,0,0.0,3.5792,nan,edge/x86_64,unknown,3.12.3,2026-10-09T18:44:41Z
113,ML-KEM-512,post-quantum,1,keygen,0.1415,0.0,0.0,0.315,800,1632,768,0,0,0,0,0.0,2.1228,nan,edge/x86_64,unknown,3.12.3,2026-10-09T18:44:41Z
113,ML-KEM-512,post-quantum,1,encapsulate,0.0833,0.0,0.0,0.315,800,1632,768,0,0,0,0,0.0,1.2502,nan,edge/x86_64,unknown,3.12.3,2026-10-09T18:44:41Z
113,ML-KEM-512,post-quantum,1,decapsulate,0.0769,0.0,0.0,0.315,800,1632,768,0,0,0,0,0.0,1.1537,nan,edge/x86_64,unknown,3.12.3,2026-10-09T18:44:41Z
114,ML-KEM-512,post-quantum,1,keygen,0.0761,0.0,0.0,0.315,800,1632,768,0,0,0,0,0.0,1.1416,nan,edge/x86_64,unknown,3.12.3,2026-10-09T18:44:41Z
114,ML-KEM-512,post-quantum,1,encapsulate,0.1017,0.0,0.0,0.315,800,1632,768,0,0,0,0,0.0,1.5251,nan,edge/x86_64,unknown,3.12.3,2026-10-09T18:44:41Z
114,ML-KEM-512,post-quantum,1,decapsulate,0.0389,0.0,0.0,0.315,800,1632,768,0,0,0,0,0.0,0.5841,nan,edge/x86_64,unknown,3.12.3,2026-10-09T18:44:41Z
115,ML-KEM-512,post-quantum,1,keygen,0.0417,0.0,0.0,0.315,800,1632,768,0,0,0,0,0.0,0.6256,nan,edge/x86_64,unknown,3.12.3,2026-10-09T18:44:41Z
115,ML-KEM-512,post-quantum,1,encapsulate,0.08,0.0,0.0,0.315,800,1632,768,0,0,0,0,0.0,1.2006,nan,edge/x86_64,unknown,3.12.3,2026-10-09T18:44:41Z
115,ML-KEM-512,post-quantum,1,decapsulate,0.0512,0.0,0.0,0.315,800,1632,768,0,0,0,0,0.0,0.7682,nan,edge/x86_64,unknown,3.12.3,2026-10-09T18:44:41Z
116,ML-KEM-512,post-quantum,1,keygen,0.043,0.0,0.0,0.315,800,1632,768,0,0,0,0,0.0,0.6447,nan,edge/x86_64,unknown,3.12.3,2026-10-09T18:44:41Z
116,ML-KEM-512,post-quantum,1,encapsulate,0.0485,0.0,0.0,0.315,800,1632,768,0,0,0,0,0.0,0.7275,nan,edge/x86_64,unknown,3.12.3,2026-10-09T18:44:41Z
116,ML-KEM-512,post-quantum,1,decapsulate,0.1273,0.0,0.0,0.315,800,1632,768,0,0,0,0,0.0,1.9091,nan,edge/x86_64,unknown,3.12.3,2026-10-09T18:44:41Z
117,ML-KEM-512,post-quantum,1,keygen,0.0464,0.0,0.0,0.315,800,1632,768,0,0,0,0,0.0,0.6966,nan,edge/x86_64,unknown,3.12.3,2026-10-09T18:44:41Z
117,ML-KEM-512,post-quantum,1,encapsulate,0.0465,0.0,0.0,0.315,800,1632,768,0,0,0,0,0.0,0.6978,nan,edge/x86_64,unknown,3.12.3,2026-10-09T18:44:41Z
117,ML-KEM-512,post-quantum,1,decapsulate,0.0435,0.0,0.0,0.315,800,1632,768,0,0,0,0,0.0,0.6519,nan,edge/x86_64,unknown,3.12.3,2026-10-09T18:44:41Z
118,ML-KEM-512,post-quantum,1,keygen,0.0431,0.0,0.0,0.315,800,1632,768,0,0,0,0,0.0,0.6472,nan,edge/x86_64,unknown,3.12.3,2026-10-09T18:44:41Z
118,ML-KEM-512,post-quantum,1,encapsulate,0.0437,0.0,0.0,0.315,800,1632,768,0,0,0,0,0.0,0.6561,nan,edge/x86_64,unknown,3.12.3,2026-10-09T18:44:41Z
118,ML-KEM-512,post-quantum,1,decapsulate,0.0408,0.0,0.0,0.315,800,1632,768,0,0,0,0,0.0,0.6122,nan,edge/x86_64,unknown,3.12.3,2026-10-09T18:44:41Z
119,ML-KEM-512,post-quantum,1,keygen,0.0412,0.0,0.0,0.315,800,1632,768,0,0,0,0,0.0,0.6173,nan,edge/x86_64,unknown,3.12.3,2026-10-09T18:44:41Z
119,ML-KEM-512,post-quantum,1,encapsulate,0.0519,0.0,0.0,0.315,800,1632,768,0,0,0,0,0.0,0.779,nan,edge/x86_64,unknown,3.12.3,2026-10-09T18:44:41Z
119,ML-KEM-512,post-quantum,1,decapsulate,0.0476,0.0,0.0,0.315,800,1632,768,0,0,0,0,0.0,0.7145,nan,edge/x86_64,unknown,3.12.3,2026-10-09T18:44:41Z
120,ML-KEM-512,post-quantum,1,keygen,0.0433,0.0,0.0,0.315,800,1632,768,0,0,0,0,0.0,0.649,nan,edge/x86_64,unknown,3.12.3,2026-10-09T18:44:41Z
120,ML-KEM-512,post-quantum,1,encapsulate,0.0445,0.0,0.0,0.315,800,1632,768,0,0,0,0,0.0,0.6669,nan,edge/x86_64,unknown,3.12.3,2026-10-09T18:44:41Z
120,ML-KEM-512,post-quantum,1,decapsulate,0.0672,0.0,0.0,0.315,800,1632,768,0,0,0,0,0.0,1.0077,nan,edge/x86_64,unknown,3.12.3,2026-10-09T18:44:41Z
121,ML-KEM-512,post-quantum,1,keygen,0.0445,0.0,0.0,0.315,800,1632,768,0,0,0,0,0.0,0.6675,nan,edge/x86_64,unknown,3.12.3,2026-10-09T18:44:41Z
121,ML-KEM-512,post-quantum,1,encapsulate,0.0494,0.0,0.0,0.315,800,1632,768,0,0,0,0,0.0,0.7403,nan,edge/x86_64,unknown,3.12.3,2026-10-09T18:44:41Z
121,ML-KEM-512,post-quantum,1,decapsulate,0.0414,0.0,0.0,0.315,800,1632,768,0,0,0,0,0.0,0.6216,nan,edge/x86_64,unknown,3.12.3,2026-10-09T18:44:41Z
122,ML-KEM-512,post-quantum,1,keygen,0.0431,0.0,0.0,0.315,800,1632,768,0,0,0,0,0.0,0.6458,nan,edge/x86_64,unknown,3.12.3,2026-10-09T18:44:41Z
122,ML-KEM-512,post-quantum,1,encapsulate,0.0413,0.0,0.0,0.315,800,1632,768,0,0,0,0,0.0,0.6192,nan,edge/x86_64,unknown,3.12.3,2026-10-09T18:44:41Z
122,ML-KEM-512,post-quantum,1,decapsulate,0.0428,0.0,0.0,0.315,800,1632,768,0,0,0,0,0.0,0.6414,nan,edge/x86_64,unknown,3.12.3,2026-10-09T18:44:41Z
123,ML-KEM-512,post-quantum,1,keygen,0.051,0.0,0.0,0.315,800,1632,768,0,0,0,0,0.0,0.7656,nan,edge/x86_64,unknown,3.12.3,2026-10-09T18:44:41Z
123,ML-KEM-512,post-quantum,1,encapsulate,0.0511,0.0,0.0,0.315,800,1632,768,0,0,0,0,0.0,0.7672,nan,edge/x86_64,unknown,3.12.3,2026-10-09T18:44:41Z
123,ML-KEM-512,post-quantum,1,decapsulate,0.0432,0.0,0.0,0.315,800,1632,768,0,0,0,0,0.0,0.6486,nan,edge/x86_64,unknown,3.12.3,2026-10-09T18:44:41Z
124,ML-KEM-512,post-quantum,1,keygen,0.0555,0.0,0.0,0.315,800,1632,768,0,0,0,0,0.0,0.832,nan,edge/x86_64,unknown,3.12.3,2026-10-09T18:44:41Z
124,ML-KEM-512,post-quantum,1,encapsulate,0.0421,0.0,0.0,0.315,800,1632,768,0,0,0,0,0.0,0.6319,nan,edge/x86_64,unknown,3.12.3,2026-10-09T18:44:41Z
124,ML-KEM-512,post-quantum,1,decapsulate,0.0425,0.0,0.0,0.315,800,1632,768,0,0,0,0,0.0,0.6369,nan,edge/x86_64,unknown,3.12.3,2026-10-09T18:44:41Z
125,ML-KEM-512,post-quantum,1,keygen,0.0445,0.0,0.0,0.315,800,1632,768,0,0,0,0,0.0,0.6679,nan,edge/x86_64,unknown,3.12.3,2026-10-09T18:44:41Z
125,ML-KEM-512,post-quantum,1,encapsulate,0.0427,0.0,0.0,0.315,800,1632,768,0,0,0,0,0.0,0.6399,nan,edge/x86_64,unknown,3.12.3,2026-10-09T18:44:41Z
125,ML-KEM-512,post-quantum,1,decapsulate,0.0453,0.0,0.0,0.315,800,1632,768,0,0,0,0,0.0,0.68,nan,edge/x86_64,unknown,3.12.3,2026-10-09T18:44:41Z
126,ML-KEM-512,post-quantum,1,keygen,0.051,0.0,0.0,0.315,800,1632,768,0,0,0,0,0.0,0.7657,nan,edge/x86_64,unknown,3.12.3,2026-10-09T18:44:41Z
126,ML-KEM-512,post-quantum,1,encapsulate,0.0427,0.0,0.0,0.315,800,1632,768,0,0,0,0,0.0,0.6409,nan,edge/x86_64,unknown,3.12.3,2026-10-09T18:44:41Z
126,ML-KEM-512,post-quantum,1,decapsulate,0.0398,0.0,0.0,0.315,800,1632,768,0,0,0,0,0.0,0.5973,nan,edge/x86_64,unknown,3.12.3,2026-10-09T18:44:41Z
127,ML-KEM-512,post-quantum,1,keygen,0.044,0.0,0.0,0.315,800,1632,768,0,0,0,0,0.0,0.6604,nan,edge/x86_64,unknown,3.12.3,2026-10-09T18:44:41Z
127,ML-KEM-512,post-quantum,1,encapsulate,0.0632,0.0,0.0,0.315,800,1632,768,0,0,0,0,0.0,0.9482,nan,edge/x86_64,unknown,3.12.3,2026-10-09T18:44:41Z
127,ML-KEM-512,post-quantum,1,decapsulate,0.049,0.0,0.0,0.315,800,1632,768,0,0,0,0,0.0,0.7349,nan,edge/x86_64,unknown,3.12.3,2026-10-09T18:44:41Z
128,ML-KEM-512,post-quantum,1,keygen,0.0516,0.0,0.0,0.315,800,1632,768,0,0,0,0,0.0,0.7746,nan,edge/x86_64,unknown,3.12.3,2026-10-09T18:44:41Z
128,ML-KEM-512,post-quantum,1,encapsulate,0.077,0.0,0.0,0.315,800,1632,768,0,0,0,0,0.0,1.1553,nan,edge/x86_64,unknown,3.12.3,2026-10-09T18:44:41Z
128,ML-KEM-512,post-quantum,1,decapsulate,0.0416,0.0,0.0,0.315,800,1632,768,0,0,0,0,0.0,0.6246,nan,edge/x86_64,unknown,3.12.3,2026-10-09T18:44:41Z
129,ML-KEM-512,post-quantum,1,keygen,0.0437,0.0,0.0,0.315,800,1632,768,0,0,0,0,0.0,0.6557,nan,edge/x86_64,unknown,3.12.3,2026-10-09T18:44:41Z
129,ML-KEM-512,post-quantum,1,encapsulate,0.0417,0.0,0.0,0.315,800,1632,768,0,0,0,0,0.0,0.6254,nan,edge/x86_64,unknown,3.12.3,2026-10-09T18:44:41Z
129,ML-KEM-512,post-quantum,1,decapsulate,0.0436,0.0,0.0,0.315,800,1632,768,0,0,0,0,0.0,0.6546,nan,edge/x86_64,unknown,3.12.3,2026-10-09T18:44:41Z
130,ML-KEM-512,post-quantum,1,keygen,0.0454,0.0,0.0,0.315,800,1632,768,0,0,0,0,0.0,0.6803,nan,edge/x86_64,unknown,3.12.3,2026-10-09T18:44:41Z
130,ML-KEM-512,post-quantum,1,encapsulate,0.0414,0.0,0.0,0.315,800,1632,768,0,0,0,0,0.0,0.6209,nan,edge/x86_64,unknown,3.12.3,2026-10-09T18:44:41Z
130,ML-KEM-512,post-quantum,1,decapsulate,0.0418,0.0,0.0,0.315,800,1632,768,0,0,0,0,0.0,0.6272,nan,edge/x86_64,unknown,3.12.3,2026-10-09T18:44:41Z
131,ML-KEM-512,post-quantum,1,keygen,0.0459,0.0,0.0,0.315,800,1632,768,0,0,0,0,0.0,0.6888,nan,edge/x86_64,unknown,3.12.3,2026-10-09T18:44:41Z
131,ML-KEM-512,post-quantum,1,encapsulate,0.0439,0.0,0.0,0.315,800,1632,768,0,0,0,0,0.0,0.6588,nan,edge/x86_64,unknown,3.12.3,2026-10-09T18:44:41Z
131,ML-KEM-512,post-quantum,1,decapsulate,0.0438,0.0,0.0,0.315,800,1632,768,0,0,0,0,0.0,0.6565,nan,edge/x86_64,unknown,3.12.3,2026-10-09T18:44:41Z
132,ML-KEM-512,post-quantum,1,keygen,0.0425,0.0,0.0,0.315,800,1632,768,0,0,0,0,0.0,0.6373,nan,edge/x86_64,unknown,3.12.3,2026-10-09T18:44:41Z
132,ML-KEM-512,post-quantum,1,encapsulate,0.0436,0.0,0.0,0.315,800,1632,768,0,0,0,0,0.0,0.6544,nan,edge/x86_64,unknown,3.12.3,2026-10-09T18:44:41Z
132,ML-KEM-512,post-quantum,1,decapsulate,0.0416,0.0,0.0,0.315,800,1632,768,0,0,0,0,0.0,0.6246,nan,edge/x86_64,unknown,3.12.3,2026-10-09T18:44:41Z
133,ML-KEM-512,post-quantum,1,keygen,0.0363,0.0,0.0,0.315,800,1632,768,0,0,0,0,0.0,0.5444,nan,edge/x86_64,unknown,3.12.3,2026-10-09T18:44:41Z
133,ML-KEM-512,post-quantum,1,encapsulate,0.0716,0.0,0.0,0.315,800,1632,768,0,0,0,0,0.0,1.0733,nan,edge/x86_64,unknown,3.12.3,2026-10-09T18:44:41Z
133,ML-KEM-512,post-quantum,1,decapsulate,0.028,0.0,0.0,0.315,800,1632,768,0,0,0,0,0.0,0.4203,nan,edge/x86_64,unknown,3.12.3,2026-10-09T18:44:41Z
134,ML-KEM-512,post-quantum,1,keygen,0.027,0.0,0.0,0.315,800,1632,768,0,0,0,0,0.0,0.4045,nan,edge/x86_64,unknown,3.12.3,2026-10-09T18:44:41Z
134,ML-KEM-512,post-quantum,1,encapsulate,0.0264,0.0,0.0,0.315,800,1632,768,0,0,0,0,0.0,0.3958,nan,edge/x86_64,unknown,3.12.3,2026-10-09T18:44:41Z
134,ML-KEM-512,post-quantum,1,decapsulate,0.0247,0.0,0.0,0.315,800,1632,768,0,0,0,0,0.0,0.371,nan,edge/x86_64,unknown,3.12.3,2026-10-09T18:44:41Z
135,ML-KEM-512,post-quantum,1,keygen,0.0249,0.0,0.0,0.315,800,1632,768,0,0,0,0,0.0,0.3732,nan,edge/x86_64,unknown,3.12.3,2026-10-09T18:44:41Z
135,ML-KEM-512,post-quantum,1,encapsulate,0.0253,0.0,0.0,0.315,800,1632,768,0,0,0,0,0.0,0.3801,nan,edge/x86_64,unknown,3.12.3,2026-10-09T18:44:41Z
135,ML-KEM-512,post-quantum,1,decapsulate,0.0261,0.0,0.0,0.315,800,1632,768,0,0,0,0,0.0,0.3909,nan,edge/x86_64,unknown,3.12.3,2026-10-09T18:44:41Z
136,ML-KEM-512,post-quantum,1,keygen,0.0251,0.0,0.0,0.315,800,1632,768,0,0,0,0,0.0,0.3768,nan,edge/x86_64,unknown,3.12.3,2026-10-09T18:44:41Z
136,ML-KEM-512,post-quantum,1,encapsulate,0.0254,0.0,0.0,0.315,800,1632,768,0,0,0,0,0.0,0.3813,nan,edge/x86_64,unknown,3.12.3,2026-10-09T18:44:41Z
136,ML-KEM-512,post-quantum,1,decapsulate,0.0241,0.0,0.0,0.315,800,1632,768,0,0,0,0,0.0,0.3622,nan,edge/x86_64,unknown,3.12.3,2026-10-09T18:44:41Z
137,ML-KEM-512,post-quantum,1,keygen,0.025,0.0,0.0,0.315,800,1632,768,0,0,0,0,0.0,0.3751,nan,edge/x86_64,unknown,3.12.3,2026-10-09T18:44:41Z
137,ML-KEM-512,post-quantum,1,encapsulate,0.025,0.0,0.0,0.315,800,1632,768,0,0,0,0,0.0,0.3747,nan,edge/x86_64,unknown,3.12.3,2026-10-09T18:44:41Z
137,ML-KEM-512,post-quantum,1,decapsulate,0.0241,0.0,0.0,0.315,800,1632,768,0,0,0,0,0.0,0.3616,nan,edge/x86_64,unknown,3.12.3,2026-10-09T18:44:41Z
138,ML-KEM-512,post-quantum,1,keygen,0.024,0.0,0.0,0.315,800,1632,768,0,0,0,0,0.0,0.3596,nan,edge/x86_64,unknown,3.12.3,2026-10-09T18:44:41Z
138,ML-KEM-512,post-quantum,1,encapsulate,0.0253,0.0,0.0,0.315,800,1632,768,0,0,0,0,0.0,0.3795,nan,edge/x86_64,unknown,3.12.3,2026-10-09T18:44:41Z
138,ML-KEM-512,post-quantum,1,decapsulate,0.0246,0.0,0.0,0.315,800,1632,768,0,0,0,0,0.0,0.3693,nan,edge/x86_64,unknown,3.12.3,2026-10-09T18:44:41Z
139,ML-KEM-512,post-quantum,1,keygen,0.024,0.0,0.0,0.315,800,1632,768,0,0,0,0,0.0,0.3603,nan,edge/x86_64,unknown,3.12.3,2026-10-09T18:44:41Z
139,ML-KEM-512,post-quantum,1,encapsulate,0.026,0.0,0.0,0.315,800,1632,768,0,0,0,0,0.0,0.3906,nan,edge/x86_64,unknown,3.12.3,2026-10-09T18:44:41Z
139,ML-KEM-512,post-quantum,1,decapsulate,0.0246,0.0,0.0,0.315,800,1632,768,0,0,0,0,0.0,0.3688,nan,edge/x86_64,unknown,3.12.3,2026-10-09T18:44:41Z
140,ML-KEM-512,post-quantum,1,keygen,0.0254,0.0,0.0,0.315,800,1632,768,0,0,0,0,0.0,0.381,nan,edge/x86_64,unknown,3.12.3,2026-10-09T18:44:41Z
140,ML-KEM-512,post-quantum,1,encapsulate,0.0247,0.0,0.0,0.315,800,1632,768,0,0,0,0,0.0,0.3708,nan,edge/x86_64,unknown,3.12.3,2026-10-09T18:44:41Z
140,ML-KEM-512,post-quantum,1,decapsulate,0.0239,0.0,0.0,0.315,800,1632,768,0,0,0,0,0.0,0.3592,nan,edge/x86_64,unknown,3.12.3,2026-10-09T18:44:41Z
141,ML-KEM-512,post-quantum,1,keygen,0.0241,0.0,0.0,0.315,800,1632,768,0,0,0,0,0.0,0.3614,nan,edge/x86_64,unknown,3.12.3,2026-10-09T18:44:41Z
141,ML-KEM-512,post-quantum,1,encapsulate,0.0268,0.0,0.0,0.315,800,1632,768,0,0,0,0,0.0,0.4023,nan,edge/x86_64,unknown,3.12.3,2026-10-09T18:44:41Z
141,ML-KEM-512,post-quantum,1,decapsulate,0.0245,0.0,0.0,0.315,800,1632,768,0,0,0,0,0.0,0.3679,nan,edge/x86_64,unknown,3.12.3,2026-10-09T18:44:41Z
142,ML-KEM-512,post-quantum,1,keygen,0.0243,0.0,0.0,0.315,800,1632,768,0,0,0,0,0.0,0.3639,nan,edge/x86_64,unknown,3.12.3,2026-10-09T18:44:41Z
142,ML-KEM-512,post-quantum,1,encapsulate,0.0251,0.0,0.0,0.315,800,1632,768,0,0,0,0,0.0,0.3764,nan,edge/x86_64,unknown,3.12.3,2026-10-09T18:44:41Z
142,ML-KEM-512,post-quantum,1,decapsulate,0.0239,0.0,0.0,0.315,800,1632,768,0,0,0,0,0.0,0.3589,nan,edge/x86_64,unknown,3.12.3,2026-10-09T18:44:41Z
143,ML-KEM-512,post-quantum,1,keygen,0.0242,0.0,0.0,0.315,800,1632,768,0,0,0,0,0.0,0.3633,nan,edge/x86_64,unknown,3.12.3,2026-10-09T18:44:41Z
143,ML-KEM-512,post-quantum,1,encapsulate,0.0246,0.0,0.0,0.315,800,1632,768,0,0,0,0,0.0,0.3689,nan,edge/x86_64,unknown,3.12.3,2026-10-09T18:44:41Z
143,ML-KEM-512,post-quantum,1,decapsulate,0.024,0.0,0.0,0.315,800,1632,768,0,0,0,0,0.0,0.3596,nan,edge/x86_64,unknown,3.12.3,2026-10-09T18:44:41Z
144,ML-KEM-512,post-quantum,1,keygen,0.024,0.0,0.0,0.315,800,1632,768,0,0,0,0,0.0,0.3603,nan,edge/x86_64,unknown,3.12.3,2026-10-09T18:44:41Z
144,ML-KEM-512,post-quantum,1,encapsulate,0.0245,0.0,0.0,0.315,800,1632,768,0,0,0,0,0.0,0.3669,nan,edge/x86_64,unknown,3.12.3,2026-10-09T18:44:41Z
144,ML-KEM-512,post-quantum,1,decapsulate,0.0466,0.0,0.0,0.315,800,1632,768,0,0,0,0,0.0,0.6992,nan,edge/x86_64,unknown,3.12.3,2026-10-09T18:44:41Z
145,ML-KEM-512,post-quantum,1,keygen,0.0301,0.0,0.0,0.315,800,1632,768,0,0,0,0,0.0,0.4509,nan,edge/x86_64,unknown,3.12.3,2026-10-09T18:44:41Z
145,ML-KEM-512,post-quantum,1,encapsulate,0.0266,0.0,0.0,0.315,800,1632,768,0,0,0,0,0.0,0.3993,nan,edge/x86_64,unknown,3.12.3,2026-10-09T18:44:41Z
145,ML-KEM-512,post-quantum,1,decapsulate,0.0396,0.0,0.0,0.315,800,1632,768,0,0,0,0,0.0,0.5939,nan,edge/x86_64,unknown,3.12.3,2026-10-09T18:44:41Z
146,ML-KEM-512,post-quantum,1,keygen,0.0298,0.0,0.0,0.315,800,1632,768,0,0,0,0,0.0,0.4477,nan,edge/x86_64,unknown,3.12.3,2026-10-09T18:44:41Z
146,ML-KEM-512,post-quantum,1,encapsulate,0.0333,0.0,0.0,0.315,800,1632,768,0,0,0,0,0.0,0.5002,nan,edge/x86_64,unknown,3.12.3,2026-10-09T18:44:41Z
146,ML-KEM-512,post-quantum,1,decapsulate,0.0258,0.0,0.0,0.315,800,1632,768,0,0,0,0,0.0,0.387,nan,edge/x86_64,unknown,3.12.3,2026-10-09T18:44:41Z
147,ML-KEM-512,post-quantum,1,keygen,0.0248,0.0,0.0,0.315,800,1632,768,0,0,0,0,0.0,0.3725,nan,edge/x86_64,unknown,3.12.3,2026-10-09T18:44:41Z
147,ML-KEM-512,post-quantum,1,encapsulate,0.0251,0.0,0.0,0.315,800,1632,768,0,0,0,0,0.0,0.3761,nan,edge/x86_64,unknown,3.12.3,2026-10-09T18:44:41Z
147,ML-KEM-512,post-quantum,1,decapsulate,0.0243,0.0,0.0,0.315,800,1632,768,0,0,0,0,0.0,0.3642,nan,edge/x86_64,unknown,3.12.3,2026-10-09T18:44:41Z
148,ML-KEM-512,post-quantum,1,keygen,0.0249,0.0,0.0,0.315,800,1632,768,0,0,0,0,0.0,0.3741,nan,edge/x86_64,unknown,3.12.3,2026-10-09T18:44:41Z
148,ML-KEM-512,post-quantum,1,encapsulate,0.0253,0.0,0.0,0.315,800,1632,768,0,0,0,0,0.0,0.3796,nan,edge/x86_64,unknown,3.12.3,2026-10-09T18:44:41Z
148,ML-KEM-512,post-quantum,1,decapsulate,0.0246,0.0,0.0,0.315,800,1632,768,0,0,0,0,0.0,0.3696,nan,edge/x86_64,unknown,3.12.3,2026-10-09T18:44:41Z
149,ML-KEM-512,post-quantum,1,keygen,0.0246,0.0,0.0,0.315,800,1632,768,0,0,0,0,0.0,0.3697,nan,edge/x86_64,unknown,3.12.3,2026-10-09T18:44:41Z
149,ML-KEM-512,post-quantum,1,encapsulate,0.0249,0.0,0.0,0.315,800,1632,768,0,0,0,0,0.0,0.3739,nan,edge/x86_64,unknown,3.12.3,2026-10-09T18:44:41Z
149,ML-KEM-512,post-quantum,1,decapsulate,0.0247,0.0,0.0,0.315,800,1632,768,0,0,0,0,0.0,0.3703,nan,edge/x86_64,unknown,3.12.3,2026-10-09T18:44:41Z
150,ML-KEM-512,post-quantum,1,keygen,0.0245,0.0,0.0,0.315,800,1632,768,0,0,0,0,0.0,0.3673,nan,edge/x86_64,unknown,3.12.3,2026-10-09T18:44:41Z
150,ML-KEM-512,post-quantum,1,encapsulate,0.0248,0.0,0.0,0.315,800,1632,768,0,0,0,0,0.0,0.3723,nan,edge/x86_64,unknown,3.12.3,2026-10-09T18:44:41Z
150,ML-KEM-512,post-quantum,1,decapsulate,0.0241,0.0,0.0,0.315,800,1632,768,0,0,0,0,0.0,0.3617,nan,edge/x86_64,unknown,3.12.3,2026-10-09T18:44:41Z
151,ML-KEM-512,post-quantum,1,keygen,0.0244,0.0,0.0,0.315,800,1632,768,0,0,0,0,0.0,0.3656,nan,edge/x86_64,unknown,3.12.3,2026-10-09T18:44:41Z
151,ML-KEM-512,post-quantum,1,encapsulate,0.0273,0.0,0.0,0.315,800,1632,768,0,0,0,0,0.0,0.4098,nan,edge/x86_64,unknown,3.12.3,2026-10-09T18:44:41Z
151,ML-KEM-512,post-quantum,1,decapsulate,0.0244,0.0,0.0,0.315,800,1632,768,0,0,0,0,0.0,0.3667,nan,edge/x86_64,unknown,3.12.3,2026-10-09T18:44:41Z
152,ML-KEM-512,post-quantum,1,keygen,0.0265,0.0,0.0,0.315,800,1632,768,0,0,0,0,0.0,0.3971,nan,edge/x86_64,unknown,3.12.3,2026-10-09T18:44:41Z
152,ML-KEM-512,post-quantum,1,encapsulate,0.0251,0.0,0.0,0.315,800,1632,768,0,0,0,0,0.0,0.3761,nan,edge/x86_64,unknown,3.12.3,2026-10-09T18:44:41Z
152,ML-KEM-512,post-quantum,1,decapsulate,0.0289,0.0,0.0,0.315,800,1632,768,0,0,0,0,0.0,0.434,nan,edge/x86_64,unknown,3.12.3,2026-10-09T18:44:41Z
153,ML-KEM-512,post-quantum,1,keygen,0.0245,0.0,0.0,0.315,800,1632,768,0,0,0,0,0.0,0.3671,nan,edge/x86_64,unknown,3.12.3,2026-10-09T18:44:41Z
153,ML-KEM-512,post-quantum,1,encapsulate,0.0251,0.0,0.0,0.315,800,1632,768,0,0,0,0,0.0,0.376,nan,edge/x86_64,unknown,3.12.3,2026-10-09T18:44:41Z
153,ML-KEM-512,post-quantum,1,decapsulate,0.0243,0.0,0.0,0.315,800,1632,768,0,0,0,0,0.0,0.3642,nan,edge/x86_64,unknown,3.12.3,2026-10-09T18:44:41Z
154,ML-KEM-512,post-quantum,1,keygen,0.0246,0.0,0.0,0.315,800,1632,768,0,0,0,0,0.0,0.3693,nan,edge/x86_64,unknown,3.12.3,2026-10-09T18:44:41Z
154,ML-KEM-512,post-quantum,1,encapsulate,0.025,0.0,0.0,0.315,800,1632,768,0,0,0,0,0.0,0.3746,nan,edge/x86_64,unknown,3.12.3,2026-10-09T18:44:41Z
154,ML-KEM-512,post-quantum,1,decapsulate,0.0241,0.0,0.0,0.315,800,1632,768,0,0,0,0,0.0,0.3612,nan,edge/x86_64,unknown,3.12.3,2026-10-09T18:44:41Z
155,ML-KEM-512,post-quantum,1,keygen,0.0243,0.0,0.0,0.315,800,1632,768,0,0,0,0,0.0,0.3643,nan,edge/x86_64,unknown,3.12.3,2026-10-09T18:44:41Z
155,ML-KEM-512,post-quantum,1,encapsulate,0.0602,0.0,0.0,0.315,800,1632,768,0,0,0,0,0.0,0.9034,nan,edge/x86_64,unknown,3.12.3,2026-10-09T18:44:41Z
155,ML-KEM-512,post-quantum,1,decapsulate,0.0257,0.0,0.0,0.315,800,1632,768,0,0,0,0,0.0,0.3861,nan,edge/x86_64,unknown,3.12.3,2026-10-09T18:44:41Z
156,ML-KEM-512,post-quantum,1,keygen,0.0372,0.0,0.0,0.315,800,1632,768,0,0,0,0,0.0,0.5579,nan,edge/x86_64,unknown,3.12.3,2026-10-09T18:44:41Z
156,ML-KEM-512,post-quantum,1,encapsulate,0.0258,0.0,0.0,0.315,800,1632,768,0,0,0,0,0.0,0.3867,nan,edge/x86_64,unknown,3.12.3,2026-10-09T18:44:41Z
156,ML-KEM-512,post-quantum,1,decapsulate,0.0329,0.0,0.0,0.315,800,1632,768,0,0,0,0,0.0,0.4941,nan,edge/x86_64,unknown,3.12.3,2026-10-09T18:44:41Z
157,ML-KEM-512,post-quantum,1,keygen,0.0447,0.0,0.0,0.315,800,1632,768,0,0,0,0,0.0,0.6709,nan,edge/x86_64,unknown,3.12.3,2026-10-09T18:44:41Z
157,ML-KEM-512,post-quantum,1,encapsulate,0.0272,0.0,0.0,0.315,800,1632,768,0,0,0,0,0.0,0.4078,nan,edge/x86_64,unknown,3.12.3,2026-10-09T18:44:41Z
157,ML-KEM-512,post-quantum,1,decapsulate,0.0252,0.0,0.0,0.315,800,1632,768,0,0,0,0,0.0,0.3779,nan,edge/x86_64,unknown,3.12.3,2026-10-09T18:44:41Z
158,ML-KEM-512,post-quantum,1,keygen,0.0247,0.0,0.0,0.315,800,1632,768,0,0,0,0,0.0,0.3701,nan,edge/x86_64,unknown,3.12.3,2026-10-09T18:44:41Z
158,ML-KEM-512,post-quantum,1,encapsulate,0.0252,0.0,0.0,0.315,800,1632,768,0,0,0,0,0.0,0.3787,nan,edge/x86_64,unknown,3.12.3,2026-10-09T18:44:41Z
158,ML-KEM-512,post-quantum,1,decapsulate,0.0244,0.0,0.0,0.315,800,1632,768,0,0,0,0,0.0,0.3655,nan,edge/x86_64,unknown,3.12.3,2026-10-09T18:44:41Z
159,ML-KEM-512,post-quantum,1,keygen,0.0246,0.0,0.0,0.315,800,1632,768,0,0,0,0,0.0,0.3691,nan,edge/x86_64,unknown,3.12.3,2026-10-09T18:44:41Z
159,ML-KEM-512,post-quantum,1,encapsulate,0.0262,0.0,0.0,0.315,800,1632,768,0,0,0,0,0.0,0.3934,nan,edge/x86_64,unknown,3.12.3,2026-10-09T18:44:41Z
159,ML-KEM-512,post-quantum,1,decapsulate,0.0245,0.0,0.0,0.315,800,1632,768,0,0,0,0,0.0,0.3676,nan,edge/x86_64,unknown,3.12.3,2026-10-09T18:44:41Z
160,ML-KEM-512,post-quantum,1,keygen,0.0242,0.0,0.0,0.315,800,1632,768,0,0,0,0,0.0,0.363,nan,edge/x86_64,unknown,3.12.3,2026-10-09T18:44:41Z
160,ML-KEM-512,post-quantum,1,encapsulate,0.0247,0.0,0.0,0.315,800,1632,768,0,0,0,0,0.0,0.3711,nan,edge/x86_64,unknown,3.12.3,2026-10-09T18:44:41Z
160,ML-KEM-512,post-quantum,1,decapsulate,0.0267,0.0,0.0,0.315,800,1632,768,0,0,0,0,0.0,0.401,nan,edge/x86_64,unknown,3.12.3,2026-10-09T18:44:41Z
161,ML-KEM-512,post-quantum,1,keygen,0.0247,0.0,0.0,0.315,800,1632,768,0,0,0,0,0.0,0.3709,nan,edge/x86_64,unknown,3.12.3,2026-10-09T18:44:41Z
161,ML-KEM-512,post-quantum,1,encapsulate,0.0245,0.0,0.0,0.315,800,1632,768,0,0,0,0,0.0,0.367,nan,edge/x86_64,unknown,3.12.3,2026-10-09T18:44:41Z
161,ML-KEM-512,post-quantum,1,decapsulate,0.0239,0.0,0.0,0.315,800,1632,768,0,0,0,0,0.0,0.359,nan,edge/x86_64,unknown,3.12.3,2026-10-09T18:44:41Z
162,ML-KEM-512,post-quantum,1,keygen,0.0717,0.0,0.0,0.315,800,1632,768,0,0,0,0,0.0,1.0762,nan,edge/x86_64,unknown,3.12.3,2026-10-09T18:44:41Z
162,ML-KEM-512,post-quantum,1,encapsulate,0.059,0.0,0.0,0.315,800,1632,768,0,0,0,0,0.0,0.8849,nan,edge/x86_64,unknown,3.12.3,2026-10-09T18:44:41Z
162,ML-KEM-512,post-quantum,1,decapsulate,0.0304,0.0,0.0,0.315,800,1632,768,0,0,0,0,0.0,0.4553,nan,edge/x86_64,unknown,3.12.3,2026-10-09T18:44:41Z
163,ML-KEM-512,post-quantum,1,keygen,0.0271,0.0,0.0,0.315,800,1632,768,0,0,0,0,0.0,0.4062,nan,edge/x86_64,unknown,3.12.3,2026-10-09T18:44:41Z
163,ML-KEM-512,post-quantum,1,encapsulate,0.0281,0.0,0.0,0.315,800,1632,768,0,0,0,0,0.0,0.4221,nan,edge/x86_64,unknown,3.12.3,2026-10-09T18:44:41Z
163,ML-KEM-512,post-quantum,1,decapsulate,0.025,0.0,0.0,0.315,800,1632,768,0,0,0,0,0.0,0.3744,nan,edge/x86_64,unknown,3.12.3,2026-10-09T18:44:41Z
164,ML-KEM-512,post-quantum,1,keygen,0.0244,0.0,0.0,0.315,800,1632,768,0,0,0,0,0.0,0.3664,nan,edge/x86_64,unknown,3.12.3,2026-10-09T18:44:41Z
164,ML-KEM-512,post-quantum,1,encapsulate,0.0252,0.0,0.0,0.315,800,1632,768,0,0,0,0,0.0,0.3774,nan,edge/x86_64,unknown,3.12.3,2026-10-09T18:44:41Z
164,ML-KEM-512,post-quantum,1,decapsulate,0.0247,0.0,0.0,0.315,800,1632,768,0,0,0,0,0.0,0.3709,nan,edge/x86_64,unknown,3.12.3,2026-10-09T18:44:41Z
165,ML-KEM-512,post-quantum,1,keygen,0.0245,0.0,0.0,0.315,800,1632,768,0,0,0,0,0.0,0.3676,nan,edge/x86_64,unknown,3.12.3,2026-10-09T18:44:41Z
165,ML-KEM-512,post-quantum,1,encapsulate,0.0568,0.0,0.0,0.315,800,1632,768,0,0,0,0,0.0,0.8524,nan,edge/x86_64,unknown,3.12.3,2026-10-09T18:44:41Z
165,ML-KEM-512,post-quantum,1,decapsulate,0.0297,0.0,0.0,0.315,800,1632,768,0,0,0,0,0.0,0.4453,nan,edge/x86_64,unknown,3.12.3,2026-10-09T18:44:41Z
166,ML-KEM-512,post-quantum,1,keygen,0.0274,0.0,0.0,0.315,800,1632,768,0,0,0,0,0.0,0.4107,nan,edge/x86_64,unknown,3.12.3,2026-10-09T18:44:41Z
166,ML-KEM-512,post-quantum,1,encapsulate,0.0264,0.0,0.0,0.315,800,1632,768,0,0,0,0,0.0,0.3964,nan,edge/x86_64,unknown,3.12.3,2026-10-09T18:44:41Z
166,ML-KEM-512,post-quantum,1,decapsulate,0.0421,0.0,0.0,0.315,800,1632,768,0,0,0,0,0.0,0.6313,nan,edge/x86_64,unknown,3.12.3,2026-10-09T18:44:41Z
167,ML-KEM-512,post-quantum,1,keygen,0.0285,0.0,0.0,0.315,800,1632,768,0,0,0,0,0.0,0.4281,nan,edge/x86_64,unknown,3.12.3,2026-10-09T18:44:41Z
167,ML-KEM-512,post-quantum,1,encapsulate,0.0289,0.0,0.0,0.315,800,1632,768,0,0,0,0,0.0,0.433,nan,edge/x86_64,unknown,3.12.3,2026-10-09T18:44:41Z
167,ML-KEM-512,post-quantum,1,decapsulate,0.0247,0.0,0.0,0.315,800,1632,768,0,0,0,0,0.0,0.3707,nan,edge/x86_64,unknown,3.12.3,2026-10-09T18:44:41Z
168,ML-KEM-512,post-quantum,1,keygen,0.0246,0.0,0.0,0.315,800,1632,768,0,0,0,0,0.0,0.3691,nan,edge/x86_64,unknown,3.12.3,2026-10-09T18:44:41Z
168,ML-KEM-512,post-quantum,1,encapsulate,0.0251,0.0,0.0,0.315,800,1632,768,0,0,0,0,0.0,0.3758,nan,edge/x86_64,unknown,3.12.3,2026-10-09T18:44:41Z
168,ML-KEM-512,post-quantum,1,decapsulate,0.0245,0.0,0.0,0.315,800,1632,768,0,0,0,0,0.0,0.3682,nan,edge/x86_64,unknown,3.12.3,2026-10-09T18:44:41Z
169,ML-KEM-512,post-quantum,1,keygen,0.0245,0.0,0.0,0.315,800,1632,768,0,0,0,0,0.0,0.3672,nan,edge/x86_64,unknown,3.12.3,2026-10-09T18:44:41Z
169,ML-KEM-512,post-quantum,1,encapsulate,0.0266,0.0,0.0,0.315,800,1632,768,0,0,0,0,0.0,0.3989,nan,edge/x86_64,unknown,3.12.3,2026-10-09T18:44:41Z
169,ML-KEM-512,post-quantum,1,decapsulate,0.0246,0.0,0.0,0.315,800,1632,768,0,0,0,0,0.0,0.3695,nan,edge/x86_64,unknown,3.12.3,2026-10-09T18:44:41Z
170,ML-KEM-512,post-quantum,1,keygen,0.0243,0.0,0.0,0.315,800,1632,768,0,0,0,0,0.0,0.3645,nan,edge/x86_64,unknown,3.12.3,2026-10-09T18:44:41Z
170,ML-KEM-512,post-quantum,1,encapsulate,0.0248,0.0,0.0,0.315,800,1632,768,0,0,0,0,0.0,0.3725,nan,edge/x86_64,unknown,3.12.3,2026-10-09T18:44:41Z
170,ML-KEM-512,post-quantum,1,decapsulate,0.0242,0.0,0.0,0.315,800,1632,768,0,0,0,0,0.0,0.3635,nan,edge/x86_64,unknown,3.12.3,2026-10-09T18:44:41Z
171,ML-KEM-512,post-quantum,1,keygen,0.0242,0.0,0.0,0.315,800,1632,768,0,0,0,0,0.0,0.3634,nan,edge/x86_64,unknown,3.12.3,2026-10-09T18:44:41Z
171,ML-KEM-512,post-quantum,1,encapsulate,0.0247,0.0,0.0,0.315,800,1632,768,0,0,0,0,0.0,0.3706,nan,edge/x86_64,unknown,3.12.3,2026-10-09T18:44:41Z
171,ML-KEM-512,post-quantum,1,decapsulate,0.029,0.0,0.0,0.315,800,1632,768,0,0,0,0,0.0,0.4345,nan,edge/x86_64,unknown,3.12.3,2026-10-09T18:44:41Z
172,ML-KEM-512,post-quantum,1,keygen,0.0244,0.0,0.0,0.315,800,1632,768,0,0,0,0,0.0,0.3666,nan,edge/x86_64,unknown,3.12.3,2026-10-09T18:44:41Z
172,ML-KEM-512,post-quantum,1,encapsulate,0.0518,0.0,0.0,0.315,800,1632,768,0,0,0,0,0.0,0.7763,nan,edge/x86_64,unknown,3.12.3,2026-10-09T18:44:41Z
172,ML-KEM-512,post-quantum,1,decapsulate,0.04,0.0,0.0,0.315,800,1632,768,0,0,0,0,0.0,0.6003,nan,edge/x86_64,unknown,3.12.3,2026-10-09T18:44:41Z
173,ML-KEM-512,post-quantum,1,keygen,0.0301,0.0,0.0,0.315,800,1632,768,0,0,0,0,0.0,0.4517,nan,edge/x86_64,unknown,3.12.3,2026-10-09T18:44:41Z
173,ML-KEM-512,post-quantum,1,encapsulate,0.1387,0.0,0.0,0.315,800,1632,768,0,0,0,0,0.0,2.0804,nan,edge/x86_64,unknown,3.12.3,2026-10-09T18:44:41Z
173,ML-KEM-512,post-quantum,1,decapsulate,0.0304,0.0,0.0,0.315,800,1632,768,0,0,0,0,0.0,0.4561,nan,edge/x86_64,unknown,3.12.3,2026-10-09T18:44:41Z
174,ML-KEM-512,post-quantum,1,keygen,0.0287,0.0,0.0,0.315,800,1632,768,0,0,0,0,0.0,0.4307,nan,edge/x86_64,unknown,3.12.3,2026-10-09T18:44:41Z
174,ML-KEM-512,post-quantum,1,encapsulate,0.0356,0.0,0.0,0.315,800,1632,768,0,0,0,0,0.0,0.5336,nan,edge/x86_64,unknown,3.12.3,2026-10-09T18:44:41Z
174,ML-KEM-512,post-quantum,1,decapsulate,0.0296,0.0,0.0,0.315,800,1632,768,0,0,0,0,0.0,0.4445,nan,edge/x86_64,unknown,3.12.3,2026-10-09T18:44:41Z
175,ML-KEM-512,post-quantum,1,keygen,0.0293,0.0,0.0,0.315,800,1632,768,0,0,0,0,0.0,0.4402,nan,edge/x86_64,unknown,3.12.3,2026-10-09T18:44:41Z
175,ML-KEM-512,post-quantum,1,encapsulate,0.028,0.0,0.0,0.315,800,1632,768,0,0,0,0,0.0,0.4198,nan,edge/x86_64,unknown,3.12.3,2026-10-09T18:44:41Z
175,ML-KEM-512,post-quantum,1,decapsulate,0.0253,0.0,0.0,0.315,800,1632,768,0,0,0,0,0.0,0.3801,nan,edge/x86_64,unknown,3.12.3,2026-10-09T18:44:41Z
176,ML-KEM-512,post-quantum,1,keygen,0.0251,0.0,0.0,0.315,800,1632,768,0,0,0,0,0.0,0.3763,nan,edge/x86_64,unknown,3.12.3,2026-10-09T18:44:41Z
176,ML-KEM-512,post-quantum,1,encapsulate,0.0254,0.0,0.0,0.315,800,1632,768,0,0,0,0,0.0,0.3804,nan,edge/x86_64,unknown,3.12.3,2026-10-09T18:44:41Z
176,ML-KEM-512,post-quantum,1,decapsulate,0.0247,0.0,0.0,0.315,800,1632,768,0,0,0,0,0.0,0.3707,nan,edge/x86_64,unknown,3.12.3,2026-10-09T18:44:41Z
177,ML-KEM-512,post-quantum,1,keygen,0.0248,0.0,0.0,0.315,800,1632,768,0,0,0,0,0.0,0.3721,nan,edge/x86_64,unknown,3.12.3,2026-10-09T18:44:41Z
177,ML-KEM-512,post-quantum,1,encapsulate,0.0251,0.0,0.0,0.315,800,1632,768,0,0,0,0,0.0,0.3761,nan,edge/x86_64,unknown,3.12.3,2026-10-09T18:44:41Z
177,ML-KEM-512,post-quantum,1,decapsulate,0.0244,0.0,0.0,0.315,800,1632,768,0,0,0,0,0.0,0.3662,nan,edge/x86_64,unknown,3.12.3,2026-10-09T18:44:41Z
178,ML-KEM-512,post-quantum,1,keygen,0.0247,0.0,0.0,0.315,800,1632,768,0,0,0,0,0.0,0.3712,nan,edge/x86_64,unknown,3.12.3,2026-10-09T18:44:41Z
178,ML-KEM-512,post-quantum,1,encapsulate,0.0261,0.0,0.0,0.315,800,1632,768,0,0,0,0,0.0,0.3915,nan,edge/x86_64,unknown,3.12.3,2026-10-09T18:44:41Z
178,ML-KEM-512,post-quantum,1,decapsulate,0.0241,0.0,0.0,0.315,800,1632,768,0,0,0,0,0.0,0.362,nan,edge/x86_64,unknown,3.12.3,2026-10-09T18:44:41Z
179,ML-KEM-512,post-quantum,1,keygen,0.0247,0.0,0.0,0.315,800,1632,768,0,0,0,0,0.0,0.3698,nan,edge/x86_64,unknown,3.12.3,2026-10-09T18:44:41Z
179,ML-KEM-512,post-quantum,1,encapsulate,0.0249,0.0,0.0,0.315,800,1632,768,0,0,0,0,0.0,0.3739,nan,edge/x86_64,unknown,3.12.3,2026-10-09T18:44:41Z
179,ML-KEM-512,post-quantum,1,decapsulate,0.0242,0.0,0.0,0.315,800,1632,768,0,0,0,0,0.0,0.3623,nan,edge/x86_64,unknown,3.12.3,2026-10-09T18:44:41Z
180,ML-KEM-512,post-quantum,1,keygen,0.0248,0.0,0.0,0.315,800,1632,768,0,0,0,0,0.0,0.3722,nan,edge/x86_64,unknown,3.12.3,2026-10-09T18:44:41Z
180,ML-KEM-512,post-quantum,1,encapsulate,0.025,0.0,0.0,0.315,800,1632,768,0,0,0,0,0.0,0.3748,nan,edge/x86_64,unknown,3.12.3,2026-10-09T18:44:41Z
180,ML-KEM-512,post-quantum,1,decapsulate,0.0257,0.0,0.0,0.315,800,1632,768,0,0,0,0,0.0,0.3849,nan,edge/x86_64,unknown,3.12.3,2026-10-09T18:44:41Z
181,ML-KEM-512,post-quantum,1,keygen,0.0255,0.0,0.0,0.315,800,1632,768,0,0,0,0,0.0,0.3821,nan,edge/x86_64,unknown,3.12.3,2026-10-09T18:44:41Z
181,ML-KEM-512,post-quantum,1,encapsulate,0.0265,0.0,0.0,0.315,800,1632,768,0,0,0,0,0.0,0.3973,nan,edge/x86_64,unknown,3.12.3,2026-10-09T18:44:41Z
181,ML-KEM-512,post-quantum,1,decapsulate,0.0245,0.0,0.0,0.315,800,1632,768,0,0,0,0,0.0,0.367,nan,edge/x86_64,unknown,3.12.3,2026-10-09T18:44:41Z
182,ML-KEM-512,post-quantum,1,keygen,0.0247,0.0,0.0,0.315,800,1632,768,0,0,0,0,0.0,0.3706,nan,edge/x86_64,unknown,3.12.3,2026-10-09T18:44:41Z
182,ML-KEM-512,post-quantum,1,encapsulate,0.0251,0.0,0.0,0.315,800,1632,768,0,0,0,0,0.0,0.3767,nan,edge/x86_64,unknown,3.12.3,2026-10-09T18:44:41Z
182,ML-KEM-512,post-quantum,1,decapsulate,0.0243,0.0,0.0,0.315,800,1632,768,0,0,0,0,0.0,0.3644,nan,edge/x86_64,unknown,3.12.3,2026-10-09T18:44:41Z
183,ML-KEM-512,post-quantum,1,keygen,0.0244,0.0,0.0,0.315,800,1632,768,0,0,0,0,0.0,0.3667,nan,edge/x86_64,unknown,3.12.3,2026-10-09T18:44:41Z
183,ML-KEM-512,post-quantum,1,encapsulate,0.0252,0.0,0.0,0.315,800,1632,768,0,0,0,0,0.0,0.3785,nan,edge/x86_64,unknown,3.12.3,2026-10-09T18:44:41Z
183,ML-KEM-512,post-quantum,1,decapsulate,0.0245,0.0,0.0,0.315,800,1632,768,0,0,0,0,0.0,0.3673,nan,edge/x86_64,unknown,3.12.3,2026-10-09T18:44:41Z
184,ML-KEM-512,post-quantum,1,keygen,0.0244,0.0,0.0,0.315,800,1632,768,0,0,0,0,0.0,0.3654,nan,edge/x86_64,unknown,3.12.3,2026-10-09T18:44:41Z
184,ML-KEM-512,post-quantum,1,encapsulate,0.0567,0.0,0.0,0.315,800,1632,768,0,0,0,0,0.0,0.8501,nan,edge/x86_64,unknown,3.12.3,2026-10-09T18:44:41Z
184,ML-KEM-512,post-quantum,1,decapsulate,0.0265,0.0,0.0,0.315,800,1632,768,0,0,0,0,0.0,0.3982,nan,edge/x86_64,unknown,3.12.3,2026-10-09T18:44:41Z
185,ML-KEM-512,post-quantum,1,keygen,0.0258,0.0,0.0,0.315,800,1632,768,0,0,0,0,0.0,0.3877,nan,edge/x86_64,unknown,3.12.3,2026-10-09T18:44:41Z
185,ML-KEM-512,post-quantum,1,encapsulate,0.0255,0.0,0.0,0.315,800,1632,768,0,0,0,0,0.0,0.382,nan,edge/x86_64,unknown,3.12.3,2026-10-09T18:44:41Z
185,ML-KEM-512,post-quantum,1,decapsulate,0.0243,0.0,0.0,0.315,800,1632,768,0,0,0,0,0.0,0.3646,nan,edge/x86_64,unknown,3.12.3,2026-10-09T18:44:41Z
186,ML-KEM-512,post-quantum,1,keygen,0.0449,0.0,0.0,0.315,800,1632,768,0,0,0,0,0.0,0.674,nan,edge/x86_64,unknown,3.12.3,2026-10-09T18:44:41Z
186,ML-KEM-512,post-quantum,1,encapsulate,0.026,0.0,0.0,0.315,800,1632,768,0,0,0,0,0.0,0.3899,nan,edge/x86_64,unknown,3.12.3,2026-10-09T18:44:41Z
186,ML-KEM-512,post-quantum,1,decapsulate,0.0244,0.0,0.0,0.315,800,1632,768,0,0,0,0,0.0,0.3666,nan,edge/x86_64,unknown,3.12.3,2026-10-09T18:44:41Z
187,ML-KEM-512,post-quantum,1,keygen,0.0245,0.0,0.0,0.315,800,1632,768,0,0,0,0,0.0,0.3681,nan,edge/x86_64,unknown,3.12.3,2026-10-09T18:44:41Z
187,ML-KEM-512,post-quantum,1,encapsulate,0.0262,0.0,0.0,0.315,800,1632,768,0,0,0,0,0.0,0.393,nan,edge/x86_64,unknown,3.12.3,2026-10-09T18:44:41Z
187,ML-KEM-512,post-quantum,1,decapsulate,0.0243,0.0,0.0,0.315,800,1632,768,0,0,0,0,0.0,0.3644,nan,edge/x86_64,unknown,3.12.3,2026-10-09T18:44:41Z
188,ML-KEM-512,post-quantum,1,keygen,0.0279,0.0,0.0,0.315,800,1632,768,0,0,0,0,0.0,0.4181,nan,edge/x86_64,unknown,3.12.3,2026-10-09T18:44:41Z
188,ML-KEM-512,post-quantum,1,encapsulate,0.0677,0.0,0.0,0.315,800,1632,768,0,0,0,0,0.0,1.015,nan,edge/x86_64,unknown,3.12.3,2026-10-09T18:44:41Z
188,ML-KEM-512,post-quantum,1,decapsulate,0.063,0.0,0.0,0.315,800,1632,768,0,0,0,0,0.0,0.9443,nan,edge/x86_64,unknown,3.12.3,2026-10-09T18:44:41Z
189,ML-KEM-512,post-quantum,1,keygen,0.063,0.0,0.0,0.315,800,1632,768,0,0,0,0,0.0,0.9455,nan,edge/x86_64,unknown,3.12.3,2026-10-09T18:44:41Z
189,ML-KEM-512,post-quantum,1,encapsulate,0.0432,0.0,0.0,0.315,800,1632,768,0,0,0,0,0.0,0.6478,nan,edge/x86_64,unknown,3.12.3,2026-10-09T18:44:41Z
189,ML-KEM-512,post-quantum,1,decapsulate,0.0399,0.0,0.0,0.315,800,1632,768,0,0,0,0,0.0,0.598,nan,edge/x86_64,unknown,3.12.3,2026-10-09T18:44:41Z
190,ML-KEM-512,post-quantum,1,keygen,0.026,0.0,0.0,0.315,800,1632,768,0,0,0,0,0.0,0.3907,nan,edge/x86_64,unknown,3.12.3,2026-10-09T18:44:41Z
190,ML-KEM-512,post-quantum,1,encapsulate,0.0253,0.0,0.0,0.315,800,1632,768,0,0,0,0,0.0,0.3791,nan,edge/x86_64,unknown,3.12.3,2026-10-09T18:44:41Z
190,ML-KEM-512,post-quantum,1,decapsulate,0.0241,0.0,0.0,0.315,800,1632,768,0,0,0,0,0.0,0.3618,nan,edge/x86_64,unknown,3.12.3,2026-10-09T18:44:41Z
191,ML-KEM-512,post-quantum,1,keygen,0.0255,0.0,0.0,0.315,800,1632,768,0,0,0,0,0.0,0.3821,nan,edge/x86_64,unknown,3.12.3,2026-10-09T18:44:41Z
191,ML-KEM-512,post-quantum,1,encapsulate,0.0249,0.0,0.0,0.315,800,1632,768,0,0,0,0,0.0,0.3731,nan,edge/x86_64,unknown,3.12.3,2026-10-09T18:44:41Z
191,ML-KEM-512,post-quantum,1,decapsulate,0.0242,0.0,0.0,0.315,800,1632,768,0,0,0,0,0.0,0.363,nan,edge/x86_64,unknown,3.12.3,2026-10-09T18:44:41Z
192,ML-KEM-512,post-quantum,1,keygen,0.0243,0.0,0.0,0.315,800,1632,768,0,0,0,0,0.0,0.3648,nan,edge/x86_64,unknown,3.12.3,2026-10-09T18:44:41Z
192,ML-KEM-512,post-quantum,1,encapsulate,0.0246,0.0,0.0,0.315,800,1632,768,0,0,0,0,0.0,0.3692,nan,edge/x86_64,unknown,3.12.3,2026-10-09T18:44:41Z
192,ML-KEM-512,post-quantum,1,decapsulate,0.0239,0.0,0.0,0.315,800,1632,768,0,0,0,0,0.0,0.359,nan,edge/x86_64,unknown,3.12.3,2026-10-09T18:44:41Z
193,ML-KEM-512,post-quantum,1,keygen,0.0242,0.0,0.0,0.315,800,1632,768,0,0,0,0,0.0,0.3628,nan,edge/x86_64,unknown,3.12.3,2026-10-09T18:44:41Z
193,ML-KEM-512,post-quantum,1,encapsulate,0.0478,0.0,0.0,0.315,800,1632,768,0,0,0,0,0.0,0.717,nan,edge/x86_64,unknown,3.12.3,2026-10-09T18:44:41Z
193,ML-KEM-512,post-quantum,1,decapsulate,0.0282,0.0,0.0,0.315,800,1632,768,0,0,0,0,0.0,0.423,nan,edge/x86_64,unknown,3.12.3,2026-10-09T18:44:41Z
194,ML-KEM-512,post-quantum,1,keygen,0.0266,0.0,0.0,0.315,800,1632,768,0,0,0,0,0.0,0.3986,nan,edge/x86_64,unknown,3.12.3,2026-10-09T18:44:41Z
194,ML-KEM-512,post-quantum,1,encapsulate,0.0254,0.0,0.0,0.315,800,1632,768,0,0,0,0,0.0,0.3811,nan,edge/x86_64,unknown,3.12.3,2026-10-09T18:44:41Z
194,ML-KEM-512,post-quantum,1,decapsulate,0.0246,0.0,0.0,0.315,800,1632,768,0,0,0,0,0.0,0.3684,nan,edge/x86_64,unknown,3.12.3,2026-10-09T18:44:41Z
195,ML-KEM-512,post-quantum,1,keygen,0.0248,0.0,0.0,0.315,800,1632,768,0,0,0,0,0.0,0.3722,nan,edge/x86_64,unknown,3.12.3,2026-10-09T18:44:41Z
195,ML-KEM-512,post-quantum,1,encapsulate,0.0271,0.0,0.0,0.315,800,1632,768,0,0,0,0,0.0,0.406,nan,edge/x86_64,unknown,3.12.3,2026-10-09T18:44:41Z
195,ML-KEM-512,post-quantum,1,decapsulate,0.0245,0.0,0.0,0.315,800,1632,768,0,0,0,0,0.0,0.3669,nan,edge/x86_64,unknown,3.12.3,2026-10-09T18:44:41Z
196,ML-KEM-512,post-quantum,1,keygen,0.0244,0.0,0.0,0.315,800,1632,768,0,0,0,0,0.0,0.3666,nan,edge/x86_64,unknown,3.12.3,2026-10-09T18:44:41Z
196,ML-KEM-512,post-quantum,1,encapsulate,0.0244,0.0,0.0,0.315,800,1632,768,0,0,0,0,0.0,0.3663,nan,edge/x86_64,unknown,3.12.3,2026-10-09T18:44:41Z
196,ML-KEM-512,post-quantum,1,decapsulate,0.024,0.0,0.0,0.315,800,1632,768,0,0,0,0,0.0,0.3593,nan,edge/x86_64,unknown,3.12.3,2026-10-09T18:44:41Z
197,ML-KEM-512,post-quantum,1,keygen,0.0241,0.0,0.0,0.315,800,1632,768,0,0,0,0,0.0,0.3617,nan,edge/x86_64,unknown,3.12.3,2026-10-09T18:44:41Z
197,ML-KEM-512,post-quantum,1,encapsulate,0.033,0.0,0.0,0.315,800,1632,768,0,0,0,0,0.0,0.495,nan,edge/x86_64,unknown,3.12.3,2026-10-09T18:44:41Z
197,ML-KEM-512,post-quantum,1,decapsulate,0.0243,0.0,0.0,0.315,800,1632,768,0,0,0,0,0.0,0.3645,nan,edge/x86_64,unknown,3.12.3,2026-10-09T18:44:41Z
198,ML-KEM-512,post-quantum,1,keygen,0.0243,0.0,0.0,0.315,800,1632,768,0,0,0,0,0.0,0.3652,nan,edge/x86_64,unknown,3.12.3,2026-10-09T18:44:41Z
198,ML-KEM-512,post-quantum,1,encapsulate,0.0248,0.0,0.0,0.315,800,1632,768,0,0,0,0,0.0,0.3727,nan,edge/x86_64,unknown,3.12.3,2026-10-09T18:44:41Z
198,ML-KEM-512,post-quantum,1,decapsulate,0.0241,0.0,0.0,0.315,800,1632,768,0,0,0,0,0.0,0.3614,nan,edge/x86_64,unknown,3.12.3,2026-10-09T18:44:41Z
199,ML-KEM-512,post-quantum,1,keygen,0.0242,0.0,0.0,0.315,800,1632,768,0,0,0,0,0.0,0.3628,nan,edge/x86_64,unknown,3.12.3,2026-10-09T18:44:41Z
199,ML-KEM-512,post-quantum,1,encapsulate,0.0265,0.0,0.0,0.315,800,1632,768,0,0,0,0,0.0,0.3972,nan,edge/x86_64,unknown,3.12.3,2026-10-09T18:44:41Z
199,ML-KEM-512,post-quantum,1,decapsulate,0.0244,0.0,0.0,0.315,800,1632,768,0,0,0,0,0.0,0.3653,nan,edge/x86_64,unknown,3.12.3,2026-10-09T18:44:41Z
0,ML-KEM-768,post-quantum,3,keygen,0.0364,0.0,0.0,0.303,1184,2400,1088,0,0,0,0,0.0,0.5453,nan,edge/x86_64,unknown,3.12.3,2026-10-09T18:44:41Z
0,ML-KEM-768,post-quantum,3,encapsulate,0.0316,0.0,0.0,0.303,1184,2400,1088,0,0,0,0,0.0,0.4747,nan,edge/x86_64,unknown,3.12.3,2026-10-09T18:44:41Z
0,ML-KEM-768,post-quantum,3,decapsulate,0.0319,0.0,0.0,0.303,1184,2400,1088,0,0,0,0,0.0,0.4778,nan,edge/x86_64,unknown,3.12.3,2026-10-09T18:44:41Z
1,ML-KEM-768,post-quantum,3,keygen,0.0304,0.0,0.0,0.303,1184,2400,1088,0,0,0,0,0.0,0.4567,nan,edge/x86_64,unknown,3.12.3,2026-10-09T18:44:41Z
1,ML-KEM-768,post-quantum,3,encapsulate,0.0297,0.0,0.0,0.303,1184,2400,1088,0,0,0,0,0.0,0.4448,nan,edge/x86_64,unknown,3.12.3,2026-10-09T18:44:41Z
1,ML-KEM-768,post-quantum,3,decapsulate,0.0301,0.0,0.0,0.303,1184,2400,1088,0,0,0,0,0.0,0.4509,nan,edge/x86_64,unknown,3.12.3,2026-10-09T18:44:41Z
2,ML-KEM-768,post-quantum,3,keygen,0.0299,0.0,0.0,0.303,1184,2400,1088,0,0,0,0,0.0,0.4479,nan,edge/x86_64,unknown,3.12.3,2026-10-09T18:44:41Z
2,ML-KEM-768,post-quantum,3,encapsulate,0.029,0.0,0.0,0.303,1184,2400,1088,0,0,0,0,0.0,0.4351,nan,edge/x86_64,unknown,3.12.3,2026-10-09T18:44:41Z
2,ML-KEM-768,post-quantum,3,decapsulate,0.0294,0.0,0.0,0.303,1184,2400,1088,0,0,0,0,0.0,0.4416,nan,edge/x86_64,unknown,3.12.3,2026-10-09T18:44:41Z
3,ML-KEM-768,post-quantum,3,keygen,0.0294,0.0,0.0,0.303,1184,2400,1088,0,0,0,0,0.0,0.441,nan,edge/x86_64,unknown,3.12.3,2026-10-09T18:44:41Z
3,ML-KEM-768,post-quantum,3,encapsulate,0.0308,0.0,0.0,0.303,1184,2400,1088,0,0,0,0,0.0,0.4615,nan,edge/x86_64,unknown,3.12.3,2026-10-09T18:44:41Z
3,ML-KEM-768,post-quantum,3,decapsulate,0.0308,0.0,0.0,0.303,1184,2400,1088,0,0,0,0,0.0,0.4614,nan,edge/x86_64,unknown,3.12.3,2026-10-09T18:44:41Z
4,ML-KEM-768,post-quantum,3,keygen,0.03,0.0,0.0,0.303,1184,2400,1088,0,0,0,0,0.0,0.4498,nan,edge/x86_64,unknown,3.12.3,2026-10-09T18:44:41Z
4,ML-KEM-768,post-quantum,3,encapsulate,0.0293,0.0,0.0,0.303,1184,2400,1088,0,0,0,0,0.0,0.4402,nan,edge/x86_64,unknown,3.12.3,2026-10-09T18:44:41Z
4,ML-KEM-768,post-quantum,3,decapsulate,0.0294,0.0,0.0,0.303,1184,2400,1088,0,0,0,0,0.0,0.441,nan,edge/x86_64,unknown,3.12.3,2026-10-09T18:44:41Z
5,ML-KEM-768,post-quantum,3,keygen,0.0348,0.0,0.0,0.303,1184,2400,1088,0,0,0,0,0.0,0.5219,nan,edge/x86_64,unknown,3.12.3,2026-10-09T18:44:41Z
5,ML-KEM-768,post-quantum,3,encapsulate,0.0314,0.0,0.0,0.303,1184,2400,1088,0,0,0,0,0.0,0.4716,nan,edge/x86_64,unknown,3.12.3,2026-10-09T18:44:41Z
5,ML-KEM-768,post-quantum,3,decapsulate,0.0298,0.0,0.0,0.303,1184,2400,1088,0,0,0,0,0.0,0.4464,nan,edge/x86_64,unknown,3.12.3,2026-10-09T18:44:41Z
6,ML-KEM-768,post-quantum,3,keygen,0.0294,0.0,0.0,0.303,1184,2400,1088,0,0,0,0,0.0,0.4404,nan,edge/x86_64,unknown,3.12.3,2026-10-09T18:44:41Z
6,ML-KEM-768,post-quantum,3,encapsulate,0.029,0.0,0.0,0.303,1184,2400,1088,0,0,0,0,0.0,0.4353,nan,edge/x86_64,unknown,3.12.3,2026-10-09T18:44:41Z
6,ML-KEM-768,post-quantum,3,decapsulate,0.0294,0.0,0.0,0.303,1184,2400,1088,0,0,0,0,0.0,0.4412,nan,edge/x86_64,unknown,3.12.3,2026-10-09T18:44:41Z
7,ML-KEM-768,post-quantum,3,keygen,0.059,0.0,0.0,0.303,1184,2400,1088,0,0,0,0,0.0,0.8854,nan,edge/x86_64,unknown,3.12.3,2026-10-09T18:44:41Z
7,ML-KEM-768,post-quantum,3,encapsulate,0.0343,0.0,0.0,0.303,1184,2400,1088,0,0,0,0,0.0,0.5139,nan,edge/x86_64,unknown,3.12.3,2026-10-09T18:44:41Z
7,ML-KEM-768,post-quantum,3,decapsulate,0.0306,0.0,0.0,0.303,1184,2400,1088,0,0,0,0,0.0,0.4584,nan,edge/x86_64,unknown,3.12.3,2026-10-09T18:44:41Z
8,ML-KEM-768,post-quantum,3,keygen,0.0305,0.0,0.0,0.303,1184,2400,1088,0,0,0,0,0.0,0.4568,nan,edge/x86_64,unknown,3.12.3,2026-10-09T18:44:41Z
8,ML-KEM-768,post-quantum,3,encapsulate,0.0298,0.0,0.0,0.303,1184,2400,1088,0,0,0,0,0.0,0.4472,nan,edge/x86_64,unknown,3.12.3,2026-10-09T18:44:41Z
8,ML-KEM-768,post-quantum,3,decapsulate,0.031,0.0,0.0,0.303,1184,2400,1088,0,0,0,0,0.0,0.4643,nan,edge/x86_64,unknown,3.12.3,2026-10-09T18:44:41Z
9,ML-KEM-768,post-quantum,3,keygen,0.0307,0.0,0.0,0.303,1184,2400,1088,0,0,0,0,0.0,0.4611,nan,edge/x86_64,unknown,3.12.3,2026-10-09T18:44:41Z
9,ML-KEM-768,post-quantum,3,encapsulate,0.0301,0.0,0.0,0.303,1184,2400,1088,0,0,0,0,0.0,0.4521,nan,edge/x86_64,unknown,3.12.3,2026-10-09T18:44:41Z
9,ML-KEM-768,post-quantum,3,decapsulate,0.0317,0.0,0.0,0.303,1184,2400,1088,0,0,0,0,0.0,0.4762,nan,edge/x86_64,unknown,3.12.3,2026-10-09T18:44:41Z
10,ML-KEM-768,post-quantum,3,keygen,0.0302,0.0,0.0,0.303,1184,2400,1088,0,0,0,0,0.0,0.4526,nan,edge/x86_64,unknown,3.12.3,2026-10-09T18:44:41Z
10,ML-KEM-768,post-quantum,3,encapsulate,0.0299,0.0,0.0,0.303,1184,2400,1088,0,0,0,0,0.0,0.4485,nan,edge/x86_64,unknown,3.12.3,2026-10-09T18:44:41Z
10,ML-KEM-768,post-quantum,3,decapsulate,0.0298,0.0,0.0,0.303,1184,2400,1088,0,0,0,0,0.0,0.4471,nan,edge/x86_64,unknown,3.12.3,2026-10-09T18:44:41Z
11,ML-KEM-768,post-quantum,3,keygen,0.0349,0.0,0.0,0.303,1184,2400,1088,0,0,0,0,0.0,0.5234,nan,edge/x86_64,unknown,3.12.3,2026-10-09T18:44:41Z
11,ML-KEM-768,post-quantum,3,encapsulate,0.0303,0.0,0.0,0.303,1184,2400,1088,0,0,0,0,0.0,0.4545,nan,edge/x86_64,unknown,3.12.3,2026-10-09T18:44:41Z
11,ML-KEM-768,post-quantum,3,decapsulate,0.0297,0.0,0.0,0.303,1184,2400,1088,0,0,0,0,0.0,0.4456,nan,edge/x86_64,unknown,3.12.3,2026-10-09T18:44:41Z
12,ML-KEM-768,post-quantum,3,keygen,0.0296,0.0,0.0,0.303,1184,2400,1088,0,0,0,0,0.0,0.4441,nan,edge/x86_64,unknown,3.12.3,2026-10-09T18:44:41Z
12,ML-KEM-768,post-quantum,3,encapsulate,0.0298,0.0,0.0,0.303,1184,2400,1088,0,0,0,0,0.0,0.4473,nan,edge/x86_64,unknown,3.12.3,2026-10-09T18:44:41Z
12,ML-KEM-768,post-quantum,3,decapsulate,0.0294,0.0,0.0,0.303,1184,2400,1088,0,0,0,0,0.0,0.4414,nan,edge/x86_64,unknown,3.12.3,2026-10-09T18:44:41Z
13,ML-KEM-768,post-quantum,3,keygen,0.0292,0.0,0.0,0.303,1184,2400,1088,0,0,0,0,0.0,0.4387,nan,edge/x86_64,unknown,3.12.3,2026-10-09T18:44:41Z
13,ML-KEM-768,post-quantum,3,encapsulate,0.029,0.0,0.0,0.303,1184,2400,1088,0,0,0,0,0.0,0.4351,nan,edge/x86_64,unknown,3.12.3,2026-10-09T18:44:41Z
13,ML-KEM-768,post-quantum,3,decapsulate,0.0322,0.0,0.0,0.303,1184,2400,1088,0,0,0,0,0.0,0.4828,nan,edge/x86_64,unknown,3.12.3,2026-10-09T18:44:41Z
14,ML-KEM-768,post-quantum,3,keygen,0.0299,0.0,0.0,0.303,1184,2400,1088,0,0,0,0,0.0,0.4485,nan,edge/x86_64,unknown,3.12.3,2026-10-09T18:44:41Z
14,ML-KEM-768,post-quantum,3,encapsulate,0.0294,0.0,0.0,0.303,1184,2400,1088,0,0,0,0,0.0,0.4411,nan,edge/x86_64,unknown,3.12.3,2026-10-09T18:44:41Z
14,ML-KEM-768,post-quantum,3,decapsulate,0.0298,0.0,0.0,0.303,1184,2400,1088,0,0,0,0,0.0,0.4471,nan,edge/x86_64,unknown,3.12.3,2026-10-09T18:44:41Z
15,ML-KEM-768,post-quantum,3,keygen,0.0295,0.0,0.0,0.303,1184,2400,1088,0,0,0,0,0.0,0.4432,nan,edge/x86_64,unknown,3.12.3,2026-10-09T18:44:41Z
15,ML-KEM-768,post-quantum,3,encapsulate,0.0296,0.0,0.0,0.303,1184,2400,1088,0,0,0,0,0.0,0.4437,nan,edge/x86_64,unknown,3.12.3,2026-10-09T18:44:41Z
15,ML-KEM-768,post-quantum,3,decapsulate,0.0302,0.0,0.0,0.303,1184,2400,1088,0,0,0,0,0.0,0.4531,nan,edge/x86_64,unknown,3.12.3,2026-10-09T18:44:41Z
16,ML-KEM-768,post-quantum,3,keygen,0.0306,0.0,0.0,0.303,1184,2400,1088,0,0,0,0,0.0,0.4595,nan,edge/x86_64,unknown,3.12.3,2026-10-09T18:44:41Z
16,ML-KEM-768,post-quantum,3,encapsulate,0.0295,0.0,0.0,0.303,1184,2400,1088,0,0,0,0,0.0,0.4432,nan,edge/x86_64,unknown,3.12.3,2026-10-09T18:44:41Z
16,ML-KEM-768,post-quantum,3,decapsulate,0.0296,0.0,0.0,0.303,1184,2400,1088,0,0,0,0,0.0,0.4441,nan,edge/x86_64,unknown,3.12.3,2026-10-09T18:44:41Z
17,ML-KEM-768,post-quantum,3,keygen,0.0299,0.0,0.0,0.303,1184,2400,1088,0,0,0,0,0.0,0.4479,nan,edge/x86_64,unknown,3.12.3,2026-10-09T18:44:41Z
17,ML-KEM-768,post-quantum,3,encapsulate,0.0385,0.0,0.0,0.303,1184,2400,1088,0,0,0,0,0.0,0.5779,nan,edge/x86_64,unknown,3.12.3,2026-10-09T18:44:41Z
17,ML-KEM-768,post-quantum,3,decapsulate,0.0308,0.0,0.0,0.303,1184,2400,1088,0,0,0,0,0.0,0.4615,nan,edge/x86_64,unknown,3.12.3,2026-10-09T18:44:41Z
18,ML-KEM-768,post-quantum,3,keygen,0.0304,0.0,0.0,0.303,1184,2400,1088,0,0,0,0,0.0,0.4561,nan,edge/x86_64,unknown,3.12.3,2026-10-09T18:44:41Z
18,ML-KEM-768,post-quantum,3,encapsulate,0.0292,0.0,0.0,0.303,1184,2400,1088,0,0,0,0,0.0,0.4386,nan,edge/x86_64,unknown,3.12.3,2026-10-09T18:44:41Z
18,ML-KEM-768,post-quantum,3,decapsulate,0.0315,0.0,0.0,0.303,1184,2400,1088,0,0,0,0,0.0,0.4728,nan,edge/x86_64,unknown,3.12.3,2026-10-09T18:44:41Z
19,ML-KEM-768,post-quantum,3,keygen,0.0304,0.0,0.0,0.303,1184,2400,1088,0,0,0,0,0.0,0.4558,nan,edge/x86_64,unknown,3.12.3,2026-10-09T18:44:41Z
19,ML-KEM-768,post-quantum,3,encapsulate,0.0297,0.0,0.0,0.303,1184,2400,1088,0,0,0,0,0.0,0.4455,nan,edge/x86_64,unknown,3.12.3,2026-10-09T18:44:41Z
19,ML-KEM-768,post-quantum,3,decapsulate,0.0294,0.0,0.0,0.303,1184,2400,1088,0,0,0,0,0.0,0.4412,nan,edge/x86_64,unknown,3.12.3,2026-10-09T18:44:41Z
20,ML-KEM-768,post-quantum,3,keygen,0.0294,0.0,0.0,0.303,1184,2400,1088,0,0,0,0,0.0,0.4405,nan,edge/x86_64,unknown,3.12.3,2026-10-09T18:44:41Z
20,ML-KEM-768,post-quantum,3,encapsulate,0.0294,0.0,0.0,0.303,1184,2400,1088,0,0,0,0,0.0,0.4404,nan,edge/x86_64,unknown,3.12.3,2026-10-09T18:44:41Z
20,ML-KEM-768,post-quantum,3,decapsulate,0.0293,0.0,0.0,0.303,1184,2400,1088,0,0,0,0,0.0,0.4397,nan,edge/x86_64,unknown,3.12.3,2026-10-09T18:44:41Z
21,ML-KEM-768,post-quantum,3,keygen,0.0299,0.0,0.0,0.303,1184,2400,1088,0,0,0,0,0.0,0.4482,nan,edge/x86_64,unknown,3.12.3,2026-10-09T18:44:41Z
21,ML-KEM-768,post-quantum,3,encapsulate,0.0291,0.0,0.0,0.303,1184,2400,1088,0,0,0,0,0.0,0.4359,nan,edge/x86_64,unknown,3.12.3,2026-10-09T18:44:41Z
21,ML-KEM-768,post-quantum,3,decapsulate,0.0295,0.0,0.0,0.303,1184,2400,1088,0,0,0,0,0.0,0.4431,nan,edge/x86_64,unknown,3.12.3,2026-10-09T18:44:41Z
22,ML-KEM-768,post-quantum,3,keygen,0.0293,0.0,0.0,0.303,1184,2400,1088,0,0,0,0,0.0,0.4392,nan,edge/x86_64,unknown,3.12.3,2026-10-09T18:44:41Z
22,ML-KEM-768,post-quantum,3,encapsulate,0.0355,0.0,0.0,0.303,1184,2400,1088,0,0,0,0,0.0,0.5321,nan,edge/x86_64,unknown,3.12.3,2026-10-09T18:44:41Z
22,ML-KEM-768,post-quantum,3,decapsulate,0.0296,0.0,0.0,0.303,1184,2400,1088,0,0,0,0,0.0,0.4435,nan,edge/x86_64,unknown,3.12.3,2026-10-09T18:44:41Z
23,ML-KEM-768,post-quantum,3,keygen,0.0292,0.0,0.0,0.303,1184,2400,1088,0,0,0,0,0.0,0.4374,nan,edge/x86_64,unknown,3.12.3,2026-10-09T18:44:41Z
23,ML-KEM-768,post-quantum,3,encapsulate,0.0301,0.0,0.0,0.303,1184,2400,1088,0,0,0,0,0.0,0.4514,nan,edge/x86_64,unknown,3.12.3,2026-10-09T18:44:41Z
23,ML-KEM-768,post-quantum,3,decapsulate,0.0422,0.0,0.0,0.303,1184,2400,1088,0,0,0,0,0.0,0.6324,nan,edge/x86_64,unknown,3.12.3,2026-10-09T18:44:41Z
24,ML-KEM-768,post-quantum,3,keygen,0.0304,0.0,0.0,0.303,1184,2400,1088,0,0,0,0,0.0,0.4554,nan,edge/x86_64,unknown,3.12.3,2026-10-09T18:44:41Z
24,ML-KEM-768,post-quantum,3,encapsulate,0.0291,0.0,0.0,0.303,1184,2400,1088,0,0,0,0,0.0,0.4364,nan,edge/x86_64,unknown,3.12.3,2026-10-09T18:44:41Z
24,ML-KEM-768,post-quantum,3,decapsulate,0.0296,0.0,0.0,0.303,1184,2400,1088,0,0,0,0,0.0,0.4445,nan,edge/x86_64,unknown,3.12.3,2026-10-09T18:44:41Z
25,ML-KEM-768,post-quantum,3,keygen,0.0289,0.0,0.0,0.303,1184,2400,1088,0,0,0,0,0.0,0.4338,nan,edge/x86_64,unknown,3.12.3,2026-10-09T18:44:41Z
25,ML-KEM-768,post-quantum,3,encapsulate,0.0286,0.0,0.0,0.303,1184,2400,1088,0,0,0,0,0.0,0.4288,nan,edge/x86_64,unknown,3.12.3,2026-10-09T18:44:41Z
25,ML-KEM-768,post-quantum,3,decapsulate,0.0292,0.0,0.0,0.303,1184,2400,1088,0,0,0,0,0.0,0.4379,nan,edge/x86_64,unknown,3.12.3,2026-10-09T18:44:41Z
26,ML-KEM-768,post-quantum,3,keygen,0.0291,0.0,0.0,0.303,1184,2400,1088,0,0,0,0,0.0,0.4362,nan,edge/x86_64,unknown,3.12.3,2026-10-09T18:44:41Z
26,ML-KEM-768,post-quantum,3,encapsulate,0.0287,0.0,0.0,0.303,1184,2400,1088,0,0,0,0,0.0,0.4302,nan,edge/x86_64,unknown,3.12.3,2026-10-09T18:44:41Z
26,ML-KEM-768,post-quantum,3,decapsulate,0.0291,0.0,0.0,0.303,1184,2400,1088,0,0,0,0,0.0,0.4365,nan,edge/x86_64,unknown,3.12.3,2026-10-09T18:44:41Z
27,ML-KEM-768,post-quantum,3,keygen,0.0291,0.0,0.0,0.303,1184,2400,1088,0,0,0,0,0.0,0.4368,nan,edge/x86_64,unknown,3.12.3,2026-10-09T18:44:41Z
27,ML-KEM-768,post-quantum,3,encapsulate,0.0291,0.0,0.0,0.303,1184,2400,1088,0,0,0,0,0.0,0.4372,nan,edge/x86_64,unknown,3.12.3,2026-10-09T18:44:41Z
27,ML-KEM-768,post-quantum,3,decapsulate,0.0497,0.0,0.0,0.303,1184,2400,1088,0,0,0,0,0.0,0.7454,nan,edge/x86_64,unknown,3.12.3,2026-10-09T18:44:41Z
28,ML-KEM-768,post-quantum,3,keygen,0.0356,0.0,0.0,0.303,1184,2400,1088,0,0,0,0,0.0,0.5337,nan,edge/x86_64,unknown,3.12.3,2026-10-09T18:44:41Z
28,ML-KEM-768,post-quantum,3,encapsulate,0.0301,0.0,0.0,0.303,1184,2400,1088,0,0,0,0,0.0,0.4512,nan,edge/x86_64,unknown,3.12.3,2026-10-09T18:44:41Z
28,ML-KEM-768,post-quantum,3,decapsulate,0.0482,0.0,0.0,0.303,1184,2400,1088,0,0,0,0,0.0,0.7228,nan,edge/x86_64,unknown,3.12.3,2026-10-09T18:44:41Z
29,ML-KEM-768,post-quantum,3,keygen,0.0301,0.0,0.0,0.303,1184,2400,1088,0,0,0,0,0.0,0.4521,nan,edge/x86_64,unknown,3.12.3,2026-10-09T18:44:41Z
29,ML-KEM-768,post-quantum,3,encapsulate,0.0305,0.0,0.0,0.303,1184,2400,1088,0,0,0,0,0.0,0.458,nan,edge/x86_64,unknown,3.12.3,2026-10-09T18:44:41Z
29,ML-KEM-768,post-quantum,3,decapsulate,0.0303,0.0,0.0,0.303,1184,2400,1088,0,0,0,0,0.0,0.454,nan,edge/x86_64,unknown,3.12.3,2026-10-09T18:44:41Z
30,ML-KEM-768,post-quantum,3,keygen,0.0297,0.0,0.0,0.303,1184,2400,1088,0,0,0,0,0.0,0.4457,nan,edge/x86_64,unknown,3.12.3,2026-10-09T18:44:41Z
30,ML-KEM-768,post-quantum,3,encapsulate,0.0291,0.0,0.0,0.303,1184,2400,1088,0,0,0,0,0.0,0.4358,nan,edge/x86_64,unknown,3.12.3,2026-10-09T18:44:41Z
30,ML-KEM-768,post-quantum,3,decapsulate,0.0294,0.0,0.0,0.303,1184,2400,1088,0,0,0,0,0.0,0.4417,nan,edge/x86_64,unknown,3.12.3,2026-10-09T18:44:41Z
31,ML-KEM-768,post-quantum,3,keygen,0.0306,0.0,0.0,0.303,1184,2400,1088,0,0,0,0,0.0,0.4586,nan,edge/x86_64,unknown,3.12.3,2026-10-09T18:44:41Z
31,ML-KEM-768,post-quantum,3,encapsulate,0.0295,0.0,0.0,0.303,1184,2400,1088,0,0,0,0,0.0,0.4421,nan,edge/x86_64,unknown,3.12.3,2026-10-09T18:44:41Z
31,ML-KEM-768,post-quantum,3,decapsulate,0.0296,0.0,0.0,0.303,1184,2400,1088,0,0,0,0,0.0,0.4442,nan,edge/x86_64,unknown,3.12.3,2026-10-09T18:44:41Z
32,ML-KEM-768,post-quantum,3,keygen,0.0293,0.0,0.0,0.303,1184,2400,1088,0,0,0,0,0.0,0.4396,nan,edge/x86_64,unknown,3.12.3,2026-10-09T18:44:41Z
32,ML-KEM-768,post-quantum,3,encapsulate,0.0289,0.0,0.0,0.303,1184,2400,1088,0,0,0,0,0.0,0.434,nan,edge/x86_64,unknown,3.12.3,2026-10-09T18:44:41Z
32,ML-KEM-768,post-quantum,3,decapsulate,0.0295,0.0,0.0,0.303,1184,2400,1088,0,0,0,0,0.0,0.4431,nan,edge/x86_64,unknown,3.12.3,2026-10-09T18:44:41Z
33,ML-KEM-768,post-quantum,3,keygen,0.0292,0.0,0.0,0.303,1184,2400,1088,0,0,0,0,0.0,0.4383,nan,edge/x86_64,unknown,3.12.3,2026-10-09T18:44:41Z
33,ML-KEM-768,post-quantum,3,encapsulate,0.0291,0.0,0.0,0.303,1184,2400,1088,0,0,0,0,0.0,0.4362,nan,edge/x86_64,unknown,3.12.3,2026-10-09T18:44:41Z
33,ML-KEM-768,post-quantum,3,decapsulate,0.0533,0.0,0.0,0.303,1184,2400,1088,0,0,0,0,0.0,0.7993,nan,edge/x86_64,unknown,3.12.3,2026-10-09T18:44:41Z
34,ML-KEM-768,post-quantum,3,keygen,0.0366,0.0,0.0,0.303,1184,2400,1088,0,0,0,0,0.0,0.5485,nan,edge/x86_64,unknown,3.12.3,2026-10-09T18:44:41Z
34,ML-KEM-768,post-quantum,3,encapsulate,0.0304,0.0,0.0,0.303,1184,2400,1088,0,0,0,0,0.0,0.4557,nan,edge/x86_64,unknown,3.12.3,2026-10-09T18:44:41Z
34,ML-KEM-768,post-quantum,3,decapsulate,0.0299,0.0,0.0,0.303,1184,2400,1088,0,0,0,0,0.0,0.4489,nan,edge/x86_64,unknown,3.12.3,2026-10-09T18:44:41Z
35,ML-KEM-768,post-quantum,3,keygen,0.0299,0.0,0.0,0.303,1184,2400,1088,0,0,0,0,0.0,0.4481,nan,edge/x86_64,unknown,3.12.3,2026-10-09T18:44:41Z
35,ML-KEM-768,post-quantum,3,encapsulate,0.0315,0.0,0.0,0.303,1184,2400,1088,0,0,0,0,0.0,0.4721,nan,edge/x86_64,unknown,3.12.3,2026-10-09T18:44:41Z
35,ML-KEM-768,post-quantum,3,decapsulate,0.0297,0.0,0.0,0.303,1184,2400,1088,0,0,0,0,0.0,0.4454,nan,edge/x86_64,unknown,3.12.3,2026-10-09T18:44:41Z
36,ML-KEM-768,post-quantum,3,keygen,0.0302,0.0,0.0,0.303,1184,2400,1088,0,0,0,0,0.0,0.4528,nan,edge/x86_64,unknown,3.12.3,2026-10-09T18:44:41Z
36,ML-KEM-768,post-quantum,3,encapsulate,0.0297,0.0,0.0,0.303,1184,2400,1088,0,0,0,0,0.0,0.4451,nan,edge/x86_64,unknown,3.12.3,2026-10-09T18:44:41Z
36,ML-KEM-768,post-quantum,3,decapsulate,0.0297,0.0,0.0,0.303,1184,2400,1088,0,0,0,0,0.0,0.4462,nan,edge/x86_64,unknown,3.12.3,2026-10-09T18:44:41Z
37,ML-KEM-768,post-quantum,3,keygen,0.0294,0.0,0.0,0.303,1184,2400,1088,0,0,0,0,0.0,0.4417,nan,edge/x86_64,unknown,3.12.3,2026-10-09T18:44:41Z
37,ML-KEM-768,post-quantum,3,encapsulate,0.0351,0.0,0.0,0.303,1184,2400,1088,0,0,0,0,0.0,0.5271,nan,edge/x86_64,unknown,3.12.3,2026-10-09T18:44:41Z
37,ML-KEM-768,post-quantum,3,decapsulate,0.0306,0.0,0.0,0.303,1184,2400,1088,0,0,0,0,0.0,0.459,nan,edge/x86_64,unknown,3.12.3,2026-10-09T18:44:41Z
38,ML-KEM-768,post-quantum,3,keygen,0.0306,0.0,0.0,0.303,1184,2400,1088,0,0,0,0,0.0,0.4593,nan,edge/x86_64,unknown,3.12.3,2026-10-09T18:44:41Z
38,ML-KEM-768,post-quantum,3,encapsulate,0.0301,0.0,0.0,0.303,1184,2400,1088,0,0,0,0,0.0,0.452,nan,edge/x86_64,unknown,3.12.3,2026-10-09T18:44:41Z
38,ML-KEM-768,post-quantum,3,decapsulate,0.0324,0.0,0.0,0.303,1184,2400,1088,0,0,0,0,0.0,0.486,nan,edge/x86_64,unknown,3.12.3,2026-10-09T18:44:41Z
39,ML-KEM-768,post-quantum,3,keygen,0.0303,0.0,0.0,0.303,1184,2400,1088,0,0,0,0,0.0,0.4549,nan,edge/x86_64,unknown,3.12.3,2026-10-09T18:44:41Z
39,ML-KEM-768,post-quantum,3,encapsulate,0.0395,0.0,0.0,0.303,1184,2400,1088,0,0,0,0,0.0,0.5919,nan,edge/x86_64,unknown,3.12.3,2026-10-09T18:44:41Z
39,ML-KEM-768,post-quantum,3,decapsulate,0.0298,0.0,0.0,0.303,1184,2400,1088,0,0,0,0,0.0,0.4469,nan,edge/x86_64,unknown,3.12.3,2026-10-09T18:44:41Z
40,ML-KEM-768,post-quantum,3,keygen,0.0299,0.0,0.0,0.303,1184,2400,1088,0,0,0,0,0.0,0.4484,nan,edge/x86_64,unknown,3.12.3,2026-10-09T18:44:41Z
40,ML-KEM-768,post-quantum,3,encapsulate,0.0295,0.0,0.0,0.303,1184,2400,1088,0,0,0,0,0.0,0.4423,nan,edge/x86_64,unknown,3.12.3,2026-10-09T18:44:41Z
40,ML-KEM-768,post-quantum,3,decapsulate,0.0304,0.0,0.0,0.303,1184,2400,1088,0,0,0,0,0.0,0.4555,nan,edge/x86_64,unknown,3.12.3,2026-10-09T18:44:41Z
41,ML-KEM-768,post-quantum,3,keygen,0.0295,0.0,0.0,0.303,1184,2400,1088,0,0,0,0,0.0,0.4424,nan,edge/x86_64,unknown,3.12.3,2026-10-09T18:44:41Z
41,ML-KEM-768,post-quantum,3,encapsulate,0.0337,0.0,0.0,0.303,1184,2400,1088,0,0,0,0,0.0,0.5061,nan,edge/x86_64,unknown,3.12.3,2026-10-09T18:44:41Z
41,ML-KEM-768,post-quantum,3,decapsulate,0.0294,0.0,0.0,0.303,1184,2400,1088,0,0,0,0,0.0,0.4415,nan,edge/x86_64,unknown,3.12.3,2026-10-09T18:44:41Z
42,ML-KEM-768,post-quantum,3,keygen,0.0294,0.0,0.0,0.303,1184,2400,1088,0,0,0,0,0.0,0.4404,nan,edge/x86_64,unknown,3.12.3,2026-10-09T18:44:41Z
42,ML-KEM-768,post-quantum,3,encapsulate,0.0293,0.0,0.0,0.303,1184,2400,1088,0,0,0,0,0.0,0.4399,nan,edge/x86_64,unknown,3.12.3,2026-10-09T18:44:41Z
42,ML-KEM-768,post-quantum,3,decapsulate,0.0294,0.0,0.0,0.303,1184,2400,1088,0,0,0,0,0.0,0.4407,nan,edge/x86_64,unknown,3.12.3,2026-10-09T18:44:41Z
43,ML-KEM-768,post-quantum,3,keygen,0.0302,0.0,0.0,0.303,1184,2400,1088,0,0,0,0,0.0,0.4526,nan,edge/x86_64,unknown,3.12.3,2026-10-09T18:44:41Z
43,ML-KEM-768,post-quantum,3,encapsulate,0.0289,0.0,0.0,0.303,1184,2400,1088,0,0,0,0,0.0,0.4331,nan,edge/x86_64,unknown,3.12.3,2026-10-09T18:44:41Z
43,ML-KEM-768,post-quantum,3,decapsulate,0.0508,0.0,0.0,0.303,1184,2400,1088,0,0,0,0,0.0,0.7613,nan,edge/x86_64,unknown,3.12.3,2026-10-09T18:44:41Z
44,ML-KEM-768,post-quantum,3,keygen,0.0483,0.0,0.0,0.303,1184,2400,1088,0,0,0,0,0.0,0.7249,nan,edge/x86_64,unknown,3.12.3,2026-10-09T18:44:41Z
44,ML-KEM-768,post-quantum,3,encapsulate,0.0419,0.0,0.0,0.303,1184,2400,1088,0,0,0,0,0.0,0.6282,nan,edge/x86_64,unknown,3.12.3,2026-10-09T18:44:41Z
44,ML-KEM-768,post-quantum,3,decapsulate,0.0438,0.0,0.0,0.303,1184,2400,1088,0,0,0,0,0.0,0.6573,nan,edge/x86_64,unknown,3.12.3,2026-10-09T18:44:41Z
45,ML-KEM-768,post-quantum,3,keygen,0.042,0.0,0.0,0.303,1184,2400,1088,0,0,0,0,0.0,0.6303,nan,edge/x86_64,unknown,3.12.3,2026-10-09T18:44:41Z
45,ML-KEM-768,post-quantum,3,encapsulate,0.0394,0.0,0.0,0.303,1184,2400,1088,0,0,0,0,0.0,0.591,nan,edge/x86_64,unknown,3.12.3,2026-10-09T18:44:41Z
45,ML-KEM-768,post-quantum,3,decapsulate,0.0411,0.0,0.0,0.303,1184,2400,1088,0,0,0,0,0.0,0.6159,nan,edge/x86_64,unknown,3.12.3,2026-10-09T18:44:41Z
46,ML-KEM-768,post-quantum,3,keygen,0.0452,0.0,0.0,0.303,1184,2400,1088,0,0,0,0,0.0,0.6786,nan,edge/x86_64,unknown,3.12.3,2026-10-09T18:44:41Z
46,ML-KEM-768,post-quantum,3,encapsulate,0.0495,0.0,0.0,0.303,1184,2400,1088,0,0,0,0,0.0,0.7419,nan,edge/x86_64,unknown,3.12.3,2026-10-09T18:44:41Z
46,ML-KEM-768,post-quantum,3,decapsulate,0.041,0.0,0.0,0.303,1184,2400,1088,0,0,0,0,0.0,0.6157,nan,edge/x86_64,unknown,3.12.3,2026-10-09T18:44:41Z
47,ML-KEM-768,post-quantum,3,keygen,0.0468,0.0,0.0,0.303,1184,2400,1088,0,0,0,0,0.0,0.7027,nan,edge/x86_64,unknown,3.12.3,2026-10-09T18:44:41Z
47,ML-KEM-768,post-quantum,3,encapsulate,0.0458,0.0,0.0,0.303,1184,2400,1088,0,0,0,0,0.0,0.6873,nan,edge/x86_64,unknown,3.12.3,2026-10-09T18:44:41Z
47,ML-KEM-768,post-quantum,3,decapsulate,0.0509,0.0,0.0,0.303,1184,2400,1088,0,0,0,0,0.0,0.7635,nan,edge/x86_64,unknown,3.12.3,2026-10-09T18:44:41Z
48,ML-KEM-768,post-quantum,3,keygen,0.0492,0.0,0.0,0.303,1184,2400,1088,0,0,0,0,0.0,0.7381,nan,edge/x86_64,unknown,3.12.3,2026-10-09T18:44:41Z
48,ML-KEM-768,post-quantum,3,encapsulate,0.0415,0.0,0.0,0.303,1184,2400,1088,0,0,0,0,0.0,0.6226,nan,edge/x86_64,unknown,3.12.3,2026-10-09T18:44:41Z
48,ML-KEM-768,post-quantum,3,decapsulate,0.0416,0.0,0.0,0.303,1184,2400,1088,0,0,0,0,0.0,0.6242,nan,edge/x86_64,unknown,3.12.3,2026-10-09T18:44:41Z
49,ML-KEM-768,post-quantum,3,keygen,0.0507,0.0,0.0,0.303,1184,2400,1088,0,0,0,0,0.0,0.7611,nan,edge/x86_64,unknown,3.12.3,2026-10-09T18:44:41Z
49,ML-KEM-768,post-quantum,3,encapsulate,0.0439,0.0,0.0,0.303,1184,2400,1088,0,0,0,0,0.0,0.6587,nan,edge/x86_64,unknown,3.12.3,2026-10-09T18:44:41Z
49,ML-KEM-768,post-quantum,3,decapsulate,0.0403,0.0,0.0,0.303,1184,2400,1088,0,0,0,0,0.0,0.6041,nan,edge/x86_64,unknown,3.12.3,2026-10-09T18:44:41Z
50,ML-KEM-768,post-quantum,3,keygen,0.0426,0.0,0.0,0.303,1184,2400,1088,0,0,0,0,0.0,0.6386,nan,edge/x86_64,unknown,3.12.3,2026-10-09T18:44:41Z
50,ML-KEM-768,post-quantum,3,encapsulate,0.0563,0.0,0.0,0.303,1184,2400,1088,0,0,0,0,0.0,0.8439,nan,edge/x86_64,unknown,3.12.3,2026-10-09T18:44:41Z
50,ML-KEM-768,post-quantum,3,decapsulate,0.0421,0.0,0.0,0.303,1184,2400,1088,0,0,0,0,0.0,0.6315,nan,edge/x86_64,unknown,3.12.3,2026-10-09T18:44:41Z
51,ML-KEM-768,post-quantum,3,keygen,0.0419,0.0,0.0,0.303,1184,2400,1088,0,0,0,0,0.0,0.6292,nan,edge/x86_64,unknown,3.12.3,2026-10-09T18:44:41Z
51,ML-KEM-768,post-quantum,3,encapsulate,0.0402,0.0,0.0,0.303,1184,2400,1088,0,0,0,0,0.0,0.6036,nan,edge/x86_64,unknown,3.12.3,2026-10-09T18:44:41Z
51,ML-KEM-768,post-quantum,3,decapsulate,0.0414,0.0,0.0,0.303,1184,2400,1088,0,0,0,0,0.0,0.6217,nan,edge/x86_64,unknown,3.12.3,2026-10-09T18:44:41Z
52,ML-KEM-768,post-quantum,3,keygen,0.042,0.0,0.0,0.303,1184,2400,1088,0,0,0,0,0.0,0.6298,nan,edge/x86_64,unknown,3.12.3,2026-10-09T18:44:41Z
52,ML-KEM-768,post-quantum,3,encapsulate,0.0402,0.0,0.0,0.303,1184,2400,1088,0,0,0,0,0.0,0.6029,nan,edge/x86_64,unknown,3.12.3,2026-10-09T18:44:41Z
52,ML-KEM-768,post-quantum,3,decapsulate,0.0303,0.0,0.0,0.303,1184,2400,1088,0,0,0,0,0.0,0.4551,nan,edge/x86_64,unknown,3.12.3,2026-10-09T18:44:41Z
53,ML-KEM-768,post-quantum,3,keygen,0.0303,0.0,0.0,0.303,1184,2400,1088,0,0,0,0,0.0,0.4542,nan,edge/x86_64,unknown,3.12.3,2026-10-09T18:44:41Z
53,ML-KEM-768,post-quantum,3,encapsulate,0.0307,0.0,0.0,0.303,1184,2400,1088,0,0,0,0,0.0,0.4602,nan,edge/x86_64,unknown,3.12.3,2026-10-09T18:44:41Z
53,ML-KEM-768,post-quantum,3,decapsulate,0.0336,0.0,0.0,0.303,1184,2400,1088,0,0,0,0,0.0,0.5039,nan,edge/x86_64,unknown,3.12.3,2026-10-09T18:44:41Z
54,ML-KEM-768,post-quantum,3,keygen,0.0312,0.0,0.0,0.303,1184,2400,1088,0,0,0,0,0.0,0.4686,nan,edge/x86_64,unknown,3.12.3,2026-10-09T18:44:41Z
54,ML-KEM-768,post-quantum,3,encapsulate,0.0306,0.0,0.0,0.303,1184,2400,1088,0,0,0,0,0.0,0.4592,nan,edge/x86_64,unknown,3.12.3,2026-10-09T18:44:41Z
54,ML-KEM-768,post-quantum,3,decapsulate,0.0308,0.0,0.0,0.303,1184,2400,1088,0,0,0,0,0.0,0.4621,nan,edge/x86_64,unknown,3.12.3,2026-10-09T18:44:41Z
55,ML-KEM-768,post-quantum,3,keygen,0.0296,0.0,0.0,0.303,1184,2400,1088,0,0,0,0,0.0,0.4444,nan,edge/x86_64,unknown,3.12.3,2026-10-09T18:44:41Z
55,ML-KEM-768,post-quantum,3,encapsulate,0.0296,0.0,0.0,0.303,1184,2400,1088,0,0,0,0,0.0,0.4442,nan,edge/x86_64,unknown,3.12.3,2026-10-09T18:44:41Z
55,ML-KEM-768,post-quantum,3,decapsulate,0.0299,0.0,0.0,0.303,1184,2400,1088,0,0,0,0,0.0,0.4484,nan,edge/x86_64,unknown,3.12.3,2026-10-09T18:44:41Z
56,ML-KEM-768,post-quantum,3,keygen,0.0293,0.0,0.0,0.303,1184,2400,1088,0,0,0,0,0.0,0.4401,nan,edge/x86_64,unknown,3.12.3,2026-10-09T18:44:41Z
56,ML-KEM-768,post-quantum,3,encapsulate,0.0294,0.0,0.0,0.303,1184,2400,1088,0,0,0,0,0.0,0.4403,nan,edge/x86_64,unknown,3.12.3,2026-10-09T18:44:41Z
56,ML-KEM-768,post-quantum,3,decapsulate,0.0294,0.0,0.0,0.303,1184,2400,1088,0,0,0,0,0.0,0.4409,nan,edge/x86_64,unknown,3.12.3,2026-10-09T18:44:41Z
57,ML-KEM-768,post-quantum,3,keygen,0.0292,0.0,0.0,0.303,1184,2400,1088,0,0,0,0,0.0,0.4387,nan,edge/x86_64,unknown,3.12.3,2026-10-09T18:44:41Z
57,ML-KEM-768,post-quantum,3,encapsulate,0.0295,0.0,0.0,0.303,1184,2400,1088,0,0,0,0,0.0,0.4431,nan,edge/x86_64,unknown,3.12.3,2026-10-09T18:44:41Z
57,ML-KEM-768,post-quantum,3,decapsulate,0.0296,0.0,0.0,0.303,1184,2400,1088,0,0,0,0,0.0,0.4441,nan,edge/x86_64,unknown,3.12.3,2026-10-09T18:44:41Z
58,ML-KEM-768,post-quantum,3,keygen,0.0294,0.0,0.0,0.303,1184,2400,1088,0,0,0,0,0.0,0.4412,nan,edge/x86_64,unknown,3.12.3,2026-10-09T18:44:41Z
58,ML-KEM-768,post-quantum,3,encapsulate,0.0294,0.0,0.0,0.303,1184,2400,1088,0,0,0,0,0.0,0.4411,nan,edge/x86_64,unknown,3.12.3,2026-10-09T18:44:41Z
58,ML-KEM-768,post-quantum,3,decapsulate,0.0297,0.0,0.0,0.303,1184,2400,1088,0,0,0,0,0.0,0.445,nan,edge/x86_64,unknown,3.12.3,2026-10-09T18:44:41Z
59,ML-KEM-768,post-quantum,3,keygen,0.0291,0.0,0.0,0.303,1184,2400,1088,0,0,0,0,0.0,0.4362,nan,edge/x86_64,unknown,3.12.3,2026-10-09T18:44:41Z
59,ML-KEM-768,post-quantum,3,encapsulate,0.031,0.0,0.0,0.303,1184,2400,1088,0,0,0,0,0.0,0.4646,nan,edge/x86_64,unknown,3.12.3,2026-10-09T18:44:41Z
59,ML-KEM-768,post-quantum,3,decapsulate,0.0295,0.0,0.0,0.303,1184,2400,1088,0,0,0,0,0.0,0.442,nan,edge/x86_64,unknown,3.12.3,2026-10-09T18:44:41Z
60,ML-KEM-768,post-quantum,3,keygen,0.0316,0.0,0.0,0.303,1184,2400,1088,0,0,0,0,0.0,0.4747,nan,edge/x86_64,unknown,3.12.3,2026-10-09T18:44:41Z
60,ML-KEM-768,post-quantum,3,encapsulate,0.03,0.0,0.0,0.303,1184,2400,1088,0,0,0,0,0.0,0.4501,nan,edge/x86_64,unknown,3.12.3,2026-10-09T18:44:41Z
60,ML-KEM-768,post-quantum,3,decapsulate,0.0307,0.0,0.0,0.303,1184,2400,1088,0,0,0,0,0.0,0.4612,nan,edge/x86_64,unknown,3.12.3,2026-10-09T18:44:41Z
61,ML-KEM-768,post-quantum,3,keygen,0.0302,0.0,0.0,0.303,1184,2400,1088,0,0,0,0,0.0,0.4527,nan,edge/x86_64,unknown,3.12.3,2026-10-09T18:44:41Z
61,ML-KEM-768,post-quantum,3,encapsulate,0.0295,0.0,0.0,0.303,1184,2400,1088,0,0,0,0,0.0,0.4422,nan,edge/x86_64,unknown,3.12.3,2026-10-09T18:44:41Z
61,ML-KEM-768,post-quantum,3,decapsulate,0.0305,0.0,0.0,0.303,1184,2400,1088,0,0,0,0,0.0,0.4577,nan,edge/x86_64,unknown,3.12.3,2026-10-09T18:44:41Z
62,ML-KEM-768,post-quantum,3,keygen,0.0297,0.0,0.0,0.303,1184,2400,1088,0,0,0,0,0.0,0.4448,nan,edge/x86_64,unknown,3.12.3,2026-10-09T18:44:41Z
62,ML-KEM-768,post-quantum,3,encapsulate,0.0292,0.0,0.0,0.303,1184,2400,1088,0,0,0,0,0.0,0.4386,nan,edge/x86_64,unknown,3.12.3,2026-10-09T18:44:41Z
62,ML-KEM-768,post-quantum,3,decapsulate,0.0293,0.0,0.0,0.303,1184,2400,1088,0,0,0,0,0.0,0.4392,nan,edge/x86_64,unknown,3.12.3,2026-10-09T18:44:41Z
63,ML-KEM-768,post-quantum,3,keygen,0.0293,0.0,0.0,0.303,1184,2400,1088,0,0,0,0,0.0,0.4388,nan,edge/x86_64,unknown,3.12.3,2026-10-09T18:44:41Z
63,ML-KEM-768,post-quantum,3,encapsulate,0.0293,0.0,0.0,0.303,1184,2400,1088,0,0,0,0,0.0,0.4388,nan,edge/x86_64,unknown,3.12.3,2026-10-09T18:44:41Z
63,ML-KEM-768,post-quantum,3,decapsulate,0.0294,0.0,0.0,0.303,1184,2400,1088,0,0,0,0,0.0,0.4407,nan,edge/x86_64,unknown,3.12.3,2026-10-09T18:44:41Z
64,ML-KEM-768,post-quantum,3,keygen,0.0356,0.0,0.0,0.303,1184,2400,1088,0,0,0,0,0.0,0.5333,nan,edge/x86_64,unknown,3.12.3,2026-10-09T18:44:41Z
64,ML-KEM-768,post-quantum,3,encapsulate,0.0312,0.0,0.0,0.303,1184,2400,1088,0,0,0,0,0.0,0.4684,nan,edge/x86_64,unknown,3.12.3,2026-10-09T18:44:41Z
64,ML-KEM-768,post-quantum,3,decapsulate,0.0303,0.0,0.0,0.303,1184,2400,1088,0,0,0,0,0.0,0.4538,nan,edge/x86_64,unknown,3.12.3,2026-10-09T18:44:41Z
65,ML-KEM-768,post-quantum,3,keygen,0.0329,0.0,0.0,0.303,1184,2400,1088,0,0,0,0,0.0,0.493,nan,edge/x86_64,unknown,3.12.3,2026-10-09T18:44:41Z
65,ML-KEM-768,post-quantum,3,encapsulate,0.0317,0.0,0.0,0.303,1184,2400,1088,0,0,0,0,0.0,0.4748,nan,edge/x86_64,unknown,3.12.3,2026-10-09T18:44:41Z
65,ML-KEM-768,post-quantum,3,decapsulate,0.0302,0.0,0.0,0.303,1184,2400,1088,0,0,0,0,0.0,0.4533,nan,edge/x86_64,unknown,3.12.3,2026-10-09T18:44:41Z
66,ML-KEM-768,post-quantum,3,keygen,0.0296,0.0,0.0,0.303,1184,2400,1088,0,0,0,0,0.0,0.4442,nan,edge/x86_64,unknown,3.12.3,2026-10-09T18:44:41Z
66,ML-KEM-768,post-quantum,3,encapsulate,0.0291,0.0,0.0,0.303,1184,2400,1088,0,0,0,0,0.0,0.4367,nan,edge/x86_64,unknown,3.12.3,2026-10-09T18:44:41Z
66,ML-KEM-768,post-quantum,3,decapsulate,0.0295,0.0,0.0,0.303,1184,2400,1088,0,0,0,0,0.0,0.4432,nan,edge/x86_64,unknown,3.12.3,2026-10-09T18:44:41Z
67,ML-KEM-768,post-quantum,3,keygen,0.0302,0.0,0.0,0.303,1184,2400,1088,0,0,0,0,0.0,0.4531,nan,edge/x86_64,unknown,3.12.3,2026-10-09T18:44:41Z
67,ML-KEM-768,post-quantum,3,encapsulate,0.0298,0.0,0.0,0.303,1184,2400,1088,0,0,0,0,0.0,0.4463,nan,edge/x86_64,unknown,3.12.3,2026-10-09T18:44:41Z
67,ML-KEM-768,post-quantum,3,decapsulate,0.034,0.0,0.0,0.303,1184,2400,1088,0,0,0,0,0.0,0.5095,nan,edge/x86_64,unknown,3.12.3,2026-10-09T18:44:41Z
68,ML-KEM-768,post-quantum,3,keygen,0.0296,0.0,0.0,0.303,1184,2400,1088,0,0,0,0,0.0,0.4435,nan,edge/x86_64,unknown,3.12.3,2026-10-09T18:44:41Z
68,ML-KEM-768,post-quantum,3,encapsulate,0.0296,0.0,0.0,0.303,1184,2400,1088,0,0,0,0,0.0,0.4437,nan,edge/x86_64,unknown,3.12.3,2026-10-09T18:44:41Z
68,ML-KEM-768,post-quantum,3,decapsulate,0.0294,0.0,0.0,0.303,1184,2400,1088,0,0,0,0,0.0,0.4403,nan,edge/x86_64,unknown,3.12.3,2026-10-09T18:44:41Z
69,ML-KEM-768,post-quantum,3,keygen,0.0298,0.0,0.0,0.303,1184,2400,1088,0,0,0,0,0.0,0.4465,nan,edge/x86_64,unknown,3.12.3,2026-10-09T18:44:41Z
69,ML-KEM-768,post-quantum,3,encapsulate,0.0295,0.0,0.0,0.303,1184,2400,1088,0,0,0,0,0.0,0.4419,nan,edge/x86_64,unknown,3.12.3,2026-10-09T18:44:41Z
69,ML-KEM-768,post-quantum,3,decapsulate,0.0296,0.0,0.0,0.303,1184,2400,1088,0,0,0,0,0.0,0.4437,nan,edge/x86_64,unknown,3.12.3,2026-10-09T18:44:41Z
70,ML-KEM-768,post-quantum,3,keygen,0.0548,0.0,0.0,0.303,1184,2400,1088,0,0,0,0,0.0,0.8215,nan,edge/x86_64,unknown,3.12.3,2026-10-09T18:44:41Z
70,ML-KEM-768,post-quantum,3,encapsulate,0.0462,0.0,0.0,0.303,1184,2400,1088,0,0,0,0,0.0,0.6932,nan,edge/x86_64,unknown,3.12.3,2026-10-09T18:44:41Z
70,ML-KEM-768,post-quantum,3,decapsulate,0.0312,0.0,0.0,0.303,1184,2400,1088,0,0,0,0,0.0,0.4681,nan,edge/x86_64,unknown,3.12.3,2026-10-09T18:44:41Z
71,ML-KEM-768,post-quantum,3,keygen,0.0305,0.0,0.0,0.303,1184,2400,1088,0,0,0,0,0.0,0.4575,nan,edge/x86_64,unknown,3.12.3,2026-10-09T18:44:41Z
71,ML-KEM-768,post-quantum,3,encapsulate,0.0307,0.0,0.0,0.303,1184,2400,1088,0,0,0,0,0.0,0.46,nan,edge/x86_64,unknown,3.12.3,2026-10-09T18:44:41Z
71,ML-KEM-768,post-quantum,3,decapsulate,0.0303,0.0,0.0,0.303,1184,2400,1088,0,0,0,0,0.0,0.4552,nan,edge/x86_64,unknown,3.12.3,2026-10-09T18:44:41Z
72,ML-KEM-768,post-quantum,3,keygen,0.0295,0.0,0.0,0.303,1184,2400,1088,0,0,0,0,0.0,0.4425,nan,edge/x86_64,unknown,3.12.3,2026-10-09T18:44:41Z
72,ML-KEM-768,post-quantum,3,encapsulate,0.0295,0.0,0.0,0.303,1184,2400,1088,0,0,0,0,0.0,0.4431,nan,edge/x86_64,unknown,3.12.3,2026-10-09T18:44:41Z
72,ML-KEM-768,post-quantum,3,decapsulate,0.0297,0.0,0.0,0.303,1184,2400,1088,0,0,0,0,0.0,0.4459,nan,edge/x86_64,unknown,3.12.3,2026-10-09T18:44:41Z
73,ML-KEM-768,post-quantum,3,keygen,0.0301,0.0,0.0,0.303,1184,2400,1088,0,0,0,0,0.0,0.4516,nan,edge/x86_64,unknown,3.12.3,2026-10-09T18:44:41Z
73,ML-KEM-768,post-quantum,3,encapsulate,0.036,0.0,0.0,0.303,1184,2400,1088,0,0,0,0,0.0,0.5404,nan,edge/x86_64,unknown,3.12.3,2026-10-09T18:44:41Z
73,ML-KEM-768,post-quantum,3,decapsulate,0.0297,0.0,0.0,0.303,1184,2400,1088,0,0,0,0,0.0,0.4449,nan,edge/x86_64,unknown,3.12.3,2026-10-09T18:44:41Z
74,ML-KEM-768,post-quantum,3,keygen,0.0349,0.0,0.0,0.303,1184,2400,1088,0,0,0,0,0.0,0.5242,nan,edge/x86_64,unknown,3.12.3,2026-10-09T18:44:41Z
74,ML-KEM-768,post-quantum,3,encapsulate,0.0306,0.0,0.0,0.303,1184,2400,1088,0,0,0,0,0.0,0.4592,nan,edge/x86_64,unknown,3.12.3,2026-10-09T18:44:41Z
74,ML-KEM-768,post-quantum,3,decapsulate,0.0439,0.0,0.0,0.303,1184,2400,1088,0,0,0,0,0.0,0.6592,nan,edge/x86_64,unknown,3.12.3,2026-10-09T18:44:41Z
75,ML-KEM-768,post-quantum,3,keygen,0.0317,0.0,0.0,0.303,1184,2400,1088,0,0,0,0,0.0,0.4757,nan,edge/x86_64,unknown,3.12.3,2026-10-09T18:44:41Z
75,ML-KEM-768,post-quantum,3,encapsulate,0.0301,0.0,0.0,0.303,1184,2400,1088,0,0,0,0,0.0,0.4514,nan,edge/x86_64,unknown,3.12.3,2026-10-09T18:44:41Z
75,ML-KEM-768,post-quantum,3,decapsulate,0.0296,0.0,0.0,0.303,1184,2400,1088,0,0,0,0,0.0,0.4442,nan,edge/x86_64,unknown,3.12.3,2026-10-09T18:44:41Z
76,ML-KEM-768,post-quantum,3,keygen,0.0295,0.0,0.0,0.303,1184,2400,1088,0,0,0,0,0.0,0.4421,nan,edge/x86_64,unknown,3.12.3,2026-10-09T18:44:41Z
76,ML-KEM-768,post-quantum,3,encapsulate,0.0296,0.0,0.0,0.303,1184,2400,1088,0,0,0,0,0.0,0.4438,nan,edge/x86_64,unknown,3.12.3,2026-10-09T18:44:41Z
76,ML-KEM-768,post-quantum,3,decapsulate,0.0297,0.0,0.0,0.303,1184,2400,1088,0,0,0,0,0.0,0.4455,nan,edge/x86_64,unknown,3.12.3,2026-10-09T18:44:41Z
77,ML-KEM-768,post-quantum,3,keygen,0.0296,0.0,0.0,0.303,1184,2400,1088,0,0,0,0,0.0,0.4439,nan,edge/x86_64,unknown,3.12.3,2026-10-09T18:44:41Z
77,ML-KEM-768,post-quantum,3,encapsulate,0.0313,0.0,0.0,0.303,1184,2400,1088,0,0,0,0,0.0,0.47,nan,edge/x86_64,unknown,3.12.3,2026-10-09T18:44:41Z
77,ML-KEM-768,post-quantum,3,decapsulate,0.0301,0.0,0.0,0.303,1184,2400,1088,0,0,0,0,0.0,0.4512,nan,edge/x86_64,unknown,3.12.3,2026-10-09T18:44:41Z
78,ML-KEM-768,post-quantum,3,keygen,0.0293,0.0,0.0,0.303,1184,2400,1088,0,0,0,0,0.0,0.4392,nan,edge/x86_64,unknown,3.12.3,2026-10-09T18:44:41Z
78,ML-KEM-768,post-quantum,3,encapsulate,0.0296,0.0,0.0,0.303,1184,2400,1088,0,0,0,0,0.0,0.4435,nan,edge/x86_64,unknown,3.12.3,2026-10-09T18:44:41Z
78,ML-KEM-768,post-quantum,3,decapsulate,0.0294,0.0,0.0,0.303,1184,2400,1088,0,0,0,0,0.0,0.4409,nan,edge/x86_64,unknown,3.12.3,2026-10-09T18:44:41Z
79,ML-KEM-768,post-quantum,3,keygen,0.0295,0.0,0.0,0.303,1184,2400,1088,0,0,0,0,0.0,0.4422,nan,edge/x86_64,unknown,3.12.3,2026-10-09T18:44:41Z
79,ML-KEM-768,post-quantum,3,encapsulate,0.0296,0.0,0.0,0.303,1184,2400,1088,0,0,0,0,0.0,0.4437,nan,edge/x86_64,unknown,3.12.3,2026-10-09T18:44:41Z
79,ML-KEM-768,post-quantum,3,decapsulate,0.0344,0.0,0.0,0.303,1184,2400,1088,0,0,0,0,0.0,0.5167,nan,edge/x86_64,unknown,3.12.3,2026-10-09T18:44:41Z
80,ML-KEM-768,post-quantum,3,keygen,0.0437,0.0,0.0,0.303,1184,2400,1088,0,0,0,0,0.0,0.6549,nan,edge/x86_64,unknown,3.12.3,2026-10-09T18:44:41Z
80,ML-KEM-768,post-quantum,3,encapsulate,0.0303,0.0,0.0,0.303,1184,2400,1088,0,0,0,0,0.0,0.4548,nan,edge/x86_64,unknown,3.12.3,2026-10-09T18:44:41Z
80,ML-KEM-768,post-quantum,3,decapsulate,0.0295,0.0,0.0,0.303,1184,2400,1088,0,0,0,0,0.0,0.4418,nan,edge/x86_64,unknown,3.12.3,2026-10-09T18:44:41Z
81,ML-KEM-768,post-quantum,3,keygen,0.0291,0.0,0.0,0.303,1184,2400,1088,0,0,0,0,0.0,0.4371,nan,edge/x86_64,unknown,3.12.3,2026-10-09T18:44:41Z
81,ML-KEM-768,post-quantum,3,encapsulate,0.0292,0.0,0.0,0.303,1184,2400,1088,0,0,0,0,0.0,0.4374,nan,edge/x86_64,unknown,3.12.3,2026-10-09T18:44:41Z
81,ML-KEM-768,post-quantum,3,decapsulate,0.0305,0.0,0.0,0.303,1184,2400,1088,0,0,0,0,0.0,0.4574,nan,edge/x86_64,unknown,3.12.3,2026-10-09T18:44:41Z
82,ML-KEM-768,post-quantum,3,keygen,0.03,0.0,0.0,0.303,1184,2400,1088,0,0,0,0,0.0,0.4504,nan,edge/x86_64,unknown,3.12.3,2026-10-09T18:44:41Z
82,ML-KEM-768,post-quantum,3,encapsulate,0.0298,0.0,0.0,0.303,1184,2400,1088,0,0,0,0,0.0,0.4467,nan,edge/x86_64,unknown,3.12.3,2026-10-09T18:44:41Z
82,ML-KEM-768,post-quantum,3,decapsulate,0.03,0.0,0.0,0.303,1184,2400,1088,0,0,0,0,0.0,0.4501,nan,edge/x86_64,unknown,3.12.3,2026-10-09T18:44:41Z
83,ML-KEM-768,post-quantum,3,keygen,0.0293,0.0,0.0,0.303,1184,2400,1088,0,0,0,0,0.0,0.4394,nan,edge/x86_64,unknown,3.12.3,2026-10-09T18:44:41Z
83,ML-KEM-768,post-quantum,3,encapsulate,0.0307,0.0,0.0,0.303,1184,2400,1088,0,0,0,0,0.0,0.4608,nan,edge/x86_64,unknown,3.12.3,2026-10-09T18:44:41Z
83,ML-KEM-768,post-quantum,3,decapsulate,0.0298,0.0,0.0,0.303,1184,2400,1088,0,0,0,0,0.0,0.4463,nan,edge/x86_64,unknown,3.12.3,2026-10-09T18:44:41Z
84,ML-KEM-768,post-quantum,3,keygen,0.0294,0.0,0.0,0.303,1184,2400,1088,0,0,0,0,0.0,0.4416,nan,edge/x86_64,unknown,3.12.3,2026-10-09T18:44:41Z
84,ML-KEM-768,post-quantum,3,encapsulate,0.0351,0.0,0.0,0.303,1184,2400,1088,0,0,0,0,0.0,0.526,nan,edge/x86_64,unknown,3.12.3,2026-10-09T18:44:41Z
84,ML-KEM-768,post-quantum,3,decapsulate,0.0304,0.0,0.0,0.303,1184,2400,1088,0,0,0,0,0.0,0.4564,nan,edge/x86_64,unknown,3.12.3,2026-10-09T18:44:41Z
85,ML-KEM-768,post-quantum,3,keygen,0.0443,0.0,0.0,0.303,1184,2400,1088,0,0,0,0,0.0,0.6644,nan,edge/x86_64,unknown,3.12.3,2026-10-09T18:44:41Z
85,ML-KEM-768,post-quantum,3,encapsulate,0.0301,0.0,0.0,0.303,1184,2400,1088,0,0,0,0,0.0,0.452,nan,edge/x86_64,unknown,3.12.3,2026-10-09T18:44:41Z
85,ML-KEM-768,post-quantum,3,decapsulate,0.0301,0.0,0.0,0.303,1184,2400,1088,0,0,0,0,0.0,0.4508,nan,edge/x86_64,unknown,3.12.3,2026-10-09T18:44:41Z
86,ML-KEM-768,post-quantum,3,keygen,0.0311,0.0,0.0,0.303,1184,2400,1088,0,0,0,0,0.0,0.4669,nan,edge/x86_64,unknown,3.12.3,2026-10-09T18:44:41Z
86,ML-KEM-768,post-quantum,3,encapsulate,0.0318,0.0,0.0,0.303,1184,2400,1088,0,0,0,0,0.0,0.477,nan,edge/x86_64,unknown,3.12.3,2026-10-09T18:44:41Z
86,ML-KEM-768,post-quantum,3,decapsulate,0.0303,0.0,0.0,0.303,1184,2400,1088,0,0,0,0,0.0,0.4551,nan,edge/x86_64,unknown,3.12.3,2026-10-09T18:44:41Z
87,ML-KEM-768,post-quantum,3,keygen,0.03,0.0,0.0,0.303,1184,2400,1088,0,0,0,0,0.0,0.4496,nan,edge/x86_64,unknown,3.12.3,2026-10-09T18:44:41Z
87,ML-KEM-768,post-quantum,3,encapsulate,0.0296,0.0,0.0,0.303,1184,2400,1088,0,0,0,0,0.0,0.4443,nan,edge/x86_64,unknown,3.12.3,2026-10-09T18:44:41Z
87,ML-KEM-768,post-quantum,3,decapsulate,0.0296,0.0,0.0,0.303,1184,2400,1088,0,0,0,0,0.0,0.4443,nan,edge/x86_64,unknown,3.12.3,2026-10-09T18:44:41Z
88,ML-KEM-768,post-quantum,3,keygen,0.0297,0.0,0.0,0.303,1184,2400,1088,0,0,0,0,0.0,0.446,nan,edge/x86_64,unknown,3.12.3,2026-10-09T18:44:41Z
88,ML-KEM-768,post-quantum,3,encapsulate,0.0297,0.0,0.0,0.303,1184,2400,1088,0,0,0,0,0.0,0.4448,nan,edge/x86_64,unknown,3.12.3,2026-10-09T18:44:41Z
88,ML-KEM-768,post-quantum,3,decapsulate,0.03,0.0,0.0,0.303,1184,2400,1088,0,0,0,0,0.0,0.45,nan,edge/x86_64,unknown,3.12.3,2026-10-09T18:44:41Z
89,ML-KEM-768,post-quantum,3,keygen,0.0295,0.0,0.0,0.303,1184,2400,1088,0,0,0,0,0.0,0.4423,nan,edge/x86_64,unknown,3.12.3,2026-10-09T18:44:41Z
89,ML-KEM-768,post-quantum,3,encapsulate,0.0314,0.0,0.0,0.303,1184,2400,1088,0,0,0,0,0.0,0.4707,nan,edge/x86_64,unknown,3.12.3,2026-10-09T18:44:41Z
89,ML-KEM-768,post-quantum,3,decapsulate,0.0298,0.0,0.0,0.303,1184,2400,1088,0,0,0,0,0.0,0.4464,nan,edge/x86_64,unknown,3.12.3,2026-10-09T18:44:41Z
90,ML-KEM-768,post-quantum,3,keygen,0.0295,0.0,0.0,0.303,1184,2400,1088,0,0,0,0,0.0,0.4419,nan,edge/x86_64,unknown,3.12.3,2026-10-09T18:44:41Z
90,ML-KEM-768,post-quantum,3,encapsulate,0.0309,0.0,0.0,0.303,1184,2400,1088,0,0,0,0,0.0,0.4636,nan,edge/x86_64,unknown,3.12.3,2026-10-09T18:44:41Z
90,ML-KEM-768,post-quantum,3,decapsulate,0.0294,0.0,0.0,0.303,1184,2400,1088,0,0,0,0,0.0,0.4413,nan,edge/x86_64,unknown,3.12.3,2026-10-09T18:44:41Z
91,ML-KEM-768,post-quantum,3,keygen,0.0292,0.0,0.0,0.303,1184,2400,1088,0,0,0,0,0.0,0.4383,nan,edge/x86_64,unknown,3.12.3,2026-10-09T18:44:41Z
91,ML-KEM-768,post-quantum,3,encapsulate,0.0293,0.0,0.0,0.303,1184,2400,1088,0,0,0,0,0.0,0.4391,nan,edge/x86_64,unknown,3.12.3,2026-10-09T18:44:41Z
91,ML-KEM-768,post-quantum,3,decapsulate,0.0294,0.0,0.0,0.303,1184,2400,1088,0,0,0,0,0.0,0.4416,nan,edge/x86_64,unknown,3.12.3,2026-10-09T18:44:41Z
92,ML-KEM-768,post-quantum,3,keygen,0.0292,0.0,0.0,0.303,1184,2400,1088,0,0,0,0,0.0,0.4376,nan,edge/x86_64,unknown,3.12.3,2026-10-09T18:44:41Z
92,ML-KEM-768,post-quantum,3,encapsulate,0.0343,0.0,0.0,0.303,1184,2400,1088,0,0,0,0,0.0,0.5151,nan,edge/x86_64,unknown,3.12.3,2026-10-09T18:44:41Z
92,ML-KEM-768,post-quantum,3,decapsulate,0.0301,0.0,0.0,0.303,1184,2400,1088,0,0,0,0,0.0,0.4522,nan,edge/x86_64,unknown,3.12.3,2026-10-09T18:44:41Z
93,ML-KEM-768,post-quantum,3,keygen,0.0296,0.0,0.0,0.303,1184,2400,1088,0,0,0,0,0.0,0.444,nan,edge/x86_64,unknown,3.12.3,2026-10-09T18:44:41Z
93,ML-KEM-768,post-quantum,3,encapsulate,0.029,0.0,0.0,0.303,1184,2400,1088,0,0,0,0,0.0,0.4347,nan,edge/x86_64,unknown,3.12.3,2026-10-09T18:44:41Z
93,ML-KEM-768,post-quantum,3,decapsulate,0.0299,0.0,0.0,0.303,1184,2400,1088,0,0,0,0,0.0,0.4489,nan,edge/x86_64,unknown,3.12.3,2026-10-09T18:44:41Z
94,ML-KEM-768,post-quantum,3,keygen,0.0294,0.0,0.0,0.303,1184,2400,1088,0,0,0,0,0.0,0.4404,nan,edge/x86_64,unknown,3.12.3,2026-10-09T18:44:41Z
94,ML-KEM-768,post-quantum,3,encapsulate,0.0294,0.0,0.0,0.303,1184,2400,1088,0,0,0,0,0.0,0.4414,nan,edge/x86_64,unknown,3.12.3,2026-10-09T18:44:41Z
94,ML-KEM-768,post-quantum,3,decapsulate,0.0338,0.0,0.0,0.303,1184,2400,1088,0,0,0,0,0.0,0.5063,nan,edge/x86_64,unknown,3.12.3,2026-10-09T18:44:41Z
95,ML-KEM-768,post-quantum,3,keygen,0.0317,0.0,0.0,0.303,1184,2400,1088,0,0,0,0,0.0,0.4757,nan,edge/x86_64,unknown,3.12.3,2026-10-09T18:44:41Z
95,ML-KEM-768,post-quantum,3,encapsulate,0.0349,0.0,0.0,0.303,1184,2400,1088,0,0,0,0,0.0,0.5232,nan,edge/x86_64,unknown,3.12.3,2026-10-09T18:44:41Z
95,ML-KEM-768,post-quantum,3,decapsulate,0.0296,0.0,0.0,0.303,1184,2400,1088,0,0,0,0,0.0,0.4446,nan,edge/x86_64,unknown,3.12.3,2026-10-09T18:44:41Z
96,ML-KEM-768,post-quantum,3,keygen,0.0297,0.0,0.0,0.303,1184,2400,1088,0,0,0,0,0.0,0.4461,nan,edge/x86_64,unknown,3.12.3,2026-10-09T18:44:41Z
96,ML-KEM-768,post-quantum,3,encapsulate,0.0345,0.0,0.0,0.303,1184,2400,1088,0,0,0,0,0.0,0.5181,nan,edge/x86_64,unknown,3.12.3,2026-10-09T18:44:41Z
96,ML-KEM-768,post-quantum,3,decapsulate,0.0297,0.0,0.0,0.303,1184,2400,1088,0,0,0,0,0.0,0.4449,nan,edge/x86_64,unknown,3.12.3,2026-10-09T18:44:41Z
97,ML-KEM-768,post-quantum,3,keygen,0.0303,0.0,0.0,0.303,1184,2400,1088,0,0,0,0,0.0,0.4541,nan,edge/x86_64,unknown,3.12.3,2026-10-09T18:44:41Z
97,ML-KEM-768,post-quantum,3,encapsulate,0.0299,0.0,0.0,0.303,1184,2400,1088,0,0,0,0,0.0,0.4485,nan,edge/x86_64,unknown,3.12.3,2026-10-09T18:44:41Z
97,ML-KEM-768,post-quantum,3,decapsulate,0.0303,0.0,0.0,0.303,1184,2400,1088,0,0,0,0,0.0,0.4541,nan,edge/x86_64,unknown,3.12.3,2026-10-09T18:44:41Z
98,ML-KEM-768,post-quantum,3,keygen,0.0295,0.0,0.0,0.303,1184,2400,1088,0,0,0,0,0.0,0.4431,nan,edge/x86_64,unknown,3.12.3,2026-10-09T18:44:41Z
98,ML-KEM-768,post-quantum,3,encapsulate,0.0291,0.0,0.0,0.303,1184,2400,1088,0,0,0,0,0.0,0.436,nan,edge/x86_64,unknown,3.12.3,2026-10-09T18:44:41Z
98,ML-KEM-768,post-quantum,3,decapsulate,0.0339,0.0,0.0,0.303,1184,2400,1088,0,0,0,0,0.0,0.5086,nan,edge/x86_64,unknown,3.12.3,2026-10-09T18:44:41Z
99,ML-KEM-768,post-quantum,3,keygen,0.0305,0.0,0.0,0.303,1184,2400,1088,0,0,0,0,0.0,0.4573,nan,edge/x86_64,unknown,3.12.3,2026-10-09T18:44:41Z
99,ML-KEM-768,post-quantum,3,encapsulate,0.029,0.0,0.0,0.303,1184,2400,1088,0,0,0,0,0.0,0.4345,nan,edge/x86_64,unknown,3.12.3,2026-10-09T18:44:41Z
99,ML-KEM-768,post-quantum,3,decapsulate,0.0292,0.0,0.0,0.303,1184,2400,1088,0,0,0,0,0.0,0.4382,nan,edge/x86_64,unknown,3.12.3,2026-10-09T18:44:41Z
100,ML-KEM-768,post-quantum,3,keygen,0.0291,0.0,0.0,0.303,1184,2400,1088,0,0,0,0,0.0,0.4362,nan,edge/x86_64,unknown,3.12.3,2026-10-09T18:44:41Z
100,ML-KEM-768,post-quantum,3,encapsulate,0.0296,0.0,0.0,0.303,1184,2400,1088,0,0,0,0,0.0,0.444,nan,edge/x86_64,unknown,3.12.3,2026-10-09T18:44:41Z
100,ML-KEM-768,post-quantum,3,decapsulate,0.0841,0.0,0.0,0.303,1184,2400,1088,0,0,0,0,0.0,1.2609,nan,edge/x86_64,unknown,3.12.3,2026-10-09T18:44:41Z
101,ML-KEM-768,post-quantum,3,keygen,0.0327,0.0,0.0,0.303,1184,2400,1088,0,0,0,0,0.0,0.4909,nan,edge/x86_64,unknown,3.12.3,2026-10-09T18:44:41Z
101,ML-KEM-768,post-quantum,3,encapsulate,0.032,0.0,0.0,0.303,1184,2400,1088,0,0,0,0,0.0,0.4804,nan,edge/x86_64,unknown,3.12.3,2026-10-09T18:44:41Z
101,ML-KEM-768,post-quantum,3,decapsulate,0.0299,0.0,0.0,0.303,1184,2400,1088,0,0,0,0,0.0,0.4486,nan,edge/x86_64,unknown,3.12.3,2026-10-09T18:44:41Z
102,ML-KEM-768,post-quantum,3,keygen,0.03,0.0,0.0,0.303,1184,2400,1088,0,0,0,0,0.0,0.4501,nan,edge/x86_64,unknown,3.12.3,2026-10-09T18:44:41Z
102,ML-KEM-768,post-quantum,3,encapsulate,0.0293,0.0,0.0,0.303,1184,2400,1088,0,0,0,0,0.0,0.4402,nan,edge/x86_64,unknown,3.12.3,2026-10-09T18:44:41Z
102,ML-KEM-768,post-quantum,3,decapsulate,0.0298,0.0,0.0,0.303,1184,2400,1088,0,0,0,0,0.0,0.4466,nan,edge/x86_64,unknown,3.12.3,2026-10-09T18:44:41Z
103,ML-KEM-768,post-quantum,3,keygen,0.0297,0.0,0.0,0.303,1184,2400,1088,0,0,0,0,0.0,0.446,nan,edge/x86_64,unknown,3.12.3,2026-10-09T18:44:41Z
103,ML-KEM-768,post-quantum,3,encapsulate,0.0298,0.0,0.0,0.303,1184,2400,1088,0,0,0,0,0.0,0.4472,nan,edge/x86_64,unknown,3.12.3,2026-10-09T18:44:41Z
103,ML-KEM-768,post-quantum,3,decapsulate,0.0295,0.0,0.0,0.303,1184,2400,1088,0,0,0,0,0.0,0.4424,nan,edge/x86_64,unknown,3.12.3,2026-10-09T18:44:41Z
104,ML-KEM-768,post-quantum,3,keygen,0.0294,0.0,0.0,0.303,1184,2400,1088,0,0,0,0,0.0,0.4413,nan,edge/x86_64,unknown,3.12.3,2026-10-09T18:44:41Z
104,ML-KEM-768,post-quantum,3,encapsulate,0.0577,0.0,0.0,0.303,1184,2400,1088,0,0,0,0,0.0,0.8657,nan,edge/x86_64,unknown,3.12.3,2026-10-09T18:44:41Z
104,ML-KEM-768,post-quantum,3,decapsulate,0.0313,0.0,0.0,0.303,1184,2400,1088,0,0,0,0,0.0,0.4688,nan,edge/x86_64,unknown,3.12.3,2026-10-09T18:44:41Z
105,ML-KEM-768,post-quantum,3,keygen,0.046,0.0,0.0,0.303,1184,2400,1088,0,0,0,0,0.0,0.6907,nan,edge/x86_64,unknown,3.12.3,2026-10-09T18:44:41Z
105,ML-KEM-768,post-quantum,3,encapsulate,0.0318,0.0,0.0,0.303,1184,2400,1088,0,0,0,0,0.0,0.4766,nan,edge/x86_64,unknown,3.12.3,2026-10-09T18:44:41Z
105,ML-KEM-768,post-quantum,3,decapsulate,0.0304,0.0,0.0,0.303,1184,2400,1088,0,0,0,0,0.0,0.4563,nan,edge/x86_64,unknown,3.12.3,2026-10-09T18:44:41Z
106,ML-KEM-768,post-quantum,3,keygen,0.0298,0.0,0.0,0.303,1184,2400,1088,0,0,0,0,0.0,0.4466,nan,edge/x86_64,unknown,3.12.3,2026-10-09T18:44:41Z
106,ML-KEM-768,post-quantum,3,encapsulate,0.0299,0.0,0.0,0.303,1184,2400,1088,0,0,0,0,0.0,0.4478,nan,edge/x86_64,unknown,3.12.3,2026-10-09T18:44:41Z
106,ML-KEM-768,post-quantum,3,decapsulate,0.0296,0.0,0.0,0.303,1184,2400,1088,0,0,0,0,0.0,0.4441,nan,edge/x86_64,unknown,3.12.3,2026-10-09T18:44:41Z
107,ML-KEM-768,post-quantum,3,keygen,0.0347,0.0,0.0,0.303,1184,2400,1088,0,0,0,0,0.0,0.52,nan,edge/x86_64,unknown,3.12.3,2026-10-09T18:44:41Z
107,ML-KEM-768,post-quantum,3,encapsulate,0.0305,0.0,0.0,0.303,1184,2400,1088,0,0,0,0,0.0,0.4571,nan,edge/x86_64,unknown,3.12.3,2026-10-09T18:44:41Z
107,ML-KEM-768,post-quantum,3,decapsulate,0.0297,0.0,0.0,0.303,1184,2400,1088,0,0,0,0,0.0,0.4461,nan,edge/x86_64,unknown,3.12.3,2026-10-09T18:44:41Z
108,ML-KEM-768,post-quantum,3,keygen,0.0293,0.0,0.0,0.303,1184,2400,1088,0,0,0,0,0.0,0.4394,nan,edge/x86_64,unknown,3.12.3,2026-10-09T18:44:41Z
108,ML-KEM-768,post-quantum,3,encapsulate,0.0291,0.0,0.0,0.303,1184,2400,1088,0,0,0,0,0.0,0.437,nan,edge/x86_64,unknown,3.12.3,2026-10-09T18:44:41Z
108,ML-KEM-768,post-quantum,3,decapsulate,0.0299,0.0,0.0,0.303,1184,2400,1088,0,0,0,0,0.0,0.4488,nan,edge/x86_64,unknown,3.12.3,2026-10-09T18:44:41Z
109,ML-KEM-768,post-quantum,3,keygen,0.0299,0.0,0.0,0.303,1184,2400,1088,0,0,0,0,0.0,0.4488,nan,edge/x86_64,unknown,3.12.3,2026-10-09T18:44:41Z
109,ML-KEM-768,post-quantum,3,encapsulate,0.0297,0.0,0.0,0.303,1184,2400,1088,0,0,0,0,0.0,0.4461,nan,edge/x86_64,unknown,3.12.3,2026-10-09T18:44:41Z
109,ML-KEM-768,post-quantum,3,decapsulate,0.0308,0.0,0.0,0.303,1184,2400,1088,0,0,0,0,0.0,0.4621,nan,edge/x86_64,unknown,3.12.3,2026-10-09T18:44:41Z
110,ML-KEM-768,post-quantum,3,keygen,0.0297,0.0,0.0,0.303,1184,2400,1088,0,0,0,0,0.0,0.445,nan,edge/x86_64,unknown,3.12.3,2026-10-09T18:44:41Z
110,ML-KEM-768,post-quantum,3,encapsulate,0.0314,0.0,0.0,0.303,1184,2400,1088,0,0,0,0,0.0,0.4707,nan,edge/x86_64,unknown,3.12.3,2026-10-09T18:44:41Z
110,ML-KEM-768,post-quantum,3,decapsulate,0.0301,0.0,0.0,0.303,1184,2400,1088,0,0,0,0,0.0,0.4512,nan,edge/x86_64,unknown,3.12.3,2026-10-09T18:44:41Z
111,ML-KEM-768,post-quantum,3,keygen,0.0302,0.0,0.0,0.303,1184,2400,1088,0,0,0,0,0.0,0.4528,nan,edge/x86_64,unknown,3.12.3,2026-10-09T18:44:41Z
111,ML-KEM-768,post-quantum,3,encapsulate,0.029,0.0,0.0,0.303,1184,2400,1088,0,0,0,0,0.0,0.4356,nan,edge/x86_64,unknown,3.12.3,2026-10-09T18:44:41Z
111,ML-KEM-768,post-quantum,3,decapsulate,0.031,0.0,0.0,0.303,1184,2400,1088,0,0,0,0,0.0,0.4653,nan,edge/x86_64,unknown,3.12.3,2026-10-09T18:44:41Z
112,ML-KEM-768,post-quantum,3,keygen,0.03,0.0,0.0,0.303,1184,2400,1088,0,0,0,0,0.0,0.4503,nan,edge/x86_64,unknown,3.12.3,2026-10-09T18:44:41Z
112,ML-KEM-768,post-quantum,3,encapsulate,0.0297,0.0,0.0,0.303,1184,2400,1088,0,0,0,0,0.0,0.4452,nan,edge/x86_64,unknown,3.12.3,2026-10-09T18:44:41Z
112,ML-KEM-768,post-quantum,3,decapsulate,0.0295,0.0,0.0,0.303,1184,2400,1088,0,0,0,0,0.0,0.4426,nan,edge/x86_64,unknown,3.12.3,2026-10-09T18:44:41Z
113,ML-KEM-768,post-quantum,3,keygen,0.03,0.0,0.0,0.303,1184,2400,1088,0,0,0,0,0.0,0.4493,nan,edge/x86_64,unknown,3.12.3,2026-10-09T18:44:41Z
113,ML-KEM-768,post-quantum,3,encapsulate,0.03,0.0,0.0,0.303,1184,2400,1088,0,0,0,0,0.0,0.4505,nan,edge/x86_64,unknown,3.12.3,2026-10-09T18:44:41Z
113,ML-KEM-768,post-quantum,3,decapsulate,0.0302,0.0,0.0,0.303,1184,2400,1088,0,0,0,0,0.0,0.4537,nan,edge/x86_64,unknown,3.12.3,2026-10-09T18:44:41Z
114,ML-KEM-768,post-quantum,3,keygen,0.0292,0.0,0.0,0.303,1184,2400,1088,0,0,0,0,0.0,0.4379,nan,edge/x86_64,unknown,3.12.3,2026-10-09T18:44:41Z
114,ML-KEM-768,post-quantum,3,encapsulate,0.0288,0.0,0.0,0.303,1184,2400,1088,0,0,0,0,0.0,0.4316,nan,edge/x86_64,unknown,3.12.3,2026-10-09T18:44:41Z
114,ML-KEM-768,post-quantum,3,decapsulate,0.0347,0.0,0.0,0.303,1184,2400,1088,0,0,0,0,0.0,0.5209,nan,edge/x86_64,unknown,3.12.3,2026-10-09T18:44:41Z
115,ML-KEM-768,post-quantum,3,keygen,0.0316,0.0,0.0,0.303,1184,2400,1088,0,0,0,0,0.0,0.4735,nan,edge/x86_64,unknown,3.12.3,2026-10-09T18:44:41Z
115,ML-KEM-768,post-quantum,3,encapsulate,0.0458,0.0,0.0,0.303,1184,2400,1088,0,0,0,0,0.0,0.6863,nan,edge/x86_64,unknown,3.12.3,2026-10-09T18:44:41Z
115,ML-KEM-768,post-quantum,3,decapsulate,0.0298,0.0,0.0,0.303,1184,2400,1088,0,0,0,0,0.0,0.4465,nan,edge/x86_64,unknown,3.12.3,2026-10-09T18:44:41Z
116,ML-KEM-768,post-quantum,3,keygen,0.0303,0.0,0.0,0.303,1184,2400,1088,0,0,0,0,0.0,0.454,nan,edge/x86_64,unknown,3.12.3,2026-10-09T18:44:41Z
116,ML-KEM-768,post-quantum,3,encapsulate,0.0303,0.0,0.0,0.303,1184,2400,1088,0,0,0,0,0.0,0.4544,nan,edge/x86_64,unknown,3.12.3,2026-10-09T18:44:41Z
116,ML-KEM-768,post-quantum,3,decapsulate,0.0296,0.0,0.0,0.303,1184,2400,1088,0,0,0,0,0.0,0.4443,nan,edge/x86_64,unknown,3.12.3,2026-10-09T18:44:41Z
117,ML-KEM-768,post-quantum,3,keygen,0.0292,0.0,0.0,0.303,1184,2400,1088,0,0,0,0,0.0,0.4386,nan,edge/x86_64,unknown,3.12.3,2026-10-09T18:44:41Z
117,ML-KEM-768,post-quantum,3,encapsulate,0.03,0.0,0.0,0.303,1184,2400,1088,0,0,0,0,0.0,0.4494,nan,edge/x86_64,unknown,3.12.3,2026-10-09T18:44:41Z
117,ML-KEM-768,post-quantum,3,decapsulate,0.0295,0.0,0.0,0.303,1184,2400,1088,0,0,0,0,0.0,0.4428,nan,edge/x86_64,unknown,3.12.3,2026-10-09T18:44:41Z
118,ML-KEM-768,post-quantum,3,keygen,0.031,0.0,0.0,0.303,1184,2400,1088,0,0,0,0,0.0,0.465,nan,edge/x86_64,unknown,3.12.3,2026-10-09T18:44:41Z
118,ML-KEM-768,post-quantum,3,encapsulate,0.0296,0.0,0.0,0.303,1184,2400,1088,0,0,0,0,0.0,0.4436,nan,edge/x86_64,unknown,3.12.3,2026-10-09T18:44:41Z
118,ML-KEM-768,post-quantum,3,decapsulate,0.0306,0.0,0.0,0.303,1184,2400,1088,0,0,0,0,0.0,0.4589,nan,edge/x86_64,unknown,3.12.3,2026-10-09T18:44:41Z
119,ML-KEM-768,post-quantum,3,keygen,0.0292,0.0,0.0,0.303,1184,2400,1088,0,0,0,0,0.0,0.4373,nan,edge/x86_64,unknown,3.12.3,2026-10-09T18:44:41Z
119,ML-KEM-768,post-quantum,3,encapsulate,0.0309,0.0,0.0,0.303,1184,2400,1088,0,0,0,0,0.0,0.4636,nan,edge/x86_64,unknown,3.12.3,2026-10-09T18:44:41Z
119,ML-KEM-768,post-quantum,3,decapsulate,0.0298,0.0,0.0,0.303,1184,2400,1088,0,0,0,0,0.0,0.4465,nan,edge/x86_64,unknown,3.12.3,2026-10-09T18:44:41Z
120,ML-KEM-768,post-quantum,3,keygen,0.0295,0.0,0.0,0.303,1184,2400,1088,0,0,0,0,0.0,0.4422,nan,edge/x86_64,unknown,3.12.3,2026-10-09T18:44:41Z
120,ML-KEM-768,post-quantum,3,encapsulate,0.0294,0.0,0.0,0.303,1184,2400,1088,0,0,0,0,0.0,0.4407,nan,edge/x86_64,unknown,3.12.3,2026-10-09T18:44:41Z
120,ML-KEM-768,post-quantum,3,decapsulate,0.0394,0.0,0.0,0.303,1184,2400,1088,0,0,0,0,0.0,0.5903,nan,edge/x86_64,unknown,3.12.3,2026-10-09T18:44:41Z
121,ML-KEM-768,post-quantum,3,keygen,0.0505,0.0,0.0,0.303,1184,2400,1088,0,0,0,0,0.0,0.7571,nan,edge/x86_64,unknown,3.12.3,2026-10-09T18:44:41Z
121,ML-KEM-768,post-quantum,3,encapsulate,0.0496,0.0,0.0,0.303,1184,2400,1088,0,0,0,0,0.0,0.7436,nan,edge/x86_64,unknown,3.12.3,2026-10-09T18:44:41Z
121,ML-KEM-768,post-quantum,3,decapsulate,0.0447,0.0,0.0,0.303,1184,2400,1088,0,0,0,0,0.0,0.67,nan,edge/x86_64,unknown,3.12.3,2026-10-09T18:44:41Z
122,ML-KEM-768,post-quantum,3,keygen,0.0465,0.0,0.0,0.303,1184,2400,1088,0,0,0,0,0.0,0.6975,nan,edge/x86_64,unknown,3.12.3,2026-10-09T18:44:41Z
122,ML-KEM-768,post-quantum,3,encapsulate,0.0465,0.0,0.0,0.303,1184,2400,1088,0,0,0,0,0.0,0.6969,nan,edge/x86_64,unknown,3.12.3,2026-10-09T18:44:41Z
122,ML-KEM-768,post-quantum,3,decapsulate,0.0368,0.0,0.0,0.303,1184,2400,1088,0,0,0,0,0.0,0.5523,nan,edge/x86_64,unknown,3.12.3,2026-10-09T18:44:41Z
123,ML-KEM-768,post-quantum,3,keygen,0.0546,0.0,0.0,0.303,1184,2400,1088,0,0,0,0,0.0,0.8189,nan,edge/x86_64,unknown,3.12.3,2026-10-09T18:44:41Z
123,ML-KEM-768,post-quantum,3,encapsulate,0.0651,0.0,0.0,0.303,1184,2400,1088,0,0,0,0,0.0,0.9758,nan,edge/x86_64,unknown,3.12.3,2026-10-09T18:44:41Z
123,ML-KEM-768,post-quantum,3,decapsulate,0.0574,0.0,0.0,0.303,1184,2400,1088,0,0,0,0,0.0,0.8609,nan,edge/x86_64,unknown,3.12.3,2026-10-09T18:44:41Z
124,ML-KEM-768,post-quantum,3,keygen,0.0566,0.0,0.0,0.303,1184,2400,1088,0,0,0,0,0.0,0.849,nan,edge/x86_64,unknown,3.12.3,2026-10-09T18:44:41Z
124,ML-KEM-768,post-quantum,3,encapsulate,0.0813,0.0,0.0,0.303,1184,2400,1088,0,0,0,0,0.0,1.2195,nan,edge/x86_64,unknown,3.12.3,2026-10-09T18:44:41Z
124,ML-KEM-768,post-quantum,3,decapsulate,0.0604,0.0,0.0,0.303,1184,2400,1088,0,0,0,0,0.0,0.9058,nan,edge/x86_64,unknown,3.12.3,2026-10-09T18:44:41Z
125,ML-KEM-768,post-quantum,3,keygen,0.0601,0.0,0.0,0.303,1184,2400,1088,0,0,0,0,0.0,0.9018,nan,edge/x86_64,unknown,3.12.3,2026-10-09T18:44:41Z
125,ML-KEM-768,post-quantum,3,encapsulate,0.0525,0.0,0.0,0.303,1184,2400,1088,0,0,0,0,0.0,0.7875,nan,edge/x86_64,unknown,3.12.3,2026-10-09T18:44:41Z
125,ML-KEM-768,post-quantum,3,decapsulate,0.0502,0.0,0.0,0.303,1184,2400,1088,0,0,0,0,0.0,0.7534,nan,edge/x86_64,unknown,3.12.3,2026-10-09T18:44:41Z
126,ML-KEM-768,post-quantum,3,keygen,0.0501,0.0,0.0,0.303,1184,2400,1088,0,0,0,0,0.0,0.7511,nan,edge/x86_64,unknown,3.12.3,2026-10-09T18:44:41Z
126,ML-KEM-768,post-quantum,3,encapsulate,0.0546,0.0,0.0,0.303,1184,2400,1088,0,0,0,0,0.0,0.8191,nan,edge/x86_64,unknown,3.12.3,2026-10-09T18:44:41Z
126,ML-KEM-768,post-quantum,3,decapsulate,0.0533,0.0,0.0,0.303,1184,2400,1088,0,0,0,0,0.0,0.7991,nan,edge/x86_64,unknown,3.12.3,2026-10-09T18:44:41Z
127,ML-KEM-768,post-quantum,3,keygen,0.0563,0.0,0.0,0.303,1184,2400,1088,0,0,0,0,0.0,0.844,nan,edge/x86_64,unknown,3.12.3,2026-10-09T18:44:41Z
127,ML-KEM-768,post-quantum,3,encapsulate,0.0577,0.0,0.0,0.303,1184,2400,1088,0,0,0,0,0.0,0.8661,nan,edge/x86_64,unknown,3.12.3,2026-10-09T18:44:41Z
127,ML-KEM-768,post-quantum,3,decapsulate,0.0501,0.0,0.0,0.303,1184,2400,1088,0,0,0,0,0.0,0.7515,nan,edge/x86_64,unknown,3.12.3,2026-10-09T18:44:41Z
128,ML-KEM-768,post-quantum,3,keygen,0.05,0.0,0.0,0.303,1184,2400,1088,0,0,0,0,0.0,0.7499,nan,edge/x86_64,unknown,3.12.3,2026-10-09T18:44:41Z
128,ML-KEM-768,post-quantum,3,encapsulate,0.0826,0.0,0.0,0.303,1184,2400,1088,0,0,0,0,0.0,1.2393,nan,edge/x86_64,unknown,3.12.3,2026-10-09T18:44:41Z
128,ML-KEM-768,post-quantum,3,decapsulate,0.0331,0.0,0.0,0.303,1184,2400,1088,0,0,0,0,0.0,0.4969,nan,edge/x86_64,unknown,3.12.3,2026-10-09T18:44:41Z
129,ML-KEM-768,post-quantum,3,keygen,0.0323,0.0,0.0,0.303,1184,2400,1088,0,0,0,0,0.0,0.4839,nan,edge/x86_64,unknown,3.12.3,2026-10-09T18:44:41Z
129,ML-KEM-768,post-quantum,3,encapsulate,0.0305,0.0,0.0,0.303,1184,2400,1088,0,0,0,0,0.0,0.4579,nan,edge/x86_64,unknown,3.12.3,2026-10-09T18:44:41Z
129,ML-KEM-768,post-quantum,3,decapsulate,0.0309,0.0,0.0,0.303,1184,2400,1088,0,0,0,0,0.0,0.4642,nan,edge/x86_64,unknown,3.12.3,2026-10-09T18:44:41Z
130,ML-KEM-768,post-quantum,3,keygen,0.0327,0.0,0.0,0.303,1184,2400,1088,0,0,0,0,0.0,0.49,nan,edge/x86_64,unknown,3.12.3,2026-10-09T18:44:41Z
130,ML-KEM-768,post-quantum,3,encapsulate,0.0307,0.0,0.0,0.303,1184,2400,1088,0,0,0,0,0.0,0.4599,nan,edge/x86_64,unknown,3.12.3,2026-10-09T18:44:41Z
130,ML-KEM-768,post-quantum,3,decapsulate,0.049,0.0,0.0,0.303,1184,2400,1088,0,0,0,0,0.0,0.7346,nan,edge/x86_64,unknown,3.12.3,2026-10-09T18:44:41Z
131,ML-KEM-768,post-quantum,3,keygen,0.0306,0.0,0.0,0.303,1184,2400,1088,0,0,0,0,0.0,0.4584,nan,edge/x86_64,unknown,3.12.3,2026-10-09T18:44:41Z
131,ML-KEM-768,post-quantum,3,encapsulate,0.0315,0.0,0.0,0.303,1184,2400,1088,0,0,0,0,0.0,0.4722,nan,edge/x86_64,unknown,3.12.3,2026-10-09T18:44:41Z
131,ML-KEM-768,post-quantum,3,decapsulate,0.0298,0.0,0.0,0.303,1184,2400,1088,0,0,0,0,0.0,0.4467,nan,edge/x86_64,unknown,3.12.3,2026-10-09T18:44:41Z
132,ML-KEM-768,post-quantum,3,keygen,0.0297,0.0,0.0,0.303,1184,2400,1088,0,0,0,0,0.0,0.4461,nan,edge/x86_64,unknown,3.12.3,2026-10-09T18:44:41Z
132,ML-KEM-768,post-quantum,3,encapsulate,0.0298,0.0,0.0,0.303,1184,2400,1088,0,0,0,0,0.0,0.4466,nan,edge/x86_64,unknown,3.12.3,2026-10-09T18:44:41Z
132,ML-KEM-768,post-quantum,3,decapsulate,0.0297,0.0,0.0,0.303,1184,2400,1088,0,0,0,0,0.0,0.446,nan,edge/x86_64,unknown,3.12.3,2026-10-09T18:44:41Z
133,ML-KEM-768,post-quantum,3,keygen,0.0299,0.0,0.0,0.303,1184,2400,1088,0,0,0,0,0.0,0.4478,nan,edge/x86_64,unknown,3.12.3,2026-10-09T18:44:41Z
133,ML-KEM-768,post-quantum,3,encapsulate,0.0294,0.0,0.0,0.303,1184,2400,1088,0,0,0,0,0.0,0.4415,nan,edge/x86_64,unknown,3.12.3,2026-10-09T18:44:41Z
133,ML-KEM-768,post-quantum,3,decapsulate,0.0463,0.0,0.0,0.303,1184,2400,1088,0,0,0,0,0.0,0.6943,nan,edge/x86_64,unknown,3.12.3,2026-10-09T18:44:41Z
134,ML-KEM-768,post-quantum,3,keygen,0.0813,0.0,0.0,0.303,1184,2400,1088,0,0,0,0,0.0,1.2188,nan,edge/x86_64,unknown,3.12.3,2026-10-09T18:44:41Z
134,ML-KEM-768,post-quantum,3,encapsulate,0.0744,0.0,0.0,0.303,1184,2400,1088,0,0,0,0,0.0,1.1164,nan,edge/x86_64,unknown,3.12.3,2026-10-09T18:44:41Z
134,ML-KEM-768,post-quantum,3,decapsulate,0.0748,0.0,0.0,0.303,1184,2400,1088,0,0,0,0,0.0,1.1219,nan,edge/x86_64,unknown,3.12.3,2026-10-09T18:44:41Z
135,ML-KEM-768,post-quantum,3,keygen,0.0734,0.0,0.0,0.303,1184,2400,1088,0,0,0,0,0.0,1.1011,nan,edge/x86_64,unknown,3.12.3,2026-10-09T18:44:41Z
135,ML-KEM-768,post-quantum,3,encapsulate,0.0736,0.0,0.0,0.303,1184,2400,1088,0,0,0,0,0.0,1.1042,nan,edge/x86_64,unknown,3.12.3,2026-10-09T18:44:41Z
135,ML-KEM-768,post-quantum,3,decapsulate,0.115,0.0,0.0,0.303,1184,2400,1088,0,0,0,0,0.0,1.7253,nan,edge/x86_64,unknown,3.12.3,2026-10-09T18:44:41Z
136,ML-KEM-768,post-quantum,3,keygen,0.0793,0.0,0.0,0.303,1184,2400,1088,0,0,0,0,0.0,1.189,nan,edge/x86_64,unknown,3.12.3,2026-10-09T18:44:41Z
136,ML-KEM-768,post-quantum,3,encapsulate,0.0389,0.0,0.0,0.303,1184,2400,1088,0,0,0,0,0.0,0.5836,nan,edge/x86_64,unknown,3.12.3,2026-10-09T18:44:41Z
136,ML-KEM-768,post-quantum,3,decapsulate,0.031,0.0,0.0,0.303,1184,2400,1088,0,0,0,0,0.0,0.465,nan,edge/x86_64,unknown,3.12.3,2026-10-09T18:44:41Z
137,ML-KEM-768,post-quantum,3,keygen,0.0308,0.0,0.0,0.303,1184,2400,1088,0,0,0,0,0.0,0.4614,nan,edge/x86_64,unknown,3.12.3,2026-10-09T18:44:41Z
137,ML-KEM-768,post-quantum,3,encapsulate,0.0316,0.0,0.0,0.303,1184,2400,1088,0,0,0,0,0.0,0.4737,nan,edge/x86_64,unknown,3.12.3,2026-10-09T18:44:41Z
137,ML-KEM-768,post-quantum,3,decapsulate,0.0419,0.0,0.0,0.303,1184,2400,1088,0,0,0,0,0.0,0.6292,nan,edge/x86_64,unknown,3.12.3,2026-10-09T18:44:41Z
138,ML-KEM-768,post-quantum,3,keygen,0.0406,0.0,0.0,0.303,1184,2400,1088,0,0,0,0,0.0,0.6083,nan,edge/x86_64,unknown,3.12.3,2026-10-09T18:44:41Z
138,ML-KEM-768,post-quantum,3,encapsulate,0.0482,0.0,0.0,0.303,1184,2400,1088,0,0,0,0,0.0,0.7235,nan,edge/x86_64,unknown,3.12.3,2026-10-09T18:44:41Z
138,ML-KEM-768,post-quantum,3,decapsulate,0.0444,0.0,0.0,0.303,1184,2400,1088,0,0,0,0,0.0,0.6656,nan,edge/x86_64,unknown,3.12.3,2026-10-09T18:44:41Z
139,ML-KEM-768,post-quantum,3,keygen,0.0441,0.0,0.0,0.303,1184,2400,1088,0,0,0,0,0.0,0.6609,nan,edge/x86_64,unknown,3.12.3,2026-10-09T18:44:41Z
139,ML-KEM-768,post-quantum,3,encapsulate,0.0442,0.0,0.0,0.303,1184,2400,1088,0,0,0,0,0.0,0.6628,nan,edge/x86_64,unknown,3.12.3,2026-10-09T18:44:41Z
139,ML-KEM-768,post-quantum,3,decapsulate,0.0393,0.0,0.0,0.303,1184,2400,1088,0,0,0,0,0.0,0.5901,nan,edge/x86_64,unknown,3.12.3,2026-10-09T18:44:41Z
140,ML-KEM-768,post-quantum,3,keygen,0.035,0.0,0.0,0.303,1184,2400,1088,0,0,0,0,0.0,0.5244,nan,edge/x86_64,unknown,3.12.3,2026-10-09T18:44:41Z
140,ML-KEM-768,post-quantum,3,encapsulate,0.0301,0.0,0.0,0.303,1184,2400,1088,0,0,0,0,0.0,0.452,nan,edge/x86_64,unknown,3.12.3,2026-10-09T18:44:41Z
140,ML-KEM-768,post-quantum,3,decapsulate,0.03,0.0,0.0,0.303,1184,2400,1088,0,0,0,0,0.0,0.4503,nan,edge/x86_64,unknown,3.12.3,2026-10-09T18:44:41Z
141,ML-KEM-768,post-quantum,3,keygen,0.0292,0.0,0.0,0.303,1184,2400,1088,0,0,0,0,0.0,0.4386,nan,edge/x86_64,unknown,3.12.3,2026-10-09T18:44:41Z
141,ML-KEM-768,post-quantum,3,encapsulate,0.0291,0.0,0.0,0.303,1184,2400,1088,0,0,0,0,0.0,0.4367,nan,edge/x86_64,unknown,3.12.3,2026-10-09T18:44:41Z
141,ML-KEM-768,post-quantum,3,decapsulate,0.0295,0.0,0.0,0.303,1184,2400,1088,0,0,0,0,0.0,0.4424,nan,edge/x86_64,unknown,3.12.3,2026-10-09T18:44:41Z
142,ML-KEM-768,post-quantum,3,keygen,0.0297,0.0,0.0,0.303,1184,2400,1088,0,0,0,0,0.0,0.4451,nan,edge/x86_64,unknown,3.12.3,2026-10-09T18:44:41Z
142,ML-KEM-768,post-quantum,3,encapsulate,0.0305,0.0,0.0,0.303,1184,2400,1088,0,0,0,0,0.0,0.4571,nan,edge/x86_64,unknown,3.12.3,2026-10-09T18:44:41Z
142,ML-KEM-768,post-quantum,3,decapsulate,0.0323,0.0,0.0,0.303,1184,2400,1088,0,0,0,0,0.0,0.485,nan,edge/x86_64,unknown,3.12.3,2026-10-09T18:44:41Z
143,ML-KEM-768,post-quantum,3,keygen,0.0298,0.0,0.0,0.303,1184,2400,1088,0,0,0,0,0.0,0.4468,nan,edge/x86_64,unknown,3.12.3,2026-10-09T18:44:41Z
143,ML-KEM-768,post-quantum,3,encapsulate,0.0346,0.0,0.0,0.303,1184,2400,1088,0,0,0,0,0.0,0.5185,nan,edge/x86_64,unknown,3.12.3,2026-10-09T18:44:41Z
143,ML-KEM-768,post-quantum,3,decapsulate,0.0344,0.0,0.0,0.303,1184,2400,1088,0,0,0,0,0.0,0.5157,nan,edge/x86_64,unknown,3.12.3,2026-10-09T18:44:41Z
144,ML-KEM-768,post-quantum,3,keygen,0.0335,0.0,0.0,0.303,1184,2400,1088,0,0,0,0,0.0,0.5029,nan,edge/x86_64,unknown,3.12.3,2026-10-09T18:44:41Z
144,ML-KEM-768,post-quantum,3,encapsulate,0.0303,0.0,0.0,0.303,1184,2400,1088,0,0,0,0,0.0,0.4546,nan,edge/x86_64,unknown,3.12.3,2026-10-09T18:44:41Z
144,ML-KEM-768,post-quantum,3,decapsulate,0.0302,0.0,0.0,0.303,1184,2400,1088,0,0,0,0,0.0,0.4529,nan,edge/x86_64,unknown,3.12.3,2026-10-09T18:44:41Z
145,ML-KEM-768,post-quantum,3,keygen,0.0479,0.0,0.0,0.303,1184,2400,1088,0,0,0,0,0.0,0.7179,nan,edge/x86_64,unknown,3.12.3,2026-10-09T18:44:41Z
145,ML-KEM-768,post-quantum,3,encapsulate,0.0311,0.0,0.0,0.303,1184,2400,1088,0,0,0,0,0.0,0.4668,nan,edge/x86_64,unknown,3.12.3,2026-10-09T18:44:41Z
145,ML-KEM-768,post-quantum,3,decapsulate,0.0301,0.0,0.0,0.303,1184,2400,1088,0,0,0,0,0.0,0.4516,nan,edge/x86_64,unknown,3.12.3,2026-10-09T18:44:41Z
146,ML-KEM-768,post-quantum,3,keygen,0.0294,0.0,0.0,0.303,1184,2400,1088,0,0,0,0,0.0,0.4406,nan,edge/x86_64,unknown,3.12.3,2026-10-09T18:44:41Z
146,ML-KEM-768,post-quantum,3,encapsulate,0.0289,0.0,0.0,0.303,1184,2400,1088,0,0,0,0,0.0,0.4342,nan,edge/x86_64,unknown,3.12.3,2026-10-09T18:44:41Z
146,ML-KEM-768,post-quantum,3,decapsulate,0.0289,0.0,0.0,0.303,1184,2400,1088,0,0,0,0,0.0,0.4333,nan,edge/x86_64,unknown,3.12.3,2026-10-09T18:44:41Z
147,ML-KEM-768,post-quantum,3,keygen,0.0289,0.0,0.0,0.303,1184,2400,1088,0,0,0,0,0.0,0.4339,nan,edge/x86_64,unknown,3.12.3,2026-10-09T18:44:41Z
147,ML-KEM-768,post-quantum,3,encapsulate,0.0293,0.0,0.0,0.303,1184,2400,1088,0,0,0,0,0.0,0.4394,nan,edge/x86_64,unknown,3.12.3,2026-10-09T18:44:41Z
147,ML-KEM-768,post-quantum,3,decapsulate,0.0294,0.0,0.0,0.303,1184,2400,1088,0,0,0,0,0.0,0.4413,nan,edge/x86_64,unknown,3.12.3,2026-10-09T18:44:41Z
148,ML-KEM-768,post-quantum,3,keygen,0.029,0.0,0.0,0.303,1184,2400,1088,0,0,0,0,0.0,0.4353,nan,edge/x86_64,unknown,3.12.3,2026-10-09T18:44:41Z
148,ML-KEM-768,post-quantum,3,encapsulate,0.0291,0.0,0.0,0.303,1184,2400,1088,0,0,0,0,0.0,0.4372,nan,edge/x86_64,unknown,3.12.3,2026-10-09T18:44:41Z
148,ML-KEM-768,post-quantum,3,decapsulate,0.0292,0.0,0.0,0.303,1184,2400,1088,0,0,0,0,0.0,0.4387,nan,edge/x86_64,unknown,3.12.3,2026-10-09T18:44:41Z
149,ML-KEM-768,post-quantum,3,keygen,0.0436,0.0,0.0,0.303,1184,2400,1088,0,0,0,0,0.0,0.6541,nan,edge/x86_64,unknown,3.12.3,2026-10-09T18:44:41Z
149,ML-KEM-768,post-quantum,3,encapsulate,0.0323,0.0,0.0,0.303,1184,2400,1088,0,0,0,0,0.0,0.4851,nan,edge/x86_64,unknown,3.12.3,2026-10-09T18:44:41Z
149,ML-KEM-768,post-quantum,3,decapsulate,0.0343,0.0,0.0,0.303,1184,2400,1088,0,0,0,0,0.0,0.5144,nan,edge/x86_64,unknown,3.12.3,2026-10-09T18:44:41Z
150,ML-KEM-768,post-quantum,3,keygen,0.0308,0.0,0.0,0.303,1184,2400,1088,0,0,0,0,0.0,0.4624,nan,edge/x86_64,unknown,3.12.3,2026-10-09T18:44:41Z
150,ML-KEM-768,post-quantum,3,encapsulate,0.0303,0.0,0.0,0.303,1184,2400,1088,0,0,0,0,0.0,0.4538,nan,edge/x86_64,unknown,3.12.3,2026-10-09T18:44:41Z
150,ML-KEM-768,post-quantum,3,decapsulate,0.0305,0.0,0.0,0.303,1184,2400,1088,0,0,0,0,0.0,0.4573,nan,edge/x86_64,unknown,3.12.3,2026-10-09T18:44:41Z
151,ML-KEM-768,post-quantum,3,keygen,0.031,0.0,0.0,0.303,1184,2400,1088,0,0,0,0,0.0,0.4651,nan,edge/x86_64,unknown,3.12.3,2026-10-09T18:44:41Z
151,ML-KEM-768,post-quantum,3,encapsulate,0.0296,0.0,0.0,0.303,1184,2400,1088,0,0,0,0,0.0,0.4444,nan,edge/x86_64,unknown,3.12.3,2026-10-09T18:44:41Z
151,ML-KEM-768,post-quantum,3,decapsulate,0.0292,0.0,0.0,0.303,1184,2400,1088,0,0,0,0,0.0,0.4387,nan,edge/x86_64,unknown,3.12.3,2026-10-09T18:44:41Z
152,ML-KEM-768,post-quantum,3,keygen,0.0293,0.0,0.0,0.303,1184,2400,1088,0,0,0,0,0.0,0.4389,nan,edge/x86_64,unknown,3.12.3,2026-10-09T18:44:41Z
152,ML-KEM-768,post-quantum,3,encapsulate,0.0294,0.0,0.0,0.303,1184,2400,1088,0,0,0,0,0.0,0.4407,nan,edge/x86_64,unknown,3.12.3,2026-10-09T18:44:41Z
152,ML-KEM-768,post-quantum,3,decapsulate,0.0359,0.0,0.0,0.303,1184,2400,1088,0,0,0,0,0.0,0.5378,nan,edge/x86_64,unknown,3.12.3,2026-10-09T18:44:41Z
153,ML-KEM-768,post-quantum,3,keygen,0.0294,0.0,0.0,0.303,1184,2400,1088,0,0,0,0,0.0,0.4404,nan,edge/x86_64,unknown,3.12.3,2026-10-09T18:44:41Z
153,ML-KEM-768,post-quantum,3,encapsulate,0.0295,0.0,0.0,0.303,1184,2400,1088,0,0,0,0,0.0,0.4429,nan,edge/x86_64,unknown,3.12.3,2026-10-09T18:44:41Z
153,ML-KEM-768,post-quantum,3,decapsulate,0.0575,0.0,0.0,0.303,1184,2400,1088,0,0,0,0,0.0,0.862,nan,edge/x86_64,unknown,3.12.3,2026-10-09T18:44:41Z
154,ML-KEM-768,post-quantum,3,keygen,0.0358,0.0,0.0,0.303,1184,2400,1088,0,0,0,0,0.0,0.5369,nan,edge/x86_64,unknown,3.12.3,2026-10-09T18:44:41Z
154,ML-KEM-768,post-quantum,3,encapsulate,0.0307,0.0,0.0,0.303,1184,2400,1088,0,0,0,0,0.0,0.4601,nan,edge/x86_64,unknown,3.12.3,2026-10-09T18:44:41Z
154,ML-KEM-768,post-quantum,3,decapsulate,0.0299,0.0,0.0,0.303,1184,2400,1088,0,0,0,0,0.0,0.4487,nan,edge/x86_64,unknown,3.12.3,2026-10-09T18:44:41Z
155,ML-KEM-768,post-quantum,3,keygen,0.0297,0.0,0.0,0.303,1184,2400,1088,0,0,0,0,0.0,0.4454,nan,edge/x86_64,unknown,3.12.3,2026-10-09T18:44:41Z
155,ML-KEM-768,post-quantum,3,encapsulate,0.0307,0.0,0.0,0.303,1184,2400,1088,0,0,0,0,0.0,0.4599,nan,edge/x86_64,unknown,3.12.3,2026-10-09T18:44:41Z
155,ML-KEM-768,post-quantum,3,decapsulate,0.0297,0.0,0.0,0.303,1184,2400,1088,0,0,0,0,0.0,0.4454,nan,edge/x86_64,unknown,3.12.3,2026-10-09T18:44:41Z
156,ML-KEM-768,post-quantum,3,keygen,0.0291,0.0,0.0,0.303,1184,2400,1088,0,0,0,0,0.0,0.4367,nan,edge/x86_64,unknown,3.12.3,2026-10-09T18:44:41Z
156,ML-KEM-768,post-quantum,3,encapsulate,0.0303,0.0,0.0,0.303,1184,2400,1088,0,0,0,0,0.0,0.4539,nan,edge/x86_64,unknown,3.12.3,2026-10-09T18:44:41Z
156,ML-KEM-768,post-quantum,3,decapsulate,0.0295,0.0,0.0,0.303,1184,2400,1088,0,0,0,0,0.0,0.442,nan,edge/x86_64,unknown,3.12.3,2026-10-09T18:44:41Z
157,ML-KEM-768,post-quantum,3,keygen,0.0292,0.0,0.0,0.303,1184,2400,1088,0,0,0,0,0.0,0.4373,nan,edge/x86_64,unknown,3.12.3,2026-10-09T18:44:41Z
157,ML-KEM-768,post-quantum,3,encapsulate,0.0297,0.0,0.0,0.303,1184,2400,1088,0,0,0,0,0.0,0.4449,nan,edge/x86_64,unknown,3.12.3,2026-10-09T18:44:41Z
157,ML-KEM-768,post-quantum,3,decapsulate,0.0295,0.0,0.0,0.303,1184,2400,1088,0,0,0,0,0.0,0.4419,nan,edge/x86_64,unknown,3.12.3,2026-10-09T18:44:41Z
158,ML-KEM-768,post-quantum,3,keygen,0.0297,0.0,0.0,0.303,1184,2400,1088,0,0,0,0,0.0,0.4451,nan,edge/x86_64,unknown,3.12.3,2026-10-09T18:44:41Z
158,ML-KEM-768,post-quantum,3,encapsulate,0.0295,0.0,0.0,0.303,1184,2400,1088,0,0,0,0,0.0,0.4419,nan,edge/x86_64,unknown,3.12.3,2026-10-09T18:44:41Z
158,ML-KEM-768,post-quantum,3,decapsulate,0.0298,0.0,0.0,0.303,1184,2400,1088,0,0,0,0,0.0,0.4476,nan,edge/x86_64,unknown,3.12.3,2026-10-09T18:44:41Z
159,ML-KEM-768,post-quantum,3,keygen,0.0296,0.0,0.0,0.303,1184,2400,1088,0,0,0,0,0.0,0.4445,nan,edge/x86_64,unknown,3.12.3,2026-10-09T18:44:41Z
159,ML-KEM-768,post-quantum,3,encapsulate,0.0331,0.0,0.0,0.303,1184,2400,1088,0,0,0,0,0.0,0.4958,nan,edge/x86_64,unknown,3.12.3,2026-10-09T18:44:41Z
159,ML-KEM-768,post-quantum,3,decapsulate,0.0298,0.0,0.0,0.303,1184,2400,1088,0,0,0,0,0.0,0.4466,nan,edge/x86_64,unknown,3.12.3,2026-10-09T18:44:41Z
160,ML-KEM-768,post-quantum,3,keygen,0.0296,0.0,0.0,0.303,1184,2400,1088,0,0,0,0,0.0,0.4438,nan,edge/x86_64,unknown,3.12.3,2026-10-09T18:44:41Z
160,ML-KEM-768,post-quantum,3,encapsulate,0.0292,0.0,0.0,0.303,1184,2400,1088,0,0,0,0,0.0,0.4379,nan,edge/x86_64,unknown,3.12.3,2026-10-09T18:44:41Z
160,ML-KEM-768,post-quantum,3,decapsulate,0.0296,0.0,0.0,0.303,1184,2400,1088,0,0,0,0,0.0,0.4437,nan,edge/x86_64,unknown,3.12.3,2026-10-09T18:44:41Z
161,ML-KEM-768,post-quantum,3,keygen,0.0291,0.0,0.0,0.303,1184,2400,1088,0,0,0,0,0.0,0.4367,nan,edge/x86_64,unknown,3.12.3,2026-10-09T18:44:41Z
161,ML-KEM-768,post-quantum,3,encapsulate,0.031,0.0,0.0,0.303,1184,2400,1088,0,0,0,0,0.0,0.4649,nan,edge/x86_64,unknown,3.12.3,2026-10-09T18:44:41Z
161,ML-KEM-768,post-quantum,3,decapsulate,0.0294,0.0,0.0,0.303,1184,2400,1088,0,0,0,0,0.0,0.4405,nan,edge/x86_64,unknown,3.12.3,2026-10-09T18:44:41Z
162,ML-KEM-768,post-quantum,3,keygen,0.0298,0.0,0.0,0.303,1184,2400,1088,0,0,0,0,0.0,0.4472,nan,edge/x86_64,unknown,3.12.3,2026-10-09T18:44:41Z
162,ML-KEM-768,post-quantum,3,encapsulate,0.0293,0.0,0.0,0.303,1184,2400,1088,0,0,0,0,0.0,0.4393,nan,edge/x86_64,unknown,3.12.3,2026-10-09T18:44:41Z
162,ML-KEM-768,post-quantum,3,decapsulate,0.0306,0.0,0.0,0.303,1184,2400,1088,0,0,0,0,0.0,0.4584,nan,edge/x86_64,unknown,3.12.3,2026-10-09T18:44:41Z
163,ML-KEM-768,post-quantum,3,keygen,0.0298,0.0,0.0,0.303,1184,2400,1088,0,0,0,0,0.0,0.4471,nan,edge/x86_64,unknown,3.12.3,2026-10-09T18:44:41Z
163,ML-KEM-768,post-quantum,3,encapsulate,0.0296,0.0,0.0,0.303,1184,2400,1088,0,0,0,0,0.0,0.4439,nan,edge/x86_64,unknown,3.12.3,2026-10-09T18:44:41Z
163,ML-KEM-768,post-quantum,3,decapsulate,0.0296,0.0,0.0,0.303,1184,2400,1088,0,0,0,0,0.0,0.4444,nan,edge/x86_64,unknown,3.12.3,2026-10-09T18:44:41Z
164,ML-KEM-768,post-quantum,3,keygen,0.0582,0.0,0.0,0.303,1184,2400,1088,0,0,0,0,0.0,0.8729,nan,edge/x86_64,unknown,3.12.3,2026-10-09T18:44:41Z
164,ML-KEM-768,post-quantum,3,encapsulate,0.0408,0.0,0.0,0.303,1184,2400,1088,0,0,0,0,0.0,0.6123,nan,edge/x86_64,unknown,3.12.3,2026-10-09T18:44:41Z
164,ML-KEM-768,post-quantum,3,decapsulate,0.0315,0.0,0.0,0.303,1184,2400,1088,0,0,0,0,0.0,0.4723,nan,edge/x86_64,unknown,3.12.3,2026-10-09T18:44:41Z
165,ML-KEM-768,post-quantum,3,keygen,0.0308,0.0,0.0,0.303,1184,2400,1088,0,0,0,0,0.0,0.4615,nan,edge/x86_64,unknown,3.12.3,2026-10-09T18:44:41Z
165,ML-KEM-768,post-quantum,3,encapsulate,0.0297,0.0,0.0,0.303,1184,2400,1088,0,0,0,0,0.0,0.4449,nan,edge/x86_64,unknown,3.12.3,2026-10-09T18:44:41Z
165,ML-KEM-768,post-quantum,3,decapsulate,0.0304,0.0,0.0,0.303,1184,2400,1088,0,0,0,0,0.0,0.4566,nan,edge/x86_64,unknown,3.12.3,2026-10-09T18:44:41Z
166,ML-KEM-768,post-quantum,3,keygen,0.0297,0.0,0.0,0.303,1184,2400,1088,0,0,0,0,0.0,0.4455,nan,edge/x86_64,unknown,3.12.3,2026-10-09T18:44:41Z
166,ML-KEM-768,post-quantum,3,encapsulate,0.0294,0.0,0.0,0.303,1184,2400,1088,0,0,0,0,0.0,0.4415,nan,edge/x86_64,unknown,3.12.3,2026-10-09T18:44:41Z
166,ML-KEM-768,post-quantum,3,decapsulate,0.0294,0.0,0.0,0.303,1184,2400,1088,0,0,0,0,0.0,0.4415,nan,edge/x86_64,unknown,3.12.3,2026-10-09T18:44:41Z
167,ML-KEM-768,post-quantum,3,keygen,0.0295,0.0,0.0,0.303,1184,2400,1088,0,0,0,0,0.0,0.4425,nan,edge/x86_64,unknown,3.12.3,2026-10-09T18:44:41Z
167,ML-KEM-768,post-quantum,3,encapsulate,0.0329,0.0,0.0,0.303,1184,2400,1088,0,0,0,0,0.0,0.494,nan,edge/x86_64,unknown,3.12.3,2026-10-09T18:44:41Z
167,ML-KEM-768,post-quantum,3,decapsulate,0.0298,0.0,0.0,0.303,1184,2400,1088,0,0,0,0,0.0,0.4477,nan,edge/x86_64,unknown,3.12.3,2026-10-09T18:44:41Z
168,ML-KEM-768,post-quantum,3,keygen,0.0292,0.0,0.0,0.303,1184,2400,1088,0,0,0,0,0.0,0.4385,nan,edge/x86_64,unknown,3.12.3,2026-10-09T18:44:41Z
168,ML-KEM-768,post-quantum,3,encapsulate,0.0297,0.0,0.0,0.303,1184,2400,1088,0,0,0,0,0.0,0.4461,nan,edge/x86_64,unknown,3.12.3,2026-10-09T18:44:41Z
168,ML-KEM-768,post-quantum,3,decapsulate,0.0292,0.0,0.0,0.303,1184,2400,1088,0,0,0,0,0.0,0.4381,nan,edge/x86_64,unknown,3.12.3,2026-10-09T18:44:41Z
169,ML-KEM-768,post-quantum,3,keygen,0.0309,0.0,0.0,0.303,1184,2400,1088,0,0,0,0,0.0,0.463,nan,edge/x86_64,unknown,3.12.3,2026-10-09T18:44:41Z
169,ML-KEM-768,post-quantum,3,encapsulate,0.0321,0.0,0.0,0.303,1184,2400,1088,0,0,0,0,0.0,0.4813,nan,edge/x86_64,unknown,3.12.3,2026-10-09T18:44:41Z
169,ML-KEM-768,post-quantum,3,decapsulate,0.0297,0.0,0.0,0.303,1184,2400,1088,0,0,0,0,0.0,0.4455,nan,edge/x86_64,unknown,3.12.3,2026-10-09T18:44:41Z
170,ML-KEM-768,post-quantum,3,keygen,0.0289,0.0,0.0,0.303,1184,2400,1088,0,0,0,0,0.0,0.4338,nan,edge/x86_64,unknown,3.12.3,2026-10-09T18:44:41Z
170,ML-KEM-768,post-quantum,3,encapsulate,0.0296,0.0,0.0,0.303,1184,2400,1088,0,0,0,0,0.0,0.444,nan,edge/x86_64,unknown,3.12.3,2026-10-09T18:44:41Z
170,ML-KEM-768,post-quantum,3,decapsulate,0.0294,0.0,0.0,0.303,1184,2400,1088,0,0,0,0,0.0,0.4416,nan,edge/x86_64,unknown,3.12.3,2026-10-09T18:44:41Z
171,ML-KEM-768,post-quantum,3,keygen,0.0291,0.0,0.0,0.303,1184,2400,1088,0,0,0,0,0.0,0.4358,nan,edge/x86_64,unknown,3.12.3,2026-10-09T18:44:41Z
171,ML-KEM-768,post-quantum,3,encapsulate,0.029,0.0,0.0,0.303,1184,2400,1088,0,0,0,0,0.0,0.4353,nan,edge/x86_64,unknown,3.12.3,2026-10-09T18:44:41Z
171,ML-KEM-768,post-quantum,3,decapsulate,0.0292,0.0,0.0,0.303,1184,2400,1088,0,0,0,0,0.0,0.438,nan,edge/x86_64,unknown,3.12.3,2026-10-09T18:44:41Z
172,ML-KEM-768,post-quantum,3,keygen,0.0289,0.0,0.0,0.303,1184,2400,1088,0,0,0,0,0.0,0.4336,nan,edge/x86_64,unknown,3.12.3,2026-10-09T18:44:41Z
172,ML-KEM-768,post-quantum,3,encapsulate,0.0291,0.0,0.0,0.303,1184,2400,1088,0,0,0,0,0.0,0.4359,nan,edge/x86_64,unknown,3.12.3,2026-10-09T18:44:41Z
172,ML-KEM-768,post-quantum,3,decapsulate,0.0292,0.0,0.0,0.303,1184,2400,1088,0,0,0,0,0.0,0.4387,nan,edge/x86_64,unknown,3.12.3,2026-10-09T18:44:41Z
173,ML-KEM-768,post-quantum,3,keygen,0.0294,0.0,0.0,0.303,1184,2400,1088,0,0,0,0,0.0,0.4408,nan,edge/x86_64,unknown,3.12.3,2026-10-09T18:44:41Z
173,ML-KEM-768,post-quantum,3,encapsulate,0.0303,0.0,0.0,0.303,1184,2400,1088,0,0,0,0,0.0,0.4547,nan,edge/x86_64,unknown,3.12.3,2026-10-09T18:44:41Z
173,ML-KEM-768,post-quantum,3,decapsulate,0.0296,0.0,0.0,0.303,1184,2400,1088,0,0,0,0,0.0,0.4444,nan,edge/x86_64,unknown,3.12.3,2026-10-09T18:44:41Z
174,ML-KEM-768,post-quantum,3,keygen,0.0289,0.0,0.0,0.303,1184,2400,1088,0,0,0,0,0.0,0.4337,nan,edge/x86_64,unknown,3.12.3,2026-10-09T18:44:41Z
174,ML-KEM-768,post-quantum,3,encapsulate,0.0514,0.0,0.0,0.303,1184,2400,1088,0,0,0,0,0.0,0.7704,nan,edge/x86_64,unknown,3.12.3,2026-10-09T18:44:41Z
174,ML-KEM-768,post-quantum,3,decapsulate,0.0306,0.0,0.0,0.303,1184,2400,1088,0,0,0,0,0.0,0.4594,nan,edge/x86_64,unknown,3.12.3,2026-10-09T18:44:41Z
175,ML-KEM-768,post-quantum,3,keygen,0.032,0.0,0.0,0.303,1184,2400,1088,0,0,0,0,0.0,0.4794,nan,edge/x86_64,unknown,3.12.3,2026-10-09T18:44:41Z
175,ML-KEM-768,post-quantum,3,encapsulate,0.0632,0.0,0.0,0.303,1184,2400,1088,0,0,0,0,0.0,0.9477,nan,edge/x86_64,unknown,3.12.3,2026-10-09T18:44:41Z
175,ML-KEM-768,post-quantum,3,decapsulate,0.0348,0.0,0.0,0.303,1184,2400,1088,0,0,0,0,0.0,0.5222,nan,edge/x86_64,unknown,3.12.3,2026-10-09T18:44:41Z
176,ML-KEM-768,post-quantum,3,keygen,0.0317,0.0,0.0,0.303,1184,2400,1088,0,0,0,0,0.0,0.4753,nan,edge/x86_64,unknown,3.12.3,2026-10-09T18:44:41Z
176,ML-KEM-768,post-quantum,3,encapsulate,0.0297,0.0,0.0,0.303,1184,2400,1088,0,0,0,0,0.0,0.4457,nan,edge/x86_64,unknown,3.12.3,2026-10-09T18:44:41Z
176,ML-KEM-768,post-quantum,3,decapsulate,0.0298,0.0,0.0,0.303,1184,2400,1088,0,0,0,0,0.0,0.4465,nan,edge/x86_64,unknown,3.12.3,2026-10-09T18:44:41Z
177,ML-KEM-768,post-quantum,3,keygen,0.0301,0.0,0.0,0.303,1184,2400,1088,0,0,0,0,0.0,0.4519,nan,edge/x86_64,unknown,3.12.3,2026-10-09T18:44:41Z
177,ML-KEM-768,post-quantum,3,encapsulate,0.0299,0.0,0.0,0.303,1184,2400,1088,0,0,0,0,0.0,0.4485,nan,edge/x86_64,unknown,3.12.3,2026-10-09T18:44:41Z
177,ML-KEM-768,post-quantum,3,decapsulate,0.0296,0.0,0.0,0.303,1184,2400,1088,0,0,0,0,0.0,0.4436,nan,edge/x86_64,unknown,3.12.3,2026-10-09T18:44:41Z
178,ML-KEM-768,post-quantum,3,keygen,0.0299,0.0,0.0,0.303,1184,2400,1088,0,0,0,0,0.0,0.4491,nan,edge/x86_64,unknown,3.12.3,2026-10-09T18:44:41Z
178,ML-KEM-768,post-quantum,3,encapsulate,0.0292,0.0,0.0,0.303,1184,2400,1088,0,0,0,0,0.0,0.438,nan,edge/x86_64,unknown,3.12.3,2026-10-09T18:44:41Z
178,ML-KEM-768,post-quantum,3,decapsulate,0.0295,0.0,0.0,0.303,1184,2400,1088,0,0,0,0,0.0,0.442,nan,edge/x86_64,unknown,3.12.3,2026-10-09T18:44:41Z
179,ML-KEM-768,post-quantum,3,keygen,0.0295,0.0,0.0,0.303,1184,2400,1088,0,0,0,0,0.0,0.4419,nan,edge/x86_64,unknown,3.12.3,2026-10-09T18:44:41Z
179,ML-KEM-768,post-quantum,3,encapsulate,0.0371,0.0,0.0,0.303,1184,2400,1088,0,0,0,0,0.0,0.5563,nan,edge/x86_64,unknown,3.12.3,2026-10-09T18:44:41Z
179,ML-KEM-768,post-quantum,3,decapsulate,0.0298,0.0,0.0,0.303,1184,2400,1088,0,0,0,0,0.0,0.4464,nan,edge/x86_64,unknown,3.12.3,2026-10-09T18:44:41Z
180,ML-KEM-768,post-quantum,3,keygen,0.0301,0.0,0.0,0.303,1184,2400,1088,0,0,0,0,0.0,0.4513,nan,edge/x86_64,unknown,3.12.3,2026-10-09T18:44:41Z
180,ML-KEM-768,post-quantum,3,encapsulate,0.0295,0.0,0.0,0.303,1184,2400,1088,0,0,0,0,0.0,0.4426,nan,edge/x86_64,unknown,3.12.3,2026-10-09T18:44:41Z
180,ML-KEM-768,post-quantum,3,decapsulate,0.0297,0.0,0.0,0.303,1184,2400,1088,0,0,0,0,0.0,0.4449,nan,edge/x86_64,unknown,3.12.3,2026-10-09T18:44:41Z
181,ML-KEM-768,post-quantum,3,keygen,0.035,0.0,0.0,0.303,1184,2400,1088,0,0,0,0,0.0,0.5246,nan,edge/x86_64,unknown,3.12.3,2026-10-09T18:44:41Z
181,ML-KEM-768,post-quantum,3,encapsulate,0.0294,0.0,0.0,0.303,1184,2400,1088,0,0,0,0,0.0,0.4413,nan,edge/x86_64,unknown,3.12.3,2026-10-09T18:44:41Z
181,ML-KEM-768,post-quantum,3,decapsulate,0.0341,0.0,0.0,0.303,1184,2400,1088,0,0,0,0,0.0,0.512,nan,edge/x86_64,unknown,3.12.3,2026-10-09T18:44:41Z
182,ML-KEM-768,post-quantum,3,keygen,0.2206,0.0,0.0,0.303,1184,2400,1088,0,0,0,0,0.0,3.3095,nan,edge/x86_64,unknown,3.12.3,2026-10-09T18:44:41Z
182,ML-KEM-768,post-quantum,3,encapsulate,0.1645,0.0,0.0,0.303,1184,2400,1088,0,0,0,0,0.0,2.467,nan,edge/x86_64,unknown,3.12.3,2026-10-09T18:44:41Z
182,ML-KEM-768,post-quantum,3,decapsulate,0.0523,0.0,0.0,0.303,1184,2400,1088,0,0,0,0,0.0,0.785,nan,edge/x86_64,unknown,3.12.3,2026-10-09T18:44:41Z
183,ML-KEM-768,post-quantum,3,keygen,0.0604,0.0,0.0,0.303,1184,2400,1088,0,0,0,0,0.0,0.9067,nan,edge/x86_64,unknown,3.12.3,2026-10-09T18:44:41Z
183,ML-KEM-768,post-quantum,3,encapsulate,0.0561,0.0,0.0,0.303,1184,2400,1088,0,0,0,0,0.0,0.8412,nan,edge/x86_64,unknown,3.12.3,2026-10-09T18:44:41Z
183,ML-KEM-768,post-quantum,3,decapsulate,0.0458,0.0,0.0,0.303,1184,2400,1088,0,0,0,0,0.0,0.6868,nan,edge/x86_64,unknown,3.12.3,2026-10-09T18:44:41Z
184,ML-KEM-768,post-quantum,3,keygen,0.0699,0.0,0.0,0.303,1184,2400,1088,0,0,0,0,0.0,1.0484,nan,edge/x86_64,unknown,3.12.3,2026-10-09T18:44:41Z
184,ML-KEM-768,post-quantum,3,encapsulate,0.0348,0.0,0.0,0.303,1184,2400,1088,0,0,0,0,0.0,0.5225,nan,edge/x86_64,unknown,3.12.3,2026-10-09T18:44:41Z
184,ML-KEM-768,post-quantum,3,decapsulate,0.0317,0.0,0.0,0.303,1184,2400,1088,0,0,0,0,0.0,0.475,nan,edge/x86_64,unknown,3.12.3,2026-10-09T18:44:41Z
185,ML-KEM-768,post-quantum,3,keygen,0.0308,0.0,0.0,0.303,1184,2400,1088,0,0,0,0,0.0,0.4617,nan,edge/x86_64,unknown,3.12.3,2026-10-09T18:44:41Z
185,ML-KEM-768,post-quantum,3,encapsulate,0.0312,0.0,0.0,0.303,1184,2400,1088,0,0,0,0,0.0,0.4673,nan,edge/x86_64,unknown,3.12.3,2026-10-09T18:44:41Z
185,ML-KEM-768,post-quantum,3,decapsulate,0.0314,0.0,0.0,0.303,1184,2400,1088,0,0,0,0,0.0,0.4703,nan,edge/x86_64,unknown,3.12.3,2026-10-09T18:44:41Z
186,ML-KEM-768,post-quantum,3,keygen,0.0301,0.0,0.0,0.303,1184,2400,1088,0,0,0,0,0.0,0.4518,nan,edge/x86_64,unknown,3.12.3,2026-10-09T18:44:41Z
186,ML-KEM-768,post-quantum,3,encapsulate,0.0297,0.0,0.0,0.303,1184,2400,1088,0,0,0,0,0.0,0.4454,nan,edge/x86_64,unknown,3.12.3,2026-10-09T18:44:41Z
186,ML-KEM-768,post-quantum,3,decapsulate,0.0298,0.0,0.0,0.303,1184,2400,1088,0,0,0,0,0.0,0.4472,nan,edge/x86_64,unknown,3.12.3,2026-10-09T18:44:41Z
187,ML-KEM-768,post-quantum,3,keygen,0.0295,0.0,0.0,0.303,1184,2400,1088,0,0,0,0,0.0,0.4428,nan,edge/x86_64,unknown,3.12.3,2026-10-09T18:44:41Z
187,ML-KEM-768,post-quantum,3,encapsulate,0.0291,0.0,0.0,0.303,1184,2400,1088,0,0,0,0,0.0,0.4363,nan,edge/x86_64,unknown,3.12.3,2026-10-09T18:44:41Z
187,ML-KEM-768,post-quantum,3,decapsulate,0.0293,0.0,0.0,0.303,1184,2400,1088,0,0,0,0,0.0,0.4396,nan,edge/x86_64,unknown,3.12.3,2026-10-09T18:44:41Z
188,ML-KEM-768,post-quantum,3,keygen,0.0298,0.0,0.0,0.303,1184,2400,1088,0,0,0,0,0.0,0.4477,nan,edge/x86_64,unknown,3.12.3,2026-10-09T18:44:41Z
188,ML-KEM-768,post-quantum,3,encapsulate,0.0488,0.0,0.0,0.303,1184,2400,1088,0,0,0,0,0.0,0.732,nan,edge/x86_64,unknown,3.12.3,2026-10-09T18:44:41Z
188,ML-KEM-768,post-quantum,3,decapsulate,0.0312,0.0,0.0,0.303,1184,2400,1088,0,0,0,0,0.0,0.4673,nan,edge/x86_64,unknown,3.12.3,2026-10-09T18:44:41Z
189,ML-KEM-768,post-quantum,3,keygen,0.03,0.0,0.0,0.303,1184,2400,1088,0,0,0,0,0.0,0.45,nan,edge/x86_64,unknown,3.12.3,2026-10-09T18:44:41Z
189,ML-KEM-768,post-quantum,3,encapsulate,0.0294,0.0,0.0,0.303,1184,2400,1088,0,0,0,0,0.0,0.4415,nan,edge/x86_64,unknown,3.12.3,2026-10-09T18:44:41Z
189,ML-KEM-768,post-quantum,3,decapsulate,0.0294,0.0,0.0,0.303,1184,2400,1088,0,0,0,0,0.0,0.4406,nan,edge/x86_64,unknown,3.12.3,2026-10-09T18:44:41Z
190,ML-KEM-768,post-quantum,3,keygen,0.029,0.0,0.0,0.303,1184,2400,1088,0,0,0,0,0.0,0.4356,nan,edge/x86_64,unknown,3.12.3,2026-10-09T18:44:41Z
190,ML-KEM-768,post-quantum,3,encapsulate,0.0292,0.0,0.0,0.303,1184,2400,1088,0,0,0,0,0.0,0.4374,nan,edge/x86_64,unknown,3.12.3,2026-10-09T18:44:41Z
190,ML-KEM-768,post-quantum,3,decapsulate,0.0294,0.0,0.0,0.303,1184,2400,1088,0,0,0,0,0.0,0.4407,nan,edge/x86_64,unknown,3.12.3,2026-10-09T18:44:41Z
191,ML-KEM-768,post-quantum,3,keygen,0.0299,0.0,0.0,0.303,1184,2400,1088,0,0,0,0,0.0,0.448,nan,edge/x86_64,unknown,3.12.3,2026-10-09T18:44:41Z
191,ML-KEM-768,post-quantum,3,encapsulate,0.0308,0.0,0.0,0.303,1184,2400,1088,0,0,0,0,0.0,0.462,nan,edge/x86_64,unknown,3.12.3,2026-10-09T18:44:41Z
191,ML-KEM-768,post-quantum,3,decapsulate,0.0295,0.0,0.0,0.303,1184,2400,1088,0,0,0,0,0.0,0.4422,nan,edge/x86_64,unknown,3.12.3,2026-10-09T18:44:41Z
192,ML-KEM-768,post-quantum,3,keygen,0.0305,0.0,0.0,0.303,1184,2400,1088,0,0,0,0,0.0,0.4574,nan,edge/x86_64,unknown,3.12.3,2026-10-09T18:44:41Z
192,ML-KEM-768,post-quantum,3,encapsulate,0.0591,0.0,0.0,0.303,1184,2400,1088,0,0,0,0,0.0,0.8866,nan,edge/x86_64,unknown,3.12.3,2026-10-09T18:44:41Z
192,ML-KEM-768,post-quantum,3,decapsulate,0.0333,0.0,0.0,0.303,1184,2400,1088,0,0,0,0,0.0,0.4988,nan,edge/x86_64,unknown,3.12.3,2026-10-09T18:44:41Z
193,ML-KEM-768,post-quantum,3,keygen,0.0313,0.0,0.0,0.303,1184,2400,1088,0,0,0,0,0.0,0.4698,nan,edge/x86_64,unknown,3.12.3,2026-10-09T18:44:41Z
193,ML-KEM-768,post-quantum,3,encapsulate,0.0535,0.0,0.0,0.303,1184,2400,1088,0,0,0,0,0.0,0.8024,nan,edge/x86_64,unknown,3.12.3,2026-10-09T18:44:41Z
193,ML-KEM-768,post-quantum,3,decapsulate,0.031,0.0,0.0,0.303,1184,2400,1088,0,0,0,0,0.0,0.4656,nan,edge/x86_64,unknown,3.12.3,2026-10-09T18:44:41Z
194,ML-KEM-768,post-quantum,3,keygen,0.0307,0.0,0.0,0.303,1184,2400,1088,0,0,0,0,0.0,0.4609,nan,edge/x86_64,unknown,3.12.3,2026-10-09T18:44:41Z
194,ML-KEM-768,post-quantum,3,encapsulate,0.03,0.0,0.0,0.303,1184,2400,1088,0,0,0,0,0.0,0.4504,nan,edge/x86_64,unknown,3.12.3,2026-10-09T18:44:41Z
194,ML-KEM-768,post-quantum,3,decapsulate,0.039,0.0,0.0,0.303,1184,2400,1088,0,0,0,0,0.0,0.5854,nan,edge/x86_64,unknown,3.12.3,2026-10-09T18:44:41Z
195,ML-KEM-768,post-quantum,3,keygen,0.0301,0.0,0.0,0.303,1184,2400,1088,0,0,0,0,0.0,0.4511,nan,edge/x86_64,unknown,3.12.3,2026-10-09T18:44:41Z
195,ML-KEM-768,post-quantum,3,encapsulate,0.0295,0.0,0.0,0.303,1184,2400,1088,0,0,0,0,0.0,0.4429,nan,edge/x86_64,unknown,3.12.3,2026-10-09T18:44:41Z
195,ML-KEM-768,post-quantum,3,decapsulate,0.0295,0.0,0.0,0.303,1184,2400,1088,0,0,0,0,0.0,0.443,nan,edge/x86_64,unknown,3.12.3,2026-10-09T18:44:41Z
196,ML-KEM-768,post-quantum,3,keygen,0.0294,0.0,0.0,0.303,1184,2400,1088,0,0,0,0,0.0,0.4415,nan,edge/x86_64,unknown,3.12.3,2026-10-09T18:44:41Z
196,ML-KEM-768,post-quantum,3,encapsulate,0.0296,0.0,0.0,0.303,1184,2400,1088,0,0,0,0,0.0,0.444,nan,edge/x86_64,unknown,3.12.3,2026-10-09T18:44:41Z
196,ML-KEM-768,post-quantum,3,decapsulate,0.03,0.0,0.0,0.303,1184,2400,1088,0,0,0,0,0.0,0.4504,nan,edge/x86_64,unknown,3.12.3,2026-10-09T18:44:41Z
197,ML-KEM-768,post-quantum,3,keygen,0.0297,0.0,0.0,0.303,1184,2400,1088,0,0,0,0,0.0,0.4457,nan,edge/x86_64,unknown,3.12.3,2026-10-09T18:44:41Z
197,ML-KEM-768,post-quantum,3,encapsulate,0.0308,0.0,0.0,0.303,1184,2400,1088,0,0,0,0,0.0,0.4622,nan,edge/x86_64,unknown,3.12.3,2026-10-09T18:44:41Z
197,ML-KEM-768,post-quantum,3,decapsulate,0.0298,0.0,0.0,0.303,1184,2400,1088,0,0,0,0,0.0,0.4477,nan,edge/x86_64,unknown,3.12.3,2026-10-09T18:44:41Z
198,ML-KEM-768,post-quantum,3,keygen,0.0312,0.0,0.0,0.303,1184,2400,1088,0,0,0,0,0.0,0.4678,nan,edge/x86_64,unknown,3.12.3,2026-10-09T18:44:41Z
198,ML-KEM-768,post-quantum,3,encapsulate,0.0296,0.0,0.0,0.303,1184,2400,1088,0,0,0,0,0.0,0.4434,nan,edge/x86_64,unknown,3.12.3,2026-10-09T18:44:41Z
198,ML-KEM-768,post-quantum,3,decapsulate,0.0295,0.0,0.0,0.303,1184,2400,1088,0,0,0,0,0.0,0.4432,nan,edge/x86_64,unknown,3.12.3,2026-10-09T18:44:41Z
199,ML-KEM-768,post-quantum,3,keygen,0.0299,0.0,0.0,0.303,1184,2400,1088,0,0,0,0,0.0,0.4483,nan,edge/x86_64,unknown,3.12.3,2026-10-09T18:44:41Z
199,ML-KEM-768,post-quantum,3,encapsulate,0.0297,0.0,0.0,0.303,1184,2400,1088,0,0,0,0,0.0,0.4449,nan,edge/x86_64,unknown,3.12.3,2026-10-09T18:44:41Z
199,ML-KEM-768,post-quantum,3,decapsulate,0.03,0.0,0.0,0.303,1184,2400,1088,0,0,0,0,0.0,0.4498,nan,edge/x86_64,unknown,3.12.3,2026-10-09T18:44:41Z
0,ML-KEM-1024,post-quantum,5,keygen,0.0458,0.0,0.0,0.307,1568,3168,1568,0,0,0,0,0.0,0.6868,nan,edge/x86_64,unknown,3.12.3,2026-10-09T18:44:41Z
0,ML-KEM-1024,post-quantum,5,encapsulate,0.0371,0.0,0.0,0.307,1568,3168,1568,0,0,0,0,0.0,0.5571,nan,edge/x86_64,unknown,3.12.3,2026-10-09T18:44:41Z
0,ML-KEM-1024,post-quantum,5,decapsulate,0.0568,0.0,0.0,0.307,1568,3168,1568,0,0,0,0,0.0,0.8524,nan,edge/x86_64,unknown,3.12.3,2026-10-09T18:44:41Z
1,ML-KEM-1024,post-quantum,5,keygen,0.0381,0.0,0.0,0.307,1568,3168,1568,0,0,0,0,0.0,0.5713,nan,edge/x86_64,unknown,3.12.3,2026-10-09T18:44:41Z
1,ML-KEM-1024,post-quantum,5,encapsulate,0.0354,0.0,0.0,0.307,1568,3168,1568,0,0,0,0,0.0,0.531,nan,edge/x86_64,unknown,3.12.3,2026-10-09T18:44:41Z
1,ML-KEM-1024,post-quantum,5,decapsulate,0.0363,0.0,0.0,0.307,1568,3168,1568,0,0,0,0,0.0,0.5438,nan,edge/x86_64,unknown,3.12.3,2026-10-09T18:44:41Z
2,ML-KEM-1024,post-quantum,5,keygen,0.0345,0.0,0.0,0.307,1568,3168,1568,0,0,0,0,0.0,0.5178,nan,edge/x86_64,unknown,3.12.3,2026-10-09T18:44:41Z
2,ML-KEM-1024,post-quantum,5,encapsulate,0.0343,0.0,0.0,0.307,1568,3168,1568,0,0,0,0,0.0,0.5152,nan,edge/x86_64,unknown,3.12.3,2026-10-09T18:44:41Z
2,ML-KEM-1024,post-quantum,5,decapsulate,0.0357,0.0,0.0,0.307,1568,3168,1568,0,0,0,0,0.0,0.5358,nan,edge/x86_64,unknown,3.12.3,2026-10-09T18:44:41Z
3,ML-KEM-1024,post-quantum,5,keygen,0.0345,0.0,0.0,0.307,1568,3168,1568,0,0,0,0,0.0,0.5182,nan,edge/x86_64,unknown,3.12.3,2026-10-09T18:44:41Z
3,ML-KEM-1024,post-quantum,5,encapsulate,0.0992,0.0,0.0,0.307,1568,3168,1568,0,0,0,0,0.0,1.4875,nan,edge/x86_64,unknown,3.12.3,2026-10-09T18:44:41Z
3,ML-KEM-1024,post-quantum,5,decapsulate,0.0423,0.0,0.0,0.307,1568,3168,1568,0,0,0,0,0.0,0.6345,nan,edge/x86_64,unknown,3.12.3,2026-10-09T18:44:41Z
4,ML-KEM-1024,post-quantum,5,keygen,0.0405,0.0,0.0,0.307,1568,3168,1568,0,0,0,0,0.0,0.6082,nan,edge/x86_64,unknown,3.12.3,2026-10-09T18:44:41Z
4,ML-KEM-1024,post-quantum,5,encapsulate,0.0357,0.0,0.0,0.307,1568,3168,1568,0,0,0,0,0.0,0.5354,nan,edge/x86_64,unknown,3.12.3,2026-10-09T18:44:41Z
4,ML-KEM-1024,post-quantum,5,decapsulate,0.0355,0.0,0.0,0.307,1568,3168,1568,0,0,0,0,0.0,0.5319,nan,edge/x86_64,unknown,3.12.3,2026-10-09T18:44:41Z
5,ML-KEM-1024,post-quantum,5,keygen,0.0341,0.0,0.0,0.307,1568,3168,1568,0,0,0,0,0.0,0.5122,nan,edge/x86_64,unknown,3.12.3,2026-10-09T18:44:41Z
5,ML-KEM-1024,post-quantum,5,encapsulate,0.0344,0.0,0.0,0.307,1568,3168,1568,0,0,0,0,0.0,0.5158,nan,edge/x86_64,unknown,3.12.3,2026-10-09T18:44:41Z
5,ML-KEM-1024,post-quantum,5,decapsulate,0.0353,0.0,0.0,0.307,1568,3168,1568,0,0,0,0,0.0,0.5298,nan,edge/x86_64,unknown,3.12.3,2026-10-09T18:44:41Z
6,ML-KEM-1024,post-quantum,5,keygen,0.0336,0.0,0.0,0.307,1568,3168,1568,0,0,0,0,0.0,0.5037,nan,edge/x86_64,unknown,3.12.3,2026-10-09T18:44:41Z
6,ML-KEM-1024,post-quantum,5,encapsulate,0.0341,0.0,0.0,0.307,1568,3168,1568,0,0,0,0,0.0,0.5112,nan,edge/x86_64,unknown,3.12.3,2026-10-09T18:44:41Z
6,ML-KEM-1024,post-quantum,5,decapsulate,0.035,0.0,0.0,0.307,1568,3168,1568,0,0,0,0,0.0,0.5252,nan,edge/x86_64,unknown,3.12.3,2026-10-09T18:44:41Z
7,ML-KEM-1024,post-quantum,5,keygen,0.0337,0.0,0.0,0.307,1568,3168,1568,0,0,0,0,0.0,0.5057,nan,edge/x86_64,unknown,3.12.3,2026-10-09T18:44:41Z
7,ML-KEM-1024,post-quantum,5,encapsulate,0.0355,0.0,0.0,0.307,1568,3168,1568,0,0,0,0,0.0,0.5322,nan,edge/x86_64,unknown,3.12.3,2026-10-09T18:44:41Z
7,ML-KEM-1024,post-quantum,5,decapsulate,0.0356,0.0,0.0,0.307,1568,3168,1568,0,0,0,0,0.0,0.5336,nan,edge/x86_64,unknown,3.12.3,2026-10-09T18:44:41Z
8,ML-KEM-1024,post-quantum,5,keygen,0.0355,0.0,0.0,0.307,1568,3168,1568,0,0,0,0,0.0,0.5331,nan,edge/x86_64,unknown,3.12.3,2026-10-09T18:44:41Z
8,ML-KEM-1024,post-quantum,5,encapsulate,0.0342,0.0,0.0,0.307,1568,3168,1568,0,0,0,0,0.0,0.5136,nan,edge/x86_64,unknown,3.12.3,2026-10-09T18:44:41Z
8,ML-KEM-1024,post-quantum,5,decapsulate,0.0452,0.0,0.0,0.307,1568,3168,1568,0,0,0,0,0.0,0.6773,nan,edge/x86_64,unknown,3.12.3,2026-10-09T18:44:41Z
9,ML-KEM-1024,post-quantum,5,keygen,0.0362,0.0,0.0,0.307,1568,3168,1568,0,0,0,0,0.0,0.5437,nan,edge/x86_64,unknown,3.12.3,2026-10-09T18:44:41Z
9,ML-KEM-1024,post-quantum,5,encapsulate,0.0357,0.0,0.0,0.307,1568,3168,1568,0,0,0,0,0.0,0.5349,nan,edge/x86_64,unknown,3.12.3,2026-10-09T18:44:41Z
9,ML-KEM-1024,post-quantum,5,decapsulate,0.0586,0.0,0.0,0.307,1568,3168,1568,0,0,0,0,0.0,0.8783,nan,edge/x86_64,unknown,3.12.3,2026-10-09T18:44:41Z
10,ML-KEM-1024,post-quantum,5,keygen,0.0372,0.0,0.0,0.307,1568,3168,1568,0,0,0,0,0.0,0.5586,nan,edge/x86_64,unknown,3.12.3,2026-10-09T18:44:41Z
10,ML-KEM-1024,post-quantum,5,encapsulate,0.035,0.0,0.0,0.307,1568,3168,1568,0,0,0,0,0.0,0.5244,nan,edge/x86_64,unknown,3.12.3,2026-10-09T18:44:41Z
10,ML-KEM-1024,post-quantum,5,decapsulate,0.0355,0.0,0.0,0.307,1568,3168,1568,0,0,0,0,0.0,0.5328,nan,edge/x86_64,unknown,3.12.3,2026-10-09T18:44:41Z
11,ML-KEM-1024,post-quantum,5,keygen,0.0346,0.0,0.0,0.307,1568,3168,1568,0,0,0,0,0.0,0.5197,nan,edge/x86_64,unknown,3.12.3,2026-10-09T18:44:41Z
11,ML-KEM-1024,post-quantum,5,encapsulate,0.0629,0.0,0.0,0.307,1568,3168,1568,0,0,0,0,0.0,0.9431,nan,edge/x86_64,unknown,3.12.3,2026-10-09T18:44:41Z
11,ML-KEM-1024,post-quantum,5,decapsulate,0.0662,0.0,0.0,0.307,1568,3168,1568,0,0,0,0,0.0,0.9929,nan,edge/x86_64,unknown,3.12.3,2026-10-09T18:44:41Z
12,ML-KEM-1024,post-quantum,5,keygen,0.0441,0.0,0.0,0.307,1568,3168,1568,0,0,0,0,0.0,0.6622,nan,edge/x86_64,unknown,3.12.3,2026-10-09T18:44:41Z
12,ML-KEM-1024,post-quantum,5,encapsulate,0.036,0.0,0.0,0.307,1568,3168,1568,0,0,0,0,0.0,0.5395,nan,edge/x86_64,unknown,3.12.3,2026-10-09T18:44:41Z
12,ML-KEM-1024,post-quantum,5,decapsulate,0.036,0.0,0.0,0.307,1568,3168,1568,0,0,0,0,0.0,0.5395,nan,edge/x86_64,unknown,3.12.3,2026-10-09T18:44:41Z
13,ML-KEM-1024,post-quantum,5,keygen,0.0347,0.0,0.0,0.307,1568,3168,1568,0,0,0,0,0.0,0.5208,nan,edge/x86_64,unknown,3.12.3,2026-10-09T18:44:41Z
13,ML-KEM-1024,post-quantum,5,encapsulate,0.0347,0.0,0.0,0.307,1568,3168,1568,0,0,0,0,0.0,0.5202,nan,edge/x86_64,unknown,3.12.3,2026-10-09T18:44:41Z
13,ML-KEM-1024,post-quantum,5,decapsulate,0.0385,0.0,0.0,0.307,1568,3168,1568,0,0,0,0,0.0,0.5773,nan,edge/x86_64,unknown,3.12.3,2026-10-09T18:44:41Z
14,ML-KEM-1024,post-quantum,5,keygen,0.0341,0.0,0.0,0.307,1568,3168,1568,0,0,0,0,0.0,0.5117,nan,edge/x86_64,unknown,3.12.3,2026-10-09T18:44:41Z
14,ML-KEM-1024,post-quantum,5,encapsulate,0.0341,0.0,0.0,0.307,1568,3168,1568,0,0,0,0,0.0,0.5112,nan,edge/x86_64,unknown,3.12.3,2026-10-09T18:44:41Z
14,ML-KEM-1024,post-quantum,5,decapsulate,0.035,0.0,0.0,0.307,1568,3168,1568,0,0,0,0,0.0,0.5243,nan,edge/x86_64,unknown,3.12.3,2026-10-09T18:44:41Z
15,ML-KEM-1024,post-quantum,5,keygen,0.034,0.0,0.0,0.307,1568,3168,1568,0,0,0,0,0.0,0.5101,nan,edge/x86_64,unknown,3.12.3,2026-10-09T18:44:41Z
15,ML-KEM-1024,post-quantum,5,encapsulate,0.0356,0.0,0.0,0.307,1568,3168,1568,0,0,0,0,0.0,0.5337,nan,edge/x86_64,unknown,3.12.3,2026-10-09T18:44:41Z
15,ML-KEM-1024,post-quantum,5,decapsulate,0.0505,0.0,0.0,0.307,1568,3168,1568,0,0,0,0,0.0,0.7568,nan,edge/x86_64,unknown,3.12.3,2026-10-09T18:44:41Z
16,ML-KEM-1024,post-quantum,5,keygen,0.0564,0.0,0.0,0.307,1568,3168,1568,0,0,0,0,0.0,0.8457,nan,edge/x86_64,unknown,3.12.3,2026-10-09T18:44:41Z
16,ML-KEM-1024,post-quantum,5,encapsulate,0.0355,0.0,0.0,0.307,1568,3168,1568,0,0,0,0,0.0,0.533,nan,edge/x86_64,unknown,3.12.3,2026-10-09T18:44:41Z
16,ML-KEM-1024,post-quantum,5,decapsulate,0.0355,0.0,0.0,0.307,1568,3168,1568,0,0,0,0,0.0,0.5322,nan,edge/x86_64,unknown,3.12.3,2026-10-09T18:44:41Z
17,ML-KEM-1024,post-quantum,5,keygen,0.035,0.0,0.0,0.307,1568,3168,1568,0,0,0,0,0.0,0.5248,nan,edge/x86_64,unknown,3.12.3,2026-10-09T18:44:41Z
17,ML-KEM-1024,post-quantum,5,encapsulate,0.0349,0.0,0.0,0.307,1568,3168,1568,0,0,0,0,0.0,0.5233,nan,edge/x86_64,unknown,3.12.3,2026-10-09T18:44:41Z
17,ML-KEM-1024,post-quantum,5,decapsulate,0.0362,0.0,0.0,0.307,1568,3168,1568,0,0,0,0,0.0,0.5436,nan,edge/x86_64,unknown,3.12.3,2026-10-09T18:44:41Z
18,ML-KEM-1024,post-quantum,5,keygen,0.0333,0.0,0.0,0.307,1568,3168,1568,0,0,0,0,0.0,0.5001,nan,edge/x86_64,unknown,3.12.3,2026-10-09T18:44:41Z
18,ML-KEM-1024,post-quantum,5,encapsulate,0.0338,0.0,0.0,0.307,1568,3168,1568,0,0,0,0,0.0,0.5069,nan,edge/x86_64,unknown,3.12.3,2026-10-09T18:44:41Z
18,ML-KEM-1024,post-quantum,5,decapsulate,0.0349,0.0,0.0,0.307,1568,3168,1568,0,0,0,0,0.0,0.5237,nan,edge/x86_64,unknown,3.12.3,2026-10-09T18:44:41Z
19,ML-KEM-1024,post-quantum,5,keygen,0.034,0.0,0.0,0.307,1568,3168,1568,0,0,0,0,0.0,0.5102,nan,edge/x86_64,unknown,3.12.3,2026-10-09T18:44:41Z
19,ML-KEM-1024,post-quantum,5,encapsulate,0.0348,0.0,0.0,0.307,1568,3168,1568,0,0,0,0,0.0,0.5216,nan,edge/x86_64,unknown,3.12.3,2026-10-09T18:44:41Z
19,ML-KEM-1024,post-quantum,5,decapsulate,0.0457,0.0,0.0,0.307,1568,3168,1568,0,0,0,0,0.0,0.6853,nan,edge/x86_64,unknown,3.12.3,2026-10-09T18:44:41Z
20,ML-KEM-1024,post-quantum,5,keygen,0.0347,0.0,0.0,0.307,1568,3168,1568,0,0,0,0,0.0,0.5207,nan,edge/x86_64,unknown,3.12.3,2026-10-09T18:44:41Z
20,ML-KEM-1024,post-quantum,5,encapsulate,0.0882,0.0,0.0,0.307,1568,3168,1568,0,0,0,0,0.0,1.3232,nan,edge/x86_64,unknown,3.12.3,2026-10-09T18:44:41Z
20,ML-KEM-1024,post-quantum,5,decapsulate,0.0603,0.0,0.0,0.307,1568,3168,1568,0,0,0,0,0.0,0.9051,nan,edge/x86_64,unknown,3.12.3,2026-10-09T18:44:41Z
21,ML-KEM-1024,post-quantum,5,keygen,0.0382,0.0,0.0,0.307,1568,3168,1568,0,0,0,0,0.0,0.5727,nan,edge/x86_64,unknown,3.12.3,2026-10-09T18:44:41Z
21,ML-KEM-1024,post-quantum,5,encapsulate,0.0371,0.0,0.0,0.307,1568,3168,1568,0,0,0,0,0.0,0.5566,nan,edge/x86_64,unknown,3.12.3,2026-10-09T18:44:41Z
21,ML-KEM-1024,post-quantum,5,decapsulate,0.0357,0.0,0.0,0.307,1568,3168,1568,0,0,0,0,0.0,0.5355,nan,edge/x86_64,unknown,3.12.3,2026-10-09T18:44:41Z
22,ML-KEM-1024,post-quantum,5,keygen,0.0338,0.0,0.0,0.307,1568,3168,1568,0,0,0,0,0.0,0.5072,nan,edge/x86_64,unknown,3.12.3,2026-10-09T18:44:41Z
22,ML-KEM-1024,post-quantum,5,encapsulate,0.0345,0.0,0.0,0.307,1568,3168,1568,0,0,0,0,0.0,0.5179,nan,edge/x86_64,unknown,3.12.3,2026-10-09T18:44:41Z
22,ML-KEM-1024,post-quantum,5,decapsulate,0.0366,0.0,0.0,0.307,1568,3168,1568,0,0,0,0,0.0,0.5487,nan,edge/x86_64,unknown,3.12.3,2026-10-09T18:44:41Z
23,ML-KEM-1024,post-quantum,5,keygen,0.0348,0.0,0.0,0.307,1568,3168,1568,0,0,0,0,0.0,0.5219,nan,edge/x86_64,unknown,3.12.3,2026-10-09T18:44:41Z
23,ML-KEM-1024,post-quantum,5,encapsulate,0.035,0.0,0.0,0.307,1568,3168,1568,0,0,0,0,0.0,0.5243,nan,edge/x86_64,unknown,3.12.3,2026-10-09T18:44:41Z
23,ML-KEM-1024,post-quantum,5,decapsulate,0.0364,0.0,0.0,0.307,1568,3168,1568,0,0,0,0,0.0,0.5466,nan,edge/x86_64,unknown,3.12.3,2026-10-09T18:44:41Z
24,ML-KEM-1024,post-quantum,5,keygen,0.0339,0.0,0.0,0.307,1568,3168,1568,0,0,0,0,0.0,0.5081,nan,edge/x86_64,unknown,3.12.3,2026-10-09T18:44:41Z
24,ML-KEM-1024,post-quantum,5,encapsulate,0.0341,0.0,0.0,0.307,1568,3168,1568,0,0,0,0,0.0,0.5118,nan,edge/x86_64,unknown,3.12.3,2026-10-09T18:44:41Z
24,ML-KEM-1024,post-quantum,5,decapsulate,0.0356,0.0,0.0,0.307,1568,3168,1568,0,0,0,0,0.0,0.534,nan,edge/x86_64,unknown,3.12.3,2026-10-09T18:44:41Z
25,ML-KEM-1024,post-quantum,5,keygen,0.0516,0.0,0.0,0.307,1568,3168,1568,0,0,0,0,0.0,0.7743,nan,edge/x86_64,unknown,3.12.3,2026-10-09T18:44:41Z
25,ML-KEM-1024,post-quantum,5,encapsulate,0.036,0.0,0.0,0.307,1568,3168,1568,0,0,0,0,0.0,0.5405,nan,edge/x86_64,unknown,3.12.3,2026-10-09T18:44:41Z
25,ML-KEM-1024,post-quantum,5,decapsulate,0.0352,0.0,0.0,0.307,1568,3168,1568,0,0,0,0,0.0,0.5281,nan,edge/x86_64,unknown,3.12.3,2026-10-09T18:44:41Z
26,ML-KEM-1024,post-quantum,5,keygen,0.0341,0.0,0.0,0.307,1568,3168,1568,0,0,0,0,0.0,0.5111,nan,edge/x86_64,unknown,3.12.3,2026-10-09T18:44:41Z
26,ML-KEM-1024,post-quantum,5,encapsulate,0.0388,0.0,0.0,0.307,1568,3168,1568,0,0,0,0,0.0,0.5815,nan,edge/x86_64,unknown,3.12.3,2026-10-09T18:44:41Z
26,ML-KEM-1024,post-quantum,5,decapsulate,0.0365,0.0,0.0,0.307,1568,3168,1568,0,0,0,0,0.0,0.5471,nan,edge/x86_64,unknown,3.12.3,2026-10-09T18:44:41Z
27,ML-KEM-1024,post-quantum,5,keygen,0.0339,0.0,0.0,0.307,1568,3168,1568,0,0,0,0,0.0,0.5084,nan,edge/x86_64,unknown,3.12.3,2026-10-09T18:44:41Z
27,ML-KEM-1024,post-quantum,5,encapsulate,0.0357,0.0,0.0,0.307,1568,3168,1568,0,0,0,0,0.0,0.5354,nan,edge/x86_64,unknown,3.12.3,2026-10-09T18:44:41Z
27,ML-KEM-1024,post-quantum,5,decapsulate,0.0357,0.0,0.0,0.307,1568,3168,1568,0,0,0,0,0.0,0.535,nan,edge/x86_64,unknown,3.12.3,2026-10-09T18:44:41Z
28,ML-KEM-1024,post-quantum,5,keygen,0.0396,0.0,0.0,0.307,1568,3168,1568,0,0,0,0,0.0,0.5944,nan,edge/x86_64,unknown,3.12.3,2026-10-09T18:44:41Z
28,ML-KEM-1024,post-quantum,5,encapsulate,0.0352,0.0,0.0,0.307,1568,3168,1568,0,0,0,0,0.0,0.5286,nan,edge/x86_64,unknown,3.12.3,2026-10-09T18:44:41Z
28,ML-KEM-1024,post-quantum,5,decapsulate,0.036,0.0,0.0,0.307,1568,3168,1568,0,0,0,0,0.0,0.5407,nan,edge/x86_64,unknown,3.12.3,2026-10-09T18:44:41Z
29,ML-KEM-1024,post-quantum,5,keygen,0.0339,0.0,0.0,0.307,1568,3168,1568,0,0,0,0,0.0,0.5088,nan,edge/x86_64,unknown,3.12.3,2026-10-09T18:44:41Z
29,ML-KEM-1024,post-quantum,5,encapsulate,0.0555,0.0,0.0,0.307,1568,3168,1568,0,0,0,0,0.0,0.8319,nan,edge/x86_64,unknown,3.12.3,2026-10-09T18:44:41Z
29,ML-KEM-1024,post-quantum,5,decapsulate,0.0886,0.0,0.0,0.307,1568,3168,1568,0,0,0,0,0.0,1.3294,nan,edge/x86_64,unknown,3.12.3,2026-10-09T18:44:41Z
30,ML-KEM-1024,post-quantum,5,keygen,0.0395,0.0,0.0,0.307,1568,3168,1568,0,0,0,0,0.0,0.5918,nan,edge/x86_64,unknown,3.12.3,2026-10-09T18:44:41Z
30,ML-KEM-1024,post-quantum,5,encapsulate,0.0358,0.0,0.0,0.307,1568,3168,1568,0,0,0,0,0.0,0.5368,nan,edge/x86_64,unknown,3.12.3,2026-10-09T18:44:41Z
30,ML-KEM-1024,post-quantum,5,decapsulate,0.0356,0.0,0.0,0.307,1568,3168,1568,0,0,0,0,0.0,0.5336,nan,edge/x86_64,unknown,3.12.3,2026-10-09T18:44:41Z
31,ML-KEM-1024,post-quantum,5,keygen,0.035,0.0,0.0,0.307,1568,3168,1568,0,0,0,0,0.0,0.5256,nan,edge/x86_64,unknown,3.12.3,2026-10-09T18:44:41Z
31,ML-KEM-1024,post-quantum,5,encapsulate,0.0348,0.0,0.0,0.307,1568,3168,1568,0,0,0,0,0.0,0.5218,nan,edge/x86_64,unknown,3.12.3,2026-10-09T18:44:41Z
31,ML-KEM-1024,post-quantum,5,decapsulate,0.0354,0.0,0.0,0.307,1568,3168,1568,0,0,0,0,0.0,0.5309,nan,edge/x86_64,unknown,3.12.3,2026-10-09T18:44:41Z
32,ML-KEM-1024,post-quantum,5,keygen,0.0335,0.0,0.0,0.307,1568,3168,1568,0,0,0,0,0.0,0.503,nan,edge/x86_64,unknown,3.12.3,2026-10-09T18:44:41Z
32,ML-KEM-1024,post-quantum,5,encapsulate,0.0341,0.0,0.0,0.307,1568,3168,1568,0,0,0,0,0.0,0.5122,nan,edge/x86_64,unknown,3.12.3,2026-10-09T18:44:41Z
32,ML-KEM-1024,post-quantum,5,decapsulate,0.0367,0.0,0.0,0.307,1568,3168,1568,0,0,0,0,0.0,0.5511,nan,edge/x86_64,unknown,3.12.3,2026-10-09T18:44:41Z
33,ML-KEM-1024,post-quantum,5,keygen,0.0349,0.0,0.0,0.307,1568,3168,1568,0,0,0,0,0.0,0.5229,nan,edge/x86_64,unknown,3.12.3,2026-10-09T18:44:41Z
33,ML-KEM-1024,post-quantum,5,encapsulate,0.0355,0.0,0.0,0.307,1568,3168,1568,0,0,0,0,0.0,0.532,nan,edge/x86_64,unknown,3.12.3,2026-10-09T18:44:41Z
33,ML-KEM-1024,post-quantum,5,decapsulate,0.036,0.0,0.0,0.307,1568,3168,1568,0,0,0,0,0.0,0.5394,nan,edge/x86_64,unknown,3.12.3,2026-10-09T18:44:41Z
34,ML-KEM-1024,post-quantum,5,keygen,0.0552,0.0,0.0,0.307,1568,3168,1568,0,0,0,0,0.0,0.828,nan,edge/x86_64,unknown,3.12.3,2026-10-09T18:44:41Z
34,ML-KEM-1024,post-quantum,5,encapsulate,0.0348,0.0,0.0,0.307,1568,3168,1568,0,0,0,0,0.0,0.522,nan,edge/x86_64,unknown,3.12.3,2026-10-09T18:44:41Z
34,ML-KEM-1024,post-quantum,5,decapsulate,0.0355,0.0,0.0,0.307,1568,3168,1568,0,0,0,0,0.0,0.532,nan,edge/x86_64,unknown,3.12.3,2026-10-09T18:44:41Z
35,ML-KEM-1024,post-quantum,5,keygen,0.0335,0.0,0.0,0.307,1568,3168,1568,0,0,0,0,0.0,0.5029,nan,edge/x86_64,unknown,3.12.3,2026-10-09T18:44:41Z
35,ML-KEM-1024,post-quantum,5,encapsulate,0.0341,0.0,0.0,0.307,1568,3168,1568,0,0,0,0,0.0,0.5117,nan,edge/x86_64,unknown,3.12.3,2026-10-09T18:44:41Z
35,ML-KEM-1024,post-quantum,5,decapsulate,0.0358,0.0,0.0,0.307,1568,3168,1568,0,0,0,0,0.0,0.5371,nan,edge/x86_64,unknown,3.12.3,2026-10-09T18:44:41Z
36,ML-KEM-1024,post-quantum,5,keygen,0.0339,0.0,0.0,0.307,1568,3168,1568,0,0,0,0,0.0,0.5083,nan,edge/x86_64,unknown,3.12.3,2026-10-09T18:44:41Z
36,ML-KEM-1024,post-quantum,5,encapsulate,0.0345,0.0,0.0,0.307,1568,3168,1568,0,0,0,0,0.0,0.5174,nan,edge/x86_64,unknown,3.12.3,2026-10-09T18:44:41Z
36,ML-KEM-1024,post-quantum,5,decapsulate,0.0463,0.0,0.0,0.307,1568,3168,1568,0,0,0,0,0.0,0.6951,nan,edge/x86_64,unknown,3.12.3,2026-10-09T18:44:41Z
37,ML-KEM-1024,post-quantum,5,keygen,0.0344,0.0,0.0,0.307,1568,3168,1568,0,0,0,0,0.0,0.5157,nan,edge/x86_64,unknown,3.12.3,2026-10-09T18:44:41Z
37,ML-KEM-1024,post-quantum,5,encapsulate,0.0347,0.0,0.0,0.307,1568,3168,1568,0,0,0,0,0.0,0.5206,nan,edge/x86_64,unknown,3.12.3,2026-10-09T18:44:41Z
37,ML-KEM-1024,post-quantum,5,decapsulate,0.0361,0.0,0.0,0.307,1568,3168,1568,0,0,0,0,0.0,0.5416,nan,edge/x86_64,unknown,3.12.3,2026-10-09T18:44:41Z
38,ML-KEM-1024,post-quantum,5,keygen,0.0347,0.0,0.0,0.307,1568,3168,1568,0,0,0,0,0.0,0.5207,nan,edge/x86_64,unknown,3.12.3,2026-10-09T18:44:41Z
38,ML-KEM-1024,post-quantum,5,encapsulate,0.0347,0.0,0.0,0.307,1568,3168,1568,0,0,0,0,0.0,0.5206,nan,edge/x86_64,unknown,3.12.3,2026-10-09T18:44:41Z
38,ML-KEM-1024,post-quantum,5,decapsulate,0.0608,0.0,0.0,0.307,1568,3168,1568,0,0,0,0,0.0,0.9115,nan,edge/x86_64,unknown,3.12.3,2026-10-09T18:44:41Z
39,ML-KEM-1024,post-quantum,5,keygen,0.0753,0.0,0.0,0.307,1568,3168,1568,0,0,0,0,0.0,1.1302,nan,edge/x86_64,unknown,3.12.3,2026-10-09T18:44:41Z
39,ML-KEM-1024,post-quantum,5,encapsulate,0.0376,0.0,0.0,0.307,1568,3168,1568,0,0,0,0,0.0,0.5636,nan,edge/x86_64,unknown,3.12.3,2026-10-09T18:44:41Z
39,ML-KEM-1024,post-quantum,5,decapsulate,0.036,0.0,0.0,0.307,1568,3168,1568,0,0,0,0,0.0,0.5396,nan,edge/x86_64,unknown,3.12.3,2026-10-09T18:44:41Z
40,ML-KEM-1024,post-quantum,5,keygen,0.0344,0.0,0.0,0.307,1568,3168,1568,0,0,0,0,0.0,0.5156,nan,edge/x86_64,unknown,3.12.3,2026-10-09T18:44:41Z
40,ML-KEM-1024,post-quantum,5,encapsulate,0.0352,0.0,0.0,0.307,1568,3168,1568,0,0,0,0,0.0,0.5278,nan,edge/x86_64,unknown,3.12.3,2026-10-09T18:44:41Z
40,ML-KEM-1024,post-quantum,5,decapsulate,0.0355,0.0,0.0,0.307,1568,3168,1568,0,0,0,0,0.0,0.5332,nan,edge/x86_64,unknown,3.12.3,2026-10-09T18:44:41Z
41,ML-KEM-1024,post-quantum,5,keygen,0.0348,0.0,0.0,0.307,1568,3168,1568,0,0,0,0,0.0,0.5215,nan,edge/x86_64,unknown,3.12.3,2026-10-09T18:44:41Z
41,ML-KEM-1024,post-quantum,5,encapsulate,0.0349,0.0,0.0,0.307,1568,3168,1568,0,0,0,0,0.0,0.524,nan,edge/x86_64,unknown,3.12.3,2026-10-09T18:44:41Z
41,ML-KEM-1024,post-quantum,5,decapsulate,0.0357,0.0,0.0,0.307,1568,3168,1568,0,0,0,0,0.0,0.5359,nan,edge/x86_64,unknown,3.12.3,2026-10-09T18:44:41Z
42,ML-KEM-1024,post-quantum,5,keygen,0.0345,0.0,0.0,0.307,1568,3168,1568,0,0,0,0,0.0,0.517,nan,edge/x86_64,unknown,3.12.3,2026-10-09T18:44:41Z
42,ML-KEM-1024,post-quantum,5,encapsulate,0.035,0.0,0.0,0.307,1568,3168,1568,0,0,0,0,0.0,0.5253,nan,edge/x86_64,unknown,3.12.3,2026-10-09T18:44:41Z
42,ML-KEM-1024,post-quantum,5,decapsulate,0.0441,0.0,0.0,0.307,1568,3168,1568,0,0,0,0,0.0,0.6621,nan,edge/x86_64,unknown,3.12.3,2026-10-09T18:44:41Z
43,ML-KEM-1024,post-quantum,5,keygen,0.1026,0.0,0.0,0.307,1568,3168,1568,0,0,0,0,0.0,1.5396,nan,edge/x86_64,unknown,3.12.3,2026-10-09T18:44:41Z
43,ML-KEM-1024,post-quantum,5,encapsulate,0.0637,0.0,0.0,0.307,1568,3168,1568,0,0,0,0,0.0,0.955,nan,edge/x86_64,unknown,3.12.3,2026-10-09T18:44:41Z
43,ML-KEM-1024,post-quantum,5,decapsulate,0.0637,0.0,0.0,0.307,1568,3168,1568,0,0,0,0,0.0,0.9549,nan,edge/x86_64,unknown,3.12.3,2026-10-09T18:44:41Z
44,ML-KEM-1024,post-quantum,5,keygen,0.0567,0.0,0.0,0.307,1568,3168,1568,0,0,0,0,0.0,0.8511,nan,edge/x86_64,unknown,3.12.3,2026-10-09T18:44:41Z
44,ML-KEM-1024,post-quantum,5,encapsulate,0.0558,0.0,0.0,0.307,1568,3168,1568,0,0,0,0,0.0,0.8373,nan,edge/x86_64,unknown,3.12.3,2026-10-09T18:44:41Z
44,ML-KEM-1024,post-quantum,5,decapsulate,0.0598,0.0,0.0,0.307,1568,3168,1568,0,0,0,0,0.0,0.8969,nan,edge/x86_64,unknown,3.12.3,2026-10-09T18:44:41Z
45,ML-KEM-1024,post-quantum,5,keygen,0.0552,0.0,0.0,0.307,1568,3168,1568,0,0,0,0,0.0,0.8276,nan,edge/x86_64,unknown,3.12.3,2026-10-09T18:44:41Z
45,ML-KEM-1024,post-quantum,5,encapsulate,0.0872,0.0,0.0,0.307,1568,3168,1568,0,0,0,0,0.0,1.3079,nan,edge/x86_64,unknown,3.12.3,2026-10-09T18:44:41Z
45,ML-KEM-1024,post-quantum,5,decapsulate,0.0587,0.0,0.0,0.307,1568,3168,1568,0,0,0,0,0.0,0.8803,nan,edge/x86_64,unknown,3.12.3,2026-10-09T18:44:41Z
46,ML-KEM-1024,post-quantum,5,keygen,0.0553,0.0,0.0,0.307,1568,3168,1568,0,0,0,0,0.0,0.8288,nan,edge/x86_64,unknown,3.12.3,2026-10-09T18:44:41Z
46,ML-KEM-1024,post-quantum,5,encapsulate,0.0611,0.0,0.0,0.307,1568,3168,1568,0,0,0,0,0.0,0.9167,nan,edge/x86_64,unknown,3.12.3,2026-10-09T18:44:41Z
46,ML-KEM-1024,post-quantum,5,decapsulate,0.257,0.0,0.0,0.307,1568,3168,1568,0,0,0,0,0.0,3.8551,nan,edge/x86_64,unknown,3.12.3,2026-10-09T18:44:41Z
47,ML-KEM-1024,post-quantum,5,keygen,0.0728,0.0,0.0,0.307,1568,3168,1568,0,0,0,0,0.0,1.0918,nan,edge/x86_64,unknown,3.12.3,2026-10-09T18:44:41Z
47,ML-KEM-1024,post-quantum,5,encapsulate,0.0569,0.0,0.0,0.307,1568,3168,1568,0,0,0,0,0.0,0.8531,nan,edge/x86_64,unknown,3.12.3,2026-10-09T18:44:41Z
47,ML-KEM-1024,post-quantum,5,decapsulate,0.0593,0.0,0.0,0.307,1568,3168,1568,0,0,0,0,0.0,0.8891,nan,edge/x86_64,unknown,3.12.3,2026-10-09T18:44:41Z
48,ML-KEM-1024,post-quantum,5,keygen,0.0543,0.0,0.0,0.307,1568,3168,1568,0,0,0,0,0.0,0.8146,nan,edge/x86_64,unknown,3.12.3,2026-10-09T18:44:41Z
48,ML-KEM-1024,post-quantum,5,encapsulate,0.059,0.0,0.0,0.307,1568,3168,1568,0,0,0,0,0.0,0.8854,nan,edge/x86_64,unknown,3.12.3,2026-10-09T18:44:41Z
48,ML-KEM-1024,post-quantum,5,decapsulate,0.0578,0.0,0.0,0.307,1568,3168,1568,0,0,0,0,0.0,0.8667,nan,edge/x86_64,unknown,3.12.3,2026-10-09T18:44:41Z
49,ML-KEM-1024,post-quantum,5,keygen,0.054,0.0,0.0,0.307,1568,3168,1568,0,0,0,0,0.0,0.8098,nan,edge/x86_64,unknown,3.12.3,2026-10-09T18:44:41Z
49,ML-KEM-1024,post-quantum,5,encapsulate,0.0546,0.0,0.0,0.307,1568,3168,1568,0,0,0,0,0.0,0.8183,nan,edge/x86_64,unknown,3.12.3,2026-10-09T18:44:41Z
49,ML-KEM-1024,post-quantum,5,decapsulate,0.0633,0.0,0.0,0.307,1568,3168,1568,0,0,0,0,0.0,0.9492,nan,edge/x86_64,unknown,3.12.3,2026-10-09T18:44:41Z
50,ML-KEM-1024,post-quantum,5,keygen,0.0589,0.0,0.0,0.307,1568,3168,1568,0,0,0,0,0.0,0.8837,nan,edge/x86_64,unknown,3.12.3,2026-10-09T18:44:41Z
50,ML-KEM-1024,post-quantum,5,encapsulate,0.0564,0.0,0.0,0.307,1568,3168,1568,0,0,0,0,0.0,0.8461,nan,edge/x86_64,unknown,3.12.3,2026-10-09T18:44:41Z
50,ML-KEM-1024,post-quantum,5,decapsulate,0.0584,0.0,0.0,0.307,1568,3168,1568,0,0,0,0,0.0,0.8754,nan,edge/x86_64,unknown,3.12.3,2026-10-09T18:44:41Z
51,ML-KEM-1024,post-quantum,5,keygen,0.0543,0.0,0.0,0.307,1568,3168,1568,0,0,0,0,0.0,0.8152,nan,edge/x86_64,unknown,3.12.3,2026-10-09T18:44:41Z
51,ML-KEM-1024,post-quantum,5,encapsulate,0.0596,0.0,0.0,0.307,1568,3168,1568,0,0,0,0,0.0,0.8943,nan,edge/x86_64,unknown,3.12.3,2026-10-09T18:44:41Z
51,ML-KEM-1024,post-quantum,5,decapsulate,0.069,0.0,0.0,0.307,1568,3168,1568,0,0,0,0,0.0,1.0343,nan,edge/x86_64,unknown,3.12.3,2026-10-09T18:44:41Z
52,ML-KEM-1024,post-quantum,5,keygen,0.0676,0.0,0.0,0.307,1568,3168,1568,0,0,0,0,0.0,1.0135,nan,edge/x86_64,unknown,3.12.3,2026-10-09T18:44:41Z
52,ML-KEM-1024,post-quantum,5,encapsulate,0.0594,0.0,0.0,0.307,1568,3168,1568,0,0,0,0,0.0,0.8903,nan,edge/x86_64,unknown,3.12.3,2026-10-09T18:44:41Z
52,ML-KEM-1024,post-quantum,5,decapsulate,0.0947,0.0,0.0,0.307,1568,3168,1568,0,0,0,0,0.0,1.4199,nan,edge/x86_64,unknown,3.12.3,2026-10-09T18:44:41Z
53,ML-KEM-1024,post-quantum,5,keygen,0.0545,0.0,0.0,0.307,1568,3168,1568,0,0,0,0,0.0,0.8172,nan,edge/x86_64,unknown,3.12.3,2026-10-09T18:44:41Z
53,ML-KEM-1024,post-quantum,5,encapsulate,0.0531,0.0,0.0,0.307,1568,3168,1568,0,0,0,0,0.0,0.7958,nan,edge/x86_64,unknown,3.12.3,2026-10-09T18:44:41Z
53,ML-KEM-1024,post-quantum,5,decapsulate,0.0551,0.0,0.0,0.307,1568,3168,1568,0,0,0,0,0.0,0.827,nan,edge/x86_64,unknown,3.12.3,2026-10-09T18:44:41Z
54,ML-KEM-1024,post-quantum,5,keygen,0.0546,0.0,0.0,0.307,1568,3168,1568,0,0,0,0,0.0,0.8188,nan,edge/x86_64,unknown,3.12.3,2026-10-09T18:44:41Z
54,ML-KEM-1024,post-quantum,5,encapsulate,0.0539,0.0,0.0,0.307,1568,3168,1568,0,0,0,0,0.0,0.808,nan,edge/x86_64,unknown,3.12.3,2026-10-09T18:44:41Z
54,ML-KEM-1024,post-quantum,5,decapsulate,0.0562,0.0,0.0,0.307,1568,3168,1568,0,0,0,0,0.0,0.8432,nan,edge/x86_64,unknown,3.12.3,2026-10-09T18:44:41Z
55,ML-KEM-1024,post-quantum,5,keygen,0.0529,0.0,0.0,0.307,1568,3168,1568,0,0,0,0,0.0,0.7939,nan,edge/x86_64,unknown,3.12.3,2026-10-09T18:44:41Z
55,ML-KEM-1024,post-quantum,5,encapsulate,0.0537,0.0,0.0,0.307,1568,3168,1568,0,0,0,0,0.0,0.8052,nan,edge/x86_64,unknown,3.12.3,2026-10-09T18:44:41Z
55,ML-KEM-1024,post-quantum,5,decapsulate,0.0557,0.0,0.0,0.307,1568,3168,1568,0,0,0,0,0.0,0.8359,nan,edge/x86_64,unknown,3.12.3,2026-10-09T18:44:41Z
56,ML-KEM-1024,post-quantum,5,keygen,0.0536,0.0,0.0,0.307,1568,3168,1568,0,0,0,0,0.0,0.8035,nan,edge/x86_64,unknown,3.12.3,2026-10-09T18:44:41Z
56,ML-KEM-1024,post-quantum,5,encapsulate,0.0543,0.0,0.0,0.307,1568,3168,1568,0,0,0,0,0.0,0.8147,nan,edge/x86_64,unknown,3.12.3,2026-10-09T18:44:41Z
56,ML-KEM-1024,post-quantum,5,decapsulate,0.0622,0.0,0.0,0.307,1568,3168,1568,0,0,0,0,0.0,0.9337,nan,edge/x86_64,unknown,3.12.3,2026-10-09T18:44:41Z
57,ML-KEM-1024,post-quantum,5,keygen,0.0547,0.0,0.0,0.307,1568,3168,1568,0,0,0,0,0.0,0.8201,nan,edge/x86_64,unknown,3.12.3,2026-10-09T18:44:41Z
57,ML-KEM-1024,post-quantum,5,encapsulate,0.0549,0.0,0.0,0.307,1568,3168,1568,0,0,0,0,0.0,0.8234,nan,edge/x86_64,unknown,3.12.3,2026-10-09T18:44:41Z
57,ML-KEM-1024,post-quantum,5,decapsulate,0.0571,0.0,0.0,0.307,1568,3168,1568,0,0,0,0,0.0,0.8562,nan,edge/x86_64,unknown,3.12.3,2026-10-09T18:44:41Z
58,ML-KEM-1024,post-quantum,5,keygen,0.2013,0.0,0.0,0.307,1568,3168,1568,0,0,0,0,0.0,3.0199,nan,edge/x86_64,unknown,3.12.3,2026-10-09T18:44:41Z
58,ML-KEM-1024,post-quantum,5,encapsulate,0.0663,0.0,0.0,0.307,1568,3168,1568,0,0,0,0,0.0,0.9944,nan,edge/x86_64,unknown,3.12.3,2026-10-09T18:44:41Z
58,ML-KEM-1024,post-quantum,5,decapsulate,0.0571,0.0,0.0,0.307,1568,3168,1568,0,0,0,0,0.0,0.8566,nan,edge/x86_64,unknown,3.12.3,2026-10-09T18:44:41Z
59,ML-KEM-1024,post-quantum,5,keygen,0.0549,0.0,0.0,0.307,1568,3168,1568,0,0,0,0,0.0,0.8228,nan,edge/x86_64,unknown,3.12.3,2026-10-09T18:44:41Z
59,ML-KEM-1024,post-quantum,5,encapsulate,0.0563,0.0,0.0,0.307,1568,3168,1568,0,0,0,0,0.0,0.8443,nan,edge/x86_64,unknown,3.12.3,2026-10-09T18:44:41Z
59,ML-KEM-1024,post-quantum,5,decapsulate,0.0586,0.0,0.0,0.307,1568,3168,1568,0,0,0,0,0.0,0.8789,nan,edge/x86_64,unknown,3.12.3,2026-10-09T18:44:41Z
60,ML-KEM-1024,post-quantum,5,keygen,0.0559,0.0,0.0,0.307,1568,3168,1568,0,0,0,0,0.0,0.8391,nan,edge/x86_64,unknown,3.12.3,2026-10-09T18:44:41Z
60,ML-KEM-1024,post-quantum,5,encapsulate,0.0548,0.0,0.0,0.307,1568,3168,1568,0,0,0,0,0.0,0.8217,nan,edge/x86_64,unknown,3.12.3,2026-10-09T18:44:41Z
60,ML-KEM-1024,post-quantum,5,decapsulate,0.0589,0.0,0.0,0.307,1568,3168,1568,0,0,0,0,0.0,0.883,nan,edge/x86_64,unknown,3.12.3,2026-10-09T18:44:41Z
61,ML-KEM-1024,post-quantum,5,keygen,0.0568,0.0,0.0,0.307,1568,3168,1568,0,0,0,0,0.0,0.8523,nan,edge/x86_64,unknown,3.12.3,2026-10-09T18:44:41Z
61,ML-KEM-1024,post-quantum,5,encapsulate,0.0689,0.0,0.0,0.307,1568,3168,1568,0,0,0,0,0.0,1.033,nan,edge/x86_64,unknown,3.12.3,2026-10-09T18:44:41Z
61,ML-KEM-1024,post-quantum,5,decapsulate,0.0593,0.0,0.0,0.307,1568,3168,1568,0,0,0,0,0.0,0.8891,nan,edge/x86_64,unknown,3.12.3,2026-10-09T18:44:41Z
62,ML-KEM-1024,post-quantum,5,keygen,0.0528,0.0,0.0,0.307,1568,3168,1568,0,0,0,0,0.0,0.792,nan,edge/x86_64,unknown,3.12.3,2026-10-09T18:44:41Z
62,ML-KEM-1024,post-quantum,5,encapsulate,0.0539,0.0,0.0,0.307,1568,3168,1568,0,0,0,0,0.0,0.809,nan,edge/x86_64,unknown,3.12.3,2026-10-09T18:44:41Z
62,ML-KEM-1024,post-quantum,5,decapsulate,0.0543,0.0,0.0,0.307,1568,3168,1568,0,0,0,0,0.0,0.8147,nan,edge/x86_64,unknown,3.12.3,2026-10-09T18:44:41Z
63,ML-KEM-1024,post-quantum,5,keygen,0.0524,0.0,0.0,0.307,1568,3168,1568,0,0,0,0,0.0,0.7862,nan,edge/x86_64,unknown,3.12.3,2026-10-09T18:44:41Z
63,ML-KEM-1024,post-quantum,5,encapsulate,0.0577,0.0,0.0,0.307,1568,3168,1568,0,0,0,0,0.0,0.8648,nan,edge/x86_64,unknown,3.12.3,2026-10-09T18:44:41Z
63,ML-KEM-1024,post-quantum,5,decapsulate,0.0874,0.0,0.0,0.307,1568,3168,1568,0,0,0,0,0.0,1.3112,nan,edge/x86_64,unknown,3.12.3,2026-10-09T18:44:41Z
64,ML-KEM-1024,post-quantum,5,keygen,0.0584,0.0,0.0,0.307,1568,3168,1568,0,0,0,0,0.0,0.876,nan,edge/x86_64,unknown,3.12.3,2026-10-09T18:44:41Z
64,ML-KEM-1024,post-quantum,5,encapsulate,0.079,0.0,0.0,0.307,1568,3168,1568,0,0,0,0,0.0,1.1843,nan,edge/x86_64,unknown,3.12.3,2026-10-09T18:44:41Z
64,ML-KEM-1024,post-quantum,5,decapsulate,0.0668,0.0,0.0,0.307,1568,3168,1568,0,0,0,0,0.0,1.0016,nan,edge/x86_64,unknown,3.12.3,2026-10-09T18:44:41Z
65,ML-KEM-1024,post-quantum,5,keygen,0.065,0.0,0.0,0.307,1568,3168,1568,0,0,0,0,0.0,0.9744,nan,edge/x86_64,unknown,3.12.3,2026-10-09T18:44:41Z
65,ML-KEM-1024,post-quantum,5,encapsulate,0.0561,0.0,0.0,0.307,1568,3168,1568,0,0,0,0,0.0,0.8416,nan,edge/x86_64,unknown,3.12.3,2026-10-09T18:44:41Z
65,ML-KEM-1024,post-quantum,5,decapsulate,0.0572,0.0,0.0,0.307,1568,3168,1568,0,0,0,0,0.0,0.8577,nan,edge/x86_64,unknown,3.12.3,2026-10-09T18:44:41Z
66,ML-KEM-1024,post-quantum,5,keygen,0.0529,0.0,0.0,0.307,1568,3168,1568,0,0,0,0,0.0,0.7933,nan,edge/x86_64,unknown,3.12.3,2026-10-09T18:44:41Z
66,ML-KEM-1024,post-quantum,5,encapsulate,0.0523,0.0,0.0,0.307,1568,3168,1568,0,0,0,0,0.0,0.7842,nan,edge/x86_64,unknown,3.12.3,2026-10-09T18:44:41Z
66,ML-KEM-1024,post-quantum,5,decapsulate,0.1111,0.0,0.0,0.307,1568,3168,1568,0,0,0,0,0.0,1.667,nan,edge/x86_64,unknown,3.12.3,2026-10-09T18:44:41Z
67,ML-KEM-1024,post-quantum,5,keygen,0.0565,0.0,0.0,0.307,1568,3168,1568,0,0,0,0,0.0,0.8473,nan,edge/x86_64,unknown,3.12.3,2026-10-09T18:44:41Z
67,ML-KEM-1024,post-quantum,5,encapsulate,0.0525,0.0,0.0,0.307,1568,3168,1568,0,0,0,0,0.0,0.788,nan,edge/x86_64,unknown,3.12.3,2026-10-09T18:44:41Z
67,ML-KEM-1024,post-quantum,5,decapsulate,0.0545,0.0,0.0,0.307,1568,3168,1568,0,0,0,0,0.0,0.8172,nan,edge/x86_64,unknown,3.12.3,2026-10-09T18:44:41Z
68,ML-KEM-1024,post-quantum,5,keygen,0.0537,0.0,0.0,0.307,1568,3168,1568,0,0,0,0,0.0,0.8053,nan,edge/x86_64,unknown,3.12.3,2026-10-09T18:44:41Z
68,ML-KEM-1024,post-quantum,5,encapsulate,0.0554,0.0,0.0,0.307,1568,3168,1568,0,0,0,0,0.0,0.8309,nan,edge/x86_64,unknown,3.12.3,2026-10-09T18:44:41Z
68,ML-KEM-1024,post-quantum,5,decapsulate,0.0577,0.0,0.0,0.307,1568,3168,1568,0,0,0,0,0.0,0.866,nan,edge/x86_64,unknown,3.12.3,2026-10-09T18:44:41Z
69,ML-KEM-1024,post-quantum,5,keygen,0.0553,0.0,0.0,0.307,1568,3168,1568,0,0,0,0,0.0,0.83,nan,edge/x86_64,unknown,3.12.3,2026-10-09T18:44:41Z
69,ML-KEM-1024,post-quantum,5,encapsulate,0.0698,0.0,0.0,0.307,1568,3168,1568,0,0,0,0,0.0,1.0472,nan,edge/x86_64,unknown,3.12.3,2026-10-09T18:44:41Z
69,ML-KEM-1024,post-quantum,5,decapsulate,0.0618,0.0,0.0,0.307,1568,3168,1568,0,0,0,0,0.0,0.9272,nan,edge/x86_64,unknown,3.12.3,2026-10-09T18:44:41Z
70,ML-KEM-1024,post-quantum,5,keygen,0.057,0.0,0.0,0.307,1568,3168,1568,0,0,0,0,0.0,0.8544,nan,edge/x86_64,unknown,3.12.3,2026-10-09T18:44:41Z
70,ML-KEM-1024,post-quantum,5,encapsulate,0.0591,0.0,0.0,0.307,1568,3168,1568,0,0,0,0,0.0,0.8862,nan,edge/x86_64,unknown,3.12.3,2026-10-09T18:44:41Z
70,ML-KEM-1024,post-quantum,5,decapsulate,0.0786,0.0,0.0,0.307,1568,3168,1568,0,0,0,0,0.0,1.1785,nan,edge/x86_64,unknown,3.12.3,2026-10-09T18:44:41Z
71,ML-KEM-1024,post-quantum,5,keygen,0.0558,0.0,0.0,0.307,1568,3168,1568,0,0,0,0,0.0,0.8363,nan,edge/x86_64,unknown,3.12.3,2026-10-09T18:44:41Z
71,ML-KEM-1024,post-quantum,5,encapsulate,0.0545,0.0,0.0,0.307,1568,3168,1568,0,0,0,0,0.0,0.8177,nan,edge/x86_64,unknown,3.12.3,2026-10-09T18:44:41Z
71,ML-KEM-1024,post-quantum,5,decapsulate,0.058,0.0,0.0,0.307,1568,3168,1568,0,0,0,0,0.0,0.8704,nan,edge/x86_64,unknown,3.12.3,2026-10-09T18:44:41Z
72,ML-KEM-1024,post-quantum,5,keygen,0.0542,0.0,0.0,0.307,1568,3168,1568,0,0,0,0,0.0,0.8124,nan,edge/x86_64,unknown,3.12.3,2026-10-09T18:44:41Z
72,ML-KEM-1024,post-quantum,5,encapsulate,0.0539,0.0,0.0,0.307,1568,3168,1568,0,0,0,0,0.0,0.8082,nan,edge/x86_64,unknown,3.12.3,2026-10-09T18:44:41Z
72,ML-KEM-1024,post-quantum,5,decapsulate,0.0586,0.0,0.0,0.307,1568,3168,1568,0,0,0,0,0.0,0.8796,nan,edge/x86_64,unknown,3.12.3,2026-10-09T18:44:41Z
73,ML-KEM-1024,post-quantum,5,keygen,0.0576,0.0,0.0,0.307,1568,3168,1568,0,0,0,0,0.0,0.8642,nan,edge/x86_64,unknown,3.12.3,2026-10-09T18:44:41Z
73,ML-KEM-1024,post-quantum,5,encapsulate,0.0569,0.0,0.0,0.307,1568,3168,1568,0,0,0,0,0.0,0.854,nan,edge/x86_64,unknown,3.12.3,2026-10-09T18:44:41Z
73,ML-KEM-1024,post-quantum,5,decapsulate,0.06,0.0,0.0,0.307,1568,3168,1568,0,0,0,0,0.0,0.8998,nan,edge/x86_64,unknown,3.12.3,2026-10-09T18:44:41Z
74,ML-KEM-1024,post-quantum,5,keygen,0.0565,0.0,0.0,0.307,1568,3168,1568,0,0,0,0,0.0,0.8468,nan,edge/x86_64,unknown,3.12.3,2026-10-09T18:44:41Z
74,ML-KEM-1024,post-quantum,5,encapsulate,0.055,0.0,0.0,0.307,1568,3168,1568,0,0,0,0,0.0,0.8243,nan,edge/x86_64,unknown,3.12.3,2026-10-09T18:44:41Z
74,ML-KEM-1024,post-quantum,5,decapsulate,0.0569,0.0,0.0,0.307,1568,3168,1568,0,0,0,0,0.0,0.8538,nan,edge/x86_64,unknown,3.12.3,2026-10-09T18:44:41Z
75,ML-KEM-1024,post-quantum,5,keygen,0.1003,0.0,0.0,0.307,1568,3168,1568,0,0,0,0,0.0,1.5039,nan,edge/x86_64,unknown,3.12.3,2026-10-09T18:44:41Z
75,ML-KEM-1024,post-quantum,5,encapsulate,0.0979,0.0,0.0,0.307,1568,3168,1568,0,0,0,0,0.0,1.4678,nan,edge/x86_64,unknown,3.12.3,2026-10-09T18:44:41Z
75,ML-KEM-1024,post-quantum,5,decapsulate,0.0608,0.0,0.0,0.307,1568,3168,1568,0,0,0,0,0.0,0.9118,nan,edge/x86_64,unknown,3.12.3,2026-10-09T18:44:41Z
76,ML-KEM-1024,post-quantum,5,keygen,0.0545,0.0,0.0,0.307,1568,3168,1568,0,0,0,0,0.0,0.818,nan,edge/x86_64,unknown,3.12.3,2026-10-09T18:44:41Z
76,ML-KEM-1024,post-quantum,5,encapsulate,0.0533,0.0,0.0,0.307,1568,3168,1568,0,0,0,0,0.0,0.7999,nan,edge/x86_64,unknown,3.12.3,2026-10-09T18:44:41Z
76,ML-KEM-1024,post-quantum,5,decapsulate,0.0597,0.0,0.0,0.307,1568,3168,1568,0,0,0,0,0.0,0.8959,nan,edge/x86_64,unknown,3.12.3,2026-10-09T18:44:41Z
77,ML-KEM-1024,post-quantum,5,keygen,0.0531,0.0,0.0,0.307,1568,3168,1568,0,0,0,0,0.0,0.7962,nan,edge/x86_64,unknown,3.12.3,2026-10-09T18:44:41Z
77,ML-KEM-1024,post-quantum,5,encapsulate,0.055,0.0,0.0,0.307,1568,3168,1568,0,0,0,0,0.0,0.8252,nan,edge/x86_64,unknown,3.12.3,2026-10-09T18:44:41Z
77,ML-KEM-1024,post-quantum,5,decapsulate,0.058,0.0,0.0,0.307,1568,3168,1568,0,0,0,0,0.0,0.8705,nan,edge/x86_64,unknown,3.12.3,2026-10-09T18:44:41Z
78,ML-KEM-1024,post-quantum,5,keygen,0.0531,0.0,0.0,0.307,1568,3168,1568,0,0,0,0,0.0,0.7964,nan,edge/x86_64,unknown,3.12.3,2026-10-09T18:44:41Z
78,ML-KEM-1024,post-quantum,5,encapsulate,0.1224,0.0,0.0,0.307,1568,3168,1568,0,0,0,0,0.0,1.836,nan,edge/x86_64,unknown,3.12.3,2026-10-09T18:44:41Z
78,ML-KEM-1024,post-quantum,5,decapsulate,0.071,0.0,0.0,0.307,1568,3168,1568,0,0,0,0,0.0,1.0648,nan,edge/x86_64,unknown,3.12.3,2026-10-09T18:44:41Z
79,ML-KEM-1024,post-quantum,5,keygen,0.0581,0.0,0.0,0.307,1568,3168,1568,0,0,0,0,0.0,0.872,nan,edge/x86_64,unknown,3.12.3,2026-10-09T18:44:41Z
79,ML-KEM-1024,post-quantum,5,encapsulate,0.0564,0.0,0.0,0.307,1568,3168,1568,0,0,0,0,0.0,0.8455,nan,edge/x86_64,unknown,3.12.3,2026-10-09T18:44:41Z
79,ML-KEM-1024,post-quantum,5,decapsulate,0.0848,0.0,0.0,0.307,1568,3168,1568,0,0,0,0,0.0,1.2719,nan,edge/x86_64,unknown,3.12.3,2026-10-09T18:44:41Z
80,ML-KEM-1024,post-quantum,5,keygen,0.0881,0.0,0.0,0.307,1568,3168,1568,0,0,0,0,0.0,1.321,nan,edge/x86_64,unknown,3.12.3,2026-10-09T18:44:41Z
80,ML-KEM-1024,post-quantum,5,encapsulate,0.0549,0.0,0.0,0.307,1568,3168,1568,0,0,0,0,0.0,0.8239,nan,edge/x86_64,unknown,3.12.3,2026-10-09T18:44:41Z
80,ML-KEM-1024,post-quantum,5,decapsulate,0.0555,0.0,0.0,0.307,1568,3168,1568,0,0,0,0,0.0,0.8322,nan,edge/x86_64,unknown,3.12.3,2026-10-09T18:44:41Z
81,ML-KEM-1024,post-quantum,5,keygen,0.0552,0.0,0.0,0.307,1568,3168,1568,0,0,0,0,0.0,0.8287,nan,edge/x86_64,unknown,3.12.3,2026-10-09T18:44:41Z
81,ML-KEM-1024,post-quantum,5,encapsulate,0.0604,0.0,0.0,0.307,1568,3168,1568,0,0,0,0,0.0,0.9059,nan,edge/x86_64,unknown,3.12.3,2026-10-09T18:44:41Z
81,ML-KEM-1024,post-quantum,5,decapsulate,0.0565,0.0,0.0,0.307,1568,3168,1568,0,0,0,0,0.0,0.8481,nan,edge/x86_64,unknown,3.12.3,2026-10-09T18:44:41Z
82,ML-KEM-1024,post-quantum,5,keygen,0.0524,0.0,0.0,0.307,1568,3168,1568,0,0,0,0,0.0,0.7855,nan,edge/x86_64,unknown,3.12.3,2026-10-09T18:44:41Z
82,ML-KEM-1024,post-quantum,5,encapsulate,0.0549,0.0,0.0,0.307,1568,3168,1568,0,0,0,0,0.0,0.8241,nan,edge/x86_64,unknown,3.12.3,2026-10-09T18:44:41Z
82,ML-KEM-1024,post-quantum,5,decapsulate,0.0554,0.0,0.0,0.307,1568,3168,1568,0,0,0,0,0.0,0.8315,nan,edge/x86_64,unknown,3.12.3,2026-10-09T18:44:41Z
83,ML-KEM-1024,post-quantum,5,keygen,0.055,0.0,0.0,0.307,1568,3168,1568,0,0,0,0,0.0,0.8254,nan,edge/x86_64,unknown,3.12.3,2026-10-09T18:44:41Z
83,ML-KEM-1024,post-quantum,5,encapsulate,0.0661,0.0,0.0,0.307,1568,3168,1568,0,0,0,0,0.0,0.9909,nan,edge/x86_64,unknown,3.12.3,2026-10-09T18:44:41Z
83,ML-KEM-1024,post-quantum,5,decapsulate,0.0606,0.0,0.0,0.307,1568,3168,1568,0,0,0,0,0.0,0.9089,nan,edge/x86_64,unknown,3.12.3,2026-10-09T18:44:41Z
84,ML-KEM-1024,post-quantum,5,keygen,0.0536,0.0,0.0,0.307,1568,3168,1568,0,0,0,0,0.0,0.8038,nan,edge/x86_64,unknown,3.12.3,2026-10-09T18:44:41Z
84,ML-KEM-1024,post-quantum,5,encapsulate,0.1157,0.0,0.0,0.307,1568,3168,1568,0,0,0,0,0.0,1.736,nan,edge/x86_64,unknown,3.12.3,2026-10-09T18:44:41Z
84,ML-KEM-1024,post-quantum,5,decapsulate,0.0628,0.0,0.0,0.307,1568,3168,1568,0,0,0,0,0.0,0.9419,nan,edge/x86_64,unknown,3.12.3,2026-10-09T18:44:41Z
85,ML-KEM-1024,post-quantum,5,keygen,0.0784,0.0,0.0,0.307,1568,3168,1568,0,0,0,0,0.0,1.1762,nan,edge/x86_64,unknown,3.12.3,2026-10-09T18:44:41Z
85,ML-KEM-1024,post-quantum,5,encapsulate,0.0719,0.0,0.0,0.307,1568,3168,1568,0,0,0,0,0.0,1.079,nan,edge/x86_64,unknown,3.12.3,2026-10-09T18:44:41Z
85,ML-KEM-1024,post-quantum,5,decapsulate,0.0383,0.0,0.0,0.307,1568,3168,1568,0,0,0,0,0.0,0.5741,nan,edge/x86_64,unknown,3.12.3,2026-10-09T18:44:41Z
86,ML-KEM-1024,post-quantum,5,keygen,0.0364,0.0,0.0,0.307,1568,3168,1568,0,0,0,0,0.0,0.5458,nan,edge/x86_64,unknown,3.12.3,2026-10-09T18:44:41Z
86,ML-KEM-1024,post-quantum,5,encapsulate,0.0353,0.0,0.0,0.307,1568,3168,1568,0,0,0,0,0.0,0.5292,nan,edge/x86_64,unknown,3.12.3,2026-10-09T18:44:41Z
86,ML-KEM-1024,post-quantum,5,decapsulate,0.0355,0.0,0.0,0.307,1568,3168,1568,0,0,0,0,0.0,0.5319,nan,edge/x86_64,unknown,3.12.3,2026-10-09T18:44:41Z
87,ML-KEM-1024,post-quantum,5,keygen,0.0343,0.0,0.0,0.307,1568,3168,1568,0,0,0,0,0.0,0.5145,nan,edge/x86_64,unknown,3.12.3,2026-10-09T18:44:41Z
87,ML-KEM-1024,post-quantum,5,encapsulate,0.0368,0.0,0.0,0.307,1568,3168,1568,0,0,0,0,0.0,0.5521,nan,edge/x86_64,unknown,3.12.3,2026-10-09T18:44:41Z
87,ML-KEM-1024,post-quantum,5,decapsulate,0.0364,0.0,0.0,0.307,1568,3168,1568,0,0,0,0,0.0,0.5467,nan,edge/x86_64,unknown,3.12.3,2026-10-09T18:44:41Z
88,ML-KEM-1024,post-quantum,5,keygen,0.0341,0.0,0.0,0.307,1568,3168,1568,0,0,0,0,0.0,0.5122,nan,edge/x86_64,unknown,3.12.3,2026-10-09T18:44:41Z
88,ML-KEM-1024,post-quantum,5,encapsulate,0.0349,0.0,0.0,0.307,1568,3168,1568,0,0,0,0,0.0,0.5229,nan,edge/x86_64,unknown,3.12.3,2026-10-09T18:44:41Z
88,ML-KEM-1024,post-quantum,5,decapsulate,0.0357,0.0,0.0,0.307,1568,3168,1568,0,0,0,0,0.0,0.5357,nan,edge/x86_64,unknown,3.12.3,2026-10-09T18:44:41Z
89,ML-KEM-1024,post-quantum,5,keygen,0.0343,0.0,0.0,0.307,1568,3168,1568,0,0,0,0,0.0,0.514,nan,edge/x86_64,unknown,3.12.3,2026-10-09T18:44:41Z
89,ML-KEM-1024,post-quantum,5,encapsulate,0.053,0.0,0.0,0.307,1568,3168,1568,0,0,0,0,0.0,0.7944,nan,edge/x86_64,unknown,3.12.3,2026-10-09T18:44:41Z
89,ML-KEM-1024,post-quantum,5,decapsulate,0.0508,0.0,0.0,0.307,1568,3168,1568,0,0,0,0,0.0,0.7616,nan,edge/x86_64,unknown,3.12.3,2026-10-09T18:44:41Z
90,ML-KEM-1024,post-quantum,5,keygen,0.055,0.0,0.0,0.307,1568,3168,1568,0,0,0,0,0.0,0.8245,nan,edge/x86_64,unknown,3.12.3,2026-10-09T18:44:41Z
90,ML-KEM-1024,post-quantum,5,encapsulate,0.0356,0.0,0.0,0.307,1568,3168,1568,0,0,0,0,0.0,0.5343,nan,edge/x86_64,unknown,3.12.3,2026-10-09T18:44:41Z
90,ML-KEM-1024,post-quantum,5,decapsulate,0.0361,0.0,0.0,0.307,1568,3168,1568,0,0,0,0,0.0,0.541,nan,edge/x86_64,unknown,3.12.3,2026-10-09T18:44:41Z
91,ML-KEM-1024,post-quantum,5,keygen,0.0342,0.0,0.0,0.307,1568,3168,1568,0,0,0,0,0.0,0.5127,nan,edge/x86_64,unknown,3.12.3,2026-10-09T18:44:41Z
91,ML-KEM-1024,post-quantum,5,encapsulate,0.0346,0.0,0.0,0.307,1568,3168,1568,0,0,0,0,0.0,0.5197,nan,edge/x86_64,unknown,3.12.3,2026-10-09T18:44:41Z
91,ML-KEM-1024,post-quantum,5,decapsulate,0.0354,0.0,0.0,0.307,1568,3168,1568,0,0,0,0,0.0,0.5306,nan,edge/x86_64,unknown,3.12.3,2026-10-09T18:44:41Z
92,ML-KEM-1024,post-quantum,5,keygen,0.0335,0.0,0.0,0.307,1568,3168,1568,0,0,0,0,0.0,0.5032,nan,edge/x86_64,unknown,3.12.3,2026-10-09T18:44:41Z
92,ML-KEM-1024,post-quantum,5,encapsulate,0.0342,0.0,0.0,0.307,1568,3168,1568,0,0,0,0,0.0,0.5132,nan,edge/x86_64,unknown,3.12.3,2026-10-09T18:44:41Z
92,ML-KEM-1024,post-quantum,5,decapsulate,0.0351,0.0,0.0,0.307,1568,3168,1568,0,0,0,0,0.0,0.5271,nan,edge/x86_64,unknown,3.12.3,2026-10-09T18:44:41Z
93,ML-KEM-1024,post-quantum,5,keygen,0.0338,0.0,0.0,0.307,1568,3168,1568,0,0,0,0,0.0,0.5067,nan,edge/x86_64,unknown,3.12.3,2026-10-09T18:44:41Z
93,ML-KEM-1024,post-quantum,5,encapsulate,0.0389,0.0,0.0,0.307,1568,3168,1568,0,0,0,0,0.0,0.5828,nan,edge/x86_64,unknown,3.12.3,2026-10-09T18:44:41Z
93,ML-KEM-1024,post-quantum,5,decapsulate,0.0355,0.0,0.0,0.307,1568,3168,1568,0,0,0,0,0.0,0.5327,nan,edge/x86_64,unknown,3.12.3,2026-10-09T18:44:41Z
94,ML-KEM-1024,post-quantum,5,keygen,0.0671,0.0,0.0,0.307,1568,3168,1568,0,0,0,0,0.0,1.0069,nan,edge/x86_64,unknown,3.12.3,2026-10-09T18:44:41Z
94,ML-KEM-1024,post-quantum,5,encapsulate,0.0359,0.0,0.0,0.307,1568,3168,1568,0,0,0,0,0.0,0.5386,nan,edge/x86_64,unknown,3.12.3,2026-10-09T18:44:41Z
94,ML-KEM-1024,post-quantum,5,decapsulate,0.0357,0.0,0.0,0.307,1568,3168,1568,0,0,0,0,0.0,0.5353,nan,edge/x86_64,unknown,3.12.3,2026-10-09T18:44:41Z
95,ML-KEM-1024,post-quantum,5,keygen,0.0339,0.0,0.0,0.307,1568,3168,1568,0,0,0,0,0.0,0.5088,nan,edge/x86_64,unknown,3.12.3,2026-10-09T18:44:41Z
95,ML-KEM-1024,post-quantum,5,encapsulate,0.0339,0.0,0.0,0.307,1568,3168,1568,0,0,0,0,0.0,0.5081,nan,edge/x86_64,unknown,3.12.3,2026-10-09T18:44:41Z
95,ML-KEM-1024,post-quantum,5,decapsulate,0.035,0.0,0.0,0.307,1568,3168,1568,0,0,0,0,0.0,0.5245,nan,edge/x86_64,unknown,3.12.3,2026-10-09T18:44:41Z
96,ML-KEM-1024,post-quantum,5,keygen,0.0334,0.0,0.0,0.307,1568,3168,1568,0,0,0,0,0.0,0.5013,nan,edge/x86_64,unknown,3.12.3,2026-10-09T18:44:41Z
96,ML-KEM-1024,post-quantum,5,encapsulate,0.057,0.0,0.0,0.307,1568,3168,1568,0,0,0,0,0.0,0.8552,nan,edge/x86_64,unknown,3.12.3,2026-10-09T18:44:41Z
96,ML-KEM-1024,post-quantum,5,decapsulate,0.0352,0.0,0.0,0.307,1568,3168,1568,0,0,0,0,0.0,0.5285,nan,edge/x86_64,unknown,3.12.3,2026-10-09T18:44:41Z
97,ML-KEM-1024,post-quantum,5,keygen,0.034,0.0,0.0,0.307,1568,3168,1568,0,0,0,0,0.0,0.5101,nan,edge/x86_64,unknown,3.12.3,2026-10-09T18:44:41Z
97,ML-KEM-1024,post-quantum,5,encapsulate,0.0346,0.0,0.0,0.307,1568,3168,1568,0,0,0,0,0.0,0.5197,nan,edge/x86_64,unknown,3.12.3,2026-10-09T18:44:41Z
97,ML-KEM-1024,post-quantum,5,decapsulate,0.0348,0.0,0.0,0.307,1568,3168,1568,0,0,0,0,0.0,0.5218,nan,edge/x86_64,unknown,3.12.3,2026-10-09T18:44:41Z
98,ML-KEM-1024,post-quantum,5,keygen,0.0349,0.0,0.0,0.307,1568,3168,1568,0,0,0,0,0.0,0.5242,nan,edge/x86_64,unknown,3.12.3,2026-10-09T18:44:41Z
98,ML-KEM-1024,post-quantum,5,encapsulate,0.0342,0.0,0.0,0.307,1568,3168,1568,0,0,0,0,0.0,0.5133,nan,edge/x86_64,unknown,3.12.3,2026-10-09T18:44:41Z
98,ML-KEM-1024,post-quantum,5,decapsulate,0.0352,0.0,0.0,0.307,1568,3168,1568,0,0,0,0,0.0,0.5274,nan,edge/x86_64,unknown,3.12.3,2026-10-09T18:44:41Z
99,ML-KEM-1024,post-quantum,5,keygen,0.0344,0.0,0.0,0.307,1568,3168,1568,0,0,0,0,0.0,0.5162,nan,edge/x86_64,unknown,3.12.3,2026-10-09T18:44:41Z
99,ML-KEM-1024,post-quantum,5,encapsulate,0.0357,0.0,0.0,0.307,1568,3168,1568,0,0,0,0,0.0,0.5348,nan,edge/x86_64,unknown,3.12.3,2026-10-09T18:44:41Z
99,ML-KEM-1024,post-quantum,5,decapsulate,0.0359,0.0,0.0,0.307,1568,3168,1568,0,0,0,0,0.0,0.5392,nan,edge/x86_64,unknown,3.12.3,2026-10-09T18:44:41Z
100,ML-KEM-1024,post-quantum,5,keygen,0.2299,0.0,0.0,0.307,1568,3168,1568,0,0,0,0,0.0,3.4491,nan,edge/x86_64,unknown,3.12.3,2026-10-09T18:44:41Z
100,ML-KEM-1024,post-quantum,5,encapsulate,0.0393,0.0,0.0,0.307,1568,3168,1568,0,0,0,0,0.0,0.5901,nan,edge/x86_64,unknown,3.12.3,2026-10-09T18:44:41Z
100,ML-KEM-1024,post-quantum,5,decapsulate,0.0363,0.0,0.0,0.307,1568,3168,1568,0,0,0,0,0.0,0.5446,nan,edge/x86_64,unknown,3.12.3,2026-10-09T18:44:41Z
101,ML-KEM-1024,post-quantum,5,keygen,0.0338,0.0,0.0,0.307,1568,3168,1568,0,0,0,0,0.0,0.5066,nan,edge/x86_64,unknown,3.12.3,2026-10-09T18:44:41Z
101,ML-KEM-1024,post-quantum,5,encapsulate,0.0342,0.0,0.0,0.307,1568,3168,1568,0,0,0,0,0.0,0.5126,nan,edge/x86_64,unknown,3.12.3,2026-10-09T18:44:41Z
101,ML-KEM-1024,post-quantum,5,decapsulate,0.0415,0.0,0.0,0.307,1568,3168,1568,0,0,0,0,0.0,0.6229,nan,edge/x86_64,unknown,3.12.3,2026-10-09T18:44:41Z
102,ML-KEM-1024,post-quantum,5,keygen,0.0422,0.0,0.0,0.307,1568,3168,1568,0,0,0,0,0.0,0.633,nan,edge/x86_64,unknown,3.12.3,2026-10-09T18:44:41Z
102,ML-KEM-1024,post-quantum,5,encapsulate,0.0356,0.0,0.0,0.307,1568,3168,1568,0,0,0,0,0.0,0.5347,nan,edge/x86_64,unknown,3.12.3,2026-10-09T18:44:41Z
102,ML-KEM-1024,post-quantum,5,decapsulate,0.0569,0.0,0.0,0.307,1568,3168,1568,0,0,0,0,0.0,0.8535,nan,edge/x86_64,unknown,3.12.3,2026-10-09T18:44:41Z
103,ML-KEM-1024,post-quantum,5,keygen,0.0343,0.0,0.0,0.307,1568,3168,1568,0,0,0,0,0.0,0.515,nan,edge/x86_64,unknown,3.12.3,2026-10-09T18:44:41Z
103,ML-KEM-1024,post-quantum,5,encapsulate,0.0342,0.0,0.0,0.307,1568,3168,1568,0,0,0,0,0.0,0.5127,nan,edge/x86_64,unknown,3.12.3,2026-10-09T18:44:41Z
103,ML-KEM-1024,post-quantum,5,decapsulate,0.0354,0.0,0.0,0.307,1568,3168,1568,0,0,0,0,0.0,0.5306,nan,edge/x86_64,unknown,3.12.3,2026-10-09T18:44:41Z
104,ML-KEM-1024,post-quantum,5,keygen,0.0336,0.0,0.0,0.307,1568,3168,1568,0,0,0,0,0.0,0.5037,nan,edge/x86_64,unknown,3.12.3,2026-10-09T18:44:41Z
104,ML-KEM-1024,post-quantum,5,encapsulate,0.0341,0.0,0.0,0.307,1568,3168,1568,0,0,0,0,0.0,0.5115,nan,edge/x86_64,unknown,3.12.3,2026-10-09T18:44:41Z
104,ML-KEM-1024,post-quantum,5,decapsulate,0.0356,0.0,0.0,0.307,1568,3168,1568,0,0,0,0,0.0,0.5344,nan,edge/x86_64,unknown,3.12.3,2026-10-09T18:44:41Z
105,ML-KEM-1024,post-quantum,5,keygen,0.0346,0.0,0.0,0.307,1568,3168,1568,0,0,0,0,0.0,0.5183,nan,edge/x86_64,unknown,3.12.3,2026-10-09T18:44:41Z
105,ML-KEM-1024,post-quantum,5,encapsulate,0.0363,0.0,0.0,0.307,1568,3168,1568,0,0,0,0,0.0,0.5452,nan,edge/x86_64,unknown,3.12.3,2026-10-09T18:44:41Z
105,ML-KEM-1024,post-quantum,5,decapsulate,0.036,0.0,0.0,0.307,1568,3168,1568,0,0,0,0,0.0,0.54,nan,edge/x86_64,unknown,3.12.3,2026-10-09T18:44:41Z
106,ML-KEM-1024,post-quantum,5,keygen,0.0362,0.0,0.0,0.307,1568,3168,1568,0,0,0,0,0.0,0.5425,nan,edge/x86_64,unknown,3.12.3,2026-10-09T18:44:41Z
106,ML-KEM-1024,post-quantum,5,encapsulate,0.035,0.0,0.0,0.307,1568,3168,1568,0,0,0,0,0.0,0.5248,nan,edge/x86_64,unknown,3.12.3,2026-10-09T18:44:41Z
106,ML-KEM-1024,post-quantum,5,decapsulate,0.0351,0.0,0.0,0.307,1568,3168,1568,0,0,0,0,0.0,0.5272,nan,edge/x86_64,unknown,3.12.3,2026-10-09T18:44:41Z
107,ML-KEM-1024,post-quantum,5,keygen,0.0336,0.0,0.0,0.307,1568,3168,1568,0,0,0,0,0.0,0.5047,nan,edge/x86_64,unknown,3.12.3,2026-10-09T18:44:41Z
107,ML-KEM-1024,post-quantum,5,encapsulate,0.0343,0.0,0.0,0.307,1568,3168,1568,0,0,0,0,0.0,0.515,nan,edge/x86_64,unknown,3.12.3,2026-10-09T18:44:41Z
107,ML-KEM-1024,post-quantum,5,decapsulate,0.0354,0.0,0.0,0.307,1568,3168,1568,0,0,0,0,0.0,0.5317,nan,edge/x86_64,unknown,3.12.3,2026-10-09T18:44:41Z
108,ML-KEM-1024,post-quantum,5,keygen,0.0336,0.0,0.0,0.307,1568,3168,1568,0,0,0,0,0.0,0.5033,nan,edge/x86_64,unknown,3.12.3,2026-10-09T18:44:41Z
108,ML-KEM-1024,post-quantum,5,encapsulate,0.0343,0.0,0.0,0.307,1568,3168,1568,0,0,0,0,0.0,0.5138,nan,edge/x86_64,unknown,3.12.3,2026-10-09T18:44:41Z
108,ML-KEM-1024,post-quantum,5,decapsulate,0.0351,0.0,0.0,0.307,1568,3168,1568,0,0,0,0,0.0,0.5262,nan,edge/x86_64,unknown,3.12.3,2026-10-09T18:44:41Z
109,ML-KEM-1024,post-quantum,5,keygen,0.0336,0.0,0.0,0.307,1568,3168,1568,0,0,0,0,0.0,0.5038,nan,edge/x86_64,unknown,3.12.3,2026-10-09T18:44:41Z
109,ML-KEM-1024,post-quantum,5,encapsulate,0.0354,0.0,0.0,0.307,1568,3168,1568,0,0,0,0,0.0,0.5305,nan,edge/x86_64,unknown,3.12.3,2026-10-09T18:44:41Z
109,ML-KEM-1024,post-quantum,5,decapsulate,0.0355,0.0,0.0,0.307,1568,3168,1568,0,0,0,0,0.0,0.5332,nan,edge/x86_64,unknown,3.12.3,2026-10-09T18:44:41Z
110,ML-KEM-1024,post-quantum,5,keygen,0.0342,0.0,0.0,0.307,1568,3168,1568,0,0,0,0,0.0,0.5129,nan,edge/x86_64,unknown,3.12.3,2026-10-09T18:44:41Z
110,ML-KEM-1024,post-quantum,5,encapsulate,0.0345,0.0,0.0,0.307,1568,3168,1568,0,0,0,0,0.0,0.5172,nan,edge/x86_64,unknown,3.12.3,2026-10-09T18:44:41Z
110,ML-KEM-1024,post-quantum,5,decapsulate,0.053,0.0,0.0,0.307,1568,3168,1568,0,0,0,0,0.0,0.7953,nan,edge/x86_64,unknown,3.12.3,2026-10-09T18:44:41Z
111,ML-KEM-1024,post-quantum,5,keygen,0.0353,0.0,0.0,0.307,1568,3168,1568,0,0,0,0,0.0,0.5301,nan,edge/x86_64,unknown,3.12.3,2026-10-09T18:44:41Z
111,ML-KEM-1024,post-quantum,5,encapsulate,0.0759,0.0,0.0,0.307,1568,3168,1568,0,0,0,0,0.0,1.1388,nan,edge/x86_64,unknown,3.12.3,2026-10-09T18:44:41Z
111,ML-KEM-1024,post-quantum,5,decapsulate,0.0387,0.0,0.0,0.307,1568,3168,1568,0,0,0,0,0.0,0.5802,nan,edge/x86_64,unknown,3.12.3,2026-10-09T18:44:41Z
112,ML-KEM-1024,post-quantum,5,keygen,0.0365,0.0,0.0,0.307,1568,3168,1568,0,0,0,0,0.0,0.5481,nan,edge/x86_64,unknown,3.12.3,2026-10-09T18:44:41Z
112,ML-KEM-1024,post-quantum,5,encapsulate,0.035,0.0,0.0,0.307,1568,3168,1568,0,0,0,0,0.0,0.5256,nan,edge/x86_64,unknown,3.12.3,2026-10-09T18:44:41Z
112,ML-KEM-1024,post-quantum,5,decapsulate,0.0357,0.0,0.0,0.307,1568,3168,1568,0,0,0,0,0.0,0.5358,nan,edge/x86_64,unknown,3.12.3,2026-10-09T18:44:41Z
113,ML-KEM-1024,post-quantum,5,keygen,0.0345,0.0,0.0,0.307,1568,3168,1568,0,0,0,0,0.0,0.5173,nan,edge/x86_64,unknown,3.12.3,2026-10-09T18:44:41Z
113,ML-KEM-1024,post-quantum,5,encapsulate,0.035,0.0,0.0,0.307,1568,3168,1568,0,0,0,0,0.0,0.5257,nan,edge/x86_64,unknown,3.12.3,2026-10-09T18:44:41Z
113,ML-KEM-1024,post-quantum,5,decapsulate,0.0357,0.0,0.0,0.307,1568,3168,1568,0,0,0,0,0.0,0.5358,nan,edge/x86_64,unknown,3.12.3,2026-10-09T18:44:41Z
114,ML-KEM-1024,post-quantum,5,keygen,0.0341,0.0,0.0,0.307,1568,3168,1568,0,0,0,0,0.0,0.5113,nan,edge/x86_64,unknown,3.12.3,2026-10-09T18:44:41Z
114,ML-KEM-1024,post-quantum,5,encapsulate,0.0341,0.0,0.0,0.307,1568,3168,1568,0,0,0,0,0.0,0.5111,nan,edge/x86_64,unknown,3.12.3,2026-10-09T18:44:41Z
114,ML-KEM-1024,post-quantum,5,decapsulate,0.0353,0.0,0.0,0.307,1568,3168,1568,0,0,0,0,0.0,0.5288,nan,edge/x86_64,unknown,3.12.3,2026-10-09T18:44:41Z
115,ML-KEM-1024,post-quantum,5,keygen,0.0333,0.0,0.0,0.307,1568,3168,1568,0,0,0,0,0.0,0.4994,nan,edge/x86_64,unknown,3.12.3,2026-10-09T18:44:41Z
115,ML-KEM-1024,post-quantum,5,encapsulate,0.0555,0.0,0.0,0.307,1568,3168,1568,0,0,0,0,0.0,0.832,nan,edge/x86_64,unknown,3.12.3,2026-10-09T18:44:41Z
115,ML-KEM-1024,post-quantum,5,decapsulate,0.0366,0.0,0.0,0.307,1568,3168,1568,0,0,0,0,0.0,0.5493,nan,edge/x86_64,unknown,3.12.3,2026-10-09T18:44:41Z
116,ML-KEM-1024,post-quantum,5,keygen,0.0365,0.0,0.0,0.307,1568,3168,1568,0,0,0,0,0.0,0.5471,nan,edge/x86_64,unknown,3.12.3,2026-10-09T18:44:41Z
116,ML-KEM-1024,post-quantum,5,encapsulate,0.0349,0.0,0.0,0.307,1568,3168,1568,0,0,0,0,0.0,0.5229,nan,edge/x86_64,unknown,3.12.3,2026-10-09T18:44:41Z
116,ML-KEM-1024,post-quantum,5,decapsulate,0.0365,0.0,0.0,0.307,1568,3168,1568,0,0,0,0,0.0,0.5478,nan,edge/x86_64,unknown,3.12.3,2026-10-09T18:44:41Z
117,ML-KEM-1024,post-quantum,5,keygen,0.0344,0.0,0.0,0.307,1568,3168,1568,0,0,0,0,0.0,0.5163,nan,edge/x86_64,unknown,3.12.3,2026-10-09T18:44:41Z
117,ML-KEM-1024,post-quantum,5,encapsulate,0.0389,0.0,0.0,0.307,1568,3168,1568,0,0,0,0,0.0,0.5838,nan,edge/x86_64,unknown,3.12.3,2026-10-09T18:44:41Z
117,ML-KEM-1024,post-quantum,5,decapsulate,0.0361,0.0,0.0,0.307,1568,3168,1568,0,0,0,0,0.0,0.5418,nan,edge/x86_64,unknown,3.12.3,2026-10-09T18:44:41Z
118,ML-KEM-1024,post-quantum,5,keygen,0.0337,0.0,0.0,0.307,1568,3168,1568,0,0,0,0,0.0,0.5056,nan,edge/x86_64,unknown,3.12.3,2026-10-09T18:44:41Z
118,ML-KEM-1024,post-quantum,5,encapsulate,0.0342,0.0,0.0,0.307,1568,3168,1568,0,0,0,0,0.0,0.5136,nan,edge/x86_64,unknown,3.12.3,2026-10-09T18:44:41Z
118,ML-KEM-1024,post-quantum,5,decapsulate,0.0347,0.0,0.0,0.307,1568,3168,1568,0,0,0,0,0.0,0.5207,nan,edge/x86_64,unknown,3.12.3,2026-10-09T18:44:41Z
119,ML-KEM-1024,post-quantum,5,keygen,0.0344,0.0,0.0,0.307,1568,3168,1568,0,0,0,0,0.0,0.5154,nan,edge/x86_64,unknown,3.12.3,2026-10-09T18:44:41Z
119,ML-KEM-1024,post-quantum,5,encapsulate,0.0351,0.0,0.0,0.307,1568,3168,1568,0,0,0,0,0.0,0.5268,nan,edge/x86_64,unknown,3.12.3,2026-10-09T18:44:41Z
119,ML-KEM-1024,post-quantum,5,decapsulate,0.0361,0.0,0.0,0.307,1568,3168,1568,0,0,0,0,0.0,0.5416,nan,edge/x86_64,unknown,3.12.3,2026-10-09T18:44:41Z
120,ML-KEM-1024,post-quantum,5,keygen,0.08,0.0,0.0,0.307,1568,3168,1568,0,0,0,0,0.0,1.2005,nan,edge/x86_64,unknown,3.12.3,2026-10-09T18:44:41Z
120,ML-KEM-1024,post-quantum,5,encapsulate,0.0389,0.0,0.0,0.307,1568,3168,1568,0,0,0,0,0.0,0.5828,nan,edge/x86_64,unknown,3.12.3,2026-10-09T18:44:41Z
120,ML-KEM-1024,post-quantum,5,decapsulate,0.0409,0.0,0.0,0.307,1568,3168,1568,0,0,0,0,0.0,0.6142,nan,edge/x86_64,unknown,3.12.3,2026-10-09T18:44:41Z
121,ML-KEM-1024,post-quantum,5,keygen,0.0362,0.0,0.0,0.307,1568,3168,1568,0,0,0,0,0.0,0.543,nan,edge/x86_64,unknown,3.12.3,2026-10-09T18:44:41Z
121,ML-KEM-1024,post-quantum,5,encapsulate,0.0349,0.0,0.0,0.307,1568,3168,1568,0,0,0,0,0.0,0.5239,nan,edge/x86_64,unknown,3.12.3,2026-10-09T18:44:41Z
121,ML-KEM-1024,post-quantum,5,decapsulate,0.0466,0.0,0.0,0.307,1568,3168,1568,0,0,0,0,0.0,0.6986,nan,edge/x86_64,unknown,3.12.3,2026-10-09T18:44:41Z
122,ML-KEM-1024,post-quantum,5,keygen,0.0394,0.0,0.0,0.307,1568,3168,1568,0,0,0,0,0.0,0.5906,nan,edge/x86_64,unknown,3.12.3,2026-10-09T18:44:41Z
122,ML-KEM-1024,post-quantum,5,encapsulate,0.0346,0.0,0.0,0.307,1568,3168,1568,0,0,0,0,0.0,0.5188,nan,edge/x86_64,unknown,3.12.3,2026-10-09T18:44:41Z
122,ML-KEM-1024,post-quantum,5,decapsulate,0.0354,0.0,0.0,0.307,1568,3168,1568,0,0,0,0,0.0,0.5303,nan,edge/x86_64,unknown,3.12.3,2026-10-09T18:44:41Z
123,ML-KEM-1024,post-quantum,5,keygen,0.0341,0.0,0.0,0.307,1568,3168,1568,0,0,0,0,0.0,0.5111,nan,edge/x86_64,unknown,3.12.3,2026-10-09T18:44:41Z
123,ML-KEM-1024,post-quantum,5,encapsulate,0.0355,0.0,0.0,0.307,1568,3168,1568,0,0,0,0,0.0,0.5328,nan,edge/x86_64,unknown,3.12.3,2026-10-09T18:44:41Z
123,ML-KEM-1024,post-quantum,5,decapsulate,0.0348,0.0,0.0,0.307,1568,3168,1568,0,0,0,0,0.0,0.5224,nan,edge/x86_64,unknown,3.12.3,2026-10-09T18:44:41Z
124,ML-KEM-1024,post-quantum,5,keygen,0.1007,0.0,0.0,0.307,1568,3168,1568,0,0,0,0,0.0,1.5103,nan,edge/x86_64,unknown,3.12.3,2026-10-09T18:44:41Z
124,ML-KEM-1024,post-quantum,5,encapsulate,0.0386,0.0,0.0,0.307,1568,3168,1568,0,0,0,0,0.0,0.5787,nan,edge/x86_64,unknown,3.12.3,2026-10-09T18:44:41Z
124,ML-KEM-1024,post-quantum,5,decapsulate,0.1735,0.0,0.0,0.307,1568,3168,1568,0,0,0,0,0.0,2.603,nan,edge/x86_64,unknown,3.12.3,2026-10-09T18:44:41Z
125,ML-KEM-1024,post-quantum,5,keygen,0.0405,0.0,0.0,0.307,1568,3168,1568,0,0,0,0,0.0,0.608,nan,edge/x86_64,unknown,3.12.3,2026-10-09T18:44:41Z
125,ML-KEM-1024,post-quantum,5,encapsulate,0.0349,0.0,0.0,0.307,1568,3168,1568,0,0,0,0,0.0,0.523,nan,edge/x86_64,unknown,3.12.3,2026-10-09T18:44:41Z
125,ML-KEM-1024,post-quantum,5,decapsulate,0.0353,0.0,0.0,0.307,1568,3168,1568,0,0,0,0,0.0,0.5302,nan,edge/x86_64,unknown,3.12.3,2026-10-09T18:44:41Z
126,ML-KEM-1024,post-quantum,5,keygen,0.0338,0.0,0.0,0.307,1568,3168,1568,0,0,0,0,0.0,0.5069,nan,edge/x86_64,unknown,3.12.3,2026-10-09T18:44:41Z
126,ML-KEM-1024,post-quantum,5,encapsulate,0.0342,0.0,0.0,0.307,1568,3168,1568,0,0,0,0,0.0,0.5133,nan,edge/x86_64,unknown,3.12.3,2026-10-09T18:44:41Z
126,ML-KEM-1024,post-quantum,5,decapsulate,0.0352,0.0,0.0,0.307,1568,3168,1568,0,0,0,0,0.0,0.5283,nan,edge/x86_64,unknown,3.12.3,2026-10-09T18:44:41Z
127,ML-KEM-1024,post-quantum,5,keygen,0.034,0.0,0.0,0.307,1568,3168,1568,0,0,0,0,0.0,0.5102,nan,edge/x86_64,unknown,3.12.3,2026-10-09T18:44:41Z
127,ML-KEM-1024,post-quantum,5,encapsulate,0.0344,0.0,0.0,0.307,1568,3168,1568,0,0,0,0,0.0,0.5154,nan,edge/x86_64,unknown,3.12.3,2026-10-09T18:44:41Z
127,ML-KEM-1024,post-quantum,5,decapsulate,0.035,0.0,0.0,0.307,1568,3168,1568,0,0,0,0,0.0,0.5245,nan,edge/x86_64,unknown,3.12.3,2026-10-09T18:44:41Z
128,ML-KEM-1024,post-quantum,5,keygen,0.0459,0.0,0.0,0.307,1568,3168,1568,0,0,0,0,0.0,0.6879,nan,edge/x86_64,unknown,3.12.3,2026-10-09T18:44:41Z
128,ML-KEM-1024,post-quantum,5,encapsulate,0.0356,0.0,0.0,0.307,1568,3168,1568,0,0,0,0,0.0,0.5346,nan,edge/x86_64,unknown,3.12.3,2026-10-09T18:44:41Z
128,ML-KEM-1024,post-quantum,5,decapsulate,0.0348,0.0,0.0,0.307,1568,3168,1568,0,0,0,0,0.0,0.5227,nan,edge/x86_64,unknown,3.12.3,2026-10-09T18:44:41Z
129,ML-KEM-1024,post-quantum,5,keygen,0.0395,0.0,0.0,0.307,1568,3168,1568,0,0,0,0,0.0,0.592,nan,edge/x86_64,unknown,3.12.3,2026-10-09T18:44:41Z
129,ML-KEM-1024,post-quantum,5,encapsulate,0.0374,0.0,0.0,0.307,1568,3168,1568,0,0,0,0,0.0,0.5603,nan,edge/x86_64,unknown,3.12.3,2026-10-09T18:44:41Z
129,ML-KEM-1024,post-quantum,5,decapsulate,0.0354,0.0,0.0,0.307,1568,3168,1568,0,0,0,0,0.0,0.531,nan,edge/x86_64,unknown,3.12.3,2026-10-09T18:44:41Z
130,ML-KEM-1024,post-quantum,5,keygen,0.0368,0.0,0.0,0.307,1568,3168,1568,0,0,0,0,0.0,0.5523,nan,edge/x86_64,unknown,3.12.3,2026-10-09T18:44:41Z
130,ML-KEM-1024,post-quantum,5,encapsulate,0.0398,0.0,0.0,0.307,1568,3168,1568,0,0,0,0,0.0,0.5971,nan,edge/x86_64,unknown,3.12.3,2026-10-09T18:44:41Z
130,ML-KEM-1024,post-quantum,5,decapsulate,0.0363,0.0,0.0,0.307,1568,3168,1568,0,0,0,0,0.0,0.5449,nan,edge/x86_64,unknown,3.12.3,2026-10-09T18:44:41Z
131,ML-KEM-1024,post-quantum,5,keygen,0.0346,0.0,0.0,0.307,1568,3168,1568,0,0,0,0,0.0,0.5187,nan,edge/x86_64,unknown,3.12.3,2026-10-09T18:44:41Z
131,ML-KEM-1024,post-quantum,5,encapsulate,0.0346,0.0,0.0,0.307,1568,3168,1568,0,0,0,0,0.0,0.5192,nan,edge/x86_64,unknown,3.12.3,2026-10-09T18:44:41Z
131,ML-KEM-1024,post-quantum,5,decapsulate,0.0353,0.0,0.0,0.307,1568,3168,1568,0,0,0,0,0.0,0.5293,nan,edge/x86_64,unknown,3.12.3,2026-10-09T18:44:41Z
132,ML-KEM-1024,post-quantum,5,keygen,0.0341,0.0,0.0,0.307,1568,3168,1568,0,0,0,0,0.0,0.5108,nan,edge/x86_64,unknown,3.12.3,2026-10-09T18:44:41Z
132,ML-KEM-1024,post-quantum,5,encapsulate,0.0794,0.0,0.0,0.307,1568,3168,1568,0,0,0,0,0.0,1.1916,nan,edge/x86_64,unknown,3.12.3,2026-10-09T18:44:41Z
132,ML-KEM-1024,post-quantum,5,decapsulate,0.0381,0.0,0.0,0.307,1568,3168,1568,0,0,0,0,0.0,0.5712,nan,edge/x86_64,unknown,3.12.3,2026-10-09T18:44:41Z
133,ML-KEM-1024,post-quantum,5,keygen,0.0351,0.0,0.0,0.307,1568,3168,1568,0,0,0,0,0.0,0.5271,nan,edge/x86_64,unknown,3.12.3,2026-10-09T18:44:41Z
133,ML-KEM-1024,post-quantum,5,encapsulate,0.0342,0.0,0.0,0.307,1568,3168,1568,0,0,0,0,0.0,0.5127,nan,edge/x86_64,unknown,3.12.3,2026-10-09T18:44:41Z
133,ML-KEM-1024,post-quantum,5,decapsulate,0.0348,0.0,0.0,0.307,1568,3168,1568,0,0,0,0,0.0,0.5221,nan,edge/x86_64,unknown,3.12.3,2026-10-09T18:44:41Z
134,ML-KEM-1024,post-quantum,5,keygen,0.0335,0.0,0.0,0.307,1568,3168,1568,0,0,0,0,0.0,0.5025,nan,edge/x86_64,unknown,3.12.3,2026-10-09T18:44:41Z
134,ML-KEM-1024,post-quantum,5,encapsulate,0.0344,0.0,0.0,0.307,1568,3168,1568,0,0,0,0,0.0,0.5154,nan,edge/x86_64,unknown,3.12.3,2026-10-09T18:44:41Z
134,ML-KEM-1024,post-quantum,5,decapsulate,0.036,0.0,0.0,0.307,1568,3168,1568,0,0,0,0,0.0,0.5394,nan,edge/x86_64,unknown,3.12.3,2026-10-09T18:44:41Z
135,ML-KEM-1024,post-quantum,5,keygen,0.0356,0.0,0.0,0.307,1568,3168,1568,0,0,0,0,0.0,0.5337,nan,edge/x86_64,unknown,3.12.3,2026-10-09T18:44:41Z
135,ML-KEM-1024,post-quantum,5,encapsulate,0.0353,0.0,0.0,0.307,1568,3168,1568,0,0,0,0,0.0,0.5291,nan,edge/x86_64,unknown,3.12.3,2026-10-09T18:44:41Z
135,ML-KEM-1024,post-quantum,5,decapsulate,0.0353,0.0,0.0,0.307,1568,3168,1568,0,0,0,0,0.0,0.529,nan,edge/x86_64,unknown,3.12.3,2026-10-09T18:44:41Z
136,ML-KEM-1024,post-quantum,5,keygen,0.0338,0.0,0.0,0.307,1568,3168,1568,0,0,0,0,0.0,0.5064,nan,edge/x86_64,unknown,3.12.3,2026-10-09T18:44:41Z
136,ML-KEM-1024,post-quantum,5,encapsulate,0.0342,0.0,0.0,0.307,1568,3168,1568,0,0,0,0,0.0,0.5129,nan,edge/x86_64,unknown,3.12.3,2026-10-09T18:44:41Z
136,ML-KEM-1024,post-quantum,5,decapsulate,0.0352,0.0,0.0,0.307,1568,3168,1568,0,0,0,0,0.0,0.5281,nan,edge/x86_64,unknown,3.12.3,2026-10-09T18:44:41Z
137,ML-KEM-1024,post-quantum,5,keygen,0.0455,0.0,0.0,0.307,1568,3168,1568,0,0,0,0,0.0,0.6818,nan,edge/x86_64,unknown,3.12.3,2026-10-09T18:44:41Z
137,ML-KEM-1024,post-quantum,5,encapsulate,0.035,0.0,0.0,0.307,1568,3168,1568,0,0,0,0,0.0,0.5252,nan,edge/x86_64,unknown,3.12.3,2026-10-09T18:44:41Z
137,ML-KEM-1024,post-quantum,5,decapsulate,0.0355,0.0,0.0,0.307,1568,3168,1568,0,0,0,0,0.0,0.533,nan,edge/x86_64,unknown,3.12.3,2026-10-09T18:44:41Z
138,ML-KEM-1024,post-quantum,5,keygen,0.0703,0.0,0.0,0.307,1568,3168,1568,0,0,0,0,0.0,1.0539,nan,edge/x86_64,unknown,3.12.3,2026-10-09T18:44:41Z
138,ML-KEM-1024,post-quantum,5,encapsulate,0.038,0.0,0.0,0.307,1568,3168,1568,0,0,0,0,0.0,0.5701,nan,edge/x86_64,unknown,3.12.3,2026-10-09T18:44:41Z
138,ML-KEM-1024,post-quantum,5,decapsulate,0.0365,0.0,0.0,0.307,1568,3168,1568,0,0,0,0,0.0,0.5471,nan,edge/x86_64,unknown,3.12.3,2026-10-09T18:44:41Z
139,ML-KEM-1024,post-quantum,5,keygen,0.0339,0.0,0.0,0.307,1568,3168,1568,0,0,0,0,0.0,0.5078,nan,edge/x86_64,unknown,3.12.3,2026-10-09T18:44:41Z
139,ML-KEM-1024,post-quantum,5,encapsulate,0.0345,0.0,0.0,0.307,1568,3168,1568,0,0,0,0,0.0,0.5171,nan,edge/x86_64,unknown,3.12.3,2026-10-09T18:44:41Z
139,ML-KEM-1024,post-quantum,5,decapsulate,0.0361,0.0,0.0,0.307,1568,3168,1568,0,0,0,0,0.0,0.5411,nan,edge/x86_64,unknown,3.12.3,2026-10-09T18:44:41Z
140,ML-KEM-1024,post-quantum,5,keygen,0.0338,0.0,0.0,0.307,1568,3168,1568,0,0,0,0,0.0,0.5063,nan,edge/x86_64,unknown,3.12.3,2026-10-09T18:44:41Z
140,ML-KEM-1024,post-quantum,5,encapsulate,0.0396,0.0,0.0,0.307,1568,3168,1568,0,0,0,0,0.0,0.5936,nan,edge/x86_64,unknown,3.12.3,2026-10-09T18:44:41Z
140,ML-KEM-1024,post-quantum,5,decapsulate,0.0743,0.0,0.0,0.307,1568,3168,1568,0,0,0,0,0.0,1.1152,nan,edge/x86_64,unknown,3.12.3,2026-10-09T18:44:41Z
141,ML-KEM-1024,post-quantum,5,keygen,0.0904,0.0,0.0,0.307,1568,3168,1568,0,0,0,0,0.0,1.3559,nan,edge/x86_64,unknown,3.12.3,2026-10-09T18:44:41Z
141,ML-KEM-1024,post-quantum,5,encapsulate,0.0587,0.0,0.0,0.307,1568,3168,1568,0,0,0,0,0.0,0.8802,nan,edge/x86_64,unknown,3.12.3,2026-10-09T18:44:41Z
141,ML-KEM-1024,post-quantum,5,decapsulate,0.056,0.0,0.0,0.307,1568,3168,1568,0,0,0,0,0.0,0.8401,nan,edge/x86_64,unknown,3.12.3,2026-10-09T18:44:41Z
142,ML-KEM-1024,post-quantum,5,keygen,0.058,0.0,0.0,0.307,1568,3168,1568,0,0,0,0,0.0,0.8694,nan,edge/x86_64,unknown,3.12.3,2026-10-09T18:44:41Z
142,ML-KEM-1024,post-quantum,5,encapsulate,0.0544,0.0,0.0,0.307,1568,3168,1568,0,0,0,0,0.0,0.8153,nan,edge/x86_64,unknown,3.12.3,2026-10-09T18:44:41Z
142,ML-KEM-1024,post-quantum,5,decapsulate,0.0569,0.0,0.0,0.307,1568,3168,1568,0,0,0,0,0.0,0.8532,nan,edge/x86_64,unknown,3.12.3,2026-10-09T18:44:41Z
143,ML-KEM-1024,post-quantum,5,keygen,0.0562,0.0,0.0,0.307,1568,3168,1568,0,0,0,0,0.0,0.8434,nan,edge/x86_64,unknown,3.12.3,2026-10-09T18:44:41Z
143,ML-KEM-1024,post-quantum,5,encapsulate,0.0615,0.0,0.0,0.307,1568,3168,1568,0,0,0,0,0.0,0.9225,nan,edge/x86_64,unknown,3.12.3,2026-10-09T18:44:41Z
143,ML-KEM-1024,post-quantum,5,decapsulate,0.0595,0.0,0.0,0.307,1568,3168,1568,0,0,0,0,0.0,0.8921,nan,edge/x86_64,unknown,3.12.3,2026-10-09T18:44:41Z
144,ML-KEM-1024,post-quantum,5,keygen,0.112,0.0,0.0,0.307,1568,3168,1568,0,0,0,0,0.0,1.6795,nan,edge/x86_64,unknown,3.12.3,2026-10-09T18:44:41Z
144,ML-KEM-1024,post-quantum,5,encapsulate,0.0664,0.0,0.0,0.307,1568,3168,1568,0,0,0,0,0.0,0.9957,nan,edge/x86_64,unknown,3.12.3,2026-10-09T18:44:41Z
144,ML-KEM-1024,post-quantum,5,decapsulate,0.0405,0.0,0.0,0.307,1568,3168,1568,0,0,0,0,0.0,0.6075,nan,edge/x86_64,unknown,3.12.3,2026-10-09T18:44:41Z
145,ML-KEM-1024,post-quantum,5,keygen,0.0402,0.0,0.0,0.307,1568,3168,1568,0,0,0,0,0.0,0.6033,nan,edge/x86_64,unknown,3.12.3,2026-10-09T18:44:41Z
145,ML-KEM-1024,post-quantum,5,encapsulate,0.036,0.0,0.0,0.307,1568,3168,1568,0,0,0,0,0.0,0.5393,nan,edge/x86_64,unknown,3.12.3,2026-10-09T18:44:41Z
145,ML-KEM-1024,post-quantum,5,decapsulate,0.036,0.0,0.0,0.307,1568,3168,1568,0,0,0,0,0.0,0.5405,nan,edge/x86_64,unknown,3.12.3,2026-10-09T18:44:41Z
146,ML-KEM-1024,post-quantum,5,keygen,0.0352,0.0,0.0,0.307,1568,3168,1568,0,0,0,0,0.0,0.5277,nan,edge/x86_64,unknown,3.12.3,2026-10-09T18:44:41Z
146,ML-KEM-1024,post-quantum,5,encapsulate,0.0355,0.0,0.0,0.307,1568,3168,1568,0,0,0,0,0.0,0.5319,nan,edge/x86_64,unknown,3.12.3,2026-10-09T18:44:41Z
146,ML-KEM-1024,post-quantum,5,decapsulate,0.0361,0.0,0.0,0.307,1568,3168,1568,0,0,0,0,0.0,0.5415,nan,edge/x86_64,unknown,3.12.3,2026-10-09T18:44:41Z
147,ML-KEM-1024,post-quantum,5,keygen,0.078,0.0,0.0,0.307,1568,3168,1568,0,0,0,0,0.0,1.1703,nan,edge/x86_64,unknown,3.12.3,2026-10-09T18:44:41Z
147,ML-KEM-1024,post-quantum,5,encapsulate,0.0411,0.0,0.0,0.307,1568,3168,1568,0,0,0,0,0.0,0.6166,nan,edge/x86_64,unknown,3.12.3,2026-10-09T18:44:41Z
147,ML-KEM-1024,post-quantum,5,decapsulate,0.0363,0.0,0.0,0.307,1568,3168,1568,0,0,0,0,0.0,0.545,nan,edge/x86_64,unknown,3.12.3,2026-10-09T18:44:41Z
148,ML-KEM-1024,post-quantum,5,keygen,0.0336,0.0,0.0,0.307,1568,3168,1568,0,0,0,0,0.0,0.5047,nan,edge/x86_64,unknown,3.12.3,2026-10-09T18:44:41Z
148,ML-KEM-1024,post-quantum,5,encapsulate,0.0338,0.0,0.0,0.307,1568,3168,1568,0,0,0,0,0.0,0.5066,nan,edge/x86_64,unknown,3.12.3,2026-10-09T18:44:41Z
148,ML-KEM-1024,post-quantum,5,decapsulate,0.035,0.0,0.0,0.307,1568,3168,1568,0,0,0,0,0.0,0.5245,nan,edge/x86_64,unknown,3.12.3,2026-10-09T18:44:41Z
149,ML-KEM-1024,post-quantum,5,keygen,0.0337,0.0,0.0,0.307,1568,3168,1568,0,0,0,0,0.0,0.5058,nan,edge/x86_64,unknown,3.12.3,2026-10-09T18:44:41Z
149,ML-KEM-1024,post-quantum,5,encapsulate,0.0679,0.0,0.0,0.307,1568,3168,1568,0,0,0,0,0.0,1.0181,nan,edge/x86_64,unknown,3.12.3,2026-10-09T18:44:41Z
149,ML-KEM-1024,post-quantum,5,decapsulate,0.0548,0.0,0.0,0.307,1568,3168,1568,0,0,0,0,0.0,0.8216,nan,edge/x86_64,unknown,3.12.3,2026-10-09T18:44:41Z
150,ML-KEM-1024,post-quantum,5,keygen,0.051,0.0,0.0,0.307,1568,3168,1568,0,0,0,0,0.0,0.7649,nan,edge/x86_64,unknown,3.12.3,2026-10-09T18:44:41Z
150,ML-KEM-1024,post-quantum,5,encapsulate,0.0353,0.0,0.0,0.307,1568,3168,1568,0,0,0,0,0.0,0.5302,nan,edge/x86_64,unknown,3.12.3,2026-10-09T18:44:41Z
150,ML-KEM-1024,post-quantum,5,decapsulate,0.0358,0.0,0.0,0.307,1568,3168,1568,0,0,0,0,0.0,0.5366,nan,edge/x86_64,unknown,3.12.3,2026-10-09T18:44:41Z
151,ML-KEM-1024,post-quantum,5,keygen,0.0363,0.0,0.0,0.307,1568,3168,1568,0,0,0,0,0.0,0.544,nan,edge/x86_64,unknown,3.12.3,2026-10-09T18:44:41Z
151,ML-KEM-1024,post-quantum,5,encapsulate,0.0346,0.0,0.0,0.307,1568,3168,1568,0,0,0,0,0.0,0.5189,nan,edge/x86_64,unknown,3.12.3,2026-10-09T18:44:41Z
151,ML-KEM-1024,post-quantum,5,decapsulate,0.0432,0.0,0.0,0.307,1568,3168,1568,0,0,0,0,0.0,0.6474,nan,edge/x86_64,unknown,3.12.3,2026-10-09T18:44:41Z
152,ML-KEM-1024,post-quantum,5,keygen,0.0421,0.0,0.0,0.307,1568,3168,1568,0,0,0,0,0.0,0.6313,nan,edge/x86_64,unknown,3.12.3,2026-10-09T18:44:41Z
152,ML-KEM-1024,post-quantum,5,encapsulate,0.0366,0.0,0.0,0.307,1568,3168,1568,0,0,0,0,0.0,0.5485,nan,edge/x86_64,unknown,3.12.3,2026-10-09T18:44:41Z
152,ML-KEM-1024,post-quantum,5,decapsulate,0.0361,0.0,0.0,0.307,1568,3168,1568,0,0,0,0,0.0,0.5409,nan,edge/x86_64,unknown,3.12.3,2026-10-09T18:44:41Z
153,ML-KEM-1024,post-quantum,5,keygen,0.0405,0.0,0.0,0.307,1568,3168,1568,0,0,0,0,0.0,0.6082,nan,edge/x86_64,unknown,3.12.3,2026-10-09T18:44:41Z
153,ML-KEM-1024,post-quantum,5,encapsulate,0.0369,0.0,0.0,0.307,1568,3168,1568,0,0,0,0,0.0,0.5531,nan,edge/x86_64,unknown,3.12.3,2026-10-09T18:44:41Z
153,ML-KEM-1024,post-quantum,5,decapsulate,0.0427,0.0,0.0,0.307,1568,3168,1568,0,0,0,0,0.0,0.6409,nan,edge/x86_64,unknown,3.12.3,2026-10-09T18:44:41Z
154,ML-KEM-1024,post-quantum,5,keygen,0.0343,0.0,0.0,0.307,1568,3168,1568,0,0,0,0,0.0,0.515,nan,edge/x86_64,unknown,3.12.3,2026-10-09T18:44:41Z
154,ML-KEM-1024,post-quantum,5,encapsulate,0.0341,0.0,0.0,0.307,1568,3168,1568,0,0,0,0,0.0,0.5112,nan,edge/x86_64,unknown,3.12.3,2026-10-09T18:44:41Z
154,ML-KEM-1024,post-quantum,5,decapsulate,0.0354,0.0,0.0,0.307,1568,3168,1568,0,0,0,0,0.0,0.5307,nan,edge/x86_64,unknown,3.12.3,2026-10-09T18:44:41Z
155,ML-KEM-1024,post-quantum,5,keygen,0.1483,0.0,0.0,0.307,1568,3168,1568,0,0,0,0,0.0,2.2238,nan,edge/x86_64,unknown,3.12.3,2026-10-09T18:44:41Z
155,ML-KEM-1024,post-quantum,5,encapsulate,0.0427,0.0,0.0,0.307,1568,3168,1568,0,0,0,0,0.0,0.6411,nan,edge/x86_64,unknown,3.12.3,2026-10-09T18:44:41Z
155,ML-KEM-1024,post-quantum,5,decapsulate,0.0367,0.0,0.0,0.307,1568,3168,1568,0,0,0,0,0.0,0.5511,nan,edge/x86_64,unknown,3.12.3,2026-10-09T18:44:41Z
156,ML-KEM-1024,post-quantum,5,keygen,0.0346,0.0,0.0,0.307,1568,3168,1568,0,0,0,0,0.0,0.5191,nan,edge/x86_64,unknown,3.12.3,2026-10-09T18:44:41Z
156,ML-KEM-1024,post-quantum,5,encapsulate,0.0344,0.0,0.0,0.307,1568,3168,1568,0,0,0,0,0.0,0.5167,nan,edge/x86_64,unknown,3.12.3,2026-10-09T18:44:41Z
156,ML-KEM-1024,post-quantum,5,decapsulate,0.0355,0.0,0.0,0.307,1568,3168,1568,0,0,0,0,0.0,0.5318,nan,edge/x86_64,unknown,3.12.3,2026-10-09T18:44:41Z
157,ML-KEM-1024,post-quantum,5,keygen,0.0338,0.0,0.0,0.307,1568,3168,1568,0,0,0,0,0.0,0.5073,nan,edge/x86_64,unknown,3.12.3,2026-10-09T18:44:41Z
157,ML-KEM-1024,post-quantum,5,encapsulate,0.0343,0.0,0.0,0.307,1568,3168,1568,0,0,0,0,0.0,0.5144,nan,edge/x86_64,unknown,3.12.3,2026-10-09T18:44:41Z
157,ML-KEM-1024,post-quantum,5,decapsulate,0.0357,0.0,0.0,0.307,1568,3168,1568,0,0,0,0,0.0,0.5353,nan,edge/x86_64,unknown,3.12.3,2026-10-09T18:44:41Z
158,ML-KEM-1024,post-quantum,5,keygen,0.0337,0.0,0.0,0.307,1568,3168,1568,0,0,0,0,0.0,0.506,nan,edge/x86_64,unknown,3.12.3,2026-10-09T18:44:41Z
158,ML-KEM-1024,post-quantum,5,encapsulate,0.0345,0.0,0.0,0.307,1568,3168,1568,0,0,0,0,0.0,0.5176,nan,edge/x86_64,unknown,3.12.3,2026-10-09T18:44:41Z
158,ML-KEM-1024,post-quantum,5,decapsulate,0.036,0.0,0.0,0.307,1568,3168,1568,0,0,0,0,0.0,0.5394,nan,edge/x86_64,unknown,3.12.3,2026-10-09T18:44:41Z
159,ML-KEM-1024,post-quantum,5,keygen,0.0338,0.0,0.0,0.307,1568,3168,1568,0,0,0,0,0.0,0.5066,nan,edge/x86_64,unknown,3.12.3,2026-10-09T18:44:41Z
159,ML-KEM-1024,post-quantum,5,encapsulate,0.0437,0.0,0.0,0.307,1568,3168,1568,0,0,0,0,0.0,0.6556,nan,edge/x86_64,unknown,3.12.3,2026-10-09T18:44:41Z
159,ML-KEM-1024,post-quantum,5,decapsulate,0.0356,0.0,0.0,0.307,1568,3168,1568,0,0,0,0,0.0,0.5342,nan,edge/x86_64,unknown,3.12.3,2026-10-09T18:44:41Z
160,ML-KEM-1024,post-quantum,5,keygen,0.0345,0.0,0.0,0.307,1568,3168,1568,0,0,0,0,0.0,0.5179,nan,edge/x86_64,unknown,3.12.3,2026-10-09T18:44:41Z
160,ML-KEM-1024,post-quantum,5,encapsulate,0.0413,0.0,0.0,0.307,1568,3168,1568,0,0,0,0,0.0,0.6192,nan,edge/x86_64,unknown,3.12.3,2026-10-09T18:44:41Z
160,ML-KEM-1024,post-quantum,5,decapsulate,0.0364,0.0,0.0,0.307,1568,3168,1568,0,0,0,0,0.0,0.5461,nan,edge/x86_64,unknown,3.12.3,2026-10-09T18:44:41Z
161,ML-KEM-1024,post-quantum,5,keygen,0.0547,0.0,0.0,0.307,1568,3168,1568,0,0,0,0,0.0,0.8204,nan,edge/x86_64,unknown,3.12.3,2026-10-09T18:44:41Z
161,ML-KEM-1024,post-quantum,5,encapsulate,0.0371,0.0,0.0,0.307,1568,3168,1568,0,0,0,0,0.0,0.5566,nan,edge/x86_64,unknown,3.12.3,2026-10-09T18:44:41Z
161,ML-KEM-1024,post-quantum,5,decapsulate,0.0362,0.0,0.0,0.307,1568,3168,1568,0,0,0,0,0.0,0.543,nan,edge/x86_64,unknown,3.12.3,2026-10-09T18:44:41Z
162,ML-KEM-1024,post-quantum,5,keygen,0.0351,0.0,0.0,0.307,1568,3168,1568,0,0,0,0,0.0,0.5271,nan,edge/x86_64,unknown,3.12.3,2026-10-09T18:44:41Z
162,ML-KEM-1024,post-quantum,5,encapsulate,0.0354,0.0,0.0,0.307,1568,3168,1568,0,0,0,0,0.0,0.531,nan,edge/x86_64,unknown,3.12.3,2026-10-09T18:44:41Z
162,ML-KEM-1024,post-quantum,5,decapsulate,0.036,0.0,0.0,0.307,1568,3168,1568,0,0,0,0,0.0,0.5394,nan,edge/x86_64,unknown,3.12.3,2026-10-09T18:44:41Z
163,ML-KEM-1024,post-quantum,5,keygen,0.0339,0.0,0.0,0.307,1568,3168,1568,0,0,0,0,0.0,0.5088,nan,edge/x86_64,unknown,3.12.3,2026-10-09T18:44:41Z
163,ML-KEM-1024,post-quantum,5,encapsulate,0.0363,0.0,0.0,0.307,1568,3168,1568,0,0,0,0,0.0,0.5446,nan,edge/x86_64,unknown,3.12.3,2026-10-09T18:44:41Z
163,ML-KEM-1024,post-quantum,5,decapsulate,0.0355,0.0,0.0,0.307,1568,3168,1568,0,0,0,0,0.0,0.5319,nan,edge/x86_64,unknown,3.12.3,2026-10-09T18:44:41Z
164,ML-KEM-1024,post-quantum,5,keygen,0.0341,0.0,0.0,0.307,1568,3168,1568,0,0,0,0,0.0,0.5111,nan,edge/x86_64,unknown,3.12.3,2026-10-09T18:44:41Z
164,ML-KEM-1024,post-quantum,5,encapsulate,0.034,0.0,0.0,0.307,1568,3168,1568,0,0,0,0,0.0,0.5106,nan,edge/x86_64,unknown,3.12.3,2026-10-09T18:44:41Z
164,ML-KEM-1024,post-quantum,5,decapsulate,0.0352,0.0,0.0,0.307,1568,3168,1568,0,0,0,0,0.0,0.528,nan,edge/x86_64,unknown,3.12.3,2026-10-09T18:44:41Z
165,ML-KEM-1024,post-quantum,5,keygen,0.0342,0.0,0.0,0.307,1568,3168,1568,0,0,0,0,0.0,0.5133,nan,edge/x86_64,unknown,3.12.3,2026-10-09T18:44:41Z
165,ML-KEM-1024,post-quantum,5,encapsulate,0.0358,0.0,0.0,0.307,1568,3168,1568,0,0,0,0,0.0,0.5369,nan,edge/x86_64,unknown,3.12.3,2026-10-09T18:44:41Z
165,ML-KEM-1024,post-quantum,5,decapsulate,0.0358,0.0,0.0,0.307,1568,3168,1568,0,0,0,0,0.0,0.5376,nan,edge/x86_64,unknown,3.12.3,2026-10-09T18:44:41Z
166,ML-KEM-1024,post-quantum,5,keygen,0.0342,0.0,0.0,0.307,1568,3168,1568,0,0,0,0,0.0,0.5133,nan,edge/x86_64,unknown,3.12.3,2026-10-09T18:44:41Z
166,ML-KEM-1024,post-quantum,5,encapsulate,0.0342,0.0,0.0,0.307,1568,3168,1568,0,0,0,0,0.0,0.5134,nan,edge/x86_64,unknown,3.12.3,2026-10-09T18:44:41Z
166,ML-KEM-1024,post-quantum,5,decapsulate,0.0359,0.0,0.0,0.307,1568,3168,1568,0,0,0,0,0.0,0.5384,nan,edge/x86_64,unknown,3.12.3,2026-10-09T18:44:41Z
167,ML-KEM-1024,post-quantum,5,keygen,0.034,0.0,0.0,0.307,1568,3168,1568,0,0,0,0,0.0,0.5102,nan,edge/x86_64,unknown,3.12.3,2026-10-09T18:44:41Z
167,ML-KEM-1024,post-quantum,5,encapsulate,0.0344,0.0,0.0,0.307,1568,3168,1568,0,0,0,0,0.0,0.5161,nan,edge/x86_64,unknown,3.12.3,2026-10-09T18:44:41Z
167,ML-KEM-1024,post-quantum,5,decapsulate,0.0354,0.0,0.0,0.307,1568,3168,1568,0,0,0,0,0.0,0.5311,nan,edge/x86_64,unknown,3.12.3,2026-10-09T18:44:41Z
168,ML-KEM-1024,post-quantum,5,keygen,0.0458,0.0,0.0,0.307,1568,3168,1568,0,0,0,0,0.0,0.6868,nan,edge/x86_64,unknown,3.12.3,2026-10-09T18:44:41Z
168,ML-KEM-1024,post-quantum,5,encapsulate,0.0352,0.0,0.0,0.307,1568,3168,1568,0,0,0,0,0.0,0.5277,nan,edge/x86_64,unknown,3.12.3,2026-10-09T18:44:41Z
168,ML-KEM-1024,post-quantum,5,decapsulate,0.0354,0.0,0.0,0.307,1568,3168,1568,0,0,0,0,0.0,0.5303,nan,edge/x86_64,unknown,3.12.3,2026-10-09T18:44:41Z
169,ML-KEM-1024,post-quantum,5,keygen,0.0351,0.0,0.0,0.307,1568,3168,1568,0,0,0,0,0.0,0.5271,nan,edge/x86_64,unknown,3.12.3,2026-10-09T18:44:41Z
169,ML-KEM-1024,post-quantum,5,encapsulate,0.0858,0.0,0.0,0.307,1568,3168,1568,0,0,0,0,0.0,1.2863,nan,edge/x86_64,unknown,3.12.3,2026-10-09T18:44:41Z
169,ML-KEM-1024,post-quantum,5,decapsulate,0.0394,0.0,0.0,0.307,1568,3168,1568,0,0,0,0,0.0,0.591,nan,edge/x86_64,unknown,3.12.3,2026-10-09T18:44:41Z
170,ML-KEM-1024,post-quantum,5,keygen,0.039,0.0,0.0,0.307,1568,3168,1568,0,0,0,0,0.0,0.5851,nan,edge/x86_64,unknown,3.12.3,2026-10-09T18:44:41Z
170,ML-KEM-1024,post-quantum,5,encapsulate,0.0403,0.0,0.0,0.307,1568,3168,1568,0,0,0,0,0.0,0.6047,nan,edge/x86_64,unknown,3.12.3,2026-10-09T18:44:41Z
170,ML-KEM-1024,post-quantum,5,decapsulate,0.0361,0.0,0.0,0.307,1568,3168,1568,0,0,0,0,0.0,0.542,nan,edge/x86_64,unknown,3.12.3,2026-10-09T18:44:41Z
171,ML-KEM-1024,post-quantum,5,keygen,0.0343,0.0,0.0,0.307,1568,3168,1568,0,0,0,0,0.0,0.5143,nan,edge/x86_64,unknown,3.12.3,2026-10-09T18:44:41Z
171,ML-KEM-1024,post-quantum,5,encapsulate,0.0364,0.0,0.0,0.307,1568,3168,1568,0,0,0,0,0.0,0.5453,nan,edge/x86_64,unknown,3.12.3,2026-10-09T18:44:41Z
171,ML-KEM-1024,post-quantum,5,decapsulate,0.0355,0.0,0.0,0.307,1568,3168,1568,0,0,0,0,0.0,0.5318,nan,edge/x86_64,unknown,3.12.3,2026-10-09T18:44:41Z
172,ML-KEM-1024,post-quantum,5,keygen,0.034,0.0,0.0,0.307,1568,3168,1568,0,0,0,0,0.0,0.5101,nan,edge/x86_64,unknown,3.12.3,2026-10-09T18:44:41Z
172,ML-KEM-1024,post-quantum,5,encapsulate,0.0541,0.0,0.0,0.307,1568,3168,1568,0,0,0,0,0.0,0.8122,nan,edge/x86_64,unknown,3.12.3,2026-10-09T18:44:41Z
172,ML-KEM-1024,post-quantum,5,decapsulate,0.0449,0.0,0.0,0.307,1568,3168,1568,0,0,0,0,0.0,0.6741,nan,edge/x86_64,unknown,3.12.3,2026-10-09T18:44:41Z
173,ML-KEM-1024,post-quantum,5,keygen,0.0352,0.0,0.0,0.307,1568,3168,1568,0,0,0,0,0.0,0.5277,nan,edge/x86_64,unknown,3.12.3,2026-10-09T18:44:41Z
173,ML-KEM-1024,post-quantum,5,encapsulate,0.034,0.0,0.0,0.307,1568,3168,1568,0,0,0,0,0.0,0.5102,nan,edge/x86_64,unknown,3.12.3,2026-10-09T18:44:41Z
173,ML-KEM-1024,post-quantum,5,decapsulate,0.0354,0.0,0.0,0.307,1568,3168,1568,0,0,0,0,0.0,0.5304,nan,edge/x86_64,unknown,3.12.3,2026-10-09T18:44:41Z
174,ML-KEM-1024,post-quantum,5,keygen,0.0336,0.0,0.0,0.307,1568,3168,1568,0,0,0,0,0.0,0.5039,nan,edge/x86_64,unknown,3.12.3,2026-10-09T18:44:41Z
174,ML-KEM-1024,post-quantum,5,encapsulate,0.034,0.0,0.0,0.307,1568,3168,1568,0,0,0,0,0.0,0.5096,nan,edge/x86_64,unknown,3.12.3,2026-10-09T18:44:41Z
174,ML-KEM-1024,post-quantum,5,decapsulate,0.0351,0.0,0.0,0.307,1568,3168,1568,0,0,0,0,0.0,0.5265,nan,edge/x86_64,unknown,3.12.3,2026-10-09T18:44:41Z
175,ML-KEM-1024,post-quantum,5,keygen,0.0336,0.0,0.0,0.307,1568,3168,1568,0,0,0,0,0.0,0.5047,nan,edge/x86_64,unknown,3.12.3,2026-10-09T18:44:41Z
175,ML-KEM-1024,post-quantum,5,encapsulate,0.0339,0.0,0.0,0.307,1568,3168,1568,0,0,0,0,0.0,0.5084,nan,edge/x86_64,unknown,3.12.3,2026-10-09T18:44:41Z
175,ML-KEM-1024,post-quantum,5,decapsulate,0.0353,0.0,0.0,0.307,1568,3168,1568,0,0,0,0,0.0,0.5291,nan,edge/x86_64,unknown,3.12.3,2026-10-09T18:44:41Z
176,ML-KEM-1024,post-quantum,5,keygen,0.0338,0.0,0.0,0.307,1568,3168,1568,0,0,0,0,0.0,0.5064,nan,edge/x86_64,unknown,3.12.3,2026-10-09T18:44:41Z
176,ML-KEM-1024,post-quantum,5,encapsulate,0.0345,0.0,0.0,0.307,1568,3168,1568,0,0,0,0,0.0,0.518,nan,edge/x86_64,unknown,3.12.3,2026-10-09T18:44:41Z
176,ML-KEM-1024,post-quantum,5,decapsulate,0.0352,0.0,0.0,0.307,1568,3168,1568,0,0,0,0,0.0,0.5284,nan,edge/x86_64,unknown,3.12.3,2026-10-09T18:44:41Z
177,ML-KEM-1024,post-quantum,5,keygen,0.0336,0.0,0.0,0.307,1568,3168,1568,0,0,0,0,0.0,0.5033,nan,edge/x86_64,unknown,3.12.3,2026-10-09T18:44:41Z
177,ML-KEM-1024,post-quantum,5,encapsulate,0.0385,0.0,0.0,0.307,1568,3168,1568,0,0,0,0,0.0,0.5781,nan,edge/x86_64,unknown,3.12.3,2026-10-09T18:44:41Z
177,ML-KEM-1024,post-quantum,5,decapsulate,0.0355,0.0,0.0,0.307,1568,3168,1568,0,0,0,0,0.0,0.5328,nan,edge/x86_64,unknown,3.12.3,2026-10-09T18:44:41Z
178,ML-KEM-1024,post-quantum,5,keygen,0.0338,0.0,0.0,0.307,1568,3168,1568,0,0,0,0,0.0,0.507,nan,edge/x86_64,unknown,3.12.3,2026-10-09T18:44:41Z
178,ML-KEM-1024,post-quantum,5,encapsulate,0.0411,0.0,0.0,0.307,1568,3168,1568,0,0,0,0,0.0,0.6164,nan,edge/x86_64,unknown,3.12.3,2026-10-09T18:44:41Z
178,ML-KEM-1024,post-quantum,5,decapsulate,0.0403,0.0,0.0,0.307,1568,3168,1568,0,0,0,0,0.0,0.605,nan,edge/x86_64,unknown,3.12.3,2026-10-09T18:44:41Z
179,ML-KEM-1024,post-quantum,5,keygen,0.0363,0.0,0.0,0.307,1568,3168,1568,0,0,0,0,0.0,0.545,nan,edge/x86_64,unknown,3.12.3,2026-10-09T18:44:41Z
179,ML-KEM-1024,post-quantum,5,encapsulate,0.043,0.0,0.0,0.307,1568,3168,1568,0,0,0,0,0.0,0.6449,nan,edge/x86_64,unknown,3.12.3,2026-10-09T18:44:41Z
179,ML-KEM-1024,post-quantum,5,decapsulate,0.0364,0.0,0.0,0.307,1568,3168,1568,0,0,0,0,0.0,0.5464,nan,edge/x86_64,unknown,3.12.3,2026-10-09T18:44:41Z
180,ML-KEM-1024,post-quantum,5,keygen,0.0348,0.0,0.0,0.307,1568,3168,1568,0,0,0,0,0.0,0.5222,nan,edge/x86_64,unknown,3.12.3,2026-10-09T18:44:41Z
180,ML-KEM-1024,post-quantum,5,encapsulate,0.0352,0.0,0.0,0.307,1568,3168,1568,0,0,0,0,0.0,0.5276,nan,edge/x86_64,unknown,3.12.3,2026-10-09T18:44:41Z
180,ML-KEM-1024,post-quantum,5,decapsulate,0.0359,0.0,0.0,0.307,1568,3168,1568,0,0,0,0,0.0,0.5384,nan,edge/x86_64,unknown,3.12.3,2026-10-09T18:44:41Z
181,ML-KEM-1024,post-quantum,5,keygen,0.0338,0.0,0.0,0.307,1568,3168,1568,0,0,0,0,0.0,0.5076,nan,edge/x86_64,unknown,3.12.3,2026-10-09T18:44:41Z
181,ML-KEM-1024,post-quantum,5,encapsulate,0.0341,0.0,0.0,0.307,1568,3168,1568,0,0,0,0,0.0,0.511,nan,edge/x86_64,unknown,3.12.3,2026-10-09T18:44:41Z
181,ML-KEM-1024,post-quantum,5,decapsulate,0.0365,0.0,0.0,0.307,1568,3168,1568,0,0,0,0,0.0,0.5476,nan,edge/x86_64,unknown,3.12.3,2026-10-09T18:44:41Z
182,ML-KEM-1024,post-quantum,5,keygen,0.0343,0.0,0.0,0.307,1568,3168,1568,0,0,0,0,0.0,0.514,nan,edge/x86_64,unknown,3.12.3,2026-10-09T18:44:41Z
182,ML-KEM-1024,post-quantum,5,encapsulate,0.0346,0.0,0.0,0.307,1568,3168,1568,0,0,0,0,0.0,0.5185,nan,edge/x86_64,unknown,3.12.3,2026-10-09T18:44:41Z
182,ML-KEM-1024,post-quantum,5,decapsulate,0.0351,0.0,0.0,0.307,1568,3168,1568,0,0,0,0,0.0,0.5267,nan,edge/x86_64,unknown,3.12.3,2026-10-09T18:44:41Z
183,ML-KEM-1024,post-quantum,5,keygen,0.0338,0.0,0.0,0.307,1568,3168,1568,0,0,0,0,0.0,0.5071,nan,edge/x86_64,unknown,3.12.3,2026-10-09T18:44:41Z
183,ML-KEM-1024,post-quantum,5,encapsulate,0.0365,0.0,0.0,0.307,1568,3168,1568,0,0,0,0,0.0,0.5474,nan,edge/x86_64,unknown,3.12.3,2026-10-09T18:44:41Z
183,ML-KEM-1024,post-quantum,5,decapsulate,0.0353,0.0,0.0,0.307,1568,3168,1568,0,0,0,0,0.0,0.5297,nan,edge/x86_64,unknown,3.12.3,2026-10-09T18:44:41Z
184,ML-KEM-1024,post-quantum,5,keygen,0.0335,0.0,0.0,0.307,1568,3168,1568,0,0,0,0,0.0,0.5025,nan,edge/x86_64,unknown,3.12.3,2026-10-09T18:44:41Z
184,ML-KEM-1024,post-quantum,5,encapsulate,0.0341,0.0,0.0,0.307,1568,3168,1568,0,0,0,0,0.0,0.5108,nan,edge/x86_64,unknown,3.12.3,2026-10-09T18:44:41Z
184,ML-KEM-1024,post-quantum,5,decapsulate,0.0351,0.0,0.0,0.307,1568,3168,1568,0,0,0,0,0.0,0.5265,nan,edge/x86_64,unknown,3.12.3,2026-10-09T18:44:41Z
185,ML-KEM-1024,post-quantum,5,keygen,0.0339,0.0,0.0,0.307,1568,3168,1568,0,0,0,0,0.0,0.5078,nan,edge/x86_64,unknown,3.12.3,2026-10-09T18:44:41Z
185,ML-KEM-1024,post-quantum,5,encapsulate,0.0339,0.0,0.0,0.307,1568,3168,1568,0,0,0,0,0.0,0.5092,nan,edge/x86_64,unknown,3.12.3,2026-10-09T18:44:41Z
185,ML-KEM-1024,post-quantum,5,decapsulate,0.0358,0.0,0.0,0.307,1568,3168,1568,0,0,0,0,0.0,0.5377,nan,edge/x86_64,unknown,3.12.3,2026-10-09T18:44:41Z
186,ML-KEM-1024,post-quantum,5,keygen,0.034,0.0,0.0,0.307,1568,3168,1568,0,0,0,0,0.0,0.5099,nan,edge/x86_64,unknown,3.12.3,2026-10-09T18:44:41Z
186,ML-KEM-1024,post-quantum,5,encapsulate,0.0492,0.0,0.0,0.307,1568,3168,1568,0,0,0,0,0.0,0.7373,nan,edge/x86_64,unknown,3.12.3,2026-10-09T18:44:41Z
186,ML-KEM-1024,post-quantum,5,decapsulate,0.0355,0.0,0.0,0.307,1568,3168,1568,0,0,0,0,0.0,0.5325,nan,edge/x86_64,unknown,3.12.3,2026-10-09T18:44:41Z
187,ML-KEM-1024,post-quantum,5,keygen,0.0346,0.0,0.0,0.307,1568,3168,1568,0,0,0,0,0.0,0.5184,nan,edge/x86_64,unknown,3.12.3,2026-10-09T18:44:41Z
187,ML-KEM-1024,post-quantum,5,encapsulate,0.0343,0.0,0.0,0.307,1568,3168,1568,0,0,0,0,0.0,0.5148,nan,edge/x86_64,unknown,3.12.3,2026-10-09T18:44:41Z
187,ML-KEM-1024,post-quantum,5,decapsulate,0.0356,0.0,0.0,0.307,1568,3168,1568,0,0,0,0,0.0,0.5338,nan,edge/x86_64,unknown,3.12.3,2026-10-09T18:44:41Z
188,ML-KEM-1024,post-quantum,5,keygen,0.0401,0.0,0.0,0.307,1568,3168,1568,0,0,0,0,0.0,0.601,nan,edge/x86_64,unknown,3.12.3,2026-10-09T18:44:41Z
188,ML-KEM-1024,post-quantum,5,encapsulate,0.0354,0.0,0.0,0.307,1568,3168,1568,0,0,0,0,0.0,0.5308,nan,edge/x86_64,unknown,3.12.3,2026-10-09T18:44:41Z
188,ML-KEM-1024,post-quantum,5,decapsulate,0.0917,0.0,0.0,0.307,1568,3168,1568,0,0,0,0,0.0,1.3759,nan,edge/x86_64,unknown,3.12.3,2026-10-09T18:44:41Z
189,ML-KEM-1024,post-quantum,5,keygen,0.0874,0.0,0.0,0.307,1568,3168,1568,0,0,0,0,0.0,1.3114,nan,edge/x86_64,unknown,3.12.3,2026-10-09T18:44:41Z
189,ML-KEM-1024,post-quantum,5,encapsulate,0.0488,0.0,0.0,0.307,1568,3168,1568,0,0,0,0,0.0,0.7318,nan,edge/x86_64,unknown,3.12.3,2026-10-09T18:44:41Z
189,ML-KEM-1024,post-quantum,5,decapsulate,0.0389,0.0,0.0,0.307,1568,3168,1568,0,0,0,0,0.0,0.5828,nan,edge/x86_64,unknown,3.12.3,2026-10-09T18:44:41Z
190,ML-KEM-1024,post-quantum,5,keygen,0.0346,0.0,0.0,0.307,1568,3168,1568,0,0,0,0,0.0,0.5184,nan,edge/x86_64,unknown,3.12.3,2026-10-09T18:44:41Z
190,ML-KEM-1024,post-quantum,5,encapsulate,0.0345,0.0,0.0,0.307,1568,3168,1568,0,0,0,0,0.0,0.5182,nan,edge/x86_64,unknown,3.12.3,2026-10-09T18:44:41Z
190,ML-KEM-1024,post-quantum,5,decapsulate,0.0355,0.0,0.0,0.307,1568,3168,1568,0,0,0,0,0.0,0.532,nan,edge/x86_64,unknown,3.12.3,2026-10-09T18:44:41Z
191,ML-KEM-1024,post-quantum,5,keygen,0.0948,0.0,0.0,0.307,1568,3168,1568,0,0,0,0,0.0,1.4218,nan,edge/x86_64,unknown,3.12.3,2026-10-09T18:44:41Z
191,ML-KEM-1024,post-quantum,5,encapsulate,0.0564,0.0,0.0,0.307,1568,3168,1568,0,0,0,0,0.0,0.8467,nan,edge/x86_64,unknown,3.12.3,2026-10-09T18:44:41Z
191,ML-KEM-1024,post-quantum,5,decapsulate,0.0384,0.0,0.0,0.307,1568,3168,1568,0,0,0,0,0.0,0.5757,nan,edge/x86_64,unknown,3.12.3,2026-10-09T18:44:41Z
192,ML-KEM-1024,post-quantum,5,keygen,0.0356,0.0,0.0,0.307,1568,3168,1568,0,0,0,0,0.0,0.5347,nan,edge/x86_64,unknown,3.12.3,2026-10-09T18:44:41Z
192,ML-KEM-1024,post-quantum,5,encapsulate,0.0807,0.0,0.0,0.307,1568,3168,1568,0,0,0,0,0.0,1.2099,nan,edge/x86_64,unknown,3.12.3,2026-10-09T18:44:41Z
192,ML-KEM-1024,post-quantum,5,decapsulate,0.0396,0.0,0.0,0.307,1568,3168,1568,0,0,0,0,0.0,0.5938,nan,edge/x86_64,unknown,3.12.3,2026-10-09T18:44:41Z
193,ML-KEM-1024,post-quantum,5,keygen,0.0357,0.0,0.0,0.307,1568,3168,1568,0,0,0,0,0.0,0.5348,nan,edge/x86_64,unknown,3.12.3,2026-10-09T18:44:41Z
193,ML-KEM-1024,post-quantum,5,encapsulate,0.0354,0.0,0.0,0.307,1568,3168,1568,0,0,0,0,0.0,0.5311,nan,edge/x86_64,unknown,3.12.3,2026-10-09T18:44:41Z
193,ML-KEM-1024,post-quantum,5,decapsulate,0.0673,0.0,0.0,0.307,1568,3168,1568,0,0,0,0,0.0,1.01,nan,edge/x86_64,unknown,3.12.3,2026-10-09T18:44:41Z
194,ML-KEM-1024,post-quantum,5,keygen,0.0399,0.0,0.0,0.307,1568,3168,1568,0,0,0,0,0.0,0.5988,nan,edge/x86_64,unknown,3.12.3,2026-10-09T18:44:41Z
194,ML-KEM-1024,post-quantum,5,encapsulate,0.0356,0.0,0.0,0.307,1568,3168,1568,0,0,0,0,0.0,0.5338,nan,edge/x86_64,unknown,3.12.3,2026-10-09T18:44:41Z
194,ML-KEM-1024,post-quantum,5,decapsulate,0.0367,0.0,0.0,0.307,1568,3168,1568,0,0,0,0,0.0,0.5511,nan,edge/x86_64,unknown,3.12.3,2026-10-09T18:44:41Z
195,ML-KEM-1024,post-quantum,5,keygen,0.0346,0.0,0.0,0.307,1568,3168,1568,0,0,0,0,0.0,0.5194,nan,edge/x86_64,unknown,3.12.3,2026-10-09T18:44:41Z
195,ML-KEM-1024,post-quantum,5,encapsulate,0.0369,0.0,0.0,0.307,1568,3168,1568,0,0,0,0,0.0,0.5535,nan,edge/x86_64,unknown,3.12.3,2026-10-09T18:44:41Z
195,ML-KEM-1024,post-quantum,5,decapsulate,0.0355,0.0,0.0,0.307,1568,3168,1568,0,0,0,0,0.0,0.5321,nan,edge/x86_64,unknown,3.12.3,2026-10-09T18:44:41Z
196,ML-KEM-1024,post-quantum,5,keygen,0.034,0.0,0.0,0.307,1568,3168,1568,0,0,0,0,0.0,0.5093,nan,edge/x86_64,unknown,3.12.3,2026-10-09T18:44:41Z
196,ML-KEM-1024,post-quantum,5,encapsulate,0.0354,0.0,0.0,0.307,1568,3168,1568,0,0,0,0,0.0,0.5305,nan,edge/x86_64,unknown,3.12.3,2026-10-09T18:44:41Z
196,ML-KEM-1024,post-quantum,5,decapsulate,0.0383,0.0,0.0,0.307,1568,3168,1568,0,0,0,0,0.0,0.5742,nan,edge/x86_64,unknown,3.12.3,2026-10-09T18:44:41Z
197,ML-KEM-1024,post-quantum,5,keygen,0.0345,0.0,0.0,0.307,1568,3168,1568,0,0,0,0,0.0,0.5171,nan,edge/x86_64,unknown,3.12.3,2026-10-09T18:44:41Z
197,ML-KEM-1024,post-quantum,5,encapsulate,0.0344,0.0,0.0,0.307,1568,3168,1568,0,0,0,0,0.0,0.5165,nan,edge/x86_64,unknown,3.12.3,2026-10-09T18:44:41Z
197,ML-KEM-1024,post-quantum,5,decapsulate,0.0352,0.0,0.0,0.307,1568,3168,1568,0,0,0,0,0.0,0.5283,nan,edge/x86_64,unknown,3.12.3,2026-10-09T18:44:41Z
198,ML-KEM-1024,post-quantum,5,keygen,0.0336,0.0,0.0,0.307,1568,3168,1568,0,0,0,0,0.0,0.5038,nan,edge/x86_64,unknown,3.12.3,2026-10-09T18:44:41Z
198,ML-KEM-1024,post-quantum,5,encapsulate,0.0341,0.0,0.0,0.307,1568,3168,1568,0,0,0,0,0.0,0.5111,nan,edge/x86_64,unknown,3.12.3,2026-10-09T18:44:41Z
198,ML-KEM-1024,post-quantum,5,decapsulate,0.0358,0.0,0.0,0.307,1568,3168,1568,0,0,0,0,0.0,0.5375,nan,edge/x86_64,unknown,3.12.3,2026-10-09T18:44:41Z
199,ML-KEM-1024,post-quantum,5,keygen,0.0336,0.0,0.0,0.307,1568,3168,1568,0,0,0,0,0.0,0.5035,nan,edge/x86_64,unknown,3.12.3,2026-10-09T18:44:41Z
199,ML-KEM-1024,post-quantum,5,encapsulate,0.0342,0.0,0.0,0.307,1568,3168,1568,0,0,0,0,0.0,0.5125,nan,edge/x86_64,unknown,3.12.3,2026-10-09T18:44:41Z
199,ML-KEM-1024,post-quantum,5,decapsulate,0.035,0.0,0.0,0.307,1568,3168,1568,0,0,0,0,0.0,0.5256,nan,edge/x86_64,unknown,3.12.3,2026-10-09T18:44:41Z
0,ML-DSA-44,post-quantum,2,keygen,0.0611,0.0,0.0,0.315,1312,2560,0,2420,0,0,0,0.0,0.9171,nan,edge/x86_64,unknown,3.12.3,2026-10-09T18:44:41Z
0,ML-DSA-44,post-quantum,2,sign,0.1084,0.0,0.0,0.315,1312,2560,0,2420,512,0,0,0.0,1.6261,nan,edge/x86_64,unknown,3.12.3,2026-10-09T18:44:41Z
0,ML-DSA-44,post-quantum,2,verify,0.1712,0.0,0.0,0.315,1312,2560,0,2420,512,0,0,0.0,2.5683,nan,edge/x86_64,unknown,3.12.3,2026-10-09T18:44:41Z
1,ML-DSA-44,post-quantum,2,keygen,0.0952,0.0,0.0,0.315,1312,2560,0,2420,0,0,0,0.0,1.428,nan,edge/x86_64,unknown,3.12.3,2026-10-09T18:44:41Z
1,ML-DSA-44,post-quantum,2,sign,0.2559,0.0,0.0,0.315,1312,2560,0,2420,512,0,0,0.0,3.8384,nan,edge/x86_64,unknown,3.12.3,2026-10-09T18:44:41Z
1,ML-DSA-44,post-quantum,2,verify,0.0695,0.0,0.0,0.315,1312,2560,0,2420,512,0,0,0.0,1.0428,nan,edge/x86_64,unknown,3.12.3,2026-10-09T18:44:41Z
2,ML-DSA-44,post-quantum,2,keygen,0.0699,0.0,0.0,0.315,1312,2560,0,2420,0,0,0,0.0,1.0492,nan,edge/x86_64,unknown,3.12.3,2026-10-09T18:44:41Z
2,ML-DSA-44,post-quantum,2,sign,0.1894,0.0,0.0,0.315,1312,2560,0,2420,512,0,0,0.0,2.8405,nan,edge/x86_64,unknown,3.12.3,2026-10-09T18:44:41Z
2,ML-DSA-44,post-quantum,2,verify,0.0591,0.0,0.0,0.315,1312,2560,0,2420,512,0,0,0.0,0.8863,nan,edge/x86_64,unknown,3.12.3,2026-10-09T18:44:41Z
3,ML-DSA-44,post-quantum,2,keygen,0.0621,0.0,0.0,0.315,1312,2560,0,2420,0,0,0,0.0,0.9321,nan,edge/x86_64,unknown,3.12.3,2026-10-09T18:44:41Z
3,ML-DSA-44,post-quantum,2,sign,0.129,0.0,0.0,0.315,1312,2560,0,2420,512,0,0,0.0,1.9345,nan,edge/x86_64,unknown,3.12.3,2026-10-09T18:44:41Z
3,ML-DSA-44,post-quantum,2,verify,0.0659,0.0,0.0,0.315,1312,2560,0,2420,512,0,0,0.0,0.988,nan,edge/x86_64,unknown,3.12.3,2026-10-09T18:44:41Z
4,ML-DSA-44,post-quantum,2,keygen,0.0693,0.0,0.0,0.315,1312,2560,0,2420,0,0,0,0.0,1.0397,nan,edge/x86_64,unknown,3.12.3,2026-10-09T18:44:41Z
4,ML-DSA-44,post-quantum,2,sign,0.1297,0.0,0.0,0.315,1312,2560,0,2420,512,0,0,0.0,1.9451,nan,edge/x86_64,unknown,3.12.3,2026-10-09T18:44:41Z
4,ML-DSA-44,post-quantum,2,verify,0.0681,0.0,0.0,0.315,1312,2560,0,2420,512,0,0,0.0,1.0209,nan,edge/x86_64,unknown,3.12.3,2026-10-09T18:44:41Z
5,ML-DSA-44,post-quantum,2,keygen,0.0651,0.0,0.0,0.315,1312,2560,0,2420,0,0,0,0.0,0.9771,nan,edge/x86_64,unknown,3.12.3,2026-10-09T18:44:41Z
5,ML-DSA-44,post-quantum,2,sign,0.1899,0.0,0.0,0.315,1312,2560,0,2420,512,0,0,0.0,2.8492,nan,edge/x86_64,unknown,3.12.3,2026-10-09T18:44:41Z
5,ML-DSA-44,post-quantum,2,verify,0.0637,0.0,0.0,0.315,1312,2560,0,2420,512,0,0,0.0,0.9557,nan,edge/x86_64,unknown,3.12.3,2026-10-09T18:44:41Z
6,ML-DSA-44,post-quantum,2,keygen,0.0686,0.0,0.0,0.315,1312,2560,0,2420,0,0,0,0.0,1.0292,nan,edge/x86_64,unknown,3.12.3,2026-10-09T18:44:41Z
6,ML-DSA-44,post-quantum,2,sign,0.0838,0.0,0.0,0.315,1312,2560,0,2420,512,0,0,0.0,1.2568,nan,edge/x86_64,unknown,3.12.3,2026-10-09T18:44:41Z
6,ML-DSA-44,post-quantum,2,verify,0.0603,0.0,0.0,0.315,1312,2560,0,2420,512,0,0,0.0,0.9039,nan,edge/x86_64,unknown,3.12.3,2026-10-09T18:44:41Z
7,ML-DSA-44,post-quantum,2,keygen,0.0637,0.0,0.0,0.315,1312,2560,0,2420,0,0,0,0.0,0.9555,nan,edge/x86_64,unknown,3.12.3,2026-10-09T18:44:41Z
7,ML-DSA-44,post-quantum,2,sign,0.2378,0.0,0.0,0.315,1312,2560,0,2420,512,0,0,0.0,3.5668,nan,edge/x86_64,unknown,3.12.3,2026-10-09T18:44:41Z
7,ML-DSA-44,post-quantum,2,verify,0.0584,0.0,0.0,0.315,1312,2560,0,2420,512,0,0,0.0,0.8753,nan,edge/x86_64,unknown,3.12.3,2026-10-09T18:44:41Z
8,ML-DSA-44,post-quantum,2,keygen,0.0606,0.0,0.0,0.315,1312,2560,0,2420,0,0,0,0.0,0.9092,nan,edge/x86_64,unknown,3.12.3,2026-10-09T18:44:41Z
8,ML-DSA-44,post-quantum,2,sign,0.0774,0.0,0.0,0.315,1312,2560,0,2420,512,0,0,0.0,1.1614,nan,edge/x86_64,unknown,3.12.3,2026-10-09T18:44:41Z
8,ML-DSA-44,post-quantum,2,verify,0.0564,0.0,0.0,0.315,1312,2560,0,2420,512,0,0,0.0,0.8463,nan,edge/x86_64,unknown,3.12.3,2026-10-09T18:44:41Z
9,ML-DSA-44,post-quantum,2,keygen,0.0611,0.0,0.0,0.315,1312,2560,0,2420,0,0,0,0.0,0.9159,nan,edge/x86_64,unknown,3.12.3,2026-10-09T18:44:41Z
9,ML-DSA-44,post-quantum,2,sign,0.0927,0.0,0.0,0.315,1312,2560,0,2420,512,0,0,0.0,1.3903,nan,edge/x86_64,unknown,3.12.3,2026-10-09T18:44:41Z
9,ML-DSA-44,post-quantum,2,verify,0.0581,0.0,0.0,0.315,1312,2560,0,2420,512,0,0,0.0,0.8711,nan,edge/x86_64,unknown,3.12.3,2026-10-09T18:44:41Z
10,ML-DSA-44,post-quantum,2,keygen,0.0617,0.0,0.0,0.315,1312,2560,0,2420,0,0,0,0.0,0.926,nan,edge/x86_64,unknown,3.12.3,2026-10-09T18:44:41Z
10,ML-DSA-44,post-quantum,2,sign,0.1425,0.0,0.0,0.315,1312,2560,0,2420,512,0,0,0.0,2.1377,nan,edge/x86_64,unknown,3.12.3,2026-10-09T18:44:41Z
10,ML-DSA-44,post-quantum,2,verify,0.0597,0.0,0.0,0.315,1312,2560,0,2420,512,0,0,0.0,0.895,nan,edge/x86_64,unknown,3.12.3,2026-10-09T18:44:41Z
11,ML-DSA-44,post-quantum,2,keygen,0.08,0.0,0.0,0.315,1312,2560,0,2420,0,0,0,0.0,1.2007,nan,edge/x86_64,unknown,3.12.3,2026-10-09T18:44:41Z
11,ML-DSA-44,post-quantum,2,sign,0.1336,0.0,0.0,0.315,1312,2560,0,2420,512,0,0,0.0,2.0046,nan,edge/x86_64,unknown,3.12.3,2026-10-09T18:44:41Z
11,ML-DSA-44,post-quantum,2,verify,0.0576,0.0,0.0,0.315,1312,2560,0,2420,512,0,0,0.0,0.8634,nan,edge/x86_64,unknown,3.12.3,2026-10-09T18:44:41Z
12,ML-DSA-44,post-quantum,2,keygen,0.0613,0.0,0.0,0.315,1312,2560,0,2420,0,0,0,0.0,0.9188,nan,edge/x86_64,unknown,3.12.3,2026-10-09T18:44:41Z
12,ML-DSA-44,post-quantum,2,sign,0.5405,0.0,0.0,0.315,1312,2560,0,2420,512,0,0,0.0,8.1069,nan,edge/x86_64,unknown,3.12.3,2026-10-09T18:44:41Z
12,ML-DSA-44,post-quantum,2,verify,0.0653,0.0,0.0,0.315,1312,2560,0,2420,512,0,0,0.0,0.979,nan,edge/x86_64,unknown,3.12.3,2026-10-09T18:44:41Z
13,ML-DSA-44,post-quantum,2,keygen,0.0699,0.0,0.0,0.315,1312,2560,0,2420,0,0,0,0.0,1.0491,nan,edge/x86_64,unknown,3.12.3,2026-10-09T18:44:41Z
13,ML-DSA-44,post-quantum,2,sign,0.0949,0.0,0.0,0.315,1312,2560,0,2420,512,0,0,0.0,1.4242,nan,edge/x86_64,unknown,3.12.3,2026-10-09T18:44:41Z
13,ML-DSA-44,post-quantum,2,verify,0.0601,0.0,0.0,0.315,1312,2560,0,2420,512,0,0,0.0,0.902,nan,edge/x86_64,unknown,3.12.3,2026-10-09T18:44:41Z
14,ML-DSA-44,post-quantum,2,keygen,0.0639,0.0,0.0,0.315,1312,2560,0,2420,0,0,0,0.0,0.9588,nan,edge/x86_64,unknown,3.12.3,2026-10-09T18:44:41Z
14,ML-DSA-44,post-quantum,2,sign,0.1368,0.0,0.0,0.315,1312,2560,0,2420,512,0,0,0.0,2.0513,nan,edge/x86_64,unknown,3.12.3,2026-10-09T18:44:41Z
14,ML-DSA-44,post-quantum,2,verify,0.0584,0.0,0.0,0.315,1312,2560,0,2420,512,0,0,0.0,0.8763,nan,edge/x86_64,unknown,3.12.3,2026-10-09T18:44:41Z
15,ML-DSA-44,post-quantum,2,keygen,0.0628,0.0,0.0,0.315,1312,2560,0,2420,0,0,0,0.0,0.9417,nan,edge/x86_64,unknown,3.12.3,2026-10-09T18:44:41Z
15,ML-DSA-44,post-quantum,2,sign,0.137,0.0,0.0,0.315,1312,2560,0,2420,512,0,0,0.0,2.0543,nan,edge/x86_64,unknown,3.12.3,2026-10-09T18:44:41Z
15,ML-DSA-44,post-quantum,2,verify,0.0633,0.0,0.0,0.315,1312,2560,0,2420,512,0,0,0.0,0.9499,nan,edge/x86_64,unknown,3.12.3,2026-10-09T18:44:41Z
16,ML-DSA-44,post-quantum,2,keygen,0.0649,0.0,0.0,0.315,1312,2560,0,2420,0,0,0,0.0,0.9736,nan,edge/x86_64,unknown,3.12.3,2026-10-09T18:44:41Z
16,ML-DSA-44,post-quantum,2,sign,0.0791,0.0,0.0,0.315,1312,2560,0,2420,512,0,0,0.0,1.1858,nan,edge/x86_64,unknown,3.12.3,2026-10-09T18:44:41Z
16,ML-DSA-44,post-quantum,2,verify,0.0591,0.0,0.0,0.315,1312,2560,0,2420,512,0,0,0.0,0.8861,nan,edge/x86_64,unknown,3.12.3,2026-10-09T18:44:41Z
17,ML-DSA-44,post-quantum,2,keygen,0.0624,0.0,0.0,0.315,1312,2560,0,2420,0,0,0,0.0,0.9358,nan,edge/x86_64,unknown,3.12.3,2026-10-09T18:44:41Z
17,ML-DSA-44,post-quantum,2,sign,0.0932,0.0,0.0,0.315,1312,2560,0,2420,512,0,0,0.0,1.3985,nan,edge/x86_64,unknown,3.12.3,2026-10-09T18:44:41Z
17,ML-DSA-44,post-quantum,2,verify,0.0563,0.0,0.0,0.315,1312,2560,0,2420,512,0,0,0.0,0.8441,nan,edge/x86_64,unknown,3.12.3,2026-10-09T18:44:41Z
18,ML-DSA-44,post-quantum,2,keygen,0.0718,0.0,0.0,0.315,1312,2560,0,2420,0,0,0,0.0,1.0765,nan,edge/x86_64,unknown,3.12.3,2026-10-09T18:44:41Z
18,ML-DSA-44,post-quantum,2,sign,0.0785,0.0,0.0,0.315,1312,2560,0,2420,512,0,0,0.0,1.1776,nan,edge/x86_64,unknown,3.12.3,2026-10-09T18:44:41Z
18,ML-DSA-44,post-quantum,2,verify,0.0915,0.0,0.0,0.315,1312,2560,0,2420,512,0,0,0.0,1.3723,nan,edge/x86_64,unknown,3.12.3,2026-10-09T18:44:41Z
19,ML-DSA-44,post-quantum,2,keygen,0.0696,0.0,0.0,0.315,1312,2560,0,2420,0,0,0,0.0,1.0438,nan,edge/x86_64,unknown,3.12.3,2026-10-09T18:44:41Z
19,ML-DSA-44,post-quantum,2,sign,0.1842,0.0,0.0,0.315,1312,2560,0,2420,512,0,0,0.0,2.7629,nan,edge/x86_64,unknown,3.12.3,2026-10-09T18:44:41Z
19,ML-DSA-44,post-quantum,2,verify,0.0972,0.0,0.0,0.315,1312,2560,0,2420,512,0,0,0.0,1.4575,nan,edge/x86_64,unknown,3.12.3,2026-10-09T18:44:41Z
20,ML-DSA-44,post-quantum,2,keygen,0.0674,0.0,0.0,0.315,1312,2560,0,2420,0,0,0,0.0,1.0113,nan,edge/x86_64,unknown,3.12.3,2026-10-09T18:44:41Z
20,ML-DSA-44,post-quantum,2,sign,0.1149,0.0,0.0,0.315,1312,2560,0,2420,512,0,0,0.0,1.7236,nan,edge/x86_64,unknown,3.12.3,2026-10-09T18:44:41Z
20,ML-DSA-44,post-quantum,2,verify,0.0604,0.0,0.0,0.315,1312,2560,0,2420,512,0,0,0.0,0.9057,nan,edge/x86_64,unknown,3.12.3,2026-10-09T18:44:41Z
21,ML-DSA-44,post-quantum,2,keygen,0.0621,0.0,0.0,0.315,1312,2560,0,2420,0,0,0,0.0,0.9309,nan,edge/x86_64,unknown,3.12.3,2026-10-09T18:44:41Z
21,ML-DSA-44,post-quantum,2,sign,0.0902,0.0,0.0,0.315,1312,2560,0,2420,512,0,0,0.0,1.3536,nan,edge/x86_64,unknown,3.12.3,2026-10-09T18:44:41Z
21,ML-DSA-44,post-quantum,2,verify,0.0564,0.0,0.0,0.315,1312,2560,0,2420,512,0,0,0.0,0.846,nan,edge/x86_64,unknown,3.12.3,2026-10-09T18:44:41Z
22,ML-DSA-44,post-quantum,2,keygen,0.0597,0.0,0.0,0.315,1312,2560,0,2420,0,0,0,0.0,0.896,nan,edge/x86_64,unknown,3.12.3,2026-10-09T18:44:41Z
22,ML-DSA-44,post-quantum,2,sign,0.2075,0.0,0.0,0.315,1312,2560,0,2420,512,0,0,0.0,3.1126,nan,edge/x86_64,unknown,3.12.3,2026-10-09T18:44:41Z
22,ML-DSA-44,post-quantum,2,verify,0.0579,0.0,0.0,0.315,1312,2560,0,2420,512,0,0,0.0,0.8692,nan,edge/x86_64,unknown,3.12.3,2026-10-09T18:44:41Z
23,ML-DSA-44,post-quantum,2,keygen,0.0611,0.0,0.0,0.315,1312,2560,0,2420,0,0,0,0.0,0.9161,nan,edge/x86_64,unknown,3.12.3,2026-10-09T18:44:41Z
23,ML-DSA-44,post-quantum,2,sign,0.1254,0.0,0.0,0.315,1312,2560,0,2420,512,0,0,0.0,1.8811,nan,edge/x86_64,unknown,3.12.3,2026-10-09T18:44:41Z
23,ML-DSA-44,post-quantum,2,verify,0.0564,0.0,0.0,0.315,1312,2560,0,2420,512,0,0,0.0,0.8461,nan,edge/x86_64,unknown,3.12.3,2026-10-09T18:44:41Z
24,ML-DSA-44,post-quantum,2,keygen,0.0604,0.0,0.0,0.315,1312,2560,0,2420,0,0,0,0.0,0.9056,nan,edge/x86_64,unknown,3.12.3,2026-10-09T18:44:41Z
24,ML-DSA-44,post-quantum,2,sign,0.0747,0.0,0.0,0.315,1312,2560,0,2420,512,0,0,0.0,1.1205,nan,edge/x86_64,unknown,3.12.3,2026-10-09T18:44:41Z
24,ML-DSA-44,post-quantum,2,verify,0.0714,0.0,0.0,0.315,1312,2560,0,2420,512,0,0,0.0,1.0711,nan,edge/x86_64,unknown,3.12.3,2026-10-09T18:44:41Z
25,ML-DSA-44,post-quantum,2,keygen,0.0618,0.0,0.0,0.315,1312,2560,0,2420,0,0,0,0.0,0.9269,nan,edge/x86_64,unknown,3.12.3,2026-10-09T18:44:41Z
25,ML-DSA-44,post-quantum,2,sign,0.0973,0.0,0.0,0.315,1312,2560,0,2420,512,0,0,0.0,1.4602,nan,edge/x86_64,unknown,3.12.3,2026-10-09T18:44:41Z
25,ML-DSA-44,post-quantum,2,verify,0.1065,0.0,0.0,0.315,1312,2560,0,2420,512,0,0,0.0,1.5976,nan,edge/x86_64,unknown,3.12.3,2026-10-09T18:44:41Z
26,ML-DSA-44,post-quantum,2,keygen,0.0723,0.0,0.0,0.315,1312,2560,0,2420,0,0,0,0.0,1.0844,nan,edge/x86_64,unknown,3.12.3,2026-10-09T18:44:41Z
26,ML-DSA-44,post-quantum,2,sign,0.1204,0.0,0.0,0.315,1312,2560,0,2420,512,0,0,0.0,1.8063,nan,edge/x86_64,unknown,3.12.3,2026-10-09T18:44:41Z
26,ML-DSA-44,post-quantum,2,verify,0.0601,0.0,0.0,0.315,1312,2560,0,2420,512,0,0,0.0,0.9017,nan,edge/x86_64,unknown,3.12.3,2026-10-09T18:44:41Z
27,ML-DSA-44,post-quantum,2,keygen,0.062,0.0,0.0,0.315,1312,2560,0,2420,0,0,0,0.0,0.9304,nan,edge/x86_64,unknown,3.12.3,2026-10-09T18:44:41Z
27,ML-DSA-44,post-quantum,2,sign,0.1514,0.0,0.0,0.315,1312,2560,0,2420,512,0,0,0.0,2.2717,nan,edge/x86_64,unknown,3.12.3,2026-10-09T18:44:41Z
27,ML-DSA-44,post-quantum,2,verify,0.066,0.0,0.0,0.315,1312,2560,0,2420,512,0,0,0.0,0.9907,nan,edge/x86_64,unknown,3.12.3,2026-10-09T18:44:41Z
28,ML-DSA-44,post-quantum,2,keygen,0.1003,0.0,0.0,0.315,1312,2560,0,2420,0,0,0,0.0,1.5049,nan,edge/x86_64,unknown,3.12.3,2026-10-09T18:44:41Z
28,ML-DSA-44,post-quantum,2,sign,0.114,0.0,0.0,0.315,1312,2560,0,2420,512,0,0,0.0,1.7094,nan,edge/x86_64,unknown,3.12.3,2026-10-09T18:44:41Z
28,ML-DSA-44,post-quantum,2,verify,0.0612,0.0,0.0,0.315,1312,2560,0,2420,512,0,0,0.0,0.9186,nan,edge/x86_64,unknown,3.12.3,2026-10-09T18:44:41Z
29,ML-DSA-44,post-quantum,2,keygen,0.0653,0.0,0.0,0.315,1312,2560,0,2420,0,0,0,0.0,0.9789,nan,edge/x86_64,unknown,3.12.3,2026-10-09T18:44:41Z
29,ML-DSA-44,post-quantum,2,sign,0.078,0.0,0.0,0.315,1312,2560,0,2420,512,0,0,0.0,1.1698,nan,edge/x86_64,unknown,3.12.3,2026-10-09T18:44:41Z
29,ML-DSA-44,post-quantum,2,verify,0.0571,0.0,0.0,0.315,1312,2560,0,2420,512,0,0,0.0,0.8569,nan,edge/x86_64,unknown,3.12.3,2026-10-09T18:44:41Z
30,ML-DSA-44,post-quantum,2,keygen,0.0604,0.0,0.0,0.315,1312,2560,0,2420,0,0,0,0.0,0.9064,nan,edge/x86_64,unknown,3.12.3,2026-10-09T18:44:41Z
30,ML-DSA-44,post-quantum,2,sign,0.1073,0.0,0.0,0.315,1312,2560,0,2420,512,0,0,0.0,1.6096,nan,edge/x86_64,unknown,3.12.3,2026-10-09T18:44:41Z
30,ML-DSA-44,post-quantum,2,verify,0.0587,0.0,0.0,0.315,1312,2560,0,2420,512,0,0,0.0,0.8798,nan,edge/x86_64,unknown,3.12.3,2026-10-09T18:44:41Z
31,ML-DSA-44,post-quantum,2,keygen,0.0757,0.0,0.0,0.315,1312,2560,0,2420,0,0,0,0.0,1.1351,nan,edge/x86_64,unknown,3.12.3,2026-10-09T18:44:41Z
31,ML-DSA-44,post-quantum,2,sign,0.1045,0.0,0.0,0.315,1312,2560,0,2420,512,0,0,0.0,1.5675,nan,edge/x86_64,unknown,3.12.3,2026-10-09T18:44:41Z
31,ML-DSA-44,post-quantum,2,verify,0.0584,0.0,0.0,0.315,1312,2560,0,2420,512,0,0,0.0,0.876,nan,edge/x86_64,unknown,3.12.3,2026-10-09T18:44:41Z
32,ML-DSA-44,post-quantum,2,keygen,0.0882,0.0,0.0,0.315,1312,2560,0,2420,0,0,0,0.0,1.323,nan,edge/x86_64,unknown,3.12.3,2026-10-09T18:44:41Z
32,ML-DSA-44,post-quantum,2,sign,0.0783,0.0,0.0,0.315,1312,2560,0,2420,512,0,0,0.0,1.1748,nan,edge/x86_64,unknown,3.12.3,2026-10-09T18:44:41Z
32,ML-DSA-44,post-quantum,2,verify,0.0578,0.0,0.0,0.315,1312,2560,0,2420,512,0,0,0.0,0.8666,nan,edge/x86_64,unknown,3.12.3,2026-10-09T18:44:41Z
33,ML-DSA-44,post-quantum,2,keygen,0.1059,0.0,0.0,0.315,1312,2560,0,2420,0,0,0,0.0,1.5882,nan,edge/x86_64,unknown,3.12.3,2026-10-09T18:44:41Z
33,ML-DSA-44,post-quantum,2,sign,0.1466,0.0,0.0,0.315,1312,2560,0,2420,512,0,0,0.0,2.1993,nan,edge/x86_64,unknown,3.12.3,2026-10-09T18:44:41Z
33,ML-DSA-44,post-quantum,2,verify,0.0578,0.0,0.0,0.315,1312,2560,0,2420,512,0,0,0.0,0.8666,nan,edge/x86_64,unknown,3.12.3,2026-10-09T18:44:41Z
34,ML-DSA-44,post-quantum,2,keygen,0.0608,0.0,0.0,0.315,1312,2560,0,2420,0,0,0,0.0,0.9114,nan,edge/x86_64,unknown,3.12.3,2026-10-09T18:44:41Z
34,ML-DSA-44,post-quantum,2,sign,0.079,0.0,0.0,0.315,1312,2560,0,2420,512,0,0,0.0,1.1851,nan,edge/x86_64,unknown,3.12.3,2026-10-09T18:44:41Z
34,ML-DSA-44,post-quantum,2,verify,0.0846,0.0,0.0,0.315,1312,2560,0,2420,512,0,0,0.0,1.2688,nan,edge/x86_64,unknown,3.12.3,2026-10-09T18:44:41Z
35,ML-DSA-44,post-quantum,2,keygen,0.0633,0.0,0.0,0.315,1312,2560,0,2420,0,0,0,0.0,0.9491,nan,edge/x86_64,unknown,3.12.3,2026-10-09T18:44:41Z
35,ML-DSA-44,post-quantum,2,sign,0.0782,0.0,0.0,0.315,1312,2560,0,2420,512,0,0,0.0,1.1732,nan,edge/x86_64,unknown,3.12.3,2026-10-09T18:44:41Z
35,ML-DSA-44,post-quantum,2,verify,0.0571,0.0,0.0,0.315,1312,2560,0,2420,512,0,0,0.0,0.857,nan,edge/x86_64,unknown,3.12.3,2026-10-09T18:44:41Z
36,ML-DSA-44,post-quantum,2,keygen,0.0629,0.0,0.0,0.315,1312,2560,0,2420,0,0,0,0.0,0.9438,nan,edge/x86_64,unknown,3.12.3,2026-10-09T18:44:41Z
36,ML-DSA-44,post-quantum,2,sign,0.4317,0.0,0.0,0.315,1312,2560,0,2420,512,0,0,0.0,6.4753,nan,edge/x86_64,unknown,3.12.3,2026-10-09T18:44:41Z
36,ML-DSA-44,post-quantum,2,verify,0.0607,0.0,0.0,0.315,1312,2560,0,2420,512,0,0,0.0,0.9111,nan,edge/x86_64,unknown,3.12.3,2026-10-09T18:44:41Z
37,ML-DSA-44,post-quantum,2,keygen,0.0714,0.0,0.0,0.315,1312,2560,0,2420,0,0,0,0.0,1.0714,nan,edge/x86_64,unknown,3.12.3,2026-10-09T18:44:41Z
37,ML-DSA-44,post-quantum,2,sign,0.1274,0.0,0.0,0.315,1312,2560,0,2420,512,0,0,0.0,1.9114,nan,edge/x86_64,unknown,3.12.3,2026-10-09T18:44:41Z
37,ML-DSA-44,post-quantum,2,verify,0.0638,0.0,0.0,0.315,1312,2560,0,2420,512,0,0,0.0,0.9569,nan,edge/x86_64,unknown,3.12.3,2026-10-09T18:44:41Z
38,ML-DSA-44,post-quantum,2,keygen,0.0639,0.0,0.0,0.315,1312,2560,0,2420,0,0,0,0.0,0.9589,nan,edge/x86_64,unknown,3.12.3,2026-10-09T18:44:41Z
38,ML-DSA-44,post-quantum,2,sign,0.1114,0.0,0.0,0.315,1312,2560,0,2420,512,0,0,0.0,1.6704,nan,edge/x86_64,unknown,3.12.3,2026-10-09T18:44:41Z
38,ML-DSA-44,post-quantum,2,verify,0.0591,0.0,0.0,0.315,1312,2560,0,2420,512,0,0,0.0,0.8862,nan,edge/x86_64,unknown,3.12.3,2026-10-09T18:44:41Z
39,ML-DSA-44,post-quantum,2,keygen,0.0595,0.0,0.0,0.315,1312,2560,0,2420,0,0,0,0.0,0.8931,nan,edge/x86_64,unknown,3.12.3,2026-10-09T18:44:41Z
39,ML-DSA-44,post-quantum,2,sign,0.3609,0.0,0.0,0.315,1312,2560,0,2420,512,0,0,0.0,5.4139,nan,edge/x86_64,unknown,3.12.3,2026-10-09T18:44:41Z
39,ML-DSA-44,post-quantum,2,verify,0.059,0.0,0.0,0.315,1312,2560,0,2420,512,0,0,0.0,0.8843,nan,edge/x86_64,unknown,3.12.3,2026-10-09T18:44:41Z
40,ML-DSA-44,post-quantum,2,keygen,0.0824,0.0,0.0,0.315,1312,2560,0,2420,0,0,0,0.0,1.2363,nan,edge/x86_64,unknown,3.12.3,2026-10-09T18:44:41Z
40,ML-DSA-44,post-quantum,2,sign,0.1591,0.0,0.0,0.315,1312,2560,0,2420,512,0,0,0.0,2.3868,nan,edge/x86_64,unknown,3.12.3,2026-10-09T18:44:41Z
40,ML-DSA-44,post-quantum,2,verify,0.0581,0.0,0.0,0.315,1312,2560,0,2420,512,0,0,0.0,0.8716,nan,edge/x86_64,unknown,3.12.3,2026-10-09T18:44:41Z
41,ML-DSA-44,post-quantum,2,keygen,0.0639,0.0,0.0,0.315,1312,2560,0,2420,0,0,0,0.0,0.9591,nan,edge/x86_64,unknown,3.12.3,2026-10-09T18:44:41Z
41,ML-DSA-44,post-quantum,2,sign,0.207,0.0,0.0,0.315,1312,2560,0,2420,512,0,0,0.0,3.1053,nan,edge/x86_64,unknown,3.12.3,2026-10-09T18:44:41Z
41,ML-DSA-44,post-quantum,2,verify,0.0577,0.0,0.0,0.315,1312,2560,0,2420,512,0,0,0.0,0.8649,nan,edge/x86_64,unknown,3.12.3,2026-10-09T18:44:41Z
42,ML-DSA-44,post-quantum,2,keygen,0.0609,0.0,0.0,0.315,1312,2560,0,2420,0,0,0,0.0,0.9138,nan,edge/x86_64,unknown,3.12.3,2026-10-09T18:44:41Z
42,ML-DSA-44,post-quantum,2,sign,0.2399,0.0,0.0,0.315,1312,2560,0,2420,512,0,0,0.0,3.5983,nan,edge/x86_64,unknown,3.12.3,2026-10-09T18:44:41Z
42,ML-DSA-44,post-quantum,2,verify,0.089,0.0,0.0,0.315,1312,2560,0,2420,512,0,0,0.0,1.3343,nan,edge/x86_64,unknown,3.12.3,2026-10-09T18:44:41Z
43,ML-DSA-44,post-quantum,2,keygen,0.0695,0.0,0.0,0.315,1312,2560,0,2420,0,0,0,0.0,1.0418,nan,edge/x86_64,unknown,3.12.3,2026-10-09T18:44:41Z
43,ML-DSA-44,post-quantum,2,sign,0.1915,0.0,0.0,0.315,1312,2560,0,2420,512,0,0,0.0,2.872,nan,edge/x86_64,unknown,3.12.3,2026-10-09T18:44:41Z
43,ML-DSA-44,post-quantum,2,verify,0.0878,0.0,0.0,0.315,1312,2560,0,2420,512,0,0,0.0,1.3171,nan,edge/x86_64,unknown,3.12.3,2026-10-09T18:44:41Z
44,ML-DSA-44,post-quantum,2,keygen,0.0632,0.0,0.0,0.315,1312,2560,0,2420,0,0,0,0.0,0.9474,nan,edge/x86_64,unknown,3.12.3,2026-10-09T18:44:41Z
44,ML-DSA-44,post-quantum,2,sign,0.1437,0.0,0.0,0.315,1312,2560,0,2420,512,0,0,0.0,2.1553,nan,edge/x86_64,unknown,3.12.3,2026-10-09T18:44:41Z
44,ML-DSA-44,post-quantum,2,verify,0.0611,0.0,0.0,0.315,1312,2560,0,2420,512,0,0,0.0,0.9168,nan,edge/x86_64,unknown,3.12.3,2026-10-09T18:44:41Z
45,ML-DSA-44,post-quantum,2,keygen,0.09,0.0,0.0,0.315,1312,2560,0,2420,0,0,0,0.0,1.3506,nan,edge/x86_64,unknown,3.12.3,2026-10-09T18:44:41Z
45,ML-DSA-44,post-quantum,2,sign,0.1398,0.0,0.0,0.315,1312,2560,0,2420,512,0,0,0.0,2.0974,nan,edge/x86_64,unknown,3.12.3,2026-10-09T18:44:41Z
45,ML-DSA-44,post-quantum,2,verify,0.0817,0.0,0.0,0.315,1312,2560,0,2420,512,0,0,0.0,1.2257,nan,edge/x86_64,unknown,3.12.3,2026-10-09T18:44:41Z
46,ML-DSA-44,post-quantum,2,keygen,0.0618,0.0,0.0,0.315,1312,2560,0,2420,0,0,0,0.0,0.9267,nan,edge/x86_64,unknown,3.12.3,2026-10-09T18:44:41Z
46,ML-DSA-44,post-quantum,2,sign,0.0773,0.0,0.0,0.315,1312,2560,0,2420,512,0,0,0.0,1.1593,nan,edge/x86_64,unknown,3.12.3,2026-10-09T18:44:41Z
46,ML-DSA-44,post-quantum,2,verify,0.0575,0.0,0.0,0.315,1312,2560,0,2420,512,0,0,0.0,0.8618,nan,edge/x86_64,unknown,3.12.3,2026-10-09T18:44:41Z
47,ML-DSA-44,post-quantum,2,keygen,0.0606,0.0,0.0,0.315,1312,2560,0,2420,0,0,0,0.0,0.9089,nan,edge/x86_64,unknown,3.12.3,2026-10-09T18:44:41Z
47,ML-DSA-44,post-quantum,2,sign,0.0893,0.0,0.0,0.315,1312,2560,0,2420,512,0,0,0.0,1.3393,nan,edge/x86_64,unknown,3.12.3,2026-10-09T18:44:41Z
47,ML-DSA-44,post-quantum,2,verify,0.0569,0.0,0.0,0.315,1312,2560,0,2420,512,0,0,0.0,0.8538,nan,edge/x86_64,unknown,3.12.3,2026-10-09T18:44:41Z
48,ML-DSA-44,post-quantum,2,keygen,0.062,0.0,0.0,0.315,1312,2560,0,2420,0,0,0,0.0,0.9293,nan,edge/x86_64,unknown,3.12.3,2026-10-09T18:44:41Z
48,ML-DSA-44,post-quantum,2,sign,0.0774,0.0,0.0,0.315,1312,2560,0,2420,512,0,0,0.0,1.1607,nan,edge/x86_64,unknown,3.12.3,2026-10-09T18:44:41Z
48,ML-DSA-44,post-quantum,2,verify,0.0614,0.0,0.0,0.315,1312,2560,0,2420,512,0,0,0.0,0.9214,nan,edge/x86_64,unknown,3.12.3,2026-10-09T18:44:41Z
49,ML-DSA-44,post-quantum,2,keygen,0.0643,0.0,0.0,0.315,1312,2560,0,2420,0,0,0,0.0,0.9638,nan,edge/x86_64,unknown,3.12.3,2026-10-09T18:44:41Z
49,ML-DSA-44,post-quantum,2,sign,0.2129,0.0,0.0,0.315,1312,2560,0,2420,512,0,0,0.0,3.1931,nan,edge/x86_64,unknown,3.12.3,2026-10-09T18:44:41Z
49,ML-DSA-44,post-quantum,2,verify,0.0623,0.0,0.0,0.315,1312,2560,0,2420,512,0,0,0.0,0.9342,nan,edge/x86_64,unknown,3.12.3,2026-10-09T18:44:41Z
50,ML-DSA-44,post-quantum,2,keygen,0.0656,0.0,0.0,0.315,1312,2560,0,2420,0,0,0,0.0,0.9844,nan,edge/x86_64,unknown,3.12.3,2026-10-09T18:44:41Z
50,ML-DSA-44,post-quantum,2,sign,0.1417,0.0,0.0,0.315,1312,2560,0,2420,512,0,0,0.0,2.1252,nan,edge/x86_64,unknown,3.12.3,2026-10-09T18:44:41Z
50,ML-DSA-44,post-quantum,2,verify,0.0658,0.0,0.0,0.315,1312,2560,0,2420,512,0,0,0.0,0.9867,nan,edge/x86_64,unknown,3.12.3,2026-10-09T18:44:41Z
51,ML-DSA-44,post-quantum,2,keygen,0.0683,0.0,0.0,0.315,1312,2560,0,2420,0,0,0,0.0,1.0239,nan,edge/x86_64,unknown,3.12.3,2026-10-09T18:44:41Z
51,ML-DSA-44,post-quantum,2,sign,0.1436,0.0,0.0,0.315,1312,2560,0,2420,512,0,0,0.0,2.1544,nan,edge/x86_64,unknown,3.12.3,2026-10-09T18:44:41Z
51,ML-DSA-44,post-quantum,2,verify,0.0653,0.0,0.0,0.315,1312,2560,0,2420,512,0,0,0.0,0.9791,nan,edge/x86_64,unknown,3.12.3,2026-10-09T18:44:41Z
52,ML-DSA-44,post-quantum,2,keygen,0.0732,0.0,0.0,0.315,1312,2560,0,2420,0,0,0,0.0,1.0973,nan,edge/x86_64,unknown,3.12.3,2026-10-09T18:44:41Z
52,ML-DSA-44,post-quantum,2,sign,0.1103,0.0,0.0,0.315,1312,2560,0,2420,512,0,0,0.0,1.6538,nan,edge/x86_64,unknown,3.12.3,2026-10-09T18:44:41Z
52,ML-DSA-44,post-quantum,2,verify,0.06,0.0,0.0,0.315,1312,2560,0,2420,512,0,0,0.0,0.9007,nan,edge/x86_64,unknown,3.12.3,2026-10-09T18:44:41Z
53,ML-DSA-44,post-quantum,2,keygen,0.0934,0.0,0.0,0.315,1312,2560,0,2420,0,0,0,0.0,1.4008,nan,edge/x86_64,unknown,3.12.3,2026-10-09T18:44:41Z
53,ML-DSA-44,post-quantum,2,sign,0.1305,0.0,0.0,0.315,1312,2560,0,2420,512,0,0,0.0,1.9568,nan,edge/x86_64,unknown,3.12.3,2026-10-09T18:44:41Z
53,ML-DSA-44,post-quantum,2,verify,0.0586,0.0,0.0,0.315,1312,2560,0,2420,512,0,0,0.0,0.8796,nan,edge/x86_64,unknown,3.12.3,2026-10-09T18:44:41Z
54,ML-DSA-44,post-quantum,2,keygen,0.0624,0.0,0.0,0.315,1312,2560,0,2420,0,0,0,0.0,0.9354,nan,edge/x86_64,unknown,3.12.3,2026-10-09T18:44:41Z
54,ML-DSA-44,post-quantum,2,sign,0.1197,0.0,0.0,0.315,1312,2560,0,2420,512,0,0,0.0,1.7948,nan,edge/x86_64,unknown,3.12.3,2026-10-09T18:44:41Z
54,ML-DSA-44,post-quantum,2,verify,0.0572,0.0,0.0,0.315,1312,2560,0,2420,512,0,0,0.0,0.8581,nan,edge/x86_64,unknown,3.12.3,2026-10-09T18:44:41Z
55,ML-DSA-44,post-quantum,2,keygen,0.061,0.0,0.0,0.315,1312,2560,0,2420,0,0,0,0.0,0.9147,nan,edge/x86_64,unknown,3.12.3,2026-10-09T18:44:41Z
55,ML-DSA-44,post-quantum,2,sign,0.1514,0.0,0.0,0.315,1312,2560,0,2420,512,0,0,0.0,2.2711,nan,edge/x86_64,unknown,3.12.3,2026-10-09T18:44:41Z
55,ML-DSA-44,post-quantum,2,verify,0.0586,0.0,0.0,0.315,1312,2560,0,2420,512,0,0,0.0,0.8793,nan,edge/x86_64,unknown,3.12.3,2026-10-09T18:44:41Z
56,ML-DSA-44,post-quantum,2,keygen,0.0602,0.0,0.0,0.315,1312,2560,0,2420,0,0,0,0.0,0.9027,nan,edge/x86_64,unknown,3.12.3,2026-10-09T18:44:41Z
56,ML-DSA-44,post-quantum,2,sign,0.1559,0.0,0.0,0.315,1312,2560,0,2420,512,0,0,0.0,2.3378,nan,edge/x86_64,unknown,3.12.3,2026-10-09T18:44:41Z
56,ML-DSA-44,post-quantum,2,verify,0.0614,0.0,0.0,0.315,1312,2560,0,2420,512,0,0,0.0,0.9209,nan,edge/x86_64,unknown,3.12.3,2026-10-09T18:44:41Z
57,ML-DSA-44,post-quantum,2,keygen,0.063,0.0,0.0,0.315,1312,2560,0,2420,0,0,0,0.0,0.9457,nan,edge/x86_64,unknown,3.12.3,2026-10-09T18:44:41Z
57,ML-DSA-44,post-quantum,2,sign,0.0923,0.0,0.0,0.315,1312,2560,0,2420,512,0,0,0.0,1.3845,nan,edge/x86_64,unknown,3.12.3,2026-10-09T18:44:41Z
57,ML-DSA-44,post-quantum,2,verify,0.056,0.0,0.0,0.315,1312,2560,0,2420,512,0,0,0.0,0.8394,nan,edge/x86_64,unknown,3.12.3,2026-10-09T18:44:41Z
58,ML-DSA-44,post-quantum,2,keygen,0.065,0.0,0.0,0.315,1312,2560,0,2420,0,0,0,0.0,0.9756,nan,edge/x86_64,unknown,3.12.3,2026-10-09T18:44:41Z
58,ML-DSA-44,post-quantum,2,sign,0.2198,0.0,0.0,0.315,1312,2560,0,2420,512,0,0,0.0,3.2971,nan,edge/x86_64,unknown,3.12.3,2026-10-09T18:44:41Z
58,ML-DSA-44,post-quantum,2,verify,0.0675,0.0,0.0,0.315,1312,2560,0,2420,512,0,0,0.0,1.0129,nan,edge/x86_64,unknown,3.12.3,2026-10-09T18:44:41Z
59,ML-DSA-44,post-quantum,2,keygen,0.0738,0.0,0.0,0.315,1312,2560,0,2420,0,0,0,0.0,1.1072,nan,edge/x86_64,unknown,3.12.3,2026-10-09T18:44:41Z
59,ML-DSA-44,post-quantum,2,sign,0.0944,0.0,0.0,0.315,1312,2560,0,2420,512,0,0,0.0,1.4157,nan,edge/x86_64,unknown,3.12.3,2026-10-09T18:44:41Z
59,ML-DSA-44,post-quantum,2,verify,0.1161,0.0,0.0,0.315,1312,2560,0,2420,512,0,0,0.0,1.7415,nan,edge/x86_64,unknown,3.12.3,2026-10-09T18:44:41Z
60,ML-DSA-44,post-quantum,2,keygen,0.1092,0.0,0.0,0.315,1312,2560,0,2420,0,0,0,0.0,1.638,nan,edge/x86_64,unknown,3.12.3,2026-10-09T18:44:41Z
60,ML-DSA-44,post-quantum,2,sign,0.132,0.0,0.0,0.315,1312,2560,0,2420,512,0,0,0.0,1.9803,nan,edge/x86_64,unknown,3.12.3,2026-10-09T18:44:41Z
60,ML-DSA-44,post-quantum,2,verify,0.0566,0.0,0.0,0.315,1312,2560,0,2420,512,0,0,0.0,0.8485,nan,edge/x86_64,unknown,3.12.3,2026-10-09T18:44:41Z
61,ML-DSA-44,post-quantum,2,keygen,0.0618,0.0,0.0,0.315,1312,2560,0,2420,0,0,0,0.0,0.9276,nan,edge/x86_64,unknown,3.12.3,2026-10-09T18:44:41Z
61,ML-DSA-44,post-quantum,2,sign,0.1058,0.0,0.0,0.315,1312,2560,0,2420,512,0,0,0.0,1.5871,nan,edge/x86_64,unknown,3.12.3,2026-10-09T18:44:41Z
61,ML-DSA-44,post-quantum,2,verify,0.058,0.0,0.0,0.315,1312,2560,0,2420,512,0,0,0.0,0.8694,nan,edge/x86_64,unknown,3.12.3,2026-10-09T18:44:41Z
62,ML-DSA-44,post-quantum,2,keygen,0.061,0.0,0.0,0.315,1312,2560,0,2420,0,0,0,0.0,0.9155,nan,edge/x86_64,unknown,3.12.3,2026-10-09T18:44:41Z
62,ML-DSA-44,post-quantum,2,sign,0.1019,0.0,0.0,0.315,1312,2560,0,2420,512,0,0,0.0,1.5288,nan,edge/x86_64,unknown,3.12.3,2026-10-09T18:44:41Z
62,ML-DSA-44,post-quantum,2,verify,0.0555,0.0,0.0,0.315,1312,2560,0,2420,512,0,0,0.0,0.8319,nan,edge/x86_64,unknown,3.12.3,2026-10-09T18:44:41Z
63,ML-DSA-44,post-quantum,2,keygen,0.0616,0.0,0.0,0.315,1312,2560,0,2420,0,0,0,0.0,0.9234,nan,edge/x86_64,unknown,3.12.3,2026-10-09T18:44:41Z
63,ML-DSA-44,post-quantum,2,sign,0.2666,0.0,0.0,0.315,1312,2560,0,2420,512,0,0,0.0,3.9996,nan,edge/x86_64,unknown,3.12.3,2026-10-09T18:44:41Z
63,ML-DSA-44,post-quantum,2,verify,0.0754,0.0,0.0,0.315,1312,2560,0,2420,512,0,0,0.0,1.131,nan,edge/x86_64,unknown,3.12.3,2026-10-09T18:44:41Z
64,ML-DSA-44,post-quantum,2,keygen,0.0722,0.0,0.0,0.315,1312,2560,0,2420,0,0,0,0.0,1.0827,nan,edge/x86_64,unknown,3.12.3,2026-10-09T18:44:41Z
64,ML-DSA-44,post-quantum,2,sign,0.3122,0.0,0.0,0.315,1312,2560,0,2420,512,0,0,0.0,4.6825,nan,edge/x86_64,unknown,3.12.3,2026-10-09T18:44:41Z
64,ML-DSA-44,post-quantum,2,verify,0.066,0.0,0.0,0.315,1312,2560,0,2420,512,0,0,0.0,0.9904,nan,edge/x86_64,unknown,3.12.3,2026-10-09T18:44:41Z
65,ML-DSA-44,post-quantum,2,keygen,0.0841,0.0,0.0,0.315,1312,2560,0,2420,0,0,0,0.0,1.261,nan,edge/x86_64,unknown,3.12.3,2026-10-09T18:44:41Z
65,ML-DSA-44,post-quantum,2,sign,0.0776,0.0,0.0,0.315,1312,2560,0,2420,512,0,0,0.0,1.1637,nan,edge/x86_64,unknown,3.12.3,2026-10-09T18:44:41Z
65,ML-DSA-44,post-quantum,2,verify,0.0784,0.0,0.0,0.315,1312,2560,0,2420,512,0,0,0.0,1.1761,nan,edge/x86_64,unknown,3.12.3,2026-10-09T18:44:41Z
66,ML-DSA-44,post-quantum,2,keygen,0.0671,0.0,0.0,0.315,1312,2560,0,2420,0,0,0,0.0,1.0061,nan,edge/x86_64,unknown,3.12.3,2026-10-09T18:44:41Z
66,ML-DSA-44,post-quantum,2,sign,0.1042,0.0,0.0,0.315,1312,2560,0,2420,512,0,0,0.0,1.5629,nan,edge/x86_64,unknown,3.12.3,2026-10-09T18:44:41Z
66,ML-DSA-44,post-quantum,2,verify,0.0587,0.0,0.0,0.315,1312,2560,0,2420,512,0,0,0.0,0.8801,nan,edge/x86_64,unknown,3.12.3,2026-10-09T18:44:41Z
67,ML-DSA-44,post-quantum,2,keygen,0.0617,0.0,0.0,0.315,1312,2560,0,2420,0,0,0,0.0,0.9258,nan,edge/x86_64,unknown,3.12.3,2026-10-09T18:44:41Z
67,ML-DSA-44,post-quantum,2,sign,0.2065,0.0,0.0,0.315,1312,2560,0,2420,512,0,0,0.0,3.097,nan,edge/x86_64,unknown,3.12.3,2026-10-09T18:44:41Z
67,ML-DSA-44,post-quantum,2,verify,0.0857,0.0,0.0,0.315,1312,2560,0,2420,512,0,0,0.0,1.2859,nan,edge/x86_64,unknown,3.12.3,2026-10-09T18:44:41Z
68,ML-DSA-44,post-quantum,2,keygen,0.0657,0.0,0.0,0.315,1312,2560,0,2420,0,0,0,0.0,0.9853,nan,edge/x86_64,unknown,3.12.3,2026-10-09T18:44:41Z
68,ML-DSA-44,post-quantum,2,sign,0.1262,0.0,0.0,0.315,1312,2560,0,2420,512,0,0,0.0,1.8928,nan,edge/x86_64,unknown,3.12.3,2026-10-09T18:44:41Z
68,ML-DSA-44,post-quantum,2,verify,0.0594,0.0,0.0,0.315,1312,2560,0,2420,512,0,0,0.0,0.891,nan,edge/x86_64,unknown,3.12.3,2026-10-09T18:44:41Z
69,ML-DSA-44,post-quantum,2,keygen,0.0764,0.0,0.0,0.315,1312,2560,0,2420,0,0,0,0.0,1.1461,nan,edge/x86_64,unknown,3.12.3,2026-10-09T18:44:41Z
69,ML-DSA-44,post-quantum,2,sign,0.1109,0.0,0.0,0.315,1312,2560,0,2420,512,0,0,0.0,1.6636,nan,edge/x86_64,unknown,3.12.3,2026-10-09T18:44:41Z
69,ML-DSA-44,post-quantum,2,verify,0.0572,0.0,0.0,0.315,1312,2560,0,2420,512,0,0,0.0,0.8587,nan,edge/x86_64,unknown,3.12.3,2026-10-09T18:44:41Z
70,ML-DSA-44,post-quantum,2,keygen,0.0604,0.0,0.0,0.315,1312,2560,0,2420,0,0,0,0.0,0.9059,nan,edge/x86_64,unknown,3.12.3,2026-10-09T18:44:41Z
70,ML-DSA-44,post-quantum,2,sign,0.2554,0.0,0.0,0.315,1312,2560,0,2420,512,0,0,0.0,3.831,nan,edge/x86_64,unknown,3.12.3,2026-10-09T18:44:41Z
70,ML-DSA-44,post-quantum,2,verify,0.105,0.0,0.0,0.315,1312,2560,0,2420,512,0,0,0.0,1.575,nan,edge/x86_64,unknown,3.12.3,2026-10-09T18:44:41Z
71,ML-DSA-44,post-quantum,2,keygen,0.069,0.0,0.0,0.315,1312,2560,0,2420,0,0,0,0.0,1.0352,nan,edge/x86_64,unknown,3.12.3,2026-10-09T18:44:41Z
71,ML-DSA-44,post-quantum,2,sign,0.0782,0.0,0.0,0.315,1312,2560,0,2420,512,0,0,0.0,1.1734,nan,edge/x86_64,unknown,3.12.3,2026-10-09T18:44:41Z
71,ML-DSA-44,post-quantum,2,verify,0.073,0.0,0.0,0.315,1312,2560,0,2420,512,0,0,0.0,1.0956,nan,edge/x86_64,unknown,3.12.3,2026-10-09T18:44:41Z
72,ML-DSA-44,post-quantum,2,keygen,0.063,0.0,0.0,0.315,1312,2560,0,2420,0,0,0,0.0,0.9457,nan,edge/x86_64,unknown,3.12.3,2026-10-09T18:44:41Z
72,ML-DSA-44,post-quantum,2,sign,0.0969,0.0,0.0,0.315,1312,2560,0,2420,512,0,0,0.0,1.4542,nan,edge/x86_64,unknown,3.12.3,2026-10-09T18:44:41Z
72,ML-DSA-44,post-quantum,2,verify,0.0588,0.0,0.0,0.315,1312,2560,0,2420,512,0,0,0.0,0.882,nan,edge/x86_64,unknown,3.12.3,2026-10-09T18:44:41Z
73,ML-DSA-44,post-quantum,2,keygen,0.0601,0.0,0.0,0.315,1312,2560,0,2420,0,0,0,0.0,0.9009,nan,edge/x86_64,unknown,3.12.3,2026-10-09T18:44:41Z
73,ML-DSA-44,post-quantum,2,sign,0.1818,0.0,0.0,0.315,1312,2560,0,2420,512,0,0,0.0,2.7273,nan,edge/x86_64,unknown,3.12.3,2026-10-09T18:44:41Z
73,ML-DSA-44,post-quantum,2,verify,0.0631,0.0,0.0,0.315,1312,2560,0,2420,512,0,0,0.0,0.9468,nan,edge/x86_64,unknown,3.12.3,2026-10-09T18:44:41Z
74,ML-DSA-44,post-quantum,2,keygen,0.0706,0.0,0.0,0.315,1312,2560,0,2420,0,0,0,0.0,1.0596,nan,edge/x86_64,unknown,3.12.3,2026-10-09T18:44:41Z
74,ML-DSA-44,post-quantum,2,sign,0.1922,0.0,0.0,0.315,1312,2560,0,2420,512,0,0,0.0,2.8837,nan,edge/x86_64,unknown,3.12.3,2026-10-09T18:44:41Z
74,ML-DSA-44,post-quantum,2,verify,0.0573,0.0,0.0,0.315,1312,2560,0,2420,512,0,0,0.0,0.8588,nan,edge/x86_64,unknown,3.12.3,2026-10-09T18:44:41Z
75,ML-DSA-44,post-quantum,2,keygen,0.064,0.0,0.0,0.315,1312,2560,0,2420,0,0,0,0.0,0.9605,nan,edge/x86_64,unknown,3.12.3,2026-10-09T18:44:41Z
75,ML-DSA-44,post-quantum,2,sign,0.143,0.0,0.0,0.315,1312,2560,0,2420,512,0,0,0.0,2.1445,nan,edge/x86_64,unknown,3.12.3,2026-10-09T18:44:41Z
75,ML-DSA-44,post-quantum,2,verify,0.0636,0.0,0.0,0.315,1312,2560,0,2420,512,0,0,0.0,0.9542,nan,edge/x86_64,unknown,3.12.3,2026-10-09T18:44:41Z
76,ML-DSA-44,post-quantum,2,keygen,0.0602,0.0,0.0,0.315,1312,2560,0,2420,0,0,0,0.0,0.9028,nan,edge/x86_64,unknown,3.12.3,2026-10-09T18:44:41Z
76,ML-DSA-44,post-quantum,2,sign,0.1204,0.0,0.0,0.315,1312,2560,0,2420,512,0,0,0.0,1.8065,nan,edge/x86_64,unknown,3.12.3,2026-10-09T18:44:41Z
76,ML-DSA-44,post-quantum,2,verify,0.0566,0.0,0.0,0.315,1312,2560,0,2420,512,0,0,0.0,0.8497,nan,edge/x86_64,unknown,3.12.3,2026-10-09T18:44:41Z
77,ML-DSA-44,post-quantum,2,keygen,0.0609,0.0,0.0,0.315,1312,2560,0,2420,0,0,0,0.0,0.914,nan,edge/x86_64,unknown,3.12.3,2026-10-09T18:44:41Z
77,ML-DSA-44,post-quantum,2,sign,0.1826,0.0,0.0,0.315,1312,2560,0,2420,512,0,0,0.0,2.739,nan,edge/x86_64,unknown,3.12.3,2026-10-09T18:44:41Z
77,ML-DSA-44,post-quantum,2,verify,0.0654,0.0,0.0,0.315,1312,2560,0,2420,512,0,0,0.0,0.9817,nan,edge/x86_64,unknown,3.12.3,2026-10-09T18:44:41Z
78,ML-DSA-44,post-quantum,2,keygen,0.0667,0.0,0.0,0.315,1312,2560,0,2420,0,0,0,0.0,1.0007,nan,edge/x86_64,unknown,3.12.3,2026-10-09T18:44:41Z
78,ML-DSA-44,post-quantum,2,sign,0.0953,0.0,0.0,0.315,1312,2560,0,2420,512,0,0,0.0,1.4297,nan,edge/x86_64,unknown,3.12.3,2026-10-09T18:44:41Z
78,ML-DSA-44,post-quantum,2,verify,0.0569,0.0,0.0,0.315,1312,2560,0,2420,512,0,0,0.0,0.8535,nan,edge/x86_64,unknown,3.12.3,2026-10-09T18:44:41Z
79,ML-DSA-44,post-quantum,2,keygen,0.0807,0.0,0.0,0.315,1312,2560,0,2420,0,0,0,0.0,1.2106,nan,edge/x86_64,unknown,3.12.3,2026-10-09T18:44:41Z
79,ML-DSA-44,post-quantum,2,sign,0.1528,0.0,0.0,0.315,1312,2560,0,2420,512,0,0,0.0,2.2917,nan,edge/x86_64,unknown,3.12.3,2026-10-09T18:44:41Z
79,ML-DSA-44,post-quantum,2,verify,0.059,0.0,0.0,0.315,1312,2560,0,2420,512,0,0,0.0,0.8852,nan,edge/x86_64,unknown,3.12.3,2026-10-09T18:44:41Z
80,ML-DSA-44,post-quantum,2,keygen,0.0621,0.0,0.0,0.315,1312,2560,0,2420,0,0,0,0.0,0.9318,nan,edge/x86_64,unknown,3.12.3,2026-10-09T18:44:41Z
80,ML-DSA-44,post-quantum,2,sign,0.0761,0.0,0.0,0.315,1312,2560,0,2420,512,0,0,0.0,1.1422,nan,edge/x86_64,unknown,3.12.3,2026-10-09T18:44:41Z
80,ML-DSA-44,post-quantum,2,verify,0.0569,0.0,0.0,0.315,1312,2560,0,2420,512,0,0,0.0,0.853,nan,edge/x86_64,unknown,3.12.3,2026-10-09T18:44:41Z
81,ML-DSA-44,post-quantum,2,keygen,0.0597,0.0,0.0,0.315,1312,2560,0,2420,0,0,0,0.0,0.8953,nan,edge/x86_64,unknown,3.12.3,2026-10-09T18:44:41Z
81,ML-DSA-44,post-quantum,2,sign,0.1326,0.0,0.0,0.315,1312,2560,0,2420,512,0,0,0.0,1.9885,nan,edge/x86_64,unknown,3.12.3,2026-10-09T18:44:41Z
81,ML-DSA-44,post-quantum,2,verify,0.0606,0.0,0.0,0.315,1312,2560,0,2420,512,0,0,0.0,0.9097,nan,edge/x86_64,unknown,3.12.3,2026-10-09T18:44:41Z
82,ML-DSA-44,post-quantum,2,keygen,0.0615,0.0,0.0,0.315,1312,2560,0,2420,0,0,0,0.0,0.9223,nan,edge/x86_64,unknown,3.12.3,2026-10-09T18:44:41Z
82,ML-DSA-44,post-quantum,2,sign,0.0816,0.0,0.0,0.315,1312,2560,0,2420,512,0,0,0.0,1.2233,nan,edge/x86_64,unknown,3.12.3,2026-10-09T18:44:41Z
82,ML-DSA-44,post-quantum,2,verify,0.0847,0.0,0.0,0.315,1312,2560,0,2420,512,0,0,0.0,1.2705,nan,edge/x86_64,unknown,3.12.3,2026-10-09T18:44:41Z
83,ML-DSA-44,post-quantum,2,keygen,0.0616,0.0,0.0,0.315,1312,2560,0,2420,0,0,0,0.0,0.9246,nan,edge/x86_64,unknown,3.12.3,2026-10-09T18:44:41Z
83,ML-DSA-44,post-quantum,2,sign,0.1389,0.0,0.0,0.315,1312,2560,0,2420,512,0,0,0.0,2.0832,nan,edge/x86_64,unknown,3.12.3,2026-10-09T18:44:41Z
83,ML-DSA-44,post-quantum,2,verify,0.0589,0.0,0.0,0.315,1312,2560,0,2420,512,0,0,0.0,0.8842,nan,edge/x86_64,unknown,3.12.3,2026-10-09T18:44:41Z
84,ML-DSA-44,post-quantum,2,keygen,0.0641,0.0,0.0,0.315,1312,2560,0,2420,0,0,0,0.0,0.9611,nan,edge/x86_64,unknown,3.12.3,2026-10-09T18:44:41Z
84,ML-DSA-44,post-quantum,2,sign,0.099,0.0,0.0,0.315,1312,2560,0,2420,512,0,0,0.0,1.485,nan,edge/x86_64,unknown,3.12.3,2026-10-09T18:44:41Z
84,ML-DSA-44,post-quantum,2,verify,0.0562,0.0,0.0,0.315,1312,2560,0,2420,512,0,0,0.0,0.8429,nan,edge/x86_64,unknown,3.12.3,2026-10-09T18:44:41Z
85,ML-DSA-44,post-quantum,2,keygen,0.0943,0.0,0.0,0.315,1312,2560,0,2420,0,0,0,0.0,1.4138,nan,edge/x86_64,unknown,3.12.3,2026-10-09T18:44:41Z
85,ML-DSA-44,post-quantum,2,sign,0.0889,0.0,0.0,0.315,1312,2560,0,2420,512,0,0,0.0,1.3342,nan,edge/x86_64,unknown,3.12.3,2026-10-09T18:44:41Z
85,ML-DSA-44,post-quantum,2,verify,0.0635,0.0,0.0,0.315,1312,2560,0,2420,512,0,0,0.0,0.9531,nan,edge/x86_64,unknown,3.12.3,2026-10-09T18:44:41Z
86,ML-DSA-44,post-quantum,2,keygen,0.0661,0.0,0.0,0.315,1312,2560,0,2420,0,0,0,0.0,0.9918,nan,edge/x86_64,unknown,3.12.3,2026-10-09T18:44:41Z
86,ML-DSA-44,post-quantum,2,sign,0.1902,0.0,0.0,0.315,1312,2560,0,2420,512,0,0,0.0,2.8528,nan,edge/x86_64,unknown,3.12.3,2026-10-09T18:44:41Z
86,ML-DSA-44,post-quantum,2,verify,0.0574,0.0,0.0,0.315,1312,2560,0,2420,512,0,0,0.0,0.8614,nan,edge/x86_64,unknown,3.12.3,2026-10-09T18:44:41Z
87,ML-DSA-44,post-quantum,2,keygen,0.0612,0.0,0.0,0.315,1312,2560,0,2420,0,0,0,0.0,0.9181,nan,edge/x86_64,unknown,3.12.3,2026-10-09T18:44:41Z
87,ML-DSA-44,post-quantum,2,sign,0.1391,0.0,0.0,0.315,1312,2560,0,2420,512,0,0,0.0,2.0864,nan,edge/x86_64,unknown,3.12.3,2026-10-09T18:44:41Z
87,ML-DSA-44,post-quantum,2,verify,0.0615,0.0,0.0,0.315,1312,2560,0,2420,512,0,0,0.0,0.9231,nan,edge/x86_64,unknown,3.12.3,2026-10-09T18:44:41Z
88,ML-DSA-44,post-quantum,2,keygen,0.0626,0.0,0.0,0.315,1312,2560,0,2420,0,0,0,0.0,0.9393,nan,edge/x86_64,unknown,3.12.3,2026-10-09T18:44:41Z
88,ML-DSA-44,post-quantum,2,sign,0.1319,0.0,0.0,0.315,1312,2560,0,2420,512,0,0,0.0,1.978,nan,edge/x86_64,unknown,3.12.3,2026-10-09T18:44:41Z
88,ML-DSA-44,post-quantum,2,verify,0.058,0.0,0.0,0.315,1312,2560,0,2420,512,0,0,0.0,0.8698,nan,edge/x86_64,unknown,3.12.3,2026-10-09T18:44:41Z
89,ML-DSA-44,post-quantum,2,keygen,0.0602,0.0,0.0,0.315,1312,2560,0,2420,0,0,0,0.0,0.9023,nan,edge/x86_64,unknown,3.12.3,2026-10-09T18:44:41Z
89,ML-DSA-44,post-quantum,2,sign,0.1272,0.0,0.0,0.315,1312,2560,0,2420,512,0,0,0.0,1.9076,nan,edge/x86_64,unknown,3.12.3,2026-10-09T18:44:41Z
89,ML-DSA-44,post-quantum,2,verify,0.0712,0.0,0.0,0.315,1312,2560,0,2420,512,0,0,0.0,1.0685,nan,edge/x86_64,unknown,3.12.3,2026-10-09T18:44:41Z
90,ML-DSA-44,post-quantum,2,keygen,0.061,0.0,0.0,0.315,1312,2560,0,2420,0,0,0,0.0,0.9148,nan,edge/x86_64,unknown,3.12.3,2026-10-09T18:44:41Z
90,ML-DSA-44,post-quantum,2,sign,0.1287,0.0,0.0,0.315,1312,2560,0,2420,512,0,0,0.0,1.9302,nan,edge/x86_64,unknown,3.12.3,2026-10-09T18:44:41Z
90,ML-DSA-44,post-quantum,2,verify,0.0573,0.0,0.0,0.315,1312,2560,0,2420,512,0,0,0.0,0.8595,nan,edge/x86_64,unknown,3.12.3,2026-10-09T18:44:41Z
91,ML-DSA-44,post-quantum,2,keygen,0.0595,0.0,0.0,0.315,1312,2560,0,2420,0,0,0,0.0,0.8926,nan,edge/x86_64,unknown,3.12.3,2026-10-09T18:44:41Z
91,ML-DSA-44,post-quantum,2,sign,0.1192,0.0,0.0,0.315,1312,2560,0,2420,512,0,0,0.0,1.7874,nan,edge/x86_64,unknown,3.12.3,2026-10-09T18:44:41Z
91,ML-DSA-44,post-quantum,2,verify,0.0652,0.0,0.0,0.315,1312,2560,0,2420,512,0,0,0.0,0.9787,nan,edge/x86_64,unknown,3.12.3,2026-10-09T18:44:41Z
92,ML-DSA-44,post-quantum,2,keygen,0.0971,0.0,0.0,0.315,1312,2560,0,2420,0,0,0,0.0,1.4572,nan,edge/x86_64,unknown,3.12.3,2026-10-09T18:44:41Z
92,ML-DSA-44,post-quantum,2,sign,0.2669,0.0,0.0,0.315,1312,2560,0,2420,512,0,0,0.0,4.0032,nan,edge/x86_64,unknown,3.12.3,2026-10-09T18:44:41Z
92,ML-DSA-44,post-quantum,2,verify,0.0841,0.0,0.0,0.315,1312,2560,0,2420,512,0,0,0.0,1.2612,nan,edge/x86_64,unknown,3.12.3,2026-10-09T18:44:41Z
93,ML-DSA-44,post-quantum,2,keygen,0.0633,0.0,0.0,0.315,1312,2560,0,2420,0,0,0,0.0,0.95,nan,edge/x86_64,unknown,3.12.3,2026-10-09T18:44:41Z
93,ML-DSA-44,post-quantum,2,sign,0.0776,0.0,0.0,0.315,1312,2560,0,2420,512,0,0,0.0,1.1643,nan,edge/x86_64,unknown,3.12.3,2026-10-09T18:44:41Z
93,ML-DSA-44,post-quantum,2,verify,0.0586,0.0,0.0,0.315,1312,2560,0,2420,512,0,0,0.0,0.8787,nan,edge/x86_64,unknown,3.12.3,2026-10-09T18:44:41Z
94,ML-DSA-44,post-quantum,2,keygen,0.0632,0.0,0.0,0.315,1312,2560,0,2420,0,0,0,0.0,0.9476,nan,edge/x86_64,unknown,3.12.3,2026-10-09T18:44:41Z
94,ML-DSA-44,post-quantum,2,sign,0.0948,0.0,0.0,0.315,1312,2560,0,2420,512,0,0,0.0,1.4225,nan,edge/x86_64,unknown,3.12.3,2026-10-09T18:44:41Z
94,ML-DSA-44,post-quantum,2,verify,0.0604,0.0,0.0,0.315,1312,2560,0,2420,512,0,0,0.0,0.9062,nan,edge/x86_64,unknown,3.12.3,2026-10-09T18:44:41Z
95,ML-DSA-44,post-quantum,2,keygen,0.061,0.0,0.0,0.315,1312,2560,0,2420,0,0,0,0.0,0.9147,nan,edge/x86_64,unknown,3.12.3,2026-10-09T18:44:41Z
95,ML-DSA-44,post-quantum,2,sign,0.1074,0.0,0.0,0.315,1312,2560,0,2420,512,0,0,0.0,1.6106,nan,edge/x86_64,unknown,3.12.3,2026-10-09T18:44:41Z
95,ML-DSA-44,post-quantum,2,verify,0.0637,0.0,0.0,0.315,1312,2560,0,2420,512,0,0,0.0,0.9557,nan,edge/x86_64,unknown,3.12.3,2026-10-09T18:44:41Z
96,ML-DSA-44,post-quantum,2,keygen,0.0633,0.0,0.0,0.315,1312,2560,0,2420,0,0,0,0.0,0.95,nan,edge/x86_64,unknown,3.12.3,2026-10-09T18:44:41Z
96,ML-DSA-44,post-quantum,2,sign,0.0913,0.0,0.0,0.315,1312,2560,0,2420,512,0,0,0.0,1.3691,nan,edge/x86_64,unknown,3.12.3,2026-10-09T18:44:41Z
96,ML-DSA-44,post-quantum,2,verify,0.0719,0.0,0.0,0.315,1312,2560,0,2420,512,0,0,0.0,1.0785,nan,edge/x86_64,unknown,3.12.3,2026-10-09T18:44:41Z
97,ML-DSA-44,post-quantum,2,keygen,0.0627,0.0,0.0,0.315,1312,2560,0,2420,0,0,0,0.0,0.9412,nan,edge/x86_64,unknown,3.12.3,2026-10-09T18:44:41Z
97,ML-DSA-44,post-quantum,2,sign,0.2291,0.0,0.0,0.315,1312,2560,0,2420,512,0,0,0.0,3.4358,nan,edge/x86_64,unknown,3.12.3,2026-10-09T18:44:41Z
97,ML-DSA-44,post-quantum,2,verify,0.0656,0.0,0.0,0.315,1312,2560,0,2420,512,0,0,0.0,0.9836,nan,edge/x86_64,unknown,3.12.3,2026-10-09T18:44:41Z
98,ML-DSA-44,post-quantum,2,keygen,0.0638,0.0,0.0,0.315,1312,2560,0,2420,0,0,0,0.0,0.9569,nan,edge/x86_64,unknown,3.12.3,2026-10-09T18:44:41Z
98,ML-DSA-44,post-quantum,2,sign,0.1205,0.0,0.0,0.315,1312,2560,0,2420,512,0,0,0.0,1.8078,nan,edge/x86_64,unknown,3.12.3,2026-10-09T18:44:41Z
98,ML-DSA-44,post-quantum,2,verify,0.0661,0.0,0.0,0.315,1312,2560,0,2420,512,0,0,0.0,0.9908,nan,edge/x86_64,unknown,3.12.3,2026-10-09T18:44:41Z
99,ML-DSA-44,post-quantum,2,keygen,0.0671,0.0,0.0,0.315,1312,2560,0,2420,0,0,0,0.0,1.0065,nan,edge/x86_64,unknown,3.12.3,2026-10-09T18:44:41Z
99,ML-DSA-44,post-quantum,2,sign,0.2154,0.0,0.0,0.315,1312,2560,0,2420,512,0,0,0.0,3.2309,nan,edge/x86_64,unknown,3.12.3,2026-10-09T18:44:41Z
99,ML-DSA-44,post-quantum,2,verify,0.0576,0.0,0.0,0.315,1312,2560,0,2420,512,0,0,0.0,0.8642,nan,edge/x86_64,unknown,3.12.3,2026-10-09T18:44:41Z
100,ML-DSA-44,post-quantum,2,keygen,0.0629,0.0,0.0,0.315,1312,2560,0,2420,0,0,0,0.0,0.9437,nan,edge/x86_64,unknown,3.12.3,2026-10-09T18:44:41Z
100,ML-DSA-44,post-quantum,2,sign,0.1766,0.0,0.0,0.315,1312,2560,0,2420,512,0,0,0.0,2.6487,nan,edge/x86_64,unknown,3.12.3,2026-10-09T18:44:41Z
100,ML-DSA-44,post-quantum,2,verify,0.0554,0.0,0.0,0.315,1312,2560,0,2420,512,0,0,0.0,0.8311,nan,edge/x86_64,unknown,3.12.3,2026-10-09T18:44:41Z
101,ML-DSA-44,post-quantum,2,keygen,0.0617,0.0,0.0,0.315,1312,2560,0,2420,0,0,0,0.0,0.9258,nan,edge/x86_64,unknown,3.12.3,2026-10-09T18:44:41Z
101,ML-DSA-44,post-quantum,2,sign,0.0785,0.0,0.0,0.315,1312,2560,0,2420,512,0,0,0.0,1.1778,nan,edge/x86_64,unknown,3.12.3,2026-10-09T18:44:41Z
101,ML-DSA-44,post-quantum,2,verify,0.0566,0.0,0.0,0.315,1312,2560,0,2420,512,0,0,0.0,0.8486,nan,edge/x86_64,unknown,3.12.3,2026-10-09T18:44:41Z
102,ML-DSA-44,post-quantum,2,keygen,0.0601,0.0,0.0,0.315,1312,2560,0,2420,0,0,0,0.0,0.9013,nan,edge/x86_64,unknown,3.12.3,2026-10-09T18:44:41Z
102,ML-DSA-44,post-quantum,2,sign,0.0791,0.0,0.0,0.315,1312,2560,0,2420,512,0,0,0.0,1.1871,nan,edge/x86_64,unknown,3.12.3,2026-10-09T18:44:41Z
102,ML-DSA-44,post-quantum,2,verify,0.0558,0.0,0.0,0.315,1312,2560,0,2420,512,0,0,0.0,0.8363,nan,edge/x86_64,unknown,3.12.3,2026-10-09T18:44:41Z
103,ML-DSA-44,post-quantum,2,keygen,0.0595,0.0,0.0,0.315,1312,2560,0,2420,0,0,0,0.0,0.8923,nan,edge/x86_64,unknown,3.12.3,2026-10-09T18:44:41Z
103,ML-DSA-44,post-quantum,2,sign,0.2368,0.0,0.0,0.315,1312,2560,0,2420,512,0,0,0.0,3.5526,nan,edge/x86_64,unknown,3.12.3,2026-10-09T18:44:41Z
103,ML-DSA-44,post-quantum,2,verify,0.0595,0.0,0.0,0.315,1312,2560,0,2420,512,0,0,0.0,0.8924,nan,edge/x86_64,unknown,3.12.3,2026-10-09T18:44:41Z
104,ML-DSA-44,post-quantum,2,keygen,0.1975,0.0,0.0,0.315,1312,2560,0,2420,0,0,0,0.0,2.9618,nan,edge/x86_64,unknown,3.12.3,2026-10-09T18:44:41Z
104,ML-DSA-44,post-quantum,2,sign,0.0818,0.0,0.0,0.315,1312,2560,0,2420,512,0,0,0.0,1.2271,nan,edge/x86_64,unknown,3.12.3,2026-10-09T18:44:41Z
104,ML-DSA-44,post-quantum,2,verify,0.0361,0.0,0.0,0.315,1312,2560,0,2420,512,0,0,0.0,0.5422,nan,edge/x86_64,unknown,3.12.3,2026-10-09T18:44:41Z
105,ML-DSA-44,post-quantum,2,keygen,0.0383,0.0,0.0,0.315,1312,2560,0,2420,0,0,0,0.0,0.5743,nan,edge/x86_64,unknown,3.12.3,2026-10-09T18:44:41Z
105,ML-DSA-44,post-quantum,2,sign,0.0832,0.0,0.0,0.315,1312,2560,0,2420,512,0,0,0.0,1.2487,nan,edge/x86_64,unknown,3.12.3,2026-10-09T18:44:41Z
105,ML-DSA-44,post-quantum,2,verify,0.0341,0.0,0.0,0.315,1312,2560,0,2420,512,0,0,0.0,0.5119,nan,edge/x86_64,unknown,3.12.3,2026-10-09T18:44:41Z
106,ML-DSA-44,post-quantum,2,keygen,0.0364,0.0,0.0,0.315,1312,2560,0,2420,0,0,0,0.0,0.5461,nan,edge/x86_64,unknown,3.12.3,2026-10-09T18:44:41Z
106,ML-DSA-44,post-quantum,2,sign,0.0633,0.0,0.0,0.315,1312,2560,0,2420,512,0,0,0.0,0.9488,nan,edge/x86_64,unknown,3.12.3,2026-10-09T18:44:41Z
106,ML-DSA-44,post-quantum,2,verify,0.0335,0.0,0.0,0.315,1312,2560,0,2420,512,0,0,0.0,0.5025,nan,edge/x86_64,unknown,3.12.3,2026-10-09T18:44:41Z
107,ML-DSA-44,post-quantum,2,keygen,0.0379,0.0,0.0,0.315,1312,2560,0,2420,0,0,0,0.0,0.5683,nan,edge/x86_64,unknown,3.12.3,2026-10-09T18:44:41Z
107,ML-DSA-44,post-quantum,2,sign,0.0675,0.0,0.0,0.315,1312,2560,0,2420,512,0,0,0.0,1.0124,nan,edge/x86_64,unknown,3.12.3,2026-10-09T18:44:41Z
107,ML-DSA-44,post-quantum,2,verify,0.0337,0.0,0.0,0.315,1312,2560,0,2420,512,0,0,0.0,0.5053,nan,edge/x86_64,unknown,3.12.3,2026-10-09T18:44:41Z
108,ML-DSA-44,post-quantum,2,keygen,0.0362,0.0,0.0,0.315,1312,2560,0,2420,0,0,0,0.0,0.5428,nan,edge/x86_64,unknown,3.12.3,2026-10-09T18:44:41Z
108,ML-DSA-44,post-quantum,2,sign,0.1344,0.0,0.0,0.315,1312,2560,0,2420,512,0,0,0.0,2.0159,nan,edge/x86_64,unknown,3.12.3,2026-10-09T18:44:41Z
108,ML-DSA-44,post-quantum,2,verify,0.0331,0.0,0.0,0.315,1312,2560,0,2420,512,0,0,0.0,0.4965,nan,edge/x86_64,unknown,3.12.3,2026-10-09T18:44:41Z
109,ML-DSA-44,post-quantum,2,keygen,0.0347,0.0,0.0,0.315,1312,2560,0,2420,0,0,0,0.0,0.5211,nan,edge/x86_64,unknown,3.12.3,2026-10-09T18:44:41Z
109,ML-DSA-44,post-quantum,2,sign,0.1205,0.0,0.0,0.315,1312,2560,0,2420,512,0,0,0.0,1.8074,nan,edge/x86_64,unknown,3.12.3,2026-10-09T18:44:41Z
109,ML-DSA-44,post-quantum,2,verify,0.0391,0.0,0.0,0.315,1312,2560,0,2420,512,0,0,0.0,0.586,nan,edge/x86_64,unknown,3.12.3,2026-10-09T18:44:41Z
110,ML-DSA-44,post-quantum,2,keygen,0.0398,0.0,0.0,0.315,1312,2560,0,2420,0,0,0,0.0,0.5968,nan,edge/x86_64,unknown,3.12.3,2026-10-09T18:44:41Z
110,ML-DSA-44,post-quantum,2,sign,0.1075,0.0,0.0,0.315,1312,2560,0,2420,512,0,0,0.0,1.6122,nan,edge/x86_64,unknown,3.12.3,2026-10-09T18:44:41Z
110,ML-DSA-44,post-quantum,2,verify,0.0345,0.0,0.0,0.315,1312,2560,0,2420,512,0,0,0.0,0.5177,nan,edge/x86_64,unknown,3.12.3,2026-10-09T18:44:41Z
111,ML-DSA-44,post-quantum,2,keygen,0.0363,0.0,0.0,0.315,1312,2560,0,2420,0,0,0,0.0,0.5445,nan,edge/x86_64,unknown,3.12.3,2026-10-09T18:44:41Z
111,ML-DSA-44,post-quantum,2,sign,0.0625,0.0,0.0,0.315,1312,2560,0,2420,512,0,0,0.0,0.938,nan,edge/x86_64,unknown,3.12.3,2026-10-09T18:44:41Z
111,ML-DSA-44,post-quantum,2,verify,0.0333,0.0,0.0,0.315,1312,2560,0,2420,512,0,0,0.0,0.4993,nan,edge/x86_64,unknown,3.12.3,2026-10-09T18:44:41Z
112,ML-DSA-44,post-quantum,2,keygen,0.04,0.0,0.0,0.315,1312,2560,0,2420,0,0,0,0.0,0.6003,nan,edge/x86_64,unknown,3.12.3,2026-10-09T18:44:41Z
112,ML-DSA-44,post-quantum,2,sign,0.0779,0.0,0.0,0.315,1312,2560,0,2420,512,0,0,0.0,1.1686,nan,edge/x86_64,unknown,3.12.3,2026-10-09T18:44:41Z
112,ML-DSA-44,post-quantum,2,verify,0.0341,0.0,0.0,0.315,1312,2560,0,2420,512,0,0,0.0,0.5122,nan,edge/x86_64,unknown,3.12.3,2026-10-09T18:44:41Z
113,ML-DSA-44,post-quantum,2,keygen,0.0358,0.0,0.0,0.315,1312,2560,0,2420,0,0,0,0.0,0.5373,nan,edge/x86_64,unknown,3.12.3,2026-10-09T18:44:41Z
113,ML-DSA-44,post-quantum,2,sign,0.0637,0.0,0.0,0.315,1312,2560,0,2420,512,0,0,0.0,0.955,nan,edge/x86_64,unknown,3.12.3,2026-10-09T18:44:41Z
113,ML-DSA-44,post-quantum,2,verify,0.0332,0.0,0.0,0.315,1312,2560,0,2420,512,0,0,0.0,0.4978,nan,edge/x86_64,unknown,3.12.3,2026-10-09T18:44:41Z
114,ML-DSA-44,post-quantum,2,keygen,0.0353,0.0,0.0,0.315,1312,2560,0,2420,0,0,0,0.0,0.5288,nan,edge/x86_64,unknown,3.12.3,2026-10-09T18:44:41Z
114,ML-DSA-44,post-quantum,2,sign,0.0618,0.0,0.0,0.315,1312,2560,0,2420,512,0,0,0.0,0.9276,nan,edge/x86_64,unknown,3.12.3,2026-10-09T18:44:41Z
114,ML-DSA-44,post-quantum,2,verify,0.0328,0.0,0.0,0.315,1312,2560,0,2420,512,0,0,0.0,0.4915,nan,edge/x86_64,unknown,3.12.3,2026-10-09T18:44:41Z
115,ML-DSA-44,post-quantum,2,keygen,0.0357,0.0,0.0,0.315,1312,2560,0,2420,0,0,0,0.0,0.5353,nan,edge/x86_64,unknown,3.12.3,2026-10-09T18:44:41Z
115,ML-DSA-44,post-quantum,2,sign,0.0452,0.0,0.0,0.315,1312,2560,0,2420,512,0,0,0.0,0.6779,nan,edge/x86_64,unknown,3.12.3,2026-10-09T18:44:41Z
115,ML-DSA-44,post-quantum,2,verify,0.0377,0.0,0.0,0.315,1312,2560,0,2420,512,0,0,0.0,0.5652,nan,edge/x86_64,unknown,3.12.3,2026-10-09T18:44:41Z
116,ML-DSA-44,post-quantum,2,keygen,0.0356,0.0,0.0,0.315,1312,2560,0,2420,0,0,0,0.0,0.5341,nan,edge/x86_64,unknown,3.12.3,2026-10-09T18:44:41Z
116,ML-DSA-44,post-quantum,2,sign,0.0901,0.0,0.0,0.315,1312,2560,0,2420,512,0,0,0.0,1.3511,nan,edge/x86_64,unknown,3.12.3,2026-10-09T18:44:41Z
116,ML-DSA-44,post-quantum,2,verify,0.0369,0.0,0.0,0.315,1312,2560,0,2420,512,0,0,0.0,0.5542,nan,edge/x86_64,unknown,3.12.3,2026-10-09T18:44:41Z
117,ML-DSA-44,post-quantum,2,keygen,0.0356,0.0,0.0,0.315,1312,2560,0,2420,0,0,0,0.0,0.5335,nan,edge/x86_64,unknown,3.12.3,2026-10-09T18:44:41Z
117,ML-DSA-44,post-quantum,2,sign,0.0455,0.0,0.0,0.315,1312,2560,0,2420,512,0,0,0.0,0.6824,nan,edge/x86_64,unknown,3.12.3,2026-10-09T18:44:41Z
117,ML-DSA-44,post-quantum,2,verify,0.0332,0.0,0.0,0.315,1312,2560,0,2420,512,0,0,0.0,0.4982,nan,edge/x86_64,unknown,3.12.3,2026-10-09T18:44:41Z
118,ML-DSA-44,post-quantum,2,keygen,0.0351,0.0,0.0,0.315,1312,2560,0,2420,0,0,0,0.0,0.5267,nan,edge/x86_64,unknown,3.12.3,2026-10-09T18:44:41Z
118,ML-DSA-44,post-quantum,2,sign,0.0452,0.0,0.0,0.315,1312,2560,0,2420,512,0,0,0.0,0.6786,nan,edge/x86_64,unknown,3.12.3,2026-10-09T18:44:41Z
118,ML-DSA-44,post-quantum,2,verify,0.037,0.0,0.0,0.315,1312,2560,0,2420,512,0,0,0.0,0.5554,nan,edge/x86_64,unknown,3.12.3,2026-10-09T18:44:41Z
119,ML-DSA-44,post-quantum,2,keygen,0.0355,0.0,0.0,0.315,1312,2560,0,2420,0,0,0,0.0,0.5331,nan,edge/x86_64,unknown,3.12.3,2026-10-09T18:44:41Z
119,ML-DSA-44,post-quantum,2,sign,0.1362,0.0,0.0,0.315,1312,2560,0,2420,512,0,0,0.0,2.043,nan,edge/x86_64,unknown,3.12.3,2026-10-09T18:44:41Z
119,ML-DSA-44,post-quantum,2,verify,0.0342,0.0,0.0,0.315,1312,2560,0,2420,512,0,0,0.0,0.5125,nan,edge/x86_64,unknown,3.12.3,2026-10-09T18:44:41Z
120,ML-DSA-44,post-quantum,2,keygen,0.0365,0.0,0.0,0.315,1312,2560,0,2420,0,0,0,0.0,0.5473,nan,edge/x86_64,unknown,3.12.3,2026-10-09T18:44:41Z
120,ML-DSA-44,post-quantum,2,sign,0.0812,0.0,0.0,0.315,1312,2560,0,2420,512,0,0,0.0,1.2184,nan,edge/x86_64,unknown,3.12.3,2026-10-09T18:44:41Z
120,ML-DSA-44,post-quantum,2,verify,0.0345,0.0,0.0,0.315,1312,2560,0,2420,512,0,0,0.0,0.5179,nan,edge/x86_64,unknown,3.12.3,2026-10-09T18:44:41Z
121,ML-DSA-44,post-quantum,2,keygen,0.0375,0.0,0.0,0.315,1312,2560,0,2420,0,0,0,0.0,0.563,nan,edge/x86_64,unknown,3.12.3,2026-10-09T18:44:41Z
121,ML-DSA-44,post-quantum,2,sign,0.0473,0.0,0.0,0.315,1312,2560,0,2420,512,0,0,0.0,0.7096,nan,edge/x86_64,unknown,3.12.3,2026-10-09T18:44:41Z
121,ML-DSA-44,post-quantum,2,verify,0.0832,0.0,0.0,0.315,1312,2560,0,2420,512,0,0,0.0,1.2478,nan,edge/x86_64,unknown,3.12.3,2026-10-09T18:44:41Z
122,ML-DSA-44,post-quantum,2,keygen,0.0531,0.0,0.0,0.315,1312,2560,0,2420,0,0,0,0.0,0.7958,nan,edge/x86_64,unknown,3.12.3,2026-10-09T18:44:41Z
122,ML-DSA-44,post-quantum,2,sign,0.1194,0.0,0.0,0.315,1312,2560,0,2420,512,0,0,0.0,1.7907,nan,edge/x86_64,unknown,3.12.3,2026-10-09T18:44:41Z
122,ML-DSA-44,post-quantum,2,verify,0.0348,0.0,0.0,0.315,1312,2560,0,2420,512,0,0,0.0,0.5214,nan,edge/x86_64,unknown,3.12.3,2026-10-09T18:44:41Z
123,ML-DSA-44,post-quantum,2,keygen,0.0362,0.0,0.0,0.315,1312,2560,0,2420,0,0,0,0.0,0.5436,nan,edge/x86_64,unknown,3.12.3,2026-10-09T18:44:41Z
123,ML-DSA-44,post-quantum,2,sign,0.0463,0.0,0.0,0.315,1312,2560,0,2420,512,0,0,0.0,0.6939,nan,edge/x86_64,unknown,3.12.3,2026-10-09T18:44:41Z
123,ML-DSA-44,post-quantum,2,verify,0.0334,0.0,0.0,0.315,1312,2560,0,2420,512,0,0,0.0,0.5011,nan,edge/x86_64,unknown,3.12.3,2026-10-09T18:44:41Z
124,ML-DSA-44,post-quantum,2,keygen,0.0351,0.0,0.0,0.315,1312,2560,0,2420,0,0,0,0.0,0.5259,nan,edge/x86_64,unknown,3.12.3,2026-10-09T18:44:41Z
124,ML-DSA-44,post-quantum,2,sign,0.1233,0.0,0.0,0.315,1312,2560,0,2420,512,0,0,0.0,1.8496,nan,edge/x86_64,unknown,3.12.3,2026-10-09T18:44:41Z
124,ML-DSA-44,post-quantum,2,verify,0.0339,0.0,0.0,0.315,1312,2560,0,2420,512,0,0,0.0,0.5081,nan,edge/x86_64,unknown,3.12.3,2026-10-09T18:44:41Z
125,ML-DSA-44,post-quantum,2,keygen,0.0364,0.0,0.0,0.315,1312,2560,0,2420,0,0,0,0.0,0.5453,nan,edge/x86_64,unknown,3.12.3,2026-10-09T18:44:41Z
125,ML-DSA-44,post-quantum,2,sign,0.0747,0.0,0.0,0.315,1312,2560,0,2420,512,0,0,0.0,1.1207,nan,edge/x86_64,unknown,3.12.3,2026-10-09T18:44:41Z
125,ML-DSA-44,post-quantum,2,verify,0.0335,0.0,0.0,0.315,1312,2560,0,2420,512,0,0,0.0,0.5029,nan,edge/x86_64,unknown,3.12.3,2026-10-09T18:44:41Z
126,ML-DSA-44,post-quantum,2,keygen,0.0359,0.0,0.0,0.315,1312,2560,0,2420,0,0,0,0.0,0.5386,nan,edge/x86_64,unknown,3.12.3,2026-10-09T18:44:41Z
126,ML-DSA-44,post-quantum,2,sign,0.0544,0.0,0.0,0.315,1312,2560,0,2420,512,0,0,0.0,0.8162,nan,edge/x86_64,unknown,3.12.3,2026-10-09T18:44:41Z
126,ML-DSA-44,post-quantum,2,verify,0.0332,0.0,0.0,0.315,1312,2560,0,2420,512,0,0,0.0,0.4986,nan,edge/x86_64,unknown,3.12.3,2026-10-09T18:44:41Z
127,ML-DSA-44,post-quantum,2,keygen,0.0349,0.0,0.0,0.315,1312,2560,0,2420,0,0,0,0.0,0.5233,nan,edge/x86_64,unknown,3.12.3,2026-10-09T18:44:41Z
127,ML-DSA-44,post-quantum,2,sign,0.0744,0.0,0.0,0.315,1312,2560,0,2420,512,0,0,0.0,1.1159,nan,edge/x86_64,unknown,3.12.3,2026-10-09T18:44:41Z
127,ML-DSA-44,post-quantum,2,verify,0.0344,0.0,0.0,0.315,1312,2560,0,2420,512,0,0,0.0,0.5158,nan,edge/x86_64,unknown,3.12.3,2026-10-09T18:44:41Z
128,ML-DSA-44,post-quantum,2,keygen,0.036,0.0,0.0,0.315,1312,2560,0,2420,0,0,0,0.0,0.5393,nan,edge/x86_64,unknown,3.12.3,2026-10-09T18:44:41Z
128,ML-DSA-44,post-quantum,2,sign,0.0543,0.0,0.0,0.315,1312,2560,0,2420,512,0,0,0.0,0.8138,nan,edge/x86_64,unknown,3.12.3,2026-10-09T18:44:41Z
128,ML-DSA-44,post-quantum,2,verify,0.0329,0.0,0.0,0.315,1312,2560,0,2420,512,0,0,0.0,0.4941,nan,edge/x86_64,unknown,3.12.3,2026-10-09T18:44:41Z
129,ML-DSA-44,post-quantum,2,keygen,0.0353,0.0,0.0,0.315,1312,2560,0,2420,0,0,0,0.0,0.5294,nan,edge/x86_64,unknown,3.12.3,2026-10-09T18:44:41Z
129,ML-DSA-44,post-quantum,2,sign,0.111,0.0,0.0,0.315,1312,2560,0,2420,512,0,0,0.0,1.6652,nan,edge/x86_64,unknown,3.12.3,2026-10-09T18:44:41Z
129,ML-DSA-44,post-quantum,2,verify,0.0337,0.0,0.0,0.315,1312,2560,0,2420,512,0,0,0.0,0.5049,nan,edge/x86_64,unknown,3.12.3,2026-10-09T18:44:41Z
130,ML-DSA-44,post-quantum,2,keygen,0.036,0.0,0.0,0.315,1312,2560,0,2420,0,0,0,0.0,0.5407,nan,edge/x86_64,unknown,3.12.3,2026-10-09T18:44:41Z
130,ML-DSA-44,post-quantum,2,sign,0.0653,0.0,0.0,0.315,1312,2560,0,2420,512,0,0,0.0,0.9801,nan,edge/x86_64,unknown,3.12.3,2026-10-09T18:44:41Z
130,ML-DSA-44,post-quantum,2,verify,0.0496,0.0,0.0,0.315,1312,2560,0,2420,512,0,0,0.0,0.7434,nan,edge/x86_64,unknown,3.12.3,2026-10-09T18:44:41Z
131,ML-DSA-44,post-quantum,2,keygen,0.0394,0.0,0.0,0.315,1312,2560,0,2420,0,0,0,0.0,0.591,nan,edge/x86_64,unknown,3.12.3,2026-10-09T18:44:41Z
131,ML-DSA-44,post-quantum,2,sign,0.0939,0.0,0.0,0.315,1312,2560,0,2420,512,0,0,0.0,1.4079,nan,edge/x86_64,unknown,3.12.3,2026-10-09T18:44:41Z
131,ML-DSA-44,post-quantum,2,verify,0.0335,0.0,0.0,0.315,1312,2560,0,2420,512,0,0,0.0,0.5022,nan,edge/x86_64,unknown,3.12.3,2026-10-09T18:44:41Z
132,ML-DSA-44,post-quantum,2,keygen,0.0434,0.0,0.0,0.315,1312,2560,0,2420,0,0,0,0.0,0.6504,nan,edge/x86_64,unknown,3.12.3,2026-10-09T18:44:41Z
132,ML-DSA-44,post-quantum,2,sign,0.184,0.0,0.0,0.315,1312,2560,0,2420,512,0,0,0.0,2.7597,nan,edge/x86_64,unknown,3.12.3,2026-10-09T18:44:41Z
132,ML-DSA-44,post-quantum,2,verify,0.0338,0.0,0.0,0.315,1312,2560,0,2420,512,0,0,0.0,0.5065,nan,edge/x86_64,unknown,3.12.3,2026-10-09T18:44:41Z
133,ML-DSA-44,post-quantum,2,keygen,0.066,0.0,0.0,0.315,1312,2560,0,2420,0,0,0,0.0,0.9903,nan,edge/x86_64,unknown,3.12.3,2026-10-09T18:44:41Z
133,ML-DSA-44,post-quantum,2,sign,0.0601,0.0,0.0,0.315,1312,2560,0,2420,512,0,0,0.0,0.9009,nan,edge/x86_64,unknown,3.12.3,2026-10-09T18:44:41Z
133,ML-DSA-44,post-quantum,2,verify,0.0363,0.0,0.0,0.315,1312,2560,0,2420,512,0,0,0.0,0.5443,nan,edge/x86_64,unknown,3.12.3,2026-10-09T18:44:41Z
134,ML-DSA-44,post-quantum,2,keygen,0.0366,0.0,0.0,0.315,1312,2560,0,2420,0,0,0,0.0,0.5488,nan,edge/x86_64,unknown,3.12.3,2026-10-09T18:44:41Z
134,ML-DSA-44,post-quantum,2,sign,0.0816,0.0,0.0,0.315,1312,2560,0,2420,512,0,0,0.0,1.2236,nan,edge/x86_64,unknown,3.12.3,2026-10-09T18:44:41Z
134,ML-DSA-44,post-quantum,2,verify,0.0335,0.0,0.0,0.315,1312,2560,0,2420,512,0,0,0.0,0.5027,nan,edge/x86_64,unknown,3.12.3,2026-10-09T18:44:41Z
135,ML-DSA-44,post-quantum,2,keygen,0.0357,0.0,0.0,0.315,1312,2560,0,2420,0,0,0,0.0,0.5356,nan,edge/x86_64,unknown,3.12.3,2026-10-09T18:44:41Z
135,ML-DSA-44,post-quantum,2,sign,0.1573,0.0,0.0,0.315,1312,2560,0,2420,512,0,0,0.0,2.3597,nan,edge/x86_64,unknown,3.12.3,2026-10-09T18:44:41Z
135,ML-DSA-44,post-quantum,2,verify,0.0347,0.0,0.0,0.315,1312,2560,0,2420,512,0,0,0.0,0.5212,nan,edge/x86_64,unknown,3.12.3,2026-10-09T18:44:41Z
136,ML-DSA-44,post-quantum,2,keygen,0.0366,0.0,0.0,0.315,1312,2560,0,2420,0,0,0,0.0,0.5488,nan,edge/x86_64,unknown,3.12.3,2026-10-09T18:44:41Z
136,ML-DSA-44,post-quantum,2,sign,0.0543,0.0,0.0,0.315,1312,2560,0,2420,512,0,0,0.0,0.815,nan,edge/x86_64,unknown,3.12.3,2026-10-09T18:44:41Z
136,ML-DSA-44,post-quantum,2,verify,0.0331,0.0,0.0,0.315,1312,2560,0,2420,512,0,0,0.0,0.4967,nan,edge/x86_64,unknown,3.12.3,2026-10-09T18:44:41Z
137,ML-DSA-44,post-quantum,2,keygen,0.0358,0.0,0.0,0.315,1312,2560,0,2420,0,0,0,0.0,0.5363,nan,edge/x86_64,unknown,3.12.3,2026-10-09T18:44:41Z
137,ML-DSA-44,post-quantum,2,sign,0.0458,0.0,0.0,0.315,1312,2560,0,2420,512,0,0,0.0,0.687,nan,edge/x86_64,unknown,3.12.3,2026-10-09T18:44:41Z
137,ML-DSA-44,post-quantum,2,verify,0.0332,0.0,0.0,0.315,1312,2560,0,2420,512,0,0,0.0,0.4985,nan,edge/x86_64,unknown,3.12.3,2026-10-09T18:44:41Z
138,ML-DSA-44,post-quantum,2,keygen,0.0352,0.0,0.0,0.315,1312,2560,0,2420,0,0,0,0.0,0.5278,nan,edge/x86_64,unknown,3.12.3,2026-10-09T18:44:41Z
138,ML-DSA-44,post-quantum,2,sign,0.0806,0.0,0.0,0.315,1312,2560,0,2420,512,0,0,0.0,1.2083,nan,edge/x86_64,unknown,3.12.3,2026-10-09T18:44:41Z
138,ML-DSA-44,post-quantum,2,verify,0.0332,0.0,0.0,0.315,1312,2560,0,2420,512,0,0,0.0,0.4982,nan,edge/x86_64,unknown,3.12.3,2026-10-09T18:44:41Z
139,ML-DSA-44,post-quantum,2,keygen,0.0368,0.0,0.0,0.315,1312,2560,0,2420,0,0,0,0.0,0.5516,nan,edge/x86_64,unknown,3.12.3,2026-10-09T18:44:41Z
139,ML-DSA-44,post-quantum,2,sign,0.046,0.0,0.0,0.315,1312,2560,0,2420,512,0,0,0.0,0.6897,nan,edge/x86_64,unknown,3.12.3,2026-10-09T18:44:41Z
139,ML-DSA-44,post-quantum,2,verify,0.0373,0.0,0.0,0.315,1312,2560,0,2420,512,0,0,0.0,0.5588,nan,edge/x86_64,unknown,3.12.3,2026-10-09T18:44:41Z
140,ML-DSA-44,post-quantum,2,keygen,0.0357,0.0,0.0,0.315,1312,2560,0,2420,0,0,0,0.0,0.5351,nan,edge/x86_64,unknown,3.12.3,2026-10-09T18:44:41Z
140,ML-DSA-44,post-quantum,2,sign,0.0801,0.0,0.0,0.315,1312,2560,0,2420,512,0,0,0.0,1.2008,nan,edge/x86_64,unknown,3.12.3,2026-10-09T18:44:41Z
140,ML-DSA-44,post-quantum,2,verify,0.0332,0.0,0.0,0.315,1312,2560,0,2420,512,0,0,0.0,0.4984,nan,edge/x86_64,unknown,3.12.3,2026-10-09T18:44:41Z
141,ML-DSA-44,post-quantum,2,keygen,0.0361,0.0,0.0,0.315,1312,2560,0,2420,0,0,0,0.0,0.5412,nan,edge/x86_64,unknown,3.12.3,2026-10-09T18:44:41Z
141,ML-DSA-44,post-quantum,2,sign,0.074,0.0,0.0,0.315,1312,2560,0,2420,512,0,0,0.0,1.1101,nan,edge/x86_64,unknown,3.12.3,2026-10-09T18:44:41Z
141,ML-DSA-44,post-quantum,2,verify,0.1224,0.0,0.0,0.315,1312,2560,0,2420,512,0,0,0.0,1.8364,nan,edge/x86_64,unknown,3.12.3,2026-10-09T18:44:41Z
142,ML-DSA-44,post-quantum,2,keygen,0.0435,0.0,0.0,0.315,1312,2560,0,2420,0,0,0,0.0,0.6519,nan,edge/x86_64,unknown,3.12.3,2026-10-09T18:44:41Z
142,ML-DSA-44,post-quantum,2,sign,0.0761,0.0,0.0,0.315,1312,2560,0,2420,512,0,0,0.0,1.1414,nan,edge/x86_64,unknown,3.12.3,2026-10-09T18:44:41Z
142,ML-DSA-44,post-quantum,2,verify,0.0341,0.0,0.0,0.315,1312,2560,0,2420,512,0,0,0.0,0.5112,nan,edge/x86_64,unknown,3.12.3,2026-10-09T18:44:41Z
143,ML-DSA-44,post-quantum,2,keygen,0.0362,0.0,0.0,0.315,1312,2560,0,2420,0,0,0,0.0,0.5434,nan,edge/x86_64,unknown,3.12.3,2026-10-09T18:44:41Z
143,ML-DSA-44,post-quantum,2,sign,0.0457,0.0,0.0,0.315,1312,2560,0,2420,512,0,0,0.0,0.6857,nan,edge/x86_64,unknown,3.12.3,2026-10-09T18:44:41Z
143,ML-DSA-44,post-quantum,2,verify,0.033,0.0,0.0,0.315,1312,2560,0,2420,512,0,0,0.0,0.4954,nan,edge/x86_64,unknown,3.12.3,2026-10-09T18:44:41Z
144,ML-DSA-44,post-quantum,2,keygen,0.035,0.0,0.0,0.315,1312,2560,0,2420,0,0,0,0.0,0.5257,nan,edge/x86_64,unknown,3.12.3,2026-10-09T18:44:41Z
144,ML-DSA-44,post-quantum,2,sign,0.0864,0.0,0.0,0.315,1312,2560,0,2420,512,0,0,0.0,1.2966,nan,edge/x86_64,unknown,3.12.3,2026-10-09T18:44:41Z
144,ML-DSA-44,post-quantum,2,verify,0.0579,0.0,0.0,0.315,1312,2560,0,2420,512,0,0,0.0,0.8679,nan,edge/x86_64,unknown,3.12.3,2026-10-09T18:44:41Z
145,ML-DSA-44,post-quantum,2,keygen,0.0479,0.0,0.0,0.315,1312,2560,0,2420,0,0,0,0.0,0.7179,nan,edge/x86_64,unknown,3.12.3,2026-10-09T18:44:41Z
145,ML-DSA-44,post-quantum,2,sign,0.0826,0.0,0.0,0.315,1312,2560,0,2420,512,0,0,0.0,1.2393,nan,edge/x86_64,unknown,3.12.3,2026-10-09T18:44:41Z
145,ML-DSA-44,post-quantum,2,verify,0.0359,0.0,0.0,0.315,1312,2560,0,2420,512,0,0,0.0,0.5382,nan,edge/x86_64,unknown,3.12.3,2026-10-09T18:44:41Z
146,ML-DSA-44,post-quantum,2,keygen,0.0368,0.0,0.0,0.315,1312,2560,0,2420,0,0,0,0.0,0.5524,nan,edge/x86_64,unknown,3.12.3,2026-10-09T18:44:41Z
146,ML-DSA-44,post-quantum,2,sign,0.0556,0.0,0.0,0.315,1312,2560,0,2420,512,0,0,0.0,0.8336,nan,edge/x86_64,unknown,3.12.3,2026-10-09T18:44:41Z
146,ML-DSA-44,post-quantum,2,verify,0.0335,0.0,0.0,0.315,1312,2560,0,2420,512,0,0,0.0,0.5023,nan,edge/x86_64,unknown,3.12.3,2026-10-09T18:44:41Z
147,ML-DSA-44,post-quantum,2,keygen,0.0353,0.0,0.0,0.315,1312,2560,0,2420,0,0,0,0.0,0.5298,nan,edge/x86_64,unknown,3.12.3,2026-10-09T18:44:41Z
147,ML-DSA-44,post-quantum,2,sign,0.1456,0.0,0.0,0.315,1312,2560,0,2420,512,0,0,0.0,2.1837,nan,edge/x86_64,unknown,3.12.3,2026-10-09T18:44:41Z
147,ML-DSA-44,post-quantum,2,verify,0.034,0.0,0.0,0.315,1312,2560,0,2420,512,0,0,0.0,0.5103,nan,edge/x86_64,unknown,3.12.3,2026-10-09T18:44:41Z
148,ML-DSA-44,post-quantum,2,keygen,0.0361,0.0,0.0,0.315,1312,2560,0,2420,0,0,0,0.0,0.5409,nan,edge/x86_64,unknown,3.12.3,2026-10-09T18:44:41Z
148,ML-DSA-44,post-quantum,2,sign,0.0462,0.0,0.0,0.315,1312,2560,0,2420,512,0,0,0.0,0.6931,nan,edge/x86_64,unknown,3.12.3,2026-10-09T18:44:41Z
148,ML-DSA-44,post-quantum,2,verify,0.0334,0.0,0.0,0.315,1312,2560,0,2420,512,0,0,0.0,0.5006,nan,edge/x86_64,unknown,3.12.3,2026-10-09T18:44:41Z
149,ML-DSA-44,post-quantum,2,keygen,0.0353,0.0,0.0,0.315,1312,2560,0,2420,0,0,0,0.0,0.5301,nan,edge/x86_64,unknown,3.12.3,2026-10-09T18:44:41Z
149,ML-DSA-44,post-quantum,2,sign,0.0714,0.0,0.0,0.315,1312,2560,0,2420,512,0,0,0.0,1.0713,nan,edge/x86_64,unknown,3.12.3,2026-10-09T18:44:41Z
149,ML-DSA-44,post-quantum,2,verify,0.0342,0.0,0.0,0.315,1312,2560,0,2420,512,0,0,0.0,0.5128,nan,edge/x86_64,unknown,3.12.3,2026-10-09T18:44:41Z
150,ML-DSA-44,post-quantum,2,keygen,0.036,0.0,0.0,0.315,1312,2560,0,2420,0,0,0,0.0,0.54,nan,edge/x86_64,unknown,3.12.3,2026-10-09T18:44:41Z
150,ML-DSA-44,post-quantum,2,sign,0.0459,0.0,0.0,0.315,1312,2560,0,2420,512,0,0,0.0,0.6888,nan,edge/x86_64,unknown,3.12.3,2026-10-09T18:44:41Z
150,ML-DSA-44,post-quantum,2,verify,0.0339,0.0,0.0,0.315,1312,2560,0,2420,512,0,0,0.0,0.5082,nan,edge/x86_64,unknown,3.12.3,2026-10-09T18:44:41Z
151,ML-DSA-44,post-quantum,2,keygen,0.0348,0.0,0.0,0.315,1312,2560,0,2420,0,0,0,0.0,0.5214,nan,edge/x86_64,unknown,3.12.3,2026-10-09T18:44:41Z
151,ML-DSA-44,post-quantum,2,sign,0.0892,0.0,0.0,0.315,1312,2560,0,2420,512,0,0,0.0,1.3385,nan,edge/x86_64,unknown,3.12.3,2026-10-09T18:44:41Z
151,ML-DSA-44,post-quantum,2,verify,0.0341,0.0,0.0,0.315,1312,2560,0,2420,512,0,0,0.0,0.511,nan,edge/x86_64,unknown,3.12.3,2026-10-09T18:44:41Z
152,ML-DSA-44,post-quantum,2,keygen,0.0358,0.0,0.0,0.315,1312,2560,0,2420,0,0,0,0.0,0.5372,nan,edge/x86_64,unknown,3.12.3,2026-10-09T18:44:41Z
152,ML-DSA-44,post-quantum,2,sign,0.0588,0.0,0.0,0.315,1312,2560,0,2420,512,0,0,0.0,0.8816,nan,edge/x86_64,unknown,3.12.3,2026-10-09T18:44:41Z
152,ML-DSA-44,post-quantum,2,verify,0.0337,0.0,0.0,0.315,1312,2560,0,2420,512,0,0,0.0,0.5058,nan,edge/x86_64,unknown,3.12.3,2026-10-09T18:44:41Z
153,ML-DSA-44,post-quantum,2,keygen,0.0352,0.0,0.0,0.315,1312,2560,0,2420,0,0,0,0.0,0.5278,nan,edge/x86_64,unknown,3.12.3,2026-10-09T18:44:41Z
153,ML-DSA-44,post-quantum,2,sign,0.0729,0.0,0.0,0.315,1312,2560,0,2420,512,0,0,0.0,1.0929,nan,edge/x86_64,unknown,3.12.3,2026-10-09T18:44:41Z
153,ML-DSA-44,post-quantum,2,verify,0.0389,0.0,0.0,0.315,1312,2560,0,2420,512,0,0,0.0,0.584,nan,edge/x86_64,unknown,3.12.3,2026-10-09T18:44:41Z
154,ML-DSA-44,post-quantum,2,keygen,0.0415,0.0,0.0,0.315,1312,2560,0,2420,0,0,0,0.0,0.6218,nan,edge/x86_64,unknown,3.12.3,2026-10-09T18:44:41Z
154,ML-DSA-44,post-quantum,2,sign,0.1318,0.0,0.0,0.315,1312,2560,0,2420,512,0,0,0.0,1.9776,nan,edge/x86_64,unknown,3.12.3,2026-10-09T18:44:41Z
154,ML-DSA-44,post-quantum,2,verify,0.034,0.0,0.0,0.315,1312,2560,0,2420,512,0,0,0.0,0.5096,nan,edge/x86_64,unknown,3.12.3,2026-10-09T18:44:41Z
155,ML-DSA-44,post-quantum,2,keygen,0.0355,0.0,0.0,0.315,1312,2560,0,2420,0,0,0,0.0,0.5328,nan,edge/x86_64,unknown,3.12.3,2026-10-09T18:44:41Z
155,ML-DSA-44,post-quantum,2,sign,0.0456,0.0,0.0,0.315,1312,2560,0,2420,512,0,0,0.0,0.6835,nan,edge/x86_64,unknown,3.12.3,2026-10-09T18:44:41Z
155,ML-DSA-44,post-quantum,2,verify,0.0329,0.0,0.0,0.315,1312,2560,0,2420,512,0,0,0.0,0.494,nan,edge/x86_64,unknown,3.12.3,2026-10-09T18:44:41Z
156,ML-DSA-44,post-quantum,2,keygen,0.0348,0.0,0.0,0.315,1312,2560,0,2420,0,0,0,0.0,0.5221,nan,edge/x86_64,unknown,3.12.3,2026-10-09T18:44:41Z
156,ML-DSA-44,post-quantum,2,sign,0.0735,0.0,0.0,0.315,1312,2560,0,2420,512,0,0,0.0,1.1022,nan,edge/x86_64,unknown,3.12.3,2026-10-09T18:44:41Z
156,ML-DSA-44,post-quantum,2,verify,0.0572,0.0,0.0,0.315,1312,2560,0,2420,512,0,0,0.0,0.8579,nan,edge/x86_64,unknown,3.12.3,2026-10-09T18:44:41Z
157,ML-DSA-44,post-quantum,2,keygen,0.0453,0.0,0.0,0.315,1312,2560,0,2420,0,0,0,0.0,0.6795,nan,edge/x86_64,unknown,3.12.3,2026-10-09T18:44:41Z
157,ML-DSA-44,post-quantum,2,sign,0.1363,0.0,0.0,0.315,1312,2560,0,2420,512,0,0,0.0,2.0442,nan,edge/x86_64,unknown,3.12.3,2026-10-09T18:44:41Z
157,ML-DSA-44,post-quantum,2,verify,0.0362,0.0,0.0,0.315,1312,2560,0,2420,512,0,0,0.0,0.5424,nan,edge/x86_64,unknown,3.12.3,2026-10-09T18:44:41Z
158,ML-DSA-44,post-quantum,2,keygen,0.0374,0.0,0.0,0.315,1312,2560,0,2420,0,0,0,0.0,0.5609,nan,edge/x86_64,unknown,3.12.3,2026-10-09T18:44:41Z
158,ML-DSA-44,post-quantum,2,sign,0.1128,0.0,0.0,0.315,1312,2560,0,2420,512,0,0,0.0,1.6914,nan,edge/x86_64,unknown,3.12.3,2026-10-09T18:44:41Z
158,ML-DSA-44,post-quantum,2,verify,0.0333,0.0,0.0,0.315,1312,2560,0,2420,512,0,0,0.0,0.4992,nan,edge/x86_64,unknown,3.12.3,2026-10-09T18:44:41Z
159,ML-DSA-44,post-quantum,2,keygen,0.0422,0.0,0.0,0.315,1312,2560,0,2420,0,0,0,0.0,0.6329,nan,edge/x86_64,unknown,3.12.3,2026-10-09T18:44:41Z
159,ML-DSA-44,post-quantum,2,sign,0.0546,0.0,0.0,0.315,1312,2560,0,2420,512,0,0,0.0,0.8193,nan,edge/x86_64,unknown,3.12.3,2026-10-09T18:44:41Z
159,ML-DSA-44,post-quantum,2,verify,0.0335,0.0,0.0,0.315,1312,2560,0,2420,512,0,0,0.0,0.5023,nan,edge/x86_64,unknown,3.12.3,2026-10-09T18:44:41Z
160,ML-DSA-44,post-quantum,2,keygen,0.0354,0.0,0.0,0.315,1312,2560,0,2420,0,0,0,0.0,0.5312,nan,edge/x86_64,unknown,3.12.3,2026-10-09T18:44:41Z
160,ML-DSA-44,post-quantum,2,sign,0.0954,0.0,0.0,0.315,1312,2560,0,2420,512,0,0,0.0,1.4312,nan,edge/x86_64,unknown,3.12.3,2026-10-09T18:44:41Z
160,ML-DSA-44,post-quantum,2,verify,0.0358,0.0,0.0,0.315,1312,2560,0,2420,512,0,0,0.0,0.5363,nan,edge/x86_64,unknown,3.12.3,2026-10-09T18:44:41Z
161,ML-DSA-44,post-quantum,2,keygen,0.0358,0.0,0.0,0.315,1312,2560,0,2420,0,0,0,0.0,0.5367,nan,edge/x86_64,unknown,3.12.3,2026-10-09T18:44:41Z
161,ML-DSA-44,post-quantum,2,sign,0.0533,0.0,0.0,0.315,1312,2560,0,2420,512,0,0,0.0,0.7997,nan,edge/x86_64,unknown,3.12.3,2026-10-09T18:44:41Z
161,ML-DSA-44,post-quantum,2,verify,0.0332,0.0,0.0,0.315,1312,2560,0,2420,512,0,0,0.0,0.4976,nan,edge/x86_64,unknown,3.12.3,2026-10-09T18:44:41Z
162,ML-DSA-44,post-quantum,2,keygen,0.0352,0.0,0.0,0.315,1312,2560,0,2420,0,0,0,0.0,0.5275,nan,edge/x86_64,unknown,3.12.3,2026-10-09T18:44:41Z
162,ML-DSA-44,post-quantum,2,sign,0.0646,0.0,0.0,0.315,1312,2560,0,2420,512,0,0,0.0,0.9688,nan,edge/x86_64,unknown,3.12.3,2026-10-09T18:44:41Z
162,ML-DSA-44,post-quantum,2,verify,0.033,0.0,0.0,0.315,1312,2560,0,2420,512,0,0,0.0,0.4957,nan,edge/x86_64,unknown,3.12.3,2026-10-09T18:44:41Z
163,ML-DSA-44,post-quantum,2,keygen,0.0354,0.0,0.0,0.315,1312,2560,0,2420,0,0,0,0.0,0.5316,nan,edge/x86_64,unknown,3.12.3,2026-10-09T18:44:41Z
163,ML-DSA-44,post-quantum,2,sign,0.1207,0.0,0.0,0.315,1312,2560,0,2420,512,0,0,0.0,1.8112,nan,edge/x86_64,unknown,3.12.3,2026-10-09T18:44:41Z
163,ML-DSA-44,post-quantum,2,verify,0.0415,0.0,0.0,0.315,1312,2560,0,2420,512,0,0,0.0,0.6223,nan,edge/x86_64,unknown,3.12.3,2026-10-09T18:44:41Z
164,ML-DSA-44,post-quantum,2,keygen,0.0364,0.0,0.0,0.315,1312,2560,0,2420,0,0,0,0.0,0.5466,nan,edge/x86_64,unknown,3.12.3,2026-10-09T18:44:41Z
164,ML-DSA-44,post-quantum,2,sign,0.0726,0.0,0.0,0.315,1312,2560,0,2420,512,0,0,0.0,1.0883,nan,edge/x86_64,unknown,3.12.3,2026-10-09T18:44:41Z
164,ML-DSA-44,post-quantum,2,verify,0.0521,0.0,0.0,0.315,1312,2560,0,2420,512,0,0,0.0,0.781,nan,edge/x86_64,unknown,3.12.3,2026-10-09T18:44:41Z
165,ML-DSA-44,post-quantum,2,keygen,0.0397,0.0,0.0,0.315,1312,2560,0,2420,0,0,0,0.0,0.5958,nan,edge/x86_64,unknown,3.12.3,2026-10-09T18:44:41Z
165,ML-DSA-44,post-quantum,2,sign,0.0649,0.0,0.0,0.315,1312,2560,0,2420,512,0,0,0.0,0.9737,nan,edge/x86_64,unknown,3.12.3,2026-10-09T18:44:41Z
165,ML-DSA-44,post-quantum,2,verify,0.0396,0.0,0.0,0.315,1312,2560,0,2420,512,0,0,0.0,0.5943,nan,edge/x86_64,unknown,3.12.3,2026-10-09T18:44:41Z
166,ML-DSA-44,post-quantum,2,keygen,0.0365,0.0,0.0,0.315,1312,2560,0,2420,0,0,0,0.0,0.5468,nan,edge/x86_64,unknown,3.12.3,2026-10-09T18:44:41Z
166,ML-DSA-44,post-quantum,2,sign,0.0811,0.0,0.0,0.315,1312,2560,0,2420,512,0,0,0.0,1.2166,nan,edge/x86_64,unknown,3.12.3,2026-10-09T18:44:41Z
166,ML-DSA-44,post-quantum,2,verify,0.0333,0.0,0.0,0.315,1312,2560,0,2420,512,0,0,0.0,0.4992,nan,edge/x86_64,unknown,3.12.3,2026-10-09T18:44:41Z
167,ML-DSA-44,post-quantum,2,keygen,0.0365,0.0,0.0,0.315,1312,2560,0,2420,0,0,0,0.0,0.5476,nan,edge/x86_64,unknown,3.12.3,2026-10-09T18:44:41Z
167,ML-DSA-44,post-quantum,2,sign,0.0822,0.0,0.0,0.315,1312,2560,0,2420,512,0,0,0.0,1.2325,nan,edge/x86_64,unknown,3.12.3,2026-10-09T18:44:41Z
167,ML-DSA-44,post-quantum,2,verify,0.0332,0.0,0.0,0.315,1312,2560,0,2420,512,0,0,0.0,0.4981,nan,edge/x86_64,unknown,3.12.3,2026-10-09T18:44:41Z
168,ML-DSA-44,post-quantum,2,keygen,0.0608,0.0,0.0,0.315,1312,2560,0,2420,0,0,0,0.0,0.9119,nan,edge/x86_64,unknown,3.12.3,2026-10-09T18:44:41Z
168,ML-DSA-44,post-quantum,2,sign,0.0546,0.0,0.0,0.315,1312,2560,0,2420,512,0,0,0.0,0.8186,nan,edge/x86_64,unknown,3.12.3,2026-10-09T18:44:41Z
168,ML-DSA-44,post-quantum,2,verify,0.0351,0.0,0.0,0.315,1312,2560,0,2420,512,0,0,0.0,0.5258,nan,edge/x86_64,unknown,3.12.3,2026-10-09T18:44:41Z
169,ML-DSA-44,post-quantum,2,keygen,0.0371,0.0,0.0,0.315,1312,2560,0,2420,0,0,0,0.0,0.5562,nan,edge/x86_64,unknown,3.12.3,2026-10-09T18:44:41Z
169,ML-DSA-44,post-quantum,2,sign,0.0462,0.0,0.0,0.315,1312,2560,0,2420,512,0,0,0.0,0.6936,nan,edge/x86_64,unknown,3.12.3,2026-10-09T18:44:41Z
169,ML-DSA-44,post-quantum,2,verify,0.036,0.0,0.0,0.315,1312,2560,0,2420,512,0,0,0.0,0.5406,nan,edge/x86_64,unknown,3.12.3,2026-10-09T18:44:41Z
170,ML-DSA-44,post-quantum,2,keygen,0.0383,0.0,0.0,0.315,1312,2560,0,2420,0,0,0,0.0,0.575,nan,edge/x86_64,unknown,3.12.3,2026-10-09T18:44:41Z
170,ML-DSA-44,post-quantum,2,sign,0.0463,0.0,0.0,0.315,1312,2560,0,2420,512,0,0,0.0,0.6943,nan,edge/x86_64,unknown,3.12.3,2026-10-09T18:44:41Z
170,ML-DSA-44,post-quantum,2,verify,0.0337,0.0,0.0,0.315,1312,2560,0,2420,512,0,0,0.0,0.5056,nan,edge/x86_64,unknown,3.12.3,2026-10-09T18:44:41Z
171,ML-DSA-44,post-quantum,2,keygen,0.0571,0.0,0.0,0.315,1312,2560,0,2420,0,0,0,0.0,0.8566,nan,edge/x86_64,unknown,3.12.3,2026-10-09T18:44:41Z
171,ML-DSA-44,post-quantum,2,sign,0.1458,0.0,0.0,0.315,1312,2560,0,2420,512,0,0,0.0,2.1863,nan,edge/x86_64,unknown,3.12.3,2026-10-09T18:44:41Z
171,ML-DSA-44,post-quantum,2,verify,0.0336,0.0,0.0,0.315,1312,2560,0,2420,512,0,0,0.0,0.5047,nan,edge/x86_64,unknown,3.12.3,2026-10-09T18:44:41Z
172,ML-DSA-44,post-quantum,2,keygen,0.0358,0.0,0.0,0.315,1312,2560,0,2420,0,0,0,0.0,0.5375,nan,edge/x86_64,unknown,3.12.3,2026-10-09T18:44:41Z
172,ML-DSA-44,post-quantum,2,sign,0.0696,0.0,0.0,0.315,1312,2560,0,2420,512,0,0,0.0,1.0445,nan,edge/x86_64,unknown,3.12.3,2026-10-09T18:44:41Z
172,ML-DSA-44,post-quantum,2,verify,0.0336,0.0,0.0,0.315,1312,2560,0,2420,512,0,0,0.0,0.5037,nan,edge/x86_64,unknown,3.12.3,2026-10-09T18:44:41Z
173,ML-DSA-44,post-quantum,2,keygen,0.0357,0.0,0.0,0.315,1312,2560,0,2420,0,0,0,0.0,0.5358,nan,edge/x86_64,unknown,3.12.3,2026-10-09T18:44:41Z
173,ML-DSA-44,post-quantum,2,sign,0.1041,0.0,0.0,0.315,1312,2560,0,2420,512,0,0,0.0,1.5622,nan,edge/x86_64,unknown,3.12.3,2026-10-09T18:44:41Z
173,ML-DSA-44,post-quantum,2,verify,0.0335,0.0,0.0,0.315,1312,2560,0,2420,512,0,0,0.0,0.5021,nan,edge/x86_64,unknown,3.12.3,2026-10-09T18:44:41Z
174,ML-DSA-44,post-quantum,2,keygen,0.0356,0.0,0.0,0.315,1312,2560,0,2420,0,0,0,0.0,0.5341,nan,edge/x86_64,unknown,3.12.3,2026-10-09T18:44:41Z
174,ML-DSA-44,post-quantum,2,sign,0.0554,0.0,0.0,0.315,1312,2560,0,2420,512,0,0,0.0,0.8313,nan,edge/x86_64,unknown,3.12.3,2026-10-09T18:44:41Z
174,ML-DSA-44,post-quantum,2,verify,0.0331,0.0,0.0,0.315,1312,2560,0,2420,512,0,0,0.0,0.4962,nan,edge/x86_64,unknown,3.12.3,2026-10-09T18:44:41Z
175,ML-DSA-44,post-quantum,2,keygen,0.0354,0.0,0.0,0.315,1312,2560,0,2420,0,0,0,0.0,0.5304,nan,edge/x86_64,unknown,3.12.3,2026-10-09T18:44:41Z
175,ML-DSA-44,post-quantum,2,sign,0.11,0.0,0.0,0.315,1312,2560,0,2420,512,0,0,0.0,1.6493,nan,edge/x86_64,unknown,3.12.3,2026-10-09T18:44:41Z
175,ML-DSA-44,post-quantum,2,verify,0.0345,0.0,0.0,0.315,1312,2560,0,2420,512,0,0,0.0,0.5173,nan,edge/x86_64,unknown,3.12.3,2026-10-09T18:44:41Z
176,ML-DSA-44,post-quantum,2,keygen,0.0365,0.0,0.0,0.315,1312,2560,0,2420,0,0,0,0.0,0.5474,nan,edge/x86_64,unknown,3.12.3,2026-10-09T18:44:41Z
176,ML-DSA-44,post-quantum,2,sign,0.0955,0.0,0.0,0.315,1312,2560,0,2420,512,0,0,0.0,1.4328,nan,edge/x86_64,unknown,3.12.3,2026-10-09T18:44:41Z
176,ML-DSA-44,post-quantum,2,verify,0.0381,0.0,0.0,0.315,1312,2560,0,2420,512,0,0,0.0,0.5718,nan,edge/x86_64,unknown,3.12.3,2026-10-09T18:44:41Z
177,ML-DSA-44,post-quantum,2,keygen,0.0378,0.0,0.0,0.315,1312,2560,0,2420,0,0,0,0.0,0.5667,nan,edge/x86_64,unknown,3.12.3,2026-10-09T18:44:41Z
177,ML-DSA-44,post-quantum,2,sign,0.0469,0.0,0.0,0.315,1312,2560,0,2420,512,0,0,0.0,0.7031,nan,edge/x86_64,unknown,3.12.3,2026-10-09T18:44:41Z
177,ML-DSA-44,post-quantum,2,verify,0.0336,0.0,0.0,0.315,1312,2560,0,2420,512,0,0,0.0,0.5047,nan,edge/x86_64,unknown,3.12.3,2026-10-09T18:44:41Z
178,ML-DSA-44,post-quantum,2,keygen,0.0364,0.0,0.0,0.315,1312,2560,0,2420,0,0,0,0.0,0.5454,nan,edge/x86_64,unknown,3.12.3,2026-10-09T18:44:41Z
178,ML-DSA-44,post-quantum,2,sign,0.0646,0.0,0.0,0.315,1312,2560,0,2420,512,0,0,0.0,0.9689,nan,edge/x86_64,unknown,3.12.3,2026-10-09T18:44:41Z
178,ML-DSA-44,post-quantum,2,verify,0.033,0.0,0.0,0.315,1312,2560,0,2420,512,0,0,0.0,0.4948,nan,edge/x86_64,unknown,3.12.3,2026-10-09T18:44:41Z
179,ML-DSA-44,post-quantum,2,keygen,0.0355,0.0,0.0,0.315,1312,2560,0,2420,0,0,0,0.0,0.5324,nan,edge/x86_64,unknown,3.12.3,2026-10-09T18:44:41Z
179,ML-DSA-44,post-quantum,2,sign,0.0475,0.0,0.0,0.315,1312,2560,0,2420,512,0,0,0.0,0.7128,nan,edge/x86_64,unknown,3.12.3,2026-10-09T18:44:41Z
179,ML-DSA-44,post-quantum,2,verify,0.0333,0.0,0.0,0.315,1312,2560,0,2420,512,0,0,0.0,0.4991,nan,edge/x86_64,unknown,3.12.3,2026-10-09T18:44:41Z
180,ML-DSA-44,post-quantum,2,keygen,0.0356,0.0,0.0,0.315,1312,2560,0,2420,0,0,0,0.0,0.5334,nan,edge/x86_64,unknown,3.12.3,2026-10-09T18:44:41Z
180,ML-DSA-44,post-quantum,2,sign,0.1213,0.0,0.0,0.315,1312,2560,0,2420,512,0,0,0.0,1.8197,nan,edge/x86_64,unknown,3.12.3,2026-10-09T18:44:41Z
180,ML-DSA-44,post-quantum,2,verify,0.038,0.0,0.0,0.315,1312,2560,0,2420,512,0,0,0.0,0.5699,nan,edge/x86_64,unknown,3.12.3,2026-10-09T18:44:41Z
181,ML-DSA-44,post-quantum,2,keygen,0.041,0.0,0.0,0.315,1312,2560,0,2420,0,0,0,0.0,0.6151,nan,edge/x86_64,unknown,3.12.3,2026-10-09T18:44:41Z
181,ML-DSA-44,post-quantum,2,sign,0.0583,0.0,0.0,0.315,1312,2560,0,2420,512,0,0,0.0,0.8747,nan,edge/x86_64,unknown,3.12.3,2026-10-09T18:44:41Z
181,ML-DSA-44,post-quantum,2,verify,0.0347,0.0,0.0,0.315,1312,2560,0,2420,512,0,0,0.0,0.5199,nan,edge/x86_64,unknown,3.12.3,2026-10-09T18:44:41Z
182,ML-DSA-44,post-quantum,2,keygen,0.0363,0.0,0.0,0.315,1312,2560,0,2420,0,0,0,0.0,0.5444,nan,edge/x86_64,unknown,3.12.3,2026-10-09T18:44:41Z
182,ML-DSA-44,post-quantum,2,sign,0.0475,0.0,0.0,0.315,1312,2560,0,2420,512,0,0,0.0,0.7126,nan,edge/x86_64,unknown,3.12.3,2026-10-09T18:44:41Z
182,ML-DSA-44,post-quantum,2,verify,0.0337,0.0,0.0,0.315,1312,2560,0,2420,512,0,0,0.0,0.5051,nan,edge/x86_64,unknown,3.12.3,2026-10-09T18:44:41Z
183,ML-DSA-44,post-quantum,2,keygen,0.0688,0.0,0.0,0.315,1312,2560,0,2420,0,0,0,0.0,1.0323,nan,edge/x86_64,unknown,3.12.3,2026-10-09T18:44:41Z
183,ML-DSA-44,post-quantum,2,sign,0.0742,0.0,0.0,0.315,1312,2560,0,2420,512,0,0,0.0,1.1126,nan,edge/x86_64,unknown,3.12.3,2026-10-09T18:44:41Z
183,ML-DSA-44,post-quantum,2,verify,0.0349,0.0,0.0,0.315,1312,2560,0,2420,512,0,0,0.0,0.5229,nan,edge/x86_64,unknown,3.12.3,2026-10-09T18:44:41Z
184,ML-DSA-44,post-quantum,2,keygen,0.0357,0.0,0.0,0.315,1312,2560,0,2420,0,0,0,0.0,0.5362,nan,edge/x86_64,unknown,3.12.3,2026-10-09T18:44:41Z
184,ML-DSA-44,post-quantum,2,sign,0.0562,0.0,0.0,0.315,1312,2560,0,2420,512,0,0,0.0,0.8437,nan,edge/x86_64,unknown,3.12.3,2026-10-09T18:44:41Z
184,ML-DSA-44,post-quantum,2,verify,0.0332,0.0,0.0,0.315,1312,2560,0,2420,512,0,0,0.0,0.4975,nan,edge/x86_64,unknown,3.12.3,2026-10-09T18:44:41Z
185,ML-DSA-44,post-quantum,2,keygen,0.0353,0.0,0.0,0.315,1312,2560,0,2420,0,0,0,0.0,0.5302,nan,edge/x86_64,unknown,3.12.3,2026-10-09T18:44:41Z
185,ML-DSA-44,post-quantum,2,sign,0.0667,0.0,0.0,0.315,1312,2560,0,2420,512,0,0,0.0,1.001,nan,edge/x86_64,unknown,3.12.3,2026-10-09T18:44:41Z
185,ML-DSA-44,post-quantum,2,verify,0.0581,0.0,0.0,0.315,1312,2560,0,2420,512,0,0,0.0,0.8718,nan,edge/x86_64,unknown,3.12.3,2026-10-09T18:44:41Z
186,ML-DSA-44,post-quantum,2,keygen,0.0419,0.0,0.0,0.315,1312,2560,0,2420,0,0,0,0.0,0.628,nan,edge/x86_64,unknown,3.12.3,2026-10-09T18:44:41Z
186,ML-DSA-44,post-quantum,2,sign,0.057,0.0,0.0,0.315,1312,2560,0,2420,512,0,0,0.0,0.8555,nan,edge/x86_64,unknown,3.12.3,2026-10-09T18:44:41Z
186,ML-DSA-44,post-quantum,2,verify,0.034,0.0,0.0,0.315,1312,2560,0,2420,512,0,0,0.0,0.5101,nan,edge/x86_64,unknown,3.12.3,2026-10-09T18:44:41Z
187,ML-DSA-44,post-quantum,2,keygen,0.0357,0.0,0.0,0.315,1312,2560,0,2420,0,0,0,0.0,0.536,nan,edge/x86_64,unknown,3.12.3,2026-10-09T18:44:41Z
187,ML-DSA-44,post-quantum,2,sign,0.0459,0.0,0.0,0.315,1312,2560,0,2420,512,0,0,0.0,0.6883,nan,edge/x86_64,unknown,3.12.3,2026-10-09T18:44:41Z
187,ML-DSA-44,post-quantum,2,verify,0.0401,0.0,0.0,0.315,1312,2560,0,2420,512,0,0,0.0,0.6013,nan,edge/x86_64,unknown,3.12.3,2026-10-09T18:44:41Z
188,ML-DSA-44,post-quantum,2,keygen,0.0356,0.0,0.0,0.315,1312,2560,0,2420,0,0,0,0.0,0.5339,nan,edge/x86_64,unknown,3.12.3,2026-10-09T18:44:41Z
188,ML-DSA-44,post-quantum,2,sign,0.1615,0.0,0.0,0.315,1312,2560,0,2420,512,0,0,0.0,2.4229,nan,edge/x86_64,unknown,3.12.3,2026-10-09T18:44:41Z
188,ML-DSA-44,post-quantum,2,verify,0.0464,0.0,0.0,0.315,1312,2560,0,2420,512,0,0,0.0,0.6958,nan,edge/x86_64,unknown,3.12.3,2026-10-09T18:44:41Z
189,ML-DSA-44,post-quantum,2,keygen,0.0381,0.0,0.0,0.315,1312,2560,0,2420,0,0,0,0.0,0.5716,nan,edge/x86_64,unknown,3.12.3,2026-10-09T18:44:41Z
189,ML-DSA-44,post-quantum,2,sign,0.0463,0.0,0.0,0.315,1312,2560,0,2420,512,0,0,0.0,0.6939,nan,edge/x86_64,unknown,3.12.3,2026-10-09T18:44:41Z
189,ML-DSA-44,post-quantum,2,verify,0.0332,0.0,0.0,0.315,1312,2560,0,2420,512,0,0,0.0,0.4979,nan,edge/x86_64,unknown,3.12.3,2026-10-09T18:44:41Z
190,ML-DSA-44,post-quantum,2,keygen,0.0354,0.0,0.0,0.315,1312,2560,0,2420,0,0,0,0.0,0.5308,nan,edge/x86_64,unknown,3.12.3,2026-10-09T18:44:41Z
190,ML-DSA-44,post-quantum,2,sign,0.0454,0.0,0.0,0.315,1312,2560,0,2420,512,0,0,0.0,0.6812,nan,edge/x86_64,unknown,3.12.3,2026-10-09T18:44:41Z
190,ML-DSA-44,post-quantum,2,verify,0.033,0.0,0.0,0.315,1312,2560,0,2420,512,0,0,0.0,0.4954,nan,edge/x86_64,unknown,3.12.3,2026-10-09T18:44:41Z
191,ML-DSA-44,post-quantum,2,keygen,0.0354,0.0,0.0,0.315,1312,2560,0,2420,0,0,0,0.0,0.5312,nan,edge/x86_64,unknown,3.12.3,2026-10-09T18:44:41Z
191,ML-DSA-44,post-quantum,2,sign,0.0456,0.0,0.0,0.315,1312,2560,0,2420,512,0,0,0.0,0.6837,nan,edge/x86_64,unknown,3.12.3,2026-10-09T18:44:41Z
191,ML-DSA-44,post-quantum,2,verify,0.033,0.0,0.0,0.315,1312,2560,0,2420,512,0,0,0.0,0.4951,nan,edge/x86_64,unknown,3.12.3,2026-10-09T18:44:41Z
192,ML-DSA-44,post-quantum,2,keygen,0.0351,0.0,0.0,0.315,1312,2560,0,2420,0,0,0,0.0,0.5272,nan,edge/x86_64,unknown,3.12.3,2026-10-09T18:44:41Z
192,ML-DSA-44,post-quantum,2,sign,0.0544,0.0,0.0,0.315,1312,2560,0,2420,512,0,0,0.0,0.816,nan,edge/x86_64,unknown,3.12.3,2026-10-09T18:44:41Z
192,ML-DSA-44,post-quantum,2,verify,0.0679,0.0,0.0,0.315,1312,2560,0,2420,512,0,0,0.0,1.0181,nan,edge/x86_64,unknown,3.12.3,2026-10-09T18:44:41Z
193,ML-DSA-44,post-quantum,2,keygen,0.0452,0.0,0.0,0.315,1312,2560,0,2420,0,0,0,0.0,0.6776,nan,edge/x86_64,unknown,3.12.3,2026-10-09T18:44:41Z
193,ML-DSA-44,post-quantum,2,sign,0.0738,0.0,0.0,0.315,1312,2560,0,2420,512,0,0,0.0,1.1076,nan,edge/x86_64,unknown,3.12.3,2026-10-09T18:44:41Z
193,ML-DSA-44,post-quantum,2,verify,0.0356,0.0,0.0,0.315,1312,2560,0,2420,512,0,0,0.0,0.5338,nan,edge/x86_64,unknown,3.12.3,2026-10-09T18:44:41Z
194,ML-DSA-44,post-quantum,2,keygen,0.0359,0.0,0.0,0.315,1312,2560,0,2420,0,0,0,0.0,0.5382,nan,edge/x86_64,unknown,3.12.3,2026-10-09T18:44:41Z
194,ML-DSA-44,post-quantum,2,sign,0.985,0.0,0.0,0.315,1312,2560,0,2420,512,0,0,0.0,14.7745,nan,edge/x86_64,unknown,3.12.3,2026-10-09T18:44:41Z
194,ML-DSA-44,post-quantum,2,verify,0.1096,0.0,0.0,0.315,1312,2560,0,2420,512,0,0,0.0,1.6436,nan,edge/x86_64,unknown,3.12.3,2026-10-09T18:44:41Z
195,ML-DSA-44,post-quantum,2,keygen,0.0459,0.0,0.0,0.315,1312,2560,0,2420,0,0,0,0.0,0.6892,nan,edge/x86_64,unknown,3.12.3,2026-10-09T18:44:41Z
195,ML-DSA-44,post-quantum,2,sign,0.0682,0.0,0.0,0.315,1312,2560,0,2420,512,0,0,0.0,1.0226,nan,edge/x86_64,unknown,3.12.3,2026-10-09T18:44:41Z
195,ML-DSA-44,post-quantum,2,verify,0.0356,0.0,0.0,0.315,1312,2560,0,2420,512,0,0,0.0,0.5338,nan,edge/x86_64,unknown,3.12.3,2026-10-09T18:44:41Z
196,ML-DSA-44,post-quantum,2,keygen,0.0374,0.0,0.0,0.315,1312,2560,0,2420,0,0,0,0.0,0.5614,nan,edge/x86_64,unknown,3.12.3,2026-10-09T18:44:41Z
196,ML-DSA-44,post-quantum,2,sign,0.0568,0.0,0.0,0.315,1312,2560,0,2420,512,0,0,0.0,0.8514,nan,edge/x86_64,unknown,3.12.3,2026-10-09T18:44:41Z
196,ML-DSA-44,post-quantum,2,verify,0.0336,0.0,0.0,0.315,1312,2560,0,2420,512,0,0,0.0,0.5039,nan,edge/x86_64,unknown,3.12.3,2026-10-09T18:44:41Z
197,ML-DSA-44,post-quantum,2,keygen,0.0358,0.0,0.0,0.315,1312,2560,0,2420,0,0,0,0.0,0.5365,nan,edge/x86_64,unknown,3.12.3,2026-10-09T18:44:41Z
197,ML-DSA-44,post-quantum,2,sign,0.0731,0.0,0.0,0.315,1312,2560,0,2420,512,0,0,0.0,1.0964,nan,edge/x86_64,unknown,3.12.3,2026-10-09T18:44:41Z
197,ML-DSA-44,post-quantum,2,verify,0.0334,0.0,0.0,0.315,1312,2560,0,2420,512,0,0,0.0,0.5007,nan,edge/x86_64,unknown,3.12.3,2026-10-09T18:44:41Z
198,ML-DSA-44,post-quantum,2,keygen,0.0356,0.0,0.0,0.315,1312,2560,0,2420,0,0,0,0.0,0.534,nan,edge/x86_64,unknown,3.12.3,2026-10-09T18:44:41Z
198,ML-DSA-44,post-quantum,2,sign,0.1469,0.0,0.0,0.315,1312,2560,0,2420,512,0,0,0.0,2.2036,nan,edge/x86_64,unknown,3.12.3,2026-10-09T18:44:41Z
198,ML-DSA-44,post-quantum,2,verify,0.0332,0.0,0.0,0.315,1312,2560,0,2420,512,0,0,0.0,0.4983,nan,edge/x86_64,unknown,3.12.3,2026-10-09T18:44:41Z
199,ML-DSA-44,post-quantum,2,keygen,0.0354,0.0,0.0,0.315,1312,2560,0,2420,0,0,0,0.0,0.5307,nan,edge/x86_64,unknown,3.12.3,2026-10-09T18:44:41Z
199,ML-DSA-44,post-quantum,2,sign,0.0814,0.0,0.0,0.315,1312,2560,0,2420,512,0,0,0.0,1.2213,nan,edge/x86_64,unknown,3.12.3,2026-10-09T18:44:41Z
199,ML-DSA-44,post-quantum,2,verify,0.0344,0.0,0.0,0.315,1312,2560,0,2420,512,0,0,0.0,0.5158,nan,edge/x86_64,unknown,3.12.3,2026-10-09T18:44:41Z
0,ML-DSA-65,post-quantum,3,keygen,0.069,0.0,0.0,0.295,1952,4032,0,3309,0,0,0,0.0,1.035,nan,edge/x86_64,unknown,3.12.3,2026-10-09T18:44:41Z
0,ML-DSA-65,post-quantum,3,sign,0.1519,0.0,0.0,0.295,1952,4032,0,3309,512,0,0,0.0,2.2784,nan,edge/x86_64,unknown,3.12.3,2026-10-09T18:44:41Z
0,ML-DSA-65,post-quantum,3,verify,0.0582,0.0,0.0,0.295,1952,4032,0,3309,512,0,0,0.0,0.8731,nan,edge/x86_64,unknown,3.12.3,2026-10-09T18:44:41Z
1,ML-DSA-65,post-quantum,3,keygen,0.105,0.0,0.0,0.295,1952,4032,0,3309,0,0,0,0.0,1.5744,nan,edge/x86_64,unknown,3.12.3,2026-10-09T18:44:41Z
1,ML-DSA-65,post-quantum,3,sign,0.1334,0.0,0.0,0.295,1952,4032,0,3309,512,0,0,0.0,2.0004,nan,edge/x86_64,unknown,3.12.3,2026-10-09T18:44:41Z
1,ML-DSA-65,post-quantum,3,verify,0.0519,0.0,0.0,0.295,1952,4032,0,3309,512,0,0,0.0,0.7781,nan,edge/x86_64,unknown,3.12.3,2026-10-09T18:44:41Z
2,ML-DSA-65,post-quantum,3,keygen,0.054,0.0,0.0,0.295,1952,4032,0,3309,0,0,0,0.0,0.8093,nan,edge/x86_64,unknown,3.12.3,2026-10-09T18:44:41Z
2,ML-DSA-65,post-quantum,3,sign,0.0863,0.0,0.0,0.295,1952,4032,0,3309,512,0,0,0.0,1.294,nan,edge/x86_64,unknown,3.12.3,2026-10-09T18:44:41Z
2,ML-DSA-65,post-quantum,3,verify,0.0496,0.0,0.0,0.295,1952,4032,0,3309,512,0,0,0.0,0.744,nan,edge/x86_64,unknown,3.12.3,2026-10-09T18:44:41Z
3,ML-DSA-65,post-quantum,3,keygen,0.0531,0.0,0.0,0.295,1952,4032,0,3309,0,0,0,0.0,0.7962,nan,edge/x86_64,unknown,3.12.3,2026-10-09T18:44:41Z
3,ML-DSA-65,post-quantum,3,sign,0.1375,0.0,0.0,0.295,1952,4032,0,3309,512,0,0,0.0,2.0618,nan,edge/x86_64,unknown,3.12.3,2026-10-09T18:44:41Z
3,ML-DSA-65,post-quantum,3,verify,0.0493,0.0,0.0,0.295,1952,4032,0,3309,512,0,0,0.0,0.7401,nan,edge/x86_64,unknown,3.12.3,2026-10-09T18:44:41Z
4,ML-DSA-65,post-quantum,3,keygen,0.053,0.0,0.0,0.295,1952,4032,0,3309,0,0,0,0.0,0.7945,nan,edge/x86_64,unknown,3.12.3,2026-10-09T18:44:41Z
4,ML-DSA-65,post-quantum,3,sign,0.0991,0.0,0.0,0.295,1952,4032,0,3309,512,0,0,0.0,1.487,nan,edge/x86_64,unknown,3.12.3,2026-10-09T18:44:41Z
4,ML-DSA-65,post-quantum,3,verify,0.0484,0.0,0.0,0.295,1952,4032,0,3309,512,0,0,0.0,0.7267,nan,edge/x86_64,unknown,3.12.3,2026-10-09T18:44:41Z
5,ML-DSA-65,post-quantum,3,keygen,0.0524,0.0,0.0,0.295,1952,4032,0,3309,0,0,0,0.0,0.7863,nan,edge/x86_64,unknown,3.12.3,2026-10-09T18:44:41Z
5,ML-DSA-65,post-quantum,3,sign,0.0852,0.0,0.0,0.295,1952,4032,0,3309,512,0,0,0.0,1.2775,nan,edge/x86_64,unknown,3.12.3,2026-10-09T18:44:41Z
5,ML-DSA-65,post-quantum,3,verify,0.0503,0.0,0.0,0.295,1952,4032,0,3309,512,0,0,0.0,0.7549,nan,edge/x86_64,unknown,3.12.3,2026-10-09T18:44:41Z
6,ML-DSA-65,post-quantum,3,keygen,0.0531,0.0,0.0,0.295,1952,4032,0,3309,0,0,0,0.0,0.7959,nan,edge/x86_64,unknown,3.12.3,2026-10-09T18:44:41Z
6,ML-DSA-65,post-quantum,3,sign,0.0892,0.0,0.0,0.295,1952,4032,0,3309,512,0,0,0.0,1.3384,nan,edge/x86_64,unknown,3.12.3,2026-10-09T18:44:41Z
6,ML-DSA-65,post-quantum,3,verify,0.0485,0.0,0.0,0.295,1952,4032,0,3309,512,0,0,0.0,0.7282,nan,edge/x86_64,unknown,3.12.3,2026-10-09T18:44:41Z
7,ML-DSA-65,post-quantum,3,keygen,0.0535,0.0,0.0,0.295,1952,4032,0,3309,0,0,0,0.0,0.8029,nan,edge/x86_64,unknown,3.12.3,2026-10-09T18:44:41Z
7,ML-DSA-65,post-quantum,3,sign,0.1201,0.0,0.0,0.295,1952,4032,0,3309,512,0,0,0.0,1.8022,nan,edge/x86_64,unknown,3.12.3,2026-10-09T18:44:41Z
7,ML-DSA-65,post-quantum,3,verify,0.057,0.0,0.0,0.295,1952,4032,0,3309,512,0,0,0.0,0.8546,nan,edge/x86_64,unknown,3.12.3,2026-10-09T18:44:41Z
8,ML-DSA-65,post-quantum,3,keygen,0.0897,0.0,0.0,0.295,1952,4032,0,3309,0,0,0,0.0,1.3455,nan,edge/x86_64,unknown,3.12.3,2026-10-09T18:44:41Z
8,ML-DSA-65,post-quantum,3,sign,0.1227,0.0,0.0,0.295,1952,4032,0,3309,512,0,0,0.0,1.8401,nan,edge/x86_64,unknown,3.12.3,2026-10-09T18:44:41Z
8,ML-DSA-65,post-quantum,3,verify,0.0505,0.0,0.0,0.295,1952,4032,0,3309,512,0,0,0.0,0.7573,nan,edge/x86_64,unknown,3.12.3,2026-10-09T18:44:41Z
9,ML-DSA-65,post-quantum,3,keygen,0.054,0.0,0.0,0.295,1952,4032,0,3309,0,0,0,0.0,0.8105,nan,edge/x86_64,unknown,3.12.3,2026-10-09T18:44:41Z
9,ML-DSA-65,post-quantum,3,sign,0.1118,0.0,0.0,0.295,1952,4032,0,3309,512,0,0,0.0,1.6764,nan,edge/x86_64,unknown,3.12.3,2026-10-09T18:44:41Z
9,ML-DSA-65,post-quantum,3,verify,0.0499,0.0,0.0,0.295,1952,4032,0,3309,512,0,0,0.0,0.748,nan,edge/x86_64,unknown,3.12.3,2026-10-09T18:44:41Z
10,ML-DSA-65,post-quantum,3,keygen,0.0534,0.0,0.0,0.295,1952,4032,0,3309,0,0,0,0.0,0.8004,nan,edge/x86_64,unknown,3.12.3,2026-10-09T18:44:41Z
10,ML-DSA-65,post-quantum,3,sign,0.1581,0.0,0.0,0.295,1952,4032,0,3309,512,0,0,0.0,2.372,nan,edge/x86_64,unknown,3.12.3,2026-10-09T18:44:41Z
10,ML-DSA-65,post-quantum,3,verify,0.049,0.0,0.0,0.295,1952,4032,0,3309,512,0,0,0.0,0.735,nan,edge/x86_64,unknown,3.12.3,2026-10-09T18:44:41Z
11,ML-DSA-65,post-quantum,3,keygen,0.0524,0.0,0.0,0.295,1952,4032,0,3309,0,0,0,0.0,0.7863,nan,edge/x86_64,unknown,3.12.3,2026-10-09T18:44:41Z
11,ML-DSA-65,post-quantum,3,sign,0.146,0.0,0.0,0.295,1952,4032,0,3309,512,0,0,0.0,2.1904,nan,edge/x86_64,unknown,3.12.3,2026-10-09T18:44:41Z
11,ML-DSA-65,post-quantum,3,verify,0.0595,0.0,0.0,0.295,1952,4032,0,3309,512,0,0,0.0,0.8918,nan,edge/x86_64,unknown,3.12.3,2026-10-09T18:44:41Z
12,ML-DSA-65,post-quantum,3,keygen,0.0541,0.0,0.0,0.295,1952,4032,0,3309,0,0,0,0.0,0.8113,nan,edge/x86_64,unknown,3.12.3,2026-10-09T18:44:41Z
12,ML-DSA-65,post-quantum,3,sign,0.0639,0.0,0.0,0.295,1952,4032,0,3309,512,0,0,0.0,0.9579,nan,edge/x86_64,unknown,3.12.3,2026-10-09T18:44:41Z
12,ML-DSA-65,post-quantum,3,verify,0.0487,0.0,0.0,0.295,1952,4032,0,3309,512,0,0,0.0,0.7301,nan,edge/x86_64,unknown,3.12.3,2026-10-09T18:44:41Z
13,ML-DSA-65,post-quantum,3,keygen,0.0523,0.0,0.0,0.295,1952,4032,0,3309,0,0,0,0.0,0.7846,nan,edge/x86_64,unknown,3.12.3,2026-10-09T18:44:41Z
13,ML-DSA-65,post-quantum,3,sign,0.1491,0.0,0.0,0.295,1952,4032,0,3309,512,0,0,0.0,2.2368,nan,edge/x86_64,unknown,3.12.3,2026-10-09T18:44:41Z
13,ML-DSA-65,post-quantum,3,verify,0.0493,0.0,0.0,0.295,1952,4032,0,3309,512,0,0,0.0,0.7394,nan,edge/x86_64,unknown,3.12.3,2026-10-09T18:44:41Z
14,ML-DSA-65,post-quantum,3,keygen,0.0547,0.0,0.0,0.295,1952,4032,0,3309,0,0,0,0.0,0.8202,nan,edge/x86_64,unknown,3.12.3,2026-10-09T18:44:41Z
14,ML-DSA-65,post-quantum,3,sign,0.0704,0.0,0.0,0.295,1952,4032,0,3309,512,0,0,0.0,1.0554,nan,edge/x86_64,unknown,3.12.3,2026-10-09T18:44:41Z
14,ML-DSA-65,post-quantum,3,verify,0.0492,0.0,0.0,0.295,1952,4032,0,3309,512,0,0,0.0,0.7374,nan,edge/x86_64,unknown,3.12.3,2026-10-09T18:44:41Z
15,ML-DSA-65,post-quantum,3,keygen,0.0519,0.0,0.0,0.295,1952,4032,0,3309,0,0,0,0.0,0.7781,nan,edge/x86_64,unknown,3.12.3,2026-10-09T18:44:41Z
15,ML-DSA-65,post-quantum,3,sign,0.1738,0.0,0.0,0.295,1952,4032,0,3309,512,0,0,0.0,2.6067,nan,edge/x86_64,unknown,3.12.3,2026-10-09T18:44:41Z
15,ML-DSA-65,post-quantum,3,verify,0.0485,0.0,0.0,0.295,1952,4032,0,3309,512,0,0,0.0,0.7282,nan,edge/x86_64,unknown,3.12.3,2026-10-09T18:44:41Z
16,ML-DSA-65,post-quantum,3,keygen,0.0534,0.0,0.0,0.295,1952,4032,0,3309,0,0,0,0.0,0.8017,nan,edge/x86_64,unknown,3.12.3,2026-10-09T18:44:41Z
16,ML-DSA-65,post-quantum,3,sign,0.2017,0.0,0.0,0.295,1952,4032,0,3309,512,0,0,0.0,3.0261,nan,edge/x86_64,unknown,3.12.3,2026-10-09T18:44:41Z
16,ML-DSA-65,post-quantum,3,verify,0.0892,0.0,0.0,0.295,1952,4032,0,3309,512,0,0,0.0,1.3385,nan,edge/x86_64,unknown,3.12.3,2026-10-09T18:44:41Z
17,ML-DSA-65,post-quantum,3,keygen,0.0945,0.0,0.0,0.295,1952,4032,0,3309,0,0,0,0.0,1.4172,nan,edge/x86_64,unknown,3.12.3,2026-10-09T18:44:41Z
17,ML-DSA-65,post-quantum,3,sign,0.0999,0.0,0.0,0.295,1952,4032,0,3309,512,0,0,0.0,1.4988,nan,edge/x86_64,unknown,3.12.3,2026-10-09T18:44:41Z
17,ML-DSA-65,post-quantum,3,verify,0.0534,0.0,0.0,0.295,1952,4032,0,3309,512,0,0,0.0,0.8017,nan,edge/x86_64,unknown,3.12.3,2026-10-09T18:44:41Z
18,ML-DSA-65,post-quantum,3,keygen,0.0543,0.0,0.0,0.295,1952,4032,0,3309,0,0,0,0.0,0.815,nan,edge/x86_64,unknown,3.12.3,2026-10-09T18:44:41Z
18,ML-DSA-65,post-quantum,3,sign,0.3292,0.0,0.0,0.295,1952,4032,0,3309,512,0,0,0.0,4.9383,nan,edge/x86_64,unknown,3.12.3,2026-10-09T18:44:41Z
18,ML-DSA-65,post-quantum,3,verify,0.0497,0.0,0.0,0.295,1952,4032,0,3309,512,0,0,0.0,0.745,nan,edge/x86_64,unknown,3.12.3,2026-10-09T18:44:41Z
19,ML-DSA-65,post-quantum,3,keygen,0.0543,0.0,0.0,0.295,1952,4032,0,3309,0,0,0,0.0,0.8138,nan,edge/x86_64,unknown,3.12.3,2026-10-09T18:44:41Z
19,ML-DSA-65,post-quantum,3,sign,0.1205,0.0,0.0,0.295,1952,4032,0,3309,512,0,0,0.0,1.8073,nan,edge/x86_64,unknown,3.12.3,2026-10-09T18:44:41Z
19,ML-DSA-65,post-quantum,3,verify,0.0491,0.0,0.0,0.295,1952,4032,0,3309,512,0,0,0.0,0.7371,nan,edge/x86_64,unknown,3.12.3,2026-10-09T18:44:41Z
20,ML-DSA-65,post-quantum,3,keygen,0.0534,0.0,0.0,0.295,1952,4032,0,3309,0,0,0,0.0,0.8008,nan,edge/x86_64,unknown,3.12.3,2026-10-09T18:44:41Z
20,ML-DSA-65,post-quantum,3,sign,0.0889,0.0,0.0,0.295,1952,4032,0,3309,512,0,0,0.0,1.3338,nan,edge/x86_64,unknown,3.12.3,2026-10-09T18:44:41Z
20,ML-DSA-65,post-quantum,3,verify,0.0494,0.0,0.0,0.295,1952,4032,0,3309,512,0,0,0.0,0.7406,nan,edge/x86_64,unknown,3.12.3,2026-10-09T18:44:41Z
21,ML-DSA-65,post-quantum,3,keygen,0.0537,0.0,0.0,0.295,1952,4032,0,3309,0,0,0,0.0,0.8054,nan,edge/x86_64,unknown,3.12.3,2026-10-09T18:44:41Z
21,ML-DSA-65,post-quantum,3,sign,0.0908,0.0,0.0,0.295,1952,4032,0,3309,512,0,0,0.0,1.3627,nan,edge/x86_64,unknown,3.12.3,2026-10-09T18:44:41Z
21,ML-DSA-65,post-quantum,3,verify,0.0487,0.0,0.0,0.295,1952,4032,0,3309,512,0,0,0.0,0.7307,nan,edge/x86_64,unknown,3.12.3,2026-10-09T18:44:41Z
22,ML-DSA-65,post-quantum,3,keygen,0.0523,0.0,0.0,0.295,1952,4032,0,3309,0,0,0,0.0,0.7841,nan,edge/x86_64,unknown,3.12.3,2026-10-09T18:44:41Z
22,ML-DSA-65,post-quantum,3,sign,0.0968,0.0,0.0,0.295,1952,4032,0,3309,512,0,0,0.0,1.4524,nan,edge/x86_64,unknown,3.12.3,2026-10-09T18:44:41Z
22,ML-DSA-65,post-quantum,3,verify,0.0486,0.0,0.0,0.295,1952,4032,0,3309,512,0,0,0.0,0.7287,nan,edge/x86_64,unknown,3.12.3,2026-10-09T18:44:41Z
23,ML-DSA-65,post-quantum,3,keygen,0.0531,0.0,0.0,0.295,1952,4032,0,3309,0,0,0,0.0,0.7958,nan,edge/x86_64,unknown,3.12.3,2026-10-09T18:44:41Z
23,ML-DSA-65,post-quantum,3,sign,0.1211,0.0,0.0,0.295,1952,4032,0,3309,512,0,0,0.0,1.8158,nan,edge/x86_64,unknown,3.12.3,2026-10-09T18:44:41Z
23,ML-DSA-65,post-quantum,3,verify,0.0549,0.0,0.0,0.295,1952,4032,0,3309,512,0,0,0.0,0.8229,nan,edge/x86_64,unknown,3.12.3,2026-10-09T18:44:41Z
24,ML-DSA-65,post-quantum,3,keygen,0.0565,0.0,0.0,0.295,1952,4032,0,3309,0,0,0,0.0,0.8479,nan,edge/x86_64,unknown,3.12.3,2026-10-09T18:44:41Z
24,ML-DSA-65,post-quantum,3,sign,0.0642,0.0,0.0,0.295,1952,4032,0,3309,512,0,0,0.0,0.9628,nan,edge/x86_64,unknown,3.12.3,2026-10-09T18:44:41Z
24,ML-DSA-65,post-quantum,3,verify,0.0491,0.0,0.0,0.295,1952,4032,0,3309,512,0,0,0.0,0.7365,nan,edge/x86_64,unknown,3.12.3,2026-10-09T18:44:41Z
25,ML-DSA-65,post-quantum,3,keygen,0.1168,0.0,0.0,0.295,1952,4032,0,3309,0,0,0,0.0,1.752,nan,edge/x86_64,unknown,3.12.3,2026-10-09T18:44:41Z
25,ML-DSA-65,post-quantum,3,sign,0.276,0.0,0.0,0.295,1952,4032,0,3309,512,0,0,0.0,4.1397,nan,edge/x86_64,unknown,3.12.3,2026-10-09T18:44:41Z
25,ML-DSA-65,post-quantum,3,verify,0.1239,0.0,0.0,0.295,1952,4032,0,3309,512,0,0,0.0,1.8592,nan,edge/x86_64,unknown,3.12.3,2026-10-09T18:44:41Z
26,ML-DSA-65,post-quantum,3,keygen,0.1005,0.0,0.0,0.295,1952,4032,0,3309,0,0,0,0.0,1.5082,nan,edge/x86_64,unknown,3.12.3,2026-10-09T18:44:41Z
26,ML-DSA-65,post-quantum,3,sign,0.1148,0.0,0.0,0.295,1952,4032,0,3309,512,0,0,0.0,1.7227,nan,edge/x86_64,unknown,3.12.3,2026-10-09T18:44:41Z
26,ML-DSA-65,post-quantum,3,verify,0.0507,0.0,0.0,0.295,1952,4032,0,3309,512,0,0,0.0,0.7599,nan,edge/x86_64,unknown,3.12.3,2026-10-09T18:44:41Z
27,ML-DSA-65,post-quantum,3,keygen,0.0537,0.0,0.0,0.295,1952,4032,0,3309,0,0,0,0.0,0.8057,nan,edge/x86_64,unknown,3.12.3,2026-10-09T18:44:41Z
27,ML-DSA-65,post-quantum,3,sign,0.1251,0.0,0.0,0.295,1952,4032,0,3309,512,0,0,0.0,1.8767,nan,edge/x86_64,unknown,3.12.3,2026-10-09T18:44:41Z
27,ML-DSA-65,post-quantum,3,verify,0.0681,0.0,0.0,0.295,1952,4032,0,3309,512,0,0,0.0,1.0218,nan,edge/x86_64,unknown,3.12.3,2026-10-09T18:44:41Z
28,ML-DSA-65,post-quantum,3,keygen,0.0588,0.0,0.0,0.295,1952,4032,0,3309,0,0,0,0.0,0.8814,nan,edge/x86_64,unknown,3.12.3,2026-10-09T18:44:41Z
28,ML-DSA-65,post-quantum,3,sign,0.091,0.0,0.0,0.295,1952,4032,0,3309,512,0,0,0.0,1.3657,nan,edge/x86_64,unknown,3.12.3,2026-10-09T18:44:41Z
28,ML-DSA-65,post-quantum,3,verify,0.0494,0.0,0.0,0.295,1952,4032,0,3309,512,0,0,0.0,0.7412,nan,edge/x86_64,unknown,3.12.3,2026-10-09T18:44:41Z
29,ML-DSA-65,post-quantum,3,keygen,0.0525,0.0,0.0,0.295,1952,4032,0,3309,0,0,0,0.0,0.7877,nan,edge/x86_64,unknown,3.12.3,2026-10-09T18:44:41Z
29,ML-DSA-65,post-quantum,3,sign,0.1278,0.0,0.0,0.295,1952,4032,0,3309,512,0,0,0.0,1.9168,nan,edge/x86_64,unknown,3.12.3,2026-10-09T18:44:41Z
29,ML-DSA-65,post-quantum,3,verify,0.0508,0.0,0.0,0.295,1952,4032,0,3309,512,0,0,0.0,0.7613,nan,edge/x86_64,unknown,3.12.3,2026-10-09T18:44:41Z
30,ML-DSA-65,post-quantum,3,keygen,0.0583,0.0,0.0,0.295,1952,4032,0,3309,0,0,0,0.0,0.8739,nan,edge/x86_64,unknown,3.12.3,2026-10-09T18:44:41Z
30,ML-DSA-65,post-quantum,3,sign,0.1187,0.0,0.0,0.295,1952,4032,0,3309,512,0,0,0.0,1.7805,nan,edge/x86_64,unknown,3.12.3,2026-10-09T18:44:41Z
30,ML-DSA-65,post-quantum,3,verify,0.0533,0.0,0.0,0.295,1952,4032,0,3309,512,0,0,0.0,0.8,nan,edge/x86_64,unknown,3.12.3,2026-10-09T18:44:41Z
31,ML-DSA-65,post-quantum,3,keygen,0.0637,0.0,0.0,0.295,1952,4032,0,3309,0,0,0,0.0,0.955,nan,edge/x86_64,unknown,3.12.3,2026-10-09T18:44:41Z
31,ML-DSA-65,post-quantum,3,sign,0.0757,0.0,0.0,0.295,1952,4032,0,3309,512,0,0,0.0,1.135,nan,edge/x86_64,unknown,3.12.3,2026-10-09T18:44:41Z
31,ML-DSA-65,post-quantum,3,verify,0.0713,0.0,0.0,0.295,1952,4032,0,3309,512,0,0,0.0,1.0697,nan,edge/x86_64,unknown,3.12.3,2026-10-09T18:44:41Z
32,ML-DSA-65,post-quantum,3,keygen,0.0544,0.0,0.0,0.295,1952,4032,0,3309,0,0,0,0.0,0.8157,nan,edge/x86_64,unknown,3.12.3,2026-10-09T18:44:41Z
32,ML-DSA-65,post-quantum,3,sign,0.0845,0.0,0.0,0.295,1952,4032,0,3309,512,0,0,0.0,1.2668,nan,edge/x86_64,unknown,3.12.3,2026-10-09T18:44:41Z
32,ML-DSA-65,post-quantum,3,verify,0.0486,0.0,0.0,0.295,1952,4032,0,3309,512,0,0,0.0,0.7293,nan,edge/x86_64,unknown,3.12.3,2026-10-09T18:44:41Z
33,ML-DSA-65,post-quantum,3,keygen,0.0523,0.0,0.0,0.295,1952,4032,0,3309,0,0,0,0.0,0.7845,nan,edge/x86_64,unknown,3.12.3,2026-10-09T18:44:41Z
33,ML-DSA-65,post-quantum,3,sign,0.0632,0.0,0.0,0.295,1952,4032,0,3309,512,0,0,0.0,0.9474,nan,edge/x86_64,unknown,3.12.3,2026-10-09T18:44:41Z
33,ML-DSA-65,post-quantum,3,verify,0.049,0.0,0.0,0.295,1952,4032,0,3309,512,0,0,0.0,0.7356,nan,edge/x86_64,unknown,3.12.3,2026-10-09T18:44:41Z
34,ML-DSA-65,post-quantum,3,keygen,0.0522,0.0,0.0,0.295,1952,4032,0,3309,0,0,0,0.0,0.783,nan,edge/x86_64,unknown,3.12.3,2026-10-09T18:44:41Z
34,ML-DSA-65,post-quantum,3,sign,0.2675,0.0,0.0,0.295,1952,4032,0,3309,512,0,0,0.0,4.0129,nan,edge/x86_64,unknown,3.12.3,2026-10-09T18:44:41Z
34,ML-DSA-65,post-quantum,3,verify,0.1179,0.0,0.0,0.295,1952,4032,0,3309,512,0,0,0.0,1.7682,nan,edge/x86_64,unknown,3.12.3,2026-10-09T18:44:41Z
35,ML-DSA-65,post-quantum,3,keygen,0.1442,0.0,0.0,0.295,1952,4032,0,3309,0,0,0,0.0,2.1636,nan,edge/x86_64,unknown,3.12.3,2026-10-09T18:44:41Z
35,ML-DSA-65,post-quantum,3,sign,0.2821,0.0,0.0,0.295,1952,4032,0,3309,512,0,0,0.0,4.231,nan,edge/x86_64,unknown,3.12.3,2026-10-09T18:44:41Z
35,ML-DSA-65,post-quantum,3,verify,0.0945,0.0,0.0,0.295,1952,4032,0,3309,512,0,0,0.0,1.417,nan,edge/x86_64,unknown,3.12.3,2026-10-09T18:44:41Z
36,ML-DSA-65,post-quantum,3,keygen,0.0938,0.0,0.0,0.295,1952,4032,0,3309,0,0,0,0.0,1.407,nan,edge/x86_64,unknown,3.12.3,2026-10-09T18:44:41Z
36,ML-DSA-65,post-quantum,3,sign,0.1522,0.0,0.0,0.295,1952,4032,0,3309,512,0,0,0.0,2.2824,nan,edge/x86_64,unknown,3.12.3,2026-10-09T18:44:41Z
36,ML-DSA-65,post-quantum,3,verify,0.0872,0.0,0.0,0.295,1952,4032,0,3309,512,0,0,0.0,1.3085,nan,edge/x86_64,unknown,3.12.3,2026-10-09T18:44:41Z
37,ML-DSA-65,post-quantum,3,keygen,0.0956,0.0,0.0,0.295,1952,4032,0,3309,0,0,0,0.0,1.4343,nan,edge/x86_64,unknown,3.12.3,2026-10-09T18:44:41Z
37,ML-DSA-65,post-quantum,3,sign,0.1974,0.0,0.0,0.295,1952,4032,0,3309,512,0,0,0.0,2.9613,nan,edge/x86_64,unknown,3.12.3,2026-10-09T18:44:41Z
37,ML-DSA-65,post-quantum,3,verify,0.158,0.0,0.0,0.295,1952,4032,0,3309,512,0,0,0.0,2.3698,nan,edge/x86_64,unknown,3.12.3,2026-10-09T18:44:41Z
38,ML-DSA-65,post-quantum,3,keygen,0.1016,0.0,0.0,0.295,1952,4032,0,3309,0,0,0,0.0,1.5234,nan,edge/x86_64,unknown,3.12.3,2026-10-09T18:44:41Z
38,ML-DSA-65,post-quantum,3,sign,0.1942,0.0,0.0,0.295,1952,4032,0,3309,512,0,0,0.0,2.9137,nan,edge/x86_64,unknown,3.12.3,2026-10-09T18:44:41Z
38,ML-DSA-65,post-quantum,3,verify,0.0869,0.0,0.0,0.295,1952,4032,0,3309,512,0,0,0.0,1.304,nan,edge/x86_64,unknown,3.12.3,2026-10-09T18:44:41Z
39,ML-DSA-65,post-quantum,3,keygen,0.0947,0.0,0.0,0.295,1952,4032,0,3309,0,0,0,0.0,1.4207,nan,edge/x86_64,unknown,3.12.3,2026-10-09T18:44:41Z
39,ML-DSA-65,post-quantum,3,sign,0.1486,0.0,0.0,0.295,1952,4032,0,3309,512,0,0,0.0,2.2291,nan,edge/x86_64,unknown,3.12.3,2026-10-09T18:44:41Z
39,ML-DSA-65,post-quantum,3,verify,0.1049,0.0,0.0,0.295,1952,4032,0,3309,512,0,0,0.0,1.5728,nan,edge/x86_64,unknown,3.12.3,2026-10-09T18:44:41Z
40,ML-DSA-65,post-quantum,3,keygen,0.0922,0.0,0.0,0.295,1952,4032,0,3309,0,0,0,0.0,1.3835,nan,edge/x86_64,unknown,3.12.3,2026-10-09T18:44:41Z
40,ML-DSA-65,post-quantum,3,sign,0.1827,0.0,0.0,0.295,1952,4032,0,3309,512,0,0,0.0,2.7399,nan,edge/x86_64,unknown,3.12.3,2026-10-09T18:44:41Z
40,ML-DSA-65,post-quantum,3,verify,0.0829,0.0,0.0,0.295,1952,4032,0,3309,512,0,0,0.0,1.2438,nan,edge/x86_64,unknown,3.12.3,2026-10-09T18:44:41Z
41,ML-DSA-65,post-quantum,3,keygen,0.091,0.0,0.0,0.295,1952,4032,0,3309,0,0,0,0.0,1.3646,nan,edge/x86_64,unknown,3.12.3,2026-10-09T18:44:41Z
41,ML-DSA-65,post-quantum,3,sign,0.2017,0.0,0.0,0.295,1952,4032,0,3309,512,0,0,0.0,3.0258,nan,edge/x86_64,unknown,3.12.3,2026-10-09T18:44:41Z
41,ML-DSA-65,post-quantum,3,verify,0.0935,0.0,0.0,0.295,1952,4032,0,3309,512,0,0,0.0,1.4021,nan,edge/x86_64,unknown,3.12.3,2026-10-09T18:44:41Z
42,ML-DSA-65,post-quantum,3,keygen,0.0961,0.0,0.0,0.295,1952,4032,0,3309,0,0,0,0.0,1.4411,nan,edge/x86_64,unknown,3.12.3,2026-10-09T18:44:41Z
42,ML-DSA-65,post-quantum,3,sign,0.4244,0.0,0.0,0.295,1952,4032,0,3309,512,0,0,0.0,6.3653,nan,edge/x86_64,unknown,3.12.3,2026-10-09T18:44:41Z
42,ML-DSA-65,post-quantum,3,verify,0.0919,0.0,0.0,0.295,1952,4032,0,3309,512,0,0,0.0,1.3778,nan,edge/x86_64,unknown,3.12.3,2026-10-09T18:44:41Z
43,ML-DSA-65,post-quantum,3,keygen,0.0972,0.0,0.0,0.295,1952,4032,0,3309,0,0,0,0.0,1.4573,nan,edge/x86_64,unknown,3.12.3,2026-10-09T18:44:41Z
43,ML-DSA-65,post-quantum,3,sign,0.1644,0.0,0.0,0.295,1952,4032,0,3309,512,0,0,0.0,2.4656,nan,edge/x86_64,unknown,3.12.3,2026-10-09T18:44:41Z
43,ML-DSA-65,post-quantum,3,verify,0.0827,0.0,0.0,0.295,1952,4032,0,3309,512,0,0,0.0,1.2403,nan,edge/x86_64,unknown,3.12.3,2026-10-09T18:44:41Z
44,ML-DSA-65,post-quantum,3,keygen,0.1139,0.0,0.0,0.295,1952,4032,0,3309,0,0,0,0.0,1.7088,nan,edge/x86_64,unknown,3.12.3,2026-10-09T18:44:41Z
44,ML-DSA-65,post-quantum,3,sign,0.2134,0.0,0.0,0.295,1952,4032,0,3309,512,0,0,0.0,3.201,nan,edge/x86_64,unknown,3.12.3,2026-10-09T18:44:41Z
44,ML-DSA-65,post-quantum,3,verify,0.0827,0.0,0.0,0.295,1952,4032,0,3309,512,0,0,0.0,1.2411,nan,edge/x86_64,unknown,3.12.3,2026-10-09T18:44:41Z
45,ML-DSA-65,post-quantum,3,keygen,0.0884,0.0,0.0,0.295,1952,4032,0,3309,0,0,0,0.0,1.3258,nan,edge/x86_64,unknown,3.12.3,2026-10-09T18:44:41Z
45,ML-DSA-65,post-quantum,3,sign,0.1307,0.0,0.0,0.295,1952,4032,0,3309,512,0,0,0.0,1.9603,nan,edge/x86_64,unknown,3.12.3,2026-10-09T18:44:41Z
45,ML-DSA-65,post-quantum,3,verify,0.0833,0.0,0.0,0.295,1952,4032,0,3309,512,0,0,0.0,1.25,nan,edge/x86_64,unknown,3.12.3,2026-10-09T18:44:41Z
46,ML-DSA-65,post-quantum,3,keygen,0.0891,0.0,0.0,0.295,1952,4032,0,3309,0,0,0,0.0,1.3364,nan,edge/x86_64,unknown,3.12.3,2026-10-09T18:44:41Z
46,ML-DSA-65,post-quantum,3,sign,0.2475,0.0,0.0,0.295,1952,4032,0,3309,512,0,0,0.0,3.7125,nan,edge/x86_64,unknown,3.12.3,2026-10-09T18:44:41Z
46,ML-DSA-65,post-quantum,3,verify,0.0971,0.0,0.0,0.295,1952,4032,0,3309,512,0,0,0.0,1.4572,nan,edge/x86_64,unknown,3.12.3,2026-10-09T18:44:41Z
47,ML-DSA-65,post-quantum,3,keygen,0.1601,0.0,0.0,0.295,1952,4032,0,3309,0,0,0,0.0,2.4012,nan,edge/x86_64,unknown,3.12.3,2026-10-09T18:44:41Z
47,ML-DSA-65,post-quantum,3,sign,0.3224,0.0,0.0,0.295,1952,4032,0,3309,512,0,0,0.0,4.836,nan,edge/x86_64,unknown,3.12.3,2026-10-09T18:44:41Z
47,ML-DSA-65,post-quantum,3,verify,0.0963,0.0,0.0,0.295,1952,4032,0,3309,512,0,0,0.0,1.4442,nan,edge/x86_64,unknown,3.12.3,2026-10-09T18:44:41Z
48,ML-DSA-65,post-quantum,3,keygen,0.1,0.0,0.0,0.295,1952,4032,0,3309,0,0,0,0.0,1.5003,nan,edge/x86_64,unknown,3.12.3,2026-10-09T18:44:41Z
48,ML-DSA-65,post-quantum,3,sign,0.1334,0.0,0.0,0.295,1952,4032,0,3309,512,0,0,0.0,2.0016,nan,edge/x86_64,unknown,3.12.3,2026-10-09T18:44:41Z
48,ML-DSA-65,post-quantum,3,verify,0.0857,0.0,0.0,0.295,1952,4032,0,3309,512,0,0,0.0,1.2854,nan,edge/x86_64,unknown,3.12.3,2026-10-09T18:44:41Z
49,ML-DSA-65,post-quantum,3,keygen,0.0928,0.0,0.0,0.295,1952,4032,0,3309,0,0,0,0.0,1.3913,nan,edge/x86_64,unknown,3.12.3,2026-10-09T18:44:41Z
49,ML-DSA-65,post-quantum,3,sign,0.2206,0.0,0.0,0.295,1952,4032,0,3309,512,0,0,0.0,3.3092,nan,edge/x86_64,unknown,3.12.3,2026-10-09T18:44:41Z
49,ML-DSA-65,post-quantum,3,verify,0.0811,0.0,0.0,0.295,1952,4032,0,3309,512,0,0,0.0,1.2163,nan,edge/x86_64,unknown,3.12.3,2026-10-09T18:44:41Z
50,ML-DSA-65,post-quantum,3,keygen,0.0866,0.0,0.0,0.295,1952,4032,0,3309,0,0,0,0.0,1.2988,nan,edge/x86_64,unknown,3.12.3,2026-10-09T18:44:41Z
50,ML-DSA-65,post-quantum,3,sign,0.1081,0.0,0.0,0.295,1952,4032,0,3309,512,0,0,0.0,1.6221,nan,edge/x86_64,unknown,3.12.3,2026-10-09T18:44:41Z
50,ML-DSA-65,post-quantum,3,verify,0.0821,0.0,0.0,0.295,1952,4032,0,3309,512,0,0,0.0,1.2311,nan,edge/x86_64,unknown,3.12.3,2026-10-09T18:44:41Z
51,ML-DSA-65,post-quantum,3,keygen,0.088,0.0,0.0,0.295,1952,4032,0,3309,0,0,0,0.0,1.3201,nan,edge/x86_64,unknown,3.12.3,2026-10-09T18:44:41Z
51,ML-DSA-65,post-quantum,3,sign,0.1245,0.0,0.0,0.295,1952,4032,0,3309,512,0,0,0.0,1.8669,nan,edge/x86_64,unknown,3.12.3,2026-10-09T18:44:41Z
51,ML-DSA-65,post-quantum,3,verify,0.0836,0.0,0.0,0.295,1952,4032,0,3309,512,0,0,0.0,1.2534,nan,edge/x86_64,unknown,3.12.3,2026-10-09T18:44:41Z
52,ML-DSA-65,post-quantum,3,keygen,0.0887,0.0,0.0,0.295,1952,4032,0,3309,0,0,0,0.0,1.3309,nan,edge/x86_64,unknown,3.12.3,2026-10-09T18:44:41Z
52,ML-DSA-65,post-quantum,3,sign,0.3905,0.0,0.0,0.295,1952,4032,0,3309,512,0,0,0.0,5.8574,nan,edge/x86_64,unknown,3.12.3,2026-10-09T18:44:41Z
52,ML-DSA-65,post-quantum,3,verify,0.1019,0.0,0.0,0.295,1952,4032,0,3309,512,0,0,0.0,1.528,nan,edge/x86_64,unknown,3.12.3,2026-10-09T18:44:41Z
53,ML-DSA-65,post-quantum,3,keygen,0.1052,0.0,0.0,0.295,1952,4032,0,3309,0,0,0,0.0,1.5781,nan,edge/x86_64,unknown,3.12.3,2026-10-09T18:44:41Z
53,ML-DSA-65,post-quantum,3,sign,0.1401,0.0,0.0,0.295,1952,4032,0,3309,512,0,0,0.0,2.1021,nan,edge/x86_64,unknown,3.12.3,2026-10-09T18:44:41Z
53,ML-DSA-65,post-quantum,3,verify,0.0871,0.0,0.0,0.295,1952,4032,0,3309,512,0,0,0.0,1.3068,nan,edge/x86_64,unknown,3.12.3,2026-10-09T18:44:41Z
54,ML-DSA-65,post-quantum,3,keygen,0.0931,0.0,0.0,0.295,1952,4032,0,3309,0,0,0,0.0,1.3963,nan,edge/x86_64,unknown,3.12.3,2026-10-09T18:44:41Z
54,ML-DSA-65,post-quantum,3,sign,0.1146,0.0,0.0,0.295,1952,4032,0,3309,512,0,0,0.0,1.7193,nan,edge/x86_64,unknown,3.12.3,2026-10-09T18:44:41Z
54,ML-DSA-65,post-quantum,3,verify,0.0886,0.0,0.0,0.295,1952,4032,0,3309,512,0,0,0.0,1.3294,nan,edge/x86_64,unknown,3.12.3,2026-10-09T18:44:41Z
55,ML-DSA-65,post-quantum,3,keygen,0.0918,0.0,0.0,0.295,1952,4032,0,3309,0,0,0,0.0,1.3763,nan,edge/x86_64,unknown,3.12.3,2026-10-09T18:44:41Z
55,ML-DSA-65,post-quantum,3,sign,0.3004,0.0,0.0,0.295,1952,4032,0,3309,512,0,0,0.0,4.5064,nan,edge/x86_64,unknown,3.12.3,2026-10-09T18:44:41Z
55,ML-DSA-65,post-quantum,3,verify,0.0908,0.0,0.0,0.295,1952,4032,0,3309,512,0,0,0.0,1.3615,nan,edge/x86_64,unknown,3.12.3,2026-10-09T18:44:41Z
56,ML-DSA-65,post-quantum,3,keygen,0.1149,0.0,0.0,0.295,1952,4032,0,3309,0,0,0,0.0,1.7232,nan,edge/x86_64,unknown,3.12.3,2026-10-09T18:44:41Z
56,ML-DSA-65,post-quantum,3,sign,0.3334,0.0,0.0,0.295,1952,4032,0,3309,512,0,0,0.0,5.0007,nan,edge/x86_64,unknown,3.12.3,2026-10-09T18:44:41Z
56,ML-DSA-65,post-quantum,3,verify,0.0896,0.0,0.0,0.295,1952,4032,0,3309,512,0,0,0.0,1.3445,nan,edge/x86_64,unknown,3.12.3,2026-10-09T18:44:41Z
57,ML-DSA-65,post-quantum,3,keygen,0.0995,0.0,0.0,0.295,1952,4032,0,3309,0,0,0,0.0,1.4923,nan,edge/x86_64,unknown,3.12.3,2026-10-09T18:44:41Z
57,ML-DSA-65,post-quantum,3,sign,0.1943,0.0,0.0,0.295,1952,4032,0,3309,512,0,0,0.0,2.9146,nan,edge/x86_64,unknown,3.12.3,2026-10-09T18:44:41Z
57,ML-DSA-65,post-quantum,3,verify,0.0892,0.0,0.0,0.295,1952,4032,0,3309,512,0,0,0.0,1.3373,nan,edge/x86_64,unknown,3.12.3,2026-10-09T18:44:41Z
58,ML-DSA-65,post-quantum,3,keygen,0.1155,0.0,0.0,0.295,1952,4032,0,3309,0,0,0,0.0,1.7327,nan,edge/x86_64,unknown,3.12.3,2026-10-09T18:44:41Z
58,ML-DSA-65,post-quantum,3,sign,0.114,0.0,0.0,0.295,1952,4032,0,3309,512,0,0,0.0,1.7099,nan,edge/x86_64,unknown,3.12.3,2026-10-09T18:44:41Z
58,ML-DSA-65,post-quantum,3,verify,0.1032,0.0,0.0,0.295,1952,4032,0,3309,512,0,0,0.0,1.5482,nan,edge/x86_64,unknown,3.12.3,2026-10-09T18:44:41Z
59,ML-DSA-65,post-quantum,3,keygen,0.09,0.0,0.0,0.295,1952,4032,0,3309,0,0,0,0.0,1.3497,nan,edge/x86_64,unknown,3.12.3,2026-10-09T18:44:41Z
59,ML-DSA-65,post-quantum,3,sign,0.13,0.0,0.0,0.295,1952,4032,0,3309,512,0,0,0.0,1.9493,nan,edge/x86_64,unknown,3.12.3,2026-10-09T18:44:41Z
59,ML-DSA-65,post-quantum,3,verify,0.0904,0.0,0.0,0.295,1952,4032,0,3309,512,0,0,0.0,1.356,nan,edge/x86_64,unknown,3.12.3,2026-10-09T18:44:41Z
60,ML-DSA-65,post-quantum,3,keygen,0.0916,0.0,0.0,0.295,1952,4032,0,3309,0,0,0,0.0,1.3742,nan,edge/x86_64,unknown,3.12.3,2026-10-09T18:44:41Z
60,ML-DSA-65,post-quantum,3,sign,0.1872,0.0,0.0,0.295,1952,4032,0,3309,512,0,0,0.0,2.8081,nan,edge/x86_64,unknown,3.12.3,2026-10-09T18:44:41Z
60,ML-DSA-65,post-quantum,3,verify,0.0958,0.0,0.0,0.295,1952,4032,0,3309,512,0,0,0.0,1.4373,nan,edge/x86_64,unknown,3.12.3,2026-10-09T18:44:41Z
61,ML-DSA-65,post-quantum,3,keygen,0.091,0.0,0.0,0.295,1952,4032,0,3309,0,0,0,0.0,1.3656,nan,edge/x86_64,unknown,3.12.3,2026-10-09T18:44:41Z
61,ML-DSA-65,post-quantum,3,sign,0.1624,0.0,0.0,0.295,1952,4032,0,3309,512,0,0,0.0,2.4353,nan,edge/x86_64,unknown,3.12.3,2026-10-09T18:44:41Z
61,ML-DSA-65,post-quantum,3,verify,0.1262,0.0,0.0,0.295,1952,4032,0,3309,512,0,0,0.0,1.8924,nan,edge/x86_64,unknown,3.12.3,2026-10-09T18:44:41Z
62,ML-DSA-65,post-quantum,3,keygen,0.0985,0.0,0.0,0.295,1952,4032,0,3309,0,0,0,0.0,1.4781,nan,edge/x86_64,unknown,3.12.3,2026-10-09T18:44:41Z
62,ML-DSA-65,post-quantum,3,sign,0.1459,0.0,0.0,0.295,1952,4032,0,3309,512,0,0,0.0,2.1883,nan,edge/x86_64,unknown,3.12.3,2026-10-09T18:44:41Z
62,ML-DSA-65,post-quantum,3,verify,0.0856,0.0,0.0,0.295,1952,4032,0,3309,512,0,0,0.0,1.2834,nan,edge/x86_64,unknown,3.12.3,2026-10-09T18:44:41Z
63,ML-DSA-65,post-quantum,3,keygen,0.094,0.0,0.0,0.295,1952,4032,0,3309,0,0,0,0.0,1.4097,nan,edge/x86_64,unknown,3.12.3,2026-10-09T18:44:41Z
63,ML-DSA-65,post-quantum,3,sign,0.2256,0.0,0.0,0.295,1952,4032,0,3309,512,0,0,0.0,3.384,nan,edge/x86_64,unknown,3.12.3,2026-10-09T18:44:41Z
63,ML-DSA-65,post-quantum,3,verify,0.0875,0.0,0.0,0.295,1952,4032,0,3309,512,0,0,0.0,1.3127,nan,edge/x86_64,unknown,3.12.3,2026-10-09T18:44:41Z
64,ML-DSA-65,post-quantum,3,keygen,0.092,0.0,0.0,0.295,1952,4032,0,3309,0,0,0,0.0,1.38,nan,edge/x86_64,unknown,3.12.3,2026-10-09T18:44:41Z
64,ML-DSA-65,post-quantum,3,sign,0.2468,0.0,0.0,0.295,1952,4032,0,3309,512,0,0,0.0,3.7025,nan,edge/x86_64,unknown,3.12.3,2026-10-09T18:44:41Z
64,ML-DSA-65,post-quantum,3,verify,0.0864,0.0,0.0,0.295,1952,4032,0,3309,512,0,0,0.0,1.2963,nan,edge/x86_64,unknown,3.12.3,2026-10-09T18:44:41Z
65,ML-DSA-65,post-quantum,3,keygen,0.0963,0.0,0.0,0.295,1952,4032,0,3309,0,0,0,0.0,1.4438,nan,edge/x86_64,unknown,3.12.3,2026-10-09T18:44:41Z
65,ML-DSA-65,post-quantum,3,sign,0.1553,0.0,0.0,0.295,1952,4032,0,3309,512,0,0,0.0,2.329,nan,edge/x86_64,unknown,3.12.3,2026-10-09T18:44:41Z
65,ML-DSA-65,post-quantum,3,verify,0.109,0.0,0.0,0.295,1952,4032,0,3309,512,0,0,0.0,1.6345,nan,edge/x86_64,unknown,3.12.3,2026-10-09T18:44:41Z
66,ML-DSA-65,post-quantum,3,keygen,0.0923,0.0,0.0,0.295,1952,4032,0,3309,0,0,0,0.0,1.3841,nan,edge/x86_64,unknown,3.12.3,2026-10-09T18:44:41Z
66,ML-DSA-65,post-quantum,3,sign,0.1711,0.0,0.0,0.295,1952,4032,0,3309,512,0,0,0.0,2.5663,nan,edge/x86_64,unknown,3.12.3,2026-10-09T18:44:41Z
66,ML-DSA-65,post-quantum,3,verify,0.1151,0.0,0.0,0.295,1952,4032,0,3309,512,0,0,0.0,1.726,nan,edge/x86_64,unknown,3.12.3,2026-10-09T18:44:41Z
67,ML-DSA-65,post-quantum,3,keygen,0.0992,0.0,0.0,0.295,1952,4032,0,3309,0,0,0,0.0,1.4876,nan,edge/x86_64,unknown,3.12.3,2026-10-09T18:44:41Z
67,ML-DSA-65,post-quantum,3,sign,0.1282,0.0,0.0,0.295,1952,4032,0,3309,512,0,0,0.0,1.9226,nan,edge/x86_64,unknown,3.12.3,2026-10-09T18:44:41Z
67,ML-DSA-65,post-quantum,3,verify,0.0869,0.0,0.0,0.295,1952,4032,0,3309,512,0,0,0.0,1.3036,nan,edge/x86_64,unknown,3.12.3,2026-10-09T18:44:41Z
68,ML-DSA-65,post-quantum,3,keygen,0.1088,0.0,0.0,0.295,1952,4032,0,3309,0,0,0,0.0,1.632,nan,edge/x86_64,unknown,3.12.3,2026-10-09T18:44:41Z
68,ML-DSA-65,post-quantum,3,sign,0.227,0.0,0.0,0.295,1952,4032,0,3309,512,0,0,0.0,3.405,nan,edge/x86_64,unknown,3.12.3,2026-10-09T18:44:41Z
68,ML-DSA-65,post-quantum,3,verify,0.0906,0.0,0.0,0.295,1952,4032,0,3309,512,0,0,0.0,1.3587,nan,edge/x86_64,unknown,3.12.3,2026-10-09T18:44:41Z
69,ML-DSA-65,post-quantum,3,keygen,0.0955,0.0,0.0,0.295,1952,4032,0,3309,0,0,0,0.0,1.4327,nan,edge/x86_64,unknown,3.12.3,2026-10-09T18:44:41Z
69,ML-DSA-65,post-quantum,3,sign,0.1986,0.0,0.0,0.295,1952,4032,0,3309,512,0,0,0.0,2.9791,nan,edge/x86_64,unknown,3.12.3,2026-10-09T18:44:41Z
69,ML-DSA-65,post-quantum,3,verify,0.0866,0.0,0.0,0.295,1952,4032,0,3309,512,0,0,0.0,1.2997,nan,edge/x86_64,unknown,3.12.3,2026-10-09T18:44:41Z
70,ML-DSA-65,post-quantum,3,keygen,0.2085,0.0,0.0,0.295,1952,4032,0,3309,0,0,0,0.0,3.1277,nan,edge/x86_64,unknown,3.12.3,2026-10-09T18:44:41Z
70,ML-DSA-65,post-quantum,3,sign,0.3121,0.0,0.0,0.295,1952,4032,0,3309,512,0,0,0.0,4.6811,nan,edge/x86_64,unknown,3.12.3,2026-10-09T18:44:41Z
70,ML-DSA-65,post-quantum,3,verify,0.0956,0.0,0.0,0.295,1952,4032,0,3309,512,0,0,0.0,1.4347,nan,edge/x86_64,unknown,3.12.3,2026-10-09T18:44:41Z
71,ML-DSA-65,post-quantum,3,keygen,0.0976,0.0,0.0,0.295,1952,4032,0,3309,0,0,0,0.0,1.4643,nan,edge/x86_64,unknown,3.12.3,2026-10-09T18:44:41Z
71,ML-DSA-65,post-quantum,3,sign,0.1909,0.0,0.0,0.295,1952,4032,0,3309,512,0,0,0.0,2.8636,nan,edge/x86_64,unknown,3.12.3,2026-10-09T18:44:41Z
71,ML-DSA-65,post-quantum,3,verify,0.0886,0.0,0.0,0.295,1952,4032,0,3309,512,0,0,0.0,1.3286,nan,edge/x86_64,unknown,3.12.3,2026-10-09T18:44:41Z
72,ML-DSA-65,post-quantum,3,keygen,0.0908,0.0,0.0,0.295,1952,4032,0,3309,0,0,0,0.0,1.3625,nan,edge/x86_64,unknown,3.12.3,2026-10-09T18:44:41Z
72,ML-DSA-65,post-quantum,3,sign,0.2297,0.0,0.0,0.295,1952,4032,0,3309,512,0,0,0.0,3.4449,nan,edge/x86_64,unknown,3.12.3,2026-10-09T18:44:41Z
72,ML-DSA-65,post-quantum,3,verify,0.0845,0.0,0.0,0.295,1952,4032,0,3309,512,0,0,0.0,1.2671,nan,edge/x86_64,unknown,3.12.3,2026-10-09T18:44:41Z
73,ML-DSA-65,post-quantum,3,keygen,0.0932,0.0,0.0,0.295,1952,4032,0,3309,0,0,0,0.0,1.398,nan,edge/x86_64,unknown,3.12.3,2026-10-09T18:44:41Z
73,ML-DSA-65,post-quantum,3,sign,0.2352,0.0,0.0,0.295,1952,4032,0,3309,512,0,0,0.0,3.5276,nan,edge/x86_64,unknown,3.12.3,2026-10-09T18:44:41Z
73,ML-DSA-65,post-quantum,3,verify,0.0916,0.0,0.0,0.295,1952,4032,0,3309,512,0,0,0.0,1.374,nan,edge/x86_64,unknown,3.12.3,2026-10-09T18:44:41Z
74,ML-DSA-65,post-quantum,3,keygen,0.102,0.0,0.0,0.295,1952,4032,0,3309,0,0,0,0.0,1.5295,nan,edge/x86_64,unknown,3.12.3,2026-10-09T18:44:41Z
74,ML-DSA-65,post-quantum,3,sign,0.1613,0.0,0.0,0.295,1952,4032,0,3309,512,0,0,0.0,2.4199,nan,edge/x86_64,unknown,3.12.3,2026-10-09T18:44:41Z
74,ML-DSA-65,post-quantum,3,verify,0.1343,0.0,0.0,0.295,1952,4032,0,3309,512,0,0,0.0,2.0146,nan,edge/x86_64,unknown,3.12.3,2026-10-09T18:44:41Z
75,ML-DSA-65,post-quantum,3,keygen,0.1045,0.0,0.0,0.295,1952,4032,0,3309,0,0,0,0.0,1.568,nan,edge/x86_64,unknown,3.12.3,2026-10-09T18:44:41Z
75,ML-DSA-65,post-quantum,3,sign,0.1213,0.0,0.0,0.295,1952,4032,0,3309,512,0,0,0.0,1.82,nan,edge/x86_64,unknown,3.12.3,2026-10-09T18:44:41Z
75,ML-DSA-65,post-quantum,3,verify,0.0954,0.0,0.0,0.295,1952,4032,0,3309,512,0,0,0.0,1.4303,nan,edge/x86_64,unknown,3.12.3,2026-10-09T18:44:41Z
76,ML-DSA-65,post-quantum,3,keygen,0.0954,0.0,0.0,0.295,1952,4032,0,3309,0,0,0,0.0,1.4307,nan,edge/x86_64,unknown,3.12.3,2026-10-09T18:44:41Z
76,ML-DSA-65,post-quantum,3,sign,0.2997,0.0,0.0,0.295,1952,4032,0,3309,512,0,0,0.0,4.4949,nan,edge/x86_64,unknown,3.12.3,2026-10-09T18:44:41Z
76,ML-DSA-65,post-quantum,3,verify,0.0868,0.0,0.0,0.295,1952,4032,0,3309,512,0,0,0.0,1.3018,nan,edge/x86_64,unknown,3.12.3,2026-10-09T18:44:41Z
77,ML-DSA-65,post-quantum,3,keygen,0.1196,0.0,0.0,0.295,1952,4032,0,3309,0,0,0,0.0,1.7942,nan,edge/x86_64,unknown,3.12.3,2026-10-09T18:44:41Z
77,ML-DSA-65,post-quantum,3,sign,0.3554,0.0,0.0,0.295,1952,4032,0,3309,512,0,0,0.0,5.3315,nan,edge/x86_64,unknown,3.12.3,2026-10-09T18:44:41Z
77,ML-DSA-65,post-quantum,3,verify,0.1476,0.0,0.0,0.295,1952,4032,0,3309,512,0,0,0.0,2.2135,nan,edge/x86_64,unknown,3.12.3,2026-10-09T18:44:41Z
78,ML-DSA-65,post-quantum,3,keygen,0.1027,0.0,0.0,0.295,1952,4032,0,3309,0,0,0,0.0,1.541,nan,edge/x86_64,unknown,3.12.3,2026-10-09T18:44:41Z
78,ML-DSA-65,post-quantum,3,sign,0.1767,0.0,0.0,0.295,1952,4032,0,3309,512,0,0,0.0,2.6504,nan,edge/x86_64,unknown,3.12.3,2026-10-09T18:44:41Z
78,ML-DSA-65,post-quantum,3,verify,0.1375,0.0,0.0,0.295,1952,4032,0,3309,512,0,0,0.0,2.0624,nan,edge/x86_64,unknown,3.12.3,2026-10-09T18:44:41Z
79,ML-DSA-65,post-quantum,3,keygen,0.1018,0.0,0.0,0.295,1952,4032,0,3309,0,0,0,0.0,1.5265,nan,edge/x86_64,unknown,3.12.3,2026-10-09T18:44:41Z
79,ML-DSA-65,post-quantum,3,sign,0.1204,0.0,0.0,0.295,1952,4032,0,3309,512,0,0,0.0,1.8055,nan,edge/x86_64,unknown,3.12.3,2026-10-09T18:44:41Z
79,ML-DSA-65,post-quantum,3,verify,0.0922,0.0,0.0,0.295,1952,4032,0,3309,512,0,0,0.0,1.3836,nan,edge/x86_64,unknown,3.12.3,2026-10-09T18:44:41Z
80,ML-DSA-65,post-quantum,3,keygen,0.0975,0.0,0.0,0.295,1952,4032,0,3309,0,0,0,0.0,1.463,nan,edge/x86_64,unknown,3.12.3,2026-10-09T18:44:41Z
80,ML-DSA-65,post-quantum,3,sign,0.5347,0.0,0.0,0.295,1952,4032,0,3309,512,0,0,0.0,8.0198,nan,edge/x86_64,unknown,3.12.3,2026-10-09T18:44:41Z
80,ML-DSA-65,post-quantum,3,verify,0.097,0.0,0.0,0.295,1952,4032,0,3309,512,0,0,0.0,1.4548,nan,edge/x86_64,unknown,3.12.3,2026-10-09T18:44:41Z
81,ML-DSA-65,post-quantum,3,keygen,0.1017,0.0,0.0,0.295,1952,4032,0,3309,0,0,0,0.0,1.5251,nan,edge/x86_64,unknown,3.12.3,2026-10-09T18:44:41Z
81,ML-DSA-65,post-quantum,3,sign,0.1875,0.0,0.0,0.295,1952,4032,0,3309,512,0,0,0.0,2.812,nan,edge/x86_64,unknown,3.12.3,2026-10-09T18:44:41Z
81,ML-DSA-65,post-quantum,3,verify,0.2049,0.0,0.0,0.295,1952,4032,0,3309,512,0,0,0.0,3.074,nan,edge/x86_64,unknown,3.12.3,2026-10-09T18:44:41Z
82,ML-DSA-65,post-quantum,3,keygen,0.1063,0.0,0.0,0.295,1952,4032,0,3309,0,0,0,0.0,1.5941,nan,edge/x86_64,unknown,3.12.3,2026-10-09T18:44:41Z
82,ML-DSA-65,post-quantum,3,sign,0.1692,0.0,0.0,0.295,1952,4032,0,3309,512,0,0,0.0,2.5378,nan,edge/x86_64,unknown,3.12.3,2026-10-09T18:44:41Z
82,ML-DSA-65,post-quantum,3,verify,0.1311,0.0,0.0,0.295,1952,4032,0,3309,512,0,0,0.0,1.9662,nan,edge/x86_64,unknown,3.12.3,2026-10-09T18:44:41Z
83,ML-DSA-65,post-quantum,3,keygen,0.0965,0.0,0.0,0.295,1952,4032,0,3309,0,0,0,0.0,1.4473,nan,edge/x86_64,unknown,3.12.3,2026-10-09T18:44:41Z
83,ML-DSA-65,post-quantum,3,sign,0.1085,0.0,0.0,0.295,1952,4032,0,3309,512,0,0,0.0,1.6269,nan,edge/x86_64,unknown,3.12.3,2026-10-09T18:44:41Z
83,ML-DSA-65,post-quantum,3,verify,0.1057,0.0,0.0,0.295,1952,4032,0,3309,512,0,0,0.0,1.5851,nan,edge/x86_64,unknown,3.12.3,2026-10-09T18:44:41Z
84,ML-DSA-65,post-quantum,3,keygen,0.0947,0.0,0.0,0.295,1952,4032,0,3309,0,0,0,0.0,1.4198,nan,edge/x86_64,unknown,3.12.3,2026-10-09T18:44:41Z
84,ML-DSA-65,post-quantum,3,sign,0.2051,0.0,0.0,0.295,1952,4032,0,3309,512,0,0,0.0,3.0767,nan,edge/x86_64,unknown,3.12.3,2026-10-09T18:44:41Z
84,ML-DSA-65,post-quantum,3,verify,0.0933,0.0,0.0,0.295,1952,4032,0,3309,512,0,0,0.0,1.4001,nan,edge/x86_64,unknown,3.12.3,2026-10-09T18:44:41Z
85,ML-DSA-65,post-quantum,3,keygen,0.0996,0.0,0.0,0.295,1952,4032,0,3309,0,0,0,0.0,1.4942,nan,edge/x86_64,unknown,3.12.3,2026-10-09T18:44:41Z
85,ML-DSA-65,post-quantum,3,sign,0.44,0.0,0.0,0.295,1952,4032,0,3309,512,0,0,0.0,6.6,nan,edge/x86_64,unknown,3.12.3,2026-10-09T18:44:41Z
85,ML-DSA-65,post-quantum,3,verify,0.1633,0.0,0.0,0.295,1952,4032,0,3309,512,0,0,0.0,2.4495,nan,edge/x86_64,unknown,3.12.3,2026-10-09T18:44:41Z
86,ML-DSA-65,post-quantum,3,keygen,0.129,0.0,0.0,0.295,1952,4032,0,3309,0,0,0,0.0,1.9346,nan,edge/x86_64,unknown,3.12.3,2026-10-09T18:44:41Z
86,ML-DSA-65,post-quantum,3,sign,0.1625,0.0,0.0,0.295,1952,4032,0,3309,512,0,0,0.0,2.4376,nan,edge/x86_64,unknown,3.12.3,2026-10-09T18:44:41Z
86,ML-DSA-65,post-quantum,3,verify,0.162,0.0,0.0,0.295,1952,4032,0,3309,512,0,0,0.0,2.4297,nan,edge/x86_64,unknown,3.12.3,2026-10-09T18:44:41Z
87,ML-DSA-65,post-quantum,3,keygen,0.1027,0.0,0.0,0.295,1952,4032,0,3309,0,0,0,0.0,1.5404,nan,edge/x86_64,unknown,3.12.3,2026-10-09T18:44:41Z
87,ML-DSA-65,post-quantum,3,sign,0.1168,0.0,0.0,0.295,1952,4032,0,3309,512,0,0,0.0,1.7517,nan,edge/x86_64,unknown,3.12.3,2026-10-09T18:44:41Z
87,ML-DSA-65,post-quantum,3,verify,0.1483,0.0,0.0,0.295,1952,4032,0,3309,512,0,0,0.0,2.225,nan,edge/x86_64,unknown,3.12.3,2026-10-09T18:44:41Z
88,ML-DSA-65,post-quantum,3,keygen,0.222,0.0,0.0,0.295,1952,4032,0,3309,0,0,0,0.0,3.3305,nan,edge/x86_64,unknown,3.12.3,2026-10-09T18:44:41Z
88,ML-DSA-65,post-quantum,3,sign,0.4517,0.0,0.0,0.295,1952,4032,0,3309,512,0,0,0.0,6.7761,nan,edge/x86_64,unknown,3.12.3,2026-10-09T18:44:41Z
88,ML-DSA-65,post-quantum,3,verify,0.0869,0.0,0.0,0.295,1952,4032,0,3309,512,0,0,0.0,1.3034,nan,edge/x86_64,unknown,3.12.3,2026-10-09T18:44:41Z
89,ML-DSA-65,post-quantum,3,keygen,0.0951,0.0,0.0,0.295,1952,4032,0,3309,0,0,0,0.0,1.427,nan,edge/x86_64,unknown,3.12.3,2026-10-09T18:44:41Z
89,ML-DSA-65,post-quantum,3,sign,0.3421,0.0,0.0,0.295,1952,4032,0,3309,512,0,0,0.0,5.1322,nan,edge/x86_64,unknown,3.12.3,2026-10-09T18:44:41Z
89,ML-DSA-65,post-quantum,3,verify,0.0966,0.0,0.0,0.295,1952,4032,0,3309,512,0,0,0.0,1.4496,nan,edge/x86_64,unknown,3.12.3,2026-10-09T18:44:41Z
90,ML-DSA-65,post-quantum,3,keygen,0.118,0.0,0.0,0.295,1952,4032,0,3309,0,0,0,0.0,1.7702,nan,edge/x86_64,unknown,3.12.3,2026-10-09T18:44:41Z
90,ML-DSA-65,post-quantum,3,sign,0.203,0.0,0.0,0.295,1952,4032,0,3309,512,0,0,0.0,3.0455,nan,edge/x86_64,unknown,3.12.3,2026-10-09T18:44:41Z
90,ML-DSA-65,post-quantum,3,verify,0.0873,0.0,0.0,0.295,1952,4032,0,3309,512,0,0,0.0,1.3092,nan,edge/x86_64,unknown,3.12.3,2026-10-09T18:44:41Z
91,ML-DSA-65,post-quantum,3,keygen,0.0952,0.0,0.0,0.295,1952,4032,0,3309,0,0,0,0.0,1.4282,nan,edge/x86_64,unknown,3.12.3,2026-10-09T18:44:41Z
91,ML-DSA-65,post-quantum,3,sign,0.2388,0.0,0.0,0.295,1952,4032,0,3309,512,0,0,0.0,3.5814,nan,edge/x86_64,unknown,3.12.3,2026-10-09T18:44:41Z
91,ML-DSA-65,post-quantum,3,verify,0.0818,0.0,0.0,0.295,1952,4032,0,3309,512,0,0,0.0,1.2275,nan,edge/x86_64,unknown,3.12.3,2026-10-09T18:44:41Z
92,ML-DSA-65,post-quantum,3,keygen,0.0893,0.0,0.0,0.295,1952,4032,0,3309,0,0,0,0.0,1.3398,nan,edge/x86_64,unknown,3.12.3,2026-10-09T18:44:41Z
92,ML-DSA-65,post-quantum,3,sign,0.17,0.0,0.0,0.295,1952,4032,0,3309,512,0,0,0.0,2.5494,nan,edge/x86_64,unknown,3.12.3,2026-10-09T18:44:41Z
92,ML-DSA-65,post-quantum,3,verify,0.0896,0.0,0.0,0.295,1952,4032,0,3309,512,0,0,0.0,1.3445,nan,edge/x86_64,unknown,3.12.3,2026-10-09T18:44:41Z
93,ML-DSA-65,post-quantum,3,keygen,0.0973,0.0,0.0,0.295,1952,4032,0,3309,0,0,0,0.0,1.46,nan,edge/x86_64,unknown,3.12.3,2026-10-09T18:44:41Z
93,ML-DSA-65,post-quantum,3,sign,0.1943,0.0,0.0,0.295,1952,4032,0,3309,512,0,0,0.0,2.9151,nan,edge/x86_64,unknown,3.12.3,2026-10-09T18:44:41Z
93,ML-DSA-65,post-quantum,3,verify,0.0845,0.0,0.0,0.295,1952,4032,0,3309,512,0,0,0.0,1.2682,nan,edge/x86_64,unknown,3.12.3,2026-10-09T18:44:41Z
94,ML-DSA-65,post-quantum,3,keygen,0.1311,0.0,0.0,0.295,1952,4032,0,3309,0,0,0,0.0,1.9661,nan,edge/x86_64,unknown,3.12.3,2026-10-09T18:44:41Z
94,ML-DSA-65,post-quantum,3,sign,0.183,0.0,0.0,0.295,1952,4032,0,3309,512,0,0,0.0,2.745,nan,edge/x86_64,unknown,3.12.3,2026-10-09T18:44:41Z
94,ML-DSA-65,post-quantum,3,verify,0.089,0.0,0.0,0.295,1952,4032,0,3309,512,0,0,0.0,1.3343,nan,edge/x86_64,unknown,3.12.3,2026-10-09T18:44:41Z
95,ML-DSA-65,post-quantum,3,keygen,0.1083,0.0,0.0,0.295,1952,4032,0,3309,0,0,0,0.0,1.6248,nan,edge/x86_64,unknown,3.12.3,2026-10-09T18:44:41Z
95,ML-DSA-65,post-quantum,3,sign,0.1407,0.0,0.0,0.295,1952,4032,0,3309,512,0,0,0.0,2.1111,nan,edge/x86_64,unknown,3.12.3,2026-10-09T18:44:41Z
95,ML-DSA-65,post-quantum,3,verify,0.0877,0.0,0.0,0.295,1952,4032,0,3309,512,0,0,0.0,1.3161,nan,edge/x86_64,unknown,3.12.3,2026-10-09T18:44:41Z
96,ML-DSA-65,post-quantum,3,keygen,0.1028,0.0,0.0,0.295,1952,4032,0,3309,0,0,0,0.0,1.5426,nan,edge/x86_64,unknown,3.12.3,2026-10-09T18:44:41Z
96,ML-DSA-65,post-quantum,3,sign,0.2911,0.0,0.0,0.295,1952,4032,0,3309,512,0,0,0.0,4.3659,nan,edge/x86_64,unknown,3.12.3,2026-10-09T18:44:41Z
96,ML-DSA-65,post-quantum,3,verify,0.0885,0.0,0.0,0.295,1952,4032,0,3309,512,0,0,0.0,1.3272,nan,edge/x86_64,unknown,3.12.3,2026-10-09T18:44:41Z
97,ML-DSA-65,post-quantum,3,keygen,0.115,0.0,0.0,0.295,1952,4032,0,3309,0,0,0,0.0,1.7245,nan,edge/x86_64,unknown,3.12.3,2026-10-09T18:44:41Z
97,ML-DSA-65,post-quantum,3,sign,0.1174,0.0,0.0,0.295,1952,4032,0,3309,512,0,0,0.0,1.7611,nan,edge/x86_64,unknown,3.12.3,2026-10-09T18:44:41Z
97,ML-DSA-65,post-quantum,3,verify,0.0899,0.0,0.0,0.295,1952,4032,0,3309,512,0,0,0.0,1.348,nan,edge/x86_64,unknown,3.12.3,2026-10-09T18:44:41Z
98,ML-DSA-65,post-quantum,3,keygen,0.0944,0.0,0.0,0.295,1952,4032,0,3309,0,0,0,0.0,1.4163,nan,edge/x86_64,unknown,3.12.3,2026-10-09T18:44:41Z
98,ML-DSA-65,post-quantum,3,sign,0.1981,0.0,0.0,0.295,1952,4032,0,3309,512,0,0,0.0,2.9717,nan,edge/x86_64,unknown,3.12.3,2026-10-09T18:44:41Z
98,ML-DSA-65,post-quantum,3,verify,0.1244,0.0,0.0,0.295,1952,4032,0,3309,512,0,0,0.0,1.8665,nan,edge/x86_64,unknown,3.12.3,2026-10-09T18:44:41Z
99,ML-DSA-65,post-quantum,3,keygen,0.1013,0.0,0.0,0.295,1952,4032,0,3309,0,0,0,0.0,1.5196,nan,edge/x86_64,unknown,3.12.3,2026-10-09T18:44:41Z
99,ML-DSA-65,post-quantum,3,sign,0.1971,0.0,0.0,0.295,1952,4032,0,3309,512,0,0,0.0,2.9559,nan,edge/x86_64,unknown,3.12.3,2026-10-09T18:44:41Z
99,ML-DSA-65,post-quantum,3,verify,0.0895,0.0,0.0,0.295,1952,4032,0,3309,512,0,0,0.0,1.3422,nan,edge/x86_64,unknown,3.12.3,2026-10-09T18:44:41Z
100,ML-DSA-65,post-quantum,3,keygen,0.0913,0.0,0.0,0.295,1952,4032,0,3309,0,0,0,0.0,1.3696,nan,edge/x86_64,unknown,3.12.3,2026-10-09T18:44:41Z
100,ML-DSA-65,post-quantum,3,sign,0.1186,0.0,0.0,0.295,1952,4032,0,3309,512,0,0,0.0,1.7791,nan,edge/x86_64,unknown,3.12.3,2026-10-09T18:44:41Z
100,ML-DSA-65,post-quantum,3,verify,0.0934,0.0,0.0,0.295,1952,4032,0,3309,512,0,0,0.0,1.4004,nan,edge/x86_64,unknown,3.12.3,2026-10-09T18:44:41Z
101,ML-DSA-65,post-quantum,3,keygen,0.0996,0.0,0.0,0.295,1952,4032,0,3309,0,0,0,0.0,1.4933,nan,edge/x86_64,unknown,3.12.3,2026-10-09T18:44:41Z
101,ML-DSA-65,post-quantum,3,sign,0.1177,0.0,0.0,0.295,1952,4032,0,3309,512,0,0,0.0,1.7655,nan,edge/x86_64,unknown,3.12.3,2026-10-09T18:44:41Z
101,ML-DSA-65,post-quantum,3,verify,0.0967,0.0,0.0,0.295,1952,4032,0,3309,512,0,0,0.0,1.4506,nan,edge/x86_64,unknown,3.12.3,2026-10-09T18:44:41Z
102,ML-DSA-65,post-quantum,3,keygen,0.0963,0.0,0.0,0.295,1952,4032,0,3309,0,0,0,0.0,1.4448,nan,edge/x86_64,unknown,3.12.3,2026-10-09T18:44:41Z
102,ML-DSA-65,post-quantum,3,sign,0.3229,0.0,0.0,0.295,1952,4032,0,3309,512,0,0,0.0,4.8438,nan,edge/x86_64,unknown,3.12.3,2026-10-09T18:44:41Z
102,ML-DSA-65,post-quantum,3,verify,0.0975,0.0,0.0,0.295,1952,4032,0,3309,512,0,0,0.0,1.462,nan,edge/x86_64,unknown,3.12.3,2026-10-09T18:44:41Z
103,ML-DSA-65,post-quantum,3,keygen,0.0992,0.0,0.0,0.295,1952,4032,0,3309,0,0,0,0.0,1.4877,nan,edge/x86_64,unknown,3.12.3,2026-10-09T18:44:41Z
103,ML-DSA-65,post-quantum,3,sign,0.3079,0.0,0.0,0.295,1952,4032,0,3309,512,0,0,0.0,4.618,nan,edge/x86_64,unknown,3.12.3,2026-10-09T18:44:41Z
103,ML-DSA-65,post-quantum,3,verify,0.0846,0.0,0.0,0.295,1952,4032,0,3309,512,0,0,0.0,1.2683,nan,edge/x86_64,unknown,3.12.3,2026-10-09T18:44:41Z
104,ML-DSA-65,post-quantum,3,keygen,0.0952,0.0,0.0,0.295,1952,4032,0,3309,0,0,0,0.0,1.4273,nan,edge/x86_64,unknown,3.12.3,2026-10-09T18:44:41Z
104,ML-DSA-65,post-quantum,3,sign,0.1757,0.0,0.0,0.295,1952,4032,0,3309,512,0,0,0.0,2.6354,nan,edge/x86_64,unknown,3.12.3,2026-10-09T18:44:41Z
104,ML-DSA-65,post-quantum,3,verify,0.0833,0.0,0.0,0.295,1952,4032,0,3309,512,0,0,0.0,1.2495,nan,edge/x86_64,unknown,3.12.3,2026-10-09T18:44:41Z
105,ML-DSA-65,post-quantum,3,keygen,0.0873,0.0,0.0,0.295,1952,4032,0,3309,0,0,0,0.0,1.3098,nan,edge/x86_64,unknown,3.12.3,2026-10-09T18:44:41Z
105,ML-DSA-65,post-quantum,3,sign,0.1297,0.0,0.0,0.295,1952,4032,0,3309,512,0,0,0.0,1.9449,nan,edge/x86_64,unknown,3.12.3,2026-10-09T18:44:41Z
105,ML-DSA-65,post-quantum,3,verify,0.1174,0.0,0.0,0.295,1952,4032,0,3309,512,0,0,0.0,1.7617,nan,edge/x86_64,unknown,3.12.3,2026-10-09T18:44:41Z
106,ML-DSA-65,post-quantum,3,keygen,0.0906,0.0,0.0,0.295,1952,4032,0,3309,0,0,0,0.0,1.3583,nan,edge/x86_64,unknown,3.12.3,2026-10-09T18:44:41Z
106,ML-DSA-65,post-quantum,3,sign,0.2761,0.0,0.0,0.295,1952,4032,0,3309,512,0,0,0.0,4.1418,nan,edge/x86_64,unknown,3.12.3,2026-10-09T18:44:41Z
106,ML-DSA-65,post-quantum,3,verify,0.0849,0.0,0.0,0.295,1952,4032,0,3309,512,0,0,0.0,1.2737,nan,edge/x86_64,unknown,3.12.3,2026-10-09T18:44:41Z
107,ML-DSA-65,post-quantum,3,keygen,0.0924,0.0,0.0,0.295,1952,4032,0,3309,0,0,0,0.0,1.3853,nan,edge/x86_64,unknown,3.12.3,2026-10-09T18:44:41Z
107,ML-DSA-65,post-quantum,3,sign,0.1168,0.0,0.0,0.295,1952,4032,0,3309,512,0,0,0.0,1.7516,nan,edge/x86_64,unknown,3.12.3,2026-10-09T18:44:41Z
107,ML-DSA-65,post-quantum,3,verify,0.1659,0.0,0.0,0.295,1952,4032,0,3309,512,0,0,0.0,2.4879,nan,edge/x86_64,unknown,3.12.3,2026-10-09T18:44:41Z
108,ML-DSA-65,post-quantum,3,keygen,0.0977,0.0,0.0,0.295,1952,4032,0,3309,0,0,0,0.0,1.4662,nan,edge/x86_64,unknown,3.12.3,2026-10-09T18:44:41Z
108,ML-DSA-65,post-quantum,3,sign,0.4364,0.0,0.0,0.295,1952,4032,0,3309,512,0,0,0.0,6.5462,nan,edge/x86_64,unknown,3.12.3,2026-10-09T18:44:41Z
108,ML-DSA-65,post-quantum,3,verify,0.0952,0.0,0.0,0.295,1952,4032,0,3309,512,0,0,0.0,1.4279,nan,edge/x86_64,unknown,3.12.3,2026-10-09T18:44:41Z
109,ML-DSA-65,post-quantum,3,keygen,0.0953,0.0,0.0,0.295,1952,4032,0,3309,0,0,0,0.0,1.4297,nan,edge/x86_64,unknown,3.12.3,2026-10-09T18:44:41Z
109,ML-DSA-65,post-quantum,3,sign,0.2438,0.0,0.0,0.295,1952,4032,0,3309,512,0,0,0.0,3.6575,nan,edge/x86_64,unknown,3.12.3,2026-10-09T18:44:41Z
109,ML-DSA-65,post-quantum,3,verify,0.0894,0.0,0.0,0.295,1952,4032,0,3309,512,0,0,0.0,1.3408,nan,edge/x86_64,unknown,3.12.3,2026-10-09T18:44:41Z
110,ML-DSA-65,post-quantum,3,keygen,0.0929,0.0,0.0,0.295,1952,4032,0,3309,0,0,0,0.0,1.3941,nan,edge/x86_64,unknown,3.12.3,2026-10-09T18:44:41Z
110,ML-DSA-65,post-quantum,3,sign,0.1299,0.0,0.0,0.295,1952,4032,0,3309,512,0,0,0.0,1.9486,nan,edge/x86_64,unknown,3.12.3,2026-10-09T18:44:41Z
110,ML-DSA-65,post-quantum,3,verify,0.1017,0.0,0.0,0.295,1952,4032,0,3309,512,0,0,0.0,1.5257,nan,edge/x86_64,unknown,3.12.3,2026-10-09T18:44:41Z
111,ML-DSA-65,post-quantum,3,keygen,0.0911,0.0,0.0,0.295,1952,4032,0,3309,0,0,0,0.0,1.3658,nan,edge/x86_64,unknown,3.12.3,2026-10-09T18:44:41Z
111,ML-DSA-65,post-quantum,3,sign,0.1668,0.0,0.0,0.295,1952,4032,0,3309,512,0,0,0.0,2.5025,nan,edge/x86_64,unknown,3.12.3,2026-10-09T18:44:41Z
111,ML-DSA-65,post-quantum,3,verify,0.0836,0.0,0.0,0.295,1952,4032,0,3309,512,0,0,0.0,1.2541,nan,edge/x86_64,unknown,3.12.3,2026-10-09T18:44:41Z
112,ML-DSA-65,post-quantum,3,keygen,0.1629,0.0,0.0,0.295,1952,4032,0,3309,0,0,0,0.0,2.4437,nan,edge/x86_64,unknown,3.12.3,2026-10-09T18:44:41Z
112,ML-DSA-65,post-quantum,3,sign,0.352,0.0,0.0,0.295,1952,4032,0,3309,512,0,0,0.0,5.2799,nan,edge/x86_64,unknown,3.12.3,2026-10-09T18:44:41Z
112,ML-DSA-65,post-quantum,3,verify,0.1934,0.0,0.0,0.295,1952,4032,0,3309,512,0,0,0.0,2.9017,nan,edge/x86_64,unknown,3.12.3,2026-10-09T18:44:41Z
113,ML-DSA-65,post-quantum,3,keygen,0.0954,0.0,0.0,0.295,1952,4032,0,3309,0,0,0,0.0,1.4314,nan,edge/x86_64,unknown,3.12.3,2026-10-09T18:44:41Z
113,ML-DSA-65,post-quantum,3,sign,0.2999,0.0,0.0,0.295,1952,4032,0,3309,512,0,0,0.0,4.4991,nan,edge/x86_64,unknown,3.12.3,2026-10-09T18:44:41Z
113,ML-DSA-65,post-quantum,3,verify,0.1101,0.0,0.0,0.295,1952,4032,0,3309,512,0,0,0.0,1.6522,nan,edge/x86_64,unknown,3.12.3,2026-10-09T18:44:41Z
114,ML-DSA-65,post-quantum,3,keygen,0.1058,0.0,0.0,0.295,1952,4032,0,3309,0,0,0,0.0,1.5864,nan,edge/x86_64,unknown,3.12.3,2026-10-09T18:44:41Z
114,ML-DSA-65,post-quantum,3,sign,0.164,0.0,0.0,0.295,1952,4032,0,3309,512,0,0,0.0,2.4602,nan,edge/x86_64,unknown,3.12.3,2026-10-09T18:44:41Z
114,ML-DSA-65,post-quantum,3,verify,0.0862,0.0,0.0,0.295,1952,4032,0,3309,512,0,0,0.0,1.293,nan,edge/x86_64,unknown,3.12.3,2026-10-09T18:44:41Z
115,ML-DSA-65,post-quantum,3,keygen,0.1039,0.0,0.0,0.295,1952,4032,0,3309,0,0,0,0.0,1.5581,nan,edge/x86_64,unknown,3.12.3,2026-10-09T18:44:41Z
115,ML-DSA-65,post-quantum,3,sign,0.3294,0.0,0.0,0.295,1952,4032,0,3309,512,0,0,0.0,4.9408,nan,edge/x86_64,unknown,3.12.3,2026-10-09T18:44:41Z
115,ML-DSA-65,post-quantum,3,verify,0.1134,0.0,0.0,0.295,1952,4032,0,3309,512,0,0,0.0,1.7006,nan,edge/x86_64,unknown,3.12.3,2026-10-09T18:44:41Z
116,ML-DSA-65,post-quantum,3,keygen,0.0922,0.0,0.0,0.295,1952,4032,0,3309,0,0,0,0.0,1.3827,nan,edge/x86_64,unknown,3.12.3,2026-10-09T18:44:41Z
116,ML-DSA-65,post-quantum,3,sign,0.1366,0.0,0.0,0.295,1952,4032,0,3309,512,0,0,0.0,2.0492,nan,edge/x86_64,unknown,3.12.3,2026-10-09T18:44:41Z
116,ML-DSA-65,post-quantum,3,verify,0.0857,0.0,0.0,0.295,1952,4032,0,3309,512,0,0,0.0,1.2862,nan,edge/x86_64,unknown,3.12.3,2026-10-09T18:44:41Z
117,ML-DSA-65,post-quantum,3,keygen,0.0905,0.0,0.0,0.295,1952,4032,0,3309,0,0,0,0.0,1.3578,nan,edge/x86_64,unknown,3.12.3,2026-10-09T18:44:41Z
117,ML-DSA-65,post-quantum,3,sign,0.3628,0.0,0.0,0.295,1952,4032,0,3309,512,0,0,0.0,5.4427,nan,edge/x86_64,unknown,3.12.3,2026-10-09T18:44:41Z
117,ML-DSA-65,post-quantum,3,verify,0.0849,0.0,0.0,0.295,1952,4032,0,3309,512,0,0,0.0,1.2733,nan,edge/x86_64,unknown,3.12.3,2026-10-09T18:44:41Z
118,ML-DSA-65,post-quantum,3,keygen,0.0883,0.0,0.0,0.295,1952,4032,0,3309,0,0,0,0.0,1.3251,nan,edge/x86_64,unknown,3.12.3,2026-10-09T18:44:41Z
118,ML-DSA-65,post-quantum,3,sign,0.266,0.0,0.0,0.295,1952,4032,0,3309,512,0,0,0.0,3.9897,nan,edge/x86_64,unknown,3.12.3,2026-10-09T18:44:41Z
118,ML-DSA-65,post-quantum,3,verify,0.0862,0.0,0.0,0.295,1952,4032,0,3309,512,0,0,0.0,1.2934,nan,edge/x86_64,unknown,3.12.3,2026-10-09T18:44:41Z
119,ML-DSA-65,post-quantum,3,keygen,0.091,0.0,0.0,0.295,1952,4032,0,3309,0,0,0,0.0,1.365,nan,edge/x86_64,unknown,3.12.3,2026-10-09T18:44:41Z
119,ML-DSA-65,post-quantum,3,sign,0.336,0.0,0.0,0.295,1952,4032,0,3309,512,0,0,0.0,5.0401,nan,edge/x86_64,unknown,3.12.3,2026-10-09T18:44:41Z
119,ML-DSA-65,post-quantum,3,verify,0.1719,0.0,0.0,0.295,1952,4032,0,3309,512,0,0,0.0,2.5783,nan,edge/x86_64,unknown,3.12.3,2026-10-09T18:44:41Z
120,ML-DSA-65,post-quantum,3,keygen,0.1148,0.0,0.0,0.295,1952,4032,0,3309,0,0,0,0.0,1.7216,nan,edge/x86_64,unknown,3.12.3,2026-10-09T18:44:41Z
120,ML-DSA-65,post-quantum,3,sign,0.161,0.0,0.0,0.295,1952,4032,0,3309,512,0,0,0.0,2.4154,nan,edge/x86_64,unknown,3.12.3,2026-10-09T18:44:41Z
120,ML-DSA-65,post-quantum,3,verify,0.0856,0.0,0.0,0.295,1952,4032,0,3309,512,0,0,0.0,1.2837,nan,edge/x86_64,unknown,3.12.3,2026-10-09T18:44:41Z
121,ML-DSA-65,post-quantum,3,keygen,0.0916,0.0,0.0,0.295,1952,4032,0,3309,0,0,0,0.0,1.3738,nan,edge/x86_64,unknown,3.12.3,2026-10-09T18:44:41Z
121,ML-DSA-65,post-quantum,3,sign,0.109,0.0,0.0,0.295,1952,4032,0,3309,512,0,0,0.0,1.6345,nan,edge/x86_64,unknown,3.12.3,2026-10-09T18:44:41Z
121,ML-DSA-65,post-quantum,3,verify,0.0979,0.0,0.0,0.295,1952,4032,0,3309,512,0,0,0.0,1.4683,nan,edge/x86_64,unknown,3.12.3,2026-10-09T18:44:41Z
122,ML-DSA-65,post-quantum,3,keygen,0.0889,0.0,0.0,0.295,1952,4032,0,3309,0,0,0,0.0,1.3337,nan,edge/x86_64,unknown,3.12.3,2026-10-09T18:44:41Z
122,ML-DSA-65,post-quantum,3,sign,0.1682,0.0,0.0,0.295,1952,4032,0,3309,512,0,0,0.0,2.5223,nan,edge/x86_64,unknown,3.12.3,2026-10-09T18:44:41Z
122,ML-DSA-65,post-quantum,3,verify,0.081,0.0,0.0,0.295,1952,4032,0,3309,512,0,0,0.0,1.2153,nan,edge/x86_64,unknown,3.12.3,2026-10-09T18:44:41Z
123,ML-DSA-65,post-quantum,3,keygen,0.1016,0.0,0.0,0.295,1952,4032,0,3309,0,0,0,0.0,1.5236,nan,edge/x86_64,unknown,3.12.3,2026-10-09T18:44:41Z
123,ML-DSA-65,post-quantum,3,sign,0.1269,0.0,0.0,0.295,1952,4032,0,3309,512,0,0,0.0,1.9032,nan,edge/x86_64,unknown,3.12.3,2026-10-09T18:44:41Z
123,ML-DSA-65,post-quantum,3,verify,0.0814,0.0,0.0,0.295,1952,4032,0,3309,512,0,0,0.0,1.2212,nan,edge/x86_64,unknown,3.12.3,2026-10-09T18:44:41Z
124,ML-DSA-65,post-quantum,3,keygen,0.0896,0.0,0.0,0.295,1952,4032,0,3309,0,0,0,0.0,1.3444,nan,edge/x86_64,unknown,3.12.3,2026-10-09T18:44:41Z
124,ML-DSA-65,post-quantum,3,sign,1.0537,0.0,0.0,0.295,1952,4032,0,3309,512,0,0,0.0,15.8051,nan,edge/x86_64,unknown,3.12.3,2026-10-09T18:44:41Z
124,ML-DSA-65,post-quantum,3,verify,0.1015,0.0,0.0,0.295,1952,4032,0,3309,512,0,0,0.0,1.5222,nan,edge/x86_64,unknown,3.12.3,2026-10-09T18:44:41Z
125,ML-DSA-65,post-quantum,3,keygen,0.1297,0.0,0.0,0.295,1952,4032,0,3309,0,0,0,0.0,1.9461,nan,edge/x86_64,unknown,3.12.3,2026-10-09T18:44:41Z
125,ML-DSA-65,post-quantum,3,sign,0.2306,0.0,0.0,0.295,1952,4032,0,3309,512,0,0,0.0,3.4596,nan,edge/x86_64,unknown,3.12.3,2026-10-09T18:44:41Z
125,ML-DSA-65,post-quantum,3,verify,0.1093,0.0,0.0,0.295,1952,4032,0,3309,512,0,0,0.0,1.6398,nan,edge/x86_64,unknown,3.12.3,2026-10-09T18:44:41Z
126,ML-DSA-65,post-quantum,3,keygen,0.0939,0.0,0.0,0.295,1952,4032,0,3309,0,0,0,0.0,1.408,nan,edge/x86_64,unknown,3.12.3,2026-10-09T18:44:41Z
126,ML-DSA-65,post-quantum,3,sign,0.1345,0.0,0.0,0.295,1952,4032,0,3309,512,0,0,0.0,2.0179,nan,edge/x86_64,unknown,3.12.3,2026-10-09T18:44:41Z
126,ML-DSA-65,post-quantum,3,verify,0.0839,0.0,0.0,0.295,1952,4032,0,3309,512,0,0,0.0,1.2588,nan,edge/x86_64,unknown,3.12.3,2026-10-09T18:44:41Z
127,ML-DSA-65,post-quantum,3,keygen,0.0906,0.0,0.0,0.295,1952,4032,0,3309,0,0,0,0.0,1.3596,nan,edge/x86_64,unknown,3.12.3,2026-10-09T18:44:41Z
127,ML-DSA-65,post-quantum,3,sign,0.2406,0.0,0.0,0.295,1952,4032,0,3309,512,0,0,0.0,3.6087,nan,edge/x86_64,unknown,3.12.3,2026-10-09T18:44:41Z
127,ML-DSA-65,post-quantum,3,verify,0.1557,0.0,0.0,0.295,1952,4032,0,3309,512,0,0,0.0,2.3358,nan,edge/x86_64,unknown,3.12.3,2026-10-09T18:44:41Z
128,ML-DSA-65,post-quantum,3,keygen,0.174,0.0,0.0,0.295,1952,4032,0,3309,0,0,0,0.0,2.6096,nan,edge/x86_64,unknown,3.12.3,2026-10-09T18:44:41Z
128,ML-DSA-65,post-quantum,3,sign,0.1167,0.0,0.0,0.295,1952,4032,0,3309,512,0,0,0.0,1.7503,nan,edge/x86_64,unknown,3.12.3,2026-10-09T18:44:41Z
128,ML-DSA-65,post-quantum,3,verify,0.0856,0.0,0.0,0.295,1952,4032,0,3309,512,0,0,0.0,1.2838,nan,edge/x86_64,unknown,3.12.3,2026-10-09T18:44:41Z
129,ML-DSA-65,post-quantum,3,keygen,0.0901,0.0,0.0,0.295,1952,4032,0,3309,0,0,0,0.0,1.352,nan,edge/x86_64,unknown,3.12.3,2026-10-09T18:44:41Z
129,ML-DSA-65,post-quantum,3,sign,0.1645,0.0,0.0,0.295,1952,4032,0,3309,512,0,0,0.0,2.4678,nan,edge/x86_64,unknown,3.12.3,2026-10-09T18:44:41Z
129,ML-DSA-65,post-quantum,3,verify,0.0832,0.0,0.0,0.295,1952,4032,0,3309,512,0,0,0.0,1.2476,nan,edge/x86_64,unknown,3.12.3,2026-10-09T18:44:41Z
130,ML-DSA-65,post-quantum,3,keygen,0.0894,0.0,0.0,0.295,1952,4032,0,3309,0,0,0,0.0,1.3403,nan,edge/x86_64,unknown,3.12.3,2026-10-09T18:44:41Z
130,ML-DSA-65,post-quantum,3,sign,0.1724,0.0,0.0,0.295,1952,4032,0,3309,512,0,0,0.0,2.5863,nan,edge/x86_64,unknown,3.12.3,2026-10-09T18:44:41Z
130,ML-DSA-65,post-quantum,3,verify,0.0973,0.0,0.0,0.295,1952,4032,0,3309,512,0,0,0.0,1.4596,nan,edge/x86_64,unknown,3.12.3,2026-10-09T18:44:41Z
131,ML-DSA-65,post-quantum,3,keygen,0.0876,0.0,0.0,0.295,1952,4032,0,3309,0,0,0,0.0,1.3147,nan,edge/x86_64,unknown,3.12.3,2026-10-09T18:44:41Z
131,ML-DSA-65,post-quantum,3,sign,0.1046,0.0,0.0,0.295,1952,4032,0,3309,512,0,0,0.0,1.5687,nan,edge/x86_64,unknown,3.12.3,2026-10-09T18:44:41Z
131,ML-DSA-65,post-quantum,3,verify,0.1095,0.0,0.0,0.295,1952,4032,0,3309,512,0,0,0.0,1.6432,nan,edge/x86_64,unknown,3.12.3,2026-10-09T18:44:41Z
132,ML-DSA-65,post-quantum,3,keygen,0.1178,0.0,0.0,0.295,1952,4032,0,3309,0,0,0,0.0,1.7663,nan,edge/x86_64,unknown,3.12.3,2026-10-09T18:44:41Z
132,ML-DSA-65,post-quantum,3,sign,0.319,0.0,0.0,0.295,1952,4032,0,3309,512,0,0,0.0,4.7853,nan,edge/x86_64,unknown,3.12.3,2026-10-09T18:44:41Z
132,ML-DSA-65,post-quantum,3,verify,0.0943,0.0,0.0,0.295,1952,4032,0,3309,512,0,0,0.0,1.4148,nan,edge/x86_64,unknown,3.12.3,2026-10-09T18:44:41Z
133,ML-DSA-65,post-quantum,3,keygen,0.1347,0.0,0.0,0.295,1952,4032,0,3309,0,0,0,0.0,2.02,nan,edge/x86_64,unknown,3.12.3,2026-10-09T18:44:41Z
133,ML-DSA-65,post-quantum,3,sign,0.1629,0.0,0.0,0.295,1952,4032,0,3309,512,0,0,0.0,2.4438,nan,edge/x86_64,unknown,3.12.3,2026-10-09T18:44:41Z
133,ML-DSA-65,post-quantum,3,verify,0.087,0.0,0.0,0.295,1952,4032,0,3309,512,0,0,0.0,1.3047,nan,edge/x86_64,unknown,3.12.3,2026-10-09T18:44:41Z
134,ML-DSA-65,post-quantum,3,keygen,0.0966,0.0,0.0,0.295,1952,4032,0,3309,0,0,0,0.0,1.4483,nan,edge/x86_64,unknown,3.12.3,2026-10-09T18:44:41Z
134,ML-DSA-65,post-quantum,3,sign,0.228,0.0,0.0,0.295,1952,4032,0,3309,512,0,0,0.0,3.4194,nan,edge/x86_64,unknown,3.12.3,2026-10-09T18:44:41Z
134,ML-DSA-65,post-quantum,3,verify,0.0828,0.0,0.0,0.295,1952,4032,0,3309,512,0,0,0.0,1.2419,nan,edge/x86_64,unknown,3.12.3,2026-10-09T18:44:41Z
135,ML-DSA-65,post-quantum,3,keygen,0.0888,0.0,0.0,0.295,1952,4032,0,3309,0,0,0,0.0,1.3327,nan,edge/x86_64,unknown,3.12.3,2026-10-09T18:44:41Z
135,ML-DSA-65,post-quantum,3,sign,0.4108,0.0,0.0,0.295,1952,4032,0,3309,512,0,0,0.0,6.162,nan,edge/x86_64,unknown,3.12.3,2026-10-09T18:44:41Z
135,ML-DSA-65,post-quantum,3,verify,0.1091,0.0,0.0,0.295,1952,4032,0,3309,512,0,0,0.0,1.6368,nan,edge/x86_64,unknown,3.12.3,2026-10-09T18:44:41Z
136,ML-DSA-65,post-quantum,3,keygen,0.0881,0.0,0.0,0.295,1952,4032,0,3309,0,0,0,0.0,1.3215,nan,edge/x86_64,unknown,3.12.3,2026-10-09T18:44:41Z
136,ML-DSA-65,post-quantum,3,sign,0.0696,0.0,0.0,0.295,1952,4032,0,3309,512,0,0,0.0,1.0446,nan,edge/x86_64,unknown,3.12.3,2026-10-09T18:44:41Z
136,ML-DSA-65,post-quantum,3,verify,0.0506,0.0,0.0,0.295,1952,4032,0,3309,512,0,0,0.0,0.7594,nan,edge/x86_64,unknown,3.12.3,2026-10-09T18:44:41Z
137,ML-DSA-65,post-quantum,3,keygen,0.0548,0.0,0.0,0.295,1952,4032,0,3309,0,0,0,0.0,0.8225,nan,edge/x86_64,unknown,3.12.3,2026-10-09T18:44:41Z
137,ML-DSA-65,post-quantum,3,sign,0.1961,0.0,0.0,0.295,1952,4032,0,3309,512,0,0,0.0,2.9416,nan,edge/x86_64,unknown,3.12.3,2026-10-09T18:44:41Z
137,ML-DSA-65,post-quantum,3,verify,0.0816,0.0,0.0,0.295,1952,4032,0,3309,512,0,0,0.0,1.2241,nan,edge/x86_64,unknown,3.12.3,2026-10-09T18:44:41Z
138,ML-DSA-65,post-quantum,3,keygen,0.0579,0.0,0.0,0.295,1952,4032,0,3309,0,0,0,0.0,0.8686,nan,edge/x86_64,unknown,3.12.3,2026-10-09T18:44:41Z
138,ML-DSA-65,post-quantum,3,sign,0.0871,0.0,0.0,0.295,1952,4032,0,3309,512,0,0,0.0,1.3061,nan,edge/x86_64,unknown,3.12.3,2026-10-09T18:44:41Z
138,ML-DSA-65,post-quantum,3,verify,0.049,0.0,0.0,0.295,1952,4032,0,3309,512,0,0,0.0,0.7357,nan,edge/x86_64,unknown,3.12.3,2026-10-09T18:44:41Z
139,ML-DSA-65,post-quantum,3,keygen,0.0531,0.0,0.0,0.295,1952,4032,0,3309,0,0,0,0.0,0.797,nan,edge/x86_64,unknown,3.12.3,2026-10-09T18:44:41Z
139,ML-DSA-65,post-quantum,3,sign,0.1252,0.0,0.0,0.295,1952,4032,0,3309,512,0,0,0.0,1.8785,nan,edge/x86_64,unknown,3.12.3,2026-10-09T18:44:41Z
139,ML-DSA-65,post-quantum,3,verify,0.0485,0.0,0.0,0.295,1952,4032,0,3309,512,0,0,0.0,0.7278,nan,edge/x86_64,unknown,3.12.3,2026-10-09T18:44:41Z
140,ML-DSA-65,post-quantum,3,keygen,0.0531,0.0,0.0,0.295,1952,4032,0,3309,0,0,0,0.0,0.7964,nan,edge/x86_64,unknown,3.12.3,2026-10-09T18:44:41Z
140,ML-DSA-65,post-quantum,3,sign,0.1307,0.0,0.0,0.295,1952,4032,0,3309,512,0,0,0.0,1.9606,nan,edge/x86_64,unknown,3.12.3,2026-10-09T18:44:41Z
140,ML-DSA-65,post-quantum,3,verify,0.0504,0.0,0.0,0.295,1952,4032,0,3309,512,0,0,0.0,0.7553,nan,edge/x86_64,unknown,3.12.3,2026-10-09T18:44:41Z
141,ML-DSA-65,post-quantum,3,keygen,0.0527,0.0,0.0,0.295,1952,4032,0,3309,0,0,0,0.0,0.7902,nan,edge/x86_64,unknown,3.12.3,2026-10-09T18:44:41Z
141,ML-DSA-65,post-quantum,3,sign,0.0639,0.0,0.0,0.295,1952,4032,0,3309,512,0,0,0.0,0.9586,nan,edge/x86_64,unknown,3.12.3,2026-10-09T18:44:41Z
141,ML-DSA-65,post-quantum,3,verify,0.0486,0.0,0.0,0.295,1952,4032,0,3309,512,0,0,0.0,0.7286,nan,edge/x86_64,unknown,3.12.3,2026-10-09T18:44:41Z
142,ML-DSA-65,post-quantum,3,keygen,0.0686,0.0,0.0,0.295,1952,4032,0,3309,0,0,0,0.0,1.0288,nan,edge/x86_64,unknown,3.12.3,2026-10-09T18:44:41Z
142,ML-DSA-65,post-quantum,3,sign,0.1258,0.0,0.0,0.295,1952,4032,0,3309,512,0,0,0.0,1.8875,nan,edge/x86_64,unknown,3.12.3,2026-10-09T18:44:41Z
142,ML-DSA-65,post-quantum,3,verify,0.0485,0.0,0.0,0.295,1952,4032,0,3309,512,0,0,0.0,0.7279,nan,edge/x86_64,unknown,3.12.3,2026-10-09T18:44:41Z
143,ML-DSA-65,post-quantum,3,keygen,0.0526,0.0,0.0,0.295,1952,4032,0,3309,0,0,0,0.0,0.7883,nan,edge/x86_64,unknown,3.12.3,2026-10-09T18:44:41Z
143,ML-DSA-65,post-quantum,3,sign,0.093,0.0,0.0,0.295,1952,4032,0,3309,512,0,0,0.0,1.395,nan,edge/x86_64,unknown,3.12.3,2026-10-09T18:44:41Z
143,ML-DSA-65,post-quantum,3,verify,0.0493,0.0,0.0,0.295,1952,4032,0,3309,512,0,0,0.0,0.7401,nan,edge/x86_64,unknown,3.12.3,2026-10-09T18:44:41Z
144,ML-DSA-65,post-quantum,3,keygen,0.0531,0.0,0.0,0.295,1952,4032,0,3309,0,0,0,0.0,0.7972,nan,edge/x86_64,unknown,3.12.3,2026-10-09T18:44:41Z
144,ML-DSA-65,post-quantum,3,sign,0.1663,0.0,0.0,0.295,1952,4032,0,3309,512,0,0,0.0,2.494,nan,edge/x86_64,unknown,3.12.3,2026-10-09T18:44:41Z
144,ML-DSA-65,post-quantum,3,verify,0.0487,0.0,0.0,0.295,1952,4032,0,3309,512,0,0,0.0,0.7302,nan,edge/x86_64,unknown,3.12.3,2026-10-09T18:44:41Z
145,ML-DSA-65,post-quantum,3,keygen,0.053,0.0,0.0,0.295,1952,4032,0,3309,0,0,0,0.0,0.7951,nan,edge/x86_64,unknown,3.12.3,2026-10-09T18:44:41Z
145,ML-DSA-65,post-quantum,3,sign,0.0736,0.0,0.0,0.295,1952,4032,0,3309,512,0,0,0.0,1.1041,nan,edge/x86_64,unknown,3.12.3,2026-10-09T18:44:41Z
145,ML-DSA-65,post-quantum,3,verify,0.0483,0.0,0.0,0.295,1952,4032,0,3309,512,0,0,0.0,0.7239,nan,edge/x86_64,unknown,3.12.3,2026-10-09T18:44:41Z
146,ML-DSA-65,post-quantum,3,keygen,0.0838,0.0,0.0,0.295,1952,4032,0,3309,0,0,0,0.0,1.2577,nan,edge/x86_64,unknown,3.12.3,2026-10-09T18:44:41Z
146,ML-DSA-65,post-quantum,3,sign,0.1593,0.0,0.0,0.295,1952,4032,0,3309,512,0,0,0.0,2.3894,nan,edge/x86_64,unknown,3.12.3,2026-10-09T18:44:41Z
146,ML-DSA-65,post-quantum,3,verify,0.0518,0.0,0.0,0.295,1952,4032,0,3309,512,0,0,0.0,0.7763,nan,edge/x86_64,unknown,3.12.3,2026-10-09T18:44:41Z
147,ML-DSA-65,post-quantum,3,keygen,0.0547,0.0,0.0,0.295,1952,4032,0,3309,0,0,0,0.0,0.8205,nan,edge/x86_64,unknown,3.12.3,2026-10-09T18:44:41Z
147,ML-DSA-65,post-quantum,3,sign,0.1143,0.0,0.0,0.295,1952,4032,0,3309,512,0,0,0.0,1.714,nan,edge/x86_64,unknown,3.12.3,2026-10-09T18:44:41Z
147,ML-DSA-65,post-quantum,3,verify,0.0497,0.0,0.0,0.295,1952,4032,0,3309,512,0,0,0.0,0.7456,nan,edge/x86_64,unknown,3.12.3,2026-10-09T18:44:41Z
148,ML-DSA-65,post-quantum,3,keygen,0.0541,0.0,0.0,0.295,1952,4032,0,3309,0,0,0,0.0,0.8121,nan,edge/x86_64,unknown,3.12.3,2026-10-09T18:44:41Z
148,ML-DSA-65,post-quantum,3,sign,0.0644,0.0,0.0,0.295,1952,4032,0,3309,512,0,0,0.0,0.9667,nan,edge/x86_64,unknown,3.12.3,2026-10-09T18:44:41Z
148,ML-DSA-65,post-quantum,3,verify,0.052,0.0,0.0,0.295,1952,4032,0,3309,512,0,0,0.0,0.7796,nan,edge/x86_64,unknown,3.12.3,2026-10-09T18:44:41Z
149,ML-DSA-65,post-quantum,3,keygen,0.0547,0.0,0.0,0.295,1952,4032,0,3309,0,0,0,0.0,0.8204,nan,edge/x86_64,unknown,3.12.3,2026-10-09T18:44:41Z
149,ML-DSA-65,post-quantum,3,sign,0.0975,0.0,0.0,0.295,1952,4032,0,3309,512,0,0,0.0,1.463,nan,edge/x86_64,unknown,3.12.3,2026-10-09T18:44:41Z
149,ML-DSA-65,post-quantum,3,verify,0.0504,0.0,0.0,0.295,1952,4032,0,3309,512,0,0,0.0,0.7567,nan,edge/x86_64,unknown,3.12.3,2026-10-09T18:44:41Z
150,ML-DSA-65,post-quantum,3,keygen,0.0532,0.0,0.0,0.295,1952,4032,0,3309,0,0,0,0.0,0.7979,nan,edge/x86_64,unknown,3.12.3,2026-10-09T18:44:41Z
150,ML-DSA-65,post-quantum,3,sign,0.1902,0.0,0.0,0.295,1952,4032,0,3309,512,0,0,0.0,2.8525,nan,edge/x86_64,unknown,3.12.3,2026-10-09T18:44:41Z
150,ML-DSA-65,post-quantum,3,verify,0.0497,0.0,0.0,0.295,1952,4032,0,3309,512,0,0,0.0,0.7448,nan,edge/x86_64,unknown,3.12.3,2026-10-09T18:44:41Z
151,ML-DSA-65,post-quantum,3,keygen,0.0544,0.0,0.0,0.295,1952,4032,0,3309,0,0,0,0.0,0.8166,nan,edge/x86_64,unknown,3.12.3,2026-10-09T18:44:41Z
151,ML-DSA-65,post-quantum,3,sign,0.0969,0.0,0.0,0.295,1952,4032,0,3309,512,0,0,0.0,1.4532,nan,edge/x86_64,unknown,3.12.3,2026-10-09T18:44:41Z
151,ML-DSA-65,post-quantum,3,verify,0.0491,0.0,0.0,0.295,1952,4032,0,3309,512,0,0,0.0,0.7358,nan,edge/x86_64,unknown,3.12.3,2026-10-09T18:44:41Z
152,ML-DSA-65,post-quantum,3,keygen,0.053,0.0,0.0,0.295,1952,4032,0,3309,0,0,0,0.0,0.7946,nan,edge/x86_64,unknown,3.12.3,2026-10-09T18:44:41Z
152,ML-DSA-65,post-quantum,3,sign,0.1011,0.0,0.0,0.295,1952,4032,0,3309,512,0,0,0.0,1.5168,nan,edge/x86_64,unknown,3.12.3,2026-10-09T18:44:41Z
152,ML-DSA-65,post-quantum,3,verify,0.0998,0.0,0.0,0.295,1952,4032,0,3309,512,0,0,0.0,1.4972,nan,edge/x86_64,unknown,3.12.3,2026-10-09T18:44:41Z
153,ML-DSA-65,post-quantum,3,keygen,0.0666,0.0,0.0,0.295,1952,4032,0,3309,0,0,0,0.0,0.9993,nan,edge/x86_64,unknown,3.12.3,2026-10-09T18:44:41Z
153,ML-DSA-65,post-quantum,3,sign,0.0779,0.0,0.0,0.295,1952,4032,0,3309,512,0,0,0.0,1.1682,nan,edge/x86_64,unknown,3.12.3,2026-10-09T18:44:41Z
153,ML-DSA-65,post-quantum,3,verify,0.0495,0.0,0.0,0.295,1952,4032,0,3309,512,0,0,0.0,0.7431,nan,edge/x86_64,unknown,3.12.3,2026-10-09T18:44:41Z
154,ML-DSA-65,post-quantum,3,keygen,0.0529,0.0,0.0,0.295,1952,4032,0,3309,0,0,0,0.0,0.7929,nan,edge/x86_64,unknown,3.12.3,2026-10-09T18:44:41Z
154,ML-DSA-65,post-quantum,3,sign,0.2596,0.0,0.0,0.295,1952,4032,0,3309,512,0,0,0.0,3.894,nan,edge/x86_64,unknown,3.12.3,2026-10-09T18:44:41Z
154,ML-DSA-65,post-quantum,3,verify,0.0539,0.0,0.0,0.295,1952,4032,0,3309,512,0,0,0.0,0.8089,nan,edge/x86_64,unknown,3.12.3,2026-10-09T18:44:41Z
155,ML-DSA-65,post-quantum,3,keygen,0.0565,0.0,0.0,0.295,1952,4032,0,3309,0,0,0,0.0,0.8468,nan,edge/x86_64,unknown,3.12.3,2026-10-09T18:44:41Z
155,ML-DSA-65,post-quantum,3,sign,0.1705,0.0,0.0,0.295,1952,4032,0,3309,512,0,0,0.0,2.5577,nan,edge/x86_64,unknown,3.12.3,2026-10-09T18:44:41Z
155,ML-DSA-65,post-quantum,3,verify,0.0553,0.0,0.0,0.295,1952,4032,0,3309,512,0,0,0.0,0.83,nan,edge/x86_64,unknown,3.12.3,2026-10-09T18:44:41Z
156,ML-DSA-65,post-quantum,3,keygen,0.0533,0.0,0.0,0.295,1952,4032,0,3309,0,0,0,0.0,0.7996,nan,edge/x86_64,unknown,3.12.3,2026-10-09T18:44:41Z
156,ML-DSA-65,post-quantum,3,sign,0.0862,0.0,0.0,0.295,1952,4032,0,3309,512,0,0,0.0,1.2936,nan,edge/x86_64,unknown,3.12.3,2026-10-09T18:44:41Z
156,ML-DSA-65,post-quantum,3,verify,0.0485,0.0,0.0,0.295,1952,4032,0,3309,512,0,0,0.0,0.7282,nan,edge/x86_64,unknown,3.12.3,2026-10-09T18:44:41Z
157,ML-DSA-65,post-quantum,3,keygen,0.0529,0.0,0.0,0.295,1952,4032,0,3309,0,0,0,0.0,0.7941,nan,edge/x86_64,unknown,3.12.3,2026-10-09T18:44:41Z
157,ML-DSA-65,post-quantum,3,sign,0.0983,0.0,0.0,0.295,1952,4032,0,3309,512,0,0,0.0,1.4741,nan,edge/x86_64,unknown,3.12.3,2026-10-09T18:44:41Z
157,ML-DSA-65,post-quantum,3,verify,0.0487,0.0,0.0,0.295,1952,4032,0,3309,512,0,0,0.0,0.7305,nan,edge/x86_64,unknown,3.12.3,2026-10-09T18:44:41Z
158,ML-DSA-65,post-quantum,3,keygen,0.0675,0.0,0.0,0.295,1952,4032,0,3309,0,0,0,0.0,1.0125,nan,edge/x86_64,unknown,3.12.3,2026-10-09T18:44:41Z
158,ML-DSA-65,post-quantum,3,sign,0.0645,0.0,0.0,0.295,1952,4032,0,3309,512,0,0,0.0,0.9681,nan,edge/x86_64,unknown,3.12.3,2026-10-09T18:44:41Z
158,ML-DSA-65,post-quantum,3,verify,0.0582,0.0,0.0,0.295,1952,4032,0,3309,512,0,0,0.0,0.8729,nan,edge/x86_64,unknown,3.12.3,2026-10-09T18:44:41Z
159,ML-DSA-65,post-quantum,3,keygen,0.0547,0.0,0.0,0.295,1952,4032,0,3309,0,0,0,0.0,0.8211,nan,edge/x86_64,unknown,3.12.3,2026-10-09T18:44:41Z
159,ML-DSA-65,post-quantum,3,sign,0.0639,0.0,0.0,0.295,1952,4032,0,3309,512,0,0,0.0,0.9578,nan,edge/x86_64,unknown,3.12.3,2026-10-09T18:44:41Z
159,ML-DSA-65,post-quantum,3,verify,0.0485,0.0,0.0,0.295,1952,4032,0,3309,512,0,0,0.0,0.7273,nan,edge/x86_64,unknown,3.12.3,2026-10-09T18:44:41Z
160,ML-DSA-65,post-quantum,3,keygen,0.0525,0.0,0.0,0.295,1952,4032,0,3309,0,0,0,0.0,0.7868,nan,edge/x86_64,unknown,3.12.3,2026-10-09T18:44:41Z
160,ML-DSA-65,post-quantum,3,sign,0.0754,0.0,0.0,0.295,1952,4032,0,3309,512,0,0,0.0,1.131,nan,edge/x86_64,unknown,3.12.3,2026-10-09T18:44:41Z
160,ML-DSA-65,post-quantum,3,verify,0.0483,0.0,0.0,0.295,1952,4032,0,3309,512,0,0,0.0,0.7247,nan,edge/x86_64,unknown,3.12.3,2026-10-09T18:44:41Z
161,ML-DSA-65,post-quantum,3,keygen,0.0524,0.0,0.0,0.295,1952,4032,0,3309,0,0,0,0.0,0.7856,nan,edge/x86_64,unknown,3.12.3,2026-10-09T18:44:41Z
161,ML-DSA-65,post-quantum,3,sign,0.0826,0.0,0.0,0.295,1952,4032,0,3309,512,0,0,0.0,1.2394,nan,edge/x86_64,unknown,3.12.3,2026-10-09T18:44:41Z
161,ML-DSA-65,post-quantum,3,verify,0.0505,0.0,0.0,0.295,1952,4032,0,3309,512,0,0,0.0,0.7573,nan,edge/x86_64,unknown,3.12.3,2026-10-09T18:44:41Z
162,ML-DSA-65,post-quantum,3,keygen,0.057,0.0,0.0,0.295,1952,4032,0,3309,0,0,0,0.0,0.8551,nan,edge/x86_64,unknown,3.12.3,2026-10-09T18:44:41Z
162,ML-DSA-65,post-quantum,3,sign,0.064,0.0,0.0,0.295,1952,4032,0,3309,512,0,0,0.0,0.9594,nan,edge/x86_64,unknown,3.12.3,2026-10-09T18:44:41Z
162,ML-DSA-65,post-quantum,3,verify,0.0484,0.0,0.0,0.295,1952,4032,0,3309,512,0,0,0.0,0.7267,nan,edge/x86_64,unknown,3.12.3,2026-10-09T18:44:41Z
163,ML-DSA-65,post-quantum,3,keygen,0.0977,0.0,0.0,0.295,1952,4032,0,3309,0,0,0,0.0,1.4658,nan,edge/x86_64,unknown,3.12.3,2026-10-09T18:44:41Z
163,ML-DSA-65,post-quantum,3,sign,0.1424,0.0,0.0,0.295,1952,4032,0,3309,512,0,0,0.0,2.1357,nan,edge/x86_64,unknown,3.12.3,2026-10-09T18:44:41Z
163,ML-DSA-65,post-quantum,3,verify,0.0506,0.0,0.0,0.295,1952,4032,0,3309,512,0,0,0.0,0.7587,nan,edge/x86_64,unknown,3.12.3,2026-10-09T18:44:41Z
164,ML-DSA-65,post-quantum,3,keygen,0.0544,0.0,0.0,0.295,1952,4032,0,3309,0,0,0,0.0,0.8156,nan,edge/x86_64,unknown,3.12.3,2026-10-09T18:44:41Z
164,ML-DSA-65,post-quantum,3,sign,0.1093,0.0,0.0,0.295,1952,4032,0,3309,512,0,0,0.0,1.6402,nan,edge/x86_64,unknown,3.12.3,2026-10-09T18:44:41Z
164,ML-DSA-65,post-quantum,3,verify,0.0489,0.0,0.0,0.295,1952,4032,0,3309,512,0,0,0.0,0.7335,nan,edge/x86_64,unknown,3.12.3,2026-10-09T18:44:41Z
165,ML-DSA-65,post-quantum,3,keygen,0.0537,0.0,0.0,0.295,1952,4032,0,3309,0,0,0,0.0,0.806,nan,edge/x86_64,unknown,3.12.3,2026-10-09T18:44:41Z
165,ML-DSA-65,post-quantum,3,sign,0.086,0.0,0.0,0.295,1952,4032,0,3309,512,0,0,0.0,1.2898,nan,edge/x86_64,unknown,3.12.3,2026-10-09T18:44:41Z
165,ML-DSA-65,post-quantum,3,verify,0.0491,0.0,0.0,0.295,1952,4032,0,3309,512,0,0,0.0,0.7361,nan,edge/x86_64,unknown,3.12.3,2026-10-09T18:44:41Z
166,ML-DSA-65,post-quantum,3,keygen,0.0521,0.0,0.0,0.295,1952,4032,0,3309,0,0,0,0.0,0.7819,nan,edge/x86_64,unknown,3.12.3,2026-10-09T18:44:41Z
166,ML-DSA-65,post-quantum,3,sign,0.3314,0.0,0.0,0.295,1952,4032,0,3309,512,0,0,0.0,4.971,nan,edge/x86_64,unknown,3.12.3,2026-10-09T18:44:41Z
166,ML-DSA-65,post-quantum,3,verify,0.0498,0.0,0.0,0.295,1952,4032,0,3309,512,0,0,0.0,0.7474,nan,edge/x86_64,unknown,3.12.3,2026-10-09T18:44:41Z
167,ML-DSA-65,post-quantum,3,keygen,0.0535,0.0,0.0,0.295,1952,4032,0,3309,0,0,0,0.0,0.8018,nan,edge/x86_64,unknown,3.12.3,2026-10-09T18:44:41Z
167,ML-DSA-65,post-quantum,3,sign,0.2794,0.0,0.0,0.295,1952,4032,0,3309,512,0,0,0.0,4.1908,nan,edge/x86_64,unknown,3.12.3,2026-10-09T18:44:41Z
167,ML-DSA-65,post-quantum,3,verify,0.051,0.0,0.0,0.295,1952,4032,0,3309,512,0,0,0.0,0.7647,nan,edge/x86_64,unknown,3.12.3,2026-10-09T18:44:41Z
168,ML-DSA-65,post-quantum,3,keygen,0.0543,0.0,0.0,0.295,1952,4032,0,3309,0,0,0,0.0,0.8138,nan,edge/x86_64,unknown,3.12.3,2026-10-09T18:44:41Z
168,ML-DSA-65,post-quantum,3,sign,0.0642,0.0,0.0,0.295,1952,4032,0,3309,512,0,0,0.0,0.9627,nan,edge/x86_64,unknown,3.12.3,2026-10-09T18:44:41Z
168,ML-DSA-65,post-quantum,3,verify,0.053,0.0,0.0,0.295,1952,4032,0,3309,512,0,0,0.0,0.7946,nan,edge/x86_64,unknown,3.12.3,2026-10-09T18:44:41Z
169,ML-DSA-65,post-quantum,3,keygen,0.0528,0.0,0.0,0.295,1952,4032,0,3309,0,0,0,0.0,0.7919,nan,edge/x86_64,unknown,3.12.3,2026-10-09T18:44:41Z
169,ML-DSA-65,post-quantum,3,sign,0.0649,0.0,0.0,0.295,1952,4032,0,3309,512,0,0,0.0,0.9742,nan,edge/x86_64,unknown,3.12.3,2026-10-09T18:44:41Z
169,ML-DSA-65,post-quantum,3,verify,0.0492,0.0,0.0,0.295,1952,4032,0,3309,512,0,0,0.0,0.7382,nan,edge/x86_64,unknown,3.12.3,2026-10-09T18:44:41Z
170,ML-DSA-65,post-quantum,3,keygen,0.0524,0.0,0.0,0.295,1952,4032,0,3309,0,0,0,0.0,0.7861,nan,edge/x86_64,unknown,3.12.3,2026-10-09T18:44:41Z
170,ML-DSA-65,post-quantum,3,sign,0.267,0.0,0.0,0.295,1952,4032,0,3309,512,0,0,0.0,4.0053,nan,edge/x86_64,unknown,3.12.3,2026-10-09T18:44:41Z
170,ML-DSA-65,post-quantum,3,verify,0.0606,0.0,0.0,0.295,1952,4032,0,3309,512,0,0,0.0,0.9084,nan,edge/x86_64,unknown,3.12.3,2026-10-09T18:44:41Z
171,ML-DSA-65,post-quantum,3,keygen,0.0624,0.0,0.0,0.295,1952,4032,0,3309,0,0,0,0.0,0.936,nan,edge/x86_64,unknown,3.12.3,2026-10-09T18:44:41Z
171,ML-DSA-65,post-quantum,3,sign,0.1265,0.0,0.0,0.295,1952,4032,0,3309,512,0,0,0.0,1.8978,nan,edge/x86_64,unknown,3.12.3,2026-10-09T18:44:41Z
171,ML-DSA-65,post-quantum,3,verify,0.049,0.0,0.0,0.295,1952,4032,0,3309,512,0,0,0.0,0.7344,nan,edge/x86_64,unknown,3.12.3,2026-10-09T18:44:41Z
172,ML-DSA-65,post-quantum,3,keygen,0.0639,0.0,0.0,0.295,1952,4032,0,3309,0,0,0,0.0,0.9591,nan,edge/x86_64,unknown,3.12.3,2026-10-09T18:44:41Z
172,ML-DSA-65,post-quantum,3,sign,0.1541,0.0,0.0,0.295,1952,4032,0,3309,512,0,0,0.0,2.3115,nan,edge/x86_64,unknown,3.12.3,2026-10-09T18:44:41Z
172,ML-DSA-65,post-quantum,3,verify,0.0495,0.0,0.0,0.295,1952,4032,0,3309,512,0,0,0.0,0.7427,nan,edge/x86_64,unknown,3.12.3,2026-10-09T18:44:41Z
173,ML-DSA-65,post-quantum,3,keygen,0.0528,0.0,0.0,0.295,1952,4032,0,3309,0,0,0,0.0,0.7913,nan,edge/x86_64,unknown,3.12.3,2026-10-09T18:44:41Z
173,ML-DSA-65,post-quantum,3,sign,0.0877,0.0,0.0,0.295,1952,4032,0,3309,512,0,0,0.0,1.3149,nan,edge/x86_64,unknown,3.12.3,2026-10-09T18:44:41Z
173,ML-DSA-65,post-quantum,3,verify,0.0611,0.0,0.0,0.295,1952,4032,0,3309,512,0,0,0.0,0.9161,nan,edge/x86_64,unknown,3.12.3,2026-10-09T18:44:41Z
174,ML-DSA-65,post-quantum,3,keygen,0.054,0.0,0.0,0.295,1952,4032,0,3309,0,0,0,0.0,0.8098,nan,edge/x86_64,unknown,3.12.3,2026-10-09T18:44:41Z
174,ML-DSA-65,post-quantum,3,sign,0.0865,0.0,0.0,0.295,1952,4032,0,3309,512,0,0,0.0,1.297,nan,edge/x86_64,unknown,3.12.3,2026-10-09T18:44:41Z
174,ML-DSA-65,post-quantum,3,verify,0.0484,0.0,0.0,0.295,1952,4032,0,3309,512,0,0,0.0,0.7262,nan,edge/x86_64,unknown,3.12.3,2026-10-09T18:44:41Z
175,ML-DSA-65,post-quantum,3,keygen,0.0524,0.0,0.0,0.295,1952,4032,0,3309,0,0,0,0.0,0.7865,nan,edge/x86_64,unknown,3.12.3,2026-10-09T18:44:41Z
175,ML-DSA-65,post-quantum,3,sign,0.0687,0.0,0.0,0.295,1952,4032,0,3309,512,0,0,0.0,1.0307,nan,edge/x86_64,unknown,3.12.3,2026-10-09T18:44:41Z
175,ML-DSA-65,post-quantum,3,verify,0.0496,0.0,0.0,0.295,1952,4032,0,3309,512,0,0,0.0,0.7437,nan,edge/x86_64,unknown,3.12.3,2026-10-09T18:44:41Z
176,ML-DSA-65,post-quantum,3,keygen,0.054,0.0,0.0,0.295,1952,4032,0,3309,0,0,0,0.0,0.8106,nan,edge/x86_64,unknown,3.12.3,2026-10-09T18:44:41Z
176,ML-DSA-65,post-quantum,3,sign,0.0638,0.0,0.0,0.295,1952,4032,0,3309,512,0,0,0.0,0.9567,nan,edge/x86_64,unknown,3.12.3,2026-10-09T18:44:41Z
176,ML-DSA-65,post-quantum,3,verify,0.049,0.0,0.0,0.295,1952,4032,0,3309,512,0,0,0.0,0.7347,nan,edge/x86_64,unknown,3.12.3,2026-10-09T18:44:41Z
177,ML-DSA-65,post-quantum,3,keygen,0.0557,0.0,0.0,0.295,1952,4032,0,3309,0,0,0,0.0,0.8352,nan,edge/x86_64,unknown,3.12.3,2026-10-09T18:44:41Z
177,ML-DSA-65,post-quantum,3,sign,0.1353,0.0,0.0,0.295,1952,4032,0,3309,512,0,0,0.0,2.0296,nan,edge/x86_64,unknown,3.12.3,2026-10-09T18:44:41Z
177,ML-DSA-65,post-quantum,3,verify,0.0492,0.0,0.0,0.295,1952,4032,0,3309,512,0,0,0.0,0.7387,nan,edge/x86_64,unknown,3.12.3,2026-10-09T18:44:41Z
178,ML-DSA-65,post-quantum,3,keygen,0.0529,0.0,0.0,0.295,1952,4032,0,3309,0,0,0,0.0,0.793,nan,edge/x86_64,unknown,3.12.3,2026-10-09T18:44:41Z
178,ML-DSA-65,post-quantum,3,sign,0.1509,0.0,0.0,0.295,1952,4032,0,3309,512,0,0,0.0,2.2631,nan,edge/x86_64,unknown,3.12.3,2026-10-09T18:44:41Z
178,ML-DSA-65,post-quantum,3,verify,0.0537,0.0,0.0,0.295,1952,4032,0,3309,512,0,0,0.0,0.8061,nan,edge/x86_64,unknown,3.12.3,2026-10-09T18:44:41Z
179,ML-DSA-65,post-quantum,3,keygen,0.058,0.0,0.0,0.295,1952,4032,0,3309,0,0,0,0.0,0.8694,nan,edge/x86_64,unknown,3.12.3,2026-10-09T18:44:41Z
179,ML-DSA-65,post-quantum,3,sign,0.0646,0.0,0.0,0.295,1952,4032,0,3309,512,0,0,0.0,0.9686,nan,edge/x86_64,unknown,3.12.3,2026-10-09T18:44:41Z
179,ML-DSA-65,post-quantum,3,verify,0.0611,0.0,0.0,0.295,1952,4032,0,3309,512,0,0,0.0,0.9164,nan,edge/x86_64,unknown,3.12.3,2026-10-09T18:44:41Z
180,ML-DSA-65,post-quantum,3,keygen,0.0536,0.0,0.0,0.295,1952,4032,0,3309,0,0,0,0.0,0.8046,nan,edge/x86_64,unknown,3.12.3,2026-10-09T18:44:41Z
180,ML-DSA-65,post-quantum,3,sign,0.0637,0.0,0.0,0.295,1952,4032,0,3309,512,0,0,0.0,0.9553,nan,edge/x86_64,unknown,3.12.3,2026-10-09T18:44:41Z
180,ML-DSA-65,post-quantum,3,verify,0.0653,0.0,0.0,0.295,1952,4032,0,3309,512,0,0,0.0,0.9792,nan,edge/x86_64,unknown,3.12.3,2026-10-09T18:44:41Z
181,ML-DSA-65,post-quantum,3,keygen,0.0606,0.0,0.0,0.295,1952,4032,0,3309,0,0,0,0.0,0.9086,nan,edge/x86_64,unknown,3.12.3,2026-10-09T18:44:41Z
181,ML-DSA-65,post-quantum,3,sign,0.1222,0.0,0.0,0.295,1952,4032,0,3309,512,0,0,0.0,1.8335,nan,edge/x86_64,unknown,3.12.3,2026-10-09T18:44:41Z
181,ML-DSA-65,post-quantum,3,verify,0.0496,0.0,0.0,0.295,1952,4032,0,3309,512,0,0,0.0,0.7434,nan,edge/x86_64,unknown,3.12.3,2026-10-09T18:44:41Z
182,ML-DSA-65,post-quantum,3,keygen,0.0529,0.0,0.0,0.295,1952,4032,0,3309,0,0,0,0.0,0.7929,nan,edge/x86_64,unknown,3.12.3,2026-10-09T18:44:41Z
182,ML-DSA-65,post-quantum,3,sign,0.1315,0.0,0.0,0.295,1952,4032,0,3309,512,0,0,0.0,1.9724,nan,edge/x86_64,unknown,3.12.3,2026-10-09T18:44:41Z
182,ML-DSA-65,post-quantum,3,verify,0.0701,0.0,0.0,0.295,1952,4032,0,3309,512,0,0,0.0,1.051,nan,edge/x86_64,unknown,3.12.3,2026-10-09T18:44:41Z
183,ML-DSA-65,post-quantum,3,keygen,0.0557,0.0,0.0,0.295,1952,4032,0,3309,0,0,0,0.0,0.8359,nan,edge/x86_64,unknown,3.12.3,2026-10-09T18:44:41Z
183,ML-DSA-65,post-quantum,3,sign,0.1971,0.0,0.0,0.295,1952,4032,0,3309,512,0,0,0.0,2.9565,nan,edge/x86_64,unknown,3.12.3,2026-10-09T18:44:41Z
183,ML-DSA-65,post-quantum,3,verify,0.0488,0.0,0.0,0.295,1952,4032,0,3309,512,0,0,0.0,0.7322,nan,edge/x86_64,unknown,3.12.3,2026-10-09T18:44:41Z
184,ML-DSA-65,post-quantum,3,keygen,0.0531,0.0,0.0,0.295,1952,4032,0,3309,0,0,0,0.0,0.7967,nan,edge/x86_64,unknown,3.12.3,2026-10-09T18:44:41Z
184,ML-DSA-65,post-quantum,3,sign,0.0743,0.0,0.0,0.295,1952,4032,0,3309,512,0,0,0.0,1.1139,nan,edge/x86_64,unknown,3.12.3,2026-10-09T18:44:41Z
184,ML-DSA-65,post-quantum,3,verify,0.0482,0.0,0.0,0.295,1952,4032,0,3309,512,0,0,0.0,0.7226,nan,edge/x86_64,unknown,3.12.3,2026-10-09T18:44:41Z
185,ML-DSA-65,post-quantum,3,keygen,0.0527,0.0,0.0,0.295,1952,4032,0,3309,0,0,0,0.0,0.79,nan,edge/x86_64,unknown,3.12.3,2026-10-09T18:44:41Z
185,ML-DSA-65,post-quantum,3,sign,0.3366,0.0,0.0,0.295,1952,4032,0,3309,512,0,0,0.0,5.0492,nan,edge/x86_64,unknown,3.12.3,2026-10-09T18:44:41Z
185,ML-DSA-65,post-quantum,3,verify,0.0618,0.0,0.0,0.295,1952,4032,0,3309,512,0,0,0.0,0.9266,nan,edge/x86_64,unknown,3.12.3,2026-10-09T18:44:41Z
186,ML-DSA-65,post-quantum,3,keygen,0.0842,0.0,0.0,0.295,1952,4032,0,3309,0,0,0,0.0,1.2624,nan,edge/x86_64,unknown,3.12.3,2026-10-09T18:44:41Z
186,ML-DSA-65,post-quantum,3,sign,0.0688,0.0,0.0,0.295,1952,4032,0,3309,512,0,0,0.0,1.0319,nan,edge/x86_64,unknown,3.12.3,2026-10-09T18:44:41Z
186,ML-DSA-65,post-quantum,3,verify,0.0511,0.0,0.0,0.295,1952,4032,0,3309,512,0,0,0.0,0.7662,nan,edge/x86_64,unknown,3.12.3,2026-10-09T18:44:41Z
187,ML-DSA-65,post-quantum,3,keygen,0.0996,0.0,0.0,0.295,1952,4032,0,3309,0,0,0,0.0,1.4943,nan,edge/x86_64,unknown,3.12.3,2026-10-09T18:44:41Z
187,ML-DSA-65,post-quantum,3,sign,0.0733,0.0,0.0,0.295,1952,4032,0,3309,512,0,0,0.0,1.0995,nan,edge/x86_64,unknown,3.12.3,2026-10-09T18:44:41Z
187,ML-DSA-65,post-quantum,3,verify,0.0508,0.0,0.0,0.295,1952,4032,0,3309,512,0,0,0.0,0.7626,nan,edge/x86_64,unknown,3.12.3,2026-10-09T18:44:41Z
188,ML-DSA-65,post-quantum,3,keygen,0.0543,0.0,0.0,0.295,1952,4032,0,3309,0,0,0,0.0,0.8149,nan,edge/x86_64,unknown,3.12.3,2026-10-09T18:44:41Z
188,ML-DSA-65,post-quantum,3,sign,0.0765,0.0,0.0,0.295,1952,4032,0,3309,512,0,0,0.0,1.1476,nan,edge/x86_64,unknown,3.12.3,2026-10-09T18:44:41Z
188,ML-DSA-65,post-quantum,3,verify,0.049,0.0,0.0,0.295,1952,4032,0,3309,512,0,0,0.0,0.7346,nan,edge/x86_64,unknown,3.12.3,2026-10-09T18:44:41Z
189,ML-DSA-65,post-quantum,3,keygen,0.0664,0.0,0.0,0.295,1952,4032,0,3309,0,0,0,0.0,0.9954,nan,edge/x86_64,unknown,3.12.3,2026-10-09T18:44:41Z
189,ML-DSA-65,post-quantum,3,sign,0.0646,0.0,0.0,0.295,1952,4032,0,3309,512,0,0,0.0,0.9691,nan,edge/x86_64,unknown,3.12.3,2026-10-09T18:44:41Z
189,ML-DSA-65,post-quantum,3,verify,0.0491,0.0,0.0,0.295,1952,4032,0,3309,512,0,0,0.0,0.7366,nan,edge/x86_64,unknown,3.12.3,2026-10-09T18:44:41Z
190,ML-DSA-65,post-quantum,3,keygen,0.0531,0.0,0.0,0.295,1952,4032,0,3309,0,0,0,0.0,0.796,nan,edge/x86_64,unknown,3.12.3,2026-10-09T18:44:41Z
190,ML-DSA-65,post-quantum,3,sign,0.064,0.0,0.0,0.295,1952,4032,0,3309,512,0,0,0.0,0.9607,nan,edge/x86_64,unknown,3.12.3,2026-10-09T18:44:41Z
190,ML-DSA-65,post-quantum,3,verify,0.1102,0.0,0.0,0.295,1952,4032,0,3309,512,0,0,0.0,1.6532,nan,edge/x86_64,unknown,3.12.3,2026-10-09T18:44:41Z
191,ML-DSA-65,post-quantum,3,keygen,0.0635,0.0,0.0,0.295,1952,4032,0,3309,0,0,0,0.0,0.9528,nan,edge/x86_64,unknown,3.12.3,2026-10-09T18:44:41Z
191,ML-DSA-65,post-quantum,3,sign,0.0897,0.0,0.0,0.295,1952,4032,0,3309,512,0,0,0.0,1.3458,nan,edge/x86_64,unknown,3.12.3,2026-10-09T18:44:41Z
191,ML-DSA-65,post-quantum,3,verify,0.0509,0.0,0.0,0.295,1952,4032,0,3309,512,0,0,0.0,0.7638,nan,edge/x86_64,unknown,3.12.3,2026-10-09T18:44:41Z
192,ML-DSA-65,post-quantum,3,keygen,0.0803,0.0,0.0,0.295,1952,4032,0,3309,0,0,0,0.0,1.2038,nan,edge/x86_64,unknown,3.12.3,2026-10-09T18:44:41Z
192,ML-DSA-65,post-quantum,3,sign,0.2021,0.0,0.0,0.295,1952,4032,0,3309,512,0,0,0.0,3.031,nan,edge/x86_64,unknown,3.12.3,2026-10-09T18:44:41Z
192,ML-DSA-65,post-quantum,3,verify,0.0533,0.0,0.0,0.295,1952,4032,0,3309,512,0,0,0.0,0.7996,nan,edge/x86_64,unknown,3.12.3,2026-10-09T18:44:41Z
193,ML-DSA-65,post-quantum,3,keygen,0.056,0.0,0.0,0.295,1952,4032,0,3309,0,0,0,0.0,0.8398,nan,edge/x86_64,unknown,3.12.3,2026-10-09T18:44:41Z
193,ML-DSA-65,post-quantum,3,sign,0.1695,0.0,0.0,0.295,1952,4032,0,3309,512,0,0,0.0,2.5428,nan,edge/x86_64,unknown,3.12.3,2026-10-09T18:44:41Z
193,ML-DSA-65,post-quantum,3,verify,0.0489,0.0,0.0,0.295,1952,4032,0,3309,512,0,0,0.0,0.7336,nan,edge/x86_64,unknown,3.12.3,2026-10-09T18:44:41Z
194,ML-DSA-65,post-quantum,3,keygen,0.1096,0.0,0.0,0.295,1952,4032,0,3309,0,0,0,0.0,1.6442,nan,edge/x86_64,unknown,3.12.3,2026-10-09T18:44:41Z
194,ML-DSA-65,post-quantum,3,sign,0.1537,0.0,0.0,0.295,1952,4032,0,3309,512,0,0,0.0,2.3048,nan,edge/x86_64,unknown,3.12.3,2026-10-09T18:44:41Z
194,ML-DSA-65,post-quantum,3,verify,0.0506,0.0,0.0,0.295,1952,4032,0,3309,512,0,0,0.0,0.7596,nan,edge/x86_64,unknown,3.12.3,2026-10-09T18:44:41Z
195,ML-DSA-65,post-quantum,3,keygen,0.0538,0.0,0.0,0.295,1952,4032,0,3309,0,0,0,0.0,0.8075,nan,edge/x86_64,unknown,3.12.3,2026-10-09T18:44:41Z
195,ML-DSA-65,post-quantum,3,sign,0.0641,0.0,0.0,0.295,1952,4032,0,3309,512,0,0,0.0,0.9609,nan,edge/x86_64,unknown,3.12.3,2026-10-09T18:44:41Z
195,ML-DSA-65,post-quantum,3,verify,0.0578,0.0,0.0,0.295,1952,4032,0,3309,512,0,0,0.0,0.8669,nan,edge/x86_64,unknown,3.12.3,2026-10-09T18:44:41Z
196,ML-DSA-65,post-quantum,3,keygen,0.2713,0.0,0.0,0.295,1952,4032,0,3309,0,0,0,0.0,4.0701,nan,edge/x86_64,unknown,3.12.3,2026-10-09T18:44:41Z
196,ML-DSA-65,post-quantum,3,sign,0.33,0.0,0.0,0.295,1952,4032,0,3309,512,0,0,0.0,4.9498,nan,edge/x86_64,unknown,3.12.3,2026-10-09T18:44:41Z
196,ML-DSA-65,post-quantum,3,verify,0.0984,0.0,0.0,0.295,1952,4032,0,3309,512,0,0,0.0,1.4759,nan,edge/x86_64,unknown,3.12.3,2026-10-09T18:44:41Z
197,ML-DSA-65,post-quantum,3,keygen,0.0993,0.0,0.0,0.295,1952,4032,0,3309,0,0,0,0.0,1.49,nan,edge/x86_64,unknown,3.12.3,2026-10-09T18:44:41Z
197,ML-DSA-65,post-quantum,3,sign,0.3395,0.0,0.0,0.295,1952,4032,0,3309,512,0,0,0.0,5.0919,nan,edge/x86_64,unknown,3.12.3,2026-10-09T18:44:41Z
197,ML-DSA-65,post-quantum,3,verify,0.0884,0.0,0.0,0.295,1952,4032,0,3309,512,0,0,0.0,1.3261,nan,edge/x86_64,unknown,3.12.3,2026-10-09T18:44:41Z
198,ML-DSA-65,post-quantum,3,keygen,0.0966,0.0,0.0,0.295,1952,4032,0,3309,0,0,0,0.0,1.4497,nan,edge/x86_64,unknown,3.12.3,2026-10-09T18:44:41Z
198,ML-DSA-65,post-quantum,3,sign,0.1852,0.0,0.0,0.295,1952,4032,0,3309,512,0,0,0.0,2.7773,nan,edge/x86_64,unknown,3.12.3,2026-10-09T18:44:41Z
198,ML-DSA-65,post-quantum,3,verify,0.091,0.0,0.0,0.295,1952,4032,0,3309,512,0,0,0.0,1.3653,nan,edge/x86_64,unknown,3.12.3,2026-10-09T18:44:41Z
199,ML-DSA-65,post-quantum,3,keygen,0.1145,0.0,0.0,0.295,1952,4032,0,3309,0,0,0,0.0,1.717,nan,edge/x86_64,unknown,3.12.3,2026-10-09T18:44:41Z
199,ML-DSA-65,post-quantum,3,sign,0.2207,0.0,0.0,0.295,1952,4032,0,3309,512,0,0,0.0,3.3101,nan,edge/x86_64,unknown,3.12.3,2026-10-09T18:44:41Z
199,ML-DSA-65,post-quantum,3,verify,0.0887,0.0,0.0,0.295,1952,4032,0,3309,512,0,0,0.0,1.331,nan,edge/x86_64,unknown,3.12.3,2026-10-09T18:44:41Z
0,ML-DSA-87,post-quantum,5,keygen,0.2624,0.0,0.0,0.365,2592,4896,0,4627,0,0,0,0.0,3.9366,nan,edge/x86_64,unknown,3.12.3,2026-10-09T18:44:41Z
0,ML-DSA-87,post-quantum,5,sign,0.2282,0.0,0.0,0.365,2592,4896,0,4627,512,0,0,0.0,3.4228,nan,edge/x86_64,unknown,3.12.3,2026-10-09T18:44:41Z
0,ML-DSA-87,post-quantum,5,verify,0.1642,0.0,0.0,0.365,2592,4896,0,4627,512,0,0,0.0,2.4628,nan,edge/x86_64,unknown,3.12.3,2026-10-09T18:44:41Z
1,ML-DSA-87,post-quantum,5,keygen,0.1491,0.0,0.0,0.365,2592,4896,0,4627,0,0,0,0.0,2.2362,nan,edge/x86_64,unknown,3.12.3,2026-10-09T18:44:41Z
1,ML-DSA-87,post-quantum,5,sign,0.219,0.0,0.0,0.365,2592,4896,0,4627,512,0,0,0.0,3.2847,nan,edge/x86_64,unknown,3.12.3,2026-10-09T18:44:41Z
1,ML-DSA-87,post-quantum,5,verify,0.123,0.0,0.0,0.365,2592,4896,0,4627,512,0,0,0.0,1.8457,nan,edge/x86_64,unknown,3.12.3,2026-10-09T18:44:41Z
2,ML-DSA-87,post-quantum,5,keygen,0.1358,0.0,0.0,0.365,2592,4896,0,4627,0,0,0,0.0,2.0369,nan,edge/x86_64,unknown,3.12.3,2026-10-09T18:44:41Z
2,ML-DSA-87,post-quantum,5,sign,0.2367,0.0,0.0,0.365,2592,4896,0,4627,512,0,0,0.0,3.5509,nan,edge/x86_64,unknown,3.12.3,2026-10-09T18:44:41Z
2,ML-DSA-87,post-quantum,5,verify,0.1241,0.0,0.0,0.365,2592,4896,0,4627,512,0,0,0.0,1.8622,nan,edge/x86_64,unknown,3.12.3,2026-10-09T18:44:41Z
3,ML-DSA-87,post-quantum,5,keygen,0.1687,0.0,0.0,0.365,2592,4896,0,4627,0,0,0,0.0,2.5305,nan,edge/x86_64,unknown,3.12.3,2026-10-09T18:44:41Z
3,ML-DSA-87,post-quantum,5,sign,0.1861,0.0,0.0,0.365,2592,4896,0,4627,512,0,0,0.0,2.7914,nan,edge/x86_64,unknown,3.12.3,2026-10-09T18:44:41Z
3,ML-DSA-87,post-quantum,5,verify,0.1419,0.0,0.0,0.365,2592,4896,0,4627,512,0,0,0.0,2.1281,nan,edge/x86_64,unknown,3.12.3,2026-10-09T18:44:41Z
4,ML-DSA-87,post-quantum,5,keygen,0.1516,0.0,0.0,0.365,2592,4896,0,4627,0,0,0,0.0,2.2739,nan,edge/x86_64,unknown,3.12.3,2026-10-09T18:44:41Z
4,ML-DSA-87,post-quantum,5,sign,0.2329,0.0,0.0,0.365,2592,4896,0,4627,512,0,0,0.0,3.4928,nan,edge/x86_64,unknown,3.12.3,2026-10-09T18:44:41Z
4,ML-DSA-87,post-quantum,5,verify,0.1264,0.0,0.0,0.365,2592,4896,0,4627,512,0,0,0.0,1.8959,nan,edge/x86_64,unknown,3.12.3,2026-10-09T18:44:41Z
5,ML-DSA-87,post-quantum,5,keygen,0.1326,0.0,0.0,0.365,2592,4896,0,4627,0,0,0,0.0,1.9888,nan,edge/x86_64,unknown,3.12.3,2026-10-09T18:44:41Z
5,ML-DSA-87,post-quantum,5,sign,0.3846,0.0,0.0,0.365,2592,4896,0,4627,512,0,0,0.0,5.7686,nan,edge/x86_64,unknown,3.12.3,2026-10-09T18:44:41Z
5,ML-DSA-87,post-quantum,5,verify,0.1459,0.0,0.0,0.365,2592,4896,0,4627,512,0,0,0.0,2.1878,nan,edge/x86_64,unknown,3.12.3,2026-10-09T18:44:41Z
6,ML-DSA-87,post-quantum,5,keygen,0.1315,0.0,0.0,0.365,2592,4896,0,4627,0,0,0,0.0,1.9721,nan,edge/x86_64,unknown,3.12.3,2026-10-09T18:44:41Z
6,ML-DSA-87,post-quantum,5,sign,0.4458,0.0,0.0,0.365,2592,4896,0,4627,512,0,0,0.0,6.6867,nan,edge/x86_64,unknown,3.12.3,2026-10-09T18:44:41Z
6,ML-DSA-87,post-quantum,5,verify,0.1401,0.0,0.0,0.365,2592,4896,0,4627,512,0,0,0.0,2.1014,nan,edge/x86_64,unknown,3.12.3,2026-10-09T18:44:41Z
7,ML-DSA-87,post-quantum,5,keygen,0.1374,0.0,0.0,0.365,2592,4896,0,4627,0,0,0,0.0,2.0604,nan,edge/x86_64,unknown,3.12.3,2026-10-09T18:44:41Z
7,ML-DSA-87,post-quantum,5,sign,0.4181,0.0,0.0,0.365,2592,4896,0,4627,512,0,0,0.0,6.2718,nan,edge/x86_64,unknown,3.12.3,2026-10-09T18:44:41Z
7,ML-DSA-87,post-quantum,5,verify,0.132,0.0,0.0,0.365,2592,4896,0,4627,512,0,0,0.0,1.9795,nan,edge/x86_64,unknown,3.12.3,2026-10-09T18:44:41Z
8,ML-DSA-87,post-quantum,5,keygen,0.141,0.0,0.0,0.365,2592,4896,0,4627,0,0,0,0.0,2.1145,nan,edge/x86_64,unknown,3.12.3,2026-10-09T18:44:41Z
8,ML-DSA-87,post-quantum,5,sign,0.3489,0.0,0.0,0.365,2592,4896,0,4627,512,0,0,0.0,5.2329,nan,edge/x86_64,unknown,3.12.3,2026-10-09T18:44:41Z
8,ML-DSA-87,post-quantum,5,verify,0.1239,0.0,0.0,0.365,2592,4896,0,4627,512,0,0,0.0,1.8591,nan,edge/x86_64,unknown,3.12.3,2026-10-09T18:44:41Z
9,ML-DSA-87,post-quantum,5,keygen,0.1414,0.0,0.0,0.365,2592,4896,0,4627,0,0,0,0.0,2.1207,nan,edge/x86_64,unknown,3.12.3,2026-10-09T18:44:41Z
9,ML-DSA-87,post-quantum,5,sign,0.2639,0.0,0.0,0.365,2592,4896,0,4627,512,0,0,0.0,3.9591,nan,edge/x86_64,unknown,3.12.3,2026-10-09T18:44:41Z
9,ML-DSA-87,post-quantum,5,verify,0.1439,0.0,0.0,0.365,2592,4896,0,4627,512,0,0,0.0,2.1581,nan,edge/x86_64,unknown,3.12.3,2026-10-09T18:44:41Z
10,ML-DSA-87,post-quantum,5,keygen,0.1334,0.0,0.0,0.365,2592,4896,0,4627,0,0,0,0.0,2.0003,nan,edge/x86_64,unknown,3.12.3,2026-10-09T18:44:41Z
10,ML-DSA-87,post-quantum,5,sign,0.2097,0.0,0.0,0.365,2592,4896,0,4627,512,0,0,0.0,3.146,nan,edge/x86_64,unknown,3.12.3,2026-10-09T18:44:41Z
10,ML-DSA-87,post-quantum,5,verify,0.1231,0.0,0.0,0.365,2592,4896,0,4627,512,0,0,0.0,1.8467,nan,edge/x86_64,unknown,3.12.3,2026-10-09T18:44:41Z
11,ML-DSA-87,post-quantum,5,keygen,0.1294,0.0,0.0,0.365,2592,4896,0,4627,0,0,0,0.0,1.9403,nan,edge/x86_64,unknown,3.12.3,2026-10-09T18:44:41Z
11,ML-DSA-87,post-quantum,5,sign,0.2474,0.0,0.0,0.365,2592,4896,0,4627,512,0,0,0.0,3.7115,nan,edge/x86_64,unknown,3.12.3,2026-10-09T18:44:41Z
11,ML-DSA-87,post-quantum,5,verify,0.1321,0.0,0.0,0.365,2592,4896,0,4627,512,0,0,0.0,1.9821,nan,edge/x86_64,unknown,3.12.3,2026-10-09T18:44:41Z
12,ML-DSA-87,post-quantum,5,keygen,0.1639,0.0,0.0,0.365,2592,4896,0,4627,0,0,0,0.0,2.4586,nan,edge/x86_64,unknown,3.12.3,2026-10-09T18:44:41Z
12,ML-DSA-87,post-quantum,5,sign,0.1563,0.0,0.0,0.365,2592,4896,0,4627,512,0,0,0.0,2.3446,nan,edge/x86_64,unknown,3.12.3,2026-10-09T18:44:41Z
12,ML-DSA-87,post-quantum,5,verify,0.1263,0.0,0.0,0.365,2592,4896,0,4627,512,0,0,0.0,1.8942,nan,edge/x86_64,unknown,3.12.3,2026-10-09T18:44:41Z
13,ML-DSA-87,post-quantum,5,keygen,0.1914,0.0,0.0,0.365,2592,4896,0,4627,0,0,0,0.0,2.8706,nan,edge/x86_64,unknown,3.12.3,2026-10-09T18:44:41Z
13,ML-DSA-87,post-quantum,5,sign,0.2276,0.0,0.0,0.365,2592,4896,0,4627,512,0,0,0.0,3.4147,nan,edge/x86_64,unknown,3.12.3,2026-10-09T18:44:41Z
13,ML-DSA-87,post-quantum,5,verify,0.1299,0.0,0.0,0.365,2592,4896,0,4627,512,0,0,0.0,1.9491,nan,edge/x86_64,unknown,3.12.3,2026-10-09T18:44:41Z
14,ML-DSA-87,post-quantum,5,keygen,0.1583,0.0,0.0,0.365,2592,4896,0,4627,0,0,0,0.0,2.374,nan,edge/x86_64,unknown,3.12.3,2026-10-09T18:44:41Z
14,ML-DSA-87,post-quantum,5,sign,0.1565,0.0,0.0,0.365,2592,4896,0,4627,512,0,0,0.0,2.3481,nan,edge/x86_64,unknown,3.12.3,2026-10-09T18:44:41Z
14,ML-DSA-87,post-quantum,5,verify,0.125,0.0,0.0,0.365,2592,4896,0,4627,512,0,0,0.0,1.8744,nan,edge/x86_64,unknown,3.12.3,2026-10-09T18:44:41Z
15,ML-DSA-87,post-quantum,5,keygen,0.131,0.0,0.0,0.365,2592,4896,0,4627,0,0,0,0.0,1.9652,nan,edge/x86_64,unknown,3.12.3,2026-10-09T18:44:41Z
15,ML-DSA-87,post-quantum,5,sign,0.1554,0.0,0.0,0.365,2592,4896,0,4627,512,0,0,0.0,2.3308,nan,edge/x86_64,unknown,3.12.3,2026-10-09T18:44:41Z
15,ML-DSA-87,post-quantum,5,verify,0.1254,0.0,0.0,0.365,2592,4896,0,4627,512,0,0,0.0,1.8806,nan,edge/x86_64,unknown,3.12.3,2026-10-09T18:44:41Z
16,ML-DSA-87,post-quantum,5,keygen,0.139,0.0,0.0,0.365,2592,4896,0,4627,0,0,0,0.0,2.0844,nan,edge/x86_64,unknown,3.12.3,2026-10-09T18:44:41Z
16,ML-DSA-87,post-quantum,5,sign,0.2183,0.0,0.0,0.365,2592,4896,0,4627,512,0,0,0.0,3.274,nan,edge/x86_64,unknown,3.12.3,2026-10-09T18:44:41Z
16,ML-DSA-87,post-quantum,5,verify,0.127,0.0,0.0,0.365,2592,4896,0,4627,512,0,0,0.0,1.9053,nan,edge/x86_64,unknown,3.12.3,2026-10-09T18:44:41Z
17,ML-DSA-87,post-quantum,5,keygen,0.1642,0.0,0.0,0.365,2592,4896,0,4627,0,0,0,0.0,2.4633,nan,edge/x86_64,unknown,3.12.3,2026-10-09T18:44:41Z
17,ML-DSA-87,post-quantum,5,sign,0.1953,0.0,0.0,0.365,2592,4896,0,4627,512,0,0,0.0,2.9294,nan,edge/x86_64,unknown,3.12.3,2026-10-09T18:44:41Z
17,ML-DSA-87,post-quantum,5,verify,0.1333,0.0,0.0,0.365,2592,4896,0,4627,512,0,0,0.0,1.9996,nan,edge/x86_64,unknown,3.12.3,2026-10-09T18:44:41Z
18,ML-DSA-87,post-quantum,5,keygen,0.1718,0.0,0.0,0.365,2592,4896,0,4627,0,0,0,0.0,2.5772,nan,edge/x86_64,unknown,3.12.3,2026-10-09T18:44:41Z
18,ML-DSA-87,post-quantum,5,sign,0.2388,0.0,0.0,0.365,2592,4896,0,4627,512,0,0,0.0,3.5826,nan,edge/x86_64,unknown,3.12.3,2026-10-09T18:44:41Z
18,ML-DSA-87,post-quantum,5,verify,0.1243,0.0,0.0,0.365,2592,4896,0,4627,512,0,0,0.0,1.8638,nan,edge/x86_64,unknown,3.12.3,2026-10-09T18:44:41Z
19,ML-DSA-87,post-quantum,5,keygen,0.1289,0.0,0.0,0.365,2592,4896,0,4627,0,0,0,0.0,1.9329,nan,edge/x86_64,unknown,3.12.3,2026-10-09T18:44:41Z
19,ML-DSA-87,post-quantum,5,sign,0.1563,0.0,0.0,0.365,2592,4896,0,4627,512,0,0,0.0,2.3446,nan,edge/x86_64,unknown,3.12.3,2026-10-09T18:44:41Z
19,ML-DSA-87,post-quantum,5,verify,0.1244,0.0,0.0,0.365,2592,4896,0,4627,512,0,0,0.0,1.8655,nan,edge/x86_64,unknown,3.12.3,2026-10-09T18:44:41Z
20,ML-DSA-87,post-quantum,5,keygen,0.152,0.0,0.0,0.365,2592,4896,0,4627,0,0,0,0.0,2.2805,nan,edge/x86_64,unknown,3.12.3,2026-10-09T18:44:41Z
20,ML-DSA-87,post-quantum,5,sign,0.1602,0.0,0.0,0.365,2592,4896,0,4627,512,0,0,0.0,2.4025,nan,edge/x86_64,unknown,3.12.3,2026-10-09T18:44:41Z
20,ML-DSA-87,post-quantum,5,verify,0.1187,0.0,0.0,0.365,2592,4896,0,4627,512,0,0,0.0,1.7812,nan,edge/x86_64,unknown,3.12.3,2026-10-09T18:44:41Z
21,ML-DSA-87,post-quantum,5,keygen,0.124,0.0,0.0,0.365,2592,4896,0,4627,0,0,0,0.0,1.8595,nan,edge/x86_64,unknown,3.12.3,2026-10-09T18:44:41Z
21,ML-DSA-87,post-quantum,5,sign,0.4262,0.0,0.0,0.365,2592,4896,0,4627,512,0,0,0.0,6.3937,nan,edge/x86_64,unknown,3.12.3,2026-10-09T18:44:41Z
21,ML-DSA-87,post-quantum,5,verify,0.1643,0.0,0.0,0.365,2592,4896,0,4627,512,0,0,0.0,2.4642,nan,edge/x86_64,unknown,3.12.3,2026-10-09T18:44:41Z
22,ML-DSA-87,post-quantum,5,keygen,0.1538,0.0,0.0,0.365,2592,4896,0,4627,0,0,0,0.0,2.3075,nan,edge/x86_64,unknown,3.12.3,2026-10-09T18:44:41Z
22,ML-DSA-87,post-quantum,5,sign,0.1618,0.0,0.0,0.365,2592,4896,0,4627,512,0,0,0.0,2.4272,nan,edge/x86_64,unknown,3.12.3,2026-10-09T18:44:41Z
22,ML-DSA-87,post-quantum,5,verify,0.1244,0.0,0.0,0.365,2592,4896,0,4627,512,0,0,0.0,1.866,nan,edge/x86_64,unknown,3.12.3,2026-10-09T18:44:41Z
23,ML-DSA-87,post-quantum,5,keygen,0.129,0.0,0.0,0.365,2592,4896,0,4627,0,0,0,0.0,1.935,nan,edge/x86_64,unknown,3.12.3,2026-10-09T18:44:41Z
23,ML-DSA-87,post-quantum,5,sign,0.2457,0.0,0.0,0.365,2592,4896,0,4627,512,0,0,0.0,3.6856,nan,edge/x86_64,unknown,3.12.3,2026-10-09T18:44:41Z
23,ML-DSA-87,post-quantum,5,verify,0.1384,0.0,0.0,0.365,2592,4896,0,4627,512,0,0,0.0,2.0759,nan,edge/x86_64,unknown,3.12.3,2026-10-09T18:44:41Z
24,ML-DSA-87,post-quantum,5,keygen,0.1368,0.0,0.0,0.365,2592,4896,0,4627,0,0,0,0.0,2.0522,nan,edge/x86_64,unknown,3.12.3,2026-10-09T18:44:41Z
24,ML-DSA-87,post-quantum,5,sign,0.1575,0.0,0.0,0.365,2592,4896,0,4627,512,0,0,0.0,2.363,nan,edge/x86_64,unknown,3.12.3,2026-10-09T18:44:41Z
24,ML-DSA-87,post-quantum,5,verify,0.153,0.0,0.0,0.365,2592,4896,0,4627,512,0,0,0.0,2.2945,nan,edge/x86_64,unknown,3.12.3,2026-10-09T18:44:41Z
25,ML-DSA-87,post-quantum,5,keygen,0.1522,0.0,0.0,0.365,2592,4896,0,4627,0,0,0,0.0,2.2828,nan,edge/x86_64,unknown,3.12.3,2026-10-09T18:44:41Z
25,ML-DSA-87,post-quantum,5,sign,0.2362,0.0,0.0,0.365,2592,4896,0,4627,512,0,0,0.0,3.5433,nan,edge/x86_64,unknown,3.12.3,2026-10-09T18:44:41Z
25,ML-DSA-87,post-quantum,5,verify,0.2462,0.0,0.0,0.365,2592,4896,0,4627,512,0,0,0.0,3.6931,nan,edge/x86_64,unknown,3.12.3,2026-10-09T18:44:41Z
26,ML-DSA-87,post-quantum,5,keygen,0.1908,0.0,0.0,0.365,2592,4896,0,4627,0,0,0,0.0,2.8617,nan,edge/x86_64,unknown,3.12.3,2026-10-09T18:44:41Z
26,ML-DSA-87,post-quantum,5,sign,0.2254,0.0,0.0,0.365,2592,4896,0,4627,512,0,0,0.0,3.3814,nan,edge/x86_64,unknown,3.12.3,2026-10-09T18:44:41Z
26,ML-DSA-87,post-quantum,5,verify,0.1252,0.0,0.0,0.365,2592,4896,0,4627,512,0,0,0.0,1.8781,nan,edge/x86_64,unknown,3.12.3,2026-10-09T18:44:41Z
27,ML-DSA-87,post-quantum,5,keygen,0.133,0.0,0.0,0.365,2592,4896,0,4627,0,0,0,0.0,1.9949,nan,edge/x86_64,unknown,3.12.3,2026-10-09T18:44:41Z
27,ML-DSA-87,post-quantum,5,sign,0.1757,0.0,0.0,0.365,2592,4896,0,4627,512,0,0,0.0,2.6352,nan,edge/x86_64,unknown,3.12.3,2026-10-09T18:44:41Z
27,ML-DSA-87,post-quantum,5,verify,0.1477,0.0,0.0,0.365,2592,4896,0,4627,512,0,0,0.0,2.2161,nan,edge/x86_64,unknown,3.12.3,2026-10-09T18:44:41Z
28,ML-DSA-87,post-quantum,5,keygen,0.1509,0.0,0.0,0.365,2592,4896,0,4627,0,0,0,0.0,2.2642,nan,edge/x86_64,unknown,3.12.3,2026-10-09T18:44:41Z
28,ML-DSA-87,post-quantum,5,sign,0.1839,0.0,0.0,0.365,2592,4896,0,4627,512,0,0,0.0,2.7586,nan,edge/x86_64,unknown,3.12.3,2026-10-09T18:44:41Z
28,ML-DSA-87,post-quantum,5,verify,0.1293,0.0,0.0,0.365,2592,4896,0,4627,512,0,0,0.0,1.9397,nan,edge/x86_64,unknown,3.12.3,2026-10-09T18:44:41Z
29,ML-DSA-87,post-quantum,5,keygen,0.1334,0.0,0.0,0.365,2592,4896,0,4627,0,0,0,0.0,2.0006,nan,edge/x86_64,unknown,3.12.3,2026-10-09T18:44:41Z
29,ML-DSA-87,post-quantum,5,sign,0.2013,0.0,0.0,0.365,2592,4896,0,4627,512,0,0,0.0,3.0199,nan,edge/x86_64,unknown,3.12.3,2026-10-09T18:44:41Z
29,ML-DSA-87,post-quantum,5,verify,0.1287,0.0,0.0,0.365,2592,4896,0,4627,512,0,0,0.0,1.9306,nan,edge/x86_64,unknown,3.12.3,2026-10-09T18:44:41Z
30,ML-DSA-87,post-quantum,5,keygen,0.1445,0.0,0.0,0.365,2592,4896,0,4627,0,0,0,0.0,2.1668,nan,edge/x86_64,unknown,3.12.3,2026-10-09T18:44:41Z
30,ML-DSA-87,post-quantum,5,sign,0.2236,0.0,0.0,0.365,2592,4896,0,4627,512,0,0,0.0,3.3534,nan,edge/x86_64,unknown,3.12.3,2026-10-09T18:44:41Z
30,ML-DSA-87,post-quantum,5,verify,0.1214,0.0,0.0,0.365,2592,4896,0,4627,512,0,0,0.0,1.8216,nan,edge/x86_64,unknown,3.12.3,2026-10-09T18:44:41Z
31,ML-DSA-87,post-quantum,5,keygen,0.1289,0.0,0.0,0.365,2592,4896,0,4627,0,0,0,0.0,1.934,nan,edge/x86_64,unknown,3.12.3,2026-10-09T18:44:41Z
31,ML-DSA-87,post-quantum,5,sign,0.212,0.0,0.0,0.365,2592,4896,0,4627,512,0,0,0.0,3.1795,nan,edge/x86_64,unknown,3.12.3,2026-10-09T18:44:41Z
31,ML-DSA-87,post-quantum,5,verify,0.1264,0.0,0.0,0.365,2592,4896,0,4627,512,0,0,0.0,1.8954,nan,edge/x86_64,unknown,3.12.3,2026-10-09T18:44:41Z
32,ML-DSA-87,post-quantum,5,keygen,0.1373,0.0,0.0,0.365,2592,4896,0,4627,0,0,0,0.0,2.059,nan,edge/x86_64,unknown,3.12.3,2026-10-09T18:44:41Z
32,ML-DSA-87,post-quantum,5,sign,0.3421,0.0,0.0,0.365,2592,4896,0,4627,512,0,0,0.0,5.1309,nan,edge/x86_64,unknown,3.12.3,2026-10-09T18:44:41Z
32,ML-DSA-87,post-quantum,5,verify,0.1312,0.0,0.0,0.365,2592,4896,0,4627,512,0,0,0.0,1.9681,nan,edge/x86_64,unknown,3.12.3,2026-10-09T18:44:41Z
33,ML-DSA-87,post-quantum,5,keygen,0.1574,0.0,0.0,0.365,2592,4896,0,4627,0,0,0,0.0,2.3603,nan,edge/x86_64,unknown,3.12.3,2026-10-09T18:44:41Z
33,ML-DSA-87,post-quantum,5,sign,0.2797,0.0,0.0,0.365,2592,4896,0,4627,512,0,0,0.0,4.196,nan,edge/x86_64,unknown,3.12.3,2026-10-09T18:44:41Z
33,ML-DSA-87,post-quantum,5,verify,0.1398,0.0,0.0,0.365,2592,4896,0,4627,512,0,0,0.0,2.0964,nan,edge/x86_64,unknown,3.12.3,2026-10-09T18:44:41Z
34,ML-DSA-87,post-quantum,5,keygen,0.1412,0.0,0.0,0.365,2592,4896,0,4627,0,0,0,0.0,2.1178,nan,edge/x86_64,unknown,3.12.3,2026-10-09T18:44:41Z
34,ML-DSA-87,post-quantum,5,sign,0.2208,0.0,0.0,0.365,2592,4896,0,4627,512,0,0,0.0,3.3118,nan,edge/x86_64,unknown,3.12.3,2026-10-09T18:44:41Z
34,ML-DSA-87,post-quantum,5,verify,0.1377,0.0,0.0,0.365,2592,4896,0,4627,512,0,0,0.0,2.0655,nan,edge/x86_64,unknown,3.12.3,2026-10-09T18:44:41Z
35,ML-DSA-87,post-quantum,5,keygen,0.137,0.0,0.0,0.365,2592,4896,0,4627,0,0,0,0.0,2.0549,nan,edge/x86_64,unknown,3.12.3,2026-10-09T18:44:41Z
35,ML-DSA-87,post-quantum,5,sign,0.2729,0.0,0.0,0.365,2592,4896,0,4627,512,0,0,0.0,4.0941,nan,edge/x86_64,unknown,3.12.3,2026-10-09T18:44:41Z
35,ML-DSA-87,post-quantum,5,verify,0.1413,0.0,0.0,0.365,2592,4896,0,4627,512,0,0,0.0,2.1195,nan,edge/x86_64,unknown,3.12.3,2026-10-09T18:44:41Z
36,ML-DSA-87,post-quantum,5,keygen,0.1458,0.0,0.0,0.365,2592,4896,0,4627,0,0,0,0.0,2.1867,nan,edge/x86_64,unknown,3.12.3,2026-10-09T18:44:41Z
36,ML-DSA-87,post-quantum,5,sign,0.2447,0.0,0.0,0.365,2592,4896,0,4627,512,0,0,0.0,3.671,nan,edge/x86_64,unknown,3.12.3,2026-10-09T18:44:41Z
36,ML-DSA-87,post-quantum,5,verify,0.0771,0.0,0.0,0.365,2592,4896,0,4627,512,0,0,0.0,1.1572,nan,edge/x86_64,unknown,3.12.3,2026-10-09T18:44:41Z
37,ML-DSA-87,post-quantum,5,keygen,0.0813,0.0,0.0,0.365,2592,4896,0,4627,0,0,0,0.0,1.2193,nan,edge/x86_64,unknown,3.12.3,2026-10-09T18:44:41Z
37,ML-DSA-87,post-quantum,5,sign,0.2344,0.0,0.0,0.365,2592,4896,0,4627,512,0,0,0.0,3.5165,nan,edge/x86_64,unknown,3.12.3,2026-10-09T18:44:41Z
37,ML-DSA-87,post-quantum,5,verify,0.0719,0.0,0.0,0.365,2592,4896,0,4627,512,0,0,0.0,1.0788,nan,edge/x86_64,unknown,3.12.3,2026-10-09T18:44:41Z
38,ML-DSA-87,post-quantum,5,keygen,0.1025,0.0,0.0,0.365,2592,4896,0,4627,0,0,0,0.0,1.5374,nan,edge/x86_64,unknown,3.12.3,2026-10-09T18:44:41Z
38,ML-DSA-87,post-quantum,5,sign,0.0935,0.0,0.0,0.365,2592,4896,0,4627,512,0,0,0.0,1.4032,nan,edge/x86_64,unknown,3.12.3,2026-10-09T18:44:41Z
38,ML-DSA-87,post-quantum,5,verify,0.0711,0.0,0.0,0.365,2592,4896,0,4627,512,0,0,0.0,1.0661,nan,edge/x86_64,unknown,3.12.3,2026-10-09T18:44:41Z
39,ML-DSA-87,post-quantum,5,keygen,0.1898,0.0,0.0,0.365,2592,4896,0,4627,0,0,0,0.0,2.847,nan,edge/x86_64,unknown,3.12.3,2026-10-09T18:44:41Z
39,ML-DSA-87,post-quantum,5,sign,0.1379,0.0,0.0,0.365,2592,4896,0,4627,512,0,0,0.0,2.0689,nan,edge/x86_64,unknown,3.12.3,2026-10-09T18:44:41Z
39,ML-DSA-87,post-quantum,5,verify,0.0789,0.0,0.0,0.365,2592,4896,0,4627,512,0,0,0.0,1.1836,nan,edge/x86_64,unknown,3.12.3,2026-10-09T18:44:41Z
40,ML-DSA-87,post-quantum,5,keygen,0.0785,0.0,0.0,0.365,2592,4896,0,4627,0,0,0,0.0,1.1775,nan,edge/x86_64,unknown,3.12.3,2026-10-09T18:44:41Z
40,ML-DSA-87,post-quantum,5,sign,0.162,0.0,0.0,0.365,2592,4896,0,4627,512,0,0,0.0,2.4298,nan,edge/x86_64,unknown,3.12.3,2026-10-09T18:44:41Z
40,ML-DSA-87,post-quantum,5,verify,0.0707,0.0,0.0,0.365,2592,4896,0,4627,512,0,0,0.0,1.0604,nan,edge/x86_64,unknown,3.12.3,2026-10-09T18:44:41Z
41,ML-DSA-87,post-quantum,5,keygen,0.0752,0.0,0.0,0.365,2592,4896,0,4627,0,0,0,0.0,1.1285,nan,edge/x86_64,unknown,3.12.3,2026-10-09T18:44:41Z
41,ML-DSA-87,post-quantum,5,sign,0.1712,0.0,0.0,0.365,2592,4896,0,4627,512,0,0,0.0,2.5676,nan,edge/x86_64,unknown,3.12.3,2026-10-09T18:44:41Z
41,ML-DSA-87,post-quantum,5,verify,0.0841,0.0,0.0,0.365,2592,4896,0,4627,512,0,0,0.0,1.2612,nan,edge/x86_64,unknown,3.12.3,2026-10-09T18:44:41Z
42,ML-DSA-87,post-quantum,5,keygen,0.1126,0.0,0.0,0.365,2592,4896,0,4627,0,0,0,0.0,1.6891,nan,edge/x86_64,unknown,3.12.3,2026-10-09T18:44:41Z
42,ML-DSA-87,post-quantum,5,sign,0.117,0.0,0.0,0.365,2592,4896,0,4627,512,0,0,0.0,1.7549,nan,edge/x86_64,unknown,3.12.3,2026-10-09T18:44:41Z
42,ML-DSA-87,post-quantum,5,verify,0.0727,0.0,0.0,0.365,2592,4896,0,4627,512,0,0,0.0,1.0903,nan,edge/x86_64,unknown,3.12.3,2026-10-09T18:44:41Z
43,ML-DSA-87,post-quantum,5,keygen,0.0767,0.0,0.0,0.365,2592,4896,0,4627,0,0,0,0.0,1.1502,nan,edge/x86_64,unknown,3.12.3,2026-10-09T18:44:41Z
43,ML-DSA-87,post-quantum,5,sign,0.2629,0.0,0.0,0.365,2592,4896,0,4627,512,0,0,0.0,3.9434,nan,edge/x86_64,unknown,3.12.3,2026-10-09T18:44:41Z
43,ML-DSA-87,post-quantum,5,verify,0.0713,0.0,0.0,0.365,2592,4896,0,4627,512,0,0,0.0,1.0699,nan,edge/x86_64,unknown,3.12.3,2026-10-09T18:44:41Z
44,ML-DSA-87,post-quantum,5,keygen,0.0752,0.0,0.0,0.365,2592,4896,0,4627,0,0,0,0.0,1.1274,nan,edge/x86_64,unknown,3.12.3,2026-10-09T18:44:41Z
44,ML-DSA-87,post-quantum,5,sign,0.2413,0.0,0.0,0.365,2592,4896,0,4627,512,0,0,0.0,3.6191,nan,edge/x86_64,unknown,3.12.3,2026-10-09T18:44:41Z
44,ML-DSA-87,post-quantum,5,verify,0.1993,0.0,0.0,0.365,2592,4896,0,4627,512,0,0,0.0,2.9896,nan,edge/x86_64,unknown,3.12.3,2026-10-09T18:44:41Z
45,ML-DSA-87,post-quantum,5,keygen,0.1977,0.0,0.0,0.365,2592,4896,0,4627,0,0,0,0.0,2.965,nan,edge/x86_64,unknown,3.12.3,2026-10-09T18:44:41Z
45,ML-DSA-87,post-quantum,5,sign,0.3154,0.0,0.0,0.365,2592,4896,0,4627,512,0,0,0.0,4.7311,nan,edge/x86_64,unknown,3.12.3,2026-10-09T18:44:41Z
45,ML-DSA-87,post-quantum,5,verify,0.0775,0.0,0.0,0.365,2592,4896,0,4627,512,0,0,0.0,1.1623,nan,edge/x86_64,unknown,3.12.3,2026-10-09T18:44:41Z
46,ML-DSA-87,post-quantum,5,keygen,0.131,0.0,0.0,0.365,2592,4896,0,4627,0,0,0,0.0,1.9647,nan,edge/x86_64,unknown,3.12.3,2026-10-09T18:44:41Z
46,ML-DSA-87,post-quantum,5,sign,0.1163,0.0,0.0,0.365,2592,4896,0,4627,512,0,0,0.0,1.7444,nan,edge/x86_64,unknown,3.12.3,2026-10-09T18:44:41Z
46,ML-DSA-87,post-quantum,5,verify,0.072,0.0,0.0,0.365,2592,4896,0,4627,512,0,0,0.0,1.0797,nan,edge/x86_64,unknown,3.12.3,2026-10-09T18:44:41Z
47,ML-DSA-87,post-quantum,5,keygen,0.0767,0.0,0.0,0.365,2592,4896,0,4627,0,0,0,0.0,1.1498,nan,edge/x86_64,unknown,3.12.3,2026-10-09T18:44:41Z
47,ML-DSA-87,post-quantum,5,sign,0.0918,0.0,0.0,0.365,2592,4896,0,4627,512,0,0,0.0,1.3775,nan,edge/x86_64,unknown,3.12.3,2026-10-09T18:44:41Z
47,ML-DSA-87,post-quantum,5,verify,0.0708,0.0,0.0,0.365,2592,4896,0,4627,512,0,0,0.0,1.0621,nan,edge/x86_64,unknown,3.12.3,2026-10-09T18:44:41Z
48,ML-DSA-87,post-quantum,5,keygen,0.0755,0.0,0.0,0.365,2592,4896,0,4627,0,0,0,0.0,1.1327,nan,edge/x86_64,unknown,3.12.3,2026-10-09T18:44:41Z
48,ML-DSA-87,post-quantum,5,sign,0.1423,0.0,0.0,0.365,2592,4896,0,4627,512,0,0,0.0,2.1352,nan,edge/x86_64,unknown,3.12.3,2026-10-09T18:44:41Z
48,ML-DSA-87,post-quantum,5,verify,0.0707,0.0,0.0,0.365,2592,4896,0,4627,512,0,0,0.0,1.0609,nan,edge/x86_64,unknown,3.12.3,2026-10-09T18:44:41Z
49,ML-DSA-87,post-quantum,5,keygen,0.1414,0.0,0.0,0.365,2592,4896,0,4627,0,0,0,0.0,2.121,nan,edge/x86_64,unknown,3.12.3,2026-10-09T18:44:41Z
49,ML-DSA-87,post-quantum,5,sign,0.1307,0.0,0.0,0.365,2592,4896,0,4627,512,0,0,0.0,1.9606,nan,edge/x86_64,unknown,3.12.3,2026-10-09T18:44:41Z
49,ML-DSA-87,post-quantum,5,verify,0.072,0.0,0.0,0.365,2592,4896,0,4627,512,0,0,0.0,1.0802,nan,edge/x86_64,unknown,3.12.3,2026-10-09T18:44:41Z
50,ML-DSA-87,post-quantum,5,keygen,0.0764,0.0,0.0,0.365,2592,4896,0,4627,0,0,0,0.0,1.1457,nan,edge/x86_64,unknown,3.12.3,2026-10-09T18:44:41Z
50,ML-DSA-87,post-quantum,5,sign,0.1091,0.0,0.0,0.365,2592,4896,0,4627,512,0,0,0.0,1.6366,nan,edge/x86_64,unknown,3.12.3,2026-10-09T18:44:41Z
50,ML-DSA-87,post-quantum,5,verify,0.0711,0.0,0.0,0.365,2592,4896,0,4627,512,0,0,0.0,1.0662,nan,edge/x86_64,unknown,3.12.3,2026-10-09T18:44:41Z
51,ML-DSA-87,post-quantum,5,keygen,0.0744,0.0,0.0,0.365,2592,4896,0,4627,0,0,0,0.0,1.1155,nan,edge/x86_64,unknown,3.12.3,2026-10-09T18:44:41Z
51,ML-DSA-87,post-quantum,5,sign,0.1545,0.0,0.0,0.365,2592,4896,0,4627,512,0,0,0.0,2.3181,nan,edge/x86_64,unknown,3.12.3,2026-10-09T18:44:41Z
51,ML-DSA-87,post-quantum,5,verify,0.0801,0.0,0.0,0.365,2592,4896,0,4627,512,0,0,0.0,1.2021,nan,edge/x86_64,unknown,3.12.3,2026-10-09T18:44:41Z
52,ML-DSA-87,post-quantum,5,keygen,0.0762,0.0,0.0,0.365,2592,4896,0,4627,0,0,0,0.0,1.1432,nan,edge/x86_64,unknown,3.12.3,2026-10-09T18:44:41Z
52,ML-DSA-87,post-quantum,5,sign,0.125,0.0,0.0,0.365,2592,4896,0,4627,512,0,0,0.0,1.8744,nan,edge/x86_64,unknown,3.12.3,2026-10-09T18:44:41Z
52,ML-DSA-87,post-quantum,5,verify,0.0709,0.0,0.0,0.365,2592,4896,0,4627,512,0,0,0.0,1.0629,nan,edge/x86_64,unknown,3.12.3,2026-10-09T18:44:41Z
53,ML-DSA-87,post-quantum,5,keygen,0.0757,0.0,0.0,0.365,2592,4896,0,4627,0,0,0,0.0,1.1351,nan,edge/x86_64,unknown,3.12.3,2026-10-09T18:44:41Z
53,ML-DSA-87,post-quantum,5,sign,0.3733,0.0,0.0,0.365,2592,4896,0,4627,512,0,0,0.0,5.5997,nan,edge/x86_64,unknown,3.12.3,2026-10-09T18:44:41Z
53,ML-DSA-87,post-quantum,5,verify,0.0822,0.0,0.0,0.365,2592,4896,0,4627,512,0,0,0.0,1.2335,nan,edge/x86_64,unknown,3.12.3,2026-10-09T18:44:41Z
54,ML-DSA-87,post-quantum,5,keygen,0.0856,0.0,0.0,0.365,2592,4896,0,4627,0,0,0,0.0,1.2841,nan,edge/x86_64,unknown,3.12.3,2026-10-09T18:44:41Z
54,ML-DSA-87,post-quantum,5,sign,0.1231,0.0,0.0,0.365,2592,4896,0,4627,512,0,0,0.0,1.8458,nan,edge/x86_64,unknown,3.12.3,2026-10-09T18:44:41Z
54,ML-DSA-87,post-quantum,5,verify,0.134,0.0,0.0,0.365,2592,4896,0,4627,512,0,0,0.0,2.0094,nan,edge/x86_64,unknown,3.12.3,2026-10-09T18:44:41Z
55,ML-DSA-87,post-quantum,5,keygen,0.0832,0.0,0.0,0.365,2592,4896,0,4627,0,0,0,0.0,1.2483,nan,edge/x86_64,unknown,3.12.3,2026-10-09T18:44:41Z
55,ML-DSA-87,post-quantum,5,sign,0.0929,0.0,0.0,0.365,2592,4896,0,4627,512,0,0,0.0,1.3932,nan,edge/x86_64,unknown,3.12.3,2026-10-09T18:44:41Z
55,ML-DSA-87,post-quantum,5,verify,0.0712,0.0,0.0,0.365,2592,4896,0,4627,512,0,0,0.0,1.0679,nan,edge/x86_64,unknown,3.12.3,2026-10-09T18:44:41Z
56,ML-DSA-87,post-quantum,5,keygen,0.0763,0.0,0.0,0.365,2592,4896,0,4627,0,0,0,0.0,1.1452,nan,edge/x86_64,unknown,3.12.3,2026-10-09T18:44:41Z
56,ML-DSA-87,post-quantum,5,sign,0.1509,0.0,0.0,0.365,2592,4896,0,4627,512,0,0,0.0,2.2642,nan,edge/x86_64,unknown,3.12.3,2026-10-09T18:44:41Z
56,ML-DSA-87,post-quantum,5,verify,0.0753,0.0,0.0,0.365,2592,4896,0,4627,512,0,0,0.0,1.1292,nan,edge/x86_64,unknown,3.12.3,2026-10-09T18:44:41Z
57,ML-DSA-87,post-quantum,5,keygen,0.0775,0.0,0.0,0.365,2592,4896,0,4627,0,0,0,0.0,1.1623,nan,edge/x86_64,unknown,3.12.3,2026-10-09T18:44:41Z
57,ML-DSA-87,post-quantum,5,sign,0.0918,0.0,0.0,0.365,2592,4896,0,4627,512,0,0,0.0,1.377,nan,edge/x86_64,unknown,3.12.3,2026-10-09T18:44:41Z
57,ML-DSA-87,post-quantum,5,verify,0.0715,0.0,0.0,0.365,2592,4896,0,4627,512,0,0,0.0,1.0718,nan,edge/x86_64,unknown,3.12.3,2026-10-09T18:44:41Z
58,ML-DSA-87,post-quantum,5,keygen,0.0757,0.0,0.0,0.365,2592,4896,0,4627,0,0,0,0.0,1.1352,nan,edge/x86_64,unknown,3.12.3,2026-10-09T18:44:41Z
58,ML-DSA-87,post-quantum,5,sign,0.1036,0.0,0.0,0.365,2592,4896,0,4627,512,0,0,0.0,1.554,nan,edge/x86_64,unknown,3.12.3,2026-10-09T18:44:41Z
58,ML-DSA-87,post-quantum,5,verify,0.0713,0.0,0.0,0.365,2592,4896,0,4627,512,0,0,0.0,1.0688,nan,edge/x86_64,unknown,3.12.3,2026-10-09T18:44:41Z
59,ML-DSA-87,post-quantum,5,keygen,0.0749,0.0,0.0,0.365,2592,4896,0,4627,0,0,0,0.0,1.1228,nan,edge/x86_64,unknown,3.12.3,2026-10-09T18:44:41Z
59,ML-DSA-87,post-quantum,5,sign,0.09,0.0,0.0,0.365,2592,4896,0,4627,512,0,0,0.0,1.3497,nan,edge/x86_64,unknown,3.12.3,2026-10-09T18:44:41Z
59,ML-DSA-87,post-quantum,5,verify,0.0706,0.0,0.0,0.365,2592,4896,0,4627,512,0,0,0.0,1.0591,nan,edge/x86_64,unknown,3.12.3,2026-10-09T18:44:41Z
60,ML-DSA-87,post-quantum,5,keygen,0.0753,0.0,0.0,0.365,2592,4896,0,4627,0,0,0,0.0,1.129,nan,edge/x86_64,unknown,3.12.3,2026-10-09T18:44:41Z
60,ML-DSA-87,post-quantum,5,sign,0.2103,0.0,0.0,0.365,2592,4896,0,4627,512,0,0,0.0,3.1542,nan,edge/x86_64,unknown,3.12.3,2026-10-09T18:44:41Z
60,ML-DSA-87,post-quantum,5,verify,0.0706,0.0,0.0,0.365,2592,4896,0,4627,512,0,0,0.0,1.0592,nan,edge/x86_64,unknown,3.12.3,2026-10-09T18:44:41Z
61,ML-DSA-87,post-quantum,5,keygen,0.1132,0.0,0.0,0.365,2592,4896,0,4627,0,0,0,0.0,1.6981,nan,edge/x86_64,unknown,3.12.3,2026-10-09T18:44:41Z
61,ML-DSA-87,post-quantum,5,sign,0.1866,0.0,0.0,0.365,2592,4896,0,4627,512,0,0,0.0,2.7986,nan,edge/x86_64,unknown,3.12.3,2026-10-09T18:44:41Z
61,ML-DSA-87,post-quantum,5,verify,0.0998,0.0,0.0,0.365,2592,4896,0,4627,512,0,0,0.0,1.4967,nan,edge/x86_64,unknown,3.12.3,2026-10-09T18:44:41Z
62,ML-DSA-87,post-quantum,5,keygen,0.1175,0.0,0.0,0.365,2592,4896,0,4627,0,0,0,0.0,1.7622,nan,edge/x86_64,unknown,3.12.3,2026-10-09T18:44:41Z
62,ML-DSA-87,post-quantum,5,sign,0.0979,0.0,0.0,0.365,2592,4896,0,4627,512,0,0,0.0,1.4683,nan,edge/x86_64,unknown,3.12.3,2026-10-09T18:44:41Z
62,ML-DSA-87,post-quantum,5,verify,0.0713,0.0,0.0,0.365,2592,4896,0,4627,512,0,0,0.0,1.0693,nan,edge/x86_64,unknown,3.12.3,2026-10-09T18:44:41Z
63,ML-DSA-87,post-quantum,5,keygen,0.0759,0.0,0.0,0.365,2592,4896,0,4627,0,0,0,0.0,1.1383,nan,edge/x86_64,unknown,3.12.3,2026-10-09T18:44:41Z
63,ML-DSA-87,post-quantum,5,sign,0.1564,0.0,0.0,0.365,2592,4896,0,4627,512,0,0,0.0,2.3454,nan,edge/x86_64,unknown,3.12.3,2026-10-09T18:44:41Z
63,ML-DSA-87,post-quantum,5,verify,0.0725,0.0,0.0,0.365,2592,4896,0,4627,512,0,0,0.0,1.0876,nan,edge/x86_64,unknown,3.12.3,2026-10-09T18:44:41Z
64,ML-DSA-87,post-quantum,5,keygen,0.0758,0.0,0.0,0.365,2592,4896,0,4627,0,0,0,0.0,1.1363,nan,edge/x86_64,unknown,3.12.3,2026-10-09T18:44:41Z
64,ML-DSA-87,post-quantum,5,sign,0.1375,0.0,0.0,0.365,2592,4896,0,4627,512,0,0,0.0,2.0632,nan,edge/x86_64,unknown,3.12.3,2026-10-09T18:44:41Z
64,ML-DSA-87,post-quantum,5,verify,0.0714,0.0,0.0,0.365,2592,4896,0,4627,512,0,0,0.0,1.0708,nan,edge/x86_64,unknown,3.12.3,2026-10-09T18:44:41Z
65,ML-DSA-87,post-quantum,5,keygen,0.0845,0.0,0.0,0.365,2592,4896,0,4627,0,0,0,0.0,1.2668,nan,edge/x86_64,unknown,3.12.3,2026-10-09T18:44:41Z
65,ML-DSA-87,post-quantum,5,sign,0.1993,0.0,0.0,0.365,2592,4896,0,4627,512,0,0,0.0,2.9893,nan,edge/x86_64,unknown,3.12.3,2026-10-09T18:44:41Z
65,ML-DSA-87,post-quantum,5,verify,0.0714,0.0,0.0,0.365,2592,4896,0,4627,512,0,0,0.0,1.0706,nan,edge/x86_64,unknown,3.12.3,2026-10-09T18:44:41Z
66,ML-DSA-87,post-quantum,5,keygen,0.075,0.0,0.0,0.365,2592,4896,0,4627,0,0,0,0.0,1.1251,nan,edge/x86_64,unknown,3.12.3,2026-10-09T18:44:41Z
66,ML-DSA-87,post-quantum,5,sign,0.2011,0.0,0.0,0.365,2592,4896,0,4627,512,0,0,0.0,3.0168,nan,edge/x86_64,unknown,3.12.3,2026-10-09T18:44:41Z
66,ML-DSA-87,post-quantum,5,verify,0.1004,0.0,0.0,0.365,2592,4896,0,4627,512,0,0,0.0,1.5062,nan,edge/x86_64,unknown,3.12.3,2026-10-09T18:44:41Z
67,ML-DSA-87,post-quantum,5,keygen,0.1993,0.0,0.0,0.365,2592,4896,0,4627,0,0,0,0.0,2.9899,nan,edge/x86_64,unknown,3.12.3,2026-10-09T18:44:41Z
67,ML-DSA-87,post-quantum,5,sign,0.3873,0.0,0.0,0.365,2592,4896,0,4627,512,0,0,0.0,5.81,nan,edge/x86_64,unknown,3.12.3,2026-10-09T18:44:41Z
67,ML-DSA-87,post-quantum,5,verify,0.0794,0.0,0.0,0.365,2592,4896,0,4627,512,0,0,0.0,1.191,nan,edge/x86_64,unknown,3.12.3,2026-10-09T18:44:41Z
68,ML-DSA-87,post-quantum,5,keygen,0.0806,0.0,0.0,0.365,2592,4896,0,4627,0,0,0,0.0,1.2084,nan,edge/x86_64,unknown,3.12.3,2026-10-09T18:44:41Z
68,ML-DSA-87,post-quantum,5,sign,0.1093,0.0,0.0,0.365,2592,4896,0,4627,512,0,0,0.0,1.6389,nan,edge/x86_64,unknown,3.12.3,2026-10-09T18:44:41Z
68,ML-DSA-87,post-quantum,5,verify,0.0705,0.0,0.0,0.365,2592,4896,0,4627,512,0,0,0.0,1.0582,nan,edge/x86_64,unknown,3.12.3,2026-10-09T18:44:41Z
69,ML-DSA-87,post-quantum,5,keygen,0.0763,0.0,0.0,0.365,2592,4896,0,4627,0,0,0,0.0,1.1452,nan,edge/x86_64,unknown,3.12.3,2026-10-09T18:44:41Z
69,ML-DSA-87,post-quantum,5,sign,0.1165,0.0,0.0,0.365,2592,4896,0,4627,512,0,0,0.0,1.7478,nan,edge/x86_64,unknown,3.12.3,2026-10-09T18:44:41Z
69,ML-DSA-87,post-quantum,5,verify,0.0732,0.0,0.0,0.365,2592,4896,0,4627,512,0,0,0.0,1.0981,nan,edge/x86_64,unknown,3.12.3,2026-10-09T18:44:41Z
70,ML-DSA-87,post-quantum,5,keygen,0.0767,0.0,0.0,0.365,2592,4896,0,4627,0,0,0,0.0,1.1507,nan,edge/x86_64,unknown,3.12.3,2026-10-09T18:44:41Z
70,ML-DSA-87,post-quantum,5,sign,0.1553,0.0,0.0,0.365,2592,4896,0,4627,512,0,0,0.0,2.3297,nan,edge/x86_64,unknown,3.12.3,2026-10-09T18:44:41Z
70,ML-DSA-87,post-quantum,5,verify,0.0711,0.0,0.0,0.365,2592,4896,0,4627,512,0,0,0.0,1.0661,nan,edge/x86_64,unknown,3.12.3,2026-10-09T18:44:41Z
71,ML-DSA-87,post-quantum,5,keygen,0.0754,0.0,0.0,0.365,2592,4896,0,4627,0,0,0,0.0,1.1317,nan,edge/x86_64,unknown,3.12.3,2026-10-09T18:44:41Z
71,ML-DSA-87,post-quantum,5,sign,0.1374,0.0,0.0,0.365,2592,4896,0,4627,512,0,0,0.0,2.0616,nan,edge/x86_64,unknown,3.12.3,2026-10-09T18:44:41Z
71,ML-DSA-87,post-quantum,5,verify,0.0719,0.0,0.0,0.365,2592,4896,0,4627,512,0,0,0.0,1.0787,nan,edge/x86_64,unknown,3.12.3,2026-10-09T18:44:41Z
72,ML-DSA-87,post-quantum,5,keygen,0.0881,0.0,0.0,0.365,2592,4896,0,4627,0,0,0,0.0,1.3212,nan,edge/x86_64,unknown,3.12.3,2026-10-09T18:44:41Z
72,ML-DSA-87,post-quantum,5,sign,0.5142,0.0,0.0,0.365,2592,4896,0,4627,512,0,0,0.0,7.713,nan,edge/x86_64,unknown,3.12.3,2026-10-09T18:44:41Z
72,ML-DSA-87,post-quantum,5,verify,0.1378,0.0,0.0,0.365,2592,4896,0,4627,512,0,0,0.0,2.0671,nan,edge/x86_64,unknown,3.12.3,2026-10-09T18:44:41Z
73,ML-DSA-87,post-quantum,5,keygen,0.1615,0.0,0.0,0.365,2592,4896,0,4627,0,0,0,0.0,2.4224,nan,edge/x86_64,unknown,3.12.3,2026-10-09T18:44:41Z
73,ML-DSA-87,post-quantum,5,sign,0.2676,0.0,0.0,0.365,2592,4896,0,4627,512,0,0,0.0,4.0143,nan,edge/x86_64,unknown,3.12.3,2026-10-09T18:44:41Z
73,ML-DSA-87,post-quantum,5,verify,0.0777,0.0,0.0,0.365,2592,4896,0,4627,512,0,0,0.0,1.1648,nan,edge/x86_64,unknown,3.12.3,2026-10-09T18:44:41Z
74,ML-DSA-87,post-quantum,5,keygen,0.0816,0.0,0.0,0.365,2592,4896,0,4627,0,0,0,0.0,1.2245,nan,edge/x86_64,unknown,3.12.3,2026-10-09T18:44:41Z
74,ML-DSA-87,post-quantum,5,sign,0.1762,0.0,0.0,0.365,2592,4896,0,4627,512,0,0,0.0,2.6435,nan,edge/x86_64,unknown,3.12.3,2026-10-09T18:44:41Z
74,ML-DSA-87,post-quantum,5,verify,0.0727,0.0,0.0,0.365,2592,4896,0,4627,512,0,0,0.0,1.0899,nan,edge/x86_64,unknown,3.12.3,2026-10-09T18:44:41Z
75,ML-DSA-87,post-quantum,5,keygen,0.0757,0.0,0.0,0.365,2592,4896,0,4627,0,0,0,0.0,1.1348,nan,edge/x86_64,unknown,3.12.3,2026-10-09T18:44:41Z
75,ML-DSA-87,post-quantum,5,sign,0.1075,0.0,0.0,0.365,2592,4896,0,4627,512,0,0,0.0,1.6118,nan,edge/x86_64,unknown,3.12.3,2026-10-09T18:44:41Z
75,ML-DSA-87,post-quantum,5,verify,0.1019,0.0,0.0,0.365,2592,4896,0,4627,512,0,0,0.0,1.5282,nan,edge/x86_64,unknown,3.12.3,2026-10-09T18:44:41Z
76,ML-DSA-87,post-quantum,5,keygen,0.1298,0.0,0.0,0.365,2592,4896,0,4627,0,0,0,0.0,1.9468,nan,edge/x86_64,unknown,3.12.3,2026-10-09T18:44:41Z
76,ML-DSA-87,post-quantum,5,sign,0.2497,0.0,0.0,0.365,2592,4896,0,4627,512,0,0,0.0,3.7457,nan,edge/x86_64,unknown,3.12.3,2026-10-09T18:44:41Z
76,ML-DSA-87,post-quantum,5,verify,0.076,0.0,0.0,0.365,2592,4896,0,4627,512,0,0,0.0,1.1403,nan,edge/x86_64,unknown,3.12.3,2026-10-09T18:44:41Z
77,ML-DSA-87,post-quantum,5,keygen,0.0798,0.0,0.0,0.365,2592,4896,0,4627,0,0,0,0.0,1.1971,nan,edge/x86_64,unknown,3.12.3,2026-10-09T18:44:41Z
77,ML-DSA-87,post-quantum,5,sign,0.1083,0.0,0.0,0.365,2592,4896,0,4627,512,0,0,0.0,1.6241,nan,edge/x86_64,unknown,3.12.3,2026-10-09T18:44:41Z
77,ML-DSA-87,post-quantum,5,verify,0.0711,0.0,0.0,0.365,2592,4896,0,4627,512,0,0,0.0,1.0661,nan,edge/x86_64,unknown,3.12.3,2026-10-09T18:44:41Z
78,ML-DSA-87,post-quantum,5,keygen,0.0755,0.0,0.0,0.365,2592,4896,0,4627,0,0,0,0.0,1.1326,nan,edge/x86_64,unknown,3.12.3,2026-10-09T18:44:41Z
78,ML-DSA-87,post-quantum,5,sign,0.1686,0.0,0.0,0.365,2592,4896,0,4627,512,0,0,0.0,2.5287,nan,edge/x86_64,unknown,3.12.3,2026-10-09T18:44:41Z
78,ML-DSA-87,post-quantum,5,verify,0.0708,0.0,0.0,0.365,2592,4896,0,4627,512,0,0,0.0,1.0623,nan,edge/x86_64,unknown,3.12.3,2026-10-09T18:44:41Z
79,ML-DSA-87,post-quantum,5,keygen,0.0755,0.0,0.0,0.365,2592,4896,0,4627,0,0,0,0.0,1.1323,nan,edge/x86_64,unknown,3.12.3,2026-10-09T18:44:41Z
79,ML-DSA-87,post-quantum,5,sign,0.1057,0.0,0.0,0.365,2592,4896,0,4627,512,0,0,0.0,1.585,nan,edge/x86_64,unknown,3.12.3,2026-10-09T18:44:41Z
79,ML-DSA-87,post-quantum,5,verify,0.071,0.0,0.0,0.365,2592,4896,0,4627,512,0,0,0.0,1.0644,nan,edge/x86_64,unknown,3.12.3,2026-10-09T18:44:41Z
80,ML-DSA-87,post-quantum,5,keygen,0.0757,0.0,0.0,0.365,2592,4896,0,4627,0,0,0,0.0,1.1348,nan,edge/x86_64,unknown,3.12.3,2026-10-09T18:44:41Z
80,ML-DSA-87,post-quantum,5,sign,0.091,0.0,0.0,0.365,2592,4896,0,4627,512,0,0,0.0,1.3647,nan,edge/x86_64,unknown,3.12.3,2026-10-09T18:44:41Z
80,ML-DSA-87,post-quantum,5,verify,0.07,0.0,0.0,0.365,2592,4896,0,4627,512,0,0,0.0,1.0507,nan,edge/x86_64,unknown,3.12.3,2026-10-09T18:44:41Z
81,ML-DSA-87,post-quantum,5,keygen,0.0754,0.0,0.0,0.365,2592,4896,0,4627,0,0,0,0.0,1.1312,nan,edge/x86_64,unknown,3.12.3,2026-10-09T18:44:41Z
81,ML-DSA-87,post-quantum,5,sign,0.1414,0.0,0.0,0.365,2592,4896,0,4627,512,0,0,0.0,2.1204,nan,edge/x86_64,unknown,3.12.3,2026-10-09T18:44:41Z
81,ML-DSA-87,post-quantum,5,verify,0.071,0.0,0.0,0.365,2592,4896,0,4627,512,0,0,0.0,1.0651,nan,edge/x86_64,unknown,3.12.3,2026-10-09T18:44:41Z
82,ML-DSA-87,post-quantum,5,keygen,0.0752,0.0,0.0,0.365,2592,4896,0,4627,0,0,0,0.0,1.1274,nan,edge/x86_64,unknown,3.12.3,2026-10-09T18:44:41Z
82,ML-DSA-87,post-quantum,5,sign,0.0908,0.0,0.0,0.365,2592,4896,0,4627,512,0,0,0.0,1.362,nan,edge/x86_64,unknown,3.12.3,2026-10-09T18:44:41Z
82,ML-DSA-87,post-quantum,5,verify,0.0699,0.0,0.0,0.365,2592,4896,0,4627,512,0,0,0.0,1.0492,nan,edge/x86_64,unknown,3.12.3,2026-10-09T18:44:41Z
83,ML-DSA-87,post-quantum,5,keygen,0.0858,0.0,0.0,0.365,2592,4896,0,4627,0,0,0,0.0,1.2875,nan,edge/x86_64,unknown,3.12.3,2026-10-09T18:44:41Z
83,ML-DSA-87,post-quantum,5,sign,0.1169,0.0,0.0,0.365,2592,4896,0,4627,512,0,0,0.0,1.7529,nan,edge/x86_64,unknown,3.12.3,2026-10-09T18:44:41Z
83,ML-DSA-87,post-quantum,5,verify,0.0748,0.0,0.0,0.365,2592,4896,0,4627,512,0,0,0.0,1.1217,nan,edge/x86_64,unknown,3.12.3,2026-10-09T18:44:41Z
84,ML-DSA-87,post-quantum,5,keygen,0.0797,0.0,0.0,0.365,2592,4896,0,4627,0,0,0,0.0,1.1954,nan,edge/x86_64,unknown,3.12.3,2026-10-09T18:44:41Z
84,ML-DSA-87,post-quantum,5,sign,0.1446,0.0,0.0,0.365,2592,4896,0,4627,512,0,0,0.0,2.1684,nan,edge/x86_64,unknown,3.12.3,2026-10-09T18:44:41Z
84,ML-DSA-87,post-quantum,5,verify,0.0705,0.0,0.0,0.365,2592,4896,0,4627,512,0,0,0.0,1.0568,nan,edge/x86_64,unknown,3.12.3,2026-10-09T18:44:41Z
85,ML-DSA-87,post-quantum,5,keygen,0.0888,0.0,0.0,0.365,2592,4896,0,4627,0,0,0,0.0,1.3314,nan,edge/x86_64,unknown,3.12.3,2026-10-09T18:44:41Z
85,ML-DSA-87,post-quantum,5,sign,0.1428,0.0,0.0,0.365,2592,4896,0,4627,512,0,0,0.0,2.1416,nan,edge/x86_64,unknown,3.12.3,2026-10-09T18:44:41Z
85,ML-DSA-87,post-quantum,5,verify,0.0711,0.0,0.0,0.365,2592,4896,0,4627,512,0,0,0.0,1.0663,nan,edge/x86_64,unknown,3.12.3,2026-10-09T18:44:41Z
86,ML-DSA-87,post-quantum,5,keygen,0.075,0.0,0.0,0.365,2592,4896,0,4627,0,0,0,0.0,1.1245,nan,edge/x86_64,unknown,3.12.3,2026-10-09T18:44:41Z
86,ML-DSA-87,post-quantum,5,sign,0.1642,0.0,0.0,0.365,2592,4896,0,4627,512,0,0,0.0,2.4635,nan,edge/x86_64,unknown,3.12.3,2026-10-09T18:44:41Z
86,ML-DSA-87,post-quantum,5,verify,0.0714,0.0,0.0,0.365,2592,4896,0,4627,512,0,0,0.0,1.0715,nan,edge/x86_64,unknown,3.12.3,2026-10-09T18:44:41Z
87,ML-DSA-87,post-quantum,5,keygen,0.0758,0.0,0.0,0.365,2592,4896,0,4627,0,0,0,0.0,1.1366,nan,edge/x86_64,unknown,3.12.3,2026-10-09T18:44:41Z
87,ML-DSA-87,post-quantum,5,sign,0.091,0.0,0.0,0.365,2592,4896,0,4627,512,0,0,0.0,1.3655,nan,edge/x86_64,unknown,3.12.3,2026-10-09T18:44:41Z
87,ML-DSA-87,post-quantum,5,verify,0.0715,0.0,0.0,0.365,2592,4896,0,4627,512,0,0,0.0,1.0727,nan,edge/x86_64,unknown,3.12.3,2026-10-09T18:44:41Z
88,ML-DSA-87,post-quantum,5,keygen,0.0747,0.0,0.0,0.365,2592,4896,0,4627,0,0,0,0.0,1.1208,nan,edge/x86_64,unknown,3.12.3,2026-10-09T18:44:41Z
88,ML-DSA-87,post-quantum,5,sign,0.1058,0.0,0.0,0.365,2592,4896,0,4627,512,0,0,0.0,1.5872,nan,edge/x86_64,unknown,3.12.3,2026-10-09T18:44:41Z
88,ML-DSA-87,post-quantum,5,verify,0.0702,0.0,0.0,0.365,2592,4896,0,4627,512,0,0,0.0,1.053,nan,edge/x86_64,unknown,3.12.3,2026-10-09T18:44:41Z
89,ML-DSA-87,post-quantum,5,keygen,0.0747,0.0,0.0,0.365,2592,4896,0,4627,0,0,0,0.0,1.1205,nan,edge/x86_64,unknown,3.12.3,2026-10-09T18:44:41Z
89,ML-DSA-87,post-quantum,5,sign,0.0907,0.0,0.0,0.365,2592,4896,0,4627,512,0,0,0.0,1.3605,nan,edge/x86_64,unknown,3.12.3,2026-10-09T18:44:41Z
89,ML-DSA-87,post-quantum,5,verify,0.0704,0.0,0.0,0.365,2592,4896,0,4627,512,0,0,0.0,1.0554,nan,edge/x86_64,unknown,3.12.3,2026-10-09T18:44:41Z
90,ML-DSA-87,post-quantum,5,keygen,0.0847,0.0,0.0,0.365,2592,4896,0,4627,0,0,0,0.0,1.2705,nan,edge/x86_64,unknown,3.12.3,2026-10-09T18:44:41Z
90,ML-DSA-87,post-quantum,5,sign,0.2858,0.0,0.0,0.365,2592,4896,0,4627,512,0,0,0.0,4.2873,nan,edge/x86_64,unknown,3.12.3,2026-10-09T18:44:41Z
90,ML-DSA-87,post-quantum,5,verify,0.0748,0.0,0.0,0.365,2592,4896,0,4627,512,0,0,0.0,1.1223,nan,edge/x86_64,unknown,3.12.3,2026-10-09T18:44:41Z
91,ML-DSA-87,post-quantum,5,keygen,0.0805,0.0,0.0,0.365,2592,4896,0,4627,0,0,0,0.0,1.2079,nan,edge/x86_64,unknown,3.12.3,2026-10-09T18:44:41Z
91,ML-DSA-87,post-quantum,5,sign,0.1252,0.0,0.0,0.365,2592,4896,0,4627,512,0,0,0.0,1.8787,nan,edge/x86_64,unknown,3.12.3,2026-10-09T18:44:41Z
91,ML-DSA-87,post-quantum,5,verify,0.0831,0.0,0.0,0.365,2592,4896,0,4627,512,0,0,0.0,1.2458,nan,edge/x86_64,unknown,3.12.3,2026-10-09T18:44:41Z
92,ML-DSA-87,post-quantum,5,keygen,0.0755,0.0,0.0,0.365,2592,4896,0,4627,0,0,0,0.0,1.1328,nan,edge/x86_64,unknown,3.12.3,2026-10-09T18:44:41Z
92,ML-DSA-87,post-quantum,5,sign,0.1267,0.0,0.0,0.365,2592,4896,0,4627,512,0,0,0.0,1.9004,nan,edge/x86_64,unknown,3.12.3,2026-10-09T18:44:41Z
92,ML-DSA-87,post-quantum,5,verify,0.0703,0.0,0.0,0.365,2592,4896,0,4627,512,0,0,0.0,1.0538,nan,edge/x86_64,unknown,3.12.3,2026-10-09T18:44:41Z
93,ML-DSA-87,post-quantum,5,keygen,0.1249,0.0,0.0,0.365,2592,4896,0,4627,0,0,0,0.0,1.8733,nan,edge/x86_64,unknown,3.12.3,2026-10-09T18:44:41Z
93,ML-DSA-87,post-quantum,5,sign,0.3494,0.0,0.0,0.365,2592,4896,0,4627,512,0,0,0.0,5.2405,nan,edge/x86_64,unknown,3.12.3,2026-10-09T18:44:41Z
93,ML-DSA-87,post-quantum,5,verify,0.072,0.0,0.0,0.365,2592,4896,0,4627,512,0,0,0.0,1.0794,nan,edge/x86_64,unknown,3.12.3,2026-10-09T18:44:41Z
94,ML-DSA-87,post-quantum,5,keygen,0.0755,0.0,0.0,0.365,2592,4896,0,4627,0,0,0,0.0,1.1328,nan,edge/x86_64,unknown,3.12.3,2026-10-09T18:44:41Z
94,ML-DSA-87,post-quantum,5,sign,0.1573,0.0,0.0,0.365,2592,4896,0,4627,512,0,0,0.0,2.3596,nan,edge/x86_64,unknown,3.12.3,2026-10-09T18:44:41Z
94,ML-DSA-87,post-quantum,5,verify,0.0701,0.0,0.0,0.365,2592,4896,0,4627,512,0,0,0.0,1.0517,nan,edge/x86_64,unknown,3.12.3,2026-10-09T18:44:41Z
95,ML-DSA-87,post-quantum,5,keygen,0.0755,0.0,0.0,0.365,2592,4896,0,4627,0,0,0,0.0,1.1332,nan,edge/x86_64,unknown,3.12.3,2026-10-09T18:44:41Z
95,ML-DSA-87,post-quantum,5,sign,0.1481,0.0,0.0,0.365,2592,4896,0,4627,512,0,0,0.0,2.2211,nan,edge/x86_64,unknown,3.12.3,2026-10-09T18:44:41Z
95,ML-DSA-87,post-quantum,5,verify,0.0758,0.0,0.0,0.365,2592,4896,0,4627,512,0,0,0.0,1.1372,nan,edge/x86_64,unknown,3.12.3,2026-10-09T18:44:41Z
96,ML-DSA-87,post-quantum,5,keygen,0.0798,0.0,0.0,0.365,2592,4896,0,4627,0,0,0,0.0,1.197,nan,edge/x86_64,unknown,3.12.3,2026-10-09T18:44:41Z
96,ML-DSA-87,post-quantum,5,sign,0.125,0.0,0.0,0.365,2592,4896,0,4627,512,0,0,0.0,1.8751,nan,edge/x86_64,unknown,3.12.3,2026-10-09T18:44:41Z
96,ML-DSA-87,post-quantum,5,verify,0.0707,0.0,0.0,0.365,2592,4896,0,4627,512,0,0,0.0,1.0608,nan,edge/x86_64,unknown,3.12.3,2026-10-09T18:44:41Z
97,ML-DSA-87,post-quantum,5,keygen,0.0754,0.0,0.0,0.365,2592,4896,0,4627,0,0,0,0.0,1.1308,nan,edge/x86_64,unknown,3.12.3,2026-10-09T18:44:41Z
97,ML-DSA-87,post-quantum,5,sign,0.1081,0.0,0.0,0.365,2592,4896,0,4627,512,0,0,0.0,1.6222,nan,edge/x86_64,unknown,3.12.3,2026-10-09T18:44:41Z
97,ML-DSA-87,post-quantum,5,verify,0.0699,0.0,0.0,0.365,2592,4896,0,4627,512,0,0,0.0,1.0491,nan,edge/x86_64,unknown,3.12.3,2026-10-09T18:44:41Z
98,ML-DSA-87,post-quantum,5,keygen,0.0749,0.0,0.0,0.365,2592,4896,0,4627,0,0,0,0.0,1.1233,nan,edge/x86_64,unknown,3.12.3,2026-10-09T18:44:41Z
98,ML-DSA-87,post-quantum,5,sign,0.1651,0.0,0.0,0.365,2592,4896,0,4627,512,0,0,0.0,2.4767,nan,edge/x86_64,unknown,3.12.3,2026-10-09T18:44:41Z
98,ML-DSA-87,post-quantum,5,verify,0.0826,0.0,0.0,0.365,2592,4896,0,4627,512,0,0,0.0,1.2397,nan,edge/x86_64,unknown,3.12.3,2026-10-09T18:44:41Z
99,ML-DSA-87,post-quantum,5,keygen,0.0754,0.0,0.0,0.365,2592,4896,0,4627,0,0,0,0.0,1.1309,nan,edge/x86_64,unknown,3.12.3,2026-10-09T18:44:41Z
99,ML-DSA-87,post-quantum,5,sign,0.1293,0.0,0.0,0.365,2592,4896,0,4627,512,0,0,0.0,1.9401,nan,edge/x86_64,unknown,3.12.3,2026-10-09T18:44:41Z
99,ML-DSA-87,post-quantum,5,verify,0.107,0.0,0.0,0.365,2592,4896,0,4627,512,0,0,0.0,1.6054,nan,edge/x86_64,unknown,3.12.3,2026-10-09T18:44:41Z
100,ML-DSA-87,post-quantum,5,keygen,0.1323,0.0,0.0,0.365,2592,4896,0,4627,0,0,0,0.0,1.9848,nan,edge/x86_64,unknown,3.12.3,2026-10-09T18:44:41Z
100,ML-DSA-87,post-quantum,5,sign,0.2014,0.0,0.0,0.365,2592,4896,0,4627,512,0,0,0.0,3.0209,nan,edge/x86_64,unknown,3.12.3,2026-10-09T18:44:41Z
100,ML-DSA-87,post-quantum,5,verify,0.1118,0.0,0.0,0.365,2592,4896,0,4627,512,0,0,0.0,1.6773,nan,edge/x86_64,unknown,3.12.3,2026-10-09T18:44:41Z
101,ML-DSA-87,post-quantum,5,keygen,0.1547,0.0,0.0,0.365,2592,4896,0,4627,0,0,0,0.0,2.3203,nan,edge/x86_64,unknown,3.12.3,2026-10-09T18:44:41Z
101,ML-DSA-87,post-quantum,5,sign,0.1354,0.0,0.0,0.365,2592,4896,0,4627,512,0,0,0.0,2.0309,nan,edge/x86_64,unknown,3.12.3,2026-10-09T18:44:41Z
101,ML-DSA-87,post-quantum,5,verify,0.0741,0.0,0.0,0.365,2592,4896,0,4627,512,0,0,0.0,1.1118,nan,edge/x86_64,unknown,3.12.3,2026-10-09T18:44:41Z
102,ML-DSA-87,post-quantum,5,keygen,0.0771,0.0,0.0,0.365,2592,4896,0,4627,0,0,0,0.0,1.157,nan,edge/x86_64,unknown,3.12.3,2026-10-09T18:44:41Z
102,ML-DSA-87,post-quantum,5,sign,0.1411,0.0,0.0,0.365,2592,4896,0,4627,512,0,0,0.0,2.1159,nan,edge/x86_64,unknown,3.12.3,2026-10-09T18:44:41Z
102,ML-DSA-87,post-quantum,5,verify,0.0718,0.0,0.0,0.365,2592,4896,0,4627,512,0,0,0.0,1.077,nan,edge/x86_64,unknown,3.12.3,2026-10-09T18:44:41Z
103,ML-DSA-87,post-quantum,5,keygen,0.0765,0.0,0.0,0.365,2592,4896,0,4627,0,0,0,0.0,1.1477,nan,edge/x86_64,unknown,3.12.3,2026-10-09T18:44:41Z
103,ML-DSA-87,post-quantum,5,sign,0.1068,0.0,0.0,0.365,2592,4896,0,4627,512,0,0,0.0,1.6026,nan,edge/x86_64,unknown,3.12.3,2026-10-09T18:44:41Z
103,ML-DSA-87,post-quantum,5,verify,0.0707,0.0,0.0,0.365,2592,4896,0,4627,512,0,0,0.0,1.0611,nan,edge/x86_64,unknown,3.12.3,2026-10-09T18:44:41Z
104,ML-DSA-87,post-quantum,5,keygen,0.0746,0.0,0.0,0.365,2592,4896,0,4627,0,0,0,0.0,1.1191,nan,edge/x86_64,unknown,3.12.3,2026-10-09T18:44:41Z
104,ML-DSA-87,post-quantum,5,sign,0.2409,0.0,0.0,0.365,2592,4896,0,4627,512,0,0,0.0,3.6134,nan,edge/x86_64,unknown,3.12.3,2026-10-09T18:44:41Z
104,ML-DSA-87,post-quantum,5,verify,0.071,0.0,0.0,0.365,2592,4896,0,4627,512,0,0,0.0,1.0647,nan,edge/x86_64,unknown,3.12.3,2026-10-09T18:44:41Z
105,ML-DSA-87,post-quantum,5,keygen,0.0905,0.0,0.0,0.365,2592,4896,0,4627,0,0,0,0.0,1.3581,nan,edge/x86_64,unknown,3.12.3,2026-10-09T18:44:41Z
105,ML-DSA-87,post-quantum,5,sign,0.1454,0.0,0.0,0.365,2592,4896,0,4627,512,0,0,0.0,2.1809,nan,edge/x86_64,unknown,3.12.3,2026-10-09T18:44:41Z
105,ML-DSA-87,post-quantum,5,verify,0.0715,0.0,0.0,0.365,2592,4896,0,4627,512,0,0,0.0,1.0729,nan,edge/x86_64,unknown,3.12.3,2026-10-09T18:44:41Z
106,ML-DSA-87,post-quantum,5,keygen,0.0757,0.0,0.0,0.365,2592,4896,0,4627,0,0,0,0.0,1.1353,nan,edge/x86_64,unknown,3.12.3,2026-10-09T18:44:41Z
106,ML-DSA-87,post-quantum,5,sign,0.1702,0.0,0.0,0.365,2592,4896,0,4627,512,0,0,0.0,2.5531,nan,edge/x86_64,unknown,3.12.3,2026-10-09T18:44:41Z
106,ML-DSA-87,post-quantum,5,verify,0.0703,0.0,0.0,0.365,2592,4896,0,4627,512,0,0,0.0,1.0548,nan,edge/x86_64,unknown,3.12.3,2026-10-09T18:44:41Z
107,ML-DSA-87,post-quantum,5,keygen,0.0743,0.0,0.0,0.365,2592,4896,0,4627,0,0,0,0.0,1.1146,nan,edge/x86_64,unknown,3.12.3,2026-10-09T18:44:41Z
107,ML-DSA-87,post-quantum,5,sign,0.1874,0.0,0.0,0.365,2592,4896,0,4627,512,0,0,0.0,2.8117,nan,edge/x86_64,unknown,3.12.3,2026-10-09T18:44:41Z
107,ML-DSA-87,post-quantum,5,verify,0.0871,0.0,0.0,0.365,2592,4896,0,4627,512,0,0,0.0,1.3066,nan,edge/x86_64,unknown,3.12.3,2026-10-09T18:44:41Z
108,ML-DSA-87,post-quantum,5,keygen,0.0808,0.0,0.0,0.365,2592,4896,0,4627,0,0,0,0.0,1.2125,nan,edge/x86_64,unknown,3.12.3,2026-10-09T18:44:41Z
108,ML-DSA-87,post-quantum,5,sign,0.092,0.0,0.0,0.365,2592,4896,0,4627,512,0,0,0.0,1.3805,nan,edge/x86_64,unknown,3.12.3,2026-10-09T18:44:41Z
108,ML-DSA-87,post-quantum,5,verify,0.0709,0.0,0.0,0.365,2592,4896,0,4627,512,0,0,0.0,1.0642,nan,edge/x86_64,unknown,3.12.3,2026-10-09T18:44:41Z
109,ML-DSA-87,post-quantum,5,keygen,0.0753,0.0,0.0,0.365,2592,4896,0,4627,0,0,0,0.0,1.1288,nan,edge/x86_64,unknown,3.12.3,2026-10-09T18:44:41Z
109,ML-DSA-87,post-quantum,5,sign,0.0914,0.0,0.0,0.365,2592,4896,0,4627,512,0,0,0.0,1.3709,nan,edge/x86_64,unknown,3.12.3,2026-10-09T18:44:41Z
109,ML-DSA-87,post-quantum,5,verify,0.0702,0.0,0.0,0.365,2592,4896,0,4627,512,0,0,0.0,1.0531,nan,edge/x86_64,unknown,3.12.3,2026-10-09T18:44:41Z
110,ML-DSA-87,post-quantum,5,keygen,0.0745,0.0,0.0,0.365,2592,4896,0,4627,0,0,0,0.0,1.1171,nan,edge/x86_64,unknown,3.12.3,2026-10-09T18:44:41Z
110,ML-DSA-87,post-quantum,5,sign,0.1229,0.0,0.0,0.365,2592,4896,0,4627,512,0,0,0.0,1.8432,nan,edge/x86_64,unknown,3.12.3,2026-10-09T18:44:41Z
110,ML-DSA-87,post-quantum,5,verify,0.0929,0.0,0.0,0.365,2592,4896,0,4627,512,0,0,0.0,1.3939,nan,edge/x86_64,unknown,3.12.3,2026-10-09T18:44:41Z
111,ML-DSA-87,post-quantum,5,keygen,0.0761,0.0,0.0,0.365,2592,4896,0,4627,0,0,0,0.0,1.1416,nan,edge/x86_64,unknown,3.12.3,2026-10-09T18:44:41Z
111,ML-DSA-87,post-quantum,5,sign,0.1215,0.0,0.0,0.365,2592,4896,0,4627,512,0,0,0.0,1.8223,nan,edge/x86_64,unknown,3.12.3,2026-10-09T18:44:41Z
111,ML-DSA-87,post-quantum,5,verify,0.0724,0.0,0.0,0.365,2592,4896,0,4627,512,0,0,0.0,1.0867,nan,edge/x86_64,unknown,3.12.3,2026-10-09T18:44:41Z
112,ML-DSA-87,post-quantum,5,keygen,0.0762,0.0,0.0,0.365,2592,4896,0,4627,0,0,0,0.0,1.1427,nan,edge/x86_64,unknown,3.12.3,2026-10-09T18:44:41Z
112,ML-DSA-87,post-quantum,5,sign,0.0908,0.0,0.0,0.365,2592,4896,0,4627,512,0,0,0.0,1.3626,nan,edge/x86_64,unknown,3.12.3,2026-10-09T18:44:41Z
112,ML-DSA-87,post-quantum,5,verify,0.0704,0.0,0.0,0.365,2592,4896,0,4627,512,0,0,0.0,1.056,nan,edge/x86_64,unknown,3.12.3,2026-10-09T18:44:41Z
113,ML-DSA-87,post-quantum,5,keygen,0.0788,0.0,0.0,0.365,2592,4896,0,4627,0,0,0,0.0,1.1814,nan,edge/x86_64,unknown,3.12.3,2026-10-09T18:44:41Z
113,ML-DSA-87,post-quantum,5,sign,0.0906,0.0,0.0,0.365,2592,4896,0,4627,512,0,0,0.0,1.3585,nan,edge/x86_64,unknown,3.12.3,2026-10-09T18:44:41Z
113,ML-DSA-87,post-quantum,5,verify,0.0699,0.0,0.0,0.365,2592,4896,0,4627,512,0,0,0.0,1.0484,nan,edge/x86_64,unknown,3.12.3,2026-10-09T18:44:41Z
114,ML-DSA-87,post-quantum,5,keygen,0.0744,0.0,0.0,0.365,2592,4896,0,4627,0,0,0,0.0,1.116,nan,edge/x86_64,unknown,3.12.3,2026-10-09T18:44:41Z
114,ML-DSA-87,post-quantum,5,sign,0.2452,0.0,0.0,0.365,2592,4896,0,4627,512,0,0,0.0,3.6784,nan,edge/x86_64,unknown,3.12.3,2026-10-09T18:44:41Z
114,ML-DSA-87,post-quantum,5,verify,0.0828,0.0,0.0,0.365,2592,4896,0,4627,512,0,0,0.0,1.2415,nan,edge/x86_64,unknown,3.12.3,2026-10-09T18:44:41Z
115,ML-DSA-87,post-quantum,5,keygen,0.0839,0.0,0.0,0.365,2592,4896,0,4627,0,0,0,0.0,1.2591,nan,edge/x86_64,unknown,3.12.3,2026-10-09T18:44:41Z
115,ML-DSA-87,post-quantum,5,sign,0.2041,0.0,0.0,0.365,2592,4896,0,4627,512,0,0,0.0,3.0614,nan,edge/x86_64,unknown,3.12.3,2026-10-09T18:44:41Z
115,ML-DSA-87,post-quantum,5,verify,0.0711,0.0,0.0,0.365,2592,4896,0,4627,512,0,0,0.0,1.0669,nan,edge/x86_64,unknown,3.12.3,2026-10-09T18:44:41Z
116,ML-DSA-87,post-quantum,5,keygen,0.0756,0.0,0.0,0.365,2592,4896,0,4627,0,0,0,0.0,1.1342,nan,edge/x86_64,unknown,3.12.3,2026-10-09T18:44:41Z
116,ML-DSA-87,post-quantum,5,sign,0.1592,0.0,0.0,0.365,2592,4896,0,4627,512,0,0,0.0,2.3877,nan,edge/x86_64,unknown,3.12.3,2026-10-09T18:44:41Z
116,ML-DSA-87,post-quantum,5,verify,0.0862,0.0,0.0,0.365,2592,4896,0,4627,512,0,0,0.0,1.2936,nan,edge/x86_64,unknown,3.12.3,2026-10-09T18:44:41Z
117,ML-DSA-87,post-quantum,5,keygen,0.0773,0.0,0.0,0.365,2592,4896,0,4627,0,0,0,0.0,1.1592,nan,edge/x86_64,unknown,3.12.3,2026-10-09T18:44:41Z
117,ML-DSA-87,post-quantum,5,sign,0.1287,0.0,0.0,0.365,2592,4896,0,4627,512,0,0,0.0,1.9312,nan,edge/x86_64,unknown,3.12.3,2026-10-09T18:44:41Z
117,ML-DSA-87,post-quantum,5,verify,0.072,0.0,0.0,0.365,2592,4896,0,4627,512,0,0,0.0,1.0805,nan,edge/x86_64,unknown,3.12.3,2026-10-09T18:44:41Z
118,ML-DSA-87,post-quantum,5,keygen,0.0749,0.0,0.0,0.365,2592,4896,0,4627,0,0,0,0.0,1.1236,nan,edge/x86_64,unknown,3.12.3,2026-10-09T18:44:41Z
118,ML-DSA-87,post-quantum,5,sign,0.2178,0.0,0.0,0.365,2592,4896,0,4627,512,0,0,0.0,3.2675,nan,edge/x86_64,unknown,3.12.3,2026-10-09T18:44:41Z
118,ML-DSA-87,post-quantum,5,verify,0.071,0.0,0.0,0.365,2592,4896,0,4627,512,0,0,0.0,1.0649,nan,edge/x86_64,unknown,3.12.3,2026-10-09T18:44:41Z
119,ML-DSA-87,post-quantum,5,keygen,0.0743,0.0,0.0,0.365,2592,4896,0,4627,0,0,0,0.0,1.1138,nan,edge/x86_64,unknown,3.12.3,2026-10-09T18:44:41Z
119,ML-DSA-87,post-quantum,5,sign,0.252,0.0,0.0,0.365,2592,4896,0,4627,512,0,0,0.0,3.7802,nan,edge/x86_64,unknown,3.12.3,2026-10-09T18:44:41Z
119,ML-DSA-87,post-quantum,5,verify,0.0962,0.0,0.0,0.365,2592,4896,0,4627,512,0,0,0.0,1.4429,nan,edge/x86_64,unknown,3.12.3,2026-10-09T18:44:41Z
120,ML-DSA-87,post-quantum,5,keygen,0.0838,0.0,0.0,0.365,2592,4896,0,4627,0,0,0,0.0,1.2567,nan,edge/x86_64,unknown,3.12.3,2026-10-09T18:44:41Z
120,ML-DSA-87,post-quantum,5,sign,0.0932,0.0,0.0,0.365,2592,4896,0,4627,512,0,0,0.0,1.3981,nan,edge/x86_64,unknown,3.12.3,2026-10-09T18:44:41Z
120,ML-DSA-87,post-quantum,5,verify,0.0714,0.0,0.0,0.365,2592,4896,0,4627,512,0,0,0.0,1.0713,nan,edge/x86_64,unknown,3.12.3,2026-10-09T18:44:41Z
121,ML-DSA-87,post-quantum,5,keygen,0.076,0.0,0.0,0.365,2592,4896,0,4627,0,0,0,0.0,1.1407,nan,edge/x86_64,unknown,3.12.3,2026-10-09T18:44:41Z
121,ML-DSA-87,post-quantum,5,sign,0.0914,0.0,0.0,0.365,2592,4896,0,4627,512,0,0,0.0,1.3716,nan,edge/x86_64,unknown,3.12.3,2026-10-09T18:44:41Z
121,ML-DSA-87,post-quantum,5,verify,0.0707,0.0,0.0,0.365,2592,4896,0,4627,512,0,0,0.0,1.0608,nan,edge/x86_64,unknown,3.12.3,2026-10-09T18:44:41Z
122,ML-DSA-87,post-quantum,5,keygen,0.0751,0.0,0.0,0.365,2592,4896,0,4627,0,0,0,0.0,1.127,nan,edge/x86_64,unknown,3.12.3,2026-10-09T18:44:41Z
122,ML-DSA-87,post-quantum,5,sign,0.0902,0.0,0.0,0.365,2592,4896,0,4627,512,0,0,0.0,1.3525,nan,edge/x86_64,unknown,3.12.3,2026-10-09T18:44:41Z
122,ML-DSA-87,post-quantum,5,verify,0.0704,0.0,0.0,0.365,2592,4896,0,4627,512,0,0,0.0,1.0565,nan,edge/x86_64,unknown,3.12.3,2026-10-09T18:44:41Z
123,ML-DSA-87,post-quantum,5,keygen,0.0747,0.0,0.0,0.365,2592,4896,0,4627,0,0,0,0.0,1.1208,nan,edge/x86_64,unknown,3.12.3,2026-10-09T18:44:41Z
123,ML-DSA-87,post-quantum,5,sign,0.1686,0.0,0.0,0.365,2592,4896,0,4627,512,0,0,0.0,2.5296,nan,edge/x86_64,unknown,3.12.3,2026-10-09T18:44:41Z
123,ML-DSA-87,post-quantum,5,verify,0.1101,0.0,0.0,0.365,2592,4896,0,4627,512,0,0,0.0,1.651,nan,edge/x86_64,unknown,3.12.3,2026-10-09T18:44:41Z
124,ML-DSA-87,post-quantum,5,keygen,0.1314,0.0,0.0,0.365,2592,4896,0,4627,0,0,0,0.0,1.9713,nan,edge/x86_64,unknown,3.12.3,2026-10-09T18:44:41Z
124,ML-DSA-87,post-quantum,5,sign,0.1793,0.0,0.0,0.365,2592,4896,0,4627,512,0,0,0.0,2.69,nan,edge/x86_64,unknown,3.12.3,2026-10-09T18:44:41Z
124,ML-DSA-87,post-quantum,5,verify,0.1038,0.0,0.0,0.365,2592,4896,0,4627,512,0,0,0.0,1.5568,nan,edge/x86_64,unknown,3.12.3,2026-10-09T18:44:41Z
125,ML-DSA-87,post-quantum,5,keygen,0.0836,0.0,0.0,0.365,2592,4896,0,4627,0,0,0,0.0,1.2544,nan,edge/x86_64,unknown,3.12.3,2026-10-09T18:44:41Z
125,ML-DSA-87,post-quantum,5,sign,0.1912,0.0,0.0,0.365,2592,4896,0,4627,512,0,0,0.0,2.8679,nan,edge/x86_64,unknown,3.12.3,2026-10-09T18:44:41Z
125,ML-DSA-87,post-quantum,5,verify,0.1011,0.0,0.0,0.365,2592,4896,0,4627,512,0,0,0.0,1.5169,nan,edge/x86_64,unknown,3.12.3,2026-10-09T18:44:41Z
126,ML-DSA-87,post-quantum,5,keygen,0.1211,0.0,0.0,0.365,2592,4896,0,4627,0,0,0,0.0,1.8161,nan,edge/x86_64,unknown,3.12.3,2026-10-09T18:44:41Z
126,ML-DSA-87,post-quantum,5,sign,0.1835,0.0,0.0,0.365,2592,4896,0,4627,512,0,0,0.0,2.7529,nan,edge/x86_64,unknown,3.12.3,2026-10-09T18:44:41Z
126,ML-DSA-87,post-quantum,5,verify,0.0722,0.0,0.0,0.365,2592,4896,0,4627,512,0,0,0.0,1.0836,nan,edge/x86_64,unknown,3.12.3,2026-10-09T18:44:41Z
127,ML-DSA-87,post-quantum,5,keygen,0.0752,0.0,0.0,0.365,2592,4896,0,4627,0,0,0,0.0,1.1284,nan,edge/x86_64,unknown,3.12.3,2026-10-09T18:44:41Z
127,ML-DSA-87,post-quantum,5,sign,0.0913,0.0,0.0,0.365,2592,4896,0,4627,512,0,0,0.0,1.3697,nan,edge/x86_64,unknown,3.12.3,2026-10-09T18:44:41Z
127,ML-DSA-87,post-quantum,5,verify,0.071,0.0,0.0,0.365,2592,4896,0,4627,512,0,0,0.0,1.0654,nan,edge/x86_64,unknown,3.12.3,2026-10-09T18:44:41Z
128,ML-DSA-87,post-quantum,5,keygen,0.0748,0.0,0.0,0.365,2592,4896,0,4627,0,0,0,0.0,1.1223,nan,edge/x86_64,unknown,3.12.3,2026-10-09T18:44:41Z
128,ML-DSA-87,post-quantum,5,sign,0.3915,0.0,0.0,0.365,2592,4896,0,4627,512,0,0,0.0,5.8723,nan,edge/x86_64,unknown,3.12.3,2026-10-09T18:44:41Z
128,ML-DSA-87,post-quantum,5,verify,0.0714,0.0,0.0,0.365,2592,4896,0,4627,512,0,0,0.0,1.0706,nan,edge/x86_64,unknown,3.12.3,2026-10-09T18:44:41Z
129,ML-DSA-87,post-quantum,5,keygen,0.0751,0.0,0.0,0.365,2592,4896,0,4627,0,0,0,0.0,1.1265,nan,edge/x86_64,unknown,3.12.3,2026-10-09T18:44:41Z
129,ML-DSA-87,post-quantum,5,sign,0.0908,0.0,0.0,0.365,2592,4896,0,4627,512,0,0,0.0,1.3624,nan,edge/x86_64,unknown,3.12.3,2026-10-09T18:44:41Z
129,ML-DSA-87,post-quantum,5,verify,0.0718,0.0,0.0,0.365,2592,4896,0,4627,512,0,0,0.0,1.0763,nan,edge/x86_64,unknown,3.12.3,2026-10-09T18:44:41Z
130,ML-DSA-87,post-quantum,5,keygen,0.0757,0.0,0.0,0.365,2592,4896,0,4627,0,0,0,0.0,1.1356,nan,edge/x86_64,unknown,3.12.3,2026-10-09T18:44:41Z
130,ML-DSA-87,post-quantum,5,sign,0.0912,0.0,0.0,0.365,2592,4896,0,4627,512,0,0,0.0,1.3673,nan,edge/x86_64,unknown,3.12.3,2026-10-09T18:44:41Z
130,ML-DSA-87,post-quantum,5,verify,0.0705,0.0,0.0,0.365,2592,4896,0,4627,512,0,0,0.0,1.0572,nan,edge/x86_64,unknown,3.12.3,2026-10-09T18:44:41Z
131,ML-DSA-87,post-quantum,5,keygen,0.075,0.0,0.0,0.365,2592,4896,0,4627,0,0,0,0.0,1.1252,nan,edge/x86_64,unknown,3.12.3,2026-10-09T18:44:41Z
131,ML-DSA-87,post-quantum,5,sign,0.2727,0.0,0.0,0.365,2592,4896,0,4627,512,0,0,0.0,4.0908,nan,edge/x86_64,unknown,3.12.3,2026-10-09T18:44:41Z
131,ML-DSA-87,post-quantum,5,verify,0.0766,0.0,0.0,0.365,2592,4896,0,4627,512,0,0,0.0,1.1494,nan,edge/x86_64,unknown,3.12.3,2026-10-09T18:44:41Z
132,ML-DSA-87,post-quantum,5,keygen,0.0792,0.0,0.0,0.365,2592,4896,0,4627,0,0,0,0.0,1.1884,nan,edge/x86_64,unknown,3.12.3,2026-10-09T18:44:41Z
132,ML-DSA-87,post-quantum,5,sign,0.0919,0.0,0.0,0.365,2592,4896,0,4627,512,0,0,0.0,1.3784,nan,edge/x86_64,unknown,3.12.3,2026-10-09T18:44:41Z
132,ML-DSA-87,post-quantum,5,verify,0.0707,0.0,0.0,0.365,2592,4896,0,4627,512,0,0,0.0,1.0603,nan,edge/x86_64,unknown,3.12.3,2026-10-09T18:44:41Z
133,ML-DSA-87,post-quantum,5,keygen,0.0753,0.0,0.0,0.365,2592,4896,0,4627,0,0,0,0.0,1.1302,nan,edge/x86_64,unknown,3.12.3,2026-10-09T18:44:41Z
133,ML-DSA-87,post-quantum,5,sign,0.157,0.0,0.0,0.365,2592,4896,0,4627,512,0,0,0.0,2.3544,nan,edge/x86_64,unknown,3.12.3,2026-10-09T18:44:41Z
133,ML-DSA-87,post-quantum,5,verify,0.0709,0.0,0.0,0.365,2592,4896,0,4627,512,0,0,0.0,1.0633,nan,edge/x86_64,unknown,3.12.3,2026-10-09T18:44:41Z
134,ML-DSA-87,post-quantum,5,keygen,0.0752,0.0,0.0,0.365,2592,4896,0,4627,0,0,0,0.0,1.1284,nan,edge/x86_64,unknown,3.12.3,2026-10-09T18:44:41Z
134,ML-DSA-87,post-quantum,5,sign,0.2953,0.0,0.0,0.365,2592,4896,0,4627,512,0,0,0.0,4.4292,nan,edge/x86_64,unknown,3.12.3,2026-10-09T18:44:41Z
134,ML-DSA-87,post-quantum,5,verify,0.0717,0.0,0.0,0.365,2592,4896,0,4627,512,0,0,0.0,1.0754,nan,edge/x86_64,unknown,3.12.3,2026-10-09T18:44:41Z
135,ML-DSA-87,post-quantum,5,keygen,0.0764,0.0,0.0,0.365,2592,4896,0,4627,0,0,0,0.0,1.1459,nan,edge/x86_64,unknown,3.12.3,2026-10-09T18:44:41Z
135,ML-DSA-87,post-quantum,5,sign,0.1408,0.0,0.0,0.365,2592,4896,0,4627,512,0,0,0.0,2.1113,nan,edge/x86_64,unknown,3.12.3,2026-10-09T18:44:41Z
135,ML-DSA-87,post-quantum,5,verify,0.0709,0.0,0.0,0.365,2592,4896,0,4627,512,0,0,0.0,1.063,nan,edge/x86_64,unknown,3.12.3,2026-10-09T18:44:41Z
136,ML-DSA-87,post-quantum,5,keygen,0.0752,0.0,0.0,0.365,2592,4896,0,4627,0,0,0,0.0,1.1277,nan,edge/x86_64,unknown,3.12.3,2026-10-09T18:44:41Z
136,ML-DSA-87,post-quantum,5,sign,0.1365,0.0,0.0,0.365,2592,4896,0,4627,512,0,0,0.0,2.047,nan,edge/x86_64,unknown,3.12.3,2026-10-09T18:44:41Z
136,ML-DSA-87,post-quantum,5,verify,0.0706,0.0,0.0,0.365,2592,4896,0,4627,512,0,0,0.0,1.0583,nan,edge/x86_64,unknown,3.12.3,2026-10-09T18:44:41Z
137,ML-DSA-87,post-quantum,5,keygen,0.0872,0.0,0.0,0.365,2592,4896,0,4627,0,0,0,0.0,1.3082,nan,edge/x86_64,unknown,3.12.3,2026-10-09T18:44:41Z
137,ML-DSA-87,post-quantum,5,sign,0.1925,0.0,0.0,0.365,2592,4896,0,4627,512,0,0,0.0,2.8881,nan,edge/x86_64,unknown,3.12.3,2026-10-09T18:44:41Z
137,ML-DSA-87,post-quantum,5,verify,0.0756,0.0,0.0,0.365,2592,4896,0,4627,512,0,0,0.0,1.1344,nan,edge/x86_64,unknown,3.12.3,2026-10-09T18:44:41Z
138,ML-DSA-87,post-quantum,5,keygen,0.0802,0.0,0.0,0.365,2592,4896,0,4627,0,0,0,0.0,1.2033,nan,edge/x86_64,unknown,3.12.3,2026-10-09T18:44:41Z
138,ML-DSA-87,post-quantum,5,sign,0.0919,0.0,0.0,0.365,2592,4896,0,4627,512,0,0,0.0,1.3781,nan,edge/x86_64,unknown,3.12.3,2026-10-09T18:44:41Z
138,ML-DSA-87,post-quantum,5,verify,0.0846,0.0,0.0,0.365,2592,4896,0,4627,512,0,0,0.0,1.2695,nan,edge/x86_64,unknown,3.12.3,2026-10-09T18:44:41Z
139,ML-DSA-87,post-quantum,5,keygen,0.0756,0.0,0.0,0.365,2592,4896,0,4627,0,0,0,0.0,1.1335,nan,edge/x86_64,unknown,3.12.3,2026-10-09T18:44:41Z
139,ML-DSA-87,post-quantum,5,sign,0.1393,0.0,0.0,0.365,2592,4896,0,4627,512,0,0,0.0,2.0897,nan,edge/x86_64,unknown,3.12.3,2026-10-09T18:44:41Z
139,ML-DSA-87,post-quantum,5,verify,0.0704,0.0,0.0,0.365,2592,4896,0,4627,512,0,0,0.0,1.0561,nan,edge/x86_64,unknown,3.12.3,2026-10-09T18:44:41Z
140,ML-DSA-87,post-quantum,5,keygen,0.0752,0.0,0.0,0.365,2592,4896,0,4627,0,0,0,0.0,1.1283,nan,edge/x86_64,unknown,3.12.3,2026-10-09T18:44:41Z
140,ML-DSA-87,post-quantum,5,sign,0.115,0.0,0.0,0.365,2592,4896,0,4627,512,0,0,0.0,1.7249,nan,edge/x86_64,unknown,3.12.3,2026-10-09T18:44:41Z
140,ML-DSA-87,post-quantum,5,verify,0.0714,0.0,0.0,0.365,2592,4896,0,4627,512,0,0,0.0,1.0703,nan,edge/x86_64,unknown,3.12.3,2026-10-09T18:44:41Z
141,ML-DSA-87,post-quantum,5,keygen,0.1823,0.0,0.0,0.365,2592,4896,0,4627,0,0,0,0.0,2.735,nan,edge/x86_64,unknown,3.12.3,2026-10-09T18:44:41Z
141,ML-DSA-87,post-quantum,5,sign,0.4394,0.0,0.0,0.365,2592,4896,0,4627,512,0,0,0.0,6.5912,nan,edge/x86_64,unknown,3.12.3,2026-10-09T18:44:41Z
141,ML-DSA-87,post-quantum,5,verify,0.1451,0.0,0.0,0.365,2592,4896,0,4627,512,0,0,0.0,2.1759,nan,edge/x86_64,unknown,3.12.3,2026-10-09T18:44:41Z
142,ML-DSA-87,post-quantum,5,keygen,0.0943,0.0,0.0,0.365,2592,4896,0,4627,0,0,0,0.0,1.4142,nan,edge/x86_64,unknown,3.12.3,2026-10-09T18:44:41Z
142,ML-DSA-87,post-quantum,5,sign,0.1644,0.0,0.0,0.365,2592,4896,0,4627,512,0,0,0.0,2.4654,nan,edge/x86_64,unknown,3.12.3,2026-10-09T18:44:41Z
142,ML-DSA-87,post-quantum,5,verify,0.0756,0.0,0.0,0.365,2592,4896,0,4627,512,0,0,0.0,1.1346,nan,edge/x86_64,unknown,3.12.3,2026-10-09T18:44:41Z
143,ML-DSA-87,post-quantum,5,keygen,0.0791,0.0,0.0,0.365,2592,4896,0,4627,0,0,0,0.0,1.1867,nan,edge/x86_64,unknown,3.12.3,2026-10-09T18:44:41Z
143,ML-DSA-87,post-quantum,5,sign,0.3354,0.0,0.0,0.365,2592,4896,0,4627,512,0,0,0.0,5.0312,nan,edge/x86_64,unknown,3.12.3,2026-10-09T18:44:41Z
143,ML-DSA-87,post-quantum,5,verify,0.0716,0.0,0.0,0.365,2592,4896,0,4627,512,0,0,0.0,1.0734,nan,edge/x86_64,unknown,3.12.3,2026-10-09T18:44:41Z
144,ML-DSA-87,post-quantum,5,keygen,0.0752,0.0,0.0,0.365,2592,4896,0,4627,0,0,0,0.0,1.1282,nan,edge/x86_64,unknown,3.12.3,2026-10-09T18:44:41Z
144,ML-DSA-87,post-quantum,5,sign,0.1256,0.0,0.0,0.365,2592,4896,0,4627,512,0,0,0.0,1.8836,nan,edge/x86_64,unknown,3.12.3,2026-10-09T18:44:41Z
144,ML-DSA-87,post-quantum,5,verify,0.0715,0.0,0.0,0.365,2592,4896,0,4627,512,0,0,0.0,1.0719,nan,edge/x86_64,unknown,3.12.3,2026-10-09T18:44:41Z
145,ML-DSA-87,post-quantum,5,keygen,0.0753,0.0,0.0,0.365,2592,4896,0,4627,0,0,0,0.0,1.1288,nan,edge/x86_64,unknown,3.12.3,2026-10-09T18:44:41Z
145,ML-DSA-87,post-quantum,5,sign,0.123,0.0,0.0,0.365,2592,4896,0,4627,512,0,0,0.0,1.8451,nan,edge/x86_64,unknown,3.12.3,2026-10-09T18:44:41Z
145,ML-DSA-87,post-quantum,5,verify,0.0712,0.0,0.0,0.365,2592,4896,0,4627,512,0,0,0.0,1.0676,nan,edge/x86_64,unknown,3.12.3,2026-10-09T18:44:41Z
146,ML-DSA-87,post-quantum,5,keygen,0.0745,0.0,0.0,0.365,2592,4896,0,4627,0,0,0,0.0,1.1177,nan,edge/x86_64,unknown,3.12.3,2026-10-09T18:44:41Z
146,ML-DSA-87,post-quantum,5,sign,0.1546,0.0,0.0,0.365,2592,4896,0,4627,512,0,0,0.0,2.3192,nan,edge/x86_64,unknown,3.12.3,2026-10-09T18:44:41Z
146,ML-DSA-87,post-quantum,5,verify,0.0701,0.0,0.0,0.365,2592,4896,0,4627,512,0,0,0.0,1.0511,nan,edge/x86_64,unknown,3.12.3,2026-10-09T18:44:41Z
147,ML-DSA-87,post-quantum,5,keygen,0.0746,0.0,0.0,0.365,2592,4896,0,4627,0,0,0,0.0,1.1191,nan,edge/x86_64,unknown,3.12.3,2026-10-09T18:44:41Z
147,ML-DSA-87,post-quantum,5,sign,0.2042,0.0,0.0,0.365,2592,4896,0,4627,512,0,0,0.0,3.0625,nan,edge/x86_64,unknown,3.12.3,2026-10-09T18:44:41Z
147,ML-DSA-87,post-quantum,5,verify,0.0927,0.0,0.0,0.365,2592,4896,0,4627,512,0,0,0.0,1.3903,nan,edge/x86_64,unknown,3.12.3,2026-10-09T18:44:41Z
148,ML-DSA-87,post-quantum,5,keygen,0.0814,0.0,0.0,0.365,2592,4896,0,4627,0,0,0,0.0,1.2208,nan,edge/x86_64,unknown,3.12.3,2026-10-09T18:44:41Z
148,ML-DSA-87,post-quantum,5,sign,0.1475,0.0,0.0,0.365,2592,4896,0,4627,512,0,0,0.0,2.2129,nan,edge/x86_64,unknown,3.12.3,2026-10-09T18:44:41Z
148,ML-DSA-87,post-quantum,5,verify,0.0734,0.0,0.0,0.365,2592,4896,0,4627,512,0,0,0.0,1.1007,nan,edge/x86_64,unknown,3.12.3,2026-10-09T18:44:41Z
149,ML-DSA-87,post-quantum,5,keygen,0.0765,0.0,0.0,0.365,2592,4896,0,4627,0,0,0,0.0,1.147,nan,edge/x86_64,unknown,3.12.3,2026-10-09T18:44:41Z
149,ML-DSA-87,post-quantum,5,sign,0.1068,0.0,0.0,0.365,2592,4896,0,4627,512,0,0,0.0,1.6027,nan,edge/x86_64,unknown,3.12.3,2026-10-09T18:44:41Z
149,ML-DSA-87,post-quantum,5,verify,0.0706,0.0,0.0,0.365,2592,4896,0,4627,512,0,0,0.0,1.0587,nan,edge/x86_64,unknown,3.12.3,2026-10-09T18:44:41Z
150,ML-DSA-87,post-quantum,5,keygen,0.0748,0.0,0.0,0.365,2592,4896,0,4627,0,0,0,0.0,1.1227,nan,edge/x86_64,unknown,3.12.3,2026-10-09T18:44:41Z
150,ML-DSA-87,post-quantum,5,sign,0.0908,0.0,0.0,0.365,2592,4896,0,4627,512,0,0,0.0,1.3615,nan,edge/x86_64,unknown,3.12.3,2026-10-09T18:44:41Z
150,ML-DSA-87,post-quantum,5,verify,0.0703,0.0,0.0,0.365,2592,4896,0,4627,512,0,0,0.0,1.0552,nan,edge/x86_64,unknown,3.12.3,2026-10-09T18:44:41Z
151,ML-DSA-87,post-quantum,5,keygen,0.075,0.0,0.0,0.365,2592,4896,0,4627,0,0,0,0.0,1.1244,nan,edge/x86_64,unknown,3.12.3,2026-10-09T18:44:41Z
151,ML-DSA-87,post-quantum,5,sign,0.1269,0.0,0.0,0.365,2592,4896,0,4627,512,0,0,0.0,1.9033,nan,edge/x86_64,unknown,3.12.3,2026-10-09T18:44:41Z
151,ML-DSA-87,post-quantum,5,verify,0.0711,0.0,0.0,0.365,2592,4896,0,4627,512,0,0,0.0,1.067,nan,edge/x86_64,unknown,3.12.3,2026-10-09T18:44:41Z
152,ML-DSA-87,post-quantum,5,keygen,0.0881,0.0,0.0,0.365,2592,4896,0,4627,0,0,0,0.0,1.3215,nan,edge/x86_64,unknown,3.12.3,2026-10-09T18:44:41Z
152,ML-DSA-87,post-quantum,5,sign,0.1672,0.0,0.0,0.365,2592,4896,0,4627,512,0,0,0.0,2.5082,nan,edge/x86_64,unknown,3.12.3,2026-10-09T18:44:41Z
152,ML-DSA-87,post-quantum,5,verify,0.0711,0.0,0.0,0.365,2592,4896,0,4627,512,0,0,0.0,1.067,nan,edge/x86_64,unknown,3.12.3,2026-10-09T18:44:41Z
153,ML-DSA-87,post-quantum,5,keygen,0.0752,0.0,0.0,0.365,2592,4896,0,4627,0,0,0,0.0,1.1285,nan,edge/x86_64,unknown,3.12.3,2026-10-09T18:44:41Z
153,ML-DSA-87,post-quantum,5,sign,0.1121,0.0,0.0,0.365,2592,4896,0,4627,512,0,0,0.0,1.6813,nan,edge/x86_64,unknown,3.12.3,2026-10-09T18:44:41Z
153,ML-DSA-87,post-quantum,5,verify,0.0772,0.0,0.0,0.365,2592,4896,0,4627,512,0,0,0.0,1.1581,nan,edge/x86_64,unknown,3.12.3,2026-10-09T18:44:41Z
154,ML-DSA-87,post-quantum,5,keygen,0.0773,0.0,0.0,0.365,2592,4896,0,4627,0,0,0,0.0,1.159,nan,edge/x86_64,unknown,3.12.3,2026-10-09T18:44:41Z
154,ML-DSA-87,post-quantum,5,sign,0.1684,0.0,0.0,0.365,2592,4896,0,4627,512,0,0,0.0,2.5258,nan,edge/x86_64,unknown,3.12.3,2026-10-09T18:44:41Z
154,ML-DSA-87,post-quantum,5,verify,0.0722,0.0,0.0,0.365,2592,4896,0,4627,512,0,0,0.0,1.0824,nan,edge/x86_64,unknown,3.12.3,2026-10-09T18:44:41Z
155,ML-DSA-87,post-quantum,5,keygen,0.1154,0.0,0.0,0.365,2592,4896,0,4627,0,0,0,0.0,1.7317,nan,edge/x86_64,unknown,3.12.3,2026-10-09T18:44:41Z
155,ML-DSA-87,post-quantum,5,sign,0.115,0.0,0.0,0.365,2592,4896,0,4627,512,0,0,0.0,1.7251,nan,edge/x86_64,unknown,3.12.3,2026-10-09T18:44:41Z
155,ML-DSA-87,post-quantum,5,verify,0.0717,0.0,0.0,0.365,2592,4896,0,4627,512,0,0,0.0,1.0748,nan,edge/x86_64,unknown,3.12.3,2026-10-09T18:44:41Z
156,ML-DSA-87,post-quantum,5,keygen,0.0758,0.0,0.0,0.365,2592,4896,0,4627,0,0,0,0.0,1.1367,nan,edge/x86_64,unknown,3.12.3,2026-10-09T18:44:41Z
156,ML-DSA-87,post-quantum,5,sign,0.1196,0.0,0.0,0.365,2592,4896,0,4627,512,0,0,0.0,1.7937,nan,edge/x86_64,unknown,3.12.3,2026-10-09T18:44:41Z
156,ML-DSA-87,post-quantum,5,verify,0.0701,0.0,0.0,0.365,2592,4896,0,4627,512,0,0,0.0,1.0516,nan,edge/x86_64,unknown,3.12.3,2026-10-09T18:44:41Z
157,ML-DSA-87,post-quantum,5,keygen,0.0742,0.0,0.0,0.365,2592,4896,0,4627,0,0,0,0.0,1.1133,nan,edge/x86_64,unknown,3.12.3,2026-10-09T18:44:41Z
157,ML-DSA-87,post-quantum,5,sign,0.2473,0.0,0.0,0.365,2592,4896,0,4627,512,0,0,0.0,3.7098,nan,edge/x86_64,unknown,3.12.3,2026-10-09T18:44:41Z
157,ML-DSA-87,post-quantum,5,verify,0.0715,0.0,0.0,0.365,2592,4896,0,4627,512,0,0,0.0,1.0727,nan,edge/x86_64,unknown,3.12.3,2026-10-09T18:44:41Z
158,ML-DSA-87,post-quantum,5,keygen,0.0757,0.0,0.0,0.365,2592,4896,0,4627,0,0,0,0.0,1.1356,nan,edge/x86_64,unknown,3.12.3,2026-10-09T18:44:41Z
158,ML-DSA-87,post-quantum,5,sign,0.1104,0.0,0.0,0.365,2592,4896,0,4627,512,0,0,0.0,1.6563,nan,edge/x86_64,unknown,3.12.3,2026-10-09T18:44:41Z
158,ML-DSA-87,post-quantum,5,verify,0.1034,0.0,0.0,0.365,2592,4896,0,4627,512,0,0,0.0,1.5509,nan,edge/x86_64,unknown,3.12.3,2026-10-09T18:44:41Z
159,ML-DSA-87,post-quantum,5,keygen,0.0783,0.0,0.0,0.365,2592,4896,0,4627,0,0,0,0.0,1.175,nan,edge/x86_64,unknown,3.12.3,2026-10-09T18:44:41Z
159,ML-DSA-87,post-quantum,5,sign,0.1578,0.0,0.0,0.365,2592,4896,0,4627,512,0,0,0.0,2.3675,nan,edge/x86_64,unknown,3.12.3,2026-10-09T18:44:41Z
159,ML-DSA-87,post-quantum,5,verify,0.0723,0.0,0.0,0.365,2592,4896,0,4627,512,0,0,0.0,1.0842,nan,edge/x86_64,unknown,3.12.3,2026-10-09T18:44:41Z
160,ML-DSA-87,post-quantum,5,keygen,0.0756,0.0,0.0,0.365,2592,4896,0,4627,0,0,0,0.0,1.1343,nan,edge/x86_64,unknown,3.12.3,2026-10-09T18:44:41Z
160,ML-DSA-87,post-quantum,5,sign,0.0913,0.0,0.0,0.365,2592,4896,0,4627,512,0,0,0.0,1.3697,nan,edge/x86_64,unknown,3.12.3,2026-10-09T18:44:41Z
160,ML-DSA-87,post-quantum,5,verify,0.088,0.0,0.0,0.365,2592,4896,0,4627,512,0,0,0.0,1.3198,nan,edge/x86_64,unknown,3.12.3,2026-10-09T18:44:41Z
161,ML-DSA-87,post-quantum,5,keygen,0.0756,0.0,0.0,0.365,2592,4896,0,4627,0,0,0,0.0,1.1347,nan,edge/x86_64,unknown,3.12.3,2026-10-09T18:44:41Z
161,ML-DSA-87,post-quantum,5,sign,0.1673,0.0,0.0,0.365,2592,4896,0,4627,512,0,0,0.0,2.5101,nan,edge/x86_64,unknown,3.12.3,2026-10-09T18:44:41Z
161,ML-DSA-87,post-quantum,5,verify,0.0759,0.0,0.0,0.365,2592,4896,0,4627,512,0,0,0.0,1.1385,nan,edge/x86_64,unknown,3.12.3,2026-10-09T18:44:41Z
162,ML-DSA-87,post-quantum,5,keygen,0.0842,0.0,0.0,0.365,2592,4896,0,4627,0,0,0,0.0,1.2634,nan,edge/x86_64,unknown,3.12.3,2026-10-09T18:44:41Z
162,ML-DSA-87,post-quantum,5,sign,0.1063,0.0,0.0,0.365,2592,4896,0,4627,512,0,0,0.0,1.5951,nan,edge/x86_64,unknown,3.12.3,2026-10-09T18:44:41Z
162,ML-DSA-87,post-quantum,5,verify,0.0708,0.0,0.0,0.365,2592,4896,0,4627,512,0,0,0.0,1.0627,nan,edge/x86_64,unknown,3.12.3,2026-10-09T18:44:41Z
163,ML-DSA-87,post-quantum,5,keygen,0.0757,0.0,0.0,0.365,2592,4896,0,4627,0,0,0,0.0,1.1362,nan,edge/x86_64,unknown,3.12.3,2026-10-09T18:44:41Z
163,ML-DSA-87,post-quantum,5,sign,0.1206,0.0,0.0,0.365,2592,4896,0,4627,512,0,0,0.0,1.8084,nan,edge/x86_64,unknown,3.12.3,2026-10-09T18:44:41Z
163,ML-DSA-87,post-quantum,5,verify,0.071,0.0,0.0,0.365,2592,4896,0,4627,512,0,0,0.0,1.0647,nan,edge/x86_64,unknown,3.12.3,2026-10-09T18:44:41Z
164,ML-DSA-87,post-quantum,5,keygen,0.0999,0.0,0.0,0.365,2592,4896,0,4627,0,0,0,0.0,1.4983,nan,edge/x86_64,unknown,3.12.3,2026-10-09T18:44:41Z
164,ML-DSA-87,post-quantum,5,sign,0.1214,0.0,0.0,0.365,2592,4896,0,4627,512,0,0,0.0,1.8205,nan,edge/x86_64,unknown,3.12.3,2026-10-09T18:44:41Z
164,ML-DSA-87,post-quantum,5,verify,0.0712,0.0,0.0,0.365,2592,4896,0,4627,512,0,0,0.0,1.0679,nan,edge/x86_64,unknown,3.12.3,2026-10-09T18:44:41Z
165,ML-DSA-87,post-quantum,5,keygen,0.0958,0.0,0.0,0.365,2592,4896,0,4627,0,0,0,0.0,1.4376,nan,edge/x86_64,unknown,3.12.3,2026-10-09T18:44:41Z
165,ML-DSA-87,post-quantum,5,sign,0.146,0.0,0.0,0.365,2592,4896,0,4627,512,0,0,0.0,2.1904,nan,edge/x86_64,unknown,3.12.3,2026-10-09T18:44:41Z
165,ML-DSA-87,post-quantum,5,verify,0.0736,0.0,0.0,0.365,2592,4896,0,4627,512,0,0,0.0,1.1039,nan,edge/x86_64,unknown,3.12.3,2026-10-09T18:44:41Z
166,ML-DSA-87,post-quantum,5,keygen,0.0763,0.0,0.0,0.365,2592,4896,0,4627,0,0,0,0.0,1.1443,nan,edge/x86_64,unknown,3.12.3,2026-10-09T18:44:41Z
166,ML-DSA-87,post-quantum,5,sign,0.0911,0.0,0.0,0.365,2592,4896,0,4627,512,0,0,0.0,1.366,nan,edge/x86_64,unknown,3.12.3,2026-10-09T18:44:41Z
166,ML-DSA-87,post-quantum,5,verify,0.0705,0.0,0.0,0.365,2592,4896,0,4627,512,0,0,0.0,1.0582,nan,edge/x86_64,unknown,3.12.3,2026-10-09T18:44:41Z
167,ML-DSA-87,post-quantum,5,keygen,0.0749,0.0,0.0,0.365,2592,4896,0,4627,0,0,0,0.0,1.1236,nan,edge/x86_64,unknown,3.12.3,2026-10-09T18:44:41Z
167,ML-DSA-87,post-quantum,5,sign,0.1976,0.0,0.0,0.365,2592,4896,0,4627,512,0,0,0.0,2.9646,nan,edge/x86_64,unknown,3.12.3,2026-10-09T18:44:41Z
167,ML-DSA-87,post-quantum,5,verify,0.0713,0.0,0.0,0.365,2592,4896,0,4627,512,0,0,0.0,1.069,nan,edge/x86_64,unknown,3.12.3,2026-10-09T18:44:41Z
168,ML-DSA-87,post-quantum,5,keygen,0.1054,0.0,0.0,0.365,2592,4896,0,4627,0,0,0,0.0,1.5803,nan,edge/x86_64,unknown,3.12.3,2026-10-09T18:44:41Z
168,ML-DSA-87,post-quantum,5,sign,0.0987,0.0,0.0,0.365,2592,4896,0,4627,512,0,0,0.0,1.4811,nan,edge/x86_64,unknown,3.12.3,2026-10-09T18:44:41Z
168,ML-DSA-87,post-quantum,5,verify,0.0718,0.0,0.0,0.365,2592,4896,0,4627,512,0,0,0.0,1.0777,nan,edge/x86_64,unknown,3.12.3,2026-10-09T18:44:41Z
169,ML-DSA-87,post-quantum,5,keygen,0.0761,0.0,0.0,0.365,2592,4896,0,4627,0,0,0,0.0,1.1416,nan,edge/x86_64,unknown,3.12.3,2026-10-09T18:44:41Z
169,ML-DSA-87,post-quantum,5,sign,0.0906,0.0,0.0,0.365,2592,4896,0,4627,512,0,0,0.0,1.3584,nan,edge/x86_64,unknown,3.12.3,2026-10-09T18:44:41Z
169,ML-DSA-87,post-quantum,5,verify,0.0827,0.0,0.0,0.365,2592,4896,0,4627,512,0,0,0.0,1.2404,nan,edge/x86_64,unknown,3.12.3,2026-10-09T18:44:41Z
170,ML-DSA-87,post-quantum,5,keygen,0.0762,0.0,0.0,0.365,2592,4896,0,4627,0,0,0,0.0,1.1431,nan,edge/x86_64,unknown,3.12.3,2026-10-09T18:44:41Z
170,ML-DSA-87,post-quantum,5,sign,0.0909,0.0,0.0,0.365,2592,4896,0,4627,512,0,0,0.0,1.3635,nan,edge/x86_64,unknown,3.12.3,2026-10-09T18:44:41Z
170,ML-DSA-87,post-quantum,5,verify,0.0956,0.0,0.0,0.365,2592,4896,0,4627,512,0,0,0.0,1.4347,nan,edge/x86_64,unknown,3.12.3,2026-10-09T18:44:41Z
171,ML-DSA-87,post-quantum,5,keygen,0.0778,0.0,0.0,0.365,2592,4896,0,4627,0,0,0,0.0,1.1677,nan,edge/x86_64,unknown,3.12.3,2026-10-09T18:44:41Z
171,ML-DSA-87,post-quantum,5,sign,0.3743,0.0,0.0,0.365,2592,4896,0,4627,512,0,0,0.0,5.6139,nan,edge/x86_64,unknown,3.12.3,2026-10-09T18:44:41Z
171,ML-DSA-87,post-quantum,5,verify,0.1697,0.0,0.0,0.365,2592,4896,0,4627,512,0,0,0.0,2.5461,nan,edge/x86_64,unknown,3.12.3,2026-10-09T18:44:41Z
172,ML-DSA-87,post-quantum,5,keygen,0.1427,0.0,0.0,0.365,2592,4896,0,4627,0,0,0,0.0,2.1411,nan,edge/x86_64,unknown,3.12.3,2026-10-09T18:44:41Z
172,ML-DSA-87,post-quantum,5,sign,0.3658,0.0,0.0,0.365,2592,4896,0,4627,512,0,0,0.0,5.4867,nan,edge/x86_64,unknown,3.12.3,2026-10-09T18:44:41Z
172,ML-DSA-87,post-quantum,5,verify,0.1391,0.0,0.0,0.365,2592,4896,0,4627,512,0,0,0.0,2.0858,nan,edge/x86_64,unknown,3.12.3,2026-10-09T18:44:41Z
173,ML-DSA-87,post-quantum,5,keygen,0.1326,0.0,0.0,0.365,2592,4896,0,4627,0,0,0,0.0,1.9891,nan,edge/x86_64,unknown,3.12.3,2026-10-09T18:44:41Z
173,ML-DSA-87,post-quantum,5,sign,0.1889,0.0,0.0,0.365,2592,4896,0,4627,512,0,0,0.0,2.8336,nan,edge/x86_64,unknown,3.12.3,2026-10-09T18:44:41Z
173,ML-DSA-87,post-quantum,5,verify,0.1294,0.0,0.0,0.365,2592,4896,0,4627,512,0,0,0.0,1.9403,nan,edge/x86_64,unknown,3.12.3,2026-10-09T18:44:41Z
174,ML-DSA-87,post-quantum,5,keygen,0.1987,0.0,0.0,0.365,2592,4896,0,4627,0,0,0,0.0,2.981,nan,edge/x86_64,unknown,3.12.3,2026-10-09T18:44:41Z
174,ML-DSA-87,post-quantum,5,sign,0.2329,0.0,0.0,0.365,2592,4896,0,4627,512,0,0,0.0,3.4942,nan,edge/x86_64,unknown,3.12.3,2026-10-09T18:44:41Z
174,ML-DSA-87,post-quantum,5,verify,0.1307,0.0,0.0,0.365,2592,4896,0,4627,512,0,0,0.0,1.9603,nan,edge/x86_64,unknown,3.12.3,2026-10-09T18:44:41Z
175,ML-DSA-87,post-quantum,5,keygen,0.138,0.0,0.0,0.365,2592,4896,0,4627,0,0,0,0.0,2.0705,nan,edge/x86_64,unknown,3.12.3,2026-10-09T18:44:41Z
175,ML-DSA-87,post-quantum,5,sign,0.208,0.0,0.0,0.365,2592,4896,0,4627,512,0,0,0.0,3.1207,nan,edge/x86_64,unknown,3.12.3,2026-10-09T18:44:41Z
175,ML-DSA-87,post-quantum,5,verify,0.1235,0.0,0.0,0.365,2592,4896,0,4627,512,0,0,0.0,1.8523,nan,edge/x86_64,unknown,3.12.3,2026-10-09T18:44:41Z
176,ML-DSA-87,post-quantum,5,keygen,0.1568,0.0,0.0,0.365,2592,4896,0,4627,0,0,0,0.0,2.3515,nan,edge/x86_64,unknown,3.12.3,2026-10-09T18:44:41Z
176,ML-DSA-87,post-quantum,5,sign,0.4841,0.0,0.0,0.365,2592,4896,0,4627,512,0,0,0.0,7.2615,nan,edge/x86_64,unknown,3.12.3,2026-10-09T18:44:41Z
176,ML-DSA-87,post-quantum,5,verify,0.1364,0.0,0.0,0.365,2592,4896,0,4627,512,0,0,0.0,2.0461,nan,edge/x86_64,unknown,3.12.3,2026-10-09T18:44:41Z
177,ML-DSA-87,post-quantum,5,keygen,0.164,0.0,0.0,0.365,2592,4896,0,4627,0,0,0,0.0,2.4603,nan,edge/x86_64,unknown,3.12.3,2026-10-09T18:44:41Z
177,ML-DSA-87,post-quantum,5,sign,0.3154,0.0,0.0,0.365,2592,4896,0,4627,512,0,0,0.0,4.7312,nan,edge/x86_64,unknown,3.12.3,2026-10-09T18:44:41Z
177,ML-DSA-87,post-quantum,5,verify,0.1315,0.0,0.0,0.365,2592,4896,0,4627,512,0,0,0.0,1.9725,nan,edge/x86_64,unknown,3.12.3,2026-10-09T18:44:41Z
178,ML-DSA-87,post-quantum,5,keygen,0.1438,0.0,0.0,0.365,2592,4896,0,4627,0,0,0,0.0,2.1572,nan,edge/x86_64,unknown,3.12.3,2026-10-09T18:44:41Z
178,ML-DSA-87,post-quantum,5,sign,0.1617,0.0,0.0,0.365,2592,4896,0,4627,512,0,0,0.0,2.4256,nan,edge/x86_64,unknown,3.12.3,2026-10-09T18:44:41Z
178,ML-DSA-87,post-quantum,5,verify,0.1321,0.0,0.0,0.365,2592,4896,0,4627,512,0,0,0.0,1.9818,nan,edge/x86_64,unknown,3.12.3,2026-10-09T18:44:41Z
179,ML-DSA-87,post-quantum,5,keygen,0.154,0.0,0.0,0.365,2592,4896,0,4627,0,0,0,0.0,2.31,nan,edge/x86_64,unknown,3.12.3,2026-10-09T18:44:41Z
179,ML-DSA-87,post-quantum,5,sign,0.1561,0.0,0.0,0.365,2592,4896,0,4627,512,0,0,0.0,2.341,nan,edge/x86_64,unknown,3.12.3,2026-10-09T18:44:41Z
179,ML-DSA-87,post-quantum,5,verify,0.1276,0.0,0.0,0.365,2592,4896,0,4627,512,0,0,0.0,1.9135,nan,edge/x86_64,unknown,3.12.3,2026-10-09T18:44:41Z
180,ML-DSA-87,post-quantum,5,keygen,0.1364,0.0,0.0,0.365,2592,4896,0,4627,0,0,0,0.0,2.0456,nan,edge/x86_64,unknown,3.12.3,2026-10-09T18:44:41Z
180,ML-DSA-87,post-quantum,5,sign,0.2179,0.0,0.0,0.365,2592,4896,0,4627,512,0,0,0.0,3.2686,nan,edge/x86_64,unknown,3.12.3,2026-10-09T18:44:41Z
180,ML-DSA-87,post-quantum,5,verify,0.1281,0.0,0.0,0.365,2592,4896,0,4627,512,0,0,0.0,1.922,nan,edge/x86_64,unknown,3.12.3,2026-10-09T18:44:41Z
181,ML-DSA-87,post-quantum,5,keygen,0.1334,0.0,0.0,0.365,2592,4896,0,4627,0,0,0,0.0,2.0017,nan,edge/x86_64,unknown,3.12.3,2026-10-09T18:44:41Z
181,ML-DSA-87,post-quantum,5,sign,0.3104,0.0,0.0,0.365,2592,4896,0,4627,512,0,0,0.0,4.6562,nan,edge/x86_64,unknown,3.12.3,2026-10-09T18:44:41Z
181,ML-DSA-87,post-quantum,5,verify,0.1452,0.0,0.0,0.365,2592,4896,0,4627,512,0,0,0.0,2.1786,nan,edge/x86_64,unknown,3.12.3,2026-10-09T18:44:41Z
182,ML-DSA-87,post-quantum,5,keygen,0.1464,0.0,0.0,0.365,2592,4896,0,4627,0,0,0,0.0,2.1955,nan,edge/x86_64,unknown,3.12.3,2026-10-09T18:44:41Z
182,ML-DSA-87,post-quantum,5,sign,0.3203,0.0,0.0,0.365,2592,4896,0,4627,512,0,0,0.0,4.8038,nan,edge/x86_64,unknown,3.12.3,2026-10-09T18:44:41Z
182,ML-DSA-87,post-quantum,5,verify,0.1907,0.0,0.0,0.365,2592,4896,0,4627,512,0,0,0.0,2.8609,nan,edge/x86_64,unknown,3.12.3,2026-10-09T18:44:41Z
183,ML-DSA-87,post-quantum,5,keygen,0.147,0.0,0.0,0.365,2592,4896,0,4627,0,0,0,0.0,2.2055,nan,edge/x86_64,unknown,3.12.3,2026-10-09T18:44:41Z
183,ML-DSA-87,post-quantum,5,sign,0.4381,0.0,0.0,0.365,2592,4896,0,4627,512,0,0,0.0,6.5719,nan,edge/x86_64,unknown,3.12.3,2026-10-09T18:44:41Z
183,ML-DSA-87,post-quantum,5,verify,0.1291,0.0,0.0,0.365,2592,4896,0,4627,512,0,0,0.0,1.9364,nan,edge/x86_64,unknown,3.12.3,2026-10-09T18:44:41Z
184,ML-DSA-87,post-quantum,5,keygen,0.2153,0.0,0.0,0.365,2592,4896,0,4627,0,0,0,0.0,3.2298,nan,edge/x86_64,unknown,3.12.3,2026-10-09T18:44:41Z
184,ML-DSA-87,post-quantum,5,sign,0.2916,0.0,0.0,0.365,2592,4896,0,4627,512,0,0,0.0,4.3734,nan,edge/x86_64,unknown,3.12.3,2026-10-09T18:44:41Z
184,ML-DSA-87,post-quantum,5,verify,0.1281,0.0,0.0,0.365,2592,4896,0,4627,512,0,0,0.0,1.9217,nan,edge/x86_64,unknown,3.12.3,2026-10-09T18:44:41Z
185,ML-DSA-87,post-quantum,5,keygen,0.1364,0.0,0.0,0.365,2592,4896,0,4627,0,0,0,0.0,2.0463,nan,edge/x86_64,unknown,3.12.3,2026-10-09T18:44:41Z
185,ML-DSA-87,post-quantum,5,sign,0.288,0.0,0.0,0.365,2592,4896,0,4627,512,0,0,0.0,4.3207,nan,edge/x86_64,unknown,3.12.3,2026-10-09T18:44:41Z
185,ML-DSA-87,post-quantum,5,verify,0.1319,0.0,0.0,0.365,2592,4896,0,4627,512,0,0,0.0,1.978,nan,edge/x86_64,unknown,3.12.3,2026-10-09T18:44:41Z
186,ML-DSA-87,post-quantum,5,keygen,0.1423,0.0,0.0,0.365,2592,4896,0,4627,0,0,0,0.0,2.1346,nan,edge/x86_64,unknown,3.12.3,2026-10-09T18:44:41Z
186,ML-DSA-87,post-quantum,5,sign,0.1914,0.0,0.0,0.365,2592,4896,0,4627,512,0,0,0.0,2.8714,nan,edge/x86_64,unknown,3.12.3,2026-10-09T18:44:41Z
186,ML-DSA-87,post-quantum,5,verify,0.123,0.0,0.0,0.365,2592,4896,0,4627,512,0,0,0.0,1.8448,nan,edge/x86_64,unknown,3.12.3,2026-10-09T18:44:41Z
187,ML-DSA-87,post-quantum,5,keygen,0.1314,0.0,0.0,0.365,2592,4896,0,4627,0,0,0,0.0,1.9704,nan,edge/x86_64,unknown,3.12.3,2026-10-09T18:44:41Z
187,ML-DSA-87,post-quantum,5,sign,0.2348,0.0,0.0,0.365,2592,4896,0,4627,512,0,0,0.0,3.5215,nan,edge/x86_64,unknown,3.12.3,2026-10-09T18:44:41Z
187,ML-DSA-87,post-quantum,5,verify,0.2042,0.0,0.0,0.365,2592,4896,0,4627,512,0,0,0.0,3.0631,nan,edge/x86_64,unknown,3.12.3,2026-10-09T18:44:41Z
188,ML-DSA-87,post-quantum,5,keygen,0.143,0.0,0.0,0.365,2592,4896,0,4627,0,0,0,0.0,2.1456,nan,edge/x86_64,unknown,3.12.3,2026-10-09T18:44:41Z
188,ML-DSA-87,post-quantum,5,sign,0.1557,0.0,0.0,0.365,2592,4896,0,4627,512,0,0,0.0,2.3351,nan,edge/x86_64,unknown,3.12.3,2026-10-09T18:44:41Z
188,ML-DSA-87,post-quantum,5,verify,0.1189,0.0,0.0,0.365,2592,4896,0,4627,512,0,0,0.0,1.7829,nan,edge/x86_64,unknown,3.12.3,2026-10-09T18:44:41Z
189,ML-DSA-87,post-quantum,5,keygen,0.1303,0.0,0.0,0.365,2592,4896,0,4627,0,0,0,0.0,1.9551,nan,edge/x86_64,unknown,3.12.3,2026-10-09T18:44:41Z
189,ML-DSA-87,post-quantum,5,sign,0.3017,0.0,0.0,0.365,2592,4896,0,4627,512,0,0,0.0,4.5261,nan,edge/x86_64,unknown,3.12.3,2026-10-09T18:44:41Z
189,ML-DSA-87,post-quantum,5,verify,0.131,0.0,0.0,0.365,2592,4896,0,4627,512,0,0,0.0,1.9646,nan,edge/x86_64,unknown,3.12.3,2026-10-09T18:44:41Z
190,ML-DSA-87,post-quantum,5,keygen,0.1361,0.0,0.0,0.365,2592,4896,0,4627,0,0,0,0.0,2.041,nan,edge/x86_64,unknown,3.12.3,2026-10-09T18:44:41Z
190,ML-DSA-87,post-quantum,5,sign,0.1678,0.0,0.0,0.365,2592,4896,0,4627,512,0,0,0.0,2.5168,nan,edge/x86_64,unknown,3.12.3,2026-10-09T18:44:41Z
190,ML-DSA-87,post-quantum,5,verify,0.1277,0.0,0.0,0.365,2592,4896,0,4627,512,0,0,0.0,1.9152,nan,edge/x86_64,unknown,3.12.3,2026-10-09T18:44:41Z
191,ML-DSA-87,post-quantum,5,keygen,0.1387,0.0,0.0,0.365,2592,4896,0,4627,0,0,0,0.0,2.0807,nan,edge/x86_64,unknown,3.12.3,2026-10-09T18:44:41Z
191,ML-DSA-87,post-quantum,5,sign,0.1777,0.0,0.0,0.365,2592,4896,0,4627,512,0,0,0.0,2.6658,nan,edge/x86_64,unknown,3.12.3,2026-10-09T18:44:41Z
191,ML-DSA-87,post-quantum,5,verify,0.1573,0.0,0.0,0.365,2592,4896,0,4627,512,0,0,0.0,2.3591,nan,edge/x86_64,unknown,3.12.3,2026-10-09T18:44:41Z
192,ML-DSA-87,post-quantum,5,keygen,0.1455,0.0,0.0,0.365,2592,4896,0,4627,0,0,0,0.0,2.1818,nan,edge/x86_64,unknown,3.12.3,2026-10-09T18:44:41Z
192,ML-DSA-87,post-quantum,5,sign,0.2967,0.0,0.0,0.365,2592,4896,0,4627,512,0,0,0.0,4.4507,nan,edge/x86_64,unknown,3.12.3,2026-10-09T18:44:41Z
192,ML-DSA-87,post-quantum,5,verify,0.1238,0.0,0.0,0.365,2592,4896,0,4627,512,0,0,0.0,1.8573,nan,edge/x86_64,unknown,3.12.3,2026-10-09T18:44:41Z
193,ML-DSA-87,post-quantum,5,keygen,0.1537,0.0,0.0,0.365,2592,4896,0,4627,0,0,0,0.0,2.305,nan,edge/x86_64,unknown,3.12.3,2026-10-09T18:44:41Z
193,ML-DSA-87,post-quantum,5,sign,0.1573,0.0,0.0,0.365,2592,4896,0,4627,512,0,0,0.0,2.3599,nan,edge/x86_64,unknown,3.12.3,2026-10-09T18:44:41Z
193,ML-DSA-87,post-quantum,5,verify,0.1245,0.0,0.0,0.365,2592,4896,0,4627,512,0,0,0.0,1.8677,nan,edge/x86_64,unknown,3.12.3,2026-10-09T18:44:41Z
194,ML-DSA-87,post-quantum,5,keygen,0.1336,0.0,0.0,0.365,2592,4896,0,4627,0,0,0,0.0,2.0037,nan,edge/x86_64,unknown,3.12.3,2026-10-09T18:44:41Z
194,ML-DSA-87,post-quantum,5,sign,0.2928,0.0,0.0,0.365,2592,4896,0,4627,512,0,0,0.0,4.3915,nan,edge/x86_64,unknown,3.12.3,2026-10-09T18:44:41Z
194,ML-DSA-87,post-quantum,5,verify,0.1269,0.0,0.0,0.365,2592,4896,0,4627,512,0,0,0.0,1.9033,nan,edge/x86_64,unknown,3.12.3,2026-10-09T18:44:41Z
195,ML-DSA-87,post-quantum,5,keygen,0.1861,0.0,0.0,0.365,2592,4896,0,4627,0,0,0,0.0,2.7916,nan,edge/x86_64,unknown,3.12.3,2026-10-09T18:44:41Z
195,ML-DSA-87,post-quantum,5,sign,0.2261,0.0,0.0,0.365,2592,4896,0,4627,512,0,0,0.0,3.3922,nan,edge/x86_64,unknown,3.12.3,2026-10-09T18:44:41Z
195,ML-DSA-87,post-quantum,5,verify,0.2585,0.0,0.0,0.365,2592,4896,0,4627,512,0,0,0.0,3.8773,nan,edge/x86_64,unknown,3.12.3,2026-10-09T18:44:41Z
196,ML-DSA-87,post-quantum,5,keygen,0.1458,0.0,0.0,0.365,2592,4896,0,4627,0,0,0,0.0,2.1864,nan,edge/x86_64,unknown,3.12.3,2026-10-09T18:44:41Z
196,ML-DSA-87,post-quantum,5,sign,0.1575,0.0,0.0,0.365,2592,4896,0,4627,512,0,0,0.0,2.3628,nan,edge/x86_64,unknown,3.12.3,2026-10-09T18:44:41Z
196,ML-DSA-87,post-quantum,5,verify,0.1743,0.0,0.0,0.365,2592,4896,0,4627,512,0,0,0.0,2.6146,nan,edge/x86_64,unknown,3.12.3,2026-10-09T18:44:41Z
197,ML-DSA-87,post-quantum,5,keygen,0.1539,0.0,0.0,0.365,2592,4896,0,4627,0,0,0,0.0,2.3086,nan,edge/x86_64,unknown,3.12.3,2026-10-09T18:44:41Z
197,ML-DSA-87,post-quantum,5,sign,0.1542,0.0,0.0,0.365,2592,4896,0,4627,512,0,0,0.0,2.3123,nan,edge/x86_64,unknown,3.12.3,2026-10-09T18:44:41Z
197,ML-DSA-87,post-quantum,5,verify,0.1241,0.0,0.0,0.365,2592,4896,0,4627,512,0,0,0.0,1.8615,nan,edge/x86_64,unknown,3.12.3,2026-10-09T18:44:41Z
198,ML-DSA-87,post-quantum,5,keygen,0.1337,0.0,0.0,0.365,2592,4896,0,4627,0,0,0,0.0,2.0057,nan,edge/x86_64,unknown,3.12.3,2026-10-09T18:44:41Z
198,ML-DSA-87,post-quantum,5,sign,0.2446,0.0,0.0,0.365,2592,4896,0,4627,512,0,0,0.0,3.6693,nan,edge/x86_64,unknown,3.12.3,2026-10-09T18:44:41Z
198,ML-DSA-87,post-quantum,5,verify,0.1457,0.0,0.0,0.365,2592,4896,0,4627,512,0,0,0.0,2.1854,nan,edge/x86_64,unknown,3.12.3,2026-10-09T18:44:41Z
199,ML-DSA-87,post-quantum,5,keygen,0.1683,0.0,0.0,0.365,2592,4896,0,4627,0,0,0,0.0,2.5248,nan,edge/x86_64,unknown,3.12.3,2026-10-09T18:44:41Z
199,ML-DSA-87,post-quantum,5,sign,0.1605,0.0,0.0,0.365,2592,4896,0,4627,512,0,0,0.0,2.4072,nan,edge/x86_64,unknown,3.12.3,2026-10-09T18:44:41Z
199,ML-DSA-87,post-quantum,5,verify,0.1355,0.0,0.0,0.365,2592,4896,0,4627,512,0,0,0.0,2.0325,nan,edge/x86_64,unknown,3.12.3,2026-10-09T18:44:41Z
0,RSA-2048,classical,,keygen,49.7146,0.0,0.0,0.0,294,1216,0,0,0,0,0,0.0,745.7187,nan,edge/x86_64,,3.12.3,2026-10-09T18:44:41Z
0,RSA-2048,classical,,encapsulate,0.1443,0.0,0.0,0.0,294,1216,256,0,0,0,0,0.0,2.1642,nan,edge/x86_64,,3.12.3,2026-10-09T18:44:41Z
0,RSA-2048,classical,,decapsulate,1.8507,0.0,0.0,0.0,294,1216,256,0,0,0,0,0.0,27.7612,nan,edge/x86_64,,3.12.3,2026-10-09T18:44:41Z
1,RSA-2048,classical,,keygen,90.5091,0.0,0.0,0.0,294,1217,0,0,0,0,0,0.0,1357.6372,nan,edge/x86_64,,3.12.3,2026-10-09T18:44:41Z
1,RSA-2048,classical,,encapsulate,0.0893,0.0,0.0,0.0,294,1217,256,0,0,0,0,0.0,1.339,nan,edge/x86_64,,3.12.3,2026-10-09T18:44:41Z
1,RSA-2048,classical,,decapsulate,0.9676,0.0,0.0,0.0,294,1217,256,0,0,0,0,0.0,14.5137,nan,edge/x86_64,,3.12.3,2026-10-09T18:44:41Z
2,RSA-2048,classical,,keygen,42.9757,0.0,0.0,0.0,294,1218,0,0,0,0,0,0.0,644.6349,nan,edge/x86_64,,3.12.3,2026-10-09T18:44:41Z
2,RSA-2048,classical,,encapsulate,0.0876,0.0,0.0,0.0,294,1218,256,0,0,0,0,0.0,1.3134,nan,edge/x86_64,,3.12.3,2026-10-09T18:44:41Z
2,RSA-2048,classical,,decapsulate,0.8562,0.0,0.0,0.0,294,1218,256,0,0,0,0,0.0,12.843,nan,edge/x86_64,,3.12.3,2026-10-09T18:44:41Z
3,RSA-2048,classical,,keygen,41.2201,0.0,0.0,0.0,294,1217,0,0,0,0,0,0.0,618.3012,nan,edge/x86_64,,3.12.3,2026-10-09T18:44:41Z
3,RSA-2048,classical,,encapsulate,0.1118,0.0,0.0,0.0,294,1217,256,0,0,0,0,0.0,1.6773,nan,edge/x86_64,,3.12.3,2026-10-09T18:44:41Z
3,RSA-2048,classical,,decapsulate,0.9266,0.0,0.0,0.0,294,1217,256,0,0,0,0,0.0,13.899,nan,edge/x86_64,,3.12.3,2026-10-09T18:44:41Z
4,RSA-2048,classical,,keygen,62.6058,0.0,0.0,0.0,294,1217,0,0,0,0,0,0.0,939.0867,nan,edge/x86_64,,3.12.3,2026-10-09T18:44:41Z
4,RSA-2048,classical,,encapsulate,0.2247,0.0,0.0,0.0,294,1217,256,0,0,0,0,0.0,3.3701,nan,edge/x86_64,,3.12.3,2026-10-09T18:44:41Z
4,RSA-2048,classical,,decapsulate,1.6679,0.0,0.0,0.0,294,1217,256,0,0,0,0,0.0,25.0186,nan,edge/x86_64,,3.12.3,2026-10-09T18:44:41Z
5,RSA-2048,classical,,keygen,78.1596,0.0,0.0,0.0,294,1216,0,0,0,0,0,0.0,1172.3942,nan,edge/x86_64,,3.12.3,2026-10-09T18:44:41Z
5,RSA-2048,classical,,encapsulate,0.1477,0.0,0.0,0.0,294,1216,256,0,0,0,0,0.0,2.2151,nan,edge/x86_64,,3.12.3,2026-10-09T18:44:41Z
5,RSA-2048,classical,,decapsulate,1.7401,0.0,0.0,0.0,294,1216,256,0,0,0,0,0.0,26.1016,nan,edge/x86_64,,3.12.3,2026-10-09T18:44:41Z
6,RSA-2048,classical,,keygen,75.9081,0.0,0.0,0.0,294,1219,0,0,0,0,0,0.0,1138.6217,nan,edge/x86_64,,3.12.3,2026-10-09T18:44:41Z
6,RSA-2048,classical,,encapsulate,0.2498,0.0,0.0,0.0,294,1219,256,0,0,0,0,0.0,3.7466,nan,edge/x86_64,,3.12.3,2026-10-09T18:44:41Z
6,RSA-2048,classical,,decapsulate,1.833,0.0,0.0,0.0,294,1219,256,0,0,0,0,0.0,27.4955,nan,edge/x86_64,,3.12.3,2026-10-09T18:44:41Z
7,RSA-2048,classical,,keygen,44.4526,0.0,0.0,0.0,294,1216,0,0,0,0,0,0.0,666.7895,nan,edge/x86_64,,3.12.3,2026-10-09T18:44:41Z
7,RSA-2048,classical,,encapsulate,0.2149,0.0,0.0,0.0,294,1216,256,0,0,0,0,0.0,3.2231,nan,edge/x86_64,,3.12.3,2026-10-09T18:44:41Z
7,RSA-2048,classical,,decapsulate,1.9072,0.0,0.0,0.0,294,1216,256,0,0,0,0,0.0,28.6087,nan,edge/x86_64,,3.12.3,2026-10-09T18:44:41Z
8,RSA-2048,classical,,keygen,102.6386,0.0,0.0,0.0,294,1217,0,0,0,0,0,0.0,1539.5786,nan,edge/x86_64,,3.12.3,2026-10-09T18:44:41Z
8,RSA-2048,classical,,encapsulate,0.5109,0.0,0.0,0.0,294,1217,256,0,0,0,0,0.0,7.6639,nan,edge/x86_64,,3.12.3,2026-10-09T18:44:41Z
8,RSA-2048,classical,,decapsulate,1.7177,0.0,0.0,0.0,294,1217,256,0,0,0,0,0.0,25.7653,nan,edge/x86_64,,3.12.3,2026-10-09T18:44:41Z
9,RSA-2048,classical,,keygen,116.3729,0.0,0.0,0.0,294,1216,0,0,0,0,0,0.0,1745.5941,nan,edge/x86_64,,3.12.3,2026-10-09T18:44:41Z
9,RSA-2048,classical,,encapsulate,0.1113,0.0,0.0,0.0,294,1216,256,0,0,0,0,0.0,1.6697,nan,edge/x86_64,,3.12.3,2026-10-09T18:44:41Z
9,RSA-2048,classical,,decapsulate,1.2394,0.0,0.0,0.0,294,1216,256,0,0,0,0,0.0,18.5915,nan,edge/x86_64,,3.12.3,2026-10-09T18:44:41Z
10,RSA-2048,classical,,keygen,122.6276,0.0,0.0,0.0,294,1218,0,0,0,0,0,0.0,1839.4134,nan,edge/x86_64,,3.12.3,2026-10-09T18:44:41Z
10,RSA-2048,classical,,encapsulate,0.1563,0.0,0.0,0.0,294,1218,256,0,0,0,0,0.0,2.3446,nan,edge/x86_64,,3.12.3,2026-10-09T18:44:41Z
10,RSA-2048,classical,,decapsulate,1.7219,0.0,0.0,0.0,294,1218,256,0,0,0,0,0.0,25.8278,nan,edge/x86_64,,3.12.3,2026-10-09T18:44:41Z
11,RSA-2048,classical,,keygen,52.0132,0.0,0.0,0.0,294,1216,0,0,0,0,0,0.0,780.1983,nan,edge/x86_64,,3.12.3,2026-10-09T18:44:41Z
11,RSA-2048,classical,,encapsulate,0.1976,0.0,0.0,0.0,294,1216,256,0,0,0,0,0.0,2.9636,nan,edge/x86_64,,3.12.3,2026-10-09T18:44:41Z
11,RSA-2048,classical,,decapsulate,1.6565,0.0,0.0,0.0,294,1216,256,0,0,0,0,0.0,24.8469,nan,edge/x86_64,,3.12.3,2026-10-09T18:44:41Z
12,RSA-2048,classical,,keygen,51.7973,0.0,0.0,0.0,294,1217,0,0,0,0,0,0.0,776.959,nan,edge/x86_64,,3.12.3,2026-10-09T18:44:41Z
12,RSA-2048,classical,,encapsulate,0.1325,0.0,0.0,0.0,294,1217,256,0,0,0,0,0.0,1.9879,nan,edge/x86_64,,3.12.3,2026-10-09T18:44:41Z
12,RSA-2048,classical,,decapsulate,1.7001,0.0,0.0,0.0,294,1217,256,0,0,0,0,0.0,25.5015,nan,edge/x86_64,,3.12.3,2026-10-09T18:44:41Z
13,RSA-2048,classical,,keygen,25.9253,0.0,0.0,0.0,294,1217,0,0,0,0,0,0.0,388.8801,nan,edge/x86_64,,3.12.3,2026-10-09T18:44:41Z
13,RSA-2048,classical,,encapsulate,0.2953,0.0,0.0,0.0,294,1217,256,0,0,0,0,0.0,4.4291,nan,edge/x86_64,,3.12.3,2026-10-09T18:44:41Z
13,RSA-2048,classical,,decapsulate,1.8859,0.0,0.0,0.0,294,1217,256,0,0,0,0,0.0,28.2891,nan,edge/x86_64,,3.12.3,2026-10-09T18:44:41Z
14,RSA-2048,classical,,keygen,82.2549,0.0,0.0,0.0,294,1218,0,0,0,0,0,0.0,1233.823,nan,edge/x86_64,,3.12.3,2026-10-09T18:44:41Z
14,RSA-2048,classical,,encapsulate,0.0878,0.0,0.0,0.0,294,1218,256,0,0,0,0,0.0,1.3171,nan,edge/x86_64,,3.12.3,2026-10-09T18:44:41Z
14,RSA-2048,classical,,decapsulate,0.8339,0.0,0.0,0.0,294,1218,256,0,0,0,0,0.0,12.5088,nan,edge/x86_64,,3.12.3,2026-10-09T18:44:41Z
15,RSA-2048,classical,,keygen,73.6504,0.0,0.0,0.0,294,1218,0,0,0,0,0,0.0,1104.7564,nan,edge/x86_64,,3.12.3,2026-10-09T18:44:41Z
15,RSA-2048,classical,,encapsulate,0.1671,0.0,0.0,0.0,294,1218,256,0,0,0,0,0.0,2.5058,nan,edge/x86_64,,3.12.3,2026-10-09T18:44:41Z
15,RSA-2048,classical,,decapsulate,1.7872,0.0,0.0,0.0,294,1218,256,0,0,0,0,0.0,26.8078,nan,edge/x86_64,,3.12.3,2026-10-09T18:44:41Z
16,RSA-2048,classical,,keygen,75.5301,0.0,0.0,0.0,294,1217,0,0,0,0,0,0.0,1132.9512,nan,edge/x86_64,,3.12.3,2026-10-09T18:44:41Z
16,RSA-2048,classical,,encapsulate,0.2196,0.0,0.0,0.0,294,1217,256,0,0,0,0,0.0,3.2935,nan,edge/x86_64,,3.12.3,2026-10-09T18:44:41Z
16,RSA-2048,classical,,decapsulate,1.8308,0.0,0.0,0.0,294,1217,256,0,0,0,0,0.0,27.4621,nan,edge/x86_64,,3.12.3,2026-10-09T18:44:41Z
17,RSA-2048,classical,,keygen,124.8697,0.0,0.0,0.0,294,1217,0,0,0,0,0,0.0,1873.0458,nan,edge/x86_64,,3.12.3,2026-10-09T18:44:41Z
17,RSA-2048,classical,,encapsulate,0.1541,0.0,0.0,0.0,294,1217,256,0,0,0,0,0.0,2.3112,nan,edge/x86_64,,3.12.3,2026-10-09T18:44:41Z
17,RSA-2048,classical,,decapsulate,1.6243,0.0,0.0,0.0,294,1217,256,0,0,0,0,0.0,24.3643,nan,edge/x86_64,,3.12.3,2026-10-09T18:44:41Z
18,RSA-2048,classical,,keygen,76.7367,0.0,0.0,0.0,294,1216,0,0,0,0,0,0.0,1151.0499,nan,edge/x86_64,,3.12.3,2026-10-09T18:44:41Z
18,RSA-2048,classical,,encapsulate,0.2741,0.0,0.0,0.0,294,1216,256,0,0,0,0,0.0,4.1111,nan,edge/x86_64,,3.12.3,2026-10-09T18:44:41Z
18,RSA-2048,classical,,decapsulate,1.6703,0.0,0.0,0.0,294,1216,256,0,0,0,0,0.0,25.0549,nan,edge/x86_64,,3.12.3,2026-10-09T18:44:41Z
19,RSA-2048,classical,,keygen,32.0875,0.0,0.0,0.0,294,1216,0,0,0,0,0,0.0,481.3127,nan,edge/x86_64,,3.12.3,2026-10-09T18:44:41Z
19,RSA-2048,classical,,encapsulate,0.099,0.0,0.0,0.0,294,1216,256,0,0,0,0,0.0,1.4853,nan,edge/x86_64,,3.12.3,2026-10-09T18:44:41Z
19,RSA-2048,classical,,decapsulate,0.9059,0.0,0.0,0.0,294,1216,256,0,0,0,0,0.0,13.5886,nan,edge/x86_64,,3.12.3,2026-10-09T18:44:41Z
20,RSA-2048,classical,,keygen,58.4034,0.0,0.0,0.0,294,1216,0,0,0,0,0,0.0,876.0507,nan,edge/x86_64,,3.12.3,2026-10-09T18:44:41Z
20,RSA-2048,classical,,encapsulate,0.0905,0.0,0.0,0.0,294,1216,256,0,0,0,0,0.0,1.3575,nan,edge/x86_64,,3.12.3,2026-10-09T18:44:41Z
20,RSA-2048,classical,,decapsulate,0.8726,0.0,0.0,0.0,294,1216,256,0,0,0,0,0.0,13.0889,nan,edge/x86_64,,3.12.3,2026-10-09T18:44:41Z
21,RSA-2048,classical,,keygen,94.5209,0.0,0.0,0.0,294,1216,0,0,0,0,0,0.0,1417.8136,nan,edge/x86_64,,3.12.3,2026-10-09T18:44:41Z
21,RSA-2048,classical,,encapsulate,0.174,0.0,0.0,0.0,294,1216,256,0,0,0,0,0.0,2.6098,nan,edge/x86_64,,3.12.3,2026-10-09T18:44:41Z
21,RSA-2048,classical,,decapsulate,1.7173,0.0,0.0,0.0,294,1216,256,0,0,0,0,0.0,25.7597,nan,edge/x86_64,,3.12.3,2026-10-09T18:44:41Z
22,RSA-2048,classical,,keygen,95.9163,0.0,0.0,0.0,294,1217,0,0,0,0,0,0.0,1438.7452,nan,edge/x86_64,,3.12.3,2026-10-09T18:44:41Z
22,RSA-2048,classical,,encapsulate,0.1087,0.0,0.0,0.0,294,1217,256,0,0,0,0,0.0,1.6309,nan,edge/x86_64,,3.12.3,2026-10-09T18:44:41Z
22,RSA-2048,classical,,decapsulate,0.8278,0.0,0.0,0.0,294,1217,256,0,0,0,0,0.0,12.4172,nan,edge/x86_64,,3.12.3,2026-10-09T18:44:41Z
23,RSA-2048,classical,,keygen,21.3268,0.0,0.0,0.0,294,1217,0,0,0,0,0,0.0,319.9024,nan,edge/x86_64,,3.12.3,2026-10-09T18:44:41Z
23,RSA-2048,classical,,encapsulate,0.2177,0.0,0.0,0.0,294,1217,256,0,0,0,0,0.0,3.2652,nan,edge/x86_64,,3.12.3,2026-10-09T18:44:41Z
23,RSA-2048,classical,,decapsulate,1.1006,0.0,0.0,0.0,294,1217,256,0,0,0,0,0.0,16.5094,nan,edge/x86_64,,3.12.3,2026-10-09T18:44:41Z
24,RSA-2048,classical,,keygen,87.7004,0.0,0.0,0.0,294,1218,0,0,0,0,0,0.0,1315.5066,nan,edge/x86_64,,3.12.3,2026-10-09T18:44:41Z
24,RSA-2048,classical,,encapsulate,0.1207,0.0,0.0,0.0,294,1218,256,0,0,0,0,0.0,1.811,nan,edge/x86_64,,3.12.3,2026-10-09T18:44:41Z
24,RSA-2048,classical,,decapsulate,0.9583,0.0,0.0,0.0,294,1218,256,0,0,0,0,0.0,14.3742,nan,edge/x86_64,,3.12.3,2026-10-09T18:44:41Z
25,RSA-2048,classical,,keygen,46.8547,0.0,0.0,0.0,294,1218,0,0,0,0,0,0.0,702.8206,nan,edge/x86_64,,3.12.3,2026-10-09T18:44:41Z
25,RSA-2048,classical,,encapsulate,0.2468,0.0,0.0,0.0,294,1218,256,0,0,0,0,0.0,3.7024,nan,edge/x86_64,,3.12.3,2026-10-09T18:44:41Z
25,RSA-2048,classical,,decapsulate,1.8911,0.0,0.0,0.0,294,1218,256,0,0,0,0,0.0,28.3659,nan,edge/x86_64,,3.12.3,2026-10-09T18:44:41Z
26,RSA-2048,classical,,keygen,32.4108,0.0,0.0,0.0,294,1218,0,0,0,0,0,0.0,486.1613,nan,edge/x86_64,,3.12.3,2026-10-09T18:44:41Z
26,RSA-2048,classical,,encapsulate,0.2705,0.0,0.0,0.0,294,1218,256,0,0,0,0,0.0,4.0572,nan,edge/x86_64,,3.12.3,2026-10-09T18:44:41Z
26,RSA-2048,classical,,decapsulate,1.5475,0.0,0.0,0.0,294,1218,256,0,0,0,0,0.0,23.2125,nan,edge/x86_64,,3.12.3,2026-10-09T18:44:41Z
27,RSA-2048,classical,,keygen,74.7734,0.0,0.0,0.0,294,1217,0,0,0,0,0,0.0,1121.6016,nan,edge/x86_64,,3.12.3,2026-10-09T18:44:41Z
27,RSA-2048,classical,,encapsulate,0.2675,0.0,0.0,0.0,294,1217,256,0,0,0,0,0.0,4.0128,nan,edge/x86_64,,3.12.3,2026-10-09T18:44:41Z
27,RSA-2048,classical,,decapsulate,1.9358,0.0,0.0,0.0,294,1217,256,0,0,0,0,0.0,29.0368,nan,edge/x86_64,,3.12.3,2026-10-09T18:44:41Z
28,RSA-2048,classical,,keygen,62.8504,0.0,0.0,0.0,294,1218,0,0,0,0,0,0.0,942.7553,nan,edge/x86_64,,3.12.3,2026-10-09T18:44:41Z
28,RSA-2048,classical,,encapsulate,0.3706,0.0,0.0,0.0,294,1218,256,0,0,0,0,0.0,5.5586,nan,edge/x86_64,,3.12.3,2026-10-09T18:44:41Z
28,RSA-2048,classical,,decapsulate,1.8367,0.0,0.0,0.0,294,1218,256,0,0,0,0,0.0,27.5501,nan,edge/x86_64,,3.12.3,2026-10-09T18:44:41Z
29,RSA-2048,classical,,keygen,46.5511,0.0,0.0,0.0,294,1216,0,0,0,0,0,0.0,698.2667,nan,edge/x86_64,,3.12.3,2026-10-09T18:44:41Z
29,RSA-2048,classical,,encapsulate,0.2455,0.0,0.0,0.0,294,1216,256,0,0,0,0,0.0,3.682,nan,edge/x86_64,,3.12.3,2026-10-09T18:44:41Z
29,RSA-2048,classical,,decapsulate,1.774,0.0,0.0,0.0,294,1216,256,0,0,0,0,0.0,26.6104,nan,edge/x86_64,,3.12.3,2026-10-09T18:44:41Z
30,RSA-2048,classical,,keygen,72.0375,0.0,0.0,0.0,294,1217,0,0,0,0,0,0.0,1080.5629,nan,edge/x86_64,,3.12.3,2026-10-09T18:44:41Z
30,RSA-2048,classical,,encapsulate,0.1444,0.0,0.0,0.0,294,1217,256,0,0,0,0,0.0,2.166,nan,edge/x86_64,,3.12.3,2026-10-09T18:44:41Z
30,RSA-2048,classical,,decapsulate,1.8626,0.0,0.0,0.0,294,1217,256,0,0,0,0,0.0,27.9387,nan,edge/x86_64,,3.12.3,2026-10-09T18:44:41Z
31,RSA-2048,classical,,keygen,53.7334,0.0,0.0,0.0,294,1217,0,0,0,0,0,0.0,806.0003,nan,edge/x86_64,,3.12.3,2026-10-09T18:44:41Z
31,RSA-2048,classical,,encapsulate,0.1208,0.0,0.0,0.0,294,1217,256,0,0,0,0,0.0,1.8116,nan,edge/x86_64,,3.12.3,2026-10-09T18:44:41Z
31,RSA-2048,classical,,decapsulate,1.5911,0.0,0.0,0.0,294,1217,256,0,0,0,0,0.0,23.8661,nan,edge/x86_64,,3.12.3,2026-10-09T18:44:41Z
32,RSA-2048,classical,,keygen,44.4056,0.0,0.0,0.0,294,1218,0,0,0,0,0,0.0,666.0847,nan,edge/x86_64,,3.12.3,2026-10-09T18:44:41Z
32,RSA-2048,classical,,encapsulate,0.1722,0.0,0.0,0.0,294,1218,256,0,0,0,0,0.0,2.5836,nan,edge/x86_64,,3.12.3,2026-10-09T18:44:41Z
32,RSA-2048,classical,,decapsulate,1.4468,0.0,0.0,0.0,294,1218,256,0,0,0,0,0.0,21.7026,nan,edge/x86_64,,3.12.3,2026-10-09T18:44:41Z
33,RSA-2048,classical,,keygen,200.8611,0.0,0.0,0.0,294,1218,0,0,0,0,0,0.0,3012.916,nan,edge/x86_64,,3.12.3,2026-10-09T18:44:41Z
33,RSA-2048,classical,,encapsulate,0.2933,0.0,0.0,0.0,294,1218,256,0,0,0,0,0.0,4.4002,nan,edge/x86_64,,3.12.3,2026-10-09T18:44:41Z
33,RSA-2048,classical,,decapsulate,1.8489,0.0,0.0,0.0,294,1218,256,0,0,0,0,0.0,27.734,nan,edge/x86_64,,3.12.3,2026-10-09T18:44:41Z
34,RSA-2048,classical,,keygen,58.0768,0.0,0.0,0.0,294,1218,0,0,0,0,0,0.0,871.1515,nan,edge/x86_64,,3.12.3,2026-10-09T18:44:41Z
34,RSA-2048,classical,,encapsulate,0.1841,0.0,0.0,0.0,294,1218,256,0,0,0,0,0.0,2.7622,nan,edge/x86_64,,3.12.3,2026-10-09T18:44:41Z
34,RSA-2048,classical,,decapsulate,1.7828,0.0,0.0,0.0,294,1218,256,0,0,0,0,0.0,26.7426,nan,edge/x86_64,,3.12.3,2026-10-09T18:44:41Z
35,RSA-2048,classical,,keygen,108.7237,0.0,0.0,0.0,294,1217,0,0,0,0,0,0.0,1630.8556,nan,edge/x86_64,,3.12.3,2026-10-09T18:44:41Z
35,RSA-2048,classical,,encapsulate,0.113,0.0,0.0,0.0,294,1217,256,0,0,0,0,0.0,1.6953,nan,edge/x86_64,,3.12.3,2026-10-09T18:44:41Z
35,RSA-2048,classical,,decapsulate,0.8566,0.0,0.0,0.0,294,1217,256,0,0,0,0,0.0,12.8494,nan,edge/x86_64,,3.12.3,2026-10-09T18:44:41Z
36,RSA-2048,classical,,keygen,50.5791,0.0,0.0,0.0,294,1216,0,0,0,0,0,0.0,758.687,nan,edge/x86_64,,3.12.3,2026-10-09T18:44:41Z
36,RSA-2048,classical,,encapsulate,0.0989,0.0,0.0,0.0,294,1216,256,0,0,0,0,0.0,1.4838,nan,edge/x86_64,,3.12.3,2026-10-09T18:44:41Z
36,RSA-2048,classical,,decapsulate,1.8713,0.0,0.0,0.0,294,1216,256,0,0,0,0,0.0,28.0688,nan,edge/x86_64,,3.12.3,2026-10-09T18:44:41Z
37,RSA-2048,classical,,keygen,88.5282,0.0,0.0,0.0,294,1217,0,0,0,0,0,0.0,1327.9233,nan,edge/x86_64,,3.12.3,2026-10-09T18:44:41Z
37,RSA-2048,classical,,encapsulate,0.1994,0.0,0.0,0.0,294,1217,256,0,0,0,0,0.0,2.9916,nan,edge/x86_64,,3.12.3,2026-10-09T18:44:41Z
37,RSA-2048,classical,,decapsulate,1.7847,0.0,0.0,0.0,294,1217,256,0,0,0,0,0.0,26.7707,nan,edge/x86_64,,3.12.3,2026-10-09T18:44:41Z
38,RSA-2048,classical,,keygen,43.1571,0.0,0.0,0.0,294,1218,0,0,0,0,0,0.0,647.356,nan,edge/x86_64,,3.12.3,2026-10-09T18:44:41Z
38,RSA-2048,classical,,encapsulate,0.1636,0.0,0.0,0.0,294,1218,256,0,0,0,0,0.0,2.4546,nan,edge/x86_64,,3.12.3,2026-10-09T18:44:41Z
38,RSA-2048,classical,,decapsulate,1.7673,0.0,0.0,0.0,294,1218,256,0,0,0,0,0.0,26.5097,nan,edge/x86_64,,3.12.3,2026-10-09T18:44:41Z
39,RSA-2048,classical,,keygen,22.3817,0.0,0.0,0.0,294,1217,0,0,0,0,0,0.0,335.7261,nan,edge/x86_64,,3.12.3,2026-10-09T18:44:41Z
39,RSA-2048,classical,,encapsulate,0.1625,0.0,0.0,0.0,294,1217,256,0,0,0,0,0.0,2.4378,nan,edge/x86_64,,3.12.3,2026-10-09T18:44:41Z
39,RSA-2048,classical,,decapsulate,1.6679,0.0,0.0,0.0,294,1217,256,0,0,0,0,0.0,25.0191,nan,edge/x86_64,,3.12.3,2026-10-09T18:44:41Z
40,RSA-2048,classical,,keygen,55.7601,0.0,0.0,0.0,294,1219,0,0,0,0,0,0.0,836.4022,nan,edge/x86_64,,3.12.3,2026-10-09T18:44:41Z
40,RSA-2048,classical,,encapsulate,0.1595,0.0,0.0,0.0,294,1219,256,0,0,0,0,0.0,2.3928,nan,edge/x86_64,,3.12.3,2026-10-09T18:44:41Z
40,RSA-2048,classical,,decapsulate,1.968,0.0,0.0,0.0,294,1219,256,0,0,0,0,0.0,29.5196,nan,edge/x86_64,,3.12.3,2026-10-09T18:44:41Z
41,RSA-2048,classical,,keygen,106.445,0.0,0.0,0.0,294,1217,0,0,0,0,0,0.0,1596.6743,nan,edge/x86_64,,3.12.3,2026-10-09T18:44:41Z
41,RSA-2048,classical,,encapsulate,0.2274,0.0,0.0,0.0,294,1217,256,0,0,0,0,0.0,3.4107,nan,edge/x86_64,,3.12.3,2026-10-09T18:44:41Z
41,RSA-2048,classical,,decapsulate,1.8116,0.0,0.0,0.0,294,1217,256,0,0,0,0,0.0,27.1741,nan,edge/x86_64,,3.12.3,2026-10-09T18:44:41Z
42,RSA-2048,classical,,keygen,94.2137,0.0,0.0,0.0,294,1218,0,0,0,0,0,0.0,1413.206,nan,edge/x86_64,,3.12.3,2026-10-09T18:44:41Z
42,RSA-2048,classical,,encapsulate,0.1804,0.0,0.0,0.0,294,1218,256,0,0,0,0,0.0,2.7058,nan,edge/x86_64,,3.12.3,2026-10-09T18:44:41Z
42,RSA-2048,classical,,decapsulate,1.9377,0.0,0.0,0.0,294,1218,256,0,0,0,0,0.0,29.066,nan,edge/x86_64,,3.12.3,2026-10-09T18:44:41Z
43,RSA-2048,classical,,keygen,151.159,0.0,0.0,0.0,294,1217,0,0,0,0,0,0.0,2267.3851,nan,edge/x86_64,,3.12.3,2026-10-09T18:44:41Z
43,RSA-2048,classical,,encapsulate,0.1346,0.0,0.0,0.0,294,1217,256,0,0,0,0,0.0,2.0194,nan,edge/x86_64,,3.12.3,2026-10-09T18:44:41Z
43,RSA-2048,classical,,decapsulate,1.6735,0.0,0.0,0.0,294,1217,256,0,0,0,0,0.0,25.1031,nan,edge/x86_64,,3.12.3,2026-10-09T18:44:41Z
44,RSA-2048,classical,,keygen,121.2251,0.0,0.0,0.0,294,1217,0,0,0,0,0,0.0,1818.3763,nan,edge/x86_64,,3.12.3,2026-10-09T18:44:41Z
44,RSA-2048,classical,,encapsulate,0.2299,0.0,0.0,0.0,294,1217,256,0,0,0,0,0.0,3.4486,nan,edge/x86_64,,3.12.3,2026-10-09T18:44:41Z
44,RSA-2048,classical,,decapsulate,1.7515,0.0,0.0,0.0,294,1217,256,0,0,0,0,0.0,26.2727,nan,edge/x86_64,,3.12.3,2026-10-09T18:44:41Z
45,RSA-2048,classical,,keygen,128.8362,0.0,0.0,0.0,294,1216,0,0,0,0,0,0.0,1932.5423,nan,edge/x86_64,,3.12.3,2026-10-09T18:44:41Z
45,RSA-2048,classical,,encapsulate,0.1279,0.0,0.0,0.0,294,1216,256,0,0,0,0,0.0,1.9191,nan,edge/x86_64,,3.12.3,2026-10-09T18:44:41Z
45,RSA-2048,classical,,decapsulate,1.58,0.0,0.0,0.0,294,1216,256,0,0,0,0,0.0,23.6994,nan,edge/x86_64,,3.12.3,2026-10-09T18:44:41Z
46,RSA-2048,classical,,keygen,39.1568,0.0,0.0,0.0,294,1219,0,0,0,0,0,0.0,587.3516,nan,edge/x86_64,,3.12.3,2026-10-09T18:44:41Z
46,RSA-2048,classical,,encapsulate,0.1821,0.0,0.0,0.0,294,1219,256,0,0,0,0,0.0,2.7308,nan,edge/x86_64,,3.12.3,2026-10-09T18:44:41Z
46,RSA-2048,classical,,decapsulate,1.8746,0.0,0.0,0.0,294,1219,256,0,0,0,0,0.0,28.1183,nan,edge/x86_64,,3.12.3,2026-10-09T18:44:41Z
47,RSA-2048,classical,,keygen,77.2992,0.0,0.0,0.0,294,1217,0,0,0,0,0,0.0,1159.4885,nan,edge/x86_64,,3.12.3,2026-10-09T18:44:41Z
47,RSA-2048,classical,,encapsulate,0.1473,0.0,0.0,0.0,294,1217,256,0,0,0,0,0.0,2.2099,nan,edge/x86_64,,3.12.3,2026-10-09T18:44:41Z
47,RSA-2048,classical,,decapsulate,1.772,0.0,0.0,0.0,294,1217,256,0,0,0,0,0.0,26.5796,nan,edge/x86_64,,3.12.3,2026-10-09T18:44:41Z
48,RSA-2048,classical,,keygen,251.0971,0.0,0.0,0.0,294,1219,0,0,0,0,0,0.0,3766.4562,nan,edge/x86_64,,3.12.3,2026-10-09T18:44:41Z
48,RSA-2048,classical,,encapsulate,0.1764,0.0,0.0,0.0,294,1219,256,0,0,0,0,0.0,2.6463,nan,edge/x86_64,,3.12.3,2026-10-09T18:44:41Z
48,RSA-2048,classical,,decapsulate,1.8,0.0,0.0,0.0,294,1219,256,0,0,0,0,0.0,26.9993,nan,edge/x86_64,,3.12.3,2026-10-09T18:44:41Z
49,RSA-2048,classical,,keygen,87.3652,0.0,0.0,0.0,294,1217,0,0,0,0,0,0.0,1310.4773,nan,edge/x86_64,,3.12.3,2026-10-09T18:44:41Z
49,RSA-2048,classical,,encapsulate,0.2356,0.0,0.0,0.0,294,1217,256,0,0,0,0,0.0,3.5334,nan,edge/x86_64,,3.12.3,2026-10-09T18:44:41Z
49,RSA-2048,classical,,decapsulate,1.7573,0.0,0.0,0.0,294,1217,256,0,0,0,0,0.0,26.3595,nan,edge/x86_64,,3.12.3,2026-10-09T18:44:41Z
50,RSA-2048,classical,,keygen,52.3206,0.0,0.0,0.0,294,1216,0,0,0,0,0,0.0,784.8093,nan,edge/x86_64,,3.12.3,2026-10-09T18:44:41Z
50,RSA-2048,classical,,encapsulate,0.1989,0.0,0.0,0.0,294,1216,256,0,0,0,0,0.0,2.9833,nan,edge/x86_64,,3.12.3,2026-10-09T18:44:41Z
50,RSA-2048,classical,,decapsulate,1.6166,0.0,0.0,0.0,294,1216,256,0,0,0,0,0.0,24.2483,nan,edge/x86_64,,3.12.3,2026-10-09T18:44:41Z
51,RSA-2048,classical,,keygen,97.3345,0.0,0.0,0.0,294,1217,0,0,0,0,0,0.0,1460.0177,nan,edge/x86_64,,3.12.3,2026-10-09T18:44:41Z
51,RSA-2048,classical,,encapsulate,0.1788,0.0,0.0,0.0,294,1217,256,0,0,0,0,0.0,2.6813,nan,edge/x86_64,,3.12.3,2026-10-09T18:44:41Z
51,RSA-2048,classical,,decapsulate,1.6601,0.0,0.0,0.0,294,1217,256,0,0,0,0,0.0,24.9014,nan,edge/x86_64,,3.12.3,2026-10-09T18:44:41Z
52,RSA-2048,classical,,keygen,80.3453,0.0,0.0,0.0,294,1217,0,0,0,0,0,0.0,1205.1798,nan,edge/x86_64,,3.12.3,2026-10-09T18:44:41Z
52,RSA-2048,classical,,encapsulate,0.3714,0.0,0.0,0.0,294,1217,256,0,0,0,0,0.0,5.5706,nan,edge/x86_64,,3.12.3,2026-10-09T18:44:41Z
52,RSA-2048,classical,,decapsulate,2.1578,0.0,0.0,0.0,294,1217,256,0,0,0,0,0.0,32.3671,nan,edge/x86_64,,3.12.3,2026-10-09T18:44:41Z
53,RSA-2048,classical,,keygen,60.8451,0.0,0.0,0.0,294,1216,0,0,0,0,0,0.0,912.6771,nan,edge/x86_64,,3.12.3,2026-10-09T18:44:41Z
53,RSA-2048,classical,,encapsulate,0.1798,0.0,0.0,0.0,294,1216,256,0,0,0,0,0.0,2.6977,nan,edge/x86_64,,3.12.3,2026-10-09T18:44:41Z
53,RSA-2048,classical,,decapsulate,1.8105,0.0,0.0,0.0,294,1216,256,0,0,0,0,0.0,27.1578,nan,edge/x86_64,,3.12.3,2026-10-09T18:44:41Z
54,RSA-2048,classical,,keygen,108.0888,0.0,0.0,0.0,294,1218,0,0,0,0,0,0.0,1621.3313,nan,edge/x86_64,,3.12.3,2026-10-09T18:44:41Z
54,RSA-2048,classical,,encapsulate,0.2057,0.0,0.0,0.0,294,1218,256,0,0,0,0,0.0,3.0854,nan,edge/x86_64,,3.12.3,2026-10-09T18:44:41Z
54,RSA-2048,classical,,decapsulate,1.6698,0.0,0.0,0.0,294,1218,256,0,0,0,0,0.0,25.0471,nan,edge/x86_64,,3.12.3,2026-10-09T18:44:41Z
55,RSA-2048,classical,,keygen,97.8333,0.0,0.0,0.0,294,1217,0,0,0,0,0,0.0,1467.4994,nan,edge/x86_64,,3.12.3,2026-10-09T18:44:41Z
55,RSA-2048,classical,,encapsulate,0.092,0.0,0.0,0.0,294,1217,256,0,0,0,0,0.0,1.3796,nan,edge/x86_64,,3.12.3,2026-10-09T18:44:41Z
55,RSA-2048,classical,,decapsulate,0.877,0.0,0.0,0.0,294,1217,256,0,0,0,0,0.0,13.1556,nan,edge/x86_64,,3.12.3,2026-10-09T18:44:41Z
56,RSA-2048,classical,,keygen,42.902,0.0,0.0,0.0,294,1217,0,0,0,0,0,0.0,643.5305,nan,edge/x86_64,,3.12.3,2026-10-09T18:44:41Z
56,RSA-2048,classical,,encapsulate,0.0937,0.0,0.0,0.0,294,1217,256,0,0,0,0,0.0,1.4049,nan,edge/x86_64,,3.12.3,2026-10-09T18:44:41Z
56,RSA-2048,classical,,decapsulate,0.8345,0.0,0.0,0.0,294,1217,256,0,0,0,0,0.0,12.5174,nan,edge/x86_64,,3.12.3,2026-10-09T18:44:41Z
57,RSA-2048,classical,,keygen,104.998,0.0,0.0,0.0,294,1218,0,0,0,0,0,0.0,1574.9706,nan,edge/x86_64,,3.12.3,2026-10-09T18:44:41Z
57,RSA-2048,classical,,encapsulate,0.1032,0.0,0.0,0.0,294,1218,256,0,0,0,0,0.0,1.5473,nan,edge/x86_64,,3.12.3,2026-10-09T18:44:41Z
57,RSA-2048,classical,,decapsulate,0.8728,0.0,0.0,0.0,294,1218,256,0,0,0,0,0.0,13.0921,nan,edge/x86_64,,3.12.3,2026-10-09T18:44:41Z
58,RSA-2048,classical,,keygen,76.6989,0.0,0.0,0.0,294,1217,0,0,0,0,0,0.0,1150.484,nan,edge/x86_64,,3.12.3,2026-10-09T18:44:41Z
58,RSA-2048,classical,,encapsulate,0.1418,0.0,0.0,0.0,294,1217,256,0,0,0,0,0.0,2.1275,nan,edge/x86_64,,3.12.3,2026-10-09T18:44:41Z
58,RSA-2048,classical,,decapsulate,1.8271,0.0,0.0,0.0,294,1217,256,0,0,0,0,0.0,27.4063,nan,edge/x86_64,,3.12.3,2026-10-09T18:44:41Z
59,RSA-2048,classical,,keygen,89.5022,0.0,0.0,0.0,294,1216,0,0,0,0,0,0.0,1342.5324,nan,edge/x86_64,,3.12.3,2026-10-09T18:44:41Z
59,RSA-2048,classical,,encapsulate,0.1826,0.0,0.0,0.0,294,1216,256,0,0,0,0,0.0,2.7383,nan,edge/x86_64,,3.12.3,2026-10-09T18:44:41Z
59,RSA-2048,classical,,decapsulate,1.7004,0.0,0.0,0.0,294,1216,256,0,0,0,0,0.0,25.5057,nan,edge/x86_64,,3.12.3,2026-10-09T18:44:41Z
60,RSA-2048,classical,,keygen,86.604,0.0,0.0,0.0,294,1218,0,0,0,0,0,0.0,1299.0607,nan,edge/x86_64,,3.12.3,2026-10-09T18:44:41Z
60,RSA-2048,classical,,encapsulate,0.0966,0.0,0.0,0.0,294,1218,256,0,0,0,0,0.0,1.449,nan,edge/x86_64,,3.12.3,2026-10-09T18:44:41Z
60,RSA-2048,classical,,decapsulate,0.8933,0.0,0.0,0.0,294,1218,256,0,0,0,0,0.0,13.3992,nan,edge/x86_64,,3.12.3,2026-10-09T18:44:41Z
61,RSA-2048,classical,,keygen,21.5754,0.0,0.0,0.0,294,1218,0,0,0,0,0,0.0,323.6306,nan,edge/x86_64,,3.12.3,2026-10-09T18:44:41Z
61,RSA-2048,classical,,encapsulate,0.1315,0.0,0.0,0.0,294,1218,256,0,0,0,0,0.0,1.9728,nan,edge/x86_64,,3.12.3,2026-10-09T18:44:41Z
61,RSA-2048,classical,,decapsulate,1.6025,0.0,0.0,0.0,294,1218,256,0,0,0,0,0.0,24.0372,nan,edge/x86_64,,3.12.3,2026-10-09T18:44:41Z
62,RSA-2048,classical,,keygen,31.1211,0.0,0.0,0.0,294,1216,0,0,0,0,0,0.0,466.8165,nan,edge/x86_64,,3.12.3,2026-10-09T18:44:41Z
62,RSA-2048,classical,,encapsulate,0.154,0.0,0.0,0.0,294,1216,256,0,0,0,0,0.0,2.3107,nan,edge/x86_64,,3.12.3,2026-10-09T18:44:41Z
62,RSA-2048,classical,,decapsulate,1.5206,0.0,0.0,0.0,294,1216,256,0,0,0,0,0.0,22.8095,nan,edge/x86_64,,3.12.3,2026-10-09T18:44:41Z
63,RSA-2048,classical,,keygen,120.9922,0.0,0.0,0.0,294,1218,0,0,0,0,0,0.0,1814.8834,nan,edge/x86_64,,3.12.3,2026-10-09T18:44:41Z
63,RSA-2048,classical,,encapsulate,0.2733,0.0,0.0,0.0,294,1218,256,0,0,0,0,0.0,4.0991,nan,edge/x86_64,,3.12.3,2026-10-09T18:44:41Z
63,RSA-2048,classical,,decapsulate,1.9461,0.0,0.0,0.0,294,1218,256,0,0,0,0,0.0,29.1913,nan,edge/x86_64,,3.12.3,2026-10-09T18:44:41Z
64,RSA-2048,classical,,keygen,68.6135,0.0,0.0,0.0,294,1216,0,0,0,0,0,0.0,1029.2024,nan,edge/x86_64,,3.12.3,2026-10-09T18:44:41Z
64,RSA-2048,classical,,encapsulate,0.181,0.0,0.0,0.0,294,1216,256,0,0,0,0,0.0,2.7151,nan,edge/x86_64,,3.12.3,2026-10-09T18:44:41Z
64,RSA-2048,classical,,decapsulate,1.6582,0.0,0.0,0.0,294,1216,256,0,0,0,0,0.0,24.8731,nan,edge/x86_64,,3.12.3,2026-10-09T18:44:41Z
65,RSA-2048,classical,,keygen,134.291,0.0,0.0,0.0,294,1217,0,0,0,0,0,0.0,2014.3647,nan,edge/x86_64,,3.12.3,2026-10-09T18:44:41Z
65,RSA-2048,classical,,encapsulate,0.1862,0.0,0.0,0.0,294,1217,256,0,0,0,0,0.0,2.7936,nan,edge/x86_64,,3.12.3,2026-10-09T18:44:41Z
65,RSA-2048,classical,,decapsulate,0.9516,0.0,0.0,0.0,294,1217,256,0,0,0,0,0.0,14.2741,nan,edge/x86_64,,3.12.3,2026-10-09T18:44:41Z
66,RSA-2048,classical,,keygen,9.0068,0.0,0.0,0.0,294,1219,0,0,0,0,0,0.0,135.1017,nan,edge/x86_64,,3.12.3,2026-10-09T18:44:41Z
66,RSA-2048,classical,,encapsulate,0.0789,0.0,0.0,0.0,294,1219,256,0,0,0,0,0.0,1.1837,nan,edge/x86_64,,3.12.3,2026-10-09T18:44:41Z
66,RSA-2048,classical,,decapsulate,1.0564,0.0,0.0,0.0,294,1219,256,0,0,0,0,0.0,15.8454,nan,edge/x86_64,,3.12.3,2026-10-09T18:44:41Z
67,RSA-2048,classical,,keygen,39.9754,0.0,0.0,0.0,294,1217,0,0,0,0,0,0.0,599.631,nan,edge/x86_64,,3.12.3,2026-10-09T18:44:41Z
67,RSA-2048,classical,,encapsulate,0.1889,0.0,0.0,0.0,294,1217,256,0,0,0,0,0.0,2.8328,nan,edge/x86_64,,3.12.3,2026-10-09T18:44:41Z
67,RSA-2048,classical,,decapsulate,1.5446,0.0,0.0,0.0,294,1217,256,0,0,0,0,0.0,23.169,nan,edge/x86_64,,3.12.3,2026-10-09T18:44:41Z
68,RSA-2048,classical,,keygen,24.2352,0.0,0.0,0.0,294,1218,0,0,0,0,0,0.0,363.5279,nan,edge/x86_64,,3.12.3,2026-10-09T18:44:41Z
68,RSA-2048,classical,,encapsulate,0.1129,0.0,0.0,0.0,294,1218,256,0,0,0,0,0.0,1.6939,nan,edge/x86_64,,3.12.3,2026-10-09T18:44:41Z
68,RSA-2048,classical,,decapsulate,0.8274,0.0,0.0,0.0,294,1218,256,0,0,0,0,0.0,12.4112,nan,edge/x86_64,,3.12.3,2026-10-09T18:44:41Z
69,RSA-2048,classical,,keygen,196.0071,0.0,0.0,0.0,294,1216,0,0,0,0,0,0.0,2940.1069,nan,edge/x86_64,,3.12.3,2026-10-09T18:44:41Z
69,RSA-2048,classical,,encapsulate,0.2052,0.0,0.0,0.0,294,1216,256,0,0,0,0,0.0,3.0787,nan,edge/x86_64,,3.12.3,2026-10-09T18:44:41Z
69,RSA-2048,classical,,decapsulate,1.6206,0.0,0.0,0.0,294,1216,256,0,0,0,0,0.0,24.309,nan,edge/x86_64,,3.12.3,2026-10-09T18:44:41Z
70,RSA-2048,classical,,keygen,187.1355,0.0,0.0,0.0,294,1217,0,0,0,0,0,0.0,2807.0332,nan,edge/x86_64,,3.12.3,2026-10-09T18:44:41Z
70,RSA-2048,classical,,encapsulate,0.1406,0.0,0.0,0.0,294,1217,256,0,0,0,0,0.0,2.1093,nan,edge/x86_64,,3.12.3,2026-10-09T18:44:41Z
70,RSA-2048,classical,,decapsulate,1.8541,0.0,0.0,0.0,294,1217,256,0,0,0,0,0.0,27.8118,nan,edge/x86_64,,3.12.3,2026-10-09T18:44:41Z
71,RSA-2048,classical,,keygen,72.099,0.0,0.0,0.0,294,1217,0,0,0,0,0,0.0,1081.4854,nan,edge/x86_64,,3.12.3,2026-10-09T18:44:41Z
71,RSA-2048,classical,,encapsulate,0.0913,0.0,0.0,0.0,294,1217,256,0,0,0,0,0.0,1.3697,nan,edge/x86_64,,3.12.3,2026-10-09T18:44:41Z
71,RSA-2048,classical,,decapsulate,0.833,0.0,0.0,0.0,294,1217,256,0,0,0,0,0.0,12.4954,nan,edge/x86_64,,3.12.3,2026-10-09T18:44:41Z
72,RSA-2048,classical,,keygen,16.8528,0.0,0.0,0.0,294,1217,0,0,0,0,0,0.0,252.7913,nan,edge/x86_64,,3.12.3,2026-10-09T18:44:41Z
72,RSA-2048,classical,,encapsulate,0.0898,0.0,0.0,0.0,294,1217,256,0,0,0,0,0.0,1.3463,nan,edge/x86_64,,3.12.3,2026-10-09T18:44:41Z
72,RSA-2048,classical,,decapsulate,0.8443,0.0,0.0,0.0,294,1217,256,0,0,0,0,0.0,12.6651,nan,edge/x86_64,,3.12.3,2026-10-09T18:44:41Z
73,RSA-2048,classical,,keygen,12.5691,0.0,0.0,0.0,294,1216,0,0,0,0,0,0.0,188.5361,nan,edge/x86_64,,3.12.3,2026-10-09T18:44:41Z
73,RSA-2048,classical,,encapsulate,0.1543,0.0,0.0,0.0,294,1216,256,0,0,0,0,0.0,2.3138,nan,edge/x86_64,,3.12.3,2026-10-09T18:44:41Z
73,RSA-2048,classical,,decapsulate,1.9331,0.0,0.0,0.0,294,1216,256,0,0,0,0,0.0,28.9968,nan,edge/x86_64,,3.12.3,2026-10-09T18:44:41Z
74,RSA-2048,classical,,keygen,274.641,0.0,0.0,0.0,294,1217,0,0,0,0,0,0.0,4119.6153,nan,edge/x86_64,,3.12.3,2026-10-09T18:44:41Z
74,RSA-2048,classical,,encapsulate,0.1631,0.0,0.0,0.0,294,1217,256,0,0,0,0,0.0,2.4465,nan,edge/x86_64,,3.12.3,2026-10-09T18:44:41Z
74,RSA-2048,classical,,decapsulate,1.6734,0.0,0.0,0.0,294,1217,256,0,0,0,0,0.0,25.101,nan,edge/x86_64,,3.12.3,2026-10-09T18:44:41Z
75,RSA-2048,classical,,keygen,71.8564,0.0,0.0,0.0,294,1217,0,0,0,0,0,0.0,1077.8463,nan,edge/x86_64,,3.12.3,2026-10-09T18:44:41Z
75,RSA-2048,classical,,encapsulate,0.226,0.0,0.0,0.0,294,1217,256,0,0,0,0,0.0,3.3902,nan,edge/x86_64,,3.12.3,2026-10-09T18:44:41Z
75,RSA-2048,classical,,decapsulate,1.817,0.0,0.0,0.0,294,1217,256,0,0,0,0,0.0,27.2549,nan,edge/x86_64,,3.12.3,2026-10-09T18:44:41Z
76,RSA-2048,classical,,keygen,98.3471,0.0,0.0,0.0,294,1217,0,0,0,0,0,0.0,1475.2063,nan,edge/x86_64,,3.12.3,2026-10-09T18:44:41Z
76,RSA-2048,classical,,encapsulate,0.2316,0.0,0.0,0.0,294,1217,256,0,0,0,0,0.0,3.4739,nan,edge/x86_64,,3.12.3,2026-10-09T18:44:41Z
76,RSA-2048,classical,,decapsulate,1.7259,0.0,0.0,0.0,294,1217,256,0,0,0,0,0.0,25.8889,nan,edge/x86_64,,3.12.3,2026-10-09T18:44:41Z
77,RSA-2048,classical,,keygen,91.3489,0.0,0.0,0.0,294,1216,0,0,0,0,0,0.0,1370.2335,nan,edge/x86_64,,3.12.3,2026-10-09T18:44:41Z
77,RSA-2048,classical,,encapsulate,0.312,0.0,0.0,0.0,294,1216,256,0,0,0,0,0.0,4.6799,nan,edge/x86_64,,3.12.3,2026-10-09T18:44:41Z
77,RSA-2048,classical,,decapsulate,1.9345,0.0,0.0,0.0,294,1216,256,0,0,0,0,0.0,29.0168,nan,edge/x86_64,,3.12.3,2026-10-09T18:44:41Z
78,RSA-2048,classical,,keygen,36.6446,0.0,0.0,0.0,294,1218,0,0,0,0,0,0.0,549.6683,nan,edge/x86_64,,3.12.3,2026-10-09T18:44:41Z
78,RSA-2048,classical,,encapsulate,0.228,0.0,0.0,0.0,294,1218,256,0,0,0,0,0.0,3.4201,nan,edge/x86_64,,3.12.3,2026-10-09T18:44:41Z
78,RSA-2048,classical,,decapsulate,1.7795,0.0,0.0,0.0,294,1218,256,0,0,0,0,0.0,26.6918,nan,edge/x86_64,,3.12.3,2026-10-09T18:44:41Z
79,RSA-2048,classical,,keygen,23.4702,0.0,0.0,0.0,294,1215,0,0,0,0,0,0.0,352.0525,nan,edge/x86_64,,3.12.3,2026-10-09T18:44:41Z
79,RSA-2048,classical,,encapsulate,0.1553,0.0,0.0,0.0,294,1215,256,0,0,0,0,0.0,2.3294,nan,edge/x86_64,,3.12.3,2026-10-09T18:44:41Z
79,RSA-2048,classical,,decapsulate,1.7456,0.0,0.0,0.0,294,1215,256,0,0,0,0,0.0,26.1847,nan,edge/x86_64,,3.12.3,2026-10-09T18:44:41Z
80,RSA-2048,classical,,keygen,235.0387,0.0,0.0,0.0,294,1217,0,0,0,0,0,0.0,3525.5812,nan,edge/x86_64,,3.12.3,2026-10-09T18:44:41Z
80,RSA-2048,classical,,encapsulate,0.1304,0.0,0.0,0.0,294,1217,256,0,0,0,0,0.0,1.9566,nan,edge/x86_64,,3.12.3,2026-10-09T18:44:41Z
80,RSA-2048,classical,,decapsulate,1.626,0.0,0.0,0.0,294,1217,256,0,0,0,0,0.0,24.3905,nan,edge/x86_64,,3.12.3,2026-10-09T18:44:41Z
81,RSA-2048,classical,,keygen,19.2995,0.0,0.0,0.0,294,1216,0,0,0,0,0,0.0,289.4927,nan,edge/x86_64,,3.12.3,2026-10-09T18:44:41Z
81,RSA-2048,classical,,encapsulate,0.2755,0.0,0.0,0.0,294,1216,256,0,0,0,0,0.0,4.1328,nan,edge/x86_64,,3.12.3,2026-10-09T18:44:41Z
81,RSA-2048,classical,,decapsulate,1.63,0.0,0.0,0.0,294,1216,256,0,0,0,0,0.0,24.4505,nan,edge/x86_64,,3.12.3,2026-10-09T18:44:41Z
82,RSA-2048,classical,,keygen,72.0102,0.0,0.0,0.0,294,1217,0,0,0,0,0,0.0,1080.1525,nan,edge/x86_64,,3.12.3,2026-10-09T18:44:41Z
82,RSA-2048,classical,,encapsulate,0.2364,0.0,0.0,0.0,294,1217,256,0,0,0,0,0.0,3.5459,nan,edge/x86_64,,3.12.3,2026-10-09T18:44:41Z
82,RSA-2048,classical,,decapsulate,1.9958,0.0,0.0,0.0,294,1217,256,0,0,0,0,0.0,29.9374,nan,edge/x86_64,,3.12.3,2026-10-09T18:44:41Z
83,RSA-2048,classical,,keygen,93.4289,0.0,0.0,0.0,294,1218,0,0,0,0,0,0.0,1401.434,nan,edge/x86_64,,3.12.3,2026-10-09T18:44:41Z
83,RSA-2048,classical,,encapsulate,0.2499,0.0,0.0,0.0,294,1218,256,0,0,0,0,0.0,3.7481,nan,edge/x86_64,,3.12.3,2026-10-09T18:44:41Z
83,RSA-2048,classical,,decapsulate,1.7477,0.0,0.0,0.0,294,1218,256,0,0,0,0,0.0,26.2149,nan,edge/x86_64,,3.12.3,2026-10-09T18:44:41Z
84,RSA-2048,classical,,keygen,52.0336,0.0,0.0,0.0,294,1216,0,0,0,0,0,0.0,780.5042,nan,edge/x86_64,,3.12.3,2026-10-09T18:44:41Z
84,RSA-2048,classical,,encapsulate,0.1024,0.0,0.0,0.0,294,1216,256,0,0,0,0,0.0,1.5359,nan,edge/x86_64,,3.12.3,2026-10-09T18:44:41Z
84,RSA-2048,classical,,decapsulate,0.9652,0.0,0.0,0.0,294,1216,256,0,0,0,0,0.0,14.4784,nan,edge/x86_64,,3.12.3,2026-10-09T18:44:41Z
85,RSA-2048,classical,,keygen,86.1692,0.0,0.0,0.0,294,1217,0,0,0,0,0,0.0,1292.5377,nan,edge/x86_64,,3.12.3,2026-10-09T18:44:41Z
85,RSA-2048,classical,,encapsulate,0.2292,0.0,0.0,0.0,294,1217,256,0,0,0,0,0.0,3.4384,nan,edge/x86_64,,3.12.3,2026-10-09T18:44:41Z
85,RSA-2048,classical,,decapsulate,1.7765,0.0,0.0,0.0,294,1217,256,0,0,0,0,0.0,26.6473,nan,edge/x86_64,,3.12.3,2026-10-09T18:44:41Z
86,RSA-2048,classical,,keygen,52.0947,0.0,0.0,0.0,294,1216,0,0,0,0,0,0.0,781.421,nan,edge/x86_64,,3.12.3,2026-10-09T18:44:41Z
86,RSA-2048,classical,,encapsulate,0.4156,0.0,0.0,0.0,294,1216,256,0,0,0,0,0.0,6.2345,nan,edge/x86_64,,3.12.3,2026-10-09T18:44:41Z
86,RSA-2048,classical,,decapsulate,1.7727,0.0,0.0,0.0,294,1216,256,0,0,0,0,0.0,26.5905,nan,edge/x86_64,,3.12.3,2026-10-09T18:44:41Z
87,RSA-2048,classical,,keygen,18.4442,0.0,0.0,0.0,294,1217,0,0,0,0,0,0.0,276.6623,nan,edge/x86_64,,3.12.3,2026-10-09T18:44:41Z
87,RSA-2048,classical,,encapsulate,0.1752,0.0,0.0,0.0,294,1217,256,0,0,0,0,0.0,2.6278,nan,edge/x86_64,,3.12.3,2026-10-09T18:44:41Z
87,RSA-2048,classical,,decapsulate,4.8076,0.0,0.0,0.0,294,1217,256,0,0,0,0,0.0,72.1138,nan,edge/x86_64,,3.12.3,2026-10-09T18:44:41Z
88,RSA-2048,classical,,keygen,48.4185,0.0,0.0,0.0,294,1217,0,0,0,0,0,0.0,726.2781,nan,edge/x86_64,,3.12.3,2026-10-09T18:44:41Z
88,RSA-2048,classical,,encapsulate,0.1327,0.0,0.0,0.0,294,1217,256,0,0,0,0,0.0,1.991,nan,edge/x86_64,,3.12.3,2026-10-09T18:44:41Z
88,RSA-2048,classical,,decapsulate,1.7134,0.0,0.0,0.0,294,1217,256,0,0,0,0,0.0,25.7005,nan,edge/x86_64,,3.12.3,2026-10-09T18:44:41Z
89,RSA-2048,classical,,keygen,56.51,0.0,0.0,0.0,294,1217,0,0,0,0,0,0.0,847.6493,nan,edge/x86_64,,3.12.3,2026-10-09T18:44:41Z
89,RSA-2048,classical,,encapsulate,0.1369,0.0,0.0,0.0,294,1217,256,0,0,0,0,0.0,2.0531,nan,edge/x86_64,,3.12.3,2026-10-09T18:44:41Z
89,RSA-2048,classical,,decapsulate,1.53,0.0,0.0,0.0,294,1217,256,0,0,0,0,0.0,22.9494,nan,edge/x86_64,,3.12.3,2026-10-09T18:44:41Z
90,RSA-2048,classical,,keygen,55.181,0.0,0.0,0.0,294,1217,0,0,0,0,0,0.0,827.7157,nan,edge/x86_64,,3.12.3,2026-10-09T18:44:41Z
90,RSA-2048,classical,,encapsulate,0.1914,0.0,0.0,0.0,294,1217,256,0,0,0,0,0.0,2.8707,nan,edge/x86_64,,3.12.3,2026-10-09T18:44:41Z
90,RSA-2048,classical,,decapsulate,1.6419,0.0,0.0,0.0,294,1217,256,0,0,0,0,0.0,24.6292,nan,edge/x86_64,,3.12.3,2026-10-09T18:44:41Z
91,RSA-2048,classical,,keygen,70.3488,0.0,0.0,0.0,294,1216,0,0,0,0,0,0.0,1055.2314,nan,edge/x86_64,,3.12.3,2026-10-09T18:44:41Z
91,RSA-2048,classical,,encapsulate,0.2028,0.0,0.0,0.0,294,1216,256,0,0,0,0,0.0,3.0424,nan,edge/x86_64,,3.12.3,2026-10-09T18:44:41Z
91,RSA-2048,classical,,decapsulate,1.3874,0.0,0.0,0.0,294,1216,256,0,0,0,0,0.0,20.8107,nan,edge/x86_64,,3.12.3,2026-10-09T18:44:41Z
92,RSA-2048,classical,,keygen,44.7421,0.0,0.0,0.0,294,1218,0,0,0,0,0,0.0,671.1315,nan,edge/x86_64,,3.12.3,2026-10-09T18:44:41Z
92,RSA-2048,classical,,encapsulate,0.183,0.0,0.0,0.0,294,1218,256,0,0,0,0,0.0,2.7457,nan,edge/x86_64,,3.12.3,2026-10-09T18:44:41Z
92,RSA-2048,classical,,decapsulate,1.7169,0.0,0.0,0.0,294,1218,256,0,0,0,0,0.0,25.7531,nan,edge/x86_64,,3.12.3,2026-10-09T18:44:41Z
93,RSA-2048,classical,,keygen,68.8597,0.0,0.0,0.0,294,1218,0,0,0,0,0,0.0,1032.8962,nan,edge/x86_64,,3.12.3,2026-10-09T18:44:41Z
93,RSA-2048,classical,,encapsulate,0.1846,0.0,0.0,0.0,294,1218,256,0,0,0,0,0.0,2.7694,nan,edge/x86_64,,3.12.3,2026-10-09T18:44:41Z
93,RSA-2048,classical,,decapsulate,1.9143,0.0,0.0,0.0,294,1218,256,0,0,0,0,0.0,28.7144,nan,edge/x86_64,,3.12.3,2026-10-09T18:44:41Z
94,RSA-2048,classical,,keygen,36.6356,0.0,0.0,0.0,294,1216,0,0,0,0,0,0.0,549.5342,nan,edge/x86_64,,3.12.3,2026-10-09T18:44:41Z
94,RSA-2048,classical,,encapsulate,0.1173,0.0,0.0,0.0,294,1216,256,0,0,0,0,0.0,1.759,nan,edge/x86_64,,3.12.3,2026-10-09T18:44:41Z
94,RSA-2048,classical,,decapsulate,0.8452,0.0,0.0,0.0,294,1216,256,0,0,0,0,0.0,12.6783,nan,edge/x86_64,,3.12.3,2026-10-09T18:44:41Z
95,RSA-2048,classical,,keygen,62.5212,0.0,0.0,0.0,294,1216,0,0,0,0,0,0.0,937.8174,nan,edge/x86_64,,3.12.3,2026-10-09T18:44:41Z
95,RSA-2048,classical,,encapsulate,0.1691,0.0,0.0,0.0,294,1216,256,0,0,0,0,0.0,2.5362,nan,edge/x86_64,,3.12.3,2026-10-09T18:44:41Z
95,RSA-2048,classical,,decapsulate,2.0228,0.0,0.0,0.0,294,1216,256,0,0,0,0,0.0,30.3416,nan,edge/x86_64,,3.12.3,2026-10-09T18:44:41Z
96,RSA-2048,classical,,keygen,82.3985,0.0,0.0,0.0,294,1218,0,0,0,0,0,0.0,1235.9778,nan,edge/x86_64,,3.12.3,2026-10-09T18:44:41Z
96,RSA-2048,classical,,encapsulate,0.0912,0.0,0.0,0.0,294,1218,256,0,0,0,0,0.0,1.3686,nan,edge/x86_64,,3.12.3,2026-10-09T18:44:41Z
96,RSA-2048,classical,,decapsulate,0.8478,0.0,0.0,0.0,294,1218,256,0,0,0,0,0.0,12.7169,nan,edge/x86_64,,3.12.3,2026-10-09T18:44:41Z
97,RSA-2048,classical,,keygen,42.3262,0.0,0.0,0.0,294,1219,0,0,0,0,0,0.0,634.8935,nan,edge/x86_64,,3.12.3,2026-10-09T18:44:41Z
97,RSA-2048,classical,,encapsulate,0.1819,0.0,0.0,0.0,294,1219,256,0,0,0,0,0.0,2.7285,nan,edge/x86_64,,3.12.3,2026-10-09T18:44:41Z
97,RSA-2048,classical,,decapsulate,1.5584,0.0,0.0,0.0,294,1219,256,0,0,0,0,0.0,23.3767,nan,edge/x86_64,,3.12.3,2026-10-09T18:44:41Z
98,RSA-2048,classical,,keygen,126.1367,0.0,0.0,0.0,294,1217,0,0,0,0,0,0.0,1892.051,nan,edge/x86_64,,3.12.3,2026-10-09T18:44:41Z
98,RSA-2048,classical,,encapsulate,0.1797,0.0,0.0,0.0,294,1217,256,0,0,0,0,0.0,2.6954,nan,edge/x86_64,,3.12.3,2026-10-09T18:44:41Z
98,RSA-2048,classical,,decapsulate,1.6928,0.0,0.0,0.0,294,1217,256,0,0,0,0,0.0,25.3917,nan,edge/x86_64,,3.12.3,2026-10-09T18:44:41Z
99,RSA-2048,classical,,keygen,62.113,0.0,0.0,0.0,294,1217,0,0,0,0,0,0.0,931.6951,nan,edge/x86_64,,3.12.3,2026-10-09T18:44:41Z
99,RSA-2048,classical,,encapsulate,0.1503,0.0,0.0,0.0,294,1217,256,0,0,0,0,0.0,2.2539,nan,edge/x86_64,,3.12.3,2026-10-09T18:44:41Z
99,RSA-2048,classical,,decapsulate,0.9439,0.0,0.0,0.0,294,1217,256,0,0,0,0,0.0,14.1579,nan,edge/x86_64,,3.12.3,2026-10-09T18:44:41Z
100,RSA-2048,classical,,keygen,80.605,0.0,0.0,0.0,294,1217,0,0,0,0,0,0.0,1209.0754,nan,edge/x86_64,,3.12.3,2026-10-09T18:44:41Z
100,RSA-2048,classical,,encapsulate,0.1107,0.0,0.0,0.0,294,1217,256,0,0,0,0,0.0,1.6607,nan,edge/x86_64,,3.12.3,2026-10-09T18:44:41Z
100,RSA-2048,classical,,decapsulate,0.939,0.0,0.0,0.0,294,1217,256,0,0,0,0,0.0,14.0857,nan,edge/x86_64,,3.12.3,2026-10-09T18:44:41Z
101,RSA-2048,classical,,keygen,18.2117,0.0,0.0,0.0,294,1218,0,0,0,0,0,0.0,273.1761,nan,edge/x86_64,,3.12.3,2026-10-09T18:44:41Z
101,RSA-2048,classical,,encapsulate,0.0918,0.0,0.0,0.0,294,1218,256,0,0,0,0,0.0,1.3763,nan,edge/x86_64,,3.12.3,2026-10-09T18:44:41Z
101,RSA-2048,classical,,decapsulate,1.0861,0.0,0.0,0.0,294,1218,256,0,0,0,0,0.0,16.2914,nan,edge/x86_64,,3.12.3,2026-10-09T18:44:41Z
102,RSA-2048,classical,,keygen,39.1591,0.0,0.0,0.0,294,1218,0,0,0,0,0,0.0,587.387,nan,edge/x86_64,,3.12.3,2026-10-09T18:44:41Z
102,RSA-2048,classical,,encapsulate,0.0914,0.0,0.0,0.0,294,1218,256,0,0,0,0,0.0,1.3706,nan,edge/x86_64,,3.12.3,2026-10-09T18:44:41Z
102,RSA-2048,classical,,decapsulate,0.8911,0.0,0.0,0.0,294,1218,256,0,0,0,0,0.0,13.367,nan,edge/x86_64,,3.12.3,2026-10-09T18:44:41Z
103,RSA-2048,classical,,keygen,26.2371,0.0,0.0,0.0,294,1217,0,0,0,0,0,0.0,393.5571,nan,edge/x86_64,,3.12.3,2026-10-09T18:44:41Z
103,RSA-2048,classical,,encapsulate,0.106,0.0,0.0,0.0,294,1217,256,0,0,0,0,0.0,1.5896,nan,edge/x86_64,,3.12.3,2026-10-09T18:44:41Z
103,RSA-2048,classical,,decapsulate,0.8944,0.0,0.0,0.0,294,1217,256,0,0,0,0,0.0,13.4161,nan,edge/x86_64,,3.12.3,2026-10-09T18:44:41Z
104,RSA-2048,classical,,keygen,64.9358,0.0,0.0,0.0,294,1217,0,0,0,0,0,0.0,974.0367,nan,edge/x86_64,,3.12.3,2026-10-09T18:44:41Z
104,RSA-2048,classical,,encapsulate,0.1512,0.0,0.0,0.0,294,1217,256,0,0,0,0,0.0,2.2673,nan,edge/x86_64,,3.12.3,2026-10-09T18:44:41Z
104,RSA-2048,classical,,decapsulate,1.7005,0.0,0.0,0.0,294,1217,256,0,0,0,0,0.0,25.5077,nan,edge/x86_64,,3.12.3,2026-10-09T18:44:41Z
105,RSA-2048,classical,,keygen,32.5155,0.0,0.0,0.0,294,1217,0,0,0,0,0,0.0,487.7329,nan,edge/x86_64,,3.12.3,2026-10-09T18:44:41Z
105,RSA-2048,classical,,encapsulate,0.15,0.0,0.0,0.0,294,1217,256,0,0,0,0,0.0,2.2504,nan,edge/x86_64,,3.12.3,2026-10-09T18:44:41Z
105,RSA-2048,classical,,decapsulate,0.8804,0.0,0.0,0.0,294,1217,256,0,0,0,0,0.0,13.2057,nan,edge/x86_64,,3.12.3,2026-10-09T18:44:41Z
106,RSA-2048,classical,,keygen,130.9542,0.0,0.0,0.0,294,1216,0,0,0,0,0,0.0,1964.3131,nan,edge/x86_64,,3.12.3,2026-10-09T18:44:41Z
106,RSA-2048,classical,,encapsulate,0.1581,0.0,0.0,0.0,294,1216,256,0,0,0,0,0.0,2.3708,nan,edge/x86_64,,3.12.3,2026-10-09T18:44:41Z
106,RSA-2048,classical,,decapsulate,1.7721,0.0,0.0,0.0,294,1216,256,0,0,0,0,0.0,26.582,nan,edge/x86_64,,3.12.3,2026-10-09T18:44:41Z
107,RSA-2048,classical,,keygen,19.4149,0.0,0.0,0.0,294,1217,0,0,0,0,0,0.0,291.2229,nan,edge/x86_64,,3.12.3,2026-10-09T18:44:41Z
107,RSA-2048,classical,,encapsulate,0.3265,0.0,0.0,0.0,294,1217,256,0,0,0,0,0.0,4.8975,nan,edge/x86_64,,3.12.3,2026-10-09T18:44:41Z
107,RSA-2048,classical,,decapsulate,1.7308,0.0,0.0,0.0,294,1217,256,0,0,0,0,0.0,25.9621,nan,edge/x86_64,,3.12.3,2026-10-09T18:44:41Z
108,RSA-2048,classical,,keygen,79.5131,0.0,0.0,0.0,294,1217,0,0,0,0,0,0.0,1192.697,nan,edge/x86_64,,3.12.3,2026-10-09T18:44:41Z
108,RSA-2048,classical,,encapsulate,0.2816,0.0,0.0,0.0,294,1217,256,0,0,0,0,0.0,4.2234,nan,edge/x86_64,,3.12.3,2026-10-09T18:44:41Z
108,RSA-2048,classical,,decapsulate,1.8116,0.0,0.0,0.0,294,1217,256,0,0,0,0,0.0,27.1735,nan,edge/x86_64,,3.12.3,2026-10-09T18:44:41Z
109,RSA-2048,classical,,keygen,152.0294,0.0,0.0,0.0,294,1216,0,0,0,0,0,0.0,2280.4412,nan,edge/x86_64,,3.12.3,2026-10-09T18:44:41Z
109,RSA-2048,classical,,encapsulate,0.1124,0.0,0.0,0.0,294,1216,256,0,0,0,0,0.0,1.6862,nan,edge/x86_64,,3.12.3,2026-10-09T18:44:41Z
109,RSA-2048,classical,,decapsulate,0.9559,0.0,0.0,0.0,294,1216,256,0,0,0,0,0.0,14.3384,nan,edge/x86_64,,3.12.3,2026-10-09T18:44:41Z
110,RSA-2048,classical,,keygen,15.3701,0.0,0.0,0.0,294,1216,0,0,0,0,0,0.0,230.5516,nan,edge/x86_64,,3.12.3,2026-10-09T18:44:41Z
110,RSA-2048,classical,,encapsulate,0.0788,0.0,0.0,0.0,294,1216,256,0,0,0,0,0.0,1.1827,nan,edge/x86_64,,3.12.3,2026-10-09T18:44:41Z
110,RSA-2048,classical,,decapsulate,0.8301,0.0,0.0,0.0,294,1216,256,0,0,0,0,0.0,12.4508,nan,edge/x86_64,,3.12.3,2026-10-09T18:44:41Z
111,RSA-2048,classical,,keygen,64.9547,0.0,0.0,0.0,294,1217,0,0,0,0,0,0.0,974.3201,nan,edge/x86_64,,3.12.3,2026-10-09T18:44:41Z
111,RSA-2048,classical,,encapsulate,0.145,0.0,0.0,0.0,294,1217,256,0,0,0,0,0.0,2.1752,nan,edge/x86_64,,3.12.3,2026-10-09T18:44:41Z
111,RSA-2048,classical,,decapsulate,1.7691,0.0,0.0,0.0,294,1217,256,0,0,0,0,0.0,26.5359,nan,edge/x86_64,,3.12.3,2026-10-09T18:44:41Z
112,RSA-2048,classical,,keygen,34.3851,0.0,0.0,0.0,294,1217,0,0,0,0,0,0.0,515.7769,nan,edge/x86_64,,3.12.3,2026-10-09T18:44:41Z
112,RSA-2048,classical,,encapsulate,0.3086,0.0,0.0,0.0,294,1217,256,0,0,0,0,0.0,4.6293,nan,edge/x86_64,,3.12.3,2026-10-09T18:44:41Z
112,RSA-2048,classical,,decapsulate,1.6916,0.0,0.0,0.0,294,1217,256,0,0,0,0,0.0,25.3741,nan,edge/x86_64,,3.12.3,2026-10-09T18:44:41Z
113,RSA-2048,classical,,keygen,101.2334,0.0,0.0,0.0,294,1216,0,0,0,0,0,0.0,1518.5017,nan,edge/x86_64,,3.12.3,2026-10-09T18:44:41Z
113,RSA-2048,classical,,encapsulate,0.164,0.0,0.0,0.0,294,1216,256,0,0,0,0,0.0,2.4602,nan,edge/x86_64,,3.12.3,2026-10-09T18:44:41Z
113,RSA-2048,classical,,decapsulate,0.925,0.0,0.0,0.0,294,1216,256,0,0,0,0,0.0,13.8756,nan,edge/x86_64,,3.12.3,2026-10-09T18:44:41Z
114,RSA-2048,classical,,keygen,26.5147,0.0,0.0,0.0,294,1219,0,0,0,0,0,0.0,397.7201,nan,edge/x86_64,,3.12.3,2026-10-09T18:44:41Z
114,RSA-2048,classical,,encapsulate,0.1569,0.0,0.0,0.0,294,1219,256,0,0,0,0,0.0,2.3535,nan,edge/x86_64,,3.12.3,2026-10-09T18:44:41Z
114,RSA-2048,classical,,decapsulate,1.3493,0.0,0.0,0.0,294,1219,256,0,0,0,0,0.0,20.2394,nan,edge/x86_64,,3.12.3,2026-10-09T18:44:41Z
115,RSA-2048,classical,,keygen,33.8935,0.0,0.0,0.0,294,1218,0,0,0,0,0,0.0,508.4025,nan,edge/x86_64,,3.12.3,2026-10-09T18:44:41Z
115,RSA-2048,classical,,encapsulate,0.4127,0.0,0.0,0.0,294,1218,256,0,0,0,0,0.0,6.1909,nan,edge/x86_64,,3.12.3,2026-10-09T18:44:41Z
115,RSA-2048,classical,,decapsulate,1.8013,0.0,0.0,0.0,294,1218,256,0,0,0,0,0.0,27.0195,nan,edge/x86_64,,3.12.3,2026-10-09T18:44:41Z
116,RSA-2048,classical,,keygen,110.4742,0.0,0.0,0.0,294,1215,0,0,0,0,0,0.0,1657.1134,nan,edge/x86_64,,3.12.3,2026-10-09T18:44:41Z
116,RSA-2048,classical,,encapsulate,0.1933,0.0,0.0,0.0,294,1215,256,0,0,0,0,0.0,2.8992,nan,edge/x86_64,,3.12.3,2026-10-09T18:44:41Z
116,RSA-2048,classical,,decapsulate,1.7341,0.0,0.0,0.0,294,1215,256,0,0,0,0,0.0,26.0116,nan,edge/x86_64,,3.12.3,2026-10-09T18:44:41Z
117,RSA-2048,classical,,keygen,81.2528,0.0,0.0,0.0,294,1218,0,0,0,0,0,0.0,1218.7916,nan,edge/x86_64,,3.12.3,2026-10-09T18:44:41Z
117,RSA-2048,classical,,encapsulate,0.2171,0.0,0.0,0.0,294,1218,256,0,0,0,0,0.0,3.2562,nan,edge/x86_64,,3.12.3,2026-10-09T18:44:41Z
117,RSA-2048,classical,,decapsulate,1.9201,0.0,0.0,0.0,294,1218,256,0,0,0,0,0.0,28.8022,nan,edge/x86_64,,3.12.3,2026-10-09T18:44:41Z
118,RSA-2048,classical,,keygen,76.0084,0.0,0.0,0.0,294,1218,0,0,0,0,0,0.0,1140.1259,nan,edge/x86_64,,3.12.3,2026-10-09T18:44:41Z
118,RSA-2048,classical,,encapsulate,0.0909,0.0,0.0,0.0,294,1218,256,0,0,0,0,0.0,1.3636,nan,edge/x86_64,,3.12.3,2026-10-09T18:44:41Z
118,RSA-2048,classical,,decapsulate,0.8689,0.0,0.0,0.0,294,1218,256,0,0,0,0,0.0,13.0331,nan,edge/x86_64,,3.12.3,2026-10-09T18:44:41Z
119,RSA-2048,classical,,keygen,69.1029,0.0,0.0,0.0,294,1217,0,0,0,0,0,0.0,1036.5438,nan,edge/x86_64,,3.12.3,2026-10-09T18:44:41Z
119,RSA-2048,classical,,encapsulate,0.0918,0.0,0.0,0.0,294,1217,256,0,0,0,0,0.0,1.3775,nan,edge/x86_64,,3.12.3,2026-10-09T18:44:41Z
119,RSA-2048,classical,,decapsulate,1.4807,0.0,0.0,0.0,294,1217,256,0,0,0,0,0.0,22.2103,nan,edge/x86_64,,3.12.3,2026-10-09T18:44:41Z
120,RSA-2048,classical,,keygen,86.3672,0.0,0.0,0.0,294,1218,0,0,0,0,0,0.0,1295.5082,nan,edge/x86_64,,3.12.3,2026-10-09T18:44:41Z
120,RSA-2048,classical,,encapsulate,0.2476,0.0,0.0,0.0,294,1218,256,0,0,0,0,0.0,3.7144,nan,edge/x86_64,,3.12.3,2026-10-09T18:44:41Z
120,RSA-2048,classical,,decapsulate,1.7214,0.0,0.0,0.0,294,1218,256,0,0,0,0,0.0,25.8209,nan,edge/x86_64,,3.12.3,2026-10-09T18:44:41Z
121,RSA-2048,classical,,keygen,85.1513,0.0,0.0,0.0,294,1218,0,0,0,0,0,0.0,1277.2692,nan,edge/x86_64,,3.12.3,2026-10-09T18:44:41Z
121,RSA-2048,classical,,encapsulate,0.2283,0.0,0.0,0.0,294,1218,256,0,0,0,0,0.0,3.4251,nan,edge/x86_64,,3.12.3,2026-10-09T18:44:41Z
121,RSA-2048,classical,,decapsulate,1.9005,0.0,0.0,0.0,294,1218,256,0,0,0,0,0.0,28.507,nan,edge/x86_64,,3.12.3,2026-10-09T18:44:41Z
122,RSA-2048,classical,,keygen,33.0478,0.0,0.0,0.0,294,1219,0,0,0,0,0,0.0,495.7177,nan,edge/x86_64,,3.12.3,2026-10-09T18:44:41Z
122,RSA-2048,classical,,encapsulate,0.0932,0.0,0.0,0.0,294,1219,256,0,0,0,0,0.0,1.3981,nan,edge/x86_64,,3.12.3,2026-10-09T18:44:41Z
122,RSA-2048,classical,,decapsulate,0.8842,0.0,0.0,0.0,294,1219,256,0,0,0,0,0.0,13.2623,nan,edge/x86_64,,3.12.3,2026-10-09T18:44:41Z
123,RSA-2048,classical,,keygen,48.5621,0.0,0.0,0.0,294,1216,0,0,0,0,0,0.0,728.4311,nan,edge/x86_64,,3.12.3,2026-10-09T18:44:41Z
123,RSA-2048,classical,,encapsulate,0.1472,0.0,0.0,0.0,294,1216,256,0,0,0,0,0.0,2.2079,nan,edge/x86_64,,3.12.3,2026-10-09T18:44:41Z
123,RSA-2048,classical,,decapsulate,0.9373,0.0,0.0,0.0,294,1216,256,0,0,0,0,0.0,14.0597,nan,edge/x86_64,,3.12.3,2026-10-09T18:44:41Z
124,RSA-2048,classical,,keygen,69.1848,0.0,0.0,0.0,294,1218,0,0,0,0,0,0.0,1037.7726,nan,edge/x86_64,,3.12.3,2026-10-09T18:44:41Z
124,RSA-2048,classical,,encapsulate,0.1463,0.0,0.0,0.0,294,1218,256,0,0,0,0,0.0,2.1949,nan,edge/x86_64,,3.12.3,2026-10-09T18:44:41Z
124,RSA-2048,classical,,decapsulate,1.7514,0.0,0.0,0.0,294,1218,256,0,0,0,0,0.0,26.2715,nan,edge/x86_64,,3.12.3,2026-10-09T18:44:41Z
125,RSA-2048,classical,,keygen,40.1348,0.0,0.0,0.0,294,1217,0,0,0,0,0,0.0,602.0223,nan,edge/x86_64,,3.12.3,2026-10-09T18:44:41Z
125,RSA-2048,classical,,encapsulate,0.1365,0.0,0.0,0.0,294,1217,256,0,0,0,0,0.0,2.0482,nan,edge/x86_64,,3.12.3,2026-10-09T18:44:41Z
125,RSA-2048,classical,,decapsulate,1.9155,0.0,0.0,0.0,294,1217,256,0,0,0,0,0.0,28.7328,nan,edge/x86_64,,3.12.3,2026-10-09T18:44:41Z
126,RSA-2048,classical,,keygen,86.5148,0.0,0.0,0.0,294,1217,0,0,0,0,0,0.0,1297.7226,nan,edge/x86_64,,3.12.3,2026-10-09T18:44:41Z
126,RSA-2048,classical,,encapsulate,0.0883,0.0,0.0,0.0,294,1217,256,0,0,0,0,0.0,1.3238,nan,edge/x86_64,,3.12.3,2026-10-09T18:44:41Z
126,RSA-2048,classical,,decapsulate,0.8362,0.0,0.0,0.0,294,1217,256,0,0,0,0,0.0,12.5436,nan,edge/x86_64,,3.12.3,2026-10-09T18:44:41Z
127,RSA-2048,classical,,keygen,68.9644,0.0,0.0,0.0,294,1217,0,0,0,0,0,0.0,1034.466,nan,edge/x86_64,,3.12.3,2026-10-09T18:44:41Z
127,RSA-2048,classical,,encapsulate,0.271,0.0,0.0,0.0,294,1217,256,0,0,0,0,0.0,4.0653,nan,edge/x86_64,,3.12.3,2026-10-09T18:44:41Z
127,RSA-2048,classical,,decapsulate,1.5788,0.0,0.0,0.0,294,1217,256,0,0,0,0,0.0,23.6826,nan,edge/x86_64,,3.12.3,2026-10-09T18:44:41Z
128,RSA-2048,classical,,keygen,143.4936,0.0,0.0,0.0,294,1217,0,0,0,0,0,0.0,2152.4038,nan,edge/x86_64,,3.12.3,2026-10-09T18:44:41Z
128,RSA-2048,classical,,encapsulate,0.2542,0.0,0.0,0.0,294,1217,256,0,0,0,0,0.0,3.8131,nan,edge/x86_64,,3.12.3,2026-10-09T18:44:41Z
128,RSA-2048,classical,,decapsulate,1.586,0.0,0.0,0.0,294,1217,256,0,0,0,0,0.0,23.7895,nan,edge/x86_64,,3.12.3,2026-10-09T18:44:41Z
129,RSA-2048,classical,,keygen,66.4069,0.0,0.0,0.0,294,1217,0,0,0,0,0,0.0,996.1031,nan,edge/x86_64,,3.12.3,2026-10-09T18:44:41Z
129,RSA-2048,classical,,encapsulate,0.1589,0.0,0.0,0.0,294,1217,256,0,0,0,0,0.0,2.3829,nan,edge/x86_64,,3.12.3,2026-10-09T18:44:41Z
129,RSA-2048,classical,,decapsulate,1.8031,0.0,0.0,0.0,294,1217,256,0,0,0,0,0.0,27.047,nan,edge/x86_64,,3.12.3,2026-10-09T18:44:41Z
130,RSA-2048,classical,,keygen,55.6771,0.0,0.0,0.0,294,1217,0,0,0,0,0,0.0,835.1559,nan,edge/x86_64,,3.12.3,2026-10-09T18:44:41Z
130,RSA-2048,classical,,encapsulate,0.1971,0.0,0.0,0.0,294,1217,256,0,0,0,0,0.0,2.9561,nan,edge/x86_64,,3.12.3,2026-10-09T18:44:41Z
130,RSA-2048,classical,,decapsulate,1.7231,0.0,0.0,0.0,294,1217,256,0,0,0,0,0.0,25.8468,nan,edge/x86_64,,3.12.3,2026-10-09T18:44:41Z
131,RSA-2048,classical,,keygen,44.1775,0.0,0.0,0.0,294,1219,0,0,0,0,0,0.0,662.6619,nan,edge/x86_64,,3.12.3,2026-10-09T18:44:41Z
131,RSA-2048,classical,,encapsulate,0.3294,0.0,0.0,0.0,294,1219,256,0,0,0,0,0.0,4.9405,nan,edge/x86_64,,3.12.3,2026-10-09T18:44:41Z
131,RSA-2048,classical,,decapsulate,1.6037,0.0,0.0,0.0,294,1219,256,0,0,0,0,0.0,24.0561,nan,edge/x86_64,,3.12.3,2026-10-09T18:44:41Z
132,RSA-2048,classical,,keygen,176.1329,0.0,0.0,0.0,294,1216,0,0,0,0,0,0.0,2641.9938,nan,edge/x86_64,,3.12.3,2026-10-09T18:44:41Z
132,RSA-2048,classical,,encapsulate,0.1287,0.0,0.0,0.0,294,1216,256,0,0,0,0,0.0,1.9312,nan,edge/x86_64,,3.12.3,2026-10-09T18:44:41Z
132,RSA-2048,classical,,decapsulate,0.9522,0.0,0.0,0.0,294,1216,256,0,0,0,0,0.0,14.2828,nan,edge/x86_64,,3.12.3,2026-10-09T18:44:41Z
133,RSA-2048,classical,,keygen,66.8434,0.0,0.0,0.0,294,1215,0,0,0,0,0,0.0,1002.6514,nan,edge/x86_64,,3.12.3,2026-10-09T18:44:41Z
133,RSA-2048,classical,,encapsulate,0.1141,0.0,0.0,0.0,294,1215,256,0,0,0,0,0.0,1.7116,nan,edge/x86_64,,3.12.3,2026-10-09T18:44:41Z
133,RSA-2048,classical,,decapsulate,0.8491,0.0,0.0,0.0,294,1215,256,0,0,0,0,0.0,12.7359,nan,edge/x86_64,,3.12.3,2026-10-09T18:44:41Z
134,RSA-2048,classical,,keygen,79.3987,0.0,0.0,0.0,294,1218,0,0,0,0,0,0.0,1190.9809,nan,edge/x86_64,,3.12.3,2026-10-09T18:44:41Z
134,RSA-2048,classical,,encapsulate,0.1173,0.0,0.0,0.0,294,1218,256,0,0,0,0,0.0,1.7592,nan,edge/x86_64,,3.12.3,2026-10-09T18:44:41Z
134,RSA-2048,classical,,decapsulate,1.2005,0.0,0.0,0.0,294,1218,256,0,0,0,0,0.0,18.0078,nan,edge/x86_64,,3.12.3,2026-10-09T18:44:41Z
135,RSA-2048,classical,,keygen,82.1986,0.0,0.0,0.0,294,1219,0,0,0,0,0,0.0,1232.9789,nan,edge/x86_64,,3.12.3,2026-10-09T18:44:41Z
135,RSA-2048,classical,,encapsulate,0.1961,0.0,0.0,0.0,294,1219,256,0,0,0,0,0.0,2.9411,nan,edge/x86_64,,3.12.3,2026-10-09T18:44:41Z
135,RSA-2048,classical,,decapsulate,1.0256,0.0,0.0,0.0,294,1219,256,0,0,0,0,0.0,15.384,nan,edge/x86_64,,3.12.3,2026-10-09T18:44:41Z
136,RSA-2048,classical,,keygen,59.2515,0.0,0.0,0.0,294,1216,0,0,0,0,0,0.0,888.7726,nan,edge/x86_64,,3.12.3,2026-10-09T18:44:41Z
136,RSA-2048,classical,,encapsulate,0.2877,0.0,0.0,0.0,294,1216,256,0,0,0,0,0.0,4.3152,nan,edge/x86_64,,3.12.3,2026-10-09T18:44:41Z
136,RSA-2048,classical,,decapsulate,0.9546,0.0,0.0,0.0,294,1216,256,0,0,0,0,0.0,14.3187,nan,edge/x86_64,,3.12.3,2026-10-09T18:44:41Z
137,RSA-2048,classical,,keygen,105.0178,0.0,0.0,0.0,294,1218,0,0,0,0,0,0.0,1575.2667,nan,edge/x86_64,,3.12.3,2026-10-09T18:44:41Z
137,RSA-2048,classical,,encapsulate,0.1593,0.0,0.0,0.0,294,1218,256,0,0,0,0,0.0,2.3896,nan,edge/x86_64,,3.12.3,2026-10-09T18:44:41Z
137,RSA-2048,classical,,decapsulate,1.7881,0.0,0.0,0.0,294,1218,256,0,0,0,0,0.0,26.8221,nan,edge/x86_64,,3.12.3,2026-10-09T18:44:41Z
138,RSA-2048,classical,,keygen,29.4035,0.0,0.0,0.0,294,1217,0,0,0,0,0,0.0,441.0518,nan,edge/x86_64,,3.12.3,2026-10-09T18:44:41Z
138,RSA-2048,classical,,encapsulate,0.1847,0.0,0.0,0.0,294,1217,256,0,0,0,0,0.0,2.7705,nan,edge/x86_64,,3.12.3,2026-10-09T18:44:41Z
138,RSA-2048,classical,,decapsulate,1.4834,0.0,0.0,0.0,294,1217,256,0,0,0,0,0.0,22.2508,nan,edge/x86_64,,3.12.3,2026-10-09T18:44:41Z
139,RSA-2048,classical,,keygen,73.3425,0.0,0.0,0.0,294,1216,0,0,0,0,0,0.0,1100.1372,nan,edge/x86_64,,3.12.3,2026-10-09T18:44:41Z
139,RSA-2048,classical,,encapsulate,0.499,0.0,0.0,0.0,294,1216,256,0,0,0,0,0.0,7.4848,nan,edge/x86_64,,3.12.3,2026-10-09T18:44:41Z
139,RSA-2048,classical,,decapsulate,1.6815,0.0,0.0,0.0,294,1216,256,0,0,0,0,0.0,25.2226,nan,edge/x86_64,,3.12.3,2026-10-09T18:44:41Z
140,RSA-2048,classical,,keygen,69.5926,0.0,0.0,0.0,294,1218,0,0,0,0,0,0.0,1043.8886,nan,edge/x86_64,,3.12.3,2026-10-09T18:44:41Z
140,RSA-2048,classical,,encapsulate,0.1738,0.0,0.0,0.0,294,1218,256,0,0,0,0,0.0,2.6064,nan,edge/x86_64,,3.12.3,2026-10-09T18:44:41Z
140,RSA-2048,classical,,decapsulate,1.7893,0.0,0.0,0.0,294,1218,256,0,0,0,0,0.0,26.8394,nan,edge/x86_64,,3.12.3,2026-10-09T18:44:41Z
141,RSA-2048,classical,,keygen,124.5838,0.0,0.0,0.0,294,1216,0,0,0,0,0,0.0,1868.757,nan,edge/x86_64,,3.12.3,2026-10-09T18:44:41Z
141,RSA-2048,classical,,encapsulate,0.2269,0.0,0.0,0.0,294,1216,256,0,0,0,0,0.0,3.4035,nan,edge/x86_64,,3.12.3,2026-10-09T18:44:41Z
141,RSA-2048,classical,,decapsulate,1.7829,0.0,0.0,0.0,294,1216,256,0,0,0,0,0.0,26.743,nan,edge/x86_64,,3.12.3,2026-10-09T18:44:41Z
142,RSA-2048,classical,,keygen,57.8236,0.0,0.0,0.0,294,1217,0,0,0,0,0,0.0,867.3543,nan,edge/x86_64,,3.12.3,2026-10-09T18:44:41Z
142,RSA-2048,classical,,encapsulate,0.1649,0.0,0.0,0.0,294,1217,256,0,0,0,0,0.0,2.473,nan,edge/x86_64,,3.12.3,2026-10-09T18:44:41Z
142,RSA-2048,classical,,decapsulate,1.6561,0.0,0.0,0.0,294,1217,256,0,0,0,0,0.0,24.8408,nan,edge/x86_64,,3.12.3,2026-10-09T18:44:41Z
143,RSA-2048,classical,,keygen,21.7329,0.0,0.0,0.0,294,1217,0,0,0,0,0,0.0,325.9931,nan,edge/x86_64,,3.12.3,2026-10-09T18:44:41Z
143,RSA-2048,classical,,encapsulate,0.1307,0.0,0.0,0.0,294,1217,256,0,0,0,0,0.0,1.9605,nan,edge/x86_64,,3.12.3,2026-10-09T18:44:41Z
143,RSA-2048,classical,,decapsulate,1.7189,0.0,0.0,0.0,294,1217,256,0,0,0,0,0.0,25.7835,nan,edge/x86_64,,3.12.3,2026-10-09T18:44:41Z
144,RSA-2048,classical,,keygen,86.7111,0.0,0.0,0.0,294,1217,0,0,0,0,0,0.0,1300.6664,nan,edge/x86_64,,3.12.3,2026-10-09T18:44:41Z
144,RSA-2048,classical,,encapsulate,0.1662,0.0,0.0,0.0,294,1217,256,0,0,0,0,0.0,2.4934,nan,edge/x86_64,,3.12.3,2026-10-09T18:44:41Z
144,RSA-2048,classical,,decapsulate,1.6921,0.0,0.0,0.0,294,1217,256,0,0,0,0,0.0,25.3821,nan,edge/x86_64,,3.12.3,2026-10-09T18:44:41Z
145,RSA-2048,classical,,keygen,77.218,0.0,0.0,0.0,294,1218,0,0,0,0,0,0.0,1158.2697,nan,edge/x86_64,,3.12.3,2026-10-09T18:44:41Z
145,RSA-2048,classical,,encapsulate,0.1931,0.0,0.0,0.0,294,1218,256,0,0,0,0,0.0,2.8965,nan,edge/x86_64,,3.12.3,2026-10-09T18:44:41Z
145,RSA-2048,classical,,decapsulate,1.7565,0.0,0.0,0.0,294,1218,256,0,0,0,0,0.0,26.3473,nan,edge/x86_64,,3.12.3,2026-10-09T18:44:41Z
146,RSA-2048,classical,,keygen,27.8485,0.0,0.0,0.0,294,1217,0,0,0,0,0,0.0,417.7282,nan,edge/x86_64,,3.12.3,2026-10-09T18:44:41Z
146,RSA-2048,classical,,encapsulate,0.1391,0.0,0.0,0.0,294,1217,256,0,0,0,0,0.0,2.0859,nan,edge/x86_64,,3.12.3,2026-10-09T18:44:41Z
146,RSA-2048,classical,,decapsulate,1.7556,0.0,0.0,0.0,294,1217,256,0,0,0,0,0.0,26.3333,nan,edge/x86_64,,3.12.3,2026-10-09T18:44:41Z
147,RSA-2048,classical,,keygen,42.8797,0.0,0.0,0.0,294,1216,0,0,0,0,0,0.0,643.1948,nan,edge/x86_64,,3.12.3,2026-10-09T18:44:41Z
147,RSA-2048,classical,,encapsulate,0.1429,0.0,0.0,0.0,294,1216,256,0,0,0,0,0.0,2.1429,nan,edge/x86_64,,3.12.3,2026-10-09T18:44:41Z
147,RSA-2048,classical,,decapsulate,0.879,0.0,0.0,0.0,294,1216,256,0,0,0,0,0.0,13.1854,nan,edge/x86_64,,3.12.3,2026-10-09T18:44:41Z
148,RSA-2048,classical,,keygen,17.836,0.0,0.0,0.0,294,1218,0,0,0,0,0,0.0,267.5395,nan,edge/x86_64,,3.12.3,2026-10-09T18:44:41Z
148,RSA-2048,classical,,encapsulate,0.0901,0.0,0.0,0.0,294,1218,256,0,0,0,0,0.0,1.351,nan,edge/x86_64,,3.12.3,2026-10-09T18:44:41Z
148,RSA-2048,classical,,decapsulate,1.606,0.0,0.0,0.0,294,1218,256,0,0,0,0,0.0,24.0899,nan,edge/x86_64,,3.12.3,2026-10-09T18:44:41Z
149,RSA-2048,classical,,keygen,10.9712,0.0,0.0,0.0,294,1216,0,0,0,0,0,0.0,164.5684,nan,edge/x86_64,,3.12.3,2026-10-09T18:44:41Z
149,RSA-2048,classical,,encapsulate,0.1789,0.0,0.0,0.0,294,1216,256,0,0,0,0,0.0,2.6842,nan,edge/x86_64,,3.12.3,2026-10-09T18:44:41Z
149,RSA-2048,classical,,decapsulate,1.0025,0.0,0.0,0.0,294,1216,256,0,0,0,0,0.0,15.0377,nan,edge/x86_64,,3.12.3,2026-10-09T18:44:41Z
150,RSA-2048,classical,,keygen,38.418,0.0,0.0,0.0,294,1219,0,0,0,0,0,0.0,576.2696,nan,edge/x86_64,,3.12.3,2026-10-09T18:44:41Z
150,RSA-2048,classical,,encapsulate,0.1761,0.0,0.0,0.0,294,1219,256,0,0,0,0,0.0,2.6414,nan,edge/x86_64,,3.12.3,2026-10-09T18:44:41Z
150,RSA-2048,classical,,decapsulate,1.7928,0.0,0.0,0.0,294,1219,256,0,0,0,0,0.0,26.892,nan,edge/x86_64,,3.12.3,2026-10-09T18:44:41Z
151,RSA-2048,classical,,keygen,30.074,0.0,0.0,0.0,294,1218,0,0,0,0,0,0.0,451.1093,nan,edge/x86_64,,3.12.3,2026-10-09T18:44:41Z
151,RSA-2048,classical,,encapsulate,0.1838,0.0,0.0,0.0,294,1218,256,0,0,0,0,0.0,2.7563,nan,edge/x86_64,,3.12.3,2026-10-09T18:44:41Z
151,RSA-2048,classical,,decapsulate,1.5648,0.0,0.0,0.0,294,1218,256,0,0,0,0,0.0,23.4716,nan,edge/x86_64,,3.12.3,2026-10-09T18:44:41Z
152,RSA-2048,classical,,keygen,42.2669,0.0,0.0,0.0,294,1216,0,0,0,0,0,0.0,634.0037,nan,edge/x86_64,,3.12.3,2026-10-09T18:44:41Z
152,RSA-2048,classical,,encapsulate,0.1758,0.0,0.0,0.0,294,1216,256,0,0,0,0,0.0,2.6366,nan,edge/x86_64,,3.12.3,2026-10-09T18:44:41Z
152,RSA-2048,classical,,decapsulate,1.7716,0.0,0.0,0.0,294,1216,256,0,0,0,0,0.0,26.5744,nan,edge/x86_64,,3.12.3,2026-10-09T18:44:41Z
153,RSA-2048,classical,,keygen,62.6241,0.0,0.0,0.0,294,1218,0,0,0,0,0,0.0,939.3614,nan,edge/x86_64,,3.12.3,2026-10-09T18:44:41Z
153,RSA-2048,classical,,encapsulate,0.0912,0.0,0.0,0.0,294,1218,256,0,0,0,0,0.0,1.3678,nan,edge/x86_64,,3.12.3,2026-10-09T18:44:41Z
153,RSA-2048,classical,,decapsulate,0.8789,0.0,0.0,0.0,294,1218,256,0,0,0,0,0.0,13.1842,nan,edge/x86_64,,3.12.3,2026-10-09T18:44:41Z
154,RSA-2048,classical,,keygen,69.6732,0.0,0.0,0.0,294,1216,0,0,0,0,0,0.0,1045.0976,nan,edge/x86_64,,3.12.3,2026-10-09T18:44:41Z
154,RSA-2048,classical,,encapsulate,0.1966,0.0,0.0,0.0,294,1216,256,0,0,0,0,0.0,2.9489,nan,edge/x86_64,,3.12.3,2026-10-09T18:44:41Z
154,RSA-2048,classical,,decapsulate,1.7765,0.0,0.0,0.0,294,1216,256,0,0,0,0,0.0,26.6473,nan,edge/x86_64,,3.12.3,2026-10-09T18:44:41Z
155,RSA-2048,classical,,keygen,17.8009,0.0,0.0,0.0,294,1217,0,0,0,0,0,0.0,267.0137,nan,edge/x86_64,,3.12.3,2026-10-09T18:44:41Z
155,RSA-2048,classical,,encapsulate,0.0951,0.0,0.0,0.0,294,1217,256,0,0,0,0,0.0,1.4266,nan,edge/x86_64,,3.12.3,2026-10-09T18:44:41Z
155,RSA-2048,classical,,decapsulate,0.8493,0.0,0.0,0.0,294,1217,256,0,0,0,0,0.0,12.7398,nan,edge/x86_64,,3.12.3,2026-10-09T18:44:41Z
156,RSA-2048,classical,,keygen,104.3117,0.0,0.0,0.0,294,1216,0,0,0,0,0,0.0,1564.675,nan,edge/x86_64,,3.12.3,2026-10-09T18:44:41Z
156,RSA-2048,classical,,encapsulate,0.0905,0.0,0.0,0.0,294,1216,256,0,0,0,0,0.0,1.3568,nan,edge/x86_64,,3.12.3,2026-10-09T18:44:41Z
156,RSA-2048,classical,,decapsulate,0.8451,0.0,0.0,0.0,294,1216,256,0,0,0,0,0.0,12.6771,nan,edge/x86_64,,3.12.3,2026-10-09T18:44:41Z
157,RSA-2048,classical,,keygen,27.4542,0.0,0.0,0.0,294,1217,0,0,0,0,0,0.0,411.8123,nan,edge/x86_64,,3.12.3,2026-10-09T18:44:41Z
157,RSA-2048,classical,,encapsulate,0.1479,0.0,0.0,0.0,294,1217,256,0,0,0,0,0.0,2.219,nan,edge/x86_64,,3.12.3,2026-10-09T18:44:41Z
157,RSA-2048,classical,,decapsulate,1.6107,0.0,0.0,0.0,294,1217,256,0,0,0,0,0.0,24.1611,nan,edge/x86_64,,3.12.3,2026-10-09T18:44:41Z
158,RSA-2048,classical,,keygen,41.8862,0.0,0.0,0.0,294,1217,0,0,0,0,0,0.0,628.2925,nan,edge/x86_64,,3.12.3,2026-10-09T18:44:41Z
158,RSA-2048,classical,,encapsulate,0.0953,0.0,0.0,0.0,294,1217,256,0,0,0,0,0.0,1.4297,nan,edge/x86_64,,3.12.3,2026-10-09T18:44:41Z
158,RSA-2048,classical,,decapsulate,0.8299,0.0,0.0,0.0,294,1217,256,0,0,0,0,0.0,12.4478,nan,edge/x86_64,,3.12.3,2026-10-09T18:44:41Z
159,RSA-2048,classical,,keygen,20.1169,0.0,0.0,0.0,294,1218,0,0,0,0,0,0.0,301.7542,nan,edge/x86_64,,3.12.3,2026-10-09T18:44:41Z
159,RSA-2048,classical,,encapsulate,0.0895,0.0,0.0,0.0,294,1218,256,0,0,0,0,0.0,1.3426,nan,edge/x86_64,,3.12.3,2026-10-09T18:44:41Z
159,RSA-2048,classical,,decapsulate,0.8646,0.0,0.0,0.0,294,1218,256,0,0,0,0,0.0,12.9683,nan,edge/x86_64,,3.12.3,2026-10-09T18:44:41Z
160,RSA-2048,classical,,keygen,71.7301,0.0,0.0,0.0,294,1218,0,0,0,0,0,0.0,1075.9522,nan,edge/x86_64,,3.12.3,2026-10-09T18:44:41Z
160,RSA-2048,classical,,encapsulate,0.1624,0.0,0.0,0.0,294,1218,256,0,0,0,0,0.0,2.4363,nan,edge/x86_64,,3.12.3,2026-10-09T18:44:41Z
160,RSA-2048,classical,,decapsulate,1.6447,0.0,0.0,0.0,294,1218,256,0,0,0,0,0.0,24.6709,nan,edge/x86_64,,3.12.3,2026-10-09T18:44:41Z
161,RSA-2048,classical,,keygen,85.6592,0.0,0.0,0.0,294,1217,0,0,0,0,0,0.0,1284.8878,nan,edge/x86_64,,3.12.3,2026-10-09T18:44:41Z
161,RSA-2048,classical,,encapsulate,0.0991,0.0,0.0,0.0,294,1217,256,0,0,0,0,0.0,1.4861,nan,edge/x86_64,,3.12.3,2026-10-09T18:44:41Z
161,RSA-2048,classical,,decapsulate,0.8827,0.0,0.0,0.0,294,1217,256,0,0,0,0,0.0,13.2412,nan,edge/x86_64,,3.12.3,2026-10-09T18:44:41Z
162,RSA-2048,classical,,keygen,73.2945,0.0,0.0,0.0,294,1217,0,0,0,0,0,0.0,1099.4171,nan,edge/x86_64,,3.12.3,2026-10-09T18:44:41Z
162,RSA-2048,classical,,encapsulate,0.0999,0.0,0.0,0.0,294,1217,256,0,0,0,0,0.0,1.4985,nan,edge/x86_64,,3.12.3,2026-10-09T18:44:41Z
162,RSA-2048,classical,,decapsulate,0.8656,0.0,0.0,0.0,294,1217,256,0,0,0,0,0.0,12.9836,nan,edge/x86_64,,3.12.3,2026-10-09T18:44:41Z
163,RSA-2048,classical,,keygen,29.0816,0.0,0.0,0.0,294,1218,0,0,0,0,0,0.0,436.2243,nan,edge/x86_64,,3.12.3,2026-10-09T18:44:41Z
163,RSA-2048,classical,,encapsulate,0.1106,0.0,0.0,0.0,294,1218,256,0,0,0,0,0.0,1.6589,nan,edge/x86_64,,3.12.3,2026-10-09T18:44:41Z
163,RSA-2048,classical,,decapsulate,0.8543,0.0,0.0,0.0,294,1218,256,0,0,0,0,0.0,12.8144,nan,edge/x86_64,,3.12.3,2026-10-09T18:44:41Z
164,RSA-2048,classical,,keygen,75.2299,0.0,0.0,0.0,294,1216,0,0,0,0,0,0.0,1128.4482,nan,edge/x86_64,,3.12.3,2026-10-09T18:44:41Z
164,RSA-2048,classical,,encapsulate,0.0905,0.0,0.0,0.0,294,1216,256,0,0,0,0,0.0,1.3577,nan,edge/x86_64,,3.12.3,2026-10-09T18:44:41Z
164,RSA-2048,classical,,decapsulate,0.8503,0.0,0.0,0.0,294,1216,256,0,0,0,0,0.0,12.7543,nan,edge/x86_64,,3.12.3,2026-10-09T18:44:41Z
165,RSA-2048,classical,,keygen,127.0623,0.0,0.0,0.0,294,1219,0,0,0,0,0,0.0,1905.9342,nan,edge/x86_64,,3.12.3,2026-10-09T18:44:41Z
165,RSA-2048,classical,,encapsulate,0.1527,0.0,0.0,0.0,294,1219,256,0,0,0,0,0.0,2.2898,nan,edge/x86_64,,3.12.3,2026-10-09T18:44:41Z
165,RSA-2048,classical,,decapsulate,1.6831,0.0,0.0,0.0,294,1219,256,0,0,0,0,0.0,25.2462,nan,edge/x86_64,,3.12.3,2026-10-09T18:44:41Z
166,RSA-2048,classical,,keygen,45.9337,0.0,0.0,0.0,294,1217,0,0,0,0,0,0.0,689.005,nan,edge/x86_64,,3.12.3,2026-10-09T18:44:41Z
166,RSA-2048,classical,,encapsulate,0.189,0.0,0.0,0.0,294,1217,256,0,0,0,0,0.0,2.8345,nan,edge/x86_64,,3.12.3,2026-10-09T18:44:41Z
166,RSA-2048,classical,,decapsulate,1.825,0.0,0.0,0.0,294,1217,256,0,0,0,0,0.0,27.3755,nan,edge/x86_64,,3.12.3,2026-10-09T18:44:41Z
167,RSA-2048,classical,,keygen,37.5396,0.0,0.0,0.0,294,1217,0,0,0,0,0,0.0,563.0939,nan,edge/x86_64,,3.12.3,2026-10-09T18:44:41Z
167,RSA-2048,classical,,encapsulate,0.0924,0.0,0.0,0.0,294,1217,256,0,0,0,0,0.0,1.3855,nan,edge/x86_64,,3.12.3,2026-10-09T18:44:41Z
167,RSA-2048,classical,,decapsulate,0.8313,0.0,0.0,0.0,294,1217,256,0,0,0,0,0.0,12.4696,nan,edge/x86_64,,3.12.3,2026-10-09T18:44:41Z
168,RSA-2048,classical,,keygen,83.9947,0.0,0.0,0.0,294,1218,0,0,0,0,0,0.0,1259.9201,nan,edge/x86_64,,3.12.3,2026-10-09T18:44:41Z
168,RSA-2048,classical,,encapsulate,0.2563,0.0,0.0,0.0,294,1218,256,0,0,0,0,0.0,3.8448,nan,edge/x86_64,,3.12.3,2026-10-09T18:44:41Z
168,RSA-2048,classical,,decapsulate,1.9291,0.0,0.0,0.0,294,1218,256,0,0,0,0,0.0,28.9369,nan,edge/x86_64,,3.12.3,2026-10-09T18:44:41Z
169,RSA-2048,classical,,keygen,190.5847,0.0,0.0,0.0,294,1218,0,0,0,0,0,0.0,2858.7704,nan,edge/x86_64,,3.12.3,2026-10-09T18:44:41Z
169,RSA-2048,classical,,encapsulate,0.1711,0.0,0.0,0.0,294,1218,256,0,0,0,0,0.0,2.5671,nan,edge/x86_64,,3.12.3,2026-10-09T18:44:41Z
169,RSA-2048,classical,,decapsulate,1.6905,0.0,0.0,0.0,294,1218,256,0,0,0,0,0.0,25.3568,nan,edge/x86_64,,3.12.3,2026-10-09T18:44:41Z
170,RSA-2048,classical,,keygen,56.6857,0.0,0.0,0.0,294,1216,0,0,0,0,0,0.0,850.2862,nan,edge/x86_64,,3.12.3,2026-10-09T18:44:41Z
170,RSA-2048,classical,,encapsulate,0.1862,0.0,0.0,0.0,294,1216,256,0,0,0,0,0.0,2.7923,nan,edge/x86_64,,3.12.3,2026-10-09T18:44:41Z
170,RSA-2048,classical,,decapsulate,1.8107,0.0,0.0,0.0,294,1216,256,0,0,0,0,0.0,27.1601,nan,edge/x86_64,,3.12.3,2026-10-09T18:44:41Z
171,RSA-2048,classical,,keygen,23.8974,0.0,0.0,0.0,294,1217,0,0,0,0,0,0.0,358.4615,nan,edge/x86_64,,3.12.3,2026-10-09T18:44:41Z
171,RSA-2048,classical,,encapsulate,0.1553,0.0,0.0,0.0,294,1217,256,0,0,0,0,0.0,2.3296,nan,edge/x86_64,,3.12.3,2026-10-09T18:44:41Z
171,RSA-2048,classical,,decapsulate,1.7612,0.0,0.0,0.0,294,1217,256,0,0,0,0,0.0,26.4175,nan,edge/x86_64,,3.12.3,2026-10-09T18:44:41Z
172,RSA-2048,classical,,keygen,98.6299,0.0,0.0,0.0,294,1218,0,0,0,0,0,0.0,1479.4478,nan,edge/x86_64,,3.12.3,2026-10-09T18:44:41Z
172,RSA-2048,classical,,encapsulate,0.1192,0.0,0.0,0.0,294,1218,256,0,0,0,0,0.0,1.7882,nan,edge/x86_64,,3.12.3,2026-10-09T18:44:41Z
172,RSA-2048,classical,,decapsulate,0.9755,0.0,0.0,0.0,294,1218,256,0,0,0,0,0.0,14.6325,nan,edge/x86_64,,3.12.3,2026-10-09T18:44:41Z
173,RSA-2048,classical,,keygen,24.2557,0.0,0.0,0.0,294,1218,0,0,0,0,0,0.0,363.8359,nan,edge/x86_64,,3.12.3,2026-10-09T18:44:41Z
173,RSA-2048,classical,,encapsulate,0.0879,0.0,0.0,0.0,294,1218,256,0,0,0,0,0.0,1.3192,nan,edge/x86_64,,3.12.3,2026-10-09T18:44:41Z
173,RSA-2048,classical,,decapsulate,0.8602,0.0,0.0,0.0,294,1218,256,0,0,0,0,0.0,12.9031,nan,edge/x86_64,,3.12.3,2026-10-09T18:44:41Z
174,RSA-2048,classical,,keygen,156.3476,0.0,0.0,0.0,294,1217,0,0,0,0,0,0.0,2345.2142,nan,edge/x86_64,,3.12.3,2026-10-09T18:44:41Z
174,RSA-2048,classical,,encapsulate,0.1717,0.0,0.0,0.0,294,1217,256,0,0,0,0,0.0,2.5757,nan,edge/x86_64,,3.12.3,2026-10-09T18:44:41Z
174,RSA-2048,classical,,decapsulate,1.6248,0.0,0.0,0.0,294,1217,256,0,0,0,0,0.0,24.3717,nan,edge/x86_64,,3.12.3,2026-10-09T18:44:41Z
175,RSA-2048,classical,,keygen,36.0132,0.0,0.0,0.0,294,1215,0,0,0,0,0,0.0,540.1987,nan,edge/x86_64,,3.12.3,2026-10-09T18:44:41Z
175,RSA-2048,classical,,encapsulate,0.2871,0.0,0.0,0.0,294,1215,256,0,0,0,0,0.0,4.3064,nan,edge/x86_64,,3.12.3,2026-10-09T18:44:41Z
175,RSA-2048,classical,,decapsulate,1.8711,0.0,0.0,0.0,294,1215,256,0,0,0,0,0.0,28.0669,nan,edge/x86_64,,3.12.3,2026-10-09T18:44:41Z
176,RSA-2048,classical,,keygen,132.5824,0.0,0.0,0.0,294,1217,0,0,0,0,0,0.0,1988.7353,nan,edge/x86_64,,3.12.3,2026-10-09T18:44:41Z
176,RSA-2048,classical,,encapsulate,0.1375,0.0,0.0,0.0,294,1217,256,0,0,0,0,0.0,2.0618,nan,edge/x86_64,,3.12.3,2026-10-09T18:44:41Z
176,RSA-2048,classical,,decapsulate,1.7697,0.0,0.0,0.0,294,1217,256,0,0,0,0,0.0,26.546,nan,edge/x86_64,,3.12.3,2026-10-09T18:44:41Z
177,RSA-2048,classical,,keygen,29.358,0.0,0.0,0.0,294,1216,0,0,0,0,0,0.0,440.3705,nan,edge/x86_64,,3.12.3,2026-10-09T18:44:41Z
177,RSA-2048,classical,,encapsulate,0.1455,0.0,0.0,0.0,294,1216,256,0,0,0,0,0.0,2.1819,nan,edge/x86_64,,3.12.3,2026-10-09T18:44:41Z
177,RSA-2048,classical,,decapsulate,1.8201,0.0,0.0,0.0,294,1216,256,0,0,0,0,0.0,27.301,nan,edge/x86_64,,3.12.3,2026-10-09T18:44:41Z
178,RSA-2048,classical,,keygen,89.9605,0.0,0.0,0.0,294,1218,0,0,0,0,0,0.0,1349.4077,nan,edge/x86_64,,3.12.3,2026-10-09T18:44:41Z
178,RSA-2048,classical,,encapsulate,0.1782,0.0,0.0,0.0,294,1218,256,0,0,0,0,0.0,2.6724,nan,edge/x86_64,,3.12.3,2026-10-09T18:44:41Z
178,RSA-2048,classical,,decapsulate,1.6666,0.0,0.0,0.0,294,1218,256,0,0,0,0,0.0,24.9989,nan,edge/x86_64,,3.12.3,2026-10-09T18:44:41Z
179,RSA-2048,classical,,keygen,96.4504,0.0,0.0,0.0,294,1215,0,0,0,0,0,0.0,1446.7553,nan,edge/x86_64,,3.12.3,2026-10-09T18:44:41Z
179,RSA-2048,classical,,encapsulate,0.2123,0.0,0.0,0.0,294,1215,256,0,0,0,0,0.0,3.1845,nan,edge/x86_64,,3.12.3,2026-10-09T18:44:41Z
179,RSA-2048,classical,,decapsulate,1.5783,0.0,0.0,0.0,294,1215,256,0,0,0,0,0.0,23.6738,nan,edge/x86_64,,3.12.3,2026-10-09T18:44:41Z
180,RSA-2048,classical,,keygen,43.5778,0.0,0.0,0.0,294,1217,0,0,0,0,0,0.0,653.6664,nan,edge/x86_64,,3.12.3,2026-10-09T18:44:41Z
180,RSA-2048,classical,,encapsulate,0.2332,0.0,0.0,0.0,294,1217,256,0,0,0,0,0.0,3.4984,nan,edge/x86_64,,3.12.3,2026-10-09T18:44:41Z
180,RSA-2048,classical,,decapsulate,1.928,0.0,0.0,0.0,294,1217,256,0,0,0,0,0.0,28.9198,nan,edge/x86_64,,3.12.3,2026-10-09T18:44:41Z
181,RSA-2048,classical,,keygen,85.4839,0.0,0.0,0.0,294,1218,0,0,0,0,0,0.0,1282.2581,nan,edge/x86_64,,3.12.3,2026-10-09T18:44:41Z
181,RSA-2048,classical,,encapsulate,0.165,0.0,0.0,0.0,294,1218,256,0,0,0,0,0.0,2.4749,nan,edge/x86_64,,3.12.3,2026-10-09T18:44:41Z
181,RSA-2048,classical,,decapsulate,1.8306,0.0,0.0,0.0,294,1218,256,0,0,0,0,0.0,27.4587,nan,edge/x86_64,,3.12.3,2026-10-09T18:44:41Z
182,RSA-2048,classical,,keygen,91.0067,0.0,0.0,0.0,294,1218,0,0,0,0,0,0.0,1365.1002,nan,edge/x86_64,,3.12.3,2026-10-09T18:44:41Z
182,RSA-2048,classical,,encapsulate,0.1703,0.0,0.0,0.0,294,1218,256,0,0,0,0,0.0,2.5547,nan,edge/x86_64,,3.12.3,2026-10-09T18:44:41Z
182,RSA-2048,classical,,decapsulate,1.7297,0.0,0.0,0.0,294,1218,256,0,0,0,0,0.0,25.9451,nan,edge/x86_64,,3.12.3,2026-10-09T18:44:41Z
183,RSA-2048,classical,,keygen,207.6511,0.0,0.0,0.0,294,1218,0,0,0,0,0,0.0,3114.7659,nan,edge/x86_64,,3.12.3,2026-10-09T18:44:41Z
183,RSA-2048,classical,,encapsulate,0.1609,0.0,0.0,0.0,294,1218,256,0,0,0,0,0.0,2.4129,nan,edge/x86_64,,3.12.3,2026-10-09T18:44:41Z
183,RSA-2048,classical,,decapsulate,1.5501,0.0,0.0,0.0,294,1218,256,0,0,0,0,0.0,23.2512,nan,edge/x86_64,,3.12.3,2026-10-09T18:44:41Z
184,RSA-2048,classical,,keygen,83.8441,0.0,0.0,0.0,294,1218,0,0,0,0,0,0.0,1257.6617,nan,edge/x86_64,,3.12.3,2026-10-09T18:44:41Z
184,RSA-2048,classical,,encapsulate,0.3028,0.0,0.0,0.0,294,1218,256,0,0,0,0,0.0,4.5427,nan,edge/x86_64,,3.12.3,2026-10-09T18:44:41Z
184,RSA-2048,classical,,decapsulate,1.602,0.0,0.0,0.0,294,1218,256,0,0,0,0,0.0,24.0301,nan,edge/x86_64,,3.12.3,2026-10-09T18:44:41Z
185,RSA-2048,classical,,keygen,33.1873,0.0,0.0,0.0,294,1218,0,0,0,0,0,0.0,497.8097,nan,edge/x86_64,,3.12.3,2026-10-09T18:44:41Z
185,RSA-2048,classical,,encapsulate,0.1739,0.0,0.0,0.0,294,1218,256,0,0,0,0,0.0,2.6079,nan,edge/x86_64,,3.12.3,2026-10-09T18:44:41Z
185,RSA-2048,classical,,decapsulate,1.753,0.0,0.0,0.0,294,1218,256,0,0,0,0,0.0,26.2944,nan,edge/x86_64,,3.12.3,2026-10-09T18:44:41Z
186,RSA-2048,classical,,keygen,74.0605,0.0,0.0,0.0,294,1217,0,0,0,0,0,0.0,1110.908,nan,edge/x86_64,,3.12.3,2026-10-09T18:44:41Z
186,RSA-2048,classical,,encapsulate,0.3381,0.0,0.0,0.0,294,1217,256,0,0,0,0,0.0,5.0718,nan,edge/x86_64,,3.12.3,2026-10-09T18:44:41Z
186,RSA-2048,classical,,decapsulate,1.6674,0.0,0.0,0.0,294,1217,256,0,0,0,0,0.0,25.0116,nan,edge/x86_64,,3.12.3,2026-10-09T18:44:41Z
187,RSA-2048,classical,,keygen,91.4729,0.0,0.0,0.0,294,1218,0,0,0,0,0,0.0,1372.0935,nan,edge/x86_64,,3.12.3,2026-10-09T18:44:41Z
187,RSA-2048,classical,,encapsulate,0.2237,0.0,0.0,0.0,294,1218,256,0,0,0,0,0.0,3.356,nan,edge/x86_64,,3.12.3,2026-10-09T18:44:41Z
187,RSA-2048,classical,,decapsulate,0.8923,0.0,0.0,0.0,294,1218,256,0,0,0,0,0.0,13.384,nan,edge/x86_64,,3.12.3,2026-10-09T18:44:41Z
188,RSA-2048,classical,,keygen,94.7764,0.0,0.0,0.0,294,1219,0,0,0,0,0,0.0,1421.6465,nan,edge/x86_64,,3.12.3,2026-10-09T18:44:41Z
188,RSA-2048,classical,,encapsulate,0.1921,0.0,0.0,0.0,294,1219,256,0,0,0,0,0.0,2.882,nan,edge/x86_64,,3.12.3,2026-10-09T18:44:41Z
188,RSA-2048,classical,,decapsulate,0.8435,0.0,0.0,0.0,294,1219,256,0,0,0,0,0.0,12.6523,nan,edge/x86_64,,3.12.3,2026-10-09T18:44:41Z
189,RSA-2048,classical,,keygen,68.1617,0.0,0.0,0.0,294,1218,0,0,0,0,0,0.0,1022.4258,nan,edge/x86_64,,3.12.3,2026-10-09T18:44:41Z
189,RSA-2048,classical,,encapsulate,0.1981,0.0,0.0,0.0,294,1218,256,0,0,0,0,0.0,2.9712,nan,edge/x86_64,,3.12.3,2026-10-09T18:44:41Z
189,RSA-2048,classical,,decapsulate,1.6675,0.0,0.0,0.0,294,1218,256,0,0,0,0,0.0,25.0129,nan,edge/x86_64,,3.12.3,2026-10-09T18:44:41Z
190,RSA-2048,classical,,keygen,65.2402,0.0,0.0,0.0,294,1216,0,0,0,0,0,0.0,978.6035,nan,edge/x86_64,,3.12.3,2026-10-09T18:44:41Z
190,RSA-2048,classical,,encapsulate,0.2215,0.0,0.0,0.0,294,1216,256,0,0,0,0,0.0,3.3232,nan,edge/x86_64,,3.12.3,2026-10-09T18:44:41Z
190,RSA-2048,classical,,decapsulate,1.5637,0.0,0.0,0.0,294,1216,256,0,0,0,0,0.0,23.4561,nan,edge/x86_64,,3.12.3,2026-10-09T18:44:41Z
191,RSA-2048,classical,,keygen,65.3153,0.0,0.0,0.0,294,1217,0,0,0,0,0,0.0,979.7299,nan,edge/x86_64,,3.12.3,2026-10-09T18:44:41Z
191,RSA-2048,classical,,encapsulate,0.1364,0.0,0.0,0.0,294,1217,256,0,0,0,0,0.0,2.0457,nan,edge/x86_64,,3.12.3,2026-10-09T18:44:41Z
191,RSA-2048,classical,,decapsulate,0.8424,0.0,0.0,0.0,294,1217,256,0,0,0,0,0.0,12.6356,nan,edge/x86_64,,3.12.3,2026-10-09T18:44:41Z
192,RSA-2048,classical,,keygen,101.1368,0.0,0.0,0.0,294,1218,0,0,0,0,0,0.0,1517.0527,nan,edge/x86_64,,3.12.3,2026-10-09T18:44:41Z
192,RSA-2048,classical,,encapsulate,0.1153,0.0,0.0,0.0,294,1218,256,0,0,0,0,0.0,1.7295,nan,edge/x86_64,,3.12.3,2026-10-09T18:44:41Z
192,RSA-2048,classical,,decapsulate,0.8669,0.0,0.0,0.0,294,1218,256,0,0,0,0,0.0,13.0041,nan,edge/x86_64,,3.12.3,2026-10-09T18:44:41Z
193,RSA-2048,classical,,keygen,125.0293,0.0,0.0,0.0,294,1218,0,0,0,0,0,0.0,1875.4395,nan,edge/x86_64,,3.12.3,2026-10-09T18:44:41Z
193,RSA-2048,classical,,encapsulate,0.1445,0.0,0.0,0.0,294,1218,256,0,0,0,0,0.0,2.168,nan,edge/x86_64,,3.12.3,2026-10-09T18:44:41Z
193,RSA-2048,classical,,decapsulate,1.8342,0.0,0.0,0.0,294,1218,256,0,0,0,0,0.0,27.5125,nan,edge/x86_64,,3.12.3,2026-10-09T18:44:41Z
194,RSA-2048,classical,,keygen,74.1844,0.0,0.0,0.0,294,1218,0,0,0,0,0,0.0,1112.7657,nan,edge/x86_64,,3.12.3,2026-10-09T18:44:41Z
194,RSA-2048,classical,,encapsulate,0.2166,0.0,0.0,0.0,294,1218,256,0,0,0,0,0.0,3.2486,nan,edge/x86_64,,3.12.3,2026-10-09T18:44:41Z
194,RSA-2048,classical,,decapsulate,1.7648,0.0,0.0,0.0,294,1218,256,0,0,0,0,0.0,26.4727,nan,edge/x86_64,,3.12.3,2026-10-09T18:44:41Z
195,RSA-2048,classical,,keygen,47.1266,0.0,0.0,0.0,294,1216,0,0,0,0,0,0.0,706.8987,nan,edge/x86_64,,3.12.3,2026-10-09T18:44:41Z
195,RSA-2048,classical,,encapsulate,0.1457,0.0,0.0,0.0,294,1216,256,0,0,0,0,0.0,2.185,nan,edge/x86_64,,3.12.3,2026-10-09T18:44:41Z
195,RSA-2048,classical,,decapsulate,1.8449,0.0,0.0,0.0,294,1216,256,0,0,0,0,0.0,27.6734,nan,edge/x86_64,,3.12.3,2026-10-09T18:44:41Z
196,RSA-2048,classical,,keygen,72.5983,0.0,0.0,0.0,294,1218,0,0,0,0,0,0.0,1088.975,nan,edge/x86_64,,3.12.3,2026-10-09T18:44:41Z
196,RSA-2048,classical,,encapsulate,0.2054,0.0,0.0,0.0,294,1218,256,0,0,0,0,0.0,3.0804,nan,edge/x86_64,,3.12.3,2026-10-09T18:44:41Z
196,RSA-2048,classical,,decapsulate,1.7432,0.0,0.0,0.0,294,1218,256,0,0,0,0,0.0,26.1482,nan,edge/x86_64,,3.12.3,2026-10-09T18:44:41Z
197,RSA-2048,classical,,keygen,141.6825,0.0,0.0,0.0,294,1219,0,0,0,0,0,0.0,2125.238,nan,edge/x86_64,,3.12.3,2026-10-09T18:44:41Z
197,RSA-2048,classical,,encapsulate,0.151,0.0,0.0,0.0,294,1219,256,0,0,0,0,0.0,2.2656,nan,edge/x86_64,,3.12.3,2026-10-09T18:44:41Z
197,RSA-2048,classical,,decapsulate,1.8175,0.0,0.0,0.0,294,1219,256,0,0,0,0,0.0,27.2619,nan,edge/x86_64,,3.12.3,2026-10-09T18:44:41Z
198,RSA-2048,classical,,keygen,78.0077,0.0,0.0,0.0,294,1217,0,0,0,0,0,0.0,1170.1148,nan,edge/x86_64,,3.12.3,2026-10-09T18:44:41Z
198,RSA-2048,classical,,encapsulate,0.1419,0.0,0.0,0.0,294,1217,256,0,0,0,0,0.0,2.1288,nan,edge/x86_64,,3.12.3,2026-10-09T18:44:41Z
198,RSA-2048,classical,,decapsulate,1.7537,0.0,0.0,0.0,294,1217,256,0,0,0,0,0.0,26.3053,nan,edge/x86_64,,3.12.3,2026-10-09T18:44:41Z
199,RSA-2048,classical,,keygen,190.7809,0.0,0.0,0.0,294,1216,0,0,0,0,0,0.0,2861.713,nan,edge/x86_64,,3.12.3,2026-10-09T18:44:41Z
199,RSA-2048,classical,,encapsulate,0.2705,0.0,0.0,0.0,294,1216,256,0,0,0,0,0.0,4.0578,nan,edge/x86_64,,3.12.3,2026-10-09T18:44:41Z
199,RSA-2048,classical,,decapsulate,1.8445,0.0,0.0,0.0,294,1216,256,0,0,0,0,0.0,27.6675,nan,edge/x86_64,,3.12.3,2026-10-09T18:44:41Z
0,ECDH-P256,classical,,keygen,0.0416,0.0,0.0,0.0,91,138,0,0,0,0,0,0.0,0.6238,nan,edge/x86_64,,3.12.3,2026-10-09T18:44:57Z
0,ECDH-P256,classical,,encapsulate,0.1157,0.0,0.0,0.0,91,138,0,0,0,0,0,0.0,1.7362,nan,edge/x86_64,,3.12.3,2026-10-09T18:44:57Z
1,ECDH-P256,classical,,keygen,0.0295,0.0,0.0,0.0,91,138,0,0,0,0,0,0.0,0.4425,nan,edge/x86_64,,3.12.3,2026-10-09T18:44:57Z
1,ECDH-P256,classical,,encapsulate,0.1124,0.0,0.0,0.0,91,138,0,0,0,0,0,0.0,1.6857,nan,edge/x86_64,,3.12.3,2026-10-09T18:44:57Z
2,ECDH-P256,classical,,keygen,0.031,0.0,0.0,0.0,91,138,0,0,0,0,0,0.0,0.4652,nan,edge/x86_64,,3.12.3,2026-10-09T18:44:57Z
2,ECDH-P256,classical,,encapsulate,0.1076,0.0,0.0,0.0,91,138,0,0,0,0,0,0.0,1.614,nan,edge/x86_64,,3.12.3,2026-10-09T18:44:57Z
3,ECDH-P256,classical,,keygen,0.0285,0.0,0.0,0.0,91,138,0,0,0,0,0,0.0,0.4273,nan,edge/x86_64,,3.12.3,2026-10-09T18:44:57Z
3,ECDH-P256,classical,,encapsulate,0.1103,0.0,0.0,0.0,91,138,0,0,0,0,0,0.0,1.6551,nan,edge/x86_64,,3.12.3,2026-10-09T18:44:57Z
4,ECDH-P256,classical,,keygen,0.0324,0.0,0.0,0.0,91,138,0,0,0,0,0,0.0,0.4857,nan,edge/x86_64,,3.12.3,2026-10-09T18:44:57Z
4,ECDH-P256,classical,,encapsulate,0.1125,0.0,0.0,0.0,91,138,0,0,0,0,0,0.0,1.6868,nan,edge/x86_64,,3.12.3,2026-10-09T18:44:57Z
5,ECDH-P256,classical,,keygen,0.0306,0.0,0.0,0.0,91,138,0,0,0,0,0,0.0,0.4594,nan,edge/x86_64,,3.12.3,2026-10-09T18:44:57Z
5,ECDH-P256,classical,,encapsulate,0.1082,0.0,0.0,0.0,91,138,0,0,0,0,0,0.0,1.6227,nan,edge/x86_64,,3.12.3,2026-10-09T18:44:57Z
6,ECDH-P256,classical,,keygen,0.0318,0.0,0.0,0.0,91,138,0,0,0,0,0,0.0,0.4772,nan,edge/x86_64,,3.12.3,2026-10-09T18:44:57Z
6,ECDH-P256,classical,,encapsulate,0.1076,0.0,0.0,0.0,91,138,0,0,0,0,0,0.0,1.6143,nan,edge/x86_64,,3.12.3,2026-10-09T18:44:57Z
7,ECDH-P256,classical,,keygen,0.0313,0.0,0.0,0.0,91,138,0,0,0,0,0,0.0,0.4692,nan,edge/x86_64,,3.12.3,2026-10-09T18:44:57Z
7,ECDH-P256,classical,,encapsulate,0.1076,0.0,0.0,0.0,91,138,0,0,0,0,0,0.0,1.6141,nan,edge/x86_64,,3.12.3,2026-10-09T18:44:57Z
8,ECDH-P256,classical,,keygen,0.0289,0.0,0.0,0.0,91,138,0,0,0,0,0,0.0,0.4332,nan,edge/x86_64,,3.12.3,2026-10-09T18:44:57Z
8,ECDH-P256,classical,,encapsulate,0.1085,0.0,0.0,0.0,91,138,0,0,0,0,0,0.0,1.6269,nan,edge/x86_64,,3.12.3,2026-10-09T18:44:57Z
9,ECDH-P256,classical,,keygen,0.0457,0.0,0.0,0.0,91,138,0,0,0,0,0,0.0,0.6853,nan,edge/x86_64,,3.12.3,2026-10-09T18:44:57Z
9,ECDH-P256,classical,,encapsulate,0.113,0.0,0.0,0.0,91,138,0,0,0,0,0,0.0,1.6946,nan,edge/x86_64,,3.12.3,2026-10-09T18:44:57Z
10,ECDH-P256,classical,,keygen,0.052,0.0,0.0,0.0,91,138,0,0,0,0,0,0.0,0.7798,nan,edge/x86_64,,3.12.3,2026-10-09T18:44:57Z
10,ECDH-P256,classical,,encapsulate,0.114,0.0,0.0,0.0,91,138,0,0,0,0,0,0.0,1.7098,nan,edge/x86_64,,3.12.3,2026-10-09T18:44:57Z
11,ECDH-P256,classical,,keygen,0.0298,0.0,0.0,0.0,91,138,0,0,0,0,0,0.0,0.4469,nan,edge/x86_64,,3.12.3,2026-10-09T18:44:57Z
11,ECDH-P256,classical,,encapsulate,0.1107,0.0,0.0,0.0,91,138,0,0,0,0,0,0.0,1.6602,nan,edge/x86_64,,3.12.3,2026-10-09T18:44:57Z
12,ECDH-P256,classical,,keygen,0.0326,0.0,0.0,0.0,91,138,0,0,0,0,0,0.0,0.4891,nan,edge/x86_64,,3.12.3,2026-10-09T18:44:57Z
12,ECDH-P256,classical,,encapsulate,0.1097,0.0,0.0,0.0,91,138,0,0,0,0,0,0.0,1.6457,nan,edge/x86_64,,3.12.3,2026-10-09T18:44:57Z
13,ECDH-P256,classical,,keygen,0.0308,0.0,0.0,0.0,91,138,0,0,0,0,0,0.0,0.4616,nan,edge/x86_64,,3.12.3,2026-10-09T18:44:57Z
13,ECDH-P256,classical,,encapsulate,0.0974,0.0,0.0,0.0,91,138,0,0,0,0,0,0.0,1.4616,nan,edge/x86_64,,3.12.3,2026-10-09T18:44:57Z
14,ECDH-P256,classical,,keygen,0.0858,0.0,0.0,0.0,91,138,0,0,0,0,0,0.0,1.2876,nan,edge/x86_64,,3.12.3,2026-10-09T18:44:57Z
14,ECDH-P256,classical,,encapsulate,0.1107,0.0,0.0,0.0,91,138,0,0,0,0,0,0.0,1.6605,nan,edge/x86_64,,3.12.3,2026-10-09T18:44:57Z
15,ECDH-P256,classical,,keygen,0.0487,0.0,0.0,0.0,91,138,0,0,0,0,0,0.0,0.7299,nan,edge/x86_64,,3.12.3,2026-10-09T18:44:57Z
15,ECDH-P256,classical,,encapsulate,0.1054,0.0,0.0,0.0,91,138,0,0,0,0,0,0.0,1.5805,nan,edge/x86_64,,3.12.3,2026-10-09T18:44:57Z
16,ECDH-P256,classical,,keygen,0.0273,0.0,0.0,0.0,91,138,0,0,0,0,0,0.0,0.4095,nan,edge/x86_64,,3.12.3,2026-10-09T18:44:57Z
16,ECDH-P256,classical,,encapsulate,0.1441,0.0,0.0,0.0,91,138,0,0,0,0,0,0.0,2.1614,nan,edge/x86_64,,3.12.3,2026-10-09T18:44:57Z
17,ECDH-P256,classical,,keygen,0.0382,0.0,0.0,0.0,91,138,0,0,0,0,0,0.0,0.5736,nan,edge/x86_64,,3.12.3,2026-10-09T18:44:57Z
17,ECDH-P256,classical,,encapsulate,0.1099,0.0,0.0,0.0,91,138,0,0,0,0,0,0.0,1.6489,nan,edge/x86_64,,3.12.3,2026-10-09T18:44:57Z
18,ECDH-P256,classical,,keygen,0.0295,0.0,0.0,0.0,91,138,0,0,0,0,0,0.0,0.4428,nan,edge/x86_64,,3.12.3,2026-10-09T18:44:57Z
18,ECDH-P256,classical,,encapsulate,0.1156,0.0,0.0,0.0,91,138,0,0,0,0,0,0.0,1.7342,nan,edge/x86_64,,3.12.3,2026-10-09T18:44:57Z
19,ECDH-P256,classical,,keygen,0.0327,0.0,0.0,0.0,91,138,0,0,0,0,0,0.0,0.49,nan,edge/x86_64,,3.12.3,2026-10-09T18:44:57Z
19,ECDH-P256,classical,,encapsulate,0.1164,0.0,0.0,0.0,91,138,0,0,0,0,0,0.0,1.7457,nan,edge/x86_64,,3.12.3,2026-10-09T18:44:57Z
20,ECDH-P256,classical,,keygen,0.0317,0.0,0.0,0.0,91,138,0,0,0,0,0,0.0,0.4754,nan,edge/x86_64,,3.12.3,2026-10-09T18:44:57Z
20,ECDH-P256,classical,,encapsulate,0.1135,0.0,0.0,0.0,91,138,0,0,0,0,0,0.0,1.7026,nan,edge/x86_64,,3.12.3,2026-10-09T18:44:57Z
21,ECDH-P256,classical,,keygen,0.0295,0.0,0.0,0.0,91,138,0,0,0,0,0,0.0,0.4424,nan,edge/x86_64,,3.12.3,2026-10-09T18:44:57Z
21,ECDH-P256,classical,,encapsulate,0.1113,0.0,0.0,0.0,91,138,0,0,0,0,0,0.0,1.6702,nan,edge/x86_64,,3.12.3,2026-10-09T18:44:57Z
22,ECDH-P256,classical,,keygen,0.0318,0.0,0.0,0.0,91,138,0,0,0,0,0,0.0,0.4772,nan,edge/x86_64,,3.12.3,2026-10-09T18:44:57Z
22,ECDH-P256,classical,,encapsulate,0.2473,0.0,0.0,0.0,91,138,0,0,0,0,0,0.0,3.7088,nan,edge/x86_64,,3.12.3,2026-10-09T18:44:57Z
23,ECDH-P256,classical,,keygen,0.047,0.0,0.0,0.0,91,138,0,0,0,0,0,0.0,0.705,nan,edge/x86_64,,3.12.3,2026-10-09T18:44:57Z
23,ECDH-P256,classical,,encapsulate,0.1111,0.0,0.0,0.0,91,138,0,0,0,0,0,0.0,1.6669,nan,edge/x86_64,,3.12.3,2026-10-09T18:44:57Z
24,ECDH-P256,classical,,keygen,0.0291,0.0,0.0,0.0,91,138,0,0,0,0,0,0.0,0.4363,nan,edge/x86_64,,3.12.3,2026-10-09T18:44:57Z
24,ECDH-P256,classical,,encapsulate,0.1027,0.0,0.0,0.0,91,138,0,0,0,0,0,0.0,1.54,nan,edge/x86_64,,3.12.3,2026-10-09T18:44:57Z
25,ECDH-P256,classical,,keygen,0.0567,0.0,0.0,0.0,91,138,0,0,0,0,0,0.0,0.8503,nan,edge/x86_64,,3.12.3,2026-10-09T18:44:57Z
25,ECDH-P256,classical,,encapsulate,0.1104,0.0,0.0,0.0,91,138,0,0,0,0,0,0.0,1.6561,nan,edge/x86_64,,3.12.3,2026-10-09T18:44:57Z
26,ECDH-P256,classical,,keygen,0.0297,0.0,0.0,0.0,91,138,0,0,0,0,0,0.0,0.4449,nan,edge/x86_64,,3.12.3,2026-10-09T18:44:57Z
26,ECDH-P256,classical,,encapsulate,0.1079,0.0,0.0,0.0,91,138,0,0,0,0,0,0.0,1.6183,nan,edge/x86_64,,3.12.3,2026-10-09T18:44:57Z
27,ECDH-P256,classical,,keygen,0.0294,0.0,0.0,0.0,91,138,0,0,0,0,0,0.0,0.4403,nan,edge/x86_64,,3.12.3,2026-10-09T18:44:57Z
27,ECDH-P256,classical,,encapsulate,0.1083,0.0,0.0,0.0,91,138,0,0,0,0,0,0.0,1.6241,nan,edge/x86_64,,3.12.3,2026-10-09T18:44:57Z
28,ECDH-P256,classical,,keygen,0.0306,0.0,0.0,0.0,91,138,0,0,0,0,0,0.0,0.4595,nan,edge/x86_64,,3.12.3,2026-10-09T18:44:57Z
28,ECDH-P256,classical,,encapsulate,0.1062,0.0,0.0,0.0,91,138,0,0,0,0,0,0.0,1.5935,nan,edge/x86_64,,3.12.3,2026-10-09T18:44:57Z
29,ECDH-P256,classical,,keygen,0.0288,0.0,0.0,0.0,91,138,0,0,0,0,0,0.0,0.4316,nan,edge/x86_64,,3.12.3,2026-10-09T18:44:57Z
29,ECDH-P256,classical,,encapsulate,0.1042,0.0,0.0,0.0,91,138,0,0,0,0,0,0.0,1.5629,nan,edge/x86_64,,3.12.3,2026-10-09T18:44:57Z
30,ECDH-P256,classical,,keygen,0.0284,0.0,0.0,0.0,91,138,0,0,0,0,0,0.0,0.4259,nan,edge/x86_64,,3.12.3,2026-10-09T18:44:57Z
30,ECDH-P256,classical,,encapsulate,0.1202,0.0,0.0,0.0,91,138,0,0,0,0,0,0.0,1.8028,nan,edge/x86_64,,3.12.3,2026-10-09T18:44:57Z
31,ECDH-P256,classical,,keygen,0.0293,0.0,0.0,0.0,91,138,0,0,0,0,0,0.0,0.4398,nan,edge/x86_64,,3.12.3,2026-10-09T18:44:57Z
31,ECDH-P256,classical,,encapsulate,0.1058,0.0,0.0,0.0,91,138,0,0,0,0,0,0.0,1.5867,nan,edge/x86_64,,3.12.3,2026-10-09T18:44:57Z
32,ECDH-P256,classical,,keygen,0.0289,0.0,0.0,0.0,91,138,0,0,0,0,0,0.0,0.4333,nan,edge/x86_64,,3.12.3,2026-10-09T18:44:57Z
32,ECDH-P256,classical,,encapsulate,0.1055,0.0,0.0,0.0,91,138,0,0,0,0,0,0.0,1.5819,nan,edge/x86_64,,3.12.3,2026-10-09T18:44:57Z
33,ECDH-P256,classical,,keygen,0.0294,0.0,0.0,0.0,91,138,0,0,0,0,0,0.0,0.4406,nan,edge/x86_64,,3.12.3,2026-10-09T18:44:57Z
33,ECDH-P256,classical,,encapsulate,0.1002,0.0,0.0,0.0,91,138,0,0,0,0,0,0.0,1.503,nan,edge/x86_64,,3.12.3,2026-10-09T18:44:57Z
34,ECDH-P256,classical,,keygen,0.0291,0.0,0.0,0.0,91,138,0,0,0,0,0,0.0,0.4369,nan,edge/x86_64,,3.12.3,2026-10-09T18:44:57Z
34,ECDH-P256,classical,,encapsulate,0.119,0.0,0.0,0.0,91,138,0,0,0,0,0,0.0,1.7853,nan,edge/x86_64,,3.12.3,2026-10-09T18:44:57Z
35,ECDH-P256,classical,,keygen,0.1428,0.0,0.0,0.0,91,138,0,0,0,0,0,0.0,2.1427,nan,edge/x86_64,,3.12.3,2026-10-09T18:44:57Z
35,ECDH-P256,classical,,encapsulate,0.1037,0.0,0.0,0.0,91,138,0,0,0,0,0,0.0,1.5562,nan,edge/x86_64,,3.12.3,2026-10-09T18:44:57Z
36,ECDH-P256,classical,,keygen,0.027,0.0,0.0,0.0,91,138,0,0,0,0,0,0.0,0.4057,nan,edge/x86_64,,3.12.3,2026-10-09T18:44:57Z
36,ECDH-P256,classical,,encapsulate,0.1074,0.0,0.0,0.0,91,138,0,0,0,0,0,0.0,1.6116,nan,edge/x86_64,,3.12.3,2026-10-09T18:44:57Z
37,ECDH-P256,classical,,keygen,0.0282,0.0,0.0,0.0,91,138,0,0,0,0,0,0.0,0.4224,nan,edge/x86_64,,3.12.3,2026-10-09T18:44:57Z
37,ECDH-P256,classical,,encapsulate,0.1021,0.0,0.0,0.0,91,138,0,0,0,0,0,0.0,1.5318,nan,edge/x86_64,,3.12.3,2026-10-09T18:44:57Z
38,ECDH-P256,classical,,keygen,0.0303,0.0,0.0,0.0,91,138,0,0,0,0,0,0.0,0.4539,nan,edge/x86_64,,3.12.3,2026-10-09T18:44:57Z
38,ECDH-P256,classical,,encapsulate,0.1064,0.0,0.0,0.0,91,138,0,0,0,0,0,0.0,1.5965,nan,edge/x86_64,,3.12.3,2026-10-09T18:44:57Z
39,ECDH-P256,classical,,keygen,0.0322,0.0,0.0,0.0,91,138,0,0,0,0,0,0.0,0.4824,nan,edge/x86_64,,3.12.3,2026-10-09T18:44:57Z
39,ECDH-P256,classical,,encapsulate,0.141,0.0,0.0,0.0,91,138,0,0,0,0,0,0.0,2.1155,nan,edge/x86_64,,3.12.3,2026-10-09T18:44:57Z
40,ECDH-P256,classical,,keygen,0.0324,0.0,0.0,0.0,91,138,0,0,0,0,0,0.0,0.486,nan,edge/x86_64,,3.12.3,2026-10-09T18:44:57Z
40,ECDH-P256,classical,,encapsulate,0.1107,0.0,0.0,0.0,91,138,0,0,0,0,0,0.0,1.6612,nan,edge/x86_64,,3.12.3,2026-10-09T18:44:57Z
41,ECDH-P256,classical,,keygen,0.0293,0.0,0.0,0.0,91,138,0,0,0,0,0,0.0,0.4389,nan,edge/x86_64,,3.12.3,2026-10-09T18:44:57Z
41,ECDH-P256,classical,,encapsulate,0.1045,0.0,0.0,0.0,91,138,0,0,0,0,0,0.0,1.5678,nan,edge/x86_64,,3.12.3,2026-10-09T18:44:57Z
42,ECDH-P256,classical,,keygen,0.0276,0.0,0.0,0.0,91,138,0,0,0,0,0,0.0,0.4133,nan,edge/x86_64,,3.12.3,2026-10-09T18:44:57Z
42,ECDH-P256,classical,,encapsulate,0.1039,0.0,0.0,0.0,91,138,0,0,0,0,0,0.0,1.5584,nan,edge/x86_64,,3.12.3,2026-10-09T18:44:57Z
43,ECDH-P256,classical,,keygen,0.059,0.0,0.0,0.0,91,138,0,0,0,0,0,0.0,0.8851,nan,edge/x86_64,,3.12.3,2026-10-09T18:44:57Z
43,ECDH-P256,classical,,encapsulate,0.1036,0.0,0.0,0.0,91,138,0,0,0,0,0,0.0,1.5542,nan,edge/x86_64,,3.12.3,2026-10-09T18:44:57Z
44,ECDH-P256,classical,,keygen,0.031,0.0,0.0,0.0,91,138,0,0,0,0,0,0.0,0.4644,nan,edge/x86_64,,3.12.3,2026-10-09T18:44:57Z
44,ECDH-P256,classical,,encapsulate,0.1039,0.0,0.0,0.0,91,138,0,0,0,0,0,0.0,1.5586,nan,edge/x86_64,,3.12.3,2026-10-09T18:44:57Z
45,ECDH-P256,classical,,keygen,0.028,0.0,0.0,0.0,91,138,0,0,0,0,0,0.0,0.4204,nan,edge/x86_64,,3.12.3,2026-10-09T18:44:57Z
45,ECDH-P256,classical,,encapsulate,0.1027,0.0,0.0,0.0,91,138,0,0,0,0,0,0.0,1.5403,nan,edge/x86_64,,3.12.3,2026-10-09T18:44:57Z
46,ECDH-P256,classical,,keygen,0.0307,0.0,0.0,0.0,91,138,0,0,0,0,0,0.0,0.4606,nan,edge/x86_64,,3.12.3,2026-10-09T18:44:57Z
46,ECDH-P256,classical,,encapsulate,0.0994,0.0,0.0,0.0,91,138,0,0,0,0,0,0.0,1.4913,nan,edge/x86_64,,3.12.3,2026-10-09T18:44:57Z
47,ECDH-P256,classical,,keygen,0.0274,0.0,0.0,0.0,91,138,0,0,0,0,0,0.0,0.4106,nan,edge/x86_64,,3.12.3,2026-10-09T18:44:57Z
47,ECDH-P256,classical,,encapsulate,0.1066,0.0,0.0,0.0,91,138,0,0,0,0,0,0.0,1.5994,nan,edge/x86_64,,3.12.3,2026-10-09T18:44:57Z
48,ECDH-P256,classical,,keygen,0.029,0.0,0.0,0.0,91,138,0,0,0,0,0,0.0,0.4351,nan,edge/x86_64,,3.12.3,2026-10-09T18:44:57Z
48,ECDH-P256,classical,,encapsulate,0.1042,0.0,0.0,0.0,91,138,0,0,0,0,0,0.0,1.5626,nan,edge/x86_64,,3.12.3,2026-10-09T18:44:57Z
49,ECDH-P256,classical,,keygen,0.0441,0.0,0.0,0.0,91,138,0,0,0,0,0,0.0,0.6611,nan,edge/x86_64,,3.12.3,2026-10-09T18:44:57Z
49,ECDH-P256,classical,,encapsulate,0.0807,0.0,0.0,0.0,91,138,0,0,0,0,0,0.0,1.2101,nan,edge/x86_64,,3.12.3,2026-10-09T18:44:57Z
50,ECDH-P256,classical,,keygen,0.0556,0.0,0.0,0.0,91,138,0,0,0,0,0,0.0,0.8345,nan,edge/x86_64,,3.12.3,2026-10-09T18:44:57Z
50,ECDH-P256,classical,,encapsulate,0.1084,0.0,0.0,0.0,91,138,0,0,0,0,0,0.0,1.6259,nan,edge/x86_64,,3.12.3,2026-10-09T18:44:57Z
51,ECDH-P256,classical,,keygen,0.0305,0.0,0.0,0.0,91,138,0,0,0,0,0,0.0,0.4569,nan,edge/x86_64,,3.12.3,2026-10-09T18:44:57Z
51,ECDH-P256,classical,,encapsulate,0.1011,0.0,0.0,0.0,91,138,0,0,0,0,0,0.0,1.5161,nan,edge/x86_64,,3.12.3,2026-10-09T18:44:57Z
52,ECDH-P256,classical,,keygen,0.031,0.0,0.0,0.0,91,138,0,0,0,0,0,0.0,0.4643,nan,edge/x86_64,,3.12.3,2026-10-09T18:44:57Z
52,ECDH-P256,classical,,encapsulate,0.1071,0.0,0.0,0.0,91,138,0,0,0,0,0,0.0,1.606,nan,edge/x86_64,,3.12.3,2026-10-09T18:44:57Z
53,ECDH-P256,classical,,keygen,0.0334,0.0,0.0,0.0,91,138,0,0,0,0,0,0.0,0.5005,nan,edge/x86_64,,3.12.3,2026-10-09T18:44:57Z
53,ECDH-P256,classical,,encapsulate,0.135,0.0,0.0,0.0,91,138,0,0,0,0,0,0.0,2.0243,nan,edge/x86_64,,3.12.3,2026-10-09T18:44:57Z
54,ECDH-P256,classical,,keygen,0.0328,0.0,0.0,0.0,91,138,0,0,0,0,0,0.0,0.4925,nan,edge/x86_64,,3.12.3,2026-10-09T18:44:57Z
54,ECDH-P256,classical,,encapsulate,0.1047,0.0,0.0,0.0,91,138,0,0,0,0,0,0.0,1.5708,nan,edge/x86_64,,3.12.3,2026-10-09T18:44:57Z
55,ECDH-P256,classical,,keygen,0.0285,0.0,0.0,0.0,91,138,0,0,0,0,0,0.0,0.427,nan,edge/x86_64,,3.12.3,2026-10-09T18:44:57Z
55,ECDH-P256,classical,,encapsulate,0.1023,0.0,0.0,0.0,91,138,0,0,0,0,0,0.0,1.5351,nan,edge/x86_64,,3.12.3,2026-10-09T18:44:57Z
56,ECDH-P256,classical,,keygen,0.0272,0.0,0.0,0.0,91,138,0,0,0,0,0,0.0,0.4075,nan,edge/x86_64,,3.12.3,2026-10-09T18:44:57Z
56,ECDH-P256,classical,,encapsulate,0.1012,0.0,0.0,0.0,91,138,0,0,0,0,0,0.0,1.5179,nan,edge/x86_64,,3.12.3,2026-10-09T18:44:57Z
57,ECDH-P256,classical,,keygen,0.0301,0.0,0.0,0.0,91,138,0,0,0,0,0,0.0,0.4517,nan,edge/x86_64,,3.12.3,2026-10-09T18:44:57Z
57,ECDH-P256,classical,,encapsulate,0.185,0.0,0.0,0.0,91,138,0,0,0,0,0,0.0,2.7757,nan,edge/x86_64,,3.12.3,2026-10-09T18:44:57Z
58,ECDH-P256,classical,,keygen,0.0616,0.0,0.0,0.0,91,138,0,0,0,0,0,0.0,0.9237,nan,edge/x86_64,,3.12.3,2026-10-09T18:44:57Z
58,ECDH-P256,classical,,encapsulate,0.0669,0.0,0.0,0.0,91,138,0,0,0,0,0,0.0,1.0036,nan,edge/x86_64,,3.12.3,2026-10-09T18:44:57Z
59,ECDH-P256,classical,,keygen,0.0172,0.0,0.0,0.0,91,138,0,0,0,0,0,0.0,0.2581,nan,edge/x86_64,,3.12.3,2026-10-09T18:44:57Z
59,ECDH-P256,classical,,encapsulate,0.0793,0.0,0.0,0.0,91,138,0,0,0,0,0,0.0,1.19,nan,edge/x86_64,,3.12.3,2026-10-09T18:44:57Z
60,ECDH-P256,classical,,keygen,0.3125,0.0,0.0,0.0,91,138,0,0,0,0,0,0.0,4.6875,nan,edge/x86_64,,3.12.3,2026-10-09T18:44:57Z
60,ECDH-P256,classical,,encapsulate,0.08,0.0,0.0,0.0,91,138,0,0,0,0,0,0.0,1.2003,nan,edge/x86_64,,3.12.3,2026-10-09T18:44:57Z
61,ECDH-P256,classical,,keygen,0.0196,0.0,0.0,0.0,91,138,0,0,0,0,0,0.0,0.2941,nan,edge/x86_64,,3.12.3,2026-10-09T18:44:57Z
61,ECDH-P256,classical,,encapsulate,0.0567,0.0,0.0,0.0,91,138,0,0,0,0,0,0.0,0.85,nan,edge/x86_64,,3.12.3,2026-10-09T18:44:57Z
62,ECDH-P256,classical,,keygen,0.0165,0.0,0.0,0.0,91,138,0,0,0,0,0,0.0,0.2475,nan,edge/x86_64,,3.12.3,2026-10-09T18:44:57Z
62,ECDH-P256,classical,,encapsulate,0.0561,0.0,0.0,0.0,91,138,0,0,0,0,0,0.0,0.8413,nan,edge/x86_64,,3.12.3,2026-10-09T18:44:57Z
63,ECDH-P256,classical,,keygen,0.0167,0.0,0.0,0.0,91,138,0,0,0,0,0,0.0,0.2511,nan,edge/x86_64,,3.12.3,2026-10-09T18:44:57Z
63,ECDH-P256,classical,,encapsulate,0.0561,0.0,0.0,0.0,91,138,0,0,0,0,0,0.0,0.8413,nan,edge/x86_64,,3.12.3,2026-10-09T18:44:57Z
64,ECDH-P256,classical,,keygen,0.0183,0.0,0.0,0.0,91,138,0,0,0,0,0,0.0,0.2738,nan,edge/x86_64,,3.12.3,2026-10-09T18:44:57Z
64,ECDH-P256,classical,,encapsulate,0.0565,0.0,0.0,0.0,91,138,0,0,0,0,0,0.0,0.848,nan,edge/x86_64,,3.12.3,2026-10-09T18:44:57Z
65,ECDH-P256,classical,,keygen,0.0165,0.0,0.0,0.0,91,138,0,0,0,0,0,0.0,0.248,nan,edge/x86_64,,3.12.3,2026-10-09T18:44:57Z
65,ECDH-P256,classical,,encapsulate,0.056,0.0,0.0,0.0,91,138,0,0,0,0,0,0.0,0.8406,nan,edge/x86_64,,3.12.3,2026-10-09T18:44:57Z
66,ECDH-P256,classical,,keygen,0.0169,0.0,0.0,0.0,91,138,0,0,0,0,0,0.0,0.2541,nan,edge/x86_64,,3.12.3,2026-10-09T18:44:57Z
66,ECDH-P256,classical,,encapsulate,0.0563,0.0,0.0,0.0,91,138,0,0,0,0,0,0.0,0.8449,nan,edge/x86_64,,3.12.3,2026-10-09T18:44:57Z
67,ECDH-P256,classical,,keygen,0.0165,0.0,0.0,0.0,91,138,0,0,0,0,0,0.0,0.2474,nan,edge/x86_64,,3.12.3,2026-10-09T18:44:57Z
67,ECDH-P256,classical,,encapsulate,0.0557,0.0,0.0,0.0,91,138,0,0,0,0,0,0.0,0.8359,nan,edge/x86_64,,3.12.3,2026-10-09T18:44:57Z
68,ECDH-P256,classical,,keygen,0.0164,0.0,0.0,0.0,91,138,0,0,0,0,0,0.0,0.2455,nan,edge/x86_64,,3.12.3,2026-10-09T18:44:57Z
68,ECDH-P256,classical,,encapsulate,0.0725,0.0,0.0,0.0,91,138,0,0,0,0,0,0.0,1.0871,nan,edge/x86_64,,3.12.3,2026-10-09T18:44:57Z
69,ECDH-P256,classical,,keygen,0.0183,0.0,0.0,0.0,91,138,0,0,0,0,0,0.0,0.2751,nan,edge/x86_64,,3.12.3,2026-10-09T18:44:57Z
69,ECDH-P256,classical,,encapsulate,0.0563,0.0,0.0,0.0,91,138,0,0,0,0,0,0.0,0.8439,nan,edge/x86_64,,3.12.3,2026-10-09T18:44:57Z
70,ECDH-P256,classical,,keygen,0.0166,0.0,0.0,0.0,91,138,0,0,0,0,0,0.0,0.2493,nan,edge/x86_64,,3.12.3,2026-10-09T18:44:57Z
70,ECDH-P256,classical,,encapsulate,0.056,0.0,0.0,0.0,91,138,0,0,0,0,0,0.0,0.8393,nan,edge/x86_64,,3.12.3,2026-10-09T18:44:57Z
71,ECDH-P256,classical,,keygen,0.0182,0.0,0.0,0.0,91,138,0,0,0,0,0,0.0,0.2728,nan,edge/x86_64,,3.12.3,2026-10-09T18:44:57Z
71,ECDH-P256,classical,,encapsulate,0.0568,0.0,0.0,0.0,91,138,0,0,0,0,0,0.0,0.8514,nan,edge/x86_64,,3.12.3,2026-10-09T18:44:57Z
72,ECDH-P256,classical,,keygen,0.0169,0.0,0.0,0.0,91,138,0,0,0,0,0,0.0,0.2531,nan,edge/x86_64,,3.12.3,2026-10-09T18:44:57Z
72,ECDH-P256,classical,,encapsulate,0.0566,0.0,0.0,0.0,91,138,0,0,0,0,0,0.0,0.8485,nan,edge/x86_64,,3.12.3,2026-10-09T18:44:57Z
73,ECDH-P256,classical,,keygen,0.0173,0.0,0.0,0.0,91,138,0,0,0,0,0,0.0,0.2595,nan,edge/x86_64,,3.12.3,2026-10-09T18:44:57Z
73,ECDH-P256,classical,,encapsulate,0.0894,0.0,0.0,0.0,91,138,0,0,0,0,0,0.0,1.3407,nan,edge/x86_64,,3.12.3,2026-10-09T18:44:57Z
74,ECDH-P256,classical,,keygen,0.0233,0.0,0.0,0.0,91,138,0,0,0,0,0,0.0,0.3491,nan,edge/x86_64,,3.12.3,2026-10-09T18:44:57Z
74,ECDH-P256,classical,,encapsulate,0.0578,0.0,0.0,0.0,91,138,0,0,0,0,0,0.0,0.8669,nan,edge/x86_64,,3.12.3,2026-10-09T18:44:57Z
75,ECDH-P256,classical,,keygen,0.0172,0.0,0.0,0.0,91,138,0,0,0,0,0,0.0,0.2576,nan,edge/x86_64,,3.12.3,2026-10-09T18:44:57Z
75,ECDH-P256,classical,,encapsulate,0.0563,0.0,0.0,0.0,91,138,0,0,0,0,0,0.0,0.8444,nan,edge/x86_64,,3.12.3,2026-10-09T18:44:57Z
76,ECDH-P256,classical,,keygen,0.0169,0.0,0.0,0.0,91,138,0,0,0,0,0,0.0,0.2533,nan,edge/x86_64,,3.12.3,2026-10-09T18:44:57Z
76,ECDH-P256,classical,,encapsulate,0.0568,0.0,0.0,0.0,91,138,0,0,0,0,0,0.0,0.8524,nan,edge/x86_64,,3.12.3,2026-10-09T18:44:57Z
77,ECDH-P256,classical,,keygen,0.0192,0.0,0.0,0.0,91,138,0,0,0,0,0,0.0,0.2881,nan,edge/x86_64,,3.12.3,2026-10-09T18:44:57Z
77,ECDH-P256,classical,,encapsulate,0.0577,0.0,0.0,0.0,91,138,0,0,0,0,0,0.0,0.8648,nan,edge/x86_64,,3.12.3,2026-10-09T18:44:57Z
78,ECDH-P256,classical,,keygen,0.0172,0.0,0.0,0.0,91,138,0,0,0,0,0,0.0,0.2585,nan,edge/x86_64,,3.12.3,2026-10-09T18:44:57Z
78,ECDH-P256,classical,,encapsulate,0.0565,0.0,0.0,0.0,91,138,0,0,0,0,0,0.0,0.8478,nan,edge/x86_64,,3.12.3,2026-10-09T18:44:57Z
79,ECDH-P256,classical,,keygen,0.0166,0.0,0.0,0.0,91,138,0,0,0,0,0,0.0,0.2495,nan,edge/x86_64,,3.12.3,2026-10-09T18:44:57Z
79,ECDH-P256,classical,,encapsulate,0.0565,0.0,0.0,0.0,91,138,0,0,0,0,0,0.0,0.8475,nan,edge/x86_64,,3.12.3,2026-10-09T18:44:57Z
80,ECDH-P256,classical,,keygen,0.0166,0.0,0.0,0.0,91,138,0,0,0,0,0,0.0,0.2494,nan,edge/x86_64,,3.12.3,2026-10-09T18:44:57Z
80,ECDH-P256,classical,,encapsulate,0.0563,0.0,0.0,0.0,91,138,0,0,0,0,0,0.0,0.8449,nan,edge/x86_64,,3.12.3,2026-10-09T18:44:57Z
81,ECDH-P256,classical,,keygen,0.0168,0.0,0.0,0.0,91,138,0,0,0,0,0,0.0,0.2527,nan,edge/x86_64,,3.12.3,2026-10-09T18:44:57Z
81,ECDH-P256,classical,,encapsulate,0.0562,0.0,0.0,0.0,91,138,0,0,0,0,0,0.0,0.8432,nan,edge/x86_64,,3.12.3,2026-10-09T18:44:57Z
82,ECDH-P256,classical,,keygen,0.0174,0.0,0.0,0.0,91,138,0,0,0,0,0,0.0,0.2605,nan,edge/x86_64,,3.12.3,2026-10-09T18:44:57Z
82,ECDH-P256,classical,,encapsulate,0.0565,0.0,0.0,0.0,91,138,0,0,0,0,0,0.0,0.8472,nan,edge/x86_64,,3.12.3,2026-10-09T18:44:57Z
83,ECDH-P256,classical,,keygen,0.017,0.0,0.0,0.0,91,138,0,0,0,0,0,0.0,0.2546,nan,edge/x86_64,,3.12.3,2026-10-09T18:44:57Z
83,ECDH-P256,classical,,encapsulate,0.0563,0.0,0.0,0.0,91,138,0,0,0,0,0,0.0,0.8441,nan,edge/x86_64,,3.12.3,2026-10-09T18:44:57Z
84,ECDH-P256,classical,,keygen,0.0173,0.0,0.0,0.0,91,138,0,0,0,0,0,0.0,0.2592,nan,edge/x86_64,,3.12.3,2026-10-09T18:44:57Z
84,ECDH-P256,classical,,encapsulate,0.0572,0.0,0.0,0.0,91,138,0,0,0,0,0,0.0,0.8586,nan,edge/x86_64,,3.12.3,2026-10-09T18:44:57Z
85,ECDH-P256,classical,,keygen,0.0172,0.0,0.0,0.0,91,138,0,0,0,0,0,0.0,0.2583,nan,edge/x86_64,,3.12.3,2026-10-09T18:44:57Z
85,ECDH-P256,classical,,encapsulate,0.0571,0.0,0.0,0.0,91,138,0,0,0,0,0,0.0,0.8568,nan,edge/x86_64,,3.12.3,2026-10-09T18:44:57Z
86,ECDH-P256,classical,,keygen,0.0176,0.0,0.0,0.0,91,138,0,0,0,0,0,0.0,0.2637,nan,edge/x86_64,,3.12.3,2026-10-09T18:44:57Z
86,ECDH-P256,classical,,encapsulate,0.056,0.0,0.0,0.0,91,138,0,0,0,0,0,0.0,0.8406,nan,edge/x86_64,,3.12.3,2026-10-09T18:44:57Z
87,ECDH-P256,classical,,keygen,0.0165,0.0,0.0,0.0,91,138,0,0,0,0,0,0.0,0.2482,nan,edge/x86_64,,3.12.3,2026-10-09T18:44:57Z
87,ECDH-P256,classical,,encapsulate,0.056,0.0,0.0,0.0,91,138,0,0,0,0,0,0.0,0.8406,nan,edge/x86_64,,3.12.3,2026-10-09T18:44:57Z
88,ECDH-P256,classical,,keygen,0.0165,0.0,0.0,0.0,91,138,0,0,0,0,0,0.0,0.2473,nan,edge/x86_64,,3.12.3,2026-10-09T18:44:57Z
88,ECDH-P256,classical,,encapsulate,0.0559,0.0,0.0,0.0,91,138,0,0,0,0,0,0.0,0.8386,nan,edge/x86_64,,3.12.3,2026-10-09T18:44:57Z
89,ECDH-P256,classical,,keygen,0.0164,0.0,0.0,0.0,91,138,0,0,0,0,0,0.0,0.2465,nan,edge/x86_64,,3.12.3,2026-10-09T18:44:57Z
89,ECDH-P256,classical,,encapsulate,0.0559,0.0,0.0,0.0,91,138,0,0,0,0,0,0.0,0.8379,nan,edge/x86_64,,3.12.3,2026-10-09T18:44:57Z
90,ECDH-P256,classical,,keygen,0.0166,0.0,0.0,0.0,91,138,0,0,0,0,0,0.0,0.2496,nan,edge/x86_64,,3.12.3,2026-10-09T18:44:57Z
90,ECDH-P256,classical,,encapsulate,0.0835,0.0,0.0,0.0,91,138,0,0,0,0,0,0.0,1.2524,nan,edge/x86_64,,3.12.3,2026-10-09T18:44:57Z
91,ECDH-P256,classical,,keygen,0.0367,0.0,0.0,0.0,91,138,0,0,0,0,0,0.0,0.5503,nan,edge/x86_64,,3.12.3,2026-10-09T18:44:57Z
91,ECDH-P256,classical,,encapsulate,0.0589,0.0,0.0,0.0,91,138,0,0,0,0,0,0.0,0.8842,nan,edge/x86_64,,3.12.3,2026-10-09T18:44:57Z
92,ECDH-P256,classical,,keygen,0.0173,0.0,0.0,0.0,91,138,0,0,0,0,0,0.0,0.26,nan,edge/x86_64,,3.12.3,2026-10-09T18:44:57Z
92,ECDH-P256,classical,,encapsulate,0.0561,0.0,0.0,0.0,91,138,0,0,0,0,0,0.0,0.842,nan,edge/x86_64,,3.12.3,2026-10-09T18:44:57Z
93,ECDH-P256,classical,,keygen,0.0167,0.0,0.0,0.0,91,138,0,0,0,0,0,0.0,0.2502,nan,edge/x86_64,,3.12.3,2026-10-09T18:44:57Z
93,ECDH-P256,classical,,encapsulate,0.0577,0.0,0.0,0.0,91,138,0,0,0,0,0,0.0,0.866,nan,edge/x86_64,,3.12.3,2026-10-09T18:44:57Z
94,ECDH-P256,classical,,keygen,0.0175,0.0,0.0,0.0,91,138,0,0,0,0,0,0.0,0.2619,nan,edge/x86_64,,3.12.3,2026-10-09T18:44:57Z
94,ECDH-P256,classical,,encapsulate,0.0567,0.0,0.0,0.0,91,138,0,0,0,0,0,0.0,0.8506,nan,edge/x86_64,,3.12.3,2026-10-09T18:44:57Z
95,ECDH-P256,classical,,keygen,0.0165,0.0,0.0,0.0,91,138,0,0,0,0,0,0.0,0.2479,nan,edge/x86_64,,3.12.3,2026-10-09T18:44:57Z
95,ECDH-P256,classical,,encapsulate,0.056,0.0,0.0,0.0,91,138,0,0,0,0,0,0.0,0.8406,nan,edge/x86_64,,3.12.3,2026-10-09T18:44:57Z
96,ECDH-P256,classical,,keygen,0.0164,0.0,0.0,0.0,91,138,0,0,0,0,0,0.0,0.246,nan,edge/x86_64,,3.12.3,2026-10-09T18:44:57Z
96,ECDH-P256,classical,,encapsulate,0.0569,0.0,0.0,0.0,91,138,0,0,0,0,0,0.0,0.8528,nan,edge/x86_64,,3.12.3,2026-10-09T18:44:57Z
97,ECDH-P256,classical,,keygen,0.0168,0.0,0.0,0.0,91,138,0,0,0,0,0,0.0,0.2513,nan,edge/x86_64,,3.12.3,2026-10-09T18:44:57Z
97,ECDH-P256,classical,,encapsulate,0.0559,0.0,0.0,0.0,91,138,0,0,0,0,0,0.0,0.8384,nan,edge/x86_64,,3.12.3,2026-10-09T18:44:57Z
98,ECDH-P256,classical,,keygen,0.0166,0.0,0.0,0.0,91,138,0,0,0,0,0,0.0,0.2494,nan,edge/x86_64,,3.12.3,2026-10-09T18:44:57Z
98,ECDH-P256,classical,,encapsulate,0.056,0.0,0.0,0.0,91,138,0,0,0,0,0,0.0,0.84,nan,edge/x86_64,,3.12.3,2026-10-09T18:44:57Z
99,ECDH-P256,classical,,keygen,0.0165,0.0,0.0,0.0,91,138,0,0,0,0,0,0.0,0.2471,nan,edge/x86_64,,3.12.3,2026-10-09T18:44:57Z
99,ECDH-P256,classical,,encapsulate,0.0596,0.0,0.0,0.0,91,138,0,0,0,0,0,0.0,0.8944,nan,edge/x86_64,,3.12.3,2026-10-09T18:44:57Z
100,ECDH-P256,classical,,keygen,0.0192,0.0,0.0,0.0,91,138,0,0,0,0,0,0.0,0.2874,nan,edge/x86_64,,3.12.3,2026-10-09T18:44:57Z
100,ECDH-P256,classical,,encapsulate,0.0564,0.0,0.0,0.0,91,138,0,0,0,0,0,0.0,0.8459,nan,edge/x86_64,,3.12.3,2026-10-09T18:44:57Z
101,ECDH-P256,classical,,keygen,0.0168,0.0,0.0,0.0,91,138,0,0,0,0,0,0.0,0.2517,nan,edge/x86_64,,3.12.3,2026-10-09T18:44:57Z
101,ECDH-P256,classical,,encapsulate,0.0697,0.0,0.0,0.0,91,138,0,0,0,0,0,0.0,1.045,nan,edge/x86_64,,3.12.3,2026-10-09T18:44:57Z
102,ECDH-P256,classical,,keygen,0.0182,0.0,0.0,0.0,91,138,0,0,0,0,0,0.0,0.2727,nan,edge/x86_64,,3.12.3,2026-10-09T18:44:57Z
102,ECDH-P256,classical,,encapsulate,0.0564,0.0,0.0,0.0,91,138,0,0,0,0,0,0.0,0.8464,nan,edge/x86_64,,3.12.3,2026-10-09T18:44:57Z
103,ECDH-P256,classical,,keygen,0.0165,0.0,0.0,0.0,91,138,0,0,0,0,0,0.0,0.2477,nan,edge/x86_64,,3.12.3,2026-10-09T18:44:57Z
103,ECDH-P256,classical,,encapsulate,0.0563,0.0,0.0,0.0,91,138,0,0,0,0,0,0.0,0.844,nan,edge/x86_64,,3.12.3,2026-10-09T18:44:57Z
104,ECDH-P256,classical,,keygen,0.0164,0.0,0.0,0.0,91,138,0,0,0,0,0,0.0,0.2454,nan,edge/x86_64,,3.12.3,2026-10-09T18:44:57Z
104,ECDH-P256,classical,,encapsulate,0.0562,0.0,0.0,0.0,91,138,0,0,0,0,0,0.0,0.8431,nan,edge/x86_64,,3.12.3,2026-10-09T18:44:57Z
105,ECDH-P256,classical,,keygen,0.0169,0.0,0.0,0.0,91,138,0,0,0,0,0,0.0,0.2531,nan,edge/x86_64,,3.12.3,2026-10-09T18:44:57Z
105,ECDH-P256,classical,,encapsulate,0.0561,0.0,0.0,0.0,91,138,0,0,0,0,0,0.0,0.8409,nan,edge/x86_64,,3.12.3,2026-10-09T18:44:57Z
106,ECDH-P256,classical,,keygen,0.0171,0.0,0.0,0.0,91,138,0,0,0,0,0,0.0,0.257,nan,edge/x86_64,,3.12.3,2026-10-09T18:44:57Z
106,ECDH-P256,classical,,encapsulate,0.0559,0.0,0.0,0.0,91,138,0,0,0,0,0,0.0,0.8386,nan,edge/x86_64,,3.12.3,2026-10-09T18:44:57Z
107,ECDH-P256,classical,,keygen,0.0171,0.0,0.0,0.0,91,138,0,0,0,0,0,0.0,0.2568,nan,edge/x86_64,,3.12.3,2026-10-09T18:44:57Z
107,ECDH-P256,classical,,encapsulate,0.0786,0.0,0.0,0.0,91,138,0,0,0,0,0,0.0,1.1796,nan,edge/x86_64,,3.12.3,2026-10-09T18:44:57Z
108,ECDH-P256,classical,,keygen,0.0227,0.0,0.0,0.0,91,138,0,0,0,0,0,0.0,0.3398,nan,edge/x86_64,,3.12.3,2026-10-09T18:44:57Z
108,ECDH-P256,classical,,encapsulate,0.0576,0.0,0.0,0.0,91,138,0,0,0,0,0,0.0,0.8637,nan,edge/x86_64,,3.12.3,2026-10-09T18:44:57Z
109,ECDH-P256,classical,,keygen,0.0184,0.0,0.0,0.0,91,138,0,0,0,0,0,0.0,0.2753,nan,edge/x86_64,,3.12.3,2026-10-09T18:44:57Z
109,ECDH-P256,classical,,encapsulate,0.0953,0.0,0.0,0.0,91,138,0,0,0,0,0,0.0,1.4294,nan,edge/x86_64,,3.12.3,2026-10-09T18:44:57Z
110,ECDH-P256,classical,,keygen,0.0187,0.0,0.0,0.0,91,138,0,0,0,0,0,0.0,0.2809,nan,edge/x86_64,,3.12.3,2026-10-09T18:44:57Z
110,ECDH-P256,classical,,encapsulate,0.0564,0.0,0.0,0.0,91,138,0,0,0,0,0,0.0,0.8462,nan,edge/x86_64,,3.12.3,2026-10-09T18:44:57Z
111,ECDH-P256,classical,,keygen,0.0166,0.0,0.0,0.0,91,138,0,0,0,0,0,0.0,0.2493,nan,edge/x86_64,,3.12.3,2026-10-09T18:44:57Z
111,ECDH-P256,classical,,encapsulate,0.056,0.0,0.0,0.0,91,138,0,0,0,0,0,0.0,0.8402,nan,edge/x86_64,,3.12.3,2026-10-09T18:44:57Z
112,ECDH-P256,classical,,keygen,0.0167,0.0,0.0,0.0,91,138,0,0,0,0,0,0.0,0.2507,nan,edge/x86_64,,3.12.3,2026-10-09T18:44:57Z
112,ECDH-P256,classical,,encapsulate,0.0562,0.0,0.0,0.0,91,138,0,0,0,0,0,0.0,0.8435,nan,edge/x86_64,,3.12.3,2026-10-09T18:44:57Z
113,ECDH-P256,classical,,keygen,0.0167,0.0,0.0,0.0,91,138,0,0,0,0,0,0.0,0.2506,nan,edge/x86_64,,3.12.3,2026-10-09T18:44:57Z
113,ECDH-P256,classical,,encapsulate,0.056,0.0,0.0,0.0,91,138,0,0,0,0,0,0.0,0.84,nan,edge/x86_64,,3.12.3,2026-10-09T18:44:57Z
114,ECDH-P256,classical,,keygen,0.0165,0.0,0.0,0.0,91,138,0,0,0,0,0,0.0,0.2469,nan,edge/x86_64,,3.12.3,2026-10-09T18:44:57Z
114,ECDH-P256,classical,,encapsulate,0.056,0.0,0.0,0.0,91,138,0,0,0,0,0,0.0,0.8406,nan,edge/x86_64,,3.12.3,2026-10-09T18:44:57Z
115,ECDH-P256,classical,,keygen,0.0166,0.0,0.0,0.0,91,138,0,0,0,0,0,0.0,0.2486,nan,edge/x86_64,,3.12.3,2026-10-09T18:44:57Z
115,ECDH-P256,classical,,encapsulate,0.056,0.0,0.0,0.0,91,138,0,0,0,0,0,0.0,0.8405,nan,edge/x86_64,,3.12.3,2026-10-09T18:44:57Z
116,ECDH-P256,classical,,keygen,0.0166,0.0,0.0,0.0,91,138,0,0,0,0,0,0.0,0.2496,nan,edge/x86_64,,3.12.3,2026-10-09T18:44:57Z
116,ECDH-P256,classical,,encapsulate,0.056,0.0,0.0,0.0,91,138,0,0,0,0,0,0.0,0.84,nan,edge/x86_64,,3.12.3,2026-10-09T18:44:57Z
117,ECDH-P256,classical,,keygen,0.0164,0.0,0.0,0.0,91,138,0,0,0,0,0,0.0,0.2467,nan,edge/x86_64,,3.12.3,2026-10-09T18:44:57Z
117,ECDH-P256,classical,,encapsulate,0.056,0.0,0.0,0.0,91,138,0,0,0,0,0,0.0,0.8403,nan,edge/x86_64,,3.12.3,2026-10-09T18:44:57Z
118,ECDH-P256,classical,,keygen,0.0186,0.0,0.0,0.0,91,138,0,0,0,0,0,0.0,0.2784,nan,edge/x86_64,,3.12.3,2026-10-09T18:44:57Z
118,ECDH-P256,classical,,encapsulate,0.0567,0.0,0.0,0.0,91,138,0,0,0,0,0,0.0,0.85,nan,edge/x86_64,,3.12.3,2026-10-09T18:44:57Z
119,ECDH-P256,classical,,keygen,0.0166,0.0,0.0,0.0,91,138,0,0,0,0,0,0.0,0.2492,nan,edge/x86_64,,3.12.3,2026-10-09T18:44:57Z
119,ECDH-P256,classical,,encapsulate,0.0677,0.0,0.0,0.0,91,138,0,0,0,0,0,0.0,1.0156,nan,edge/x86_64,,3.12.3,2026-10-09T18:44:57Z
120,ECDH-P256,classical,,keygen,0.0227,0.0,0.0,0.0,91,138,0,0,0,0,0,0.0,0.3411,nan,edge/x86_64,,3.12.3,2026-10-09T18:44:57Z
120,ECDH-P256,classical,,encapsulate,0.058,0.0,0.0,0.0,91,138,0,0,0,0,0,0.0,0.8706,nan,edge/x86_64,,3.12.3,2026-10-09T18:44:57Z
121,ECDH-P256,classical,,keygen,0.017,0.0,0.0,0.0,91,138,0,0,0,0,0,0.0,0.2545,nan,edge/x86_64,,3.12.3,2026-10-09T18:44:57Z
121,ECDH-P256,classical,,encapsulate,0.0564,0.0,0.0,0.0,91,138,0,0,0,0,0,0.0,0.846,nan,edge/x86_64,,3.12.3,2026-10-09T18:44:57Z
122,ECDH-P256,classical,,keygen,0.0166,0.0,0.0,0.0,91,138,0,0,0,0,0,0.0,0.2495,nan,edge/x86_64,,3.12.3,2026-10-09T18:44:57Z
122,ECDH-P256,classical,,encapsulate,0.0562,0.0,0.0,0.0,91,138,0,0,0,0,0,0.0,0.8431,nan,edge/x86_64,,3.12.3,2026-10-09T18:44:57Z
123,ECDH-P256,classical,,keygen,0.0168,0.0,0.0,0.0,91,138,0,0,0,0,0,0.0,0.2518,nan,edge/x86_64,,3.12.3,2026-10-09T18:44:57Z
123,ECDH-P256,classical,,encapsulate,0.0594,0.0,0.0,0.0,91,138,0,0,0,0,0,0.0,0.8904,nan,edge/x86_64,,3.12.3,2026-10-09T18:44:57Z
124,ECDH-P256,classical,,keygen,0.0177,0.0,0.0,0.0,91,138,0,0,0,0,0,0.0,0.2657,nan,edge/x86_64,,3.12.3,2026-10-09T18:44:57Z
124,ECDH-P256,classical,,encapsulate,0.0564,0.0,0.0,0.0,91,138,0,0,0,0,0,0.0,0.8457,nan,edge/x86_64,,3.12.3,2026-10-09T18:44:57Z
125,ECDH-P256,classical,,keygen,0.0166,0.0,0.0,0.0,91,138,0,0,0,0,0,0.0,0.2488,nan,edge/x86_64,,3.12.3,2026-10-09T18:44:57Z
125,ECDH-P256,classical,,encapsulate,0.0985,0.0,0.0,0.0,91,138,0,0,0,0,0,0.0,1.4778,nan,edge/x86_64,,3.12.3,2026-10-09T18:44:57Z
126,ECDH-P256,classical,,keygen,0.0185,0.0,0.0,0.0,91,138,0,0,0,0,0,0.0,0.2782,nan,edge/x86_64,,3.12.3,2026-10-09T18:44:57Z
126,ECDH-P256,classical,,encapsulate,0.0571,0.0,0.0,0.0,91,138,0,0,0,0,0,0.0,0.8566,nan,edge/x86_64,,3.12.3,2026-10-09T18:44:57Z
127,ECDH-P256,classical,,keygen,0.0176,0.0,0.0,0.0,91,138,0,0,0,0,0,0.0,0.2642,nan,edge/x86_64,,3.12.3,2026-10-09T18:44:57Z
127,ECDH-P256,classical,,encapsulate,0.0566,0.0,0.0,0.0,91,138,0,0,0,0,0,0.0,0.8486,nan,edge/x86_64,,3.12.3,2026-10-09T18:44:57Z
128,ECDH-P256,classical,,keygen,0.0165,0.0,0.0,0.0,91,138,0,0,0,0,0,0.0,0.247,nan,edge/x86_64,,3.12.3,2026-10-09T18:44:57Z
128,ECDH-P256,classical,,encapsulate,0.0565,0.0,0.0,0.0,91,138,0,0,0,0,0,0.0,0.8469,nan,edge/x86_64,,3.12.3,2026-10-09T18:44:57Z
129,ECDH-P256,classical,,keygen,0.0165,0.0,0.0,0.0,91,138,0,0,0,0,0,0.0,0.2477,nan,edge/x86_64,,3.12.3,2026-10-09T18:44:57Z
129,ECDH-P256,classical,,encapsulate,0.056,0.0,0.0,0.0,91,138,0,0,0,0,0,0.0,0.8402,nan,edge/x86_64,,3.12.3,2026-10-09T18:44:57Z
130,ECDH-P256,classical,,keygen,0.0166,0.0,0.0,0.0,91,138,0,0,0,0,0,0.0,0.2497,nan,edge/x86_64,,3.12.3,2026-10-09T18:44:57Z
130,ECDH-P256,classical,,encapsulate,0.0561,0.0,0.0,0.0,91,138,0,0,0,0,0,0.0,0.8409,nan,edge/x86_64,,3.12.3,2026-10-09T18:44:57Z
131,ECDH-P256,classical,,keygen,0.0165,0.0,0.0,0.0,91,138,0,0,0,0,0,0.0,0.2471,nan,edge/x86_64,,3.12.3,2026-10-09T18:44:57Z
131,ECDH-P256,classical,,encapsulate,0.0721,0.0,0.0,0.0,91,138,0,0,0,0,0,0.0,1.0812,nan,edge/x86_64,,3.12.3,2026-10-09T18:44:57Z
132,ECDH-P256,classical,,keygen,0.0217,0.0,0.0,0.0,91,138,0,0,0,0,0,0.0,0.3254,nan,edge/x86_64,,3.12.3,2026-10-09T18:44:57Z
132,ECDH-P256,classical,,encapsulate,0.0576,0.0,0.0,0.0,91,138,0,0,0,0,0,0.0,0.8646,nan,edge/x86_64,,3.12.3,2026-10-09T18:44:57Z
133,ECDH-P256,classical,,keygen,0.017,0.0,0.0,0.0,91,138,0,0,0,0,0,0.0,0.2554,nan,edge/x86_64,,3.12.3,2026-10-09T18:44:57Z
133,ECDH-P256,classical,,encapsulate,0.0683,0.0,0.0,0.0,91,138,0,0,0,0,0,0.0,1.0248,nan,edge/x86_64,,3.12.3,2026-10-09T18:44:57Z
134,ECDH-P256,classical,,keygen,0.0182,0.0,0.0,0.0,91,138,0,0,0,0,0,0.0,0.2727,nan,edge/x86_64,,3.12.3,2026-10-09T18:44:57Z
134,ECDH-P256,classical,,encapsulate,0.0563,0.0,0.0,0.0,91,138,0,0,0,0,0,0.0,0.844,nan,edge/x86_64,,3.12.3,2026-10-09T18:44:57Z
135,ECDH-P256,classical,,keygen,0.0166,0.0,0.0,0.0,91,138,0,0,0,0,0,0.0,0.2494,nan,edge/x86_64,,3.12.3,2026-10-09T18:44:57Z
135,ECDH-P256,classical,,encapsulate,0.056,0.0,0.0,0.0,91,138,0,0,0,0,0,0.0,0.8395,nan,edge/x86_64,,3.12.3,2026-10-09T18:44:57Z
136,ECDH-P256,classical,,keygen,0.018,0.0,0.0,0.0,91,138,0,0,0,0,0,0.0,0.2693,nan,edge/x86_64,,3.12.3,2026-10-09T18:44:57Z
136,ECDH-P256,classical,,encapsulate,0.0562,0.0,0.0,0.0,91,138,0,0,0,0,0,0.0,0.8435,nan,edge/x86_64,,3.12.3,2026-10-09T18:44:57Z
137,ECDH-P256,classical,,keygen,0.0168,0.0,0.0,0.0,91,138,0,0,0,0,0,0.0,0.2517,nan,edge/x86_64,,3.12.3,2026-10-09T18:44:57Z
137,ECDH-P256,classical,,encapsulate,0.0559,0.0,0.0,0.0,91,138,0,0,0,0,0,0.0,0.8383,nan,edge/x86_64,,3.12.3,2026-10-09T18:44:57Z
138,ECDH-P256,classical,,keygen,0.0166,0.0,0.0,0.0,91,138,0,0,0,0,0,0.0,0.2484,nan,edge/x86_64,,3.12.3,2026-10-09T18:44:57Z
138,ECDH-P256,classical,,encapsulate,0.056,0.0,0.0,0.0,91,138,0,0,0,0,0,0.0,0.8407,nan,edge/x86_64,,3.12.3,2026-10-09T18:44:57Z
139,ECDH-P256,classical,,keygen,0.0166,0.0,0.0,0.0,91,138,0,0,0,0,0,0.0,0.2486,nan,edge/x86_64,,3.12.3,2026-10-09T18:44:57Z
139,ECDH-P256,classical,,encapsulate,0.0598,0.0,0.0,0.0,91,138,0,0,0,0,0,0.0,0.8965,nan,edge/x86_64,,3.12.3,2026-10-09T18:44:57Z
140,ECDH-P256,classical,,keygen,0.0222,0.0,0.0,0.0,91,138,0,0,0,0,0,0.0,0.3337,nan,edge/x86_64,,3.12.3,2026-10-09T18:44:57Z
140,ECDH-P256,classical,,encapsulate,0.0566,0.0,0.0,0.0,91,138,0,0,0,0,0,0.0,0.8489,nan,edge/x86_64,,3.12.3,2026-10-09T18:44:57Z
141,ECDH-P256,classical,,keygen,0.0166,0.0,0.0,0.0,91,138,0,0,0,0,0,0.0,0.2496,nan,edge/x86_64,,3.12.3,2026-10-09T18:44:57Z
141,ECDH-P256,classical,,encapsulate,0.0844,0.0,0.0,0.0,91,138,0,0,0,0,0,0.0,1.2654,nan,edge/x86_64,,3.12.3,2026-10-09T18:44:57Z
142,ECDH-P256,classical,,keygen,0.0183,0.0,0.0,0.0,91,138,0,0,0,0,0,0.0,0.274,nan,edge/x86_64,,3.12.3,2026-10-09T18:44:57Z
142,ECDH-P256,classical,,encapsulate,0.0565,0.0,0.0,0.0,91,138,0,0,0,0,0,0.0,0.8468,nan,edge/x86_64,,3.12.3,2026-10-09T18:44:57Z
143,ECDH-P256,classical,,keygen,0.0166,0.0,0.0,0.0,91,138,0,0,0,0,0,0.0,0.2485,nan,edge/x86_64,,3.12.3,2026-10-09T18:44:57Z
143,ECDH-P256,classical,,encapsulate,0.0558,0.0,0.0,0.0,91,138,0,0,0,0,0,0.0,0.8374,nan,edge/x86_64,,3.12.3,2026-10-09T18:44:57Z
144,ECDH-P256,classical,,keygen,0.0165,0.0,0.0,0.0,91,138,0,0,0,0,0,0.0,0.2477,nan,edge/x86_64,,3.12.3,2026-10-09T18:44:57Z
144,ECDH-P256,classical,,encapsulate,0.0565,0.0,0.0,0.0,91,138,0,0,0,0,0,0.0,0.8476,nan,edge/x86_64,,3.12.3,2026-10-09T18:44:57Z
145,ECDH-P256,classical,,keygen,0.0172,0.0,0.0,0.0,91,138,0,0,0,0,0,0.0,0.2577,nan,edge/x86_64,,3.12.3,2026-10-09T18:44:57Z
145,ECDH-P256,classical,,encapsulate,0.0567,0.0,0.0,0.0,91,138,0,0,0,0,0,0.0,0.8511,nan,edge/x86_64,,3.12.3,2026-10-09T18:44:57Z
146,ECDH-P256,classical,,keygen,0.0228,0.0,0.0,0.0,91,138,0,0,0,0,0,0.0,0.3427,nan,edge/x86_64,,3.12.3,2026-10-09T18:44:57Z
146,ECDH-P256,classical,,encapsulate,0.0598,0.0,0.0,0.0,91,138,0,0,0,0,0,0.0,0.8974,nan,edge/x86_64,,3.12.3,2026-10-09T18:44:57Z
147,ECDH-P256,classical,,keygen,0.0179,0.0,0.0,0.0,91,138,0,0,0,0,0,0.0,0.2687,nan,edge/x86_64,,3.12.3,2026-10-09T18:44:57Z
147,ECDH-P256,classical,,encapsulate,0.0706,0.0,0.0,0.0,91,138,0,0,0,0,0,0.0,1.0596,nan,edge/x86_64,,3.12.3,2026-10-09T18:44:57Z
148,ECDH-P256,classical,,keygen,0.021,0.0,0.0,0.0,91,138,0,0,0,0,0,0.0,0.3144,nan,edge/x86_64,,3.12.3,2026-10-09T18:44:57Z
148,ECDH-P256,classical,,encapsulate,0.0579,0.0,0.0,0.0,91,138,0,0,0,0,0,0.0,0.8689,nan,edge/x86_64,,3.12.3,2026-10-09T18:44:57Z
149,ECDH-P256,classical,,keygen,0.0168,0.0,0.0,0.0,91,138,0,0,0,0,0,0.0,0.2521,nan,edge/x86_64,,3.12.3,2026-10-09T18:44:57Z
149,ECDH-P256,classical,,encapsulate,0.0715,0.0,0.0,0.0,91,138,0,0,0,0,0,0.0,1.0728,nan,edge/x86_64,,3.12.3,2026-10-09T18:44:57Z
150,ECDH-P256,classical,,keygen,0.018,0.0,0.0,0.0,91,138,0,0,0,0,0,0.0,0.2693,nan,edge/x86_64,,3.12.3,2026-10-09T18:44:57Z
150,ECDH-P256,classical,,encapsulate,0.0565,0.0,0.0,0.0,91,138,0,0,0,0,0,0.0,0.8475,nan,edge/x86_64,,3.12.3,2026-10-09T18:44:57Z
151,ECDH-P256,classical,,keygen,0.0167,0.0,0.0,0.0,91,138,0,0,0,0,0,0.0,0.2511,nan,edge/x86_64,,3.12.3,2026-10-09T18:44:57Z
151,ECDH-P256,classical,,encapsulate,0.0564,0.0,0.0,0.0,91,138,0,0,0,0,0,0.0,0.8466,nan,edge/x86_64,,3.12.3,2026-10-09T18:44:57Z
152,ECDH-P256,classical,,keygen,0.0166,0.0,0.0,0.0,91,138,0,0,0,0,0,0.0,0.2494,nan,edge/x86_64,,3.12.3,2026-10-09T18:44:57Z
152,ECDH-P256,classical,,encapsulate,0.0559,0.0,0.0,0.0,91,138,0,0,0,0,0,0.0,0.8386,nan,edge/x86_64,,3.12.3,2026-10-09T18:44:57Z
153,ECDH-P256,classical,,keygen,0.0167,0.0,0.0,0.0,91,138,0,0,0,0,0,0.0,0.2509,nan,edge/x86_64,,3.12.3,2026-10-09T18:44:57Z
153,ECDH-P256,classical,,encapsulate,0.0559,0.0,0.0,0.0,91,138,0,0,0,0,0,0.0,0.8384,nan,edge/x86_64,,3.12.3,2026-10-09T18:44:57Z
154,ECDH-P256,classical,,keygen,0.0173,0.0,0.0,0.0,91,138,0,0,0,0,0,0.0,0.2595,nan,edge/x86_64,,3.12.3,2026-10-09T18:44:57Z
154,ECDH-P256,classical,,encapsulate,0.0563,0.0,0.0,0.0,91,138,0,0,0,0,0,0.0,0.8452,nan,edge/x86_64,,3.12.3,2026-10-09T18:44:57Z
155,ECDH-P256,classical,,keygen,0.0172,0.0,0.0,0.0,91,138,0,0,0,0,0,0.0,0.2575,nan,edge/x86_64,,3.12.3,2026-10-09T18:44:57Z
155,ECDH-P256,classical,,encapsulate,0.1016,0.0,0.0,0.0,91,138,0,0,0,0,0,0.0,1.5245,nan,edge/x86_64,,3.12.3,2026-10-09T18:44:57Z
156,ECDH-P256,classical,,keygen,0.0239,0.0,0.0,0.0,91,138,0,0,0,0,0,0.0,0.3578,nan,edge/x86_64,,3.12.3,2026-10-09T18:44:57Z
156,ECDH-P256,classical,,encapsulate,0.0572,0.0,0.0,0.0,91,138,0,0,0,0,0,0.0,0.8576,nan,edge/x86_64,,3.12.3,2026-10-09T18:44:57Z
157,ECDH-P256,classical,,keygen,0.0169,0.0,0.0,0.0,91,138,0,0,0,0,0,0.0,0.2532,nan,edge/x86_64,,3.12.3,2026-10-09T18:44:57Z
157,ECDH-P256,classical,,encapsulate,0.0754,0.0,0.0,0.0,91,138,0,0,0,0,0,0.0,1.1316,nan,edge/x86_64,,3.12.3,2026-10-09T18:44:57Z
158,ECDH-P256,classical,,keygen,0.018,0.0,0.0,0.0,91,138,0,0,0,0,0,0.0,0.2694,nan,edge/x86_64,,3.12.3,2026-10-09T18:44:57Z
158,ECDH-P256,classical,,encapsulate,0.0566,0.0,0.0,0.0,91,138,0,0,0,0,0,0.0,0.8487,nan,edge/x86_64,,3.12.3,2026-10-09T18:44:57Z
159,ECDH-P256,classical,,keygen,0.0166,0.0,0.0,0.0,91,138,0,0,0,0,0,0.0,0.2486,nan,edge/x86_64,,3.12.3,2026-10-09T18:44:57Z
159,ECDH-P256,classical,,encapsulate,0.0698,0.0,0.0,0.0,91,138,0,0,0,0,0,0.0,1.047,nan,edge/x86_64,,3.12.3,2026-10-09T18:44:57Z
160,ECDH-P256,classical,,keygen,0.0169,0.0,0.0,0.0,91,138,0,0,0,0,0,0.0,0.2541,nan,edge/x86_64,,3.12.3,2026-10-09T18:44:57Z
160,ECDH-P256,classical,,encapsulate,0.0561,0.0,0.0,0.0,91,138,0,0,0,0,0,0.0,0.8415,nan,edge/x86_64,,3.12.3,2026-10-09T18:44:57Z
161,ECDH-P256,classical,,keygen,0.0166,0.0,0.0,0.0,91,138,0,0,0,0,0,0.0,0.2484,nan,edge/x86_64,,3.12.3,2026-10-09T18:44:57Z
161,ECDH-P256,classical,,encapsulate,0.056,0.0,0.0,0.0,91,138,0,0,0,0,0,0.0,0.8404,nan,edge/x86_64,,3.12.3,2026-10-09T18:44:57Z
162,ECDH-P256,classical,,keygen,0.0166,0.0,0.0,0.0,91,138,0,0,0,0,0,0.0,0.2491,nan,edge/x86_64,,3.12.3,2026-10-09T18:44:57Z
162,ECDH-P256,classical,,encapsulate,0.0562,0.0,0.0,0.0,91,138,0,0,0,0,0,0.0,0.8433,nan,edge/x86_64,,3.12.3,2026-10-09T18:44:57Z
163,ECDH-P256,classical,,keygen,0.0186,0.0,0.0,0.0,91,138,0,0,0,0,0,0.0,0.2792,nan,edge/x86_64,,3.12.3,2026-10-09T18:44:57Z
163,ECDH-P256,classical,,encapsulate,0.07,0.0,0.0,0.0,91,138,0,0,0,0,0,0.0,1.0506,nan,edge/x86_64,,3.12.3,2026-10-09T18:44:57Z
164,ECDH-P256,classical,,keygen,0.0211,0.0,0.0,0.0,91,138,0,0,0,0,0,0.0,0.3171,nan,edge/x86_64,,3.12.3,2026-10-09T18:44:57Z
164,ECDH-P256,classical,,encapsulate,0.0577,0.0,0.0,0.0,91,138,0,0,0,0,0,0.0,0.8651,nan,edge/x86_64,,3.12.3,2026-10-09T18:44:57Z
165,ECDH-P256,classical,,keygen,0.0169,0.0,0.0,0.0,91,138,0,0,0,0,0,0.0,0.2533,nan,edge/x86_64,,3.12.3,2026-10-09T18:44:57Z
165,ECDH-P256,classical,,encapsulate,0.069,0.0,0.0,0.0,91,138,0,0,0,0,0,0.0,1.0349,nan,edge/x86_64,,3.12.3,2026-10-09T18:44:57Z
166,ECDH-P256,classical,,keygen,0.018,0.0,0.0,0.0,91,138,0,0,0,0,0,0.0,0.27,nan,edge/x86_64,,3.12.3,2026-10-09T18:44:57Z
166,ECDH-P256,classical,,encapsulate,0.0565,0.0,0.0,0.0,91,138,0,0,0,0,0,0.0,0.8473,nan,edge/x86_64,,3.12.3,2026-10-09T18:44:57Z
167,ECDH-P256,classical,,keygen,0.0168,0.0,0.0,0.0,91,138,0,0,0,0,0,0.0,0.2517,nan,edge/x86_64,,3.12.3,2026-10-09T18:44:57Z
167,ECDH-P256,classical,,encapsulate,0.056,0.0,0.0,0.0,91,138,0,0,0,0,0,0.0,0.8406,nan,edge/x86_64,,3.12.3,2026-10-09T18:44:57Z
168,ECDH-P256,classical,,keygen,0.0166,0.0,0.0,0.0,91,138,0,0,0,0,0,0.0,0.2492,nan,edge/x86_64,,3.12.3,2026-10-09T18:44:57Z
168,ECDH-P256,classical,,encapsulate,0.0559,0.0,0.0,0.0,91,138,0,0,0,0,0,0.0,0.838,nan,edge/x86_64,,3.12.3,2026-10-09T18:44:57Z
169,ECDH-P256,classical,,keygen,0.0165,0.0,0.0,0.0,91,138,0,0,0,0,0,0.0,0.2477,nan,edge/x86_64,,3.12.3,2026-10-09T18:44:57Z
169,ECDH-P256,classical,,encapsulate,0.0566,0.0,0.0,0.0,91,138,0,0,0,0,0,0.0,0.8496,nan,edge/x86_64,,3.12.3,2026-10-09T18:44:57Z
170,ECDH-P256,classical,,keygen,0.0167,0.0,0.0,0.0,91,138,0,0,0,0,0,0.0,0.2502,nan,edge/x86_64,,3.12.3,2026-10-09T18:44:57Z
170,ECDH-P256,classical,,encapsulate,0.056,0.0,0.0,0.0,91,138,0,0,0,0,0,0.0,0.8405,nan,edge/x86_64,,3.12.3,2026-10-09T18:44:57Z
171,ECDH-P256,classical,,keygen,0.0164,0.0,0.0,0.0,91,138,0,0,0,0,0,0.0,0.2459,nan,edge/x86_64,,3.12.3,2026-10-09T18:44:57Z
171,ECDH-P256,classical,,encapsulate,0.0559,0.0,0.0,0.0,91,138,0,0,0,0,0,0.0,0.8385,nan,edge/x86_64,,3.12.3,2026-10-09T18:44:57Z
172,ECDH-P256,classical,,keygen,0.0242,0.0,0.0,0.0,91,138,0,0,0,0,0,0.0,0.3636,nan,edge/x86_64,,3.12.3,2026-10-09T18:44:57Z
172,ECDH-P256,classical,,encapsulate,0.0577,0.0,0.0,0.0,91,138,0,0,0,0,0,0.0,0.8661,nan,edge/x86_64,,3.12.3,2026-10-09T18:44:57Z
173,ECDH-P256,classical,,keygen,0.0187,0.0,0.0,0.0,91,138,0,0,0,0,0,0.0,0.2802,nan,edge/x86_64,,3.12.3,2026-10-09T18:44:57Z
173,ECDH-P256,classical,,encapsulate,0.0572,0.0,0.0,0.0,91,138,0,0,0,0,0,0.0,0.8574,nan,edge/x86_64,,3.12.3,2026-10-09T18:44:57Z
174,ECDH-P256,classical,,keygen,0.0331,0.0,0.0,0.0,91,138,0,0,0,0,0,0.0,0.4967,nan,edge/x86_64,,3.12.3,2026-10-09T18:44:57Z
174,ECDH-P256,classical,,encapsulate,0.0569,0.0,0.0,0.0,91,138,0,0,0,0,0,0.0,0.8538,nan,edge/x86_64,,3.12.3,2026-10-09T18:44:57Z
175,ECDH-P256,classical,,keygen,0.0168,0.0,0.0,0.0,91,138,0,0,0,0,0,0.0,0.2517,nan,edge/x86_64,,3.12.3,2026-10-09T18:44:57Z
175,ECDH-P256,classical,,encapsulate,0.0559,0.0,0.0,0.0,91,138,0,0,0,0,0,0.0,0.8389,nan,edge/x86_64,,3.12.3,2026-10-09T18:44:57Z
176,ECDH-P256,classical,,keygen,0.0167,0.0,0.0,0.0,91,138,0,0,0,0,0,0.0,0.2499,nan,edge/x86_64,,3.12.3,2026-10-09T18:44:57Z
176,ECDH-P256,classical,,encapsulate,0.056,0.0,0.0,0.0,91,138,0,0,0,0,0,0.0,0.8402,nan,edge/x86_64,,3.12.3,2026-10-09T18:44:57Z
177,ECDH-P256,classical,,keygen,0.0166,0.0,0.0,0.0,91,138,0,0,0,0,0,0.0,0.2488,nan,edge/x86_64,,3.12.3,2026-10-09T18:44:57Z
177,ECDH-P256,classical,,encapsulate,0.056,0.0,0.0,0.0,91,138,0,0,0,0,0,0.0,0.8398,nan,edge/x86_64,,3.12.3,2026-10-09T18:44:57Z
178,ECDH-P256,classical,,keygen,0.0168,0.0,0.0,0.0,91,138,0,0,0,0,0,0.0,0.2518,nan,edge/x86_64,,3.12.3,2026-10-09T18:44:57Z
178,ECDH-P256,classical,,encapsulate,0.0559,0.0,0.0,0.0,91,138,0,0,0,0,0,0.0,0.8386,nan,edge/x86_64,,3.12.3,2026-10-09T18:44:57Z
179,ECDH-P256,classical,,keygen,0.0165,0.0,0.0,0.0,91,138,0,0,0,0,0,0.0,0.248,nan,edge/x86_64,,3.12.3,2026-10-09T18:44:57Z
179,ECDH-P256,classical,,encapsulate,0.0558,0.0,0.0,0.0,91,138,0,0,0,0,0,0.0,0.8377,nan,edge/x86_64,,3.12.3,2026-10-09T18:44:57Z
180,ECDH-P256,classical,,keygen,0.0163,0.0,0.0,0.0,91,138,0,0,0,0,0,0.0,0.245,nan,edge/x86_64,,3.12.3,2026-10-09T18:44:57Z
180,ECDH-P256,classical,,encapsulate,0.0784,0.0,0.0,0.0,91,138,0,0,0,0,0,0.0,1.1767,nan,edge/x86_64,,3.12.3,2026-10-09T18:44:57Z
181,ECDH-P256,classical,,keygen,0.0417,0.0,0.0,0.0,91,138,0,0,0,0,0,0.0,0.626,nan,edge/x86_64,,3.12.3,2026-10-09T18:44:57Z
181,ECDH-P256,classical,,encapsulate,0.0963,0.0,0.0,0.0,91,138,0,0,0,0,0,0.0,1.4439,nan,edge/x86_64,,3.12.3,2026-10-09T18:44:57Z
182,ECDH-P256,classical,,keygen,0.0197,0.0,0.0,0.0,91,138,0,0,0,0,0,0.0,0.2955,nan,edge/x86_64,,3.12.3,2026-10-09T18:44:57Z
182,ECDH-P256,classical,,encapsulate,0.0568,0.0,0.0,0.0,91,138,0,0,0,0,0,0.0,0.8518,nan,edge/x86_64,,3.12.3,2026-10-09T18:44:57Z
183,ECDH-P256,classical,,keygen,0.0167,0.0,0.0,0.0,91,138,0,0,0,0,0,0.0,0.251,nan,edge/x86_64,,3.12.3,2026-10-09T18:44:57Z
183,ECDH-P256,classical,,encapsulate,0.0561,0.0,0.0,0.0,91,138,0,0,0,0,0,0.0,0.8419,nan,edge/x86_64,,3.12.3,2026-10-09T18:44:57Z
184,ECDH-P256,classical,,keygen,0.0165,0.0,0.0,0.0,91,138,0,0,0,0,0,0.0,0.2478,nan,edge/x86_64,,3.12.3,2026-10-09T18:44:57Z
184,ECDH-P256,classical,,encapsulate,0.0558,0.0,0.0,0.0,91,138,0,0,0,0,0,0.0,0.8375,nan,edge/x86_64,,3.12.3,2026-10-09T18:44:57Z
185,ECDH-P256,classical,,keygen,0.0164,0.0,0.0,0.0,91,138,0,0,0,0,0,0.0,0.2462,nan,edge/x86_64,,3.12.3,2026-10-09T18:44:57Z
185,ECDH-P256,classical,,encapsulate,0.0559,0.0,0.0,0.0,91,138,0,0,0,0,0,0.0,0.8386,nan,edge/x86_64,,3.12.3,2026-10-09T18:44:57Z
186,ECDH-P256,classical,,keygen,0.0163,0.0,0.0,0.0,91,138,0,0,0,0,0,0.0,0.245,nan,edge/x86_64,,3.12.3,2026-10-09T18:44:57Z
186,ECDH-P256,classical,,encapsulate,0.0559,0.0,0.0,0.0,91,138,0,0,0,0,0,0.0,0.8388,nan,edge/x86_64,,3.12.3,2026-10-09T18:44:57Z
187,ECDH-P256,classical,,keygen,0.0166,0.0,0.0,0.0,91,138,0,0,0,0,0,0.0,0.2489,nan,edge/x86_64,,3.12.3,2026-10-09T18:44:57Z
187,ECDH-P256,classical,,encapsulate,0.0811,0.0,0.0,0.0,91,138,0,0,0,0,0,0.0,1.2161,nan,edge/x86_64,,3.12.3,2026-10-09T18:44:57Z
188,ECDH-P256,classical,,keygen,0.0225,0.0,0.0,0.0,91,138,0,0,0,0,0,0.0,0.3368,nan,edge/x86_64,,3.12.3,2026-10-09T18:44:57Z
188,ECDH-P256,classical,,encapsulate,0.0576,0.0,0.0,0.0,91,138,0,0,0,0,0,0.0,0.8634,nan,edge/x86_64,,3.12.3,2026-10-09T18:44:57Z
189,ECDH-P256,classical,,keygen,0.017,0.0,0.0,0.0,91,138,0,0,0,0,0,0.0,0.2555,nan,edge/x86_64,,3.12.3,2026-10-09T18:44:57Z
189,ECDH-P256,classical,,encapsulate,0.0695,0.0,0.0,0.0,91,138,0,0,0,0,0,0.0,1.0431,nan,edge/x86_64,,3.12.3,2026-10-09T18:44:57Z
190,ECDH-P256,classical,,keygen,0.0186,0.0,0.0,0.0,91,138,0,0,0,0,0,0.0,0.2785,nan,edge/x86_64,,3.12.3,2026-10-09T18:44:57Z
190,ECDH-P256,classical,,encapsulate,0.0569,0.0,0.0,0.0,91,138,0,0,0,0,0,0.0,0.8533,nan,edge/x86_64,,3.12.3,2026-10-09T18:44:57Z
191,ECDH-P256,classical,,keygen,0.0169,0.0,0.0,0.0,91,138,0,0,0,0,0,0.0,0.2531,nan,edge/x86_64,,3.12.3,2026-10-09T18:44:57Z
191,ECDH-P256,classical,,encapsulate,0.0603,0.0,0.0,0.0,91,138,0,0,0,0,0,0.0,0.9048,nan,edge/x86_64,,3.12.3,2026-10-09T18:44:57Z
192,ECDH-P256,classical,,keygen,0.0169,0.0,0.0,0.0,91,138,0,0,0,0,0,0.0,0.2539,nan,edge/x86_64,,3.12.3,2026-10-09T18:44:57Z
192,ECDH-P256,classical,,encapsulate,0.0566,0.0,0.0,0.0,91,138,0,0,0,0,0,0.0,0.8494,nan,edge/x86_64,,3.12.3,2026-10-09T18:44:57Z
193,ECDH-P256,classical,,keygen,0.0166,0.0,0.0,0.0,91,138,0,0,0,0,0,0.0,0.2497,nan,edge/x86_64,,3.12.3,2026-10-09T18:44:57Z
193,ECDH-P256,classical,,encapsulate,0.0559,0.0,0.0,0.0,91,138,0,0,0,0,0,0.0,0.8388,nan,edge/x86_64,,3.12.3,2026-10-09T18:44:57Z
194,ECDH-P256,classical,,keygen,0.0167,0.0,0.0,0.0,91,138,0,0,0,0,0,0.0,0.2499,nan,edge/x86_64,,3.12.3,2026-10-09T18:44:57Z
194,ECDH-P256,classical,,encapsulate,0.0561,0.0,0.0,0.0,91,138,0,0,0,0,0,0.0,0.8418,nan,edge/x86_64,,3.12.3,2026-10-09T18:44:57Z
195,ECDH-P256,classical,,keygen,0.0167,0.0,0.0,0.0,91,138,0,0,0,0,0,0.0,0.2501,nan,edge/x86_64,,3.12.3,2026-10-09T18:44:57Z
195,ECDH-P256,classical,,encapsulate,0.0562,0.0,0.0,0.0,91,138,0,0,0,0,0,0.0,0.8435,nan,edge/x86_64,,3.12.3,2026-10-09T18:44:57Z
196,ECDH-P256,classical,,keygen,0.0273,0.0,0.0,0.0,91,138,0,0,0,0,0,0.0,0.4098,nan,edge/x86_64,,3.12.3,2026-10-09T18:44:57Z
196,ECDH-P256,classical,,encapsulate,0.0589,0.0,0.0,0.0,91,138,0,0,0,0,0,0.0,0.8841,nan,edge/x86_64,,3.12.3,2026-10-09T18:44:57Z
197,ECDH-P256,classical,,keygen,0.0174,0.0,0.0,0.0,91,138,0,0,0,0,0,0.0,0.2611,nan,edge/x86_64,,3.12.3,2026-10-09T18:44:57Z
197,ECDH-P256,classical,,encapsulate,0.0561,0.0,0.0,0.0,91,138,0,0,0,0,0,0.0,0.8411,nan,edge/x86_64,,3.12.3,2026-10-09T18:44:57Z
198,ECDH-P256,classical,,keygen,0.0304,0.0,0.0,0.0,91,138,0,0,0,0,0,0.0,0.4563,nan,edge/x86_64,,3.12.3,2026-10-09T18:44:57Z
198,ECDH-P256,classical,,encapsulate,0.0567,0.0,0.0,0.0,91,138,0,0,0,0,0,0.0,0.851,nan,edge/x86_64,,3.12.3,2026-10-09T18:44:57Z
199,ECDH-P256,classical,,keygen,0.0175,0.0,0.0,0.0,91,138,0,0,0,0,0,0.0,0.2629,nan,edge/x86_64,,3.12.3,2026-10-09T18:44:57Z
199,ECDH-P256,classical,,encapsulate,0.0562,0.0,0.0,0.0,91,138,0,0,0,0,0,0.0,0.8434,nan,edge/x86_64,,3.12.3,2026-10-09T18:44:57Z
0,ECDH-P384,classical,,keygen,0.2515,0.0,0.0,0.0,120,185,0,0,0,0,0,0.0,3.7724,nan,edge/x86_64,,3.12.3,2026-10-09T18:44:57Z
0,ECDH-P384,classical,,encapsulate,0.6477,0.0,0.0,0.0,120,185,0,0,0,0,0,0.0,9.7152,nan,edge/x86_64,,3.12.3,2026-10-09T18:44:57Z
1,ECDH-P384,classical,,keygen,0.2851,0.0,0.0,0.0,120,185,0,0,0,0,0,0.0,4.2766,nan,edge/x86_64,,3.12.3,2026-10-09T18:44:57Z
1,ECDH-P384,classical,,encapsulate,0.6865,0.0,0.0,0.0,120,185,0,0,0,0,0,0.0,10.2974,nan,edge/x86_64,,3.12.3,2026-10-09T18:44:57Z
2,ECDH-P384,classical,,keygen,0.2547,0.0,0.0,0.0,120,185,0,0,0,0,0,0.0,3.8209,nan,edge/x86_64,,3.12.3,2026-10-09T18:44:57Z
2,ECDH-P384,classical,,encapsulate,0.6767,0.0,0.0,0.0,120,185,0,0,0,0,0,0.0,10.15,nan,edge/x86_64,,3.12.3,2026-10-09T18:44:57Z
3,ECDH-P384,classical,,keygen,0.2429,0.0,0.0,0.0,120,185,0,0,0,0,0,0.0,3.6432,nan,edge/x86_64,,3.12.3,2026-10-09T18:44:57Z
3,ECDH-P384,classical,,encapsulate,0.636,0.0,0.0,0.0,120,185,0,0,0,0,0,0.0,9.5398,nan,edge/x86_64,,3.12.3,2026-10-09T18:44:57Z
4,ECDH-P384,classical,,keygen,0.2554,0.0,0.0,0.0,120,185,0,0,0,0,0,0.0,3.8316,nan,edge/x86_64,,3.12.3,2026-10-09T18:44:57Z
4,ECDH-P384,classical,,encapsulate,0.5882,0.0,0.0,0.0,120,185,0,0,0,0,0,0.0,8.8235,nan,edge/x86_64,,3.12.3,2026-10-09T18:44:57Z
5,ECDH-P384,classical,,keygen,0.2567,0.0,0.0,0.0,120,185,0,0,0,0,0,0.0,3.8502,nan,edge/x86_64,,3.12.3,2026-10-09T18:44:57Z
5,ECDH-P384,classical,,encapsulate,0.6747,0.0,0.0,0.0,120,185,0,0,0,0,0,0.0,10.1201,nan,edge/x86_64,,3.12.3,2026-10-09T18:44:57Z
6,ECDH-P384,classical,,keygen,0.2478,0.0,0.0,0.0,120,185,0,0,0,0,0,0.0,3.7176,nan,edge/x86_64,,3.12.3,2026-10-09T18:44:57Z
6,ECDH-P384,classical,,encapsulate,0.5624,0.0,0.0,0.0,120,185,0,0,0,0,0,0.0,8.4354,nan,edge/x86_64,,3.12.3,2026-10-09T18:44:57Z
7,ECDH-P384,classical,,keygen,0.2661,0.0,0.0,0.0,120,185,0,0,0,0,0,0.0,3.9922,nan,edge/x86_64,,3.12.3,2026-10-09T18:44:57Z
7,ECDH-P384,classical,,encapsulate,0.7429,0.0,0.0,0.0,120,185,0,0,0,0,0,0.0,11.144,nan,edge/x86_64,,3.12.3,2026-10-09T18:44:57Z
8,ECDH-P384,classical,,keygen,0.2775,0.0,0.0,0.0,120,185,0,0,0,0,0,0.0,4.1632,nan,edge/x86_64,,3.12.3,2026-10-09T18:44:57Z
8,ECDH-P384,classical,,encapsulate,0.674,0.0,0.0,0.0,120,185,0,0,0,0,0,0.0,10.1105,nan,edge/x86_64,,3.12.3,2026-10-09T18:44:57Z
9,ECDH-P384,classical,,keygen,0.2303,0.0,0.0,0.0,120,185,0,0,0,0,0,0.0,3.454,nan,edge/x86_64,,3.12.3,2026-10-09T18:44:57Z
9,ECDH-P384,classical,,encapsulate,0.6666,0.0,0.0,0.0,120,185,0,0,0,0,0,0.0,9.999,nan,edge/x86_64,,3.12.3,2026-10-09T18:44:57Z
10,ECDH-P384,classical,,keygen,0.2509,0.0,0.0,0.0,120,185,0,0,0,0,0,0.0,3.763,nan,edge/x86_64,,3.12.3,2026-10-09T18:44:57Z
10,ECDH-P384,classical,,encapsulate,0.7463,0.0,0.0,0.0,120,185,0,0,0,0,0,0.0,11.195,nan,edge/x86_64,,3.12.3,2026-10-09T18:44:57Z
11,ECDH-P384,classical,,keygen,0.2588,0.0,0.0,0.0,120,185,0,0,0,0,0,0.0,3.882,nan,edge/x86_64,,3.12.3,2026-10-09T18:44:57Z
11,ECDH-P384,classical,,encapsulate,0.5968,0.0,0.0,0.0,120,185,0,0,0,0,0,0.0,8.9515,nan,edge/x86_64,,3.12.3,2026-10-09T18:44:57Z
12,ECDH-P384,classical,,keygen,0.2979,0.0,0.0,0.0,120,185,0,0,0,0,0,0.0,4.4687,nan,edge/x86_64,,3.12.3,2026-10-09T18:44:57Z
12,ECDH-P384,classical,,encapsulate,0.7504,0.0,0.0,0.0,120,185,0,0,0,0,0,0.0,11.2558,nan,edge/x86_64,,3.12.3,2026-10-09T18:44:57Z
13,ECDH-P384,classical,,keygen,0.2716,0.0,0.0,0.0,120,185,0,0,0,0,0,0.0,4.0746,nan,edge/x86_64,,3.12.3,2026-10-09T18:44:57Z
13,ECDH-P384,classical,,encapsulate,0.6821,0.0,0.0,0.0,120,185,0,0,0,0,0,0.0,10.2316,nan,edge/x86_64,,3.12.3,2026-10-09T18:44:57Z
14,ECDH-P384,classical,,keygen,0.2642,0.0,0.0,0.0,120,185,0,0,0,0,0,0.0,3.9625,nan,edge/x86_64,,3.12.3,2026-10-09T18:44:57Z
14,ECDH-P384,classical,,encapsulate,0.6624,0.0,0.0,0.0,120,185,0,0,0,0,0,0.0,9.9356,nan,edge/x86_64,,3.12.3,2026-10-09T18:44:57Z
15,ECDH-P384,classical,,keygen,0.3303,0.0,0.0,0.0,120,185,0,0,0,0,0,0.0,4.9549,nan,edge/x86_64,,3.12.3,2026-10-09T18:44:57Z
15,ECDH-P384,classical,,encapsulate,0.6414,0.0,0.0,0.0,120,185,0,0,0,0,0,0.0,9.6203,nan,edge/x86_64,,3.12.3,2026-10-09T18:44:57Z
16,ECDH-P384,classical,,keygen,0.2519,0.0,0.0,0.0,120,185,0,0,0,0,0,0.0,3.7792,nan,edge/x86_64,,3.12.3,2026-10-09T18:44:57Z
16,ECDH-P384,classical,,encapsulate,0.6264,0.0,0.0,0.0,120,185,0,0,0,0,0,0.0,9.3963,nan,edge/x86_64,,3.12.3,2026-10-09T18:44:57Z
17,ECDH-P384,classical,,keygen,0.2818,0.0,0.0,0.0,120,185,0,0,0,0,0,0.0,4.227,nan,edge/x86_64,,3.12.3,2026-10-09T18:44:57Z
17,ECDH-P384,classical,,encapsulate,0.6824,0.0,0.0,0.0,120,185,0,0,0,0,0,0.0,10.2361,nan,edge/x86_64,,3.12.3,2026-10-09T18:44:57Z
18,ECDH-P384,classical,,keygen,0.2585,0.0,0.0,0.0,120,185,0,0,0,0,0,0.0,3.8782,nan,edge/x86_64,,3.12.3,2026-10-09T18:44:57Z
18,ECDH-P384,classical,,encapsulate,0.643,0.0,0.0,0.0,120,185,0,0,0,0,0,0.0,9.6452,nan,edge/x86_64,,3.12.3,2026-10-09T18:44:57Z
19,ECDH-P384,classical,,keygen,0.2284,0.0,0.0,0.0,120,185,0,0,0,0,0,0.0,3.4253,nan,edge/x86_64,,3.12.3,2026-10-09T18:44:57Z
19,ECDH-P384,classical,,encapsulate,0.6628,0.0,0.0,0.0,120,185,0,0,0,0,0,0.0,9.942,nan,edge/x86_64,,3.12.3,2026-10-09T18:44:57Z
20,ECDH-P384,classical,,keygen,0.3938,0.0,0.0,0.0,120,185,0,0,0,0,0,0.0,5.9067,nan,edge/x86_64,,3.12.3,2026-10-09T18:44:57Z
20,ECDH-P384,classical,,encapsulate,0.6095,0.0,0.0,0.0,120,185,0,0,0,0,0,0.0,9.1419,nan,edge/x86_64,,3.12.3,2026-10-09T18:44:57Z
21,ECDH-P384,classical,,keygen,0.3057,0.0,0.0,0.0,120,185,0,0,0,0,0,0.0,4.5859,nan,edge/x86_64,,3.12.3,2026-10-09T18:44:57Z
21,ECDH-P384,classical,,encapsulate,0.5323,0.0,0.0,0.0,120,185,0,0,0,0,0,0.0,7.9843,nan,edge/x86_64,,3.12.3,2026-10-09T18:44:57Z
22,ECDH-P384,classical,,keygen,0.273,0.0,0.0,0.0,120,185,0,0,0,0,0,0.0,4.0953,nan,edge/x86_64,,3.12.3,2026-10-09T18:44:57Z
22,ECDH-P384,classical,,encapsulate,0.716,0.0,0.0,0.0,120,185,0,0,0,0,0,0.0,10.7405,nan,edge/x86_64,,3.12.3,2026-10-09T18:44:57Z
23,ECDH-P384,classical,,keygen,0.248,0.0,0.0,0.0,120,185,0,0,0,0,0,0.0,3.7196,nan,edge/x86_64,,3.12.3,2026-10-09T18:44:57Z
23,ECDH-P384,classical,,encapsulate,0.7219,0.0,0.0,0.0,120,185,0,0,0,0,0,0.0,10.8278,nan,edge/x86_64,,3.12.3,2026-10-09T18:44:57Z
24,ECDH-P384,classical,,keygen,0.2543,0.0,0.0,0.0,120,185,0,0,0,0,0,0.0,3.8138,nan,edge/x86_64,,3.12.3,2026-10-09T18:44:57Z
24,ECDH-P384,classical,,encapsulate,0.6345,0.0,0.0,0.0,120,185,0,0,0,0,0,0.0,9.518,nan,edge/x86_64,,3.12.3,2026-10-09T18:44:57Z
25,ECDH-P384,classical,,keygen,0.2852,0.0,0.0,0.0,120,185,0,0,0,0,0,0.0,4.2787,nan,edge/x86_64,,3.12.3,2026-10-09T18:44:57Z
25,ECDH-P384,classical,,encapsulate,0.6441,0.0,0.0,0.0,120,185,0,0,0,0,0,0.0,9.6619,nan,edge/x86_64,,3.12.3,2026-10-09T18:44:57Z
26,ECDH-P384,classical,,keygen,0.2205,0.0,0.0,0.0,120,185,0,0,0,0,0,0.0,3.3069,nan,edge/x86_64,,3.12.3,2026-10-09T18:44:57Z
26,ECDH-P384,classical,,encapsulate,0.7017,0.0,0.0,0.0,120,185,0,0,0,0,0,0.0,10.5252,nan,edge/x86_64,,3.12.3,2026-10-09T18:44:57Z
27,ECDH-P384,classical,,keygen,0.2576,0.0,0.0,0.0,120,185,0,0,0,0,0,0.0,3.864,nan,edge/x86_64,,3.12.3,2026-10-09T18:44:57Z
27,ECDH-P384,classical,,encapsulate,0.6471,0.0,0.0,0.0,120,185,0,0,0,0,0,0.0,9.7071,nan,edge/x86_64,,3.12.3,2026-10-09T18:44:57Z
28,ECDH-P384,classical,,keygen,0.3063,0.0,0.0,0.0,120,185,0,0,0,0,0,0.0,4.5943,nan,edge/x86_64,,3.12.3,2026-10-09T18:44:57Z
28,ECDH-P384,classical,,encapsulate,0.6653,0.0,0.0,0.0,120,185,0,0,0,0,0,0.0,9.979,nan,edge/x86_64,,3.12.3,2026-10-09T18:44:57Z
29,ECDH-P384,classical,,keygen,0.2621,0.0,0.0,0.0,120,185,0,0,0,0,0,0.0,3.9321,nan,edge/x86_64,,3.12.3,2026-10-09T18:44:57Z
29,ECDH-P384,classical,,encapsulate,0.7008,0.0,0.0,0.0,120,185,0,0,0,0,0,0.0,10.512,nan,edge/x86_64,,3.12.3,2026-10-09T18:44:57Z
30,ECDH-P384,classical,,keygen,0.2821,0.0,0.0,0.0,120,185,0,0,0,0,0,0.0,4.2319,nan,edge/x86_64,,3.12.3,2026-10-09T18:44:57Z
30,ECDH-P384,classical,,encapsulate,0.6014,0.0,0.0,0.0,120,185,0,0,0,0,0,0.0,9.0208,nan,edge/x86_64,,3.12.3,2026-10-09T18:44:57Z
31,ECDH-P384,classical,,keygen,0.2937,0.0,0.0,0.0,120,185,0,0,0,0,0,0.0,4.4054,nan,edge/x86_64,,3.12.3,2026-10-09T18:44:57Z
31,ECDH-P384,classical,,encapsulate,0.8112,0.0,0.0,0.0,120,185,0,0,0,0,0,0.0,12.1674,nan,edge/x86_64,,3.12.3,2026-10-09T18:44:57Z
32,ECDH-P384,classical,,keygen,0.1771,0.0,0.0,0.0,120,185,0,0,0,0,0,0.0,2.6558,nan,edge/x86_64,,3.12.3,2026-10-09T18:44:57Z
32,ECDH-P384,classical,,encapsulate,0.4222,0.0,0.0,0.0,120,185,0,0,0,0,0,0.0,6.3333,nan,edge/x86_64,,3.12.3,2026-10-09T18:44:57Z
33,ECDH-P384,classical,,keygen,0.214,0.0,0.0,0.0,120,185,0,0,0,0,0,0.0,3.2097,nan,edge/x86_64,,3.12.3,2026-10-09T18:44:57Z
33,ECDH-P384,classical,,encapsulate,0.515,0.0,0.0,0.0,120,185,0,0,0,0,0,0.0,7.725,nan,edge/x86_64,,3.12.3,2026-10-09T18:44:57Z
34,ECDH-P384,classical,,keygen,0.2127,0.0,0.0,0.0,120,185,0,0,0,0,0,0.0,3.1909,nan,edge/x86_64,,3.12.3,2026-10-09T18:44:57Z
34,ECDH-P384,classical,,encapsulate,0.489,0.0,0.0,0.0,120,185,0,0,0,0,0,0.0,7.3349,nan,edge/x86_64,,3.12.3,2026-10-09T18:44:57Z
35,ECDH-P384,classical,,keygen,0.2449,0.0,0.0,0.0,120,185,0,0,0,0,0,0.0,3.6734,nan,edge/x86_64,,3.12.3,2026-10-09T18:44:57Z
35,ECDH-P384,classical,,encapsulate,0.3562,0.0,0.0,0.0,120,185,0,0,0,0,0,0.0,5.3434,nan,edge/x86_64,,3.12.3,2026-10-09T18:44:57Z
36,ECDH-P384,classical,,keygen,0.1321,0.0,0.0,0.0,120,185,0,0,0,0,0,0.0,1.9818,nan,edge/x86_64,,3.12.3,2026-10-09T18:44:57Z
36,ECDH-P384,classical,,encapsulate,0.3597,0.0,0.0,0.0,120,185,0,0,0,0,0,0.0,5.3956,nan,edge/x86_64,,3.12.3,2026-10-09T18:44:57Z
37,ECDH-P384,classical,,keygen,0.1371,0.0,0.0,0.0,120,185,0,0,0,0,0,0.0,2.0569,nan,edge/x86_64,,3.12.3,2026-10-09T18:44:57Z
37,ECDH-P384,classical,,encapsulate,0.3495,0.0,0.0,0.0,120,185,0,0,0,0,0,0.0,5.2419,nan,edge/x86_64,,3.12.3,2026-10-09T18:44:57Z
38,ECDH-P384,classical,,keygen,0.1325,0.0,0.0,0.0,120,185,0,0,0,0,0,0.0,1.9873,nan,edge/x86_64,,3.12.3,2026-10-09T18:44:57Z
38,ECDH-P384,classical,,encapsulate,0.3365,0.0,0.0,0.0,120,185,0,0,0,0,0,0.0,5.0477,nan,edge/x86_64,,3.12.3,2026-10-09T18:44:57Z
39,ECDH-P384,classical,,keygen,0.1347,0.0,0.0,0.0,120,185,0,0,0,0,0,0.0,2.0198,nan,edge/x86_64,,3.12.3,2026-10-09T18:44:57Z
39,ECDH-P384,classical,,encapsulate,0.3454,0.0,0.0,0.0,120,185,0,0,0,0,0,0.0,5.1814,nan,edge/x86_64,,3.12.3,2026-10-09T18:44:57Z
40,ECDH-P384,classical,,keygen,0.1404,0.0,0.0,0.0,120,185,0,0,0,0,0,0.0,2.1053,nan,edge/x86_64,,3.12.3,2026-10-09T18:44:57Z
40,ECDH-P384,classical,,encapsulate,0.3668,0.0,0.0,0.0,120,185,0,0,0,0,0,0.0,5.5023,nan,edge/x86_64,,3.12.3,2026-10-09T18:44:57Z
41,ECDH-P384,classical,,keygen,0.1334,0.0,0.0,0.0,120,185,0,0,0,0,0,0.0,2.0017,nan,edge/x86_64,,3.12.3,2026-10-09T18:44:57Z
41,ECDH-P384,classical,,encapsulate,0.3403,0.0,0.0,0.0,120,185,0,0,0,0,0,0.0,5.104,nan,edge/x86_64,,3.12.3,2026-10-09T18:44:57Z
42,ECDH-P384,classical,,keygen,0.1775,0.0,0.0,0.0,120,185,0,0,0,0,0,0.0,2.6621,nan,edge/x86_64,,3.12.3,2026-10-09T18:44:57Z
42,ECDH-P384,classical,,encapsulate,0.3548,0.0,0.0,0.0,120,185,0,0,0,0,0,0.0,5.3224,nan,edge/x86_64,,3.12.3,2026-10-09T18:44:57Z
43,ECDH-P384,classical,,keygen,0.1341,0.0,0.0,0.0,120,185,0,0,0,0,0,0.0,2.0108,nan,edge/x86_64,,3.12.3,2026-10-09T18:44:57Z
43,ECDH-P384,classical,,encapsulate,0.3359,0.0,0.0,0.0,120,185,0,0,0,0,0,0.0,5.0382,nan,edge/x86_64,,3.12.3,2026-10-09T18:44:57Z
44,ECDH-P384,classical,,keygen,0.1302,0.0,0.0,0.0,120,185,0,0,0,0,0,0.0,1.9532,nan,edge/x86_64,,3.12.3,2026-10-09T18:44:57Z
44,ECDH-P384,classical,,encapsulate,0.3903,0.0,0.0,0.0,120,185,0,0,0,0,0,0.0,5.8549,nan,edge/x86_64,,3.12.3,2026-10-09T18:44:57Z
45,ECDH-P384,classical,,keygen,0.1383,0.0,0.0,0.0,120,185,0,0,0,0,0,0.0,2.0745,nan,edge/x86_64,,3.12.3,2026-10-09T18:44:57Z
45,ECDH-P384,classical,,encapsulate,0.3492,0.0,0.0,0.0,120,185,0,0,0,0,0,0.0,5.2377,nan,edge/x86_64,,3.12.3,2026-10-09T18:44:57Z
46,ECDH-P384,classical,,keygen,0.1661,0.0,0.0,0.0,120,185,0,0,0,0,0,0.0,2.4908,nan,edge/x86_64,,3.12.3,2026-10-09T18:44:57Z
46,ECDH-P384,classical,,encapsulate,0.3358,0.0,0.0,0.0,120,185,0,0,0,0,0,0.0,5.0364,nan,edge/x86_64,,3.12.3,2026-10-09T18:44:57Z
47,ECDH-P384,classical,,keygen,0.1305,0.0,0.0,0.0,120,185,0,0,0,0,0,0.0,1.9575,nan,edge/x86_64,,3.12.3,2026-10-09T18:44:57Z
47,ECDH-P384,classical,,encapsulate,0.3913,0.0,0.0,0.0,120,185,0,0,0,0,0,0.0,5.8688,nan,edge/x86_64,,3.12.3,2026-10-09T18:44:57Z
48,ECDH-P384,classical,,keygen,0.1566,0.0,0.0,0.0,120,185,0,0,0,0,0,0.0,2.3492,nan,edge/x86_64,,3.12.3,2026-10-09T18:44:57Z
48,ECDH-P384,classical,,encapsulate,0.3663,0.0,0.0,0.0,120,185,0,0,0,0,0,0.0,5.4951,nan,edge/x86_64,,3.12.3,2026-10-09T18:44:57Z
49,ECDH-P384,classical,,keygen,0.1319,0.0,0.0,0.0,120,185,0,0,0,0,0,0.0,1.9792,nan,edge/x86_64,,3.12.3,2026-10-09T18:44:57Z
49,ECDH-P384,classical,,encapsulate,0.3356,0.0,0.0,0.0,120,185,0,0,0,0,0,0.0,5.0342,nan,edge/x86_64,,3.12.3,2026-10-09T18:44:57Z
50,ECDH-P384,classical,,keygen,0.1322,0.0,0.0,0.0,120,185,0,0,0,0,0,0.0,1.9829,nan,edge/x86_64,,3.12.3,2026-10-09T18:44:57Z
50,ECDH-P384,classical,,encapsulate,0.3755,0.0,0.0,0.0,120,185,0,0,0,0,0,0.0,5.6329,nan,edge/x86_64,,3.12.3,2026-10-09T18:44:57Z
51,ECDH-P384,classical,,keygen,0.4106,0.0,0.0,0.0,120,185,0,0,0,0,0,0.0,6.1597,nan,edge/x86_64,,3.12.3,2026-10-09T18:44:57Z
51,ECDH-P384,classical,,encapsulate,0.6667,0.0,0.0,0.0,120,185,0,0,0,0,0,0.0,10.001,nan,edge/x86_64,,3.12.3,2026-10-09T18:44:57Z
52,ECDH-P384,classical,,keygen,0.2857,0.0,0.0,0.0,120,185,0,0,0,0,0,0.0,4.2857,nan,edge/x86_64,,3.12.3,2026-10-09T18:44:57Z
52,ECDH-P384,classical,,encapsulate,0.7033,0.0,0.0,0.0,120,185,0,0,0,0,0,0.0,10.5499,nan,edge/x86_64,,3.12.3,2026-10-09T18:44:57Z
53,ECDH-P384,classical,,keygen,0.2459,0.0,0.0,0.0,120,185,0,0,0,0,0,0.0,3.6891,nan,edge/x86_64,,3.12.3,2026-10-09T18:44:57Z
53,ECDH-P384,classical,,encapsulate,0.6818,0.0,0.0,0.0,120,185,0,0,0,0,0,0.0,10.2275,nan,edge/x86_64,,3.12.3,2026-10-09T18:44:57Z
54,ECDH-P384,classical,,keygen,0.4092,0.0,0.0,0.0,120,185,0,0,0,0,0,0.0,6.1375,nan,edge/x86_64,,3.12.3,2026-10-09T18:44:57Z
54,ECDH-P384,classical,,encapsulate,0.5882,0.0,0.0,0.0,120,185,0,0,0,0,0,0.0,8.8229,nan,edge/x86_64,,3.12.3,2026-10-09T18:44:57Z
55,ECDH-P384,classical,,keygen,0.2811,0.0,0.0,0.0,120,185,0,0,0,0,0,0.0,4.2167,nan,edge/x86_64,,3.12.3,2026-10-09T18:44:57Z
55,ECDH-P384,classical,,encapsulate,0.6757,0.0,0.0,0.0,120,185,0,0,0,0,0,0.0,10.1359,nan,edge/x86_64,,3.12.3,2026-10-09T18:44:57Z
56,ECDH-P384,classical,,keygen,0.2587,0.0,0.0,0.0,120,185,0,0,0,0,0,0.0,3.8798,nan,edge/x86_64,,3.12.3,2026-10-09T18:44:57Z
56,ECDH-P384,classical,,encapsulate,0.5817,0.0,0.0,0.0,120,185,0,0,0,0,0,0.0,8.7252,nan,edge/x86_64,,3.12.3,2026-10-09T18:44:57Z
57,ECDH-P384,classical,,keygen,0.3145,0.0,0.0,0.0,120,185,0,0,0,0,0,0.0,4.7171,nan,edge/x86_64,,3.12.3,2026-10-09T18:44:57Z
57,ECDH-P384,classical,,encapsulate,0.6482,0.0,0.0,0.0,120,185,0,0,0,0,0,0.0,9.7223,nan,edge/x86_64,,3.12.3,2026-10-09T18:44:57Z
58,ECDH-P384,classical,,keygen,0.2835,0.0,0.0,0.0,120,185,0,0,0,0,0,0.0,4.2525,nan,edge/x86_64,,3.12.3,2026-10-09T18:44:57Z
58,ECDH-P384,classical,,encapsulate,0.6756,0.0,0.0,0.0,120,185,0,0,0,0,0,0.0,10.1333,nan,edge/x86_64,,3.12.3,2026-10-09T18:44:57Z
59,ECDH-P384,classical,,keygen,0.2631,0.0,0.0,0.0,120,185,0,0,0,0,0,0.0,3.9465,nan,edge/x86_64,,3.12.3,2026-10-09T18:44:57Z
59,ECDH-P384,classical,,encapsulate,0.715,0.0,0.0,0.0,120,185,0,0,0,0,0,0.0,10.7249,nan,edge/x86_64,,3.12.3,2026-10-09T18:44:57Z
60,ECDH-P384,classical,,keygen,0.2551,0.0,0.0,0.0,120,185,0,0,0,0,0,0.0,3.8267,nan,edge/x86_64,,3.12.3,2026-10-09T18:44:57Z
60,ECDH-P384,classical,,encapsulate,0.6623,0.0,0.0,0.0,120,185,0,0,0,0,0,0.0,9.935,nan,edge/x86_64,,3.12.3,2026-10-09T18:44:57Z
61,ECDH-P384,classical,,keygen,0.2651,0.0,0.0,0.0,120,185,0,0,0,0,0,0.0,3.9763,nan,edge/x86_64,,3.12.3,2026-10-09T18:44:57Z
61,ECDH-P384,classical,,encapsulate,0.5937,0.0,0.0,0.0,120,185,0,0,0,0,0,0.0,8.9059,nan,edge/x86_64,,3.12.3,2026-10-09T18:44:57Z
62,ECDH-P384,classical,,keygen,0.2525,0.0,0.0,0.0,120,185,0,0,0,0,0,0.0,3.7874,nan,edge/x86_64,,3.12.3,2026-10-09T18:44:57Z
62,ECDH-P384,classical,,encapsulate,0.7024,0.0,0.0,0.0,120,185,0,0,0,0,0,0.0,10.5358,nan,edge/x86_64,,3.12.3,2026-10-09T18:44:57Z
63,ECDH-P384,classical,,keygen,0.2539,0.0,0.0,0.0,120,185,0,0,0,0,0,0.0,3.8081,nan,edge/x86_64,,3.12.3,2026-10-09T18:44:57Z
63,ECDH-P384,classical,,encapsulate,0.5717,0.0,0.0,0.0,120,185,0,0,0,0,0,0.0,8.5757,nan,edge/x86_64,,3.12.3,2026-10-09T18:44:57Z
64,ECDH-P384,classical,,keygen,0.2744,0.0,0.0,0.0,120,185,0,0,0,0,0,0.0,4.1167,nan,edge/x86_64,,3.12.3,2026-10-09T18:44:57Z
64,ECDH-P384,classical,,encapsulate,0.6697,0.0,0.0,0.0,120,185,0,0,0,0,0,0.0,10.0456,nan,edge/x86_64,,3.12.3,2026-10-09T18:44:57Z
65,ECDH-P384,classical,,keygen,0.2417,0.0,0.0,0.0,120,185,0,0,0,0,0,0.0,3.6248,nan,edge/x86_64,,3.12.3,2026-10-09T18:44:57Z
65,ECDH-P384,classical,,encapsulate,0.6226,0.0,0.0,0.0,120,185,0,0,0,0,0,0.0,9.3387,nan,edge/x86_64,,3.12.3,2026-10-09T18:44:57Z
66,ECDH-P384,classical,,keygen,0.2623,0.0,0.0,0.0,120,185,0,0,0,0,0,0.0,3.9345,nan,edge/x86_64,,3.12.3,2026-10-09T18:44:57Z
66,ECDH-P384,classical,,encapsulate,0.6157,0.0,0.0,0.0,120,185,0,0,0,0,0,0.0,9.2359,nan,edge/x86_64,,3.12.3,2026-10-09T18:44:57Z
67,ECDH-P384,classical,,keygen,0.2791,0.0,0.0,0.0,120,185,0,0,0,0,0,0.0,4.1866,nan,edge/x86_64,,3.12.3,2026-10-09T18:44:57Z
67,ECDH-P384,classical,,encapsulate,0.7142,0.0,0.0,0.0,120,185,0,0,0,0,0,0.0,10.7125,nan,edge/x86_64,,3.12.3,2026-10-09T18:44:57Z
68,ECDH-P384,classical,,keygen,0.2408,0.0,0.0,0.0,120,185,0,0,0,0,0,0.0,3.6125,nan,edge/x86_64,,3.12.3,2026-10-09T18:44:57Z
68,ECDH-P384,classical,,encapsulate,0.658,0.0,0.0,0.0,120,185,0,0,0,0,0,0.0,9.8704,nan,edge/x86_64,,3.12.3,2026-10-09T18:44:57Z
69,ECDH-P384,classical,,keygen,0.2488,0.0,0.0,0.0,120,185,0,0,0,0,0,0.0,3.7319,nan,edge/x86_64,,3.12.3,2026-10-09T18:44:57Z
69,ECDH-P384,classical,,encapsulate,0.6291,0.0,0.0,0.0,120,185,0,0,0,0,0,0.0,9.437,nan,edge/x86_64,,3.12.3,2026-10-09T18:44:57Z
70,ECDH-P384,classical,,keygen,0.2584,0.0,0.0,0.0,120,185,0,0,0,0,0,0.0,3.8759,nan,edge/x86_64,,3.12.3,2026-10-09T18:44:57Z
70,ECDH-P384,classical,,encapsulate,0.5715,0.0,0.0,0.0,120,185,0,0,0,0,0,0.0,8.573,nan,edge/x86_64,,3.12.3,2026-10-09T18:44:57Z
71,ECDH-P384,classical,,keygen,0.2638,0.0,0.0,0.0,120,185,0,0,0,0,0,0.0,3.9571,nan,edge/x86_64,,3.12.3,2026-10-09T18:44:57Z
71,ECDH-P384,classical,,encapsulate,0.6272,0.0,0.0,0.0,120,185,0,0,0,0,0,0.0,9.4075,nan,edge/x86_64,,3.12.3,2026-10-09T18:44:57Z
72,ECDH-P384,classical,,keygen,0.2542,0.0,0.0,0.0,120,185,0,0,0,0,0,0.0,3.8127,nan,edge/x86_64,,3.12.3,2026-10-09T18:44:57Z
72,ECDH-P384,classical,,encapsulate,0.6519,0.0,0.0,0.0,120,185,0,0,0,0,0,0.0,9.779,nan,edge/x86_64,,3.12.3,2026-10-09T18:44:57Z
73,ECDH-P384,classical,,keygen,0.243,0.0,0.0,0.0,120,185,0,0,0,0,0,0.0,3.6446,nan,edge/x86_64,,3.12.3,2026-10-09T18:44:57Z
73,ECDH-P384,classical,,encapsulate,0.7344,0.0,0.0,0.0,120,185,0,0,0,0,0,0.0,11.0161,nan,edge/x86_64,,3.12.3,2026-10-09T18:44:57Z
74,ECDH-P384,classical,,keygen,0.2568,0.0,0.0,0.0,120,185,0,0,0,0,0,0.0,3.8515,nan,edge/x86_64,,3.12.3,2026-10-09T18:44:57Z
74,ECDH-P384,classical,,encapsulate,0.657,0.0,0.0,0.0,120,185,0,0,0,0,0,0.0,9.8552,nan,edge/x86_64,,3.12.3,2026-10-09T18:44:57Z
75,ECDH-P384,classical,,keygen,0.2524,0.0,0.0,0.0,120,185,0,0,0,0,0,0.0,3.7856,nan,edge/x86_64,,3.12.3,2026-10-09T18:44:57Z
75,ECDH-P384,classical,,encapsulate,0.78,0.0,0.0,0.0,120,185,0,0,0,0,0,0.0,11.7,nan,edge/x86_64,,3.12.3,2026-10-09T18:44:57Z
76,ECDH-P384,classical,,keygen,0.2782,0.0,0.0,0.0,120,185,0,0,0,0,0,0.0,4.1733,nan,edge/x86_64,,3.12.3,2026-10-09T18:44:57Z
76,ECDH-P384,classical,,encapsulate,0.6985,0.0,0.0,0.0,120,185,0,0,0,0,0,0.0,10.4776,nan,edge/x86_64,,3.12.3,2026-10-09T18:44:57Z
77,ECDH-P384,classical,,keygen,0.2582,0.0,0.0,0.0,120,185,0,0,0,0,0,0.0,3.8732,nan,edge/x86_64,,3.12.3,2026-10-09T18:44:57Z
77,ECDH-P384,classical,,encapsulate,0.5651,0.0,0.0,0.0,120,185,0,0,0,0,0,0.0,8.4758,nan,edge/x86_64,,3.12.3,2026-10-09T18:44:57Z
78,ECDH-P384,classical,,keygen,0.2102,0.0,0.0,0.0,120,185,0,0,0,0,0,0.0,3.1524,nan,edge/x86_64,,3.12.3,2026-10-09T18:44:57Z
78,ECDH-P384,classical,,encapsulate,0.6476,0.0,0.0,0.0,120,185,0,0,0,0,0,0.0,9.7142,nan,edge/x86_64,,3.12.3,2026-10-09T18:44:57Z
79,ECDH-P384,classical,,keygen,0.2662,0.0,0.0,0.0,120,185,0,0,0,0,0,0.0,3.9937,nan,edge/x86_64,,3.12.3,2026-10-09T18:44:57Z
79,ECDH-P384,classical,,encapsulate,0.671,0.0,0.0,0.0,120,185,0,0,0,0,0,0.0,10.0647,nan,edge/x86_64,,3.12.3,2026-10-09T18:44:57Z
80,ECDH-P384,classical,,keygen,0.2564,0.0,0.0,0.0,120,185,0,0,0,0,0,0.0,3.8453,nan,edge/x86_64,,3.12.3,2026-10-09T18:44:57Z
80,ECDH-P384,classical,,encapsulate,0.6765,0.0,0.0,0.0,120,185,0,0,0,0,0,0.0,10.1471,nan,edge/x86_64,,3.12.3,2026-10-09T18:44:57Z
81,ECDH-P384,classical,,keygen,0.2502,0.0,0.0,0.0,120,185,0,0,0,0,0,0.0,3.7534,nan,edge/x86_64,,3.12.3,2026-10-09T18:44:57Z
81,ECDH-P384,classical,,encapsulate,0.6289,0.0,0.0,0.0,120,185,0,0,0,0,0,0.0,9.4334,nan,edge/x86_64,,3.12.3,2026-10-09T18:44:57Z
82,ECDH-P384,classical,,keygen,0.2807,0.0,0.0,0.0,120,185,0,0,0,0,0,0.0,4.2106,nan,edge/x86_64,,3.12.3,2026-10-09T18:44:57Z
82,ECDH-P384,classical,,encapsulate,0.5766,0.0,0.0,0.0,120,185,0,0,0,0,0,0.0,8.6495,nan,edge/x86_64,,3.12.3,2026-10-09T18:44:57Z
83,ECDH-P384,classical,,keygen,0.248,0.0,0.0,0.0,120,185,0,0,0,0,0,0.0,3.7201,nan,edge/x86_64,,3.12.3,2026-10-09T18:44:57Z
83,ECDH-P384,classical,,encapsulate,0.6458,0.0,0.0,0.0,120,185,0,0,0,0,0,0.0,9.6863,nan,edge/x86_64,,3.12.3,2026-10-09T18:44:57Z
84,ECDH-P384,classical,,keygen,0.2451,0.0,0.0,0.0,120,185,0,0,0,0,0,0.0,3.6765,nan,edge/x86_64,,3.12.3,2026-10-09T18:44:57Z
84,ECDH-P384,classical,,encapsulate,0.6834,0.0,0.0,0.0,120,185,0,0,0,0,0,0.0,10.2515,nan,edge/x86_64,,3.12.3,2026-10-09T18:44:57Z
85,ECDH-P384,classical,,keygen,0.317,0.0,0.0,0.0,120,185,0,0,0,0,0,0.0,4.7555,nan,edge/x86_64,,3.12.3,2026-10-09T18:44:57Z
85,ECDH-P384,classical,,encapsulate,0.6543,0.0,0.0,0.0,120,185,0,0,0,0,0,0.0,9.8138,nan,edge/x86_64,,3.12.3,2026-10-09T18:44:57Z
86,ECDH-P384,classical,,keygen,0.2636,0.0,0.0,0.0,120,185,0,0,0,0,0,0.0,3.9543,nan,edge/x86_64,,3.12.3,2026-10-09T18:44:57Z
86,ECDH-P384,classical,,encapsulate,0.6534,0.0,0.0,0.0,120,185,0,0,0,0,0,0.0,9.8015,nan,edge/x86_64,,3.12.3,2026-10-09T18:44:57Z
87,ECDH-P384,classical,,keygen,0.2422,0.0,0.0,0.0,120,185,0,0,0,0,0,0.0,3.6336,nan,edge/x86_64,,3.12.3,2026-10-09T18:44:57Z
87,ECDH-P384,classical,,encapsulate,0.5568,0.0,0.0,0.0,120,185,0,0,0,0,0,0.0,8.3524,nan,edge/x86_64,,3.12.3,2026-10-09T18:44:57Z
88,ECDH-P384,classical,,keygen,0.3008,0.0,0.0,0.0,120,185,0,0,0,0,0,0.0,4.5113,nan,edge/x86_64,,3.12.3,2026-10-09T18:44:57Z
88,ECDH-P384,classical,,encapsulate,0.6833,0.0,0.0,0.0,120,185,0,0,0,0,0,0.0,10.2496,nan,edge/x86_64,,3.12.3,2026-10-09T18:44:57Z
89,ECDH-P384,classical,,keygen,0.2501,0.0,0.0,0.0,120,185,0,0,0,0,0,0.0,3.7519,nan,edge/x86_64,,3.12.3,2026-10-09T18:44:57Z
89,ECDH-P384,classical,,encapsulate,0.631,0.0,0.0,0.0,120,185,0,0,0,0,0,0.0,9.4652,nan,edge/x86_64,,3.12.3,2026-10-09T18:44:57Z
90,ECDH-P384,classical,,keygen,0.2009,0.0,0.0,0.0,120,185,0,0,0,0,0,0.0,3.0142,nan,edge/x86_64,,3.12.3,2026-10-09T18:44:57Z
90,ECDH-P384,classical,,encapsulate,0.8098,0.0,0.0,0.0,120,185,0,0,0,0,0,0.0,12.1468,nan,edge/x86_64,,3.12.3,2026-10-09T18:44:57Z
91,ECDH-P384,classical,,keygen,0.253,0.0,0.0,0.0,120,185,0,0,0,0,0,0.0,3.7946,nan,edge/x86_64,,3.12.3,2026-10-09T18:44:57Z
91,ECDH-P384,classical,,encapsulate,0.6799,0.0,0.0,0.0,120,185,0,0,0,0,0,0.0,10.1978,nan,edge/x86_64,,3.12.3,2026-10-09T18:44:57Z
92,ECDH-P384,classical,,keygen,0.2591,0.0,0.0,0.0,120,185,0,0,0,0,0,0.0,3.886,nan,edge/x86_64,,3.12.3,2026-10-09T18:44:57Z
92,ECDH-P384,classical,,encapsulate,0.6509,0.0,0.0,0.0,120,185,0,0,0,0,0,0.0,9.7635,nan,edge/x86_64,,3.12.3,2026-10-09T18:44:57Z
93,ECDH-P384,classical,,keygen,0.2486,0.0,0.0,0.0,120,185,0,0,0,0,0,0.0,3.7286,nan,edge/x86_64,,3.12.3,2026-10-09T18:44:57Z
93,ECDH-P384,classical,,encapsulate,0.6591,0.0,0.0,0.0,120,185,0,0,0,0,0,0.0,9.8859,nan,edge/x86_64,,3.12.3,2026-10-09T18:44:57Z
94,ECDH-P384,classical,,keygen,0.262,0.0,0.0,0.0,120,185,0,0,0,0,0,0.0,3.9302,nan,edge/x86_64,,3.12.3,2026-10-09T18:44:57Z
94,ECDH-P384,classical,,encapsulate,0.5657,0.0,0.0,0.0,120,185,0,0,0,0,0,0.0,8.4854,nan,edge/x86_64,,3.12.3,2026-10-09T18:44:57Z
95,ECDH-P384,classical,,keygen,0.2612,0.0,0.0,0.0,120,185,0,0,0,0,0,0.0,3.9177,nan,edge/x86_64,,3.12.3,2026-10-09T18:44:57Z
95,ECDH-P384,classical,,encapsulate,0.6387,0.0,0.0,0.0,120,185,0,0,0,0,0,0.0,9.5805,nan,edge/x86_64,,3.12.3,2026-10-09T18:44:57Z
96,ECDH-P384,classical,,keygen,0.2512,0.0,0.0,0.0,120,185,0,0,0,0,0,0.0,3.7677,nan,edge/x86_64,,3.12.3,2026-10-09T18:44:57Z
96,ECDH-P384,classical,,encapsulate,0.8635,0.0,0.0,0.0,120,185,0,0,0,0,0,0.0,12.953,nan,edge/x86_64,,3.12.3,2026-10-09T18:44:57Z
97,ECDH-P384,classical,,keygen,0.19,0.0,0.0,0.0,120,185,0,0,0,0,0,0.0,2.8496,nan,edge/x86_64,,3.12.3,2026-10-09T18:44:57Z
97,ECDH-P384,classical,,encapsulate,0.4103,0.0,0.0,0.0,120,185,0,0,0,0,0,0.0,6.1548,nan,edge/x86_64,,3.12.3,2026-10-09T18:44:57Z
98,ECDH-P384,classical,,keygen,0.1358,0.0,0.0,0.0,120,185,0,0,0,0,0,0.0,2.0364,nan,edge/x86_64,,3.12.3,2026-10-09T18:44:57Z
98,ECDH-P384,classical,,encapsulate,0.3685,0.0,0.0,0.0,120,185,0,0,0,0,0,0.0,5.5272,nan,edge/x86_64,,3.12.3,2026-10-09T18:44:57Z
99,ECDH-P384,classical,,keygen,0.1535,0.0,0.0,0.0,120,185,0,0,0,0,0,0.0,2.302,nan,edge/x86_64,,3.12.3,2026-10-09T18:44:57Z
99,ECDH-P384,classical,,encapsulate,0.3377,0.0,0.0,0.0,120,185,0,0,0,0,0,0.0,5.0661,nan,edge/x86_64,,3.12.3,2026-10-09T18:44:57Z
100,ECDH-P384,classical,,keygen,0.1313,0.0,0.0,0.0,120,185,0,0,0,0,0,0.0,1.9702,nan,edge/x86_64,,3.12.3,2026-10-09T18:44:57Z
100,ECDH-P384,classical,,encapsulate,0.3805,0.0,0.0,0.0,120,185,0,0,0,0,0,0.0,5.7078,nan,edge/x86_64,,3.12.3,2026-10-09T18:44:57Z
101,ECDH-P384,classical,,keygen,0.1385,0.0,0.0,0.0,120,185,0,0,0,0,0,0.0,2.078,nan,edge/x86_64,,3.12.3,2026-10-09T18:44:57Z
101,ECDH-P384,classical,,encapsulate,0.4241,0.0,0.0,0.0,120,185,0,0,0,0,0,0.0,6.362,nan,edge/x86_64,,3.12.3,2026-10-09T18:44:57Z
102,ECDH-P384,classical,,keygen,0.1393,0.0,0.0,0.0,120,185,0,0,0,0,0,0.0,2.089,nan,edge/x86_64,,3.12.3,2026-10-09T18:44:57Z
102,ECDH-P384,classical,,encapsulate,0.3367,0.0,0.0,0.0,120,185,0,0,0,0,0,0.0,5.0499,nan,edge/x86_64,,3.12.3,2026-10-09T18:44:57Z
103,ECDH-P384,classical,,keygen,0.1615,0.0,0.0,0.0,120,185,0,0,0,0,0,0.0,2.4228,nan,edge/x86_64,,3.12.3,2026-10-09T18:44:57Z
103,ECDH-P384,classical,,encapsulate,0.3369,0.0,0.0,0.0,120,185,0,0,0,0,0,0.0,5.0533,nan,edge/x86_64,,3.12.3,2026-10-09T18:44:57Z
104,ECDH-P384,classical,,keygen,0.1322,0.0,0.0,0.0,120,185,0,0,0,0,0,0.0,1.9826,nan,edge/x86_64,,3.12.3,2026-10-09T18:44:57Z
104,ECDH-P384,classical,,encapsulate,0.3987,0.0,0.0,0.0,120,185,0,0,0,0,0,0.0,5.9804,nan,edge/x86_64,,3.12.3,2026-10-09T18:44:57Z
105,ECDH-P384,classical,,keygen,0.136,0.0,0.0,0.0,120,185,0,0,0,0,0,0.0,2.0402,nan,edge/x86_64,,3.12.3,2026-10-09T18:44:57Z
105,ECDH-P384,classical,,encapsulate,0.3611,0.0,0.0,0.0,120,185,0,0,0,0,0,0.0,5.4172,nan,edge/x86_64,,3.12.3,2026-10-09T18:44:57Z
106,ECDH-P384,classical,,keygen,0.1572,0.0,0.0,0.0,120,185,0,0,0,0,0,0.0,2.3579,nan,edge/x86_64,,3.12.3,2026-10-09T18:44:57Z
106,ECDH-P384,classical,,encapsulate,0.3381,0.0,0.0,0.0,120,185,0,0,0,0,0,0.0,5.0722,nan,edge/x86_64,,3.12.3,2026-10-09T18:44:57Z
107,ECDH-P384,classical,,keygen,0.1308,0.0,0.0,0.0,120,185,0,0,0,0,0,0.0,1.9625,nan,edge/x86_64,,3.12.3,2026-10-09T18:44:57Z
107,ECDH-P384,classical,,encapsulate,0.4479,0.0,0.0,0.0,120,185,0,0,0,0,0,0.0,6.7183,nan,edge/x86_64,,3.12.3,2026-10-09T18:44:57Z
108,ECDH-P384,classical,,keygen,0.1425,0.0,0.0,0.0,120,185,0,0,0,0,0,0.0,2.1377,nan,edge/x86_64,,3.12.3,2026-10-09T18:44:57Z
108,ECDH-P384,classical,,encapsulate,0.3531,0.0,0.0,0.0,120,185,0,0,0,0,0,0.0,5.2966,nan,edge/x86_64,,3.12.3,2026-10-09T18:44:57Z
109,ECDH-P384,classical,,keygen,0.1335,0.0,0.0,0.0,120,185,0,0,0,0,0,0.0,2.0029,nan,edge/x86_64,,3.12.3,2026-10-09T18:44:57Z
109,ECDH-P384,classical,,encapsulate,0.361,0.0,0.0,0.0,120,185,0,0,0,0,0,0.0,5.4156,nan,edge/x86_64,,3.12.3,2026-10-09T18:44:57Z
110,ECDH-P384,classical,,keygen,0.1485,0.0,0.0,0.0,120,185,0,0,0,0,0,0.0,2.2281,nan,edge/x86_64,,3.12.3,2026-10-09T18:44:57Z
110,ECDH-P384,classical,,encapsulate,0.3457,0.0,0.0,0.0,120,185,0,0,0,0,0,0.0,5.1855,nan,edge/x86_64,,3.12.3,2026-10-09T18:44:57Z
111,ECDH-P384,classical,,keygen,0.1313,0.0,0.0,0.0,120,185,0,0,0,0,0,0.0,1.9691,nan,edge/x86_64,,3.12.3,2026-10-09T18:44:57Z
111,ECDH-P384,classical,,encapsulate,0.3527,0.0,0.0,0.0,120,185,0,0,0,0,0,0.0,5.2901,nan,edge/x86_64,,3.12.3,2026-10-09T18:44:57Z
112,ECDH-P384,classical,,keygen,0.1343,0.0,0.0,0.0,120,185,0,0,0,0,0,0.0,2.0151,nan,edge/x86_64,,3.12.3,2026-10-09T18:44:57Z
112,ECDH-P384,classical,,encapsulate,0.3393,0.0,0.0,0.0,120,185,0,0,0,0,0,0.0,5.0901,nan,edge/x86_64,,3.12.3,2026-10-09T18:44:57Z
113,ECDH-P384,classical,,keygen,0.1528,0.0,0.0,0.0,120,185,0,0,0,0,0,0.0,2.2913,nan,edge/x86_64,,3.12.3,2026-10-09T18:44:57Z
113,ECDH-P384,classical,,encapsulate,0.3834,0.0,0.0,0.0,120,185,0,0,0,0,0,0.0,5.7503,nan,edge/x86_64,,3.12.3,2026-10-09T18:44:57Z
114,ECDH-P384,classical,,keygen,0.1412,0.0,0.0,0.0,120,185,0,0,0,0,0,0.0,2.1176,nan,edge/x86_64,,3.12.3,2026-10-09T18:44:57Z
114,ECDH-P384,classical,,encapsulate,0.3348,0.0,0.0,0.0,120,185,0,0,0,0,0,0.0,5.0222,nan,edge/x86_64,,3.12.3,2026-10-09T18:44:57Z
115,ECDH-P384,classical,,keygen,0.1313,0.0,0.0,0.0,120,185,0,0,0,0,0,0.0,1.9694,nan,edge/x86_64,,3.12.3,2026-10-09T18:44:57Z
115,ECDH-P384,classical,,encapsulate,0.4034,0.0,0.0,0.0,120,185,0,0,0,0,0,0.0,6.0511,nan,edge/x86_64,,3.12.3,2026-10-09T18:44:57Z
116,ECDH-P384,classical,,keygen,0.1366,0.0,0.0,0.0,120,185,0,0,0,0,0,0.0,2.0497,nan,edge/x86_64,,3.12.3,2026-10-09T18:44:57Z
116,ECDH-P384,classical,,encapsulate,0.338,0.0,0.0,0.0,120,185,0,0,0,0,0,0.0,5.0703,nan,edge/x86_64,,3.12.3,2026-10-09T18:44:57Z
117,ECDH-P384,classical,,keygen,0.4144,0.0,0.0,0.0,120,185,0,0,0,0,0,0.0,6.2158,nan,edge/x86_64,,3.12.3,2026-10-09T18:44:57Z
117,ECDH-P384,classical,,encapsulate,0.7507,0.0,0.0,0.0,120,185,0,0,0,0,0,0.0,11.2602,nan,edge/x86_64,,3.12.3,2026-10-09T18:44:57Z
118,ECDH-P384,classical,,keygen,0.2354,0.0,0.0,0.0,120,185,0,0,0,0,0,0.0,3.5308,nan,edge/x86_64,,3.12.3,2026-10-09T18:44:57Z
118,ECDH-P384,classical,,encapsulate,0.6805,0.0,0.0,0.0,120,185,0,0,0,0,0,0.0,10.2081,nan,edge/x86_64,,3.12.3,2026-10-09T18:44:57Z
119,ECDH-P384,classical,,keygen,0.2546,0.0,0.0,0.0,120,185,0,0,0,0,0,0.0,3.8191,nan,edge/x86_64,,3.12.3,2026-10-09T18:44:57Z
119,ECDH-P384,classical,,encapsulate,0.6773,0.0,0.0,0.0,120,185,0,0,0,0,0,0.0,10.1591,nan,edge/x86_64,,3.12.3,2026-10-09T18:44:57Z
120,ECDH-P384,classical,,keygen,0.2588,0.0,0.0,0.0,120,185,0,0,0,0,0,0.0,3.882,nan,edge/x86_64,,3.12.3,2026-10-09T18:44:57Z
120,ECDH-P384,classical,,encapsulate,0.6413,0.0,0.0,0.0,120,185,0,0,0,0,0,0.0,9.6196,nan,edge/x86_64,,3.12.3,2026-10-09T18:44:57Z
121,ECDH-P384,classical,,keygen,0.3108,0.0,0.0,0.0,120,185,0,0,0,0,0,0.0,4.6613,nan,edge/x86_64,,3.12.3,2026-10-09T18:44:57Z
121,ECDH-P384,classical,,encapsulate,0.6694,0.0,0.0,0.0,120,185,0,0,0,0,0,0.0,10.0412,nan,edge/x86_64,,3.12.3,2026-10-09T18:44:57Z
122,ECDH-P384,classical,,keygen,0.2504,0.0,0.0,0.0,120,185,0,0,0,0,0,0.0,3.7562,nan,edge/x86_64,,3.12.3,2026-10-09T18:44:57Z
122,ECDH-P384,classical,,encapsulate,0.71,0.0,0.0,0.0,120,185,0,0,0,0,0,0.0,10.6507,nan,edge/x86_64,,3.12.3,2026-10-09T18:44:57Z
123,ECDH-P384,classical,,keygen,0.2594,0.0,0.0,0.0,120,185,0,0,0,0,0,0.0,3.891,nan,edge/x86_64,,3.12.3,2026-10-09T18:44:57Z
123,ECDH-P384,classical,,encapsulate,0.6616,0.0,0.0,0.0,120,185,0,0,0,0,0,0.0,9.9236,nan,edge/x86_64,,3.12.3,2026-10-09T18:44:57Z
124,ECDH-P384,classical,,keygen,0.3399,0.0,0.0,0.0,120,185,0,0,0,0,0,0.0,5.098,nan,edge/x86_64,,3.12.3,2026-10-09T18:44:57Z
124,ECDH-P384,classical,,encapsulate,0.6793,0.0,0.0,0.0,120,185,0,0,0,0,0,0.0,10.19,nan,edge/x86_64,,3.12.3,2026-10-09T18:44:57Z
125,ECDH-P384,classical,,keygen,0.25,0.0,0.0,0.0,120,185,0,0,0,0,0,0.0,3.7499,nan,edge/x86_64,,3.12.3,2026-10-09T18:44:57Z
125,ECDH-P384,classical,,encapsulate,0.7273,0.0,0.0,0.0,120,185,0,0,0,0,0,0.0,10.9097,nan,edge/x86_64,,3.12.3,2026-10-09T18:44:57Z
126,ECDH-P384,classical,,keygen,0.2688,0.0,0.0,0.0,120,185,0,0,0,0,0,0.0,4.0313,nan,edge/x86_64,,3.12.3,2026-10-09T18:44:57Z
126,ECDH-P384,classical,,encapsulate,0.5591,0.0,0.0,0.0,120,185,0,0,0,0,0,0.0,8.3864,nan,edge/x86_64,,3.12.3,2026-10-09T18:44:57Z
127,ECDH-P384,classical,,keygen,0.4016,0.0,0.0,0.0,120,185,0,0,0,0,0,0.0,6.0233,nan,edge/x86_64,,3.12.3,2026-10-09T18:44:57Z
127,ECDH-P384,classical,,encapsulate,0.6449,0.0,0.0,0.0,120,185,0,0,0,0,0,0.0,9.6737,nan,edge/x86_64,,3.12.3,2026-10-09T18:44:57Z
128,ECDH-P384,classical,,keygen,0.2358,0.0,0.0,0.0,120,185,0,0,0,0,0,0.0,3.5369,nan,edge/x86_64,,3.12.3,2026-10-09T18:44:57Z
128,ECDH-P384,classical,,encapsulate,0.8396,0.0,0.0,0.0,120,185,0,0,0,0,0,0.0,12.594,nan,edge/x86_64,,3.12.3,2026-10-09T18:44:57Z
129,ECDH-P384,classical,,keygen,0.3137,0.0,0.0,0.0,120,185,0,0,0,0,0,0.0,4.7055,nan,edge/x86_64,,3.12.3,2026-10-09T18:44:57Z
129,ECDH-P384,classical,,encapsulate,0.6961,0.0,0.0,0.0,120,185,0,0,0,0,0,0.0,10.4417,nan,edge/x86_64,,3.12.3,2026-10-09T18:44:57Z
130,ECDH-P384,classical,,keygen,0.2548,0.0,0.0,0.0,120,185,0,0,0,0,0,0.0,3.8219,nan,edge/x86_64,,3.12.3,2026-10-09T18:44:57Z
130,ECDH-P384,classical,,encapsulate,0.518,0.0,0.0,0.0,120,185,0,0,0,0,0,0.0,7.7697,nan,edge/x86_64,,3.12.3,2026-10-09T18:44:57Z
131,ECDH-P384,classical,,keygen,0.262,0.0,0.0,0.0,120,185,0,0,0,0,0,0.0,3.9295,nan,edge/x86_64,,3.12.3,2026-10-09T18:44:57Z
131,ECDH-P384,classical,,encapsulate,0.6296,0.0,0.0,0.0,120,185,0,0,0,0,0,0.0,9.4444,nan,edge/x86_64,,3.12.3,2026-10-09T18:44:57Z
132,ECDH-P384,classical,,keygen,0.2777,0.0,0.0,0.0,120,185,0,0,0,0,0,0.0,4.1649,nan,edge/x86_64,,3.12.3,2026-10-09T18:44:57Z
132,ECDH-P384,classical,,encapsulate,0.7739,0.0,0.0,0.0,120,185,0,0,0,0,0,0.0,11.6085,nan,edge/x86_64,,3.12.3,2026-10-09T18:44:57Z
133,ECDH-P384,classical,,keygen,0.2677,0.0,0.0,0.0,120,185,0,0,0,0,0,0.0,4.0157,nan,edge/x86_64,,3.12.3,2026-10-09T18:44:57Z
133,ECDH-P384,classical,,encapsulate,0.6976,0.0,0.0,0.0,120,185,0,0,0,0,0,0.0,10.4646,nan,edge/x86_64,,3.12.3,2026-10-09T18:44:57Z
134,ECDH-P384,classical,,keygen,0.2991,0.0,0.0,0.0,120,185,0,0,0,0,0,0.0,4.4863,nan,edge/x86_64,,3.12.3,2026-10-09T18:44:57Z
134,ECDH-P384,classical,,encapsulate,0.6854,0.0,0.0,0.0,120,185,0,0,0,0,0,0.0,10.2812,nan,edge/x86_64,,3.12.3,2026-10-09T18:44:57Z
135,ECDH-P384,classical,,keygen,0.2449,0.0,0.0,0.0,120,185,0,0,0,0,0,0.0,3.6729,nan,edge/x86_64,,3.12.3,2026-10-09T18:44:57Z
135,ECDH-P384,classical,,encapsulate,0.6996,0.0,0.0,0.0,120,185,0,0,0,0,0,0.0,10.4933,nan,edge/x86_64,,3.12.3,2026-10-09T18:44:57Z
136,ECDH-P384,classical,,keygen,0.2841,0.0,0.0,0.0,120,185,0,0,0,0,0,0.0,4.2613,nan,edge/x86_64,,3.12.3,2026-10-09T18:44:57Z
136,ECDH-P384,classical,,encapsulate,0.5155,0.0,0.0,0.0,120,185,0,0,0,0,0,0.0,7.7324,nan,edge/x86_64,,3.12.3,2026-10-09T18:44:57Z
137,ECDH-P384,classical,,keygen,0.2904,0.0,0.0,0.0,120,185,0,0,0,0,0,0.0,4.3561,nan,edge/x86_64,,3.12.3,2026-10-09T18:44:57Z
137,ECDH-P384,classical,,encapsulate,0.6768,0.0,0.0,0.0,120,185,0,0,0,0,0,0.0,10.1521,nan,edge/x86_64,,3.12.3,2026-10-09T18:44:57Z
138,ECDH-P384,classical,,keygen,0.2499,0.0,0.0,0.0,120,185,0,0,0,0,0,0.0,3.7481,nan,edge/x86_64,,3.12.3,2026-10-09T18:44:57Z
138,ECDH-P384,classical,,encapsulate,0.66,0.0,0.0,0.0,120,185,0,0,0,0,0,0.0,9.8999,nan,edge/x86_64,,3.12.3,2026-10-09T18:44:57Z
139,ECDH-P384,classical,,keygen,0.2824,0.0,0.0,0.0,120,185,0,0,0,0,0,0.0,4.2363,nan,edge/x86_64,,3.12.3,2026-10-09T18:44:57Z
139,ECDH-P384,classical,,encapsulate,0.7001,0.0,0.0,0.0,120,185,0,0,0,0,0,0.0,10.502,nan,edge/x86_64,,3.12.3,2026-10-09T18:44:57Z
140,ECDH-P384,classical,,keygen,0.3224,0.0,0.0,0.0,120,185,0,0,0,0,0,0.0,4.8362,nan,edge/x86_64,,3.12.3,2026-10-09T18:44:57Z
140,ECDH-P384,classical,,encapsulate,0.6571,0.0,0.0,0.0,120,185,0,0,0,0,0,0.0,9.8565,nan,edge/x86_64,,3.12.3,2026-10-09T18:44:57Z
141,ECDH-P384,classical,,keygen,0.2446,0.0,0.0,0.0,120,185,0,0,0,0,0,0.0,3.6683,nan,edge/x86_64,,3.12.3,2026-10-09T18:44:57Z
141,ECDH-P384,classical,,encapsulate,0.738,0.0,0.0,0.0,120,185,0,0,0,0,0,0.0,11.0705,nan,edge/x86_64,,3.12.3,2026-10-09T18:44:57Z
142,ECDH-P384,classical,,keygen,0.2834,0.0,0.0,0.0,120,185,0,0,0,0,0,0.0,4.2506,nan,edge/x86_64,,3.12.3,2026-10-09T18:44:57Z
142,ECDH-P384,classical,,encapsulate,0.719,0.0,0.0,0.0,120,185,0,0,0,0,0,0.0,10.7848,nan,edge/x86_64,,3.12.3,2026-10-09T18:44:57Z
143,ECDH-P384,classical,,keygen,0.2019,0.0,0.0,0.0,120,185,0,0,0,0,0,0.0,3.0279,nan,edge/x86_64,,3.12.3,2026-10-09T18:44:57Z
143,ECDH-P384,classical,,encapsulate,0.6463,0.0,0.0,0.0,120,185,0,0,0,0,0,0.0,9.6938,nan,edge/x86_64,,3.12.3,2026-10-09T18:44:57Z
144,ECDH-P384,classical,,keygen,0.2524,0.0,0.0,0.0,120,185,0,0,0,0,0,0.0,3.7857,nan,edge/x86_64,,3.12.3,2026-10-09T18:44:57Z
144,ECDH-P384,classical,,encapsulate,0.661,0.0,0.0,0.0,120,185,0,0,0,0,0,0.0,9.9149,nan,edge/x86_64,,3.12.3,2026-10-09T18:44:57Z
145,ECDH-P384,classical,,keygen,0.2656,0.0,0.0,0.0,120,185,0,0,0,0,0,0.0,3.9837,nan,edge/x86_64,,3.12.3,2026-10-09T18:44:57Z
145,ECDH-P384,classical,,encapsulate,0.6046,0.0,0.0,0.0,120,185,0,0,0,0,0,0.0,9.0688,nan,edge/x86_64,,3.12.3,2026-10-09T18:44:57Z
146,ECDH-P384,classical,,keygen,0.2555,0.0,0.0,0.0,120,185,0,0,0,0,0,0.0,3.8324,nan,edge/x86_64,,3.12.3,2026-10-09T18:44:57Z
146,ECDH-P384,classical,,encapsulate,0.6235,0.0,0.0,0.0,120,185,0,0,0,0,0,0.0,9.3519,nan,edge/x86_64,,3.12.3,2026-10-09T18:44:57Z
147,ECDH-P384,classical,,keygen,0.2623,0.0,0.0,0.0,120,185,0,0,0,0,0,0.0,3.9339,nan,edge/x86_64,,3.12.3,2026-10-09T18:44:57Z
147,ECDH-P384,classical,,encapsulate,0.6434,0.0,0.0,0.0,120,185,0,0,0,0,0,0.0,9.6506,nan,edge/x86_64,,3.12.3,2026-10-09T18:44:57Z
148,ECDH-P384,classical,,keygen,0.2488,0.0,0.0,0.0,120,185,0,0,0,0,0,0.0,3.7322,nan,edge/x86_64,,3.12.3,2026-10-09T18:44:57Z
148,ECDH-P384,classical,,encapsulate,0.6806,0.0,0.0,0.0,120,185,0,0,0,0,0,0.0,10.2083,nan,edge/x86_64,,3.12.3,2026-10-09T18:44:57Z
149,ECDH-P384,classical,,keygen,0.2573,0.0,0.0,0.0,120,185,0,0,0,0,0,0.0,3.8589,nan,edge/x86_64,,3.12.3,2026-10-09T18:44:57Z
149,ECDH-P384,classical,,encapsulate,0.6176,0.0,0.0,0.0,120,185,0,0,0,0,0,0.0,9.2637,nan,edge/x86_64,,3.12.3,2026-10-09T18:44:57Z
150,ECDH-P384,classical,,keygen,0.2863,0.0,0.0,0.0,120,185,0,0,0,0,0,0.0,4.2944,nan,edge/x86_64,,3.12.3,2026-10-09T18:44:57Z
150,ECDH-P384,classical,,encapsulate,0.677,0.0,0.0,0.0,120,185,0,0,0,0,0,0.0,10.1547,nan,edge/x86_64,,3.12.3,2026-10-09T18:44:57Z
151,ECDH-P384,classical,,keygen,0.2505,0.0,0.0,0.0,120,185,0,0,0,0,0,0.0,3.7578,nan,edge/x86_64,,3.12.3,2026-10-09T18:44:57Z
151,ECDH-P384,classical,,encapsulate,0.4635,0.0,0.0,0.0,120,185,0,0,0,0,0,0.0,6.9518,nan,edge/x86_64,,3.12.3,2026-10-09T18:44:57Z
152,ECDH-P384,classical,,keygen,0.1943,0.0,0.0,0.0,120,185,0,0,0,0,0,0.0,2.9139,nan,edge/x86_64,,3.12.3,2026-10-09T18:44:57Z
152,ECDH-P384,classical,,encapsulate,0.4113,0.0,0.0,0.0,120,185,0,0,0,0,0,0.0,6.1701,nan,edge/x86_64,,3.12.3,2026-10-09T18:44:57Z
153,ECDH-P384,classical,,keygen,0.1426,0.0,0.0,0.0,120,185,0,0,0,0,0,0.0,2.1389,nan,edge/x86_64,,3.12.3,2026-10-09T18:44:57Z
153,ECDH-P384,classical,,encapsulate,0.3615,0.0,0.0,0.0,120,185,0,0,0,0,0,0.0,5.4228,nan,edge/x86_64,,3.12.3,2026-10-09T18:44:57Z
154,ECDH-P384,classical,,keygen,0.1337,0.0,0.0,0.0,120,185,0,0,0,0,0,0.0,2.0051,nan,edge/x86_64,,3.12.3,2026-10-09T18:44:57Z
154,ECDH-P384,classical,,encapsulate,0.3369,0.0,0.0,0.0,120,185,0,0,0,0,0,0.0,5.053,nan,edge/x86_64,,3.12.3,2026-10-09T18:44:57Z
155,ECDH-P384,classical,,keygen,0.1329,0.0,0.0,0.0,120,185,0,0,0,0,0,0.0,1.9935,nan,edge/x86_64,,3.12.3,2026-10-09T18:44:57Z
155,ECDH-P384,classical,,encapsulate,0.3654,0.0,0.0,0.0,120,185,0,0,0,0,0,0.0,5.4806,nan,edge/x86_64,,3.12.3,2026-10-09T18:44:57Z
156,ECDH-P384,classical,,keygen,0.1473,0.0,0.0,0.0,120,185,0,0,0,0,0,0.0,2.209,nan,edge/x86_64,,3.12.3,2026-10-09T18:44:57Z
156,ECDH-P384,classical,,encapsulate,0.4026,0.0,0.0,0.0,120,185,0,0,0,0,0,0.0,6.0397,nan,edge/x86_64,,3.12.3,2026-10-09T18:44:57Z
157,ECDH-P384,classical,,keygen,0.1416,0.0,0.0,0.0,120,185,0,0,0,0,0,0.0,2.1237,nan,edge/x86_64,,3.12.3,2026-10-09T18:44:57Z
157,ECDH-P384,classical,,encapsulate,0.379,0.0,0.0,0.0,120,185,0,0,0,0,0,0.0,5.6856,nan,edge/x86_64,,3.12.3,2026-10-09T18:44:57Z
158,ECDH-P384,classical,,keygen,0.1548,0.0,0.0,0.0,120,185,0,0,0,0,0,0.0,2.3219,nan,edge/x86_64,,3.12.3,2026-10-09T18:44:57Z
158,ECDH-P384,classical,,encapsulate,0.3385,0.0,0.0,0.0,120,185,0,0,0,0,0,0.0,5.0772,nan,edge/x86_64,,3.12.3,2026-10-09T18:44:57Z
159,ECDH-P384,classical,,keygen,0.1321,0.0,0.0,0.0,120,185,0,0,0,0,0,0.0,1.9817,nan,edge/x86_64,,3.12.3,2026-10-09T18:44:57Z
159,ECDH-P384,classical,,encapsulate,0.3583,0.0,0.0,0.0,120,185,0,0,0,0,0,0.0,5.3744,nan,edge/x86_64,,3.12.3,2026-10-09T18:44:57Z
160,ECDH-P384,classical,,keygen,0.1348,0.0,0.0,0.0,120,185,0,0,0,0,0,0.0,2.0215,nan,edge/x86_64,,3.12.3,2026-10-09T18:44:57Z
160,ECDH-P384,classical,,encapsulate,0.3615,0.0,0.0,0.0,120,185,0,0,0,0,0,0.0,5.4232,nan,edge/x86_64,,3.12.3,2026-10-09T18:44:57Z
161,ECDH-P384,classical,,keygen,0.1575,0.0,0.0,0.0,120,185,0,0,0,0,0,0.0,2.3628,nan,edge/x86_64,,3.12.3,2026-10-09T18:44:57Z
161,ECDH-P384,classical,,encapsulate,0.3523,0.0,0.0,0.0,120,185,0,0,0,0,0,0.0,5.285,nan,edge/x86_64,,3.12.3,2026-10-09T18:44:57Z
162,ECDH-P384,classical,,keygen,0.132,0.0,0.0,0.0,120,185,0,0,0,0,0,0.0,1.9804,nan,edge/x86_64,,3.12.3,2026-10-09T18:44:57Z
162,ECDH-P384,classical,,encapsulate,0.3471,0.0,0.0,0.0,120,185,0,0,0,0,0,0.0,5.2071,nan,edge/x86_64,,3.12.3,2026-10-09T18:44:57Z
163,ECDH-P384,classical,,keygen,0.1389,0.0,0.0,0.0,120,185,0,0,0,0,0,0.0,2.0833,nan,edge/x86_64,,3.12.3,2026-10-09T18:44:57Z
163,ECDH-P384,classical,,encapsulate,0.382,0.0,0.0,0.0,120,185,0,0,0,0,0,0.0,5.7298,nan,edge/x86_64,,3.12.3,2026-10-09T18:44:57Z
164,ECDH-P384,classical,,keygen,0.139,0.0,0.0,0.0,120,185,0,0,0,0,0,0.0,2.0854,nan,edge/x86_64,,3.12.3,2026-10-09T18:44:57Z
164,ECDH-P384,classical,,encapsulate,0.3539,0.0,0.0,0.0,120,185,0,0,0,0,0,0.0,5.3083,nan,edge/x86_64,,3.12.3,2026-10-09T18:44:57Z
165,ECDH-P384,classical,,keygen,0.1317,0.0,0.0,0.0,120,185,0,0,0,0,0,0.0,1.975,nan,edge/x86_64,,3.12.3,2026-10-09T18:44:57Z
165,ECDH-P384,classical,,encapsulate,0.3431,0.0,0.0,0.0,120,185,0,0,0,0,0,0.0,5.1466,nan,edge/x86_64,,3.12.3,2026-10-09T18:44:57Z
166,ECDH-P384,classical,,keygen,0.1402,0.0,0.0,0.0,120,185,0,0,0,0,0,0.0,2.1025,nan,edge/x86_64,,3.12.3,2026-10-09T18:44:57Z
166,ECDH-P384,classical,,encapsulate,0.3604,0.0,0.0,0.0,120,185,0,0,0,0,0,0.0,5.4065,nan,edge/x86_64,,3.12.3,2026-10-09T18:44:57Z
167,ECDH-P384,classical,,keygen,0.1351,0.0,0.0,0.0,120,185,0,0,0,0,0,0.0,2.0272,nan,edge/x86_64,,3.12.3,2026-10-09T18:44:57Z
167,ECDH-P384,classical,,encapsulate,0.3335,0.0,0.0,0.0,120,185,0,0,0,0,0,0.0,5.0019,nan,edge/x86_64,,3.12.3,2026-10-09T18:44:57Z
168,ECDH-P384,classical,,keygen,0.131,0.0,0.0,0.0,120,185,0,0,0,0,0,0.0,1.9643,nan,edge/x86_64,,3.12.3,2026-10-09T18:44:57Z
168,ECDH-P384,classical,,encapsulate,0.3835,0.0,0.0,0.0,120,185,0,0,0,0,0,0.0,5.7529,nan,edge/x86_64,,3.12.3,2026-10-09T18:44:57Z
169,ECDH-P384,classical,,keygen,0.1847,0.0,0.0,0.0,120,185,0,0,0,0,0,0.0,2.7707,nan,edge/x86_64,,3.12.3,2026-10-09T18:44:57Z
169,ECDH-P384,classical,,encapsulate,0.3386,0.0,0.0,0.0,120,185,0,0,0,0,0,0.0,5.0787,nan,edge/x86_64,,3.12.3,2026-10-09T18:44:57Z
170,ECDH-P384,classical,,keygen,0.1439,0.0,0.0,0.0,120,185,0,0,0,0,0,0.0,2.1588,nan,edge/x86_64,,3.12.3,2026-10-09T18:44:57Z
170,ECDH-P384,classical,,encapsulate,0.3343,0.0,0.0,0.0,120,185,0,0,0,0,0,0.0,5.015,nan,edge/x86_64,,3.12.3,2026-10-09T18:44:57Z
171,ECDH-P384,classical,,keygen,0.153,0.0,0.0,0.0,120,185,0,0,0,0,0,0.0,2.2943,nan,edge/x86_64,,3.12.3,2026-10-09T18:44:57Z
171,ECDH-P384,classical,,encapsulate,0.5515,0.0,0.0,0.0,120,185,0,0,0,0,0,0.0,8.2722,nan,edge/x86_64,,3.12.3,2026-10-09T18:44:57Z
172,ECDH-P384,classical,,keygen,0.1602,0.0,0.0,0.0,120,185,0,0,0,0,0,0.0,2.403,nan,edge/x86_64,,3.12.3,2026-10-09T18:44:57Z
172,ECDH-P384,classical,,encapsulate,0.3911,0.0,0.0,0.0,120,185,0,0,0,0,0,0.0,5.8665,nan,edge/x86_64,,3.12.3,2026-10-09T18:44:57Z
173,ECDH-P384,classical,,keygen,0.1366,0.0,0.0,0.0,120,185,0,0,0,0,0,0.0,2.0483,nan,edge/x86_64,,3.12.3,2026-10-09T18:44:57Z
173,ECDH-P384,classical,,encapsulate,0.348,0.0,0.0,0.0,120,185,0,0,0,0,0,0.0,5.2199,nan,edge/x86_64,,3.12.3,2026-10-09T18:44:57Z
174,ECDH-P384,classical,,keygen,0.1312,0.0,0.0,0.0,120,185,0,0,0,0,0,0.0,1.9686,nan,edge/x86_64,,3.12.3,2026-10-09T18:44:57Z
174,ECDH-P384,classical,,encapsulate,0.3655,0.0,0.0,0.0,120,185,0,0,0,0,0,0.0,5.4818,nan,edge/x86_64,,3.12.3,2026-10-09T18:44:57Z
175,ECDH-P384,classical,,keygen,0.139,0.0,0.0,0.0,120,185,0,0,0,0,0,0.0,2.0843,nan,edge/x86_64,,3.12.3,2026-10-09T18:44:57Z
175,ECDH-P384,classical,,encapsulate,0.3637,0.0,0.0,0.0,120,185,0,0,0,0,0,0.0,5.455,nan,edge/x86_64,,3.12.3,2026-10-09T18:44:57Z
176,ECDH-P384,classical,,keygen,0.1355,0.0,0.0,0.0,120,185,0,0,0,0,0,0.0,2.0319,nan,edge/x86_64,,3.12.3,2026-10-09T18:44:57Z
176,ECDH-P384,classical,,encapsulate,0.3541,0.0,0.0,0.0,120,185,0,0,0,0,0,0.0,5.311,nan,edge/x86_64,,3.12.3,2026-10-09T18:44:57Z
177,ECDH-P384,classical,,keygen,0.1347,0.0,0.0,0.0,120,185,0,0,0,0,0,0.0,2.0209,nan,edge/x86_64,,3.12.3,2026-10-09T18:44:57Z
177,ECDH-P384,classical,,encapsulate,0.3371,0.0,0.0,0.0,120,185,0,0,0,0,0,0.0,5.0558,nan,edge/x86_64,,3.12.3,2026-10-09T18:44:57Z
178,ECDH-P384,classical,,keygen,0.1303,0.0,0.0,0.0,120,185,0,0,0,0,0,0.0,1.9543,nan,edge/x86_64,,3.12.3,2026-10-09T18:44:57Z
178,ECDH-P384,classical,,encapsulate,0.3729,0.0,0.0,0.0,120,185,0,0,0,0,0,0.0,5.594,nan,edge/x86_64,,3.12.3,2026-10-09T18:44:57Z
179,ECDH-P384,classical,,keygen,0.1537,0.0,0.0,0.0,120,185,0,0,0,0,0,0.0,2.3056,nan,edge/x86_64,,3.12.3,2026-10-09T18:44:57Z
179,ECDH-P384,classical,,encapsulate,0.3417,0.0,0.0,0.0,120,185,0,0,0,0,0,0.0,5.1255,nan,edge/x86_64,,3.12.3,2026-10-09T18:44:57Z
180,ECDH-P384,classical,,keygen,0.1322,0.0,0.0,0.0,120,185,0,0,0,0,0,0.0,1.9829,nan,edge/x86_64,,3.12.3,2026-10-09T18:44:57Z
180,ECDH-P384,classical,,encapsulate,0.3441,0.0,0.0,0.0,120,185,0,0,0,0,0,0.0,5.1612,nan,edge/x86_64,,3.12.3,2026-10-09T18:44:57Z
181,ECDH-P384,classical,,keygen,0.1314,0.0,0.0,0.0,120,185,0,0,0,0,0,0.0,1.9708,nan,edge/x86_64,,3.12.3,2026-10-09T18:44:57Z
181,ECDH-P384,classical,,encapsulate,0.3385,0.0,0.0,0.0,120,185,0,0,0,0,0,0.0,5.0778,nan,edge/x86_64,,3.12.3,2026-10-09T18:44:57Z
182,ECDH-P384,classical,,keygen,0.1382,0.0,0.0,0.0,120,185,0,0,0,0,0,0.0,2.0729,nan,edge/x86_64,,3.12.3,2026-10-09T18:44:57Z
182,ECDH-P384,classical,,encapsulate,0.3337,0.0,0.0,0.0,120,185,0,0,0,0,0,0.0,5.006,nan,edge/x86_64,,3.12.3,2026-10-09T18:44:57Z
183,ECDH-P384,classical,,keygen,0.1306,0.0,0.0,0.0,120,185,0,0,0,0,0,0.0,1.9584,nan,edge/x86_64,,3.12.3,2026-10-09T18:44:57Z
183,ECDH-P384,classical,,encapsulate,0.3474,0.0,0.0,0.0,120,185,0,0,0,0,0,0.0,5.2113,nan,edge/x86_64,,3.12.3,2026-10-09T18:44:57Z
184,ECDH-P384,classical,,keygen,0.1324,0.0,0.0,0.0,120,185,0,0,0,0,0,0.0,1.9853,nan,edge/x86_64,,3.12.3,2026-10-09T18:44:57Z
184,ECDH-P384,classical,,encapsulate,0.3376,0.0,0.0,0.0,120,185,0,0,0,0,0,0.0,5.0646,nan,edge/x86_64,,3.12.3,2026-10-09T18:44:57Z
185,ECDH-P384,classical,,keygen,0.1349,0.0,0.0,0.0,120,185,0,0,0,0,0,0.0,2.024,nan,edge/x86_64,,3.12.3,2026-10-09T18:44:57Z
185,ECDH-P384,classical,,encapsulate,0.3983,0.0,0.0,0.0,120,185,0,0,0,0,0,0.0,5.9739,nan,edge/x86_64,,3.12.3,2026-10-09T18:44:57Z
186,ECDH-P384,classical,,keygen,0.1367,0.0,0.0,0.0,120,185,0,0,0,0,0,0.0,2.0499,nan,edge/x86_64,,3.12.3,2026-10-09T18:44:57Z
186,ECDH-P384,classical,,encapsulate,0.355,0.0,0.0,0.0,120,185,0,0,0,0,0,0.0,5.3248,nan,edge/x86_64,,3.12.3,2026-10-09T18:44:57Z
187,ECDH-P384,classical,,keygen,0.158,0.0,0.0,0.0,120,185,0,0,0,0,0,0.0,2.3702,nan,edge/x86_64,,3.12.3,2026-10-09T18:44:57Z
187,ECDH-P384,classical,,encapsulate,0.3372,0.0,0.0,0.0,120,185,0,0,0,0,0,0.0,5.0585,nan,edge/x86_64,,3.12.3,2026-10-09T18:44:57Z
188,ECDH-P384,classical,,keygen,0.1455,0.0,0.0,0.0,120,185,0,0,0,0,0,0.0,2.182,nan,edge/x86_64,,3.12.3,2026-10-09T18:44:57Z
188,ECDH-P384,classical,,encapsulate,0.34,0.0,0.0,0.0,120,185,0,0,0,0,0,0.0,5.0993,nan,edge/x86_64,,3.12.3,2026-10-09T18:44:57Z
189,ECDH-P384,classical,,keygen,0.1308,0.0,0.0,0.0,120,185,0,0,0,0,0,0.0,1.9624,nan,edge/x86_64,,3.12.3,2026-10-09T18:44:57Z
189,ECDH-P384,classical,,encapsulate,0.3641,0.0,0.0,0.0,120,185,0,0,0,0,0,0.0,5.461,nan,edge/x86_64,,3.12.3,2026-10-09T18:44:57Z
190,ECDH-P384,classical,,keygen,0.1369,0.0,0.0,0.0,120,185,0,0,0,0,0,0.0,2.0538,nan,edge/x86_64,,3.12.3,2026-10-09T18:44:57Z
190,ECDH-P384,classical,,encapsulate,0.352,0.0,0.0,0.0,120,185,0,0,0,0,0,0.0,5.2797,nan,edge/x86_64,,3.12.3,2026-10-09T18:44:57Z
191,ECDH-P384,classical,,keygen,0.1326,0.0,0.0,0.0,120,185,0,0,0,0,0,0.0,1.9884,nan,edge/x86_64,,3.12.3,2026-10-09T18:44:57Z
191,ECDH-P384,classical,,encapsulate,0.3349,0.0,0.0,0.0,120,185,0,0,0,0,0,0.0,5.0235,nan,edge/x86_64,,3.12.3,2026-10-09T18:44:57Z
192,ECDH-P384,classical,,keygen,0.1314,0.0,0.0,0.0,120,185,0,0,0,0,0,0.0,1.971,nan,edge/x86_64,,3.12.3,2026-10-09T18:44:57Z
192,ECDH-P384,classical,,encapsulate,0.3591,0.0,0.0,0.0,120,185,0,0,0,0,0,0.0,5.3864,nan,edge/x86_64,,3.12.3,2026-10-09T18:44:57Z
193,ECDH-P384,classical,,keygen,0.1763,0.0,0.0,0.0,120,185,0,0,0,0,0,0.0,2.6452,nan,edge/x86_64,,3.12.3,2026-10-09T18:44:57Z
193,ECDH-P384,classical,,encapsulate,0.4155,0.0,0.0,0.0,120,185,0,0,0,0,0,0.0,6.2318,nan,edge/x86_64,,3.12.3,2026-10-09T18:44:57Z
194,ECDH-P384,classical,,keygen,0.1341,0.0,0.0,0.0,120,185,0,0,0,0,0,0.0,2.0117,nan,edge/x86_64,,3.12.3,2026-10-09T18:44:57Z
194,ECDH-P384,classical,,encapsulate,0.3453,0.0,0.0,0.0,120,185,0,0,0,0,0,0.0,5.1796,nan,edge/x86_64,,3.12.3,2026-10-09T18:44:57Z
195,ECDH-P384,classical,,keygen,0.1319,0.0,0.0,0.0,120,185,0,0,0,0,0,0.0,1.9781,nan,edge/x86_64,,3.12.3,2026-10-09T18:44:57Z
195,ECDH-P384,classical,,encapsulate,0.3384,0.0,0.0,0.0,120,185,0,0,0,0,0,0.0,5.0754,nan,edge/x86_64,,3.12.3,2026-10-09T18:44:57Z
196,ECDH-P384,classical,,keygen,0.1362,0.0,0.0,0.0,120,185,0,0,0,0,0,0.0,2.0423,nan,edge/x86_64,,3.12.3,2026-10-09T18:44:57Z
196,ECDH-P384,classical,,encapsulate,0.335,0.0,0.0,0.0,120,185,0,0,0,0,0,0.0,5.0245,nan,edge/x86_64,,3.12.3,2026-10-09T18:44:57Z
197,ECDH-P384,classical,,keygen,0.1319,0.0,0.0,0.0,120,185,0,0,0,0,0,0.0,1.9779,nan,edge/x86_64,,3.12.3,2026-10-09T18:44:57Z
197,ECDH-P384,classical,,encapsulate,0.3484,0.0,0.0,0.0,120,185,0,0,0,0,0,0.0,5.2258,nan,edge/x86_64,,3.12.3,2026-10-09T18:44:57Z
198,ECDH-P384,classical,,keygen,0.1333,0.0,0.0,0.0,120,185,0,0,0,0,0,0.0,1.9995,nan,edge/x86_64,,3.12.3,2026-10-09T18:44:57Z
198,ECDH-P384,classical,,encapsulate,0.3387,0.0,0.0,0.0,120,185,0,0,0,0,0,0.0,5.0802,nan,edge/x86_64,,3.12.3,2026-10-09T18:44:57Z
199,ECDH-P384,classical,,keygen,0.1535,0.0,0.0,0.0,120,185,0,0,0,0,0,0.0,2.3019,nan,edge/x86_64,,3.12.3,2026-10-09T18:44:57Z
199,ECDH-P384,classical,,encapsulate,0.526,0.0,0.0,0.0,120,185,0,0,0,0,0,0.0,7.8903,nan,edge/x86_64,,3.12.3,2026-10-09T18:44:57Z
0,ECDSA-P256,classical,,keygen,0.0537,0.0,0.0,0.0,91,138,0,0,0,0,0,0.0,0.8058,nan,edge/x86_64,,3.12.3,2026-10-09T18:44:58Z
0,ECDSA-P256,classical,,sign,0.0565,0.0,0.0,0.0,91,138,0,70,512,0,0,0.0,0.8476,nan,edge/x86_64,,3.12.3,2026-10-09T18:44:58Z
0,ECDSA-P256,classical,,verify,0.11,0.0,0.0,0.0,91,138,0,70,512,0,0,0.0,1.65,nan,edge/x86_64,,3.12.3,2026-10-09T18:44:58Z
1,ECDSA-P256,classical,,keygen,0.031,0.0,0.0,0.0,91,138,0,0,0,0,0,0.0,0.4647,nan,edge/x86_64,,3.12.3,2026-10-09T18:44:58Z
1,ECDSA-P256,classical,,sign,0.7833,0.0,0.0,0.0,91,138,0,71,512,0,0,0.0,11.7502,nan,edge/x86_64,,3.12.3,2026-10-09T18:44:58Z
1,ECDSA-P256,classical,,verify,0.1368,0.0,0.0,0.0,91,138,0,71,512,0,0,0.0,2.0525,nan,edge/x86_64,,3.12.3,2026-10-09T18:44:58Z
2,ECDSA-P256,classical,,keygen,0.0309,0.0,0.0,0.0,91,138,0,0,0,0,0,0.0,0.4636,nan,edge/x86_64,,3.12.3,2026-10-09T18:44:58Z
2,ECDSA-P256,classical,,sign,0.1518,0.0,0.0,0.0,91,138,0,70,512,0,0,0.0,2.2775,nan,edge/x86_64,,3.12.3,2026-10-09T18:44:58Z
2,ECDSA-P256,classical,,verify,0.1227,0.0,0.0,0.0,91,138,0,70,512,0,0,0.0,1.8402,nan,edge/x86_64,,3.12.3,2026-10-09T18:44:58Z
3,ECDSA-P256,classical,,keygen,0.0392,0.0,0.0,0.0,91,138,0,0,0,0,0,0.0,0.5881,nan,edge/x86_64,,3.12.3,2026-10-09T18:44:58Z
3,ECDSA-P256,classical,,sign,0.0629,0.0,0.0,0.0,91,138,0,72,512,0,0,0.0,0.9439,nan,edge/x86_64,,3.12.3,2026-10-09T18:44:58Z
3,ECDSA-P256,classical,,verify,0.1391,0.0,0.0,0.0,91,138,0,72,512,0,0,0.0,2.086,nan,edge/x86_64,,3.12.3,2026-10-09T18:44:58Z
4,ECDSA-P256,classical,,keygen,0.0346,0.0,0.0,0.0,91,138,0,0,0,0,0,0.0,0.5183,nan,edge/x86_64,,3.12.3,2026-10-09T18:44:58Z
4,ECDSA-P256,classical,,sign,0.058,0.0,0.0,0.0,91,138,0,72,512,0,0,0.0,0.8699,nan,edge/x86_64,,3.12.3,2026-10-09T18:44:58Z
4,ECDSA-P256,classical,,verify,0.1216,0.0,0.0,0.0,91,138,0,72,512,0,0,0.0,1.8247,nan,edge/x86_64,,3.12.3,2026-10-09T18:44:58Z
5,ECDSA-P256,classical,,keygen,0.0333,0.0,0.0,0.0,91,138,0,0,0,0,0,0.0,0.5,nan,edge/x86_64,,3.12.3,2026-10-09T18:44:58Z
5,ECDSA-P256,classical,,sign,0.0695,0.0,0.0,0.0,91,138,0,71,512,0,0,0.0,1.0421,nan,edge/x86_64,,3.12.3,2026-10-09T18:44:58Z
5,ECDSA-P256,classical,,verify,0.1239,0.0,0.0,0.0,91,138,0,71,512,0,0,0.0,1.8586,nan,edge/x86_64,,3.12.3,2026-10-09T18:44:58Z
6,ECDSA-P256,classical,,keygen,0.0385,0.0,0.0,0.0,91,138,0,0,0,0,0,0.0,0.5779,nan,edge/x86_64,,3.12.3,2026-10-09T18:44:58Z
6,ECDSA-P256,classical,,sign,0.0574,0.0,0.0,0.0,91,138,0,70,512,0,0,0.0,0.8614,nan,edge/x86_64,,3.12.3,2026-10-09T18:44:58Z
6,ECDSA-P256,classical,,verify,0.1195,0.0,0.0,0.0,91,138,0,70,512,0,0,0.0,1.7922,nan,edge/x86_64,,3.12.3,2026-10-09T18:44:58Z
7,ECDSA-P256,classical,,keygen,0.0289,0.0,0.0,0.0,91,138,0,0,0,0,0,0.0,0.4339,nan,edge/x86_64,,3.12.3,2026-10-09T18:44:58Z
7,ECDSA-P256,classical,,sign,0.1406,0.0,0.0,0.0,91,138,0,70,512,0,0,0.0,2.1085,nan,edge/x86_64,,3.12.3,2026-10-09T18:44:58Z
7,ECDSA-P256,classical,,verify,0.1377,0.0,0.0,0.0,91,138,0,70,512,0,0,0.0,2.0662,nan,edge/x86_64,,3.12.3,2026-10-09T18:44:58Z
8,ECDSA-P256,classical,,keygen,0.0374,0.0,0.0,0.0,91,138,0,0,0,0,0,0.0,0.5607,nan,edge/x86_64,,3.12.3,2026-10-09T18:44:58Z
8,ECDSA-P256,classical,,sign,0.0619,0.0,0.0,0.0,91,138,0,72,512,0,0,0.0,0.9286,nan,edge/x86_64,,3.12.3,2026-10-09T18:44:58Z
8,ECDSA-P256,classical,,verify,0.1459,0.0,0.0,0.0,91,138,0,72,512,0,0,0.0,2.1886,nan,edge/x86_64,,3.12.3,2026-10-09T18:44:58Z
9,ECDSA-P256,classical,,keygen,0.0336,0.0,0.0,0.0,91,138,0,0,0,0,0,0.0,0.5047,nan,edge/x86_64,,3.12.3,2026-10-09T18:44:58Z
9,ECDSA-P256,classical,,sign,0.0554,0.0,0.0,0.0,91,138,0,70,512,0,0,0.0,0.8308,nan,edge/x86_64,,3.12.3,2026-10-09T18:44:58Z
9,ECDSA-P256,classical,,verify,0.1148,0.0,0.0,0.0,91,138,0,70,512,0,0,0.0,1.7223,nan,edge/x86_64,,3.12.3,2026-10-09T18:44:58Z
10,ECDSA-P256,classical,,keygen,0.0302,0.0,0.0,0.0,91,138,0,0,0,0,0,0.0,0.4528,nan,edge/x86_64,,3.12.3,2026-10-09T18:44:58Z
10,ECDSA-P256,classical,,sign,0.0598,0.0,0.0,0.0,91,138,0,71,512,0,0,0.0,0.8974,nan,edge/x86_64,,3.12.3,2026-10-09T18:44:58Z
10,ECDSA-P256,classical,,verify,0.1424,0.0,0.0,0.0,91,138,0,71,512,0,0,0.0,2.1364,nan,edge/x86_64,,3.12.3,2026-10-09T18:44:58Z
11,ECDSA-P256,classical,,keygen,0.0302,0.0,0.0,0.0,91,138,0,0,0,0,0,0.0,0.4524,nan,edge/x86_64,,3.12.3,2026-10-09T18:44:58Z
11,ECDSA-P256,classical,,sign,0.0697,0.0,0.0,0.0,91,138,0,71,512,0,0,0.0,1.0451,nan,edge/x86_64,,3.12.3,2026-10-09T18:44:58Z
11,ECDSA-P256,classical,,verify,0.1041,0.0,0.0,0.0,91,138,0,71,512,0,0,0.0,1.5615,nan,edge/x86_64,,3.12.3,2026-10-09T18:44:58Z
12,ECDSA-P256,classical,,keygen,0.0396,0.0,0.0,0.0,91,138,0,0,0,0,0,0.0,0.5934,nan,edge/x86_64,,3.12.3,2026-10-09T18:44:58Z
12,ECDSA-P256,classical,,sign,0.0646,0.0,0.0,0.0,91,138,0,70,512,0,0,0.0,0.9696,nan,edge/x86_64,,3.12.3,2026-10-09T18:44:58Z
12,ECDSA-P256,classical,,verify,0.1024,0.0,0.0,0.0,91,138,0,70,512,0,0,0.0,1.5359,nan,edge/x86_64,,3.12.3,2026-10-09T18:44:58Z
13,ECDSA-P256,classical,,keygen,0.0386,0.0,0.0,0.0,91,138,0,0,0,0,0,0.0,0.5793,nan,edge/x86_64,,3.12.3,2026-10-09T18:44:58Z
13,ECDSA-P256,classical,,sign,0.0589,0.0,0.0,0.0,91,138,0,70,512,0,0,0.0,0.8832,nan,edge/x86_64,,3.12.3,2026-10-09T18:44:58Z
13,ECDSA-P256,classical,,verify,0.0992,0.0,0.0,0.0,91,138,0,70,512,0,0,0.0,1.4885,nan,edge/x86_64,,3.12.3,2026-10-09T18:44:58Z
14,ECDSA-P256,classical,,keygen,0.0325,0.0,0.0,0.0,91,138,0,0,0,0,0,0.0,0.4882,nan,edge/x86_64,,3.12.3,2026-10-09T18:44:58Z
14,ECDSA-P256,classical,,sign,0.0863,0.0,0.0,0.0,91,138,0,71,512,0,0,0.0,1.2938,nan,edge/x86_64,,3.12.3,2026-10-09T18:44:58Z
14,ECDSA-P256,classical,,verify,0.1022,0.0,0.0,0.0,91,138,0,71,512,0,0,0.0,1.5333,nan,edge/x86_64,,3.12.3,2026-10-09T18:44:58Z
15,ECDSA-P256,classical,,keygen,0.036,0.0,0.0,0.0,91,138,0,0,0,0,0,0.0,0.5407,nan,edge/x86_64,,3.12.3,2026-10-09T18:44:58Z
15,ECDSA-P256,classical,,sign,0.0583,0.0,0.0,0.0,91,138,0,71,512,0,0,0.0,0.8741,nan,edge/x86_64,,3.12.3,2026-10-09T18:44:58Z
15,ECDSA-P256,classical,,verify,0.1002,0.0,0.0,0.0,91,138,0,71,512,0,0,0.0,1.5037,nan,edge/x86_64,,3.12.3,2026-10-09T18:44:58Z
16,ECDSA-P256,classical,,keygen,0.0326,0.0,0.0,0.0,91,138,0,0,0,0,0,0.0,0.4884,nan,edge/x86_64,,3.12.3,2026-10-09T18:44:58Z
16,ECDSA-P256,classical,,sign,0.1254,0.0,0.0,0.0,91,138,0,70,512,0,0,0.0,1.8815,nan,edge/x86_64,,3.12.3,2026-10-09T18:44:58Z
16,ECDSA-P256,classical,,verify,0.1151,0.0,0.0,0.0,91,138,0,70,512,0,0,0.0,1.7272,nan,edge/x86_64,,3.12.3,2026-10-09T18:44:58Z
17,ECDSA-P256,classical,,keygen,0.0386,0.0,0.0,0.0,91,138,0,0,0,0,0,0.0,0.5786,nan,edge/x86_64,,3.12.3,2026-10-09T18:44:58Z
17,ECDSA-P256,classical,,sign,0.0613,0.0,0.0,0.0,91,138,0,71,512,0,0,0.0,0.9197,nan,edge/x86_64,,3.12.3,2026-10-09T18:44:58Z
17,ECDSA-P256,classical,,verify,0.1007,0.0,0.0,0.0,91,138,0,71,512,0,0,0.0,1.5111,nan,edge/x86_64,,3.12.3,2026-10-09T18:44:58Z
18,ECDSA-P256,classical,,keygen,0.0489,0.0,0.0,0.0,91,138,0,0,0,0,0,0.0,0.734,nan,edge/x86_64,,3.12.3,2026-10-09T18:44:58Z
18,ECDSA-P256,classical,,sign,0.0515,0.0,0.0,0.0,91,138,0,71,512,0,0,0.0,0.7731,nan,edge/x86_64,,3.12.3,2026-10-09T18:44:58Z
18,ECDSA-P256,classical,,verify,0.076,0.0,0.0,0.0,91,138,0,71,512,0,0,0.0,1.1407,nan,edge/x86_64,,3.12.3,2026-10-09T18:44:58Z
19,ECDSA-P256,classical,,keygen,0.018,0.0,0.0,0.0,91,138,0,0,0,0,0,0.0,0.2702,nan,edge/x86_64,,3.12.3,2026-10-09T18:44:58Z
19,ECDSA-P256,classical,,sign,0.0354,0.0,0.0,0.0,91,138,0,71,512,0,0,0.0,0.5315,nan,edge/x86_64,,3.12.3,2026-10-09T18:44:58Z
19,ECDSA-P256,classical,,verify,0.0702,0.0,0.0,0.0,91,138,0,71,512,0,0,0.0,1.0536,nan,edge/x86_64,,3.12.3,2026-10-09T18:44:58Z
20,ECDSA-P256,classical,,keygen,0.0172,0.0,0.0,0.0,91,138,0,0,0,0,0,0.0,0.2575,nan,edge/x86_64,,3.12.3,2026-10-09T18:44:58Z
20,ECDSA-P256,classical,,sign,0.0354,0.0,0.0,0.0,91,138,0,71,512,0,0,0.0,0.5312,nan,edge/x86_64,,3.12.3,2026-10-09T18:44:58Z
20,ECDSA-P256,classical,,verify,0.0702,0.0,0.0,0.0,91,138,0,71,512,0,0,0.0,1.053,nan,edge/x86_64,,3.12.3,2026-10-09T18:44:58Z
21,ECDSA-P256,classical,,keygen,0.0175,0.0,0.0,0.0,91,138,0,0,0,0,0,0.0,0.2631,nan,edge/x86_64,,3.12.3,2026-10-09T18:44:58Z
21,ECDSA-P256,classical,,sign,0.0354,0.0,0.0,0.0,91,138,0,71,512,0,0,0.0,0.5317,nan,edge/x86_64,,3.12.3,2026-10-09T18:44:58Z
21,ECDSA-P256,classical,,verify,0.0701,0.0,0.0,0.0,91,138,0,71,512,0,0,0.0,1.0516,nan,edge/x86_64,,3.12.3,2026-10-09T18:44:58Z
22,ECDSA-P256,classical,,keygen,0.0166,0.0,0.0,0.0,91,138,0,0,0,0,0,0.0,0.2495,nan,edge/x86_64,,3.12.3,2026-10-09T18:44:58Z
22,ECDSA-P256,classical,,sign,0.0349,0.0,0.0,0.0,91,138,0,72,512,0,0,0.0,0.5228,nan,edge/x86_64,,3.12.3,2026-10-09T18:44:58Z
22,ECDSA-P256,classical,,verify,0.0699,0.0,0.0,0.0,91,138,0,72,512,0,0,0.0,1.0486,nan,edge/x86_64,,3.12.3,2026-10-09T18:44:58Z
23,ECDSA-P256,classical,,keygen,0.0169,0.0,0.0,0.0,91,138,0,0,0,0,0,0.0,0.2535,nan,edge/x86_64,,3.12.3,2026-10-09T18:44:58Z
23,ECDSA-P256,classical,,sign,0.0347,0.0,0.0,0.0,91,138,0,70,512,0,0,0.0,0.5198,nan,edge/x86_64,,3.12.3,2026-10-09T18:44:58Z
23,ECDSA-P256,classical,,verify,0.0713,0.0,0.0,0.0,91,138,0,70,512,0,0,0.0,1.0696,nan,edge/x86_64,,3.12.3,2026-10-09T18:44:58Z
24,ECDSA-P256,classical,,keygen,0.0326,0.0,0.0,0.0,91,138,0,0,0,0,0,0.0,0.4883,nan,edge/x86_64,,3.12.3,2026-10-09T18:44:58Z
24,ECDSA-P256,classical,,sign,0.036,0.0,0.0,0.0,91,138,0,70,512,0,0,0.0,0.5396,nan,edge/x86_64,,3.12.3,2026-10-09T18:44:58Z
24,ECDSA-P256,classical,,verify,0.0702,0.0,0.0,0.0,91,138,0,70,512,0,0,0.0,1.0526,nan,edge/x86_64,,3.12.3,2026-10-09T18:44:58Z
25,ECDSA-P256,classical,,keygen,0.0168,0.0,0.0,0.0,91,138,0,0,0,0,0,0.0,0.2516,nan,edge/x86_64,,3.12.3,2026-10-09T18:44:58Z
25,ECDSA-P256,classical,,sign,0.035,0.0,0.0,0.0,91,138,0,72,512,0,0,0.0,0.5254,nan,edge/x86_64,,3.12.3,2026-10-09T18:44:58Z
25,ECDSA-P256,classical,,verify,0.0705,0.0,0.0,0.0,91,138,0,72,512,0,0,0.0,1.0578,nan,edge/x86_64,,3.12.3,2026-10-09T18:44:58Z
26,ECDSA-P256,classical,,keygen,0.0169,0.0,0.0,0.0,91,138,0,0,0,0,0,0.0,0.2537,nan,edge/x86_64,,3.12.3,2026-10-09T18:44:58Z
26,ECDSA-P256,classical,,sign,0.0346,0.0,0.0,0.0,91,138,0,71,512,0,0,0.0,0.5185,nan,edge/x86_64,,3.12.3,2026-10-09T18:44:58Z
26,ECDSA-P256,classical,,verify,0.0703,0.0,0.0,0.0,91,138,0,71,512,0,0,0.0,1.0544,nan,edge/x86_64,,3.12.3,2026-10-09T18:44:58Z
27,ECDSA-P256,classical,,keygen,0.0175,0.0,0.0,0.0,91,138,0,0,0,0,0,0.0,0.2631,nan,edge/x86_64,,3.12.3,2026-10-09T18:44:58Z
27,ECDSA-P256,classical,,sign,0.0349,0.0,0.0,0.0,91,138,0,70,512,0,0,0.0,0.5229,nan,edge/x86_64,,3.12.3,2026-10-09T18:44:58Z
27,ECDSA-P256,classical,,verify,0.1,0.0,0.0,0.0,91,138,0,70,512,0,0,0.0,1.5006,nan,edge/x86_64,,3.12.3,2026-10-09T18:44:58Z
28,ECDSA-P256,classical,,keygen,0.0224,0.0,0.0,0.0,91,138,0,0,0,0,0,0.0,0.3358,nan,edge/x86_64,,3.12.3,2026-10-09T18:44:58Z
28,ECDSA-P256,classical,,sign,0.038,0.0,0.0,0.0,91,138,0,71,512,0,0,0.0,0.5697,nan,edge/x86_64,,3.12.3,2026-10-09T18:44:58Z
28,ECDSA-P256,classical,,verify,0.0711,0.0,0.0,0.0,91,138,0,71,512,0,0,0.0,1.0665,nan,edge/x86_64,,3.12.3,2026-10-09T18:44:58Z
29,ECDSA-P256,classical,,keygen,0.0173,0.0,0.0,0.0,91,138,0,0,0,0,0,0.0,0.2594,nan,edge/x86_64,,3.12.3,2026-10-09T18:44:58Z
29,ECDSA-P256,classical,,sign,0.0353,0.0,0.0,0.0,91,138,0,72,512,0,0,0.0,0.5298,nan,edge/x86_64,,3.12.3,2026-10-09T18:44:58Z
29,ECDSA-P256,classical,,verify,0.0704,0.0,0.0,0.0,91,138,0,72,512,0,0,0.0,1.0565,nan,edge/x86_64,,3.12.3,2026-10-09T18:44:58Z
30,ECDSA-P256,classical,,keygen,0.0171,0.0,0.0,0.0,91,138,0,0,0,0,0,0.0,0.2572,nan,edge/x86_64,,3.12.3,2026-10-09T18:44:58Z
30,ECDSA-P256,classical,,sign,0.0533,0.0,0.0,0.0,91,138,0,71,512,0,0,0.0,0.7988,nan,edge/x86_64,,3.12.3,2026-10-09T18:44:58Z
30,ECDSA-P256,classical,,verify,0.0708,0.0,0.0,0.0,91,138,0,71,512,0,0,0.0,1.0619,nan,edge/x86_64,,3.12.3,2026-10-09T18:44:58Z
31,ECDSA-P256,classical,,keygen,0.0174,0.0,0.0,0.0,91,138,0,0,0,0,0,0.0,0.2605,nan,edge/x86_64,,3.12.3,2026-10-09T18:44:58Z
31,ECDSA-P256,classical,,sign,0.0351,0.0,0.0,0.0,91,138,0,71,512,0,0,0.0,0.5267,nan,edge/x86_64,,3.12.3,2026-10-09T18:44:58Z
31,ECDSA-P256,classical,,verify,0.0827,0.0,0.0,0.0,91,138,0,71,512,0,0,0.0,1.2409,nan,edge/x86_64,,3.12.3,2026-10-09T18:44:58Z
32,ECDSA-P256,classical,,keygen,0.0174,0.0,0.0,0.0,91,138,0,0,0,0,0,0.0,0.2614,nan,edge/x86_64,,3.12.3,2026-10-09T18:44:58Z
32,ECDSA-P256,classical,,sign,0.0356,0.0,0.0,0.0,91,138,0,70,512,0,0,0.0,0.5341,nan,edge/x86_64,,3.12.3,2026-10-09T18:44:58Z
32,ECDSA-P256,classical,,verify,0.0702,0.0,0.0,0.0,91,138,0,70,512,0,0,0.0,1.0524,nan,edge/x86_64,,3.12.3,2026-10-09T18:44:58Z
33,ECDSA-P256,classical,,keygen,0.0174,0.0,0.0,0.0,91,138,0,0,0,0,0,0.0,0.2615,nan,edge/x86_64,,3.12.3,2026-10-09T18:44:58Z
33,ECDSA-P256,classical,,sign,0.0353,0.0,0.0,0.0,91,138,0,72,512,0,0,0.0,0.5295,nan,edge/x86_64,,3.12.3,2026-10-09T18:44:58Z
33,ECDSA-P256,classical,,verify,0.0704,0.0,0.0,0.0,91,138,0,72,512,0,0,0.0,1.0563,nan,edge/x86_64,,3.12.3,2026-10-09T18:44:58Z
34,ECDSA-P256,classical,,keygen,0.017,0.0,0.0,0.0,91,138,0,0,0,0,0,0.0,0.2546,nan,edge/x86_64,,3.12.3,2026-10-09T18:44:58Z
34,ECDSA-P256,classical,,sign,0.0348,0.0,0.0,0.0,91,138,0,70,512,0,0,0.0,0.5216,nan,edge/x86_64,,3.12.3,2026-10-09T18:44:58Z
34,ECDSA-P256,classical,,verify,0.0704,0.0,0.0,0.0,91,138,0,70,512,0,0,0.0,1.0554,nan,edge/x86_64,,3.12.3,2026-10-09T18:44:58Z
35,ECDSA-P256,classical,,keygen,0.0174,0.0,0.0,0.0,91,138,0,0,0,0,0,0.0,0.2604,nan,edge/x86_64,,3.12.3,2026-10-09T18:44:58Z
35,ECDSA-P256,classical,,sign,0.035,0.0,0.0,0.0,91,138,0,72,512,0,0,0.0,0.5257,nan,edge/x86_64,,3.12.3,2026-10-09T18:44:58Z
35,ECDSA-P256,classical,,verify,0.0703,0.0,0.0,0.0,91,138,0,72,512,0,0,0.0,1.0543,nan,edge/x86_64,,3.12.3,2026-10-09T18:44:58Z
36,ECDSA-P256,classical,,keygen,0.0166,0.0,0.0,0.0,91,138,0,0,0,0,0,0.0,0.2495,nan,edge/x86_64,,3.12.3,2026-10-09T18:44:58Z
36,ECDSA-P256,classical,,sign,0.0349,0.0,0.0,0.0,91,138,0,71,512,0,0,0.0,0.5237,nan,edge/x86_64,,3.12.3,2026-10-09T18:44:58Z
36,ECDSA-P256,classical,,verify,0.0827,0.0,0.0,0.0,91,138,0,71,512,0,0,0.0,1.2405,nan,edge/x86_64,,3.12.3,2026-10-09T18:44:58Z
37,ECDSA-P256,classical,,keygen,0.0178,0.0,0.0,0.0,91,138,0,0,0,0,0,0.0,0.2674,nan,edge/x86_64,,3.12.3,2026-10-09T18:44:58Z
37,ECDSA-P256,classical,,sign,0.0356,0.0,0.0,0.0,91,138,0,71,512,0,0,0.0,0.534,nan,edge/x86_64,,3.12.3,2026-10-09T18:44:58Z
37,ECDSA-P256,classical,,verify,0.0703,0.0,0.0,0.0,91,138,0,71,512,0,0,0.0,1.0552,nan,edge/x86_64,,3.12.3,2026-10-09T18:44:58Z
38,ECDSA-P256,classical,,keygen,0.0169,0.0,0.0,0.0,91,138,0,0,0,0,0,0.0,0.2541,nan,edge/x86_64,,3.12.3,2026-10-09T18:44:58Z
38,ECDSA-P256,classical,,sign,0.0348,0.0,0.0,0.0,91,138,0,71,512,0,0,0.0,0.5223,nan,edge/x86_64,,3.12.3,2026-10-09T18:44:58Z
38,ECDSA-P256,classical,,verify,0.0704,0.0,0.0,0.0,91,138,0,71,512,0,0,0.0,1.0567,nan,edge/x86_64,,3.12.3,2026-10-09T18:44:58Z
39,ECDSA-P256,classical,,keygen,0.0175,0.0,0.0,0.0,91,138,0,0,0,0,0,0.0,0.2627,nan,edge/x86_64,,3.12.3,2026-10-09T18:44:58Z
39,ECDSA-P256,classical,,sign,0.0357,0.0,0.0,0.0,91,138,0,70,512,0,0,0.0,0.5352,nan,edge/x86_64,,3.12.3,2026-10-09T18:44:58Z
39,ECDSA-P256,classical,,verify,0.0714,0.0,0.0,0.0,91,138,0,70,512,0,0,0.0,1.0713,nan,edge/x86_64,,3.12.3,2026-10-09T18:44:58Z
40,ECDSA-P256,classical,,keygen,0.0172,0.0,0.0,0.0,91,138,0,0,0,0,0,0.0,0.2575,nan,edge/x86_64,,3.12.3,2026-10-09T18:44:58Z
40,ECDSA-P256,classical,,sign,0.0663,0.0,0.0,0.0,91,138,0,71,512,0,0,0.0,0.9944,nan,edge/x86_64,,3.12.3,2026-10-09T18:44:58Z
40,ECDSA-P256,classical,,verify,0.076,0.0,0.0,0.0,91,138,0,71,512,0,0,0.0,1.1403,nan,edge/x86_64,,3.12.3,2026-10-09T18:44:58Z
41,ECDSA-P256,classical,,keygen,0.0204,0.0,0.0,0.0,91,138,0,0,0,0,0,0.0,0.3059,nan,edge/x86_64,,3.12.3,2026-10-09T18:44:58Z
41,ECDSA-P256,classical,,sign,0.0363,0.0,0.0,0.0,91,138,0,71,512,0,0,0.0,0.5441,nan,edge/x86_64,,3.12.3,2026-10-09T18:44:58Z
41,ECDSA-P256,classical,,verify,0.0706,0.0,0.0,0.0,91,138,0,71,512,0,0,0.0,1.0591,nan,edge/x86_64,,3.12.3,2026-10-09T18:44:58Z
42,ECDSA-P256,classical,,keygen,0.0174,0.0,0.0,0.0,91,138,0,0,0,0,0,0.0,0.2611,nan,edge/x86_64,,3.12.3,2026-10-09T18:44:58Z
42,ECDSA-P256,classical,,sign,0.0351,0.0,0.0,0.0,91,138,0,72,512,0,0,0.0,0.5261,nan,edge/x86_64,,3.12.3,2026-10-09T18:44:58Z
42,ECDSA-P256,classical,,verify,0.0876,0.0,0.0,0.0,91,138,0,72,512,0,0,0.0,1.3136,nan,edge/x86_64,,3.12.3,2026-10-09T18:44:58Z
43,ECDSA-P256,classical,,keygen,0.0188,0.0,0.0,0.0,91,138,0,0,0,0,0,0.0,0.2815,nan,edge/x86_64,,3.12.3,2026-10-09T18:44:58Z
43,ECDSA-P256,classical,,sign,0.0359,0.0,0.0,0.0,91,138,0,72,512,0,0,0.0,0.5389,nan,edge/x86_64,,3.12.3,2026-10-09T18:44:58Z
43,ECDSA-P256,classical,,verify,0.0703,0.0,0.0,0.0,91,138,0,72,512,0,0,0.0,1.0549,nan,edge/x86_64,,3.12.3,2026-10-09T18:44:58Z
44,ECDSA-P256,classical,,keygen,0.0172,0.0,0.0,0.0,91,138,0,0,0,0,0,0.0,0.2575,nan,edge/x86_64,,3.12.3,2026-10-09T18:44:58Z
44,ECDSA-P256,classical,,sign,0.035,0.0,0.0,0.0,91,138,0,71,512,0,0,0.0,0.525,nan,edge/x86_64,,3.12.3,2026-10-09T18:44:58Z
44,ECDSA-P256,classical,,verify,0.0704,0.0,0.0,0.0,91,138,0,71,512,0,0,0.0,1.0566,nan,edge/x86_64,,3.12.3,2026-10-09T18:44:58Z
45,ECDSA-P256,classical,,keygen,0.0182,0.0,0.0,0.0,91,138,0,0,0,0,0,0.0,0.2735,nan,edge/x86_64,,3.12.3,2026-10-09T18:44:58Z
45,ECDSA-P256,classical,,sign,0.036,0.0,0.0,0.0,91,138,0,71,512,0,0,0.0,0.5393,nan,edge/x86_64,,3.12.3,2026-10-09T18:44:58Z
45,ECDSA-P256,classical,,verify,0.0871,0.0,0.0,0.0,91,138,0,71,512,0,0,0.0,1.307,nan,edge/x86_64,,3.12.3,2026-10-09T18:44:58Z
46,ECDSA-P256,classical,,keygen,0.02,0.0,0.0,0.0,91,138,0,0,0,0,0,0.0,0.2996,nan,edge/x86_64,,3.12.3,2026-10-09T18:44:58Z
46,ECDSA-P256,classical,,sign,0.0368,0.0,0.0,0.0,91,138,0,71,512,0,0,0.0,0.552,nan,edge/x86_64,,3.12.3,2026-10-09T18:44:58Z
46,ECDSA-P256,classical,,verify,0.0705,0.0,0.0,0.0,91,138,0,71,512,0,0,0.0,1.057,nan,edge/x86_64,,3.12.3,2026-10-09T18:44:58Z
47,ECDSA-P256,classical,,keygen,0.0168,0.0,0.0,0.0,91,138,0,0,0,0,0,0.0,0.2525,nan,edge/x86_64,,3.12.3,2026-10-09T18:44:58Z
47,ECDSA-P256,classical,,sign,0.0348,0.0,0.0,0.0,91,138,0,72,512,0,0,0.0,0.5217,nan,edge/x86_64,,3.12.3,2026-10-09T18:44:58Z
47,ECDSA-P256,classical,,verify,0.07,0.0,0.0,0.0,91,138,0,72,512,0,0,0.0,1.0497,nan,edge/x86_64,,3.12.3,2026-10-09T18:44:58Z
48,ECDSA-P256,classical,,keygen,0.0167,0.0,0.0,0.0,91,138,0,0,0,0,0,0.0,0.2512,nan,edge/x86_64,,3.12.3,2026-10-09T18:44:58Z
48,ECDSA-P256,classical,,sign,0.035,0.0,0.0,0.0,91,138,0,71,512,0,0,0.0,0.5244,nan,edge/x86_64,,3.12.3,2026-10-09T18:44:58Z
48,ECDSA-P256,classical,,verify,0.0704,0.0,0.0,0.0,91,138,0,71,512,0,0,0.0,1.0553,nan,edge/x86_64,,3.12.3,2026-10-09T18:44:58Z
49,ECDSA-P256,classical,,keygen,0.0168,0.0,0.0,0.0,91,138,0,0,0,0,0,0.0,0.2523,nan,edge/x86_64,,3.12.3,2026-10-09T18:44:58Z
49,ECDSA-P256,classical,,sign,0.0366,0.0,0.0,0.0,91,138,0,72,512,0,0,0.0,0.5488,nan,edge/x86_64,,3.12.3,2026-10-09T18:44:58Z
49,ECDSA-P256,classical,,verify,0.0702,0.0,0.0,0.0,91,138,0,72,512,0,0,0.0,1.0534,nan,edge/x86_64,,3.12.3,2026-10-09T18:44:58Z
50,ECDSA-P256,classical,,keygen,0.0169,0.0,0.0,0.0,91,138,0,0,0,0,0,0.0,0.2537,nan,edge/x86_64,,3.12.3,2026-10-09T18:44:58Z
50,ECDSA-P256,classical,,sign,0.0347,0.0,0.0,0.0,91,138,0,70,512,0,0,0.0,0.52,nan,edge/x86_64,,3.12.3,2026-10-09T18:44:58Z
50,ECDSA-P256,classical,,verify,0.07,0.0,0.0,0.0,91,138,0,70,512,0,0,0.0,1.0503,nan,edge/x86_64,,3.12.3,2026-10-09T18:44:58Z
51,ECDSA-P256,classical,,keygen,0.0174,0.0,0.0,0.0,91,138,0,0,0,0,0,0.0,0.2604,nan,edge/x86_64,,3.12.3,2026-10-09T18:44:58Z
51,ECDSA-P256,classical,,sign,0.0358,0.0,0.0,0.0,91,138,0,71,512,0,0,0.0,0.5367,nan,edge/x86_64,,3.12.3,2026-10-09T18:44:58Z
51,ECDSA-P256,classical,,verify,0.0699,0.0,0.0,0.0,91,138,0,71,512,0,0,0.0,1.0489,nan,edge/x86_64,,3.12.3,2026-10-09T18:44:58Z
52,ECDSA-P256,classical,,keygen,0.0166,0.0,0.0,0.0,91,138,0,0,0,0,0,0.0,0.2493,nan,edge/x86_64,,3.12.3,2026-10-09T18:44:58Z
52,ECDSA-P256,classical,,sign,0.0349,0.0,0.0,0.0,91,138,0,70,512,0,0,0.0,0.5242,nan,edge/x86_64,,3.12.3,2026-10-09T18:44:58Z
52,ECDSA-P256,classical,,verify,0.0701,0.0,0.0,0.0,91,138,0,70,512,0,0,0.0,1.0522,nan,edge/x86_64,,3.12.3,2026-10-09T18:44:58Z
53,ECDSA-P256,classical,,keygen,0.0636,0.0,0.0,0.0,91,138,0,0,0,0,0,0.0,0.9537,nan,edge/x86_64,,3.12.3,2026-10-09T18:44:58Z
53,ECDSA-P256,classical,,sign,0.0519,0.0,0.0,0.0,91,138,0,71,512,0,0,0.0,0.7786,nan,edge/x86_64,,3.12.3,2026-10-09T18:44:58Z
53,ECDSA-P256,classical,,verify,0.0718,0.0,0.0,0.0,91,138,0,71,512,0,0,0.0,1.0774,nan,edge/x86_64,,3.12.3,2026-10-09T18:44:58Z
54,ECDSA-P256,classical,,keygen,0.0197,0.0,0.0,0.0,91,138,0,0,0,0,0,0.0,0.2955,nan,edge/x86_64,,3.12.3,2026-10-09T18:44:58Z
54,ECDSA-P256,classical,,sign,0.0357,0.0,0.0,0.0,91,138,0,70,512,0,0,0.0,0.5348,nan,edge/x86_64,,3.12.3,2026-10-09T18:44:58Z
54,ECDSA-P256,classical,,verify,0.0826,0.0,0.0,0.0,91,138,0,70,512,0,0,0.0,1.2384,nan,edge/x86_64,,3.12.3,2026-10-09T18:44:58Z
55,ECDSA-P256,classical,,keygen,0.0262,0.0,0.0,0.0,91,138,0,0,0,0,0,0.0,0.3927,nan,edge/x86_64,,3.12.3,2026-10-09T18:44:58Z
55,ECDSA-P256,classical,,sign,0.0501,0.0,0.0,0.0,91,138,0,70,512,0,0,0.0,0.751,nan,edge/x86_64,,3.12.3,2026-10-09T18:44:58Z
55,ECDSA-P256,classical,,verify,0.0939,0.0,0.0,0.0,91,138,0,70,512,0,0,0.0,1.4083,nan,edge/x86_64,,3.12.3,2026-10-09T18:44:58Z
56,ECDSA-P256,classical,,keygen,0.0274,0.0,0.0,0.0,91,138,0,0,0,0,0,0.0,0.4112,nan,edge/x86_64,,3.12.3,2026-10-09T18:44:58Z
56,ECDSA-P256,classical,,sign,0.0536,0.0,0.0,0.0,91,138,0,70,512,0,0,0.0,0.8043,nan,edge/x86_64,,3.12.3,2026-10-09T18:44:58Z
56,ECDSA-P256,classical,,verify,0.1053,0.0,0.0,0.0,91,138,0,70,512,0,0,0.0,1.5793,nan,edge/x86_64,,3.12.3,2026-10-09T18:44:58Z
57,ECDSA-P256,classical,,keygen,0.0287,0.0,0.0,0.0,91,138,0,0,0,0,0,0.0,0.4299,nan,edge/x86_64,,3.12.3,2026-10-09T18:44:58Z
57,ECDSA-P256,classical,,sign,0.058,0.0,0.0,0.0,91,138,0,70,512,0,0,0.0,0.8704,nan,edge/x86_64,,3.12.3,2026-10-09T18:44:58Z
57,ECDSA-P256,classical,,verify,0.1184,0.0,0.0,0.0,91,138,0,70,512,0,0,0.0,1.7762,nan,edge/x86_64,,3.12.3,2026-10-09T18:44:58Z
58,ECDSA-P256,classical,,keygen,0.0293,0.0,0.0,0.0,91,138,0,0,0,0,0,0.0,0.4401,nan,edge/x86_64,,3.12.3,2026-10-09T18:44:58Z
58,ECDSA-P256,classical,,sign,0.0479,0.0,0.0,0.0,91,138,0,71,512,0,0,0.0,0.7185,nan,edge/x86_64,,3.12.3,2026-10-09T18:44:58Z
58,ECDSA-P256,classical,,verify,0.0996,0.0,0.0,0.0,91,138,0,71,512,0,0,0.0,1.4945,nan,edge/x86_64,,3.12.3,2026-10-09T18:44:58Z
59,ECDSA-P256,classical,,keygen,0.0219,0.0,0.0,0.0,91,138,0,0,0,0,0,0.0,0.3286,nan,edge/x86_64,,3.12.3,2026-10-09T18:44:58Z
59,ECDSA-P256,classical,,sign,0.0391,0.0,0.0,0.0,91,138,0,71,512,0,0,0.0,0.5862,nan,edge/x86_64,,3.12.3,2026-10-09T18:44:58Z
59,ECDSA-P256,classical,,verify,0.0715,0.0,0.0,0.0,91,138,0,71,512,0,0,0.0,1.072,nan,edge/x86_64,,3.12.3,2026-10-09T18:44:58Z
60,ECDSA-P256,classical,,keygen,0.0177,0.0,0.0,0.0,91,138,0,0,0,0,0,0.0,0.266,nan,edge/x86_64,,3.12.3,2026-10-09T18:44:58Z
60,ECDSA-P256,classical,,sign,0.0404,0.0,0.0,0.0,91,138,0,70,512,0,0,0.0,0.6057,nan,edge/x86_64,,3.12.3,2026-10-09T18:44:58Z
60,ECDSA-P256,classical,,verify,0.074,0.0,0.0,0.0,91,138,0,70,512,0,0,0.0,1.1102,nan,edge/x86_64,,3.12.3,2026-10-09T18:44:58Z
61,ECDSA-P256,classical,,keygen,0.0178,0.0,0.0,0.0,91,138,0,0,0,0,0,0.0,0.2666,nan,edge/x86_64,,3.12.3,2026-10-09T18:44:58Z
61,ECDSA-P256,classical,,sign,0.0352,0.0,0.0,0.0,91,138,0,72,512,0,0,0.0,0.5283,nan,edge/x86_64,,3.12.3,2026-10-09T18:44:58Z
61,ECDSA-P256,classical,,verify,0.0705,0.0,0.0,0.0,91,138,0,72,512,0,0,0.0,1.0569,nan,edge/x86_64,,3.12.3,2026-10-09T18:44:58Z
62,ECDSA-P256,classical,,keygen,0.017,0.0,0.0,0.0,91,138,0,0,0,0,0,0.0,0.2549,nan,edge/x86_64,,3.12.3,2026-10-09T18:44:58Z
62,ECDSA-P256,classical,,sign,0.0348,0.0,0.0,0.0,91,138,0,72,512,0,0,0.0,0.5223,nan,edge/x86_64,,3.12.3,2026-10-09T18:44:58Z
62,ECDSA-P256,classical,,verify,0.1066,0.0,0.0,0.0,91,138,0,72,512,0,0,0.0,1.5996,nan,edge/x86_64,,3.12.3,2026-10-09T18:44:58Z
63,ECDSA-P256,classical,,keygen,0.0215,0.0,0.0,0.0,91,138,0,0,0,0,0,0.0,0.3227,nan,edge/x86_64,,3.12.3,2026-10-09T18:44:58Z
63,ECDSA-P256,classical,,sign,0.0398,0.0,0.0,0.0,91,138,0,70,512,0,0,0.0,0.5974,nan,edge/x86_64,,3.12.3,2026-10-09T18:44:58Z
63,ECDSA-P256,classical,,verify,0.0716,0.0,0.0,0.0,91,138,0,70,512,0,0,0.0,1.074,nan,edge/x86_64,,3.12.3,2026-10-09T18:44:58Z
64,ECDSA-P256,classical,,keygen,0.0173,0.0,0.0,0.0,91,138,0,0,0,0,0,0.0,0.2597,nan,edge/x86_64,,3.12.3,2026-10-09T18:44:58Z
64,ECDSA-P256,classical,,sign,0.0356,0.0,0.0,0.0,91,138,0,71,512,0,0,0.0,0.5347,nan,edge/x86_64,,3.12.3,2026-10-09T18:44:58Z
64,ECDSA-P256,classical,,verify,0.1343,0.0,0.0,0.0,91,138,0,71,512,0,0,0.0,2.0146,nan,edge/x86_64,,3.12.3,2026-10-09T18:44:58Z
65,ECDSA-P256,classical,,keygen,0.0304,0.0,0.0,0.0,91,138,0,0,0,0,0,0.0,0.4564,nan,edge/x86_64,,3.12.3,2026-10-09T18:44:58Z
65,ECDSA-P256,classical,,sign,0.0694,0.0,0.0,0.0,91,138,0,71,512,0,0,0.0,1.0414,nan,edge/x86_64,,3.12.3,2026-10-09T18:44:58Z
65,ECDSA-P256,classical,,verify,0.1044,0.0,0.0,0.0,91,138,0,71,512,0,0,0.0,1.5655,nan,edge/x86_64,,3.12.3,2026-10-09T18:44:58Z
66,ECDSA-P256,classical,,keygen,0.0243,0.0,0.0,0.0,91,138,0,0,0,0,0,0.0,0.3651,nan,edge/x86_64,,3.12.3,2026-10-09T18:44:58Z
66,ECDSA-P256,classical,,sign,0.0475,0.0,0.0,0.0,91,138,0,71,512,0,0,0.0,0.713,nan,edge/x86_64,,3.12.3,2026-10-09T18:44:58Z
66,ECDSA-P256,classical,,verify,0.0923,0.0,0.0,0.0,91,138,0,71,512,0,0,0.0,1.3851,nan,edge/x86_64,,3.12.3,2026-10-09T18:44:58Z
67,ECDSA-P256,classical,,keygen,0.0203,0.0,0.0,0.0,91,138,0,0,0,0,0,0.0,0.3048,nan,edge/x86_64,,3.12.3,2026-10-09T18:44:58Z
67,ECDSA-P256,classical,,sign,0.0369,0.0,0.0,0.0,91,138,0,71,512,0,0,0.0,0.554,nan,edge/x86_64,,3.12.3,2026-10-09T18:44:58Z
67,ECDSA-P256,classical,,verify,0.0708,0.0,0.0,0.0,91,138,0,71,512,0,0,0.0,1.0616,nan,edge/x86_64,,3.12.3,2026-10-09T18:44:58Z
68,ECDSA-P256,classical,,keygen,0.0171,0.0,0.0,0.0,91,138,0,0,0,0,0,0.0,0.2558,nan,edge/x86_64,,3.12.3,2026-10-09T18:44:58Z
68,ECDSA-P256,classical,,sign,0.0531,0.0,0.0,0.0,91,138,0,72,512,0,0,0.0,0.7966,nan,edge/x86_64,,3.12.3,2026-10-09T18:44:58Z
68,ECDSA-P256,classical,,verify,0.0704,0.0,0.0,0.0,91,138,0,72,512,0,0,0.0,1.0563,nan,edge/x86_64,,3.12.3,2026-10-09T18:44:58Z
69,ECDSA-P256,classical,,keygen,0.0173,0.0,0.0,0.0,91,138,0,0,0,0,0,0.0,0.2602,nan,edge/x86_64,,3.12.3,2026-10-09T18:44:58Z
69,ECDSA-P256,classical,,sign,0.0352,0.0,0.0,0.0,91,138,0,72,512,0,0,0.0,0.5277,nan,edge/x86_64,,3.12.3,2026-10-09T18:44:58Z
69,ECDSA-P256,classical,,verify,0.0873,0.0,0.0,0.0,91,138,0,72,512,0,0,0.0,1.309,nan,edge/x86_64,,3.12.3,2026-10-09T18:44:58Z
70,ECDSA-P256,classical,,keygen,0.0178,0.0,0.0,0.0,91,138,0,0,0,0,0,0.0,0.2665,nan,edge/x86_64,,3.12.3,2026-10-09T18:44:58Z
70,ECDSA-P256,classical,,sign,0.0354,0.0,0.0,0.0,91,138,0,71,512,0,0,0.0,0.5304,nan,edge/x86_64,,3.12.3,2026-10-09T18:44:58Z
70,ECDSA-P256,classical,,verify,0.0704,0.0,0.0,0.0,91,138,0,71,512,0,0,0.0,1.0561,nan,edge/x86_64,,3.12.3,2026-10-09T18:44:58Z
71,ECDSA-P256,classical,,keygen,0.0167,0.0,0.0,0.0,91,138,0,0,0,0,0,0.0,0.2505,nan,edge/x86_64,,3.12.3,2026-10-09T18:44:58Z
71,ECDSA-P256,classical,,sign,0.0355,0.0,0.0,0.0,91,138,0,70,512,0,0,0.0,0.5332,nan,edge/x86_64,,3.12.3,2026-10-09T18:44:58Z
71,ECDSA-P256,classical,,verify,0.0702,0.0,0.0,0.0,91,138,0,70,512,0,0,0.0,1.0532,nan,edge/x86_64,,3.12.3,2026-10-09T18:44:58Z
72,ECDSA-P256,classical,,keygen,0.0167,0.0,0.0,0.0,91,138,0,0,0,0,0,0.0,0.2509,nan,edge/x86_64,,3.12.3,2026-10-09T18:44:58Z
72,ECDSA-P256,classical,,sign,0.0348,0.0,0.0,0.0,91,138,0,71,512,0,0,0.0,0.5213,nan,edge/x86_64,,3.12.3,2026-10-09T18:44:58Z
72,ECDSA-P256,classical,,verify,0.0701,0.0,0.0,0.0,91,138,0,71,512,0,0,0.0,1.0512,nan,edge/x86_64,,3.12.3,2026-10-09T18:44:58Z
73,ECDSA-P256,classical,,keygen,0.0166,0.0,0.0,0.0,91,138,0,0,0,0,0,0.0,0.2495,nan,edge/x86_64,,3.12.3,2026-10-09T18:44:58Z
73,ECDSA-P256,classical,,sign,0.0345,0.0,0.0,0.0,91,138,0,71,512,0,0,0.0,0.5169,nan,edge/x86_64,,3.12.3,2026-10-09T18:44:58Z
73,ECDSA-P256,classical,,verify,0.0963,0.0,0.0,0.0,91,138,0,71,512,0,0,0.0,1.4449,nan,edge/x86_64,,3.12.3,2026-10-09T18:44:58Z
74,ECDSA-P256,classical,,keygen,0.0262,0.0,0.0,0.0,91,138,0,0,0,0,0,0.0,0.3932,nan,edge/x86_64,,3.12.3,2026-10-09T18:44:58Z
74,ECDSA-P256,classical,,sign,0.0382,0.0,0.0,0.0,91,138,0,71,512,0,0,0.0,0.573,nan,edge/x86_64,,3.12.3,2026-10-09T18:44:58Z
74,ECDSA-P256,classical,,verify,0.0714,0.0,0.0,0.0,91,138,0,71,512,0,0,0.0,1.0703,nan,edge/x86_64,,3.12.3,2026-10-09T18:44:58Z
75,ECDSA-P256,classical,,keygen,0.0181,0.0,0.0,0.0,91,138,0,0,0,0,0,0.0,0.2713,nan,edge/x86_64,,3.12.3,2026-10-09T18:44:58Z
75,ECDSA-P256,classical,,sign,0.0372,0.0,0.0,0.0,91,138,0,71,512,0,0,0.0,0.5573,nan,edge/x86_64,,3.12.3,2026-10-09T18:44:58Z
75,ECDSA-P256,classical,,verify,0.1023,0.0,0.0,0.0,91,138,0,71,512,0,0,0.0,1.5338,nan,edge/x86_64,,3.12.3,2026-10-09T18:44:58Z
76,ECDSA-P256,classical,,keygen,0.0184,0.0,0.0,0.0,91,138,0,0,0,0,0,0.0,0.2766,nan,edge/x86_64,,3.12.3,2026-10-09T18:44:58Z
76,ECDSA-P256,classical,,sign,0.0369,0.0,0.0,0.0,91,138,0,71,512,0,0,0.0,0.5533,nan,edge/x86_64,,3.12.3,2026-10-09T18:44:58Z
76,ECDSA-P256,classical,,verify,0.0704,0.0,0.0,0.0,91,138,0,71,512,0,0,0.0,1.0555,nan,edge/x86_64,,3.12.3,2026-10-09T18:44:58Z
77,ECDSA-P256,classical,,keygen,0.0169,0.0,0.0,0.0,91,138,0,0,0,0,0,0.0,0.2537,nan,edge/x86_64,,3.12.3,2026-10-09T18:44:58Z
77,ECDSA-P256,classical,,sign,0.0349,0.0,0.0,0.0,91,138,0,71,512,0,0,0.0,0.5229,nan,edge/x86_64,,3.12.3,2026-10-09T18:44:58Z
77,ECDSA-P256,classical,,verify,0.0703,0.0,0.0,0.0,91,138,0,71,512,0,0,0.0,1.0539,nan,edge/x86_64,,3.12.3,2026-10-09T18:44:58Z
78,ECDSA-P256,classical,,keygen,0.017,0.0,0.0,0.0,91,138,0,0,0,0,0,0.0,0.2548,nan,edge/x86_64,,3.12.3,2026-10-09T18:44:58Z
78,ECDSA-P256,classical,,sign,0.0346,0.0,0.0,0.0,91,138,0,70,512,0,0,0.0,0.5187,nan,edge/x86_64,,3.12.3,2026-10-09T18:44:58Z
78,ECDSA-P256,classical,,verify,0.0703,0.0,0.0,0.0,91,138,0,70,512,0,0,0.0,1.0549,nan,edge/x86_64,,3.12.3,2026-10-09T18:44:58Z
79,ECDSA-P256,classical,,keygen,0.0169,0.0,0.0,0.0,91,138,0,0,0,0,0,0.0,0.2532,nan,edge/x86_64,,3.12.3,2026-10-09T18:44:58Z
79,ECDSA-P256,classical,,sign,0.0549,0.0,0.0,0.0,91,138,0,71,512,0,0,0.0,0.8231,nan,edge/x86_64,,3.12.3,2026-10-09T18:44:58Z
79,ECDSA-P256,classical,,verify,0.0767,0.0,0.0,0.0,91,138,0,71,512,0,0,0.0,1.1504,nan,edge/x86_64,,3.12.3,2026-10-09T18:44:58Z
80,ECDSA-P256,classical,,keygen,0.0185,0.0,0.0,0.0,91,138,0,0,0,0,0,0.0,0.2777,nan,edge/x86_64,,3.12.3,2026-10-09T18:44:58Z
80,ECDSA-P256,classical,,sign,0.0359,0.0,0.0,0.0,91,138,0,71,512,0,0,0.0,0.5392,nan,edge/x86_64,,3.12.3,2026-10-09T18:44:58Z
80,ECDSA-P256,classical,,verify,0.0703,0.0,0.0,0.0,91,138,0,71,512,0,0,0.0,1.0546,nan,edge/x86_64,,3.12.3,2026-10-09T18:44:58Z
81,ECDSA-P256,classical,,keygen,0.0175,0.0,0.0,0.0,91,138,0,0,0,0,0,0.0,0.2621,nan,edge/x86_64,,3.12.3,2026-10-09T18:44:58Z
81,ECDSA-P256,classical,,sign,0.0356,0.0,0.0,0.0,91,138,0,70,512,0,0,0.0,0.5347,nan,edge/x86_64,,3.12.3,2026-10-09T18:44:58Z
81,ECDSA-P256,classical,,verify,0.0862,0.0,0.0,0.0,91,138,0,70,512,0,0,0.0,1.2936,nan,edge/x86_64,,3.12.3,2026-10-09T18:44:58Z
82,ECDSA-P256,classical,,keygen,0.0178,0.0,0.0,0.0,91,138,0,0,0,0,0,0.0,0.2675,nan,edge/x86_64,,3.12.3,2026-10-09T18:44:58Z
82,ECDSA-P256,classical,,sign,0.0361,0.0,0.0,0.0,91,138,0,71,512,0,0,0.0,0.5421,nan,edge/x86_64,,3.12.3,2026-10-09T18:44:58Z
82,ECDSA-P256,classical,,verify,0.0706,0.0,0.0,0.0,91,138,0,71,512,0,0,0.0,1.0594,nan,edge/x86_64,,3.12.3,2026-10-09T18:44:58Z
83,ECDSA-P256,classical,,keygen,0.0167,0.0,0.0,0.0,91,138,0,0,0,0,0,0.0,0.2502,nan,edge/x86_64,,3.12.3,2026-10-09T18:44:58Z
83,ECDSA-P256,classical,,sign,0.0348,0.0,0.0,0.0,91,138,0,72,512,0,0,0.0,0.5227,nan,edge/x86_64,,3.12.3,2026-10-09T18:44:58Z
83,ECDSA-P256,classical,,verify,0.07,0.0,0.0,0.0,91,138,0,72,512,0,0,0.0,1.0497,nan,edge/x86_64,,3.12.3,2026-10-09T18:44:58Z
84,ECDSA-P256,classical,,keygen,0.0166,0.0,0.0,0.0,91,138,0,0,0,0,0,0.0,0.2495,nan,edge/x86_64,,3.12.3,2026-10-09T18:44:58Z
84,ECDSA-P256,classical,,sign,0.0345,0.0,0.0,0.0,91,138,0,71,512,0,0,0.0,0.5172,nan,edge/x86_64,,3.12.3,2026-10-09T18:44:58Z
84,ECDSA-P256,classical,,verify,0.0699,0.0,0.0,0.0,91,138,0,71,512,0,0,0.0,1.0491,nan,edge/x86_64,,3.12.3,2026-10-09T18:44:58Z
85,ECDSA-P256,classical,,keygen,0.0172,0.0,0.0,0.0,91,138,0,0,0,0,0,0.0,0.2573,nan,edge/x86_64,,3.12.3,2026-10-09T18:44:58Z
85,ECDSA-P256,classical,,sign,0.0345,0.0,0.0,0.0,91,138,0,71,512,0,0,0.0,0.5175,nan,edge/x86_64,,3.12.3,2026-10-09T18:44:58Z
85,ECDSA-P256,classical,,verify,0.0701,0.0,0.0,0.0,91,138,0,71,512,0,0,0.0,1.0517,nan,edge/x86_64,,3.12.3,2026-10-09T18:44:58Z
86,ECDSA-P256,classical,,keygen,0.0168,0.0,0.0,0.0,91,138,0,0,0,0,0,0.0,0.2513,nan,edge/x86_64,,3.12.3,2026-10-09T18:44:58Z
86,ECDSA-P256,classical,,sign,0.0421,0.0,0.0,0.0,91,138,0,70,512,0,0,0.0,0.6317,nan,edge/x86_64,,3.12.3,2026-10-09T18:44:58Z
86,ECDSA-P256,classical,,verify,0.0722,0.0,0.0,0.0,91,138,0,70,512,0,0,0.0,1.0833,nan,edge/x86_64,,3.12.3,2026-10-09T18:44:58Z
87,ECDSA-P256,classical,,keygen,0.0186,0.0,0.0,0.0,91,138,0,0,0,0,0,0.0,0.2789,nan,edge/x86_64,,3.12.3,2026-10-09T18:44:58Z
87,ECDSA-P256,classical,,sign,0.0368,0.0,0.0,0.0,91,138,0,71,512,0,0,0.0,0.5517,nan,edge/x86_64,,3.12.3,2026-10-09T18:44:58Z
87,ECDSA-P256,classical,,verify,0.0703,0.0,0.0,0.0,91,138,0,71,512,0,0,0.0,1.0545,nan,edge/x86_64,,3.12.3,2026-10-09T18:44:58Z
88,ECDSA-P256,classical,,keygen,0.0417,0.0,0.0,0.0,91,138,0,0,0,0,0,0.0,0.6259,nan,edge/x86_64,,3.12.3,2026-10-09T18:44:58Z
88,ECDSA-P256,classical,,sign,0.0379,0.0,0.0,0.0,91,138,0,72,512,0,0,0.0,0.5679,nan,edge/x86_64,,3.12.3,2026-10-09T18:44:58Z
88,ECDSA-P256,classical,,verify,0.0715,0.0,0.0,0.0,91,138,0,72,512,0,0,0.0,1.0732,nan,edge/x86_64,,3.12.3,2026-10-09T18:44:58Z
89,ECDSA-P256,classical,,keygen,0.0175,0.0,0.0,0.0,91,138,0,0,0,0,0,0.0,0.2624,nan,edge/x86_64,,3.12.3,2026-10-09T18:44:58Z
89,ECDSA-P256,classical,,sign,0.0347,0.0,0.0,0.0,91,138,0,70,512,0,0,0.0,0.5204,nan,edge/x86_64,,3.12.3,2026-10-09T18:44:58Z
89,ECDSA-P256,classical,,verify,0.0709,0.0,0.0,0.0,91,138,0,70,512,0,0,0.0,1.0629,nan,edge/x86_64,,3.12.3,2026-10-09T18:44:58Z
90,ECDSA-P256,classical,,keygen,0.017,0.0,0.0,0.0,91,138,0,0,0,0,0,0.0,0.2555,nan,edge/x86_64,,3.12.3,2026-10-09T18:44:58Z
90,ECDSA-P256,classical,,sign,0.0346,0.0,0.0,0.0,91,138,0,71,512,0,0,0.0,0.5184,nan,edge/x86_64,,3.12.3,2026-10-09T18:44:58Z
90,ECDSA-P256,classical,,verify,0.0718,0.0,0.0,0.0,91,138,0,71,512,0,0,0.0,1.0777,nan,edge/x86_64,,3.12.3,2026-10-09T18:44:58Z
91,ECDSA-P256,classical,,keygen,0.0241,0.0,0.0,0.0,91,138,0,0,0,0,0,0.0,0.3613,nan,edge/x86_64,,3.12.3,2026-10-09T18:44:58Z
91,ECDSA-P256,classical,,sign,0.0498,0.0,0.0,0.0,91,138,0,72,512,0,0,0.0,0.7463,nan,edge/x86_64,,3.12.3,2026-10-09T18:44:58Z
91,ECDSA-P256,classical,,verify,0.0768,0.0,0.0,0.0,91,138,0,72,512,0,0,0.0,1.1524,nan,edge/x86_64,,3.12.3,2026-10-09T18:44:58Z
92,ECDSA-P256,classical,,keygen,0.0185,0.0,0.0,0.0,91,138,0,0,0,0,0,0.0,0.2773,nan,edge/x86_64,,3.12.3,2026-10-09T18:44:58Z
92,ECDSA-P256,classical,,sign,0.0363,0.0,0.0,0.0,91,138,0,70,512,0,0,0.0,0.545,nan,edge/x86_64,,3.12.3,2026-10-09T18:44:58Z
92,ECDSA-P256,classical,,verify,0.0707,0.0,0.0,0.0,91,138,0,70,512,0,0,0.0,1.0611,nan,edge/x86_64,,3.12.3,2026-10-09T18:44:58Z
93,ECDSA-P256,classical,,keygen,0.0176,0.0,0.0,0.0,91,138,0,0,0,0,0,0.0,0.2637,nan,edge/x86_64,,3.12.3,2026-10-09T18:44:58Z
93,ECDSA-P256,classical,,sign,0.0358,0.0,0.0,0.0,91,138,0,72,512,0,0,0.0,0.5373,nan,edge/x86_64,,3.12.3,2026-10-09T18:44:58Z
93,ECDSA-P256,classical,,verify,0.0788,0.0,0.0,0.0,91,138,0,72,512,0,0,0.0,1.1815,nan,edge/x86_64,,3.12.3,2026-10-09T18:44:58Z
94,ECDSA-P256,classical,,keygen,0.0345,0.0,0.0,0.0,91,138,0,0,0,0,0,0.0,0.5176,nan,edge/x86_64,,3.12.3,2026-10-09T18:44:58Z
94,ECDSA-P256,classical,,sign,0.0381,0.0,0.0,0.0,91,138,0,71,512,0,0,0.0,0.5713,nan,edge/x86_64,,3.12.3,2026-10-09T18:44:58Z
94,ECDSA-P256,classical,,verify,0.0707,0.0,0.0,0.0,91,138,0,71,512,0,0,0.0,1.0606,nan,edge/x86_64,,3.12.3,2026-10-09T18:44:58Z
95,ECDSA-P256,classical,,keygen,0.0171,0.0,0.0,0.0,91,138,0,0,0,0,0,0.0,0.256,nan,edge/x86_64,,3.12.3,2026-10-09T18:44:58Z
95,ECDSA-P256,classical,,sign,0.0348,0.0,0.0,0.0,91,138,0,71,512,0,0,0.0,0.5215,nan,edge/x86_64,,3.12.3,2026-10-09T18:44:58Z
95,ECDSA-P256,classical,,verify,0.0702,0.0,0.0,0.0,91,138,0,71,512,0,0,0.0,1.0528,nan,edge/x86_64,,3.12.3,2026-10-09T18:44:58Z
96,ECDSA-P256,classical,,keygen,0.0167,0.0,0.0,0.0,91,138,0,0,0,0,0,0.0,0.2509,nan,edge/x86_64,,3.12.3,2026-10-09T18:44:58Z
96,ECDSA-P256,classical,,sign,0.0417,0.0,0.0,0.0,91,138,0,71,512,0,0,0.0,0.6255,nan,edge/x86_64,,3.12.3,2026-10-09T18:44:58Z
96,ECDSA-P256,classical,,verify,0.0703,0.0,0.0,0.0,91,138,0,71,512,0,0,0.0,1.0548,nan,edge/x86_64,,3.12.3,2026-10-09T18:44:58Z
97,ECDSA-P256,classical,,keygen,0.0167,0.0,0.0,0.0,91,138,0,0,0,0,0,0.0,0.251,nan,edge/x86_64,,3.12.3,2026-10-09T18:44:58Z
97,ECDSA-P256,classical,,sign,0.0346,0.0,0.0,0.0,91,138,0,71,512,0,0,0.0,0.5197,nan,edge/x86_64,,3.12.3,2026-10-09T18:44:58Z
97,ECDSA-P256,classical,,verify,0.0701,0.0,0.0,0.0,91,138,0,71,512,0,0,0.0,1.0509,nan,edge/x86_64,,3.12.3,2026-10-09T18:44:58Z
98,ECDSA-P256,classical,,keygen,0.0167,0.0,0.0,0.0,91,138,0,0,0,0,0,0.0,0.2498,nan,edge/x86_64,,3.12.3,2026-10-09T18:44:58Z
98,ECDSA-P256,classical,,sign,0.0636,0.0,0.0,0.0,91,138,0,71,512,0,0,0.0,0.9535,nan,edge/x86_64,,3.12.3,2026-10-09T18:44:58Z
98,ECDSA-P256,classical,,verify,0.0762,0.0,0.0,0.0,91,138,0,71,512,0,0,0.0,1.1437,nan,edge/x86_64,,3.12.3,2026-10-09T18:44:58Z
99,ECDSA-P256,classical,,keygen,0.0202,0.0,0.0,0.0,91,138,0,0,0,0,0,0.0,0.3033,nan,edge/x86_64,,3.12.3,2026-10-09T18:44:58Z
99,ECDSA-P256,classical,,sign,0.0376,0.0,0.0,0.0,91,138,0,71,512,0,0,0.0,0.5646,nan,edge/x86_64,,3.12.3,2026-10-09T18:44:58Z
99,ECDSA-P256,classical,,verify,0.0712,0.0,0.0,0.0,91,138,0,71,512,0,0,0.0,1.0674,nan,edge/x86_64,,3.12.3,2026-10-09T18:44:58Z
100,ECDSA-P256,classical,,keygen,0.0172,0.0,0.0,0.0,91,138,0,0,0,0,0,0.0,0.2581,nan,edge/x86_64,,3.12.3,2026-10-09T18:44:58Z
100,ECDSA-P256,classical,,sign,0.0386,0.0,0.0,0.0,91,138,0,70,512,0,0,0.0,0.579,nan,edge/x86_64,,3.12.3,2026-10-09T18:44:58Z
100,ECDSA-P256,classical,,verify,0.071,0.0,0.0,0.0,91,138,0,70,512,0,0,0.0,1.065,nan,edge/x86_64,,3.12.3,2026-10-09T18:44:58Z
101,ECDSA-P256,classical,,keygen,0.0175,0.0,0.0,0.0,91,138,0,0,0,0,0,0.0,0.2632,nan,edge/x86_64,,3.12.3,2026-10-09T18:44:58Z
101,ECDSA-P256,classical,,sign,0.0354,0.0,0.0,0.0,91,138,0,70,512,0,0,0.0,0.5315,nan,edge/x86_64,,3.12.3,2026-10-09T18:44:58Z
101,ECDSA-P256,classical,,verify,0.0704,0.0,0.0,0.0,91,138,0,70,512,0,0,0.0,1.0567,nan,edge/x86_64,,3.12.3,2026-10-09T18:44:58Z
102,ECDSA-P256,classical,,keygen,0.0171,0.0,0.0,0.0,91,138,0,0,0,0,0,0.0,0.2562,nan,edge/x86_64,,3.12.3,2026-10-09T18:44:58Z
102,ECDSA-P256,classical,,sign,0.0349,0.0,0.0,0.0,91,138,0,71,512,0,0,0.0,0.524,nan,edge/x86_64,,3.12.3,2026-10-09T18:44:58Z
102,ECDSA-P256,classical,,verify,0.0702,0.0,0.0,0.0,91,138,0,71,512,0,0,0.0,1.0535,nan,edge/x86_64,,3.12.3,2026-10-09T18:44:58Z
103,ECDSA-P256,classical,,keygen,0.0168,0.0,0.0,0.0,91,138,0,0,0,0,0,0.0,0.2524,nan,edge/x86_64,,3.12.3,2026-10-09T18:44:58Z
103,ECDSA-P256,classical,,sign,0.0354,0.0,0.0,0.0,91,138,0,70,512,0,0,0.0,0.5317,nan,edge/x86_64,,3.12.3,2026-10-09T18:44:58Z
103,ECDSA-P256,classical,,verify,0.1632,0.0,0.0,0.0,91,138,0,70,512,0,0,0.0,2.4478,nan,edge/x86_64,,3.12.3,2026-10-09T18:44:58Z
104,ECDSA-P256,classical,,keygen,0.0576,0.0,0.0,0.0,91,138,0,0,0,0,0,0.0,0.8641,nan,edge/x86_64,,3.12.3,2026-10-09T18:44:58Z
104,ECDSA-P256,classical,,sign,0.0463,0.0,0.0,0.0,91,138,0,70,512,0,0,0.0,0.6945,nan,edge/x86_64,,3.12.3,2026-10-09T18:44:58Z
104,ECDSA-P256,classical,,verify,0.0721,0.0,0.0,0.0,91,138,0,70,512,0,0,0.0,1.0811,nan,edge/x86_64,,3.12.3,2026-10-09T18:44:58Z
105,ECDSA-P256,classical,,keygen,0.0186,0.0,0.0,0.0,91,138,0,0,0,0,0,0.0,0.2791,nan,edge/x86_64,,3.12.3,2026-10-09T18:44:58Z
105,ECDSA-P256,classical,,sign,0.0547,0.0,0.0,0.0,91,138,0,71,512,0,0,0.0,0.8198,nan,edge/x86_64,,3.12.3,2026-10-09T18:44:58Z
105,ECDSA-P256,classical,,verify,0.0714,0.0,0.0,0.0,91,138,0,71,512,0,0,0.0,1.0715,nan,edge/x86_64,,3.12.3,2026-10-09T18:44:58Z
106,ECDSA-P256,classical,,keygen,0.0173,0.0,0.0,0.0,91,138,0,0,0,0,0,0.0,0.2593,nan,edge/x86_64,,3.12.3,2026-10-09T18:44:58Z
106,ECDSA-P256,classical,,sign,0.0347,0.0,0.0,0.0,91,138,0,71,512,0,0,0.0,0.5201,nan,edge/x86_64,,3.12.3,2026-10-09T18:44:58Z
106,ECDSA-P256,classical,,verify,0.0704,0.0,0.0,0.0,91,138,0,71,512,0,0,0.0,1.0559,nan,edge/x86_64,,3.12.3,2026-10-09T18:44:58Z
107,ECDSA-P256,classical,,keygen,0.0168,0.0,0.0,0.0,91,138,0,0,0,0,0,0.0,0.2526,nan,edge/x86_64,,3.12.3,2026-10-09T18:44:58Z
107,ECDSA-P256,classical,,sign,0.0346,0.0,0.0,0.0,91,138,0,72,512,0,0,0.0,0.5195,nan,edge/x86_64,,3.12.3,2026-10-09T18:44:58Z
107,ECDSA-P256,classical,,verify,0.0704,0.0,0.0,0.0,91,138,0,72,512,0,0,0.0,1.0563,nan,edge/x86_64,,3.12.3,2026-10-09T18:44:58Z
108,ECDSA-P256,classical,,keygen,0.0169,0.0,0.0,0.0,91,138,0,0,0,0,0,0.0,0.2534,nan,edge/x86_64,,3.12.3,2026-10-09T18:44:58Z
108,ECDSA-P256,classical,,sign,0.0344,0.0,0.0,0.0,91,138,0,70,512,0,0,0.0,0.5165,nan,edge/x86_64,,3.12.3,2026-10-09T18:44:58Z
108,ECDSA-P256,classical,,verify,0.0701,0.0,0.0,0.0,91,138,0,70,512,0,0,0.0,1.0514,nan,edge/x86_64,,3.12.3,2026-10-09T18:44:58Z
109,ECDSA-P256,classical,,keygen,0.0166,0.0,0.0,0.0,91,138,0,0,0,0,0,0.0,0.2483,nan,edge/x86_64,,3.12.3,2026-10-09T18:44:58Z
109,ECDSA-P256,classical,,sign,0.0346,0.0,0.0,0.0,91,138,0,70,512,0,0,0.0,0.5184,nan,edge/x86_64,,3.12.3,2026-10-09T18:44:58Z
109,ECDSA-P256,classical,,verify,0.093,0.0,0.0,0.0,91,138,0,70,512,0,0,0.0,1.3956,nan,edge/x86_64,,3.12.3,2026-10-09T18:44:58Z
110,ECDSA-P256,classical,,keygen,0.0211,0.0,0.0,0.0,91,138,0,0,0,0,0,0.0,0.3161,nan,edge/x86_64,,3.12.3,2026-10-09T18:44:58Z
110,ECDSA-P256,classical,,sign,0.0377,0.0,0.0,0.0,91,138,0,71,512,0,0,0.0,0.5658,nan,edge/x86_64,,3.12.3,2026-10-09T18:44:58Z
110,ECDSA-P256,classical,,verify,0.0715,0.0,0.0,0.0,91,138,0,71,512,0,0,0.0,1.0724,nan,edge/x86_64,,3.12.3,2026-10-09T18:44:58Z
111,ECDSA-P256,classical,,keygen,0.0191,0.0,0.0,0.0,91,138,0,0,0,0,0,0.0,0.2866,nan,edge/x86_64,,3.12.3,2026-10-09T18:44:58Z
111,ECDSA-P256,classical,,sign,0.0363,0.0,0.0,0.0,91,138,0,71,512,0,0,0.0,0.5443,nan,edge/x86_64,,3.12.3,2026-10-09T18:44:58Z
111,ECDSA-P256,classical,,verify,0.0951,0.0,0.0,0.0,91,138,0,71,512,0,0,0.0,1.427,nan,edge/x86_64,,3.12.3,2026-10-09T18:44:58Z
112,ECDSA-P256,classical,,keygen,0.0178,0.0,0.0,0.0,91,138,0,0,0,0,0,0.0,0.2675,nan,edge/x86_64,,3.12.3,2026-10-09T18:44:58Z
112,ECDSA-P256,classical,,sign,0.036,0.0,0.0,0.0,91,138,0,71,512,0,0,0.0,0.5403,nan,edge/x86_64,,3.12.3,2026-10-09T18:44:58Z
112,ECDSA-P256,classical,,verify,0.0699,0.0,0.0,0.0,91,138,0,71,512,0,0,0.0,1.0485,nan,edge/x86_64,,3.12.3,2026-10-09T18:44:58Z
113,ECDSA-P256,classical,,keygen,0.0172,0.0,0.0,0.0,91,138,0,0,0,0,0,0.0,0.2579,nan,edge/x86_64,,3.12.3,2026-10-09T18:44:58Z
113,ECDSA-P256,classical,,sign,0.035,0.0,0.0,0.0,91,138,0,71,512,0,0,0.0,0.5246,nan,edge/x86_64,,3.12.3,2026-10-09T18:44:58Z
113,ECDSA-P256,classical,,verify,0.0703,0.0,0.0,0.0,91,138,0,71,512,0,0,0.0,1.0543,nan,edge/x86_64,,3.12.3,2026-10-09T18:44:58Z
114,ECDSA-P256,classical,,keygen,0.0169,0.0,0.0,0.0,91,138,0,0,0,0,0,0.0,0.2533,nan,edge/x86_64,,3.12.3,2026-10-09T18:44:58Z
114,ECDSA-P256,classical,,sign,0.0347,0.0,0.0,0.0,91,138,0,72,512,0,0,0.0,0.5203,nan,edge/x86_64,,3.12.3,2026-10-09T18:44:58Z
114,ECDSA-P256,classical,,verify,0.0701,0.0,0.0,0.0,91,138,0,72,512,0,0,0.0,1.0521,nan,edge/x86_64,,3.12.3,2026-10-09T18:44:58Z
115,ECDSA-P256,classical,,keygen,0.0312,0.0,0.0,0.0,91,138,0,0,0,0,0,0.0,0.4683,nan,edge/x86_64,,3.12.3,2026-10-09T18:44:58Z
115,ECDSA-P256,classical,,sign,0.0394,0.0,0.0,0.0,91,138,0,71,512,0,0,0.0,0.5904,nan,edge/x86_64,,3.12.3,2026-10-09T18:44:58Z
115,ECDSA-P256,classical,,verify,0.0715,0.0,0.0,0.0,91,138,0,71,512,0,0,0.0,1.0722,nan,edge/x86_64,,3.12.3,2026-10-09T18:44:58Z
116,ECDSA-P256,classical,,keygen,0.0177,0.0,0.0,0.0,91,138,0,0,0,0,0,0.0,0.2654,nan,edge/x86_64,,3.12.3,2026-10-09T18:44:58Z
116,ECDSA-P256,classical,,sign,0.0353,0.0,0.0,0.0,91,138,0,72,512,0,0,0.0,0.5295,nan,edge/x86_64,,3.12.3,2026-10-09T18:44:58Z
116,ECDSA-P256,classical,,verify,0.0706,0.0,0.0,0.0,91,138,0,72,512,0,0,0.0,1.0596,nan,edge/x86_64,,3.12.3,2026-10-09T18:44:58Z
117,ECDSA-P256,classical,,keygen,0.0174,0.0,0.0,0.0,91,138,0,0,0,0,0,0.0,0.261,nan,edge/x86_64,,3.12.3,2026-10-09T18:44:58Z
117,ECDSA-P256,classical,,sign,0.0353,0.0,0.0,0.0,91,138,0,72,512,0,0,0.0,0.5293,nan,edge/x86_64,,3.12.3,2026-10-09T18:44:58Z
117,ECDSA-P256,classical,,verify,0.0816,0.0,0.0,0.0,91,138,0,72,512,0,0,0.0,1.2243,nan,edge/x86_64,,3.12.3,2026-10-09T18:44:58Z
118,ECDSA-P256,classical,,keygen,0.0179,0.0,0.0,0.0,91,138,0,0,0,0,0,0.0,0.2678,nan,edge/x86_64,,3.12.3,2026-10-09T18:44:58Z
118,ECDSA-P256,classical,,sign,0.0355,0.0,0.0,0.0,91,138,0,72,512,0,0,0.0,0.5326,nan,edge/x86_64,,3.12.3,2026-10-09T18:44:58Z
118,ECDSA-P256,classical,,verify,0.0701,0.0,0.0,0.0,91,138,0,72,512,0,0,0.0,1.052,nan,edge/x86_64,,3.12.3,2026-10-09T18:44:58Z
119,ECDSA-P256,classical,,keygen,0.0167,0.0,0.0,0.0,91,138,0,0,0,0,0,0.0,0.2503,nan,edge/x86_64,,3.12.3,2026-10-09T18:44:58Z
119,ECDSA-P256,classical,,sign,0.0366,0.0,0.0,0.0,91,138,0,70,512,0,0,0.0,0.5488,nan,edge/x86_64,,3.12.3,2026-10-09T18:44:58Z
119,ECDSA-P256,classical,,verify,0.0704,0.0,0.0,0.0,91,138,0,70,512,0,0,0.0,1.0556,nan,edge/x86_64,,3.12.3,2026-10-09T18:44:58Z
120,ECDSA-P256,classical,,keygen,0.0169,0.0,0.0,0.0,91,138,0,0,0,0,0,0.0,0.2538,nan,edge/x86_64,,3.12.3,2026-10-09T18:44:58Z
120,ECDSA-P256,classical,,sign,0.0349,0.0,0.0,0.0,91,138,0,71,512,0,0,0.0,0.5241,nan,edge/x86_64,,3.12.3,2026-10-09T18:44:58Z
120,ECDSA-P256,classical,,verify,0.0701,0.0,0.0,0.0,91,138,0,71,512,0,0,0.0,1.0508,nan,edge/x86_64,,3.12.3,2026-10-09T18:44:58Z
121,ECDSA-P256,classical,,keygen,0.0171,0.0,0.0,0.0,91,138,0,0,0,0,0,0.0,0.2564,nan,edge/x86_64,,3.12.3,2026-10-09T18:44:58Z
121,ECDSA-P256,classical,,sign,0.0346,0.0,0.0,0.0,91,138,0,71,512,0,0,0.0,0.5196,nan,edge/x86_64,,3.12.3,2026-10-09T18:44:58Z
121,ECDSA-P256,classical,,verify,0.0703,0.0,0.0,0.0,91,138,0,71,512,0,0,0.0,1.0547,nan,edge/x86_64,,3.12.3,2026-10-09T18:44:58Z
122,ECDSA-P256,classical,,keygen,0.0178,0.0,0.0,0.0,91,138,0,0,0,0,0,0.0,0.267,nan,edge/x86_64,,3.12.3,2026-10-09T18:44:58Z
122,ECDSA-P256,classical,,sign,0.0721,0.0,0.0,0.0,91,138,0,71,512,0,0,0.0,1.0812,nan,edge/x86_64,,3.12.3,2026-10-09T18:44:58Z
122,ECDSA-P256,classical,,verify,0.0746,0.0,0.0,0.0,91,138,0,71,512,0,0,0.0,1.1183,nan,edge/x86_64,,3.12.3,2026-10-09T18:44:58Z
123,ECDSA-P256,classical,,keygen,0.0183,0.0,0.0,0.0,91,138,0,0,0,0,0,0.0,0.2751,nan,edge/x86_64,,3.12.3,2026-10-09T18:44:58Z
123,ECDSA-P256,classical,,sign,0.0361,0.0,0.0,0.0,91,138,0,72,512,0,0,0.0,0.5422,nan,edge/x86_64,,3.12.3,2026-10-09T18:44:58Z
123,ECDSA-P256,classical,,verify,0.0707,0.0,0.0,0.0,91,138,0,72,512,0,0,0.0,1.06,nan,edge/x86_64,,3.12.3,2026-10-09T18:44:58Z
124,ECDSA-P256,classical,,keygen,0.0184,0.0,0.0,0.0,91,138,0,0,0,0,0,0.0,0.276,nan,edge/x86_64,,3.12.3,2026-10-09T18:44:58Z
124,ECDSA-P256,classical,,sign,0.0358,0.0,0.0,0.0,91,138,0,70,512,0,0,0.0,0.5364,nan,edge/x86_64,,3.12.3,2026-10-09T18:44:58Z
124,ECDSA-P256,classical,,verify,0.075,0.0,0.0,0.0,91,138,0,70,512,0,0,0.0,1.1253,nan,edge/x86_64,,3.12.3,2026-10-09T18:44:58Z
125,ECDSA-P256,classical,,keygen,0.0172,0.0,0.0,0.0,91,138,0,0,0,0,0,0.0,0.2573,nan,edge/x86_64,,3.12.3,2026-10-09T18:44:58Z
125,ECDSA-P256,classical,,sign,0.035,0.0,0.0,0.0,91,138,0,72,512,0,0,0.0,0.5247,nan,edge/x86_64,,3.12.3,2026-10-09T18:44:58Z
125,ECDSA-P256,classical,,verify,0.0703,0.0,0.0,0.0,91,138,0,72,512,0,0,0.0,1.054,nan,edge/x86_64,,3.12.3,2026-10-09T18:44:58Z
126,ECDSA-P256,classical,,keygen,0.0168,0.0,0.0,0.0,91,138,0,0,0,0,0,0.0,0.2519,nan,edge/x86_64,,3.12.3,2026-10-09T18:44:58Z
126,ECDSA-P256,classical,,sign,0.0343,0.0,0.0,0.0,91,138,0,72,512,0,0,0.0,0.5152,nan,edge/x86_64,,3.12.3,2026-10-09T18:44:58Z
126,ECDSA-P256,classical,,verify,0.0699,0.0,0.0,0.0,91,138,0,72,512,0,0,0.0,1.0482,nan,edge/x86_64,,3.12.3,2026-10-09T18:44:58Z
127,ECDSA-P256,classical,,keygen,0.0168,0.0,0.0,0.0,91,138,0,0,0,0,0,0.0,0.2518,nan,edge/x86_64,,3.12.3,2026-10-09T18:44:58Z
127,ECDSA-P256,classical,,sign,0.0355,0.0,0.0,0.0,91,138,0,70,512,0,0,0.0,0.5324,nan,edge/x86_64,,3.12.3,2026-10-09T18:44:58Z
127,ECDSA-P256,classical,,verify,0.0863,0.0,0.0,0.0,91,138,0,70,512,0,0,0.0,1.294,nan,edge/x86_64,,3.12.3,2026-10-09T18:44:58Z
128,ECDSA-P256,classical,,keygen,0.0206,0.0,0.0,0.0,91,138,0,0,0,0,0,0.0,0.3094,nan,edge/x86_64,,3.12.3,2026-10-09T18:44:58Z
128,ECDSA-P256,classical,,sign,0.0374,0.0,0.0,0.0,91,138,0,71,512,0,0,0.0,0.5609,nan,edge/x86_64,,3.12.3,2026-10-09T18:44:58Z
128,ECDSA-P256,classical,,verify,0.071,0.0,0.0,0.0,91,138,0,71,512,0,0,0.0,1.0656,nan,edge/x86_64,,3.12.3,2026-10-09T18:44:58Z
129,ECDSA-P256,classical,,keygen,0.0179,0.0,0.0,0.0,91,138,0,0,0,0,0,0.0,0.269,nan,edge/x86_64,,3.12.3,2026-10-09T18:44:58Z
129,ECDSA-P256,classical,,sign,0.0355,0.0,0.0,0.0,91,138,0,71,512,0,0,0.0,0.5328,nan,edge/x86_64,,3.12.3,2026-10-09T18:44:58Z
129,ECDSA-P256,classical,,verify,0.0703,0.0,0.0,0.0,91,138,0,71,512,0,0,0.0,1.0545,nan,edge/x86_64,,3.12.3,2026-10-09T18:44:58Z
130,ECDSA-P256,classical,,keygen,0.0168,0.0,0.0,0.0,91,138,0,0,0,0,0,0.0,0.2515,nan,edge/x86_64,,3.12.3,2026-10-09T18:44:58Z
130,ECDSA-P256,classical,,sign,0.0478,0.0,0.0,0.0,91,138,0,71,512,0,0,0.0,0.7168,nan,edge/x86_64,,3.12.3,2026-10-09T18:44:58Z
130,ECDSA-P256,classical,,verify,0.0717,0.0,0.0,0.0,91,138,0,71,512,0,0,0.0,1.0751,nan,edge/x86_64,,3.12.3,2026-10-09T18:44:58Z
131,ECDSA-P256,classical,,keygen,0.0173,0.0,0.0,0.0,91,138,0,0,0,0,0,0.0,0.2589,nan,edge/x86_64,,3.12.3,2026-10-09T18:44:58Z
131,ECDSA-P256,classical,,sign,0.0351,0.0,0.0,0.0,91,138,0,71,512,0,0,0.0,0.526,nan,edge/x86_64,,3.12.3,2026-10-09T18:44:58Z
131,ECDSA-P256,classical,,verify,0.0706,0.0,0.0,0.0,91,138,0,71,512,0,0,0.0,1.0596,nan,edge/x86_64,,3.12.3,2026-10-09T18:44:58Z
132,ECDSA-P256,classical,,keygen,0.0169,0.0,0.0,0.0,91,138,0,0,0,0,0,0.0,0.253,nan,edge/x86_64,,3.12.3,2026-10-09T18:44:58Z
132,ECDSA-P256,classical,,sign,0.0346,0.0,0.0,0.0,91,138,0,70,512,0,0,0.0,0.5186,nan,edge/x86_64,,3.12.3,2026-10-09T18:44:58Z
132,ECDSA-P256,classical,,verify,0.0703,0.0,0.0,0.0,91,138,0,70,512,0,0,0.0,1.0538,nan,edge/x86_64,,3.12.3,2026-10-09T18:44:58Z
133,ECDSA-P256,classical,,keygen,0.0167,0.0,0.0,0.0,91,138,0,0,0,0,0,0.0,0.2512,nan,edge/x86_64,,3.12.3,2026-10-09T18:44:58Z
133,ECDSA-P256,classical,,sign,0.0344,0.0,0.0,0.0,91,138,0,72,512,0,0,0.0,0.5155,nan,edge/x86_64,,3.12.3,2026-10-09T18:44:58Z
133,ECDSA-P256,classical,,verify,0.0702,0.0,0.0,0.0,91,138,0,72,512,0,0,0.0,1.053,nan,edge/x86_64,,3.12.3,2026-10-09T18:44:58Z
134,ECDSA-P256,classical,,keygen,0.0169,0.0,0.0,0.0,91,138,0,0,0,0,0,0.0,0.2529,nan,edge/x86_64,,3.12.3,2026-10-09T18:44:58Z
134,ECDSA-P256,classical,,sign,0.0344,0.0,0.0,0.0,91,138,0,72,512,0,0,0.0,0.5166,nan,edge/x86_64,,3.12.3,2026-10-09T18:44:58Z
134,ECDSA-P256,classical,,verify,0.0951,0.0,0.0,0.0,91,138,0,72,512,0,0,0.0,1.4261,nan,edge/x86_64,,3.12.3,2026-10-09T18:44:58Z
135,ECDSA-P256,classical,,keygen,0.0215,0.0,0.0,0.0,91,138,0,0,0,0,0,0.0,0.3226,nan,edge/x86_64,,3.12.3,2026-10-09T18:44:58Z
135,ECDSA-P256,classical,,sign,0.0395,0.0,0.0,0.0,91,138,0,71,512,0,0,0.0,0.5918,nan,edge/x86_64,,3.12.3,2026-10-09T18:44:58Z
135,ECDSA-P256,classical,,verify,0.0713,0.0,0.0,0.0,91,138,0,71,512,0,0,0.0,1.0688,nan,edge/x86_64,,3.12.3,2026-10-09T18:44:58Z
136,ECDSA-P256,classical,,keygen,0.0171,0.0,0.0,0.0,91,138,0,0,0,0,0,0.0,0.2571,nan,edge/x86_64,,3.12.3,2026-10-09T18:44:58Z
136,ECDSA-P256,classical,,sign,0.0352,0.0,0.0,0.0,91,138,0,72,512,0,0,0.0,0.5281,nan,edge/x86_64,,3.12.3,2026-10-09T18:44:58Z
136,ECDSA-P256,classical,,verify,0.0727,0.0,0.0,0.0,91,138,0,72,512,0,0,0.0,1.0908,nan,edge/x86_64,,3.12.3,2026-10-09T18:44:58Z
137,ECDSA-P256,classical,,keygen,0.0175,0.0,0.0,0.0,91,138,0,0,0,0,0,0.0,0.2623,nan,edge/x86_64,,3.12.3,2026-10-09T18:44:58Z
137,ECDSA-P256,classical,,sign,0.0352,0.0,0.0,0.0,91,138,0,71,512,0,0,0.0,0.5278,nan,edge/x86_64,,3.12.3,2026-10-09T18:44:58Z
137,ECDSA-P256,classical,,verify,0.0707,0.0,0.0,0.0,91,138,0,71,512,0,0,0.0,1.0602,nan,edge/x86_64,,3.12.3,2026-10-09T18:44:58Z
138,ECDSA-P256,classical,,keygen,0.017,0.0,0.0,0.0,91,138,0,0,0,0,0,0.0,0.2543,nan,edge/x86_64,,3.12.3,2026-10-09T18:44:58Z
138,ECDSA-P256,classical,,sign,0.0346,0.0,0.0,0.0,91,138,0,72,512,0,0,0.0,0.5193,nan,edge/x86_64,,3.12.3,2026-10-09T18:44:58Z
138,ECDSA-P256,classical,,verify,0.0701,0.0,0.0,0.0,91,138,0,72,512,0,0,0.0,1.0516,nan,edge/x86_64,,3.12.3,2026-10-09T18:44:58Z
139,ECDSA-P256,classical,,keygen,0.0168,0.0,0.0,0.0,91,138,0,0,0,0,0,0.0,0.2522,nan,edge/x86_64,,3.12.3,2026-10-09T18:44:58Z
139,ECDSA-P256,classical,,sign,0.0345,0.0,0.0,0.0,91,138,0,71,512,0,0,0.0,0.5179,nan,edge/x86_64,,3.12.3,2026-10-09T18:44:58Z
139,ECDSA-P256,classical,,verify,0.0701,0.0,0.0,0.0,91,138,0,71,512,0,0,0.0,1.0519,nan,edge/x86_64,,3.12.3,2026-10-09T18:44:58Z
140,ECDSA-P256,classical,,keygen,0.0269,0.0,0.0,0.0,91,138,0,0,0,0,0,0.0,0.4036,nan,edge/x86_64,,3.12.3,2026-10-09T18:44:58Z
140,ECDSA-P256,classical,,sign,0.0409,0.0,0.0,0.0,91,138,0,70,512,0,0,0.0,0.6139,nan,edge/x86_64,,3.12.3,2026-10-09T18:44:58Z
140,ECDSA-P256,classical,,verify,0.0723,0.0,0.0,0.0,91,138,0,70,512,0,0,0.0,1.0842,nan,edge/x86_64,,3.12.3,2026-10-09T18:44:58Z
141,ECDSA-P256,classical,,keygen,0.0184,0.0,0.0,0.0,91,138,0,0,0,0,0,0.0,0.2755,nan,edge/x86_64,,3.12.3,2026-10-09T18:44:58Z
141,ECDSA-P256,classical,,sign,0.0362,0.0,0.0,0.0,91,138,0,71,512,0,0,0.0,0.5434,nan,edge/x86_64,,3.12.3,2026-10-09T18:44:58Z
141,ECDSA-P256,classical,,verify,0.0705,0.0,0.0,0.0,91,138,0,71,512,0,0,0.0,1.0578,nan,edge/x86_64,,3.12.3,2026-10-09T18:44:58Z
142,ECDSA-P256,classical,,keygen,0.0168,0.0,0.0,0.0,91,138,0,0,0,0,0,0.0,0.2524,nan,edge/x86_64,,3.12.3,2026-10-09T18:44:58Z
142,ECDSA-P256,classical,,sign,0.0351,0.0,0.0,0.0,91,138,0,70,512,0,0,0.0,0.5261,nan,edge/x86_64,,3.12.3,2026-10-09T18:44:58Z
142,ECDSA-P256,classical,,verify,0.0836,0.0,0.0,0.0,91,138,0,70,512,0,0,0.0,1.2545,nan,edge/x86_64,,3.12.3,2026-10-09T18:44:58Z
143,ECDSA-P256,classical,,keygen,0.0178,0.0,0.0,0.0,91,138,0,0,0,0,0,0.0,0.2668,nan,edge/x86_64,,3.12.3,2026-10-09T18:44:58Z
143,ECDSA-P256,classical,,sign,0.0358,0.0,0.0,0.0,91,138,0,72,512,0,0,0.0,0.5368,nan,edge/x86_64,,3.12.3,2026-10-09T18:44:58Z
143,ECDSA-P256,classical,,verify,0.0699,0.0,0.0,0.0,91,138,0,72,512,0,0,0.0,1.048,nan,edge/x86_64,,3.12.3,2026-10-09T18:44:58Z
144,ECDSA-P256,classical,,keygen,0.0166,0.0,0.0,0.0,91,138,0,0,0,0,0,0.0,0.2484,nan,edge/x86_64,,3.12.3,2026-10-09T18:44:58Z
144,ECDSA-P256,classical,,sign,0.0346,0.0,0.0,0.0,91,138,0,69,512,0,0,0.0,0.5195,nan,edge/x86_64,,3.12.3,2026-10-09T18:44:58Z
144,ECDSA-P256,classical,,verify,0.0703,0.0,0.0,0.0,91,138,0,69,512,0,0,0.0,1.0545,nan,edge/x86_64,,3.12.3,2026-10-09T18:44:58Z
145,ECDSA-P256,classical,,keygen,0.0166,0.0,0.0,0.0,91,138,0,0,0,0,0,0.0,0.2484,nan,edge/x86_64,,3.12.3,2026-10-09T18:44:58Z
145,ECDSA-P256,classical,,sign,0.0347,0.0,0.0,0.0,91,138,0,72,512,0,0,0.0,0.5198,nan,edge/x86_64,,3.12.3,2026-10-09T18:44:58Z
145,ECDSA-P256,classical,,verify,0.07,0.0,0.0,0.0,91,138,0,72,512,0,0,0.0,1.0502,nan,edge/x86_64,,3.12.3,2026-10-09T18:44:58Z
146,ECDSA-P256,classical,,keygen,0.0168,0.0,0.0,0.0,91,138,0,0,0,0,0,0.0,0.2519,nan,edge/x86_64,,3.12.3,2026-10-09T18:44:58Z
146,ECDSA-P256,classical,,sign,0.0409,0.0,0.0,0.0,91,138,0,72,512,0,0,0.0,0.6129,nan,edge/x86_64,,3.12.3,2026-10-09T18:44:58Z
146,ECDSA-P256,classical,,verify,0.2205,0.0,0.0,0.0,91,138,0,72,512,0,0,0.0,3.3069,nan,edge/x86_64,,3.12.3,2026-10-09T18:44:58Z
147,ECDSA-P256,classical,,keygen,0.047,0.0,0.0,0.0,91,138,0,0,0,0,0,0.0,0.7057,nan,edge/x86_64,,3.12.3,2026-10-09T18:44:58Z
147,ECDSA-P256,classical,,sign,0.1088,0.0,0.0,0.0,91,138,0,71,512,0,0,0.0,1.6318,nan,edge/x86_64,,3.12.3,2026-10-09T18:44:58Z
147,ECDSA-P256,classical,,verify,0.1059,0.0,0.0,0.0,91,138,0,71,512,0,0,0.0,1.5884,nan,edge/x86_64,,3.12.3,2026-10-09T18:44:58Z
148,ECDSA-P256,classical,,keygen,0.0202,0.0,0.0,0.0,91,138,0,0,0,0,0,0.0,0.3026,nan,edge/x86_64,,3.12.3,2026-10-09T18:44:58Z
148,ECDSA-P256,classical,,sign,0.0379,0.0,0.0,0.0,91,138,0,70,512,0,0,0.0,0.5686,nan,edge/x86_64,,3.12.3,2026-10-09T18:44:58Z
148,ECDSA-P256,classical,,verify,0.0713,0.0,0.0,0.0,91,138,0,70,512,0,0,0.0,1.0691,nan,edge/x86_64,,3.12.3,2026-10-09T18:44:58Z
149,ECDSA-P256,classical,,keygen,0.0172,0.0,0.0,0.0,91,138,0,0,0,0,0,0.0,0.2577,nan,edge/x86_64,,3.12.3,2026-10-09T18:44:58Z
149,ECDSA-P256,classical,,sign,0.0354,0.0,0.0,0.0,91,138,0,71,512,0,0,0.0,0.5306,nan,edge/x86_64,,3.12.3,2026-10-09T18:44:58Z
149,ECDSA-P256,classical,,verify,0.0708,0.0,0.0,0.0,91,138,0,71,512,0,0,0.0,1.062,nan,edge/x86_64,,3.12.3,2026-10-09T18:44:58Z
150,ECDSA-P256,classical,,keygen,0.017,0.0,0.0,0.0,91,138,0,0,0,0,0,0.0,0.2547,nan,edge/x86_64,,3.12.3,2026-10-09T18:44:58Z
150,ECDSA-P256,classical,,sign,0.0348,0.0,0.0,0.0,91,138,0,70,512,0,0,0.0,0.5227,nan,edge/x86_64,,3.12.3,2026-10-09T18:44:58Z
150,ECDSA-P256,classical,,verify,0.0702,0.0,0.0,0.0,91,138,0,70,512,0,0,0.0,1.0526,nan,edge/x86_64,,3.12.3,2026-10-09T18:44:58Z
151,ECDSA-P256,classical,,keygen,0.0175,0.0,0.0,0.0,91,138,0,0,0,0,0,0.0,0.2626,nan,edge/x86_64,,3.12.3,2026-10-09T18:44:58Z
151,ECDSA-P256,classical,,sign,0.035,0.0,0.0,0.0,91,138,0,71,512,0,0,0.0,0.5251,nan,edge/x86_64,,3.12.3,2026-10-09T18:44:58Z
151,ECDSA-P256,classical,,verify,0.0705,0.0,0.0,0.0,91,138,0,71,512,0,0,0.0,1.057,nan,edge/x86_64,,3.12.3,2026-10-09T18:44:58Z
152,ECDSA-P256,classical,,keygen,0.0169,0.0,0.0,0.0,91,138,0,0,0,0,0,0.0,0.2538,nan,edge/x86_64,,3.12.3,2026-10-09T18:44:58Z
152,ECDSA-P256,classical,,sign,0.0348,0.0,0.0,0.0,91,138,0,71,512,0,0,0.0,0.5219,nan,edge/x86_64,,3.12.3,2026-10-09T18:44:58Z
152,ECDSA-P256,classical,,verify,0.0702,0.0,0.0,0.0,91,138,0,71,512,0,0,0.0,1.0532,nan,edge/x86_64,,3.12.3,2026-10-09T18:44:58Z
153,ECDSA-P256,classical,,keygen,0.0174,0.0,0.0,0.0,91,138,0,0,0,0,0,0.0,0.261,nan,edge/x86_64,,3.12.3,2026-10-09T18:44:58Z
153,ECDSA-P256,classical,,sign,0.0521,0.0,0.0,0.0,91,138,0,71,512,0,0,0.0,0.7809,nan,edge/x86_64,,3.12.3,2026-10-09T18:44:58Z
153,ECDSA-P256,classical,,verify,0.0728,0.0,0.0,0.0,91,138,0,71,512,0,0,0.0,1.0914,nan,edge/x86_64,,3.12.3,2026-10-09T18:44:58Z
154,ECDSA-P256,classical,,keygen,0.0176,0.0,0.0,0.0,91,138,0,0,0,0,0,0.0,0.2637,nan,edge/x86_64,,3.12.3,2026-10-09T18:44:58Z
154,ECDSA-P256,classical,,sign,0.0347,0.0,0.0,0.0,91,138,0,71,512,0,0,0.0,0.5207,nan,edge/x86_64,,3.12.3,2026-10-09T18:44:58Z
154,ECDSA-P256,classical,,verify,0.07,0.0,0.0,0.0,91,138,0,71,512,0,0,0.0,1.0493,nan,edge/x86_64,,3.12.3,2026-10-09T18:44:58Z
155,ECDSA-P256,classical,,keygen,0.017,0.0,0.0,0.0,91,138,0,0,0,0,0,0.0,0.2544,nan,edge/x86_64,,3.12.3,2026-10-09T18:44:58Z
155,ECDSA-P256,classical,,sign,0.0347,0.0,0.0,0.0,91,138,0,70,512,0,0,0.0,0.5198,nan,edge/x86_64,,3.12.3,2026-10-09T18:44:58Z
155,ECDSA-P256,classical,,verify,0.0698,0.0,0.0,0.0,91,138,0,70,512,0,0,0.0,1.0473,nan,edge/x86_64,,3.12.3,2026-10-09T18:44:58Z
156,ECDSA-P256,classical,,keygen,0.0173,0.0,0.0,0.0,91,138,0,0,0,0,0,0.0,0.26,nan,edge/x86_64,,3.12.3,2026-10-09T18:44:58Z
156,ECDSA-P256,classical,,sign,0.0348,0.0,0.0,0.0,91,138,0,71,512,0,0,0.0,0.5219,nan,edge/x86_64,,3.12.3,2026-10-09T18:44:58Z
156,ECDSA-P256,classical,,verify,0.07,0.0,0.0,0.0,91,138,0,71,512,0,0,0.0,1.0494,nan,edge/x86_64,,3.12.3,2026-10-09T18:44:58Z
157,ECDSA-P256,classical,,keygen,0.0167,0.0,0.0,0.0,91,138,0,0,0,0,0,0.0,0.2504,nan,edge/x86_64,,3.12.3,2026-10-09T18:44:58Z
157,ECDSA-P256,classical,,sign,0.0343,0.0,0.0,0.0,91,138,0,71,512,0,0,0.0,0.5144,nan,edge/x86_64,,3.12.3,2026-10-09T18:44:58Z
157,ECDSA-P256,classical,,verify,0.0699,0.0,0.0,0.0,91,138,0,71,512,0,0,0.0,1.0487,nan,edge/x86_64,,3.12.3,2026-10-09T18:44:58Z
158,ECDSA-P256,classical,,keygen,0.0168,0.0,0.0,0.0,91,138,0,0,0,0,0,0.0,0.252,nan,edge/x86_64,,3.12.3,2026-10-09T18:44:58Z
158,ECDSA-P256,classical,,sign,0.0619,0.0,0.0,0.0,91,138,0,71,512,0,0,0.0,0.9285,nan,edge/x86_64,,3.12.3,2026-10-09T18:44:58Z
158,ECDSA-P256,classical,,verify,0.0773,0.0,0.0,0.0,91,138,0,71,512,0,0,0.0,1.1589,nan,edge/x86_64,,3.12.3,2026-10-09T18:44:58Z
159,ECDSA-P256,classical,,keygen,0.021,0.0,0.0,0.0,91,138,0,0,0,0,0,0.0,0.3148,nan,edge/x86_64,,3.12.3,2026-10-09T18:44:58Z
159,ECDSA-P256,classical,,sign,0.046,0.0,0.0,0.0,91,138,0,71,512,0,0,0.0,0.6896,nan,edge/x86_64,,3.12.3,2026-10-09T18:44:58Z
159,ECDSA-P256,classical,,verify,0.1015,0.0,0.0,0.0,91,138,0,71,512,0,0,0.0,1.5224,nan,edge/x86_64,,3.12.3,2026-10-09T18:44:58Z
160,ECDSA-P256,classical,,keygen,0.0188,0.0,0.0,0.0,91,138,0,0,0,0,0,0.0,0.2821,nan,edge/x86_64,,3.12.3,2026-10-09T18:44:58Z
160,ECDSA-P256,classical,,sign,0.036,0.0,0.0,0.0,91,138,0,71,512,0,0,0.0,0.5402,nan,edge/x86_64,,3.12.3,2026-10-09T18:44:58Z
160,ECDSA-P256,classical,,verify,0.0706,0.0,0.0,0.0,91,138,0,71,512,0,0,0.0,1.0594,nan,edge/x86_64,,3.12.3,2026-10-09T18:44:58Z
161,ECDSA-P256,classical,,keygen,0.0169,0.0,0.0,0.0,91,138,0,0,0,0,0,0.0,0.2534,nan,edge/x86_64,,3.12.3,2026-10-09T18:44:58Z
161,ECDSA-P256,classical,,sign,0.0349,0.0,0.0,0.0,91,138,0,71,512,0,0,0.0,0.5239,nan,edge/x86_64,,3.12.3,2026-10-09T18:44:58Z
161,ECDSA-P256,classical,,verify,0.07,0.0,0.0,0.0,91,138,0,71,512,0,0,0.0,1.0498,nan,edge/x86_64,,3.12.3,2026-10-09T18:44:58Z
162,ECDSA-P256,classical,,keygen,0.0168,0.0,0.0,0.0,91,138,0,0,0,0,0,0.0,0.2524,nan,edge/x86_64,,3.12.3,2026-10-09T18:44:58Z
162,ECDSA-P256,classical,,sign,0.035,0.0,0.0,0.0,91,138,0,71,512,0,0,0.0,0.5249,nan,edge/x86_64,,3.12.3,2026-10-09T18:44:58Z
162,ECDSA-P256,classical,,verify,0.07,0.0,0.0,0.0,91,138,0,71,512,0,0,0.0,1.05,nan,edge/x86_64,,3.12.3,2026-10-09T18:44:58Z
163,ECDSA-P256,classical,,keygen,0.0169,0.0,0.0,0.0,91,138,0,0,0,0,0,0.0,0.2535,nan,edge/x86_64,,3.12.3,2026-10-09T18:44:58Z
163,ECDSA-P256,classical,,sign,0.0348,0.0,0.0,0.0,91,138,0,71,512,0,0,0.0,0.5216,nan,edge/x86_64,,3.12.3,2026-10-09T18:44:58Z
163,ECDSA-P256,classical,,verify,0.0699,0.0,0.0,0.0,91,138,0,71,512,0,0,0.0,1.0488,nan,edge/x86_64,,3.12.3,2026-10-09T18:44:58Z
164,ECDSA-P256,classical,,keygen,0.0175,0.0,0.0,0.0,91,138,0,0,0,0,0,0.0,0.2627,nan,edge/x86_64,,3.12.3,2026-10-09T18:44:58Z
164,ECDSA-P256,classical,,sign,0.0349,0.0,0.0,0.0,91,138,0,71,512,0,0,0.0,0.5232,nan,edge/x86_64,,3.12.3,2026-10-09T18:44:58Z
164,ECDSA-P256,classical,,verify,0.0983,0.0,0.0,0.0,91,138,0,71,512,0,0,0.0,1.4744,nan,edge/x86_64,,3.12.3,2026-10-09T18:44:58Z
165,ECDSA-P256,classical,,keygen,0.0334,0.0,0.0,0.0,91,138,0,0,0,0,0,0.0,0.5015,nan,edge/x86_64,,3.12.3,2026-10-09T18:44:58Z
165,ECDSA-P256,classical,,sign,0.0422,0.0,0.0,0.0,91,138,0,71,512,0,0,0.0,0.6324,nan,edge/x86_64,,3.12.3,2026-10-09T18:44:58Z
165,ECDSA-P256,classical,,verify,0.0736,0.0,0.0,0.0,91,138,0,71,512,0,0,0.0,1.1036,nan,edge/x86_64,,3.12.3,2026-10-09T18:44:58Z
166,ECDSA-P256,classical,,keygen,0.0178,0.0,0.0,0.0,91,138,0,0,0,0,0,0.0,0.267,nan,edge/x86_64,,3.12.3,2026-10-09T18:44:58Z
166,ECDSA-P256,classical,,sign,0.0356,0.0,0.0,0.0,91,138,0,72,512,0,0,0.0,0.534,nan,edge/x86_64,,3.12.3,2026-10-09T18:44:58Z
166,ECDSA-P256,classical,,verify,0.07,0.0,0.0,0.0,91,138,0,72,512,0,0,0.0,1.0505,nan,edge/x86_64,,3.12.3,2026-10-09T18:44:58Z
167,ECDSA-P256,classical,,keygen,0.018,0.0,0.0,0.0,91,138,0,0,0,0,0,0.0,0.2704,nan,edge/x86_64,,3.12.3,2026-10-09T18:44:58Z
167,ECDSA-P256,classical,,sign,0.0356,0.0,0.0,0.0,91,138,0,71,512,0,0,0.0,0.5339,nan,edge/x86_64,,3.12.3,2026-10-09T18:44:58Z
167,ECDSA-P256,classical,,verify,0.0698,0.0,0.0,0.0,91,138,0,71,512,0,0,0.0,1.0477,nan,edge/x86_64,,3.12.3,2026-10-09T18:44:58Z
168,ECDSA-P256,classical,,keygen,0.0168,0.0,0.0,0.0,91,138,0,0,0,0,0,0.0,0.2513,nan,edge/x86_64,,3.12.3,2026-10-09T18:44:58Z
168,ECDSA-P256,classical,,sign,0.0348,0.0,0.0,0.0,91,138,0,72,512,0,0,0.0,0.5219,nan,edge/x86_64,,3.12.3,2026-10-09T18:44:58Z
168,ECDSA-P256,classical,,verify,0.0704,0.0,0.0,0.0,91,138,0,72,512,0,0,0.0,1.0554,nan,edge/x86_64,,3.12.3,2026-10-09T18:44:58Z
169,ECDSA-P256,classical,,keygen,0.017,0.0,0.0,0.0,91,138,0,0,0,0,0,0.0,0.2545,nan,edge/x86_64,,3.12.3,2026-10-09T18:44:58Z
169,ECDSA-P256,classical,,sign,0.0377,0.0,0.0,0.0,91,138,0,71,512,0,0,0.0,0.5658,nan,edge/x86_64,,3.12.3,2026-10-09T18:44:58Z
169,ECDSA-P256,classical,,verify,0.0712,0.0,0.0,0.0,91,138,0,71,512,0,0,0.0,1.0674,nan,edge/x86_64,,3.12.3,2026-10-09T18:44:58Z
170,ECDSA-P256,classical,,keygen,0.0169,0.0,0.0,0.0,91,138,0,0,0,0,0,0.0,0.2531,nan,edge/x86_64,,3.12.3,2026-10-09T18:44:58Z
170,ECDSA-P256,classical,,sign,0.071,0.0,0.0,0.0,91,138,0,71,512,0,0,0.0,1.0655,nan,edge/x86_64,,3.12.3,2026-10-09T18:44:58Z
170,ECDSA-P256,classical,,verify,0.0735,0.0,0.0,0.0,91,138,0,71,512,0,0,0.0,1.1026,nan,edge/x86_64,,3.12.3,2026-10-09T18:44:58Z
171,ECDSA-P256,classical,,keygen,0.0187,0.0,0.0,0.0,91,138,0,0,0,0,0,0.0,0.2799,nan,edge/x86_64,,3.12.3,2026-10-09T18:44:58Z
171,ECDSA-P256,classical,,sign,0.0362,0.0,0.0,0.0,91,138,0,71,512,0,0,0.0,0.5437,nan,edge/x86_64,,3.12.3,2026-10-09T18:44:58Z
171,ECDSA-P256,classical,,verify,0.131,0.0,0.0,0.0,91,138,0,71,512,0,0,0.0,1.9656,nan,edge/x86_64,,3.12.3,2026-10-09T18:44:58Z
172,ECDSA-P256,classical,,keygen,0.0212,0.0,0.0,0.0,91,138,0,0,0,0,0,0.0,0.3174,nan,edge/x86_64,,3.12.3,2026-10-09T18:44:58Z
172,ECDSA-P256,classical,,sign,0.0389,0.0,0.0,0.0,91,138,0,71,512,0,0,0.0,0.5832,nan,edge/x86_64,,3.12.3,2026-10-09T18:44:58Z
172,ECDSA-P256,classical,,verify,0.0714,0.0,0.0,0.0,91,138,0,71,512,0,0,0.0,1.0716,nan,edge/x86_64,,3.12.3,2026-10-09T18:44:58Z
173,ECDSA-P256,classical,,keygen,0.0173,0.0,0.0,0.0,91,138,0,0,0,0,0,0.0,0.259,nan,edge/x86_64,,3.12.3,2026-10-09T18:44:58Z
173,ECDSA-P256,classical,,sign,0.0351,0.0,0.0,0.0,91,138,0,71,512,0,0,0.0,0.5272,nan,edge/x86_64,,3.12.3,2026-10-09T18:44:58Z
173,ECDSA-P256,classical,,verify,0.0698,0.0,0.0,0.0,91,138,0,71,512,0,0,0.0,1.0473,nan,edge/x86_64,,3.12.3,2026-10-09T18:44:58Z
174,ECDSA-P256,classical,,keygen,0.0168,0.0,0.0,0.0,91,138,0,0,0,0,0,0.0,0.2515,nan,edge/x86_64,,3.12.3,2026-10-09T18:44:58Z
174,ECDSA-P256,classical,,sign,0.0347,0.0,0.0,0.0,91,138,0,72,512,0,0,0.0,0.5212,nan,edge/x86_64,,3.12.3,2026-10-09T18:44:58Z
174,ECDSA-P256,classical,,verify,0.0699,0.0,0.0,0.0,91,138,0,72,512,0,0,0.0,1.0492,nan,edge/x86_64,,3.12.3,2026-10-09T18:44:58Z
175,ECDSA-P256,classical,,keygen,0.017,0.0,0.0,0.0,91,138,0,0,0,0,0,0.0,0.2543,nan,edge/x86_64,,3.12.3,2026-10-09T18:44:58Z
175,ECDSA-P256,classical,,sign,0.0347,0.0,0.0,0.0,91,138,0,72,512,0,0,0.0,0.5198,nan,edge/x86_64,,3.12.3,2026-10-09T18:44:58Z
175,ECDSA-P256,classical,,verify,0.0787,0.0,0.0,0.0,91,138,0,72,512,0,0,0.0,1.1809,nan,edge/x86_64,,3.12.3,2026-10-09T18:44:58Z
176,ECDSA-P256,classical,,keygen,0.0176,0.0,0.0,0.0,91,138,0,0,0,0,0,0.0,0.2635,nan,edge/x86_64,,3.12.3,2026-10-09T18:44:58Z
176,ECDSA-P256,classical,,sign,0.0352,0.0,0.0,0.0,91,138,0,72,512,0,0,0.0,0.5285,nan,edge/x86_64,,3.12.3,2026-10-09T18:44:58Z
176,ECDSA-P256,classical,,verify,0.0697,0.0,0.0,0.0,91,138,0,72,512,0,0,0.0,1.0458,nan,edge/x86_64,,3.12.3,2026-10-09T18:44:58Z
177,ECDSA-P256,classical,,keygen,0.0174,0.0,0.0,0.0,91,138,0,0,0,0,0,0.0,0.2605,nan,edge/x86_64,,3.12.3,2026-10-09T18:44:58Z
177,ECDSA-P256,classical,,sign,0.035,0.0,0.0,0.0,91,138,0,71,512,0,0,0.0,0.5244,nan,edge/x86_64,,3.12.3,2026-10-09T18:44:58Z
177,ECDSA-P256,classical,,verify,0.0837,0.0,0.0,0.0,91,138,0,71,512,0,0,0.0,1.2552,nan,edge/x86_64,,3.12.3,2026-10-09T18:44:58Z
178,ECDSA-P256,classical,,keygen,0.0181,0.0,0.0,0.0,91,138,0,0,0,0,0,0.0,0.2718,nan,edge/x86_64,,3.12.3,2026-10-09T18:44:58Z
178,ECDSA-P256,classical,,sign,0.0354,0.0,0.0,0.0,91,138,0,72,512,0,0,0.0,0.5315,nan,edge/x86_64,,3.12.3,2026-10-09T18:44:58Z
178,ECDSA-P256,classical,,verify,0.0706,0.0,0.0,0.0,91,138,0,72,512,0,0,0.0,1.0592,nan,edge/x86_64,,3.12.3,2026-10-09T18:44:58Z
179,ECDSA-P256,classical,,keygen,0.0166,0.0,0.0,0.0,91,138,0,0,0,0,0,0.0,0.2497,nan,edge/x86_64,,3.12.3,2026-10-09T18:44:58Z
179,ECDSA-P256,classical,,sign,0.0356,0.0,0.0,0.0,91,138,0,71,512,0,0,0.0,0.5341,nan,edge/x86_64,,3.12.3,2026-10-09T18:44:58Z
179,ECDSA-P256,classical,,verify,0.0705,0.0,0.0,0.0,91,138,0,71,512,0,0,0.0,1.057,nan,edge/x86_64,,3.12.3,2026-10-09T18:44:58Z
180,ECDSA-P256,classical,,keygen,0.017,0.0,0.0,0.0,91,138,0,0,0,0,0,0.0,0.2547,nan,edge/x86_64,,3.12.3,2026-10-09T18:44:58Z
180,ECDSA-P256,classical,,sign,0.0344,0.0,0.0,0.0,91,138,0,71,512,0,0,0.0,0.5158,nan,edge/x86_64,,3.12.3,2026-10-09T18:44:58Z
180,ECDSA-P256,classical,,verify,0.0698,0.0,0.0,0.0,91,138,0,71,512,0,0,0.0,1.0472,nan,edge/x86_64,,3.12.3,2026-10-09T18:44:58Z
181,ECDSA-P256,classical,,keygen,0.0166,0.0,0.0,0.0,91,138,0,0,0,0,0,0.0,0.2494,nan,edge/x86_64,,3.12.3,2026-10-09T18:44:58Z
181,ECDSA-P256,classical,,sign,0.0425,0.0,0.0,0.0,91,138,0,71,512,0,0,0.0,0.6379,nan,edge/x86_64,,3.12.3,2026-10-09T18:44:58Z
181,ECDSA-P256,classical,,verify,0.0707,0.0,0.0,0.0,91,138,0,71,512,0,0,0.0,1.0611,nan,edge/x86_64,,3.12.3,2026-10-09T18:44:58Z
182,ECDSA-P256,classical,,keygen,0.017,0.0,0.0,0.0,91,138,0,0,0,0,0,0.0,0.2552,nan,edge/x86_64,,3.12.3,2026-10-09T18:44:58Z
182,ECDSA-P256,classical,,sign,0.0345,0.0,0.0,0.0,91,138,0,70,512,0,0,0.0,0.5169,nan,edge/x86_64,,3.12.3,2026-10-09T18:44:58Z
182,ECDSA-P256,classical,,verify,0.0972,0.0,0.0,0.0,91,138,0,70,512,0,0,0.0,1.4574,nan,edge/x86_64,,3.12.3,2026-10-09T18:44:58Z
183,ECDSA-P256,classical,,keygen,0.0211,0.0,0.0,0.0,91,138,0,0,0,0,0,0.0,0.3165,nan,edge/x86_64,,3.12.3,2026-10-09T18:44:58Z
183,ECDSA-P256,classical,,sign,0.0378,0.0,0.0,0.0,91,138,0,71,512,0,0,0.0,0.5673,nan,edge/x86_64,,3.12.3,2026-10-09T18:44:58Z
183,ECDSA-P256,classical,,verify,0.0868,0.0,0.0,0.0,91,138,0,71,512,0,0,0.0,1.3018,nan,edge/x86_64,,3.12.3,2026-10-09T18:44:58Z
184,ECDSA-P256,classical,,keygen,0.0183,0.0,0.0,0.0,91,138,0,0,0,0,0,0.0,0.2749,nan,edge/x86_64,,3.12.3,2026-10-09T18:44:58Z
184,ECDSA-P256,classical,,sign,0.036,0.0,0.0,0.0,91,138,0,71,512,0,0,0.0,0.5396,nan,edge/x86_64,,3.12.3,2026-10-09T18:44:58Z
184,ECDSA-P256,classical,,verify,0.0704,0.0,0.0,0.0,91,138,0,71,512,0,0,0.0,1.0564,nan,edge/x86_64,,3.12.3,2026-10-09T18:44:58Z
185,ECDSA-P256,classical,,keygen,0.017,0.0,0.0,0.0,91,138,0,0,0,0,0,0.0,0.255,nan,edge/x86_64,,3.12.3,2026-10-09T18:44:58Z
185,ECDSA-P256,classical,,sign,0.0348,0.0,0.0,0.0,91,138,0,70,512,0,0,0.0,0.5227,nan,edge/x86_64,,3.12.3,2026-10-09T18:44:58Z
185,ECDSA-P256,classical,,verify,0.0698,0.0,0.0,0.0,91,138,0,70,512,0,0,0.0,1.0465,nan,edge/x86_64,,3.12.3,2026-10-09T18:44:58Z
186,ECDSA-P256,classical,,keygen,0.0169,0.0,0.0,0.0,91,138,0,0,0,0,0,0.0,0.2531,nan,edge/x86_64,,3.12.3,2026-10-09T18:44:58Z
186,ECDSA-P256,classical,,sign,0.0346,0.0,0.0,0.0,91,138,0,71,512,0,0,0.0,0.5183,nan,edge/x86_64,,3.12.3,2026-10-09T18:44:58Z
186,ECDSA-P256,classical,,verify,0.0698,0.0,0.0,0.0,91,138,0,71,512,0,0,0.0,1.0464,nan,edge/x86_64,,3.12.3,2026-10-09T18:44:58Z
187,ECDSA-P256,classical,,keygen,0.0167,0.0,0.0,0.0,91,138,0,0,0,0,0,0.0,0.2502,nan,edge/x86_64,,3.12.3,2026-10-09T18:44:58Z
187,ECDSA-P256,classical,,sign,0.0344,0.0,0.0,0.0,91,138,0,70,512,0,0,0.0,0.5167,nan,edge/x86_64,,3.12.3,2026-10-09T18:44:58Z
187,ECDSA-P256,classical,,verify,0.0697,0.0,0.0,0.0,91,138,0,70,512,0,0,0.0,1.0456,nan,edge/x86_64,,3.12.3,2026-10-09T18:44:58Z
188,ECDSA-P256,classical,,keygen,0.0167,0.0,0.0,0.0,91,138,0,0,0,0,0,0.0,0.251,nan,edge/x86_64,,3.12.3,2026-10-09T18:44:58Z
188,ECDSA-P256,classical,,sign,0.0349,0.0,0.0,0.0,91,138,0,72,512,0,0,0.0,0.5236,nan,edge/x86_64,,3.12.3,2026-10-09T18:44:58Z
188,ECDSA-P256,classical,,verify,0.0704,0.0,0.0,0.0,91,138,0,72,512,0,0,0.0,1.0561,nan,edge/x86_64,,3.12.3,2026-10-09T18:44:58Z
189,ECDSA-P256,classical,,keygen,0.0178,0.0,0.0,0.0,91,138,0,0,0,0,0,0.0,0.267,nan,edge/x86_64,,3.12.3,2026-10-09T18:44:58Z
189,ECDSA-P256,classical,,sign,0.0367,0.0,0.0,0.0,91,138,0,70,512,0,0,0.0,0.5499,nan,edge/x86_64,,3.12.3,2026-10-09T18:44:58Z
189,ECDSA-P256,classical,,verify,0.0705,0.0,0.0,0.0,91,138,0,70,512,0,0,0.0,1.0569,nan,edge/x86_64,,3.12.3,2026-10-09T18:44:58Z
190,ECDSA-P256,classical,,keygen,0.0169,0.0,0.0,0.0,91,138,0,0,0,0,0,0.0,0.2532,nan,edge/x86_64,,3.12.3,2026-10-09T18:44:58Z
190,ECDSA-P256,classical,,sign,0.0477,0.0,0.0,0.0,91,138,0,70,512,0,0,0.0,0.7149,nan,edge/x86_64,,3.12.3,2026-10-09T18:44:58Z
190,ECDSA-P256,classical,,verify,0.0716,0.0,0.0,0.0,91,138,0,70,512,0,0,0.0,1.0747,nan,edge/x86_64,,3.12.3,2026-10-09T18:44:58Z
191,ECDSA-P256,classical,,keygen,0.0172,0.0,0.0,0.0,91,138,0,0,0,0,0,0.0,0.2578,nan,edge/x86_64,,3.12.3,2026-10-09T18:44:58Z
191,ECDSA-P256,classical,,sign,0.0348,0.0,0.0,0.0,91,138,0,70,512,0,0,0.0,0.522,nan,edge/x86_64,,3.12.3,2026-10-09T18:44:58Z
191,ECDSA-P256,classical,,verify,0.0697,0.0,0.0,0.0,91,138,0,70,512,0,0,0.0,1.0457,nan,edge/x86_64,,3.12.3,2026-10-09T18:44:58Z
192,ECDSA-P256,classical,,keygen,0.0166,0.0,0.0,0.0,91,138,0,0,0,0,0,0.0,0.2483,nan,edge/x86_64,,3.12.3,2026-10-09T18:44:58Z
192,ECDSA-P256,classical,,sign,0.0347,0.0,0.0,0.0,91,138,0,71,512,0,0,0.0,0.5199,nan,edge/x86_64,,3.12.3,2026-10-09T18:44:58Z
192,ECDSA-P256,classical,,verify,0.0699,0.0,0.0,0.0,91,138,0,71,512,0,0,0.0,1.0482,nan,edge/x86_64,,3.12.3,2026-10-09T18:44:58Z
193,ECDSA-P256,classical,,keygen,0.0167,0.0,0.0,0.0,91,138,0,0,0,0,0,0.0,0.2509,nan,edge/x86_64,,3.12.3,2026-10-09T18:44:58Z
193,ECDSA-P256,classical,,sign,0.0345,0.0,0.0,0.0,91,138,0,70,512,0,0,0.0,0.5175,nan,edge/x86_64,,3.12.3,2026-10-09T18:44:58Z
193,ECDSA-P256,classical,,verify,0.0696,0.0,0.0,0.0,91,138,0,70,512,0,0,0.0,1.0435,nan,edge/x86_64,,3.12.3,2026-10-09T18:44:58Z
194,ECDSA-P256,classical,,keygen,0.0165,0.0,0.0,0.0,91,138,0,0,0,0,0,0.0,0.2469,nan,edge/x86_64,,3.12.3,2026-10-09T18:44:58Z
194,ECDSA-P256,classical,,sign,0.0346,0.0,0.0,0.0,91,138,0,71,512,0,0,0.0,0.5188,nan,edge/x86_64,,3.12.3,2026-10-09T18:44:58Z
194,ECDSA-P256,classical,,verify,0.0697,0.0,0.0,0.0,91,138,0,71,512,0,0,0.0,1.0451,nan,edge/x86_64,,3.12.3,2026-10-09T18:44:58Z
195,ECDSA-P256,classical,,keygen,0.0172,0.0,0.0,0.0,91,138,0,0,0,0,0,0.0,0.2585,nan,edge/x86_64,,3.12.3,2026-10-09T18:44:58Z
195,ECDSA-P256,classical,,sign,0.0348,0.0,0.0,0.0,91,138,0,72,512,0,0,0.0,0.5224,nan,edge/x86_64,,3.12.3,2026-10-09T18:44:58Z
195,ECDSA-P256,classical,,verify,0.096,0.0,0.0,0.0,91,138,0,72,512,0,0,0.0,1.4401,nan,edge/x86_64,,3.12.3,2026-10-09T18:44:58Z
196,ECDSA-P256,classical,,keygen,0.0223,0.0,0.0,0.0,91,138,0,0,0,0,0,0.0,0.334,nan,edge/x86_64,,3.12.3,2026-10-09T18:44:58Z
196,ECDSA-P256,classical,,sign,0.0372,0.0,0.0,0.0,91,138,0,72,512,0,0,0.0,0.5579,nan,edge/x86_64,,3.12.3,2026-10-09T18:44:58Z
196,ECDSA-P256,classical,,verify,0.2164,0.0,0.0,0.0,91,138,0,72,512,0,0,0.0,3.2456,nan,edge/x86_64,,3.12.3,2026-10-09T18:44:58Z
197,ECDSA-P256,classical,,keygen,0.0463,0.0,0.0,0.0,91,138,0,0,0,0,0,0.0,0.6942,nan,edge/x86_64,,3.12.3,2026-10-09T18:44:58Z
197,ECDSA-P256,classical,,sign,0.051,0.0,0.0,0.0,91,138,0,72,512,0,0,0.0,0.7645,nan,edge/x86_64,,3.12.3,2026-10-09T18:44:58Z
197,ECDSA-P256,classical,,verify,0.0938,0.0,0.0,0.0,91,138,0,72,512,0,0,0.0,1.4065,nan,edge/x86_64,,3.12.3,2026-10-09T18:44:58Z
198,ECDSA-P256,classical,,keygen,0.0262,0.0,0.0,0.0,91,138,0,0,0,0,0,0.0,0.3931,nan,edge/x86_64,,3.12.3,2026-10-09T18:44:58Z
198,ECDSA-P256,classical,,sign,0.0731,0.0,0.0,0.0,91,138,0,71,512,0,0,0.0,1.0969,nan,edge/x86_64,,3.12.3,2026-10-09T18:44:58Z
198,ECDSA-P256,classical,,verify,0.146,0.0,0.0,0.0,91,138,0,71,512,0,0,0.0,2.1902,nan,edge/x86_64,,3.12.3,2026-10-09T18:44:58Z
199,ECDSA-P256,classical,,keygen,0.0306,0.0,0.0,0.0,91,138,0,0,0,0,0,0.0,0.4593,nan,edge/x86_64,,3.12.3,2026-10-09T18:44:58Z
199,ECDSA-P256,classical,,sign,0.0515,0.0,0.0,0.0,91,138,0,71,512,0,0,0.0,0.7722,nan,edge/x86_64,,3.12.3,2026-10-09T18:44:58Z
199,ECDSA-P256,classical,,verify,0.0792,0.0,0.0,0.0,91,138,0,71,512,0,0,0.0,1.1875,nan,edge/x86_64,,3.12.3,2026-10-09T18:44:58Z
0,ML-KEM-768+ML-DSA-65,post-quantum,3,wrap_flow,0.6222,0.0,0.0,0.0,0,0,1088,3309,256,4735,4479,1749.61,9.3325,nan,edge/x86_64,unknown,3.12.3,2026-10-09T18:44:58Z
1,ML-KEM-768+ML-DSA-65,post-quantum,3,wrap_flow,0.2613,0.0,0.0,0.0,0,0,1088,3309,256,4735,4479,1749.61,3.9197,nan,edge/x86_64,unknown,3.12.3,2026-10-09T18:44:58Z
2,ML-KEM-768+ML-DSA-65,post-quantum,3,wrap_flow,0.1917,0.0,0.0,0.0,0,0,1088,3309,256,4735,4479,1749.61,2.8751,nan,edge/x86_64,unknown,3.12.3,2026-10-09T18:44:58Z
3,ML-KEM-768+ML-DSA-65,post-quantum,3,wrap_flow,0.1443,0.0,0.0,0.0,0,0,1088,3309,256,4735,4479,1749.61,2.1638,nan,edge/x86_64,unknown,3.12.3,2026-10-09T18:44:58Z
4,ML-KEM-768+ML-DSA-65,post-quantum,3,wrap_flow,0.1789,0.0,0.0,0.0,0,0,1088,3309,256,4735,4479,1749.61,2.6833,nan,edge/x86_64,unknown,3.12.3,2026-10-09T18:44:58Z
5,ML-KEM-768+ML-DSA-65,post-quantum,3,wrap_flow,0.2068,0.0,0.0,0.0,0,0,1088,3309,256,4735,4479,1749.61,3.1022,nan,edge/x86_64,unknown,3.12.3,2026-10-09T18:44:58Z
6,ML-KEM-768+ML-DSA-65,post-quantum,3,wrap_flow,0.256,0.0,0.0,0.0,0,0,1088,3309,256,4735,4479,1749.61,3.8398,nan,edge/x86_64,unknown,3.12.3,2026-10-09T18:44:58Z
7,ML-KEM-768+ML-DSA-65,post-quantum,3,wrap_flow,0.1709,0.0,0.0,0.0,0,0,1088,3309,256,4735,4479,1749.61,2.564,nan,edge/x86_64,unknown,3.12.3,2026-10-09T18:44:58Z
8,ML-KEM-768+ML-DSA-65,post-quantum,3,wrap_flow,0.2283,0.0,0.0,0.0,0,0,1088,3309,256,4735,4479,1749.61,3.4239,nan,edge/x86_64,unknown,3.12.3,2026-10-09T18:44:58Z
9,ML-KEM-768+ML-DSA-65,post-quantum,3,wrap_flow,0.1824,0.0,0.0,0.0,0,0,1088,3309,256,4735,4479,1749.61,2.7358,nan,edge/x86_64,unknown,3.12.3,2026-10-09T18:44:58Z
10,ML-KEM-768+ML-DSA-65,post-quantum,3,wrap_flow,0.1536,0.0,0.0,0.0,0,0,1088,3309,256,4735,4479,1749.61,2.3041,nan,edge/x86_64,unknown,3.12.3,2026-10-09T18:44:58Z
11,ML-KEM-768+ML-DSA-65,post-quantum,3,wrap_flow,0.1137,0.0,0.0,0.0,0,0,1088,3309,256,4735,4479,1749.61,1.705,nan,edge/x86_64,unknown,3.12.3,2026-10-09T18:44:58Z
12,ML-KEM-768+ML-DSA-65,post-quantum,3,wrap_flow,0.1437,0.0,0.0,0.0,0,0,1088,3309,256,4735,4479,1749.61,2.1549,nan,edge/x86_64,unknown,3.12.3,2026-10-09T18:44:58Z
13,ML-KEM-768+ML-DSA-65,post-quantum,3,wrap_flow,0.1979,0.0,0.0,0.0,0,0,1088,3309,256,4735,4479,1749.61,2.9688,nan,edge/x86_64,unknown,3.12.3,2026-10-09T18:44:58Z
14,ML-KEM-768+ML-DSA-65,post-quantum,3,wrap_flow,0.1853,0.0,0.0,0.0,0,0,1088,3309,256,4735,4479,1749.61,2.7791,nan,edge/x86_64,unknown,3.12.3,2026-10-09T18:44:58Z
15,ML-KEM-768+ML-DSA-65,post-quantum,3,wrap_flow,0.1478,0.0,0.0,0.0,0,0,1088,3309,256,4735,4479,1749.61,2.2167,nan,edge/x86_64,unknown,3.12.3,2026-10-09T18:44:58Z
16,ML-KEM-768+ML-DSA-65,post-quantum,3,wrap_flow,0.1146,0.0,0.0,0.0,0,0,1088,3309,256,4735,4479,1749.61,1.7193,nan,edge/x86_64,unknown,3.12.3,2026-10-09T18:44:58Z
17,ML-KEM-768+ML-DSA-65,post-quantum,3,wrap_flow,0.1587,0.0,0.0,0.0,0,0,1088,3309,256,4735,4479,1749.61,2.3808,nan,edge/x86_64,unknown,3.12.3,2026-10-09T18:44:58Z
18,ML-KEM-768+ML-DSA-65,post-quantum,3,wrap_flow,0.1491,0.0,0.0,0.0,0,0,1088,3309,256,4735,4479,1749.61,2.2367,nan,edge/x86_64,unknown,3.12.3,2026-10-09T18:44:58Z
19,ML-KEM-768+ML-DSA-65,post-quantum,3,wrap_flow,0.1453,0.0,0.0,0.0,0,0,1088,3309,256,4735,4479,1749.61,2.1794,nan,edge/x86_64,unknown,3.12.3,2026-10-09T18:44:58Z
20,ML-KEM-768+ML-DSA-65,post-quantum,3,wrap_flow,0.1259,0.0,0.0,0.0,0,0,1088,3309,256,4735,4479,1749.61,1.8891,nan,edge/x86_64,unknown,3.12.3,2026-10-09T18:44:58Z
21,ML-KEM-768+ML-DSA-65,post-quantum,3,wrap_flow,0.2709,0.0,0.0,0.0,0,0,1088,3309,256,4735,4479,1749.61,4.0637,nan,edge/x86_64,unknown,3.12.3,2026-10-09T18:44:58Z
22,ML-KEM-768+ML-DSA-65,post-quantum,3,wrap_flow,0.1678,0.0,0.0,0.0,0,0,1088,3309,256,4735,4479,1749.61,2.5164,nan,edge/x86_64,unknown,3.12.3,2026-10-09T18:44:58Z
23,ML-KEM-768+ML-DSA-65,post-quantum,3,wrap_flow,0.154,0.0,0.0,0.0,0,0,1088,3309,256,4735,4479,1749.61,2.3106,nan,edge/x86_64,unknown,3.12.3,2026-10-09T18:44:58Z
24,ML-KEM-768+ML-DSA-65,post-quantum,3,wrap_flow,0.1946,0.0,0.0,0.0,0,0,1088,3309,256,4735,4479,1749.61,2.9185,nan,edge/x86_64,unknown,3.12.3,2026-10-09T18:44:58Z
25,ML-KEM-768+ML-DSA-65,post-quantum,3,wrap_flow,0.2352,0.0,0.0,0.0,0,0,1088,3309,256,4735,4479,1749.61,3.5286,nan,edge/x86_64,unknown,3.12.3,2026-10-09T18:44:58Z
26,ML-KEM-768+ML-DSA-65,post-quantum,3,wrap_flow,0.2898,0.0,0.0,0.0,0,0,1088,3309,256,4735,4479,1749.61,4.3469,nan,edge/x86_64,unknown,3.12.3,2026-10-09T18:44:58Z
27,ML-KEM-768+ML-DSA-65,post-quantum,3,wrap_flow,0.2478,0.0,0.0,0.0,0,0,1088,3309,256,4735,4479,1749.61,3.717,nan,edge/x86_64,unknown,3.12.3,2026-10-09T18:44:58Z
28,ML-KEM-768+ML-DSA-65,post-quantum,3,wrap_flow,0.2915,0.0,0.0,0.0,0,0,1088,3309,256,4735,4479,1749.61,4.3722,nan,edge/x86_64,unknown,3.12.3,2026-10-09T18:44:58Z
29,ML-KEM-768+ML-DSA-65,post-quantum,3,wrap_flow,0.3145,0.0,0.0,0.0,0,0,1088,3309,256,4735,4479,1749.61,4.7172,nan,edge/x86_64,unknown,3.12.3,2026-10-09T18:44:58Z
30,ML-KEM-768+ML-DSA-65,post-quantum,3,wrap_flow,0.1643,0.0,0.0,0.0,0,0,1088,3309,256,4735,4479,1749.61,2.4647,nan,edge/x86_64,unknown,3.12.3,2026-10-09T18:44:58Z
31,ML-KEM-768+ML-DSA-65,post-quantum,3,wrap_flow,0.1172,0.0,0.0,0.0,0,0,1088,3309,256,4735,4479,1749.61,1.7585,nan,edge/x86_64,unknown,3.12.3,2026-10-09T18:44:58Z
32,ML-KEM-768+ML-DSA-65,post-quantum,3,wrap_flow,0.1168,0.0,0.0,0.0,0,0,1088,3309,256,4735,4479,1749.61,1.7526,nan,edge/x86_64,unknown,3.12.3,2026-10-09T18:44:58Z
33,ML-KEM-768+ML-DSA-65,post-quantum,3,wrap_flow,0.1722,0.0,0.0,0.0,0,0,1088,3309,256,4735,4479,1749.61,2.5834,nan,edge/x86_64,unknown,3.12.3,2026-10-09T18:44:58Z
34,ML-KEM-768+ML-DSA-65,post-quantum,3,wrap_flow,0.1479,0.0,0.0,0.0,0,0,1088,3309,256,4735,4479,1749.61,2.2184,nan,edge/x86_64,unknown,3.12.3,2026-10-09T18:44:58Z
35,ML-KEM-768+ML-DSA-65,post-quantum,3,wrap_flow,0.1994,0.0,0.0,0.0,0,0,1088,3309,256,4735,4479,1749.61,2.9915,nan,edge/x86_64,unknown,3.12.3,2026-10-09T18:44:58Z
36,ML-KEM-768+ML-DSA-65,post-quantum,3,wrap_flow,0.1293,0.0,0.0,0.0,0,0,1088,3309,256,4735,4479,1749.61,1.9402,nan,edge/x86_64,unknown,3.12.3,2026-10-09T18:44:58Z
37,ML-KEM-768+ML-DSA-65,post-quantum,3,wrap_flow,0.2014,0.0,0.0,0.0,0,0,1088,3309,256,4735,4479,1749.61,3.0215,nan,edge/x86_64,unknown,3.12.3,2026-10-09T18:44:58Z
38,ML-KEM-768+ML-DSA-65,post-quantum,3,wrap_flow,0.113,0.0,0.0,0.0,0,0,1088,3309,256,4735,4479,1749.61,1.6944,nan,edge/x86_64,unknown,3.12.3,2026-10-09T18:44:58Z
39,ML-KEM-768+ML-DSA-65,post-quantum,3,wrap_flow,0.1295,0.0,0.0,0.0,0,0,1088,3309,256,4735,4479,1749.61,1.9428,nan,edge/x86_64,unknown,3.12.3,2026-10-09T18:44:58Z
40,ML-KEM-768+ML-DSA-65,post-quantum,3,wrap_flow,0.1862,0.0,0.0,0.0,0,0,1088,3309,256,4735,4479,1749.61,2.7936,nan,edge/x86_64,unknown,3.12.3,2026-10-09T18:44:58Z
41,ML-KEM-768+ML-DSA-65,post-quantum,3,wrap_flow,0.2232,0.0,0.0,0.0,0,0,1088,3309,256,4735,4479,1749.61,3.3477,nan,edge/x86_64,unknown,3.12.3,2026-10-09T18:44:58Z
42,ML-KEM-768+ML-DSA-65,post-quantum,3,wrap_flow,0.2041,0.0,0.0,0.0,0,0,1088,3309,256,4735,4479,1749.61,3.0615,nan,edge/x86_64,unknown,3.12.3,2026-10-09T18:44:58Z
43,ML-KEM-768+ML-DSA-65,post-quantum,3,wrap_flow,0.1941,0.0,0.0,0.0,0,0,1088,3309,256,4735,4479,1749.61,2.9117,nan,edge/x86_64,unknown,3.12.3,2026-10-09T18:44:58Z
44,ML-KEM-768+ML-DSA-65,post-quantum,3,wrap_flow,0.1139,0.0,0.0,0.0,0,0,1088,3309,256,4735,4479,1749.61,1.709,nan,edge/x86_64,unknown,3.12.3,2026-10-09T18:44:58Z
45,ML-KEM-768+ML-DSA-65,post-quantum,3,wrap_flow,0.1388,0.0,0.0,0.0,0,0,1088,3309,256,4735,4479,1749.61,2.0826,nan,edge/x86_64,unknown,3.12.3,2026-10-09T18:44:58Z
46,ML-KEM-768+ML-DSA-65,post-quantum,3,wrap_flow,0.126,0.0,0.0,0.0,0,0,1088,3309,256,4735,4479,1749.61,1.8899,nan,edge/x86_64,unknown,3.12.3,2026-10-09T18:44:58Z
47,ML-KEM-768+ML-DSA-65,post-quantum,3,wrap_flow,0.2317,0.0,0.0,0.0,0,0,1088,3309,256,4735,4479,1749.61,3.4754,nan,edge/x86_64,unknown,3.12.3,2026-10-09T18:44:58Z
48,ML-KEM-768+ML-DSA-65,post-quantum,3,wrap_flow,0.2174,0.0,0.0,0.0,0,0,1088,3309,256,4735,4479,1749.61,3.2614,nan,edge/x86_64,unknown,3.12.3,2026-10-09T18:44:58Z
49,ML-KEM-768+ML-DSA-65,post-quantum,3,wrap_flow,0.1558,0.0,0.0,0.0,0,0,1088,3309,256,4735,4479,1749.61,2.337,nan,edge/x86_64,unknown,3.12.3,2026-10-09T18:44:58Z
50,ML-KEM-768+ML-DSA-65,post-quantum,3,wrap_flow,0.3783,0.0,0.0,0.0,0,0,1088,3309,256,4735,4479,1749.61,5.6741,nan,edge/x86_64,unknown,3.12.3,2026-10-09T18:44:58Z
51,ML-KEM-768+ML-DSA-65,post-quantum,3,wrap_flow,0.1668,0.0,0.0,0.0,0,0,1088,3309,256,4735,4479,1749.61,2.5017,nan,edge/x86_64,unknown,3.12.3,2026-10-09T18:44:58Z
52,ML-KEM-768+ML-DSA-65,post-quantum,3,wrap_flow,0.1235,0.0,0.0,0.0,0,0,1088,3309,256,4735,4479,1749.61,1.8529,nan,edge/x86_64,unknown,3.12.3,2026-10-09T18:44:58Z
53,ML-KEM-768+ML-DSA-65,post-quantum,3,wrap_flow,0.1734,0.0,0.0,0.0,0,0,1088,3309,256,4735,4479,1749.61,2.6015,nan,edge/x86_64,unknown,3.12.3,2026-10-09T18:44:58Z
54,ML-KEM-768+ML-DSA-65,post-quantum,3,wrap_flow,0.1127,0.0,0.0,0.0,0,0,1088,3309,256,4735,4479,1749.61,1.691,nan,edge/x86_64,unknown,3.12.3,2026-10-09T18:44:58Z
55,ML-KEM-768+ML-DSA-65,post-quantum,3,wrap_flow,0.1876,0.0,0.0,0.0,0,0,1088,3309,256,4735,4479,1749.61,2.8133,nan,edge/x86_64,unknown,3.12.3,2026-10-09T18:44:58Z
56,ML-KEM-768+ML-DSA-65,post-quantum,3,wrap_flow,0.1475,0.0,0.0,0.0,0,0,1088,3309,256,4735,4479,1749.61,2.2128,nan,edge/x86_64,unknown,3.12.3,2026-10-09T18:44:58Z
57,ML-KEM-768+ML-DSA-65,post-quantum,3,wrap_flow,0.1613,0.0,0.0,0.0,0,0,1088,3309,256,4735,4479,1749.61,2.4195,nan,edge/x86_64,unknown,3.12.3,2026-10-09T18:44:58Z
58,ML-KEM-768+ML-DSA-65,post-quantum,3,wrap_flow,0.2583,0.0,0.0,0.0,0,0,1088,3309,256,4735,4479,1749.61,3.8746,nan,edge/x86_64,unknown,3.12.3,2026-10-09T18:44:58Z
59,ML-KEM-768+ML-DSA-65,post-quantum,3,wrap_flow,0.1609,0.0,0.0,0.0,0,0,1088,3309,256,4735,4479,1749.61,2.4128,nan,edge/x86_64,unknown,3.12.3,2026-10-09T18:44:58Z
60,ML-KEM-768+ML-DSA-65,post-quantum,3,wrap_flow,0.14,0.0,0.0,0.0,0,0,1088,3309,256,4735,4479,1749.61,2.1002,nan,edge/x86_64,unknown,3.12.3,2026-10-09T18:44:58Z
61,ML-KEM-768+ML-DSA-65,post-quantum,3,wrap_flow,0.1788,0.0,0.0,0.0,0,0,1088,3309,256,4735,4479,1749.61,2.6815,nan,edge/x86_64,unknown,3.12.3,2026-10-09T18:44:58Z
62,ML-KEM-768+ML-DSA-65,post-quantum,3,wrap_flow,0.1771,0.0,0.0,0.0,0,0,1088,3309,256,4735,4479,1749.61,2.6558,nan,edge/x86_64,unknown,3.12.3,2026-10-09T18:44:58Z
63,ML-KEM-768+ML-DSA-65,post-quantum,3,wrap_flow,0.115,0.0,0.0,0.0,0,0,1088,3309,256,4735,4479,1749.61,1.7245,nan,edge/x86_64,unknown,3.12.3,2026-10-09T18:44:58Z
64,ML-KEM-768+ML-DSA-65,post-quantum,3,wrap_flow,0.2219,0.0,0.0,0.0,0,0,1088,3309,256,4735,4479,1749.61,3.3279,nan,edge/x86_64,unknown,3.12.3,2026-10-09T18:44:58Z
65,ML-KEM-768+ML-DSA-65,post-quantum,3,wrap_flow,0.2119,0.0,0.0,0.0,0,0,1088,3309,256,4735,4479,1749.61,3.1786,nan,edge/x86_64,unknown,3.12.3,2026-10-09T18:44:58Z
66,ML-KEM-768+ML-DSA-65,post-quantum,3,wrap_flow,0.2174,0.0,0.0,0.0,0,0,1088,3309,256,4735,4479,1749.61,3.2612,nan,edge/x86_64,unknown,3.12.3,2026-10-09T18:44:58Z
67,ML-KEM-768+ML-DSA-65,post-quantum,3,wrap_flow,0.6558,0.0,0.0,0.0,0,0,1088,3309,256,4735,4479,1749.61,9.8363,nan,edge/x86_64,unknown,3.12.3,2026-10-09T18:44:58Z
68,ML-KEM-768+ML-DSA-65,post-quantum,3,wrap_flow,0.1878,0.0,0.0,0.0,0,0,1088,3309,256,4735,4479,1749.61,2.8174,nan,edge/x86_64,unknown,3.12.3,2026-10-09T18:44:58Z
69,ML-KEM-768+ML-DSA-65,post-quantum,3,wrap_flow,0.236,0.0,0.0,0.0,0,0,1088,3309,256,4735,4479,1749.61,3.54,nan,edge/x86_64,unknown,3.12.3,2026-10-09T18:44:58Z
70,ML-KEM-768+ML-DSA-65,post-quantum,3,wrap_flow,0.1241,0.0,0.0,0.0,0,0,1088,3309,256,4735,4479,1749.61,1.8609,nan,edge/x86_64,unknown,3.12.3,2026-10-09T18:44:58Z
71,ML-KEM-768+ML-DSA-65,post-quantum,3,wrap_flow,0.1148,0.0,0.0,0.0,0,0,1088,3309,256,4735,4479,1749.61,1.7226,nan,edge/x86_64,unknown,3.12.3,2026-10-09T18:44:58Z
72,ML-KEM-768+ML-DSA-65,post-quantum,3,wrap_flow,0.1265,0.0,0.0,0.0,0,0,1088,3309,256,4735,4479,1749.61,1.8974,nan,edge/x86_64,unknown,3.12.3,2026-10-09T18:44:58Z
73,ML-KEM-768+ML-DSA-65,post-quantum,3,wrap_flow,0.125,0.0,0.0,0.0,0,0,1088,3309,256,4735,4479,1749.61,1.8753,nan,edge/x86_64,unknown,3.12.3,2026-10-09T18:44:58Z
74,ML-KEM-768+ML-DSA-65,post-quantum,3,wrap_flow,0.263,0.0,0.0,0.0,0,0,1088,3309,256,4735,4479,1749.61,3.9451,nan,edge/x86_64,unknown,3.12.3,2026-10-09T18:44:58Z
75,ML-KEM-768+ML-DSA-65,post-quantum,3,wrap_flow,0.1405,0.0,0.0,0.0,0,0,1088,3309,256,4735,4479,1749.61,2.1075,nan,edge/x86_64,unknown,3.12.3,2026-10-09T18:44:58Z
76,ML-KEM-768+ML-DSA-65,post-quantum,3,wrap_flow,0.2323,0.0,0.0,0.0,0,0,1088,3309,256,4735,4479,1749.61,3.4851,nan,edge/x86_64,unknown,3.12.3,2026-10-09T18:44:58Z
77,ML-KEM-768+ML-DSA-65,post-quantum,3,wrap_flow,0.2269,0.0,0.0,0.0,0,0,1088,3309,256,4735,4479,1749.61,3.4041,nan,edge/x86_64,unknown,3.12.3,2026-10-09T18:44:58Z
78,ML-KEM-768+ML-DSA-65,post-quantum,3,wrap_flow,0.1502,0.0,0.0,0.0,0,0,1088,3309,256,4735,4479,1749.61,2.2528,nan,edge/x86_64,unknown,3.12.3,2026-10-09T18:44:58Z
79,ML-KEM-768+ML-DSA-65,post-quantum,3,wrap_flow,0.141,0.0,0.0,0.0,0,0,1088,3309,256,4735,4479,1749.61,2.1155,nan,edge/x86_64,unknown,3.12.3,2026-10-09T18:44:58Z
80,ML-KEM-768+ML-DSA-65,post-quantum,3,wrap_flow,0.1427,0.0,0.0,0.0,0,0,1088,3309,256,4735,4479,1749.61,2.1411,nan,edge/x86_64,unknown,3.12.3,2026-10-09T18:44:58Z
81,ML-KEM-768+ML-DSA-65,post-quantum,3,wrap_flow,0.4527,0.0,0.0,0.0,0,0,1088,3309,256,4735,4479,1749.61,6.7902,nan,edge/x86_64,unknown,3.12.3,2026-10-09T18:44:58Z
82,ML-KEM-768+ML-DSA-65,post-quantum,3,wrap_flow,0.1927,0.0,0.0,0.0,0,0,1088,3309,256,4735,4479,1749.61,2.8911,nan,edge/x86_64,unknown,3.12.3,2026-10-09T18:44:58Z
83,ML-KEM-768+ML-DSA-65,post-quantum,3,wrap_flow,0.1253,0.0,0.0,0.0,0,0,1088,3309,256,4735,4479,1749.61,1.8796,nan,edge/x86_64,unknown,3.12.3,2026-10-09T18:44:58Z
84,ML-KEM-768+ML-DSA-65,post-quantum,3,wrap_flow,0.1262,0.0,0.0,0.0,0,0,1088,3309,256,4735,4479,1749.61,1.8923,nan,edge/x86_64,unknown,3.12.3,2026-10-09T18:44:58Z
85,ML-KEM-768+ML-DSA-65,post-quantum,3,wrap_flow,0.1253,0.0,0.0,0.0,0,0,1088,3309,256,4735,4479,1749.61,1.88,nan,edge/x86_64,unknown,3.12.3,2026-10-09T18:44:58Z
86,ML-KEM-768+ML-DSA-65,post-quantum,3,wrap_flow,0.1468,0.0,0.0,0.0,0,0,1088,3309,256,4735,4479,1749.61,2.2014,nan,edge/x86_64,unknown,3.12.3,2026-10-09T18:44:58Z
87,ML-KEM-768+ML-DSA-65,post-quantum,3,wrap_flow,0.1753,0.0,0.0,0.0,0,0,1088,3309,256,4735,4479,1749.61,2.6293,nan,edge/x86_64,unknown,3.12.3,2026-10-09T18:44:58Z
88,ML-KEM-768+ML-DSA-65,post-quantum,3,wrap_flow,0.1127,0.0,0.0,0.0,0,0,1088,3309,256,4735,4479,1749.61,1.6912,nan,edge/x86_64,unknown,3.12.3,2026-10-09T18:44:58Z
89,ML-KEM-768+ML-DSA-65,post-quantum,3,wrap_flow,0.1124,0.0,0.0,0.0,0,0,1088,3309,256,4735,4479,1749.61,1.6858,nan,edge/x86_64,unknown,3.12.3,2026-10-09T18:44:58Z
90,ML-KEM-768+ML-DSA-65,post-quantum,3,wrap_flow,0.1384,0.0,0.0,0.0,0,0,1088,3309,256,4735,4479,1749.61,2.0762,nan,edge/x86_64,unknown,3.12.3,2026-10-09T18:44:58Z
91,ML-KEM-768+ML-DSA-65,post-quantum,3,wrap_flow,0.1365,0.0,0.0,0.0,0,0,1088,3309,256,4735,4479,1749.61,2.0474,nan,edge/x86_64,unknown,3.12.3,2026-10-09T18:44:58Z
92,ML-KEM-768+ML-DSA-65,post-quantum,3,wrap_flow,0.2452,0.0,0.0,0.0,0,0,1088,3309,256,4735,4479,1749.61,3.6779,nan,edge/x86_64,unknown,3.12.3,2026-10-09T18:44:58Z
93,ML-KEM-768+ML-DSA-65,post-quantum,3,wrap_flow,0.2311,0.0,0.0,0.0,0,0,1088,3309,256,4735,4479,1749.61,3.4667,nan,edge/x86_64,unknown,3.12.3,2026-10-09T18:44:58Z
94,ML-KEM-768+ML-DSA-65,post-quantum,3,wrap_flow,0.12,0.0,0.0,0.0,0,0,1088,3309,256,4735,4479,1749.61,1.7994,nan,edge/x86_64,unknown,3.12.3,2026-10-09T18:44:58Z
95,ML-KEM-768+ML-DSA-65,post-quantum,3,wrap_flow,0.1502,0.0,0.0,0.0,0,0,1088,3309,256,4735,4479,1749.61,2.2535,nan,edge/x86_64,unknown,3.12.3,2026-10-09T18:44:58Z
96,ML-KEM-768+ML-DSA-65,post-quantum,3,wrap_flow,0.159,0.0,0.0,0.0,0,0,1088,3309,256,4735,4479,1749.61,2.385,nan,edge/x86_64,unknown,3.12.3,2026-10-09T18:44:58Z
97,ML-KEM-768+ML-DSA-65,post-quantum,3,wrap_flow,0.1451,0.0,0.0,0.0,0,0,1088,3309,256,4735,4479,1749.61,2.1766,nan,edge/x86_64,unknown,3.12.3,2026-10-09T18:44:58Z
98,ML-KEM-768+ML-DSA-65,post-quantum,3,wrap_flow,0.1387,0.0,0.0,0.0,0,0,1088,3309,256,4735,4479,1749.61,2.0798,nan,edge/x86_64,unknown,3.12.3,2026-10-09T18:44:58Z
99,ML-KEM-768+ML-DSA-65,post-quantum,3,wrap_flow,0.1459,0.0,0.0,0.0,0,0,1088,3309,256,4735,4479,1749.61,2.1878,nan,edge/x86_64,unknown,3.12.3,2026-10-09T18:44:58Z
100,ML-KEM-768+ML-DSA-65,post-quantum,3,wrap_flow,0.255,0.0,0.0,0.0,0,0,1088,3309,256,4735,4479,1749.61,3.8248,nan,edge/x86_64,unknown,3.12.3,2026-10-09T18:44:58Z
101,ML-KEM-768+ML-DSA-65,post-quantum,3,wrap_flow,0.1513,0.0,0.0,0.0,0,0,1088,3309,256,4735,4479,1749.61,2.27,nan,edge/x86_64,unknown,3.12.3,2026-10-09T18:44:58Z
102,ML-KEM-768+ML-DSA-65,post-quantum,3,wrap_flow,0.2249,0.0,0.0,0.0,0,0,1088,3309,256,4735,4479,1749.61,3.3738,nan,edge/x86_64,unknown,3.12.3,2026-10-09T18:44:58Z
103,ML-KEM-768+ML-DSA-65,post-quantum,3,wrap_flow,0.2431,0.0,0.0,0.0,0,0,1088,3309,256,4735,4479,1749.61,3.6465,nan,edge/x86_64,unknown,3.12.3,2026-10-09T18:44:58Z
104,ML-KEM-768+ML-DSA-65,post-quantum,3,wrap_flow,0.1587,0.0,0.0,0.0,0,0,1088,3309,256,4735,4479,1749.61,2.3811,nan,edge/x86_64,unknown,3.12.3,2026-10-09T18:44:58Z
105,ML-KEM-768+ML-DSA-65,post-quantum,3,wrap_flow,0.1765,0.0,0.0,0.0,0,0,1088,3309,256,4735,4479,1749.61,2.6479,nan,edge/x86_64,unknown,3.12.3,2026-10-09T18:44:58Z
106,ML-KEM-768+ML-DSA-65,post-quantum,3,wrap_flow,0.1405,0.0,0.0,0.0,0,0,1088,3309,256,4735,4479,1749.61,2.1073,nan,edge/x86_64,unknown,3.12.3,2026-10-09T18:44:58Z
107,ML-KEM-768+ML-DSA-65,post-quantum,3,wrap_flow,0.1906,0.0,0.0,0.0,0,0,1088,3309,256,4735,4479,1749.61,2.8592,nan,edge/x86_64,unknown,3.12.3,2026-10-09T18:44:58Z
108,ML-KEM-768+ML-DSA-65,post-quantum,3,wrap_flow,0.3062,0.0,0.0,0.0,0,0,1088,3309,256,4735,4479,1749.61,4.5929,nan,edge/x86_64,unknown,3.12.3,2026-10-09T18:44:58Z
109,ML-KEM-768+ML-DSA-65,post-quantum,3,wrap_flow,0.1726,0.0,0.0,0.0,0,0,1088,3309,256,4735,4479,1749.61,2.5888,nan,edge/x86_64,unknown,3.12.3,2026-10-09T18:44:58Z
110,ML-KEM-768+ML-DSA-65,post-quantum,3,wrap_flow,0.1539,0.0,0.0,0.0,0,0,1088,3309,256,4735,4479,1749.61,2.3079,nan,edge/x86_64,unknown,3.12.3,2026-10-09T18:44:58Z
111,ML-KEM-768+ML-DSA-65,post-quantum,3,wrap_flow,0.1175,0.0,0.0,0.0,0,0,1088,3309,256,4735,4479,1749.61,1.7631,nan,edge/x86_64,unknown,3.12.3,2026-10-09T18:44:58Z
112,ML-KEM-768+ML-DSA-65,post-quantum,3,wrap_flow,0.1248,0.0,0.0,0.0,0,0,1088,3309,256,4735,4479,1749.61,1.8723,nan,edge/x86_64,unknown,3.12.3,2026-10-09T18:44:58Z
113,ML-KEM-768+ML-DSA-65,post-quantum,3,wrap_flow,0.1615,0.0,0.0,0.0,0,0,1088,3309,256,4735,4479,1749.61,2.4225,nan,edge/x86_64,unknown,3.12.3,2026-10-09T18:44:58Z
114,ML-KEM-768+ML-DSA-65,post-quantum,3,wrap_flow,0.1766,0.0,0.0,0.0,0,0,1088,3309,256,4735,4479,1749.61,2.6485,nan,edge/x86_64,unknown,3.12.3,2026-10-09T18:44:58Z
115,ML-KEM-768+ML-DSA-65,post-quantum,3,wrap_flow,0.1717,0.0,0.0,0.0,0,0,1088,3309,256,4735,4479,1749.61,2.5748,nan,edge/x86_64,unknown,3.12.3,2026-10-09T18:44:58Z
116,ML-KEM-768+ML-DSA-65,post-quantum,3,wrap_flow,0.138,0.0,0.0,0.0,0,0,1088,3309,256,4735,4479,1749.61,2.0701,nan,edge/x86_64,unknown,3.12.3,2026-10-09T18:44:58Z
117,ML-KEM-768+ML-DSA-65,post-quantum,3,wrap_flow,0.1957,0.0,0.0,0.0,0,0,1088,3309,256,4735,4479,1749.61,2.9362,nan,edge/x86_64,unknown,3.12.3,2026-10-09T18:44:58Z
118,ML-KEM-768+ML-DSA-65,post-quantum,3,wrap_flow,0.4373,0.0,0.0,0.0,0,0,1088,3309,256,4735,4479,1749.61,6.5598,nan,edge/x86_64,unknown,3.12.3,2026-10-09T18:44:58Z
119,ML-KEM-768+ML-DSA-65,post-quantum,3,wrap_flow,0.1439,0.0,0.0,0.0,0,0,1088,3309,256,4735,4479,1749.61,2.1592,nan,edge/x86_64,unknown,3.12.3,2026-10-09T18:44:58Z
120,ML-KEM-768+ML-DSA-65,post-quantum,3,wrap_flow,0.1144,0.0,0.0,0.0,0,0,1088,3309,256,4735,4479,1749.61,1.7155,nan,edge/x86_64,unknown,3.12.3,2026-10-09T18:44:58Z
121,ML-KEM-768+ML-DSA-65,post-quantum,3,wrap_flow,0.1357,0.0,0.0,0.0,0,0,1088,3309,256,4735,4479,1749.61,2.0362,nan,edge/x86_64,unknown,3.12.3,2026-10-09T18:44:58Z
122,ML-KEM-768+ML-DSA-65,post-quantum,3,wrap_flow,0.3233,0.0,0.0,0.0,0,0,1088,3309,256,4735,4479,1749.61,4.8497,nan,edge/x86_64,unknown,3.12.3,2026-10-09T18:44:58Z
123,ML-KEM-768+ML-DSA-65,post-quantum,3,wrap_flow,0.2314,0.0,0.0,0.0,0,0,1088,3309,256,4735,4479,1749.61,3.4712,nan,edge/x86_64,unknown,3.12.3,2026-10-09T18:44:58Z
124,ML-KEM-768+ML-DSA-65,post-quantum,3,wrap_flow,0.1266,0.0,0.0,0.0,0,0,1088,3309,256,4735,4479,1749.61,1.8994,nan,edge/x86_64,unknown,3.12.3,2026-10-09T18:44:58Z
125,ML-KEM-768+ML-DSA-65,post-quantum,3,wrap_flow,0.1258,0.0,0.0,0.0,0,0,1088,3309,256,4735,4479,1749.61,1.8863,nan,edge/x86_64,unknown,3.12.3,2026-10-09T18:44:58Z
126,ML-KEM-768+ML-DSA-65,post-quantum,3,wrap_flow,0.1235,0.0,0.0,0.0,0,0,1088,3309,256,4735,4479,1749.61,1.8526,nan,edge/x86_64,unknown,3.12.3,2026-10-09T18:44:58Z
127,ML-KEM-768+ML-DSA-65,post-quantum,3,wrap_flow,0.2379,0.0,0.0,0.0,0,0,1088,3309,256,4735,4479,1749.61,3.5692,nan,edge/x86_64,unknown,3.12.3,2026-10-09T18:44:58Z
128,ML-KEM-768+ML-DSA-65,post-quantum,3,wrap_flow,0.544,0.0,0.0,0.0,0,0,1088,3309,256,4735,4479,1749.61,8.1598,nan,edge/x86_64,unknown,3.12.3,2026-10-09T18:44:58Z
129,ML-KEM-768+ML-DSA-65,post-quantum,3,wrap_flow,0.2032,0.0,0.0,0.0,0,0,1088,3309,256,4735,4479,1749.61,3.0482,nan,edge/x86_64,unknown,3.12.3,2026-10-09T18:44:58Z
130,ML-KEM-768+ML-DSA-65,post-quantum,3,wrap_flow,0.2148,0.0,0.0,0.0,0,0,1088,3309,256,4735,4479,1749.61,3.2217,nan,edge/x86_64,unknown,3.12.3,2026-10-09T18:44:58Z
131,ML-KEM-768+ML-DSA-65,post-quantum,3,wrap_flow,0.1863,0.0,0.0,0.0,0,0,1088,3309,256,4735,4479,1749.61,2.795,nan,edge/x86_64,unknown,3.12.3,2026-10-09T18:44:58Z
132,ML-KEM-768+ML-DSA-65,post-quantum,3,wrap_flow,0.2114,0.0,0.0,0.0,0,0,1088,3309,256,4735,4479,1749.61,3.1714,nan,edge/x86_64,unknown,3.12.3,2026-10-09T18:44:58Z
133,ML-KEM-768+ML-DSA-65,post-quantum,3,wrap_flow,0.3394,0.0,0.0,0.0,0,0,1088,3309,256,4735,4479,1749.61,5.0907,nan,edge/x86_64,unknown,3.12.3,2026-10-09T18:44:58Z
134,ML-KEM-768+ML-DSA-65,post-quantum,3,wrap_flow,0.2391,0.0,0.0,0.0,0,0,1088,3309,256,4735,4479,1749.61,3.5869,nan,edge/x86_64,unknown,3.12.3,2026-10-09T18:44:58Z
135,ML-KEM-768+ML-DSA-65,post-quantum,3,wrap_flow,0.4177,0.0,0.0,0.0,0,0,1088,3309,256,4735,4479,1749.61,6.2658,nan,edge/x86_64,unknown,3.12.3,2026-10-09T18:44:58Z
136,ML-KEM-768+ML-DSA-65,post-quantum,3,wrap_flow,0.2467,0.0,0.0,0.0,0,0,1088,3309,256,4735,4479,1749.61,3.7003,nan,edge/x86_64,unknown,3.12.3,2026-10-09T18:44:58Z
137,ML-KEM-768+ML-DSA-65,post-quantum,3,wrap_flow,0.435,0.0,0.0,0.0,0,0,1088,3309,256,4735,4479,1749.61,6.5256,nan,edge/x86_64,unknown,3.12.3,2026-10-09T18:44:58Z
138,ML-KEM-768+ML-DSA-65,post-quantum,3,wrap_flow,0.4304,0.0,0.0,0.0,0,0,1088,3309,256,4735,4479,1749.61,6.4556,nan,edge/x86_64,unknown,3.12.3,2026-10-09T18:44:58Z
139,ML-KEM-768+ML-DSA-65,post-quantum,3,wrap_flow,0.2749,0.0,0.0,0.0,0,0,1088,3309,256,4735,4479,1749.61,4.1238,nan,edge/x86_64,unknown,3.12.3,2026-10-09T18:44:58Z
140,ML-KEM-768+ML-DSA-65,post-quantum,3,wrap_flow,0.3626,0.0,0.0,0.0,0,0,1088,3309,256,4735,4479,1749.61,5.4391,nan,edge/x86_64,unknown,3.12.3,2026-10-09T18:44:58Z
141,ML-KEM-768+ML-DSA-65,post-quantum,3,wrap_flow,0.3281,0.0,0.0,0.0,0,0,1088,3309,256,4735,4479,1749.61,4.9209,nan,edge/x86_64,unknown,3.12.3,2026-10-09T18:44:58Z
142,ML-KEM-768+ML-DSA-65,post-quantum,3,wrap_flow,0.1901,0.0,0.0,0.0,0,0,1088,3309,256,4735,4479,1749.61,2.851,nan,edge/x86_64,unknown,3.12.3,2026-10-09T18:44:58Z
143,ML-KEM-768+ML-DSA-65,post-quantum,3,wrap_flow,0.2213,0.0,0.0,0.0,0,0,1088,3309,256,4735,4479,1749.61,3.3193,nan,edge/x86_64,unknown,3.12.3,2026-10-09T18:44:58Z
144,ML-KEM-768+ML-DSA-65,post-quantum,3,wrap_flow,0.3421,0.0,0.0,0.0,0,0,1088,3309,256,4735,4479,1749.61,5.1322,nan,edge/x86_64,unknown,3.12.3,2026-10-09T18:44:58Z
145,ML-KEM-768+ML-DSA-65,post-quantum,3,wrap_flow,0.2848,0.0,0.0,0.0,0,0,1088,3309,256,4735,4479,1749.61,4.2726,nan,edge/x86_64,unknown,3.12.3,2026-10-09T18:44:58Z
146,ML-KEM-768+ML-DSA-65,post-quantum,3,wrap_flow,0.4346,0.0,0.0,0.0,0,0,1088,3309,256,4735,4479,1749.61,6.5196,nan,edge/x86_64,unknown,3.12.3,2026-10-09T18:44:58Z
147,ML-KEM-768+ML-DSA-65,post-quantum,3,wrap_flow,0.2286,0.0,0.0,0.0,0,0,1088,3309,256,4735,4479,1749.61,3.4289,nan,edge/x86_64,unknown,3.12.3,2026-10-09T18:44:58Z
148,ML-KEM-768+ML-DSA-65,post-quantum,3,wrap_flow,0.313,0.0,0.0,0.0,0,0,1088,3309,256,4735,4479,1749.61,4.6951,nan,edge/x86_64,unknown,3.12.3,2026-10-09T18:44:58Z
149,ML-KEM-768+ML-DSA-65,post-quantum,3,wrap_flow,0.2103,0.0,0.0,0.0,0,0,1088,3309,256,4735,4479,1749.61,3.1546,nan,edge/x86_64,unknown,3.12.3,2026-10-09T18:44:58Z
150,ML-KEM-768+ML-DSA-65,post-quantum,3,wrap_flow,0.2521,0.0,0.0,0.0,0,0,1088,3309,256,4735,4479,1749.61,3.782,nan,edge/x86_64,unknown,3.12.3,2026-10-09T18:44:58Z
151,ML-KEM-768+ML-DSA-65,post-quantum,3,wrap_flow,0.2929,0.0,0.0,0.0,0,0,1088,3309,256,4735,4479,1749.61,4.3937,nan,edge/x86_64,unknown,3.12.3,2026-10-09T18:44:58Z
152,ML-KEM-768+ML-DSA-65,post-quantum,3,wrap_flow,0.3202,0.0,0.0,0.0,0,0,1088,3309,256,4735,4479,1749.61,4.8023,nan,edge/x86_64,unknown,3.12.3,2026-10-09T18:44:58Z
153,ML-KEM-768+ML-DSA-65,post-quantum,3,wrap_flow,0.2736,0.0,0.0,0.0,0,0,1088,3309,256,4735,4479,1749.61,4.1045,nan,edge/x86_64,unknown,3.12.3,2026-10-09T18:44:58Z
154,ML-KEM-768+ML-DSA-65,post-quantum,3,wrap_flow,0.4587,0.0,0.0,0.0,0,0,1088,3309,256,4735,4479,1749.61,6.8799,nan,edge/x86_64,unknown,3.12.3,2026-10-09T18:44:58Z
155,ML-KEM-768+ML-DSA-65,post-quantum,3,wrap_flow,0.1941,0.0,0.0,0.0,0,0,1088,3309,256,4735,4479,1749.61,2.911,nan,edge/x86_64,unknown,3.12.3,2026-10-09T18:44:58Z
156,ML-KEM-768+ML-DSA-65,post-quantum,3,wrap_flow,0.1922,0.0,0.0,0.0,0,0,1088,3309,256,4735,4479,1749.61,2.8836,nan,edge/x86_64,unknown,3.12.3,2026-10-09T18:44:58Z
157,ML-KEM-768+ML-DSA-65,post-quantum,3,wrap_flow,0.2349,0.0,0.0,0.0,0,0,1088,3309,256,4735,4479,1749.61,3.5231,nan,edge/x86_64,unknown,3.12.3,2026-10-09T18:44:58Z
158,ML-KEM-768+ML-DSA-65,post-quantum,3,wrap_flow,0.1915,0.0,0.0,0.0,0,0,1088,3309,256,4735,4479,1749.61,2.8718,nan,edge/x86_64,unknown,3.12.3,2026-10-09T18:44:58Z
159,ML-KEM-768+ML-DSA-65,post-quantum,3,wrap_flow,0.2195,0.0,0.0,0.0,0,0,1088,3309,256,4735,4479,1749.61,3.2924,nan,edge/x86_64,unknown,3.12.3,2026-10-09T18:44:58Z
160,ML-KEM-768+ML-DSA-65,post-quantum,3,wrap_flow,0.2685,0.0,0.0,0.0,0,0,1088,3309,256,4735,4479,1749.61,4.0275,nan,edge/x86_64,unknown,3.12.3,2026-10-09T18:44:58Z
161,ML-KEM-768+ML-DSA-65,post-quantum,3,wrap_flow,0.3165,0.0,0.0,0.0,0,0,1088,3309,256,4735,4479,1749.61,4.7469,nan,edge/x86_64,unknown,3.12.3,2026-10-09T18:44:58Z
162,ML-KEM-768+ML-DSA-65,post-quantum,3,wrap_flow,0.1838,0.0,0.0,0.0,0,0,1088,3309,256,4735,4479,1749.61,2.7563,nan,edge/x86_64,unknown,3.12.3,2026-10-09T18:44:58Z
163,ML-KEM-768+ML-DSA-65,post-quantum,3,wrap_flow,0.3055,0.0,0.0,0.0,0,0,1088,3309,256,4735,4479,1749.61,4.5828,nan,edge/x86_64,unknown,3.12.3,2026-10-09T18:44:58Z
164,ML-KEM-768+ML-DSA-65,post-quantum,3,wrap_flow,0.2188,0.0,0.0,0.0,0,0,1088,3309,256,4735,4479,1749.61,3.282,nan,edge/x86_64,unknown,3.12.3,2026-10-09T18:44:58Z
165,ML-KEM-768+ML-DSA-65,post-quantum,3,wrap_flow,0.2332,0.0,0.0,0.0,0,0,1088,3309,256,4735,4479,1749.61,3.4986,nan,edge/x86_64,unknown,3.12.3,2026-10-09T18:44:58Z
166,ML-KEM-768+ML-DSA-65,post-quantum,3,wrap_flow,0.2297,0.0,0.0,0.0,0,0,1088,3309,256,4735,4479,1749.61,3.4453,nan,edge/x86_64,unknown,3.12.3,2026-10-09T18:44:58Z
167,ML-KEM-768+ML-DSA-65,post-quantum,3,wrap_flow,0.2937,0.0,0.0,0.0,0,0,1088,3309,256,4735,4479,1749.61,4.4057,nan,edge/x86_64,unknown,3.12.3,2026-10-09T18:44:58Z
168,ML-KEM-768+ML-DSA-65,post-quantum,3,wrap_flow,0.2422,0.0,0.0,0.0,0,0,1088,3309,256,4735,4479,1749.61,3.6326,nan,edge/x86_64,unknown,3.12.3,2026-10-09T18:44:58Z
169,ML-KEM-768+ML-DSA-65,post-quantum,3,wrap_flow,0.2264,0.0,0.0,0.0,0,0,1088,3309,256,4735,4479,1749.61,3.3954,nan,edge/x86_64,unknown,3.12.3,2026-10-09T18:44:58Z
170,ML-KEM-768+ML-DSA-65,post-quantum,3,wrap_flow,0.2264,0.0,0.0,0.0,0,0,1088,3309,256,4735,4479,1749.61,3.3953,nan,edge/x86_64,unknown,3.12.3,2026-10-09T18:44:58Z
171,ML-KEM-768+ML-DSA-65,post-quantum,3,wrap_flow,0.2573,0.0,0.0,0.0,0,0,1088,3309,256,4735,4479,1749.61,3.86,nan,edge/x86_64,unknown,3.12.3,2026-10-09T18:44:58Z
172,ML-KEM-768+ML-DSA-65,post-quantum,3,wrap_flow,0.2055,0.0,0.0,0.0,0,0,1088,3309,256,4735,4479,1749.61,3.0832,nan,edge/x86_64,unknown,3.12.3,2026-10-09T18:44:58Z
173,ML-KEM-768+ML-DSA-65,post-quantum,3,wrap_flow,0.1971,0.0,0.0,0.0,0,0,1088,3309,256,4735,4479,1749.61,2.9572,nan,edge/x86_64,unknown,3.12.3,2026-10-09T18:44:58Z
174,ML-KEM-768+ML-DSA-65,post-quantum,3,wrap_flow,0.2183,0.0,0.0,0.0,0,0,1088,3309,256,4735,4479,1749.61,3.2752,nan,edge/x86_64,unknown,3.12.3,2026-10-09T18:44:58Z
175,ML-KEM-768+ML-DSA-65,post-quantum,3,wrap_flow,0.403,0.0,0.0,0.0,0,0,1088,3309,256,4735,4479,1749.61,6.0453,nan,edge/x86_64,unknown,3.12.3,2026-10-09T18:44:58Z
176,ML-KEM-768+ML-DSA-65,post-quantum,3,wrap_flow,0.5014,0.0,0.0,0.0,0,0,1088,3309,256,4735,4479,1749.61,7.5203,nan,edge/x86_64,unknown,3.12.3,2026-10-09T18:44:58Z
177,ML-KEM-768+ML-DSA-65,post-quantum,3,wrap_flow,0.3123,0.0,0.0,0.0,0,0,1088,3309,256,4735,4479,1749.61,4.6845,nan,edge/x86_64,unknown,3.12.3,2026-10-09T18:44:58Z
178,ML-KEM-768+ML-DSA-65,post-quantum,3,wrap_flow,0.6505,0.0,0.0,0.0,0,0,1088,3309,256,4735,4479,1749.61,9.7575,nan,edge/x86_64,unknown,3.12.3,2026-10-09T18:44:58Z
179,ML-KEM-768+ML-DSA-65,post-quantum,3,wrap_flow,0.4441,0.0,0.0,0.0,0,0,1088,3309,256,4735,4479,1749.61,6.6622,nan,edge/x86_64,unknown,3.12.3,2026-10-09T18:44:58Z
180,ML-KEM-768+ML-DSA-65,post-quantum,3,wrap_flow,0.2756,0.0,0.0,0.0,0,0,1088,3309,256,4735,4479,1749.61,4.1333,nan,edge/x86_64,unknown,3.12.3,2026-10-09T18:44:58Z
181,ML-KEM-768+ML-DSA-65,post-quantum,3,wrap_flow,0.403,0.0,0.0,0.0,0,0,1088,3309,256,4735,4479,1749.61,6.0444,nan,edge/x86_64,unknown,3.12.3,2026-10-09T18:44:58Z
182,ML-KEM-768+ML-DSA-65,post-quantum,3,wrap_flow,0.4343,0.0,0.0,0.0,0,0,1088,3309,256,4735,4479,1749.61,6.5141,nan,edge/x86_64,unknown,3.12.3,2026-10-09T18:44:58Z
183,ML-KEM-768+ML-DSA-65,post-quantum,3,wrap_flow,0.3022,0.0,0.0,0.0,0,0,1088,3309,256,4735,4479,1749.61,4.5332,nan,edge/x86_64,unknown,3.12.3,2026-10-09T18:44:58Z
184,ML-KEM-768+ML-DSA-65,post-quantum,3,wrap_flow,0.3138,0.0,0.0,0.0,0,0,1088,3309,256,4735,4479,1749.61,4.7069,nan,edge/x86_64,unknown,3.12.3,2026-10-09T18:44:58Z
185,ML-KEM-768+ML-DSA-65,post-quantum,3,wrap_flow,0.5097,0.0,0.0,0.0,0,0,1088,3309,256,4735,4479,1749.61,7.6453,nan,edge/x86_64,unknown,3.12.3,2026-10-09T18:44:58Z
186,ML-KEM-768+ML-DSA-65,post-quantum,3,wrap_flow,0.2884,0.0,0.0,0.0,0,0,1088,3309,256,4735,4479,1749.61,4.3265,nan,edge/x86_64,unknown,3.12.3,2026-10-09T18:44:58Z
187,ML-KEM-768+ML-DSA-65,post-quantum,3,wrap_flow,0.3967,0.0,0.0,0.0,0,0,1088,3309,256,4735,4479,1749.61,5.9507,nan,edge/x86_64,unknown,3.12.3,2026-10-09T18:44:58Z
188,ML-KEM-768+ML-DSA-65,post-quantum,3,wrap_flow,0.2311,0.0,0.0,0.0,0,0,1088,3309,256,4735,4479,1749.61,3.467,nan,edge/x86_64,unknown,3.12.3,2026-10-09T18:44:58Z
189,ML-KEM-768+ML-DSA-65,post-quantum,3,wrap_flow,0.3652,0.0,0.0,0.0,0,0,1088,3309,256,4735,4479,1749.61,5.4786,nan,edge/x86_64,unknown,3.12.3,2026-10-09T18:44:58Z
190,ML-KEM-768+ML-DSA-65,post-quantum,3,wrap_flow,0.2675,0.0,0.0,0.0,0,0,1088,3309,256,4735,4479,1749.61,4.013,nan,edge/x86_64,unknown,3.12.3,2026-10-09T18:44:58Z
191,ML-KEM-768+ML-DSA-65,post-quantum,3,wrap_flow,0.3509,0.0,0.0,0.0,0,0,1088,3309,256,4735,4479,1749.61,5.263,nan,edge/x86_64,unknown,3.12.3,2026-10-09T18:44:58Z
192,ML-KEM-768+ML-DSA-65,post-quantum,3,wrap_flow,0.3047,0.0,0.0,0.0,0,0,1088,3309,256,4735,4479,1749.61,4.5698,nan,edge/x86_64,unknown,3.12.3,2026-10-09T18:44:58Z
193,ML-KEM-768+ML-DSA-65,post-quantum,3,wrap_flow,0.2198,0.0,0.0,0.0,0,0,1088,3309,256,4735,4479,1749.61,3.2974,nan,edge/x86_64,unknown,3.12.3,2026-10-09T18:44:58Z
194,ML-KEM-768+ML-DSA-65,post-quantum,3,wrap_flow,0.1825,0.0,0.0,0.0,0,0,1088,3309,256,4735,4479,1749.61,2.7372,nan,edge/x86_64,unknown,3.12.3,2026-10-09T18:44:58Z
195,ML-KEM-768+ML-DSA-65,post-quantum,3,wrap_flow,0.284,0.0,0.0,0.0,0,0,1088,3309,256,4735,4479,1749.61,4.2602,nan,edge/x86_64,unknown,3.12.3,2026-10-09T18:44:58Z
196,ML-KEM-768+ML-DSA-65,post-quantum,3,wrap_flow,0.1975,0.0,0.0,0.0,0,0,1088,3309,256,4735,4479,1749.61,2.9631,nan,edge/x86_64,unknown,3.12.3,2026-10-09T18:44:58Z
197,ML-KEM-768+ML-DSA-65,post-quantum,3,wrap_flow,0.198,0.0,0.0,0.0,0,0,1088,3309,256,4735,4479,1749.61,2.9699,nan,edge/x86_64,unknown,3.12.3,2026-10-09T18:44:58Z
198,ML-KEM-768+ML-DSA-65,post-quantum,3,wrap_flow,0.3095,0.0,0.0,0.0,0,0,1088,3309,256,4735,4479,1749.61,4.6425,nan,edge/x86_64,unknown,3.12.3,2026-10-09T18:44:58Z
199,ML-KEM-768+ML-DSA-65,post-quantum,3,wrap_flow,0.4187,0.0,0.0,0.0,0,0,1088,3309,256,4735,4479,1749.61,6.2812,nan,edge/x86_64,unknown,3.12.3,2026-10-09T18:44:58Z
0,ML-KEM-768+ML-DSA-65,post-quantum,3,wrap_flow,0.3637,0.0,0.0,0.0,0,0,1088,3309,512,4991,4479,874.8,5.4548,nan,edge/x86_64,unknown,3.12.3,2026-10-09T18:44:58Z
1,ML-KEM-768+ML-DSA-65,post-quantum,3,wrap_flow,0.224,0.0,0.0,0.0,0,0,1088,3309,512,4991,4479,874.8,3.3597,nan,edge/x86_64,unknown,3.12.3,2026-10-09T18:44:58Z
2,ML-KEM-768+ML-DSA-65,post-quantum,3,wrap_flow,0.2883,0.0,0.0,0.0,0,0,1088,3309,512,4991,4479,874.8,4.3252,nan,edge/x86_64,unknown,3.12.3,2026-10-09T18:44:58Z
3,ML-KEM-768+ML-DSA-65,post-quantum,3,wrap_flow,0.3119,0.0,0.0,0.0,0,0,1088,3309,512,4991,4479,874.8,4.6788,nan,edge/x86_64,unknown,3.12.3,2026-10-09T18:44:58Z
4,ML-KEM-768+ML-DSA-65,post-quantum,3,wrap_flow,0.2964,0.0,0.0,0.0,0,0,1088,3309,512,4991,4479,874.8,4.4464,nan,edge/x86_64,unknown,3.12.3,2026-10-09T18:44:58Z
5,ML-KEM-768+ML-DSA-65,post-quantum,3,wrap_flow,0.2354,0.0,0.0,0.0,0,0,1088,3309,512,4991,4479,874.8,3.5308,nan,edge/x86_64,unknown,3.12.3,2026-10-09T18:44:58Z
6,ML-KEM-768+ML-DSA-65,post-quantum,3,wrap_flow,0.6321,0.0,0.0,0.0,0,0,1088,3309,512,4991,4479,874.8,9.4818,nan,edge/x86_64,unknown,3.12.3,2026-10-09T18:44:58Z
7,ML-KEM-768+ML-DSA-65,post-quantum,3,wrap_flow,0.4765,0.0,0.0,0.0,0,0,1088,3309,512,4991,4479,874.8,7.147,nan,edge/x86_64,unknown,3.12.3,2026-10-09T18:44:58Z
8,ML-KEM-768+ML-DSA-65,post-quantum,3,wrap_flow,0.2085,0.0,0.0,0.0,0,0,1088,3309,512,4991,4479,874.8,3.1275,nan,edge/x86_64,unknown,3.12.3,2026-10-09T18:44:58Z
9,ML-KEM-768+ML-DSA-65,post-quantum,3,wrap_flow,0.2154,0.0,0.0,0.0,0,0,1088,3309,512,4991,4479,874.8,3.2306,nan,edge/x86_64,unknown,3.12.3,2026-10-09T18:44:58Z
10,ML-KEM-768+ML-DSA-65,post-quantum,3,wrap_flow,0.223,0.0,0.0,0.0,0,0,1088,3309,512,4991,4479,874.8,3.3446,nan,edge/x86_64,unknown,3.12.3,2026-10-09T18:44:58Z
11,ML-KEM-768+ML-DSA-65,post-quantum,3,wrap_flow,0.208,0.0,0.0,0.0,0,0,1088,3309,512,4991,4479,874.8,3.1199,nan,edge/x86_64,unknown,3.12.3,2026-10-09T18:44:58Z
12,ML-KEM-768+ML-DSA-65,post-quantum,3,wrap_flow,0.262,0.0,0.0,0.0,0,0,1088,3309,512,4991,4479,874.8,3.93,nan,edge/x86_64,unknown,3.12.3,2026-10-09T18:44:58Z
13,ML-KEM-768+ML-DSA-65,post-quantum,3,wrap_flow,0.3186,0.0,0.0,0.0,0,0,1088,3309,512,4991,4479,874.8,4.7789,nan,edge/x86_64,unknown,3.12.3,2026-10-09T18:44:58Z
14,ML-KEM-768+ML-DSA-65,post-quantum,3,wrap_flow,0.3294,0.0,0.0,0.0,0,0,1088,3309,512,4991,4479,874.8,4.9415,nan,edge/x86_64,unknown,3.12.3,2026-10-09T18:44:58Z
15,ML-KEM-768+ML-DSA-65,post-quantum,3,wrap_flow,0.2251,0.0,0.0,0.0,0,0,1088,3309,512,4991,4479,874.8,3.3772,nan,edge/x86_64,unknown,3.12.3,2026-10-09T18:44:58Z
16,ML-KEM-768+ML-DSA-65,post-quantum,3,wrap_flow,0.2121,0.0,0.0,0.0,0,0,1088,3309,512,4991,4479,874.8,3.181,nan,edge/x86_64,unknown,3.12.3,2026-10-09T18:44:58Z
17,ML-KEM-768+ML-DSA-65,post-quantum,3,wrap_flow,0.2452,0.0,0.0,0.0,0,0,1088,3309,512,4991,4479,874.8,3.6787,nan,edge/x86_64,unknown,3.12.3,2026-10-09T18:44:58Z
18,ML-KEM-768+ML-DSA-65,post-quantum,3,wrap_flow,0.2636,0.0,0.0,0.0,0,0,1088,3309,512,4991,4479,874.8,3.9547,nan,edge/x86_64,unknown,3.12.3,2026-10-09T18:44:58Z
19,ML-KEM-768+ML-DSA-65,post-quantum,3,wrap_flow,0.3076,0.0,0.0,0.0,0,0,1088,3309,512,4991,4479,874.8,4.6141,nan,edge/x86_64,unknown,3.12.3,2026-10-09T18:44:58Z
20,ML-KEM-768+ML-DSA-65,post-quantum,3,wrap_flow,0.2371,0.0,0.0,0.0,0,0,1088,3309,512,4991,4479,874.8,3.5563,nan,edge/x86_64,unknown,3.12.3,2026-10-09T18:44:58Z
21,ML-KEM-768+ML-DSA-65,post-quantum,3,wrap_flow,0.3593,0.0,0.0,0.0,0,0,1088,3309,512,4991,4479,874.8,5.39,nan,edge/x86_64,unknown,3.12.3,2026-10-09T18:44:58Z
22,ML-KEM-768+ML-DSA-65,post-quantum,3,wrap_flow,0.3169,0.0,0.0,0.0,0,0,1088,3309,512,4991,4479,874.8,4.7533,nan,edge/x86_64,unknown,3.12.3,2026-10-09T18:44:58Z
23,ML-KEM-768+ML-DSA-65,post-quantum,3,wrap_flow,0.2739,0.0,0.0,0.0,0,0,1088,3309,512,4991,4479,874.8,4.1087,nan,edge/x86_64,unknown,3.12.3,2026-10-09T18:44:58Z
24,ML-KEM-768+ML-DSA-65,post-quantum,3,wrap_flow,0.2746,0.0,0.0,0.0,0,0,1088,3309,512,4991,4479,874.8,4.1188,nan,edge/x86_64,unknown,3.12.3,2026-10-09T18:44:58Z
25,ML-KEM-768+ML-DSA-65,post-quantum,3,wrap_flow,0.2277,0.0,0.0,0.0,0,0,1088,3309,512,4991,4479,874.8,3.4161,nan,edge/x86_64,unknown,3.12.3,2026-10-09T18:44:58Z
26,ML-KEM-768+ML-DSA-65,post-quantum,3,wrap_flow,0.2412,0.0,0.0,0.0,0,0,1088,3309,512,4991,4479,874.8,3.6179,nan,edge/x86_64,unknown,3.12.3,2026-10-09T18:44:58Z
27,ML-KEM-768+ML-DSA-65,post-quantum,3,wrap_flow,0.2203,0.0,0.0,0.0,0,0,1088,3309,512,4991,4479,874.8,3.3042,nan,edge/x86_64,unknown,3.12.3,2026-10-09T18:44:58Z
28,ML-KEM-768+ML-DSA-65,post-quantum,3,wrap_flow,0.2076,0.0,0.0,0.0,0,0,1088,3309,512,4991,4479,874.8,3.1137,nan,edge/x86_64,unknown,3.12.3,2026-10-09T18:44:58Z
29,ML-KEM-768+ML-DSA-65,post-quantum,3,wrap_flow,0.5839,0.0,0.0,0.0,0,0,1088,3309,512,4991,4479,874.8,8.7587,nan,edge/x86_64,unknown,3.12.3,2026-10-09T18:44:58Z
30,ML-KEM-768+ML-DSA-65,post-quantum,3,wrap_flow,0.2454,0.0,0.0,0.0,0,0,1088,3309,512,4991,4479,874.8,3.6816,nan,edge/x86_64,unknown,3.12.3,2026-10-09T18:44:58Z
31,ML-KEM-768+ML-DSA-65,post-quantum,3,wrap_flow,0.185,0.0,0.0,0.0,0,0,1088,3309,512,4991,4479,874.8,2.7757,nan,edge/x86_64,unknown,3.12.3,2026-10-09T18:44:58Z
32,ML-KEM-768+ML-DSA-65,post-quantum,3,wrap_flow,0.2916,0.0,0.0,0.0,0,0,1088,3309,512,4991,4479,874.8,4.3741,nan,edge/x86_64,unknown,3.12.3,2026-10-09T18:44:58Z
33,ML-KEM-768+ML-DSA-65,post-quantum,3,wrap_flow,0.1435,0.0,0.0,0.0,0,0,1088,3309,512,4991,4479,874.8,2.1521,nan,edge/x86_64,unknown,3.12.3,2026-10-09T18:44:58Z
34,ML-KEM-768+ML-DSA-65,post-quantum,3,wrap_flow,0.2225,0.0,0.0,0.0,0,0,1088,3309,512,4991,4479,874.8,3.3371,nan,edge/x86_64,unknown,3.12.3,2026-10-09T18:44:58Z
35,ML-KEM-768+ML-DSA-65,post-quantum,3,wrap_flow,0.1496,0.0,0.0,0.0,0,0,1088,3309,512,4991,4479,874.8,2.2434,nan,edge/x86_64,unknown,3.12.3,2026-10-09T18:44:58Z
36,ML-KEM-768+ML-DSA-65,post-quantum,3,wrap_flow,0.1519,0.0,0.0,0.0,0,0,1088,3309,512,4991,4479,874.8,2.2785,nan,edge/x86_64,unknown,3.12.3,2026-10-09T18:44:58Z
37,ML-KEM-768+ML-DSA-65,post-quantum,3,wrap_flow,0.1399,0.0,0.0,0.0,0,0,1088,3309,512,4991,4479,874.8,2.099,nan,edge/x86_64,unknown,3.12.3,2026-10-09T18:44:58Z
38,ML-KEM-768+ML-DSA-65,post-quantum,3,wrap_flow,0.1276,0.0,0.0,0.0,0,0,1088,3309,512,4991,4479,874.8,1.9145,nan,edge/x86_64,unknown,3.12.3,2026-10-09T18:44:58Z
39,ML-KEM-768+ML-DSA-65,post-quantum,3,wrap_flow,0.1147,0.0,0.0,0.0,0,0,1088,3309,512,4991,4479,874.8,1.7212,nan,edge/x86_64,unknown,3.12.3,2026-10-09T18:44:58Z
40,ML-KEM-768+ML-DSA-65,post-quantum,3,wrap_flow,0.1252,0.0,0.0,0.0,0,0,1088,3309,512,4991,4479,874.8,1.8785,nan,edge/x86_64,unknown,3.12.3,2026-10-09T18:44:58Z
41,ML-KEM-768+ML-DSA-65,post-quantum,3,wrap_flow,0.115,0.0,0.0,0.0,0,0,1088,3309,512,4991,4479,874.8,1.725,nan,edge/x86_64,unknown,3.12.3,2026-10-09T18:44:58Z
42,ML-KEM-768+ML-DSA-65,post-quantum,3,wrap_flow,0.2344,0.0,0.0,0.0,0,0,1088,3309,512,4991,4479,874.8,3.5158,nan,edge/x86_64,unknown,3.12.3,2026-10-09T18:44:58Z
43,ML-KEM-768+ML-DSA-65,post-quantum,3,wrap_flow,0.2183,0.0,0.0,0.0,0,0,1088,3309,512,4991,4479,874.8,3.2752,nan,edge/x86_64,unknown,3.12.3,2026-10-09T18:44:58Z
44,ML-KEM-768+ML-DSA-65,post-quantum,3,wrap_flow,0.2384,0.0,0.0,0.0,0,0,1088,3309,512,4991,4479,874.8,3.576,nan,edge/x86_64,unknown,3.12.3,2026-10-09T18:44:58Z
45,ML-KEM-768+ML-DSA-65,post-quantum,3,wrap_flow,0.1146,0.0,0.0,0.0,0,0,1088,3309,512,4991,4479,874.8,1.7188,nan,edge/x86_64,unknown,3.12.3,2026-10-09T18:44:58Z
46,ML-KEM-768+ML-DSA-65,post-quantum,3,wrap_flow,0.1468,0.0,0.0,0.0,0,0,1088,3309,512,4991,4479,874.8,2.2023,nan,edge/x86_64,unknown,3.12.3,2026-10-09T18:44:58Z
47,ML-KEM-768+ML-DSA-65,post-quantum,3,wrap_flow,0.1135,0.0,0.0,0.0,0,0,1088,3309,512,4991,4479,874.8,1.7029,nan,edge/x86_64,unknown,3.12.3,2026-10-09T18:44:58Z
48,ML-KEM-768+ML-DSA-65,post-quantum,3,wrap_flow,0.1263,0.0,0.0,0.0,0,0,1088,3309,512,4991,4479,874.8,1.8942,nan,edge/x86_64,unknown,3.12.3,2026-10-09T18:44:58Z
49,ML-KEM-768+ML-DSA-65,post-quantum,3,wrap_flow,0.261,0.0,0.0,0.0,0,0,1088,3309,512,4991,4479,874.8,3.9152,nan,edge/x86_64,unknown,3.12.3,2026-10-09T18:44:58Z
50,ML-KEM-768+ML-DSA-65,post-quantum,3,wrap_flow,0.2453,0.0,0.0,0.0,0,0,1088,3309,512,4991,4479,874.8,3.6802,nan,edge/x86_64,unknown,3.12.3,2026-10-09T18:44:58Z
51,ML-KEM-768+ML-DSA-65,post-quantum,3,wrap_flow,0.1339,0.0,0.0,0.0,0,0,1088,3309,512,4991,4479,874.8,2.0089,nan,edge/x86_64,unknown,3.12.3,2026-10-09T18:44:58Z
52,ML-KEM-768+ML-DSA-65,post-quantum,3,wrap_flow,0.3533,0.0,0.0,0.0,0,0,1088,3309,512,4991,4479,874.8,5.3,nan,edge/x86_64,unknown,3.12.3,2026-10-09T18:44:58Z
53,ML-KEM-768+ML-DSA-65,post-quantum,3,wrap_flow,0.2828,0.0,0.0,0.0,0,0,1088,3309,512,4991,4479,874.8,4.2418,nan,edge/x86_64,unknown,3.12.3,2026-10-09T18:44:58Z
54,ML-KEM-768+ML-DSA-65,post-quantum,3,wrap_flow,0.2075,0.0,0.0,0.0,0,0,1088,3309,512,4991,4479,874.8,3.1122,nan,edge/x86_64,unknown,3.12.3,2026-10-09T18:44:58Z
55,ML-KEM-768+ML-DSA-65,post-quantum,3,wrap_flow,0.1877,0.0,0.0,0.0,0,0,1088,3309,512,4991,4479,874.8,2.8151,nan,edge/x86_64,unknown,3.12.3,2026-10-09T18:44:58Z
56,ML-KEM-768+ML-DSA-65,post-quantum,3,wrap_flow,0.2296,0.0,0.0,0.0,0,0,1088,3309,512,4991,4479,874.8,3.4447,nan,edge/x86_64,unknown,3.12.3,2026-10-09T18:44:58Z
57,ML-KEM-768+ML-DSA-65,post-quantum,3,wrap_flow,0.1784,0.0,0.0,0.0,0,0,1088,3309,512,4991,4479,874.8,2.676,nan,edge/x86_64,unknown,3.12.3,2026-10-09T18:44:58Z
58,ML-KEM-768+ML-DSA-65,post-quantum,3,wrap_flow,0.1595,0.0,0.0,0.0,0,0,1088,3309,512,4991,4479,874.8,2.3929,nan,edge/x86_64,unknown,3.12.3,2026-10-09T18:44:58Z
59,ML-KEM-768+ML-DSA-65,post-quantum,3,wrap_flow,0.1255,0.0,0.0,0.0,0,0,1088,3309,512,4991,4479,874.8,1.8828,nan,edge/x86_64,unknown,3.12.3,2026-10-09T18:44:58Z
60,ML-KEM-768+ML-DSA-65,post-quantum,3,wrap_flow,0.1132,0.0,0.0,0.0,0,0,1088,3309,512,4991,4479,874.8,1.6987,nan,edge/x86_64,unknown,3.12.3,2026-10-09T18:44:58Z
61,ML-KEM-768+ML-DSA-65,post-quantum,3,wrap_flow,0.2361,0.0,0.0,0.0,0,0,1088,3309,512,4991,4479,874.8,3.542,nan,edge/x86_64,unknown,3.12.3,2026-10-09T18:44:58Z
62,ML-KEM-768+ML-DSA-65,post-quantum,3,wrap_flow,0.2206,0.0,0.0,0.0,0,0,1088,3309,512,4991,4479,874.8,3.3096,nan,edge/x86_64,unknown,3.12.3,2026-10-09T18:44:58Z
63,ML-KEM-768+ML-DSA-65,post-quantum,3,wrap_flow,0.1491,0.0,0.0,0.0,0,0,1088,3309,512,4991,4479,874.8,2.2362,nan,edge/x86_64,unknown,3.12.3,2026-10-09T18:44:58Z
64,ML-KEM-768+ML-DSA-65,post-quantum,3,wrap_flow,0.2277,0.0,0.0,0.0,0,0,1088,3309,512,4991,4479,874.8,3.4158,nan,edge/x86_64,unknown,3.12.3,2026-10-09T18:44:58Z
65,ML-KEM-768+ML-DSA-65,post-quantum,3,wrap_flow,0.2234,0.0,0.0,0.0,0,0,1088,3309,512,4991,4479,874.8,3.351,nan,edge/x86_64,unknown,3.12.3,2026-10-09T18:44:58Z
66,ML-KEM-768+ML-DSA-65,post-quantum,3,wrap_flow,0.1674,0.0,0.0,0.0,0,0,1088,3309,512,4991,4479,874.8,2.5114,nan,edge/x86_64,unknown,3.12.3,2026-10-09T18:44:58Z
67,ML-KEM-768+ML-DSA-65,post-quantum,3,wrap_flow,0.1514,0.0,0.0,0.0,0,0,1088,3309,512,4991,4479,874.8,2.2709,nan,edge/x86_64,unknown,3.12.3,2026-10-09T18:44:58Z
68,ML-KEM-768+ML-DSA-65,post-quantum,3,wrap_flow,0.1915,0.0,0.0,0.0,0,0,1088,3309,512,4991,4479,874.8,2.8718,nan,edge/x86_64,unknown,3.12.3,2026-10-09T18:44:58Z
69,ML-KEM-768+ML-DSA-65,post-quantum,3,wrap_flow,0.185,0.0,0.0,0.0,0,0,1088,3309,512,4991,4479,874.8,2.7751,nan,edge/x86_64,unknown,3.12.3,2026-10-09T18:44:58Z
70,ML-KEM-768+ML-DSA-65,post-quantum,3,wrap_flow,0.1285,0.0,0.0,0.0,0,0,1088,3309,512,4991,4479,874.8,1.9282,nan,edge/x86_64,unknown,3.12.3,2026-10-09T18:44:58Z
71,ML-KEM-768+ML-DSA-65,post-quantum,3,wrap_flow,0.1593,0.0,0.0,0.0,0,0,1088,3309,512,4991,4479,874.8,2.3895,nan,edge/x86_64,unknown,3.12.3,2026-10-09T18:44:58Z
72,ML-KEM-768+ML-DSA-65,post-quantum,3,wrap_flow,0.1472,0.0,0.0,0.0,0,0,1088,3309,512,4991,4479,874.8,2.2081,nan,edge/x86_64,unknown,3.12.3,2026-10-09T18:44:58Z
73,ML-KEM-768+ML-DSA-65,post-quantum,3,wrap_flow,0.2424,0.0,0.0,0.0,0,0,1088,3309,512,4991,4479,874.8,3.6363,nan,edge/x86_64,unknown,3.12.3,2026-10-09T18:44:58Z
74,ML-KEM-768+ML-DSA-65,post-quantum,3,wrap_flow,0.1281,0.0,0.0,0.0,0,0,1088,3309,512,4991,4479,874.8,1.9212,nan,edge/x86_64,unknown,3.12.3,2026-10-09T18:44:58Z
75,ML-KEM-768+ML-DSA-65,post-quantum,3,wrap_flow,0.1578,0.0,0.0,0.0,0,0,1088,3309,512,4991,4479,874.8,2.367,nan,edge/x86_64,unknown,3.12.3,2026-10-09T18:44:58Z
76,ML-KEM-768+ML-DSA-65,post-quantum,3,wrap_flow,0.1154,0.0,0.0,0.0,0,0,1088,3309,512,4991,4479,874.8,1.7317,nan,edge/x86_64,unknown,3.12.3,2026-10-09T18:44:58Z
77,ML-KEM-768+ML-DSA-65,post-quantum,3,wrap_flow,0.138,0.0,0.0,0.0,0,0,1088,3309,512,4991,4479,874.8,2.0696,nan,edge/x86_64,unknown,3.12.3,2026-10-09T18:44:58Z
78,ML-KEM-768+ML-DSA-65,post-quantum,3,wrap_flow,0.2165,0.0,0.0,0.0,0,0,1088,3309,512,4991,4479,874.8,3.2469,nan,edge/x86_64,unknown,3.12.3,2026-10-09T18:44:58Z
79,ML-KEM-768+ML-DSA-65,post-quantum,3,wrap_flow,0.161,0.0,0.0,0.0,0,0,1088,3309,512,4991,4479,874.8,2.4146,nan,edge/x86_64,unknown,3.12.3,2026-10-09T18:44:58Z
80,ML-KEM-768+ML-DSA-65,post-quantum,3,wrap_flow,0.1322,0.0,0.0,0.0,0,0,1088,3309,512,4991,4479,874.8,1.9828,nan,edge/x86_64,unknown,3.12.3,2026-10-09T18:44:58Z
81,ML-KEM-768+ML-DSA-65,post-quantum,3,wrap_flow,0.4337,0.0,0.0,0.0,0,0,1088,3309,512,4991,4479,874.8,6.5054,nan,edge/x86_64,unknown,3.12.3,2026-10-09T18:44:58Z
82,ML-KEM-768+ML-DSA-65,post-quantum,3,wrap_flow,0.1363,0.0,0.0,0.0,0,0,1088,3309,512,4991,4479,874.8,2.0438,nan,edge/x86_64,unknown,3.12.3,2026-10-09T18:44:58Z
83,ML-KEM-768+ML-DSA-65,post-quantum,3,wrap_flow,0.3698,0.0,0.0,0.0,0,0,1088,3309,512,4991,4479,874.8,5.5468,nan,edge/x86_64,unknown,3.12.3,2026-10-09T18:44:58Z
84,ML-KEM-768+ML-DSA-65,post-quantum,3,wrap_flow,0.1878,0.0,0.0,0.0,0,0,1088,3309,512,4991,4479,874.8,2.8163,nan,edge/x86_64,unknown,3.12.3,2026-10-09T18:44:58Z
85,ML-KEM-768+ML-DSA-65,post-quantum,3,wrap_flow,0.1469,0.0,0.0,0.0,0,0,1088,3309,512,4991,4479,874.8,2.203,nan,edge/x86_64,unknown,3.12.3,2026-10-09T18:44:58Z
86,ML-KEM-768+ML-DSA-65,post-quantum,3,wrap_flow,0.1306,0.0,0.0,0.0,0,0,1088,3309,512,4991,4479,874.8,1.959,nan,edge/x86_64,unknown,3.12.3,2026-10-09T18:44:58Z
87,ML-KEM-768+ML-DSA-65,post-quantum,3,wrap_flow,0.26,0.0,0.0,0.0,0,0,1088,3309,512,4991,4479,874.8,3.8993,nan,edge/x86_64,unknown,3.12.3,2026-10-09T18:44:58Z
88,ML-KEM-768+ML-DSA-65,post-quantum,3,wrap_flow,0.3114,0.0,0.0,0.0,0,0,1088,3309,512,4991,4479,874.8,4.6706,nan,edge/x86_64,unknown,3.12.3,2026-10-09T18:44:58Z
89,ML-KEM-768+ML-DSA-65,post-quantum,3,wrap_flow,0.1765,0.0,0.0,0.0,0,0,1088,3309,512,4991,4479,874.8,2.647,nan,edge/x86_64,unknown,3.12.3,2026-10-09T18:44:58Z
90,ML-KEM-768+ML-DSA-65,post-quantum,3,wrap_flow,0.2425,0.0,0.0,0.0,0,0,1088,3309,512,4991,4479,874.8,3.6374,nan,edge/x86_64,unknown,3.12.3,2026-10-09T18:44:58Z
91,ML-KEM-768+ML-DSA-65,post-quantum,3,wrap_flow,0.1177,0.0,0.0,0.0,0,0,1088,3309,512,4991,4479,874.8,1.7661,nan,edge/x86_64,unknown,3.12.3,2026-10-09T18:44:58Z
92,ML-KEM-768+ML-DSA-65,post-quantum,3,wrap_flow,0.1666,0.0,0.0,0.0,0,0,1088,3309,512,4991,4479,874.8,2.4983,nan,edge/x86_64,unknown,3.12.3,2026-10-09T18:44:58Z
93,ML-KEM-768+ML-DSA-65,post-quantum,3,wrap_flow,0.1291,0.0,0.0,0.0,0,0,1088,3309,512,4991,4479,874.8,1.936,nan,edge/x86_64,unknown,3.12.3,2026-10-09T18:44:58Z
94,ML-KEM-768+ML-DSA-65,post-quantum,3,wrap_flow,0.1984,0.0,0.0,0.0,0,0,1088,3309,512,4991,4479,874.8,2.976,nan,edge/x86_64,unknown,3.12.3,2026-10-09T18:44:58Z
95,ML-KEM-768+ML-DSA-65,post-quantum,3,wrap_flow,0.1142,0.0,0.0,0.0,0,0,1088,3309,512,4991,4479,874.8,1.7129,nan,edge/x86_64,unknown,3.12.3,2026-10-09T18:44:58Z
96,ML-KEM-768+ML-DSA-65,post-quantum,3,wrap_flow,0.1764,0.0,0.0,0.0,0,0,1088,3309,512,4991,4479,874.8,2.6454,nan,edge/x86_64,unknown,3.12.3,2026-10-09T18:44:58Z
97,ML-KEM-768+ML-DSA-65,post-quantum,3,wrap_flow,0.2476,0.0,0.0,0.0,0,0,1088,3309,512,4991,4479,874.8,3.7136,nan,edge/x86_64,unknown,3.12.3,2026-10-09T18:44:58Z
98,ML-KEM-768+ML-DSA-65,post-quantum,3,wrap_flow,0.1434,0.0,0.0,0.0,0,0,1088,3309,512,4991,4479,874.8,2.1514,nan,edge/x86_64,unknown,3.12.3,2026-10-09T18:44:58Z
99,ML-KEM-768+ML-DSA-65,post-quantum,3,wrap_flow,0.1813,0.0,0.0,0.0,0,0,1088,3309,512,4991,4479,874.8,2.7196,nan,edge/x86_64,unknown,3.12.3,2026-10-09T18:44:58Z
100,ML-KEM-768+ML-DSA-65,post-quantum,3,wrap_flow,0.1139,0.0,0.0,0.0,0,0,1088,3309,512,4991,4479,874.8,1.7088,nan,edge/x86_64,unknown,3.12.3,2026-10-09T18:44:58Z
101,ML-KEM-768+ML-DSA-65,post-quantum,3,wrap_flow,0.1975,0.0,0.0,0.0,0,0,1088,3309,512,4991,4479,874.8,2.9623,nan,edge/x86_64,unknown,3.12.3,2026-10-09T18:44:58Z
102,ML-KEM-768+ML-DSA-65,post-quantum,3,wrap_flow,0.1614,0.0,0.0,0.0,0,0,1088,3309,512,4991,4479,874.8,2.4213,nan,edge/x86_64,unknown,3.12.3,2026-10-09T18:44:58Z
103,ML-KEM-768+ML-DSA-65,post-quantum,3,wrap_flow,0.1266,0.0,0.0,0.0,0,0,1088,3309,512,4991,4479,874.8,1.8986,nan,edge/x86_64,unknown,3.12.3,2026-10-09T18:44:58Z
104,ML-KEM-768+ML-DSA-65,post-quantum,3,wrap_flow,0.2334,0.0,0.0,0.0,0,0,1088,3309,512,4991,4479,874.8,3.501,nan,edge/x86_64,unknown,3.12.3,2026-10-09T18:44:58Z
105,ML-KEM-768+ML-DSA-65,post-quantum,3,wrap_flow,0.3103,0.0,0.0,0.0,0,0,1088,3309,512,4991,4479,874.8,4.6548,nan,edge/x86_64,unknown,3.12.3,2026-10-09T18:44:58Z
106,ML-KEM-768+ML-DSA-65,post-quantum,3,wrap_flow,0.2307,0.0,0.0,0.0,0,0,1088,3309,512,4991,4479,874.8,3.4606,nan,edge/x86_64,unknown,3.12.3,2026-10-09T18:44:58Z
107,ML-KEM-768+ML-DSA-65,post-quantum,3,wrap_flow,0.2967,0.0,0.0,0.0,0,0,1088,3309,512,4991,4479,874.8,4.4503,nan,edge/x86_64,unknown,3.12.3,2026-10-09T18:44:58Z
108,ML-KEM-768+ML-DSA-65,post-quantum,3,wrap_flow,0.22,0.0,0.0,0.0,0,0,1088,3309,512,4991,4479,874.8,3.3004,nan,edge/x86_64,unknown,3.12.3,2026-10-09T18:44:58Z
109,ML-KEM-768+ML-DSA-65,post-quantum,3,wrap_flow,0.1745,0.0,0.0,0.0,0,0,1088,3309,512,4991,4479,874.8,2.618,nan,edge/x86_64,unknown,3.12.3,2026-10-09T18:44:58Z
110,ML-KEM-768+ML-DSA-65,post-quantum,3,wrap_flow,0.1563,0.0,0.0,0.0,0,0,1088,3309,512,4991,4479,874.8,2.3452,nan,edge/x86_64,unknown,3.12.3,2026-10-09T18:44:58Z
111,ML-KEM-768+ML-DSA-65,post-quantum,3,wrap_flow,0.1405,0.0,0.0,0.0,0,0,1088,3309,512,4991,4479,874.8,2.1073,nan,edge/x86_64,unknown,3.12.3,2026-10-09T18:44:58Z
112,ML-KEM-768+ML-DSA-65,post-quantum,3,wrap_flow,0.1425,0.0,0.0,0.0,0,0,1088,3309,512,4991,4479,874.8,2.1371,nan,edge/x86_64,unknown,3.12.3,2026-10-09T18:44:58Z
113,ML-KEM-768+ML-DSA-65,post-quantum,3,wrap_flow,0.2581,0.0,0.0,0.0,0,0,1088,3309,512,4991,4479,874.8,3.8711,nan,edge/x86_64,unknown,3.12.3,2026-10-09T18:44:58Z
114,ML-KEM-768+ML-DSA-65,post-quantum,3,wrap_flow,0.1305,0.0,0.0,0.0,0,0,1088,3309,512,4991,4479,874.8,1.958,nan,edge/x86_64,unknown,3.12.3,2026-10-09T18:44:58Z
115,ML-KEM-768+ML-DSA-65,post-quantum,3,wrap_flow,0.1617,0.0,0.0,0.0,0,0,1088,3309,512,4991,4479,874.8,2.4252,nan,edge/x86_64,unknown,3.12.3,2026-10-09T18:44:58Z
116,ML-KEM-768+ML-DSA-65,post-quantum,3,wrap_flow,0.1504,0.0,0.0,0.0,0,0,1088,3309,512,4991,4479,874.8,2.2567,nan,edge/x86_64,unknown,3.12.3,2026-10-09T18:44:58Z
117,ML-KEM-768+ML-DSA-65,post-quantum,3,wrap_flow,0.114,0.0,0.0,0.0,0,0,1088,3309,512,4991,4479,874.8,1.7104,nan,edge/x86_64,unknown,3.12.3,2026-10-09T18:44:58Z
118,ML-KEM-768+ML-DSA-65,post-quantum,3,wrap_flow,0.1273,0.0,0.0,0.0,0,0,1088,3309,512,4991,4479,874.8,1.9094,nan,edge/x86_64,unknown,3.12.3,2026-10-09T18:44:58Z
119,ML-KEM-768+ML-DSA-65,post-quantum,3,wrap_flow,0.1382,0.0,0.0,0.0,0,0,1088,3309,512,4991,4479,874.8,2.0727,nan,edge/x86_64,unknown,3.12.3,2026-10-09T18:44:58Z
120,ML-KEM-768+ML-DSA-65,post-quantum,3,wrap_flow,0.3072,0.0,0.0,0.0,0,0,1088,3309,512,4991,4479,874.8,4.6074,nan,edge/x86_64,unknown,3.12.3,2026-10-09T18:44:58Z
121,ML-KEM-768+ML-DSA-65,post-quantum,3,wrap_flow,0.139,0.0,0.0,0.0,0,0,1088,3309,512,4991,4479,874.8,2.0847,nan,edge/x86_64,unknown,3.12.3,2026-10-09T18:44:58Z
122,ML-KEM-768+ML-DSA-65,post-quantum,3,wrap_flow,0.1989,0.0,0.0,0.0,0,0,1088,3309,512,4991,4479,874.8,2.9837,nan,edge/x86_64,unknown,3.12.3,2026-10-09T18:44:58Z
123,ML-KEM-768+ML-DSA-65,post-quantum,3,wrap_flow,0.1849,0.0,0.0,0.0,0,0,1088,3309,512,4991,4479,874.8,2.7739,nan,edge/x86_64,unknown,3.12.3,2026-10-09T18:44:58Z
124,ML-KEM-768+ML-DSA-65,post-quantum,3,wrap_flow,0.1949,0.0,0.0,0.0,0,0,1088,3309,512,4991,4479,874.8,2.924,nan,edge/x86_64,unknown,3.12.3,2026-10-09T18:44:58Z
125,ML-KEM-768+ML-DSA-65,post-quantum,3,wrap_flow,0.3288,0.0,0.0,0.0,0,0,1088,3309,512,4991,4479,874.8,4.9317,nan,edge/x86_64,unknown,3.12.3,2026-10-09T18:44:58Z
126,ML-KEM-768+ML-DSA-65,post-quantum,3,wrap_flow,0.1258,0.0,0.0,0.0,0,0,1088,3309,512,4991,4479,874.8,1.8868,nan,edge/x86_64,unknown,3.12.3,2026-10-09T18:44:58Z
127,ML-KEM-768+ML-DSA-65,post-quantum,3,wrap_flow,0.1417,0.0,0.0,0.0,0,0,1088,3309,512,4991,4479,874.8,2.1257,nan,edge/x86_64,unknown,3.12.3,2026-10-09T18:44:58Z
128,ML-KEM-768+ML-DSA-65,post-quantum,3,wrap_flow,0.2438,0.0,0.0,0.0,0,0,1088,3309,512,4991,4479,874.8,3.6574,nan,edge/x86_64,unknown,3.12.3,2026-10-09T18:44:58Z
129,ML-KEM-768+ML-DSA-65,post-quantum,3,wrap_flow,0.1172,0.0,0.0,0.0,0,0,1088,3309,512,4991,4479,874.8,1.7573,nan,edge/x86_64,unknown,3.12.3,2026-10-09T18:44:58Z
130,ML-KEM-768+ML-DSA-65,post-quantum,3,wrap_flow,0.2081,0.0,0.0,0.0,0,0,1088,3309,512,4991,4479,874.8,3.1208,nan,edge/x86_64,unknown,3.12.3,2026-10-09T18:44:58Z
131,ML-KEM-768+ML-DSA-65,post-quantum,3,wrap_flow,0.1373,0.0,0.0,0.0,0,0,1088,3309,512,4991,4479,874.8,2.0597,nan,edge/x86_64,unknown,3.12.3,2026-10-09T18:44:58Z
132,ML-KEM-768+ML-DSA-65,post-quantum,3,wrap_flow,0.1279,0.0,0.0,0.0,0,0,1088,3309,512,4991,4479,874.8,1.919,nan,edge/x86_64,unknown,3.12.3,2026-10-09T18:44:58Z
133,ML-KEM-768+ML-DSA-65,post-quantum,3,wrap_flow,0.116,0.0,0.0,0.0,0,0,1088,3309,512,4991,4479,874.8,1.7395,nan,edge/x86_64,unknown,3.12.3,2026-10-09T18:44:58Z
134,ML-KEM-768+ML-DSA-65,post-quantum,3,wrap_flow,0.1637,0.0,0.0,0.0,0,0,1088,3309,512,4991,4479,874.8,2.456,nan,edge/x86_64,unknown,3.12.3,2026-10-09T18:44:58Z
135,ML-KEM-768+ML-DSA-65,post-quantum,3,wrap_flow,0.2075,0.0,0.0,0.0,0,0,1088,3309,512,4991,4479,874.8,3.1121,nan,edge/x86_64,unknown,3.12.3,2026-10-09T18:44:58Z
136,ML-KEM-768+ML-DSA-65,post-quantum,3,wrap_flow,0.1851,0.0,0.0,0.0,0,0,1088,3309,512,4991,4479,874.8,2.7761,nan,edge/x86_64,unknown,3.12.3,2026-10-09T18:44:58Z
137,ML-KEM-768+ML-DSA-65,post-quantum,3,wrap_flow,0.1141,0.0,0.0,0.0,0,0,1088,3309,512,4991,4479,874.8,1.711,nan,edge/x86_64,unknown,3.12.3,2026-10-09T18:44:58Z
138,ML-KEM-768+ML-DSA-65,post-quantum,3,wrap_flow,0.1629,0.0,0.0,0.0,0,0,1088,3309,512,4991,4479,874.8,2.4429,nan,edge/x86_64,unknown,3.12.3,2026-10-09T18:44:58Z
139,ML-KEM-768+ML-DSA-65,post-quantum,3,wrap_flow,0.1386,0.0,0.0,0.0,0,0,1088,3309,512,4991,4479,874.8,2.0794,nan,edge/x86_64,unknown,3.12.3,2026-10-09T18:44:58Z
140,ML-KEM-768+ML-DSA-65,post-quantum,3,wrap_flow,0.2172,0.0,0.0,0.0,0,0,1088,3309,512,4991,4479,874.8,3.2584,nan,edge/x86_64,unknown,3.12.3,2026-10-09T18:44:58Z
141,ML-KEM-768+ML-DSA-65,post-quantum,3,wrap_flow,0.17,0.0,0.0,0.0,0,0,1088,3309,512,4991,4479,874.8,2.5495,nan,edge/x86_64,unknown,3.12.3,2026-10-09T18:44:58Z
142,ML-KEM-768+ML-DSA-65,post-quantum,3,wrap_flow,0.1993,0.0,0.0,0.0,0,0,1088,3309,512,4991,4479,874.8,2.9891,nan,edge/x86_64,unknown,3.12.3,2026-10-09T18:44:58Z
143,ML-KEM-768+ML-DSA-65,post-quantum,3,wrap_flow,0.1242,0.0,0.0,0.0,0,0,1088,3309,512,4991,4479,874.8,1.8626,nan,edge/x86_64,unknown,3.12.3,2026-10-09T18:44:58Z
144,ML-KEM-768+ML-DSA-65,post-quantum,3,wrap_flow,0.115,0.0,0.0,0.0,0,0,1088,3309,512,4991,4479,874.8,1.7255,nan,edge/x86_64,unknown,3.12.3,2026-10-09T18:44:58Z
145,ML-KEM-768+ML-DSA-65,post-quantum,3,wrap_flow,0.2223,0.0,0.0,0.0,0,0,1088,3309,512,4991,4479,874.8,3.335,nan,edge/x86_64,unknown,3.12.3,2026-10-09T18:44:58Z
146,ML-KEM-768+ML-DSA-65,post-quantum,3,wrap_flow,0.1644,0.0,0.0,0.0,0,0,1088,3309,512,4991,4479,874.8,2.4667,nan,edge/x86_64,unknown,3.12.3,2026-10-09T18:44:58Z
147,ML-KEM-768+ML-DSA-65,post-quantum,3,wrap_flow,0.1505,0.0,0.0,0.0,0,0,1088,3309,512,4991,4479,874.8,2.2573,nan,edge/x86_64,unknown,3.12.3,2026-10-09T18:44:58Z
148,ML-KEM-768+ML-DSA-65,post-quantum,3,wrap_flow,0.1152,0.0,0.0,0.0,0,0,1088,3309,512,4991,4479,874.8,1.7283,nan,edge/x86_64,unknown,3.12.3,2026-10-09T18:44:58Z
149,ML-KEM-768+ML-DSA-65,post-quantum,3,wrap_flow,0.1668,0.0,0.0,0.0,0,0,1088,3309,512,4991,4479,874.8,2.5026,nan,edge/x86_64,unknown,3.12.3,2026-10-09T18:44:58Z
150,ML-KEM-768+ML-DSA-65,post-quantum,3,wrap_flow,0.3083,0.0,0.0,0.0,0,0,1088,3309,512,4991,4479,874.8,4.6241,nan,edge/x86_64,unknown,3.12.3,2026-10-09T18:44:58Z
151,ML-KEM-768+ML-DSA-65,post-quantum,3,wrap_flow,0.1497,0.0,0.0,0.0,0,0,1088,3309,512,4991,4479,874.8,2.2455,nan,edge/x86_64,unknown,3.12.3,2026-10-09T18:44:58Z
152,ML-KEM-768+ML-DSA-65,post-quantum,3,wrap_flow,0.3835,0.0,0.0,0.0,0,0,1088,3309,512,4991,4479,874.8,5.7527,nan,edge/x86_64,unknown,3.12.3,2026-10-09T18:44:58Z
153,ML-KEM-768+ML-DSA-65,post-quantum,3,wrap_flow,0.1974,0.0,0.0,0.0,0,0,1088,3309,512,4991,4479,874.8,2.9605,nan,edge/x86_64,unknown,3.12.3,2026-10-09T18:44:58Z
154,ML-KEM-768+ML-DSA-65,post-quantum,3,wrap_flow,0.1566,0.0,0.0,0.0,0,0,1088,3309,512,4991,4479,874.8,2.3489,nan,edge/x86_64,unknown,3.12.3,2026-10-09T18:44:58Z
155,ML-KEM-768+ML-DSA-65,post-quantum,3,wrap_flow,0.1266,0.0,0.0,0.0,0,0,1088,3309,512,4991,4479,874.8,1.8993,nan,edge/x86_64,unknown,3.12.3,2026-10-09T18:44:58Z
156,ML-KEM-768+ML-DSA-65,post-quantum,3,wrap_flow,0.2786,0.0,0.0,0.0,0,0,1088,3309,512,4991,4479,874.8,4.1787,nan,edge/x86_64,unknown,3.12.3,2026-10-09T18:44:58Z
157,ML-KEM-768+ML-DSA-65,post-quantum,3,wrap_flow,0.1169,0.0,0.0,0.0,0,0,1088,3309,512,4991,4479,874.8,1.7534,nan,edge/x86_64,unknown,3.12.3,2026-10-09T18:44:58Z
158,ML-KEM-768+ML-DSA-65,post-quantum,3,wrap_flow,0.2155,0.0,0.0,0.0,0,0,1088,3309,512,4991,4479,874.8,3.2323,nan,edge/x86_64,unknown,3.12.3,2026-10-09T18:44:58Z
159,ML-KEM-768+ML-DSA-65,post-quantum,3,wrap_flow,0.1464,0.0,0.0,0.0,0,0,1088,3309,512,4991,4479,874.8,2.1954,nan,edge/x86_64,unknown,3.12.3,2026-10-09T18:44:58Z
160,ML-KEM-768+ML-DSA-65,post-quantum,3,wrap_flow,0.1555,0.0,0.0,0.0,0,0,1088,3309,512,4991,4479,874.8,2.3328,nan,edge/x86_64,unknown,3.12.3,2026-10-09T18:44:58Z
161,ML-KEM-768+ML-DSA-65,post-quantum,3,wrap_flow,0.5588,0.0,0.0,0.0,0,0,1088,3309,512,4991,4479,874.8,8.3822,nan,edge/x86_64,unknown,3.12.3,2026-10-09T18:44:58Z
162,ML-KEM-768+ML-DSA-65,post-quantum,3,wrap_flow,0.1369,0.0,0.0,0.0,0,0,1088,3309,512,4991,4479,874.8,2.0537,nan,edge/x86_64,unknown,3.12.3,2026-10-09T18:44:58Z
163,ML-KEM-768+ML-DSA-65,post-quantum,3,wrap_flow,0.1537,0.0,0.0,0.0,0,0,1088,3309,512,4991,4479,874.8,2.3057,nan,edge/x86_64,unknown,3.12.3,2026-10-09T18:44:58Z
164,ML-KEM-768+ML-DSA-65,post-quantum,3,wrap_flow,0.1146,0.0,0.0,0.0,0,0,1088,3309,512,4991,4479,874.8,1.7192,nan,edge/x86_64,unknown,3.12.3,2026-10-09T18:44:58Z
165,ML-KEM-768+ML-DSA-65,post-quantum,3,wrap_flow,0.3681,0.0,0.0,0.0,0,0,1088,3309,512,4991,4479,874.8,5.521,nan,edge/x86_64,unknown,3.12.3,2026-10-09T18:44:58Z
166,ML-KEM-768+ML-DSA-65,post-quantum,3,wrap_flow,0.1299,0.0,0.0,0.0,0,0,1088,3309,512,4991,4479,874.8,1.9492,nan,edge/x86_64,unknown,3.12.3,2026-10-09T18:44:58Z
167,ML-KEM-768+ML-DSA-65,post-quantum,3,wrap_flow,0.1355,0.0,0.0,0.0,0,0,1088,3309,512,4991,4479,874.8,2.0328,nan,edge/x86_64,unknown,3.12.3,2026-10-09T18:44:58Z
168,ML-KEM-768+ML-DSA-65,post-quantum,3,wrap_flow,0.1251,0.0,0.0,0.0,0,0,1088,3309,512,4991,4479,874.8,1.8766,nan,edge/x86_64,unknown,3.12.3,2026-10-09T18:44:58Z
169,ML-KEM-768+ML-DSA-65,post-quantum,3,wrap_flow,0.1593,0.0,0.0,0.0,0,0,1088,3309,512,4991,4479,874.8,2.3898,nan,edge/x86_64,unknown,3.12.3,2026-10-09T18:44:58Z
170,ML-KEM-768+ML-DSA-65,post-quantum,3,wrap_flow,0.1379,0.0,0.0,0.0,0,0,1088,3309,512,4991,4479,874.8,2.0678,nan,edge/x86_64,unknown,3.12.3,2026-10-09T18:44:58Z
171,ML-KEM-768+ML-DSA-65,post-quantum,3,wrap_flow,0.387,0.0,0.0,0.0,0,0,1088,3309,512,4991,4479,874.8,5.805,nan,edge/x86_64,unknown,3.12.3,2026-10-09T18:44:58Z
172,ML-KEM-768+ML-DSA-65,post-quantum,3,wrap_flow,0.2888,0.0,0.0,0.0,0,0,1088,3309,512,4991,4479,874.8,4.332,nan,edge/x86_64,unknown,3.12.3,2026-10-09T18:44:58Z
173,ML-KEM-768+ML-DSA-65,post-quantum,3,wrap_flow,0.254,0.0,0.0,0.0,0,0,1088,3309,512,4991,4479,874.8,3.8106,nan,edge/x86_64,unknown,3.12.3,2026-10-09T18:44:58Z
174,ML-KEM-768+ML-DSA-65,post-quantum,3,wrap_flow,0.1932,0.0,0.0,0.0,0,0,1088,3309,512,4991,4479,874.8,2.8974,nan,edge/x86_64,unknown,3.12.3,2026-10-09T18:44:58Z
175,ML-KEM-768+ML-DSA-65,post-quantum,3,wrap_flow,0.1401,0.0,0.0,0.0,0,0,1088,3309,512,4991,4479,874.8,2.1017,nan,edge/x86_64,unknown,3.12.3,2026-10-09T18:44:58Z
176,ML-KEM-768+ML-DSA-65,post-quantum,3,wrap_flow,0.174,0.0,0.0,0.0,0,0,1088,3309,512,4991,4479,874.8,2.6104,nan,edge/x86_64,unknown,3.12.3,2026-10-09T18:44:58Z
177,ML-KEM-768+ML-DSA-65,post-quantum,3,wrap_flow,0.1383,0.0,0.0,0.0,0,0,1088,3309,512,4991,4479,874.8,2.0752,nan,edge/x86_64,unknown,3.12.3,2026-10-09T18:44:58Z
178,ML-KEM-768+ML-DSA-65,post-quantum,3,wrap_flow,0.3413,0.0,0.0,0.0,0,0,1088,3309,512,4991,4479,874.8,5.1191,nan,edge/x86_64,unknown,3.12.3,2026-10-09T18:44:58Z
179,ML-KEM-768+ML-DSA-65,post-quantum,3,wrap_flow,0.3081,0.0,0.0,0.0,0,0,1088,3309,512,4991,4479,874.8,4.6219,nan,edge/x86_64,unknown,3.12.3,2026-10-09T18:44:58Z
180,ML-KEM-768+ML-DSA-65,post-quantum,3,wrap_flow,0.1517,0.0,0.0,0.0,0,0,1088,3309,512,4991,4479,874.8,2.2751,nan,edge/x86_64,unknown,3.12.3,2026-10-09T18:44:58Z
181,ML-KEM-768+ML-DSA-65,post-quantum,3,wrap_flow,0.1776,0.0,0.0,0.0,0,0,1088,3309,512,4991,4479,874.8,2.6642,nan,edge/x86_64,unknown,3.12.3,2026-10-09T18:44:58Z
182,ML-KEM-768+ML-DSA-65,post-quantum,3,wrap_flow,0.3543,0.0,0.0,0.0,0,0,1088,3309,512,4991,4479,874.8,5.3145,nan,edge/x86_64,unknown,3.12.3,2026-10-09T18:44:58Z
183,ML-KEM-768+ML-DSA-65,post-quantum,3,wrap_flow,0.303,0.0,0.0,0.0,0,0,1088,3309,512,4991,4479,874.8,4.5447,nan,edge/x86_64,unknown,3.12.3,2026-10-09T18:44:58Z
184,ML-KEM-768+ML-DSA-65,post-quantum,3,wrap_flow,0.1832,0.0,0.0,0.0,0,0,1088,3309,512,4991,4479,874.8,2.7479,nan,edge/x86_64,unknown,3.12.3,2026-10-09T18:44:58Z
185,ML-KEM-768+ML-DSA-65,post-quantum,3,wrap_flow,0.2331,0.0,0.0,0.0,0,0,1088,3309,512,4991,4479,874.8,3.4959,nan,edge/x86_64,unknown,3.12.3,2026-10-09T18:44:58Z
186,ML-KEM-768+ML-DSA-65,post-quantum,3,wrap_flow,0.1863,0.0,0.0,0.0,0,0,1088,3309,512,4991,4479,874.8,2.7945,nan,edge/x86_64,unknown,3.12.3,2026-10-09T18:44:58Z
187,ML-KEM-768+ML-DSA-65,post-quantum,3,wrap_flow,0.2397,0.0,0.0,0.0,0,0,1088,3309,512,4991,4479,874.8,3.5958,nan,edge/x86_64,unknown,3.12.3,2026-10-09T18:44:58Z
188,ML-KEM-768+ML-DSA-65,post-quantum,3,wrap_flow,0.1539,0.0,0.0,0.0,0,0,1088,3309,512,4991,4479,874.8,2.3083,nan,edge/x86_64,unknown,3.12.3,2026-10-09T18:44:58Z
189,ML-KEM-768+ML-DSA-65,post-quantum,3,wrap_flow,0.2737,0.0,0.0,0.0,0,0,1088,3309,512,4991,4479,874.8,4.1051,nan,edge/x86_64,unknown,3.12.3,2026-10-09T18:44:58Z
190,ML-KEM-768+ML-DSA-65,post-quantum,3,wrap_flow,0.1278,0.0,0.0,0.0,0,0,1088,3309,512,4991,4479,874.8,1.9175,nan,edge/x86_64,unknown,3.12.3,2026-10-09T18:44:58Z
191,ML-KEM-768+ML-DSA-65,post-quantum,3,wrap_flow,0.1153,0.0,0.0,0.0,0,0,1088,3309,512,4991,4479,874.8,1.7292,nan,edge/x86_64,unknown,3.12.3,2026-10-09T18:44:58Z
192,ML-KEM-768+ML-DSA-65,post-quantum,3,wrap_flow,0.1732,0.0,0.0,0.0,0,0,1088,3309,512,4991,4479,874.8,2.5982,nan,edge/x86_64,unknown,3.12.3,2026-10-09T18:44:58Z
193,ML-KEM-768+ML-DSA-65,post-quantum,3,wrap_flow,0.1576,0.0,0.0,0.0,0,0,1088,3309,512,4991,4479,874.8,2.3635,nan,edge/x86_64,unknown,3.12.3,2026-10-09T18:44:58Z
194,ML-KEM-768+ML-DSA-65,post-quantum,3,wrap_flow,0.1414,0.0,0.0,0.0,0,0,1088,3309,512,4991,4479,874.8,2.1213,nan,edge/x86_64,unknown,3.12.3,2026-10-09T18:44:58Z
195,ML-KEM-768+ML-DSA-65,post-quantum,3,wrap_flow,0.3364,0.0,0.0,0.0,0,0,1088,3309,512,4991,4479,874.8,5.0462,nan,edge/x86_64,unknown,3.12.3,2026-10-09T18:44:58Z
196,ML-KEM-768+ML-DSA-65,post-quantum,3,wrap_flow,0.274,0.0,0.0,0.0,0,0,1088,3309,512,4991,4479,874.8,4.1097,nan,edge/x86_64,unknown,3.12.3,2026-10-09T18:44:58Z
197,ML-KEM-768+ML-DSA-65,post-quantum,3,wrap_flow,0.3391,0.0,0.0,0.0,0,0,1088,3309,512,4991,4479,874.8,5.0866,nan,edge/x86_64,unknown,3.12.3,2026-10-09T18:44:58Z
198,ML-KEM-768+ML-DSA-65,post-quantum,3,wrap_flow,0.2596,0.0,0.0,0.0,0,0,1088,3309,512,4991,4479,874.8,3.8939,nan,edge/x86_64,unknown,3.12.3,2026-10-09T18:44:58Z
199,ML-KEM-768+ML-DSA-65,post-quantum,3,wrap_flow,0.2714,0.0,0.0,0.0,0,0,1088,3309,512,4991,4479,874.8,4.071,nan,edge/x86_64,unknown,3.12.3,2026-10-09T18:44:58Z
0,ML-KEM-768+ML-DSA-65,post-quantum,3,wrap_flow,0.3112,0.0,0.0,0.0,0,0,1088,3309,1024,5503,4479,437.4,4.6686,nan,edge/x86_64,unknown,3.12.3,2026-10-09T18:44:58Z
1,ML-KEM-768+ML-DSA-65,post-quantum,3,wrap_flow,0.4561,0.0,0.0,0.0,0,0,1088,3309,1024,5503,4479,437.4,6.8411,nan,edge/x86_64,unknown,3.12.3,2026-10-09T18:44:58Z
2,ML-KEM-768+ML-DSA-65,post-quantum,3,wrap_flow,0.1905,0.0,0.0,0.0,0,0,1088,3309,1024,5503,4479,437.4,2.8569,nan,edge/x86_64,unknown,3.12.3,2026-10-09T18:44:58Z
3,ML-KEM-768+ML-DSA-65,post-quantum,3,wrap_flow,0.6676,0.0,0.0,0.0,0,0,1088,3309,1024,5503,4479,437.4,10.0134,nan,edge/x86_64,unknown,3.12.3,2026-10-09T18:44:58Z
4,ML-KEM-768+ML-DSA-65,post-quantum,3,wrap_flow,0.3916,0.0,0.0,0.0,0,0,1088,3309,1024,5503,4479,437.4,5.874,nan,edge/x86_64,unknown,3.12.3,2026-10-09T18:44:58Z
5,ML-KEM-768+ML-DSA-65,post-quantum,3,wrap_flow,0.3402,0.0,0.0,0.0,0,0,1088,3309,1024,5503,4479,437.4,5.103,nan,edge/x86_64,unknown,3.12.3,2026-10-09T18:44:58Z
6,ML-KEM-768+ML-DSA-65,post-quantum,3,wrap_flow,0.5685,0.0,0.0,0.0,0,0,1088,3309,1024,5503,4479,437.4,8.528,nan,edge/x86_64,unknown,3.12.3,2026-10-09T18:44:58Z
7,ML-KEM-768+ML-DSA-65,post-quantum,3,wrap_flow,0.4017,0.0,0.0,0.0,0,0,1088,3309,1024,5503,4479,437.4,6.0255,nan,edge/x86_64,unknown,3.12.3,2026-10-09T18:44:58Z
8,ML-KEM-768+ML-DSA-65,post-quantum,3,wrap_flow,0.2263,0.0,0.0,0.0,0,0,1088,3309,1024,5503,4479,437.4,3.3945,nan,edge/x86_64,unknown,3.12.3,2026-10-09T18:44:58Z
9,ML-KEM-768+ML-DSA-65,post-quantum,3,wrap_flow,0.2724,0.0,0.0,0.0,0,0,1088,3309,1024,5503,4479,437.4,4.0867,nan,edge/x86_64,unknown,3.12.3,2026-10-09T18:44:58Z
10,ML-KEM-768+ML-DSA-65,post-quantum,3,wrap_flow,0.1994,0.0,0.0,0.0,0,0,1088,3309,1024,5503,4479,437.4,2.9916,nan,edge/x86_64,unknown,3.12.3,2026-10-09T18:44:58Z
11,ML-KEM-768+ML-DSA-65,post-quantum,3,wrap_flow,0.3134,0.0,0.0,0.0,0,0,1088,3309,1024,5503,4479,437.4,4.7007,nan,edge/x86_64,unknown,3.12.3,2026-10-09T18:44:58Z
12,ML-KEM-768+ML-DSA-65,post-quantum,3,wrap_flow,0.2207,0.0,0.0,0.0,0,0,1088,3309,1024,5503,4479,437.4,3.31,nan,edge/x86_64,unknown,3.12.3,2026-10-09T18:44:58Z
13,ML-KEM-768+ML-DSA-65,post-quantum,3,wrap_flow,0.2846,0.0,0.0,0.0,0,0,1088,3309,1024,5503,4479,437.4,4.2695,nan,edge/x86_64,unknown,3.12.3,2026-10-09T18:44:58Z
14,ML-KEM-768+ML-DSA-65,post-quantum,3,wrap_flow,0.2132,0.0,0.0,0.0,0,0,1088,3309,1024,5503,4479,437.4,3.1986,nan,edge/x86_64,unknown,3.12.3,2026-10-09T18:44:58Z
15,ML-KEM-768+ML-DSA-65,post-quantum,3,wrap_flow,0.2591,0.0,0.0,0.0,0,0,1088,3309,1024,5503,4479,437.4,3.8859,nan,edge/x86_64,unknown,3.12.3,2026-10-09T18:44:58Z
16,ML-KEM-768+ML-DSA-65,post-quantum,3,wrap_flow,0.2342,0.0,0.0,0.0,0,0,1088,3309,1024,5503,4479,437.4,3.5133,nan,edge/x86_64,unknown,3.12.3,2026-10-09T18:44:58Z
17,ML-KEM-768+ML-DSA-65,post-quantum,3,wrap_flow,0.2248,0.0,0.0,0.0,0,0,1088,3309,1024,5503,4479,437.4,3.3724,nan,edge/x86_64,unknown,3.12.3,2026-10-09T18:44:58Z
18,ML-KEM-768+ML-DSA-65,post-quantum,3,wrap_flow,0.2482,0.0,0.0,0.0,0,0,1088,3309,1024,5503,4479,437.4,3.7234,nan,edge/x86_64,unknown,3.12.3,2026-10-09T18:44:58Z
19,ML-KEM-768+ML-DSA-65,post-quantum,3,wrap_flow,0.2845,0.0,0.0,0.0,0,0,1088,3309,1024,5503,4479,437.4,4.2676,nan,edge/x86_64,unknown,3.12.3,2026-10-09T18:44:58Z
20,ML-KEM-768+ML-DSA-65,post-quantum,3,wrap_flow,0.2647,0.0,0.0,0.0,0,0,1088,3309,1024,5503,4479,437.4,3.9705,nan,edge/x86_64,unknown,3.12.3,2026-10-09T18:44:58Z
21,ML-KEM-768+ML-DSA-65,post-quantum,3,wrap_flow,0.3651,0.0,0.0,0.0,0,0,1088,3309,1024,5503,4479,437.4,5.4762,nan,edge/x86_64,unknown,3.12.3,2026-10-09T18:44:58Z
22,ML-KEM-768+ML-DSA-65,post-quantum,3,wrap_flow,0.3342,0.0,0.0,0.0,0,0,1088,3309,1024,5503,4479,437.4,5.0132,nan,edge/x86_64,unknown,3.12.3,2026-10-09T18:44:58Z
23,ML-KEM-768+ML-DSA-65,post-quantum,3,wrap_flow,0.3353,0.0,0.0,0.0,0,0,1088,3309,1024,5503,4479,437.4,5.0294,nan,edge/x86_64,unknown,3.12.3,2026-10-09T18:44:58Z
24,ML-KEM-768+ML-DSA-65,post-quantum,3,wrap_flow,0.364,0.0,0.0,0.0,0,0,1088,3309,1024,5503,4479,437.4,5.4596,nan,edge/x86_64,unknown,3.12.3,2026-10-09T18:44:58Z
25,ML-KEM-768+ML-DSA-65,post-quantum,3,wrap_flow,0.2561,0.0,0.0,0.0,0,0,1088,3309,1024,5503,4479,437.4,3.8408,nan,edge/x86_64,unknown,3.12.3,2026-10-09T18:44:58Z
26,ML-KEM-768+ML-DSA-65,post-quantum,3,wrap_flow,0.1626,0.0,0.0,0.0,0,0,1088,3309,1024,5503,4479,437.4,2.4397,nan,edge/x86_64,unknown,3.12.3,2026-10-09T18:44:58Z
27,ML-KEM-768+ML-DSA-65,post-quantum,3,wrap_flow,0.1764,0.0,0.0,0.0,0,0,1088,3309,1024,5503,4479,437.4,2.6464,nan,edge/x86_64,unknown,3.12.3,2026-10-09T18:44:58Z
28,ML-KEM-768+ML-DSA-65,post-quantum,3,wrap_flow,0.3713,0.0,0.0,0.0,0,0,1088,3309,1024,5503,4479,437.4,5.569,nan,edge/x86_64,unknown,3.12.3,2026-10-09T18:44:58Z
29,ML-KEM-768+ML-DSA-65,post-quantum,3,wrap_flow,0.183,0.0,0.0,0.0,0,0,1088,3309,1024,5503,4479,437.4,2.745,nan,edge/x86_64,unknown,3.12.3,2026-10-09T18:44:58Z
30,ML-KEM-768+ML-DSA-65,post-quantum,3,wrap_flow,0.1784,0.0,0.0,0.0,0,0,1088,3309,1024,5503,4479,437.4,2.6755,nan,edge/x86_64,unknown,3.12.3,2026-10-09T18:44:58Z
31,ML-KEM-768+ML-DSA-65,post-quantum,3,wrap_flow,0.1728,0.0,0.0,0.0,0,0,1088,3309,1024,5503,4479,437.4,2.5916,nan,edge/x86_64,unknown,3.12.3,2026-10-09T18:44:58Z
32,ML-KEM-768+ML-DSA-65,post-quantum,3,wrap_flow,0.2332,0.0,0.0,0.0,0,0,1088,3309,1024,5503,4479,437.4,3.498,nan,edge/x86_64,unknown,3.12.3,2026-10-09T18:44:58Z
33,ML-KEM-768+ML-DSA-65,post-quantum,3,wrap_flow,0.1637,0.0,0.0,0.0,0,0,1088,3309,1024,5503,4479,437.4,2.456,nan,edge/x86_64,unknown,3.12.3,2026-10-09T18:44:58Z
34,ML-KEM-768+ML-DSA-65,post-quantum,3,wrap_flow,0.1422,0.0,0.0,0.0,0,0,1088,3309,1024,5503,4479,437.4,2.1333,nan,edge/x86_64,unknown,3.12.3,2026-10-09T18:44:58Z
35,ML-KEM-768+ML-DSA-65,post-quantum,3,wrap_flow,0.1767,0.0,0.0,0.0,0,0,1088,3309,1024,5503,4479,437.4,2.6508,nan,edge/x86_64,unknown,3.12.3,2026-10-09T18:44:58Z
36,ML-KEM-768+ML-DSA-65,post-quantum,3,wrap_flow,0.1712,0.0,0.0,0.0,0,0,1088,3309,1024,5503,4479,437.4,2.5677,nan,edge/x86_64,unknown,3.12.3,2026-10-09T18:44:58Z
37,ML-KEM-768+ML-DSA-65,post-quantum,3,wrap_flow,0.3988,0.0,0.0,0.0,0,0,1088,3309,1024,5503,4479,437.4,5.9814,nan,edge/x86_64,unknown,3.12.3,2026-10-09T18:44:58Z
38,ML-KEM-768+ML-DSA-65,post-quantum,3,wrap_flow,0.2627,0.0,0.0,0.0,0,0,1088,3309,1024,5503,4479,437.4,3.9409,nan,edge/x86_64,unknown,3.12.3,2026-10-09T18:44:58Z
39,ML-KEM-768+ML-DSA-65,post-quantum,3,wrap_flow,0.2008,0.0,0.0,0.0,0,0,1088,3309,1024,5503,4479,437.4,3.0126,nan,edge/x86_64,unknown,3.12.3,2026-10-09T18:44:58Z
40,ML-KEM-768+ML-DSA-65,post-quantum,3,wrap_flow,0.3463,0.0,0.0,0.0,0,0,1088,3309,1024,5503,4479,437.4,5.1949,nan,edge/x86_64,unknown,3.12.3,2026-10-09T18:44:58Z
41,ML-KEM-768+ML-DSA-65,post-quantum,3,wrap_flow,0.1951,0.0,0.0,0.0,0,0,1088,3309,1024,5503,4479,437.4,2.927,nan,edge/x86_64,unknown,3.12.3,2026-10-09T18:44:58Z
42,ML-KEM-768+ML-DSA-65,post-quantum,3,wrap_flow,0.1871,0.0,0.0,0.0,0,0,1088,3309,1024,5503,4479,437.4,2.8066,nan,edge/x86_64,unknown,3.12.3,2026-10-09T18:44:58Z
43,ML-KEM-768+ML-DSA-65,post-quantum,3,wrap_flow,0.3358,0.0,0.0,0.0,0,0,1088,3309,1024,5503,4479,437.4,5.0371,nan,edge/x86_64,unknown,3.12.3,2026-10-09T18:44:58Z
44,ML-KEM-768+ML-DSA-65,post-quantum,3,wrap_flow,0.4066,0.0,0.0,0.0,0,0,1088,3309,1024,5503,4479,437.4,6.0996,nan,edge/x86_64,unknown,3.12.3,2026-10-09T18:44:58Z
45,ML-KEM-768+ML-DSA-65,post-quantum,3,wrap_flow,0.2919,0.0,0.0,0.0,0,0,1088,3309,1024,5503,4479,437.4,4.3791,nan,edge/x86_64,unknown,3.12.3,2026-10-09T18:44:58Z
46,ML-KEM-768+ML-DSA-65,post-quantum,3,wrap_flow,0.1999,0.0,0.0,0.0,0,0,1088,3309,1024,5503,4479,437.4,2.998,nan,edge/x86_64,unknown,3.12.3,2026-10-09T18:44:58Z
47,ML-KEM-768+ML-DSA-65,post-quantum,3,wrap_flow,0.3489,0.0,0.0,0.0,0,0,1088,3309,1024,5503,4479,437.4,5.234,nan,edge/x86_64,unknown,3.12.3,2026-10-09T18:44:58Z
48,ML-KEM-768+ML-DSA-65,post-quantum,3,wrap_flow,0.2817,0.0,0.0,0.0,0,0,1088,3309,1024,5503,4479,437.4,4.225,nan,edge/x86_64,unknown,3.12.3,2026-10-09T18:44:58Z
49,ML-KEM-768+ML-DSA-65,post-quantum,3,wrap_flow,0.2973,0.0,0.0,0.0,0,0,1088,3309,1024,5503,4479,437.4,4.4602,nan,edge/x86_64,unknown,3.12.3,2026-10-09T18:44:58Z
50,ML-KEM-768+ML-DSA-65,post-quantum,3,wrap_flow,0.2295,0.0,0.0,0.0,0,0,1088,3309,1024,5503,4479,437.4,3.443,nan,edge/x86_64,unknown,3.12.3,2026-10-09T18:44:58Z
51,ML-KEM-768+ML-DSA-65,post-quantum,3,wrap_flow,0.2765,0.0,0.0,0.0,0,0,1088,3309,1024,5503,4479,437.4,4.1479,nan,edge/x86_64,unknown,3.12.3,2026-10-09T18:44:58Z
52,ML-KEM-768+ML-DSA-65,post-quantum,3,wrap_flow,0.3989,0.0,0.0,0.0,0,0,1088,3309,1024,5503,4479,437.4,5.9831,nan,edge/x86_64,unknown,3.12.3,2026-10-09T18:44:58Z
53,ML-KEM-768+ML-DSA-65,post-quantum,3,wrap_flow,0.3684,0.0,0.0,0.0,0,0,1088,3309,1024,5503,4479,437.4,5.5261,nan,edge/x86_64,unknown,3.12.3,2026-10-09T18:44:58Z
54,ML-KEM-768+ML-DSA-65,post-quantum,3,wrap_flow,0.1928,0.0,0.0,0.0,0,0,1088,3309,1024,5503,4479,437.4,2.892,nan,edge/x86_64,unknown,3.12.3,2026-10-09T18:44:58Z
55,ML-KEM-768+ML-DSA-65,post-quantum,3,wrap_flow,0.1901,0.0,0.0,0.0,0,0,1088,3309,1024,5503,4479,437.4,2.851,nan,edge/x86_64,unknown,3.12.3,2026-10-09T18:44:58Z
56,ML-KEM-768+ML-DSA-65,post-quantum,3,wrap_flow,0.25,0.0,0.0,0.0,0,0,1088,3309,1024,5503,4479,437.4,3.7501,nan,edge/x86_64,unknown,3.12.3,2026-10-09T18:44:58Z
57,ML-KEM-768+ML-DSA-65,post-quantum,3,wrap_flow,0.2539,0.0,0.0,0.0,0,0,1088,3309,1024,5503,4479,437.4,3.809,nan,edge/x86_64,unknown,3.12.3,2026-10-09T18:44:58Z
58,ML-KEM-768+ML-DSA-65,post-quantum,3,wrap_flow,0.1977,0.0,0.0,0.0,0,0,1088,3309,1024,5503,4479,437.4,2.9649,nan,edge/x86_64,unknown,3.12.3,2026-10-09T18:44:58Z
59,ML-KEM-768+ML-DSA-65,post-quantum,3,wrap_flow,0.4023,0.0,0.0,0.0,0,0,1088,3309,1024,5503,4479,437.4,6.035,nan,edge/x86_64,unknown,3.12.3,2026-10-09T18:44:58Z
60,ML-KEM-768+ML-DSA-65,post-quantum,3,wrap_flow,0.2205,0.0,0.0,0.0,0,0,1088,3309,1024,5503,4479,437.4,3.3076,nan,edge/x86_64,unknown,3.12.3,2026-10-09T18:44:58Z
61,ML-KEM-768+ML-DSA-65,post-quantum,3,wrap_flow,0.2311,0.0,0.0,0.0,0,0,1088,3309,1024,5503,4479,437.4,3.4667,nan,edge/x86_64,unknown,3.12.3,2026-10-09T18:44:58Z
62,ML-KEM-768+ML-DSA-65,post-quantum,3,wrap_flow,0.1926,0.0,0.0,0.0,0,0,1088,3309,1024,5503,4479,437.4,2.8885,nan,edge/x86_64,unknown,3.12.3,2026-10-09T18:44:58Z
63,ML-KEM-768+ML-DSA-65,post-quantum,3,wrap_flow,0.4596,0.0,0.0,0.0,0,0,1088,3309,1024,5503,4479,437.4,6.894,nan,edge/x86_64,unknown,3.12.3,2026-10-09T18:44:58Z
64,ML-KEM-768+ML-DSA-65,post-quantum,3,wrap_flow,0.3009,0.0,0.0,0.0,0,0,1088,3309,1024,5503,4479,437.4,4.5137,nan,edge/x86_64,unknown,3.12.3,2026-10-09T18:44:58Z
65,ML-KEM-768+ML-DSA-65,post-quantum,3,wrap_flow,0.2698,0.0,0.0,0.0,0,0,1088,3309,1024,5503,4479,437.4,4.0465,nan,edge/x86_64,unknown,3.12.3,2026-10-09T18:44:58Z
66,ML-KEM-768+ML-DSA-65,post-quantum,3,wrap_flow,0.3145,0.0,0.0,0.0,0,0,1088,3309,1024,5503,4479,437.4,4.7179,nan,edge/x86_64,unknown,3.12.3,2026-10-09T18:44:58Z
67,ML-KEM-768+ML-DSA-65,post-quantum,3,wrap_flow,0.2335,0.0,0.0,0.0,0,0,1088,3309,1024,5503,4479,437.4,3.5019,nan,edge/x86_64,unknown,3.12.3,2026-10-09T18:44:58Z
68,ML-KEM-768+ML-DSA-65,post-quantum,3,wrap_flow,0.4006,0.0,0.0,0.0,0,0,1088,3309,1024,5503,4479,437.4,6.0092,nan,edge/x86_64,unknown,3.12.3,2026-10-09T18:44:58Z
69,ML-KEM-768+ML-DSA-65,post-quantum,3,wrap_flow,0.206,0.0,0.0,0.0,0,0,1088,3309,1024,5503,4479,437.4,3.0896,nan,edge/x86_64,unknown,3.12.3,2026-10-09T18:44:58Z
70,ML-KEM-768+ML-DSA-65,post-quantum,3,wrap_flow,0.2483,0.0,0.0,0.0,0,0,1088,3309,1024,5503,4479,437.4,3.7239,nan,edge/x86_64,unknown,3.12.3,2026-10-09T18:44:58Z
71,ML-KEM-768+ML-DSA-65,post-quantum,3,wrap_flow,0.3152,0.0,0.0,0.0,0,0,1088,3309,1024,5503,4479,437.4,4.7276,nan,edge/x86_64,unknown,3.12.3,2026-10-09T18:44:58Z
72,ML-KEM-768+ML-DSA-65,post-quantum,3,wrap_flow,0.2532,0.0,0.0,0.0,0,0,1088,3309,1024,5503,4479,437.4,3.7986,nan,edge/x86_64,unknown,3.12.3,2026-10-09T18:44:58Z
73,ML-KEM-768+ML-DSA-65,post-quantum,3,wrap_flow,0.3027,0.0,0.0,0.0,0,0,1088,3309,1024,5503,4479,437.4,4.541,nan,edge/x86_64,unknown,3.12.3,2026-10-09T18:44:58Z
74,ML-KEM-768+ML-DSA-65,post-quantum,3,wrap_flow,0.2449,0.0,0.0,0.0,0,0,1088,3309,1024,5503,4479,437.4,3.6733,nan,edge/x86_64,unknown,3.12.3,2026-10-09T18:44:58Z
75,ML-KEM-768+ML-DSA-65,post-quantum,3,wrap_flow,0.3362,0.0,0.0,0.0,0,0,1088,3309,1024,5503,4479,437.4,5.0427,nan,edge/x86_64,unknown,3.12.3,2026-10-09T18:44:58Z
76,ML-KEM-768+ML-DSA-65,post-quantum,3,wrap_flow,0.2081,0.0,0.0,0.0,0,0,1088,3309,1024,5503,4479,437.4,3.1219,nan,edge/x86_64,unknown,3.12.3,2026-10-09T18:44:58Z
77,ML-KEM-768+ML-DSA-65,post-quantum,3,wrap_flow,0.9581,0.0,0.0,0.0,0,0,1088,3309,1024,5503,4479,437.4,14.3722,nan,edge/x86_64,unknown,3.12.3,2026-10-09T18:44:58Z
78,ML-KEM-768+ML-DSA-65,post-quantum,3,wrap_flow,0.3332,0.0,0.0,0.0,0,0,1088,3309,1024,5503,4479,437.4,4.998,nan,edge/x86_64,unknown,3.12.3,2026-10-09T18:44:58Z
79,ML-KEM-768+ML-DSA-65,post-quantum,3,wrap_flow,0.2191,0.0,0.0,0.0,0,0,1088,3309,1024,5503,4479,437.4,3.2871,nan,edge/x86_64,unknown,3.12.3,2026-10-09T18:44:58Z
80,ML-KEM-768+ML-DSA-65,post-quantum,3,wrap_flow,0.2028,0.0,0.0,0.0,0,0,1088,3309,1024,5503,4479,437.4,3.0416,nan,edge/x86_64,unknown,3.12.3,2026-10-09T18:44:58Z
81,ML-KEM-768+ML-DSA-65,post-quantum,3,wrap_flow,0.24,0.0,0.0,0.0,0,0,1088,3309,1024,5503,4479,437.4,3.6,nan,edge/x86_64,unknown,3.12.3,2026-10-09T18:44:58Z
82,ML-KEM-768+ML-DSA-65,post-quantum,3,wrap_flow,0.2836,0.0,0.0,0.0,0,0,1088,3309,1024,5503,4479,437.4,4.2541,nan,edge/x86_64,unknown,3.12.3,2026-10-09T18:44:58Z
83,ML-KEM-768+ML-DSA-65,post-quantum,3,wrap_flow,0.2971,0.0,0.0,0.0,0,0,1088,3309,1024,5503,4479,437.4,4.4572,nan,edge/x86_64,unknown,3.12.3,2026-10-09T18:44:58Z
84,ML-KEM-768+ML-DSA-65,post-quantum,3,wrap_flow,0.2164,0.0,0.0,0.0,0,0,1088,3309,1024,5503,4479,437.4,3.246,nan,edge/x86_64,unknown,3.12.3,2026-10-09T18:44:58Z
85,ML-KEM-768+ML-DSA-65,post-quantum,3,wrap_flow,0.2714,0.0,0.0,0.0,0,0,1088,3309,1024,5503,4479,437.4,4.0712,nan,edge/x86_64,unknown,3.12.3,2026-10-09T18:44:58Z
86,ML-KEM-768+ML-DSA-65,post-quantum,3,wrap_flow,0.3906,0.0,0.0,0.0,0,0,1088,3309,1024,5503,4479,437.4,5.8593,nan,edge/x86_64,unknown,3.12.3,2026-10-09T18:44:58Z
87,ML-KEM-768+ML-DSA-65,post-quantum,3,wrap_flow,0.4505,0.0,0.0,0.0,0,0,1088,3309,1024,5503,4479,437.4,6.7569,nan,edge/x86_64,unknown,3.12.3,2026-10-09T18:44:58Z
88,ML-KEM-768+ML-DSA-65,post-quantum,3,wrap_flow,0.4253,0.0,0.0,0.0,0,0,1088,3309,1024,5503,4479,437.4,6.3799,nan,edge/x86_64,unknown,3.12.3,2026-10-09T18:44:58Z
89,ML-KEM-768+ML-DSA-65,post-quantum,3,wrap_flow,0.3115,0.0,0.0,0.0,0,0,1088,3309,1024,5503,4479,437.4,4.672,nan,edge/x86_64,unknown,3.12.3,2026-10-09T18:44:58Z
90,ML-KEM-768+ML-DSA-65,post-quantum,3,wrap_flow,0.2408,0.0,0.0,0.0,0,0,1088,3309,1024,5503,4479,437.4,3.6119,nan,edge/x86_64,unknown,3.12.3,2026-10-09T18:44:58Z
91,ML-KEM-768+ML-DSA-65,post-quantum,3,wrap_flow,0.2989,0.0,0.0,0.0,0,0,1088,3309,1024,5503,4479,437.4,4.4838,nan,edge/x86_64,unknown,3.12.3,2026-10-09T18:44:58Z
92,ML-KEM-768+ML-DSA-65,post-quantum,3,wrap_flow,0.2277,0.0,0.0,0.0,0,0,1088,3309,1024,5503,4479,437.4,3.4151,nan,edge/x86_64,unknown,3.12.3,2026-10-09T18:44:58Z
93,ML-KEM-768+ML-DSA-65,post-quantum,3,wrap_flow,0.2377,0.0,0.0,0.0,0,0,1088,3309,1024,5503,4479,437.4,3.566,nan,edge/x86_64,unknown,3.12.3,2026-10-09T18:44:58Z
94,ML-KEM-768+ML-DSA-65,post-quantum,3,wrap_flow,0.2101,0.0,0.0,0.0,0,0,1088,3309,1024,5503,4479,437.4,3.1522,nan,edge/x86_64,unknown,3.12.3,2026-10-09T18:44:58Z
95,ML-KEM-768+ML-DSA-65,post-quantum,3,wrap_flow,0.3419,0.0,0.0,0.0,0,0,1088,3309,1024,5503,4479,437.4,5.1278,nan,edge/x86_64,unknown,3.12.3,2026-10-09T18:44:58Z
96,ML-KEM-768+ML-DSA-65,post-quantum,3,wrap_flow,0.3934,0.0,0.0,0.0,0,0,1088,3309,1024,5503,4479,437.4,5.9005,nan,edge/x86_64,unknown,3.12.3,2026-10-09T18:44:58Z
97,ML-KEM-768+ML-DSA-65,post-quantum,3,wrap_flow,0.3871,0.0,0.0,0.0,0,0,1088,3309,1024,5503,4479,437.4,5.8062,nan,edge/x86_64,unknown,3.12.3,2026-10-09T18:44:58Z
98,ML-KEM-768+ML-DSA-65,post-quantum,3,wrap_flow,0.2168,0.0,0.0,0.0,0,0,1088,3309,1024,5503,4479,437.4,3.2515,nan,edge/x86_64,unknown,3.12.3,2026-10-09T18:44:58Z
99,ML-KEM-768+ML-DSA-65,post-quantum,3,wrap_flow,0.2356,0.0,0.0,0.0,0,0,1088,3309,1024,5503,4479,437.4,3.5347,nan,edge/x86_64,unknown,3.12.3,2026-10-09T18:44:58Z
100,ML-KEM-768+ML-DSA-65,post-quantum,3,wrap_flow,0.1891,0.0,0.0,0.0,0,0,1088,3309,1024,5503,4479,437.4,2.8369,nan,edge/x86_64,unknown,3.12.3,2026-10-09T18:44:58Z
101,ML-KEM-768+ML-DSA-65,post-quantum,3,wrap_flow,0.1812,0.0,0.0,0.0,0,0,1088,3309,1024,5503,4479,437.4,2.7177,nan,edge/x86_64,unknown,3.12.3,2026-10-09T18:44:58Z
102,ML-KEM-768+ML-DSA-65,post-quantum,3,wrap_flow,0.2744,0.0,0.0,0.0,0,0,1088,3309,1024,5503,4479,437.4,4.1161,nan,edge/x86_64,unknown,3.12.3,2026-10-09T18:44:58Z
103,ML-KEM-768+ML-DSA-65,post-quantum,3,wrap_flow,0.2788,0.0,0.0,0.0,0,0,1088,3309,1024,5503,4479,437.4,4.1823,nan,edge/x86_64,unknown,3.12.3,2026-10-09T18:44:58Z
104,ML-KEM-768+ML-DSA-65,post-quantum,3,wrap_flow,0.4502,0.0,0.0,0.0,0,0,1088,3309,1024,5503,4479,437.4,6.7526,nan,edge/x86_64,unknown,3.12.3,2026-10-09T18:44:58Z
105,ML-KEM-768+ML-DSA-65,post-quantum,3,wrap_flow,0.2583,0.0,0.0,0.0,0,0,1088,3309,1024,5503,4479,437.4,3.8752,nan,edge/x86_64,unknown,3.12.3,2026-10-09T18:44:58Z
106,ML-KEM-768+ML-DSA-65,post-quantum,3,wrap_flow,0.3232,0.0,0.0,0.0,0,0,1088,3309,1024,5503,4479,437.4,4.8482,nan,edge/x86_64,unknown,3.12.3,2026-10-09T18:44:58Z
107,ML-KEM-768+ML-DSA-65,post-quantum,3,wrap_flow,0.5211,0.0,0.0,0.0,0,0,1088,3309,1024,5503,4479,437.4,7.8164,nan,edge/x86_64,unknown,3.12.3,2026-10-09T18:44:58Z
108,ML-KEM-768+ML-DSA-65,post-quantum,3,wrap_flow,0.3972,0.0,0.0,0.0,0,0,1088,3309,1024,5503,4479,437.4,5.9584,nan,edge/x86_64,unknown,3.12.3,2026-10-09T18:44:58Z
109,ML-KEM-768+ML-DSA-65,post-quantum,3,wrap_flow,0.194,0.0,0.0,0.0,0,0,1088,3309,1024,5503,4479,437.4,2.9106,nan,edge/x86_64,unknown,3.12.3,2026-10-09T18:44:58Z
110,ML-KEM-768+ML-DSA-65,post-quantum,3,wrap_flow,0.2986,0.0,0.0,0.0,0,0,1088,3309,1024,5503,4479,437.4,4.4792,nan,edge/x86_64,unknown,3.12.3,2026-10-09T18:44:58Z
111,ML-KEM-768+ML-DSA-65,post-quantum,3,wrap_flow,0.2089,0.0,0.0,0.0,0,0,1088,3309,1024,5503,4479,437.4,3.1328,nan,edge/x86_64,unknown,3.12.3,2026-10-09T18:44:58Z
112,ML-KEM-768+ML-DSA-65,post-quantum,3,wrap_flow,0.1847,0.0,0.0,0.0,0,0,1088,3309,1024,5503,4479,437.4,2.7707,nan,edge/x86_64,unknown,3.12.3,2026-10-09T18:44:58Z
113,ML-KEM-768+ML-DSA-65,post-quantum,3,wrap_flow,0.2905,0.0,0.0,0.0,0,0,1088,3309,1024,5503,4479,437.4,4.357,nan,edge/x86_64,unknown,3.12.3,2026-10-09T18:44:58Z
114,ML-KEM-768+ML-DSA-65,post-quantum,3,wrap_flow,0.2096,0.0,0.0,0.0,0,0,1088,3309,1024,5503,4479,437.4,3.1442,nan,edge/x86_64,unknown,3.12.3,2026-10-09T18:44:58Z
115,ML-KEM-768+ML-DSA-65,post-quantum,3,wrap_flow,0.8472,0.0,0.0,0.0,0,0,1088,3309,1024,5503,4479,437.4,12.7074,nan,edge/x86_64,unknown,3.12.3,2026-10-09T18:44:58Z
116,ML-KEM-768+ML-DSA-65,post-quantum,3,wrap_flow,0.4321,0.0,0.0,0.0,0,0,1088,3309,1024,5503,4479,437.4,6.4809,nan,edge/x86_64,unknown,3.12.3,2026-10-09T18:44:58Z
117,ML-KEM-768+ML-DSA-65,post-quantum,3,wrap_flow,0.1996,0.0,0.0,0.0,0,0,1088,3309,1024,5503,4479,437.4,2.9933,nan,edge/x86_64,unknown,3.12.3,2026-10-09T18:44:58Z
118,ML-KEM-768+ML-DSA-65,post-quantum,3,wrap_flow,0.2989,0.0,0.0,0.0,0,0,1088,3309,1024,5503,4479,437.4,4.4828,nan,edge/x86_64,unknown,3.12.3,2026-10-09T18:44:58Z
119,ML-KEM-768+ML-DSA-65,post-quantum,3,wrap_flow,0.3128,0.0,0.0,0.0,0,0,1088,3309,1024,5503,4479,437.4,4.6919,nan,edge/x86_64,unknown,3.12.3,2026-10-09T18:44:58Z
120,ML-KEM-768+ML-DSA-65,post-quantum,3,wrap_flow,0.2964,0.0,0.0,0.0,0,0,1088,3309,1024,5503,4479,437.4,4.4463,nan,edge/x86_64,unknown,3.12.3,2026-10-09T18:44:58Z
121,ML-KEM-768+ML-DSA-65,post-quantum,3,wrap_flow,0.3454,0.0,0.0,0.0,0,0,1088,3309,1024,5503,4479,437.4,5.1809,nan,edge/x86_64,unknown,3.12.3,2026-10-09T18:44:58Z
122,ML-KEM-768+ML-DSA-65,post-quantum,3,wrap_flow,0.2645,0.0,0.0,0.0,0,0,1088,3309,1024,5503,4479,437.4,3.9674,nan,edge/x86_64,unknown,3.12.3,2026-10-09T18:44:58Z
123,ML-KEM-768+ML-DSA-65,post-quantum,3,wrap_flow,0.3401,0.0,0.0,0.0,0,0,1088,3309,1024,5503,4479,437.4,5.1009,nan,edge/x86_64,unknown,3.12.3,2026-10-09T18:44:58Z
124,ML-KEM-768+ML-DSA-65,post-quantum,3,wrap_flow,0.3205,0.0,0.0,0.0,0,0,1088,3309,1024,5503,4479,437.4,4.8068,nan,edge/x86_64,unknown,3.12.3,2026-10-09T18:44:58Z
125,ML-KEM-768+ML-DSA-65,post-quantum,3,wrap_flow,0.1858,0.0,0.0,0.0,0,0,1088,3309,1024,5503,4479,437.4,2.787,nan,edge/x86_64,unknown,3.12.3,2026-10-09T18:44:58Z
126,ML-KEM-768+ML-DSA-65,post-quantum,3,wrap_flow,0.3262,0.0,0.0,0.0,0,0,1088,3309,1024,5503,4479,437.4,4.8927,nan,edge/x86_64,unknown,3.12.3,2026-10-09T18:44:58Z
127,ML-KEM-768+ML-DSA-65,post-quantum,3,wrap_flow,0.3513,0.0,0.0,0.0,0,0,1088,3309,1024,5503,4479,437.4,5.2694,nan,edge/x86_64,unknown,3.12.3,2026-10-09T18:44:58Z
128,ML-KEM-768+ML-DSA-65,post-quantum,3,wrap_flow,0.1969,0.0,0.0,0.0,0,0,1088,3309,1024,5503,4479,437.4,2.9533,nan,edge/x86_64,unknown,3.12.3,2026-10-09T18:44:58Z
129,ML-KEM-768+ML-DSA-65,post-quantum,3,wrap_flow,0.3948,0.0,0.0,0.0,0,0,1088,3309,1024,5503,4479,437.4,5.9218,nan,edge/x86_64,unknown,3.12.3,2026-10-09T18:44:58Z
130,ML-KEM-768+ML-DSA-65,post-quantum,3,wrap_flow,0.3449,0.0,0.0,0.0,0,0,1088,3309,1024,5503,4479,437.4,5.174,nan,edge/x86_64,unknown,3.12.3,2026-10-09T18:44:58Z
131,ML-KEM-768+ML-DSA-65,post-quantum,3,wrap_flow,0.2102,0.0,0.0,0.0,0,0,1088,3309,1024,5503,4479,437.4,3.1534,nan,edge/x86_64,unknown,3.12.3,2026-10-09T18:44:58Z
132,ML-KEM-768+ML-DSA-65,post-quantum,3,wrap_flow,0.3581,0.0,0.0,0.0,0,0,1088,3309,1024,5503,4479,437.4,5.3709,nan,edge/x86_64,unknown,3.12.3,2026-10-09T18:44:58Z
133,ML-KEM-768+ML-DSA-65,post-quantum,3,wrap_flow,0.6951,0.0,0.0,0.0,0,0,1088,3309,1024,5503,4479,437.4,10.4272,nan,edge/x86_64,unknown,3.12.3,2026-10-09T18:44:58Z
134,ML-KEM-768+ML-DSA-65,post-quantum,3,wrap_flow,0.2789,0.0,0.0,0.0,0,0,1088,3309,1024,5503,4479,437.4,4.183,nan,edge/x86_64,unknown,3.12.3,2026-10-09T18:44:58Z
135,ML-KEM-768+ML-DSA-65,post-quantum,3,wrap_flow,0.3582,0.0,0.0,0.0,0,0,1088,3309,1024,5503,4479,437.4,5.3723,nan,edge/x86_64,unknown,3.12.3,2026-10-09T18:44:58Z
136,ML-KEM-768+ML-DSA-65,post-quantum,3,wrap_flow,0.2992,0.0,0.0,0.0,0,0,1088,3309,1024,5503,4479,437.4,4.4884,nan,edge/x86_64,unknown,3.12.3,2026-10-09T18:44:58Z
137,ML-KEM-768+ML-DSA-65,post-quantum,3,wrap_flow,0.3703,0.0,0.0,0.0,0,0,1088,3309,1024,5503,4479,437.4,5.5552,nan,edge/x86_64,unknown,3.12.3,2026-10-09T18:44:58Z
138,ML-KEM-768+ML-DSA-65,post-quantum,3,wrap_flow,0.3834,0.0,0.0,0.0,0,0,1088,3309,1024,5503,4479,437.4,5.7512,nan,edge/x86_64,unknown,3.12.3,2026-10-09T18:44:58Z
139,ML-KEM-768+ML-DSA-65,post-quantum,3,wrap_flow,0.193,0.0,0.0,0.0,0,0,1088,3309,1024,5503,4479,437.4,2.8943,nan,edge/x86_64,unknown,3.12.3,2026-10-09T18:44:58Z
140,ML-KEM-768+ML-DSA-65,post-quantum,3,wrap_flow,0.4711,0.0,0.0,0.0,0,0,1088,3309,1024,5503,4479,437.4,7.0665,nan,edge/x86_64,unknown,3.12.3,2026-10-09T18:44:58Z
141,ML-KEM-768+ML-DSA-65,post-quantum,3,wrap_flow,0.4746,0.0,0.0,0.0,0,0,1088,3309,1024,5503,4479,437.4,7.1189,nan,edge/x86_64,unknown,3.12.3,2026-10-09T18:44:58Z
142,ML-KEM-768+ML-DSA-65,post-quantum,3,wrap_flow,0.3751,0.0,0.0,0.0,0,0,1088,3309,1024,5503,4479,437.4,5.6262,nan,edge/x86_64,unknown,3.12.3,2026-10-09T18:44:58Z
143,ML-KEM-768+ML-DSA-65,post-quantum,3,wrap_flow,0.3957,0.0,0.0,0.0,0,0,1088,3309,1024,5503,4479,437.4,5.9361,nan,edge/x86_64,unknown,3.12.3,2026-10-09T18:44:58Z
144,ML-KEM-768+ML-DSA-65,post-quantum,3,wrap_flow,0.232,0.0,0.0,0.0,0,0,1088,3309,1024,5503,4479,437.4,3.4805,nan,edge/x86_64,unknown,3.12.3,2026-10-09T18:44:58Z
145,ML-KEM-768+ML-DSA-65,post-quantum,3,wrap_flow,0.3777,0.0,0.0,0.0,0,0,1088,3309,1024,5503,4479,437.4,5.6661,nan,edge/x86_64,unknown,3.12.3,2026-10-09T18:44:58Z
146,ML-KEM-768+ML-DSA-65,post-quantum,3,wrap_flow,0.3591,0.0,0.0,0.0,0,0,1088,3309,1024,5503,4479,437.4,5.3871,nan,edge/x86_64,unknown,3.12.3,2026-10-09T18:44:58Z
147,ML-KEM-768+ML-DSA-65,post-quantum,3,wrap_flow,0.2164,0.0,0.0,0.0,0,0,1088,3309,1024,5503,4479,437.4,3.2457,nan,edge/x86_64,unknown,3.12.3,2026-10-09T18:44:58Z
148,ML-KEM-768+ML-DSA-65,post-quantum,3,wrap_flow,0.2884,0.0,0.0,0.0,0,0,1088,3309,1024,5503,4479,437.4,4.3262,nan,edge/x86_64,unknown,3.12.3,2026-10-09T18:44:58Z
149,ML-KEM-768+ML-DSA-65,post-quantum,3,wrap_flow,0.2165,0.0,0.0,0.0,0,0,1088,3309,1024,5503,4479,437.4,3.2472,nan,edge/x86_64,unknown,3.12.3,2026-10-09T18:44:58Z
150,ML-KEM-768+ML-DSA-65,post-quantum,3,wrap_flow,0.185,0.0,0.0,0.0,0,0,1088,3309,1024,5503,4479,437.4,2.7743,nan,edge/x86_64,unknown,3.12.3,2026-10-09T18:44:58Z
151,ML-KEM-768+ML-DSA-65,post-quantum,3,wrap_flow,0.3121,0.0,0.0,0.0,0,0,1088,3309,1024,5503,4479,437.4,4.6808,nan,edge/x86_64,unknown,3.12.3,2026-10-09T18:44:58Z
152,ML-KEM-768+ML-DSA-65,post-quantum,3,wrap_flow,0.4206,0.0,0.0,0.0,0,0,1088,3309,1024,5503,4479,437.4,6.3091,nan,edge/x86_64,unknown,3.12.3,2026-10-09T18:44:58Z
153,ML-KEM-768+ML-DSA-65,post-quantum,3,wrap_flow,0.2369,0.0,0.0,0.0,0,0,1088,3309,1024,5503,4479,437.4,3.5528,nan,edge/x86_64,unknown,3.12.3,2026-10-09T18:44:58Z
154,ML-KEM-768+ML-DSA-65,post-quantum,3,wrap_flow,0.2992,0.0,0.0,0.0,0,0,1088,3309,1024,5503,4479,437.4,4.4878,nan,edge/x86_64,unknown,3.12.3,2026-10-09T18:44:58Z
155,ML-KEM-768+ML-DSA-65,post-quantum,3,wrap_flow,0.4953,0.0,0.0,0.0,0,0,1088,3309,1024,5503,4479,437.4,7.4302,nan,edge/x86_64,unknown,3.12.3,2026-10-09T18:44:58Z
156,ML-KEM-768+ML-DSA-65,post-quantum,3,wrap_flow,0.2748,0.0,0.0,0.0,0,0,1088,3309,1024,5503,4479,437.4,4.122,nan,edge/x86_64,unknown,3.12.3,2026-10-09T18:44:58Z
157,ML-KEM-768+ML-DSA-65,post-quantum,3,wrap_flow,0.2674,0.0,0.0,0.0,0,0,1088,3309,1024,5503,4479,437.4,4.0109,nan,edge/x86_64,unknown,3.12.3,2026-10-09T18:44:58Z
158,ML-KEM-768+ML-DSA-65,post-quantum,3,wrap_flow,0.4283,0.0,0.0,0.0,0,0,1088,3309,1024,5503,4479,437.4,6.4247,nan,edge/x86_64,unknown,3.12.3,2026-10-09T18:44:58Z
159,ML-KEM-768+ML-DSA-65,post-quantum,3,wrap_flow,0.5056,0.0,0.0,0.0,0,0,1088,3309,1024,5503,4479,437.4,7.5843,nan,edge/x86_64,unknown,3.12.3,2026-10-09T18:44:58Z
160,ML-KEM-768+ML-DSA-65,post-quantum,3,wrap_flow,0.5252,0.0,0.0,0.0,0,0,1088,3309,1024,5503,4479,437.4,7.8777,nan,edge/x86_64,unknown,3.12.3,2026-10-09T18:44:58Z
161,ML-KEM-768+ML-DSA-65,post-quantum,3,wrap_flow,0.2702,0.0,0.0,0.0,0,0,1088,3309,1024,5503,4479,437.4,4.0527,nan,edge/x86_64,unknown,3.12.3,2026-10-09T18:44:58Z
162,ML-KEM-768+ML-DSA-65,post-quantum,3,wrap_flow,0.2163,0.0,0.0,0.0,0,0,1088,3309,1024,5503,4479,437.4,3.2438,nan,edge/x86_64,unknown,3.12.3,2026-10-09T18:44:58Z
163,ML-KEM-768+ML-DSA-65,post-quantum,3,wrap_flow,0.4527,0.0,0.0,0.0,0,0,1088,3309,1024,5503,4479,437.4,6.7909,nan,edge/x86_64,unknown,3.12.3,2026-10-09T18:44:58Z
164,ML-KEM-768+ML-DSA-65,post-quantum,3,wrap_flow,0.3208,0.0,0.0,0.0,0,0,1088,3309,1024,5503,4479,437.4,4.8122,nan,edge/x86_64,unknown,3.12.3,2026-10-09T18:44:58Z
165,ML-KEM-768+ML-DSA-65,post-quantum,3,wrap_flow,0.3787,0.0,0.0,0.0,0,0,1088,3309,1024,5503,4479,437.4,5.6798,nan,edge/x86_64,unknown,3.12.3,2026-10-09T18:44:58Z
166,ML-KEM-768+ML-DSA-65,post-quantum,3,wrap_flow,0.2312,0.0,0.0,0.0,0,0,1088,3309,1024,5503,4479,437.4,3.4676,nan,edge/x86_64,unknown,3.12.3,2026-10-09T18:44:58Z
167,ML-KEM-768+ML-DSA-65,post-quantum,3,wrap_flow,0.1863,0.0,0.0,0.0,0,0,1088,3309,1024,5503,4479,437.4,2.7939,nan,edge/x86_64,unknown,3.12.3,2026-10-09T18:44:58Z
168,ML-KEM-768+ML-DSA-65,post-quantum,3,wrap_flow,0.4095,0.0,0.0,0.0,0,0,1088,3309,1024,5503,4479,437.4,6.1421,nan,edge/x86_64,unknown,3.12.3,2026-10-09T18:44:58Z
169,ML-KEM-768+ML-DSA-65,post-quantum,3,wrap_flow,0.2582,0.0,0.0,0.0,0,0,1088,3309,1024,5503,4479,437.4,3.8733,nan,edge/x86_64,unknown,3.12.3,2026-10-09T18:44:58Z
170,ML-KEM-768+ML-DSA-65,post-quantum,3,wrap_flow,0.3161,0.0,0.0,0.0,0,0,1088,3309,1024,5503,4479,437.4,4.7412,nan,edge/x86_64,unknown,3.12.3,2026-10-09T18:44:58Z
171,ML-KEM-768+ML-DSA-65,post-quantum,3,wrap_flow,0.2914,0.0,0.0,0.0,0,0,1088,3309,1024,5503,4479,437.4,4.3709,nan,edge/x86_64,unknown,3.12.3,2026-10-09T18:44:58Z
172,ML-KEM-768+ML-DSA-65,post-quantum,3,wrap_flow,0.348,0.0,0.0,0.0,0,0,1088,3309,1024,5503,4479,437.4,5.2202,nan,edge/x86_64,unknown,3.12.3,2026-10-09T18:44:58Z
173,ML-KEM-768+ML-DSA-65,post-quantum,3,wrap_flow,0.3099,0.0,0.0,0.0,0,0,1088,3309,1024,5503,4479,437.4,4.649,nan,edge/x86_64,unknown,3.12.3,2026-10-09T18:44:58Z
174,ML-KEM-768+ML-DSA-65,post-quantum,3,wrap_flow,0.1857,0.0,0.0,0.0,0,0,1088,3309,1024,5503,4479,437.4,2.786,nan,edge/x86_64,unknown,3.12.3,2026-10-09T18:44:58Z
175,ML-KEM-768+ML-DSA-65,post-quantum,3,wrap_flow,0.4113,0.0,0.0,0.0,0,0,1088,3309,1024,5503,4479,437.4,6.1692,nan,edge/x86_64,unknown,3.12.3,2026-10-09T18:44:58Z
176,ML-KEM-768+ML-DSA-65,post-quantum,3,wrap_flow,0.269,0.0,0.0,0.0,0,0,1088,3309,1024,5503,4479,437.4,4.0347,nan,edge/x86_64,unknown,3.12.3,2026-10-09T18:44:58Z
177,ML-KEM-768+ML-DSA-65,post-quantum,3,wrap_flow,0.2296,0.0,0.0,0.0,0,0,1088,3309,1024,5503,4479,437.4,3.4439,nan,edge/x86_64,unknown,3.12.3,2026-10-09T18:44:58Z
178,ML-KEM-768+ML-DSA-65,post-quantum,3,wrap_flow,0.7753,0.0,0.0,0.0,0,0,1088,3309,1024,5503,4479,437.4,11.6301,nan,edge/x86_64,unknown,3.12.3,2026-10-09T18:44:58Z
179,ML-KEM-768+ML-DSA-65,post-quantum,3,wrap_flow,0.3604,0.0,0.0,0.0,0,0,1088,3309,1024,5503,4479,437.4,5.4057,nan,edge/x86_64,unknown,3.12.3,2026-10-09T18:44:58Z
180,ML-KEM-768+ML-DSA-65,post-quantum,3,wrap_flow,0.8751,0.0,0.0,0.0,0,0,1088,3309,1024,5503,4479,437.4,13.1266,nan,edge/x86_64,unknown,3.12.3,2026-10-09T18:44:58Z
181,ML-KEM-768+ML-DSA-65,post-quantum,3,wrap_flow,0.3335,0.0,0.0,0.0,0,0,1088,3309,1024,5503,4479,437.4,5.0023,nan,edge/x86_64,unknown,3.12.3,2026-10-09T18:44:58Z
182,ML-KEM-768+ML-DSA-65,post-quantum,3,wrap_flow,0.2541,0.0,0.0,0.0,0,0,1088,3309,1024,5503,4479,437.4,3.8117,nan,edge/x86_64,unknown,3.12.3,2026-10-09T18:44:58Z
183,ML-KEM-768+ML-DSA-65,post-quantum,3,wrap_flow,0.4004,0.0,0.0,0.0,0,0,1088,3309,1024,5503,4479,437.4,6.0055,nan,edge/x86_64,unknown,3.12.3,2026-10-09T18:44:58Z
184,ML-KEM-768+ML-DSA-65,post-quantum,3,wrap_flow,0.3238,0.0,0.0,0.0,0,0,1088,3309,1024,5503,4479,437.4,4.8568,nan,edge/x86_64,unknown,3.12.3,2026-10-09T18:44:58Z
185,ML-KEM-768+ML-DSA-65,post-quantum,3,wrap_flow,0.1926,0.0,0.0,0.0,0,0,1088,3309,1024,5503,4479,437.4,2.8897,nan,edge/x86_64,unknown,3.12.3,2026-10-09T18:44:58Z
186,ML-KEM-768+ML-DSA-65,post-quantum,3,wrap_flow,0.207,0.0,0.0,0.0,0,0,1088,3309,1024,5503,4479,437.4,3.105,nan,edge/x86_64,unknown,3.12.3,2026-10-09T18:44:58Z
187,ML-KEM-768+ML-DSA-65,post-quantum,3,wrap_flow,0.3176,0.0,0.0,0.0,0,0,1088,3309,1024,5503,4479,437.4,4.7633,nan,edge/x86_64,unknown,3.12.3,2026-10-09T18:44:58Z
188,ML-KEM-768+ML-DSA-65,post-quantum,3,wrap_flow,0.2653,0.0,0.0,0.0,0,0,1088,3309,1024,5503,4479,437.4,3.98,nan,edge/x86_64,unknown,3.12.3,2026-10-09T18:44:58Z
189,ML-KEM-768+ML-DSA-65,post-quantum,3,wrap_flow,0.3017,0.0,0.0,0.0,0,0,1088,3309,1024,5503,4479,437.4,4.5256,nan,edge/x86_64,unknown,3.12.3,2026-10-09T18:44:58Z
190,ML-KEM-768+ML-DSA-65,post-quantum,3,wrap_flow,0.2248,0.0,0.0,0.0,0,0,1088,3309,1024,5503,4479,437.4,3.3723,nan,edge/x86_64,unknown,3.12.3,2026-10-09T18:44:58Z
191,ML-KEM-768+ML-DSA-65,post-quantum,3,wrap_flow,0.2862,0.0,0.0,0.0,0,0,1088,3309,1024,5503,4479,437.4,4.2935,nan,edge/x86_64,unknown,3.12.3,2026-10-09T18:44:58Z
192,ML-KEM-768+ML-DSA-65,post-quantum,3,wrap_flow,0.2646,0.0,0.0,0.0,0,0,1088,3309,1024,5503,4479,437.4,3.9697,nan,edge/x86_64,unknown,3.12.3,2026-10-09T18:44:58Z
193,ML-KEM-768+ML-DSA-65,post-quantum,3,wrap_flow,0.3282,0.0,0.0,0.0,0,0,1088,3309,1024,5503,4479,437.4,4.9231,nan,edge/x86_64,unknown,3.12.3,2026-10-09T18:44:58Z
194,ML-KEM-768+ML-DSA-65,post-quantum,3,wrap_flow,0.4471,0.0,0.0,0.0,0,0,1088,3309,1024,5503,4479,437.4,6.7071,nan,edge/x86_64,unknown,3.12.3,2026-10-09T18:44:58Z
195,ML-KEM-768+ML-DSA-65,post-quantum,3,wrap_flow,0.3603,0.0,0.0,0.0,0,0,1088,3309,1024,5503,4479,437.4,5.4049,nan,edge/x86_64,unknown,3.12.3,2026-10-09T18:44:58Z
196,ML-KEM-768+ML-DSA-65,post-quantum,3,wrap_flow,0.2767,0.0,0.0,0.0,0,0,1088,3309,1024,5503,4479,437.4,4.151,nan,edge/x86_64,unknown,3.12.3,2026-10-09T18:44:58Z
197,ML-KEM-768+ML-DSA-65,post-quantum,3,wrap_flow,0.2434,0.0,0.0,0.0,0,0,1088,3309,1024,5503,4479,437.4,3.6514,nan,edge/x86_64,unknown,3.12.3,2026-10-09T18:44:58Z
198,ML-KEM-768+ML-DSA-65,post-quantum,3,wrap_flow,0.1875,0.0,0.0,0.0,0,0,1088,3309,1024,5503,4479,437.4,2.8118,nan,edge/x86_64,unknown,3.12.3,2026-10-09T18:44:58Z
199,ML-KEM-768+ML-DSA-65,post-quantum,3,wrap_flow,0.1876,0.0,0.0,0.0,0,0,1088,3309,1024,5503,4479,437.4,2.8134,nan,edge/x86_64,unknown,3.12.3,2026-10-09T18:44:58Z
