run_id,algorithm,algorithm_family,nist_security_level,operation,latency_ms,cpu_pct_mean,cpu_pct_p95,ram_delta_mb,public_key_bytes,private_key_bytes,ciphertext_bytes,signature_bytes,payload_bytes,capsule_total_bytes,amplification_bytes,amplification_pct,energy_proxy_mj,rapl_energy_j,hw_platform,liboqs_version,python_version,timestamp_utc
0,ML-KEM-512,post-quantum,1,keygen,0.0446,0.0,0.0,0.315,800,1632,768,0,0,0,0,0.0,0.6684,nan,edge/x86_64,unknown,3.12.3,2026-10-09T18:41:14Z
0,ML-KEM-512,post-quantum,1,encapsulate,0.0385,0.0,0.0,0.315,800,1632,768,0,0,0,0,0.0,0.5769,nan,edge/x86_64,unknown,3.12.3,2026-10-09T18:41:14Z
0,ML-KEM-512,post-quantum,1,decapsulate,0.0393,0.0,0.0,0.315,800,1632,768,0,0,0,0,0.0,0.5891,nan,edge/x86_64,unknown,3.12.3,2026-10-09T18:41:14Z
1,ML-KEM-512,post-quantum,1,keygen,0.0361,0.0,0.0,0.315,800,1632,768,0,0,0,0,0.0,0.542,nan,edge/x86_64,unknown,3.12.3,2026-10-09T18:41:14Z
1,ML-KEM-512,post-quantum,1,encapsulate,0.0298,0.0,0.0,0.315,800,1632,768,0,0,0,0,0.0,0.447,nan,edge/x86_64,unknown,3.12.3,2026-10-09T18:41:14Z
1,ML-KEM-512,post-quantum,1,decapsulate,0.0295,0.0,0.0,0.315,800,1632,768,0,0,0,0,0.0,0.4432,nan,edge/x86_64,unknown,3.12.3,2026-10-09T18:41:14Z
2,ML-KEM-512,post-quantum,1,keygen,0.0476,0.0,0.0,0.315,800,1632,768,0,0,0,0,0.0,0.7137,nan,edge/x86_64,unknown,3.12.3,2026-10-09T18:41:14Z
2,ML-KEM-512,post-quantum,1,encapsulate,0.0282,0.0,0.0,0.315,800,1632,768,0,0,0,0,0.0,0.4235,nan,edge/x86_64,unknown,3.12.3,2026-10-09T18:41:14Z
2,ML-KEM-512,post-quantum,1,decapsulate,0.0258,0.0,0.0,0.315,800,1632,768,0,0,0,0,0.0,0.3869,nan,edge/x86_64,unknown,3.12.3,2026-10-09T18:41:14Z
3,ML-KEM-512,post-quantum,1,keygen,0.0271,0.0,0.0,0.315,800,1632,768,0,0,0,0,0.0,0.4064,nan,edge/x86_64,unknown,3.12.3,2026-10-09T18:41:14Z
3,ML-KEM-512,post-quantum,1,encapsulate,0.0263,0.0,0.0,0.315,800,1632,768,0,0,0,0,0.0,0.3947,nan,edge/x86_64,unknown,3.12.3,2026-10-09T18:41:14Z
3,ML-KEM-512,post-quantum,1,decapsulate,0.0258,0.0,0.0,0.315,800,1632,768,0,0,0,0,0.0,0.3876,nan,edge/x86_64,unknown,3.12.3,2026-10-09T18:41:14Z
4,ML-KEM-512,post-quantum,1,keygen,0.0264,0.0,0.0,0.315,800,1632,768,0,0,0,0,0.0,0.3955,nan,edge/x86_64,unknown,3.12.3,2026-10-09T18:41:14Z
4,ML-KEM-512,post-quantum,1,encapsulate,0.0264,0.0,0.0,0.315,800,1632,768,0,0,0,0,0.0,0.3962,nan,edge/x86_64,unknown,3.12.3,2026-10-09T18:41:14Z
4,ML-KEM-512,post-quantum,1,decapsulate,0.0259,0.0,0.0,0.315,800,1632,768,0,0,0,0,0.0,0.3892,nan,edge/x86_64,unknown,3.12.3,2026-10-09T18:41:14Z
5,ML-KEM-512,post-quantum,1,keygen,0.026,0.0,0.0,0.315,800,1632,768,0,0,0,0,0.0,0.3904,nan,edge/x86_64,unknown,3.12.3,2026-10-09T18:41:14Z
5,ML-KEM-512,post-quantum,1,encapsulate,0.0264,0.0,0.0,0.315,800,1632,768,0,0,0,0,0.0,0.3963,nan,edge/x86_64,unknown,3.12.3,2026-10-09T18:41:14Z
5,ML-KEM-512,post-quantum,1,decapsulate,0.0255,0.0,0.0,0.315,800,1632,768,0,0,0,0,0.0,0.3825,nan,edge/x86_64,unknown,3.12.3,2026-10-09T18:41:14Z
6,ML-KEM-512,post-quantum,1,keygen,0.0265,0.0,0.0,0.315,800,1632,768,0,0,0,0,0.0,0.3978,nan,edge/x86_64,unknown,3.12.3,2026-10-09T18:41:14Z
6,ML-KEM-512,post-quantum,1,encapsulate,0.0281,0.0,0.0,0.315,800,1632,768,0,0,0,0,0.0,0.4212,nan,edge/x86_64,unknown,3.12.3,2026-10-09T18:41:14Z
6,ML-KEM-512,post-quantum,1,decapsulate,0.0258,0.0,0.0,0.315,800,1632,768,0,0,0,0,0.0,0.3868,nan,edge/x86_64,unknown,3.12.3,2026-10-09T18:41:14Z
7,ML-KEM-512,post-quantum,1,keygen,0.0257,0.0,0.0,0.315,800,1632,768,0,0,0,0,0.0,0.3855,nan,edge/x86_64,unknown,3.12.3,2026-10-09T18:41:14Z
7,ML-KEM-512,post-quantum,1,encapsulate,0.0493,0.0,0.0,0.315,800,1632,768,0,0,0,0,0.0,0.7398,nan,edge/x86_64,unknown,3.12.3,2026-10-09T18:41:14Z
7,ML-KEM-512,post-quantum,1,decapsulate,0.0275,0.0,0.0,0.315,800,1632,768,0,0,0,0,0.0,0.4127,nan,edge/x86_64,unknown,3.12.3,2026-10-09T18:41:14Z
8,ML-KEM-512,post-quantum,1,keygen,0.0274,0.0,0.0,0.315,800,1632,768,0,0,0,0,0.0,0.4115,nan,edge/x86_64,unknown,3.12.3,2026-10-09T18:41:14Z
8,ML-KEM-512,post-quantum,1,encapsulate,0.0269,0.0,0.0,0.315,800,1632,768,0,0,0,0,0.0,0.404,nan,edge/x86_64,unknown,3.12.3,2026-10-09T18:41:14Z
8,ML-KEM-512,post-quantum,1,decapsulate,0.0364,0.0,0.0,0.315,800,1632,768,0,0,0,0,0.0,0.5455,nan,edge/x86_64,unknown,3.12.3,2026-10-09T18:41:14Z
9,ML-KEM-512,post-quantum,1,keygen,0.0312,0.0,0.0,0.315,800,1632,768,0,0,0,0,0.0,0.4683,nan,edge/x86_64,unknown,3.12.3,2026-10-09T18:41:14Z
9,ML-KEM-512,post-quantum,1,encapsulate,0.0272,0.0,0.0,0.315,800,1632,768,0,0,0,0,0.0,0.4081,nan,edge/x86_64,unknown,3.12.3,2026-10-09T18:41:14Z
9,ML-KEM-512,post-quantum,1,decapsulate,0.0261,0.0,0.0,0.315,800,1632,768,0,0,0,0,0.0,0.3911,nan,edge/x86_64,unknown,3.12.3,2026-10-09T18:41:14Z
10,ML-KEM-512,post-quantum,1,keygen,0.0259,0.0,0.0,0.315,800,1632,768,0,0,0,0,0.0,0.3891,nan,edge/x86_64,unknown,3.12.3,2026-10-09T18:41:14Z
10,ML-KEM-512,post-quantum,1,encapsulate,0.0266,0.0,0.0,0.315,800,1632,768,0,0,0,0,0.0,0.3985,nan,edge/x86_64,unknown,3.12.3,2026-10-09T18:41:14Z
10,ML-KEM-512,post-quantum,1,decapsulate,0.0255,0.0,0.0,0.315,800,1632,768,0,0,0,0,0.0,0.3818,nan,edge/x86_64,unknown,3.12.3,2026-10-09T18:41:14Z
11,ML-KEM-512,post-quantum,1,keygen,0.0273,0.0,0.0,0.315,800,1632,768,0,0,0,0,0.0,0.4096,nan,edge/x86_64,unknown,3.12.3,2026-10-09T18:41:14Z
11,ML-KEM-512,post-quantum,1,encapsulate,0.0266,0.0,0.0,0.315,800,1632,768,0,0,0,0,0.0,0.3985,nan,edge/x86_64,unknown,3.12.3,2026-10-09T18:41:14Z
11,ML-KEM-512,post-quantum,1,decapsulate,0.0265,0.0,0.0,0.315,800,1632,768,0,0,0,0,0.0,0.3972,nan,edge/x86_64,unknown,3.12.3,2026-10-09T18:41:14Z
12,ML-KEM-512,post-quantum,1,keygen,0.0257,0.0,0.0,0.315,800,1632,768,0,0,0,0,0.0,0.3861,nan,edge/x86_64,unknown,3.12.3,2026-10-09T18:41:14Z
12,ML-KEM-512,post-quantum,1,encapsulate,0.0414,0.0,0.0,0.315,800,1632,768,0,0,0,0,0.0,0.6211,nan,edge/x86_64,unknown,3.12.3,2026-10-09T18:41:14Z
12,ML-KEM-512,post-quantum,1,decapsulate,0.028,0.0,0.0,0.315,800,1632,768,0,0,0,0,0.0,0.4202,nan,edge/x86_64,unknown,3.12.3,2026-10-09T18:41:14Z
13,ML-KEM-512,post-quantum,1,keygen,0.0271,0.0,0.0,0.315,800,1632,768,0,0,0,0,0.0,0.4061,nan,edge/x86_64,unknown,3.12.3,2026-10-09T18:41:14Z
13,ML-KEM-512,post-quantum,1,encapsulate,0.0275,0.0,0.0,0.315,800,1632,768,0,0,0,0,0.0,0.4119,nan,edge/x86_64,unknown,3.12.3,2026-10-09T18:41:14Z
13,ML-KEM-512,post-quantum,1,decapsulate,0.0256,0.0,0.0,0.315,800,1632,768,0,0,0,0,0.0,0.3837,nan,edge/x86_64,unknown,3.12.3,2026-10-09T18:41:14Z
14,ML-KEM-512,post-quantum,1,keygen,0.0262,0.0,0.0,0.315,800,1632,768,0,0,0,0,0.0,0.3932,nan,edge/x86_64,unknown,3.12.3,2026-10-09T18:41:14Z
14,ML-KEM-512,post-quantum,1,encapsulate,0.0265,0.0,0.0,0.315,800,1632,768,0,0,0,0,0.0,0.3976,nan,edge/x86_64,unknown,3.12.3,2026-10-09T18:41:14Z
14,ML-KEM-512,post-quantum,1,decapsulate,0.0256,0.0,0.0,0.315,800,1632,768,0,0,0,0,0.0,0.3846,nan,edge/x86_64,unknown,3.12.3,2026-10-09T18:41:14Z
15,ML-KEM-512,post-quantum,1,keygen,0.0312,0.0,0.0,0.315,800,1632,768,0,0,0,0,0.0,0.4678,nan,edge/x86_64,unknown,3.12.3,2026-10-09T18:41:14Z
15,ML-KEM-512,post-quantum,1,encapsulate,0.0269,0.0,0.0,0.315,800,1632,768,0,0,0,0,0.0,0.4037,nan,edge/x86_64,unknown,3.12.3,2026-10-09T18:41:14Z
15,ML-KEM-512,post-quantum,1,decapsulate,0.0255,0.0,0.0,0.315,800,1632,768,0,0,0,0,0.0,0.3819,nan,edge/x86_64,unknown,3.12.3,2026-10-09T18:41:14Z
16,ML-KEM-512,post-quantum,1,keygen,0.0259,0.0,0.0,0.315,800,1632,768,0,0,0,0,0.0,0.3889,nan,edge/x86_64,unknown,3.12.3,2026-10-09T18:41:14Z
16,ML-KEM-512,post-quantum,1,encapsulate,0.0261,0.0,0.0,0.315,800,1632,768,0,0,0,0,0.0,0.3913,nan,edge/x86_64,unknown,3.12.3,2026-10-09T18:41:14Z
16,ML-KEM-512,post-quantum,1,decapsulate,0.0255,0.0,0.0,0.315,800,1632,768,0,0,0,0,0.0,0.3822,nan,edge/x86_64,unknown,3.12.3,2026-10-09T18:41:14Z
17,ML-KEM-512,post-quantum,1,keygen,0.0261,0.0,0.0,0.315,800,1632,768,0,0,0,0,0.0,0.3919,nan,edge/x86_64,unknown,3.12.3,2026-10-09T18:41:14Z
17,ML-KEM-512,post-quantum,1,encapsulate,0.0265,0.0,0.0,0.315,800,1632,768,0,0,0,0,0.0,0.3982,nan,edge/x86_64,unknown,3.12.3,2026-10-09T18:41:14Z
17,ML-KEM-512,post-quantum,1,decapsulate,0.0255,0.0,0.0,0.315,800,1632,768,0,0,0,0,0.0,0.3831,nan,edge/x86_64,unknown,3.12.3,2026-10-09T18:41:14Z
18,ML-KEM-512,post-quantum,1,keygen,0.0281,0.0,0.0,0.315,800,1632,768,0,0,0,0,0.0,0.4221,nan,edge/x86_64,unknown,3.12.3,2026-10-09T18:41:14Z
18,ML-KEM-512,post-quantum,1,encapsulate,0.0269,0.0,0.0,0.315,800,1632,768,0,0,0,0,0.0,0.4037,nan,edge/x86_64,unknown,3.12.3,2026-10-09T18:41:14Z
18,ML-KEM-512,post-quantum,1,decapsulate,0.0343,0.0,0.0,0.315,800,1632,768,0,0,0,0,0.0,0.5141,nan,edge/x86_64,unknown,3.12.3,2026-10-09T18:41:14Z
19,ML-KEM-512,post-quantum,1,keygen,0.0264,0.0,0.0,0.315,800,1632,768,0,0,0,0,0.0,0.3963,nan,edge/x86_64,unknown,3.12.3,2026-10-09T18:41:14Z
19,ML-KEM-512,post-quantum,1,encapsulate,0.0329,0.0,0.0,0.315,800,1632,768,0,0,0,0,0.0,0.4932,nan,edge/x86_64,unknown,3.12.3,2026-10-09T18:41:14Z
19,ML-KEM-512,post-quantum,1,decapsulate,0.0263,0.0,0.0,0.315,800,1632,768,0,0,0,0,0.0,0.3947,nan,edge/x86_64,unknown,3.12.3,2026-10-09T18:41:14Z
20,ML-KEM-512,post-quantum,1,keygen,0.0262,0.0,0.0,0.315,800,1632,768,0,0,0,0,0.0,0.3927,nan,edge/x86_64,unknown,3.12.3,2026-10-09T18:41:14Z
20,ML-KEM-512,post-quantum,1,encapsulate,0.0267,0.0,0.0,0.315,800,1632,768,0,0,0,0,0.0,0.4,nan,edge/x86_64,unknown,3.12.3,2026-10-09T18:41:14Z
20,ML-KEM-512,post-quantum,1,decapsulate,0.0257,0.0,0.0,0.315,800,1632,768,0,0,0,0,0.0,0.3855,nan,edge/x86_64,unknown,3.12.3,2026-10-09T18:41:14Z
21,ML-KEM-512,post-quantum,1,keygen,0.0258,0.0,0.0,0.315,800,1632,768,0,0,0,0,0.0,0.3877,nan,edge/x86_64,unknown,3.12.3,2026-10-09T18:41:14Z
21,ML-KEM-512,post-quantum,1,encapsulate,0.0264,0.0,0.0,0.315,800,1632,768,0,0,0,0,0.0,0.3959,nan,edge/x86_64,unknown,3.12.3,2026-10-09T18:41:14Z
21,ML-KEM-512,post-quantum,1,decapsulate,0.026,0.0,0.0,0.315,800,1632,768,0,0,0,0,0.0,0.39,nan,edge/x86_64,unknown,3.12.3,2026-10-09T18:41:14Z
22,ML-KEM-512,post-quantum,1,keygen,0.0257,0.0,0.0,0.315,800,1632,768,0,0,0,0,0.0,0.3858,nan,edge/x86_64,unknown,3.12.3,2026-10-09T18:41:14Z
22,ML-KEM-512,post-quantum,1,encapsulate,0.0268,0.0,0.0,0.315,800,1632,768,0,0,0,0,0.0,0.4015,nan,edge/x86_64,unknown,3.12.3,2026-10-09T18:41:14Z
22,ML-KEM-512,post-quantum,1,decapsulate,0.0261,0.0,0.0,0.315,800,1632,768,0,0,0,0,0.0,0.3911,nan,edge/x86_64,unknown,3.12.3,2026-10-09T18:41:14Z
23,ML-KEM-512,post-quantum,1,keygen,0.0261,0.0,0.0,0.315,800,1632,768,0,0,0,0,0.0,0.391,nan,edge/x86_64,unknown,3.12.3,2026-10-09T18:41:14Z
23,ML-KEM-512,post-quantum,1,encapsulate,0.0286,0.0,0.0,0.315,800,1632,768,0,0,0,0,0.0,0.4289,nan,edge/x86_64,unknown,3.12.3,2026-10-09T18:41:14Z
23,ML-KEM-512,post-quantum,1,decapsulate,0.026,0.0,0.0,0.315,800,1632,768,0,0,0,0,0.0,0.3893,nan,edge/x86_64,unknown,3.12.3,2026-10-09T18:41:14Z
24,ML-KEM-512,post-quantum,1,keygen,0.0261,0.0,0.0,0.315,800,1632,768,0,0,0,0,0.0,0.3913,nan,edge/x86_64,unknown,3.12.3,2026-10-09T18:41:14Z
24,ML-KEM-512,post-quantum,1,encapsulate,0.0267,0.0,0.0,0.315,800,1632,768,0,0,0,0,0.0,0.4008,nan,edge/x86_64,unknown,3.12.3,2026-10-09T18:41:14Z
24,ML-KEM-512,post-quantum,1,decapsulate,0.0256,0.0,0.0,0.315,800,1632,768,0,0,0,0,0.0,0.3842,nan,edge/x86_64,unknown,3.12.3,2026-10-09T18:41:14Z
25,ML-KEM-512,post-quantum,1,keygen,0.0257,0.0,0.0,0.315,800,1632,768,0,0,0,0,0.0,0.3855,nan,edge/x86_64,unknown,3.12.3,2026-10-09T18:41:14Z
25,ML-KEM-512,post-quantum,1,encapsulate,0.0281,0.0,0.0,0.315,800,1632,768,0,0,0,0,0.0,0.4214,nan,edge/x86_64,unknown,3.12.3,2026-10-09T18:41:14Z
25,ML-KEM-512,post-quantum,1,decapsulate,0.0255,0.0,0.0,0.315,800,1632,768,0,0,0,0,0.0,0.382,nan,edge/x86_64,unknown,3.12.3,2026-10-09T18:41:14Z
26,ML-KEM-512,post-quantum,1,keygen,0.0264,0.0,0.0,0.315,800,1632,768,0,0,0,0,0.0,0.3965,nan,edge/x86_64,unknown,3.12.3,2026-10-09T18:41:14Z
26,ML-KEM-512,post-quantum,1,encapsulate,0.0267,0.0,0.0,0.315,800,1632,768,0,0,0,0,0.0,0.4011,nan,edge/x86_64,unknown,3.12.3,2026-10-09T18:41:14Z
26,ML-KEM-512,post-quantum,1,decapsulate,0.0269,0.0,0.0,0.315,800,1632,768,0,0,0,0,0.0,0.4036,nan,edge/x86_64,unknown,3.12.3,2026-10-09T18:41:14Z
27,ML-KEM-512,post-quantum,1,keygen,0.0262,0.0,0.0,0.315,800,1632,768,0,0,0,0,0.0,0.3925,nan,edge/x86_64,unknown,3.12.3,2026-10-09T18:41:14Z
27,ML-KEM-512,post-quantum,1,encapsulate,0.0268,0.0,0.0,0.315,800,1632,768,0,0,0,0,0.0,0.4013,nan,edge/x86_64,unknown,3.12.3,2026-10-09T18:41:14Z
27,ML-KEM-512,post-quantum,1,decapsulate,0.0259,0.0,0.0,0.315,800,1632,768,0,0,0,0,0.0,0.388,nan,edge/x86_64,unknown,3.12.3,2026-10-09T18:41:14Z
28,ML-KEM-512,post-quantum,1,keygen,0.026,0.0,0.0,0.315,800,1632,768,0,0,0,0,0.0,0.3894,nan,edge/x86_64,unknown,3.12.3,2026-10-09T18:41:14Z
28,ML-KEM-512,post-quantum,1,encapsulate,0.0271,0.0,0.0,0.315,800,1632,768,0,0,0,0,0.0,0.407,nan,edge/x86_64,unknown,3.12.3,2026-10-09T18:41:14Z
28,ML-KEM-512,post-quantum,1,decapsulate,0.0371,0.0,0.0,0.315,800,1632,768,0,0,0,0,0.0,0.5559,nan,edge/x86_64,unknown,3.12.3,2026-10-09T18:41:14Z
29,ML-KEM-512,post-quantum,1,keygen,0.0271,0.0,0.0,0.315,800,1632,768,0,0,0,0,0.0,0.407,nan,edge/x86_64,unknown,3.12.3,2026-10-09T18:41:14Z
29,ML-KEM-512,post-quantum,1,encapsulate,0.0267,0.0,0.0,0.315,800,1632,768,0,0,0,0,0.0,0.4007,nan,edge/x86_64,unknown,3.12.3,2026-10-09T18:41:14Z
29,ML-KEM-512,post-quantum,1,decapsulate,0.0258,0.0,0.0,0.315,800,1632,768,0,0,0,0,0.0,0.3864,nan,edge/x86_64,unknown,3.12.3,2026-10-09T18:41:14Z
30,ML-KEM-512,post-quantum,1,keygen,0.0486,0.0,0.0,0.315,800,1632,768,0,0,0,0,0.0,0.7283,nan,edge/x86_64,unknown,3.12.3,2026-10-09T18:41:14Z
30,ML-KEM-512,post-quantum,1,encapsulate,0.0309,0.0,0.0,0.315,800,1632,768,0,0,0,0,0.0,0.4637,nan,edge/x86_64,unknown,3.12.3,2026-10-09T18:41:14Z
30,ML-KEM-512,post-quantum,1,decapsulate,0.0263,0.0,0.0,0.315,800,1632,768,0,0,0,0,0.0,0.3946,nan,edge/x86_64,unknown,3.12.3,2026-10-09T18:41:14Z
31,ML-KEM-512,post-quantum,1,keygen,0.0271,0.0,0.0,0.315,800,1632,768,0,0,0,0,0.0,0.407,nan,edge/x86_64,unknown,3.12.3,2026-10-09T18:41:14Z
31,ML-KEM-512,post-quantum,1,encapsulate,0.0288,0.0,0.0,0.315,800,1632,768,0,0,0,0,0.0,0.4318,nan,edge/x86_64,unknown,3.12.3,2026-10-09T18:41:14Z
31,ML-KEM-512,post-quantum,1,decapsulate,0.0262,0.0,0.0,0.315,800,1632,768,0,0,0,0,0.0,0.3926,nan,edge/x86_64,unknown,3.12.3,2026-10-09T18:41:14Z
32,ML-KEM-512,post-quantum,1,keygen,0.0262,0.0,0.0,0.315,800,1632,768,0,0,0,0,0.0,0.3926,nan,edge/x86_64,unknown,3.12.3,2026-10-09T18:41:14Z
32,ML-KEM-512,post-quantum,1,encapsulate,0.0266,0.0,0.0,0.315,800,1632,768,0,0,0,0,0.0,0.3994,nan,edge/x86_64,unknown,3.12.3,2026-10-09T18:41:14Z
32,ML-KEM-512,post-quantum,1,decapsulate,0.0258,0.0,0.0,0.315,800,1632,768,0,0,0,0,0.0,0.3875,nan,edge/x86_64,unknown,3.12.3,2026-10-09T18:41:14Z
33,ML-KEM-512,post-quantum,1,keygen,0.027,0.0,0.0,0.315,800,1632,768,0,0,0,0,0.0,0.405,nan,edge/x86_64,unknown,3.12.3,2026-10-09T18:41:14Z
33,ML-KEM-512,post-quantum,1,encapsulate,0.0293,0.0,0.0,0.315,800,1632,768,0,0,0,0,0.0,0.4402,nan,edge/x86_64,unknown,3.12.3,2026-10-09T18:41:14Z
33,ML-KEM-512,post-quantum,1,decapsulate,0.0263,0.0,0.0,0.315,800,1632,768,0,0,0,0,0.0,0.394,nan,edge/x86_64,unknown,3.12.3,2026-10-09T18:41:14Z
34,ML-KEM-512,post-quantum,1,keygen,0.0284,0.0,0.0,0.315,800,1632,768,0,0,0,0,0.0,0.4255,nan,edge/x86_64,unknown,3.12.3,2026-10-09T18:41:14Z
34,ML-KEM-512,post-quantum,1,encapsulate,0.0268,0.0,0.0,0.315,800,1632,768,0,0,0,0,0.0,0.4016,nan,edge/x86_64,unknown,3.12.3,2026-10-09T18:41:14Z
34,ML-KEM-512,post-quantum,1,decapsulate,0.0257,0.0,0.0,0.315,800,1632,768,0,0,0,0,0.0,0.3851,nan,edge/x86_64,unknown,3.12.3,2026-10-09T18:41:14Z
35,ML-KEM-512,post-quantum,1,keygen,0.0256,0.0,0.0,0.315,800,1632,768,0,0,0,0,0.0,0.3846,nan,edge/x86_64,unknown,3.12.3,2026-10-09T18:41:14Z
35,ML-KEM-512,post-quantum,1,encapsulate,0.0264,0.0,0.0,0.315,800,1632,768,0,0,0,0,0.0,0.3961,nan,edge/x86_64,unknown,3.12.3,2026-10-09T18:41:14Z
35,ML-KEM-512,post-quantum,1,decapsulate,0.0257,0.0,0.0,0.315,800,1632,768,0,0,0,0,0.0,0.3854,nan,edge/x86_64,unknown,3.12.3,2026-10-09T18:41:14Z
36,ML-KEM-512,post-quantum,1,keygen,0.0256,0.0,0.0,0.315,800,1632,768,0,0,0,0,0.0,0.384,nan,edge/x86_64,unknown,3.12.3,2026-10-09T18:41:14Z
36,ML-KEM-512,post-quantum,1,encapsulate,0.0265,0.0,0.0,0.315,800,1632,768,0,0,0,0,0.0,0.397,nan,edge/x86_64,unknown,3.12.3,2026-10-09T18:41:14Z
36,ML-KEM-512,post-quantum,1,decapsulate,0.0256,0.0,0.0,0.315,800,1632,768,0,0,0,0,0.0,0.3847,nan,edge/x86_64,unknown,3.12.3,2026-10-09T18:41:14Z
37,ML-KEM-512,post-quantum,1,keygen,0.0515,0.0,0.0,0.315,800,1632,768,0,0,0,0,0.0,0.7718,nan,edge/x86_64,unknown,3.12.3,2026-10-09T18:41:14Z
37,ML-KEM-512,post-quantum,1,encapsulate,0.0306,0.0,0.0,0.315,800,1632,768,0,0,0,0,0.0,0.4594,nan,edge/x86_64,unknown,3.12.3,2026-10-09T18:41:14Z
37,ML-KEM-512,post-quantum,1,decapsulate,0.0266,0.0,0.0,0.315,800,1632,768,0,0,0,0,0.0,0.3994,nan,edge/x86_64,unknown,3.12.3,2026-10-09T18:41:14Z
38,ML-KEM-512,post-quantum,1,keygen,0.0272,0.0,0.0,0.315,800,1632,768,0,0,0,0,0.0,0.4076,nan,edge/x86_64,unknown,3.12.3,2026-10-09T18:41:14Z
38,ML-KEM-512,post-quantum,1,encapsulate,0.0273,0.0,0.0,0.315,800,1632,768,0,0,0,0,0.0,0.4089,nan,edge/x86_64,unknown,3.12.3,2026-10-09T18:41:14Z
38,ML-KEM-512,post-quantum,1,decapsulate,0.0444,0.0,0.0,0.315,800,1632,768,0,0,0,0,0.0,0.6653,nan,edge/x86_64,unknown,3.12.3,2026-10-09T18:41:14Z
39,ML-KEM-512,post-quantum,1,keygen,0.0276,0.0,0.0,0.315,800,1632,768,0,0,0,0,0.0,0.4138,nan,edge/x86_64,unknown,3.12.3,2026-10-09T18:41:14Z
39,ML-KEM-512,post-quantum,1,encapsulate,0.0264,0.0,0.0,0.315,800,1632,768,0,0,0,0,0.0,0.3965,nan,edge/x86_64,unknown,3.12.3,2026-10-09T18:41:14Z
39,ML-KEM-512,post-quantum,1,decapsulate,0.0254,0.0,0.0,0.315,800,1632,768,0,0,0,0,0.0,0.3809,nan,edge/x86_64,unknown,3.12.3,2026-10-09T18:41:14Z
40,ML-KEM-512,post-quantum,1,keygen,0.0263,0.0,0.0,0.315,800,1632,768,0,0,0,0,0.0,0.395,nan,edge/x86_64,unknown,3.12.3,2026-10-09T18:41:14Z
40,ML-KEM-512,post-quantum,1,encapsulate,0.0272,0.0,0.0,0.315,800,1632,768,0,0,0,0,0.0,0.4076,nan,edge/x86_64,unknown,3.12.3,2026-10-09T18:41:14Z
40,ML-KEM-512,post-quantum,1,decapsulate,0.026,0.0,0.0,0.315,800,1632,768,0,0,0,0,0.0,0.3905,nan,edge/x86_64,unknown,3.12.3,2026-10-09T18:41:14Z
41,ML-KEM-512,post-quantum,1,keygen,0.0258,0.0,0.0,0.315,800,1632,768,0,0,0,0,0.0,0.3874,nan,edge/x86_64,unknown,3.12.3,2026-10-09T18:41:14Z
41,ML-KEM-512,post-quantum,1,encapsulate,0.0264,0.0,0.0,0.315,800,1632,768,0,0,0,0,0.0,0.3966,nan,edge/x86_64,unknown,3.12.3,2026-10-09T18:41:14Z
41,ML-KEM-512,post-quantum,1,decapsulate,0.0257,0.0,0.0,0.315,800,1632,768,0,0,0,0,0.0,0.3851,nan,edge/x86_64,unknown,3.12.3,2026-10-09T18:41:14Z
42,ML-KEM-512,post-quantum,1,keygen,0.0256,0.0,0.0,0.315,800,1632,768,0,0,0,0,0.0,0.3838,nan,edge/x86_64,unknown,3.12.3,2026-10-09T18:41:14Z
42,ML-KEM-512,post-quantum,1,encapsulate,0.0262,0.0,0.0,0.315,800,1632,768,0,0,0,0,0.0,0.3929,nan,edge/x86_64,unknown,3.12.3,2026-10-09T18:41:14Z
42,ML-KEM-512,post-quantum,1,decapsulate,0.0259,0.0,0.0,0.315,800,1632,768,0,0,0,0,0.0,0.3884,nan,edge/x86_64,unknown,3.12.3,2026-10-09T18:41:14Z
43,ML-KEM-512,post-quantum,1,keygen,0.0256,0.0,0.0,0.315,800,1632,768,0,0,0,0,0.0,0.3844,nan,edge/x86_64,unknown,3.12.3,2026-10-09T18:41:14Z
43,ML-KEM-512,post-quantum,1,encapsulate,0.0308,0.0,0.0,0.315,800,1632,768,0,0,0,0,0.0,0.4624,nan,edge/x86_64,unknown,3.12.3,2026-10-09T18:41:14Z
43,ML-KEM-512,post-quantum,1,decapsulate,0.0259,0.0,0.0,0.315,800,1632,768,0,0,0,0,0.0,0.3882,nan,edge/x86_64,unknown,3.12.3,2026-10-09T18:41:14Z
44,ML-KEM-512,post-quantum,1,keygen,0.0256,0.0,0.0,0.315,800,1632,768,0,0,0,0,0.0,0.3842,nan,edge/x86_64,unknown,3.12.3,2026-10-09T18:41:14Z
44,ML-KEM-512,post-quantum,1,encapsulate,0.0321,0.0,0.0,0.315,800,1632,768,0,0,0,0,0.0,0.4814,nan,edge/x86_64,unknown,3.12.3,2026-10-09T18:41:14Z
44,ML-KEM-512,post-quantum,1,decapsulate,0.0262,0.0,0.0,0.315,800,1632,768,0,0,0,0,0.0,0.3924,nan,edge/x86_64,unknown,3.12.3,2026-10-09T18:41:14Z
45,ML-KEM-512,post-quantum,1,keygen,0.0259,0.0,0.0,0.315,800,1632,768,0,0,0,0,0.0,0.3892,nan,edge/x86_64,unknown,3.12.3,2026-10-09T18:41:14Z
45,ML-KEM-512,post-quantum,1,encapsulate,0.0264,0.0,0.0,0.315,800,1632,768,0,0,0,0,0.0,0.3958,nan,edge/x86_64,unknown,3.12.3,2026-10-09T18:41:14Z
45,ML-KEM-512,post-quantum,1,decapsulate,0.0525,0.0,0.0,0.315,800,1632,768,0,0,0,0,0.0,0.7877,nan,edge/x86_64,unknown,3.12.3,2026-10-09T18:41:14Z
46,ML-KEM-512,post-quantum,1,keygen,0.0294,0.0,0.0,0.315,800,1632,768,0,0,0,0,0.0,0.4416,nan,edge/x86_64,unknown,3.12.3,2026-10-09T18:41:14Z
46,ML-KEM-512,post-quantum,1,encapsulate,0.0274,0.0,0.0,0.315,800,1632,768,0,0,0,0,0.0,0.4105,nan,edge/x86_64,unknown,3.12.3,2026-10-09T18:41:14Z
46,ML-KEM-512,post-quantum,1,decapsulate,0.0259,0.0,0.0,0.315,800,1632,768,0,0,0,0,0.0,0.3887,nan,edge/x86_64,unknown,3.12.3,2026-10-09T18:41:14Z
47,ML-KEM-512,post-quantum,1,keygen,0.0261,0.0,0.0,0.315,800,1632,768,0,0,0,0,0.0,0.3918,nan,edge/x86_64,unknown,3.12.3,2026-10-09T18:41:14Z
47,ML-KEM-512,post-quantum,1,encapsulate,0.0265,0.0,0.0,0.315,800,1632,768,0,0,0,0,0.0,0.3974,nan,edge/x86_64,unknown,3.12.3,2026-10-09T18:41:14Z
47,ML-KEM-512,post-quantum,1,decapsulate,0.0259,0.0,0.0,0.315,800,1632,768,0,0,0,0,0.0,0.3882,nan,edge/x86_64,unknown,3.12.3,2026-10-09T18:41:14Z
48,ML-KEM-512,post-quantum,1,keygen,0.0262,0.0,0.0,0.315,800,1632,768,0,0,0,0,0.0,0.3929,nan,edge/x86_64,unknown,3.12.3,2026-10-09T18:41:14Z
48,ML-KEM-512,post-quantum,1,encapsulate,0.0267,0.0,0.0,0.315,800,1632,768,0,0,0,0,0.0,0.4008,nan,edge/x86_64,unknown,3.12.3,2026-10-09T18:41:14Z
48,ML-KEM-512,post-quantum,1,decapsulate,0.0257,0.0,0.0,0.315,800,1632,768,0,0,0,0,0.0,0.3854,nan,edge/x86_64,unknown,3.12.3,2026-10-09T18:41:14Z
49,ML-KEM-512,post-quantum,1,keygen,0.0259,0.0,0.0,0.315,800,1632,768,0,0,0,0,0.0,0.3891,nan,edge/x86_64,unknown,3.12.3,2026-10-09T18:41:14Z
49,ML-KEM-512,post-quantum,1,encapsulate,0.0406,0.0,0.0,0.315,800,1632,768,0,0,0,0,0.0,0.6088,nan,edge/x86_64,unknown,3.12.3,2026-10-09T18:41:14Z
49,ML-KEM-512,post-quantum,1,decapsulate,0.0266,0.0,0.0,0.315,800,1632,768,0,0,0,0,0.0,0.3996,nan,edge/x86_64,unknown,3.12.3,2026-10-09T18:41:14Z
50,ML-KEM-512,post-quantum,1,keygen,0.0274,0.0,0.0,0.315,800,1632,768,0,0,0,0,0.0,0.4116,nan,edge/x86_64,unknown,3.12.3,2026-10-09T18:41:14Z
50,ML-KEM-512,post-quantum,1,encapsulate,0.0265,0.0,0.0,0.315,800,1632,768,0,0,0,0,0.0,0.3972,nan,edge/x86_64,unknown,3.12.3,2026-10-09T18:41:14Z
50,ML-KEM-512,post-quantum,1,decapsulate,0.0303,0.0,0.0,0.315,800,1632,768,0,0,0,0,0.0,0.4552,nan,edge/x86_64,unknown,3.12.3,2026-10-09T18:41:14Z
51,ML-KEM-512,post-quantum,1,keygen,0.0267,0.0,0.0,0.315,800,1632,768,0,0,0,0,0.0,0.4004,nan,edge/x86_64,unknown,3.12.3,2026-10-09T18:41:14Z
51,ML-KEM-512,post-quantum,1,encapsulate,0.0263,0.0,0.0,0.315,800,1632,768,0,0,0,0,0.0,0.3951,nan,edge/x86_64,unknown,3.12.3,2026-10-09T18:41:14Z
51,ML-KEM-512,post-quantum,1,decapsulate,0.0258,0.0,0.0,0.315,800,1632,768,0,0,0,0,0.0,0.3873,nan,edge/x86_64,unknown,3.12.3,2026-10-09T18:41:14Z
52,ML-KEM-512,post-quantum,1,keygen,0.0256,0.0,0.0,0.315,800,1632,768,0,0,0,0,0.0,0.3834,nan,edge/x86_64,unknown,3.12.3,2026-10-09T18:41:14Z
52,ML-KEM-512,post-quantum,1,encapsulate,0.0266,0.0,0.0,0.315,800,1632,768,0,0,0,0,0.0,0.3988,nan,edge/x86_64,unknown,3.12.3,2026-10-09T18:41:14Z
52,ML-KEM-512,post-quantum,1,decapsulate,0.0254,0.0,0.0,0.315,800,1632,768,0,0,0,0,0.0,0.3811,nan,edge/x86_64,unknown,3.12.3,2026-10-09T18:41:14Z
53,ML-KEM-512,post-quantum,1,keygen,0.0264,0.0,0.0,0.315,800,1632,768,0,0,0,0,0.0,0.3967,nan,edge/x86_64,unknown,3.12.3,2026-10-09T18:41:14Z
53,ML-KEM-512,post-quantum,1,encapsulate,0.0268,0.0,0.0,0.315,800,1632,768,0,0,0,0,0.0,0.4027,nan,edge/x86_64,unknown,3.12.3,2026-10-09T18:41:14Z
53,ML-KEM-512,post-quantum,1,decapsulate,0.0266,0.0,0.0,0.315,800,1632,768,0,0,0,0,0.0,0.3991,nan,edge/x86_64,unknown,3.12.3,2026-10-09T18:41:14Z
54,ML-KEM-512,post-quantum,1,keygen,0.0262,0.0,0.0,0.315,800,1632,768,0,0,0,0,0.0,0.3925,nan,edge/x86_64,unknown,3.12.3,2026-10-09T18:41:14Z
54,ML-KEM-512,post-quantum,1,encapsulate,0.0266,0.0,0.0,0.315,800,1632,768,0,0,0,0,0.0,0.3991,nan,edge/x86_64,unknown,3.12.3,2026-10-09T18:41:14Z
54,ML-KEM-512,post-quantum,1,decapsulate,0.0259,0.0,0.0,0.315,800,1632,768,0,0,0,0,0.0,0.3892,nan,edge/x86_64,unknown,3.12.3,2026-10-09T18:41:14Z
55,ML-KEM-512,post-quantum,1,keygen,0.0379,0.0,0.0,0.315,800,1632,768,0,0,0,0,0.0,0.5681,nan,edge/x86_64,unknown,3.12.3,2026-10-09T18:41:14Z
55,ML-KEM-512,post-quantum,1,encapsulate,0.0285,0.0,0.0,0.315,800,1632,768,0,0,0,0,0.0,0.4271,nan,edge/x86_64,unknown,3.12.3,2026-10-09T18:41:14Z
55,ML-KEM-512,post-quantum,1,decapsulate,0.0259,0.0,0.0,0.315,800,1632,768,0,0,0,0,0.0,0.3885,nan,edge/x86_64,unknown,3.12.3,2026-10-09T18:41:14Z
56,ML-KEM-512,post-quantum,1,keygen,0.026,0.0,0.0,0.315,800,1632,768,0,0,0,0,0.0,0.3901,nan,edge/x86_64,unknown,3.12.3,2026-10-09T18:41:14Z
56,ML-KEM-512,post-quantum,1,encapsulate,0.0274,0.0,0.0,0.315,800,1632,768,0,0,0,0,0.0,0.4116,nan,edge/x86_64,unknown,3.12.3,2026-10-09T18:41:14Z
56,ML-KEM-512,post-quantum,1,decapsulate,0.0308,0.0,0.0,0.315,800,1632,768,0,0,0,0,0.0,0.4627,nan,edge/x86_64,unknown,3.12.3,2026-10-09T18:41:14Z
57,ML-KEM-512,post-quantum,1,keygen,0.0305,0.0,0.0,0.315,800,1632,768,0,0,0,0,0.0,0.4568,nan,edge/x86_64,unknown,3.12.3,2026-10-09T18:41:14Z
57,ML-KEM-512,post-quantum,1,encapsulate,0.0298,0.0,0.0,0.315,800,1632,768,0,0,0,0,0.0,0.4476,nan,edge/x86_64,unknown,3.12.3,2026-10-09T18:41:14Z
57,ML-KEM-512,post-quantum,1,decapsulate,0.0276,0.0,0.0,0.315,800,1632,768,0,0,0,0,0.0,0.4136,nan,edge/x86_64,unknown,3.12.3,2026-10-09T18:41:14Z
58,ML-KEM-512,post-quantum,1,keygen,0.0264,0.0,0.0,0.315,800,1632,768,0,0,0,0,0.0,0.3965,nan,edge/x86_64,unknown,3.12.3,2026-10-09T18:41:14Z
58,ML-KEM-512,post-quantum,1,encapsulate,0.0268,0.0,0.0,0.315,800,1632,768,0,0,0,0,0.0,0.4013,nan,edge/x86_64,unknown,3.12.3,2026-10-09T18:41:14Z
58,ML-KEM-512,post-quantum,1,decapsulate,0.0261,0.0,0.0,0.315,800,1632,768,0,0,0,0,0.0,0.3914,nan,edge/x86_64,unknown,3.12.3,2026-10-09T18:41:14Z
59,ML-KEM-512,post-quantum,1,keygen,0.0263,0.0,0.0,0.315,800,1632,768,0,0,0,0,0.0,0.395,nan,edge/x86_64,unknown,3.12.3,2026-10-09T18:41:14Z
59,ML-KEM-512,post-quantum,1,encapsulate,0.0265,0.0,0.0,0.315,800,1632,768,0,0,0,0,0.0,0.3974,nan,edge/x86_64,unknown,3.12.3,2026-10-09T18:41:14Z
59,ML-KEM-512,post-quantum,1,decapsulate,0.0259,0.0,0.0,0.315,800,1632,768,0,0,0,0,0.0,0.389,nan,edge/x86_64,unknown,3.12.3,2026-10-09T18:41:14Z
60,ML-KEM-512,post-quantum,1,keygen,0.0261,0.0,0.0,0.315,800,1632,768,0,0,0,0,0.0,0.3918,nan,edge/x86_64,unknown,3.12.3,2026-10-09T18:41:14Z
60,ML-KEM-512,post-quantum,1,encapsulate,0.0457,0.0,0.0,0.315,800,1632,768,0,0,0,0,0.0,0.6862,nan,edge/x86_64,unknown,3.12.3,2026-10-09T18:41:14Z
60,ML-KEM-512,post-quantum,1,decapsulate,0.027,0.0,0.0,0.315,800,1632,768,0,0,0,0,0.0,0.4045,nan,edge/x86_64,unknown,3.12.3,2026-10-09T18:41:14Z
61,ML-KEM-512,post-quantum,1,keygen,0.0269,0.0,0.0,0.315,800,1632,768,0,0,0,0,0.0,0.4041,nan,edge/x86_64,unknown,3.12.3,2026-10-09T18:41:14Z
61,ML-KEM-512,post-quantum,1,encapsulate,0.0283,0.0,0.0,0.315,800,1632,768,0,0,0,0,0.0,0.4245,nan,edge/x86_64,unknown,3.12.3,2026-10-09T18:41:14Z
61,ML-KEM-512,post-quantum,1,decapsulate,0.0258,0.0,0.0,0.315,800,1632,768,0,0,0,0,0.0,0.3863,nan,edge/x86_64,unknown,3.12.3,2026-10-09T18:41:14Z
62,ML-KEM-512,post-quantum,1,keygen,0.026,0.0,0.0,0.315,800,1632,768,0,0,0,0,0.0,0.3897,nan,edge/x86_64,unknown,3.12.3,2026-10-09T18:41:14Z
62,ML-KEM-512,post-quantum,1,encapsulate,0.0269,0.0,0.0,0.315,800,1632,768,0,0,0,0,0.0,0.4029,nan,edge/x86_64,unknown,3.12.3,2026-10-09T18:41:14Z
62,ML-KEM-512,post-quantum,1,decapsulate,0.0262,0.0,0.0,0.315,800,1632,768,0,0,0,0,0.0,0.3926,nan,edge/x86_64,unknown,3.12.3,2026-10-09T18:41:14Z
63,ML-KEM-512,post-quantum,1,keygen,0.0277,0.0,0.0,0.315,800,1632,768,0,0,0,0,0.0,0.4152,nan,edge/x86_64,unknown,3.12.3,2026-10-09T18:41:14Z
63,ML-KEM-512,post-quantum,1,encapsulate,0.0266,0.0,0.0,0.315,800,1632,768,0,0,0,0,0.0,0.3991,nan,edge/x86_64,unknown,3.12.3,2026-10-09T18:41:14Z
63,ML-KEM-512,post-quantum,1,decapsulate,0.0265,0.0,0.0,0.315,800,1632,768,0,0,0,0,0.0,0.3969,nan,edge/x86_64,unknown,3.12.3,2026-10-09T18:41:14Z
64,ML-KEM-512,post-quantum,1,keygen,0.0359,0.0,0.0,0.315,800,1632,768,0,0,0,0,0.0,0.538,nan,edge/x86_64,unknown,3.12.3,2026-10-09T18:41:14Z
64,ML-KEM-512,post-quantum,1,encapsulate,0.0284,0.0,0.0,0.315,800,1632,768,0,0,0,0,0.0,0.4257,nan,edge/x86_64,unknown,3.12.3,2026-10-09T18:41:14Z
64,ML-KEM-512,post-quantum,1,decapsulate,0.026,0.0,0.0,0.315,800,1632,768,0,0,0,0,0.0,0.3893,nan,edge/x86_64,unknown,3.12.3,2026-10-09T18:41:14Z
65,ML-KEM-512,post-quantum,1,keygen,0.0282,0.0,0.0,0.315,800,1632,768,0,0,0,0,0.0,0.4228,nan,edge/x86_64,unknown,3.12.3,2026-10-09T18:41:14Z
65,ML-KEM-512,post-quantum,1,encapsulate,0.0272,0.0,0.0,0.315,800,1632,768,0,0,0,0,0.0,0.4074,nan,edge/x86_64,unknown,3.12.3,2026-10-09T18:41:14Z
65,ML-KEM-512,post-quantum,1,decapsulate,0.0258,0.0,0.0,0.315,800,1632,768,0,0,0,0,0.0,0.3873,nan,edge/x86_64,unknown,3.12.3,2026-10-09T18:41:14Z
66,ML-KEM-512,post-quantum,1,keygen,0.0262,0.0,0.0,0.315,800,1632,768,0,0,0,0,0.0,0.3937,nan,edge/x86_64,unknown,3.12.3,2026-10-09T18:41:14Z
66,ML-KEM-512,post-quantum,1,encapsulate,0.0266,0.0,0.0,0.315,800,1632,768,0,0,0,0,0.0,0.3991,nan,edge/x86_64,unknown,3.12.3,2026-10-09T18:41:14Z
66,ML-KEM-512,post-quantum,1,decapsulate,0.0304,0.0,0.0,0.315,800,1632,768,0,0,0,0,0.0,0.4564,nan,edge/x86_64,unknown,3.12.3,2026-10-09T18:41:14Z
67,ML-KEM-512,post-quantum,1,keygen,0.0282,0.0,0.0,0.315,800,1632,768,0,0,0,0,0.0,0.4234,nan,edge/x86_64,unknown,3.12.3,2026-10-09T18:41:14Z
67,ML-KEM-512,post-quantum,1,encapsulate,0.0279,0.0,0.0,0.315,800,1632,768,0,0,0,0,0.0,0.4192,nan,edge/x86_64,unknown,3.12.3,2026-10-09T18:41:14Z
67,ML-KEM-512,post-quantum,1,decapsulate,0.0266,0.0,0.0,0.315,800,1632,768,0,0,0,0,0.0,0.3992,nan,edge/x86_64,unknown,3.12.3,2026-10-09T18:41:14Z
68,ML-KEM-512,post-quantum,1,keygen,0.026,0.0,0.0,0.315,800,1632,768,0,0,0,0,0.0,0.3894,nan,edge/x86_64,unknown,3.12.3,2026-10-09T18:41:14Z
68,ML-KEM-512,post-quantum,1,encapsulate,0.0265,0.0,0.0,0.315,800,1632,768,0,0,0,0,0.0,0.3972,nan,edge/x86_64,unknown,3.12.3,2026-10-09T18:41:14Z
68,ML-KEM-512,post-quantum,1,decapsulate,0.0258,0.0,0.0,0.315,800,1632,768,0,0,0,0,0.0,0.3875,nan,edge/x86_64,unknown,3.12.3,2026-10-09T18:41:14Z
69,ML-KEM-512,post-quantum,1,keygen,0.0259,0.0,0.0,0.315,800,1632,768,0,0,0,0,0.0,0.3883,nan,edge/x86_64,unknown,3.12.3,2026-10-09T18:41:14Z
69,ML-KEM-512,post-quantum,1,encapsulate,0.0266,0.0,0.0,0.315,800,1632,768,0,0,0,0,0.0,0.3994,nan,edge/x86_64,unknown,3.12.3,2026-10-09T18:41:14Z
69,ML-KEM-512,post-quantum,1,decapsulate,0.0309,0.0,0.0,0.315,800,1632,768,0,0,0,0,0.0,0.464,nan,edge/x86_64,unknown,3.12.3,2026-10-09T18:41:14Z
70,ML-KEM-512,post-quantum,1,keygen,0.0422,0.0,0.0,0.315,800,1632,768,0,0,0,0,0.0,0.6334,nan,edge/x86_64,unknown,3.12.3,2026-10-09T18:41:14Z
70,ML-KEM-512,post-quantum,1,encapsulate,0.0287,0.0,0.0,0.315,800,1632,768,0,0,0,0,0.0,0.4303,nan,edge/x86_64,unknown,3.12.3,2026-10-09T18:41:14Z
70,ML-KEM-512,post-quantum,1,decapsulate,0.0259,0.0,0.0,0.315,800,1632,768,0,0,0,0,0.0,0.388,nan,edge/x86_64,unknown,3.12.3,2026-10-09T18:41:14Z
71,ML-KEM-512,post-quantum,1,keygen,0.026,0.0,0.0,0.315,800,1632,768,0,0,0,0,0.0,0.3893,nan,edge/x86_64,unknown,3.12.3,2026-10-09T18:41:14Z
71,ML-KEM-512,post-quantum,1,encapsulate,0.0269,0.0,0.0,0.315,800,1632,768,0,0,0,0,0.0,0.4035,nan,edge/x86_64,unknown,3.12.3,2026-10-09T18:41:14Z
71,ML-KEM-512,post-quantum,1,decapsulate,0.0261,0.0,0.0,0.315,800,1632,768,0,0,0,0,0.0,0.3913,nan,edge/x86_64,unknown,3.12.3,2026-10-09T18:41:14Z
72,ML-KEM-512,post-quantum,1,keygen,0.0336,0.0,0.0,0.315,800,1632,768,0,0,0,0,0.0,0.5041,nan,edge/x86_64,unknown,3.12.3,2026-10-09T18:41:14Z
72,ML-KEM-512,post-quantum,1,encapsulate,0.0273,0.0,0.0,0.315,800,1632,768,0,0,0,0,0.0,0.4097,nan,edge/x86_64,unknown,3.12.3,2026-10-09T18:41:14Z
72,ML-KEM-512,post-quantum,1,decapsulate,0.0261,0.0,0.0,0.315,800,1632,768,0,0,0,0,0.0,0.3921,nan,edge/x86_64,unknown,3.12.3,2026-10-09T18:41:14Z
73,ML-KEM-512,post-quantum,1,keygen,0.0259,0.0,0.0,0.315,800,1632,768,0,0,0,0,0.0,0.3886,nan,edge/x86_64,unknown,3.12.3,2026-10-09T18:41:14Z
73,ML-KEM-512,post-quantum,1,encapsulate,0.0278,0.0,0.0,0.315,800,1632,768,0,0,0,0,0.0,0.4163,nan,edge/x86_64,unknown,3.12.3,2026-10-09T18:41:14Z
73,ML-KEM-512,post-quantum,1,decapsulate,0.0259,0.0,0.0,0.315,800,1632,768,0,0,0,0,0.0,0.389,nan,edge/x86_64,unknown,3.12.3,2026-10-09T18:41:14Z
74,ML-KEM-512,post-quantum,1,keygen,0.0259,0.0,0.0,0.315,800,1632,768,0,0,0,0,0.0,0.3882,nan,edge/x86_64,unknown,3.12.3,2026-10-09T18:41:14Z
74,ML-KEM-512,post-quantum,1,encapsulate,0.0422,0.0,0.0,0.315,800,1632,768,0,0,0,0,0.0,0.6334,nan,edge/x86_64,unknown,3.12.3,2026-10-09T18:41:14Z
74,ML-KEM-512,post-quantum,1,decapsulate,0.0291,0.0,0.0,0.315,800,1632,768,0,0,0,0,0.0,0.4367,nan,edge/x86_64,unknown,3.12.3,2026-10-09T18:41:14Z
75,ML-KEM-512,post-quantum,1,keygen,0.0277,0.0,0.0,0.315,800,1632,768,0,0,0,0,0.0,0.416,nan,edge/x86_64,unknown,3.12.3,2026-10-09T18:41:14Z
75,ML-KEM-512,post-quantum,1,encapsulate,0.0407,0.0,0.0,0.315,800,1632,768,0,0,0,0,0.0,0.6108,nan,edge/x86_64,unknown,3.12.3,2026-10-09T18:41:14Z
75,ML-KEM-512,post-quantum,1,decapsulate,0.03,0.0,0.0,0.315,800,1632,768,0,0,0,0,0.0,0.4506,nan,edge/x86_64,unknown,3.12.3,2026-10-09T18:41:14Z
76,ML-KEM-512,post-quantum,1,keygen,0.0269,0.0,0.0,0.315,800,1632,768,0,0,0,0,0.0,0.4029,nan,edge/x86_64,unknown,3.12.3,2026-10-09T18:41:14Z
76,ML-KEM-512,post-quantum,1,encapsulate,0.0278,0.0,0.0,0.315,800,1632,768,0,0,0,0,0.0,0.4166,nan,edge/x86_64,unknown,3.12.3,2026-10-09T18:41:14Z
76,ML-KEM-512,post-quantum,1,decapsulate,0.0258,0.0,0.0,0.315,800,1632,768,0,0,0,0,0.0,0.3877,nan,edge/x86_64,unknown,3.12.3,2026-10-09T18:41:14Z
77,ML-KEM-512,post-quantum,1,keygen,0.0517,0.0,0.0,0.315,800,1632,768,0,0,0,0,0.0,0.7759,nan,edge/x86_64,unknown,3.12.3,2026-10-09T18:41:14Z
77,ML-KEM-512,post-quantum,1,encapsulate,0.0302,0.0,0.0,0.315,800,1632,768,0,0,0,0,0.0,0.4526,nan,edge/x86_64,unknown,3.12.3,2026-10-09T18:41:14Z
77,ML-KEM-512,post-quantum,1,decapsulate,0.0265,0.0,0.0,0.315,800,1632,768,0,0,0,0,0.0,0.3976,nan,edge/x86_64,unknown,3.12.3,2026-10-09T18:41:14Z
78,ML-KEM-512,post-quantum,1,keygen,0.0265,0.0,0.0,0.315,800,1632,768,0,0,0,0,0.0,0.3971,nan,edge/x86_64,unknown,3.12.3,2026-10-09T18:41:14Z
78,ML-KEM-512,post-quantum,1,encapsulate,0.0268,0.0,0.0,0.315,800,1632,768,0,0,0,0,0.0,0.4013,nan,edge/x86_64,unknown,3.12.3,2026-10-09T18:41:14Z
78,ML-KEM-512,post-quantum,1,decapsulate,0.0259,0.0,0.0,0.315,800,1632,768,0,0,0,0,0.0,0.3888,nan,edge/x86_64,unknown,3.12.3,2026-10-09T18:41:14Z
79,ML-KEM-512,post-quantum,1,keygen,0.0256,0.0,0.0,0.315,800,1632,768,0,0,0,0,0.0,0.3833,nan,edge/x86_64,unknown,3.12.3,2026-10-09T18:41:14Z
79,ML-KEM-512,post-quantum,1,encapsulate,0.028,0.0,0.0,0.315,800,1632,768,0,0,0,0,0.0,0.4197,nan,edge/x86_64,unknown,3.12.3,2026-10-09T18:41:14Z
79,ML-KEM-512,post-quantum,1,decapsulate,0.0254,0.0,0.0,0.315,800,1632,768,0,0,0,0,0.0,0.3809,nan,edge/x86_64,unknown,3.12.3,2026-10-09T18:41:14Z
80,ML-KEM-512,post-quantum,1,keygen,0.0257,0.0,0.0,0.315,800,1632,768,0,0,0,0,0.0,0.3862,nan,edge/x86_64,unknown,3.12.3,2026-10-09T18:41:14Z
80,ML-KEM-512,post-quantum,1,encapsulate,0.0273,0.0,0.0,0.315,800,1632,768,0,0,0,0,0.0,0.4095,nan,edge/x86_64,unknown,3.12.3,2026-10-09T18:41:14Z
80,ML-KEM-512,post-quantum,1,decapsulate,0.0289,0.0,0.0,0.315,800,1632,768,0,0,0,0,0.0,0.4329,nan,edge/x86_64,unknown,3.12.3,2026-10-09T18:41:14Z
81,ML-KEM-512,post-quantum,1,keygen,0.0272,0.0,0.0,0.315,800,1632,768,0,0,0,0,0.0,0.408,nan,edge/x86_64,unknown,3.12.3,2026-10-09T18:41:14Z
81,ML-KEM-512,post-quantum,1,encapsulate,0.0268,0.0,0.0,0.315,800,1632,768,0,0,0,0,0.0,0.402,nan,edge/x86_64,unknown,3.12.3,2026-10-09T18:41:14Z
81,ML-KEM-512,post-quantum,1,decapsulate,0.0255,0.0,0.0,0.315,800,1632,768,0,0,0,0,0.0,0.3829,nan,edge/x86_64,unknown,3.12.3,2026-10-09T18:41:14Z
82,ML-KEM-512,post-quantum,1,keygen,0.026,0.0,0.0,0.315,800,1632,768,0,0,0,0,0.0,0.3897,nan,edge/x86_64,unknown,3.12.3,2026-10-09T18:41:14Z
82,ML-KEM-512,post-quantum,1,encapsulate,0.0263,0.0,0.0,0.315,800,1632,768,0,0,0,0,0.0,0.3942,nan,edge/x86_64,unknown,3.12.3,2026-10-09T18:41:14Z
82,ML-KEM-512,post-quantum,1,decapsulate,0.0262,0.0,0.0,0.315,800,1632,768,0,0,0,0,0.0,0.3935,nan,edge/x86_64,unknown,3.12.3,2026-10-09T18:41:14Z
83,ML-KEM-512,post-quantum,1,keygen,0.0264,0.0,0.0,0.315,800,1632,768,0,0,0,0,0.0,0.3956,nan,edge/x86_64,unknown,3.12.3,2026-10-09T18:41:14Z
83,ML-KEM-512,post-quantum,1,encapsulate,0.0262,0.0,0.0,0.315,800,1632,768,0,0,0,0,0.0,0.3929,nan,edge/x86_64,unknown,3.12.3,2026-10-09T18:41:14Z
83,ML-KEM-512,post-quantum,1,decapsulate,0.0256,0.0,0.0,0.315,800,1632,768,0,0,0,0,0.0,0.3841,nan,edge/x86_64,unknown,3.12.3,2026-10-09T18:41:14Z
84,ML-KEM-512,post-quantum,1,keygen,0.0263,0.0,0.0,0.315,800,1632,768,0,0,0,0,0.0,0.3948,nan,edge/x86_64,unknown,3.12.3,2026-10-09T18:41:14Z
84,ML-KEM-512,post-quantum,1,encapsulate,0.0269,0.0,0.0,0.315,800,1632,768,0,0,0,0,0.0,0.4033,nan,edge/x86_64,unknown,3.12.3,2026-10-09T18:41:14Z
84,ML-KEM-512,post-quantum,1,decapsulate,0.0256,0.0,0.0,0.315,800,1632,768,0,0,0,0,0.0,0.3841,nan,edge/x86_64,unknown,3.12.3,2026-10-09T18:41:14Z
85,ML-KEM-512,post-quantum,1,keygen,0.0451,0.0,0.0,0.315,800,1632,768,0,0,0,0,0.0,0.6758,nan,edge/x86_64,unknown,3.12.3,2026-10-09T18:41:14Z
85,ML-KEM-512,post-quantum,1,encapsulate,0.0289,0.0,0.0,0.315,800,1632,768,0,0,0,0,0.0,0.434,nan,edge/x86_64,unknown,3.12.3,2026-10-09T18:41:14Z
85,ML-KEM-512,post-quantum,1,decapsulate,0.0262,0.0,0.0,0.315,800,1632,768,0,0,0,0,0.0,0.3923,nan,edge/x86_64,unknown,3.12.3,2026-10-09T18:41:14Z
86,ML-KEM-512,post-quantum,1,keygen,0.0285,0.0,0.0,0.315,800,1632,768,0,0,0,0,0.0,0.4276,nan,edge/x86_64,unknown,3.12.3,2026-10-09T18:41:14Z
86,ML-KEM-512,post-quantum,1,encapsulate,0.0269,0.0,0.0,0.315,800,1632,768,0,0,0,0,0.0,0.4036,nan,edge/x86_64,unknown,3.12.3,2026-10-09T18:41:14Z
86,ML-KEM-512,post-quantum,1,decapsulate,0.0261,0.0,0.0,0.315,800,1632,768,0,0,0,0,0.0,0.3916,nan,edge/x86_64,unknown,3.12.3,2026-10-09T18:41:14Z
87,ML-KEM-512,post-quantum,1,keygen,0.0261,0.0,0.0,0.315,800,1632,768,0,0,0,0,0.0,0.3908,nan,edge/x86_64,unknown,3.12.3,2026-10-09T18:41:14Z
87,ML-KEM-512,post-quantum,1,encapsulate,0.0261,0.0,0.0,0.315,800,1632,768,0,0,0,0,0.0,0.3919,nan,edge/x86_64,unknown,3.12.3,2026-10-09T18:41:14Z
87,ML-KEM-512,post-quantum,1,decapsulate,0.049,0.0,0.0,0.315,800,1632,768,0,0,0,0,0.0,0.7345,nan,edge/x86_64,unknown,3.12.3,2026-10-09T18:41:14Z
88,ML-KEM-512,post-quantum,1,keygen,0.0298,0.0,0.0,0.315,800,1632,768,0,0,0,0,0.0,0.4476,nan,edge/x86_64,unknown,3.12.3,2026-10-09T18:41:14Z
88,ML-KEM-512,post-quantum,1,encapsulate,0.0276,0.0,0.0,0.315,800,1632,768,0,0,0,0,0.0,0.4147,nan,edge/x86_64,unknown,3.12.3,2026-10-09T18:41:14Z
88,ML-KEM-512,post-quantum,1,decapsulate,0.026,0.0,0.0,0.315,800,1632,768,0,0,0,0,0.0,0.3894,nan,edge/x86_64,unknown,3.12.3,2026-10-09T18:41:14Z
89,ML-KEM-512,post-quantum,1,keygen,0.027,0.0,0.0,0.315,800,1632,768,0,0,0,0,0.0,0.4044,nan,edge/x86_64,unknown,3.12.3,2026-10-09T18:41:14Z
89,ML-KEM-512,post-quantum,1,encapsulate,0.0262,0.0,0.0,0.315,800,1632,768,0,0,0,0,0.0,0.3932,nan,edge/x86_64,unknown,3.12.3,2026-10-09T18:41:14Z
89,ML-KEM-512,post-quantum,1,decapsulate,0.0254,0.0,0.0,0.315,800,1632,768,0,0,0,0,0.0,0.3814,nan,edge/x86_64,unknown,3.12.3,2026-10-09T18:41:14Z
90,ML-KEM-512,post-quantum,1,keygen,0.0261,0.0,0.0,0.315,800,1632,768,0,0,0,0,0.0,0.3916,nan,edge/x86_64,unknown,3.12.3,2026-10-09T18:41:14Z
90,ML-KEM-512,post-quantum,1,encapsulate,0.0262,0.0,0.0,0.315,800,1632,768,0,0,0,0,0.0,0.3928,nan,edge/x86_64,unknown,3.12.3,2026-10-09T18:41:14Z
90,ML-KEM-512,post-quantum,1,decapsulate,0.0258,0.0,0.0,0.315,800,1632,768,0,0,0,0,0.0,0.3875,nan,edge/x86_64,unknown,3.12.3,2026-10-09T18:41:14Z
91,ML-KEM-512,post-quantum,1,keygen,0.0259,0.0,0.0,0.315,800,1632,768,0,0,0,0,0.0,0.389,nan,edge/x86_64,unknown,3.12.3,2026-10-09T18:41:14Z
91,ML-KEM-512,post-quantum,1,encapsulate,0.0296,0.0,0.0,0.315,800,1632,768,0,0,0,0,0.0,0.4441,nan,edge/x86_64,unknown,3.12.3,2026-10-09T18:41:14Z
91,ML-KEM-512,post-quantum,1,decapsulate,0.026,0.0,0.0,0.315,800,1632,768,0,0,0,0,0.0,0.3903,nan,edge/x86_64,unknown,3.12.3,2026-10-09T18:41:14Z
92,ML-KEM-512,post-quantum,1,keygen,0.0261,0.0,0.0,0.315,800,1632,768,0,0,0,0,0.0,0.3915,nan,edge/x86_64,unknown,3.12.3,2026-10-09T18:41:14Z
92,ML-KEM-512,post-quantum,1,encapsulate,0.0266,0.0,0.0,0.315,800,1632,768,0,0,0,0,0.0,0.3993,nan,edge/x86_64,unknown,3.12.3,2026-10-09T18:41:14Z
92,ML-KEM-512,post-quantum,1,decapsulate,0.0258,0.0,0.0,0.315,800,1632,768,0,0,0,0,0.0,0.3869,nan,edge/x86_64,unknown,3.12.3,2026-10-09T18:41:14Z
93,ML-KEM-512,post-quantum,1,keygen,0.0258,0.0,0.0,0.315,800,1632,768,0,0,0,0,0.0,0.3869,nan,edge/x86_64,unknown,3.12.3,2026-10-09T18:41:14Z
93,ML-KEM-512,post-quantum,1,encapsulate,0.0264,0.0,0.0,0.315,800,1632,768,0,0,0,0,0.0,0.3958,nan,edge/x86_64,unknown,3.12.3,2026-10-09T18:41:14Z
93,ML-KEM-512,post-quantum,1,decapsulate,0.0255,0.0,0.0,0.315,800,1632,768,0,0,0,0,0.0,0.3825,nan,edge/x86_64,unknown,3.12.3,2026-10-09T18:41:14Z
94,ML-KEM-512,post-quantum,1,keygen,0.0258,0.0,0.0,0.315,800,1632,768,0,0,0,0,0.0,0.3864,nan,edge/x86_64,unknown,3.12.3,2026-10-09T18:41:14Z
94,ML-KEM-512,post-quantum,1,encapsulate,0.0265,0.0,0.0,0.315,800,1632,768,0,0,0,0,0.0,0.3979,nan,edge/x86_64,unknown,3.12.3,2026-10-09T18:41:14Z
94,ML-KEM-512,post-quantum,1,decapsulate,0.0258,0.0,0.0,0.315,800,1632,768,0,0,0,0,0.0,0.3863,nan,edge/x86_64,unknown,3.12.3,2026-10-09T18:41:14Z
95,ML-KEM-512,post-quantum,1,keygen,0.0257,0.0,0.0,0.315,800,1632,768,0,0,0,0,0.0,0.3859,nan,edge/x86_64,unknown,3.12.3,2026-10-09T18:41:14Z
95,ML-KEM-512,post-quantum,1,encapsulate,0.0318,0.0,0.0,0.315,800,1632,768,0,0,0,0,0.0,0.4776,nan,edge/x86_64,unknown,3.12.3,2026-10-09T18:41:14Z
95,ML-KEM-512,post-quantum,1,decapsulate,0.0253,0.0,0.0,0.315,800,1632,768,0,0,0,0,0.0,0.379,nan,edge/x86_64,unknown,3.12.3,2026-10-09T18:41:14Z
96,ML-KEM-512,post-quantum,1,keygen,0.0257,0.0,0.0,0.315,800,1632,768,0,0,0,0,0.0,0.3857,nan,edge/x86_64,unknown,3.12.3,2026-10-09T18:41:14Z
96,ML-KEM-512,post-quantum,1,encapsulate,0.0267,0.0,0.0,0.315,800,1632,768,0,0,0,0,0.0,0.401,nan,edge/x86_64,unknown,3.12.3,2026-10-09T18:41:14Z
96,ML-KEM-512,post-quantum,1,decapsulate,0.0255,0.0,0.0,0.315,800,1632,768,0,0,0,0,0.0,0.3826,nan,edge/x86_64,unknown,3.12.3,2026-10-09T18:41:14Z
97,ML-KEM-512,post-quantum,1,keygen,0.0278,0.0,0.0,0.315,800,1632,768,0,0,0,0,0.0,0.4164,nan,edge/x86_64,unknown,3.12.3,2026-10-09T18:41:14Z
97,ML-KEM-512,post-quantum,1,encapsulate,0.0274,0.0,0.0,0.315,800,1632,768,0,0,0,0,0.0,0.4107,nan,edge/x86_64,unknown,3.12.3,2026-10-09T18:41:14Z
97,ML-KEM-512,post-quantum,1,decapsulate,0.026,0.0,0.0,0.315,800,1632,768,0,0,0,0,0.0,0.39,nan,edge/x86_64,unknown,3.12.3,2026-10-09T18:41:14Z
98,ML-KEM-512,post-quantum,1,keygen,0.0256,0.0,0.0,0.315,800,1632,768,0,0,0,0,0.0,0.3843,nan,edge/x86_64,unknown,3.12.3,2026-10-09T18:41:14Z
98,ML-KEM-512,post-quantum,1,encapsulate,0.0259,0.0,0.0,0.315,800,1632,768,0,0,0,0,0.0,0.3888,nan,edge/x86_64,unknown,3.12.3,2026-10-09T18:41:14Z
98,ML-KEM-512,post-quantum,1,decapsulate,0.0312,0.0,0.0,0.315,800,1632,768,0,0,0,0,0.0,0.4679,nan,edge/x86_64,unknown,3.12.3,2026-10-09T18:41:14Z
99,ML-KEM-512,post-quantum,1,keygen,0.0276,0.0,0.0,0.315,800,1632,768,0,0,0,0,0.0,0.4135,nan,edge/x86_64,unknown,3.12.3,2026-10-09T18:41:14Z
99,ML-KEM-512,post-quantum,1,encapsulate,0.0269,0.0,0.0,0.315,800,1632,768,0,0,0,0,0.0,0.4037,nan,edge/x86_64,unknown,3.12.3,2026-10-09T18:41:14Z
99,ML-KEM-512,post-quantum,1,decapsulate,0.0253,0.0,0.0,0.315,800,1632,768,0,0,0,0,0.0,0.3794,nan,edge/x86_64,unknown,3.12.3,2026-10-09T18:41:14Z
100,ML-KEM-512,post-quantum,1,keygen,0.0342,0.0,0.0,0.315,800,1632,768,0,0,0,0,0.0,0.5125,nan,edge/x86_64,unknown,3.12.3,2026-10-09T18:41:14Z
100,ML-KEM-512,post-quantum,1,encapsulate,0.0275,0.0,0.0,0.315,800,1632,768,0,0,0,0,0.0,0.4122,nan,edge/x86_64,unknown,3.12.3,2026-10-09T18:41:14Z
100,ML-KEM-512,post-quantum,1,decapsulate,0.0259,0.0,0.0,0.315,800,1632,768,0,0,0,0,0.0,0.3878,nan,edge/x86_64,unknown,3.12.3,2026-10-09T18:41:14Z
101,ML-KEM-512,post-quantum,1,keygen,0.0259,0.0,0.0,0.315,800,1632,768,0,0,0,0,0.0,0.389,nan,edge/x86_64,unknown,3.12.3,2026-10-09T18:41:14Z
101,ML-KEM-512,post-quantum,1,encapsulate,0.0265,0.0,0.0,0.315,800,1632,768,0,0,0,0,0.0,0.3982,nan,edge/x86_64,unknown,3.12.3,2026-10-09T18:41:14Z
101,ML-KEM-512,post-quantum,1,decapsulate,0.0334,0.0,0.0,0.315,800,1632,768,0,0,0,0,0.0,0.5004,nan,edge/x86_64,unknown,3.12.3,2026-10-09T18:41:14Z
102,ML-KEM-512,post-quantum,1,keygen,0.0424,0.0,0.0,0.315,800,1632,768,0,0,0,0,0.0,0.6358,nan,edge/x86_64,unknown,3.12.3,2026-10-09T18:41:14Z
102,ML-KEM-512,post-quantum,1,encapsulate,0.0279,0.0,0.0,0.315,800,1632,768,0,0,0,0,0.0,0.4185,nan,edge/x86_64,unknown,3.12.3,2026-10-09T18:41:14Z
102,ML-KEM-512,post-quantum,1,decapsulate,0.0257,0.0,0.0,0.315,800,1632,768,0,0,0,0,0.0,0.3862,nan,edge/x86_64,unknown,3.12.3,2026-10-09T18:41:14Z
103,ML-KEM-512,post-quantum,1,keygen,0.0257,0.0,0.0,0.315,800,1632,768,0,0,0,0,0.0,0.3862,nan,edge/x86_64,unknown,3.12.3,2026-10-09T18:41:14Z
103,ML-KEM-512,post-quantum,1,encapsulate,0.0274,0.0,0.0,0.315,800,1632,768,0,0,0,0,0.0,0.4105,nan,edge/x86_64,unknown,3.12.3,2026-10-09T18:41:14Z
103,ML-KEM-512,post-quantum,1,decapsulate,0.0258,0.0,0.0,0.315,800,1632,768,0,0,0,0,0.0,0.3864,nan,edge/x86_64,unknown,3.12.3,2026-10-09T18:41:14Z
104,ML-KEM-512,post-quantum,1,keygen,0.026,0.0,0.0,0.315,800,1632,768,0,0,0,0,0.0,0.3894,nan,edge/x86_64,unknown,3.12.3,2026-10-09T18:41:14Z
104,ML-KEM-512,post-quantum,1,encapsulate,0.0266,0.0,0.0,0.315,800,1632,768,0,0,0,0,0.0,0.3986,nan,edge/x86_64,unknown,3.12.3,2026-10-09T18:41:14Z
104,ML-KEM-512,post-quantum,1,decapsulate,0.0258,0.0,0.0,0.315,800,1632,768,0,0,0,0,0.0,0.3865,nan,edge/x86_64,unknown,3.12.3,2026-10-09T18:41:14Z
105,ML-KEM-512,post-quantum,1,keygen,0.0261,0.0,0.0,0.315,800,1632,768,0,0,0,0,0.0,0.3919,nan,edge/x86_64,unknown,3.12.3,2026-10-09T18:41:14Z
105,ML-KEM-512,post-quantum,1,encapsulate,0.0264,0.0,0.0,0.315,800,1632,768,0,0,0,0,0.0,0.3959,nan,edge/x86_64,unknown,3.12.3,2026-10-09T18:41:14Z
105,ML-KEM-512,post-quantum,1,decapsulate,0.0259,0.0,0.0,0.315,800,1632,768,0,0,0,0,0.0,0.388,nan,edge/x86_64,unknown,3.12.3,2026-10-09T18:41:14Z
106,ML-KEM-512,post-quantum,1,keygen,0.0257,0.0,0.0,0.315,800,1632,768,0,0,0,0,0.0,0.386,nan,edge/x86_64,unknown,3.12.3,2026-10-09T18:41:14Z
106,ML-KEM-512,post-quantum,1,encapsulate,0.0772,0.0,0.0,0.315,800,1632,768,0,0,0,0,0.0,1.158,nan,edge/x86_64,unknown,3.12.3,2026-10-09T18:41:14Z
106,ML-KEM-512,post-quantum,1,decapsulate,0.0298,0.0,0.0,0.315,800,1632,768,0,0,0,0,0.0,0.4472,nan,edge/x86_64,unknown,3.12.3,2026-10-09T18:41:14Z
107,ML-KEM-512,post-quantum,1,keygen,0.0286,0.0,0.0,0.315,800,1632,768,0,0,0,0,0.0,0.4288,nan,edge/x86_64,unknown,3.12.3,2026-10-09T18:41:14Z
107,ML-KEM-512,post-quantum,1,encapsulate,0.0296,0.0,0.0,0.315,800,1632,768,0,0,0,0,0.0,0.4443,nan,edge/x86_64,unknown,3.12.3,2026-10-09T18:41:14Z
107,ML-KEM-512,post-quantum,1,decapsulate,0.027,0.0,0.0,0.315,800,1632,768,0,0,0,0,0.0,0.4052,nan,edge/x86_64,unknown,3.12.3,2026-10-09T18:41:14Z
108,ML-KEM-512,post-quantum,1,keygen,0.0261,0.0,0.0,0.315,800,1632,768,0,0,0,0,0.0,0.3919,nan,edge/x86_64,unknown,3.12.3,2026-10-09T18:41:14Z
108,ML-KEM-512,post-quantum,1,encapsulate,0.0287,0.0,0.0,0.315,800,1632,768,0,0,0,0,0.0,0.4312,nan,edge/x86_64,unknown,3.12.3,2026-10-09T18:41:14Z
108,ML-KEM-512,post-quantum,1,decapsulate,0.0259,0.0,0.0,0.315,800,1632,768,0,0,0,0,0.0,0.3892,nan,edge/x86_64,unknown,3.12.3,2026-10-09T18:41:14Z
109,ML-KEM-512,post-quantum,1,keygen,0.0519,0.0,0.0,0.315,800,1632,768,0,0,0,0,0.0,0.7784,nan,edge/x86_64,unknown,3.12.3,2026-10-09T18:41:14Z
109,ML-KEM-512,post-quantum,1,encapsulate,0.0293,0.0,0.0,0.315,800,1632,768,0,0,0,0,0.0,0.4391,nan,edge/x86_64,unknown,3.12.3,2026-10-09T18:41:14Z
109,ML-KEM-512,post-quantum,1,decapsulate,0.0261,0.0,0.0,0.315,800,1632,768,0,0,0,0,0.0,0.3921,nan,edge/x86_64,unknown,3.12.3,2026-10-09T18:41:14Z
110,ML-KEM-512,post-quantum,1,keygen,0.0259,0.0,0.0,0.315,800,1632,768,0,0,0,0,0.0,0.3882,nan,edge/x86_64,unknown,3.12.3,2026-10-09T18:41:14Z
110,ML-KEM-512,post-quantum,1,encapsulate,0.0264,0.0,0.0,0.315,800,1632,768,0,0,0,0,0.0,0.3963,nan,edge/x86_64,unknown,3.12.3,2026-10-09T18:41:14Z
110,ML-KEM-512,post-quantum,1,decapsulate,0.0257,0.0,0.0,0.315,800,1632,768,0,0,0,0,0.0,0.3853,nan,edge/x86_64,unknown,3.12.3,2026-10-09T18:41:14Z
111,ML-KEM-512,post-quantum,1,keygen,0.0257,0.0,0.0,0.315,800,1632,768,0,0,0,0,0.0,0.3854,nan,edge/x86_64,unknown,3.12.3,2026-10-09T18:41:14Z
111,ML-KEM-512,post-quantum,1,encapsulate,0.0262,0.0,0.0,0.315,800,1632,768,0,0,0,0,0.0,0.3924,nan,edge/x86_64,unknown,3.12.3,2026-10-09T18:41:14Z
111,ML-KEM-512,post-quantum,1,decapsulate,0.0259,0.0,0.0,0.315,800,1632,768,0,0,0,0,0.0,0.3885,nan,edge/x86_64,unknown,3.12.3,2026-10-09T18:41:14Z
112,ML-KEM-512,post-quantum,1,keygen,0.0259,0.0,0.0,0.315,800,1632,768,0,0,0,0,0.0,0.3889,nan,edge/x86_64,unknown,3.12.3,2026-10-09T18:41:14Z
112,ML-KEM-512,post-quantum,1,encapsulate,0.0406,0.0,0.0,0.315,800,1632,768,0,0,0,0,0.0,0.6094,nan,edge/x86_64,unknown,3.12.3,2026-10-09T18:41:14Z
112,ML-KEM-512,post-quantum,1,decapsulate,0.0263,0.0,0.0,0.315,800,1632,768,0,0,0,0,0.0,0.3942,nan,edge/x86_64,unknown,3.12.3,2026-10-09T18:41:14Z
113,ML-KEM-512,post-quantum,1,keygen,0.0255,0.0,0.0,0.315,800,1632,768,0,0,0,0,0.0,0.3819,nan,edge/x86_64,unknown,3.12.3,2026-10-09T18:41:14Z
113,ML-KEM-512,post-quantum,1,encapsulate,0.0264,0.0,0.0,0.315,800,1632,768,0,0,0,0,0.0,0.3954,nan,edge/x86_64,unknown,3.12.3,2026-10-09T18:41:14Z
113,ML-KEM-512,post-quantum,1,decapsulate,0.0262,0.0,0.0,0.315,800,1632,768,0,0,0,0,0.0,0.3925,nan,edge/x86_64,unknown,3.12.3,2026-10-09T18:41:14Z
114,ML-KEM-512,post-quantum,1,keygen,0.0252,0.0,0.0,0.315,800,1632,768,0,0,0,0,0.0,0.3779,nan,edge/x86_64,unknown,3.12.3,2026-10-09T18:41:14Z
114,ML-KEM-512,post-quantum,1,encapsulate,0.0265,0.0,0.0,0.315,800,1632,768,0,0,0,0,0.0,0.3968,nan,edge/x86_64,unknown,3.12.3,2026-10-09T18:41:14Z
114,ML-KEM-512,post-quantum,1,decapsulate,0.0259,0.0,0.0,0.315,800,1632,768,0,0,0,0,0.0,0.388,nan,edge/x86_64,unknown,3.12.3,2026-10-09T18:41:14Z
115,ML-KEM-512,post-quantum,1,keygen,0.0267,0.0,0.0,0.315,800,1632,768,0,0,0,0,0.0,0.3998,nan,edge/x86_64,unknown,3.12.3,2026-10-09T18:41:14Z
115,ML-KEM-512,post-quantum,1,encapsulate,0.0277,0.0,0.0,0.315,800,1632,768,0,0,0,0,0.0,0.4161,nan,edge/x86_64,unknown,3.12.3,2026-10-09T18:41:14Z
115,ML-KEM-512,post-quantum,1,decapsulate,0.0254,0.0,0.0,0.315,800,1632,768,0,0,0,0,0.0,0.3811,nan,edge/x86_64,unknown,3.12.3,2026-10-09T18:41:14Z
116,ML-KEM-512,post-quantum,1,keygen,0.0258,0.0,0.0,0.315,800,1632,768,0,0,0,0,0.0,0.3873,nan,edge/x86_64,unknown,3.12.3,2026-10-09T18:41:14Z
116,ML-KEM-512,post-quantum,1,encapsulate,0.0268,0.0,0.0,0.315,800,1632,768,0,0,0,0,0.0,0.4023,nan,edge/x86_64,unknown,3.12.3,2026-10-09T18:41:14Z
116,ML-KEM-512,post-quantum,1,decapsulate,0.0256,0.0,0.0,0.315,800,1632,768,0,0,0,0,0.0,0.3845,nan,edge/x86_64,unknown,3.12.3,2026-10-09T18:41:14Z
117,ML-KEM-512,post-quantum,1,keygen,0.0795,0.0,0.0,0.315,800,1632,768,0,0,0,0,0.0,1.192,nan,edge/x86_64,unknown,3.12.3,2026-10-09T18:41:14Z
117,ML-KEM-512,post-quantum,1,encapsulate,0.0327,0.0,0.0,0.315,800,1632,768,0,0,0,0,0.0,0.49,nan,edge/x86_64,unknown,3.12.3,2026-10-09T18:41:14Z
117,ML-KEM-512,post-quantum,1,decapsulate,0.0295,0.0,0.0,0.315,800,1632,768,0,0,0,0,0.0,0.443,nan,edge/x86_64,unknown,3.12.3,2026-10-09T18:41:14Z
118,ML-KEM-512,post-quantum,1,keygen,0.0286,0.0,0.0,0.315,800,1632,768,0,0,0,0,0.0,0.4289,nan,edge/x86_64,unknown,3.12.3,2026-10-09T18:41:14Z
118,ML-KEM-512,post-quantum,1,encapsulate,0.0278,0.0,0.0,0.315,800,1632,768,0,0,0,0,0.0,0.417,nan,edge/x86_64,unknown,3.12.3,2026-10-09T18:41:14Z
118,ML-KEM-512,post-quantum,1,decapsulate,0.0261,0.0,0.0,0.315,800,1632,768,0,0,0,0,0.0,0.3917,nan,edge/x86_64,unknown,3.12.3,2026-10-09T18:41:14Z
119,ML-KEM-512,post-quantum,1,keygen,0.0321,0.0,0.0,0.315,800,1632,768,0,0,0,0,0.0,0.4816,nan,edge/x86_64,unknown,3.12.3,2026-10-09T18:41:14Z
119,ML-KEM-512,post-quantum,1,encapsulate,0.028,0.0,0.0,0.315,800,1632,768,0,0,0,0,0.0,0.4195,nan,edge/x86_64,unknown,3.12.3,2026-10-09T18:41:14Z
119,ML-KEM-512,post-quantum,1,decapsulate,0.0261,0.0,0.0,0.315,800,1632,768,0,0,0,0,0.0,0.391,nan,edge/x86_64,unknown,3.12.3,2026-10-09T18:41:14Z
120,ML-KEM-512,post-quantum,1,keygen,0.0264,0.0,0.0,0.315,800,1632,768,0,0,0,0,0.0,0.3956,nan,edge/x86_64,unknown,3.12.3,2026-10-09T18:41:14Z
120,ML-KEM-512,post-quantum,1,encapsulate,0.0265,0.0,0.0,0.315,800,1632,768,0,0,0,0,0.0,0.398,nan,edge/x86_64,unknown,3.12.3,2026-10-09T18:41:14Z
120,ML-KEM-512,post-quantum,1,decapsulate,0.0375,0.0,0.0,0.315,800,1632,768,0,0,0,0,0.0,0.5631,nan,edge/x86_64,unknown,3.12.3,2026-10-09T18:41:14Z
121,ML-KEM-512,post-quantum,1,keygen,0.0274,0.0,0.0,0.315,800,1632,768,0,0,0,0,0.0,0.4109,nan,edge/x86_64,unknown,3.12.3,2026-10-09T18:41:14Z
121,ML-KEM-512,post-quantum,1,encapsulate,0.0276,0.0,0.0,0.315,800,1632,768,0,0,0,0,0.0,0.414,nan,edge/x86_64,unknown,3.12.3,2026-10-09T18:41:14Z
121,ML-KEM-512,post-quantum,1,decapsulate,0.0392,0.0,0.0,0.315,800,1632,768,0,0,0,0,0.0,0.5875,nan,edge/x86_64,unknown,3.12.3,2026-10-09T18:41:14Z
122,ML-KEM-512,post-quantum,1,keygen,0.0267,0.0,0.0,0.315,800,1632,768,0,0,0,0,0.0,0.4001,nan,edge/x86_64,unknown,3.12.3,2026-10-09T18:41:14Z
122,ML-KEM-512,post-quantum,1,encapsulate,0.0266,0.0,0.0,0.315,800,1632,768,0,0,0,0,0.0,0.3994,nan,edge/x86_64,unknown,3.12.3,2026-10-09T18:41:14Z
122,ML-KEM-512,post-quantum,1,decapsulate,0.0255,0.0,0.0,0.315,800,1632,768,0,0,0,0,0.0,0.3831,nan,edge/x86_64,unknown,3.12.3,2026-10-09T18:41:14Z
123,ML-KEM-512,post-quantum,1,keygen,0.0256,0.0,0.0,0.315,800,1632,768,0,0,0,0,0.0,0.3839,nan,edge/x86_64,unknown,3.12.3,2026-10-09T18:41:14Z
123,ML-KEM-512,post-quantum,1,encapsulate,0.0262,0.0,0.0,0.315,800,1632,768,0,0,0,0,0.0,0.3932,nan,edge/x86_64,unknown,3.12.3,2026-10-09T18:41:14Z
123,ML-KEM-512,post-quantum,1,decapsulate,0.0252,0.0,0.0,0.315,800,1632,768,0,0,0,0,0.0,0.378,nan,edge/x86_64,unknown,3.12.3,2026-10-09T18:41:14Z
124,ML-KEM-512,post-quantum,1,keygen,0.0252,0.0,0.0,0.315,800,1632,768,0,0,0,0,0.0,0.3777,nan,edge/x86_64,unknown,3.12.3,2026-10-09T18:41:14Z
124,ML-KEM-512,post-quantum,1,encapsulate,0.0257,0.0,0.0,0.315,800,1632,768,0,0,0,0,0.0,0.3855,nan,edge/x86_64,unknown,3.12.3,2026-10-09T18:41:14Z
124,ML-KEM-512,post-quantum,1,decapsulate,0.025,0.0,0.0,0.315,800,1632,768,0,0,0,0,0.0,0.3748,nan,edge/x86_64,unknown,3.12.3,2026-10-09T18:41:14Z
125,ML-KEM-512,post-quantum,1,keygen,0.0254,0.0,0.0,0.315,800,1632,768,0,0,0,0,0.0,0.3814,nan,edge/x86_64,unknown,3.12.3,2026-10-09T18:41:14Z
125,ML-KEM-512,post-quantum,1,encapsulate,0.026,0.0,0.0,0.315,800,1632,768,0,0,0,0,0.0,0.3893,nan,edge/x86_64,unknown,3.12.3,2026-10-09T18:41:14Z
125,ML-KEM-512,post-quantum,1,decapsulate,0.0253,0.0,0.0,0.315,800,1632,768,0,0,0,0,0.0,0.3791,nan,edge/x86_64,unknown,3.12.3,2026-10-09T18:41:14Z
126,ML-KEM-512,post-quantum,1,keygen,0.0338,0.0,0.0,0.315,800,1632,768,0,0,0,0,0.0,0.5076,nan,edge/x86_64,unknown,3.12.3,2026-10-09T18:41:14Z
126,ML-KEM-512,post-quantum,1,encapsulate,0.0288,0.0,0.0,0.315,800,1632,768,0,0,0,0,0.0,0.4322,nan,edge/x86_64,unknown,3.12.3,2026-10-09T18:41:14Z
126,ML-KEM-512,post-quantum,1,decapsulate,0.0254,0.0,0.0,0.315,800,1632,768,0,0,0,0,0.0,0.3804,nan,edge/x86_64,unknown,3.12.3,2026-10-09T18:41:14Z
127,ML-KEM-512,post-quantum,1,keygen,0.0257,0.0,0.0,0.315,800,1632,768,0,0,0,0,0.0,0.3851,nan,edge/x86_64,unknown,3.12.3,2026-10-09T18:41:14Z
127,ML-KEM-512,post-quantum,1,encapsulate,0.0301,0.0,0.0,0.315,800,1632,768,0,0,0,0,0.0,0.4515,nan,edge/x86_64,unknown,3.12.3,2026-10-09T18:41:14Z
127,ML-KEM-512,post-quantum,1,decapsulate,0.0256,0.0,0.0,0.315,800,1632,768,0,0,0,0,0.0,0.3835,nan,edge/x86_64,unknown,3.12.3,2026-10-09T18:41:14Z
128,ML-KEM-512,post-quantum,1,keygen,0.0257,0.0,0.0,0.315,800,1632,768,0,0,0,0,0.0,0.3859,nan,edge/x86_64,unknown,3.12.3,2026-10-09T18:41:14Z
128,ML-KEM-512,post-quantum,1,encapsulate,0.0305,0.0,0.0,0.315,800,1632,768,0,0,0,0,0.0,0.4568,nan,edge/x86_64,unknown,3.12.3,2026-10-09T18:41:14Z
128,ML-KEM-512,post-quantum,1,decapsulate,0.0329,0.0,0.0,0.315,800,1632,768,0,0,0,0,0.0,0.4937,nan,edge/x86_64,unknown,3.12.3,2026-10-09T18:41:14Z
129,ML-KEM-512,post-quantum,1,keygen,0.0273,0.0,0.0,0.315,800,1632,768,0,0,0,0,0.0,0.4091,nan,edge/x86_64,unknown,3.12.3,2026-10-09T18:41:14Z
129,ML-KEM-512,post-quantum,1,encapsulate,0.0264,0.0,0.0,0.315,800,1632,768,0,0,0,0,0.0,0.3962,nan,edge/x86_64,unknown,3.12.3,2026-10-09T18:41:14Z
129,ML-KEM-512,post-quantum,1,decapsulate,0.0387,0.0,0.0,0.315,800,1632,768,0,0,0,0,0.0,0.5804,nan,edge/x86_64,unknown,3.12.3,2026-10-09T18:41:14Z
130,ML-KEM-512,post-quantum,1,keygen,0.0312,0.0,0.0,0.315,800,1632,768,0,0,0,0,0.0,0.4674,nan,edge/x86_64,unknown,3.12.3,2026-10-09T18:41:14Z
130,ML-KEM-512,post-quantum,1,encapsulate,0.0269,0.0,0.0,0.315,800,1632,768,0,0,0,0,0.0,0.404,nan,edge/x86_64,unknown,3.12.3,2026-10-09T18:41:14Z
130,ML-KEM-512,post-quantum,1,decapsulate,0.0258,0.0,0.0,0.315,800,1632,768,0,0,0,0,0.0,0.3875,nan,edge/x86_64,unknown,3.12.3,2026-10-09T18:41:14Z
131,ML-KEM-512,post-quantum,1,keygen,0.026,0.0,0.0,0.315,800,1632,768,0,0,0,0,0.0,0.3893,nan,edge/x86_64,unknown,3.12.3,2026-10-09T18:41:14Z
131,ML-KEM-512,post-quantum,1,encapsulate,0.0265,0.0,0.0,0.315,800,1632,768,0,0,0,0,0.0,0.3971,nan,edge/x86_64,unknown,3.12.3,2026-10-09T18:41:14Z
131,ML-KEM-512,post-quantum,1,decapsulate,0.0256,0.0,0.0,0.315,800,1632,768,0,0,0,0,0.0,0.3836,nan,edge/x86_64,unknown,3.12.3,2026-10-09T18:41:14Z
132,ML-KEM-512,post-quantum,1,keygen,0.0258,0.0,0.0,0.315,800,1632,768,0,0,0,0,0.0,0.3876,nan,edge/x86_64,unknown,3.12.3,2026-10-09T18:41:14Z
132,ML-KEM-512,post-quantum,1,encapsulate,0.0402,0.0,0.0,0.315,800,1632,768,0,0,0,0,0.0,0.6034,nan,edge/x86_64,unknown,3.12.3,2026-10-09T18:41:14Z
132,ML-KEM-512,post-quantum,1,decapsulate,0.026,0.0,0.0,0.315,800,1632,768,0,0,0,0,0.0,0.3905,nan,edge/x86_64,unknown,3.12.3,2026-10-09T18:41:14Z
133,ML-KEM-512,post-quantum,1,keygen,0.0258,0.0,0.0,0.315,800,1632,768,0,0,0,0,0.0,0.3865,nan,edge/x86_64,unknown,3.12.3,2026-10-09T18:41:14Z
133,ML-KEM-512,post-quantum,1,encapsulate,0.0279,0.0,0.0,0.315,800,1632,768,0,0,0,0,0.0,0.4184,nan,edge/x86_64,unknown,3.12.3,2026-10-09T18:41:14Z
133,ML-KEM-512,post-quantum,1,decapsulate,0.0308,0.0,0.0,0.315,800,1632,768,0,0,0,0,0.0,0.4627,nan,edge/x86_64,unknown,3.12.3,2026-10-09T18:41:14Z
134,ML-KEM-512,post-quantum,1,keygen,0.0323,0.0,0.0,0.315,800,1632,768,0,0,0,0,0.0,0.4842,nan,edge/x86_64,unknown,3.12.3,2026-10-09T18:41:14Z
134,ML-KEM-512,post-quantum,1,encapsulate,0.0274,0.0,0.0,0.315,800,1632,768,0,0,0,0,0.0,0.4112,nan,edge/x86_64,unknown,3.12.3,2026-10-09T18:41:14Z
134,ML-KEM-512,post-quantum,1,decapsulate,0.0258,0.0,0.0,0.315,800,1632,768,0,0,0,0,0.0,0.3877,nan,edge/x86_64,unknown,3.12.3,2026-10-09T18:41:14Z
135,ML-KEM-512,post-quantum,1,keygen,0.0261,0.0,0.0,0.315,800,1632,768,0,0,0,0,0.0,0.3913,nan,edge/x86_64,unknown,3.12.3,2026-10-09T18:41:14Z
135,ML-KEM-512,post-quantum,1,encapsulate,0.0264,0.0,0.0,0.315,800,1632,768,0,0,0,0,0.0,0.3954,nan,edge/x86_64,unknown,3.12.3,2026-10-09T18:41:14Z
135,ML-KEM-512,post-quantum,1,decapsulate,0.0254,0.0,0.0,0.315,800,1632,768,0,0,0,0,0.0,0.3815,nan,edge/x86_64,unknown,3.12.3,2026-10-09T18:41:14Z
136,ML-KEM-512,post-quantum,1,keygen,0.0257,0.0,0.0,0.315,800,1632,768,0,0,0,0,0.0,0.3848,nan,edge/x86_64,unknown,3.12.3,2026-10-09T18:41:14Z
136,ML-KEM-512,post-quantum,1,encapsulate,0.0261,0.0,0.0,0.315,800,1632,768,0,0,0,0,0.0,0.3913,nan,edge/x86_64,unknown,3.12.3,2026-10-09T18:41:14Z
136,ML-KEM-512,post-quantum,1,decapsulate,0.0254,0.0,0.0,0.315,800,1632,768,0,0,0,0,0.0,0.3809,nan,edge/x86_64,unknown,3.12.3,2026-10-09T18:41:14Z
137,ML-KEM-512,post-quantum,1,keygen,0.0262,0.0,0.0,0.315,800,1632,768,0,0,0,0,0.0,0.3928,nan,edge/x86_64,unknown,3.12.3,2026-10-09T18:41:14Z
137,ML-KEM-512,post-quantum,1,encapsulate,0.0267,0.0,0.0,0.315,800,1632,768,0,0,0,0,0.0,0.4006,nan,edge/x86_64,unknown,3.12.3,2026-10-09T18:41:14Z
137,ML-KEM-512,post-quantum,1,decapsulate,0.0389,0.0,0.0,0.315,800,1632,768,0,0,0,0,0.0,0.5839,nan,edge/x86_64,unknown,3.12.3,2026-10-09T18:41:14Z
138,ML-KEM-512,post-quantum,1,keygen,0.027,0.0,0.0,0.315,800,1632,768,0,0,0,0,0.0,0.4056,nan,edge/x86_64,unknown,3.12.3,2026-10-09T18:41:14Z
138,ML-KEM-512,post-quantum,1,encapsulate,0.0267,0.0,0.0,0.315,800,1632,768,0,0,0,0,0.0,0.4006,nan,edge/x86_64,unknown,3.12.3,2026-10-09T18:41:14Z
138,ML-KEM-512,post-quantum,1,decapsulate,0.0257,0.0,0.0,0.315,800,1632,768,0,0,0,0,0.0,0.3859,nan,edge/x86_64,unknown,3.12.3,2026-10-09T18:41:14Z
139,ML-KEM-512,post-quantum,1,keygen,0.0255,0.0,0.0,0.315,800,1632,768,0,0,0,0,0.0,0.3832,nan,edge/x86_64,unknown,3.12.3,2026-10-09T18:41:14Z
139,ML-KEM-512,post-quantum,1,encapsulate,0.0329,0.0,0.0,0.315,800,1632,768,0,0,0,0,0.0,0.4934,nan,edge/x86_64,unknown,3.12.3,2026-10-09T18:41:14Z
139,ML-KEM-512,post-quantum,1,decapsulate,0.0253,0.0,0.0,0.315,800,1632,768,0,0,0,0,0.0,0.3802,nan,edge/x86_64,unknown,3.12.3,2026-10-09T18:41:14Z
140,ML-KEM-512,post-quantum,1,keygen,0.0488,0.0,0.0,0.315,800,1632,768,0,0,0,0,0.0,0.7322,nan,edge/x86_64,unknown,3.12.3,2026-10-09T18:41:14Z
140,ML-KEM-512,post-quantum,1,encapsulate,0.029,0.0,0.0,0.315,800,1632,768,0,0,0,0,0.0,0.4343,nan,edge/x86_64,unknown,3.12.3,2026-10-09T18:41:14Z
140,ML-KEM-512,post-quantum,1,decapsulate,0.0256,0.0,0.0,0.315,800,1632,768,0,0,0,0,0.0,0.384,nan,edge/x86_64,unknown,3.12.3,2026-10-09T18:41:14Z
141,ML-KEM-512,post-quantum,1,keygen,0.0258,0.0,0.0,0.315,800,1632,768,0,0,0,0,0.0,0.387,nan,edge/x86_64,unknown,3.12.3,2026-10-09T18:41:14Z
141,ML-KEM-512,post-quantum,1,encapsulate,0.0264,0.0,0.0,0.315,800,1632,768,0,0,0,0,0.0,0.3967,nan,edge/x86_64,unknown,3.12.3,2026-10-09T18:41:14Z
141,ML-KEM-512,post-quantum,1,decapsulate,0.026,0.0,0.0,0.315,800,1632,768,0,0,0,0,0.0,0.3899,nan,edge/x86_64,unknown,3.12.3,2026-10-09T18:41:14Z
142,ML-KEM-512,post-quantum,1,keygen,0.0255,0.0,0.0,0.315,800,1632,768,0,0,0,0,0.0,0.3824,nan,edge/x86_64,unknown,3.12.3,2026-10-09T18:41:14Z
142,ML-KEM-512,post-quantum,1,encapsulate,0.026,0.0,0.0,0.315,800,1632,768,0,0,0,0,0.0,0.39,nan,edge/x86_64,unknown,3.12.3,2026-10-09T18:41:14Z
142,ML-KEM-512,post-quantum,1,decapsulate,0.0255,0.0,0.0,0.315,800,1632,768,0,0,0,0,0.0,0.3831,nan,edge/x86_64,unknown,3.12.3,2026-10-09T18:41:14Z
143,ML-KEM-512,post-quantum,1,keygen,0.0499,0.0,0.0,0.315,800,1632,768,0,0,0,0,0.0,0.7485,nan,edge/x86_64,unknown,3.12.3,2026-10-09T18:41:14Z
143,ML-KEM-512,post-quantum,1,encapsulate,0.0269,0.0,0.0,0.315,800,1632,768,0,0,0,0,0.0,0.404,nan,edge/x86_64,unknown,3.12.3,2026-10-09T18:41:14Z
143,ML-KEM-512,post-quantum,1,decapsulate,0.0251,0.0,0.0,0.315,800,1632,768,0,0,0,0,0.0,0.377,nan,edge/x86_64,unknown,3.12.3,2026-10-09T18:41:14Z
144,ML-KEM-512,post-quantum,1,keygen,0.0254,0.0,0.0,0.315,800,1632,768,0,0,0,0,0.0,0.3813,nan,edge/x86_64,unknown,3.12.3,2026-10-09T18:41:14Z
144,ML-KEM-512,post-quantum,1,encapsulate,0.0259,0.0,0.0,0.315,800,1632,768,0,0,0,0,0.0,0.3879,nan,edge/x86_64,unknown,3.12.3,2026-10-09T18:41:14Z
144,ML-KEM-512,post-quantum,1,decapsulate,0.0277,0.0,0.0,0.315,800,1632,768,0,0,0,0,0.0,0.4149,nan,edge/x86_64,unknown,3.12.3,2026-10-09T18:41:14Z
145,ML-KEM-512,post-quantum,1,keygen,0.0269,0.0,0.0,0.315,800,1632,768,0,0,0,0,0.0,0.4033,nan,edge/x86_64,unknown,3.12.3,2026-10-09T18:41:14Z
145,ML-KEM-512,post-quantum,1,encapsulate,0.0278,0.0,0.0,0.315,800,1632,768,0,0,0,0,0.0,0.4177,nan,edge/x86_64,unknown,3.12.3,2026-10-09T18:41:14Z
145,ML-KEM-512,post-quantum,1,decapsulate,0.0257,0.0,0.0,0.315,800,1632,768,0,0,0,0,0.0,0.3857,nan,edge/x86_64,unknown,3.12.3,2026-10-09T18:41:14Z
146,ML-KEM-512,post-quantum,1,keygen,0.0256,0.0,0.0,0.315,800,1632,768,0,0,0,0,0.0,0.3835,nan,edge/x86_64,unknown,3.12.3,2026-10-09T18:41:14Z
146,ML-KEM-512,post-quantum,1,encapsulate,0.031,0.0,0.0,0.315,800,1632,768,0,0,0,0,0.0,0.465,nan,edge/x86_64,unknown,3.12.3,2026-10-09T18:41:14Z
146,ML-KEM-512,post-quantum,1,decapsulate,0.0255,0.0,0.0,0.315,800,1632,768,0,0,0,0,0.0,0.3821,nan,edge/x86_64,unknown,3.12.3,2026-10-09T18:41:14Z
147,ML-KEM-512,post-quantum,1,keygen,0.0255,0.0,0.0,0.315,800,1632,768,0,0,0,0,0.0,0.3819,nan,edge/x86_64,unknown,3.12.3,2026-10-09T18:41:14Z
147,ML-KEM-512,post-quantum,1,encapsulate,0.0263,0.0,0.0,0.315,800,1632,768,0,0,0,0,0.0,0.3948,nan,edge/x86_64,unknown,3.12.3,2026-10-09T18:41:14Z
147,ML-KEM-512,post-quantum,1,decapsulate,0.0252,0.0,0.0,0.315,800,1632,768,0,0,0,0,0.0,0.3783,nan,edge/x86_64,unknown,3.12.3,2026-10-09T18:41:14Z
148,ML-KEM-512,post-quantum,1,keygen,0.0255,0.0,0.0,0.315,800,1632,768,0,0,0,0,0.0,0.3821,nan,edge/x86_64,unknown,3.12.3,2026-10-09T18:41:14Z
148,ML-KEM-512,post-quantum,1,encapsulate,0.0259,0.0,0.0,0.315,800,1632,768,0,0,0,0,0.0,0.388,nan,edge/x86_64,unknown,3.12.3,2026-10-09T18:41:14Z
148,ML-KEM-512,post-quantum,1,decapsulate,0.0261,0.0,0.0,0.315,800,1632,768,0,0,0,0,0.0,0.3914,nan,edge/x86_64,unknown,3.12.3,2026-10-09T18:41:14Z
149,ML-KEM-512,post-quantum,1,keygen,0.0257,0.0,0.0,0.315,800,1632,768,0,0,0,0,0.0,0.3859,nan,edge/x86_64,unknown,3.12.3,2026-10-09T18:41:14Z
149,ML-KEM-512,post-quantum,1,encapsulate,0.0264,0.0,0.0,0.315,800,1632,768,0,0,0,0,0.0,0.3961,nan,edge/x86_64,unknown,3.12.3,2026-10-09T18:41:14Z
149,ML-KEM-512,post-quantum,1,decapsulate,0.0259,0.0,0.0,0.315,800,1632,768,0,0,0,0,0.0,0.389,nan,edge/x86_64,unknown,3.12.3,2026-10-09T18:41:14Z
150,ML-KEM-512,post-quantum,1,keygen,0.0278,0.0,0.0,0.315,800,1632,768,0,0,0,0,0.0,0.4177,nan,edge/x86_64,unknown,3.12.3,2026-10-09T18:41:14Z
150,ML-KEM-512,post-quantum,1,encapsulate,0.028,0.0,0.0,0.315,800,1632,768,0,0,0,0,0.0,0.4199,nan,edge/x86_64,unknown,3.12.3,2026-10-09T18:41:14Z
150,ML-KEM-512,post-quantum,1,decapsulate,0.0253,0.0,0.0,0.315,800,1632,768,0,0,0,0,0.0,0.3791,nan,edge/x86_64,unknown,3.12.3,2026-10-09T18:41:14Z
151,ML-KEM-512,post-quantum,1,keygen,0.0529,0.0,0.0,0.315,800,1632,768,0,0,0,0,0.0,0.7942,nan,edge/x86_64,unknown,3.12.3,2026-10-09T18:41:14Z
151,ML-KEM-512,post-quantum,1,encapsulate,0.0288,0.0,0.0,0.315,800,1632,768,0,0,0,0,0.0,0.4322,nan,edge/x86_64,unknown,3.12.3,2026-10-09T18:41:14Z
151,ML-KEM-512,post-quantum,1,decapsulate,0.0259,0.0,0.0,0.315,800,1632,768,0,0,0,0,0.0,0.3883,nan,edge/x86_64,unknown,3.12.3,2026-10-09T18:41:14Z
152,ML-KEM-512,post-quantum,1,keygen,0.0259,0.0,0.0,0.315,800,1632,768,0,0,0,0,0.0,0.3889,nan,edge/x86_64,unknown,3.12.3,2026-10-09T18:41:14Z
152,ML-KEM-512,post-quantum,1,encapsulate,0.0264,0.0,0.0,0.315,800,1632,768,0,0,0,0,0.0,0.3958,nan,edge/x86_64,unknown,3.12.3,2026-10-09T18:41:14Z
152,ML-KEM-512,post-quantum,1,decapsulate,0.0299,0.0,0.0,0.315,800,1632,768,0,0,0,0,0.0,0.4492,nan,edge/x86_64,unknown,3.12.3,2026-10-09T18:41:14Z
153,ML-KEM-512,post-quantum,1,keygen,0.0259,0.0,0.0,0.315,800,1632,768,0,0,0,0,0.0,0.388,nan,edge/x86_64,unknown,3.12.3,2026-10-09T18:41:14Z
153,ML-KEM-512,post-quantum,1,encapsulate,0.0262,0.0,0.0,0.315,800,1632,768,0,0,0,0,0.0,0.3926,nan,edge/x86_64,unknown,3.12.3,2026-10-09T18:41:14Z
153,ML-KEM-512,post-quantum,1,decapsulate,0.0385,0.0,0.0,0.315,800,1632,768,0,0,0,0,0.0,0.5769,nan,edge/x86_64,unknown,3.12.3,2026-10-09T18:41:14Z
154,ML-KEM-512,post-quantum,1,keygen,0.0269,0.0,0.0,0.315,800,1632,768,0,0,0,0,0.0,0.4035,nan,edge/x86_64,unknown,3.12.3,2026-10-09T18:41:14Z
154,ML-KEM-512,post-quantum,1,encapsulate,0.0261,0.0,0.0,0.315,800,1632,768,0,0,0,0,0.0,0.3915,nan,edge/x86_64,unknown,3.12.3,2026-10-09T18:41:14Z
154,ML-KEM-512,post-quantum,1,decapsulate,0.0251,0.0,0.0,0.315,800,1632,768,0,0,0,0,0.0,0.3764,nan,edge/x86_64,unknown,3.12.3,2026-10-09T18:41:14Z
155,ML-KEM-512,post-quantum,1,keygen,0.0254,0.0,0.0,0.315,800,1632,768,0,0,0,0,0.0,0.3806,nan,edge/x86_64,unknown,3.12.3,2026-10-09T18:41:14Z
155,ML-KEM-512,post-quantum,1,encapsulate,0.0338,0.0,0.0,0.315,800,1632,768,0,0,0,0,0.0,0.5063,nan,edge/x86_64,unknown,3.12.3,2026-10-09T18:41:14Z
155,ML-KEM-512,post-quantum,1,decapsulate,0.026,0.0,0.0,0.315,800,1632,768,0,0,0,0,0.0,0.3907,nan,edge/x86_64,unknown,3.12.3,2026-10-09T18:41:14Z
156,ML-KEM-512,post-quantum,1,keygen,0.0262,0.0,0.0,0.315,800,1632,768,0,0,0,0,0.0,0.3932,nan,edge/x86_64,unknown,3.12.3,2026-10-09T18:41:14Z
156,ML-KEM-512,post-quantum,1,encapsulate,0.0259,0.0,0.0,0.315,800,1632,768,0,0,0,0,0.0,0.3883,nan,edge/x86_64,unknown,3.12.3,2026-10-09T18:41:14Z
156,ML-KEM-512,post-quantum,1,decapsulate,0.0308,0.0,0.0,0.315,800,1632,768,0,0,0,0,0.0,0.4625,nan,edge/x86_64,unknown,3.12.3,2026-10-09T18:41:14Z
157,ML-KEM-512,post-quantum,1,keygen,0.0266,0.0,0.0,0.315,800,1632,768,0,0,0,0,0.0,0.3996,nan,edge/x86_64,unknown,3.12.3,2026-10-09T18:41:14Z
157,ML-KEM-512,post-quantum,1,encapsulate,0.0274,0.0,0.0,0.315,800,1632,768,0,0,0,0,0.0,0.4115,nan,edge/x86_64,unknown,3.12.3,2026-10-09T18:41:14Z
157,ML-KEM-512,post-quantum,1,decapsulate,0.0259,0.0,0.0,0.315,800,1632,768,0,0,0,0,0.0,0.3888,nan,edge/x86_64,unknown,3.12.3,2026-10-09T18:41:14Z
158,ML-KEM-512,post-quantum,1,keygen,0.0257,0.0,0.0,0.315,800,1632,768,0,0,0,0,0.0,0.3853,nan,edge/x86_64,unknown,3.12.3,2026-10-09T18:41:14Z
158,ML-KEM-512,post-quantum,1,encapsulate,0.0259,0.0,0.0,0.315,800,1632,768,0,0,0,0,0.0,0.3883,nan,edge/x86_64,unknown,3.12.3,2026-10-09T18:41:14Z
158,ML-KEM-512,post-quantum,1,decapsulate,0.0254,0.0,0.0,0.315,800,1632,768,0,0,0,0,0.0,0.3816,nan,edge/x86_64,unknown,3.12.3,2026-10-09T18:41:14Z
159,ML-KEM-512,post-quantum,1,keygen,0.0254,0.0,0.0,0.315,800,1632,768,0,0,0,0,0.0,0.3808,nan,edge/x86_64,unknown,3.12.3,2026-10-09T18:41:14Z
159,ML-KEM-512,post-quantum,1,encapsulate,0.0319,0.0,0.0,0.315,800,1632,768,0,0,0,0,0.0,0.4786,nan,edge/x86_64,unknown,3.12.3,2026-10-09T18:41:14Z
159,ML-KEM-512,post-quantum,1,decapsulate,0.026,0.0,0.0,0.315,800,1632,768,0,0,0,0,0.0,0.3893,nan,edge/x86_64,unknown,3.12.3,2026-10-09T18:41:14Z
160,ML-KEM-512,post-quantum,1,keygen,0.026,0.0,0.0,0.315,800,1632,768,0,0,0,0,0.0,0.3903,nan,edge/x86_64,unknown,3.12.3,2026-10-09T18:41:14Z
160,ML-KEM-512,post-quantum,1,encapsulate,0.0267,0.0,0.0,0.315,800,1632,768,0,0,0,0,0.0,0.4,nan,edge/x86_64,unknown,3.12.3,2026-10-09T18:41:14Z
160,ML-KEM-512,post-quantum,1,decapsulate,0.0318,0.0,0.0,0.315,800,1632,768,0,0,0,0,0.0,0.4771,nan,edge/x86_64,unknown,3.12.3,2026-10-09T18:41:14Z
161,ML-KEM-512,post-quantum,1,keygen,0.0286,0.0,0.0,0.315,800,1632,768,0,0,0,0,0.0,0.4291,nan,edge/x86_64,unknown,3.12.3,2026-10-09T18:41:14Z
161,ML-KEM-512,post-quantum,1,encapsulate,0.0272,0.0,0.0,0.315,800,1632,768,0,0,0,0,0.0,0.4073,nan,edge/x86_64,unknown,3.12.3,2026-10-09T18:41:14Z
161,ML-KEM-512,post-quantum,1,decapsulate,0.0503,0.0,0.0,0.315,800,1632,768,0,0,0,0,0.0,0.7549,nan,edge/x86_64,unknown,3.12.3,2026-10-09T18:41:14Z
162,ML-KEM-512,post-quantum,1,keygen,0.0283,0.0,0.0,0.315,800,1632,768,0,0,0,0,0.0,0.4239,nan,edge/x86_64,unknown,3.12.3,2026-10-09T18:41:14Z
162,ML-KEM-512,post-quantum,1,encapsulate,0.0266,0.0,0.0,0.315,800,1632,768,0,0,0,0,0.0,0.3986,nan,edge/x86_64,unknown,3.12.3,2026-10-09T18:41:14Z
162,ML-KEM-512,post-quantum,1,decapsulate,0.0252,0.0,0.0,0.315,800,1632,768,0,0,0,0,0.0,0.3779,nan,edge/x86_64,unknown,3.12.3,2026-10-09T18:41:14Z
163,ML-KEM-512,post-quantum,1,keygen,0.0252,0.0,0.0,0.315,800,1632,768,0,0,0,0,0.0,0.3784,nan,edge/x86_64,unknown,3.12.3,2026-10-09T18:41:14Z
163,ML-KEM-512,post-quantum,1,encapsulate,0.0271,0.0,0.0,0.315,800,1632,768,0,0,0,0,0.0,0.4066,nan,edge/x86_64,unknown,3.12.3,2026-10-09T18:41:14Z
163,ML-KEM-512,post-quantum,1,decapsulate,0.0254,0.0,0.0,0.315,800,1632,768,0,0,0,0,0.0,0.3809,nan,edge/x86_64,unknown,3.12.3,2026-10-09T18:41:14Z
164,ML-KEM-512,post-quantum,1,keygen,0.0254,0.0,0.0,0.315,800,1632,768,0,0,0,0,0.0,0.3808,nan,edge/x86_64,unknown,3.12.3,2026-10-09T18:41:14Z
164,ML-KEM-512,post-quantum,1,encapsulate,0.0257,0.0,0.0,0.315,800,1632,768,0,0,0,0,0.0,0.3862,nan,edge/x86_64,unknown,3.12.3,2026-10-09T18:41:14Z
164,ML-KEM-512,post-quantum,1,decapsulate,0.0261,0.0,0.0,0.315,800,1632,768,0,0,0,0,0.0,0.3909,nan,edge/x86_64,unknown,3.12.3,2026-10-09T18:41:14Z
165,ML-KEM-512,post-quantum,1,keygen,0.026,0.0,0.0,0.315,800,1632,768,0,0,0,0,0.0,0.3897,nan,edge/x86_64,unknown,3.12.3,2026-10-09T18:41:14Z
165,ML-KEM-512,post-quantum,1,encapsulate,0.0262,0.0,0.0,0.315,800,1632,768,0,0,0,0,0.0,0.3933,nan,edge/x86_64,unknown,3.12.3,2026-10-09T18:41:14Z
165,ML-KEM-512,post-quantum,1,decapsulate,0.0264,0.0,0.0,0.315,800,1632,768,0,0,0,0,0.0,0.3954,nan,edge/x86_64,unknown,3.12.3,2026-10-09T18:41:14Z
166,ML-KEM-512,post-quantum,1,keygen,0.0345,0.0,0.0,0.315,800,1632,768,0,0,0,0,0.0,0.5179,nan,edge/x86_64,unknown,3.12.3,2026-10-09T18:41:14Z
166,ML-KEM-512,post-quantum,1,encapsulate,0.0279,0.0,0.0,0.315,800,1632,768,0,0,0,0,0.0,0.4188,nan,edge/x86_64,unknown,3.12.3,2026-10-09T18:41:14Z
166,ML-KEM-512,post-quantum,1,decapsulate,0.0259,0.0,0.0,0.315,800,1632,768,0,0,0,0,0.0,0.3883,nan,edge/x86_64,unknown,3.12.3,2026-10-09T18:41:14Z
167,ML-KEM-512,post-quantum,1,keygen,0.0262,0.0,0.0,0.315,800,1632,768,0,0,0,0,0.0,0.3926,nan,edge/x86_64,unknown,3.12.3,2026-10-09T18:41:14Z
167,ML-KEM-512,post-quantum,1,encapsulate,0.0261,0.0,0.0,0.315,800,1632,768,0,0,0,0,0.0,0.3915,nan,edge/x86_64,unknown,3.12.3,2026-10-09T18:41:14Z
167,ML-KEM-512,post-quantum,1,decapsulate,0.0252,0.0,0.0,0.315,800,1632,768,0,0,0,0,0.0,0.3775,nan,edge/x86_64,unknown,3.12.3,2026-10-09T18:41:14Z
168,ML-KEM-512,post-quantum,1,keygen,0.0256,0.0,0.0,0.315,800,1632,768,0,0,0,0,0.0,0.3838,nan,edge/x86_64,unknown,3.12.3,2026-10-09T18:41:14Z
168,ML-KEM-512,post-quantum,1,encapsulate,0.0261,0.0,0.0,0.315,800,1632,768,0,0,0,0,0.0,0.392,nan,edge/x86_64,unknown,3.12.3,2026-10-09T18:41:14Z
168,ML-KEM-512,post-quantum,1,decapsulate,0.0248,0.0,0.0,0.315,800,1632,768,0,0,0,0,0.0,0.3718,nan,edge/x86_64,unknown,3.12.3,2026-10-09T18:41:14Z
169,ML-KEM-512,post-quantum,1,keygen,0.0253,0.0,0.0,0.315,800,1632,768,0,0,0,0,0.0,0.3799,nan,edge/x86_64,unknown,3.12.3,2026-10-09T18:41:14Z
169,ML-KEM-512,post-quantum,1,encapsulate,0.0277,0.0,0.0,0.315,800,1632,768,0,0,0,0,0.0,0.4148,nan,edge/x86_64,unknown,3.12.3,2026-10-09T18:41:14Z
169,ML-KEM-512,post-quantum,1,decapsulate,0.0254,0.0,0.0,0.315,800,1632,768,0,0,0,0,0.0,0.3805,nan,edge/x86_64,unknown,3.12.3,2026-10-09T18:41:14Z
170,ML-KEM-512,post-quantum,1,keygen,0.0386,0.0,0.0,0.315,800,1632,768,0,0,0,0,0.0,0.5784,nan,edge/x86_64,unknown,3.12.3,2026-10-09T18:41:14Z
170,ML-KEM-512,post-quantum,1,encapsulate,0.0264,0.0,0.0,0.315,800,1632,768,0,0,0,0,0.0,0.3957,nan,edge/x86_64,unknown,3.12.3,2026-10-09T18:41:14Z
170,ML-KEM-512,post-quantum,1,decapsulate,0.0253,0.0,0.0,0.315,800,1632,768,0,0,0,0,0.0,0.3791,nan,edge/x86_64,unknown,3.12.3,2026-10-09T18:41:14Z
171,ML-KEM-512,post-quantum,1,keygen,0.0253,0.0,0.0,0.315,800,1632,768,0,0,0,0,0.0,0.3796,nan,edge/x86_64,unknown,3.12.3,2026-10-09T18:41:14Z
171,ML-KEM-512,post-quantum,1,encapsulate,0.026,0.0,0.0,0.315,800,1632,768,0,0,0,0,0.0,0.3899,nan,edge/x86_64,unknown,3.12.3,2026-10-09T18:41:14Z
171,ML-KEM-512,post-quantum,1,decapsulate,0.0375,0.0,0.0,0.315,800,1632,768,0,0,0,0,0.0,0.5624,nan,edge/x86_64,unknown,3.12.3,2026-10-09T18:41:14Z
172,ML-KEM-512,post-quantum,1,keygen,0.0272,0.0,0.0,0.315,800,1632,768,0,0,0,0,0.0,0.4085,nan,edge/x86_64,unknown,3.12.3,2026-10-09T18:41:14Z
172,ML-KEM-512,post-quantum,1,encapsulate,0.0265,0.0,0.0,0.315,800,1632,768,0,0,0,0,0.0,0.397,nan,edge/x86_64,unknown,3.12.3,2026-10-09T18:41:14Z
172,ML-KEM-512,post-quantum,1,decapsulate,0.0306,0.0,0.0,0.315,800,1632,768,0,0,0,0,0.0,0.4596,nan,edge/x86_64,unknown,3.12.3,2026-10-09T18:41:14Z
173,ML-KEM-512,post-quantum,1,keygen,0.0295,0.0,0.0,0.315,800,1632,768,0,0,0,0,0.0,0.4421,nan,edge/x86_64,unknown,3.12.3,2026-10-09T18:41:14Z
173,ML-KEM-512,post-quantum,1,encapsulate,0.1458,0.0,0.0,0.315,800,1632,768,0,0,0,0,0.0,2.1869,nan,edge/x86_64,unknown,3.12.3,2026-10-09T18:41:14Z
173,ML-KEM-512,post-quantum,1,decapsulate,0.0329,0.0,0.0,0.315,800,1632,768,0,0,0,0,0.0,0.4929,nan,edge/x86_64,unknown,3.12.3,2026-10-09T18:41:14Z
174,ML-KEM-512,post-quantum,1,keygen,0.029,0.0,0.0,0.315,800,1632,768,0,0,0,0,0.0,0.435,nan,edge/x86_64,unknown,3.12.3,2026-10-09T18:41:14Z
174,ML-KEM-512,post-quantum,1,encapsulate,0.0273,0.0,0.0,0.315,800,1632,768,0,0,0,0,0.0,0.4097,nan,edge/x86_64,unknown,3.12.3,2026-10-09T18:41:14Z
174,ML-KEM-512,post-quantum,1,decapsulate,0.0263,0.0,0.0,0.315,800,1632,768,0,0,0,0,0.0,0.3941,nan,edge/x86_64,unknown,3.12.3,2026-10-09T18:41:14Z
175,ML-KEM-512,post-quantum,1,keygen,0.0267,0.0,0.0,0.315,800,1632,768,0,0,0,0,0.0,0.4011,nan,edge/x86_64,unknown,3.12.3,2026-10-09T18:41:14Z
175,ML-KEM-512,post-quantum,1,encapsulate,0.0417,0.0,0.0,0.315,800,1632,768,0,0,0,0,0.0,0.625,nan,edge/x86_64,unknown,3.12.3,2026-10-09T18:41:14Z
175,ML-KEM-512,post-quantum,1,decapsulate,0.0269,0.0,0.0,0.315,800,1632,768,0,0,0,0,0.0,0.4032,nan,edge/x86_64,unknown,3.12.3,2026-10-09T18:41:14Z
176,ML-KEM-512,post-quantum,1,keygen,0.0265,0.0,0.0,0.315,800,1632,768,0,0,0,0,0.0,0.3971,nan,edge/x86_64,unknown,3.12.3,2026-10-09T18:41:14Z
176,ML-KEM-512,post-quantum,1,encapsulate,0.0262,0.0,0.0,0.315,800,1632,768,0,0,0,0,0.0,0.3923,nan,edge/x86_64,unknown,3.12.3,2026-10-09T18:41:14Z
176,ML-KEM-512,post-quantum,1,decapsulate,0.0254,0.0,0.0,0.315,800,1632,768,0,0,0,0,0.0,0.3812,nan,edge/x86_64,unknown,3.12.3,2026-10-09T18:41:14Z
177,ML-KEM-512,post-quantum,1,keygen,0.0332,0.0,0.0,0.315,800,1632,768,0,0,0,0,0.0,0.4974,nan,edge/x86_64,unknown,3.12.3,2026-10-09T18:41:14Z
177,ML-KEM-512,post-quantum,1,encapsulate,0.0264,0.0,0.0,0.315,800,1632,768,0,0,0,0,0.0,0.3958,nan,edge/x86_64,unknown,3.12.3,2026-10-09T18:41:14Z
177,ML-KEM-512,post-quantum,1,decapsulate,0.0258,0.0,0.0,0.315,800,1632,768,0,0,0,0,0.0,0.387,nan,edge/x86_64,unknown,3.12.3,2026-10-09T18:41:14Z
178,ML-KEM-512,post-quantum,1,keygen,0.0507,0.0,0.0,0.315,800,1632,768,0,0,0,0,0.0,0.7602,nan,edge/x86_64,unknown,3.12.3,2026-10-09T18:41:14Z
178,ML-KEM-512,post-quantum,1,encapsulate,0.0308,0.0,0.0,0.315,800,1632,768,0,0,0,0,0.0,0.4623,nan,edge/x86_64,unknown,3.12.3,2026-10-09T18:41:14Z
178,ML-KEM-512,post-quantum,1,decapsulate,0.0262,0.0,0.0,0.315,800,1632,768,0,0,0,0,0.0,0.3929,nan,edge/x86_64,unknown,3.12.3,2026-10-09T18:41:14Z
179,ML-KEM-512,post-quantum,1,keygen,0.0264,0.0,0.0,0.315,800,1632,768,0,0,0,0,0.0,0.396,nan,edge/x86_64,unknown,3.12.3,2026-10-09T18:41:14Z
179,ML-KEM-512,post-quantum,1,encapsulate,0.0266,0.0,0.0,0.315,800,1632,768,0,0,0,0,0.0,0.3996,nan,edge/x86_64,unknown,3.12.3,2026-10-09T18:41:14Z
179,ML-KEM-512,post-quantum,1,decapsulate,0.0259,0.0,0.0,0.315,800,1632,768,0,0,0,0,0.0,0.3882,nan,edge/x86_64,unknown,3.12.3,2026-10-09T18:41:14Z
180,ML-KEM-512,post-quantum,1,keygen,0.0259,0.0,0.0,0.315,800,1632,768,0,0,0,0,0.0,0.3886,nan,edge/x86_64,unknown,3.12.3,2026-10-09T18:41:14Z
180,ML-KEM-512,post-quantum,1,encapsulate,0.0264,0.0,0.0,0.315,800,1632,768,0,0,0,0,0.0,0.3967,nan,edge/x86_64,unknown,3.12.3,2026-10-09T18:41:14Z
180,ML-KEM-512,post-quantum,1,decapsulate,0.0389,0.0,0.0,0.315,800,1632,768,0,0,0,0,0.0,0.5839,nan,edge/x86_64,unknown,3.12.3,2026-10-09T18:41:14Z
181,ML-KEM-512,post-quantum,1,keygen,0.027,0.0,0.0,0.315,800,1632,768,0,0,0,0,0.0,0.4054,nan,edge/x86_64,unknown,3.12.3,2026-10-09T18:41:14Z
181,ML-KEM-512,post-quantum,1,encapsulate,0.0277,0.0,0.0,0.315,800,1632,768,0,0,0,0,0.0,0.415,nan,edge/x86_64,unknown,3.12.3,2026-10-09T18:41:14Z
181,ML-KEM-512,post-quantum,1,decapsulate,0.0252,0.0,0.0,0.315,800,1632,768,0,0,0,0,0.0,0.3773,nan,edge/x86_64,unknown,3.12.3,2026-10-09T18:41:14Z
182,ML-KEM-512,post-quantum,1,keygen,0.0258,0.0,0.0,0.315,800,1632,768,0,0,0,0,0.0,0.3866,nan,edge/x86_64,unknown,3.12.3,2026-10-09T18:41:14Z
182,ML-KEM-512,post-quantum,1,encapsulate,0.03,0.0,0.0,0.315,800,1632,768,0,0,0,0,0.0,0.4503,nan,edge/x86_64,unknown,3.12.3,2026-10-09T18:41:14Z
182,ML-KEM-512,post-quantum,1,decapsulate,0.0256,0.0,0.0,0.315,800,1632,768,0,0,0,0,0.0,0.3839,nan,edge/x86_64,unknown,3.12.3,2026-10-09T18:41:14Z
183,ML-KEM-512,post-quantum,1,keygen,0.0263,0.0,0.0,0.315,800,1632,768,0,0,0,0,0.0,0.3939,nan,edge/x86_64,unknown,3.12.3,2026-10-09T18:41:14Z
183,ML-KEM-512,post-quantum,1,encapsulate,0.026,0.0,0.0,0.315,800,1632,768,0,0,0,0,0.0,0.3898,nan,edge/x86_64,unknown,3.12.3,2026-10-09T18:41:14Z
183,ML-KEM-512,post-quantum,1,decapsulate,0.0253,0.0,0.0,0.315,800,1632,768,0,0,0,0,0.0,0.3793,nan,edge/x86_64,unknown,3.12.3,2026-10-09T18:41:14Z
184,ML-KEM-512,post-quantum,1,keygen,0.0257,0.0,0.0,0.315,800,1632,768,0,0,0,0,0.0,0.385,nan,edge/x86_64,unknown,3.12.3,2026-10-09T18:41:14Z
184,ML-KEM-512,post-quantum,1,encapsulate,0.0267,0.0,0.0,0.315,800,1632,768,0,0,0,0,0.0,0.4,nan,edge/x86_64,unknown,3.12.3,2026-10-09T18:41:14Z
184,ML-KEM-512,post-quantum,1,decapsulate,0.0262,0.0,0.0,0.315,800,1632,768,0,0,0,0,0.0,0.393,nan,edge/x86_64,unknown,3.12.3,2026-10-09T18:41:14Z
185,ML-KEM-512,post-quantum,1,keygen,0.0261,0.0,0.0,0.315,800,1632,768,0,0,0,0,0.0,0.3915,nan,edge/x86_64,unknown,3.12.3,2026-10-09T18:41:14Z
185,ML-KEM-512,post-quantum,1,encapsulate,0.0261,0.0,0.0,0.315,800,1632,768,0,0,0,0,0.0,0.3922,nan,edge/x86_64,unknown,3.12.3,2026-10-09T18:41:14Z
185,ML-KEM-512,post-quantum,1,decapsulate,0.0252,0.0,0.0,0.315,800,1632,768,0,0,0,0,0.0,0.3774,nan,edge/x86_64,unknown,3.12.3,2026-10-09T18:41:14Z
186,ML-KEM-512,post-quantum,1,keygen,0.0256,0.0,0.0,0.315,800,1632,768,0,0,0,0,0.0,0.3843,nan,edge/x86_64,unknown,3.12.3,2026-10-09T18:41:14Z
186,ML-KEM-512,post-quantum,1,encapsulate,0.0287,0.0,0.0,0.315,800,1632,768,0,0,0,0,0.0,0.4306,nan,edge/x86_64,unknown,3.12.3,2026-10-09T18:41:14Z
186,ML-KEM-512,post-quantum,1,decapsulate,0.0309,0.0,0.0,0.315,800,1632,768,0,0,0,0,0.0,0.4633,nan,edge/x86_64,unknown,3.12.3,2026-10-09T18:41:14Z
187,ML-KEM-512,post-quantum,1,keygen,0.0257,0.0,0.0,0.315,800,1632,768,0,0,0,0,0.0,0.3859,nan,edge/x86_64,unknown,3.12.3,2026-10-09T18:41:14Z
187,ML-KEM-512,post-quantum,1,encapsulate,0.0271,0.0,0.0,0.315,800,1632,768,0,0,0,0,0.0,0.4064,nan,edge/x86_64,unknown,3.12.3,2026-10-09T18:41:14Z
187,ML-KEM-512,post-quantum,1,decapsulate,0.0326,0.0,0.0,0.315,800,1632,768,0,0,0,0,0.0,0.4896,nan,edge/x86_64,unknown,3.12.3,2026-10-09T18:41:14Z
188,ML-KEM-512,post-quantum,1,keygen,0.0265,0.0,0.0,0.315,800,1632,768,0,0,0,0,0.0,0.3977,nan,edge/x86_64,unknown,3.12.3,2026-10-09T18:41:14Z
188,ML-KEM-512,post-quantum,1,encapsulate,0.0261,0.0,0.0,0.315,800,1632,768,0,0,0,0,0.0,0.3921,nan,edge/x86_64,unknown,3.12.3,2026-10-09T18:41:14Z
188,ML-KEM-512,post-quantum,1,decapsulate,0.048,0.0,0.0,0.315,800,1632,768,0,0,0,0,0.0,0.72,nan,edge/x86_64,unknown,3.12.3,2026-10-09T18:41:14Z
189,ML-KEM-512,post-quantum,1,keygen,0.031,0.0,0.0,0.315,800,1632,768,0,0,0,0,0.0,0.4648,nan,edge/x86_64,unknown,3.12.3,2026-10-09T18:41:14Z
189,ML-KEM-512,post-quantum,1,encapsulate,0.0278,0.0,0.0,0.315,800,1632,768,0,0,0,0,0.0,0.4171,nan,edge/x86_64,unknown,3.12.3,2026-10-09T18:41:14Z
189,ML-KEM-512,post-quantum,1,decapsulate,0.0259,0.0,0.0,0.315,800,1632,768,0,0,0,0,0.0,0.3888,nan,edge/x86_64,unknown,3.12.3,2026-10-09T18:41:14Z
190,ML-KEM-512,post-quantum,1,keygen,0.0259,0.0,0.0,0.315,800,1632,768,0,0,0,0,0.0,0.3891,nan,edge/x86_64,unknown,3.12.3,2026-10-09T18:41:14Z
190,ML-KEM-512,post-quantum,1,encapsulate,0.026,0.0,0.0,0.315,800,1632,768,0,0,0,0,0.0,0.3901,nan,edge/x86_64,unknown,3.12.3,2026-10-09T18:41:14Z
190,ML-KEM-512,post-quantum,1,decapsulate,0.0252,0.0,0.0,0.315,800,1632,768,0,0,0,0,0.0,0.3781,nan,edge/x86_64,unknown,3.12.3,2026-10-09T18:41:14Z
191,ML-KEM-512,post-quantum,1,keygen,0.0281,0.0,0.0,0.315,800,1632,768,0,0,0,0,0.0,0.4219,nan,edge/x86_64,unknown,3.12.3,2026-10-09T18:41:14Z
191,ML-KEM-512,post-quantum,1,encapsulate,0.0293,0.0,0.0,0.315,800,1632,768,0,0,0,0,0.0,0.4393,nan,edge/x86_64,unknown,3.12.3,2026-10-09T18:41:14Z
191,ML-KEM-512,post-quantum,1,decapsulate,0.0255,0.0,0.0,0.315,800,1632,768,0,0,0,0,0.0,0.3819,nan,edge/x86_64,unknown,3.12.3,2026-10-09T18:41:14Z
192,ML-KEM-512,post-quantum,1,keygen,0.026,0.0,0.0,0.315,800,1632,768,0,0,0,0,0.0,0.3899,nan,edge/x86_64,unknown,3.12.3,2026-10-09T18:41:14Z
192,ML-KEM-512,post-quantum,1,encapsulate,0.0259,0.0,0.0,0.315,800,1632,768,0,0,0,0,0.0,0.3889,nan,edge/x86_64,unknown,3.12.3,2026-10-09T18:41:14Z
192,ML-KEM-512,post-quantum,1,decapsulate,0.0253,0.0,0.0,0.315,800,1632,768,0,0,0,0,0.0,0.3792,nan,edge/x86_64,unknown,3.12.3,2026-10-09T18:41:14Z
193,ML-KEM-512,post-quantum,1,keygen,0.0416,0.0,0.0,0.315,800,1632,768,0,0,0,0,0.0,0.624,nan,edge/x86_64,unknown,3.12.3,2026-10-09T18:41:14Z
193,ML-KEM-512,post-quantum,1,encapsulate,0.0548,0.0,0.0,0.315,800,1632,768,0,0,0,0,0.0,0.8227,nan,edge/x86_64,unknown,3.12.3,2026-10-09T18:41:14Z
193,ML-KEM-512,post-quantum,1,decapsulate,0.0295,0.0,0.0,0.315,800,1632,768,0,0,0,0,0.0,0.4432,nan,edge/x86_64,unknown,3.12.3,2026-10-09T18:41:14Z
194,ML-KEM-512,post-quantum,1,keygen,0.0297,0.0,0.0,0.315,800,1632,768,0,0,0,0,0.0,0.4453,nan,edge/x86_64,unknown,3.12.3,2026-10-09T18:41:14Z
194,ML-KEM-512,post-quantum,1,encapsulate,0.028,0.0,0.0,0.315,800,1632,768,0,0,0,0,0.0,0.4206,nan,edge/x86_64,unknown,3.12.3,2026-10-09T18:41:14Z
194,ML-KEM-512,post-quantum,1,decapsulate,0.0265,0.0,0.0,0.315,800,1632,768,0,0,0,0,0.0,0.397,nan,edge/x86_64,unknown,3.12.3,2026-10-09T18:41:14Z
195,ML-KEM-512,post-quantum,1,keygen,0.027,0.0,0.0,0.315,800,1632,768,0,0,0,0,0.0,0.4052,nan,edge/x86_64,unknown,3.12.3,2026-10-09T18:41:14Z
195,ML-KEM-512,post-quantum,1,encapsulate,0.0406,0.0,0.0,0.315,800,1632,768,0,0,0,0,0.0,0.6095,nan,edge/x86_64,unknown,3.12.3,2026-10-09T18:41:14Z
195,ML-KEM-512,post-quantum,1,decapsulate,0.0265,0.0,0.0,0.315,800,1632,768,0,0,0,0,0.0,0.3976,nan,edge/x86_64,unknown,3.12.3,2026-10-09T18:41:14Z
196,ML-KEM-512,post-quantum,1,keygen,0.0267,0.0,0.0,0.315,800,1632,768,0,0,0,0,0.0,0.4003,nan,edge/x86_64,unknown,3.12.3,2026-10-09T18:41:14Z
196,ML-KEM-512,post-quantum,1,encapsulate,0.0263,0.0,0.0,0.315,800,1632,768,0,0,0,0,0.0,0.3943,nan,edge/x86_64,unknown,3.12.3,2026-10-09T18:41:14Z
196,ML-KEM-512,post-quantum,1,decapsulate,0.0255,0.0,0.0,0.315,800,1632,768,0,0,0,0,0.0,0.3825,nan,edge/x86_64,unknown,3.12.3,2026-10-09T18:41:14Z
197,ML-KEM-512,post-quantum,1,keygen,0.0259,0.0,0.0,0.315,800,1632,768,0,0,0,0,0.0,0.3879,nan,edge/x86_64,unknown,3.12.3,2026-10-09T18:41:14Z
197,ML-KEM-512,post-quantum,1,encapsulate,0.0332,0.0,0.0,0.315,800,1632,768,0,0,0,0,0.0,0.4982,nan,edge/x86_64,unknown,3.12.3,2026-10-09T18:41:14Z
197,ML-KEM-512,post-quantum,1,decapsulate,0.0258,0.0,0.0,0.315,800,1632,768,0,0,0,0,0.0,0.3868,nan,edge/x86_64,unknown,3.12.3,2026-10-09T18:41:14Z
198,ML-KEM-512,post-quantum,1,keygen,0.026,0.0,0.0,0.315,800,1632,768,0,0,0,0,0.0,0.3895,nan,edge/x86_64,unknown,3.12.3,2026-10-09T18:41:14Z
198,ML-KEM-512,post-quantum,1,encapsulate,0.0263,0.0,0.0,0.315,800,1632,768,0,0,0,0,0.0,0.3942,nan,edge/x86_64,unknown,3.12.3,2026-10-09T18:41:14Z
198,ML-KEM-512,post-quantum,1,decapsulate,0.0257,0.0,0.0,0.315,800,1632,768,0,0,0,0,0.0,0.3861,nan,edge/x86_64,unknown,3.12.3,2026-10-09T18:41:14Z
199,ML-KEM-512,post-quantum,1,keygen,0.0256,0.0,0.0,0.315,800,1632,768,0,0,0,0,0.0,0.3847,nan,edge/x86_64,unknown,3.12.3,2026-10-09T18:41:14Z
199,ML-KEM-512,post-quantum,1,encapsulate,0.0272,0.0,0.0,0.315,800,1632,768,0,0,0,0,0.0,0.4081,nan,edge/x86_64,unknown,3.12.3,2026-10-09T18:41:14Z
199,ML-KEM-512,post-quantum,1,decapsulate,0.0258,0.0,0.0,0.315,800,1632,768,0,0,0,0,0.0,0.3867,nan,edge/x86_64,unknown,3.12.3,2026-10-09T18:41:14Z
0,ML-KEM-768,post-quantum,3,keygen,0.0458,0.0,0.0,0.303,1184,2400,1088,0,0,0,0,0.0,0.6867,nan,edge/x86_64,unknown,3.12.3,2026-10-09T18:41:14Z
0,ML-KEM-768,post-quantum,3,encapsulate,0.0344,0.0,0.0,0.303,1184,2400,1088,0,0,0,0,0.0,0.516,nan,edge/x86_64,unknown,3.12.3,2026-10-09T18:41:14Z
0,ML-KEM-768,post-quantum,3,decapsulate,0.0354,0.0,0.0,0.303,1184,2400,1088,0,0,0,0,0.0,0.5308,nan,edge/x86_64,unknown,3.12.3,2026-10-09T18:41:14Z
1,ML-KEM-768,post-quantum,3,keygen,0.0313,0.0,0.0,0.303,1184,2400,1088,0,0,0,0,0.0,0.4693,nan,edge/x86_64,unknown,3.12.3,2026-10-09T18:41:14Z
1,ML-KEM-768,post-quantum,3,encapsulate,0.0313,0.0,0.0,0.303,1184,2400,1088,0,0,0,0,0.0,0.4702,nan,edge/x86_64,unknown,3.12.3,2026-10-09T18:41:14Z
1,ML-KEM-768,post-quantum,3,decapsulate,0.0309,0.0,0.0,0.303,1184,2400,1088,0,0,0,0,0.0,0.4632,nan,edge/x86_64,unknown,3.12.3,2026-10-09T18:41:14Z
2,ML-KEM-768,post-quantum,3,keygen,0.0315,0.0,0.0,0.303,1184,2400,1088,0,0,0,0,0.0,0.4725,nan,edge/x86_64,unknown,3.12.3,2026-10-09T18:41:14Z
2,ML-KEM-768,post-quantum,3,encapsulate,0.0389,0.0,0.0,0.303,1184,2400,1088,0,0,0,0,0.0,0.5839,nan,edge/x86_64,unknown,3.12.3,2026-10-09T18:41:14Z
2,ML-KEM-768,post-quantum,3,decapsulate,0.034,0.0,0.0,0.303,1184,2400,1088,0,0,0,0,0.0,0.5095,nan,edge/x86_64,unknown,3.12.3,2026-10-09T18:41:14Z
3,ML-KEM-768,post-quantum,3,keygen,0.0344,0.0,0.0,0.303,1184,2400,1088,0,0,0,0,0.0,0.5157,nan,edge/x86_64,unknown,3.12.3,2026-10-09T18:41:14Z
3,ML-KEM-768,post-quantum,3,encapsulate,0.0611,0.0,0.0,0.303,1184,2400,1088,0,0,0,0,0.0,0.9162,nan,edge/x86_64,unknown,3.12.3,2026-10-09T18:41:14Z
3,ML-KEM-768,post-quantum,3,decapsulate,0.0331,0.0,0.0,0.303,1184,2400,1088,0,0,0,0,0.0,0.4961,nan,edge/x86_64,unknown,3.12.3,2026-10-09T18:41:14Z
4,ML-KEM-768,post-quantum,3,keygen,0.0316,0.0,0.0,0.303,1184,2400,1088,0,0,0,0,0.0,0.4738,nan,edge/x86_64,unknown,3.12.3,2026-10-09T18:41:14Z
4,ML-KEM-768,post-quantum,3,encapsulate,0.0311,0.0,0.0,0.303,1184,2400,1088,0,0,0,0,0.0,0.4663,nan,edge/x86_64,unknown,3.12.3,2026-10-09T18:41:14Z
4,ML-KEM-768,post-quantum,3,decapsulate,0.0315,0.0,0.0,0.303,1184,2400,1088,0,0,0,0,0.0,0.4723,nan,edge/x86_64,unknown,3.12.3,2026-10-09T18:41:14Z
5,ML-KEM-768,post-quantum,3,keygen,0.0374,0.0,0.0,0.303,1184,2400,1088,0,0,0,0,0.0,0.5605,nan,edge/x86_64,unknown,3.12.3,2026-10-09T18:41:14Z
5,ML-KEM-768,post-quantum,3,encapsulate,0.0327,0.0,0.0,0.303,1184,2400,1088,0,0,0,0,0.0,0.4903,nan,edge/x86_64,unknown,3.12.3,2026-10-09T18:41:14Z
5,ML-KEM-768,post-quantum,3,decapsulate,0.0308,0.0,0.0,0.303,1184,2400,1088,0,0,0,0,0.0,0.462,nan,edge/x86_64,unknown,3.12.3,2026-10-09T18:41:14Z
6,ML-KEM-768,post-quantum,3,keygen,0.0309,0.0,0.0,0.303,1184,2400,1088,0,0,0,0,0.0,0.4635,nan,edge/x86_64,unknown,3.12.3,2026-10-09T18:41:14Z
6,ML-KEM-768,post-quantum,3,encapsulate,0.0308,0.0,0.0,0.303,1184,2400,1088,0,0,0,0,0.0,0.4617,nan,edge/x86_64,unknown,3.12.3,2026-10-09T18:41:14Z
6,ML-KEM-768,post-quantum,3,decapsulate,0.0308,0.0,0.0,0.303,1184,2400,1088,0,0,0,0,0.0,0.4621,nan,edge/x86_64,unknown,3.12.3,2026-10-09T18:41:14Z
7,ML-KEM-768,post-quantum,3,keygen,0.0311,0.0,0.0,0.303,1184,2400,1088,0,0,0,0,0.0,0.4672,nan,edge/x86_64,unknown,3.12.3,2026-10-09T18:41:14Z
7,ML-KEM-768,post-quantum,3,encapsulate,0.0315,0.0,0.0,0.303,1184,2400,1088,0,0,0,0,0.0,0.472,nan,edge/x86_64,unknown,3.12.3,2026-10-09T18:41:14Z
7,ML-KEM-768,post-quantum,3,decapsulate,0.0449,0.0,0.0,0.303,1184,2400,1088,0,0,0,0,0.0,0.6739,nan,edge/x86_64,unknown,3.12.3,2026-10-09T18:41:14Z
8,ML-KEM-768,post-quantum,3,keygen,0.0319,0.0,0.0,0.303,1184,2400,1088,0,0,0,0,0.0,0.4787,nan,edge/x86_64,unknown,3.12.3,2026-10-09T18:41:14Z
8,ML-KEM-768,post-quantum,3,encapsulate,0.0308,0.0,0.0,0.303,1184,2400,1088,0,0,0,0,0.0,0.4618,nan,edge/x86_64,unknown,3.12.3,2026-10-09T18:41:14Z
8,ML-KEM-768,post-quantum,3,decapsulate,0.0307,0.0,0.0,0.303,1184,2400,1088,0,0,0,0,0.0,0.4599,nan,edge/x86_64,unknown,3.12.3,2026-10-09T18:41:14Z
9,ML-KEM-768,post-quantum,3,keygen,0.0313,0.0,0.0,0.303,1184,2400,1088,0,0,0,0,0.0,0.4694,nan,edge/x86_64,unknown,3.12.3,2026-10-09T18:41:14Z
9,ML-KEM-768,post-quantum,3,encapsulate,0.0312,0.0,0.0,0.303,1184,2400,1088,0,0,0,0,0.0,0.4678,nan,edge/x86_64,unknown,3.12.3,2026-10-09T18:41:14Z
9,ML-KEM-768,post-quantum,3,decapsulate,0.0326,0.0,0.0,0.303,1184,2400,1088,0,0,0,0,0.0,0.4891,nan,edge/x86_64,unknown,3.12.3,2026-10-09T18:41:14Z
10,ML-KEM-768,post-quantum,3,keygen,0.0318,0.0,0.0,0.303,1184,2400,1088,0,0,0,0,0.0,0.4775,nan,edge/x86_64,unknown,3.12.3,2026-10-09T18:41:14Z
10,ML-KEM-768,post-quantum,3,encapsulate,0.0393,0.0,0.0,0.303,1184,2400,1088,0,0,0,0,0.0,0.5899,nan,edge/x86_64,unknown,3.12.3,2026-10-09T18:41:14Z
10,ML-KEM-768,post-quantum,3,decapsulate,0.031,0.0,0.0,0.303,1184,2400,1088,0,0,0,0,0.0,0.4648,nan,edge/x86_64,unknown,3.12.3,2026-10-09T18:41:14Z
11,ML-KEM-768,post-quantum,3,keygen,0.0309,0.0,0.0,0.303,1184,2400,1088,0,0,0,0,0.0,0.4635,nan,edge/x86_64,unknown,3.12.3,2026-10-09T18:41:14Z
11,ML-KEM-768,post-quantum,3,encapsulate,0.032,0.0,0.0,0.303,1184,2400,1088,0,0,0,0,0.0,0.4793,nan,edge/x86_64,unknown,3.12.3,2026-10-09T18:41:14Z
11,ML-KEM-768,post-quantum,3,decapsulate,0.0355,0.0,0.0,0.303,1184,2400,1088,0,0,0,0,0.0,0.5326,nan,edge/x86_64,unknown,3.12.3,2026-10-09T18:41:14Z
12,ML-KEM-768,post-quantum,3,keygen,0.0309,0.0,0.0,0.303,1184,2400,1088,0,0,0,0,0.0,0.4635,nan,edge/x86_64,unknown,3.12.3,2026-10-09T18:41:14Z
12,ML-KEM-768,post-quantum,3,encapsulate,0.0315,0.0,0.0,0.303,1184,2400,1088,0,0,0,0,0.0,0.473,nan,edge/x86_64,unknown,3.12.3,2026-10-09T18:41:14Z
12,ML-KEM-768,post-quantum,3,decapsulate,0.0326,0.0,0.0,0.303,1184,2400,1088,0,0,0,0,0.0,0.4887,nan,edge/x86_64,unknown,3.12.3,2026-10-09T18:41:14Z
13,ML-KEM-768,post-quantum,3,keygen,0.0315,0.0,0.0,0.303,1184,2400,1088,0,0,0,0,0.0,0.4727,nan,edge/x86_64,unknown,3.12.3,2026-10-09T18:41:14Z
13,ML-KEM-768,post-quantum,3,encapsulate,0.0364,0.0,0.0,0.303,1184,2400,1088,0,0,0,0,0.0,0.5461,nan,edge/x86_64,unknown,3.12.3,2026-10-09T18:41:14Z
13,ML-KEM-768,post-quantum,3,decapsulate,0.0315,0.0,0.0,0.303,1184,2400,1088,0,0,0,0,0.0,0.4719,nan,edge/x86_64,unknown,3.12.3,2026-10-09T18:41:14Z
14,ML-KEM-768,post-quantum,3,keygen,0.0316,0.0,0.0,0.303,1184,2400,1088,0,0,0,0,0.0,0.4745,nan,edge/x86_64,unknown,3.12.3,2026-10-09T18:41:14Z
14,ML-KEM-768,post-quantum,3,encapsulate,0.0311,0.0,0.0,0.303,1184,2400,1088,0,0,0,0,0.0,0.4663,nan,edge/x86_64,unknown,3.12.3,2026-10-09T18:41:14Z
14,ML-KEM-768,post-quantum,3,decapsulate,0.0314,0.0,0.0,0.303,1184,2400,1088,0,0,0,0,0.0,0.4712,nan,edge/x86_64,unknown,3.12.3,2026-10-09T18:41:14Z
15,ML-KEM-768,post-quantum,3,keygen,0.0311,0.0,0.0,0.303,1184,2400,1088,0,0,0,0,0.0,0.4662,nan,edge/x86_64,unknown,3.12.3,2026-10-09T18:41:14Z
15,ML-KEM-768,post-quantum,3,encapsulate,0.031,0.0,0.0,0.303,1184,2400,1088,0,0,0,0,0.0,0.4647,nan,edge/x86_64,unknown,3.12.3,2026-10-09T18:41:14Z
15,ML-KEM-768,post-quantum,3,decapsulate,0.0309,0.0,0.0,0.303,1184,2400,1088,0,0,0,0,0.0,0.4638,nan,edge/x86_64,unknown,3.12.3,2026-10-09T18:41:14Z
16,ML-KEM-768,post-quantum,3,keygen,0.0325,0.0,0.0,0.303,1184,2400,1088,0,0,0,0,0.0,0.4874,nan,edge/x86_64,unknown,3.12.3,2026-10-09T18:41:14Z
16,ML-KEM-768,post-quantum,3,encapsulate,0.0317,0.0,0.0,0.303,1184,2400,1088,0,0,0,0,0.0,0.4757,nan,edge/x86_64,unknown,3.12.3,2026-10-09T18:41:14Z
16,ML-KEM-768,post-quantum,3,decapsulate,0.0315,0.0,0.0,0.303,1184,2400,1088,0,0,0,0,0.0,0.4727,nan,edge/x86_64,unknown,3.12.3,2026-10-09T18:41:14Z
17,ML-KEM-768,post-quantum,3,keygen,0.0307,0.0,0.0,0.303,1184,2400,1088,0,0,0,0,0.0,0.4603,nan,edge/x86_64,unknown,3.12.3,2026-10-09T18:41:14Z
17,ML-KEM-768,post-quantum,3,encapsulate,0.0928,0.0,0.0,0.303,1184,2400,1088,0,0,0,0,0.0,1.3913,nan,edge/x86_64,unknown,3.12.3,2026-10-09T18:41:14Z
17,ML-KEM-768,post-quantum,3,decapsulate,0.0389,0.0,0.0,0.303,1184,2400,1088,0,0,0,0,0.0,0.5834,nan,edge/x86_64,unknown,3.12.3,2026-10-09T18:41:14Z
18,ML-KEM-768,post-quantum,3,keygen,0.0351,0.0,0.0,0.303,1184,2400,1088,0,0,0,0,0.0,0.5259,nan,edge/x86_64,unknown,3.12.3,2026-10-09T18:41:14Z
18,ML-KEM-768,post-quantum,3,encapsulate,0.0315,0.0,0.0,0.303,1184,2400,1088,0,0,0,0,0.0,0.4728,nan,edge/x86_64,unknown,3.12.3,2026-10-09T18:41:14Z
18,ML-KEM-768,post-quantum,3,decapsulate,0.0312,0.0,0.0,0.303,1184,2400,1088,0,0,0,0,0.0,0.4681,nan,edge/x86_64,unknown,3.12.3,2026-10-09T18:41:14Z
19,ML-KEM-768,post-quantum,3,keygen,0.0308,0.0,0.0,0.303,1184,2400,1088,0,0,0,0,0.0,0.4624,nan,edge/x86_64,unknown,3.12.3,2026-10-09T18:41:14Z
19,ML-KEM-768,post-quantum,3,encapsulate,0.0311,0.0,0.0,0.303,1184,2400,1088,0,0,0,0,0.0,0.4659,nan,edge/x86_64,unknown,3.12.3,2026-10-09T18:41:14Z
19,ML-KEM-768,post-quantum,3,decapsulate,0.031,0.0,0.0,0.303,1184,2400,1088,0,0,0,0,0.0,0.4647,nan,edge/x86_64,unknown,3.12.3,2026-10-09T18:41:14Z
20,ML-KEM-768,post-quantum,3,keygen,0.031,0.0,0.0,0.303,1184,2400,1088,0,0,0,0,0.0,0.4646,nan,edge/x86_64,unknown,3.12.3,2026-10-09T18:41:14Z
20,ML-KEM-768,post-quantum,3,encapsulate,0.031,0.0,0.0,0.303,1184,2400,1088,0,0,0,0,0.0,0.4648,nan,edge/x86_64,unknown,3.12.3,2026-10-09T18:41:14Z
20,ML-KEM-768,post-quantum,3,decapsulate,0.0311,0.0,0.0,0.303,1184,2400,1088,0,0,0,0,0.0,0.466,nan,edge/x86_64,unknown,3.12.3,2026-10-09T18:41:14Z
21,ML-KEM-768,post-quantum,3,keygen,0.0312,0.0,0.0,0.303,1184,2400,1088,0,0,0,0,0.0,0.468,nan,edge/x86_64,unknown,3.12.3,2026-10-09T18:41:14Z
21,ML-KEM-768,post-quantum,3,encapsulate,0.0312,0.0,0.0,0.303,1184,2400,1088,0,0,0,0,0.0,0.468,nan,edge/x86_64,unknown,3.12.3,2026-10-09T18:41:14Z
21,ML-KEM-768,post-quantum,3,decapsulate,0.0309,0.0,0.0,0.303,1184,2400,1088,0,0,0,0,0.0,0.463,nan,edge/x86_64,unknown,3.12.3,2026-10-09T18:41:14Z
22,ML-KEM-768,post-quantum,3,keygen,0.0425,0.0,0.0,0.303,1184,2400,1088,0,0,0,0,0.0,0.6375,nan,edge/x86_64,unknown,3.12.3,2026-10-09T18:41:14Z
22,ML-KEM-768,post-quantum,3,encapsulate,0.0397,0.0,0.0,0.303,1184,2400,1088,0,0,0,0,0.0,0.5956,nan,edge/x86_64,unknown,3.12.3,2026-10-09T18:41:14Z
22,ML-KEM-768,post-quantum,3,decapsulate,0.0526,0.0,0.0,0.303,1184,2400,1088,0,0,0,0,0.0,0.7888,nan,edge/x86_64,unknown,3.12.3,2026-10-09T18:41:14Z
23,ML-KEM-768,post-quantum,3,keygen,0.0348,0.0,0.0,0.303,1184,2400,1088,0,0,0,0,0.0,0.5217,nan,edge/x86_64,unknown,3.12.3,2026-10-09T18:41:14Z
23,ML-KEM-768,post-quantum,3,encapsulate,0.0332,0.0,0.0,0.303,1184,2400,1088,0,0,0,0,0.0,0.4977,nan,edge/x86_64,unknown,3.12.3,2026-10-09T18:41:14Z
23,ML-KEM-768,post-quantum,3,decapsulate,0.0314,0.0,0.0,0.303,1184,2400,1088,0,0,0,0,0.0,0.4706,nan,edge/x86_64,unknown,3.12.3,2026-10-09T18:41:14Z
24,ML-KEM-768,post-quantum,3,keygen,0.0313,0.0,0.0,0.303,1184,2400,1088,0,0,0,0,0.0,0.4702,nan,edge/x86_64,unknown,3.12.3,2026-10-09T18:41:14Z
24,ML-KEM-768,post-quantum,3,encapsulate,0.0315,0.0,0.0,0.303,1184,2400,1088,0,0,0,0,0.0,0.4718,nan,edge/x86_64,unknown,3.12.3,2026-10-09T18:41:14Z
24,ML-KEM-768,post-quantum,3,decapsulate,0.038,0.0,0.0,0.303,1184,2400,1088,0,0,0,0,0.0,0.5693,nan,edge/x86_64,unknown,3.12.3,2026-10-09T18:41:14Z
25,ML-KEM-768,post-quantum,3,keygen,0.0329,0.0,0.0,0.303,1184,2400,1088,0,0,0,0,0.0,0.493,nan,edge/x86_64,unknown,3.12.3,2026-10-09T18:41:14Z
25,ML-KEM-768,post-quantum,3,encapsulate,0.0316,0.0,0.0,0.303,1184,2400,1088,0,0,0,0,0.0,0.4741,nan,edge/x86_64,unknown,3.12.3,2026-10-09T18:41:14Z
25,ML-KEM-768,post-quantum,3,decapsulate,0.0314,0.0,0.0,0.303,1184,2400,1088,0,0,0,0,0.0,0.4712,nan,edge/x86_64,unknown,3.12.3,2026-10-09T18:41:14Z
26,ML-KEM-768,post-quantum,3,keygen,0.0309,0.0,0.0,0.303,1184,2400,1088,0,0,0,0,0.0,0.4631,nan,edge/x86_64,unknown,3.12.3,2026-10-09T18:41:14Z
26,ML-KEM-768,post-quantum,3,encapsulate,0.0309,0.0,0.0,0.303,1184,2400,1088,0,0,0,0,0.0,0.4641,nan,edge/x86_64,unknown,3.12.3,2026-10-09T18:41:14Z
26,ML-KEM-768,post-quantum,3,decapsulate,0.0462,0.0,0.0,0.303,1184,2400,1088,0,0,0,0,0.0,0.6924,nan,edge/x86_64,unknown,3.12.3,2026-10-09T18:41:14Z
27,ML-KEM-768,post-quantum,3,keygen,0.0321,0.0,0.0,0.303,1184,2400,1088,0,0,0,0,0.0,0.4819,nan,edge/x86_64,unknown,3.12.3,2026-10-09T18:41:14Z
27,ML-KEM-768,post-quantum,3,encapsulate,0.0312,0.0,0.0,0.303,1184,2400,1088,0,0,0,0,0.0,0.4685,nan,edge/x86_64,unknown,3.12.3,2026-10-09T18:41:14Z
27,ML-KEM-768,post-quantum,3,decapsulate,0.0309,0.0,0.0,0.303,1184,2400,1088,0,0,0,0,0.0,0.464,nan,edge/x86_64,unknown,3.12.3,2026-10-09T18:41:14Z
28,ML-KEM-768,post-quantum,3,keygen,0.0306,0.0,0.0,0.303,1184,2400,1088,0,0,0,0,0.0,0.4596,nan,edge/x86_64,unknown,3.12.3,2026-10-09T18:41:14Z
28,ML-KEM-768,post-quantum,3,encapsulate,0.0304,0.0,0.0,0.303,1184,2400,1088,0,0,0,0,0.0,0.4562,nan,edge/x86_64,unknown,3.12.3,2026-10-09T18:41:14Z
28,ML-KEM-768,post-quantum,3,decapsulate,0.0374,0.0,0.0,0.303,1184,2400,1088,0,0,0,0,0.0,0.5616,nan,edge/x86_64,unknown,3.12.3,2026-10-09T18:41:14Z
29,ML-KEM-768,post-quantum,3,keygen,0.0312,0.0,0.0,0.303,1184,2400,1088,0,0,0,0,0.0,0.4674,nan,edge/x86_64,unknown,3.12.3,2026-10-09T18:41:14Z
29,ML-KEM-768,post-quantum,3,encapsulate,0.0321,0.0,0.0,0.303,1184,2400,1088,0,0,0,0,0.0,0.4819,nan,edge/x86_64,unknown,3.12.3,2026-10-09T18:41:14Z
29,ML-KEM-768,post-quantum,3,decapsulate,0.0319,0.0,0.0,0.303,1184,2400,1088,0,0,0,0,0.0,0.4786,nan,edge/x86_64,unknown,3.12.3,2026-10-09T18:41:14Z
30,ML-KEM-768,post-quantum,3,keygen,0.0313,0.0,0.0,0.303,1184,2400,1088,0,0,0,0,0.0,0.4702,nan,edge/x86_64,unknown,3.12.3,2026-10-09T18:41:14Z
30,ML-KEM-768,post-quantum,3,encapsulate,0.0316,0.0,0.0,0.303,1184,2400,1088,0,0,0,0,0.0,0.4736,nan,edge/x86_64,unknown,3.12.3,2026-10-09T18:41:14Z
30,ML-KEM-768,post-quantum,3,decapsulate,0.0314,0.0,0.0,0.303,1184,2400,1088,0,0,0,0,0.0,0.4707,nan,edge/x86_64,unknown,3.12.3,2026-10-09T18:41:14Z
31,ML-KEM-768,post-quantum,3,keygen,0.0318,0.0,0.0,0.303,1184,2400,1088,0,0,0,0,0.0,0.4773,nan,edge/x86_64,unknown,3.12.3,2026-10-09T18:41:14Z
31,ML-KEM-768,post-quantum,3,encapsulate,0.0308,0.0,0.0,0.303,1184,2400,1088,0,0,0,0,0.0,0.4623,nan,edge/x86_64,unknown,3.12.3,2026-10-09T18:41:14Z
31,ML-KEM-768,post-quantum,3,decapsulate,0.031,0.0,0.0,0.303,1184,2400,1088,0,0,0,0,0.0,0.4644,nan,edge/x86_64,unknown,3.12.3,2026-10-09T18:41:14Z
32,ML-KEM-768,post-quantum,3,keygen,0.0329,0.0,0.0,0.303,1184,2400,1088,0,0,0,0,0.0,0.4935,nan,edge/x86_64,unknown,3.12.3,2026-10-09T18:41:14Z
32,ML-KEM-768,post-quantum,3,encapsulate,0.031,0.0,0.0,0.303,1184,2400,1088,0,0,0,0,0.0,0.4644,nan,edge/x86_64,unknown,3.12.3,2026-10-09T18:41:14Z
32,ML-KEM-768,post-quantum,3,decapsulate,0.0353,0.0,0.0,0.303,1184,2400,1088,0,0,0,0,0.0,0.5295,nan,edge/x86_64,unknown,3.12.3,2026-10-09T18:41:14Z
33,ML-KEM-768,post-quantum,3,keygen,0.0335,0.0,0.0,0.303,1184,2400,1088,0,0,0,0,0.0,0.5028,nan,edge/x86_64,unknown,3.12.3,2026-10-09T18:41:14Z
33,ML-KEM-768,post-quantum,3,encapsulate,0.0317,0.0,0.0,0.303,1184,2400,1088,0,0,0,0,0.0,0.4752,nan,edge/x86_64,unknown,3.12.3,2026-10-09T18:41:14Z
33,ML-KEM-768,post-quantum,3,decapsulate,0.0314,0.0,0.0,0.303,1184,2400,1088,0,0,0,0,0.0,0.4708,nan,edge/x86_64,unknown,3.12.3,2026-10-09T18:41:14Z
34,ML-KEM-768,post-quantum,3,keygen,0.0312,0.0,0.0,0.303,1184,2400,1088,0,0,0,0,0.0,0.4683,nan,edge/x86_64,unknown,3.12.3,2026-10-09T18:41:14Z
34,ML-KEM-768,post-quantum,3,encapsulate,0.0314,0.0,0.0,0.303,1184,2400,1088,0,0,0,0,0.0,0.4707,nan,edge/x86_64,unknown,3.12.3,2026-10-09T18:41:14Z
34,ML-KEM-768,post-quantum,3,decapsulate,0.0311,0.0,0.0,0.303,1184,2400,1088,0,0,0,0,0.0,0.4668,nan,edge/x86_64,unknown,3.12.3,2026-10-09T18:41:14Z
35,ML-KEM-768,post-quantum,3,keygen,0.031,0.0,0.0,0.303,1184,2400,1088,0,0,0,0,0.0,0.4645,nan,edge/x86_64,unknown,3.12.3,2026-10-09T18:41:14Z
35,ML-KEM-768,post-quantum,3,encapsulate,0.0327,0.0,0.0,0.303,1184,2400,1088,0,0,0,0,0.0,0.4899,nan,edge/x86_64,unknown,3.12.3,2026-10-09T18:41:14Z
35,ML-KEM-768,post-quantum,3,decapsulate,0.0315,0.0,0.0,0.303,1184,2400,1088,0,0,0,0,0.0,0.4731,nan,edge/x86_64,unknown,3.12.3,2026-10-09T18:41:14Z
36,ML-KEM-768,post-quantum,3,keygen,0.0313,0.0,0.0,0.303,1184,2400,1088,0,0,0,0,0.0,0.4702,nan,edge/x86_64,unknown,3.12.3,2026-10-09T18:41:14Z
36,ML-KEM-768,post-quantum,3,encapsulate,0.0313,0.0,0.0,0.303,1184,2400,1088,0,0,0,0,0.0,0.4698,nan,edge/x86_64,unknown,3.12.3,2026-10-09T18:41:14Z
36,ML-KEM-768,post-quantum,3,decapsulate,0.0441,0.0,0.0,0.303,1184,2400,1088,0,0,0,0,0.0,0.6609,nan,edge/x86_64,unknown,3.12.3,2026-10-09T18:41:14Z
37,ML-KEM-768,post-quantum,3,keygen,0.0313,0.0,0.0,0.303,1184,2400,1088,0,0,0,0,0.0,0.4701,nan,edge/x86_64,unknown,3.12.3,2026-10-09T18:41:14Z
37,ML-KEM-768,post-quantum,3,encapsulate,0.0305,0.0,0.0,0.303,1184,2400,1088,0,0,0,0,0.0,0.4578,nan,edge/x86_64,unknown,3.12.3,2026-10-09T18:41:14Z
37,ML-KEM-768,post-quantum,3,decapsulate,0.0309,0.0,0.0,0.303,1184,2400,1088,0,0,0,0,0.0,0.4632,nan,edge/x86_64,unknown,3.12.3,2026-10-09T18:41:14Z
38,ML-KEM-768,post-quantum,3,keygen,0.0312,0.0,0.0,0.303,1184,2400,1088,0,0,0,0,0.0,0.4687,nan,edge/x86_64,unknown,3.12.3,2026-10-09T18:41:14Z
38,ML-KEM-768,post-quantum,3,encapsulate,0.0314,0.0,0.0,0.303,1184,2400,1088,0,0,0,0,0.0,0.4706,nan,edge/x86_64,unknown,3.12.3,2026-10-09T18:41:14Z
38,ML-KEM-768,post-quantum,3,decapsulate,0.0306,0.0,0.0,0.303,1184,2400,1088,0,0,0,0,0.0,0.4583,nan,edge/x86_64,unknown,3.12.3,2026-10-09T18:41:14Z
39,ML-KEM-768,post-quantum,3,keygen,0.0307,0.0,0.0,0.303,1184,2400,1088,0,0,0,0,0.0,0.461,nan,edge/x86_64,unknown,3.12.3,2026-10-09T18:41:14Z
39,ML-KEM-768,post-quantum,3,encapsulate,0.0444,0.0,0.0,0.303,1184,2400,1088,0,0,0,0,0.0,0.6663,nan,edge/x86_64,unknown,3.12.3,2026-10-09T18:41:14Z
39,ML-KEM-768,post-quantum,3,decapsulate,0.0339,0.0,0.0,0.303,1184,2400,1088,0,0,0,0,0.0,0.5081,nan,edge/x86_64,unknown,3.12.3,2026-10-09T18:41:14Z
40,ML-KEM-768,post-quantum,3,keygen,0.0398,0.0,0.0,0.303,1184,2400,1088,0,0,0,0,0.0,0.5972,nan,edge/x86_64,unknown,3.12.3,2026-10-09T18:41:14Z
40,ML-KEM-768,post-quantum,3,encapsulate,0.0322,0.0,0.0,0.303,1184,2400,1088,0,0,0,0,0.0,0.4828,nan,edge/x86_64,unknown,3.12.3,2026-10-09T18:41:14Z
40,ML-KEM-768,post-quantum,3,decapsulate,0.0322,0.0,0.0,0.303,1184,2400,1088,0,0,0,0,0.0,0.4826,nan,edge/x86_64,unknown,3.12.3,2026-10-09T18:41:14Z
41,ML-KEM-768,post-quantum,3,keygen,0.031,0.0,0.0,0.303,1184,2400,1088,0,0,0,0,0.0,0.4647,nan,edge/x86_64,unknown,3.12.3,2026-10-09T18:41:14Z
41,ML-KEM-768,post-quantum,3,encapsulate,0.0322,0.0,0.0,0.303,1184,2400,1088,0,0,0,0,0.0,0.4824,nan,edge/x86_64,unknown,3.12.3,2026-10-09T18:41:14Z
41,ML-KEM-768,post-quantum,3,decapsulate,0.0328,0.0,0.0,0.303,1184,2400,1088,0,0,0,0,0.0,0.4921,nan,edge/x86_64,unknown,3.12.3,2026-10-09T18:41:14Z
42,ML-KEM-768,post-quantum,3,keygen,0.0316,0.0,0.0,0.303,1184,2400,1088,0,0,0,0,0.0,0.4738,nan,edge/x86_64,unknown,3.12.3,2026-10-09T18:41:14Z
42,ML-KEM-768,post-quantum,3,encapsulate,0.0509,0.0,0.0,0.303,1184,2400,1088,0,0,0,0,0.0,0.7635,nan,edge/x86_64,unknown,3.12.3,2026-10-09T18:41:14Z
42,ML-KEM-768,post-quantum,3,decapsulate,0.0321,0.0,0.0,0.303,1184,2400,1088,0,0,0,0,0.0,0.4812,nan,edge/x86_64,unknown,3.12.3,2026-10-09T18:41:14Z
43,ML-KEM-768,post-quantum,3,keygen,0.0321,0.0,0.0,0.303,1184,2400,1088,0,0,0,0,0.0,0.4813,nan,edge/x86_64,unknown,3.12.3,2026-10-09T18:41:14Z
43,ML-KEM-768,post-quantum,3,encapsulate,0.0316,0.0,0.0,0.303,1184,2400,1088,0,0,0,0,0.0,0.4739,nan,edge/x86_64,unknown,3.12.3,2026-10-09T18:41:14Z
43,ML-KEM-768,post-quantum,3,decapsulate,0.0687,0.0,0.0,0.303,1184,2400,1088,0,0,0,0,0.0,1.0308,nan,edge/x86_64,unknown,3.12.3,2026-10-09T18:41:14Z
44,ML-KEM-768,post-quantum,3,keygen,0.0353,0.0,0.0,0.303,1184,2400,1088,0,0,0,0,0.0,0.5291,nan,edge/x86_64,unknown,3.12.3,2026-10-09T18:41:14Z
44,ML-KEM-768,post-quantum,3,encapsulate,0.0321,0.0,0.0,0.303,1184,2400,1088,0,0,0,0,0.0,0.4811,nan,edge/x86_64,unknown,3.12.3,2026-10-09T18:41:14Z
44,ML-KEM-768,post-quantum,3,decapsulate,0.0322,0.0,0.0,0.303,1184,2400,1088,0,0,0,0,0.0,0.4835,nan,edge/x86_64,unknown,3.12.3,2026-10-09T18:41:14Z
45,ML-KEM-768,post-quantum,3,keygen,0.0313,0.0,0.0,0.303,1184,2400,1088,0,0,0,0,0.0,0.4689,nan,edge/x86_64,unknown,3.12.3,2026-10-09T18:41:14Z
45,ML-KEM-768,post-quantum,3,encapsulate,0.0314,0.0,0.0,0.303,1184,2400,1088,0,0,0,0,0.0,0.4706,nan,edge/x86_64,unknown,3.12.3,2026-10-09T18:41:14Z
45,ML-KEM-768,post-quantum,3,decapsulate,0.0311,0.0,0.0,0.303,1184,2400,1088,0,0,0,0,0.0,0.4669,nan,edge/x86_64,unknown,3.12.3,2026-10-09T18:41:14Z
46,ML-KEM-768,post-quantum,3,keygen,0.0341,0.0,0.0,0.303,1184,2400,1088,0,0,0,0,0.0,0.5122,nan,edge/x86_64,unknown,3.12.3,2026-10-09T18:41:14Z
46,ML-KEM-768,post-quantum,3,encapsulate,0.0312,0.0,0.0,0.303,1184,2400,1088,0,0,0,0,0.0,0.4683,nan,edge/x86_64,unknown,3.12.3,2026-10-09T18:41:14Z
46,ML-KEM-768,post-quantum,3,decapsulate,0.031,0.0,0.0,0.303,1184,2400,1088,0,0,0,0,0.0,0.4651,nan,edge/x86_64,unknown,3.12.3,2026-10-09T18:41:14Z
47,ML-KEM-768,post-quantum,3,keygen,0.0319,0.0,0.0,0.303,1184,2400,1088,0,0,0,0,0.0,0.4778,nan,edge/x86_64,unknown,3.12.3,2026-10-09T18:41:14Z
47,ML-KEM-768,post-quantum,3,encapsulate,0.0342,0.0,0.0,0.303,1184,2400,1088,0,0,0,0,0.0,0.5137,nan,edge/x86_64,unknown,3.12.3,2026-10-09T18:41:14Z
47,ML-KEM-768,post-quantum,3,decapsulate,0.0361,0.0,0.0,0.303,1184,2400,1088,0,0,0,0,0.0,0.5418,nan,edge/x86_64,unknown,3.12.3,2026-10-09T18:41:14Z
48,ML-KEM-768,post-quantum,3,keygen,0.0312,0.0,0.0,0.303,1184,2400,1088,0,0,0,0,0.0,0.4677,nan,edge/x86_64,unknown,3.12.3,2026-10-09T18:41:14Z
48,ML-KEM-768,post-quantum,3,encapsulate,0.031,0.0,0.0,0.303,1184,2400,1088,0,0,0,0,0.0,0.4648,nan,edge/x86_64,unknown,3.12.3,2026-10-09T18:41:14Z
48,ML-KEM-768,post-quantum,3,decapsulate,0.0309,0.0,0.0,0.303,1184,2400,1088,0,0,0,0,0.0,0.4635,nan,edge/x86_64,unknown,3.12.3,2026-10-09T18:41:14Z
49,ML-KEM-768,post-quantum,3,keygen,0.0308,0.0,0.0,0.303,1184,2400,1088,0,0,0,0,0.0,0.4623,nan,edge/x86_64,unknown,3.12.3,2026-10-09T18:41:14Z
49,ML-KEM-768,post-quantum,3,encapsulate,0.0307,0.0,0.0,0.303,1184,2400,1088,0,0,0,0,0.0,0.4601,nan,edge/x86_64,unknown,3.12.3,2026-10-09T18:41:14Z
49,ML-KEM-768,post-quantum,3,decapsulate,0.031,0.0,0.0,0.303,1184,2400,1088,0,0,0,0,0.0,0.4652,nan,edge/x86_64,unknown,3.12.3,2026-10-09T18:41:14Z
50,ML-KEM-768,post-quantum,3,keygen,0.0311,0.0,0.0,0.303,1184,2400,1088,0,0,0,0,0.0,0.4665,nan,edge/x86_64,unknown,3.12.3,2026-10-09T18:41:14Z
50,ML-KEM-768,post-quantum,3,encapsulate,0.0312,0.0,0.0,0.303,1184,2400,1088,0,0,0,0,0.0,0.4679,nan,edge/x86_64,unknown,3.12.3,2026-10-09T18:41:14Z
50,ML-KEM-768,post-quantum,3,decapsulate,0.031,0.0,0.0,0.303,1184,2400,1088,0,0,0,0,0.0,0.465,nan,edge/x86_64,unknown,3.12.3,2026-10-09T18:41:14Z
51,ML-KEM-768,post-quantum,3,keygen,0.0433,0.0,0.0,0.303,1184,2400,1088,0,0,0,0,0.0,0.6489,nan,edge/x86_64,unknown,3.12.3,2026-10-09T18:41:14Z
51,ML-KEM-768,post-quantum,3,encapsulate,0.0318,0.0,0.0,0.303,1184,2400,1088,0,0,0,0,0.0,0.4768,nan,edge/x86_64,unknown,3.12.3,2026-10-09T18:41:14Z
51,ML-KEM-768,post-quantum,3,decapsulate,0.0316,0.0,0.0,0.303,1184,2400,1088,0,0,0,0,0.0,0.4738,nan,edge/x86_64,unknown,3.12.3,2026-10-09T18:41:14Z
52,ML-KEM-768,post-quantum,3,keygen,0.0379,0.0,0.0,0.303,1184,2400,1088,0,0,0,0,0.0,0.5692,nan,edge/x86_64,unknown,3.12.3,2026-10-09T18:41:14Z
52,ML-KEM-768,post-quantum,3,encapsulate,0.032,0.0,0.0,0.303,1184,2400,1088,0,0,0,0,0.0,0.4802,nan,edge/x86_64,unknown,3.12.3,2026-10-09T18:41:14Z
52,ML-KEM-768,post-quantum,3,decapsulate,0.0316,0.0,0.0,0.303,1184,2400,1088,0,0,0,0,0.0,0.4739,nan,edge/x86_64,unknown,3.12.3,2026-10-09T18:41:14Z
53,ML-KEM-768,post-quantum,3,keygen,0.031,0.0,0.0,0.303,1184,2400,1088,0,0,0,0,0.0,0.4653,nan,edge/x86_64,unknown,3.12.3,2026-10-09T18:41:14Z
53,ML-KEM-768,post-quantum,3,encapsulate,0.0331,0.0,0.0,0.303,1184,2400,1088,0,0,0,0,0.0,0.4958,nan,edge/x86_64,unknown,3.12.3,2026-10-09T18:41:14Z
53,ML-KEM-768,post-quantum,3,decapsulate,0.031,0.0,0.0,0.303,1184,2400,1088,0,0,0,0,0.0,0.4648,nan,edge/x86_64,unknown,3.12.3,2026-10-09T18:41:14Z
54,ML-KEM-768,post-quantum,3,keygen,0.0313,0.0,0.0,0.303,1184,2400,1088,0,0,0,0,0.0,0.4696,nan,edge/x86_64,unknown,3.12.3,2026-10-09T18:41:14Z
54,ML-KEM-768,post-quantum,3,encapsulate,0.0313,0.0,0.0,0.303,1184,2400,1088,0,0,0,0,0.0,0.4689,nan,edge/x86_64,unknown,3.12.3,2026-10-09T18:41:14Z
54,ML-KEM-768,post-quantum,3,decapsulate,0.0309,0.0,0.0,0.303,1184,2400,1088,0,0,0,0,0.0,0.4641,nan,edge/x86_64,unknown,3.12.3,2026-10-09T18:41:14Z
55,ML-KEM-768,post-quantum,3,keygen,0.0306,0.0,0.0,0.303,1184,2400,1088,0,0,0,0,0.0,0.4592,nan,edge/x86_64,unknown,3.12.3,2026-10-09T18:41:14Z
55,ML-KEM-768,post-quantum,3,encapsulate,0.031,0.0,0.0,0.303,1184,2400,1088,0,0,0,0,0.0,0.4647,nan,edge/x86_64,unknown,3.12.3,2026-10-09T18:41:14Z
55,ML-KEM-768,post-quantum,3,decapsulate,0.0313,0.0,0.0,0.303,1184,2400,1088,0,0,0,0,0.0,0.4702,nan,edge/x86_64,unknown,3.12.3,2026-10-09T18:41:14Z
56,ML-KEM-768,post-quantum,3,keygen,0.0335,0.0,0.0,0.303,1184,2400,1088,0,0,0,0,0.0,0.5023,nan,edge/x86_64,unknown,3.12.3,2026-10-09T18:41:14Z
56,ML-KEM-768,post-quantum,3,encapsulate,0.0313,0.0,0.0,0.303,1184,2400,1088,0,0,0,0,0.0,0.4691,nan,edge/x86_64,unknown,3.12.3,2026-10-09T18:41:14Z
56,ML-KEM-768,post-quantum,3,decapsulate,0.0308,0.0,0.0,0.303,1184,2400,1088,0,0,0,0,0.0,0.4613,nan,edge/x86_64,unknown,3.12.3,2026-10-09T18:41:14Z
57,ML-KEM-768,post-quantum,3,keygen,0.0306,0.0,0.0,0.303,1184,2400,1088,0,0,0,0,0.0,0.4595,nan,edge/x86_64,unknown,3.12.3,2026-10-09T18:41:14Z
57,ML-KEM-768,post-quantum,3,encapsulate,0.031,0.0,0.0,0.303,1184,2400,1088,0,0,0,0,0.0,0.4651,nan,edge/x86_64,unknown,3.12.3,2026-10-09T18:41:14Z
57,ML-KEM-768,post-quantum,3,decapsulate,0.0308,0.0,0.0,0.303,1184,2400,1088,0,0,0,0,0.0,0.4622,nan,edge/x86_64,unknown,3.12.3,2026-10-09T18:41:14Z
58,ML-KEM-768,post-quantum,3,keygen,0.0308,0.0,0.0,0.303,1184,2400,1088,0,0,0,0,0.0,0.462,nan,edge/x86_64,unknown,3.12.3,2026-10-09T18:41:14Z
58,ML-KEM-768,post-quantum,3,encapsulate,0.0306,0.0,0.0,0.303,1184,2400,1088,0,0,0,0,0.0,0.4587,nan,edge/x86_64,unknown,3.12.3,2026-10-09T18:41:14Z
58,ML-KEM-768,post-quantum,3,decapsulate,0.1646,0.0,0.0,0.303,1184,2400,1088,0,0,0,0,0.0,2.4688,nan,edge/x86_64,unknown,3.12.3,2026-10-09T18:41:14Z
59,ML-KEM-768,post-quantum,3,keygen,0.053,0.0,0.0,0.303,1184,2400,1088,0,0,0,0,0.0,0.7948,nan,edge/x86_64,unknown,3.12.3,2026-10-09T18:41:14Z
59,ML-KEM-768,post-quantum,3,encapsulate,0.0374,0.0,0.0,0.303,1184,2400,1088,0,0,0,0,0.0,0.5617,nan,edge/x86_64,unknown,3.12.3,2026-10-09T18:41:14Z
59,ML-KEM-768,post-quantum,3,decapsulate,0.0495,0.0,0.0,0.303,1184,2400,1088,0,0,0,0,0.0,0.742,nan,edge/x86_64,unknown,3.12.3,2026-10-09T18:41:14Z
60,ML-KEM-768,post-quantum,3,keygen,0.0332,0.0,0.0,0.303,1184,2400,1088,0,0,0,0,0.0,0.4973,nan,edge/x86_64,unknown,3.12.3,2026-10-09T18:41:14Z
60,ML-KEM-768,post-quantum,3,encapsulate,0.0322,0.0,0.0,0.303,1184,2400,1088,0,0,0,0,0.0,0.4835,nan,edge/x86_64,unknown,3.12.3,2026-10-09T18:41:14Z
60,ML-KEM-768,post-quantum,3,decapsulate,0.0326,0.0,0.0,0.303,1184,2400,1088,0,0,0,0,0.0,0.4894,nan,edge/x86_64,unknown,3.12.3,2026-10-09T18:41:14Z
61,ML-KEM-768,post-quantum,3,keygen,0.0317,0.0,0.0,0.303,1184,2400,1088,0,0,0,0,0.0,0.4762,nan,edge/x86_64,unknown,3.12.3,2026-10-09T18:41:14Z
61,ML-KEM-768,post-quantum,3,encapsulate,0.0314,0.0,0.0,0.303,1184,2400,1088,0,0,0,0,0.0,0.4709,nan,edge/x86_64,unknown,3.12.3,2026-10-09T18:41:14Z
61,ML-KEM-768,post-quantum,3,decapsulate,0.0315,0.0,0.0,0.303,1184,2400,1088,0,0,0,0,0.0,0.4723,nan,edge/x86_64,unknown,3.12.3,2026-10-09T18:41:14Z
62,ML-KEM-768,post-quantum,3,keygen,0.0431,0.0,0.0,0.303,1184,2400,1088,0,0,0,0,0.0,0.6465,nan,edge/x86_64,unknown,3.12.3,2026-10-09T18:41:14Z
62,ML-KEM-768,post-quantum,3,encapsulate,0.0363,0.0,0.0,0.303,1184,2400,1088,0,0,0,0,0.0,0.5439,nan,edge/x86_64,unknown,3.12.3,2026-10-09T18:41:14Z
62,ML-KEM-768,post-quantum,3,decapsulate,0.0321,0.0,0.0,0.303,1184,2400,1088,0,0,0,0,0.0,0.4808,nan,edge/x86_64,unknown,3.12.3,2026-10-09T18:41:14Z
63,ML-KEM-768,post-quantum,3,keygen,0.0315,0.0,0.0,0.303,1184,2400,1088,0,0,0,0,0.0,0.472,nan,edge/x86_64,unknown,3.12.3,2026-10-09T18:41:14Z
63,ML-KEM-768,post-quantum,3,encapsulate,0.031,0.0,0.0,0.303,1184,2400,1088,0,0,0,0,0.0,0.4651,nan,edge/x86_64,unknown,3.12.3,2026-10-09T18:41:14Z
63,ML-KEM-768,post-quantum,3,decapsulate,0.0311,0.0,0.0,0.303,1184,2400,1088,0,0,0,0,0.0,0.4661,nan,edge/x86_64,unknown,3.12.3,2026-10-09T18:41:14Z
64,ML-KEM-768,post-quantum,3,keygen,0.0309,0.0,0.0,0.303,1184,2400,1088,0,0,0,0,0.0,0.463,nan,edge/x86_64,unknown,3.12.3,2026-10-09T18:41:14Z
64,ML-KEM-768,post-quantum,3,encapsulate,0.0316,0.0,0.0,0.303,1184,2400,1088,0,0,0,0,0.0,0.4747,nan,edge/x86_64,unknown,3.12.3,2026-10-09T18:41:14Z
64,ML-KEM-768,post-quantum,3,decapsulate,0.033,0.0,0.0,0.303,1184,2400,1088,0,0,0,0,0.0,0.4955,nan,edge/x86_64,unknown,3.12.3,2026-10-09T18:41:14Z
65,ML-KEM-768,post-quantum,3,keygen,0.0311,0.0,0.0,0.303,1184,2400,1088,0,0,0,0,0.0,0.4672,nan,edge/x86_64,unknown,3.12.3,2026-10-09T18:41:14Z
65,ML-KEM-768,post-quantum,3,encapsulate,0.0325,0.0,0.0,0.303,1184,2400,1088,0,0,0,0,0.0,0.487,nan,edge/x86_64,unknown,3.12.3,2026-10-09T18:41:14Z
65,ML-KEM-768,post-quantum,3,decapsulate,0.0306,0.0,0.0,0.303,1184,2400,1088,0,0,0,0,0.0,0.4594,nan,edge/x86_64,unknown,3.12.3,2026-10-09T18:41:14Z
66,ML-KEM-768,post-quantum,3,keygen,0.0376,0.0,0.0,0.303,1184,2400,1088,0,0,0,0,0.0,0.5636,nan,edge/x86_64,unknown,3.12.3,2026-10-09T18:41:14Z
66,ML-KEM-768,post-quantum,3,encapsulate,0.0323,0.0,0.0,0.303,1184,2400,1088,0,0,0,0,0.0,0.484,nan,edge/x86_64,unknown,3.12.3,2026-10-09T18:41:14Z
66,ML-KEM-768,post-quantum,3,decapsulate,0.0325,0.0,0.0,0.303,1184,2400,1088,0,0,0,0,0.0,0.4869,nan,edge/x86_64,unknown,3.12.3,2026-10-09T18:41:14Z
67,ML-KEM-768,post-quantum,3,keygen,0.0344,0.0,0.0,0.303,1184,2400,1088,0,0,0,0,0.0,0.5159,nan,edge/x86_64,unknown,3.12.3,2026-10-09T18:41:14Z
67,ML-KEM-768,post-quantum,3,encapsulate,0.0318,0.0,0.0,0.303,1184,2400,1088,0,0,0,0,0.0,0.4763,nan,edge/x86_64,unknown,3.12.3,2026-10-09T18:41:14Z
67,ML-KEM-768,post-quantum,3,decapsulate,0.0308,0.0,0.0,0.303,1184,2400,1088,0,0,0,0,0.0,0.4614,nan,edge/x86_64,unknown,3.12.3,2026-10-09T18:41:14Z
68,ML-KEM-768,post-quantum,3,keygen,0.0306,0.0,0.0,0.303,1184,2400,1088,0,0,0,0,0.0,0.459,nan,edge/x86_64,unknown,3.12.3,2026-10-09T18:41:14Z
68,ML-KEM-768,post-quantum,3,encapsulate,0.0357,0.0,0.0,0.303,1184,2400,1088,0,0,0,0,0.0,0.5355,nan,edge/x86_64,unknown,3.12.3,2026-10-09T18:41:14Z
68,ML-KEM-768,post-quantum,3,decapsulate,0.031,0.0,0.0,0.303,1184,2400,1088,0,0,0,0,0.0,0.465,nan,edge/x86_64,unknown,3.12.3,2026-10-09T18:41:14Z
69,ML-KEM-768,post-quantum,3,keygen,0.0308,0.0,0.0,0.303,1184,2400,1088,0,0,0,0,0.0,0.4614,nan,edge/x86_64,unknown,3.12.3,2026-10-09T18:41:14Z
69,ML-KEM-768,post-quantum,3,encapsulate,0.0464,0.0,0.0,0.303,1184,2400,1088,0,0,0,0,0.0,0.6962,nan,edge/x86_64,unknown,3.12.3,2026-10-09T18:41:14Z
69,ML-KEM-768,post-quantum,3,decapsulate,0.0315,0.0,0.0,0.303,1184,2400,1088,0,0,0,0,0.0,0.4719,nan,edge/x86_64,unknown,3.12.3,2026-10-09T18:41:14Z
70,ML-KEM-768,post-quantum,3,keygen,0.0309,0.0,0.0,0.303,1184,2400,1088,0,0,0,0,0.0,0.4636,nan,edge/x86_64,unknown,3.12.3,2026-10-09T18:41:14Z
70,ML-KEM-768,post-quantum,3,encapsulate,0.0308,0.0,0.0,0.303,1184,2400,1088,0,0,0,0,0.0,0.4618,nan,edge/x86_64,unknown,3.12.3,2026-10-09T18:41:14Z
70,ML-KEM-768,post-quantum,3,decapsulate,0.0305,0.0,0.0,0.303,1184,2400,1088,0,0,0,0,0.0,0.4574,nan,edge/x86_64,unknown,3.12.3,2026-10-09T18:41:14Z
71,ML-KEM-768,post-quantum,3,keygen,0.0303,0.0,0.0,0.303,1184,2400,1088,0,0,0,0,0.0,0.4549,nan,edge/x86_64,unknown,3.12.3,2026-10-09T18:41:14Z
71,ML-KEM-768,post-quantum,3,encapsulate,0.0314,0.0,0.0,0.303,1184,2400,1088,0,0,0,0,0.0,0.4715,nan,edge/x86_64,unknown,3.12.3,2026-10-09T18:41:14Z
71,ML-KEM-768,post-quantum,3,decapsulate,0.0318,0.0,0.0,0.303,1184,2400,1088,0,0,0,0,0.0,0.4776,nan,edge/x86_64,unknown,3.12.3,2026-10-09T18:41:14Z
72,ML-KEM-768,post-quantum,3,keygen,0.0331,0.0,0.0,0.303,1184,2400,1088,0,0,0,0,0.0,0.4962,nan,edge/x86_64,unknown,3.12.3,2026-10-09T18:41:14Z
72,ML-KEM-768,post-quantum,3,encapsulate,0.0308,0.0,0.0,0.303,1184,2400,1088,0,0,0,0,0.0,0.4618,nan,edge/x86_64,unknown,3.12.3,2026-10-09T18:41:14Z
72,ML-KEM-768,post-quantum,3,decapsulate,0.031,0.0,0.0,0.303,1184,2400,1088,0,0,0,0,0.0,0.465,nan,edge/x86_64,unknown,3.12.3,2026-10-09T18:41:14Z
73,ML-KEM-768,post-quantum,3,keygen,0.031,0.0,0.0,0.303,1184,2400,1088,0,0,0,0,0.0,0.4644,nan,edge/x86_64,unknown,3.12.3,2026-10-09T18:41:14Z
73,ML-KEM-768,post-quantum,3,encapsulate,0.0363,0.0,0.0,0.303,1184,2400,1088,0,0,0,0,0.0,0.5438,nan,edge/x86_64,unknown,3.12.3,2026-10-09T18:41:14Z
73,ML-KEM-768,post-quantum,3,decapsulate,0.0311,0.0,0.0,0.303,1184,2400,1088,0,0,0,0,0.0,0.4672,nan,edge/x86_64,unknown,3.12.3,2026-10-09T18:41:14Z
74,ML-KEM-768,post-quantum,3,keygen,0.032,0.0,0.0,0.303,1184,2400,1088,0,0,0,0,0.0,0.4799,nan,edge/x86_64,unknown,3.12.3,2026-10-09T18:41:14Z
74,ML-KEM-768,post-quantum,3,encapsulate,0.043,0.0,0.0,0.303,1184,2400,1088,0,0,0,0,0.0,0.6452,nan,edge/x86_64,unknown,3.12.3,2026-10-09T18:41:14Z
74,ML-KEM-768,post-quantum,3,decapsulate,0.0319,0.0,0.0,0.303,1184,2400,1088,0,0,0,0,0.0,0.4783,nan,edge/x86_64,unknown,3.12.3,2026-10-09T18:41:14Z
75,ML-KEM-768,post-quantum,3,keygen,0.0311,0.0,0.0,0.303,1184,2400,1088,0,0,0,0,0.0,0.4659,nan,edge/x86_64,unknown,3.12.3,2026-10-09T18:41:14Z
75,ML-KEM-768,post-quantum,3,encapsulate,0.0307,0.0,0.0,0.303,1184,2400,1088,0,0,0,0,0.0,0.4605,nan,edge/x86_64,unknown,3.12.3,2026-10-09T18:41:14Z
75,ML-KEM-768,post-quantum,3,decapsulate,0.0307,0.0,0.0,0.303,1184,2400,1088,0,0,0,0,0.0,0.4599,nan,edge/x86_64,unknown,3.12.3,2026-10-09T18:41:14Z
76,ML-KEM-768,post-quantum,3,keygen,0.0366,0.0,0.0,0.303,1184,2400,1088,0,0,0,0,0.0,0.5497,nan,edge/x86_64,unknown,3.12.3,2026-10-09T18:41:14Z
76,ML-KEM-768,post-quantum,3,encapsulate,0.0323,0.0,0.0,0.303,1184,2400,1088,0,0,0,0,0.0,0.4847,nan,edge/x86_64,unknown,3.12.3,2026-10-09T18:41:14Z
76,ML-KEM-768,post-quantum,3,decapsulate,0.031,0.0,0.0,0.303,1184,2400,1088,0,0,0,0,0.0,0.4654,nan,edge/x86_64,unknown,3.12.3,2026-10-09T18:41:14Z
77,ML-KEM-768,post-quantum,3,keygen,0.031,0.0,0.0,0.303,1184,2400,1088,0,0,0,0,0.0,0.4649,nan,edge/x86_64,unknown,3.12.3,2026-10-09T18:41:14Z
77,ML-KEM-768,post-quantum,3,encapsulate,0.0329,0.0,0.0,0.303,1184,2400,1088,0,0,0,0,0.0,0.4936,nan,edge/x86_64,unknown,3.12.3,2026-10-09T18:41:14Z
77,ML-KEM-768,post-quantum,3,decapsulate,0.0307,0.0,0.0,0.303,1184,2400,1088,0,0,0,0,0.0,0.4598,nan,edge/x86_64,unknown,3.12.3,2026-10-09T18:41:14Z
78,ML-KEM-768,post-quantum,3,keygen,0.0307,0.0,0.0,0.303,1184,2400,1088,0,0,0,0,0.0,0.461,nan,edge/x86_64,unknown,3.12.3,2026-10-09T18:41:14Z
78,ML-KEM-768,post-quantum,3,encapsulate,0.0304,0.0,0.0,0.303,1184,2400,1088,0,0,0,0,0.0,0.4563,nan,edge/x86_64,unknown,3.12.3,2026-10-09T18:41:14Z
78,ML-KEM-768,post-quantum,3,decapsulate,0.0307,0.0,0.0,0.303,1184,2400,1088,0,0,0,0,0.0,0.4612,nan,edge/x86_64,unknown,3.12.3,2026-10-09T18:41:14Z
79,ML-KEM-768,post-quantum,3,keygen,0.0308,0.0,0.0,0.303,1184,2400,1088,0,0,0,0,0.0,0.4626,nan,edge/x86_64,unknown,3.12.3,2026-10-09T18:41:14Z
79,ML-KEM-768,post-quantum,3,encapsulate,0.0573,0.0,0.0,0.303,1184,2400,1088,0,0,0,0,0.0,0.8593,nan,edge/x86_64,unknown,3.12.3,2026-10-09T18:41:14Z
79,ML-KEM-768,post-quantum,3,decapsulate,0.0376,0.0,0.0,0.303,1184,2400,1088,0,0,0,0,0.0,0.5641,nan,edge/x86_64,unknown,3.12.3,2026-10-09T18:41:14Z
80,ML-KEM-768,post-quantum,3,keygen,0.032,0.0,0.0,0.303,1184,2400,1088,0,0,0,0,0.0,0.4794,nan,edge/x86_64,unknown,3.12.3,2026-10-09T18:41:14Z
80,ML-KEM-768,post-quantum,3,encapsulate,0.0308,0.0,0.0,0.303,1184,2400,1088,0,0,0,0,0.0,0.4625,nan,edge/x86_64,unknown,3.12.3,2026-10-09T18:41:14Z
80,ML-KEM-768,post-quantum,3,decapsulate,0.0306,0.0,0.0,0.303,1184,2400,1088,0,0,0,0,0.0,0.4594,nan,edge/x86_64,unknown,3.12.3,2026-10-09T18:41:14Z
81,ML-KEM-768,post-quantum,3,keygen,0.0302,0.0,0.0,0.303,1184,2400,1088,0,0,0,0,0.0,0.4534,nan,edge/x86_64,unknown,3.12.3,2026-10-09T18:41:14Z
81,ML-KEM-768,post-quantum,3,encapsulate,0.0302,0.0,0.0,0.303,1184,2400,1088,0,0,0,0,0.0,0.4526,nan,edge/x86_64,unknown,3.12.3,2026-10-09T18:41:14Z
81,ML-KEM-768,post-quantum,3,decapsulate,0.0314,0.0,0.0,0.303,1184,2400,1088,0,0,0,0,0.0,0.4715,nan,edge/x86_64,unknown,3.12.3,2026-10-09T18:41:14Z
82,ML-KEM-768,post-quantum,3,keygen,0.0351,0.0,0.0,0.303,1184,2400,1088,0,0,0,0,0.0,0.5259,nan,edge/x86_64,unknown,3.12.3,2026-10-09T18:41:14Z
82,ML-KEM-768,post-quantum,3,encapsulate,0.0309,0.0,0.0,0.303,1184,2400,1088,0,0,0,0,0.0,0.4635,nan,edge/x86_64,unknown,3.12.3,2026-10-09T18:41:14Z
82,ML-KEM-768,post-quantum,3,decapsulate,0.0308,0.0,0.0,0.303,1184,2400,1088,0,0,0,0,0.0,0.4621,nan,edge/x86_64,unknown,3.12.3,2026-10-09T18:41:14Z
83,ML-KEM-768,post-quantum,3,keygen,0.0308,0.0,0.0,0.303,1184,2400,1088,0,0,0,0,0.0,0.4623,nan,edge/x86_64,unknown,3.12.3,2026-10-09T18:41:14Z
83,ML-KEM-768,post-quantum,3,encapsulate,0.0316,0.0,0.0,0.303,1184,2400,1088,0,0,0,0,0.0,0.4746,nan,edge/x86_64,unknown,3.12.3,2026-10-09T18:41:14Z
83,ML-KEM-768,post-quantum,3,decapsulate,0.0308,0.0,0.0,0.303,1184,2400,1088,0,0,0,0,0.0,0.4617,nan,edge/x86_64,unknown,3.12.3,2026-10-09T18:41:14Z
84,ML-KEM-768,post-quantum,3,keygen,0.0308,0.0,0.0,0.303,1184,2400,1088,0,0,0,0,0.0,0.4614,nan,edge/x86_64,unknown,3.12.3,2026-10-09T18:41:14Z
84,ML-KEM-768,post-quantum,3,encapsulate,0.0501,0.0,0.0,0.303,1184,2400,1088,0,0,0,0,0.0,0.7513,nan,edge/x86_64,unknown,3.12.3,2026-10-09T18:41:14Z
84,ML-KEM-768,post-quantum,3,decapsulate,0.0315,0.0,0.0,0.303,1184,2400,1088,0,0,0,0,0.0,0.4718,nan,edge/x86_64,unknown,3.12.3,2026-10-09T18:41:14Z
85,ML-KEM-768,post-quantum,3,keygen,0.0312,0.0,0.0,0.303,1184,2400,1088,0,0,0,0,0.0,0.4687,nan,edge/x86_64,unknown,3.12.3,2026-10-09T18:41:14Z
85,ML-KEM-768,post-quantum,3,encapsulate,0.0306,0.0,0.0,0.303,1184,2400,1088,0,0,0,0,0.0,0.4594,nan,edge/x86_64,unknown,3.12.3,2026-10-09T18:41:14Z
85,ML-KEM-768,post-quantum,3,decapsulate,0.0306,0.0,0.0,0.303,1184,2400,1088,0,0,0,0,0.0,0.4586,nan,edge/x86_64,unknown,3.12.3,2026-10-09T18:41:14Z
86,ML-KEM-768,post-quantum,3,keygen,0.0363,0.0,0.0,0.303,1184,2400,1088,0,0,0,0,0.0,0.5442,nan,edge/x86_64,unknown,3.12.3,2026-10-09T18:41:14Z
86,ML-KEM-768,post-quantum,3,encapsulate,0.0334,0.0,0.0,0.303,1184,2400,1088,0,0,0,0,0.0,0.5009,nan,edge/x86_64,unknown,3.12.3,2026-10-09T18:41:14Z
86,ML-KEM-768,post-quantum,3,decapsulate,0.0311,0.0,0.0,0.303,1184,2400,1088,0,0,0,0,0.0,0.4667,nan,edge/x86_64,unknown,3.12.3,2026-10-09T18:41:14Z
87,ML-KEM-768,post-quantum,3,keygen,0.0308,0.0,0.0,0.303,1184,2400,1088,0,0,0,0,0.0,0.4618,nan,edge/x86_64,unknown,3.12.3,2026-10-09T18:41:14Z
87,ML-KEM-768,post-quantum,3,encapsulate,0.031,0.0,0.0,0.303,1184,2400,1088,0,0,0,0,0.0,0.4644,nan,edge/x86_64,unknown,3.12.3,2026-10-09T18:41:14Z
87,ML-KEM-768,post-quantum,3,decapsulate,0.031,0.0,0.0,0.303,1184,2400,1088,0,0,0,0,0.0,0.4653,nan,edge/x86_64,unknown,3.12.3,2026-10-09T18:41:14Z
88,ML-KEM-768,post-quantum,3,keygen,0.0306,0.0,0.0,0.303,1184,2400,1088,0,0,0,0,0.0,0.459,nan,edge/x86_64,unknown,3.12.3,2026-10-09T18:41:14Z
88,ML-KEM-768,post-quantum,3,encapsulate,0.0307,0.0,0.0,0.303,1184,2400,1088,0,0,0,0,0.0,0.461,nan,edge/x86_64,unknown,3.12.3,2026-10-09T18:41:14Z
88,ML-KEM-768,post-quantum,3,decapsulate,0.0305,0.0,0.0,0.303,1184,2400,1088,0,0,0,0,0.0,0.4573,nan,edge/x86_64,unknown,3.12.3,2026-10-09T18:41:14Z
89,ML-KEM-768,post-quantum,3,keygen,0.0309,0.0,0.0,0.303,1184,2400,1088,0,0,0,0,0.0,0.4629,nan,edge/x86_64,unknown,3.12.3,2026-10-09T18:41:14Z
89,ML-KEM-768,post-quantum,3,encapsulate,0.0377,0.0,0.0,0.303,1184,2400,1088,0,0,0,0,0.0,0.5651,nan,edge/x86_64,unknown,3.12.3,2026-10-09T18:41:14Z
89,ML-KEM-768,post-quantum,3,decapsulate,0.0313,0.0,0.0,0.303,1184,2400,1088,0,0,0,0,0.0,0.4688,nan,edge/x86_64,unknown,3.12.3,2026-10-09T18:41:14Z
90,ML-KEM-768,post-quantum,3,keygen,0.0311,0.0,0.0,0.303,1184,2400,1088,0,0,0,0,0.0,0.467,nan,edge/x86_64,unknown,3.12.3,2026-10-09T18:41:14Z
90,ML-KEM-768,post-quantum,3,encapsulate,0.0309,0.0,0.0,0.303,1184,2400,1088,0,0,0,0,0.0,0.4637,nan,edge/x86_64,unknown,3.12.3,2026-10-09T18:41:14Z
90,ML-KEM-768,post-quantum,3,decapsulate,0.0306,0.0,0.0,0.303,1184,2400,1088,0,0,0,0,0.0,0.4587,nan,edge/x86_64,unknown,3.12.3,2026-10-09T18:41:14Z
91,ML-KEM-768,post-quantum,3,keygen,0.0307,0.0,0.0,0.303,1184,2400,1088,0,0,0,0,0.0,0.4599,nan,edge/x86_64,unknown,3.12.3,2026-10-09T18:41:14Z
91,ML-KEM-768,post-quantum,3,encapsulate,0.0307,0.0,0.0,0.303,1184,2400,1088,0,0,0,0,0.0,0.4611,nan,edge/x86_64,unknown,3.12.3,2026-10-09T18:41:14Z
91,ML-KEM-768,post-quantum,3,decapsulate,0.0375,0.0,0.0,0.303,1184,2400,1088,0,0,0,0,0.0,0.562,nan,edge/x86_64,unknown,3.12.3,2026-10-09T18:41:14Z
92,ML-KEM-768,post-quantum,3,keygen,0.0324,0.0,0.0,0.303,1184,2400,1088,0,0,0,0,0.0,0.4855,nan,edge/x86_64,unknown,3.12.3,2026-10-09T18:41:14Z
92,ML-KEM-768,post-quantum,3,encapsulate,0.0311,0.0,0.0,0.303,1184,2400,1088,0,0,0,0,0.0,0.4668,nan,edge/x86_64,unknown,3.12.3,2026-10-09T18:41:14Z
92,ML-KEM-768,post-quantum,3,decapsulate,0.0316,0.0,0.0,0.303,1184,2400,1088,0,0,0,0,0.0,0.4734,nan,edge/x86_64,unknown,3.12.3,2026-10-09T18:41:14Z
93,ML-KEM-768,post-quantum,3,keygen,0.0314,0.0,0.0,0.303,1184,2400,1088,0,0,0,0,0.0,0.4704,nan,edge/x86_64,unknown,3.12.3,2026-10-09T18:41:14Z
93,ML-KEM-768,post-quantum,3,encapsulate,0.0312,0.0,0.0,0.303,1184,2400,1088,0,0,0,0,0.0,0.4673,nan,edge/x86_64,unknown,3.12.3,2026-10-09T18:41:14Z
93,ML-KEM-768,post-quantum,3,decapsulate,0.0306,0.0,0.0,0.303,1184,2400,1088,0,0,0,0,0.0,0.4597,nan,edge/x86_64,unknown,3.12.3,2026-10-09T18:41:14Z
94,ML-KEM-768,post-quantum,3,keygen,0.0307,0.0,0.0,0.303,1184,2400,1088,0,0,0,0,0.0,0.4609,nan,edge/x86_64,unknown,3.12.3,2026-10-09T18:41:14Z
94,ML-KEM-768,post-quantum,3,encapsulate,0.033,0.0,0.0,0.303,1184,2400,1088,0,0,0,0,0.0,0.4943,nan,edge/x86_64,unknown,3.12.3,2026-10-09T18:41:14Z
94,ML-KEM-768,post-quantum,3,decapsulate,0.0306,0.0,0.0,0.303,1184,2400,1088,0,0,0,0,0.0,0.4585,nan,edge/x86_64,unknown,3.12.3,2026-10-09T18:41:14Z
95,ML-KEM-768,post-quantum,3,keygen,0.031,0.0,0.0,0.303,1184,2400,1088,0,0,0,0,0.0,0.4643,nan,edge/x86_64,unknown,3.12.3,2026-10-09T18:41:14Z
95,ML-KEM-768,post-quantum,3,encapsulate,0.0321,0.0,0.0,0.303,1184,2400,1088,0,0,0,0,0.0,0.4811,nan,edge/x86_64,unknown,3.12.3,2026-10-09T18:41:14Z
95,ML-KEM-768,post-quantum,3,decapsulate,0.0573,0.0,0.0,0.303,1184,2400,1088,0,0,0,0,0.0,0.8601,nan,edge/x86_64,unknown,3.12.3,2026-10-09T18:41:14Z
96,ML-KEM-768,post-quantum,3,keygen,0.0342,0.0,0.0,0.303,1184,2400,1088,0,0,0,0,0.0,0.5125,nan,edge/x86_64,unknown,3.12.3,2026-10-09T18:41:14Z
96,ML-KEM-768,post-quantum,3,encapsulate,0.0315,0.0,0.0,0.303,1184,2400,1088,0,0,0,0,0.0,0.4721,nan,edge/x86_64,unknown,3.12.3,2026-10-09T18:41:14Z
96,ML-KEM-768,post-quantum,3,decapsulate,0.0379,0.0,0.0,0.303,1184,2400,1088,0,0,0,0,0.0,0.5688,nan,edge/x86_64,unknown,3.12.3,2026-10-09T18:41:14Z
97,ML-KEM-768,post-quantum,3,keygen,0.0429,0.0,0.0,0.303,1184,2400,1088,0,0,0,0,0.0,0.6435,nan,edge/x86_64,unknown,3.12.3,2026-10-09T18:41:14Z
97,ML-KEM-768,post-quantum,3,encapsulate,0.0313,0.0,0.0,0.303,1184,2400,1088,0,0,0,0,0.0,0.4699,nan,edge/x86_64,unknown,3.12.3,2026-10-09T18:41:14Z
97,ML-KEM-768,post-quantum,3,decapsulate,0.0312,0.0,0.0,0.303,1184,2400,1088,0,0,0,0,0.0,0.4675,nan,edge/x86_64,unknown,3.12.3,2026-10-09T18:41:14Z
98,ML-KEM-768,post-quantum,3,keygen,0.031,0.0,0.0,0.303,1184,2400,1088,0,0,0,0,0.0,0.4651,nan,edge/x86_64,unknown,3.12.3,2026-10-09T18:41:14Z
98,ML-KEM-768,post-quantum,3,encapsulate,0.0309,0.0,0.0,0.303,1184,2400,1088,0,0,0,0,0.0,0.4631,nan,edge/x86_64,unknown,3.12.3,2026-10-09T18:41:14Z
98,ML-KEM-768,post-quantum,3,decapsulate,0.035,0.0,0.0,0.303,1184,2400,1088,0,0,0,0,0.0,0.5248,nan,edge/x86_64,unknown,3.12.3,2026-10-09T18:41:14Z
99,ML-KEM-768,post-quantum,3,keygen,0.0344,0.0,0.0,0.303,1184,2400,1088,0,0,0,0,0.0,0.5167,nan,edge/x86_64,unknown,3.12.3,2026-10-09T18:41:14Z
99,ML-KEM-768,post-quantum,3,encapsulate,0.0312,0.0,0.0,0.303,1184,2400,1088,0,0,0,0,0.0,0.4684,nan,edge/x86_64,unknown,3.12.3,2026-10-09T18:41:14Z
99,ML-KEM-768,post-quantum,3,decapsulate,0.0306,0.0,0.0,0.303,1184,2400,1088,0,0,0,0,0.0,0.459,nan,edge/x86_64,unknown,3.12.3,2026-10-09T18:41:14Z
100,ML-KEM-768,post-quantum,3,keygen,0.0309,0.0,0.0,0.303,1184,2400,1088,0,0,0,0,0.0,0.4633,nan,edge/x86_64,unknown,3.12.3,2026-10-09T18:41:14Z
100,ML-KEM-768,post-quantum,3,encapsulate,0.0337,0.0,0.0,0.303,1184,2400,1088,0,0,0,0,0.0,0.5062,nan,edge/x86_64,unknown,3.12.3,2026-10-09T18:41:14Z
100,ML-KEM-768,post-quantum,3,decapsulate,0.031,0.0,0.0,0.303,1184,2400,1088,0,0,0,0,0.0,0.4646,nan,edge/x86_64,unknown,3.12.3,2026-10-09T18:41:14Z
101,ML-KEM-768,post-quantum,3,keygen,0.0311,0.0,0.0,0.303,1184,2400,1088,0,0,0,0,0.0,0.4661,nan,edge/x86_64,unknown,3.12.3,2026-10-09T18:41:14Z
101,ML-KEM-768,post-quantum,3,encapsulate,0.0319,0.0,0.0,0.303,1184,2400,1088,0,0,0,0,0.0,0.4788,nan,edge/x86_64,unknown,3.12.3,2026-10-09T18:41:14Z
101,ML-KEM-768,post-quantum,3,decapsulate,0.0321,0.0,0.0,0.303,1184,2400,1088,0,0,0,0,0.0,0.4809,nan,edge/x86_64,unknown,3.12.3,2026-10-09T18:41:14Z
102,ML-KEM-768,post-quantum,3,keygen,0.0315,0.0,0.0,0.303,1184,2400,1088,0,0,0,0,0.0,0.4721,nan,edge/x86_64,unknown,3.12.3,2026-10-09T18:41:14Z
102,ML-KEM-768,post-quantum,3,encapsulate,0.0313,0.0,0.0,0.303,1184,2400,1088,0,0,0,0,0.0,0.4688,nan,edge/x86_64,unknown,3.12.3,2026-10-09T18:41:14Z
102,ML-KEM-768,post-quantum,3,decapsulate,0.0305,0.0,0.0,0.303,1184,2400,1088,0,0,0,0,0.0,0.4578,nan,edge/x86_64,unknown,3.12.3,2026-10-09T18:41:14Z
103,ML-KEM-768,post-quantum,3,keygen,0.0305,0.0,0.0,0.303,1184,2400,1088,0,0,0,0,0.0,0.457,nan,edge/x86_64,unknown,3.12.3,2026-10-09T18:41:14Z
103,ML-KEM-768,post-quantum,3,encapsulate,0.0303,0.0,0.0,0.303,1184,2400,1088,0,0,0,0,0.0,0.4551,nan,edge/x86_64,unknown,3.12.3,2026-10-09T18:41:14Z
103,ML-KEM-768,post-quantum,3,decapsulate,0.031,0.0,0.0,0.303,1184,2400,1088,0,0,0,0,0.0,0.4646,nan,edge/x86_64,unknown,3.12.3,2026-10-09T18:41:14Z
104,ML-KEM-768,post-quantum,3,keygen,0.0331,0.0,0.0,0.303,1184,2400,1088,0,0,0,0,0.0,0.497,nan,edge/x86_64,unknown,3.12.3,2026-10-09T18:41:14Z
104,ML-KEM-768,post-quantum,3,encapsulate,0.0307,0.0,0.0,0.303,1184,2400,1088,0,0,0,0,0.0,0.4607,nan,edge/x86_64,unknown,3.12.3,2026-10-09T18:41:14Z
104,ML-KEM-768,post-quantum,3,decapsulate,0.0308,0.0,0.0,0.303,1184,2400,1088,0,0,0,0,0.0,0.4617,nan,edge/x86_64,unknown,3.12.3,2026-10-09T18:41:14Z
105,ML-KEM-768,post-quantum,3,keygen,0.0302,0.0,0.0,0.303,1184,2400,1088,0,0,0,0,0.0,0.4536,nan,edge/x86_64,unknown,3.12.3,2026-10-09T18:41:14Z
105,ML-KEM-768,post-quantum,3,encapsulate,0.0606,0.0,0.0,0.303,1184,2400,1088,0,0,0,0,0.0,0.9093,nan,edge/x86_64,unknown,3.12.3,2026-10-09T18:41:14Z
105,ML-KEM-768,post-quantum,3,decapsulate,0.0337,0.0,0.0,0.303,1184,2400,1088,0,0,0,0,0.0,0.5052,nan,edge/x86_64,unknown,3.12.3,2026-10-09T18:41:14Z
106,ML-KEM-768,post-quantum,3,keygen,0.0328,0.0,0.0,0.303,1184,2400,1088,0,0,0,0,0.0,0.4919,nan,edge/x86_64,unknown,3.12.3,2026-10-09T18:41:14Z
106,ML-KEM-768,post-quantum,3,encapsulate,0.0357,0.0,0.0,0.303,1184,2400,1088,0,0,0,0,0.0,0.5353,nan,edge/x86_64,unknown,3.12.3,2026-10-09T18:41:14Z
106,ML-KEM-768,post-quantum,3,decapsulate,0.0315,0.0,0.0,0.303,1184,2400,1088,0,0,0,0,0.0,0.4721,nan,edge/x86_64,unknown,3.12.3,2026-10-09T18:41:14Z
107,ML-KEM-768,post-quantum,3,keygen,0.0388,0.0,0.0,0.303,1184,2400,1088,0,0,0,0,0.0,0.5813,nan,edge/x86_64,unknown,3.12.3,2026-10-09T18:41:14Z
107,ML-KEM-768,post-quantum,3,encapsulate,0.0325,0.0,0.0,0.303,1184,2400,1088,0,0,0,0,0.0,0.4881,nan,edge/x86_64,unknown,3.12.3,2026-10-09T18:41:14Z
107,ML-KEM-768,post-quantum,3,decapsulate,0.0309,0.0,0.0,0.303,1184,2400,1088,0,0,0,0,0.0,0.4641,nan,edge/x86_64,unknown,3.12.3,2026-10-09T18:41:14Z
108,ML-KEM-768,post-quantum,3,keygen,0.0308,0.0,0.0,0.303,1184,2400,1088,0,0,0,0,0.0,0.4626,nan,edge/x86_64,unknown,3.12.3,2026-10-09T18:41:14Z
108,ML-KEM-768,post-quantum,3,encapsulate,0.0304,0.0,0.0,0.303,1184,2400,1088,0,0,0,0,0.0,0.4564,nan,edge/x86_64,unknown,3.12.3,2026-10-09T18:41:14Z
108,ML-KEM-768,post-quantum,3,decapsulate,0.0348,0.0,0.0,0.303,1184,2400,1088,0,0,0,0,0.0,0.5219,nan,edge/x86_64,unknown,3.12.3,2026-10-09T18:41:14Z
109,ML-KEM-768,post-quantum,3,keygen,0.0327,0.0,0.0,0.303,1184,2400,1088,0,0,0,0,0.0,0.4899,nan,edge/x86_64,unknown,3.12.3,2026-10-09T18:41:14Z
109,ML-KEM-768,post-quantum,3,encapsulate,0.0316,0.0,0.0,0.303,1184,2400,1088,0,0,0,0,0.0,0.4741,nan,edge/x86_64,unknown,3.12.3,2026-10-09T18:41:14Z
109,ML-KEM-768,post-quantum,3,decapsulate,0.0311,0.0,0.0,0.303,1184,2400,1088,0,0,0,0,0.0,0.4669,nan,edge/x86_64,unknown,3.12.3,2026-10-09T18:41:14Z
110,ML-KEM-768,post-quantum,3,keygen,0.0305,0.0,0.0,0.303,1184,2400,1088,0,0,0,0,0.0,0.4579,nan,edge/x86_64,unknown,3.12.3,2026-10-09T18:41:14Z
110,ML-KEM-768,post-quantum,3,encapsulate,0.0309,0.0,0.0,0.303,1184,2400,1088,0,0,0,0,0.0,0.4633,nan,edge/x86_64,unknown,3.12.3,2026-10-09T18:41:14Z
110,ML-KEM-768,post-quantum,3,decapsulate,0.0306,0.0,0.0,0.303,1184,2400,1088,0,0,0,0,0.0,0.4585,nan,edge/x86_64,unknown,3.12.3,2026-10-09T18:41:14Z
111,ML-KEM-768,post-quantum,3,keygen,0.0308,0.0,0.0,0.303,1184,2400,1088,0,0,0,0,0.0,0.4618,nan,edge/x86_64,unknown,3.12.3,2026-10-09T18:41:14Z
111,ML-KEM-768,post-quantum,3,encapsulate,0.0336,0.0,0.0,0.303,1184,2400,1088,0,0,0,0,0.0,0.5035,nan,edge/x86_64,unknown,3.12.3,2026-10-09T18:41:14Z
111,ML-KEM-768,post-quantum,3,decapsulate,0.0315,0.0,0.0,0.303,1184,2400,1088,0,0,0,0,0.0,0.4724,nan,edge/x86_64,unknown,3.12.3,2026-10-09T18:41:14Z
112,ML-KEM-768,post-quantum,3,keygen,0.0313,0.0,0.0,0.303,1184,2400,1088,0,0,0,0,0.0,0.4692,nan,edge/x86_64,unknown,3.12.3,2026-10-09T18:41:14Z
112,ML-KEM-768,post-quantum,3,encapsulate,0.031,0.0,0.0,0.303,1184,2400,1088,0,0,0,0,0.0,0.4654,nan,edge/x86_64,unknown,3.12.3,2026-10-09T18:41:14Z
112,ML-KEM-768,post-quantum,3,decapsulate,0.031,0.0,0.0,0.303,1184,2400,1088,0,0,0,0,0.0,0.4651,nan,edge/x86_64,unknown,3.12.3,2026-10-09T18:41:14Z
113,ML-KEM-768,post-quantum,3,keygen,0.0318,0.0,0.0,0.303,1184,2400,1088,0,0,0,0,0.0,0.4774,nan,edge/x86_64,unknown,3.12.3,2026-10-09T18:41:14Z
113,ML-KEM-768,post-quantum,3,encapsulate,0.0334,0.0,0.0,0.303,1184,2400,1088,0,0,0,0,0.0,0.5009,nan,edge/x86_64,unknown,3.12.3,2026-10-09T18:41:14Z
113,ML-KEM-768,post-quantum,3,decapsulate,0.0348,0.0,0.0,0.303,1184,2400,1088,0,0,0,0,0.0,0.5222,nan,edge/x86_64,unknown,3.12.3,2026-10-09T18:41:14Z
114,ML-KEM-768,post-quantum,3,keygen,0.0314,0.0,0.0,0.303,1184,2400,1088,0,0,0,0,0.0,0.4713,nan,edge/x86_64,unknown,3.12.3,2026-10-09T18:41:14Z
114,ML-KEM-768,post-quantum,3,encapsulate,0.0309,0.0,0.0,0.303,1184,2400,1088,0,0,0,0,0.0,0.4638,nan,edge/x86_64,unknown,3.12.3,2026-10-09T18:41:14Z
114,ML-KEM-768,post-quantum,3,decapsulate,0.0307,0.0,0.0,0.303,1184,2400,1088,0,0,0,0,0.0,0.4604,nan,edge/x86_64,unknown,3.12.3,2026-10-09T18:41:14Z
115,ML-KEM-768,post-quantum,3,keygen,0.0305,0.0,0.0,0.303,1184,2400,1088,0,0,0,0,0.0,0.4576,nan,edge/x86_64,unknown,3.12.3,2026-10-09T18:41:14Z
115,ML-KEM-768,post-quantum,3,encapsulate,0.054,0.0,0.0,0.303,1184,2400,1088,0,0,0,0,0.0,0.8094,nan,edge/x86_64,unknown,3.12.3,2026-10-09T18:41:14Z
115,ML-KEM-768,post-quantum,3,decapsulate,0.0418,0.0,0.0,0.303,1184,2400,1088,0,0,0,0,0.0,0.6263,nan,edge/x86_64,unknown,3.12.3,2026-10-09T18:41:14Z
116,ML-KEM-768,post-quantum,3,keygen,0.0333,0.0,0.0,0.303,1184,2400,1088,0,0,0,0,0.0,0.499,nan,edge/x86_64,unknown,3.12.3,2026-10-09T18:41:14Z
116,ML-KEM-768,post-quantum,3,encapsulate,0.0368,0.0,0.0,0.303,1184,2400,1088,0,0,0,0,0.0,0.5522,nan,edge/x86_64,unknown,3.12.3,2026-10-09T18:41:14Z
116,ML-KEM-768,post-quantum,3,decapsulate,0.0312,0.0,0.0,0.303,1184,2400,1088,0,0,0,0,0.0,0.4684,nan,edge/x86_64,unknown,3.12.3,2026-10-09T18:41:14Z
117,ML-KEM-768,post-quantum,3,keygen,0.0313,0.0,0.0,0.303,1184,2400,1088,0,0,0,0,0.0,0.47,nan,edge/x86_64,unknown,3.12.3,2026-10-09T18:41:14Z
117,ML-KEM-768,post-quantum,3,encapsulate,0.0308,0.0,0.0,0.303,1184,2400,1088,0,0,0,0,0.0,0.4626,nan,edge/x86_64,unknown,3.12.3,2026-10-09T18:41:14Z
117,ML-KEM-768,post-quantum,3,decapsulate,0.0473,0.0,0.0,0.303,1184,2400,1088,0,0,0,0,0.0,0.7098,nan,edge/x86_64,unknown,3.12.3,2026-10-09T18:41:14Z
118,ML-KEM-768,post-quantum,3,keygen,0.0332,0.0,0.0,0.303,1184,2400,1088,0,0,0,0,0.0,0.4975,nan,edge/x86_64,unknown,3.12.3,2026-10-09T18:41:14Z
118,ML-KEM-768,post-quantum,3,encapsulate,0.031,0.0,0.0,0.303,1184,2400,1088,0,0,0,0,0.0,0.4647,nan,edge/x86_64,unknown,3.12.3,2026-10-09T18:41:14Z
118,ML-KEM-768,post-quantum,3,decapsulate,0.0321,0.0,0.0,0.303,1184,2400,1088,0,0,0,0,0.0,0.4809,nan,edge/x86_64,unknown,3.12.3,2026-10-09T18:41:14Z
119,ML-KEM-768,post-quantum,3,keygen,0.0305,0.0,0.0,0.303,1184,2400,1088,0,0,0,0,0.0,0.4572,nan,edge/x86_64,unknown,3.12.3,2026-10-09T18:41:14Z
119,ML-KEM-768,post-quantum,3,encapsulate,0.0322,0.0,0.0,0.303,1184,2400,1088,0,0,0,0,0.0,0.4826,nan,edge/x86_64,unknown,3.12.3,2026-10-09T18:41:14Z
119,ML-KEM-768,post-quantum,3,decapsulate,0.031,0.0,0.0,0.303,1184,2400,1088,0,0,0,0,0.0,0.4644,nan,edge/x86_64,unknown,3.12.3,2026-10-09T18:41:14Z
120,ML-KEM-768,post-quantum,3,keygen,0.0318,0.0,0.0,0.303,1184,2400,1088,0,0,0,0,0.0,0.4767,nan,edge/x86_64,unknown,3.12.3,2026-10-09T18:41:14Z
120,ML-KEM-768,post-quantum,3,encapsulate,0.0376,0.0,0.0,0.303,1184,2400,1088,0,0,0,0,0.0,0.5635,nan,edge/x86_64,unknown,3.12.3,2026-10-09T18:41:14Z
120,ML-KEM-768,post-quantum,3,decapsulate,0.0327,0.0,0.0,0.303,1184,2400,1088,0,0,0,0,0.0,0.4905,nan,edge/x86_64,unknown,3.12.3,2026-10-09T18:41:14Z
121,ML-KEM-768,post-quantum,3,keygen,0.0317,0.0,0.0,0.303,1184,2400,1088,0,0,0,0,0.0,0.4751,nan,edge/x86_64,unknown,3.12.3,2026-10-09T18:41:14Z
121,ML-KEM-768,post-quantum,3,encapsulate,0.0308,0.0,0.0,0.303,1184,2400,1088,0,0,0,0,0.0,0.4622,nan,edge/x86_64,unknown,3.12.3,2026-10-09T18:41:14Z
121,ML-KEM-768,post-quantum,3,decapsulate,0.0307,0.0,0.0,0.303,1184,2400,1088,0,0,0,0,0.0,0.4602,nan,edge/x86_64,unknown,3.12.3,2026-10-09T18:41:14Z
122,ML-KEM-768,post-quantum,3,keygen,0.0322,0.0,0.0,0.303,1184,2400,1088,0,0,0,0,0.0,0.4832,nan,edge/x86_64,unknown,3.12.3,2026-10-09T18:41:14Z
122,ML-KEM-768,post-quantum,3,encapsulate,0.0304,0.0,0.0,0.303,1184,2400,1088,0,0,0,0,0.0,0.4565,nan,edge/x86_64,unknown,3.12.3,2026-10-09T18:41:14Z
122,ML-KEM-768,post-quantum,3,decapsulate,0.0497,0.0,0.0,0.303,1184,2400,1088,0,0,0,0,0.0,0.7451,nan,edge/x86_64,unknown,3.12.3,2026-10-09T18:41:14Z
123,ML-KEM-768,post-quantum,3,keygen,0.0324,0.0,0.0,0.303,1184,2400,1088,0,0,0,0,0.0,0.4863,nan,edge/x86_64,unknown,3.12.3,2026-10-09T18:41:14Z
123,ML-KEM-768,post-quantum,3,encapsulate,0.0314,0.0,0.0,0.303,1184,2400,1088,0,0,0,0,0.0,0.4709,nan,edge/x86_64,unknown,3.12.3,2026-10-09T18:41:14Z
123,ML-KEM-768,post-quantum,3,decapsulate,0.0314,0.0,0.0,0.303,1184,2400,1088,0,0,0,0,0.0,0.4716,nan,edge/x86_64,unknown,3.12.3,2026-10-09T18:41:14Z
124,ML-KEM-768,post-quantum,3,keygen,0.0307,0.0,0.0,0.303,1184,2400,1088,0,0,0,0,0.0,0.4604,nan,edge/x86_64,unknown,3.12.3,2026-10-09T18:41:14Z
124,ML-KEM-768,post-quantum,3,encapsulate,0.068,0.0,0.0,0.303,1184,2400,1088,0,0,0,0,0.0,1.0204,nan,edge/x86_64,unknown,3.12.3,2026-10-09T18:41:14Z
124,ML-KEM-768,post-quantum,3,decapsulate,0.034,0.0,0.0,0.303,1184,2400,1088,0,0,0,0,0.0,0.51,nan,edge/x86_64,unknown,3.12.3,2026-10-09T18:41:14Z
125,ML-KEM-768,post-quantum,3,keygen,0.0491,0.0,0.0,0.303,1184,2400,1088,0,0,0,0,0.0,0.7369,nan,edge/x86_64,unknown,3.12.3,2026-10-09T18:41:14Z
125,ML-KEM-768,post-quantum,3,encapsulate,0.0345,0.0,0.0,0.303,1184,2400,1088,0,0,0,0,0.0,0.5182,nan,edge/x86_64,unknown,3.12.3,2026-10-09T18:41:14Z
125,ML-KEM-768,post-quantum,3,decapsulate,0.0312,0.0,0.0,0.303,1184,2400,1088,0,0,0,0,0.0,0.4675,nan,edge/x86_64,unknown,3.12.3,2026-10-09T18:41:14Z
126,ML-KEM-768,post-quantum,3,keygen,0.031,0.0,0.0,0.303,1184,2400,1088,0,0,0,0,0.0,0.4644,nan,edge/x86_64,unknown,3.12.3,2026-10-09T18:41:14Z
126,ML-KEM-768,post-quantum,3,encapsulate,0.0305,0.0,0.0,0.303,1184,2400,1088,0,0,0,0,0.0,0.4575,nan,edge/x86_64,unknown,3.12.3,2026-10-09T18:41:14Z
126,ML-KEM-768,post-quantum,3,decapsulate,0.0308,0.0,0.0,0.303,1184,2400,1088,0,0,0,0,0.0,0.4618,nan,edge/x86_64,unknown,3.12.3,2026-10-09T18:41:14Z
127,ML-KEM-768,post-quantum,3,keygen,0.0306,0.0,0.0,0.303,1184,2400,1088,0,0,0,0,0.0,0.4585,nan,edge/x86_64,unknown,3.12.3,2026-10-09T18:41:14Z
127,ML-KEM-768,post-quantum,3,encapsulate,0.0427,0.0,0.0,0.303,1184,2400,1088,0,0,0,0,0.0,0.6409,nan,edge/x86_64,unknown,3.12.3,2026-10-09T18:41:14Z
127,ML-KEM-768,post-quantum,3,decapsulate,0.0316,0.0,0.0,0.303,1184,2400,1088,0,0,0,0,0.0,0.4735,nan,edge/x86_64,unknown,3.12.3,2026-10-09T18:41:14Z
128,ML-KEM-768,post-quantum,3,keygen,0.031,0.0,0.0,0.303,1184,2400,1088,0,0,0,0,0.0,0.4643,nan,edge/x86_64,unknown,3.12.3,2026-10-09T18:41:14Z
128,ML-KEM-768,post-quantum,3,encapsulate,0.0307,0.0,0.0,0.303,1184,2400,1088,0,0,0,0,0.0,0.4603,nan,edge/x86_64,unknown,3.12.3,2026-10-09T18:41:14Z
128,ML-KEM-768,post-quantum,3,decapsulate,0.0308,0.0,0.0,0.303,1184,2400,1088,0,0,0,0,0.0,0.4625,nan,edge/x86_64,unknown,3.12.3,2026-10-09T18:41:14Z
129,ML-KEM-768,post-quantum,3,keygen,0.0305,0.0,0.0,0.303,1184,2400,1088,0,0,0,0,0.0,0.4569,nan,edge/x86_64,unknown,3.12.3,2026-10-09T18:41:14Z
129,ML-KEM-768,post-quantum,3,encapsulate,0.0304,0.0,0.0,0.303,1184,2400,1088,0,0,0,0,0.0,0.4567,nan,edge/x86_64,unknown,3.12.3,2026-10-09T18:41:14Z
129,ML-KEM-768,post-quantum,3,decapsulate,0.0306,0.0,0.0,0.303,1184,2400,1088,0,0,0,0,0.0,0.4592,nan,edge/x86_64,unknown,3.12.3,2026-10-09T18:41:14Z
130,ML-KEM-768,post-quantum,3,keygen,0.0303,0.0,0.0,0.303,1184,2400,1088,0,0,0,0,0.0,0.4543,nan,edge/x86_64,unknown,3.12.3,2026-10-09T18:41:14Z
130,ML-KEM-768,post-quantum,3,encapsulate,0.0326,0.0,0.0,0.303,1184,2400,1088,0,0,0,0,0.0,0.4894,nan,edge/x86_64,unknown,3.12.3,2026-10-09T18:41:14Z
130,ML-KEM-768,post-quantum,3,decapsulate,0.0376,0.0,0.0,0.303,1184,2400,1088,0,0,0,0,0.0,0.5644,nan,edge/x86_64,unknown,3.12.3,2026-10-09T18:41:14Z
131,ML-KEM-768,post-quantum,3,keygen,0.0313,0.0,0.0,0.303,1184,2400,1088,0,0,0,0,0.0,0.469,nan,edge/x86_64,unknown,3.12.3,2026-10-09T18:41:14Z
131,ML-KEM-768,post-quantum,3,encapsulate,0.0311,0.0,0.0,0.303,1184,2400,1088,0,0,0,0,0.0,0.4665,nan,edge/x86_64,unknown,3.12.3,2026-10-09T18:41:14Z
131,ML-KEM-768,post-quantum,3,decapsulate,0.0309,0.0,0.0,0.303,1184,2400,1088,0,0,0,0,0.0,0.463,nan,edge/x86_64,unknown,3.12.3,2026-10-09T18:41:14Z
132,ML-KEM-768,post-quantum,3,keygen,0.0306,0.0,0.0,0.303,1184,2400,1088,0,0,0,0,0.0,0.4591,nan,edge/x86_64,unknown,3.12.3,2026-10-09T18:41:14Z
132,ML-KEM-768,post-quantum,3,encapsulate,0.0302,0.0,0.0,0.303,1184,2400,1088,0,0,0,0,0.0,0.4537,nan,edge/x86_64,unknown,3.12.3,2026-10-09T18:41:14Z
132,ML-KEM-768,post-quantum,3,decapsulate,0.0353,0.0,0.0,0.303,1184,2400,1088,0,0,0,0,0.0,0.5299,nan,edge/x86_64,unknown,3.12.3,2026-10-09T18:41:14Z
133,ML-KEM-768,post-quantum,3,keygen,0.0322,0.0,0.0,0.303,1184,2400,1088,0,0,0,0,0.0,0.4834,nan,edge/x86_64,unknown,3.12.3,2026-10-09T18:41:14Z
133,ML-KEM-768,post-quantum,3,encapsulate,0.0308,0.0,0.0,0.303,1184,2400,1088,0,0,0,0,0.0,0.4613,nan,edge/x86_64,unknown,3.12.3,2026-10-09T18:41:14Z
133,ML-KEM-768,post-quantum,3,decapsulate,0.0314,0.0,0.0,0.303,1184,2400,1088,0,0,0,0,0.0,0.4714,nan,edge/x86_64,unknown,3.12.3,2026-10-09T18:41:14Z
134,ML-KEM-768,post-quantum,3,keygen,0.0305,0.0,0.0,0.303,1184,2400,1088,0,0,0,0,0.0,0.4577,nan,edge/x86_64,unknown,3.12.3,2026-10-09T18:41:14Z
134,ML-KEM-768,post-quantum,3,encapsulate,0.0366,0.0,0.0,0.303,1184,2400,1088,0,0,0,0,0.0,0.5488,nan,edge/x86_64,unknown,3.12.3,2026-10-09T18:41:14Z
134,ML-KEM-768,post-quantum,3,decapsulate,0.0326,0.0,0.0,0.303,1184,2400,1088,0,0,0,0,0.0,0.4887,nan,edge/x86_64,unknown,3.12.3,2026-10-09T18:41:14Z
135,ML-KEM-768,post-quantum,3,keygen,0.1402,0.0,0.0,0.303,1184,2400,1088,0,0,0,0,0.0,2.1025,nan,edge/x86_64,unknown,3.12.3,2026-10-09T18:41:14Z
135,ML-KEM-768,post-quantum,3,encapsulate,0.0767,0.0,0.0,0.303,1184,2400,1088,0,0,0,0,0.0,1.1504,nan,edge/x86_64,unknown,3.12.3,2026-10-09T18:41:14Z
135,ML-KEM-768,post-quantum,3,decapsulate,0.0411,0.0,0.0,0.303,1184,2400,1088,0,0,0,0,0.0,0.6169,nan,edge/x86_64,unknown,3.12.3,2026-10-09T18:41:14Z
136,ML-KEM-768,post-quantum,3,keygen,0.0359,0.0,0.0,0.303,1184,2400,1088,0,0,0,0,0.0,0.5391,nan,edge/x86_64,unknown,3.12.3,2026-10-09T18:41:14Z
136,ML-KEM-768,post-quantum,3,encapsulate,0.0336,0.0,0.0,0.303,1184,2400,1088,0,0,0,0,0.0,0.5043,nan,edge/x86_64,unknown,3.12.3,2026-10-09T18:41:14Z
136,ML-KEM-768,post-quantum,3,decapsulate,0.033,0.0,0.0,0.303,1184,2400,1088,0,0,0,0,0.0,0.4944,nan,edge/x86_64,unknown,3.12.3,2026-10-09T18:41:14Z
137,ML-KEM-768,post-quantum,3,keygen,0.0324,0.0,0.0,0.303,1184,2400,1088,0,0,0,0,0.0,0.4853,nan,edge/x86_64,unknown,3.12.3,2026-10-09T18:41:14Z
137,ML-KEM-768,post-quantum,3,encapsulate,0.0338,0.0,0.0,0.303,1184,2400,1088,0,0,0,0,0.0,0.5067,nan,edge/x86_64,unknown,3.12.3,2026-10-09T18:41:14Z
137,ML-KEM-768,post-quantum,3,decapsulate,0.0316,0.0,0.0,0.303,1184,2400,1088,0,0,0,0,0.0,0.4735,nan,edge/x86_64,unknown,3.12.3,2026-10-09T18:41:14Z
138,ML-KEM-768,post-quantum,3,keygen,0.0316,0.0,0.0,0.303,1184,2400,1088,0,0,0,0,0.0,0.4747,nan,edge/x86_64,unknown,3.12.3,2026-10-09T18:41:14Z
138,ML-KEM-768,post-quantum,3,encapsulate,0.0312,0.0,0.0,0.303,1184,2400,1088,0,0,0,0,0.0,0.4683,nan,edge/x86_64,unknown,3.12.3,2026-10-09T18:41:14Z
138,ML-KEM-768,post-quantum,3,decapsulate,0.0312,0.0,0.0,0.303,1184,2400,1088,0,0,0,0,0.0,0.4677,nan,edge/x86_64,unknown,3.12.3,2026-10-09T18:41:14Z
139,ML-KEM-768,post-quantum,3,keygen,0.0309,0.0,0.0,0.303,1184,2400,1088,0,0,0,0,0.0,0.4635,nan,edge/x86_64,unknown,3.12.3,2026-10-09T18:41:14Z
139,ML-KEM-768,post-quantum,3,encapsulate,0.0313,0.0,0.0,0.303,1184,2400,1088,0,0,0,0,0.0,0.4694,nan,edge/x86_64,unknown,3.12.3,2026-10-09T18:41:14Z
139,ML-KEM-768,post-quantum,3,decapsulate,0.0481,0.0,0.0,0.303,1184,2400,1088,0,0,0,0,0.0,0.721,nan,edge/x86_64,unknown,3.12.3,2026-10-09T18:41:14Z
140,ML-KEM-768,post-quantum,3,keygen,0.0711,0.0,0.0,0.303,1184,2400,1088,0,0,0,0,0.0,1.0668,nan,edge/x86_64,unknown,3.12.3,2026-10-09T18:41:14Z
140,ML-KEM-768,post-quantum,3,encapsulate,0.0334,0.0,0.0,0.303,1184,2400,1088,0,0,0,0,0.0,0.5006,nan,edge/x86_64,unknown,3.12.3,2026-10-09T18:41:14Z
140,ML-KEM-768,post-quantum,3,decapsulate,0.0316,0.0,0.0,0.303,1184,2400,1088,0,0,0,0,0.0,0.4738,nan,edge/x86_64,unknown,3.12.3,2026-10-09T18:41:14Z
141,ML-KEM-768,post-quantum,3,keygen,0.035,0.0,0.0,0.303,1184,2400,1088,0,0,0,0,0.0,0.5251,nan,edge/x86_64,unknown,3.12.3,2026-10-09T18:41:14Z
141,ML-KEM-768,post-quantum,3,encapsulate,0.0733,0.0,0.0,0.303,1184,2400,1088,0,0,0,0,0.0,1.0991,nan,edge/x86_64,unknown,3.12.3,2026-10-09T18:41:14Z
141,ML-KEM-768,post-quantum,3,decapsulate,0.045,0.0,0.0,0.303,1184,2400,1088,0,0,0,0,0.0,0.6746,nan,edge/x86_64,unknown,3.12.3,2026-10-09T18:41:14Z
142,ML-KEM-768,post-quantum,3,keygen,0.0484,0.0,0.0,0.303,1184,2400,1088,0,0,0,0,0.0,0.7267,nan,edge/x86_64,unknown,3.12.3,2026-10-09T18:41:14Z
142,ML-KEM-768,post-quantum,3,encapsulate,0.0357,0.0,0.0,0.303,1184,2400,1088,0,0,0,0,0.0,0.5353,nan,edge/x86_64,unknown,3.12.3,2026-10-09T18:41:14Z
142,ML-KEM-768,post-quantum,3,decapsulate,0.0321,0.0,0.0,0.303,1184,2400,1088,0,0,0,0,0.0,0.4808,nan,edge/x86_64,unknown,3.12.3,2026-10-09T18:41:14Z
143,ML-KEM-768,post-quantum,3,keygen,0.0313,0.0,0.0,0.303,1184,2400,1088,0,0,0,0,0.0,0.47,nan,edge/x86_64,unknown,3.12.3,2026-10-09T18:41:14Z
143,ML-KEM-768,post-quantum,3,encapsulate,0.0322,0.0,0.0,0.303,1184,2400,1088,0,0,0,0,0.0,0.4826,nan,edge/x86_64,unknown,3.12.3,2026-10-09T18:41:14Z
143,ML-KEM-768,post-quantum,3,decapsulate,0.0318,0.0,0.0,0.303,1184,2400,1088,0,0,0,0,0.0,0.4776,nan,edge/x86_64,unknown,3.12.3,2026-10-09T18:41:14Z
144,ML-KEM-768,post-quantum,3,keygen,0.0518,0.0,0.0,0.303,1184,2400,1088,0,0,0,0,0.0,0.7775,nan,edge/x86_64,unknown,3.12.3,2026-10-09T18:41:14Z
144,ML-KEM-768,post-quantum,3,encapsulate,0.0339,0.0,0.0,0.303,1184,2400,1088,0,0,0,0,0.0,0.509,nan,edge/x86_64,unknown,3.12.3,2026-10-09T18:41:14Z
144,ML-KEM-768,post-quantum,3,decapsulate,0.032,0.0,0.0,0.303,1184,2400,1088,0,0,0,0,0.0,0.4807,nan,edge/x86_64,unknown,3.12.3,2026-10-09T18:41:14Z
145,ML-KEM-768,post-quantum,3,keygen,0.0322,0.0,0.0,0.303,1184,2400,1088,0,0,0,0,0.0,0.4827,nan,edge/x86_64,unknown,3.12.3,2026-10-09T18:41:14Z
145,ML-KEM-768,post-quantum,3,encapsulate,0.032,0.0,0.0,0.303,1184,2400,1088,0,0,0,0,0.0,0.4805,nan,edge/x86_64,unknown,3.12.3,2026-10-09T18:41:14Z
145,ML-KEM-768,post-quantum,3,decapsulate,0.0318,0.0,0.0,0.303,1184,2400,1088,0,0,0,0,0.0,0.4765,nan,edge/x86_64,unknown,3.12.3,2026-10-09T18:41:14Z
146,ML-KEM-768,post-quantum,3,keygen,0.0316,0.0,0.0,0.303,1184,2400,1088,0,0,0,0,0.0,0.4745,nan,edge/x86_64,unknown,3.12.3,2026-10-09T18:41:14Z
146,ML-KEM-768,post-quantum,3,encapsulate,0.0311,0.0,0.0,0.303,1184,2400,1088,0,0,0,0,0.0,0.4658,nan,edge/x86_64,unknown,3.12.3,2026-10-09T18:41:14Z
146,ML-KEM-768,post-quantum,3,decapsulate,0.0307,0.0,0.0,0.303,1184,2400,1088,0,0,0,0,0.0,0.4603,nan,edge/x86_64,unknown,3.12.3,2026-10-09T18:41:14Z
147,ML-KEM-768,post-quantum,3,keygen,0.0308,0.0,0.0,0.303,1184,2400,1088,0,0,0,0,0.0,0.4619,nan,edge/x86_64,unknown,3.12.3,2026-10-09T18:41:14Z
147,ML-KEM-768,post-quantum,3,encapsulate,0.0311,0.0,0.0,0.303,1184,2400,1088,0,0,0,0,0.0,0.4669,nan,edge/x86_64,unknown,3.12.3,2026-10-09T18:41:14Z
147,ML-KEM-768,post-quantum,3,decapsulate,0.0309,0.0,0.0,0.303,1184,2400,1088,0,0,0,0,0.0,0.463,nan,edge/x86_64,unknown,3.12.3,2026-10-09T18:41:14Z
148,ML-KEM-768,post-quantum,3,keygen,0.031,0.0,0.0,0.303,1184,2400,1088,0,0,0,0,0.0,0.4653,nan,edge/x86_64,unknown,3.12.3,2026-10-09T18:41:14Z
148,ML-KEM-768,post-quantum,3,encapsulate,0.0308,0.0,0.0,0.303,1184,2400,1088,0,0,0,0,0.0,0.4613,nan,edge/x86_64,unknown,3.12.3,2026-10-09T18:41:14Z
148,ML-KEM-768,post-quantum,3,decapsulate,0.0309,0.0,0.0,0.303,1184,2400,1088,0,0,0,0,0.0,0.4631,nan,edge/x86_64,unknown,3.12.3,2026-10-09T18:41:14Z
149,ML-KEM-768,post-quantum,3,keygen,0.0315,0.0,0.0,0.303,1184,2400,1088,0,0,0,0,0.0,0.4728,nan,edge/x86_64,unknown,3.12.3,2026-10-09T18:41:14Z
149,ML-KEM-768,post-quantum,3,encapsulate,0.0363,0.0,0.0,0.303,1184,2400,1088,0,0,0,0,0.0,0.5451,nan,edge/x86_64,unknown,3.12.3,2026-10-09T18:41:14Z
149,ML-KEM-768,post-quantum,3,decapsulate,0.0359,0.0,0.0,0.303,1184,2400,1088,0,0,0,0,0.0,0.538,nan,edge/x86_64,unknown,3.12.3,2026-10-09T18:41:14Z
150,ML-KEM-768,post-quantum,3,keygen,0.0313,0.0,0.0,0.303,1184,2400,1088,0,0,0,0,0.0,0.4689,nan,edge/x86_64,unknown,3.12.3,2026-10-09T18:41:14Z
150,ML-KEM-768,post-quantum,3,encapsulate,0.0312,0.0,0.0,0.303,1184,2400,1088,0,0,0,0,0.0,0.4676,nan,edge/x86_64,unknown,3.12.3,2026-10-09T18:41:14Z
150,ML-KEM-768,post-quantum,3,decapsulate,0.059,0.0,0.0,0.303,1184,2400,1088,0,0,0,0,0.0,0.8843,nan,edge/x86_64,unknown,3.12.3,2026-10-09T18:41:14Z
151,ML-KEM-768,post-quantum,3,keygen,0.0368,0.0,0.0,0.303,1184,2400,1088,0,0,0,0,0.0,0.5517,nan,edge/x86_64,unknown,3.12.3,2026-10-09T18:41:14Z
151,ML-KEM-768,post-quantum,3,encapsulate,0.0321,0.0,0.0,0.303,1184,2400,1088,0,0,0,0,0.0,0.4814,nan,edge/x86_64,unknown,3.12.3,2026-10-09T18:41:14Z
151,ML-KEM-768,post-quantum,3,decapsulate,0.0479,0.0,0.0,0.303,1184,2400,1088,0,0,0,0,0.0,0.7178,nan,edge/x86_64,unknown,3.12.3,2026-10-09T18:41:14Z
152,ML-KEM-768,post-quantum,3,keygen,0.0337,0.0,0.0,0.303,1184,2400,1088,0,0,0,0,0.0,0.5052,nan,edge/x86_64,unknown,3.12.3,2026-10-09T18:41:14Z
152,ML-KEM-768,post-quantum,3,encapsulate,0.0318,0.0,0.0,0.303,1184,2400,1088,0,0,0,0,0.0,0.4775,nan,edge/x86_64,unknown,3.12.3,2026-10-09T18:41:14Z
152,ML-KEM-768,post-quantum,3,decapsulate,0.0314,0.0,0.0,0.303,1184,2400,1088,0,0,0,0,0.0,0.4706,nan,edge/x86_64,unknown,3.12.3,2026-10-09T18:41:14Z
153,ML-KEM-768,post-quantum,3,keygen,0.0399,0.0,0.0,0.303,1184,2400,1088,0,0,0,0,0.0,0.5992,nan,edge/x86_64,unknown,3.12.3,2026-10-09T18:41:14Z
153,ML-KEM-768,post-quantum,3,encapsulate,0.0796,0.0,0.0,0.303,1184,2400,1088,0,0,0,0,0.0,1.1944,nan,edge/x86_64,unknown,3.12.3,2026-10-09T18:41:14Z
153,ML-KEM-768,post-quantum,3,decapsulate,0.0447,0.0,0.0,0.303,1184,2400,1088,0,0,0,0,0.0,0.6701,nan,edge/x86_64,unknown,3.12.3,2026-10-09T18:41:14Z
154,ML-KEM-768,post-quantum,3,keygen,0.0686,0.0,0.0,0.303,1184,2400,1088,0,0,0,0,0.0,1.0294,nan,edge/x86_64,unknown,3.12.3,2026-10-09T18:41:14Z
154,ML-KEM-768,post-quantum,3,encapsulate,0.0355,0.0,0.0,0.303,1184,2400,1088,0,0,0,0,0.0,0.5321,nan,edge/x86_64,unknown,3.12.3,2026-10-09T18:41:14Z
154,ML-KEM-768,post-quantum,3,decapsulate,0.0319,0.0,0.0,0.303,1184,2400,1088,0,0,0,0,0.0,0.4778,nan,edge/x86_64,unknown,3.12.3,2026-10-09T18:41:14Z
155,ML-KEM-768,post-quantum,3,keygen,0.0315,0.0,0.0,0.303,1184,2400,1088,0,0,0,0,0.0,0.472,nan,edge/x86_64,unknown,3.12.3,2026-10-09T18:41:14Z
155,ML-KEM-768,post-quantum,3,encapsulate,0.0334,0.0,0.0,0.303,1184,2400,1088,0,0,0,0,0.0,0.5007,nan,edge/x86_64,unknown,3.12.3,2026-10-09T18:41:14Z
155,ML-KEM-768,post-quantum,3,decapsulate,0.0311,0.0,0.0,0.303,1184,2400,1088,0,0,0,0,0.0,0.467,nan,edge/x86_64,unknown,3.12.3,2026-10-09T18:41:14Z
156,ML-KEM-768,post-quantum,3,keygen,0.0307,0.0,0.0,0.303,1184,2400,1088,0,0,0,0,0.0,0.4599,nan,edge/x86_64,unknown,3.12.3,2026-10-09T18:41:14Z
156,ML-KEM-768,post-quantum,3,encapsulate,0.0312,0.0,0.0,0.303,1184,2400,1088,0,0,0,0,0.0,0.4686,nan,edge/x86_64,unknown,3.12.3,2026-10-09T18:41:14Z
156,ML-KEM-768,post-quantum,3,decapsulate,0.0308,0.0,0.0,0.303,1184,2400,1088,0,0,0,0,0.0,0.4613,nan,edge/x86_64,unknown,3.12.3,2026-10-09T18:41:14Z
157,ML-KEM-768,post-quantum,3,keygen,0.0308,0.0,0.0,0.303,1184,2400,1088,0,0,0,0,0.0,0.4616,nan,edge/x86_64,unknown,3.12.3,2026-10-09T18:41:14Z
157,ML-KEM-768,post-quantum,3,encapsulate,0.0309,0.0,0.0,0.303,1184,2400,1088,0,0,0,0,0.0,0.4642,nan,edge/x86_64,unknown,3.12.3,2026-10-09T18:41:14Z
157,ML-KEM-768,post-quantum,3,decapsulate,0.0307,0.0,0.0,0.303,1184,2400,1088,0,0,0,0,0.0,0.4609,nan,edge/x86_64,unknown,3.12.3,2026-10-09T18:41:14Z
158,ML-KEM-768,post-quantum,3,keygen,0.0459,0.0,0.0,0.303,1184,2400,1088,0,0,0,0,0.0,0.6886,nan,edge/x86_64,unknown,3.12.3,2026-10-09T18:41:14Z
158,ML-KEM-768,post-quantum,3,encapsulate,0.0318,0.0,0.0,0.303,1184,2400,1088,0,0,0,0,0.0,0.4775,nan,edge/x86_64,unknown,3.12.3,2026-10-09T18:41:14Z
158,ML-KEM-768,post-quantum,3,decapsulate,0.0308,0.0,0.0,0.303,1184,2400,1088,0,0,0,0,0.0,0.4617,nan,edge/x86_64,unknown,3.12.3,2026-10-09T18:41:14Z
159,ML-KEM-768,post-quantum,3,keygen,0.0307,0.0,0.0,0.303,1184,2400,1088,0,0,0,0,0.0,0.4601,nan,edge/x86_64,unknown,3.12.3,2026-10-09T18:41:14Z
159,ML-KEM-768,post-quantum,3,encapsulate,0.0309,0.0,0.0,0.303,1184,2400,1088,0,0,0,0,0.0,0.4637,nan,edge/x86_64,unknown,3.12.3,2026-10-09T18:41:14Z
159,ML-KEM-768,post-quantum,3,decapsulate,0.0307,0.0,0.0,0.303,1184,2400,1088,0,0,0,0,0.0,0.4602,nan,edge/x86_64,unknown,3.12.3,2026-10-09T18:41:14Z
160,ML-KEM-768,post-quantum,3,keygen,0.0377,0.0,0.0,0.303,1184,2400,1088,0,0,0,0,0.0,0.566,nan,edge/x86_64,unknown,3.12.3,2026-10-09T18:41:14Z
160,ML-KEM-768,post-quantum,3,encapsulate,0.0324,0.0,0.0,0.303,1184,2400,1088,0,0,0,0,0.0,0.4862,nan,edge/x86_64,unknown,3.12.3,2026-10-09T18:41:14Z
160,ML-KEM-768,post-quantum,3,decapsulate,0.0487,0.0,0.0,0.303,1184,2400,1088,0,0,0,0,0.0,0.73,nan,edge/x86_64,unknown,3.12.3,2026-10-09T18:41:14Z
161,ML-KEM-768,post-quantum,3,keygen,0.0343,0.0,0.0,0.303,1184,2400,1088,0,0,0,0,0.0,0.5152,nan,edge/x86_64,unknown,3.12.3,2026-10-09T18:41:14Z
161,ML-KEM-768,post-quantum,3,encapsulate,0.0336,0.0,0.0,0.303,1184,2400,1088,0,0,0,0,0.0,0.5037,nan,edge/x86_64,unknown,3.12.3,2026-10-09T18:41:14Z
161,ML-KEM-768,post-quantum,3,decapsulate,0.0316,0.0,0.0,0.303,1184,2400,1088,0,0,0,0,0.0,0.4738,nan,edge/x86_64,unknown,3.12.3,2026-10-09T18:41:14Z
162,ML-KEM-768,post-quantum,3,keygen,0.0317,0.0,0.0,0.303,1184,2400,1088,0,0,0,0,0.0,0.4748,nan,edge/x86_64,unknown,3.12.3,2026-10-09T18:41:14Z
162,ML-KEM-768,post-quantum,3,encapsulate,0.0315,0.0,0.0,0.303,1184,2400,1088,0,0,0,0,0.0,0.4729,nan,edge/x86_64,unknown,3.12.3,2026-10-09T18:41:14Z
162,ML-KEM-768,post-quantum,3,decapsulate,0.0344,0.0,0.0,0.303,1184,2400,1088,0,0,0,0,0.0,0.5156,nan,edge/x86_64,unknown,3.12.3,2026-10-09T18:41:14Z
163,ML-KEM-768,post-quantum,3,keygen,0.0337,0.0,0.0,0.303,1184,2400,1088,0,0,0,0,0.0,0.5049,nan,edge/x86_64,unknown,3.12.3,2026-10-09T18:41:14Z
163,ML-KEM-768,post-quantum,3,encapsulate,0.0319,0.0,0.0,0.303,1184,2400,1088,0,0,0,0,0.0,0.4781,nan,edge/x86_64,unknown,3.12.3,2026-10-09T18:41:14Z
163,ML-KEM-768,post-quantum,3,decapsulate,0.0316,0.0,0.0,0.303,1184,2400,1088,0,0,0,0,0.0,0.4743,nan,edge/x86_64,unknown,3.12.3,2026-10-09T18:41:14Z
164,ML-KEM-768,post-quantum,3,keygen,0.047,0.0,0.0,0.303,1184,2400,1088,0,0,0,0,0.0,0.7055,nan,edge/x86_64,unknown,3.12.3,2026-10-09T18:41:14Z
164,ML-KEM-768,post-quantum,3,encapsulate,0.0356,0.0,0.0,0.303,1184,2400,1088,0,0,0,0,0.0,0.5334,nan,edge/x86_64,unknown,3.12.3,2026-10-09T18:41:14Z
164,ML-KEM-768,post-quantum,3,decapsulate,0.0314,0.0,0.0,0.303,1184,2400,1088,0,0,0,0,0.0,0.4704,nan,edge/x86_64,unknown,3.12.3,2026-10-09T18:41:14Z
165,ML-KEM-768,post-quantum,3,keygen,0.0316,0.0,0.0,0.303,1184,2400,1088,0,0,0,0,0.0,0.4733,nan,edge/x86_64,unknown,3.12.3,2026-10-09T18:41:14Z
165,ML-KEM-768,post-quantum,3,encapsulate,0.0311,0.0,0.0,0.303,1184,2400,1088,0,0,0,0,0.0,0.4671,nan,edge/x86_64,unknown,3.12.3,2026-10-09T18:41:14Z
165,ML-KEM-768,post-quantum,3,decapsulate,0.0315,0.0,0.0,0.303,1184,2400,1088,0,0,0,0,0.0,0.4721,nan,edge/x86_64,unknown,3.12.3,2026-10-09T18:41:14Z
166,ML-KEM-768,post-quantum,3,keygen,0.0308,0.0,0.0,0.303,1184,2400,1088,0,0,0,0,0.0,0.4627,nan,edge/x86_64,unknown,3.12.3,2026-10-09T18:41:14Z
166,ML-KEM-768,post-quantum,3,encapsulate,0.0443,0.0,0.0,0.303,1184,2400,1088,0,0,0,0,0.0,0.6645,nan,edge/x86_64,unknown,3.12.3,2026-10-09T18:41:14Z
166,ML-KEM-768,post-quantum,3,decapsulate,0.0313,0.0,0.0,0.303,1184,2400,1088,0,0,0,0,0.0,0.4696,nan,edge/x86_64,unknown,3.12.3,2026-10-09T18:41:14Z
167,ML-KEM-768,post-quantum,3,keygen,0.031,0.0,0.0,0.303,1184,2400,1088,0,0,0,0,0.0,0.4652,nan,edge/x86_64,unknown,3.12.3,2026-10-09T18:41:14Z
167,ML-KEM-768,post-quantum,3,encapsulate,0.0346,0.0,0.0,0.303,1184,2400,1088,0,0,0,0,0.0,0.5195,nan,edge/x86_64,unknown,3.12.3,2026-10-09T18:41:14Z
167,ML-KEM-768,post-quantum,3,decapsulate,0.0368,0.0,0.0,0.303,1184,2400,1088,0,0,0,0,0.0,0.5522,nan,edge/x86_64,unknown,3.12.3,2026-10-09T18:41:14Z
168,ML-KEM-768,post-quantum,3,keygen,0.0331,0.0,0.0,0.303,1184,2400,1088,0,0,0,0,0.0,0.4971,nan,edge/x86_64,unknown,3.12.3,2026-10-09T18:41:14Z
168,ML-KEM-768,post-quantum,3,encapsulate,0.0322,0.0,0.0,0.303,1184,2400,1088,0,0,0,0,0.0,0.4823,nan,edge/x86_64,unknown,3.12.3,2026-10-09T18:41:14Z
168,ML-KEM-768,post-quantum,3,decapsulate,0.0314,0.0,0.0,0.303,1184,2400,1088,0,0,0,0,0.0,0.4714,nan,edge/x86_64,unknown,3.12.3,2026-10-09T18:41:14Z
169,ML-KEM-768,post-quantum,3,keygen,0.0369,0.0,0.0,0.303,1184,2400,1088,0,0,0,0,0.0,0.5542,nan,edge/x86_64,unknown,3.12.3,2026-10-09T18:41:14Z
169,ML-KEM-768,post-quantum,3,encapsulate,0.0326,0.0,0.0,0.303,1184,2400,1088,0,0,0,0,0.0,0.4884,nan,edge/x86_64,unknown,3.12.3,2026-10-09T18:41:14Z
169,ML-KEM-768,post-quantum,3,decapsulate,0.0318,0.0,0.0,0.303,1184,2400,1088,0,0,0,0,0.0,0.477,nan,edge/x86_64,unknown,3.12.3,2026-10-09T18:41:14Z
170,ML-KEM-768,post-quantum,3,keygen,0.0309,0.0,0.0,0.303,1184,2400,1088,0,0,0,0,0.0,0.4641,nan,edge/x86_64,unknown,3.12.3,2026-10-09T18:41:14Z
170,ML-KEM-768,post-quantum,3,encapsulate,0.0313,0.0,0.0,0.303,1184,2400,1088,0,0,0,0,0.0,0.469,nan,edge/x86_64,unknown,3.12.3,2026-10-09T18:41:14Z
170,ML-KEM-768,post-quantum,3,decapsulate,0.0311,0.0,0.0,0.303,1184,2400,1088,0,0,0,0,0.0,0.4669,nan,edge/x86_64,unknown,3.12.3,2026-10-09T18:41:14Z
171,ML-KEM-768,post-quantum,3,keygen,0.0308,0.0,0.0,0.303,1184,2400,1088,0,0,0,0,0.0,0.4617,nan,edge/x86_64,unknown,3.12.3,2026-10-09T18:41:14Z
171,ML-KEM-768,post-quantum,3,encapsulate,0.0309,0.0,0.0,0.303,1184,2400,1088,0,0,0,0,0.0,0.4635,nan,edge/x86_64,unknown,3.12.3,2026-10-09T18:41:14Z
171,ML-KEM-768,post-quantum,3,decapsulate,0.0519,0.0,0.0,0.303,1184,2400,1088,0,0,0,0,0.0,0.7788,nan,edge/x86_64,unknown,3.12.3,2026-10-09T18:41:14Z
172,ML-KEM-768,post-quantum,3,keygen,0.0414,0.0,0.0,0.303,1184,2400,1088,0,0,0,0,0.0,0.621,nan,edge/x86_64,unknown,3.12.3,2026-10-09T18:41:14Z
172,ML-KEM-768,post-quantum,3,encapsulate,0.0318,0.0,0.0,0.303,1184,2400,1088,0,0,0,0,0.0,0.4775,nan,edge/x86_64,unknown,3.12.3,2026-10-09T18:41:14Z
172,ML-KEM-768,post-quantum,3,decapsulate,0.0312,0.0,0.0,0.303,1184,2400,1088,0,0,0,0,0.0,0.4683,nan,edge/x86_64,unknown,3.12.3,2026-10-09T18:41:14Z
173,ML-KEM-768,post-quantum,3,keygen,0.0309,0.0,0.0,0.303,1184,2400,1088,0,0,0,0,0.0,0.4635,nan,edge/x86_64,unknown,3.12.3,2026-10-09T18:41:14Z
173,ML-KEM-768,post-quantum,3,encapsulate,0.0323,0.0,0.0,0.303,1184,2400,1088,0,0,0,0,0.0,0.4839,nan,edge/x86_64,unknown,3.12.3,2026-10-09T18:41:14Z
173,ML-KEM-768,post-quantum,3,decapsulate,0.0306,0.0,0.0,0.303,1184,2400,1088,0,0,0,0,0.0,0.4594,nan,edge/x86_64,unknown,3.12.3,2026-10-09T18:41:14Z
174,ML-KEM-768,post-quantum,3,keygen,0.0314,0.0,0.0,0.303,1184,2400,1088,0,0,0,0,0.0,0.4712,nan,edge/x86_64,unknown,3.12.3,2026-10-09T18:41:14Z
174,ML-KEM-768,post-quantum,3,encapsulate,0.0313,0.0,0.0,0.303,1184,2400,1088,0,0,0,0,0.0,0.4696,nan,edge/x86_64,unknown,3.12.3,2026-10-09T18:41:14Z
174,ML-KEM-768,post-quantum,3,decapsulate,0.0312,0.0,0.0,0.303,1184,2400,1088,0,0,0,0,0.0,0.4682,nan,edge/x86_64,unknown,3.12.3,2026-10-09T18:41:14Z
175,ML-KEM-768,post-quantum,3,keygen,0.0309,0.0,0.0,0.303,1184,2400,1088,0,0,0,0,0.0,0.4638,nan,edge/x86_64,unknown,3.12.3,2026-10-09T18:41:14Z
175,ML-KEM-768,post-quantum,3,encapsulate,0.0364,0.0,0.0,0.303,1184,2400,1088,0,0,0,0,0.0,0.5467,nan,edge/x86_64,unknown,3.12.3,2026-10-09T18:41:14Z
175,ML-KEM-768,post-quantum,3,decapsulate,0.031,0.0,0.0,0.303,1184,2400,1088,0,0,0,0,0.0,0.4652,nan,edge/x86_64,unknown,3.12.3,2026-10-09T18:41:14Z
176,ML-KEM-768,post-quantum,3,keygen,0.0306,0.0,0.0,0.303,1184,2400,1088,0,0,0,0,0.0,0.4593,nan,edge/x86_64,unknown,3.12.3,2026-10-09T18:41:14Z
176,ML-KEM-768,post-quantum,3,encapsulate,0.0311,0.0,0.0,0.303,1184,2400,1088,0,0,0,0,0.0,0.4659,nan,edge/x86_64,unknown,3.12.3,2026-10-09T18:41:14Z
176,ML-KEM-768,post-quantum,3,decapsulate,0.033,0.0,0.0,0.303,1184,2400,1088,0,0,0,0,0.0,0.4954,nan,edge/x86_64,unknown,3.12.3,2026-10-09T18:41:14Z
177,ML-KEM-768,post-quantum,3,keygen,0.0396,0.0,0.0,0.303,1184,2400,1088,0,0,0,0,0.0,0.5935,nan,edge/x86_64,unknown,3.12.3,2026-10-09T18:41:14Z
177,ML-KEM-768,post-quantum,3,encapsulate,0.0329,0.0,0.0,0.303,1184,2400,1088,0,0,0,0,0.0,0.4929,nan,edge/x86_64,unknown,3.12.3,2026-10-09T18:41:14Z
177,ML-KEM-768,post-quantum,3,decapsulate,0.0317,0.0,0.0,0.303,1184,2400,1088,0,0,0,0,0.0,0.4748,nan,edge/x86_64,unknown,3.12.3,2026-10-09T18:41:14Z
178,ML-KEM-768,post-quantum,3,keygen,0.0311,0.0,0.0,0.303,1184,2400,1088,0,0,0,0,0.0,0.4658,nan,edge/x86_64,unknown,3.12.3,2026-10-09T18:41:14Z
178,ML-KEM-768,post-quantum,3,encapsulate,0.0669,0.0,0.0,0.303,1184,2400,1088,0,0,0,0,0.0,1.0029,nan,edge/x86_64,unknown,3.12.3,2026-10-09T18:41:14Z
178,ML-KEM-768,post-quantum,3,decapsulate,0.0328,0.0,0.0,0.303,1184,2400,1088,0,0,0,0,0.0,0.4926,nan,edge/x86_64,unknown,3.12.3,2026-10-09T18:41:14Z
179,ML-KEM-768,post-quantum,3,keygen,0.0319,0.0,0.0,0.303,1184,2400,1088,0,0,0,0,0.0,0.4785,nan,edge/x86_64,unknown,3.12.3,2026-10-09T18:41:14Z
179,ML-KEM-768,post-quantum,3,encapsulate,0.0324,0.0,0.0,0.303,1184,2400,1088,0,0,0,0,0.0,0.4854,nan,edge/x86_64,unknown,3.12.3,2026-10-09T18:41:14Z
179,ML-KEM-768,post-quantum,3,decapsulate,0.0311,0.0,0.0,0.303,1184,2400,1088,0,0,0,0,0.0,0.467,nan,edge/x86_64,unknown,3.12.3,2026-10-09T18:41:14Z
180,ML-KEM-768,post-quantum,3,keygen,0.0314,0.0,0.0,0.303,1184,2400,1088,0,0,0,0,0.0,0.4711,nan,edge/x86_64,unknown,3.12.3,2026-10-09T18:41:14Z
180,ML-KEM-768,post-quantum,3,encapsulate,0.0313,0.0,0.0,0.303,1184,2400,1088,0,0,0,0,0.0,0.4696,nan,edge/x86_64,unknown,3.12.3,2026-10-09T18:41:14Z
180,ML-KEM-768,post-quantum,3,decapsulate,0.0311,0.0,0.0,0.303,1184,2400,1088,0,0,0,0,0.0,0.4659,nan,edge/x86_64,unknown,3.12.3,2026-10-09T18:41:14Z
181,ML-KEM-768,post-quantum,3,keygen,0.0312,0.0,0.0,0.303,1184,2400,1088,0,0,0,0,0.0,0.4673,nan,edge/x86_64,unknown,3.12.3,2026-10-09T18:41:14Z
181,ML-KEM-768,post-quantum,3,encapsulate,0.0374,0.0,0.0,0.303,1184,2400,1088,0,0,0,0,0.0,0.5613,nan,edge/x86_64,unknown,3.12.3,2026-10-09T18:41:14Z
181,ML-KEM-768,post-quantum,3,decapsulate,0.129,0.0,0.0,0.303,1184,2400,1088,0,0,0,0,0.0,1.9343,nan,edge/x86_64,unknown,3.12.3,2026-10-09T18:41:14Z
182,ML-KEM-768,post-quantum,3,keygen,0.0961,0.0,0.0,0.303,1184,2400,1088,0,0,0,0,0.0,1.4411,nan,edge/x86_64,unknown,3.12.3,2026-10-09T18:41:14Z
182,ML-KEM-768,post-quantum,3,encapsulate,0.0631,0.0,0.0,0.303,1184,2400,1088,0,0,0,0,0.0,0.946,nan,edge/x86_64,unknown,3.12.3,2026-10-09T18:41:14Z
182,ML-KEM-768,post-quantum,3,decapsulate,0.0336,0.0,0.0,0.303,1184,2400,1088,0,0,0,0,0.0,0.5045,nan,edge/x86_64,unknown,3.12.3,2026-10-09T18:41:14Z
183,ML-KEM-768,post-quantum,3,keygen,0.0326,0.0,0.0,0.303,1184,2400,1088,0,0,0,0,0.0,0.4883,nan,edge/x86_64,unknown,3.12.3,2026-10-09T18:41:14Z
183,ML-KEM-768,post-quantum,3,encapsulate,0.0322,0.0,0.0,0.303,1184,2400,1088,0,0,0,0,0.0,0.4826,nan,edge/x86_64,unknown,3.12.3,2026-10-09T18:41:14Z
183,ML-KEM-768,post-quantum,3,decapsulate,0.0361,0.0,0.0,0.303,1184,2400,1088,0,0,0,0,0.0,0.5412,nan,edge/x86_64,unknown,3.12.3,2026-10-09T18:41:14Z
184,ML-KEM-768,post-quantum,3,keygen,0.0383,0.0,0.0,0.303,1184,2400,1088,0,0,0,0,0.0,0.5744,nan,edge/x86_64,unknown,3.12.3,2026-10-09T18:41:14Z
184,ML-KEM-768,post-quantum,3,encapsulate,0.0451,0.0,0.0,0.303,1184,2400,1088,0,0,0,0,0.0,0.677,nan,edge/x86_64,unknown,3.12.3,2026-10-09T18:41:14Z
184,ML-KEM-768,post-quantum,3,decapsulate,0.0331,0.0,0.0,0.303,1184,2400,1088,0,0,0,0,0.0,0.4958,nan,edge/x86_64,unknown,3.12.3,2026-10-09T18:41:14Z
185,ML-KEM-768,post-quantum,3,keygen,0.0561,0.0,0.0,0.303,1184,2400,1088,0,0,0,0,0.0,0.8412,nan,edge/x86_64,unknown,3.12.3,2026-10-09T18:41:14Z
185,ML-KEM-768,post-quantum,3,encapsulate,0.0366,0.0,0.0,0.303,1184,2400,1088,0,0,0,0,0.0,0.5495,nan,edge/x86_64,unknown,3.12.3,2026-10-09T18:41:14Z
185,ML-KEM-768,post-quantum,3,decapsulate,0.033,0.0,0.0,0.303,1184,2400,1088,0,0,0,0,0.0,0.4944,nan,edge/x86_64,unknown,3.12.3,2026-10-09T18:41:14Z
186,ML-KEM-768,post-quantum,3,keygen,0.0318,0.0,0.0,0.303,1184,2400,1088,0,0,0,0,0.0,0.4776,nan,edge/x86_64,unknown,3.12.3,2026-10-09T18:41:14Z
186,ML-KEM-768,post-quantum,3,encapsulate,0.032,0.0,0.0,0.303,1184,2400,1088,0,0,0,0,0.0,0.4802,nan,edge/x86_64,unknown,3.12.3,2026-10-09T18:41:14Z
186,ML-KEM-768,post-quantum,3,decapsulate,0.0313,0.0,0.0,0.303,1184,2400,1088,0,0,0,0,0.0,0.469,nan,edge/x86_64,unknown,3.12.3,2026-10-09T18:41:14Z
187,ML-KEM-768,post-quantum,3,keygen,0.0313,0.0,0.0,0.303,1184,2400,1088,0,0,0,0,0.0,0.4692,nan,edge/x86_64,unknown,3.12.3,2026-10-09T18:41:14Z
187,ML-KEM-768,post-quantum,3,encapsulate,0.0313,0.0,0.0,0.303,1184,2400,1088,0,0,0,0,0.0,0.4689,nan,edge/x86_64,unknown,3.12.3,2026-10-09T18:41:14Z
187,ML-KEM-768,post-quantum,3,decapsulate,0.0311,0.0,0.0,0.303,1184,2400,1088,0,0,0,0,0.0,0.467,nan,edge/x86_64,unknown,3.12.3,2026-10-09T18:41:14Z
188,ML-KEM-768,post-quantum,3,keygen,0.0346,0.0,0.0,0.303,1184,2400,1088,0,0,0,0,0.0,0.5196,nan,edge/x86_64,unknown,3.12.3,2026-10-09T18:41:14Z
188,ML-KEM-768,post-quantum,3,encapsulate,0.0314,0.0,0.0,0.303,1184,2400,1088,0,0,0,0,0.0,0.4704,nan,edge/x86_64,unknown,3.12.3,2026-10-09T18:41:14Z
188,ML-KEM-768,post-quantum,3,decapsulate,0.0319,0.0,0.0,0.303,1184,2400,1088,0,0,0,0,0.0,0.4785,nan,edge/x86_64,unknown,3.12.3,2026-10-09T18:41:14Z
189,ML-KEM-768,post-quantum,3,keygen,0.0318,0.0,0.0,0.303,1184,2400,1088,0,0,0,0,0.0,0.4776,nan,edge/x86_64,unknown,3.12.3,2026-10-09T18:41:14Z
189,ML-KEM-768,post-quantum,3,encapsulate,0.0313,0.0,0.0,0.303,1184,2400,1088,0,0,0,0,0.0,0.4697,nan,edge/x86_64,unknown,3.12.3,2026-10-09T18:41:14Z
189,ML-KEM-768,post-quantum,3,decapsulate,0.0312,0.0,0.0,0.303,1184,2400,1088,0,0,0,0,0.0,0.4687,nan,edge/x86_64,unknown,3.12.3,2026-10-09T18:41:14Z
190,ML-KEM-768,post-quantum,3,keygen,0.0307,0.0,0.0,0.303,1184,2400,1088,0,0,0,0,0.0,0.4608,nan,edge/x86_64,unknown,3.12.3,2026-10-09T18:41:14Z
190,ML-KEM-768,post-quantum,3,encapsulate,0.0307,0.0,0.0,0.303,1184,2400,1088,0,0,0,0,0.0,0.4608,nan,edge/x86_64,unknown,3.12.3,2026-10-09T18:41:14Z
190,ML-KEM-768,post-quantum,3,decapsulate,0.0305,0.0,0.0,0.303,1184,2400,1088,0,0,0,0,0.0,0.4575,nan,edge/x86_64,unknown,3.12.3,2026-10-09T18:41:14Z
191,ML-KEM-768,post-quantum,3,keygen,0.0305,0.0,0.0,0.303,1184,2400,1088,0,0,0,0,0.0,0.4574,nan,edge/x86_64,unknown,3.12.3,2026-10-09T18:41:14Z
191,ML-KEM-768,post-quantum,3,encapsulate,0.0322,0.0,0.0,0.303,1184,2400,1088,0,0,0,0,0.0,0.4826,nan,edge/x86_64,unknown,3.12.3,2026-10-09T18:41:14Z
191,ML-KEM-768,post-quantum,3,decapsulate,0.0308,0.0,0.0,0.303,1184,2400,1088,0,0,0,0,0.0,0.4622,nan,edge/x86_64,unknown,3.12.3,2026-10-09T18:41:14Z
192,ML-KEM-768,post-quantum,3,keygen,0.0307,0.0,0.0,0.303,1184,2400,1088,0,0,0,0,0.0,0.4609,nan,edge/x86_64,unknown,3.12.3,2026-10-09T18:41:14Z
192,ML-KEM-768,post-quantum,3,encapsulate,0.0305,0.0,0.0,0.303,1184,2400,1088,0,0,0,0,0.0,0.4577,nan,edge/x86_64,unknown,3.12.3,2026-10-09T18:41:14Z
192,ML-KEM-768,post-quantum,3,decapsulate,0.0307,0.0,0.0,0.303,1184,2400,1088,0,0,0,0,0.0,0.4601,nan,edge/x86_64,unknown,3.12.3,2026-10-09T18:41:14Z
193,ML-KEM-768,post-quantum,3,keygen,0.0336,0.0,0.0,0.303,1184,2400,1088,0,0,0,0,0.0,0.5035,nan,edge/x86_64,unknown,3.12.3,2026-10-09T18:41:14Z
193,ML-KEM-768,post-quantum,3,encapsulate,0.0512,0.0,0.0,0.303,1184,2400,1088,0,0,0,0,0.0,0.7687,nan,edge/x86_64,unknown,3.12.3,2026-10-09T18:41:14Z
193,ML-KEM-768,post-quantum,3,decapsulate,0.0331,0.0,0.0,0.303,1184,2400,1088,0,0,0,0,0.0,0.4967,nan,edge/x86_64,unknown,3.12.3,2026-10-09T18:41:14Z
194,ML-KEM-768,post-quantum,3,keygen,0.032,0.0,0.0,0.303,1184,2400,1088,0,0,0,0,0.0,0.4802,nan,edge/x86_64,unknown,3.12.3,2026-10-09T18:41:14Z
194,ML-KEM-768,post-quantum,3,encapsulate,0.0318,0.0,0.0,0.303,1184,2400,1088,0,0,0,0,0.0,0.4768,nan,edge/x86_64,unknown,3.12.3,2026-10-09T18:41:14Z
194,ML-KEM-768,post-quantum,3,decapsulate,0.0648,0.0,0.0,0.303,1184,2400,1088,0,0,0,0,0.0,0.9715,nan,edge/x86_64,unknown,3.12.3,2026-10-09T18:41:14Z
195,ML-KEM-768,post-quantum,3,keygen,0.0353,0.0,0.0,0.303,1184,2400,1088,0,0,0,0,0.0,0.5298,nan,edge/x86_64,unknown,3.12.3,2026-10-09T18:41:14Z
195,ML-KEM-768,post-quantum,3,encapsulate,0.032,0.0,0.0,0.303,1184,2400,1088,0,0,0,0,0.0,0.4805,nan,edge/x86_64,unknown,3.12.3,2026-10-09T18:41:14Z
195,ML-KEM-768,post-quantum,3,decapsulate,0.0315,0.0,0.0,0.303,1184,2400,1088,0,0,0,0,0.0,0.4719,nan,edge/x86_64,unknown,3.12.3,2026-10-09T18:41:14Z
196,ML-KEM-768,post-quantum,3,keygen,0.0317,0.0,0.0,0.303,1184,2400,1088,0,0,0,0,0.0,0.4753,nan,edge/x86_64,unknown,3.12.3,2026-10-09T18:41:14Z
196,ML-KEM-768,post-quantum,3,encapsulate,0.0314,0.0,0.0,0.303,1184,2400,1088,0,0,0,0,0.0,0.4716,nan,edge/x86_64,unknown,3.12.3,2026-10-09T18:41:14Z
196,ML-KEM-768,post-quantum,3,decapsulate,0.0317,0.0,0.0,0.303,1184,2400,1088,0,0,0,0,0.0,0.4762,nan,edge/x86_64,unknown,3.12.3,2026-10-09T18:41:14Z
197,ML-KEM-768,post-quantum,3,keygen,0.0312,0.0,0.0,0.303,1184,2400,1088,0,0,0,0,0.0,0.468,nan,edge/x86_64,unknown,3.12.3,2026-10-09T18:41:14Z
197,ML-KEM-768,post-quantum,3,encapsulate,0.051,0.0,0.0,0.303,1184,2400,1088,0,0,0,0,0.0,0.7647,nan,edge/x86_64,unknown,3.12.3,2026-10-09T18:41:14Z
197,ML-KEM-768,post-quantum,3,decapsulate,0.0333,0.0,0.0,0.303,1184,2400,1088,0,0,0,0,0.0,0.4997,nan,edge/x86_64,unknown,3.12.3,2026-10-09T18:41:14Z
198,ML-KEM-768,post-quantum,3,keygen,0.0322,0.0,0.0,0.303,1184,2400,1088,0,0,0,0,0.0,0.4824,nan,edge/x86_64,unknown,3.12.3,2026-10-09T18:41:14Z
198,ML-KEM-768,post-quantum,3,encapsulate,0.031,0.0,0.0,0.303,1184,2400,1088,0,0,0,0,0.0,0.4652,nan,edge/x86_64,unknown,3.12.3,2026-10-09T18:41:14Z
198,ML-KEM-768,post-quantum,3,decapsulate,0.031,0.0,0.0,0.303,1184,2400,1088,0,0,0,0,0.0,0.4649,nan,edge/x86_64,unknown,3.12.3,2026-10-09T18:41:14Z
199,ML-KEM-768,post-quantum,3,keygen,0.031,0.0,0.0,0.303,1184,2400,1088,0,0,0,0,0.0,0.4653,nan,edge/x86_64,unknown,3.12.3,2026-10-09T18:41:14Z
199,ML-KEM-768,post-quantum,3,encapsulate,0.0308,0.0,0.0,0.303,1184,2400,1088,0,0,0,0,0.0,0.4623,nan,edge/x86_64,unknown,3.12.3,2026-10-09T18:41:14Z
199,ML-KEM-768,post-quantum,3,decapsulate,0.0308,0.0,0.0,0.303,1184,2400,1088,0,0,0,0,0.0,0.4623,nan,edge/x86_64,unknown,3.12.3,2026-10-09T18:41:14Z
0,ML-KEM-1024,post-quantum,5,keygen,0.07,0.0,0.0,0.311,1568,3168,1568,0,0,0,0,0.0,1.0498,nan,edge/x86_64,unknown,3.12.3,2026-10-09T18:41:14Z
0,ML-KEM-1024,post-quantum,5,encapsulate,0.0644,0.0,0.0,0.311,1568,3168,1568,0,0,0,0,0.0,0.9664,nan,edge/x86_64,unknown,3.12.3,2026-10-09T18:41:14Z
0,ML-KEM-1024,post-quantum,5,decapsulate,0.0849,0.0,0.0,0.311,1568,3168,1568,0,0,0,0,0.0,1.273,nan,edge/x86_64,unknown,3.12.3,2026-10-09T18:41:14Z
1,ML-KEM-1024,post-quantum,5,keygen,0.064,0.0,0.0,0.311,1568,3168,1568,0,0,0,0,0.0,0.9594,nan,edge/x86_64,unknown,3.12.3,2026-10-09T18:41:14Z
1,ML-KEM-1024,post-quantum,5,encapsulate,0.0651,0.0,0.0,0.311,1568,3168,1568,0,0,0,0,0.0,0.9759,nan,edge/x86_64,unknown,3.12.3,2026-10-09T18:41:14Z
1,ML-KEM-1024,post-quantum,5,decapsulate,0.0625,0.0,0.0,0.311,1568,3168,1568,0,0,0,0,0.0,0.9369,nan,edge/x86_64,unknown,3.12.3,2026-10-09T18:41:14Z
2,ML-KEM-1024,post-quantum,5,keygen,0.0636,0.0,0.0,0.311,1568,3168,1568,0,0,0,0,0.0,0.9543,nan,edge/x86_64,unknown,3.12.3,2026-10-09T18:41:14Z
2,ML-KEM-1024,post-quantum,5,encapsulate,0.0637,0.0,0.0,0.311,1568,3168,1568,0,0,0,0,0.0,0.9553,nan,edge/x86_64,unknown,3.12.3,2026-10-09T18:41:14Z
2,ML-KEM-1024,post-quantum,5,decapsulate,0.0641,0.0,0.0,0.311,1568,3168,1568,0,0,0,0,0.0,0.9618,nan,edge/x86_64,unknown,3.12.3,2026-10-09T18:41:14Z
3,ML-KEM-1024,post-quantum,5,keygen,0.0635,0.0,0.0,0.311,1568,3168,1568,0,0,0,0,0.0,0.9529,nan,edge/x86_64,unknown,3.12.3,2026-10-09T18:41:14Z
3,ML-KEM-1024,post-quantum,5,encapsulate,0.0655,0.0,0.0,0.311,1568,3168,1568,0,0,0,0,0.0,0.9831,nan,edge/x86_64,unknown,3.12.3,2026-10-09T18:41:14Z
3,ML-KEM-1024,post-quantum,5,decapsulate,0.0612,0.0,0.0,0.311,1568,3168,1568,0,0,0,0,0.0,0.9187,nan,edge/x86_64,unknown,3.12.3,2026-10-09T18:41:14Z
4,ML-KEM-1024,post-quantum,5,keygen,0.0569,0.0,0.0,0.311,1568,3168,1568,0,0,0,0,0.0,0.8532,nan,edge/x86_64,unknown,3.12.3,2026-10-09T18:41:14Z
4,ML-KEM-1024,post-quantum,5,encapsulate,0.0394,0.0,0.0,0.311,1568,3168,1568,0,0,0,0,0.0,0.5904,nan,edge/x86_64,unknown,3.12.3,2026-10-09T18:41:14Z
4,ML-KEM-1024,post-quantum,5,decapsulate,0.0557,0.0,0.0,0.311,1568,3168,1568,0,0,0,0,0.0,0.8352,nan,edge/x86_64,unknown,3.12.3,2026-10-09T18:41:14Z
5,ML-KEM-1024,post-quantum,5,keygen,0.0371,0.0,0.0,0.311,1568,3168,1568,0,0,0,0,0.0,0.5563,nan,edge/x86_64,unknown,3.12.3,2026-10-09T18:41:14Z
5,ML-KEM-1024,post-quantum,5,encapsulate,0.0367,0.0,0.0,0.311,1568,3168,1568,0,0,0,0,0.0,0.55,nan,edge/x86_64,unknown,3.12.3,2026-10-09T18:41:14Z
5,ML-KEM-1024,post-quantum,5,decapsulate,0.0386,0.0,0.0,0.311,1568,3168,1568,0,0,0,0,0.0,0.5786,nan,edge/x86_64,unknown,3.12.3,2026-10-09T18:41:14Z
6,ML-KEM-1024,post-quantum,5,keygen,0.0357,0.0,0.0,0.311,1568,3168,1568,0,0,0,0,0.0,0.5353,nan,edge/x86_64,unknown,3.12.3,2026-10-09T18:41:14Z
6,ML-KEM-1024,post-quantum,5,encapsulate,0.036,0.0,0.0,0.311,1568,3168,1568,0,0,0,0,0.0,0.5394,nan,edge/x86_64,unknown,3.12.3,2026-10-09T18:41:14Z
6,ML-KEM-1024,post-quantum,5,decapsulate,0.0666,0.0,0.0,0.311,1568,3168,1568,0,0,0,0,0.0,0.9993,nan,edge/x86_64,unknown,3.12.3,2026-10-09T18:41:14Z
7,ML-KEM-1024,post-quantum,5,keygen,0.0399,0.0,0.0,0.311,1568,3168,1568,0,0,0,0,0.0,0.5988,nan,edge/x86_64,unknown,3.12.3,2026-10-09T18:41:14Z
7,ML-KEM-1024,post-quantum,5,encapsulate,0.0381,0.0,0.0,0.311,1568,3168,1568,0,0,0,0,0.0,0.5716,nan,edge/x86_64,unknown,3.12.3,2026-10-09T18:41:14Z
7,ML-KEM-1024,post-quantum,5,decapsulate,0.0378,0.0,0.0,0.311,1568,3168,1568,0,0,0,0,0.0,0.5673,nan,edge/x86_64,unknown,3.12.3,2026-10-09T18:41:14Z
8,ML-KEM-1024,post-quantum,5,keygen,0.0358,0.0,0.0,0.311,1568,3168,1568,0,0,0,0,0.0,0.5369,nan,edge/x86_64,unknown,3.12.3,2026-10-09T18:41:14Z
8,ML-KEM-1024,post-quantum,5,encapsulate,0.0358,0.0,0.0,0.311,1568,3168,1568,0,0,0,0,0.0,0.5369,nan,edge/x86_64,unknown,3.12.3,2026-10-09T18:41:14Z
8,ML-KEM-1024,post-quantum,5,decapsulate,0.0368,0.0,0.0,0.311,1568,3168,1568,0,0,0,0,0.0,0.5525,nan,edge/x86_64,unknown,3.12.3,2026-10-09T18:41:14Z
9,ML-KEM-1024,post-quantum,5,keygen,0.0383,0.0,0.0,0.311,1568,3168,1568,0,0,0,0,0.0,0.5741,nan,edge/x86_64,unknown,3.12.3,2026-10-09T18:41:14Z
9,ML-KEM-1024,post-quantum,5,encapsulate,0.0411,0.0,0.0,0.311,1568,3168,1568,0,0,0,0,0.0,0.6167,nan,edge/x86_64,unknown,3.12.3,2026-10-09T18:41:14Z
9,ML-KEM-1024,post-quantum,5,decapsulate,0.0373,0.0,0.0,0.311,1568,3168,1568,0,0,0,0,0.0,0.5593,nan,edge/x86_64,unknown,3.12.3,2026-10-09T18:41:14Z
10,ML-KEM-1024,post-quantum,5,keygen,0.0357,0.0,0.0,0.311,1568,3168,1568,0,0,0,0,0.0,0.5354,nan,edge/x86_64,unknown,3.12.3,2026-10-09T18:41:14Z
10,ML-KEM-1024,post-quantum,5,encapsulate,0.0364,0.0,0.0,0.311,1568,3168,1568,0,0,0,0,0.0,0.5462,nan,edge/x86_64,unknown,3.12.3,2026-10-09T18:41:14Z
10,ML-KEM-1024,post-quantum,5,decapsulate,0.0368,0.0,0.0,0.311,1568,3168,1568,0,0,0,0,0.0,0.5518,nan,edge/x86_64,unknown,3.12.3,2026-10-09T18:41:14Z
11,ML-KEM-1024,post-quantum,5,keygen,0.0355,0.0,0.0,0.311,1568,3168,1568,0,0,0,0,0.0,0.5323,nan,edge/x86_64,unknown,3.12.3,2026-10-09T18:41:14Z
11,ML-KEM-1024,post-quantum,5,encapsulate,0.0356,0.0,0.0,0.311,1568,3168,1568,0,0,0,0,0.0,0.5342,nan,edge/x86_64,unknown,3.12.3,2026-10-09T18:41:14Z
11,ML-KEM-1024,post-quantum,5,decapsulate,0.0369,0.0,0.0,0.311,1568,3168,1568,0,0,0,0,0.0,0.5533,nan,edge/x86_64,unknown,3.12.3,2026-10-09T18:41:14Z
12,ML-KEM-1024,post-quantum,5,keygen,0.0354,0.0,0.0,0.311,1568,3168,1568,0,0,0,0,0.0,0.5311,nan,edge/x86_64,unknown,3.12.3,2026-10-09T18:41:14Z
12,ML-KEM-1024,post-quantum,5,encapsulate,0.0356,0.0,0.0,0.311,1568,3168,1568,0,0,0,0,0.0,0.5342,nan,edge/x86_64,unknown,3.12.3,2026-10-09T18:41:14Z
12,ML-KEM-1024,post-quantum,5,decapsulate,0.0365,0.0,0.0,0.311,1568,3168,1568,0,0,0,0,0.0,0.5474,nan,edge/x86_64,unknown,3.12.3,2026-10-09T18:41:14Z
13,ML-KEM-1024,post-quantum,5,keygen,0.035,0.0,0.0,0.311,1568,3168,1568,0,0,0,0,0.0,0.5252,nan,edge/x86_64,unknown,3.12.3,2026-10-09T18:41:14Z
13,ML-KEM-1024,post-quantum,5,encapsulate,0.036,0.0,0.0,0.311,1568,3168,1568,0,0,0,0,0.0,0.5395,nan,edge/x86_64,unknown,3.12.3,2026-10-09T18:41:14Z
13,ML-KEM-1024,post-quantum,5,decapsulate,0.0403,0.0,0.0,0.311,1568,3168,1568,0,0,0,0,0.0,0.6045,nan,edge/x86_64,unknown,3.12.3,2026-10-09T18:41:14Z
14,ML-KEM-1024,post-quantum,5,keygen,0.0368,0.0,0.0,0.311,1568,3168,1568,0,0,0,0,0.0,0.5522,nan,edge/x86_64,unknown,3.12.3,2026-10-09T18:41:14Z
14,ML-KEM-1024,post-quantum,5,encapsulate,0.0354,0.0,0.0,0.311,1568,3168,1568,0,0,0,0,0.0,0.5309,nan,edge/x86_64,unknown,3.12.3,2026-10-09T18:41:14Z
14,ML-KEM-1024,post-quantum,5,decapsulate,0.0369,0.0,0.0,0.311,1568,3168,1568,0,0,0,0,0.0,0.553,nan,edge/x86_64,unknown,3.12.3,2026-10-09T18:41:14Z
15,ML-KEM-1024,post-quantum,5,keygen,0.0358,0.0,0.0,0.311,1568,3168,1568,0,0,0,0,0.0,0.5367,nan,edge/x86_64,unknown,3.12.3,2026-10-09T18:41:14Z
15,ML-KEM-1024,post-quantum,5,encapsulate,0.0371,0.0,0.0,0.311,1568,3168,1568,0,0,0,0,0.0,0.5567,nan,edge/x86_64,unknown,3.12.3,2026-10-09T18:41:14Z
15,ML-KEM-1024,post-quantum,5,decapsulate,0.0641,0.0,0.0,0.311,1568,3168,1568,0,0,0,0,0.0,0.9621,nan,edge/x86_64,unknown,3.12.3,2026-10-09T18:41:14Z
16,ML-KEM-1024,post-quantum,5,keygen,0.0538,0.0,0.0,0.311,1568,3168,1568,0,0,0,0,0.0,0.807,nan,edge/x86_64,unknown,3.12.3,2026-10-09T18:41:14Z
16,ML-KEM-1024,post-quantum,5,encapsulate,0.0594,0.0,0.0,0.311,1568,3168,1568,0,0,0,0,0.0,0.8913,nan,edge/x86_64,unknown,3.12.3,2026-10-09T18:41:14Z
16,ML-KEM-1024,post-quantum,5,decapsulate,0.0465,0.0,0.0,0.311,1568,3168,1568,0,0,0,0,0.0,0.6973,nan,edge/x86_64,unknown,3.12.3,2026-10-09T18:41:14Z
17,ML-KEM-1024,post-quantum,5,keygen,0.0518,0.0,0.0,0.311,1568,3168,1568,0,0,0,0,0.0,0.777,nan,edge/x86_64,unknown,3.12.3,2026-10-09T18:41:14Z
17,ML-KEM-1024,post-quantum,5,encapsulate,0.0685,0.0,0.0,0.311,1568,3168,1568,0,0,0,0,0.0,1.0271,nan,edge/x86_64,unknown,3.12.3,2026-10-09T18:41:14Z
17,ML-KEM-1024,post-quantum,5,decapsulate,0.0474,0.0,0.0,0.311,1568,3168,1568,0,0,0,0,0.0,0.7104,nan,edge/x86_64,unknown,3.12.3,2026-10-09T18:41:14Z
18,ML-KEM-1024,post-quantum,5,keygen,0.0371,0.0,0.0,0.311,1568,3168,1568,0,0,0,0,0.0,0.556,nan,edge/x86_64,unknown,3.12.3,2026-10-09T18:41:14Z
18,ML-KEM-1024,post-quantum,5,encapsulate,0.0364,0.0,0.0,0.311,1568,3168,1568,0,0,0,0,0.0,0.5463,nan,edge/x86_64,unknown,3.12.3,2026-10-09T18:41:14Z
18,ML-KEM-1024,post-quantum,5,decapsulate,0.0366,0.0,0.0,0.311,1568,3168,1568,0,0,0,0,0.0,0.5489,nan,edge/x86_64,unknown,3.12.3,2026-10-09T18:41:14Z
19,ML-KEM-1024,post-quantum,5,keygen,0.0361,0.0,0.0,0.311,1568,3168,1568,0,0,0,0,0.0,0.5418,nan,edge/x86_64,unknown,3.12.3,2026-10-09T18:41:14Z
19,ML-KEM-1024,post-quantum,5,encapsulate,0.0437,0.0,0.0,0.311,1568,3168,1568,0,0,0,0,0.0,0.6561,nan,edge/x86_64,unknown,3.12.3,2026-10-09T18:41:14Z
19,ML-KEM-1024,post-quantum,5,decapsulate,0.0498,0.0,0.0,0.311,1568,3168,1568,0,0,0,0,0.0,0.7463,nan,edge/x86_64,unknown,3.12.3,2026-10-09T18:41:14Z
20,ML-KEM-1024,post-quantum,5,keygen,0.0363,0.0,0.0,0.311,1568,3168,1568,0,0,0,0,0.0,0.5443,nan,edge/x86_64,unknown,3.12.3,2026-10-09T18:41:14Z
20,ML-KEM-1024,post-quantum,5,encapsulate,0.0359,0.0,0.0,0.311,1568,3168,1568,0,0,0,0,0.0,0.5382,nan,edge/x86_64,unknown,3.12.3,2026-10-09T18:41:14Z
20,ML-KEM-1024,post-quantum,5,decapsulate,0.0366,0.0,0.0,0.311,1568,3168,1568,0,0,0,0,0.0,0.5497,nan,edge/x86_64,unknown,3.12.3,2026-10-09T18:41:14Z
21,ML-KEM-1024,post-quantum,5,keygen,0.0354,0.0,0.0,0.311,1568,3168,1568,0,0,0,0,0.0,0.531,nan,edge/x86_64,unknown,3.12.3,2026-10-09T18:41:14Z
21,ML-KEM-1024,post-quantum,5,encapsulate,0.0375,0.0,0.0,0.311,1568,3168,1568,0,0,0,0,0.0,0.5618,nan,edge/x86_64,unknown,3.12.3,2026-10-09T18:41:14Z
21,ML-KEM-1024,post-quantum,5,decapsulate,0.0561,0.0,0.0,0.311,1568,3168,1568,0,0,0,0,0.0,0.8416,nan,edge/x86_64,unknown,3.12.3,2026-10-09T18:41:14Z
22,ML-KEM-1024,post-quantum,5,keygen,0.0369,0.0,0.0,0.311,1568,3168,1568,0,0,0,0,0.0,0.5539,nan,edge/x86_64,unknown,3.12.3,2026-10-09T18:41:14Z
22,ML-KEM-1024,post-quantum,5,encapsulate,0.0359,0.0,0.0,0.311,1568,3168,1568,0,0,0,0,0.0,0.538,nan,edge/x86_64,unknown,3.12.3,2026-10-09T18:41:14Z
22,ML-KEM-1024,post-quantum,5,decapsulate,0.0369,0.0,0.0,0.311,1568,3168,1568,0,0,0,0,0.0,0.5539,nan,edge/x86_64,unknown,3.12.3,2026-10-09T18:41:14Z
23,ML-KEM-1024,post-quantum,5,keygen,0.0349,0.0,0.0,0.311,1568,3168,1568,0,0,0,0,0.0,0.5237,nan,edge/x86_64,unknown,3.12.3,2026-10-09T18:41:14Z
23,ML-KEM-1024,post-quantum,5,encapsulate,0.0354,0.0,0.0,0.311,1568,3168,1568,0,0,0,0,0.0,0.531,nan,edge/x86_64,unknown,3.12.3,2026-10-09T18:41:14Z
23,ML-KEM-1024,post-quantum,5,decapsulate,0.036,0.0,0.0,0.311,1568,3168,1568,0,0,0,0,0.0,0.5394,nan,edge/x86_64,unknown,3.12.3,2026-10-09T18:41:14Z
24,ML-KEM-1024,post-quantum,5,keygen,0.0634,0.0,0.0,0.311,1568,3168,1568,0,0,0,0,0.0,0.9509,nan,edge/x86_64,unknown,3.12.3,2026-10-09T18:41:14Z
24,ML-KEM-1024,post-quantum,5,encapsulate,0.0391,0.0,0.0,0.311,1568,3168,1568,0,0,0,0,0.0,0.5866,nan,edge/x86_64,unknown,3.12.3,2026-10-09T18:41:14Z
24,ML-KEM-1024,post-quantum,5,decapsulate,0.0377,0.0,0.0,0.311,1568,3168,1568,0,0,0,0,0.0,0.5659,nan,edge/x86_64,unknown,3.12.3,2026-10-09T18:41:14Z
25,ML-KEM-1024,post-quantum,5,keygen,0.0358,0.0,0.0,0.311,1568,3168,1568,0,0,0,0,0.0,0.5371,nan,edge/x86_64,unknown,3.12.3,2026-10-09T18:41:14Z
25,ML-KEM-1024,post-quantum,5,encapsulate,0.0364,0.0,0.0,0.311,1568,3168,1568,0,0,0,0,0.0,0.5455,nan,edge/x86_64,unknown,3.12.3,2026-10-09T18:41:14Z
25,ML-KEM-1024,post-quantum,5,decapsulate,0.0365,0.0,0.0,0.311,1568,3168,1568,0,0,0,0,0.0,0.5482,nan,edge/x86_64,unknown,3.12.3,2026-10-09T18:41:14Z
26,ML-KEM-1024,post-quantum,5,keygen,0.0355,0.0,0.0,0.311,1568,3168,1568,0,0,0,0,0.0,0.5321,nan,edge/x86_64,unknown,3.12.3,2026-10-09T18:41:14Z
26,ML-KEM-1024,post-quantum,5,encapsulate,0.0415,0.0,0.0,0.311,1568,3168,1568,0,0,0,0,0.0,0.6231,nan,edge/x86_64,unknown,3.12.3,2026-10-09T18:41:14Z
26,ML-KEM-1024,post-quantum,5,decapsulate,0.037,0.0,0.0,0.311,1568,3168,1568,0,0,0,0,0.0,0.5547,nan,edge/x86_64,unknown,3.12.3,2026-10-09T18:41:14Z
27,ML-KEM-1024,post-quantum,5,keygen,0.036,0.0,0.0,0.311,1568,3168,1568,0,0,0,0,0.0,0.5405,nan,edge/x86_64,unknown,3.12.3,2026-10-09T18:41:14Z
27,ML-KEM-1024,post-quantum,5,encapsulate,0.0375,0.0,0.0,0.311,1568,3168,1568,0,0,0,0,0.0,0.562,nan,edge/x86_64,unknown,3.12.3,2026-10-09T18:41:14Z
27,ML-KEM-1024,post-quantum,5,decapsulate,0.0367,0.0,0.0,0.311,1568,3168,1568,0,0,0,0,0.0,0.5505,nan,edge/x86_64,unknown,3.12.3,2026-10-09T18:41:14Z
28,ML-KEM-1024,post-quantum,5,keygen,0.0398,0.0,0.0,0.311,1568,3168,1568,0,0,0,0,0.0,0.5971,nan,edge/x86_64,unknown,3.12.3,2026-10-09T18:41:14Z
28,ML-KEM-1024,post-quantum,5,encapsulate,0.0361,0.0,0.0,0.311,1568,3168,1568,0,0,0,0,0.0,0.5422,nan,edge/x86_64,unknown,3.12.3,2026-10-09T18:41:14Z
28,ML-KEM-1024,post-quantum,5,decapsulate,0.0369,0.0,0.0,0.311,1568,3168,1568,0,0,0,0,0.0,0.5535,nan,edge/x86_64,unknown,3.12.3,2026-10-09T18:41:14Z
29,ML-KEM-1024,post-quantum,5,keygen,0.0361,0.0,0.0,0.311,1568,3168,1568,0,0,0,0,0.0,0.5409,nan,edge/x86_64,unknown,3.12.3,2026-10-09T18:41:14Z
29,ML-KEM-1024,post-quantum,5,encapsulate,0.0361,0.0,0.0,0.311,1568,3168,1568,0,0,0,0,0.0,0.5411,nan,edge/x86_64,unknown,3.12.3,2026-10-09T18:41:14Z
29,ML-KEM-1024,post-quantum,5,decapsulate,0.0376,0.0,0.0,0.311,1568,3168,1568,0,0,0,0,0.0,0.5642,nan,edge/x86_64,unknown,3.12.3,2026-10-09T18:41:14Z
30,ML-KEM-1024,post-quantum,5,keygen,0.0356,0.0,0.0,0.311,1568,3168,1568,0,0,0,0,0.0,0.534,nan,edge/x86_64,unknown,3.12.3,2026-10-09T18:41:14Z
30,ML-KEM-1024,post-quantum,5,encapsulate,0.0358,0.0,0.0,0.311,1568,3168,1568,0,0,0,0,0.0,0.5364,nan,edge/x86_64,unknown,3.12.3,2026-10-09T18:41:14Z
30,ML-KEM-1024,post-quantum,5,decapsulate,0.0493,0.0,0.0,0.311,1568,3168,1568,0,0,0,0,0.0,0.74,nan,edge/x86_64,unknown,3.12.3,2026-10-09T18:41:14Z
31,ML-KEM-1024,post-quantum,5,keygen,0.037,0.0,0.0,0.311,1568,3168,1568,0,0,0,0,0.0,0.5543,nan,edge/x86_64,unknown,3.12.3,2026-10-09T18:41:14Z
31,ML-KEM-1024,post-quantum,5,encapsulate,0.036,0.0,0.0,0.311,1568,3168,1568,0,0,0,0,0.0,0.54,nan,edge/x86_64,unknown,3.12.3,2026-10-09T18:41:14Z
31,ML-KEM-1024,post-quantum,5,decapsulate,0.0365,0.0,0.0,0.311,1568,3168,1568,0,0,0,0,0.0,0.5478,nan,edge/x86_64,unknown,3.12.3,2026-10-09T18:41:14Z
32,ML-KEM-1024,post-quantum,5,keygen,0.0353,0.0,0.0,0.311,1568,3168,1568,0,0,0,0,0.0,0.529,nan,edge/x86_64,unknown,3.12.3,2026-10-09T18:41:14Z
32,ML-KEM-1024,post-quantum,5,encapsulate,0.0356,0.0,0.0,0.311,1568,3168,1568,0,0,0,0,0.0,0.5337,nan,edge/x86_64,unknown,3.12.3,2026-10-09T18:41:14Z
32,ML-KEM-1024,post-quantum,5,decapsulate,0.0376,0.0,0.0,0.311,1568,3168,1568,0,0,0,0,0.0,0.5638,nan,edge/x86_64,unknown,3.12.3,2026-10-09T18:41:14Z
33,ML-KEM-1024,post-quantum,5,keygen,0.0617,0.0,0.0,0.311,1568,3168,1568,0,0,0,0,0.0,0.9261,nan,edge/x86_64,unknown,3.12.3,2026-10-09T18:41:14Z
33,ML-KEM-1024,post-quantum,5,encapsulate,0.0405,0.0,0.0,0.311,1568,3168,1568,0,0,0,0,0.0,0.6076,nan,edge/x86_64,unknown,3.12.3,2026-10-09T18:41:14Z
33,ML-KEM-1024,post-quantum,5,decapsulate,0.0373,0.0,0.0,0.311,1568,3168,1568,0,0,0,0,0.0,0.5596,nan,edge/x86_64,unknown,3.12.3,2026-10-09T18:41:14Z
34,ML-KEM-1024,post-quantum,5,keygen,0.0361,0.0,0.0,0.311,1568,3168,1568,0,0,0,0,0.0,0.5421,nan,edge/x86_64,unknown,3.12.3,2026-10-09T18:41:14Z
34,ML-KEM-1024,post-quantum,5,encapsulate,0.0365,0.0,0.0,0.311,1568,3168,1568,0,0,0,0,0.0,0.5474,nan,edge/x86_64,unknown,3.12.3,2026-10-09T18:41:14Z
34,ML-KEM-1024,post-quantum,5,decapsulate,0.0372,0.0,0.0,0.311,1568,3168,1568,0,0,0,0,0.0,0.5575,nan,edge/x86_64,unknown,3.12.3,2026-10-09T18:41:14Z
35,ML-KEM-1024,post-quantum,5,keygen,0.0356,0.0,0.0,0.311,1568,3168,1568,0,0,0,0,0.0,0.5339,nan,edge/x86_64,unknown,3.12.3,2026-10-09T18:41:14Z
35,ML-KEM-1024,post-quantum,5,encapsulate,0.0385,0.0,0.0,0.311,1568,3168,1568,0,0,0,0,0.0,0.578,nan,edge/x86_64,unknown,3.12.3,2026-10-09T18:41:14Z
35,ML-KEM-1024,post-quantum,5,decapsulate,0.037,0.0,0.0,0.311,1568,3168,1568,0,0,0,0,0.0,0.5551,nan,edge/x86_64,unknown,3.12.3,2026-10-09T18:41:14Z
36,ML-KEM-1024,post-quantum,5,keygen,0.0355,0.0,0.0,0.311,1568,3168,1568,0,0,0,0,0.0,0.5328,nan,edge/x86_64,unknown,3.12.3,2026-10-09T18:41:14Z
36,ML-KEM-1024,post-quantum,5,encapsulate,0.0361,0.0,0.0,0.311,1568,3168,1568,0,0,0,0,0.0,0.5421,nan,edge/x86_64,unknown,3.12.3,2026-10-09T18:41:14Z
36,ML-KEM-1024,post-quantum,5,decapsulate,0.0379,0.0,0.0,0.311,1568,3168,1568,0,0,0,0,0.0,0.5692,nan,edge/x86_64,unknown,3.12.3,2026-10-09T18:41:14Z
37,ML-KEM-1024,post-quantum,5,keygen,0.0653,0.0,0.0,0.311,1568,3168,1568,0,0,0,0,0.0,0.9789,nan,edge/x86_64,unknown,3.12.3,2026-10-09T18:41:14Z
37,ML-KEM-1024,post-quantum,5,encapsulate,0.0597,0.0,0.0,0.311,1568,3168,1568,0,0,0,0,0.0,0.8953,nan,edge/x86_64,unknown,3.12.3,2026-10-09T18:41:14Z
37,ML-KEM-1024,post-quantum,5,decapsulate,0.038,0.0,0.0,0.311,1568,3168,1568,0,0,0,0,0.0,0.5693,nan,edge/x86_64,unknown,3.12.3,2026-10-09T18:41:14Z
38,ML-KEM-1024,post-quantum,5,keygen,0.0361,0.0,0.0,0.311,1568,3168,1568,0,0,0,0,0.0,0.5421,nan,edge/x86_64,unknown,3.12.3,2026-10-09T18:41:14Z
38,ML-KEM-1024,post-quantum,5,encapsulate,0.0362,0.0,0.0,0.311,1568,3168,1568,0,0,0,0,0.0,0.5426,nan,edge/x86_64,unknown,3.12.3,2026-10-09T18:41:14Z
38,ML-KEM-1024,post-quantum,5,decapsulate,0.0371,0.0,0.0,0.311,1568,3168,1568,0,0,0,0,0.0,0.5563,nan,edge/x86_64,unknown,3.12.3,2026-10-09T18:41:14Z
39,ML-KEM-1024,post-quantum,5,keygen,0.0405,0.0,0.0,0.311,1568,3168,1568,0,0,0,0,0.0,0.6075,nan,edge/x86_64,unknown,3.12.3,2026-10-09T18:41:14Z
39,ML-KEM-1024,post-quantum,5,encapsulate,0.0404,0.0,0.0,0.311,1568,3168,1568,0,0,0,0,0.0,0.6055,nan,edge/x86_64,unknown,3.12.3,2026-10-09T18:41:14Z
39,ML-KEM-1024,post-quantum,5,decapsulate,0.037,0.0,0.0,0.311,1568,3168,1568,0,0,0,0,0.0,0.5549,nan,edge/x86_64,unknown,3.12.3,2026-10-09T18:41:14Z
40,ML-KEM-1024,post-quantum,5,keygen,0.0353,0.0,0.0,0.311,1568,3168,1568,0,0,0,0,0.0,0.5292,nan,edge/x86_64,unknown,3.12.3,2026-10-09T18:41:14Z
40,ML-KEM-1024,post-quantum,5,encapsulate,0.0359,0.0,0.0,0.311,1568,3168,1568,0,0,0,0,0.0,0.538,nan,edge/x86_64,unknown,3.12.3,2026-10-09T18:41:14Z
40,ML-KEM-1024,post-quantum,5,decapsulate,0.0364,0.0,0.0,0.311,1568,3168,1568,0,0,0,0,0.0,0.5457,nan,edge/x86_64,unknown,3.12.3,2026-10-09T18:41:14Z
41,ML-KEM-1024,post-quantum,5,keygen,0.0352,0.0,0.0,0.311,1568,3168,1568,0,0,0,0,0.0,0.528,nan,edge/x86_64,unknown,3.12.3,2026-10-09T18:41:14Z
41,ML-KEM-1024,post-quantum,5,encapsulate,0.0356,0.0,0.0,0.311,1568,3168,1568,0,0,0,0,0.0,0.5347,nan,edge/x86_64,unknown,3.12.3,2026-10-09T18:41:14Z
41,ML-KEM-1024,post-quantum,5,decapsulate,0.0615,0.0,0.0,0.311,1568,3168,1568,0,0,0,0,0.0,0.9227,nan,edge/x86_64,unknown,3.12.3,2026-10-09T18:41:14Z
42,ML-KEM-1024,post-quantum,5,keygen,0.0396,0.0,0.0,0.311,1568,3168,1568,0,0,0,0,0.0,0.5943,nan,edge/x86_64,unknown,3.12.3,2026-10-09T18:41:14Z
42,ML-KEM-1024,post-quantum,5,encapsulate,0.0371,0.0,0.0,0.311,1568,3168,1568,0,0,0,0,0.0,0.5564,nan,edge/x86_64,unknown,3.12.3,2026-10-09T18:41:14Z
42,ML-KEM-1024,post-quantum,5,decapsulate,0.037,0.0,0.0,0.311,1568,3168,1568,0,0,0,0,0.0,0.555,nan,edge/x86_64,unknown,3.12.3,2026-10-09T18:41:14Z
43,ML-KEM-1024,post-quantum,5,keygen,0.0357,0.0,0.0,0.311,1568,3168,1568,0,0,0,0,0.0,0.5362,nan,edge/x86_64,unknown,3.12.3,2026-10-09T18:41:14Z
43,ML-KEM-1024,post-quantum,5,encapsulate,0.0356,0.0,0.0,0.311,1568,3168,1568,0,0,0,0,0.0,0.5341,nan,edge/x86_64,unknown,3.12.3,2026-10-09T18:41:14Z
43,ML-KEM-1024,post-quantum,5,decapsulate,0.052,0.0,0.0,0.311,1568,3168,1568,0,0,0,0,0.0,0.7802,nan,edge/x86_64,unknown,3.12.3,2026-10-09T18:41:14Z
44,ML-KEM-1024,post-quantum,5,keygen,0.0365,0.0,0.0,0.311,1568,3168,1568,0,0,0,0,0.0,0.5468,nan,edge/x86_64,unknown,3.12.3,2026-10-09T18:41:14Z
44,ML-KEM-1024,post-quantum,5,encapsulate,0.0362,0.0,0.0,0.311,1568,3168,1568,0,0,0,0,0.0,0.5424,nan,edge/x86_64,unknown,3.12.3,2026-10-09T18:41:14Z
44,ML-KEM-1024,post-quantum,5,decapsulate,0.0368,0.0,0.0,0.311,1568,3168,1568,0,0,0,0,0.0,0.5524,nan,edge/x86_64,unknown,3.12.3,2026-10-09T18:41:14Z
45,ML-KEM-1024,post-quantum,5,keygen,0.0354,0.0,0.0,0.311,1568,3168,1568,0,0,0,0,0.0,0.5308,nan,edge/x86_64,unknown,3.12.3,2026-10-09T18:41:14Z
45,ML-KEM-1024,post-quantum,5,encapsulate,0.0434,0.0,0.0,0.311,1568,3168,1568,0,0,0,0,0.0,0.6511,nan,edge/x86_64,unknown,3.12.3,2026-10-09T18:41:14Z
45,ML-KEM-1024,post-quantum,5,decapsulate,0.037,0.0,0.0,0.311,1568,3168,1568,0,0,0,0,0.0,0.5557,nan,edge/x86_64,unknown,3.12.3,2026-10-09T18:41:14Z
46,ML-KEM-1024,post-quantum,5,keygen,0.035,0.0,0.0,0.311,1568,3168,1568,0,0,0,0,0.0,0.5243,nan,edge/x86_64,unknown,3.12.3,2026-10-09T18:41:14Z
46,ML-KEM-1024,post-quantum,5,encapsulate,0.0359,0.0,0.0,0.311,1568,3168,1568,0,0,0,0,0.0,0.5381,nan,edge/x86_64,unknown,3.12.3,2026-10-09T18:41:14Z
46,ML-KEM-1024,post-quantum,5,decapsulate,0.0364,0.0,0.0,0.311,1568,3168,1568,0,0,0,0,0.0,0.5461,nan,edge/x86_64,unknown,3.12.3,2026-10-09T18:41:14Z
47,ML-KEM-1024,post-quantum,5,keygen,0.035,0.0,0.0,0.311,1568,3168,1568,0,0,0,0,0.0,0.5252,nan,edge/x86_64,unknown,3.12.3,2026-10-09T18:41:14Z
47,ML-KEM-1024,post-quantum,5,encapsulate,0.0353,0.0,0.0,0.311,1568,3168,1568,0,0,0,0,0.0,0.5292,nan,edge/x86_64,unknown,3.12.3,2026-10-09T18:41:14Z
47,ML-KEM-1024,post-quantum,5,decapsulate,0.0364,0.0,0.0,0.311,1568,3168,1568,0,0,0,0,0.0,0.5456,nan,edge/x86_64,unknown,3.12.3,2026-10-09T18:41:14Z
48,ML-KEM-1024,post-quantum,5,keygen,0.0353,0.0,0.0,0.311,1568,3168,1568,0,0,0,0,0.0,0.5294,nan,edge/x86_64,unknown,3.12.3,2026-10-09T18:41:14Z
48,ML-KEM-1024,post-quantum,5,encapsulate,0.0471,0.0,0.0,0.311,1568,3168,1568,0,0,0,0,0.0,0.7068,nan,edge/x86_64,unknown,3.12.3,2026-10-09T18:41:14Z
48,ML-KEM-1024,post-quantum,5,decapsulate,0.038,0.0,0.0,0.311,1568,3168,1568,0,0,0,0,0.0,0.5705,nan,edge/x86_64,unknown,3.12.3,2026-10-09T18:41:14Z
49,ML-KEM-1024,post-quantum,5,keygen,0.0356,0.0,0.0,0.311,1568,3168,1568,0,0,0,0,0.0,0.5333,nan,edge/x86_64,unknown,3.12.3,2026-10-09T18:41:14Z
49,ML-KEM-1024,post-quantum,5,encapsulate,0.0356,0.0,0.0,0.311,1568,3168,1568,0,0,0,0,0.0,0.5343,nan,edge/x86_64,unknown,3.12.3,2026-10-09T18:41:14Z
49,ML-KEM-1024,post-quantum,5,decapsulate,0.0364,0.0,0.0,0.311,1568,3168,1568,0,0,0,0,0.0,0.5455,nan,edge/x86_64,unknown,3.12.3,2026-10-09T18:41:14Z
50,ML-KEM-1024,post-quantum,5,keygen,0.035,0.0,0.0,0.311,1568,3168,1568,0,0,0,0,0.0,0.525,nan,edge/x86_64,unknown,3.12.3,2026-10-09T18:41:14Z
50,ML-KEM-1024,post-quantum,5,encapsulate,0.036,0.0,0.0,0.311,1568,3168,1568,0,0,0,0,0.0,0.5398,nan,edge/x86_64,unknown,3.12.3,2026-10-09T18:41:14Z
50,ML-KEM-1024,post-quantum,5,decapsulate,0.0363,0.0,0.0,0.311,1568,3168,1568,0,0,0,0,0.0,0.544,nan,edge/x86_64,unknown,3.12.3,2026-10-09T18:41:14Z
51,ML-KEM-1024,post-quantum,5,keygen,0.0415,0.0,0.0,0.311,1568,3168,1568,0,0,0,0,0.0,0.6227,nan,edge/x86_64,unknown,3.12.3,2026-10-09T18:41:14Z
51,ML-KEM-1024,post-quantum,5,encapsulate,0.0383,0.0,0.0,0.311,1568,3168,1568,0,0,0,0,0.0,0.5746,nan,edge/x86_64,unknown,3.12.3,2026-10-09T18:41:14Z
51,ML-KEM-1024,post-quantum,5,decapsulate,0.0414,0.0,0.0,0.311,1568,3168,1568,0,0,0,0,0.0,0.6204,nan,edge/x86_64,unknown,3.12.3,2026-10-09T18:41:14Z
52,ML-KEM-1024,post-quantum,5,keygen,0.0355,0.0,0.0,0.311,1568,3168,1568,0,0,0,0,0.0,0.5332,nan,edge/x86_64,unknown,3.12.3,2026-10-09T18:41:14Z
52,ML-KEM-1024,post-quantum,5,encapsulate,0.036,0.0,0.0,0.311,1568,3168,1568,0,0,0,0,0.0,0.5406,nan,edge/x86_64,unknown,3.12.3,2026-10-09T18:41:14Z
52,ML-KEM-1024,post-quantum,5,decapsulate,0.0367,0.0,0.0,0.311,1568,3168,1568,0,0,0,0,0.0,0.551,nan,edge/x86_64,unknown,3.12.3,2026-10-09T18:41:14Z
53,ML-KEM-1024,post-quantum,5,keygen,0.038,0.0,0.0,0.311,1568,3168,1568,0,0,0,0,0.0,0.5699,nan,edge/x86_64,unknown,3.12.3,2026-10-09T18:41:14Z
53,ML-KEM-1024,post-quantum,5,encapsulate,0.0358,0.0,0.0,0.311,1568,3168,1568,0,0,0,0,0.0,0.5376,nan,edge/x86_64,unknown,3.12.3,2026-10-09T18:41:14Z
53,ML-KEM-1024,post-quantum,5,decapsulate,0.0373,0.0,0.0,0.311,1568,3168,1568,0,0,0,0,0.0,0.5592,nan,edge/x86_64,unknown,3.12.3,2026-10-09T18:41:14Z
54,ML-KEM-1024,post-quantum,5,keygen,0.0348,0.0,0.0,0.311,1568,3168,1568,0,0,0,0,0.0,0.5221,nan,edge/x86_64,unknown,3.12.3,2026-10-09T18:41:14Z
54,ML-KEM-1024,post-quantum,5,encapsulate,0.0356,0.0,0.0,0.311,1568,3168,1568,0,0,0,0,0.0,0.5347,nan,edge/x86_64,unknown,3.12.3,2026-10-09T18:41:14Z
54,ML-KEM-1024,post-quantum,5,decapsulate,0.1538,0.0,0.0,0.311,1568,3168,1568,0,0,0,0,0.0,2.3068,nan,edge/x86_64,unknown,3.12.3,2026-10-09T18:41:14Z
55,ML-KEM-1024,post-quantum,5,keygen,0.0761,0.0,0.0,0.311,1568,3168,1568,0,0,0,0,0.0,1.142,nan,edge/x86_64,unknown,3.12.3,2026-10-09T18:41:14Z
55,ML-KEM-1024,post-quantum,5,encapsulate,0.0599,0.0,0.0,0.311,1568,3168,1568,0,0,0,0,0.0,0.8984,nan,edge/x86_64,unknown,3.12.3,2026-10-09T18:41:14Z
55,ML-KEM-1024,post-quantum,5,decapsulate,0.0594,0.0,0.0,0.311,1568,3168,1568,0,0,0,0,0.0,0.8911,nan,edge/x86_64,unknown,3.12.3,2026-10-09T18:41:14Z
56,ML-KEM-1024,post-quantum,5,keygen,0.0759,0.0,0.0,0.311,1568,3168,1568,0,0,0,0,0.0,1.1385,nan,edge/x86_64,unknown,3.12.3,2026-10-09T18:41:14Z
56,ML-KEM-1024,post-quantum,5,encapsulate,0.0563,0.0,0.0,0.311,1568,3168,1568,0,0,0,0,0.0,0.8439,nan,edge/x86_64,unknown,3.12.3,2026-10-09T18:41:14Z
56,ML-KEM-1024,post-quantum,5,decapsulate,0.0579,0.0,0.0,0.311,1568,3168,1568,0,0,0,0,0.0,0.8681,nan,edge/x86_64,unknown,3.12.3,2026-10-09T18:41:14Z
57,ML-KEM-1024,post-quantum,5,keygen,0.0692,0.0,0.0,0.311,1568,3168,1568,0,0,0,0,0.0,1.0374,nan,edge/x86_64,unknown,3.12.3,2026-10-09T18:41:14Z
57,ML-KEM-1024,post-quantum,5,encapsulate,0.0577,0.0,0.0,0.311,1568,3168,1568,0,0,0,0,0.0,0.8648,nan,edge/x86_64,unknown,3.12.3,2026-10-09T18:41:14Z
57,ML-KEM-1024,post-quantum,5,decapsulate,0.0569,0.0,0.0,0.311,1568,3168,1568,0,0,0,0,0.0,0.8534,nan,edge/x86_64,unknown,3.12.3,2026-10-09T18:41:14Z
58,ML-KEM-1024,post-quantum,5,keygen,0.0564,0.0,0.0,0.311,1568,3168,1568,0,0,0,0,0.0,0.8456,nan,edge/x86_64,unknown,3.12.3,2026-10-09T18:41:14Z
58,ML-KEM-1024,post-quantum,5,encapsulate,0.0583,0.0,0.0,0.311,1568,3168,1568,0,0,0,0,0.0,0.875,nan,edge/x86_64,unknown,3.12.3,2026-10-09T18:41:14Z
58,ML-KEM-1024,post-quantum,5,decapsulate,0.0661,0.0,0.0,0.311,1568,3168,1568,0,0,0,0,0.0,0.9919,nan,edge/x86_64,unknown,3.12.3,2026-10-09T18:41:14Z
59,ML-KEM-1024,post-quantum,5,keygen,0.0845,0.0,0.0,0.311,1568,3168,1568,0,0,0,0,0.0,1.2668,nan,edge/x86_64,unknown,3.12.3,2026-10-09T18:41:14Z
59,ML-KEM-1024,post-quantum,5,encapsulate,0.0609,0.0,0.0,0.311,1568,3168,1568,0,0,0,0,0.0,0.914,nan,edge/x86_64,unknown,3.12.3,2026-10-09T18:41:14Z
59,ML-KEM-1024,post-quantum,5,decapsulate,0.0581,0.0,0.0,0.311,1568,3168,1568,0,0,0,0,0.0,0.8708,nan,edge/x86_64,unknown,3.12.3,2026-10-09T18:41:14Z
60,ML-KEM-1024,post-quantum,5,keygen,0.0576,0.0,0.0,0.311,1568,3168,1568,0,0,0,0,0.0,0.8635,nan,edge/x86_64,unknown,3.12.3,2026-10-09T18:41:14Z
60,ML-KEM-1024,post-quantum,5,encapsulate,0.056,0.0,0.0,0.311,1568,3168,1568,0,0,0,0,0.0,0.8407,nan,edge/x86_64,unknown,3.12.3,2026-10-09T18:41:14Z
60,ML-KEM-1024,post-quantum,5,decapsulate,0.0578,0.0,0.0,0.311,1568,3168,1568,0,0,0,0,0.0,0.8676,nan,edge/x86_64,unknown,3.12.3,2026-10-09T18:41:14Z
61,ML-KEM-1024,post-quantum,5,keygen,0.0542,0.0,0.0,0.311,1568,3168,1568,0,0,0,0,0.0,0.8135,nan,edge/x86_64,unknown,3.12.3,2026-10-09T18:41:14Z
61,ML-KEM-1024,post-quantum,5,encapsulate,0.0552,0.0,0.0,0.311,1568,3168,1568,0,0,0,0,0.0,0.8285,nan,edge/x86_64,unknown,3.12.3,2026-10-09T18:41:14Z
61,ML-KEM-1024,post-quantum,5,decapsulate,0.0545,0.0,0.0,0.311,1568,3168,1568,0,0,0,0,0.0,0.8174,nan,edge/x86_64,unknown,3.12.3,2026-10-09T18:41:14Z
62,ML-KEM-1024,post-quantum,5,keygen,0.0536,0.0,0.0,0.311,1568,3168,1568,0,0,0,0,0.0,0.8043,nan,edge/x86_64,unknown,3.12.3,2026-10-09T18:41:14Z
62,ML-KEM-1024,post-quantum,5,encapsulate,0.0575,0.0,0.0,0.311,1568,3168,1568,0,0,0,0,0.0,0.8619,nan,edge/x86_64,unknown,3.12.3,2026-10-09T18:41:14Z
62,ML-KEM-1024,post-quantum,5,decapsulate,0.0573,0.0,0.0,0.311,1568,3168,1568,0,0,0,0,0.0,0.86,nan,edge/x86_64,unknown,3.12.3,2026-10-09T18:41:14Z
63,ML-KEM-1024,post-quantum,5,keygen,0.0564,0.0,0.0,0.311,1568,3168,1568,0,0,0,0,0.0,0.8463,nan,edge/x86_64,unknown,3.12.3,2026-10-09T18:41:14Z
63,ML-KEM-1024,post-quantum,5,encapsulate,0.0602,0.0,0.0,0.311,1568,3168,1568,0,0,0,0,0.0,0.9028,nan,edge/x86_64,unknown,3.12.3,2026-10-09T18:41:14Z
63,ML-KEM-1024,post-quantum,5,decapsulate,0.0572,0.0,0.0,0.311,1568,3168,1568,0,0,0,0,0.0,0.8579,nan,edge/x86_64,unknown,3.12.3,2026-10-09T18:41:14Z
64,ML-KEM-1024,post-quantum,5,keygen,0.0556,0.0,0.0,0.311,1568,3168,1568,0,0,0,0,0.0,0.8333,nan,edge/x86_64,unknown,3.12.3,2026-10-09T18:41:14Z
64,ML-KEM-1024,post-quantum,5,encapsulate,0.0562,0.0,0.0,0.311,1568,3168,1568,0,0,0,0,0.0,0.8436,nan,edge/x86_64,unknown,3.12.3,2026-10-09T18:41:14Z
64,ML-KEM-1024,post-quantum,5,decapsulate,0.0597,0.0,0.0,0.311,1568,3168,1568,0,0,0,0,0.0,0.8959,nan,edge/x86_64,unknown,3.12.3,2026-10-09T18:41:14Z
65,ML-KEM-1024,post-quantum,5,keygen,0.0581,0.0,0.0,0.311,1568,3168,1568,0,0,0,0,0.0,0.8722,nan,edge/x86_64,unknown,3.12.3,2026-10-09T18:41:14Z
65,ML-KEM-1024,post-quantum,5,encapsulate,0.0639,0.0,0.0,0.311,1568,3168,1568,0,0,0,0,0.0,0.9592,nan,edge/x86_64,unknown,3.12.3,2026-10-09T18:41:14Z
65,ML-KEM-1024,post-quantum,5,decapsulate,0.0692,0.0,0.0,0.311,1568,3168,1568,0,0,0,0,0.0,1.0382,nan,edge/x86_64,unknown,3.12.3,2026-10-09T18:41:14Z
66,ML-KEM-1024,post-quantum,5,keygen,0.056,0.0,0.0,0.311,1568,3168,1568,0,0,0,0,0.0,0.8398,nan,edge/x86_64,unknown,3.12.3,2026-10-09T18:41:14Z
66,ML-KEM-1024,post-quantum,5,encapsulate,0.0548,0.0,0.0,0.311,1568,3168,1568,0,0,0,0,0.0,0.8213,nan,edge/x86_64,unknown,3.12.3,2026-10-09T18:41:14Z
66,ML-KEM-1024,post-quantum,5,decapsulate,0.0594,0.0,0.0,0.311,1568,3168,1568,0,0,0,0,0.0,0.8917,nan,edge/x86_64,unknown,3.12.3,2026-10-09T18:41:14Z
67,ML-KEM-1024,post-quantum,5,keygen,0.0534,0.0,0.0,0.311,1568,3168,1568,0,0,0,0,0.0,0.8004,nan,edge/x86_64,unknown,3.12.3,2026-10-09T18:41:14Z
67,ML-KEM-1024,post-quantum,5,encapsulate,0.0536,0.0,0.0,0.311,1568,3168,1568,0,0,0,0,0.0,0.8038,nan,edge/x86_64,unknown,3.12.3,2026-10-09T18:41:14Z
67,ML-KEM-1024,post-quantum,5,decapsulate,0.0564,0.0,0.0,0.311,1568,3168,1568,0,0,0,0,0.0,0.8462,nan,edge/x86_64,unknown,3.12.3,2026-10-09T18:41:14Z
68,ML-KEM-1024,post-quantum,5,keygen,0.056,0.0,0.0,0.311,1568,3168,1568,0,0,0,0,0.0,0.8404,nan,edge/x86_64,unknown,3.12.3,2026-10-09T18:41:14Z
68,ML-KEM-1024,post-quantum,5,encapsulate,0.0538,0.0,0.0,0.311,1568,3168,1568,0,0,0,0,0.0,0.807,nan,edge/x86_64,unknown,3.12.3,2026-10-09T18:41:14Z
68,ML-KEM-1024,post-quantum,5,decapsulate,0.0583,0.0,0.0,0.311,1568,3168,1568,0,0,0,0,0.0,0.8738,nan,edge/x86_64,unknown,3.12.3,2026-10-09T18:41:14Z
69,ML-KEM-1024,post-quantum,5,keygen,0.0544,0.0,0.0,0.311,1568,3168,1568,0,0,0,0,0.0,0.8162,nan,edge/x86_64,unknown,3.12.3,2026-10-09T18:41:14Z
69,ML-KEM-1024,post-quantum,5,encapsulate,0.0557,0.0,0.0,0.311,1568,3168,1568,0,0,0,0,0.0,0.8353,nan,edge/x86_64,unknown,3.12.3,2026-10-09T18:41:14Z
69,ML-KEM-1024,post-quantum,5,decapsulate,0.0646,0.0,0.0,0.311,1568,3168,1568,0,0,0,0,0.0,0.9697,nan,edge/x86_64,unknown,3.12.3,2026-10-09T18:41:14Z
70,ML-KEM-1024,post-quantum,5,keygen,0.0551,0.0,0.0,0.311,1568,3168,1568,0,0,0,0,0.0,0.827,nan,edge/x86_64,unknown,3.12.3,2026-10-09T18:41:14Z
70,ML-KEM-1024,post-quantum,5,encapsulate,0.0561,0.0,0.0,0.311,1568,3168,1568,0,0,0,0,0.0,0.8418,nan,edge/x86_64,unknown,3.12.3,2026-10-09T18:41:14Z
70,ML-KEM-1024,post-quantum,5,decapsulate,0.0631,0.0,0.0,0.311,1568,3168,1568,0,0,0,0,0.0,0.9472,nan,edge/x86_64,unknown,3.12.3,2026-10-09T18:41:14Z
71,ML-KEM-1024,post-quantum,5,keygen,0.0741,0.0,0.0,0.311,1568,3168,1568,0,0,0,0,0.0,1.1109,nan,edge/x86_64,unknown,3.12.3,2026-10-09T18:41:14Z
71,ML-KEM-1024,post-quantum,5,encapsulate,0.0849,0.0,0.0,0.311,1568,3168,1568,0,0,0,0,0.0,1.2735,nan,edge/x86_64,unknown,3.12.3,2026-10-09T18:41:14Z
71,ML-KEM-1024,post-quantum,5,decapsulate,0.0602,0.0,0.0,0.311,1568,3168,1568,0,0,0,0,0.0,0.9035,nan,edge/x86_64,unknown,3.12.3,2026-10-09T18:41:14Z
72,ML-KEM-1024,post-quantum,5,keygen,0.0542,0.0,0.0,0.311,1568,3168,1568,0,0,0,0,0.0,0.8137,nan,edge/x86_64,unknown,3.12.3,2026-10-09T18:41:14Z
72,ML-KEM-1024,post-quantum,5,encapsulate,0.0569,0.0,0.0,0.311,1568,3168,1568,0,0,0,0,0.0,0.8532,nan,edge/x86_64,unknown,3.12.3,2026-10-09T18:41:14Z
72,ML-KEM-1024,post-quantum,5,decapsulate,0.0561,0.0,0.0,0.311,1568,3168,1568,0,0,0,0,0.0,0.8412,nan,edge/x86_64,unknown,3.12.3,2026-10-09T18:41:14Z
73,ML-KEM-1024,post-quantum,5,keygen,0.055,0.0,0.0,0.311,1568,3168,1568,0,0,0,0,0.0,0.825,nan,edge/x86_64,unknown,3.12.3,2026-10-09T18:41:14Z
73,ML-KEM-1024,post-quantum,5,encapsulate,0.0542,0.0,0.0,0.311,1568,3168,1568,0,0,0,0,0.0,0.813,nan,edge/x86_64,unknown,3.12.3,2026-10-09T18:41:14Z
73,ML-KEM-1024,post-quantum,5,decapsulate,0.0562,0.0,0.0,0.311,1568,3168,1568,0,0,0,0,0.0,0.8425,nan,edge/x86_64,unknown,3.12.3,2026-10-09T18:41:14Z
74,ML-KEM-1024,post-quantum,5,keygen,0.0711,0.0,0.0,0.311,1568,3168,1568,0,0,0,0,0.0,1.0663,nan,edge/x86_64,unknown,3.12.3,2026-10-09T18:41:14Z
74,ML-KEM-1024,post-quantum,5,encapsulate,0.0548,0.0,0.0,0.311,1568,3168,1568,0,0,0,0,0.0,0.8219,nan,edge/x86_64,unknown,3.12.3,2026-10-09T18:41:14Z
74,ML-KEM-1024,post-quantum,5,decapsulate,0.0603,0.0,0.0,0.311,1568,3168,1568,0,0,0,0,0.0,0.9051,nan,edge/x86_64,unknown,3.12.3,2026-10-09T18:41:14Z
75,ML-KEM-1024,post-quantum,5,keygen,0.0532,0.0,0.0,0.311,1568,3168,1568,0,0,0,0,0.0,0.7986,nan,edge/x86_64,unknown,3.12.3,2026-10-09T18:41:14Z
75,ML-KEM-1024,post-quantum,5,encapsulate,0.0568,0.0,0.0,0.311,1568,3168,1568,0,0,0,0,0.0,0.8514,nan,edge/x86_64,unknown,3.12.3,2026-10-09T18:41:14Z
75,ML-KEM-1024,post-quantum,5,decapsulate,0.0711,0.0,0.0,0.311,1568,3168,1568,0,0,0,0,0.0,1.0663,nan,edge/x86_64,unknown,3.12.3,2026-10-09T18:41:14Z
76,ML-KEM-1024,post-quantum,5,keygen,0.055,0.0,0.0,0.311,1568,3168,1568,0,0,0,0,0.0,0.8254,nan,edge/x86_64,unknown,3.12.3,2026-10-09T18:41:14Z
76,ML-KEM-1024,post-quantum,5,encapsulate,0.054,0.0,0.0,0.311,1568,3168,1568,0,0,0,0,0.0,0.8105,nan,edge/x86_64,unknown,3.12.3,2026-10-09T18:41:14Z
76,ML-KEM-1024,post-quantum,5,decapsulate,0.06,0.0,0.0,0.311,1568,3168,1568,0,0,0,0,0.0,0.9006,nan,edge/x86_64,unknown,3.12.3,2026-10-09T18:41:14Z
77,ML-KEM-1024,post-quantum,5,keygen,0.0695,0.0,0.0,0.311,1568,3168,1568,0,0,0,0,0.0,1.0421,nan,edge/x86_64,unknown,3.12.3,2026-10-09T18:41:14Z
77,ML-KEM-1024,post-quantum,5,encapsulate,0.0828,0.0,0.0,0.311,1568,3168,1568,0,0,0,0,0.0,1.2418,nan,edge/x86_64,unknown,3.12.3,2026-10-09T18:41:14Z
77,ML-KEM-1024,post-quantum,5,decapsulate,0.0585,0.0,0.0,0.311,1568,3168,1568,0,0,0,0,0.0,0.8771,nan,edge/x86_64,unknown,3.12.3,2026-10-09T18:41:14Z
78,ML-KEM-1024,post-quantum,5,keygen,0.0545,0.0,0.0,0.311,1568,3168,1568,0,0,0,0,0.0,0.8181,nan,edge/x86_64,unknown,3.12.3,2026-10-09T18:41:14Z
78,ML-KEM-1024,post-quantum,5,encapsulate,0.0534,0.0,0.0,0.311,1568,3168,1568,0,0,0,0,0.0,0.8012,nan,edge/x86_64,unknown,3.12.3,2026-10-09T18:41:14Z
78,ML-KEM-1024,post-quantum,5,decapsulate,0.0576,0.0,0.0,0.311,1568,3168,1568,0,0,0,0,0.0,0.8646,nan,edge/x86_64,unknown,3.12.3,2026-10-09T18:41:14Z
79,ML-KEM-1024,post-quantum,5,keygen,0.0544,0.0,0.0,0.311,1568,3168,1568,0,0,0,0,0.0,0.8167,nan,edge/x86_64,unknown,3.12.3,2026-10-09T18:41:14Z
79,ML-KEM-1024,post-quantum,5,encapsulate,0.0543,0.0,0.0,0.311,1568,3168,1568,0,0,0,0,0.0,0.8139,nan,edge/x86_64,unknown,3.12.3,2026-10-09T18:41:14Z
79,ML-KEM-1024,post-quantum,5,decapsulate,0.0581,0.0,0.0,0.311,1568,3168,1568,0,0,0,0,0.0,0.8715,nan,edge/x86_64,unknown,3.12.3,2026-10-09T18:41:14Z
80,ML-KEM-1024,post-quantum,5,keygen,0.0717,0.0,0.0,0.311,1568,3168,1568,0,0,0,0,0.0,1.0761,nan,edge/x86_64,unknown,3.12.3,2026-10-09T18:41:14Z
80,ML-KEM-1024,post-quantum,5,encapsulate,0.0551,0.0,0.0,0.311,1568,3168,1568,0,0,0,0,0.0,0.8259,nan,edge/x86_64,unknown,3.12.3,2026-10-09T18:41:14Z
80,ML-KEM-1024,post-quantum,5,decapsulate,0.0567,0.0,0.0,0.311,1568,3168,1568,0,0,0,0,0.0,0.85,nan,edge/x86_64,unknown,3.12.3,2026-10-09T18:41:14Z
81,ML-KEM-1024,post-quantum,5,keygen,0.0525,0.0,0.0,0.311,1568,3168,1568,0,0,0,0,0.0,0.787,nan,edge/x86_64,unknown,3.12.3,2026-10-09T18:41:14Z
81,ML-KEM-1024,post-quantum,5,encapsulate,0.0579,0.0,0.0,0.311,1568,3168,1568,0,0,0,0,0.0,0.8687,nan,edge/x86_64,unknown,3.12.3,2026-10-09T18:41:14Z
81,ML-KEM-1024,post-quantum,5,decapsulate,0.0567,0.0,0.0,0.311,1568,3168,1568,0,0,0,0,0.0,0.8499,nan,edge/x86_64,unknown,3.12.3,2026-10-09T18:41:14Z
82,ML-KEM-1024,post-quantum,5,keygen,0.0525,0.0,0.0,0.311,1568,3168,1568,0,0,0,0,0.0,0.7878,nan,edge/x86_64,unknown,3.12.3,2026-10-09T18:41:14Z
82,ML-KEM-1024,post-quantum,5,encapsulate,0.0668,0.0,0.0,0.311,1568,3168,1568,0,0,0,0,0.0,1.0022,nan,edge/x86_64,unknown,3.12.3,2026-10-09T18:41:14Z
82,ML-KEM-1024,post-quantum,5,decapsulate,0.0566,0.0,0.0,0.311,1568,3168,1568,0,0,0,0,0.0,0.8486,nan,edge/x86_64,unknown,3.12.3,2026-10-09T18:41:14Z
83,ML-KEM-1024,post-quantum,5,keygen,0.055,0.0,0.0,0.311,1568,3168,1568,0,0,0,0,0.0,0.8257,nan,edge/x86_64,unknown,3.12.3,2026-10-09T18:41:14Z
83,ML-KEM-1024,post-quantum,5,encapsulate,0.1386,0.0,0.0,0.311,1568,3168,1568,0,0,0,0,0.0,2.0783,nan,edge/x86_64,unknown,3.12.3,2026-10-09T18:41:14Z
83,ML-KEM-1024,post-quantum,5,decapsulate,0.0832,0.0,0.0,0.311,1568,3168,1568,0,0,0,0,0.0,1.2478,nan,edge/x86_64,unknown,3.12.3,2026-10-09T18:41:14Z
84,ML-KEM-1024,post-quantum,5,keygen,0.0428,0.0,0.0,0.311,1568,3168,1568,0,0,0,0,0.0,0.6423,nan,edge/x86_64,unknown,3.12.3,2026-10-09T18:41:14Z
84,ML-KEM-1024,post-quantum,5,encapsulate,0.0388,0.0,0.0,0.311,1568,3168,1568,0,0,0,0,0.0,0.5823,nan,edge/x86_64,unknown,3.12.3,2026-10-09T18:41:14Z
84,ML-KEM-1024,post-quantum,5,decapsulate,0.038,0.0,0.0,0.311,1568,3168,1568,0,0,0,0,0.0,0.5697,nan,edge/x86_64,unknown,3.12.3,2026-10-09T18:41:14Z
85,ML-KEM-1024,post-quantum,5,keygen,0.0354,0.0,0.0,0.311,1568,3168,1568,0,0,0,0,0.0,0.5309,nan,edge/x86_64,unknown,3.12.3,2026-10-09T18:41:14Z
85,ML-KEM-1024,post-quantum,5,encapsulate,0.0358,0.0,0.0,0.311,1568,3168,1568,0,0,0,0,0.0,0.5369,nan,edge/x86_64,unknown,3.12.3,2026-10-09T18:41:14Z
85,ML-KEM-1024,post-quantum,5,decapsulate,0.0369,0.0,0.0,0.311,1568,3168,1568,0,0,0,0,0.0,0.553,nan,edge/x86_64,unknown,3.12.3,2026-10-09T18:41:14Z
86,ML-KEM-1024,post-quantum,5,keygen,0.0352,0.0,0.0,0.311,1568,3168,1568,0,0,0,0,0.0,0.5276,nan,edge/x86_64,unknown,3.12.3,2026-10-09T18:41:14Z
86,ML-KEM-1024,post-quantum,5,encapsulate,0.0499,0.0,0.0,0.311,1568,3168,1568,0,0,0,0,0.0,0.7484,nan,edge/x86_64,unknown,3.12.3,2026-10-09T18:41:14Z
86,ML-KEM-1024,post-quantum,5,decapsulate,0.037,0.0,0.0,0.311,1568,3168,1568,0,0,0,0,0.0,0.5549,nan,edge/x86_64,unknown,3.12.3,2026-10-09T18:41:14Z
87,ML-KEM-1024,post-quantum,5,keygen,0.036,0.0,0.0,0.311,1568,3168,1568,0,0,0,0,0.0,0.5394,nan,edge/x86_64,unknown,3.12.3,2026-10-09T18:41:14Z
87,ML-KEM-1024,post-quantum,5,encapsulate,0.0372,0.0,0.0,0.311,1568,3168,1568,0,0,0,0,0.0,0.5574,nan,edge/x86_64,unknown,3.12.3,2026-10-09T18:41:14Z
87,ML-KEM-1024,post-quantum,5,decapsulate,0.0368,0.0,0.0,0.311,1568,3168,1568,0,0,0,0,0.0,0.5517,nan,edge/x86_64,unknown,3.12.3,2026-10-09T18:41:14Z
88,ML-KEM-1024,post-quantum,5,keygen,0.0347,0.0,0.0,0.311,1568,3168,1568,0,0,0,0,0.0,0.5203,nan,edge/x86_64,unknown,3.12.3,2026-10-09T18:41:14Z
88,ML-KEM-1024,post-quantum,5,encapsulate,0.0353,0.0,0.0,0.311,1568,3168,1568,0,0,0,0,0.0,0.5292,nan,edge/x86_64,unknown,3.12.3,2026-10-09T18:41:14Z
88,ML-KEM-1024,post-quantum,5,decapsulate,0.0357,0.0,0.0,0.311,1568,3168,1568,0,0,0,0,0.0,0.5349,nan,edge/x86_64,unknown,3.12.3,2026-10-09T18:41:14Z
89,ML-KEM-1024,post-quantum,5,keygen,0.0344,0.0,0.0,0.311,1568,3168,1568,0,0,0,0,0.0,0.5162,nan,edge/x86_64,unknown,3.12.3,2026-10-09T18:41:14Z
89,ML-KEM-1024,post-quantum,5,encapsulate,0.0355,0.0,0.0,0.311,1568,3168,1568,0,0,0,0,0.0,0.5319,nan,edge/x86_64,unknown,3.12.3,2026-10-09T18:41:14Z
89,ML-KEM-1024,post-quantum,5,decapsulate,0.036,0.0,0.0,0.311,1568,3168,1568,0,0,0,0,0.0,0.5406,nan,edge/x86_64,unknown,3.12.3,2026-10-09T18:41:14Z
90,ML-KEM-1024,post-quantum,5,keygen,0.0433,0.0,0.0,0.311,1568,3168,1568,0,0,0,0,0.0,0.6499,nan,edge/x86_64,unknown,3.12.3,2026-10-09T18:41:14Z
90,ML-KEM-1024,post-quantum,5,encapsulate,0.0353,0.0,0.0,0.311,1568,3168,1568,0,0,0,0,0.0,0.5291,nan,edge/x86_64,unknown,3.12.3,2026-10-09T18:41:14Z
90,ML-KEM-1024,post-quantum,5,decapsulate,0.0365,0.0,0.0,0.311,1568,3168,1568,0,0,0,0,0.0,0.5474,nan,edge/x86_64,unknown,3.12.3,2026-10-09T18:41:14Z
91,ML-KEM-1024,post-quantum,5,keygen,0.0648,0.0,0.0,0.311,1568,3168,1568,0,0,0,0,0.0,0.9714,nan,edge/x86_64,unknown,3.12.3,2026-10-09T18:41:14Z
91,ML-KEM-1024,post-quantum,5,encapsulate,0.0371,0.0,0.0,0.311,1568,3168,1568,0,0,0,0,0.0,0.5572,nan,edge/x86_64,unknown,3.12.3,2026-10-09T18:41:14Z
91,ML-KEM-1024,post-quantum,5,decapsulate,0.0367,0.0,0.0,0.311,1568,3168,1568,0,0,0,0,0.0,0.5507,nan,edge/x86_64,unknown,3.12.3,2026-10-09T18:41:14Z
92,ML-KEM-1024,post-quantum,5,keygen,0.0351,0.0,0.0,0.311,1568,3168,1568,0,0,0,0,0.0,0.5269,nan,edge/x86_64,unknown,3.12.3,2026-10-09T18:41:14Z
92,ML-KEM-1024,post-quantum,5,encapsulate,0.0357,0.0,0.0,0.311,1568,3168,1568,0,0,0,0,0.0,0.5351,nan,edge/x86_64,unknown,3.12.3,2026-10-09T18:41:14Z
92,ML-KEM-1024,post-quantum,5,decapsulate,0.0363,0.0,0.0,0.311,1568,3168,1568,0,0,0,0,0.0,0.544,nan,edge/x86_64,unknown,3.12.3,2026-10-09T18:41:14Z
93,ML-KEM-1024,post-quantum,5,keygen,0.0352,0.0,0.0,0.311,1568,3168,1568,0,0,0,0,0.0,0.528,nan,edge/x86_64,unknown,3.12.3,2026-10-09T18:41:14Z
93,ML-KEM-1024,post-quantum,5,encapsulate,0.0377,0.0,0.0,0.311,1568,3168,1568,0,0,0,0,0.0,0.5658,nan,edge/x86_64,unknown,3.12.3,2026-10-09T18:41:14Z
93,ML-KEM-1024,post-quantum,5,decapsulate,0.0371,0.0,0.0,0.311,1568,3168,1568,0,0,0,0,0.0,0.5561,nan,edge/x86_64,unknown,3.12.3,2026-10-09T18:41:14Z
94,ML-KEM-1024,post-quantum,5,keygen,0.0398,0.0,0.0,0.311,1568,3168,1568,0,0,0,0,0.0,0.5977,nan,edge/x86_64,unknown,3.12.3,2026-10-09T18:41:14Z
94,ML-KEM-1024,post-quantum,5,encapsulate,0.036,0.0,0.0,0.311,1568,3168,1568,0,0,0,0,0.0,0.5396,nan,edge/x86_64,unknown,3.12.3,2026-10-09T18:41:14Z
94,ML-KEM-1024,post-quantum,5,decapsulate,0.0367,0.0,0.0,0.311,1568,3168,1568,0,0,0,0,0.0,0.5507,nan,edge/x86_64,unknown,3.12.3,2026-10-09T18:41:14Z
95,ML-KEM-1024,post-quantum,5,keygen,0.0348,0.0,0.0,0.311,1568,3168,1568,0,0,0,0,0.0,0.5215,nan,edge/x86_64,unknown,3.12.3,2026-10-09T18:41:14Z
95,ML-KEM-1024,post-quantum,5,encapsulate,0.0355,0.0,0.0,0.311,1568,3168,1568,0,0,0,0,0.0,0.5322,nan,edge/x86_64,unknown,3.12.3,2026-10-09T18:41:14Z
95,ML-KEM-1024,post-quantum,5,decapsulate,0.0384,0.0,0.0,0.311,1568,3168,1568,0,0,0,0,0.0,0.5754,nan,edge/x86_64,unknown,3.12.3,2026-10-09T18:41:14Z
96,ML-KEM-1024,post-quantum,5,keygen,0.0353,0.0,0.0,0.311,1568,3168,1568,0,0,0,0,0.0,0.5292,nan,edge/x86_64,unknown,3.12.3,2026-10-09T18:41:14Z
96,ML-KEM-1024,post-quantum,5,encapsulate,0.0404,0.0,0.0,0.311,1568,3168,1568,0,0,0,0,0.0,0.6061,nan,edge/x86_64,unknown,3.12.3,2026-10-09T18:41:14Z
96,ML-KEM-1024,post-quantum,5,decapsulate,0.0362,0.0,0.0,0.311,1568,3168,1568,0,0,0,0,0.0,0.5427,nan,edge/x86_64,unknown,3.12.3,2026-10-09T18:41:14Z
97,ML-KEM-1024,post-quantum,5,keygen,0.0346,0.0,0.0,0.311,1568,3168,1568,0,0,0,0,0.0,0.5196,nan,edge/x86_64,unknown,3.12.3,2026-10-09T18:41:14Z
97,ML-KEM-1024,post-quantum,5,encapsulate,0.0354,0.0,0.0,0.311,1568,3168,1568,0,0,0,0,0.0,0.5316,nan,edge/x86_64,unknown,3.12.3,2026-10-09T18:41:14Z
97,ML-KEM-1024,post-quantum,5,decapsulate,0.0368,0.0,0.0,0.311,1568,3168,1568,0,0,0,0,0.0,0.5523,nan,edge/x86_64,unknown,3.12.3,2026-10-09T18:41:14Z
98,ML-KEM-1024,post-quantum,5,keygen,0.0348,0.0,0.0,0.311,1568,3168,1568,0,0,0,0,0.0,0.5214,nan,edge/x86_64,unknown,3.12.3,2026-10-09T18:41:14Z
98,ML-KEM-1024,post-quantum,5,encapsulate,0.0352,0.0,0.0,0.311,1568,3168,1568,0,0,0,0,0.0,0.5283,nan,edge/x86_64,unknown,3.12.3,2026-10-09T18:41:14Z
98,ML-KEM-1024,post-quantum,5,decapsulate,0.0363,0.0,0.0,0.311,1568,3168,1568,0,0,0,0,0.0,0.5443,nan,edge/x86_64,unknown,3.12.3,2026-10-09T18:41:14Z
99,ML-KEM-1024,post-quantum,5,keygen,0.0346,0.0,0.0,0.311,1568,3168,1568,0,0,0,0,0.0,0.5183,nan,edge/x86_64,unknown,3.12.3,2026-10-09T18:41:14Z
99,ML-KEM-1024,post-quantum,5,encapsulate,0.036,0.0,0.0,0.311,1568,3168,1568,0,0,0,0,0.0,0.5405,nan,edge/x86_64,unknown,3.12.3,2026-10-09T18:41:14Z
99,ML-KEM-1024,post-quantum,5,decapsulate,0.0359,0.0,0.0,0.311,1568,3168,1568,0,0,0,0,0.0,0.5381,nan,edge/x86_64,unknown,3.12.3,2026-10-09T18:41:14Z
100,ML-KEM-1024,post-quantum,5,keygen,0.0347,0.0,0.0,0.311,1568,3168,1568,0,0,0,0,0.0,0.5199,nan,edge/x86_64,unknown,3.12.3,2026-10-09T18:41:14Z
100,ML-KEM-1024,post-quantum,5,encapsulate,0.048,0.0,0.0,0.311,1568,3168,1568,0,0,0,0,0.0,0.7197,nan,edge/x86_64,unknown,3.12.3,2026-10-09T18:41:14Z
100,ML-KEM-1024,post-quantum,5,decapsulate,0.0377,0.0,0.0,0.311,1568,3168,1568,0,0,0,0,0.0,0.5661,nan,edge/x86_64,unknown,3.12.3,2026-10-09T18:41:14Z
101,ML-KEM-1024,post-quantum,5,keygen,0.0361,0.0,0.0,0.311,1568,3168,1568,0,0,0,0,0.0,0.5418,nan,edge/x86_64,unknown,3.12.3,2026-10-09T18:41:14Z
101,ML-KEM-1024,post-quantum,5,encapsulate,0.0362,0.0,0.0,0.311,1568,3168,1568,0,0,0,0,0.0,0.5432,nan,edge/x86_64,unknown,3.12.3,2026-10-09T18:41:14Z
101,ML-KEM-1024,post-quantum,5,decapsulate,0.0374,0.0,0.0,0.311,1568,3168,1568,0,0,0,0,0.0,0.5605,nan,edge/x86_64,unknown,3.12.3,2026-10-09T18:41:14Z
102,ML-KEM-1024,post-quantum,5,keygen,0.0353,0.0,0.0,0.311,1568,3168,1568,0,0,0,0,0.0,0.5294,nan,edge/x86_64,unknown,3.12.3,2026-10-09T18:41:14Z
102,ML-KEM-1024,post-quantum,5,encapsulate,0.0355,0.0,0.0,0.311,1568,3168,1568,0,0,0,0,0.0,0.532,nan,edge/x86_64,unknown,3.12.3,2026-10-09T18:41:14Z
102,ML-KEM-1024,post-quantum,5,decapsulate,0.0473,0.0,0.0,0.311,1568,3168,1568,0,0,0,0,0.0,0.7092,nan,edge/x86_64,unknown,3.12.3,2026-10-09T18:41:14Z
103,ML-KEM-1024,post-quantum,5,keygen,0.0349,0.0,0.0,0.311,1568,3168,1568,0,0,0,0,0.0,0.5239,nan,edge/x86_64,unknown,3.12.3,2026-10-09T18:41:14Z
103,ML-KEM-1024,post-quantum,5,encapsulate,0.0354,0.0,0.0,0.311,1568,3168,1568,0,0,0,0,0.0,0.531,nan,edge/x86_64,unknown,3.12.3,2026-10-09T18:41:14Z
103,ML-KEM-1024,post-quantum,5,decapsulate,0.0361,0.0,0.0,0.311,1568,3168,1568,0,0,0,0,0.0,0.5419,nan,edge/x86_64,unknown,3.12.3,2026-10-09T18:41:14Z
104,ML-KEM-1024,post-quantum,5,keygen,0.0347,0.0,0.0,0.311,1568,3168,1568,0,0,0,0,0.0,0.5205,nan,edge/x86_64,unknown,3.12.3,2026-10-09T18:41:14Z
104,ML-KEM-1024,post-quantum,5,encapsulate,0.0408,0.0,0.0,0.311,1568,3168,1568,0,0,0,0,0.0,0.6114,nan,edge/x86_64,unknown,3.12.3,2026-10-09T18:41:14Z
104,ML-KEM-1024,post-quantum,5,decapsulate,0.0506,0.0,0.0,0.311,1568,3168,1568,0,0,0,0,0.0,0.7594,nan,edge/x86_64,unknown,3.12.3,2026-10-09T18:41:14Z
105,ML-KEM-1024,post-quantum,5,keygen,0.0361,0.0,0.0,0.311,1568,3168,1568,0,0,0,0,0.0,0.5408,nan,edge/x86_64,unknown,3.12.3,2026-10-09T18:41:14Z
105,ML-KEM-1024,post-quantum,5,encapsulate,0.0364,0.0,0.0,0.311,1568,3168,1568,0,0,0,0,0.0,0.5467,nan,edge/x86_64,unknown,3.12.3,2026-10-09T18:41:14Z
105,ML-KEM-1024,post-quantum,5,decapsulate,0.0365,0.0,0.0,0.311,1568,3168,1568,0,0,0,0,0.0,0.5473,nan,edge/x86_64,unknown,3.12.3,2026-10-09T18:41:14Z
106,ML-KEM-1024,post-quantum,5,keygen,0.0346,0.0,0.0,0.311,1568,3168,1568,0,0,0,0,0.0,0.5191,nan,edge/x86_64,unknown,3.12.3,2026-10-09T18:41:14Z
106,ML-KEM-1024,post-quantum,5,encapsulate,0.0352,0.0,0.0,0.311,1568,3168,1568,0,0,0,0,0.0,0.5282,nan,edge/x86_64,unknown,3.12.3,2026-10-09T18:41:14Z
106,ML-KEM-1024,post-quantum,5,decapsulate,0.0359,0.0,0.0,0.311,1568,3168,1568,0,0,0,0,0.0,0.539,nan,edge/x86_64,unknown,3.12.3,2026-10-09T18:41:14Z
107,ML-KEM-1024,post-quantum,5,keygen,0.0346,0.0,0.0,0.311,1568,3168,1568,0,0,0,0,0.0,0.519,nan,edge/x86_64,unknown,3.12.3,2026-10-09T18:41:14Z
107,ML-KEM-1024,post-quantum,5,encapsulate,0.0349,0.0,0.0,0.311,1568,3168,1568,0,0,0,0,0.0,0.5237,nan,edge/x86_64,unknown,3.12.3,2026-10-09T18:41:14Z
107,ML-KEM-1024,post-quantum,5,decapsulate,0.0357,0.0,0.0,0.311,1568,3168,1568,0,0,0,0,0.0,0.5358,nan,edge/x86_64,unknown,3.12.3,2026-10-09T18:41:14Z
108,ML-KEM-1024,post-quantum,5,keygen,0.0353,0.0,0.0,0.311,1568,3168,1568,0,0,0,0,0.0,0.5291,nan,edge/x86_64,unknown,3.12.3,2026-10-09T18:41:14Z
108,ML-KEM-1024,post-quantum,5,encapsulate,0.0357,0.0,0.0,0.311,1568,3168,1568,0,0,0,0,0.0,0.5362,nan,edge/x86_64,unknown,3.12.3,2026-10-09T18:41:14Z
108,ML-KEM-1024,post-quantum,5,decapsulate,0.037,0.0,0.0,0.311,1568,3168,1568,0,0,0,0,0.0,0.5553,nan,edge/x86_64,unknown,3.12.3,2026-10-09T18:41:14Z
109,ML-KEM-1024,post-quantum,5,keygen,0.0345,0.0,0.0,0.311,1568,3168,1568,0,0,0,0,0.0,0.5168,nan,edge/x86_64,unknown,3.12.3,2026-10-09T18:41:14Z
109,ML-KEM-1024,post-quantum,5,encapsulate,0.0357,0.0,0.0,0.311,1568,3168,1568,0,0,0,0,0.0,0.5356,nan,edge/x86_64,unknown,3.12.3,2026-10-09T18:41:14Z
109,ML-KEM-1024,post-quantum,5,decapsulate,0.0552,0.0,0.0,0.311,1568,3168,1568,0,0,0,0,0.0,0.8278,nan,edge/x86_64,unknown,3.12.3,2026-10-09T18:41:14Z
110,ML-KEM-1024,post-quantum,5,keygen,0.0434,0.0,0.0,0.311,1568,3168,1568,0,0,0,0,0.0,0.6506,nan,edge/x86_64,unknown,3.12.3,2026-10-09T18:41:14Z
110,ML-KEM-1024,post-quantum,5,encapsulate,0.0377,0.0,0.0,0.311,1568,3168,1568,0,0,0,0,0.0,0.5662,nan,edge/x86_64,unknown,3.12.3,2026-10-09T18:41:14Z
110,ML-KEM-1024,post-quantum,5,decapsulate,0.0373,0.0,0.0,0.311,1568,3168,1568,0,0,0,0,0.0,0.5601,nan,edge/x86_64,unknown,3.12.3,2026-10-09T18:41:14Z
111,ML-KEM-1024,post-quantum,5,keygen,0.0354,0.0,0.0,0.311,1568,3168,1568,0,0,0,0,0.0,0.5315,nan,edge/x86_64,unknown,3.12.3,2026-10-09T18:41:14Z
111,ML-KEM-1024,post-quantum,5,encapsulate,0.0365,0.0,0.0,0.311,1568,3168,1568,0,0,0,0,0.0,0.5481,nan,edge/x86_64,unknown,3.12.3,2026-10-09T18:41:14Z
111,ML-KEM-1024,post-quantum,5,decapsulate,0.0359,0.0,0.0,0.311,1568,3168,1568,0,0,0,0,0.0,0.5392,nan,edge/x86_64,unknown,3.12.3,2026-10-09T18:41:14Z
112,ML-KEM-1024,post-quantum,5,keygen,0.035,0.0,0.0,0.311,1568,3168,1568,0,0,0,0,0.0,0.5254,nan,edge/x86_64,unknown,3.12.3,2026-10-09T18:41:14Z
112,ML-KEM-1024,post-quantum,5,encapsulate,0.0352,0.0,0.0,0.311,1568,3168,1568,0,0,0,0,0.0,0.5279,nan,edge/x86_64,unknown,3.12.3,2026-10-09T18:41:14Z
112,ML-KEM-1024,post-quantum,5,decapsulate,0.0358,0.0,0.0,0.311,1568,3168,1568,0,0,0,0,0.0,0.5371,nan,edge/x86_64,unknown,3.12.3,2026-10-09T18:41:14Z
113,ML-KEM-1024,post-quantum,5,keygen,0.0351,0.0,0.0,0.311,1568,3168,1568,0,0,0,0,0.0,0.5259,nan,edge/x86_64,unknown,3.12.3,2026-10-09T18:41:14Z
113,ML-KEM-1024,post-quantum,5,encapsulate,0.0361,0.0,0.0,0.311,1568,3168,1568,0,0,0,0,0.0,0.5418,nan,edge/x86_64,unknown,3.12.3,2026-10-09T18:41:14Z
113,ML-KEM-1024,post-quantum,5,decapsulate,0.0486,0.0,0.0,0.311,1568,3168,1568,0,0,0,0,0.0,0.7296,nan,edge/x86_64,unknown,3.12.3,2026-10-09T18:41:14Z
114,ML-KEM-1024,post-quantum,5,keygen,0.0358,0.0,0.0,0.311,1568,3168,1568,0,0,0,0,0.0,0.5368,nan,edge/x86_64,unknown,3.12.3,2026-10-09T18:41:14Z
114,ML-KEM-1024,post-quantum,5,encapsulate,0.062,0.0,0.0,0.311,1568,3168,1568,0,0,0,0,0.0,0.9293,nan,edge/x86_64,unknown,3.12.3,2026-10-09T18:41:14Z
114,ML-KEM-1024,post-quantum,5,decapsulate,0.0389,0.0,0.0,0.311,1568,3168,1568,0,0,0,0,0.0,0.5832,nan,edge/x86_64,unknown,3.12.3,2026-10-09T18:41:14Z
115,ML-KEM-1024,post-quantum,5,keygen,0.0362,0.0,0.0,0.311,1568,3168,1568,0,0,0,0,0.0,0.5432,nan,edge/x86_64,unknown,3.12.3,2026-10-09T18:41:14Z
115,ML-KEM-1024,post-quantum,5,encapsulate,0.0354,0.0,0.0,0.311,1568,3168,1568,0,0,0,0,0.0,0.5307,nan,edge/x86_64,unknown,3.12.3,2026-10-09T18:41:14Z
115,ML-KEM-1024,post-quantum,5,decapsulate,0.0368,0.0,0.0,0.311,1568,3168,1568,0,0,0,0,0.0,0.5523,nan,edge/x86_64,unknown,3.12.3,2026-10-09T18:41:14Z
116,ML-KEM-1024,post-quantum,5,keygen,0.0349,0.0,0.0,0.311,1568,3168,1568,0,0,0,0,0.0,0.5228,nan,edge/x86_64,unknown,3.12.3,2026-10-09T18:41:14Z
116,ML-KEM-1024,post-quantum,5,encapsulate,0.0352,0.0,0.0,0.311,1568,3168,1568,0,0,0,0,0.0,0.5286,nan,edge/x86_64,unknown,3.12.3,2026-10-09T18:41:14Z
116,ML-KEM-1024,post-quantum,5,decapsulate,0.0362,0.0,0.0,0.311,1568,3168,1568,0,0,0,0,0.0,0.5423,nan,edge/x86_64,unknown,3.12.3,2026-10-09T18:41:14Z
117,ML-KEM-1024,post-quantum,5,keygen,0.0344,0.0,0.0,0.311,1568,3168,1568,0,0,0,0,0.0,0.5154,nan,edge/x86_64,unknown,3.12.3,2026-10-09T18:41:14Z
117,ML-KEM-1024,post-quantum,5,encapsulate,0.0355,0.0,0.0,0.311,1568,3168,1568,0,0,0,0,0.0,0.5332,nan,edge/x86_64,unknown,3.12.3,2026-10-09T18:41:14Z
117,ML-KEM-1024,post-quantum,5,decapsulate,0.0362,0.0,0.0,0.311,1568,3168,1568,0,0,0,0,0.0,0.5432,nan,edge/x86_64,unknown,3.12.3,2026-10-09T18:41:14Z
118,ML-KEM-1024,post-quantum,5,keygen,0.047,0.0,0.0,0.311,1568,3168,1568,0,0,0,0,0.0,0.7048,nan,edge/x86_64,unknown,3.12.3,2026-10-09T18:41:14Z
118,ML-KEM-1024,post-quantum,5,encapsulate,0.041,0.0,0.0,0.311,1568,3168,1568,0,0,0,0,0.0,0.6155,nan,edge/x86_64,unknown,3.12.3,2026-10-09T18:41:14Z
118,ML-KEM-1024,post-quantum,5,decapsulate,0.0363,0.0,0.0,0.311,1568,3168,1568,0,0,0,0,0.0,0.5445,nan,edge/x86_64,unknown,3.12.3,2026-10-09T18:41:14Z
119,ML-KEM-1024,post-quantum,5,keygen,0.0347,0.0,0.0,0.311,1568,3168,1568,0,0,0,0,0.0,0.5207,nan,edge/x86_64,unknown,3.12.3,2026-10-09T18:41:14Z
119,ML-KEM-1024,post-quantum,5,encapsulate,0.0347,0.0,0.0,0.311,1568,3168,1568,0,0,0,0,0.0,0.5212,nan,edge/x86_64,unknown,3.12.3,2026-10-09T18:41:14Z
119,ML-KEM-1024,post-quantum,5,decapsulate,0.0359,0.0,0.0,0.311,1568,3168,1568,0,0,0,0,0.0,0.5392,nan,edge/x86_64,unknown,3.12.3,2026-10-09T18:41:14Z
120,ML-KEM-1024,post-quantum,5,keygen,0.0411,0.0,0.0,0.311,1568,3168,1568,0,0,0,0,0.0,0.6169,nan,edge/x86_64,unknown,3.12.3,2026-10-09T18:41:14Z
120,ML-KEM-1024,post-quantum,5,encapsulate,0.0355,0.0,0.0,0.311,1568,3168,1568,0,0,0,0,0.0,0.5329,nan,edge/x86_64,unknown,3.12.3,2026-10-09T18:41:14Z
120,ML-KEM-1024,post-quantum,5,decapsulate,0.0359,0.0,0.0,0.311,1568,3168,1568,0,0,0,0,0.0,0.5388,nan,edge/x86_64,unknown,3.12.3,2026-10-09T18:41:14Z
121,ML-KEM-1024,post-quantum,5,keygen,0.0349,0.0,0.0,0.311,1568,3168,1568,0,0,0,0,0.0,0.524,nan,edge/x86_64,unknown,3.12.3,2026-10-09T18:41:14Z
121,ML-KEM-1024,post-quantum,5,encapsulate,0.0354,0.0,0.0,0.311,1568,3168,1568,0,0,0,0,0.0,0.5306,nan,edge/x86_64,unknown,3.12.3,2026-10-09T18:41:14Z
121,ML-KEM-1024,post-quantum,5,decapsulate,0.0412,0.0,0.0,0.311,1568,3168,1568,0,0,0,0,0.0,0.6181,nan,edge/x86_64,unknown,3.12.3,2026-10-09T18:41:14Z
122,ML-KEM-1024,post-quantum,5,keygen,0.0344,0.0,0.0,0.311,1568,3168,1568,0,0,0,0,0.0,0.5162,nan,edge/x86_64,unknown,3.12.3,2026-10-09T18:41:14Z
122,ML-KEM-1024,post-quantum,5,encapsulate,0.0351,0.0,0.0,0.311,1568,3168,1568,0,0,0,0,0.0,0.5261,nan,edge/x86_64,unknown,3.12.3,2026-10-09T18:41:14Z
122,ML-KEM-1024,post-quantum,5,decapsulate,0.0404,0.0,0.0,0.311,1568,3168,1568,0,0,0,0,0.0,0.606,nan,edge/x86_64,unknown,3.12.3,2026-10-09T18:41:14Z
123,ML-KEM-1024,post-quantum,5,keygen,0.0363,0.0,0.0,0.311,1568,3168,1568,0,0,0,0,0.0,0.5452,nan,edge/x86_64,unknown,3.12.3,2026-10-09T18:41:14Z
123,ML-KEM-1024,post-quantum,5,encapsulate,0.0362,0.0,0.0,0.311,1568,3168,1568,0,0,0,0,0.0,0.5433,nan,edge/x86_64,unknown,3.12.3,2026-10-09T18:41:14Z
123,ML-KEM-1024,post-quantum,5,decapsulate,0.0599,0.0,0.0,0.311,1568,3168,1568,0,0,0,0,0.0,0.899,nan,edge/x86_64,unknown,3.12.3,2026-10-09T18:41:14Z
124,ML-KEM-1024,post-quantum,5,keygen,0.038,0.0,0.0,0.311,1568,3168,1568,0,0,0,0,0.0,0.5707,nan,edge/x86_64,unknown,3.12.3,2026-10-09T18:41:14Z
124,ML-KEM-1024,post-quantum,5,encapsulate,0.036,0.0,0.0,0.311,1568,3168,1568,0,0,0,0,0.0,0.5403,nan,edge/x86_64,unknown,3.12.3,2026-10-09T18:41:14Z
124,ML-KEM-1024,post-quantum,5,decapsulate,0.0362,0.0,0.0,0.311,1568,3168,1568,0,0,0,0,0.0,0.5424,nan,edge/x86_64,unknown,3.12.3,2026-10-09T18:41:14Z
125,ML-KEM-1024,post-quantum,5,keygen,0.0348,0.0,0.0,0.311,1568,3168,1568,0,0,0,0,0.0,0.5221,nan,edge/x86_64,unknown,3.12.3,2026-10-09T18:41:14Z
125,ML-KEM-1024,post-quantum,5,encapsulate,0.0352,0.0,0.0,0.311,1568,3168,1568,0,0,0,0,0.0,0.5275,nan,edge/x86_64,unknown,3.12.3,2026-10-09T18:41:14Z
125,ML-KEM-1024,post-quantum,5,decapsulate,0.0361,0.0,0.0,0.311,1568,3168,1568,0,0,0,0,0.0,0.5412,nan,edge/x86_64,unknown,3.12.3,2026-10-09T18:41:14Z
126,ML-KEM-1024,post-quantum,5,keygen,0.0353,0.0,0.0,0.311,1568,3168,1568,0,0,0,0,0.0,0.5302,nan,edge/x86_64,unknown,3.12.3,2026-10-09T18:41:14Z
126,ML-KEM-1024,post-quantum,5,encapsulate,0.0357,0.0,0.0,0.311,1568,3168,1568,0,0,0,0,0.0,0.5349,nan,edge/x86_64,unknown,3.12.3,2026-10-09T18:41:14Z
126,ML-KEM-1024,post-quantum,5,decapsulate,0.0368,0.0,0.0,0.311,1568,3168,1568,0,0,0,0,0.0,0.5524,nan,edge/x86_64,unknown,3.12.3,2026-10-09T18:41:14Z
127,ML-KEM-1024,post-quantum,5,keygen,0.0345,0.0,0.0,0.311,1568,3168,1568,0,0,0,0,0.0,0.5175,nan,edge/x86_64,unknown,3.12.3,2026-10-09T18:41:14Z
127,ML-KEM-1024,post-quantum,5,encapsulate,0.0469,0.0,0.0,0.311,1568,3168,1568,0,0,0,0,0.0,0.7041,nan,edge/x86_64,unknown,3.12.3,2026-10-09T18:41:14Z
127,ML-KEM-1024,post-quantum,5,decapsulate,0.0524,0.0,0.0,0.311,1568,3168,1568,0,0,0,0,0.0,0.7863,nan,edge/x86_64,unknown,3.12.3,2026-10-09T18:41:14Z
128,ML-KEM-1024,post-quantum,5,keygen,0.0446,0.0,0.0,0.311,1568,3168,1568,0,0,0,0,0.0,0.6686,nan,edge/x86_64,unknown,3.12.3,2026-10-09T18:41:14Z
128,ML-KEM-1024,post-quantum,5,encapsulate,0.0381,0.0,0.0,0.311,1568,3168,1568,0,0,0,0,0.0,0.5713,nan,edge/x86_64,unknown,3.12.3,2026-10-09T18:41:14Z
128,ML-KEM-1024,post-quantum,5,decapsulate,0.0385,0.0,0.0,0.311,1568,3168,1568,0,0,0,0,0.0,0.5775,nan,edge/x86_64,unknown,3.12.3,2026-10-09T18:41:14Z
129,ML-KEM-1024,post-quantum,5,keygen,0.038,0.0,0.0,0.311,1568,3168,1568,0,0,0,0,0.0,0.5696,nan,edge/x86_64,unknown,3.12.3,2026-10-09T18:41:14Z
129,ML-KEM-1024,post-quantum,5,encapsulate,0.0364,0.0,0.0,0.311,1568,3168,1568,0,0,0,0,0.0,0.5455,nan,edge/x86_64,unknown,3.12.3,2026-10-09T18:41:14Z
129,ML-KEM-1024,post-quantum,5,decapsulate,0.0361,0.0,0.0,0.311,1568,3168,1568,0,0,0,0,0.0,0.5412,nan,edge/x86_64,unknown,3.12.3,2026-10-09T18:41:14Z
130,ML-KEM-1024,post-quantum,5,keygen,0.0345,0.0,0.0,0.311,1568,3168,1568,0,0,0,0,0.0,0.5174,nan,edge/x86_64,unknown,3.12.3,2026-10-09T18:41:14Z
130,ML-KEM-1024,post-quantum,5,encapsulate,0.0346,0.0,0.0,0.311,1568,3168,1568,0,0,0,0,0.0,0.5185,nan,edge/x86_64,unknown,3.12.3,2026-10-09T18:41:14Z
130,ML-KEM-1024,post-quantum,5,decapsulate,0.0357,0.0,0.0,0.311,1568,3168,1568,0,0,0,0,0.0,0.5358,nan,edge/x86_64,unknown,3.12.3,2026-10-09T18:41:14Z
131,ML-KEM-1024,post-quantum,5,keygen,0.0344,0.0,0.0,0.311,1568,3168,1568,0,0,0,0,0.0,0.5163,nan,edge/x86_64,unknown,3.12.3,2026-10-09T18:41:14Z
131,ML-KEM-1024,post-quantum,5,encapsulate,0.0346,0.0,0.0,0.311,1568,3168,1568,0,0,0,0,0.0,0.5185,nan,edge/x86_64,unknown,3.12.3,2026-10-09T18:41:14Z
131,ML-KEM-1024,post-quantum,5,decapsulate,0.0462,0.0,0.0,0.311,1568,3168,1568,0,0,0,0,0.0,0.6933,nan,edge/x86_64,unknown,3.12.3,2026-10-09T18:41:14Z
132,ML-KEM-1024,post-quantum,5,keygen,0.036,0.0,0.0,0.311,1568,3168,1568,0,0,0,0,0.0,0.5395,nan,edge/x86_64,unknown,3.12.3,2026-10-09T18:41:14Z
132,ML-KEM-1024,post-quantum,5,encapsulate,0.0358,0.0,0.0,0.311,1568,3168,1568,0,0,0,0,0.0,0.5365,nan,edge/x86_64,unknown,3.12.3,2026-10-09T18:41:14Z
132,ML-KEM-1024,post-quantum,5,decapsulate,0.0561,0.0,0.0,0.311,1568,3168,1568,0,0,0,0,0.0,0.8416,nan,edge/x86_64,unknown,3.12.3,2026-10-09T18:41:14Z
133,ML-KEM-1024,post-quantum,5,keygen,0.0386,0.0,0.0,0.311,1568,3168,1568,0,0,0,0,0.0,0.5792,nan,edge/x86_64,unknown,3.12.3,2026-10-09T18:41:14Z
133,ML-KEM-1024,post-quantum,5,encapsulate,0.0363,0.0,0.0,0.311,1568,3168,1568,0,0,0,0,0.0,0.5441,nan,edge/x86_64,unknown,3.12.3,2026-10-09T18:41:14Z
133,ML-KEM-1024,post-quantum,5,decapsulate,0.0365,0.0,0.0,0.311,1568,3168,1568,0,0,0,0,0.0,0.5475,nan,edge/x86_64,unknown,3.12.3,2026-10-09T18:41:14Z
134,ML-KEM-1024,post-quantum,5,keygen,0.0348,0.0,0.0,0.311,1568,3168,1568,0,0,0,0,0.0,0.5227,nan,edge/x86_64,unknown,3.12.3,2026-10-09T18:41:14Z
134,ML-KEM-1024,post-quantum,5,encapsulate,0.0352,0.0,0.0,0.311,1568,3168,1568,0,0,0,0,0.0,0.5277,nan,edge/x86_64,unknown,3.12.3,2026-10-09T18:41:14Z
134,ML-KEM-1024,post-quantum,5,decapsulate,0.037,0.0,0.0,0.311,1568,3168,1568,0,0,0,0,0.0,0.5557,nan,edge/x86_64,unknown,3.12.3,2026-10-09T18:41:14Z
135,ML-KEM-1024,post-quantum,5,keygen,0.0359,0.0,0.0,0.311,1568,3168,1568,0,0,0,0,0.0,0.538,nan,edge/x86_64,unknown,3.12.3,2026-10-09T18:41:14Z
135,ML-KEM-1024,post-quantum,5,encapsulate,0.0363,0.0,0.0,0.311,1568,3168,1568,0,0,0,0,0.0,0.545,nan,edge/x86_64,unknown,3.12.3,2026-10-09T18:41:14Z
135,ML-KEM-1024,post-quantum,5,decapsulate,0.0363,0.0,0.0,0.311,1568,3168,1568,0,0,0,0,0.0,0.5446,nan,edge/x86_64,unknown,3.12.3,2026-10-09T18:41:14Z
136,ML-KEM-1024,post-quantum,5,keygen,0.0352,0.0,0.0,0.311,1568,3168,1568,0,0,0,0,0.0,0.5279,nan,edge/x86_64,unknown,3.12.3,2026-10-09T18:41:14Z
136,ML-KEM-1024,post-quantum,5,encapsulate,0.0471,0.0,0.0,0.311,1568,3168,1568,0,0,0,0,0.0,0.7071,nan,edge/x86_64,unknown,3.12.3,2026-10-09T18:41:14Z
136,ML-KEM-1024,post-quantum,5,decapsulate,0.0371,0.0,0.0,0.311,1568,3168,1568,0,0,0,0,0.0,0.5559,nan,edge/x86_64,unknown,3.12.3,2026-10-09T18:41:14Z
137,ML-KEM-1024,post-quantum,5,keygen,0.035,0.0,0.0,0.311,1568,3168,1568,0,0,0,0,0.0,0.5256,nan,edge/x86_64,unknown,3.12.3,2026-10-09T18:41:14Z
137,ML-KEM-1024,post-quantum,5,encapsulate,0.0353,0.0,0.0,0.311,1568,3168,1568,0,0,0,0,0.0,0.5291,nan,edge/x86_64,unknown,3.12.3,2026-10-09T18:41:14Z
137,ML-KEM-1024,post-quantum,5,decapsulate,0.036,0.0,0.0,0.311,1568,3168,1568,0,0,0,0,0.0,0.5398,nan,edge/x86_64,unknown,3.12.3,2026-10-09T18:41:14Z
138,ML-KEM-1024,post-quantum,5,keygen,0.0353,0.0,0.0,0.311,1568,3168,1568,0,0,0,0,0.0,0.5295,nan,edge/x86_64,unknown,3.12.3,2026-10-09T18:41:14Z
138,ML-KEM-1024,post-quantum,5,encapsulate,0.0353,0.0,0.0,0.311,1568,3168,1568,0,0,0,0,0.0,0.5291,nan,edge/x86_64,unknown,3.12.3,2026-10-09T18:41:14Z
138,ML-KEM-1024,post-quantum,5,decapsulate,0.0365,0.0,0.0,0.311,1568,3168,1568,0,0,0,0,0.0,0.5471,nan,edge/x86_64,unknown,3.12.3,2026-10-09T18:41:14Z
139,ML-KEM-1024,post-quantum,5,keygen,0.0344,0.0,0.0,0.311,1568,3168,1568,0,0,0,0,0.0,0.5156,nan,edge/x86_64,unknown,3.12.3,2026-10-09T18:41:14Z
139,ML-KEM-1024,post-quantum,5,encapsulate,0.0353,0.0,0.0,0.311,1568,3168,1568,0,0,0,0,0.0,0.5288,nan,edge/x86_64,unknown,3.12.3,2026-10-09T18:41:14Z
139,ML-KEM-1024,post-quantum,5,decapsulate,0.0358,0.0,0.0,0.311,1568,3168,1568,0,0,0,0,0.0,0.5363,nan,edge/x86_64,unknown,3.12.3,2026-10-09T18:41:14Z
140,ML-KEM-1024,post-quantum,5,keygen,0.0343,0.0,0.0,0.311,1568,3168,1568,0,0,0,0,0.0,0.5142,nan,edge/x86_64,unknown,3.12.3,2026-10-09T18:41:14Z
140,ML-KEM-1024,post-quantum,5,encapsulate,0.0347,0.0,0.0,0.311,1568,3168,1568,0,0,0,0,0.0,0.5201,nan,edge/x86_64,unknown,3.12.3,2026-10-09T18:41:14Z
140,ML-KEM-1024,post-quantum,5,decapsulate,0.0361,0.0,0.0,0.311,1568,3168,1568,0,0,0,0,0.0,0.5416,nan,edge/x86_64,unknown,3.12.3,2026-10-09T18:41:14Z
141,ML-KEM-1024,post-quantum,5,keygen,0.0396,0.0,0.0,0.311,1568,3168,1568,0,0,0,0,0.0,0.5941,nan,edge/x86_64,unknown,3.12.3,2026-10-09T18:41:14Z
141,ML-KEM-1024,post-quantum,5,encapsulate,0.0382,0.0,0.0,0.311,1568,3168,1568,0,0,0,0,0.0,0.5728,nan,edge/x86_64,unknown,3.12.3,2026-10-09T18:41:14Z
141,ML-KEM-1024,post-quantum,5,decapsulate,0.0364,0.0,0.0,0.311,1568,3168,1568,0,0,0,0,0.0,0.5453,nan,edge/x86_64,unknown,3.12.3,2026-10-09T18:41:14Z
142,ML-KEM-1024,post-quantum,5,keygen,0.0347,0.0,0.0,0.311,1568,3168,1568,0,0,0,0,0.0,0.5199,nan,edge/x86_64,unknown,3.12.3,2026-10-09T18:41:14Z
142,ML-KEM-1024,post-quantum,5,encapsulate,0.0625,0.0,0.0,0.311,1568,3168,1568,0,0,0,0,0.0,0.9368,nan,edge/x86_64,unknown,3.12.3,2026-10-09T18:41:14Z
142,ML-KEM-1024,post-quantum,5,decapsulate,0.0377,0.0,0.0,0.311,1568,3168,1568,0,0,0,0,0.0,0.5662,nan,edge/x86_64,unknown,3.12.3,2026-10-09T18:41:14Z
143,ML-KEM-1024,post-quantum,5,keygen,0.0351,0.0,0.0,0.311,1568,3168,1568,0,0,0,0,0.0,0.527,nan,edge/x86_64,unknown,3.12.3,2026-10-09T18:41:14Z
143,ML-KEM-1024,post-quantum,5,encapsulate,0.035,0.0,0.0,0.311,1568,3168,1568,0,0,0,0,0.0,0.5245,nan,edge/x86_64,unknown,3.12.3,2026-10-09T18:41:14Z
143,ML-KEM-1024,post-quantum,5,decapsulate,0.0359,0.0,0.0,0.311,1568,3168,1568,0,0,0,0,0.0,0.538,nan,edge/x86_64,unknown,3.12.3,2026-10-09T18:41:14Z
144,ML-KEM-1024,post-quantum,5,keygen,0.0343,0.0,0.0,0.311,1568,3168,1568,0,0,0,0,0.0,0.5146,nan,edge/x86_64,unknown,3.12.3,2026-10-09T18:41:14Z
144,ML-KEM-1024,post-quantum,5,encapsulate,0.0351,0.0,0.0,0.311,1568,3168,1568,0,0,0,0,0.0,0.5264,nan,edge/x86_64,unknown,3.12.3,2026-10-09T18:41:14Z
144,ML-KEM-1024,post-quantum,5,decapsulate,0.036,0.0,0.0,0.311,1568,3168,1568,0,0,0,0,0.0,0.5402,nan,edge/x86_64,unknown,3.12.3,2026-10-09T18:41:14Z
145,ML-KEM-1024,post-quantum,5,keygen,0.0351,0.0,0.0,0.311,1568,3168,1568,0,0,0,0,0.0,0.5259,nan,edge/x86_64,unknown,3.12.3,2026-10-09T18:41:14Z
145,ML-KEM-1024,post-quantum,5,encapsulate,0.0354,0.0,0.0,0.311,1568,3168,1568,0,0,0,0,0.0,0.5305,nan,edge/x86_64,unknown,3.12.3,2026-10-09T18:41:14Z
145,ML-KEM-1024,post-quantum,5,decapsulate,0.0371,0.0,0.0,0.311,1568,3168,1568,0,0,0,0,0.0,0.5558,nan,edge/x86_64,unknown,3.12.3,2026-10-09T18:41:14Z
146,ML-KEM-1024,post-quantum,5,keygen,0.0365,0.0,0.0,0.311,1568,3168,1568,0,0,0,0,0.0,0.547,nan,edge/x86_64,unknown,3.12.3,2026-10-09T18:41:14Z
146,ML-KEM-1024,post-quantum,5,encapsulate,0.0352,0.0,0.0,0.311,1568,3168,1568,0,0,0,0,0.0,0.5287,nan,edge/x86_64,unknown,3.12.3,2026-10-09T18:41:14Z
146,ML-KEM-1024,post-quantum,5,decapsulate,0.0359,0.0,0.0,0.311,1568,3168,1568,0,0,0,0,0.0,0.5389,nan,edge/x86_64,unknown,3.12.3,2026-10-09T18:41:14Z
147,ML-KEM-1024,post-quantum,5,keygen,0.0342,0.0,0.0,0.311,1568,3168,1568,0,0,0,0,0.0,0.5132,nan,edge/x86_64,unknown,3.12.3,2026-10-09T18:41:14Z
147,ML-KEM-1024,post-quantum,5,encapsulate,0.039,0.0,0.0,0.311,1568,3168,1568,0,0,0,0,0.0,0.5849,nan,edge/x86_64,unknown,3.12.3,2026-10-09T18:41:14Z
147,ML-KEM-1024,post-quantum,5,decapsulate,0.0361,0.0,0.0,0.311,1568,3168,1568,0,0,0,0,0.0,0.5408,nan,edge/x86_64,unknown,3.12.3,2026-10-09T18:41:14Z
148,ML-KEM-1024,post-quantum,5,keygen,0.0347,0.0,0.0,0.311,1568,3168,1568,0,0,0,0,0.0,0.5205,nan,edge/x86_64,unknown,3.12.3,2026-10-09T18:41:14Z
148,ML-KEM-1024,post-quantum,5,encapsulate,0.0351,0.0,0.0,0.311,1568,3168,1568,0,0,0,0,0.0,0.526,nan,edge/x86_64,unknown,3.12.3,2026-10-09T18:41:14Z
148,ML-KEM-1024,post-quantum,5,decapsulate,0.0357,0.0,0.0,0.311,1568,3168,1568,0,0,0,0,0.0,0.5349,nan,edge/x86_64,unknown,3.12.3,2026-10-09T18:41:14Z
149,ML-KEM-1024,post-quantum,5,keygen,0.0341,0.0,0.0,0.311,1568,3168,1568,0,0,0,0,0.0,0.5115,nan,edge/x86_64,unknown,3.12.3,2026-10-09T18:41:14Z
149,ML-KEM-1024,post-quantum,5,encapsulate,0.0346,0.0,0.0,0.311,1568,3168,1568,0,0,0,0,0.0,0.5189,nan,edge/x86_64,unknown,3.12.3,2026-10-09T18:41:14Z
149,ML-KEM-1024,post-quantum,5,decapsulate,0.0355,0.0,0.0,0.311,1568,3168,1568,0,0,0,0,0.0,0.5322,nan,edge/x86_64,unknown,3.12.3,2026-10-09T18:41:14Z
150,ML-KEM-1024,post-quantum,5,keygen,0.0338,0.0,0.0,0.311,1568,3168,1568,0,0,0,0,0.0,0.5075,nan,edge/x86_64,unknown,3.12.3,2026-10-09T18:41:14Z
150,ML-KEM-1024,post-quantum,5,encapsulate,0.0347,0.0,0.0,0.311,1568,3168,1568,0,0,0,0,0.0,0.5202,nan,edge/x86_64,unknown,3.12.3,2026-10-09T18:41:14Z
150,ML-KEM-1024,post-quantum,5,decapsulate,0.0498,0.0,0.0,0.311,1568,3168,1568,0,0,0,0,0.0,0.7463,nan,edge/x86_64,unknown,3.12.3,2026-10-09T18:41:14Z
151,ML-KEM-1024,post-quantum,5,keygen,0.0356,0.0,0.0,0.311,1568,3168,1568,0,0,0,0,0.0,0.5337,nan,edge/x86_64,unknown,3.12.3,2026-10-09T18:41:14Z
151,ML-KEM-1024,post-quantum,5,encapsulate,0.0353,0.0,0.0,0.311,1568,3168,1568,0,0,0,0,0.0,0.5294,nan,edge/x86_64,unknown,3.12.3,2026-10-09T18:41:14Z
151,ML-KEM-1024,post-quantum,5,decapsulate,0.036,0.0,0.0,0.311,1568,3168,1568,0,0,0,0,0.0,0.54,nan,edge/x86_64,unknown,3.12.3,2026-10-09T18:41:14Z
152,ML-KEM-1024,post-quantum,5,keygen,0.04,0.0,0.0,0.311,1568,3168,1568,0,0,0,0,0.0,0.5997,nan,edge/x86_64,unknown,3.12.3,2026-10-09T18:41:14Z
152,ML-KEM-1024,post-quantum,5,encapsulate,0.037,0.0,0.0,0.311,1568,3168,1568,0,0,0,0,0.0,0.5552,nan,edge/x86_64,unknown,3.12.3,2026-10-09T18:41:14Z
152,ML-KEM-1024,post-quantum,5,decapsulate,0.0363,0.0,0.0,0.311,1568,3168,1568,0,0,0,0,0.0,0.5438,nan,edge/x86_64,unknown,3.12.3,2026-10-09T18:41:14Z
153,ML-KEM-1024,post-quantum,5,keygen,0.0353,0.0,0.0,0.311,1568,3168,1568,0,0,0,0,0.0,0.5298,nan,edge/x86_64,unknown,3.12.3,2026-10-09T18:41:14Z
153,ML-KEM-1024,post-quantum,5,encapsulate,0.037,0.0,0.0,0.311,1568,3168,1568,0,0,0,0,0.0,0.5555,nan,edge/x86_64,unknown,3.12.3,2026-10-09T18:41:14Z
153,ML-KEM-1024,post-quantum,5,decapsulate,0.0403,0.0,0.0,0.311,1568,3168,1568,0,0,0,0,0.0,0.6042,nan,edge/x86_64,unknown,3.12.3,2026-10-09T18:41:14Z
154,ML-KEM-1024,post-quantum,5,keygen,0.0346,0.0,0.0,0.311,1568,3168,1568,0,0,0,0,0.0,0.5186,nan,edge/x86_64,unknown,3.12.3,2026-10-09T18:41:14Z
154,ML-KEM-1024,post-quantum,5,encapsulate,0.0349,0.0,0.0,0.311,1568,3168,1568,0,0,0,0,0.0,0.5242,nan,edge/x86_64,unknown,3.12.3,2026-10-09T18:41:14Z
154,ML-KEM-1024,post-quantum,5,decapsulate,0.0359,0.0,0.0,0.311,1568,3168,1568,0,0,0,0,0.0,0.538,nan,edge/x86_64,unknown,3.12.3,2026-10-09T18:41:14Z
155,ML-KEM-1024,post-quantum,5,keygen,0.0345,0.0,0.0,0.311,1568,3168,1568,0,0,0,0,0.0,0.5169,nan,edge/x86_64,unknown,3.12.3,2026-10-09T18:41:14Z
155,ML-KEM-1024,post-quantum,5,encapsulate,0.0461,0.0,0.0,0.311,1568,3168,1568,0,0,0,0,0.0,0.6917,nan,edge/x86_64,unknown,3.12.3,2026-10-09T18:41:14Z
155,ML-KEM-1024,post-quantum,5,decapsulate,0.0368,0.0,0.0,0.311,1568,3168,1568,0,0,0,0,0.0,0.5518,nan,edge/x86_64,unknown,3.12.3,2026-10-09T18:41:14Z
156,ML-KEM-1024,post-quantum,5,keygen,0.0348,0.0,0.0,0.311,1568,3168,1568,0,0,0,0,0.0,0.5216,nan,edge/x86_64,unknown,3.12.3,2026-10-09T18:41:14Z
156,ML-KEM-1024,post-quantum,5,encapsulate,0.035,0.0,0.0,0.311,1568,3168,1568,0,0,0,0,0.0,0.5251,nan,edge/x86_64,unknown,3.12.3,2026-10-09T18:41:14Z
156,ML-KEM-1024,post-quantum,5,decapsulate,0.0359,0.0,0.0,0.311,1568,3168,1568,0,0,0,0,0.0,0.5383,nan,edge/x86_64,unknown,3.12.3,2026-10-09T18:41:14Z
157,ML-KEM-1024,post-quantum,5,keygen,0.0345,0.0,0.0,0.311,1568,3168,1568,0,0,0,0,0.0,0.518,nan,edge/x86_64,unknown,3.12.3,2026-10-09T18:41:14Z
157,ML-KEM-1024,post-quantum,5,encapsulate,0.0352,0.0,0.0,0.311,1568,3168,1568,0,0,0,0,0.0,0.5273,nan,edge/x86_64,unknown,3.12.3,2026-10-09T18:41:14Z
157,ML-KEM-1024,post-quantum,5,decapsulate,0.0361,0.0,0.0,0.311,1568,3168,1568,0,0,0,0,0.0,0.5417,nan,edge/x86_64,unknown,3.12.3,2026-10-09T18:41:14Z
158,ML-KEM-1024,post-quantum,5,keygen,0.0347,0.0,0.0,0.311,1568,3168,1568,0,0,0,0,0.0,0.5198,nan,edge/x86_64,unknown,3.12.3,2026-10-09T18:41:14Z
158,ML-KEM-1024,post-quantum,5,encapsulate,0.035,0.0,0.0,0.311,1568,3168,1568,0,0,0,0,0.0,0.525,nan,edge/x86_64,unknown,3.12.3,2026-10-09T18:41:14Z
158,ML-KEM-1024,post-quantum,5,decapsulate,0.036,0.0,0.0,0.311,1568,3168,1568,0,0,0,0,0.0,0.5403,nan,edge/x86_64,unknown,3.12.3,2026-10-09T18:41:14Z
159,ML-KEM-1024,post-quantum,5,keygen,0.0342,0.0,0.0,0.311,1568,3168,1568,0,0,0,0,0.0,0.5124,nan,edge/x86_64,unknown,3.12.3,2026-10-09T18:41:14Z
159,ML-KEM-1024,post-quantum,5,encapsulate,0.0361,0.0,0.0,0.311,1568,3168,1568,0,0,0,0,0.0,0.5416,nan,edge/x86_64,unknown,3.12.3,2026-10-09T18:41:14Z
159,ML-KEM-1024,post-quantum,5,decapsulate,0.0356,0.0,0.0,0.311,1568,3168,1568,0,0,0,0,0.0,0.5345,nan,edge/x86_64,unknown,3.12.3,2026-10-09T18:41:14Z
160,ML-KEM-1024,post-quantum,5,keygen,0.0351,0.0,0.0,0.311,1568,3168,1568,0,0,0,0,0.0,0.5268,nan,edge/x86_64,unknown,3.12.3,2026-10-09T18:41:14Z
160,ML-KEM-1024,post-quantum,5,encapsulate,0.0478,0.0,0.0,0.311,1568,3168,1568,0,0,0,0,0.0,0.7172,nan,edge/x86_64,unknown,3.12.3,2026-10-09T18:41:14Z
160,ML-KEM-1024,post-quantum,5,decapsulate,0.0367,0.0,0.0,0.311,1568,3168,1568,0,0,0,0,0.0,0.551,nan,edge/x86_64,unknown,3.12.3,2026-10-09T18:41:14Z
161,ML-KEM-1024,post-quantum,5,keygen,0.0344,0.0,0.0,0.311,1568,3168,1568,0,0,0,0,0.0,0.5155,nan,edge/x86_64,unknown,3.12.3,2026-10-09T18:41:14Z
161,ML-KEM-1024,post-quantum,5,encapsulate,0.0542,0.0,0.0,0.311,1568,3168,1568,0,0,0,0,0.0,0.8127,nan,edge/x86_64,unknown,3.12.3,2026-10-09T18:41:14Z
161,ML-KEM-1024,post-quantum,5,decapsulate,0.0395,0.0,0.0,0.311,1568,3168,1568,0,0,0,0,0.0,0.5918,nan,edge/x86_64,unknown,3.12.3,2026-10-09T18:41:14Z
162,ML-KEM-1024,post-quantum,5,keygen,0.0357,0.0,0.0,0.311,1568,3168,1568,0,0,0,0,0.0,0.536,nan,edge/x86_64,unknown,3.12.3,2026-10-09T18:41:14Z
162,ML-KEM-1024,post-quantum,5,encapsulate,0.0351,0.0,0.0,0.311,1568,3168,1568,0,0,0,0,0.0,0.5261,nan,edge/x86_64,unknown,3.12.3,2026-10-09T18:41:14Z
162,ML-KEM-1024,post-quantum,5,decapsulate,0.0363,0.0,0.0,0.311,1568,3168,1568,0,0,0,0,0.0,0.5445,nan,edge/x86_64,unknown,3.12.3,2026-10-09T18:41:14Z
163,ML-KEM-1024,post-quantum,5,keygen,0.0352,0.0,0.0,0.311,1568,3168,1568,0,0,0,0,0.0,0.5281,nan,edge/x86_64,unknown,3.12.3,2026-10-09T18:41:14Z
163,ML-KEM-1024,post-quantum,5,encapsulate,0.0356,0.0,0.0,0.311,1568,3168,1568,0,0,0,0,0.0,0.5337,nan,edge/x86_64,unknown,3.12.3,2026-10-09T18:41:14Z
163,ML-KEM-1024,post-quantum,5,decapsulate,0.0363,0.0,0.0,0.311,1568,3168,1568,0,0,0,0,0.0,0.5443,nan,edge/x86_64,unknown,3.12.3,2026-10-09T18:41:14Z
164,ML-KEM-1024,post-quantum,5,keygen,0.0347,0.0,0.0,0.311,1568,3168,1568,0,0,0,0,0.0,0.5205,nan,edge/x86_64,unknown,3.12.3,2026-10-09T18:41:14Z
164,ML-KEM-1024,post-quantum,5,encapsulate,0.0351,0.0,0.0,0.311,1568,3168,1568,0,0,0,0,0.0,0.5263,nan,edge/x86_64,unknown,3.12.3,2026-10-09T18:41:14Z
164,ML-KEM-1024,post-quantum,5,decapsulate,0.036,0.0,0.0,0.311,1568,3168,1568,0,0,0,0,0.0,0.5405,nan,edge/x86_64,unknown,3.12.3,2026-10-09T18:41:14Z
165,ML-KEM-1024,post-quantum,5,keygen,0.0478,0.0,0.0,0.311,1568,3168,1568,0,0,0,0,0.0,0.7173,nan,edge/x86_64,unknown,3.12.3,2026-10-09T18:41:14Z
165,ML-KEM-1024,post-quantum,5,encapsulate,0.0365,0.0,0.0,0.311,1568,3168,1568,0,0,0,0,0.0,0.548,nan,edge/x86_64,unknown,3.12.3,2026-10-09T18:41:14Z
165,ML-KEM-1024,post-quantum,5,decapsulate,0.0361,0.0,0.0,0.311,1568,3168,1568,0,0,0,0,0.0,0.5412,nan,edge/x86_64,unknown,3.12.3,2026-10-09T18:41:14Z
166,ML-KEM-1024,post-quantum,5,keygen,0.0348,0.0,0.0,0.311,1568,3168,1568,0,0,0,0,0.0,0.5215,nan,edge/x86_64,unknown,3.12.3,2026-10-09T18:41:14Z
166,ML-KEM-1024,post-quantum,5,encapsulate,0.0347,0.0,0.0,0.311,1568,3168,1568,0,0,0,0,0.0,0.5202,nan,edge/x86_64,unknown,3.12.3,2026-10-09T18:41:14Z
166,ML-KEM-1024,post-quantum,5,decapsulate,0.0362,0.0,0.0,0.311,1568,3168,1568,0,0,0,0,0.0,0.5431,nan,edge/x86_64,unknown,3.12.3,2026-10-09T18:41:14Z
167,ML-KEM-1024,post-quantum,5,keygen,0.0346,0.0,0.0,0.311,1568,3168,1568,0,0,0,0,0.0,0.5197,nan,edge/x86_64,unknown,3.12.3,2026-10-09T18:41:14Z
167,ML-KEM-1024,post-quantum,5,encapsulate,0.0351,0.0,0.0,0.311,1568,3168,1568,0,0,0,0,0.0,0.5268,nan,edge/x86_64,unknown,3.12.3,2026-10-09T18:41:14Z
167,ML-KEM-1024,post-quantum,5,decapsulate,0.0364,0.0,0.0,0.311,1568,3168,1568,0,0,0,0,0.0,0.5453,nan,edge/x86_64,unknown,3.12.3,2026-10-09T18:41:14Z
168,ML-KEM-1024,post-quantum,5,keygen,0.0344,0.0,0.0,0.311,1568,3168,1568,0,0,0,0,0.0,0.5155,nan,edge/x86_64,unknown,3.12.3,2026-10-09T18:41:14Z
168,ML-KEM-1024,post-quantum,5,encapsulate,0.0348,0.0,0.0,0.311,1568,3168,1568,0,0,0,0,0.0,0.5219,nan,edge/x86_64,unknown,3.12.3,2026-10-09T18:41:14Z
168,ML-KEM-1024,post-quantum,5,decapsulate,0.0357,0.0,0.0,0.311,1568,3168,1568,0,0,0,0,0.0,0.5357,nan,edge/x86_64,unknown,3.12.3,2026-10-09T18:41:14Z
169,ML-KEM-1024,post-quantum,5,keygen,0.0349,0.0,0.0,0.311,1568,3168,1568,0,0,0,0,0.0,0.5236,nan,edge/x86_64,unknown,3.12.3,2026-10-09T18:41:14Z
169,ML-KEM-1024,post-quantum,5,encapsulate,0.0356,0.0,0.0,0.311,1568,3168,1568,0,0,0,0,0.0,0.5334,nan,edge/x86_64,unknown,3.12.3,2026-10-09T18:41:14Z
169,ML-KEM-1024,post-quantum,5,decapsulate,0.0369,0.0,0.0,0.311,1568,3168,1568,0,0,0,0,0.0,0.5528,nan,edge/x86_64,unknown,3.12.3,2026-10-09T18:41:14Z
170,ML-KEM-1024,post-quantum,5,keygen,0.0359,0.0,0.0,0.311,1568,3168,1568,0,0,0,0,0.0,0.5378,nan,edge/x86_64,unknown,3.12.3,2026-10-09T18:41:14Z
170,ML-KEM-1024,post-quantum,5,encapsulate,0.0353,0.0,0.0,0.311,1568,3168,1568,0,0,0,0,0.0,0.5296,nan,edge/x86_64,unknown,3.12.3,2026-10-09T18:41:14Z
170,ML-KEM-1024,post-quantum,5,decapsulate,0.0362,0.0,0.0,0.311,1568,3168,1568,0,0,0,0,0.0,0.543,nan,edge/x86_64,unknown,3.12.3,2026-10-09T18:41:14Z
171,ML-KEM-1024,post-quantum,5,keygen,0.0552,0.0,0.0,0.311,1568,3168,1568,0,0,0,0,0.0,0.8273,nan,edge/x86_64,unknown,3.12.3,2026-10-09T18:41:14Z
171,ML-KEM-1024,post-quantum,5,encapsulate,0.0407,0.0,0.0,0.311,1568,3168,1568,0,0,0,0,0.0,0.6108,nan,edge/x86_64,unknown,3.12.3,2026-10-09T18:41:14Z
171,ML-KEM-1024,post-quantum,5,decapsulate,0.0374,0.0,0.0,0.311,1568,3168,1568,0,0,0,0,0.0,0.5604,nan,edge/x86_64,unknown,3.12.3,2026-10-09T18:41:14Z
172,ML-KEM-1024,post-quantum,5,keygen,0.0349,0.0,0.0,0.311,1568,3168,1568,0,0,0,0,0.0,0.5239,nan,edge/x86_64,unknown,3.12.3,2026-10-09T18:41:14Z
172,ML-KEM-1024,post-quantum,5,encapsulate,0.0351,0.0,0.0,0.311,1568,3168,1568,0,0,0,0,0.0,0.5258,nan,edge/x86_64,unknown,3.12.3,2026-10-09T18:41:14Z
172,ML-KEM-1024,post-quantum,5,decapsulate,0.0402,0.0,0.0,0.311,1568,3168,1568,0,0,0,0,0.0,0.6033,nan,edge/x86_64,unknown,3.12.3,2026-10-09T18:41:14Z
173,ML-KEM-1024,post-quantum,5,keygen,0.0349,0.0,0.0,0.311,1568,3168,1568,0,0,0,0,0.0,0.5238,nan,edge/x86_64,unknown,3.12.3,2026-10-09T18:41:14Z
173,ML-KEM-1024,post-quantum,5,encapsulate,0.035,0.0,0.0,0.311,1568,3168,1568,0,0,0,0,0.0,0.5253,nan,edge/x86_64,unknown,3.12.3,2026-10-09T18:41:14Z
173,ML-KEM-1024,post-quantum,5,decapsulate,0.0361,0.0,0.0,0.311,1568,3168,1568,0,0,0,0,0.0,0.5419,nan,edge/x86_64,unknown,3.12.3,2026-10-09T18:41:14Z
174,ML-KEM-1024,post-quantum,5,keygen,0.0341,0.0,0.0,0.311,1568,3168,1568,0,0,0,0,0.0,0.5118,nan,edge/x86_64,unknown,3.12.3,2026-10-09T18:41:14Z
174,ML-KEM-1024,post-quantum,5,encapsulate,0.0349,0.0,0.0,0.311,1568,3168,1568,0,0,0,0,0.0,0.5239,nan,edge/x86_64,unknown,3.12.3,2026-10-09T18:41:14Z
174,ML-KEM-1024,post-quantum,5,decapsulate,0.0373,0.0,0.0,0.311,1568,3168,1568,0,0,0,0,0.0,0.5596,nan,edge/x86_64,unknown,3.12.3,2026-10-09T18:41:14Z
175,ML-KEM-1024,post-quantum,5,keygen,0.0357,0.0,0.0,0.311,1568,3168,1568,0,0,0,0,0.0,0.5349,nan,edge/x86_64,unknown,3.12.3,2026-10-09T18:41:14Z
175,ML-KEM-1024,post-quantum,5,encapsulate,0.0356,0.0,0.0,0.311,1568,3168,1568,0,0,0,0,0.0,0.534,nan,edge/x86_64,unknown,3.12.3,2026-10-09T18:41:14Z
175,ML-KEM-1024,post-quantum,5,decapsulate,0.0363,0.0,0.0,0.311,1568,3168,1568,0,0,0,0,0.0,0.5451,nan,edge/x86_64,unknown,3.12.3,2026-10-09T18:41:14Z
176,ML-KEM-1024,post-quantum,5,keygen,0.0345,0.0,0.0,0.311,1568,3168,1568,0,0,0,0,0.0,0.5174,nan,edge/x86_64,unknown,3.12.3,2026-10-09T18:41:14Z
176,ML-KEM-1024,post-quantum,5,encapsulate,0.0347,0.0,0.0,0.311,1568,3168,1568,0,0,0,0,0.0,0.5199,nan,edge/x86_64,unknown,3.12.3,2026-10-09T18:41:14Z
176,ML-KEM-1024,post-quantum,5,decapsulate,0.0357,0.0,0.0,0.311,1568,3168,1568,0,0,0,0,0.0,0.5361,nan,edge/x86_64,unknown,3.12.3,2026-10-09T18:41:14Z
177,ML-KEM-1024,post-quantum,5,keygen,0.0341,0.0,0.0,0.311,1568,3168,1568,0,0,0,0,0.0,0.5119,nan,edge/x86_64,unknown,3.12.3,2026-10-09T18:41:14Z
177,ML-KEM-1024,post-quantum,5,encapsulate,0.0358,0.0,0.0,0.311,1568,3168,1568,0,0,0,0,0.0,0.5368,nan,edge/x86_64,unknown,3.12.3,2026-10-09T18:41:14Z
177,ML-KEM-1024,post-quantum,5,decapsulate,0.0357,0.0,0.0,0.311,1568,3168,1568,0,0,0,0,0.0,0.5357,nan,edge/x86_64,unknown,3.12.3,2026-10-09T18:41:14Z
178,ML-KEM-1024,post-quantum,5,keygen,0.0343,0.0,0.0,0.311,1568,3168,1568,0,0,0,0,0.0,0.5142,nan,edge/x86_64,unknown,3.12.3,2026-10-09T18:41:14Z
178,ML-KEM-1024,post-quantum,5,encapsulate,0.0346,0.0,0.0,0.311,1568,3168,1568,0,0,0,0,0.0,0.5191,nan,edge/x86_64,unknown,3.12.3,2026-10-09T18:41:14Z
178,ML-KEM-1024,post-quantum,5,decapsulate,0.0358,0.0,0.0,0.311,1568,3168,1568,0,0,0,0,0.0,0.5363,nan,edge/x86_64,unknown,3.12.3,2026-10-09T18:41:14Z
179,ML-KEM-1024,post-quantum,5,keygen,0.0398,0.0,0.0,0.311,1568,3168,1568,0,0,0,0,0.0,0.5977,nan,edge/x86_64,unknown,3.12.3,2026-10-09T18:41:14Z
179,ML-KEM-1024,post-quantum,5,encapsulate,0.0467,0.0,0.0,0.311,1568,3168,1568,0,0,0,0,0.0,0.7008,nan,edge/x86_64,unknown,3.12.3,2026-10-09T18:41:14Z
179,ML-KEM-1024,post-quantum,5,decapsulate,0.0362,0.0,0.0,0.311,1568,3168,1568,0,0,0,0,0.0,0.5433,nan,edge/x86_64,unknown,3.12.3,2026-10-09T18:41:14Z
180,ML-KEM-1024,post-quantum,5,keygen,0.0342,0.0,0.0,0.311,1568,3168,1568,0,0,0,0,0.0,0.5137,nan,edge/x86_64,unknown,3.12.3,2026-10-09T18:41:14Z
180,ML-KEM-1024,post-quantum,5,encapsulate,0.0345,0.0,0.0,0.311,1568,3168,1568,0,0,0,0,0.0,0.5177,nan,edge/x86_64,unknown,3.12.3,2026-10-09T18:41:14Z
180,ML-KEM-1024,post-quantum,5,decapsulate,0.0405,0.0,0.0,0.311,1568,3168,1568,0,0,0,0,0.0,0.6079,nan,edge/x86_64,unknown,3.12.3,2026-10-09T18:41:14Z
181,ML-KEM-1024,post-quantum,5,keygen,0.0358,0.0,0.0,0.311,1568,3168,1568,0,0,0,0,0.0,0.5373,nan,edge/x86_64,unknown,3.12.3,2026-10-09T18:41:14Z
181,ML-KEM-1024,post-quantum,5,encapsulate,0.0357,0.0,0.0,0.311,1568,3168,1568,0,0,0,0,0.0,0.5352,nan,edge/x86_64,unknown,3.12.3,2026-10-09T18:41:14Z
181,ML-KEM-1024,post-quantum,5,decapsulate,0.036,0.0,0.0,0.311,1568,3168,1568,0,0,0,0,0.0,0.5394,nan,edge/x86_64,unknown,3.12.3,2026-10-09T18:41:14Z
182,ML-KEM-1024,post-quantum,5,keygen,0.1224,0.0,0.0,0.311,1568,3168,1568,0,0,0,0,0.0,1.8362,nan,edge/x86_64,unknown,3.12.3,2026-10-09T18:41:14Z
182,ML-KEM-1024,post-quantum,5,encapsulate,0.0576,0.0,0.0,0.311,1568,3168,1568,0,0,0,0,0.0,0.8634,nan,edge/x86_64,unknown,3.12.3,2026-10-09T18:41:14Z
182,ML-KEM-1024,post-quantum,5,decapsulate,0.0409,0.0,0.0,0.311,1568,3168,1568,0,0,0,0,0.0,0.6133,nan,edge/x86_64,unknown,3.12.3,2026-10-09T18:41:14Z
183,ML-KEM-1024,post-quantum,5,keygen,0.0539,0.0,0.0,0.311,1568,3168,1568,0,0,0,0,0.0,0.8081,nan,edge/x86_64,unknown,3.12.3,2026-10-09T18:41:14Z
183,ML-KEM-1024,post-quantum,5,encapsulate,0.0387,0.0,0.0,0.311,1568,3168,1568,0,0,0,0,0.0,0.581,nan,edge/x86_64,unknown,3.12.3,2026-10-09T18:41:14Z
183,ML-KEM-1024,post-quantum,5,decapsulate,0.0372,0.0,0.0,0.311,1568,3168,1568,0,0,0,0,0.0,0.5579,nan,edge/x86_64,unknown,3.12.3,2026-10-09T18:41:14Z
184,ML-KEM-1024,post-quantum,5,keygen,0.0353,0.0,0.0,0.311,1568,3168,1568,0,0,0,0,0.0,0.5297,nan,edge/x86_64,unknown,3.12.3,2026-10-09T18:41:14Z
184,ML-KEM-1024,post-quantum,5,encapsulate,0.0355,0.0,0.0,0.311,1568,3168,1568,0,0,0,0,0.0,0.5324,nan,edge/x86_64,unknown,3.12.3,2026-10-09T18:41:14Z
184,ML-KEM-1024,post-quantum,5,decapsulate,0.0366,0.0,0.0,0.311,1568,3168,1568,0,0,0,0,0.0,0.5483,nan,edge/x86_64,unknown,3.12.3,2026-10-09T18:41:14Z
185,ML-KEM-1024,post-quantum,5,keygen,0.0346,0.0,0.0,0.311,1568,3168,1568,0,0,0,0,0.0,0.5195,nan,edge/x86_64,unknown,3.12.3,2026-10-09T18:41:14Z
185,ML-KEM-1024,post-quantum,5,encapsulate,0.0355,0.0,0.0,0.311,1568,3168,1568,0,0,0,0,0.0,0.5321,nan,edge/x86_64,unknown,3.12.3,2026-10-09T18:41:14Z
185,ML-KEM-1024,post-quantum,5,decapsulate,0.0368,0.0,0.0,0.311,1568,3168,1568,0,0,0,0,0.0,0.5518,nan,edge/x86_64,unknown,3.12.3,2026-10-09T18:41:14Z
186,ML-KEM-1024,post-quantum,5,keygen,0.0346,0.0,0.0,0.311,1568,3168,1568,0,0,0,0,0.0,0.5185,nan,edge/x86_64,unknown,3.12.3,2026-10-09T18:41:14Z
186,ML-KEM-1024,post-quantum,5,encapsulate,0.0346,0.0,0.0,0.311,1568,3168,1568,0,0,0,0,0.0,0.5196,nan,edge/x86_64,unknown,3.12.3,2026-10-09T18:41:14Z
186,ML-KEM-1024,post-quantum,5,decapsulate,0.036,0.0,0.0,0.311,1568,3168,1568,0,0,0,0,0.0,0.5405,nan,edge/x86_64,unknown,3.12.3,2026-10-09T18:41:14Z
187,ML-KEM-1024,post-quantum,5,keygen,0.0353,0.0,0.0,0.311,1568,3168,1568,0,0,0,0,0.0,0.5302,nan,edge/x86_64,unknown,3.12.3,2026-10-09T18:41:14Z
187,ML-KEM-1024,post-quantum,5,encapsulate,0.0349,0.0,0.0,0.311,1568,3168,1568,0,0,0,0,0.0,0.5242,nan,edge/x86_64,unknown,3.12.3,2026-10-09T18:41:14Z
187,ML-KEM-1024,post-quantum,5,decapsulate,0.0483,0.0,0.0,0.311,1568,3168,1568,0,0,0,0,0.0,0.725,nan,edge/x86_64,unknown,3.12.3,2026-10-09T18:41:14Z
188,ML-KEM-1024,post-quantum,5,keygen,0.0352,0.0,0.0,0.311,1568,3168,1568,0,0,0,0,0.0,0.5273,nan,edge/x86_64,unknown,3.12.3,2026-10-09T18:41:14Z
188,ML-KEM-1024,post-quantum,5,encapsulate,0.0353,0.0,0.0,0.311,1568,3168,1568,0,0,0,0,0.0,0.5295,nan,edge/x86_64,unknown,3.12.3,2026-10-09T18:41:14Z
188,ML-KEM-1024,post-quantum,5,decapsulate,0.0358,0.0,0.0,0.311,1568,3168,1568,0,0,0,0,0.0,0.5364,nan,edge/x86_64,unknown,3.12.3,2026-10-09T18:41:14Z
189,ML-KEM-1024,post-quantum,5,keygen,0.0339,0.0,0.0,0.311,1568,3168,1568,0,0,0,0,0.0,0.5092,nan,edge/x86_64,unknown,3.12.3,2026-10-09T18:41:14Z
189,ML-KEM-1024,post-quantum,5,encapsulate,0.0618,0.0,0.0,0.311,1568,3168,1568,0,0,0,0,0.0,0.9266,nan,edge/x86_64,unknown,3.12.3,2026-10-09T18:41:14Z
189,ML-KEM-1024,post-quantum,5,decapsulate,0.0391,0.0,0.0,0.311,1568,3168,1568,0,0,0,0,0.0,0.5868,nan,edge/x86_64,unknown,3.12.3,2026-10-09T18:41:14Z
190,ML-KEM-1024,post-quantum,5,keygen,0.0371,0.0,0.0,0.311,1568,3168,1568,0,0,0,0,0.0,0.5568,nan,edge/x86_64,unknown,3.12.3,2026-10-09T18:41:14Z
190,ML-KEM-1024,post-quantum,5,encapsulate,0.0361,0.0,0.0,0.311,1568,3168,1568,0,0,0,0,0.0,0.5416,nan,edge/x86_64,unknown,3.12.3,2026-10-09T18:41:14Z
190,ML-KEM-1024,post-quantum,5,decapsulate,0.0369,0.0,0.0,0.311,1568,3168,1568,0,0,0,0,0.0,0.5542,nan,edge/x86_64,unknown,3.12.3,2026-10-09T18:41:14Z
191,ML-KEM-1024,post-quantum,5,keygen,0.1275,0.0,0.0,0.311,1568,3168,1568,0,0,0,0,0.0,1.9121,nan,edge/x86_64,unknown,3.12.3,2026-10-09T18:41:14Z
191,ML-KEM-1024,post-quantum,5,encapsulate,0.0572,0.0,0.0,0.311,1568,3168,1568,0,0,0,0,0.0,0.8584,nan,edge/x86_64,unknown,3.12.3,2026-10-09T18:41:14Z
191,ML-KEM-1024,post-quantum,5,decapsulate,0.0393,0.0,0.0,0.311,1568,3168,1568,0,0,0,0,0.0,0.5888,nan,edge/x86_64,unknown,3.12.3,2026-10-09T18:41:14Z
192,ML-KEM-1024,post-quantum,5,keygen,0.0366,0.0,0.0,0.311,1568,3168,1568,0,0,0,0,0.0,0.5483,nan,edge/x86_64,unknown,3.12.3,2026-10-09T18:41:14Z
192,ML-KEM-1024,post-quantum,5,encapsulate,0.0468,0.0,0.0,0.311,1568,3168,1568,0,0,0,0,0.0,0.7017,nan,edge/x86_64,unknown,3.12.3,2026-10-09T18:41:14Z
192,ML-KEM-1024,post-quantum,5,decapsulate,0.0377,0.0,0.0,0.311,1568,3168,1568,0,0,0,0,0.0,0.5662,nan,edge/x86_64,unknown,3.12.3,2026-10-09T18:41:14Z
193,ML-KEM-1024,post-quantum,5,keygen,0.0352,0.0,0.0,0.311,1568,3168,1568,0,0,0,0,0.0,0.5274,nan,edge/x86_64,unknown,3.12.3,2026-10-09T18:41:14Z
193,ML-KEM-1024,post-quantum,5,encapsulate,0.0354,0.0,0.0,0.311,1568,3168,1568,0,0,0,0,0.0,0.5316,nan,edge/x86_64,unknown,3.12.3,2026-10-09T18:41:14Z
193,ML-KEM-1024,post-quantum,5,decapsulate,0.0359,0.0,0.0,0.311,1568,3168,1568,0,0,0,0,0.0,0.5383,nan,edge/x86_64,unknown,3.12.3,2026-10-09T18:41:14Z
194,ML-KEM-1024,post-quantum,5,keygen,0.0345,0.0,0.0,0.311,1568,3168,1568,0,0,0,0,0.0,0.518,nan,edge/x86_64,unknown,3.12.3,2026-10-09T18:41:14Z
194,ML-KEM-1024,post-quantum,5,encapsulate,0.0353,0.0,0.0,0.311,1568,3168,1568,0,0,0,0,0.0,0.5301,nan,edge/x86_64,unknown,3.12.3,2026-10-09T18:41:14Z
194,ML-KEM-1024,post-quantum,5,decapsulate,0.0364,0.0,0.0,0.311,1568,3168,1568,0,0,0,0,0.0,0.546,nan,edge/x86_64,unknown,3.12.3,2026-10-09T18:41:14Z
195,ML-KEM-1024,post-quantum,5,keygen,0.0346,0.0,0.0,0.311,1568,3168,1568,0,0,0,0,0.0,0.5196,nan,edge/x86_64,unknown,3.12.3,2026-10-09T18:41:14Z
195,ML-KEM-1024,post-quantum,5,encapsulate,0.0498,0.0,0.0,0.311,1568,3168,1568,0,0,0,0,0.0,0.7473,nan,edge/x86_64,unknown,3.12.3,2026-10-09T18:41:14Z
195,ML-KEM-1024,post-quantum,5,decapsulate,0.0372,0.0,0.0,0.311,1568,3168,1568,0,0,0,0,0.0,0.5583,nan,edge/x86_64,unknown,3.12.3,2026-10-09T18:41:14Z
196,ML-KEM-1024,post-quantum,5,keygen,0.0711,0.0,0.0,0.311,1568,3168,1568,0,0,0,0,0.0,1.0661,nan,edge/x86_64,unknown,3.12.3,2026-10-09T18:41:14Z
196,ML-KEM-1024,post-quantum,5,encapsulate,0.0397,0.0,0.0,0.311,1568,3168,1568,0,0,0,0,0.0,0.596,nan,edge/x86_64,unknown,3.12.3,2026-10-09T18:41:14Z
196,ML-KEM-1024,post-quantum,5,decapsulate,0.0565,0.0,0.0,0.311,1568,3168,1568,0,0,0,0,0.0,0.8474,nan,edge/x86_64,unknown,3.12.3,2026-10-09T18:41:14Z
197,ML-KEM-1024,post-quantum,5,keygen,0.0383,0.0,0.0,0.311,1568,3168,1568,0,0,0,0,0.0,0.575,nan,edge/x86_64,unknown,3.12.3,2026-10-09T18:41:14Z
197,ML-KEM-1024,post-quantum,5,encapsulate,0.0359,0.0,0.0,0.311,1568,3168,1568,0,0,0,0,0.0,0.5385,nan,edge/x86_64,unknown,3.12.3,2026-10-09T18:41:14Z
197,ML-KEM-1024,post-quantum,5,decapsulate,0.0365,0.0,0.0,0.311,1568,3168,1568,0,0,0,0,0.0,0.5477,nan,edge/x86_64,unknown,3.12.3,2026-10-09T18:41:14Z
198,ML-KEM-1024,post-quantum,5,keygen,0.035,0.0,0.0,0.311,1568,3168,1568,0,0,0,0,0.0,0.5254,nan,edge/x86_64,unknown,3.12.3,2026-10-09T18:41:14Z
198,ML-KEM-1024,post-quantum,5,encapsulate,0.0353,0.0,0.0,0.311,1568,3168,1568,0,0,0,0,0.0,0.5298,nan,edge/x86_64,unknown,3.12.3,2026-10-09T18:41:14Z
198,ML-KEM-1024,post-quantum,5,decapsulate,0.0446,0.0,0.0,0.311,1568,3168,1568,0,0,0,0,0.0,0.6688,nan,edge/x86_64,unknown,3.12.3,2026-10-09T18:41:14Z
199,ML-KEM-1024,post-quantum,5,keygen,0.0353,0.0,0.0,0.311,1568,3168,1568,0,0,0,0,0.0,0.5289,nan,edge/x86_64,unknown,3.12.3,2026-10-09T18:41:14Z
199,ML-KEM-1024,post-quantum,5,encapsulate,0.0351,0.0,0.0,0.311,1568,3168,1568,0,0,0,0,0.0,0.5272,nan,edge/x86_64,unknown,3.12.3,2026-10-09T18:41:14Z
199,ML-KEM-1024,post-quantum,5,decapsulate,0.0518,0.0,0.0,0.311,1568,3168,1568,0,0,0,0,0.0,0.7772,nan,edge/x86_64,unknown,3.12.3,2026-10-09T18:41:14Z
0,ML-DSA-44,post-quantum,2,keygen,0.0546,0.0,0.0,0.311,1312,2560,0,2420,0,0,0,0.0,0.819,nan,edge/x86_64,unknown,3.12.3,2026-10-09T18:41:14Z
0,ML-DSA-44,post-quantum,2,sign,0.0674,0.0,0.0,0.311,1312,2560,0,2420,512,0,0,0.0,1.0109,nan,edge/x86_64,unknown,3.12.3,2026-10-09T18:41:14Z
0,ML-DSA-44,post-quantum,2,verify,0.0501,0.0,0.0,0.311,1312,2560,0,2420,512,0,0,0.0,0.7509,nan,edge/x86_64,unknown,3.12.3,2026-10-09T18:41:14Z
1,ML-DSA-44,post-quantum,2,keygen,0.0413,0.0,0.0,0.311,1312,2560,0,2420,0,0,0,0.0,0.6192,nan,edge/x86_64,unknown,3.12.3,2026-10-09T18:41:14Z
1,ML-DSA-44,post-quantum,2,sign,0.1352,0.0,0.0,0.311,1312,2560,0,2420,512,0,0,0.0,2.0285,nan,edge/x86_64,unknown,3.12.3,2026-10-09T18:41:14Z
1,ML-DSA-44,post-quantum,2,verify,0.0389,0.0,0.0,0.311,1312,2560,0,2420,512,0,0,0.0,0.5832,nan,edge/x86_64,unknown,3.12.3,2026-10-09T18:41:14Z
2,ML-DSA-44,post-quantum,2,keygen,0.0405,0.0,0.0,0.311,1312,2560,0,2420,0,0,0,0.0,0.6081,nan,edge/x86_64,unknown,3.12.3,2026-10-09T18:41:14Z
2,ML-DSA-44,post-quantum,2,sign,0.0751,0.0,0.0,0.311,1312,2560,0,2420,512,0,0,0.0,1.1264,nan,edge/x86_64,unknown,3.12.3,2026-10-09T18:41:14Z
2,ML-DSA-44,post-quantum,2,verify,0.0394,0.0,0.0,0.311,1312,2560,0,2420,512,0,0,0.0,0.5903,nan,edge/x86_64,unknown,3.12.3,2026-10-09T18:41:14Z
3,ML-DSA-44,post-quantum,2,keygen,0.042,0.0,0.0,0.311,1312,2560,0,2420,0,0,0,0.0,0.6298,nan,edge/x86_64,unknown,3.12.3,2026-10-09T18:41:14Z
3,ML-DSA-44,post-quantum,2,sign,0.0569,0.0,0.0,0.311,1312,2560,0,2420,512,0,0,0.0,0.8531,nan,edge/x86_64,unknown,3.12.3,2026-10-09T18:41:14Z
3,ML-DSA-44,post-quantum,2,verify,0.0352,0.0,0.0,0.311,1312,2560,0,2420,512,0,0,0.0,0.5276,nan,edge/x86_64,unknown,3.12.3,2026-10-09T18:41:14Z
4,ML-DSA-44,post-quantum,2,keygen,0.038,0.0,0.0,0.311,1312,2560,0,2420,0,0,0,0.0,0.5706,nan,edge/x86_64,unknown,3.12.3,2026-10-09T18:41:14Z
4,ML-DSA-44,post-quantum,2,sign,0.0559,0.0,0.0,0.311,1312,2560,0,2420,512,0,0,0.0,0.8379,nan,edge/x86_64,unknown,3.12.3,2026-10-09T18:41:14Z
4,ML-DSA-44,post-quantum,2,verify,0.0457,0.0,0.0,0.311,1312,2560,0,2420,512,0,0,0.0,0.6848,nan,edge/x86_64,unknown,3.12.3,2026-10-09T18:41:14Z
5,ML-DSA-44,post-quantum,2,keygen,0.0383,0.0,0.0,0.311,1312,2560,0,2420,0,0,0,0.0,0.5746,nan,edge/x86_64,unknown,3.12.3,2026-10-09T18:41:14Z
5,ML-DSA-44,post-quantum,2,sign,0.1203,0.0,0.0,0.311,1312,2560,0,2420,512,0,0,0.0,1.8051,nan,edge/x86_64,unknown,3.12.3,2026-10-09T18:41:14Z
5,ML-DSA-44,post-quantum,2,verify,0.035,0.0,0.0,0.311,1312,2560,0,2420,512,0,0,0.0,0.525,nan,edge/x86_64,unknown,3.12.3,2026-10-09T18:41:14Z
6,ML-DSA-44,post-quantum,2,keygen,0.0419,0.0,0.0,0.311,1312,2560,0,2420,0,0,0,0.0,0.6292,nan,edge/x86_64,unknown,3.12.3,2026-10-09T18:41:14Z
6,ML-DSA-44,post-quantum,2,sign,0.0738,0.0,0.0,0.311,1312,2560,0,2420,512,0,0,0.0,1.107,nan,edge/x86_64,unknown,3.12.3,2026-10-09T18:41:14Z
6,ML-DSA-44,post-quantum,2,verify,0.0348,0.0,0.0,0.311,1312,2560,0,2420,512,0,0,0.0,0.5219,nan,edge/x86_64,unknown,3.12.3,2026-10-09T18:41:14Z
7,ML-DSA-44,post-quantum,2,keygen,0.0372,0.0,0.0,0.311,1312,2560,0,2420,0,0,0,0.0,0.5578,nan,edge/x86_64,unknown,3.12.3,2026-10-09T18:41:14Z
7,ML-DSA-44,post-quantum,2,sign,0.0967,0.0,0.0,0.311,1312,2560,0,2420,512,0,0,0.0,1.4502,nan,edge/x86_64,unknown,3.12.3,2026-10-09T18:41:14Z
7,ML-DSA-44,post-quantum,2,verify,0.0351,0.0,0.0,0.311,1312,2560,0,2420,512,0,0,0.0,0.5261,nan,edge/x86_64,unknown,3.12.3,2026-10-09T18:41:14Z
8,ML-DSA-44,post-quantum,2,keygen,0.0371,0.0,0.0,0.311,1312,2560,0,2420,0,0,0,0.0,0.5558,nan,edge/x86_64,unknown,3.12.3,2026-10-09T18:41:14Z
8,ML-DSA-44,post-quantum,2,sign,0.0549,0.0,0.0,0.311,1312,2560,0,2420,512,0,0,0.0,0.8236,nan,edge/x86_64,unknown,3.12.3,2026-10-09T18:41:14Z
8,ML-DSA-44,post-quantum,2,verify,0.0342,0.0,0.0,0.311,1312,2560,0,2420,512,0,0,0.0,0.5131,nan,edge/x86_64,unknown,3.12.3,2026-10-09T18:41:14Z
9,ML-DSA-44,post-quantum,2,keygen,0.0371,0.0,0.0,0.311,1312,2560,0,2420,0,0,0,0.0,0.557,nan,edge/x86_64,unknown,3.12.3,2026-10-09T18:41:14Z
9,ML-DSA-44,post-quantum,2,sign,0.0663,0.0,0.0,0.311,1312,2560,0,2420,512,0,0,0.0,0.9944,nan,edge/x86_64,unknown,3.12.3,2026-10-09T18:41:14Z
9,ML-DSA-44,post-quantum,2,verify,0.0428,0.0,0.0,0.311,1312,2560,0,2420,512,0,0,0.0,0.6419,nan,edge/x86_64,unknown,3.12.3,2026-10-09T18:41:14Z
10,ML-DSA-44,post-quantum,2,keygen,0.0422,0.0,0.0,0.311,1312,2560,0,2420,0,0,0,0.0,0.6326,nan,edge/x86_64,unknown,3.12.3,2026-10-09T18:41:14Z
10,ML-DSA-44,post-quantum,2,sign,0.0483,0.0,0.0,0.311,1312,2560,0,2420,512,0,0,0.0,0.7251,nan,edge/x86_64,unknown,3.12.3,2026-10-09T18:41:14Z
10,ML-DSA-44,post-quantum,2,verify,0.0348,0.0,0.0,0.311,1312,2560,0,2420,512,0,0,0.0,0.5219,nan,edge/x86_64,unknown,3.12.3,2026-10-09T18:41:14Z
11,ML-DSA-44,post-quantum,2,keygen,0.0381,0.0,0.0,0.311,1312,2560,0,2420,0,0,0,0.0,0.5711,nan,edge/x86_64,unknown,3.12.3,2026-10-09T18:41:14Z
11,ML-DSA-44,post-quantum,2,sign,0.064,0.0,0.0,0.311,1312,2560,0,2420,512,0,0,0.0,0.9598,nan,edge/x86_64,unknown,3.12.3,2026-10-09T18:41:14Z
11,ML-DSA-44,post-quantum,2,verify,0.035,0.0,0.0,0.311,1312,2560,0,2420,512,0,0,0.0,0.5252,nan,edge/x86_64,unknown,3.12.3,2026-10-09T18:41:14Z
12,ML-DSA-44,post-quantum,2,keygen,0.04,0.0,0.0,0.311,1312,2560,0,2420,0,0,0,0.0,0.5997,nan,edge/x86_64,unknown,3.12.3,2026-10-09T18:41:14Z
12,ML-DSA-44,post-quantum,2,sign,0.0583,0.0,0.0,0.311,1312,2560,0,2420,512,0,0,0.0,0.8743,nan,edge/x86_64,unknown,3.12.3,2026-10-09T18:41:14Z
12,ML-DSA-44,post-quantum,2,verify,0.0348,0.0,0.0,0.311,1312,2560,0,2420,512,0,0,0.0,0.5213,nan,edge/x86_64,unknown,3.12.3,2026-10-09T18:41:14Z
13,ML-DSA-44,post-quantum,2,keygen,0.0371,0.0,0.0,0.311,1312,2560,0,2420,0,0,0,0.0,0.5564,nan,edge/x86_64,unknown,3.12.3,2026-10-09T18:41:14Z
13,ML-DSA-44,post-quantum,2,sign,0.1404,0.0,0.0,0.311,1312,2560,0,2420,512,0,0,0.0,2.1064,nan,edge/x86_64,unknown,3.12.3,2026-10-09T18:41:14Z
13,ML-DSA-44,post-quantum,2,verify,0.0356,0.0,0.0,0.311,1312,2560,0,2420,512,0,0,0.0,0.5345,nan,edge/x86_64,unknown,3.12.3,2026-10-09T18:41:14Z
14,ML-DSA-44,post-quantum,2,keygen,0.059,0.0,0.0,0.311,1312,2560,0,2420,0,0,0,0.0,0.8849,nan,edge/x86_64,unknown,3.12.3,2026-10-09T18:41:14Z
14,ML-DSA-44,post-quantum,2,sign,0.0715,0.0,0.0,0.311,1312,2560,0,2420,512,0,0,0.0,1.0722,nan,edge/x86_64,unknown,3.12.3,2026-10-09T18:41:14Z
14,ML-DSA-44,post-quantum,2,verify,0.0358,0.0,0.0,0.311,1312,2560,0,2420,512,0,0,0.0,0.5364,nan,edge/x86_64,unknown,3.12.3,2026-10-09T18:41:14Z
15,ML-DSA-44,post-quantum,2,keygen,0.0378,0.0,0.0,0.311,1312,2560,0,2420,0,0,0,0.0,0.567,nan,edge/x86_64,unknown,3.12.3,2026-10-09T18:41:14Z
15,ML-DSA-44,post-quantum,2,sign,0.0642,0.0,0.0,0.311,1312,2560,0,2420,512,0,0,0.0,0.9633,nan,edge/x86_64,unknown,3.12.3,2026-10-09T18:41:14Z
15,ML-DSA-44,post-quantum,2,verify,0.0344,0.0,0.0,0.311,1312,2560,0,2420,512,0,0,0.0,0.5165,nan,edge/x86_64,unknown,3.12.3,2026-10-09T18:41:14Z
16,ML-DSA-44,post-quantum,2,keygen,0.0369,0.0,0.0,0.311,1312,2560,0,2420,0,0,0,0.0,0.5537,nan,edge/x86_64,unknown,3.12.3,2026-10-09T18:41:14Z
16,ML-DSA-44,post-quantum,2,sign,0.0479,0.0,0.0,0.311,1312,2560,0,2420,512,0,0,0.0,0.7178,nan,edge/x86_64,unknown,3.12.3,2026-10-09T18:41:14Z
16,ML-DSA-44,post-quantum,2,verify,0.0346,0.0,0.0,0.311,1312,2560,0,2420,512,0,0,0.0,0.5195,nan,edge/x86_64,unknown,3.12.3,2026-10-09T18:41:14Z
17,ML-DSA-44,post-quantum,2,keygen,0.0369,0.0,0.0,0.311,1312,2560,0,2420,0,0,0,0.0,0.5541,nan,edge/x86_64,unknown,3.12.3,2026-10-09T18:41:14Z
17,ML-DSA-44,post-quantum,2,sign,0.0841,0.0,0.0,0.311,1312,2560,0,2420,512,0,0,0.0,1.2622,nan,edge/x86_64,unknown,3.12.3,2026-10-09T18:41:14Z
17,ML-DSA-44,post-quantum,2,verify,0.049,0.0,0.0,0.311,1312,2560,0,2420,512,0,0,0.0,0.7344,nan,edge/x86_64,unknown,3.12.3,2026-10-09T18:41:14Z
18,ML-DSA-44,post-quantum,2,keygen,0.0388,0.0,0.0,0.311,1312,2560,0,2420,0,0,0,0.0,0.5815,nan,edge/x86_64,unknown,3.12.3,2026-10-09T18:41:14Z
18,ML-DSA-44,post-quantum,2,sign,0.0741,0.0,0.0,0.311,1312,2560,0,2420,512,0,0,0.0,1.111,nan,edge/x86_64,unknown,3.12.3,2026-10-09T18:41:14Z
18,ML-DSA-44,post-quantum,2,verify,0.0439,0.0,0.0,0.311,1312,2560,0,2420,512,0,0,0.0,0.6591,nan,edge/x86_64,unknown,3.12.3,2026-10-09T18:41:14Z
19,ML-DSA-44,post-quantum,2,keygen,0.041,0.0,0.0,0.311,1312,2560,0,2420,0,0,0,0.0,0.6152,nan,edge/x86_64,unknown,3.12.3,2026-10-09T18:41:14Z
19,ML-DSA-44,post-quantum,2,sign,0.0962,0.0,0.0,0.311,1312,2560,0,2420,512,0,0,0.0,1.4434,nan,edge/x86_64,unknown,3.12.3,2026-10-09T18:41:14Z
19,ML-DSA-44,post-quantum,2,verify,0.0399,0.0,0.0,0.311,1312,2560,0,2420,512,0,0,0.0,0.5992,nan,edge/x86_64,unknown,3.12.3,2026-10-09T18:41:14Z
20,ML-DSA-44,post-quantum,2,keygen,0.0376,0.0,0.0,0.311,1312,2560,0,2420,0,0,0,0.0,0.5635,nan,edge/x86_64,unknown,3.12.3,2026-10-09T18:41:14Z
20,ML-DSA-44,post-quantum,2,sign,0.0839,0.0,0.0,0.311,1312,2560,0,2420,512,0,0,0.0,1.2588,nan,edge/x86_64,unknown,3.12.3,2026-10-09T18:41:14Z
20,ML-DSA-44,post-quantum,2,verify,0.0345,0.0,0.0,0.311,1312,2560,0,2420,512,0,0,0.0,0.518,nan,edge/x86_64,unknown,3.12.3,2026-10-09T18:41:14Z
21,ML-DSA-44,post-quantum,2,keygen,0.0361,0.0,0.0,0.311,1312,2560,0,2420,0,0,0,0.0,0.5416,nan,edge/x86_64,unknown,3.12.3,2026-10-09T18:41:14Z
21,ML-DSA-44,post-quantum,2,sign,0.0898,0.0,0.0,0.311,1312,2560,0,2420,512,0,0,0.0,1.3466,nan,edge/x86_64,unknown,3.12.3,2026-10-09T18:41:14Z
21,ML-DSA-44,post-quantum,2,verify,0.0346,0.0,0.0,0.311,1312,2560,0,2420,512,0,0,0.0,0.5185,nan,edge/x86_64,unknown,3.12.3,2026-10-09T18:41:14Z
22,ML-DSA-44,post-quantum,2,keygen,0.0368,0.0,0.0,0.311,1312,2560,0,2420,0,0,0,0.0,0.5516,nan,edge/x86_64,unknown,3.12.3,2026-10-09T18:41:14Z
22,ML-DSA-44,post-quantum,2,sign,0.2063,0.0,0.0,0.311,1312,2560,0,2420,512,0,0,0.0,3.0944,nan,edge/x86_64,unknown,3.12.3,2026-10-09T18:41:14Z
22,ML-DSA-44,post-quantum,2,verify,0.059,0.0,0.0,0.311,1312,2560,0,2420,512,0,0,0.0,0.8849,nan,edge/x86_64,unknown,3.12.3,2026-10-09T18:41:14Z
23,ML-DSA-44,post-quantum,2,keygen,0.0455,0.0,0.0,0.311,1312,2560,0,2420,0,0,0,0.0,0.6822,nan,edge/x86_64,unknown,3.12.3,2026-10-09T18:41:14Z
23,ML-DSA-44,post-quantum,2,sign,0.068,0.0,0.0,0.311,1312,2560,0,2420,512,0,0,0.0,1.0196,nan,edge/x86_64,unknown,3.12.3,2026-10-09T18:41:14Z
23,ML-DSA-44,post-quantum,2,verify,0.0349,0.0,0.0,0.311,1312,2560,0,2420,512,0,0,0.0,0.5228,nan,edge/x86_64,unknown,3.12.3,2026-10-09T18:41:14Z
24,ML-DSA-44,post-quantum,2,keygen,0.0369,0.0,0.0,0.311,1312,2560,0,2420,0,0,0,0.0,0.5534,nan,edge/x86_64,unknown,3.12.3,2026-10-09T18:41:14Z
24,ML-DSA-44,post-quantum,2,sign,0.0655,0.0,0.0,0.311,1312,2560,0,2420,512,0,0,0.0,0.9829,nan,edge/x86_64,unknown,3.12.3,2026-10-09T18:41:14Z
24,ML-DSA-44,post-quantum,2,verify,0.0681,0.0,0.0,0.311,1312,2560,0,2420,512,0,0,0.0,1.0212,nan,edge/x86_64,unknown,3.12.3,2026-10-09T18:41:14Z
25,ML-DSA-44,post-quantum,2,keygen,0.0408,0.0,0.0,0.311,1312,2560,0,2420,0,0,0,0.0,0.6127,nan,edge/x86_64,unknown,3.12.3,2026-10-09T18:41:14Z
25,ML-DSA-44,post-quantum,2,sign,0.1352,0.0,0.0,0.311,1312,2560,0,2420,512,0,0,0.0,2.0277,nan,edge/x86_64,unknown,3.12.3,2026-10-09T18:41:14Z
25,ML-DSA-44,post-quantum,2,verify,0.0355,0.0,0.0,0.311,1312,2560,0,2420,512,0,0,0.0,0.5319,nan,edge/x86_64,unknown,3.12.3,2026-10-09T18:41:14Z
26,ML-DSA-44,post-quantum,2,keygen,0.0379,0.0,0.0,0.311,1312,2560,0,2420,0,0,0,0.0,0.5681,nan,edge/x86_64,unknown,3.12.3,2026-10-09T18:41:14Z
26,ML-DSA-44,post-quantum,2,sign,0.0744,0.0,0.0,0.311,1312,2560,0,2420,512,0,0,0.0,1.1167,nan,edge/x86_64,unknown,3.12.3,2026-10-09T18:41:14Z
26,ML-DSA-44,post-quantum,2,verify,0.0351,0.0,0.0,0.311,1312,2560,0,2420,512,0,0,0.0,0.5259,nan,edge/x86_64,unknown,3.12.3,2026-10-09T18:41:14Z
27,ML-DSA-44,post-quantum,2,keygen,0.0371,0.0,0.0,0.311,1312,2560,0,2420,0,0,0,0.0,0.5562,nan,edge/x86_64,unknown,3.12.3,2026-10-09T18:41:14Z
27,ML-DSA-44,post-quantum,2,sign,0.1016,0.0,0.0,0.311,1312,2560,0,2420,512,0,0,0.0,1.5234,nan,edge/x86_64,unknown,3.12.3,2026-10-09T18:41:14Z
27,ML-DSA-44,post-quantum,2,verify,0.0355,0.0,0.0,0.311,1312,2560,0,2420,512,0,0,0.0,0.5318,nan,edge/x86_64,unknown,3.12.3,2026-10-09T18:41:14Z
28,ML-DSA-44,post-quantum,2,keygen,0.0378,0.0,0.0,0.311,1312,2560,0,2420,0,0,0,0.0,0.5667,nan,edge/x86_64,unknown,3.12.3,2026-10-09T18:41:14Z
28,ML-DSA-44,post-quantum,2,sign,0.0741,0.0,0.0,0.311,1312,2560,0,2420,512,0,0,0.0,1.111,nan,edge/x86_64,unknown,3.12.3,2026-10-09T18:41:14Z
28,ML-DSA-44,post-quantum,2,verify,0.0348,0.0,0.0,0.311,1312,2560,0,2420,512,0,0,0.0,0.522,nan,edge/x86_64,unknown,3.12.3,2026-10-09T18:41:14Z
29,ML-DSA-44,post-quantum,2,keygen,0.0374,0.0,0.0,0.311,1312,2560,0,2420,0,0,0,0.0,0.5606,nan,edge/x86_64,unknown,3.12.3,2026-10-09T18:41:14Z
29,ML-DSA-44,post-quantum,2,sign,0.0569,0.0,0.0,0.311,1312,2560,0,2420,512,0,0,0.0,0.8533,nan,edge/x86_64,unknown,3.12.3,2026-10-09T18:41:14Z
29,ML-DSA-44,post-quantum,2,verify,0.0342,0.0,0.0,0.311,1312,2560,0,2420,512,0,0,0.0,0.5132,nan,edge/x86_64,unknown,3.12.3,2026-10-09T18:41:14Z
30,ML-DSA-44,post-quantum,2,keygen,0.0373,0.0,0.0,0.311,1312,2560,0,2420,0,0,0,0.0,0.5596,nan,edge/x86_64,unknown,3.12.3,2026-10-09T18:41:14Z
30,ML-DSA-44,post-quantum,2,sign,0.0565,0.0,0.0,0.311,1312,2560,0,2420,512,0,0,0.0,0.8472,nan,edge/x86_64,unknown,3.12.3,2026-10-09T18:41:14Z
30,ML-DSA-44,post-quantum,2,verify,0.0353,0.0,0.0,0.311,1312,2560,0,2420,512,0,0,0.0,0.5295,nan,edge/x86_64,unknown,3.12.3,2026-10-09T18:41:14Z
31,ML-DSA-44,post-quantum,2,keygen,0.0372,0.0,0.0,0.311,1312,2560,0,2420,0,0,0,0.0,0.5587,nan,edge/x86_64,unknown,3.12.3,2026-10-09T18:41:14Z
31,ML-DSA-44,post-quantum,2,sign,0.095,0.0,0.0,0.311,1312,2560,0,2420,512,0,0,0.0,1.4251,nan,edge/x86_64,unknown,3.12.3,2026-10-09T18:41:14Z
31,ML-DSA-44,post-quantum,2,verify,0.0364,0.0,0.0,0.311,1312,2560,0,2420,512,0,0,0.0,0.5462,nan,edge/x86_64,unknown,3.12.3,2026-10-09T18:41:14Z
32,ML-DSA-44,post-quantum,2,keygen,0.038,0.0,0.0,0.311,1312,2560,0,2420,0,0,0,0.0,0.5703,nan,edge/x86_64,unknown,3.12.3,2026-10-09T18:41:14Z
32,ML-DSA-44,post-quantum,2,sign,0.0474,0.0,0.0,0.311,1312,2560,0,2420,512,0,0,0.0,0.7106,nan,edge/x86_64,unknown,3.12.3,2026-10-09T18:41:14Z
32,ML-DSA-44,post-quantum,2,verify,0.0352,0.0,0.0,0.311,1312,2560,0,2420,512,0,0,0.0,0.5278,nan,edge/x86_64,unknown,3.12.3,2026-10-09T18:41:14Z
33,ML-DSA-44,post-quantum,2,keygen,0.0447,0.0,0.0,0.311,1312,2560,0,2420,0,0,0,0.0,0.6711,nan,edge/x86_64,unknown,3.12.3,2026-10-09T18:41:14Z
33,ML-DSA-44,post-quantum,2,sign,0.089,0.0,0.0,0.311,1312,2560,0,2420,512,0,0,0.0,1.3345,nan,edge/x86_64,unknown,3.12.3,2026-10-09T18:41:14Z
33,ML-DSA-44,post-quantum,2,verify,0.0472,0.0,0.0,0.311,1312,2560,0,2420,512,0,0,0.0,0.7082,nan,edge/x86_64,unknown,3.12.3,2026-10-09T18:41:14Z
34,ML-DSA-44,post-quantum,2,keygen,0.0394,0.0,0.0,0.311,1312,2560,0,2420,0,0,0,0.0,0.5904,nan,edge/x86_64,unknown,3.12.3,2026-10-09T18:41:14Z
34,ML-DSA-44,post-quantum,2,sign,0.155,0.0,0.0,0.311,1312,2560,0,2420,512,0,0,0.0,2.3256,nan,edge/x86_64,unknown,3.12.3,2026-10-09T18:41:14Z
34,ML-DSA-44,post-quantum,2,verify,0.0344,0.0,0.0,0.311,1312,2560,0,2420,512,0,0,0.0,0.5167,nan,edge/x86_64,unknown,3.12.3,2026-10-09T18:41:14Z
35,ML-DSA-44,post-quantum,2,keygen,0.0374,0.0,0.0,0.311,1312,2560,0,2420,0,0,0,0.0,0.5609,nan,edge/x86_64,unknown,3.12.3,2026-10-09T18:41:14Z
35,ML-DSA-44,post-quantum,2,sign,0.101,0.0,0.0,0.311,1312,2560,0,2420,512,0,0,0.0,1.5145,nan,edge/x86_64,unknown,3.12.3,2026-10-09T18:41:14Z
35,ML-DSA-44,post-quantum,2,verify,0.0628,0.0,0.0,0.311,1312,2560,0,2420,512,0,0,0.0,0.9423,nan,edge/x86_64,unknown,3.12.3,2026-10-09T18:41:14Z
36,ML-DSA-44,post-quantum,2,keygen,0.0444,0.0,0.0,0.311,1312,2560,0,2420,0,0,0,0.0,0.6659,nan,edge/x86_64,unknown,3.12.3,2026-10-09T18:41:14Z
36,ML-DSA-44,post-quantum,2,sign,0.0661,0.0,0.0,0.311,1312,2560,0,2420,512,0,0,0.0,0.9911,nan,edge/x86_64,unknown,3.12.3,2026-10-09T18:41:14Z
36,ML-DSA-44,post-quantum,2,verify,0.0352,0.0,0.0,0.311,1312,2560,0,2420,512,0,0,0.0,0.5285,nan,edge/x86_64,unknown,3.12.3,2026-10-09T18:41:14Z
37,ML-DSA-44,post-quantum,2,keygen,0.0382,0.0,0.0,0.311,1312,2560,0,2420,0,0,0,0.0,0.5729,nan,edge/x86_64,unknown,3.12.3,2026-10-09T18:41:14Z
37,ML-DSA-44,post-quantum,2,sign,0.0581,0.0,0.0,0.311,1312,2560,0,2420,512,0,0,0.0,0.8714,nan,edge/x86_64,unknown,3.12.3,2026-10-09T18:41:14Z
37,ML-DSA-44,post-quantum,2,verify,0.0356,0.0,0.0,0.311,1312,2560,0,2420,512,0,0,0.0,0.5344,nan,edge/x86_64,unknown,3.12.3,2026-10-09T18:41:14Z
38,ML-DSA-44,post-quantum,2,keygen,0.0375,0.0,0.0,0.311,1312,2560,0,2420,0,0,0,0.0,0.5619,nan,edge/x86_64,unknown,3.12.3,2026-10-09T18:41:14Z
38,ML-DSA-44,post-quantum,2,sign,0.0508,0.0,0.0,0.311,1312,2560,0,2420,512,0,0,0.0,0.7618,nan,edge/x86_64,unknown,3.12.3,2026-10-09T18:41:14Z
38,ML-DSA-44,post-quantum,2,verify,0.0347,0.0,0.0,0.311,1312,2560,0,2420,512,0,0,0.0,0.5202,nan,edge/x86_64,unknown,3.12.3,2026-10-09T18:41:14Z
39,ML-DSA-44,post-quantum,2,keygen,0.0373,0.0,0.0,0.311,1312,2560,0,2420,0,0,0,0.0,0.56,nan,edge/x86_64,unknown,3.12.3,2026-10-09T18:41:14Z
39,ML-DSA-44,post-quantum,2,sign,0.0781,0.0,0.0,0.311,1312,2560,0,2420,512,0,0,0.0,1.1712,nan,edge/x86_64,unknown,3.12.3,2026-10-09T18:41:14Z
39,ML-DSA-44,post-quantum,2,verify,0.0356,0.0,0.0,0.311,1312,2560,0,2420,512,0,0,0.0,0.5339,nan,edge/x86_64,unknown,3.12.3,2026-10-09T18:41:14Z
40,ML-DSA-44,post-quantum,2,keygen,0.0382,0.0,0.0,0.311,1312,2560,0,2420,0,0,0,0.0,0.5727,nan,edge/x86_64,unknown,3.12.3,2026-10-09T18:41:14Z
40,ML-DSA-44,post-quantum,2,sign,0.0556,0.0,0.0,0.311,1312,2560,0,2420,512,0,0,0.0,0.8338,nan,edge/x86_64,unknown,3.12.3,2026-10-09T18:41:14Z
40,ML-DSA-44,post-quantum,2,verify,0.0352,0.0,0.0,0.311,1312,2560,0,2420,512,0,0,0.0,0.5283,nan,edge/x86_64,unknown,3.12.3,2026-10-09T18:41:14Z
41,ML-DSA-44,post-quantum,2,keygen,0.0371,0.0,0.0,0.311,1312,2560,0,2420,0,0,0,0.0,0.5565,nan,edge/x86_64,unknown,3.12.3,2026-10-09T18:41:14Z
41,ML-DSA-44,post-quantum,2,sign,0.0666,0.0,0.0,0.311,1312,2560,0,2420,512,0,0,0.0,0.9986,nan,edge/x86_64,unknown,3.12.3,2026-10-09T18:41:14Z
41,ML-DSA-44,post-quantum,2,verify,0.0348,0.0,0.0,0.311,1312,2560,0,2420,512,0,0,0.0,0.5217,nan,edge/x86_64,unknown,3.12.3,2026-10-09T18:41:14Z
42,ML-DSA-44,post-quantum,2,keygen,0.0375,0.0,0.0,0.311,1312,2560,0,2420,0,0,0,0.0,0.5629,nan,edge/x86_64,unknown,3.12.3,2026-10-09T18:41:14Z
42,ML-DSA-44,post-quantum,2,sign,0.1189,0.0,0.0,0.311,1312,2560,0,2420,512,0,0,0.0,1.7836,nan,edge/x86_64,unknown,3.12.3,2026-10-09T18:41:14Z
42,ML-DSA-44,post-quantum,2,verify,0.035,0.0,0.0,0.311,1312,2560,0,2420,512,0,0,0.0,0.5257,nan,edge/x86_64,unknown,3.12.3,2026-10-09T18:41:14Z
43,ML-DSA-44,post-quantum,2,keygen,0.0372,0.0,0.0,0.311,1312,2560,0,2420,0,0,0,0.0,0.5585,nan,edge/x86_64,unknown,3.12.3,2026-10-09T18:41:14Z
43,ML-DSA-44,post-quantum,2,sign,0.0471,0.0,0.0,0.311,1312,2560,0,2420,512,0,0,0.0,0.7069,nan,edge/x86_64,unknown,3.12.3,2026-10-09T18:41:14Z
43,ML-DSA-44,post-quantum,2,verify,0.0565,0.0,0.0,0.311,1312,2560,0,2420,512,0,0,0.0,0.8473,nan,edge/x86_64,unknown,3.12.3,2026-10-09T18:41:14Z
44,ML-DSA-44,post-quantum,2,keygen,0.0383,0.0,0.0,0.311,1312,2560,0,2420,0,0,0,0.0,0.5751,nan,edge/x86_64,unknown,3.12.3,2026-10-09T18:41:14Z
44,ML-DSA-44,post-quantum,2,sign,0.1832,0.0,0.0,0.311,1312,2560,0,2420,512,0,0,0.0,2.7476,nan,edge/x86_64,unknown,3.12.3,2026-10-09T18:41:14Z
44,ML-DSA-44,post-quantum,2,verify,0.0553,0.0,0.0,0.311,1312,2560,0,2420,512,0,0,0.0,0.8297,nan,edge/x86_64,unknown,3.12.3,2026-10-09T18:41:14Z
45,ML-DSA-44,post-quantum,2,keygen,0.0521,0.0,0.0,0.311,1312,2560,0,2420,0,0,0,0.0,0.7818,nan,edge/x86_64,unknown,3.12.3,2026-10-09T18:41:14Z
45,ML-DSA-44,post-quantum,2,sign,0.0925,0.0,0.0,0.311,1312,2560,0,2420,512,0,0,0.0,1.3875,nan,edge/x86_64,unknown,3.12.3,2026-10-09T18:41:14Z
45,ML-DSA-44,post-quantum,2,verify,0.0359,0.0,0.0,0.311,1312,2560,0,2420,512,0,0,0.0,0.5388,nan,edge/x86_64,unknown,3.12.3,2026-10-09T18:41:14Z
46,ML-DSA-44,post-quantum,2,keygen,0.0378,0.0,0.0,0.311,1312,2560,0,2420,0,0,0,0.0,0.5677,nan,edge/x86_64,unknown,3.12.3,2026-10-09T18:41:14Z
46,ML-DSA-44,post-quantum,2,sign,0.0824,0.0,0.0,0.311,1312,2560,0,2420,512,0,0,0.0,1.2363,nan,edge/x86_64,unknown,3.12.3,2026-10-09T18:41:14Z
46,ML-DSA-44,post-quantum,2,verify,0.0348,0.0,0.0,0.311,1312,2560,0,2420,512,0,0,0.0,0.5217,nan,edge/x86_64,unknown,3.12.3,2026-10-09T18:41:14Z
47,ML-DSA-44,post-quantum,2,keygen,0.0608,0.0,0.0,0.311,1312,2560,0,2420,0,0,0,0.0,0.9123,nan,edge/x86_64,unknown,3.12.3,2026-10-09T18:41:14Z
47,ML-DSA-44,post-quantum,2,sign,0.0642,0.0,0.0,0.311,1312,2560,0,2420,512,0,0,0.0,0.9633,nan,edge/x86_64,unknown,3.12.3,2026-10-09T18:41:14Z
47,ML-DSA-44,post-quantum,2,verify,0.0362,0.0,0.0,0.311,1312,2560,0,2420,512,0,0,0.0,0.5436,nan,edge/x86_64,unknown,3.12.3,2026-10-09T18:41:14Z
48,ML-DSA-44,post-quantum,2,keygen,0.038,0.0,0.0,0.311,1312,2560,0,2420,0,0,0,0.0,0.5707,nan,edge/x86_64,unknown,3.12.3,2026-10-09T18:41:14Z
48,ML-DSA-44,post-quantum,2,sign,0.0976,0.0,0.0,0.311,1312,2560,0,2420,512,0,0,0.0,1.4635,nan,edge/x86_64,unknown,3.12.3,2026-10-09T18:41:14Z
48,ML-DSA-44,post-quantum,2,verify,0.0348,0.0,0.0,0.311,1312,2560,0,2420,512,0,0,0.0,0.5225,nan,edge/x86_64,unknown,3.12.3,2026-10-09T18:41:14Z
49,ML-DSA-44,post-quantum,2,keygen,0.0374,0.0,0.0,0.311,1312,2560,0,2420,0,0,0,0.0,0.5607,nan,edge/x86_64,unknown,3.12.3,2026-10-09T18:41:14Z
49,ML-DSA-44,post-quantum,2,sign,0.0769,0.0,0.0,0.311,1312,2560,0,2420,512,0,0,0.0,1.1528,nan,edge/x86_64,unknown,3.12.3,2026-10-09T18:41:14Z
49,ML-DSA-44,post-quantum,2,verify,0.0378,0.0,0.0,0.311,1312,2560,0,2420,512,0,0,0.0,0.5676,nan,edge/x86_64,unknown,3.12.3,2026-10-09T18:41:14Z
50,ML-DSA-44,post-quantum,2,keygen,0.0395,0.0,0.0,0.311,1312,2560,0,2420,0,0,0,0.0,0.592,nan,edge/x86_64,unknown,3.12.3,2026-10-09T18:41:14Z
50,ML-DSA-44,post-quantum,2,sign,0.0611,0.0,0.0,0.311,1312,2560,0,2420,512,0,0,0.0,0.9161,nan,edge/x86_64,unknown,3.12.3,2026-10-09T18:41:14Z
50,ML-DSA-44,post-quantum,2,verify,0.0353,0.0,0.0,0.311,1312,2560,0,2420,512,0,0,0.0,0.5298,nan,edge/x86_64,unknown,3.12.3,2026-10-09T18:41:14Z
51,ML-DSA-44,post-quantum,2,keygen,0.0375,0.0,0.0,0.311,1312,2560,0,2420,0,0,0,0.0,0.5621,nan,edge/x86_64,unknown,3.12.3,2026-10-09T18:41:14Z
51,ML-DSA-44,post-quantum,2,sign,0.0472,0.0,0.0,0.311,1312,2560,0,2420,512,0,0,0.0,0.7077,nan,edge/x86_64,unknown,3.12.3,2026-10-09T18:41:14Z
51,ML-DSA-44,post-quantum,2,verify,0.035,0.0,0.0,0.311,1312,2560,0,2420,512,0,0,0.0,0.5243,nan,edge/x86_64,unknown,3.12.3,2026-10-09T18:41:14Z
52,ML-DSA-44,post-quantum,2,keygen,0.0376,0.0,0.0,0.311,1312,2560,0,2420,0,0,0,0.0,0.5647,nan,edge/x86_64,unknown,3.12.3,2026-10-09T18:41:14Z
52,ML-DSA-44,post-quantum,2,sign,0.0581,0.0,0.0,0.311,1312,2560,0,2420,512,0,0,0.0,0.8711,nan,edge/x86_64,unknown,3.12.3,2026-10-09T18:41:14Z
52,ML-DSA-44,post-quantum,2,verify,0.0342,0.0,0.0,0.311,1312,2560,0,2420,512,0,0,0.0,0.5123,nan,edge/x86_64,unknown,3.12.3,2026-10-09T18:41:14Z
53,ML-DSA-44,post-quantum,2,keygen,0.0374,0.0,0.0,0.311,1312,2560,0,2420,0,0,0,0.0,0.5606,nan,edge/x86_64,unknown,3.12.3,2026-10-09T18:41:14Z
53,ML-DSA-44,post-quantum,2,sign,0.1044,0.0,0.0,0.311,1312,2560,0,2420,512,0,0,0.0,1.5667,nan,edge/x86_64,unknown,3.12.3,2026-10-09T18:41:14Z
53,ML-DSA-44,post-quantum,2,verify,0.0345,0.0,0.0,0.311,1312,2560,0,2420,512,0,0,0.0,0.518,nan,edge/x86_64,unknown,3.12.3,2026-10-09T18:41:14Z
54,ML-DSA-44,post-quantum,2,keygen,0.0375,0.0,0.0,0.311,1312,2560,0,2420,0,0,0,0.0,0.5623,nan,edge/x86_64,unknown,3.12.3,2026-10-09T18:41:14Z
54,ML-DSA-44,post-quantum,2,sign,0.138,0.0,0.0,0.311,1312,2560,0,2420,512,0,0,0.0,2.0693,nan,edge/x86_64,unknown,3.12.3,2026-10-09T18:41:14Z
54,ML-DSA-44,post-quantum,2,verify,0.0348,0.0,0.0,0.311,1312,2560,0,2420,512,0,0,0.0,0.5217,nan,edge/x86_64,unknown,3.12.3,2026-10-09T18:41:14Z
55,ML-DSA-44,post-quantum,2,keygen,0.037,0.0,0.0,0.311,1312,2560,0,2420,0,0,0,0.0,0.5551,nan,edge/x86_64,unknown,3.12.3,2026-10-09T18:41:14Z
55,ML-DSA-44,post-quantum,2,sign,0.0842,0.0,0.0,0.311,1312,2560,0,2420,512,0,0,0.0,1.2635,nan,edge/x86_64,unknown,3.12.3,2026-10-09T18:41:14Z
55,ML-DSA-44,post-quantum,2,verify,0.0349,0.0,0.0,0.311,1312,2560,0,2420,512,0,0,0.0,0.5236,nan,edge/x86_64,unknown,3.12.3,2026-10-09T18:41:14Z
56,ML-DSA-44,post-quantum,2,keygen,0.0361,0.0,0.0,0.311,1312,2560,0,2420,0,0,0,0.0,0.5422,nan,edge/x86_64,unknown,3.12.3,2026-10-09T18:41:14Z
56,ML-DSA-44,post-quantum,2,sign,0.0676,0.0,0.0,0.311,1312,2560,0,2420,512,0,0,0.0,1.014,nan,edge/x86_64,unknown,3.12.3,2026-10-09T18:41:14Z
56,ML-DSA-44,post-quantum,2,verify,0.035,0.0,0.0,0.311,1312,2560,0,2420,512,0,0,0.0,0.5243,nan,edge/x86_64,unknown,3.12.3,2026-10-09T18:41:14Z
57,ML-DSA-44,post-quantum,2,keygen,0.0374,0.0,0.0,0.311,1312,2560,0,2420,0,0,0,0.0,0.5607,nan,edge/x86_64,unknown,3.12.3,2026-10-09T18:41:14Z
57,ML-DSA-44,post-quantum,2,sign,0.064,0.0,0.0,0.311,1312,2560,0,2420,512,0,0,0.0,0.9599,nan,edge/x86_64,unknown,3.12.3,2026-10-09T18:41:14Z
57,ML-DSA-44,post-quantum,2,verify,0.0347,0.0,0.0,0.311,1312,2560,0,2420,512,0,0,0.0,0.521,nan,edge/x86_64,unknown,3.12.3,2026-10-09T18:41:14Z
58,ML-DSA-44,post-quantum,2,keygen,0.0367,0.0,0.0,0.311,1312,2560,0,2420,0,0,0,0.0,0.5498,nan,edge/x86_64,unknown,3.12.3,2026-10-09T18:41:14Z
58,ML-DSA-44,post-quantum,2,sign,0.0514,0.0,0.0,0.311,1312,2560,0,2420,512,0,0,0.0,0.7708,nan,edge/x86_64,unknown,3.12.3,2026-10-09T18:41:14Z
58,ML-DSA-44,post-quantum,2,verify,0.0345,0.0,0.0,0.311,1312,2560,0,2420,512,0,0,0.0,0.517,nan,edge/x86_64,unknown,3.12.3,2026-10-09T18:41:14Z
59,ML-DSA-44,post-quantum,2,keygen,0.0369,0.0,0.0,0.311,1312,2560,0,2420,0,0,0,0.0,0.5533,nan,edge/x86_64,unknown,3.12.3,2026-10-09T18:41:14Z
59,ML-DSA-44,post-quantum,2,sign,0.0752,0.0,0.0,0.311,1312,2560,0,2420,512,0,0,0.0,1.1285,nan,edge/x86_64,unknown,3.12.3,2026-10-09T18:41:14Z
59,ML-DSA-44,post-quantum,2,verify,0.0386,0.0,0.0,0.311,1312,2560,0,2420,512,0,0,0.0,0.5794,nan,edge/x86_64,unknown,3.12.3,2026-10-09T18:41:14Z
60,ML-DSA-44,post-quantum,2,keygen,0.0385,0.0,0.0,0.311,1312,2560,0,2420,0,0,0,0.0,0.5771,nan,edge/x86_64,unknown,3.12.3,2026-10-09T18:41:14Z
60,ML-DSA-44,post-quantum,2,sign,0.0483,0.0,0.0,0.311,1312,2560,0,2420,512,0,0,0.0,0.7247,nan,edge/x86_64,unknown,3.12.3,2026-10-09T18:41:14Z
60,ML-DSA-44,post-quantum,2,verify,0.0354,0.0,0.0,0.311,1312,2560,0,2420,512,0,0,0.0,0.5317,nan,edge/x86_64,unknown,3.12.3,2026-10-09T18:41:14Z
61,ML-DSA-44,post-quantum,2,keygen,0.048,0.0,0.0,0.311,1312,2560,0,2420,0,0,0,0.0,0.72,nan,edge/x86_64,unknown,3.12.3,2026-10-09T18:41:14Z
61,ML-DSA-44,post-quantum,2,sign,0.0475,0.0,0.0,0.311,1312,2560,0,2420,512,0,0,0.0,0.7124,nan,edge/x86_64,unknown,3.12.3,2026-10-09T18:41:14Z
61,ML-DSA-44,post-quantum,2,verify,0.0713,0.0,0.0,0.311,1312,2560,0,2420,512,0,0,0.0,1.0698,nan,edge/x86_64,unknown,3.12.3,2026-10-09T18:41:14Z
62,ML-DSA-44,post-quantum,2,keygen,0.1007,0.0,0.0,0.311,1312,2560,0,2420,0,0,0,0.0,1.5101,nan,edge/x86_64,unknown,3.12.3,2026-10-09T18:41:14Z
62,ML-DSA-44,post-quantum,2,sign,0.1477,0.0,0.0,0.311,1312,2560,0,2420,512,0,0,0.0,2.2159,nan,edge/x86_64,unknown,3.12.3,2026-10-09T18:41:14Z
62,ML-DSA-44,post-quantum,2,verify,0.0889,0.0,0.0,0.311,1312,2560,0,2420,512,0,0,0.0,1.3336,nan,edge/x86_64,unknown,3.12.3,2026-10-09T18:41:14Z
63,ML-DSA-44,post-quantum,2,keygen,0.0806,0.0,0.0,0.311,1312,2560,0,2420,0,0,0,0.0,1.2096,nan,edge/x86_64,unknown,3.12.3,2026-10-09T18:41:14Z
63,ML-DSA-44,post-quantum,2,sign,0.0718,0.0,0.0,0.311,1312,2560,0,2420,512,0,0,0.0,1.0765,nan,edge/x86_64,unknown,3.12.3,2026-10-09T18:41:14Z
63,ML-DSA-44,post-quantum,2,verify,0.0368,0.0,0.0,0.311,1312,2560,0,2420,512,0,0,0.0,0.5524,nan,edge/x86_64,unknown,3.12.3,2026-10-09T18:41:14Z
64,ML-DSA-44,post-quantum,2,keygen,0.0384,0.0,0.0,0.311,1312,2560,0,2420,0,0,0,0.0,0.5756,nan,edge/x86_64,unknown,3.12.3,2026-10-09T18:41:14Z
64,ML-DSA-44,post-quantum,2,sign,0.0557,0.0,0.0,0.311,1312,2560,0,2420,512,0,0,0.0,0.8348,nan,edge/x86_64,unknown,3.12.3,2026-10-09T18:41:14Z
64,ML-DSA-44,post-quantum,2,verify,0.0347,0.0,0.0,0.311,1312,2560,0,2420,512,0,0,0.0,0.5209,nan,edge/x86_64,unknown,3.12.3,2026-10-09T18:41:14Z
65,ML-DSA-44,post-quantum,2,keygen,0.0424,0.0,0.0,0.311,1312,2560,0,2420,0,0,0,0.0,0.6357,nan,edge/x86_64,unknown,3.12.3,2026-10-09T18:41:14Z
65,ML-DSA-44,post-quantum,2,sign,0.1095,0.0,0.0,0.311,1312,2560,0,2420,512,0,0,0.0,1.6422,nan,edge/x86_64,unknown,3.12.3,2026-10-09T18:41:14Z
65,ML-DSA-44,post-quantum,2,verify,0.0347,0.0,0.0,0.311,1312,2560,0,2420,512,0,0,0.0,0.5198,nan,edge/x86_64,unknown,3.12.3,2026-10-09T18:41:14Z
66,ML-DSA-44,post-quantum,2,keygen,0.0371,0.0,0.0,0.311,1312,2560,0,2420,0,0,0,0.0,0.5568,nan,edge/x86_64,unknown,3.12.3,2026-10-09T18:41:14Z
66,ML-DSA-44,post-quantum,2,sign,0.0567,0.0,0.0,0.311,1312,2560,0,2420,512,0,0,0.0,0.8504,nan,edge/x86_64,unknown,3.12.3,2026-10-09T18:41:14Z
66,ML-DSA-44,post-quantum,2,verify,0.0347,0.0,0.0,0.311,1312,2560,0,2420,512,0,0,0.0,0.521,nan,edge/x86_64,unknown,3.12.3,2026-10-09T18:41:14Z
67,ML-DSA-44,post-quantum,2,keygen,0.0371,0.0,0.0,0.311,1312,2560,0,2420,0,0,0,0.0,0.5559,nan,edge/x86_64,unknown,3.12.3,2026-10-09T18:41:14Z
67,ML-DSA-44,post-quantum,2,sign,0.1593,0.0,0.0,0.311,1312,2560,0,2420,512,0,0,0.0,2.3896,nan,edge/x86_64,unknown,3.12.3,2026-10-09T18:41:14Z
67,ML-DSA-44,post-quantum,2,verify,0.0504,0.0,0.0,0.311,1312,2560,0,2420,512,0,0,0.0,0.7561,nan,edge/x86_64,unknown,3.12.3,2026-10-09T18:41:14Z
68,ML-DSA-44,post-quantum,2,keygen,0.043,0.0,0.0,0.311,1312,2560,0,2420,0,0,0,0.0,0.6448,nan,edge/x86_64,unknown,3.12.3,2026-10-09T18:41:14Z
68,ML-DSA-44,post-quantum,2,sign,0.092,0.0,0.0,0.311,1312,2560,0,2420,512,0,0,0.0,1.3805,nan,edge/x86_64,unknown,3.12.3,2026-10-09T18:41:14Z
68,ML-DSA-44,post-quantum,2,verify,0.0348,0.0,0.0,0.311,1312,2560,0,2420,512,0,0,0.0,0.5218,nan,edge/x86_64,unknown,3.12.3,2026-10-09T18:41:14Z
69,ML-DSA-44,post-quantum,2,keygen,0.0376,0.0,0.0,0.311,1312,2560,0,2420,0,0,0,0.0,0.564,nan,edge/x86_64,unknown,3.12.3,2026-10-09T18:41:14Z
69,ML-DSA-44,post-quantum,2,sign,0.1387,0.0,0.0,0.311,1312,2560,0,2420,512,0,0,0.0,2.0803,nan,edge/x86_64,unknown,3.12.3,2026-10-09T18:41:14Z
69,ML-DSA-44,post-quantum,2,verify,0.0366,0.0,0.0,0.311,1312,2560,0,2420,512,0,0,0.0,0.5491,nan,edge/x86_64,unknown,3.12.3,2026-10-09T18:41:14Z
70,ML-DSA-44,post-quantum,2,keygen,0.0389,0.0,0.0,0.311,1312,2560,0,2420,0,0,0,0.0,0.5829,nan,edge/x86_64,unknown,3.12.3,2026-10-09T18:41:14Z
70,ML-DSA-44,post-quantum,2,sign,0.0652,0.0,0.0,0.311,1312,2560,0,2420,512,0,0,0.0,0.9774,nan,edge/x86_64,unknown,3.12.3,2026-10-09T18:41:14Z
70,ML-DSA-44,post-quantum,2,verify,0.0347,0.0,0.0,0.311,1312,2560,0,2420,512,0,0,0.0,0.5212,nan,edge/x86_64,unknown,3.12.3,2026-10-09T18:41:14Z
71,ML-DSA-44,post-quantum,2,keygen,0.0372,0.0,0.0,0.311,1312,2560,0,2420,0,0,0,0.0,0.5586,nan,edge/x86_64,unknown,3.12.3,2026-10-09T18:41:14Z
71,ML-DSA-44,post-quantum,2,sign,0.0474,0.0,0.0,0.311,1312,2560,0,2420,512,0,0,0.0,0.7117,nan,edge/x86_64,unknown,3.12.3,2026-10-09T18:41:14Z
71,ML-DSA-44,post-quantum,2,verify,0.0343,0.0,0.0,0.311,1312,2560,0,2420,512,0,0,0.0,0.5144,nan,edge/x86_64,unknown,3.12.3,2026-10-09T18:41:14Z
72,ML-DSA-44,post-quantum,2,keygen,0.0379,0.0,0.0,0.311,1312,2560,0,2420,0,0,0,0.0,0.5685,nan,edge/x86_64,unknown,3.12.3,2026-10-09T18:41:14Z
72,ML-DSA-44,post-quantum,2,sign,0.0701,0.0,0.0,0.311,1312,2560,0,2420,512,0,0,0.0,1.0518,nan,edge/x86_64,unknown,3.12.3,2026-10-09T18:41:14Z
72,ML-DSA-44,post-quantum,2,verify,0.0349,0.0,0.0,0.311,1312,2560,0,2420,512,0,0,0.0,0.5238,nan,edge/x86_64,unknown,3.12.3,2026-10-09T18:41:14Z
73,ML-DSA-44,post-quantum,2,keygen,0.0377,0.0,0.0,0.311,1312,2560,0,2420,0,0,0,0.0,0.5652,nan,edge/x86_64,unknown,3.12.3,2026-10-09T18:41:14Z
73,ML-DSA-44,post-quantum,2,sign,0.2364,0.0,0.0,0.311,1312,2560,0,2420,512,0,0,0.0,3.5462,nan,edge/x86_64,unknown,3.12.3,2026-10-09T18:41:14Z
73,ML-DSA-44,post-quantum,2,verify,0.0354,0.0,0.0,0.311,1312,2560,0,2420,512,0,0,0.0,0.5304,nan,edge/x86_64,unknown,3.12.3,2026-10-09T18:41:14Z
74,ML-DSA-44,post-quantum,2,keygen,0.0367,0.0,0.0,0.311,1312,2560,0,2420,0,0,0,0.0,0.5504,nan,edge/x86_64,unknown,3.12.3,2026-10-09T18:41:14Z
74,ML-DSA-44,post-quantum,2,sign,0.0661,0.0,0.0,0.311,1312,2560,0,2420,512,0,0,0.0,0.9916,nan,edge/x86_64,unknown,3.12.3,2026-10-09T18:41:14Z
74,ML-DSA-44,post-quantum,2,verify,0.0343,0.0,0.0,0.311,1312,2560,0,2420,512,0,0,0.0,0.5143,nan,edge/x86_64,unknown,3.12.3,2026-10-09T18:41:14Z
75,ML-DSA-44,post-quantum,2,keygen,0.0369,0.0,0.0,0.311,1312,2560,0,2420,0,0,0,0.0,0.5532,nan,edge/x86_64,unknown,3.12.3,2026-10-09T18:41:14Z
75,ML-DSA-44,post-quantum,2,sign,0.0468,0.0,0.0,0.311,1312,2560,0,2420,512,0,0,0.0,0.7015,nan,edge/x86_64,unknown,3.12.3,2026-10-09T18:41:14Z
75,ML-DSA-44,post-quantum,2,verify,0.0387,0.0,0.0,0.311,1312,2560,0,2420,512,0,0,0.0,0.5804,nan,edge/x86_64,unknown,3.12.3,2026-10-09T18:41:14Z
76,ML-DSA-44,post-quantum,2,keygen,0.0384,0.0,0.0,0.311,1312,2560,0,2420,0,0,0,0.0,0.5767,nan,edge/x86_64,unknown,3.12.3,2026-10-09T18:41:14Z
76,ML-DSA-44,post-quantum,2,sign,0.0846,0.0,0.0,0.311,1312,2560,0,2420,512,0,0,0.0,1.2686,nan,edge/x86_64,unknown,3.12.3,2026-10-09T18:41:14Z
76,ML-DSA-44,post-quantum,2,verify,0.0342,0.0,0.0,0.311,1312,2560,0,2420,512,0,0,0.0,0.5129,nan,edge/x86_64,unknown,3.12.3,2026-10-09T18:41:14Z
77,ML-DSA-44,post-quantum,2,keygen,0.0371,0.0,0.0,0.311,1312,2560,0,2420,0,0,0,0.0,0.5564,nan,edge/x86_64,unknown,3.12.3,2026-10-09T18:41:14Z
77,ML-DSA-44,post-quantum,2,sign,0.0643,0.0,0.0,0.311,1312,2560,0,2420,512,0,0,0.0,0.965,nan,edge/x86_64,unknown,3.12.3,2026-10-09T18:41:14Z
77,ML-DSA-44,post-quantum,2,verify,0.045,0.0,0.0,0.311,1312,2560,0,2420,512,0,0,0.0,0.675,nan,edge/x86_64,unknown,3.12.3,2026-10-09T18:41:14Z
78,ML-DSA-44,post-quantum,2,keygen,0.0391,0.0,0.0,0.311,1312,2560,0,2420,0,0,0,0.0,0.5859,nan,edge/x86_64,unknown,3.12.3,2026-10-09T18:41:14Z
78,ML-DSA-44,post-quantum,2,sign,0.1002,0.0,0.0,0.311,1312,2560,0,2420,512,0,0,0.0,1.5028,nan,edge/x86_64,unknown,3.12.3,2026-10-09T18:41:14Z
78,ML-DSA-44,post-quantum,2,verify,0.0346,0.0,0.0,0.311,1312,2560,0,2420,512,0,0,0.0,0.5197,nan,edge/x86_64,unknown,3.12.3,2026-10-09T18:41:14Z
79,ML-DSA-44,post-quantum,2,keygen,0.0371,0.0,0.0,0.311,1312,2560,0,2420,0,0,0,0.0,0.5563,nan,edge/x86_64,unknown,3.12.3,2026-10-09T18:41:14Z
79,ML-DSA-44,post-quantum,2,sign,0.047,0.0,0.0,0.311,1312,2560,0,2420,512,0,0,0.0,0.7052,nan,edge/x86_64,unknown,3.12.3,2026-10-09T18:41:14Z
79,ML-DSA-44,post-quantum,2,verify,0.0351,0.0,0.0,0.311,1312,2560,0,2420,512,0,0,0.0,0.5262,nan,edge/x86_64,unknown,3.12.3,2026-10-09T18:41:14Z
80,ML-DSA-44,post-quantum,2,keygen,0.0375,0.0,0.0,0.311,1312,2560,0,2420,0,0,0,0.0,0.5626,nan,edge/x86_64,unknown,3.12.3,2026-10-09T18:41:14Z
80,ML-DSA-44,post-quantum,2,sign,0.0988,0.0,0.0,0.311,1312,2560,0,2420,512,0,0,0.0,1.4821,nan,edge/x86_64,unknown,3.12.3,2026-10-09T18:41:14Z
80,ML-DSA-44,post-quantum,2,verify,0.0396,0.0,0.0,0.311,1312,2560,0,2420,512,0,0,0.0,0.5933,nan,edge/x86_64,unknown,3.12.3,2026-10-09T18:41:14Z
81,ML-DSA-44,post-quantum,2,keygen,0.0412,0.0,0.0,0.311,1312,2560,0,2420,0,0,0,0.0,0.6182,nan,edge/x86_64,unknown,3.12.3,2026-10-09T18:41:14Z
81,ML-DSA-44,post-quantum,2,sign,0.1184,0.0,0.0,0.311,1312,2560,0,2420,512,0,0,0.0,1.7764,nan,edge/x86_64,unknown,3.12.3,2026-10-09T18:41:14Z
81,ML-DSA-44,post-quantum,2,verify,0.0346,0.0,0.0,0.311,1312,2560,0,2420,512,0,0,0.0,0.5196,nan,edge/x86_64,unknown,3.12.3,2026-10-09T18:41:14Z
82,ML-DSA-44,post-quantum,2,keygen,0.0374,0.0,0.0,0.311,1312,2560,0,2420,0,0,0,0.0,0.5611,nan,edge/x86_64,unknown,3.12.3,2026-10-09T18:41:14Z
82,ML-DSA-44,post-quantum,2,sign,0.0472,0.0,0.0,0.311,1312,2560,0,2420,512,0,0,0.0,0.7074,nan,edge/x86_64,unknown,3.12.3,2026-10-09T18:41:14Z
82,ML-DSA-44,post-quantum,2,verify,0.0343,0.0,0.0,0.311,1312,2560,0,2420,512,0,0,0.0,0.515,nan,edge/x86_64,unknown,3.12.3,2026-10-09T18:41:14Z
83,ML-DSA-44,post-quantum,2,keygen,0.0372,0.0,0.0,0.311,1312,2560,0,2420,0,0,0,0.0,0.5575,nan,edge/x86_64,unknown,3.12.3,2026-10-09T18:41:14Z
83,ML-DSA-44,post-quantum,2,sign,0.0666,0.0,0.0,0.311,1312,2560,0,2420,512,0,0,0.0,0.9989,nan,edge/x86_64,unknown,3.12.3,2026-10-09T18:41:14Z
83,ML-DSA-44,post-quantum,2,verify,0.0487,0.0,0.0,0.311,1312,2560,0,2420,512,0,0,0.0,0.731,nan,edge/x86_64,unknown,3.12.3,2026-10-09T18:41:14Z
84,ML-DSA-44,post-quantum,2,keygen,0.0374,0.0,0.0,0.311,1312,2560,0,2420,0,0,0,0.0,0.5612,nan,edge/x86_64,unknown,3.12.3,2026-10-09T18:41:14Z
84,ML-DSA-44,post-quantum,2,sign,0.0473,0.0,0.0,0.311,1312,2560,0,2420,512,0,0,0.0,0.71,nan,edge/x86_64,unknown,3.12.3,2026-10-09T18:41:14Z
84,ML-DSA-44,post-quantum,2,verify,0.0346,0.0,0.0,0.311,1312,2560,0,2420,512,0,0,0.0,0.5196,nan,edge/x86_64,unknown,3.12.3,2026-10-09T18:41:14Z
85,ML-DSA-44,post-quantum,2,keygen,0.0381,0.0,0.0,0.311,1312,2560,0,2420,0,0,0,0.0,0.5715,nan,edge/x86_64,unknown,3.12.3,2026-10-09T18:41:14Z
85,ML-DSA-44,post-quantum,2,sign,0.0495,0.0,0.0,0.311,1312,2560,0,2420,512,0,0,0.0,0.7425,nan,edge/x86_64,unknown,3.12.3,2026-10-09T18:41:14Z
85,ML-DSA-44,post-quantum,2,verify,0.035,0.0,0.0,0.311,1312,2560,0,2420,512,0,0,0.0,0.5243,nan,edge/x86_64,unknown,3.12.3,2026-10-09T18:41:14Z
86,ML-DSA-44,post-quantum,2,keygen,0.0369,0.0,0.0,0.311,1312,2560,0,2420,0,0,0,0.0,0.554,nan,edge/x86_64,unknown,3.12.3,2026-10-09T18:41:14Z
86,ML-DSA-44,post-quantum,2,sign,0.047,0.0,0.0,0.311,1312,2560,0,2420,512,0,0,0.0,0.7044,nan,edge/x86_64,unknown,3.12.3,2026-10-09T18:41:14Z
86,ML-DSA-44,post-quantum,2,verify,0.0342,0.0,0.0,0.311,1312,2560,0,2420,512,0,0,0.0,0.5124,nan,edge/x86_64,unknown,3.12.3,2026-10-09T18:41:14Z
87,ML-DSA-44,post-quantum,2,keygen,0.037,0.0,0.0,0.311,1312,2560,0,2420,0,0,0,0.0,0.5551,nan,edge/x86_64,unknown,3.12.3,2026-10-09T18:41:14Z
87,ML-DSA-44,post-quantum,2,sign,0.0575,0.0,0.0,0.311,1312,2560,0,2420,512,0,0,0.0,0.8628,nan,edge/x86_64,unknown,3.12.3,2026-10-09T18:41:14Z
87,ML-DSA-44,post-quantum,2,verify,0.0348,0.0,0.0,0.311,1312,2560,0,2420,512,0,0,0.0,0.5223,nan,edge/x86_64,unknown,3.12.3,2026-10-09T18:41:14Z
88,ML-DSA-44,post-quantum,2,keygen,0.0379,0.0,0.0,0.311,1312,2560,0,2420,0,0,0,0.0,0.5683,nan,edge/x86_64,unknown,3.12.3,2026-10-09T18:41:14Z
88,ML-DSA-44,post-quantum,2,sign,0.0752,0.0,0.0,0.311,1312,2560,0,2420,512,0,0,0.0,1.1286,nan,edge/x86_64,unknown,3.12.3,2026-10-09T18:41:14Z
88,ML-DSA-44,post-quantum,2,verify,0.0345,0.0,0.0,0.311,1312,2560,0,2420,512,0,0,0.0,0.5181,nan,edge/x86_64,unknown,3.12.3,2026-10-09T18:41:14Z
89,ML-DSA-44,post-quantum,2,keygen,0.0368,0.0,0.0,0.311,1312,2560,0,2420,0,0,0,0.0,0.5523,nan,edge/x86_64,unknown,3.12.3,2026-10-09T18:41:14Z
89,ML-DSA-44,post-quantum,2,sign,0.0825,0.0,0.0,0.311,1312,2560,0,2420,512,0,0,0.0,1.2376,nan,edge/x86_64,unknown,3.12.3,2026-10-09T18:41:14Z
89,ML-DSA-44,post-quantum,2,verify,0.0357,0.0,0.0,0.311,1312,2560,0,2420,512,0,0,0.0,0.5351,nan,edge/x86_64,unknown,3.12.3,2026-10-09T18:41:14Z
90,ML-DSA-44,post-quantum,2,keygen,0.0372,0.0,0.0,0.311,1312,2560,0,2420,0,0,0,0.0,0.5574,nan,edge/x86_64,unknown,3.12.3,2026-10-09T18:41:14Z
90,ML-DSA-44,post-quantum,2,sign,0.0579,0.0,0.0,0.311,1312,2560,0,2420,512,0,0,0.0,0.869,nan,edge/x86_64,unknown,3.12.3,2026-10-09T18:41:14Z
90,ML-DSA-44,post-quantum,2,verify,0.0349,0.0,0.0,0.311,1312,2560,0,2420,512,0,0,0.0,0.5228,nan,edge/x86_64,unknown,3.12.3,2026-10-09T18:41:14Z
91,ML-DSA-44,post-quantum,2,keygen,0.0372,0.0,0.0,0.311,1312,2560,0,2420,0,0,0,0.0,0.5582,nan,edge/x86_64,unknown,3.12.3,2026-10-09T18:41:14Z
91,ML-DSA-44,post-quantum,2,sign,0.1024,0.0,0.0,0.311,1312,2560,0,2420,512,0,0,0.0,1.5353,nan,edge/x86_64,unknown,3.12.3,2026-10-09T18:41:14Z
91,ML-DSA-44,post-quantum,2,verify,0.0389,0.0,0.0,0.311,1312,2560,0,2420,512,0,0,0.0,0.5833,nan,edge/x86_64,unknown,3.12.3,2026-10-09T18:41:14Z
92,ML-DSA-44,post-quantum,2,keygen,0.0374,0.0,0.0,0.311,1312,2560,0,2420,0,0,0,0.0,0.5607,nan,edge/x86_64,unknown,3.12.3,2026-10-09T18:41:14Z
92,ML-DSA-44,post-quantum,2,sign,0.0644,0.0,0.0,0.311,1312,2560,0,2420,512,0,0,0.0,0.9654,nan,edge/x86_64,unknown,3.12.3,2026-10-09T18:41:14Z
92,ML-DSA-44,post-quantum,2,verify,0.034,0.0,0.0,0.311,1312,2560,0,2420,512,0,0,0.0,0.5107,nan,edge/x86_64,unknown,3.12.3,2026-10-09T18:41:14Z
93,ML-DSA-44,post-quantum,2,keygen,0.0367,0.0,0.0,0.311,1312,2560,0,2420,0,0,0,0.0,0.5506,nan,edge/x86_64,unknown,3.12.3,2026-10-09T18:41:14Z
93,ML-DSA-44,post-quantum,2,sign,0.1043,0.0,0.0,0.311,1312,2560,0,2420,512,0,0,0.0,1.5645,nan,edge/x86_64,unknown,3.12.3,2026-10-09T18:41:14Z
93,ML-DSA-44,post-quantum,2,verify,0.0389,0.0,0.0,0.311,1312,2560,0,2420,512,0,0,0.0,0.5828,nan,edge/x86_64,unknown,3.12.3,2026-10-09T18:41:14Z
94,ML-DSA-44,post-quantum,2,keygen,0.0421,0.0,0.0,0.311,1312,2560,0,2420,0,0,0,0.0,0.6309,nan,edge/x86_64,unknown,3.12.3,2026-10-09T18:41:14Z
94,ML-DSA-44,post-quantum,2,sign,0.0669,0.0,0.0,0.311,1312,2560,0,2420,512,0,0,0.0,1.0041,nan,edge/x86_64,unknown,3.12.3,2026-10-09T18:41:14Z
94,ML-DSA-44,post-quantum,2,verify,0.0347,0.0,0.0,0.311,1312,2560,0,2420,512,0,0,0.0,0.5203,nan,edge/x86_64,unknown,3.12.3,2026-10-09T18:41:14Z
95,ML-DSA-44,post-quantum,2,keygen,0.0374,0.0,0.0,0.311,1312,2560,0,2420,0,0,0,0.0,0.5612,nan,edge/x86_64,unknown,3.12.3,2026-10-09T18:41:14Z
95,ML-DSA-44,post-quantum,2,sign,0.1155,0.0,0.0,0.311,1312,2560,0,2420,512,0,0,0.0,1.7328,nan,edge/x86_64,unknown,3.12.3,2026-10-09T18:41:14Z
95,ML-DSA-44,post-quantum,2,verify,0.0354,0.0,0.0,0.311,1312,2560,0,2420,512,0,0,0.0,0.5316,nan,edge/x86_64,unknown,3.12.3,2026-10-09T18:41:14Z
96,ML-DSA-44,post-quantum,2,keygen,0.0515,0.0,0.0,0.311,1312,2560,0,2420,0,0,0,0.0,0.7724,nan,edge/x86_64,unknown,3.12.3,2026-10-09T18:41:14Z
96,ML-DSA-44,post-quantum,2,sign,0.049,0.0,0.0,0.311,1312,2560,0,2420,512,0,0,0.0,0.7343,nan,edge/x86_64,unknown,3.12.3,2026-10-09T18:41:14Z
96,ML-DSA-44,post-quantum,2,verify,0.0348,0.0,0.0,0.311,1312,2560,0,2420,512,0,0,0.0,0.5217,nan,edge/x86_64,unknown,3.12.3,2026-10-09T18:41:14Z
97,ML-DSA-44,post-quantum,2,keygen,0.0376,0.0,0.0,0.311,1312,2560,0,2420,0,0,0,0.0,0.5634,nan,edge/x86_64,unknown,3.12.3,2026-10-09T18:41:14Z
97,ML-DSA-44,post-quantum,2,sign,0.0476,0.0,0.0,0.311,1312,2560,0,2420,512,0,0,0.0,0.7143,nan,edge/x86_64,unknown,3.12.3,2026-10-09T18:41:14Z
97,ML-DSA-44,post-quantum,2,verify,0.0358,0.0,0.0,0.311,1312,2560,0,2420,512,0,0,0.0,0.5369,nan,edge/x86_64,unknown,3.12.3,2026-10-09T18:41:14Z
98,ML-DSA-44,post-quantum,2,keygen,0.0374,0.0,0.0,0.311,1312,2560,0,2420,0,0,0,0.0,0.5605,nan,edge/x86_64,unknown,3.12.3,2026-10-09T18:41:14Z
98,ML-DSA-44,post-quantum,2,sign,0.0838,0.0,0.0,0.311,1312,2560,0,2420,512,0,0,0.0,1.2563,nan,edge/x86_64,unknown,3.12.3,2026-10-09T18:41:14Z
98,ML-DSA-44,post-quantum,2,verify,0.0391,0.0,0.0,0.311,1312,2560,0,2420,512,0,0,0.0,0.5868,nan,edge/x86_64,unknown,3.12.3,2026-10-09T18:41:14Z
99,ML-DSA-44,post-quantum,2,keygen,0.0374,0.0,0.0,0.311,1312,2560,0,2420,0,0,0,0.0,0.5613,nan,edge/x86_64,unknown,3.12.3,2026-10-09T18:41:14Z
99,ML-DSA-44,post-quantum,2,sign,0.0761,0.0,0.0,0.311,1312,2560,0,2420,512,0,0,0.0,1.1411,nan,edge/x86_64,unknown,3.12.3,2026-10-09T18:41:14Z
99,ML-DSA-44,post-quantum,2,verify,0.0344,0.0,0.0,0.311,1312,2560,0,2420,512,0,0,0.0,0.5166,nan,edge/x86_64,unknown,3.12.3,2026-10-09T18:41:14Z
100,ML-DSA-44,post-quantum,2,keygen,0.0376,0.0,0.0,0.311,1312,2560,0,2420,0,0,0,0.0,0.5646,nan,edge/x86_64,unknown,3.12.3,2026-10-09T18:41:14Z
100,ML-DSA-44,post-quantum,2,sign,0.1271,0.0,0.0,0.311,1312,2560,0,2420,512,0,0,0.0,1.9061,nan,edge/x86_64,unknown,3.12.3,2026-10-09T18:41:14Z
100,ML-DSA-44,post-quantum,2,verify,0.0344,0.0,0.0,0.311,1312,2560,0,2420,512,0,0,0.0,0.516,nan,edge/x86_64,unknown,3.12.3,2026-10-09T18:41:14Z
101,ML-DSA-44,post-quantum,2,keygen,0.0369,0.0,0.0,0.311,1312,2560,0,2420,0,0,0,0.0,0.5536,nan,edge/x86_64,unknown,3.12.3,2026-10-09T18:41:14Z
101,ML-DSA-44,post-quantum,2,sign,0.0636,0.0,0.0,0.311,1312,2560,0,2420,512,0,0,0.0,0.9543,nan,edge/x86_64,unknown,3.12.3,2026-10-09T18:41:14Z
101,ML-DSA-44,post-quantum,2,verify,0.0344,0.0,0.0,0.311,1312,2560,0,2420,512,0,0,0.0,0.5154,nan,edge/x86_64,unknown,3.12.3,2026-10-09T18:41:14Z
102,ML-DSA-44,post-quantum,2,keygen,0.0363,0.0,0.0,0.311,1312,2560,0,2420,0,0,0,0.0,0.5447,nan,edge/x86_64,unknown,3.12.3,2026-10-09T18:41:14Z
102,ML-DSA-44,post-quantum,2,sign,0.0944,0.0,0.0,0.311,1312,2560,0,2420,512,0,0,0.0,1.4153,nan,edge/x86_64,unknown,3.12.3,2026-10-09T18:41:14Z
102,ML-DSA-44,post-quantum,2,verify,0.0348,0.0,0.0,0.311,1312,2560,0,2420,512,0,0,0.0,0.5225,nan,edge/x86_64,unknown,3.12.3,2026-10-09T18:41:14Z
103,ML-DSA-44,post-quantum,2,keygen,0.0374,0.0,0.0,0.311,1312,2560,0,2420,0,0,0,0.0,0.5607,nan,edge/x86_64,unknown,3.12.3,2026-10-09T18:41:14Z
103,ML-DSA-44,post-quantum,2,sign,0.1423,0.0,0.0,0.311,1312,2560,0,2420,512,0,0,0.0,2.1342,nan,edge/x86_64,unknown,3.12.3,2026-10-09T18:41:14Z
103,ML-DSA-44,post-quantum,2,verify,0.0357,0.0,0.0,0.311,1312,2560,0,2420,512,0,0,0.0,0.5348,nan,edge/x86_64,unknown,3.12.3,2026-10-09T18:41:14Z
104,ML-DSA-44,post-quantum,2,keygen,0.0381,0.0,0.0,0.311,1312,2560,0,2420,0,0,0,0.0,0.5719,nan,edge/x86_64,unknown,3.12.3,2026-10-09T18:41:14Z
104,ML-DSA-44,post-quantum,2,sign,0.058,0.0,0.0,0.311,1312,2560,0,2420,512,0,0,0.0,0.8702,nan,edge/x86_64,unknown,3.12.3,2026-10-09T18:41:14Z
104,ML-DSA-44,post-quantum,2,verify,0.0608,0.0,0.0,0.311,1312,2560,0,2420,512,0,0,0.0,0.9113,nan,edge/x86_64,unknown,3.12.3,2026-10-09T18:41:14Z
105,ML-DSA-44,post-quantum,2,keygen,0.0468,0.0,0.0,0.311,1312,2560,0,2420,0,0,0,0.0,0.7013,nan,edge/x86_64,unknown,3.12.3,2026-10-09T18:41:14Z
105,ML-DSA-44,post-quantum,2,sign,0.0683,0.0,0.0,0.311,1312,2560,0,2420,512,0,0,0.0,1.0249,nan,edge/x86_64,unknown,3.12.3,2026-10-09T18:41:14Z
105,ML-DSA-44,post-quantum,2,verify,0.0359,0.0,0.0,0.311,1312,2560,0,2420,512,0,0,0.0,0.5379,nan,edge/x86_64,unknown,3.12.3,2026-10-09T18:41:14Z
106,ML-DSA-44,post-quantum,2,keygen,0.0372,0.0,0.0,0.311,1312,2560,0,2420,0,0,0,0.0,0.5586,nan,edge/x86_64,unknown,3.12.3,2026-10-09T18:41:14Z
106,ML-DSA-44,post-quantum,2,sign,0.1259,0.0,0.0,0.311,1312,2560,0,2420,512,0,0,0.0,1.8878,nan,edge/x86_64,unknown,3.12.3,2026-10-09T18:41:14Z
106,ML-DSA-44,post-quantum,2,verify,0.0353,0.0,0.0,0.311,1312,2560,0,2420,512,0,0,0.0,0.5296,nan,edge/x86_64,unknown,3.12.3,2026-10-09T18:41:14Z
107,ML-DSA-44,post-quantum,2,keygen,0.0375,0.0,0.0,0.311,1312,2560,0,2420,0,0,0,0.0,0.5619,nan,edge/x86_64,unknown,3.12.3,2026-10-09T18:41:14Z
107,ML-DSA-44,post-quantum,2,sign,0.1229,0.0,0.0,0.311,1312,2560,0,2420,512,0,0,0.0,1.8432,nan,edge/x86_64,unknown,3.12.3,2026-10-09T18:41:14Z
107,ML-DSA-44,post-quantum,2,verify,0.0363,0.0,0.0,0.311,1312,2560,0,2420,512,0,0,0.0,0.544,nan,edge/x86_64,unknown,3.12.3,2026-10-09T18:41:14Z
108,ML-DSA-44,post-quantum,2,keygen,0.0389,0.0,0.0,0.311,1312,2560,0,2420,0,0,0,0.0,0.5832,nan,edge/x86_64,unknown,3.12.3,2026-10-09T18:41:14Z
108,ML-DSA-44,post-quantum,2,sign,0.0476,0.0,0.0,0.311,1312,2560,0,2420,512,0,0,0.0,0.7136,nan,edge/x86_64,unknown,3.12.3,2026-10-09T18:41:14Z
108,ML-DSA-44,post-quantum,2,verify,0.0344,0.0,0.0,0.311,1312,2560,0,2420,512,0,0,0.0,0.5156,nan,edge/x86_64,unknown,3.12.3,2026-10-09T18:41:14Z
109,ML-DSA-44,post-quantum,2,keygen,0.0364,0.0,0.0,0.311,1312,2560,0,2420,0,0,0,0.0,0.5461,nan,edge/x86_64,unknown,3.12.3,2026-10-09T18:41:14Z
109,ML-DSA-44,post-quantum,2,sign,0.0469,0.0,0.0,0.311,1312,2560,0,2420,512,0,0,0.0,0.7032,nan,edge/x86_64,unknown,3.12.3,2026-10-09T18:41:14Z
109,ML-DSA-44,post-quantum,2,verify,0.035,0.0,0.0,0.311,1312,2560,0,2420,512,0,0,0.0,0.5257,nan,edge/x86_64,unknown,3.12.3,2026-10-09T18:41:14Z
110,ML-DSA-44,post-quantum,2,keygen,0.0373,0.0,0.0,0.311,1312,2560,0,2420,0,0,0,0.0,0.5601,nan,edge/x86_64,unknown,3.12.3,2026-10-09T18:41:14Z
110,ML-DSA-44,post-quantum,2,sign,0.1101,0.0,0.0,0.311,1312,2560,0,2420,512,0,0,0.0,1.6519,nan,edge/x86_64,unknown,3.12.3,2026-10-09T18:41:14Z
110,ML-DSA-44,post-quantum,2,verify,0.0346,0.0,0.0,0.311,1312,2560,0,2420,512,0,0,0.0,0.5187,nan,edge/x86_64,unknown,3.12.3,2026-10-09T18:41:14Z
111,ML-DSA-44,post-quantum,2,keygen,0.037,0.0,0.0,0.311,1312,2560,0,2420,0,0,0,0.0,0.555,nan,edge/x86_64,unknown,3.12.3,2026-10-09T18:41:14Z
111,ML-DSA-44,post-quantum,2,sign,0.0474,0.0,0.0,0.311,1312,2560,0,2420,512,0,0,0.0,0.7113,nan,edge/x86_64,unknown,3.12.3,2026-10-09T18:41:14Z
111,ML-DSA-44,post-quantum,2,verify,0.0344,0.0,0.0,0.311,1312,2560,0,2420,512,0,0,0.0,0.5163,nan,edge/x86_64,unknown,3.12.3,2026-10-09T18:41:14Z
112,ML-DSA-44,post-quantum,2,keygen,0.0417,0.0,0.0,0.311,1312,2560,0,2420,0,0,0,0.0,0.6257,nan,edge/x86_64,unknown,3.12.3,2026-10-09T18:41:14Z
112,ML-DSA-44,post-quantum,2,sign,0.0777,0.0,0.0,0.311,1312,2560,0,2420,512,0,0,0.0,1.165,nan,edge/x86_64,unknown,3.12.3,2026-10-09T18:41:14Z
112,ML-DSA-44,post-quantum,2,verify,0.0346,0.0,0.0,0.311,1312,2560,0,2420,512,0,0,0.0,0.5186,nan,edge/x86_64,unknown,3.12.3,2026-10-09T18:41:14Z
113,ML-DSA-44,post-quantum,2,keygen,0.0372,0.0,0.0,0.311,1312,2560,0,2420,0,0,0,0.0,0.558,nan,edge/x86_64,unknown,3.12.3,2026-10-09T18:41:14Z
113,ML-DSA-44,post-quantum,2,sign,0.1122,0.0,0.0,0.311,1312,2560,0,2420,512,0,0,0.0,1.6833,nan,edge/x86_64,unknown,3.12.3,2026-10-09T18:41:14Z
113,ML-DSA-44,post-quantum,2,verify,0.0353,0.0,0.0,0.311,1312,2560,0,2420,512,0,0,0.0,0.5291,nan,edge/x86_64,unknown,3.12.3,2026-10-09T18:41:14Z
114,ML-DSA-44,post-quantum,2,keygen,0.0381,0.0,0.0,0.311,1312,2560,0,2420,0,0,0,0.0,0.5721,nan,edge/x86_64,unknown,3.12.3,2026-10-09T18:41:14Z
114,ML-DSA-44,post-quantum,2,sign,0.0577,0.0,0.0,0.311,1312,2560,0,2420,512,0,0,0.0,0.8654,nan,edge/x86_64,unknown,3.12.3,2026-10-09T18:41:14Z
114,ML-DSA-44,post-quantum,2,verify,0.0347,0.0,0.0,0.311,1312,2560,0,2420,512,0,0,0.0,0.521,nan,edge/x86_64,unknown,3.12.3,2026-10-09T18:41:14Z
115,ML-DSA-44,post-quantum,2,keygen,0.0375,0.0,0.0,0.311,1312,2560,0,2420,0,0,0,0.0,0.5624,nan,edge/x86_64,unknown,3.12.3,2026-10-09T18:41:14Z
115,ML-DSA-44,post-quantum,2,sign,0.1684,0.0,0.0,0.311,1312,2560,0,2420,512,0,0,0.0,2.5263,nan,edge/x86_64,unknown,3.12.3,2026-10-09T18:41:14Z
115,ML-DSA-44,post-quantum,2,verify,0.0412,0.0,0.0,0.311,1312,2560,0,2420,512,0,0,0.0,0.6179,nan,edge/x86_64,unknown,3.12.3,2026-10-09T18:41:14Z
116,ML-DSA-44,post-quantum,2,keygen,0.0638,0.0,0.0,0.311,1312,2560,0,2420,0,0,0,0.0,0.9572,nan,edge/x86_64,unknown,3.12.3,2026-10-09T18:41:14Z
116,ML-DSA-44,post-quantum,2,sign,0.1437,0.0,0.0,0.311,1312,2560,0,2420,512,0,0,0.0,2.1552,nan,edge/x86_64,unknown,3.12.3,2026-10-09T18:41:14Z
116,ML-DSA-44,post-quantum,2,verify,0.0361,0.0,0.0,0.311,1312,2560,0,2420,512,0,0,0.0,0.5418,nan,edge/x86_64,unknown,3.12.3,2026-10-09T18:41:14Z
117,ML-DSA-44,post-quantum,2,keygen,0.038,0.0,0.0,0.311,1312,2560,0,2420,0,0,0,0.0,0.5695,nan,edge/x86_64,unknown,3.12.3,2026-10-09T18:41:14Z
117,ML-DSA-44,post-quantum,2,sign,0.0557,0.0,0.0,0.311,1312,2560,0,2420,512,0,0,0.0,0.836,nan,edge/x86_64,unknown,3.12.3,2026-10-09T18:41:14Z
117,ML-DSA-44,post-quantum,2,verify,0.0431,0.0,0.0,0.311,1312,2560,0,2420,512,0,0,0.0,0.6459,nan,edge/x86_64,unknown,3.12.3,2026-10-09T18:41:14Z
118,ML-DSA-44,post-quantum,2,keygen,0.0379,0.0,0.0,0.311,1312,2560,0,2420,0,0,0,0.0,0.5686,nan,edge/x86_64,unknown,3.12.3,2026-10-09T18:41:14Z
118,ML-DSA-44,post-quantum,2,sign,0.0554,0.0,0.0,0.311,1312,2560,0,2420,512,0,0,0.0,0.8313,nan,edge/x86_64,unknown,3.12.3,2026-10-09T18:41:14Z
118,ML-DSA-44,post-quantum,2,verify,0.052,0.0,0.0,0.311,1312,2560,0,2420,512,0,0,0.0,0.7797,nan,edge/x86_64,unknown,3.12.3,2026-10-09T18:41:14Z
119,ML-DSA-44,post-quantum,2,keygen,0.0381,0.0,0.0,0.311,1312,2560,0,2420,0,0,0,0.0,0.571,nan,edge/x86_64,unknown,3.12.3,2026-10-09T18:41:14Z
119,ML-DSA-44,post-quantum,2,sign,0.0841,0.0,0.0,0.311,1312,2560,0,2420,512,0,0,0.0,1.2618,nan,edge/x86_64,unknown,3.12.3,2026-10-09T18:41:14Z
119,ML-DSA-44,post-quantum,2,verify,0.0345,0.0,0.0,0.311,1312,2560,0,2420,512,0,0,0.0,0.5177,nan,edge/x86_64,unknown,3.12.3,2026-10-09T18:41:14Z
120,ML-DSA-44,post-quantum,2,keygen,0.038,0.0,0.0,0.311,1312,2560,0,2420,0,0,0,0.0,0.5697,nan,edge/x86_64,unknown,3.12.3,2026-10-09T18:41:14Z
120,ML-DSA-44,post-quantum,2,sign,0.0562,0.0,0.0,0.311,1312,2560,0,2420,512,0,0,0.0,0.8435,nan,edge/x86_64,unknown,3.12.3,2026-10-09T18:41:14Z
120,ML-DSA-44,post-quantum,2,verify,0.0348,0.0,0.0,0.311,1312,2560,0,2420,512,0,0,0.0,0.5218,nan,edge/x86_64,unknown,3.12.3,2026-10-09T18:41:14Z
121,ML-DSA-44,post-quantum,2,keygen,0.0375,0.0,0.0,0.311,1312,2560,0,2420,0,0,0,0.0,0.5629,nan,edge/x86_64,unknown,3.12.3,2026-10-09T18:41:14Z
121,ML-DSA-44,post-quantum,2,sign,0.0666,0.0,0.0,0.311,1312,2560,0,2420,512,0,0,0.0,0.9983,nan,edge/x86_64,unknown,3.12.3,2026-10-09T18:41:14Z
121,ML-DSA-44,post-quantum,2,verify,0.0352,0.0,0.0,0.311,1312,2560,0,2420,512,0,0,0.0,0.5278,nan,edge/x86_64,unknown,3.12.3,2026-10-09T18:41:14Z
122,ML-DSA-44,post-quantum,2,keygen,0.0377,0.0,0.0,0.311,1312,2560,0,2420,0,0,0,0.0,0.5661,nan,edge/x86_64,unknown,3.12.3,2026-10-09T18:41:14Z
122,ML-DSA-44,post-quantum,2,sign,0.0928,0.0,0.0,0.311,1312,2560,0,2420,512,0,0,0.0,1.3919,nan,edge/x86_64,unknown,3.12.3,2026-10-09T18:41:14Z
122,ML-DSA-44,post-quantum,2,verify,0.0344,0.0,0.0,0.311,1312,2560,0,2420,512,0,0,0.0,0.5155,nan,edge/x86_64,unknown,3.12.3,2026-10-09T18:41:14Z
123,ML-DSA-44,post-quantum,2,keygen,0.0367,0.0,0.0,0.311,1312,2560,0,2420,0,0,0,0.0,0.5511,nan,edge/x86_64,unknown,3.12.3,2026-10-09T18:41:14Z
123,ML-DSA-44,post-quantum,2,sign,0.0477,0.0,0.0,0.311,1312,2560,0,2420,512,0,0,0.0,0.7156,nan,edge/x86_64,unknown,3.12.3,2026-10-09T18:41:14Z
123,ML-DSA-44,post-quantum,2,verify,0.0345,0.0,0.0,0.311,1312,2560,0,2420,512,0,0,0.0,0.5179,nan,edge/x86_64,unknown,3.12.3,2026-10-09T18:41:14Z
124,ML-DSA-44,post-quantum,2,keygen,0.0386,0.0,0.0,0.311,1312,2560,0,2420,0,0,0,0.0,0.579,nan,edge/x86_64,unknown,3.12.3,2026-10-09T18:41:14Z
124,ML-DSA-44,post-quantum,2,sign,0.0486,0.0,0.0,0.311,1312,2560,0,2420,512,0,0,0.0,0.7285,nan,edge/x86_64,unknown,3.12.3,2026-10-09T18:41:14Z
124,ML-DSA-44,post-quantum,2,verify,0.0347,0.0,0.0,0.311,1312,2560,0,2420,512,0,0,0.0,0.5198,nan,edge/x86_64,unknown,3.12.3,2026-10-09T18:41:14Z
125,ML-DSA-44,post-quantum,2,keygen,0.0469,0.0,0.0,0.311,1312,2560,0,2420,0,0,0,0.0,0.7039,nan,edge/x86_64,unknown,3.12.3,2026-10-09T18:41:14Z
125,ML-DSA-44,post-quantum,2,sign,0.0858,0.0,0.0,0.311,1312,2560,0,2420,512,0,0,0.0,1.2863,nan,edge/x86_64,unknown,3.12.3,2026-10-09T18:41:14Z
125,ML-DSA-44,post-quantum,2,verify,0.0403,0.0,0.0,0.311,1312,2560,0,2420,512,0,0,0.0,0.6039,nan,edge/x86_64,unknown,3.12.3,2026-10-09T18:41:14Z
126,ML-DSA-44,post-quantum,2,keygen,0.0373,0.0,0.0,0.311,1312,2560,0,2420,0,0,0,0.0,0.559,nan,edge/x86_64,unknown,3.12.3,2026-10-09T18:41:14Z
126,ML-DSA-44,post-quantum,2,sign,0.0814,0.0,0.0,0.311,1312,2560,0,2420,512,0,0,0.0,1.2203,nan,edge/x86_64,unknown,3.12.3,2026-10-09T18:41:14Z
126,ML-DSA-44,post-quantum,2,verify,0.0345,0.0,0.0,0.311,1312,2560,0,2420,512,0,0,0.0,0.5176,nan,edge/x86_64,unknown,3.12.3,2026-10-09T18:41:14Z
127,ML-DSA-44,post-quantum,2,keygen,0.0367,0.0,0.0,0.311,1312,2560,0,2420,0,0,0,0.0,0.5505,nan,edge/x86_64,unknown,3.12.3,2026-10-09T18:41:14Z
127,ML-DSA-44,post-quantum,2,sign,0.074,0.0,0.0,0.311,1312,2560,0,2420,512,0,0,0.0,1.1107,nan,edge/x86_64,unknown,3.12.3,2026-10-09T18:41:14Z
127,ML-DSA-44,post-quantum,2,verify,0.0356,0.0,0.0,0.311,1312,2560,0,2420,512,0,0,0.0,0.5336,nan,edge/x86_64,unknown,3.12.3,2026-10-09T18:41:14Z
128,ML-DSA-44,post-quantum,2,keygen,0.0609,0.0,0.0,0.311,1312,2560,0,2420,0,0,0,0.0,0.9129,nan,edge/x86_64,unknown,3.12.3,2026-10-09T18:41:14Z
128,ML-DSA-44,post-quantum,2,sign,0.0558,0.0,0.0,0.311,1312,2560,0,2420,512,0,0,0.0,0.8377,nan,edge/x86_64,unknown,3.12.3,2026-10-09T18:41:14Z
128,ML-DSA-44,post-quantum,2,verify,0.0361,0.0,0.0,0.311,1312,2560,0,2420,512,0,0,0.0,0.5415,nan,edge/x86_64,unknown,3.12.3,2026-10-09T18:41:14Z
129,ML-DSA-44,post-quantum,2,keygen,0.0382,0.0,0.0,0.311,1312,2560,0,2420,0,0,0,0.0,0.5727,nan,edge/x86_64,unknown,3.12.3,2026-10-09T18:41:14Z
129,ML-DSA-44,post-quantum,2,sign,0.0845,0.0,0.0,0.311,1312,2560,0,2420,512,0,0,0.0,1.2669,nan,edge/x86_64,unknown,3.12.3,2026-10-09T18:41:14Z
129,ML-DSA-44,post-quantum,2,verify,0.0347,0.0,0.0,0.311,1312,2560,0,2420,512,0,0,0.0,0.5202,nan,edge/x86_64,unknown,3.12.3,2026-10-09T18:41:14Z
130,ML-DSA-44,post-quantum,2,keygen,0.0374,0.0,0.0,0.311,1312,2560,0,2420,0,0,0,0.0,0.561,nan,edge/x86_64,unknown,3.12.3,2026-10-09T18:41:14Z
130,ML-DSA-44,post-quantum,2,sign,0.1659,0.0,0.0,0.311,1312,2560,0,2420,512,0,0,0.0,2.4886,nan,edge/x86_64,unknown,3.12.3,2026-10-09T18:41:14Z
130,ML-DSA-44,post-quantum,2,verify,0.0405,0.0,0.0,0.311,1312,2560,0,2420,512,0,0,0.0,0.6068,nan,edge/x86_64,unknown,3.12.3,2026-10-09T18:41:14Z
131,ML-DSA-44,post-quantum,2,keygen,0.0408,0.0,0.0,0.311,1312,2560,0,2420,0,0,0,0.0,0.6121,nan,edge/x86_64,unknown,3.12.3,2026-10-09T18:41:14Z
131,ML-DSA-44,post-quantum,2,sign,0.0567,0.0,0.0,0.311,1312,2560,0,2420,512,0,0,0.0,0.8512,nan,edge/x86_64,unknown,3.12.3,2026-10-09T18:41:14Z
131,ML-DSA-44,post-quantum,2,verify,0.035,0.0,0.0,0.311,1312,2560,0,2420,512,0,0,0.0,0.5246,nan,edge/x86_64,unknown,3.12.3,2026-10-09T18:41:14Z
132,ML-DSA-44,post-quantum,2,keygen,0.0371,0.0,0.0,0.311,1312,2560,0,2420,0,0,0,0.0,0.5559,nan,edge/x86_64,unknown,3.12.3,2026-10-09T18:41:14Z
132,ML-DSA-44,post-quantum,2,sign,0.0746,0.0,0.0,0.311,1312,2560,0,2420,512,0,0,0.0,1.119,nan,edge/x86_64,unknown,3.12.3,2026-10-09T18:41:14Z
132,ML-DSA-44,post-quantum,2,verify,0.0347,0.0,0.0,0.311,1312,2560,0,2420,512,0,0,0.0,0.5207,nan,edge/x86_64,unknown,3.12.3,2026-10-09T18:41:14Z
133,ML-DSA-44,post-quantum,2,keygen,0.0374,0.0,0.0,0.311,1312,2560,0,2420,0,0,0,0.0,0.5608,nan,edge/x86_64,unknown,3.12.3,2026-10-09T18:41:14Z
133,ML-DSA-44,post-quantum,2,sign,0.0469,0.0,0.0,0.311,1312,2560,0,2420,512,0,0,0.0,0.704,nan,edge/x86_64,unknown,3.12.3,2026-10-09T18:41:14Z
133,ML-DSA-44,post-quantum,2,verify,0.035,0.0,0.0,0.311,1312,2560,0,2420,512,0,0,0.0,0.5257,nan,edge/x86_64,unknown,3.12.3,2026-10-09T18:41:14Z
134,ML-DSA-44,post-quantum,2,keygen,0.0371,0.0,0.0,0.311,1312,2560,0,2420,0,0,0,0.0,0.5571,nan,edge/x86_64,unknown,3.12.3,2026-10-09T18:41:14Z
134,ML-DSA-44,post-quantum,2,sign,0.1146,0.0,0.0,0.311,1312,2560,0,2420,512,0,0,0.0,1.7195,nan,edge/x86_64,unknown,3.12.3,2026-10-09T18:41:14Z
134,ML-DSA-44,post-quantum,2,verify,0.0343,0.0,0.0,0.311,1312,2560,0,2420,512,0,0,0.0,0.5144,nan,edge/x86_64,unknown,3.12.3,2026-10-09T18:41:14Z
135,ML-DSA-44,post-quantum,2,keygen,0.037,0.0,0.0,0.311,1312,2560,0,2420,0,0,0,0.0,0.5546,nan,edge/x86_64,unknown,3.12.3,2026-10-09T18:41:14Z
135,ML-DSA-44,post-quantum,2,sign,0.0777,0.0,0.0,0.311,1312,2560,0,2420,512,0,0,0.0,1.165,nan,edge/x86_64,unknown,3.12.3,2026-10-09T18:41:14Z
135,ML-DSA-44,post-quantum,2,verify,0.0343,0.0,0.0,0.311,1312,2560,0,2420,512,0,0,0.0,0.5143,nan,edge/x86_64,unknown,3.12.3,2026-10-09T18:41:14Z
136,ML-DSA-44,post-quantum,2,keygen,0.0368,0.0,0.0,0.311,1312,2560,0,2420,0,0,0,0.0,0.5516,nan,edge/x86_64,unknown,3.12.3,2026-10-09T18:41:14Z
136,ML-DSA-44,post-quantum,2,sign,0.0892,0.0,0.0,0.311,1312,2560,0,2420,512,0,0,0.0,1.3374,nan,edge/x86_64,unknown,3.12.3,2026-10-09T18:41:14Z
136,ML-DSA-44,post-quantum,2,verify,0.0349,0.0,0.0,0.311,1312,2560,0,2420,512,0,0,0.0,0.5228,nan,edge/x86_64,unknown,3.12.3,2026-10-09T18:41:14Z
137,ML-DSA-44,post-quantum,2,keygen,0.0379,0.0,0.0,0.311,1312,2560,0,2420,0,0,0,0.0,0.5681,nan,edge/x86_64,unknown,3.12.3,2026-10-09T18:41:14Z
137,ML-DSA-44,post-quantum,2,sign,0.0998,0.0,0.0,0.311,1312,2560,0,2420,512,0,0,0.0,1.4966,nan,edge/x86_64,unknown,3.12.3,2026-10-09T18:41:14Z
137,ML-DSA-44,post-quantum,2,verify,0.0345,0.0,0.0,0.311,1312,2560,0,2420,512,0,0,0.0,0.5179,nan,edge/x86_64,unknown,3.12.3,2026-10-09T18:41:14Z
138,ML-DSA-44,post-quantum,2,keygen,0.0364,0.0,0.0,0.311,1312,2560,0,2420,0,0,0,0.0,0.546,nan,edge/x86_64,unknown,3.12.3,2026-10-09T18:41:14Z
138,ML-DSA-44,post-quantum,2,sign,0.0721,0.0,0.0,0.311,1312,2560,0,2420,512,0,0,0.0,1.0817,nan,edge/x86_64,unknown,3.12.3,2026-10-09T18:41:14Z
138,ML-DSA-44,post-quantum,2,verify,0.034,0.0,0.0,0.311,1312,2560,0,2420,512,0,0,0.0,0.51,nan,edge/x86_64,unknown,3.12.3,2026-10-09T18:41:14Z
139,ML-DSA-44,post-quantum,2,keygen,0.0376,0.0,0.0,0.311,1312,2560,0,2420,0,0,0,0.0,0.564,nan,edge/x86_64,unknown,3.12.3,2026-10-09T18:41:14Z
139,ML-DSA-44,post-quantum,2,sign,0.0869,0.0,0.0,0.311,1312,2560,0,2420,512,0,0,0.0,1.3037,nan,edge/x86_64,unknown,3.12.3,2026-10-09T18:41:14Z
139,ML-DSA-44,post-quantum,2,verify,0.0499,0.0,0.0,0.311,1312,2560,0,2420,512,0,0,0.0,0.748,nan,edge/x86_64,unknown,3.12.3,2026-10-09T18:41:14Z
140,ML-DSA-44,post-quantum,2,keygen,0.0418,0.0,0.0,0.311,1312,2560,0,2420,0,0,0,0.0,0.6273,nan,edge/x86_64,unknown,3.12.3,2026-10-09T18:41:14Z
140,ML-DSA-44,post-quantum,2,sign,0.1279,0.0,0.0,0.311,1312,2560,0,2420,512,0,0,0.0,1.9185,nan,edge/x86_64,unknown,3.12.3,2026-10-09T18:41:14Z
140,ML-DSA-44,post-quantum,2,verify,0.0353,0.0,0.0,0.311,1312,2560,0,2420,512,0,0,0.0,0.5299,nan,edge/x86_64,unknown,3.12.3,2026-10-09T18:41:14Z
141,ML-DSA-44,post-quantum,2,keygen,0.0378,0.0,0.0,0.311,1312,2560,0,2420,0,0,0,0.0,0.5664,nan,edge/x86_64,unknown,3.12.3,2026-10-09T18:41:14Z
141,ML-DSA-44,post-quantum,2,sign,0.0483,0.0,0.0,0.311,1312,2560,0,2420,512,0,0,0.0,0.7243,nan,edge/x86_64,unknown,3.12.3,2026-10-09T18:41:14Z
141,ML-DSA-44,post-quantum,2,verify,0.0346,0.0,0.0,0.311,1312,2560,0,2420,512,0,0,0.0,0.5192,nan,edge/x86_64,unknown,3.12.3,2026-10-09T18:41:14Z
142,ML-DSA-44,post-quantum,2,keygen,0.0374,0.0,0.0,0.311,1312,2560,0,2420,0,0,0,0.0,0.5616,nan,edge/x86_64,unknown,3.12.3,2026-10-09T18:41:14Z
142,ML-DSA-44,post-quantum,2,sign,0.0679,0.0,0.0,0.311,1312,2560,0,2420,512,0,0,0.0,1.0187,nan,edge/x86_64,unknown,3.12.3,2026-10-09T18:41:14Z
142,ML-DSA-44,post-quantum,2,verify,0.035,0.0,0.0,0.311,1312,2560,0,2420,512,0,0,0.0,0.5249,nan,edge/x86_64,unknown,3.12.3,2026-10-09T18:41:14Z
143,ML-DSA-44,post-quantum,2,keygen,0.037,0.0,0.0,0.311,1312,2560,0,2420,0,0,0,0.0,0.5549,nan,edge/x86_64,unknown,3.12.3,2026-10-09T18:41:14Z
143,ML-DSA-44,post-quantum,2,sign,0.0635,0.0,0.0,0.311,1312,2560,0,2420,512,0,0,0.0,0.952,nan,edge/x86_64,unknown,3.12.3,2026-10-09T18:41:14Z
143,ML-DSA-44,post-quantum,2,verify,0.0347,0.0,0.0,0.311,1312,2560,0,2420,512,0,0,0.0,0.5211,nan,edge/x86_64,unknown,3.12.3,2026-10-09T18:41:14Z
144,ML-DSA-44,post-quantum,2,keygen,0.0372,0.0,0.0,0.311,1312,2560,0,2420,0,0,0,0.0,0.5582,nan,edge/x86_64,unknown,3.12.3,2026-10-09T18:41:14Z
144,ML-DSA-44,post-quantum,2,sign,0.0564,0.0,0.0,0.311,1312,2560,0,2420,512,0,0,0.0,0.8464,nan,edge/x86_64,unknown,3.12.3,2026-10-09T18:41:14Z
144,ML-DSA-44,post-quantum,2,verify,0.0345,0.0,0.0,0.311,1312,2560,0,2420,512,0,0,0.0,0.517,nan,edge/x86_64,unknown,3.12.3,2026-10-09T18:41:14Z
145,ML-DSA-44,post-quantum,2,keygen,0.0372,0.0,0.0,0.311,1312,2560,0,2420,0,0,0,0.0,0.5574,nan,edge/x86_64,unknown,3.12.3,2026-10-09T18:41:14Z
145,ML-DSA-44,post-quantum,2,sign,0.0645,0.0,0.0,0.311,1312,2560,0,2420,512,0,0,0.0,0.9674,nan,edge/x86_64,unknown,3.12.3,2026-10-09T18:41:14Z
145,ML-DSA-44,post-quantum,2,verify,0.0352,0.0,0.0,0.311,1312,2560,0,2420,512,0,0,0.0,0.5284,nan,edge/x86_64,unknown,3.12.3,2026-10-09T18:41:14Z
146,ML-DSA-44,post-quantum,2,keygen,0.0377,0.0,0.0,0.311,1312,2560,0,2420,0,0,0,0.0,0.5662,nan,edge/x86_64,unknown,3.12.3,2026-10-09T18:41:14Z
146,ML-DSA-44,post-quantum,2,sign,0.0527,0.0,0.0,0.311,1312,2560,0,2420,512,0,0,0.0,0.7904,nan,edge/x86_64,unknown,3.12.3,2026-10-09T18:41:14Z
146,ML-DSA-44,post-quantum,2,verify,0.0346,0.0,0.0,0.311,1312,2560,0,2420,512,0,0,0.0,0.5185,nan,edge/x86_64,unknown,3.12.3,2026-10-09T18:41:14Z
147,ML-DSA-44,post-quantum,2,keygen,0.0375,0.0,0.0,0.311,1312,2560,0,2420,0,0,0,0.0,0.563,nan,edge/x86_64,unknown,3.12.3,2026-10-09T18:41:14Z
147,ML-DSA-44,post-quantum,2,sign,0.1057,0.0,0.0,0.311,1312,2560,0,2420,512,0,0,0.0,1.5848,nan,edge/x86_64,unknown,3.12.3,2026-10-09T18:41:14Z
147,ML-DSA-44,post-quantum,2,verify,0.0345,0.0,0.0,0.311,1312,2560,0,2420,512,0,0,0.0,0.5174,nan,edge/x86_64,unknown,3.12.3,2026-10-09T18:41:14Z
148,ML-DSA-44,post-quantum,2,keygen,0.037,0.0,0.0,0.311,1312,2560,0,2420,0,0,0,0.0,0.5556,nan,edge/x86_64,unknown,3.12.3,2026-10-09T18:41:14Z
148,ML-DSA-44,post-quantum,2,sign,0.0771,0.0,0.0,0.311,1312,2560,0,2420,512,0,0,0.0,1.1559,nan,edge/x86_64,unknown,3.12.3,2026-10-09T18:41:14Z
148,ML-DSA-44,post-quantum,2,verify,0.035,0.0,0.0,0.311,1312,2560,0,2420,512,0,0,0.0,0.5255,nan,edge/x86_64,unknown,3.12.3,2026-10-09T18:41:14Z
149,ML-DSA-44,post-quantum,2,keygen,0.0374,0.0,0.0,0.311,1312,2560,0,2420,0,0,0,0.0,0.5611,nan,edge/x86_64,unknown,3.12.3,2026-10-09T18:41:14Z
149,ML-DSA-44,post-quantum,2,sign,0.0481,0.0,0.0,0.311,1312,2560,0,2420,512,0,0,0.0,0.7214,nan,edge/x86_64,unknown,3.12.3,2026-10-09T18:41:14Z
149,ML-DSA-44,post-quantum,2,verify,0.0355,0.0,0.0,0.311,1312,2560,0,2420,512,0,0,0.0,0.5328,nan,edge/x86_64,unknown,3.12.3,2026-10-09T18:41:14Z
150,ML-DSA-44,post-quantum,2,keygen,0.0374,0.0,0.0,0.311,1312,2560,0,2420,0,0,0,0.0,0.5604,nan,edge/x86_64,unknown,3.12.3,2026-10-09T18:41:14Z
150,ML-DSA-44,post-quantum,2,sign,0.0558,0.0,0.0,0.311,1312,2560,0,2420,512,0,0,0.0,0.8372,nan,edge/x86_64,unknown,3.12.3,2026-10-09T18:41:14Z
150,ML-DSA-44,post-quantum,2,verify,0.0344,0.0,0.0,0.311,1312,2560,0,2420,512,0,0,0.0,0.5163,nan,edge/x86_64,unknown,3.12.3,2026-10-09T18:41:14Z
151,ML-DSA-44,post-quantum,2,keygen,0.0374,0.0,0.0,0.311,1312,2560,0,2420,0,0,0,0.0,0.5617,nan,edge/x86_64,unknown,3.12.3,2026-10-09T18:41:14Z
151,ML-DSA-44,post-quantum,2,sign,0.0484,0.0,0.0,0.311,1312,2560,0,2420,512,0,0,0.0,0.7265,nan,edge/x86_64,unknown,3.12.3,2026-10-09T18:41:14Z
151,ML-DSA-44,post-quantum,2,verify,0.0366,0.0,0.0,0.311,1312,2560,0,2420,512,0,0,0.0,0.5496,nan,edge/x86_64,unknown,3.12.3,2026-10-09T18:41:14Z
152,ML-DSA-44,post-quantum,2,keygen,0.0577,0.0,0.0,0.311,1312,2560,0,2420,0,0,0,0.0,0.8649,nan,edge/x86_64,unknown,3.12.3,2026-10-09T18:41:14Z
152,ML-DSA-44,post-quantum,2,sign,0.0631,0.0,0.0,0.311,1312,2560,0,2420,512,0,0,0.0,0.9466,nan,edge/x86_64,unknown,3.12.3,2026-10-09T18:41:14Z
152,ML-DSA-44,post-quantum,2,verify,0.0363,0.0,0.0,0.311,1312,2560,0,2420,512,0,0,0.0,0.5449,nan,edge/x86_64,unknown,3.12.3,2026-10-09T18:41:14Z
153,ML-DSA-44,post-quantum,2,keygen,0.0387,0.0,0.0,0.311,1312,2560,0,2420,0,0,0,0.0,0.5802,nan,edge/x86_64,unknown,3.12.3,2026-10-09T18:41:14Z
153,ML-DSA-44,post-quantum,2,sign,0.0482,0.0,0.0,0.311,1312,2560,0,2420,512,0,0,0.0,0.7229,nan,edge/x86_64,unknown,3.12.3,2026-10-09T18:41:14Z
153,ML-DSA-44,post-quantum,2,verify,0.0345,0.0,0.0,0.311,1312,2560,0,2420,512,0,0,0.0,0.5182,nan,edge/x86_64,unknown,3.12.3,2026-10-09T18:41:14Z
154,ML-DSA-44,post-quantum,2,keygen,0.0372,0.0,0.0,0.311,1312,2560,0,2420,0,0,0,0.0,0.5577,nan,edge/x86_64,unknown,3.12.3,2026-10-09T18:41:14Z
154,ML-DSA-44,post-quantum,2,sign,0.1017,0.0,0.0,0.311,1312,2560,0,2420,512,0,0,0.0,1.5251,nan,edge/x86_64,unknown,3.12.3,2026-10-09T18:41:14Z
154,ML-DSA-44,post-quantum,2,verify,0.0345,0.0,0.0,0.311,1312,2560,0,2420,512,0,0,0.0,0.5181,nan,edge/x86_64,unknown,3.12.3,2026-10-09T18:41:14Z
155,ML-DSA-44,post-quantum,2,keygen,0.0516,0.0,0.0,0.311,1312,2560,0,2420,0,0,0,0.0,0.7747,nan,edge/x86_64,unknown,3.12.3,2026-10-09T18:41:14Z
155,ML-DSA-44,post-quantum,2,sign,0.1455,0.0,0.0,0.311,1312,2560,0,2420,512,0,0,0.0,2.1822,nan,edge/x86_64,unknown,3.12.3,2026-10-09T18:41:14Z
155,ML-DSA-44,post-quantum,2,verify,0.0346,0.0,0.0,0.311,1312,2560,0,2420,512,0,0,0.0,0.5184,nan,edge/x86_64,unknown,3.12.3,2026-10-09T18:41:14Z
156,ML-DSA-44,post-quantum,2,keygen,0.0373,0.0,0.0,0.311,1312,2560,0,2420,0,0,0,0.0,0.5592,nan,edge/x86_64,unknown,3.12.3,2026-10-09T18:41:14Z
156,ML-DSA-44,post-quantum,2,sign,0.0825,0.0,0.0,0.311,1312,2560,0,2420,512,0,0,0.0,1.2368,nan,edge/x86_64,unknown,3.12.3,2026-10-09T18:41:14Z
156,ML-DSA-44,post-quantum,2,verify,0.0342,0.0,0.0,0.311,1312,2560,0,2420,512,0,0,0.0,0.5131,nan,edge/x86_64,unknown,3.12.3,2026-10-09T18:41:14Z
157,ML-DSA-44,post-quantum,2,keygen,0.0366,0.0,0.0,0.311,1312,2560,0,2420,0,0,0,0.0,0.5497,nan,edge/x86_64,unknown,3.12.3,2026-10-09T18:41:14Z
157,ML-DSA-44,post-quantum,2,sign,0.0552,0.0,0.0,0.311,1312,2560,0,2420,512,0,0,0.0,0.8282,nan,edge/x86_64,unknown,3.12.3,2026-10-09T18:41:14Z
157,ML-DSA-44,post-quantum,2,verify,0.0357,0.0,0.0,0.311,1312,2560,0,2420,512,0,0,0.0,0.535,nan,edge/x86_64,unknown,3.12.3,2026-10-09T18:41:14Z
158,ML-DSA-44,post-quantum,2,keygen,0.0371,0.0,0.0,0.311,1312,2560,0,2420,0,0,0,0.0,0.5563,nan,edge/x86_64,unknown,3.12.3,2026-10-09T18:41:14Z
158,ML-DSA-44,post-quantum,2,sign,0.0739,0.0,0.0,0.311,1312,2560,0,2420,512,0,0,0.0,1.1079,nan,edge/x86_64,unknown,3.12.3,2026-10-09T18:41:14Z
158,ML-DSA-44,post-quantum,2,verify,0.0348,0.0,0.0,0.311,1312,2560,0,2420,512,0,0,0.0,0.5217,nan,edge/x86_64,unknown,3.12.3,2026-10-09T18:41:14Z
159,ML-DSA-44,post-quantum,2,keygen,0.0407,0.0,0.0,0.311,1312,2560,0,2420,0,0,0,0.0,0.6105,nan,edge/x86_64,unknown,3.12.3,2026-10-09T18:41:14Z
159,ML-DSA-44,post-quantum,2,sign,0.1476,0.0,0.0,0.311,1312,2560,0,2420,512,0,0,0.0,2.214,nan,edge/x86_64,unknown,3.12.3,2026-10-09T18:41:14Z
159,ML-DSA-44,post-quantum,2,verify,0.0352,0.0,0.0,0.311,1312,2560,0,2420,512,0,0,0.0,0.5282,nan,edge/x86_64,unknown,3.12.3,2026-10-09T18:41:14Z
160,ML-DSA-44,post-quantum,2,keygen,0.0392,0.0,0.0,0.311,1312,2560,0,2420,0,0,0,0.0,0.5874,nan,edge/x86_64,unknown,3.12.3,2026-10-09T18:41:14Z
160,ML-DSA-44,post-quantum,2,sign,0.0918,0.0,0.0,0.311,1312,2560,0,2420,512,0,0,0.0,1.3765,nan,edge/x86_64,unknown,3.12.3,2026-10-09T18:41:14Z
160,ML-DSA-44,post-quantum,2,verify,0.0377,0.0,0.0,0.311,1312,2560,0,2420,512,0,0,0.0,0.566,nan,edge/x86_64,unknown,3.12.3,2026-10-09T18:41:14Z
161,ML-DSA-44,post-quantum,2,keygen,0.0375,0.0,0.0,0.311,1312,2560,0,2420,0,0,0,0.0,0.5629,nan,edge/x86_64,unknown,3.12.3,2026-10-09T18:41:14Z
161,ML-DSA-44,post-quantum,2,sign,0.047,0.0,0.0,0.311,1312,2560,0,2420,512,0,0,0.0,0.7053,nan,edge/x86_64,unknown,3.12.3,2026-10-09T18:41:14Z
161,ML-DSA-44,post-quantum,2,verify,0.0341,0.0,0.0,0.311,1312,2560,0,2420,512,0,0,0.0,0.5121,nan,edge/x86_64,unknown,3.12.3,2026-10-09T18:41:14Z
162,ML-DSA-44,post-quantum,2,keygen,0.0365,0.0,0.0,0.311,1312,2560,0,2420,0,0,0,0.0,0.5478,nan,edge/x86_64,unknown,3.12.3,2026-10-09T18:41:14Z
162,ML-DSA-44,post-quantum,2,sign,0.1006,0.0,0.0,0.311,1312,2560,0,2420,512,0,0,0.0,1.509,nan,edge/x86_64,unknown,3.12.3,2026-10-09T18:41:14Z
162,ML-DSA-44,post-quantum,2,verify,0.0345,0.0,0.0,0.311,1312,2560,0,2420,512,0,0,0.0,0.5169,nan,edge/x86_64,unknown,3.12.3,2026-10-09T18:41:14Z
163,ML-DSA-44,post-quantum,2,keygen,0.0371,0.0,0.0,0.311,1312,2560,0,2420,0,0,0,0.0,0.5559,nan,edge/x86_64,unknown,3.12.3,2026-10-09T18:41:14Z
163,ML-DSA-44,post-quantum,2,sign,0.0964,0.0,0.0,0.311,1312,2560,0,2420,512,0,0,0.0,1.4455,nan,edge/x86_64,unknown,3.12.3,2026-10-09T18:41:14Z
163,ML-DSA-44,post-quantum,2,verify,0.0502,0.0,0.0,0.311,1312,2560,0,2420,512,0,0,0.0,0.753,nan,edge/x86_64,unknown,3.12.3,2026-10-09T18:41:14Z
164,ML-DSA-44,post-quantum,2,keygen,0.0405,0.0,0.0,0.311,1312,2560,0,2420,0,0,0,0.0,0.6071,nan,edge/x86_64,unknown,3.12.3,2026-10-09T18:41:14Z
164,ML-DSA-44,post-quantum,2,sign,0.0482,0.0,0.0,0.311,1312,2560,0,2420,512,0,0,0.0,0.7232,nan,edge/x86_64,unknown,3.12.3,2026-10-09T18:41:14Z
164,ML-DSA-44,post-quantum,2,verify,0.035,0.0,0.0,0.311,1312,2560,0,2420,512,0,0,0.0,0.5249,nan,edge/x86_64,unknown,3.12.3,2026-10-09T18:41:14Z
165,ML-DSA-44,post-quantum,2,keygen,0.0376,0.0,0.0,0.311,1312,2560,0,2420,0,0,0,0.0,0.5636,nan,edge/x86_64,unknown,3.12.3,2026-10-09T18:41:14Z
165,ML-DSA-44,post-quantum,2,sign,0.174,0.0,0.0,0.311,1312,2560,0,2420,512,0,0,0.0,2.61,nan,edge/x86_64,unknown,3.12.3,2026-10-09T18:41:14Z
165,ML-DSA-44,post-quantum,2,verify,0.0539,0.0,0.0,0.311,1312,2560,0,2420,512,0,0,0.0,0.8086,nan,edge/x86_64,unknown,3.12.3,2026-10-09T18:41:14Z
166,ML-DSA-44,post-quantum,2,keygen,0.0383,0.0,0.0,0.311,1312,2560,0,2420,0,0,0,0.0,0.5748,nan,edge/x86_64,unknown,3.12.3,2026-10-09T18:41:14Z
166,ML-DSA-44,post-quantum,2,sign,0.0571,0.0,0.0,0.311,1312,2560,0,2420,512,0,0,0.0,0.8559,nan,edge/x86_64,unknown,3.12.3,2026-10-09T18:41:14Z
166,ML-DSA-44,post-quantum,2,verify,0.0343,0.0,0.0,0.311,1312,2560,0,2420,512,0,0,0.0,0.5145,nan,edge/x86_64,unknown,3.12.3,2026-10-09T18:41:14Z
167,ML-DSA-44,post-quantum,2,keygen,0.0375,0.0,0.0,0.311,1312,2560,0,2420,0,0,0,0.0,0.5621,nan,edge/x86_64,unknown,3.12.3,2026-10-09T18:41:14Z
167,ML-DSA-44,post-quantum,2,sign,0.0547,0.0,0.0,0.311,1312,2560,0,2420,512,0,0,0.0,0.8199,nan,edge/x86_64,unknown,3.12.3,2026-10-09T18:41:14Z
167,ML-DSA-44,post-quantum,2,verify,0.0344,0.0,0.0,0.311,1312,2560,0,2420,512,0,0,0.0,0.5153,nan,edge/x86_64,unknown,3.12.3,2026-10-09T18:41:14Z
168,ML-DSA-44,post-quantum,2,keygen,0.0376,0.0,0.0,0.311,1312,2560,0,2420,0,0,0,0.0,0.5645,nan,edge/x86_64,unknown,3.12.3,2026-10-09T18:41:14Z
168,ML-DSA-44,post-quantum,2,sign,0.0473,0.0,0.0,0.311,1312,2560,0,2420,512,0,0,0.0,0.7101,nan,edge/x86_64,unknown,3.12.3,2026-10-09T18:41:14Z
168,ML-DSA-44,post-quantum,2,verify,0.0347,0.0,0.0,0.311,1312,2560,0,2420,512,0,0,0.0,0.5203,nan,edge/x86_64,unknown,3.12.3,2026-10-09T18:41:14Z
169,ML-DSA-44,post-quantum,2,keygen,0.0377,0.0,0.0,0.311,1312,2560,0,2420,0,0,0,0.0,0.5652,nan,edge/x86_64,unknown,3.12.3,2026-10-09T18:41:14Z
169,ML-DSA-44,post-quantum,2,sign,0.0561,0.0,0.0,0.311,1312,2560,0,2420,512,0,0,0.0,0.8421,nan,edge/x86_64,unknown,3.12.3,2026-10-09T18:41:14Z
169,ML-DSA-44,post-quantum,2,verify,0.0355,0.0,0.0,0.311,1312,2560,0,2420,512,0,0,0.0,0.5331,nan,edge/x86_64,unknown,3.12.3,2026-10-09T18:41:14Z
170,ML-DSA-44,post-quantum,2,keygen,0.0373,0.0,0.0,0.311,1312,2560,0,2420,0,0,0,0.0,0.5592,nan,edge/x86_64,unknown,3.12.3,2026-10-09T18:41:14Z
170,ML-DSA-44,post-quantum,2,sign,0.0957,0.0,0.0,0.311,1312,2560,0,2420,512,0,0,0.0,1.435,nan,edge/x86_64,unknown,3.12.3,2026-10-09T18:41:14Z
170,ML-DSA-44,post-quantum,2,verify,0.0344,0.0,0.0,0.311,1312,2560,0,2420,512,0,0,0.0,0.5166,nan,edge/x86_64,unknown,3.12.3,2026-10-09T18:41:14Z
171,ML-DSA-44,post-quantum,2,keygen,0.0373,0.0,0.0,0.311,1312,2560,0,2420,0,0,0,0.0,0.5597,nan,edge/x86_64,unknown,3.12.3,2026-10-09T18:41:14Z
171,ML-DSA-44,post-quantum,2,sign,0.1015,0.0,0.0,0.311,1312,2560,0,2420,512,0,0,0.0,1.523,nan,edge/x86_64,unknown,3.12.3,2026-10-09T18:41:14Z
171,ML-DSA-44,post-quantum,2,verify,0.0347,0.0,0.0,0.311,1312,2560,0,2420,512,0,0,0.0,0.5204,nan,edge/x86_64,unknown,3.12.3,2026-10-09T18:41:14Z
172,ML-DSA-44,post-quantum,2,keygen,0.0811,0.0,0.0,0.311,1312,2560,0,2420,0,0,0,0.0,1.2162,nan,edge/x86_64,unknown,3.12.3,2026-10-09T18:41:14Z
172,ML-DSA-44,post-quantum,2,sign,0.0571,0.0,0.0,0.311,1312,2560,0,2420,512,0,0,0.0,0.8563,nan,edge/x86_64,unknown,3.12.3,2026-10-09T18:41:14Z
172,ML-DSA-44,post-quantum,2,verify,0.0345,0.0,0.0,0.311,1312,2560,0,2420,512,0,0,0.0,0.5169,nan,edge/x86_64,unknown,3.12.3,2026-10-09T18:41:14Z
173,ML-DSA-44,post-quantum,2,keygen,0.0372,0.0,0.0,0.311,1312,2560,0,2420,0,0,0,0.0,0.5584,nan,edge/x86_64,unknown,3.12.3,2026-10-09T18:41:14Z
173,ML-DSA-44,post-quantum,2,sign,0.0555,0.0,0.0,0.311,1312,2560,0,2420,512,0,0,0.0,0.8332,nan,edge/x86_64,unknown,3.12.3,2026-10-09T18:41:14Z
173,ML-DSA-44,post-quantum,2,verify,0.0343,0.0,0.0,0.311,1312,2560,0,2420,512,0,0,0.0,0.5152,nan,edge/x86_64,unknown,3.12.3,2026-10-09T18:41:14Z
174,ML-DSA-44,post-quantum,2,keygen,0.0368,0.0,0.0,0.311,1312,2560,0,2420,0,0,0,0.0,0.5519,nan,edge/x86_64,unknown,3.12.3,2026-10-09T18:41:14Z
174,ML-DSA-44,post-quantum,2,sign,0.0508,0.0,0.0,0.311,1312,2560,0,2420,512,0,0,0.0,0.7623,nan,edge/x86_64,unknown,3.12.3,2026-10-09T18:41:14Z
174,ML-DSA-44,post-quantum,2,verify,0.0343,0.0,0.0,0.311,1312,2560,0,2420,512,0,0,0.0,0.5145,nan,edge/x86_64,unknown,3.12.3,2026-10-09T18:41:14Z
175,ML-DSA-44,post-quantum,2,keygen,0.0371,0.0,0.0,0.311,1312,2560,0,2420,0,0,0,0.0,0.557,nan,edge/x86_64,unknown,3.12.3,2026-10-09T18:41:14Z
175,ML-DSA-44,post-quantum,2,sign,0.1179,0.0,0.0,0.311,1312,2560,0,2420,512,0,0,0.0,1.7691,nan,edge/x86_64,unknown,3.12.3,2026-10-09T18:41:14Z
175,ML-DSA-44,post-quantum,2,verify,0.0397,0.0,0.0,0.311,1312,2560,0,2420,512,0,0,0.0,0.596,nan,edge/x86_64,unknown,3.12.3,2026-10-09T18:41:14Z
176,ML-DSA-44,post-quantum,2,keygen,0.0409,0.0,0.0,0.311,1312,2560,0,2420,0,0,0,0.0,0.6141,nan,edge/x86_64,unknown,3.12.3,2026-10-09T18:41:14Z
176,ML-DSA-44,post-quantum,2,sign,0.0657,0.0,0.0,0.311,1312,2560,0,2420,512,0,0,0.0,0.9858,nan,edge/x86_64,unknown,3.12.3,2026-10-09T18:41:14Z
176,ML-DSA-44,post-quantum,2,verify,0.0352,0.0,0.0,0.311,1312,2560,0,2420,512,0,0,0.0,0.5284,nan,edge/x86_64,unknown,3.12.3,2026-10-09T18:41:14Z
177,ML-DSA-44,post-quantum,2,keygen,0.0376,0.0,0.0,0.311,1312,2560,0,2420,0,0,0,0.0,0.5642,nan,edge/x86_64,unknown,3.12.3,2026-10-09T18:41:14Z
177,ML-DSA-44,post-quantum,2,sign,0.0478,0.0,0.0,0.311,1312,2560,0,2420,512,0,0,0.0,0.717,nan,edge/x86_64,unknown,3.12.3,2026-10-09T18:41:14Z
177,ML-DSA-44,post-quantum,2,verify,0.0351,0.0,0.0,0.311,1312,2560,0,2420,512,0,0,0.0,0.5266,nan,edge/x86_64,unknown,3.12.3,2026-10-09T18:41:14Z
178,ML-DSA-44,post-quantum,2,keygen,0.0379,0.0,0.0,0.311,1312,2560,0,2420,0,0,0,0.0,0.568,nan,edge/x86_64,unknown,3.12.3,2026-10-09T18:41:14Z
178,ML-DSA-44,post-quantum,2,sign,0.0842,0.0,0.0,0.311,1312,2560,0,2420,512,0,0,0.0,1.2637,nan,edge/x86_64,unknown,3.12.3,2026-10-09T18:41:14Z
178,ML-DSA-44,post-quantum,2,verify,0.0352,0.0,0.0,0.311,1312,2560,0,2420,512,0,0,0.0,0.528,nan,edge/x86_64,unknown,3.12.3,2026-10-09T18:41:14Z
179,ML-DSA-44,post-quantum,2,keygen,0.0372,0.0,0.0,0.311,1312,2560,0,2420,0,0,0,0.0,0.5584,nan,edge/x86_64,unknown,3.12.3,2026-10-09T18:41:14Z
179,ML-DSA-44,post-quantum,2,sign,0.0485,0.0,0.0,0.311,1312,2560,0,2420,512,0,0,0.0,0.7278,nan,edge/x86_64,unknown,3.12.3,2026-10-09T18:41:14Z
179,ML-DSA-44,post-quantum,2,verify,0.0345,0.0,0.0,0.311,1312,2560,0,2420,512,0,0,0.0,0.5169,nan,edge/x86_64,unknown,3.12.3,2026-10-09T18:41:14Z
180,ML-DSA-44,post-quantum,2,keygen,0.0369,0.0,0.0,0.311,1312,2560,0,2420,0,0,0,0.0,0.553,nan,edge/x86_64,unknown,3.12.3,2026-10-09T18:41:14Z
180,ML-DSA-44,post-quantum,2,sign,0.0671,0.0,0.0,0.311,1312,2560,0,2420,512,0,0,0.0,1.0059,nan,edge/x86_64,unknown,3.12.3,2026-10-09T18:41:14Z
180,ML-DSA-44,post-quantum,2,verify,0.0343,0.0,0.0,0.311,1312,2560,0,2420,512,0,0,0.0,0.5147,nan,edge/x86_64,unknown,3.12.3,2026-10-09T18:41:14Z
181,ML-DSA-44,post-quantum,2,keygen,0.0371,0.0,0.0,0.311,1312,2560,0,2420,0,0,0,0.0,0.5565,nan,edge/x86_64,unknown,3.12.3,2026-10-09T18:41:14Z
181,ML-DSA-44,post-quantum,2,sign,0.0469,0.0,0.0,0.311,1312,2560,0,2420,512,0,0,0.0,0.7029,nan,edge/x86_64,unknown,3.12.3,2026-10-09T18:41:14Z
181,ML-DSA-44,post-quantum,2,verify,0.0348,0.0,0.0,0.311,1312,2560,0,2420,512,0,0,0.0,0.5223,nan,edge/x86_64,unknown,3.12.3,2026-10-09T18:41:14Z
182,ML-DSA-44,post-quantum,2,keygen,0.0374,0.0,0.0,0.311,1312,2560,0,2420,0,0,0,0.0,0.5604,nan,edge/x86_64,unknown,3.12.3,2026-10-09T18:41:14Z
182,ML-DSA-44,post-quantum,2,sign,0.087,0.0,0.0,0.311,1312,2560,0,2420,512,0,0,0.0,1.3048,nan,edge/x86_64,unknown,3.12.3,2026-10-09T18:41:14Z
182,ML-DSA-44,post-quantum,2,verify,0.0342,0.0,0.0,0.311,1312,2560,0,2420,512,0,0,0.0,0.5126,nan,edge/x86_64,unknown,3.12.3,2026-10-09T18:41:14Z
183,ML-DSA-44,post-quantum,2,keygen,0.037,0.0,0.0,0.311,1312,2560,0,2420,0,0,0,0.0,0.5549,nan,edge/x86_64,unknown,3.12.3,2026-10-09T18:41:14Z
183,ML-DSA-44,post-quantum,2,sign,0.0933,0.0,0.0,0.311,1312,2560,0,2420,512,0,0,0.0,1.3988,nan,edge/x86_64,unknown,3.12.3,2026-10-09T18:41:14Z
183,ML-DSA-44,post-quantum,2,verify,0.0341,0.0,0.0,0.311,1312,2560,0,2420,512,0,0,0.0,0.5114,nan,edge/x86_64,unknown,3.12.3,2026-10-09T18:41:14Z
184,ML-DSA-44,post-quantum,2,keygen,0.0371,0.0,0.0,0.311,1312,2560,0,2420,0,0,0,0.0,0.5564,nan,edge/x86_64,unknown,3.12.3,2026-10-09T18:41:14Z
184,ML-DSA-44,post-quantum,2,sign,0.1108,0.0,0.0,0.311,1312,2560,0,2420,512,0,0,0.0,1.6617,nan,edge/x86_64,unknown,3.12.3,2026-10-09T18:41:14Z
184,ML-DSA-44,post-quantum,2,verify,0.0373,0.0,0.0,0.311,1312,2560,0,2420,512,0,0,0.0,0.5592,nan,edge/x86_64,unknown,3.12.3,2026-10-09T18:41:14Z
185,ML-DSA-44,post-quantum,2,keygen,0.0392,0.0,0.0,0.311,1312,2560,0,2420,0,0,0,0.0,0.5877,nan,edge/x86_64,unknown,3.12.3,2026-10-09T18:41:14Z
185,ML-DSA-44,post-quantum,2,sign,0.0664,0.0,0.0,0.311,1312,2560,0,2420,512,0,0,0.0,0.9965,nan,edge/x86_64,unknown,3.12.3,2026-10-09T18:41:14Z
185,ML-DSA-44,post-quantum,2,verify,0.0346,0.0,0.0,0.311,1312,2560,0,2420,512,0,0,0.0,0.5196,nan,edge/x86_64,unknown,3.12.3,2026-10-09T18:41:14Z
186,ML-DSA-44,post-quantum,2,keygen,0.0382,0.0,0.0,0.311,1312,2560,0,2420,0,0,0,0.0,0.5727,nan,edge/x86_64,unknown,3.12.3,2026-10-09T18:41:14Z
186,ML-DSA-44,post-quantum,2,sign,0.0637,0.0,0.0,0.311,1312,2560,0,2420,512,0,0,0.0,0.9558,nan,edge/x86_64,unknown,3.12.3,2026-10-09T18:41:14Z
186,ML-DSA-44,post-quantum,2,verify,0.0343,0.0,0.0,0.311,1312,2560,0,2420,512,0,0,0.0,0.5144,nan,edge/x86_64,unknown,3.12.3,2026-10-09T18:41:14Z
187,ML-DSA-44,post-quantum,2,keygen,0.0375,0.0,0.0,0.311,1312,2560,0,2420,0,0,0,0.0,0.5618,nan,edge/x86_64,unknown,3.12.3,2026-10-09T18:41:14Z
187,ML-DSA-44,post-quantum,2,sign,0.1273,0.0,0.0,0.311,1312,2560,0,2420,512,0,0,0.0,1.9094,nan,edge/x86_64,unknown,3.12.3,2026-10-09T18:41:14Z
187,ML-DSA-44,post-quantum,2,verify,0.0473,0.0,0.0,0.311,1312,2560,0,2420,512,0,0,0.0,0.7095,nan,edge/x86_64,unknown,3.12.3,2026-10-09T18:41:14Z
188,ML-DSA-44,post-quantum,2,keygen,0.0405,0.0,0.0,0.311,1312,2560,0,2420,0,0,0,0.0,0.6079,nan,edge/x86_64,unknown,3.12.3,2026-10-09T18:41:14Z
188,ML-DSA-44,post-quantum,2,sign,0.0695,0.0,0.0,0.311,1312,2560,0,2420,512,0,0,0.0,1.0431,nan,edge/x86_64,unknown,3.12.3,2026-10-09T18:41:14Z
188,ML-DSA-44,post-quantum,2,verify,0.0349,0.0,0.0,0.311,1312,2560,0,2420,512,0,0,0.0,0.5234,nan,edge/x86_64,unknown,3.12.3,2026-10-09T18:41:14Z
189,ML-DSA-44,post-quantum,2,keygen,0.0376,0.0,0.0,0.311,1312,2560,0,2420,0,0,0,0.0,0.5643,nan,edge/x86_64,unknown,3.12.3,2026-10-09T18:41:14Z
189,ML-DSA-44,post-quantum,2,sign,0.0919,0.0,0.0,0.311,1312,2560,0,2420,512,0,0,0.0,1.379,nan,edge/x86_64,unknown,3.12.3,2026-10-09T18:41:14Z
189,ML-DSA-44,post-quantum,2,verify,0.0345,0.0,0.0,0.311,1312,2560,0,2420,512,0,0,0.0,0.5177,nan,edge/x86_64,unknown,3.12.3,2026-10-09T18:41:14Z
190,ML-DSA-44,post-quantum,2,keygen,0.051,0.0,0.0,0.311,1312,2560,0,2420,0,0,0,0.0,0.7651,nan,edge/x86_64,unknown,3.12.3,2026-10-09T18:41:14Z
190,ML-DSA-44,post-quantum,2,sign,0.0558,0.0,0.0,0.311,1312,2560,0,2420,512,0,0,0.0,0.8377,nan,edge/x86_64,unknown,3.12.3,2026-10-09T18:41:14Z
190,ML-DSA-44,post-quantum,2,verify,0.0347,0.0,0.0,0.311,1312,2560,0,2420,512,0,0,0.0,0.5207,nan,edge/x86_64,unknown,3.12.3,2026-10-09T18:41:14Z
191,ML-DSA-44,post-quantum,2,keygen,0.0367,0.0,0.0,0.311,1312,2560,0,2420,0,0,0,0.0,0.5507,nan,edge/x86_64,unknown,3.12.3,2026-10-09T18:41:14Z
191,ML-DSA-44,post-quantum,2,sign,0.0471,0.0,0.0,0.311,1312,2560,0,2420,512,0,0,0.0,0.7064,nan,edge/x86_64,unknown,3.12.3,2026-10-09T18:41:14Z
191,ML-DSA-44,post-quantum,2,verify,0.0344,0.0,0.0,0.311,1312,2560,0,2420,512,0,0,0.0,0.516,nan,edge/x86_64,unknown,3.12.3,2026-10-09T18:41:14Z
192,ML-DSA-44,post-quantum,2,keygen,0.0367,0.0,0.0,0.311,1312,2560,0,2420,0,0,0,0.0,0.5511,nan,edge/x86_64,unknown,3.12.3,2026-10-09T18:41:14Z
192,ML-DSA-44,post-quantum,2,sign,0.0844,0.0,0.0,0.311,1312,2560,0,2420,512,0,0,0.0,1.2665,nan,edge/x86_64,unknown,3.12.3,2026-10-09T18:41:14Z
192,ML-DSA-44,post-quantum,2,verify,0.0355,0.0,0.0,0.311,1312,2560,0,2420,512,0,0,0.0,0.5331,nan,edge/x86_64,unknown,3.12.3,2026-10-09T18:41:14Z
193,ML-DSA-44,post-quantum,2,keygen,0.0371,0.0,0.0,0.311,1312,2560,0,2420,0,0,0,0.0,0.557,nan,edge/x86_64,unknown,3.12.3,2026-10-09T18:41:14Z
193,ML-DSA-44,post-quantum,2,sign,0.0555,0.0,0.0,0.311,1312,2560,0,2420,512,0,0,0.0,0.8323,nan,edge/x86_64,unknown,3.12.3,2026-10-09T18:41:14Z
193,ML-DSA-44,post-quantum,2,verify,0.0349,0.0,0.0,0.311,1312,2560,0,2420,512,0,0,0.0,0.5239,nan,edge/x86_64,unknown,3.12.3,2026-10-09T18:41:14Z
194,ML-DSA-44,post-quantum,2,keygen,0.0372,0.0,0.0,0.311,1312,2560,0,2420,0,0,0,0.0,0.5585,nan,edge/x86_64,unknown,3.12.3,2026-10-09T18:41:14Z
194,ML-DSA-44,post-quantum,2,sign,0.3131,0.0,0.0,0.311,1312,2560,0,2420,512,0,0,0.0,4.696,nan,edge/x86_64,unknown,3.12.3,2026-10-09T18:41:14Z
194,ML-DSA-44,post-quantum,2,verify,0.1059,0.0,0.0,0.311,1312,2560,0,2420,512,0,0,0.0,1.5882,nan,edge/x86_64,unknown,3.12.3,2026-10-09T18:41:14Z
195,ML-DSA-44,post-quantum,2,keygen,0.0429,0.0,0.0,0.311,1312,2560,0,2420,0,0,0,0.0,0.6437,nan,edge/x86_64,unknown,3.12.3,2026-10-09T18:41:14Z
195,ML-DSA-44,post-quantum,2,sign,0.0493,0.0,0.0,0.311,1312,2560,0,2420,512,0,0,0.0,0.7397,nan,edge/x86_64,unknown,3.12.3,2026-10-09T18:41:14Z
195,ML-DSA-44,post-quantum,2,verify,0.0351,0.0,0.0,0.311,1312,2560,0,2420,512,0,0,0.0,0.5265,nan,edge/x86_64,unknown,3.12.3,2026-10-09T18:41:14Z
196,ML-DSA-44,post-quantum,2,keygen,0.0374,0.0,0.0,0.311,1312,2560,0,2420,0,0,0,0.0,0.561,nan,edge/x86_64,unknown,3.12.3,2026-10-09T18:41:14Z
196,ML-DSA-44,post-quantum,2,sign,0.0996,0.0,0.0,0.311,1312,2560,0,2420,512,0,0,0.0,1.4934,nan,edge/x86_64,unknown,3.12.3,2026-10-09T18:41:14Z
196,ML-DSA-44,post-quantum,2,verify,0.0346,0.0,0.0,0.311,1312,2560,0,2420,512,0,0,0.0,0.5193,nan,edge/x86_64,unknown,3.12.3,2026-10-09T18:41:14Z
197,ML-DSA-44,post-quantum,2,keygen,0.0371,0.0,0.0,0.311,1312,2560,0,2420,0,0,0,0.0,0.5561,nan,edge/x86_64,unknown,3.12.3,2026-10-09T18:41:14Z
197,ML-DSA-44,post-quantum,2,sign,0.0644,0.0,0.0,0.311,1312,2560,0,2420,512,0,0,0.0,0.966,nan,edge/x86_64,unknown,3.12.3,2026-10-09T18:41:14Z
197,ML-DSA-44,post-quantum,2,verify,0.0346,0.0,0.0,0.311,1312,2560,0,2420,512,0,0,0.0,0.519,nan,edge/x86_64,unknown,3.12.3,2026-10-09T18:41:14Z
198,ML-DSA-44,post-quantum,2,keygen,0.0595,0.0,0.0,0.311,1312,2560,0,2420,0,0,0,0.0,0.8931,nan,edge/x86_64,unknown,3.12.3,2026-10-09T18:41:14Z
198,ML-DSA-44,post-quantum,2,sign,0.0824,0.0,0.0,0.311,1312,2560,0,2420,512,0,0,0.0,1.2367,nan,edge/x86_64,unknown,3.12.3,2026-10-09T18:41:14Z
198,ML-DSA-44,post-quantum,2,verify,0.0359,0.0,0.0,0.311,1312,2560,0,2420,512,0,0,0.0,0.5382,nan,edge/x86_64,unknown,3.12.3,2026-10-09T18:41:14Z
199,ML-DSA-44,post-quantum,2,keygen,0.0379,0.0,0.0,0.311,1312,2560,0,2420,0,0,0,0.0,0.568,nan,edge/x86_64,unknown,3.12.3,2026-10-09T18:41:14Z
199,ML-DSA-44,post-quantum,2,sign,0.1076,0.0,0.0,0.311,1312,2560,0,2420,512,0,0,0.0,1.6144,nan,edge/x86_64,unknown,3.12.3,2026-10-09T18:41:14Z
199,ML-DSA-44,post-quantum,2,verify,0.0361,0.0,0.0,0.311,1312,2560,0,2420,512,0,0,0.0,0.541,nan,edge/x86_64,unknown,3.12.3,2026-10-09T18:41:14Z
0,ML-DSA-65,post-quantum,3,keygen,0.1018,0.0,0.0,0.295,1952,4032,0,3309,0,0,0,0.0,1.5277,nan,edge/x86_64,unknown,3.12.3,2026-10-09T18:41:14Z
0,ML-DSA-65,post-quantum,3,sign,0.163,0.0,0.0,0.295,1952,4032,0,3309,512,0,0,0.0,2.4445,nan,edge/x86_64,unknown,3.12.3,2026-10-09T18:41:14Z
0,ML-DSA-65,post-quantum,3,verify,0.0558,0.0,0.0,0.295,1952,4032,0,3309,512,0,0,0.0,0.8369,nan,edge/x86_64,unknown,3.12.3,2026-10-09T18:41:14Z
1,ML-DSA-65,post-quantum,3,keygen,0.0659,0.0,0.0,0.295,1952,4032,0,3309,0,0,0,0.0,0.9889,nan,edge/x86_64,unknown,3.12.3,2026-10-09T18:41:14Z
1,ML-DSA-65,post-quantum,3,sign,0.0792,0.0,0.0,0.295,1952,4032,0,3309,512,0,0,0.0,1.1876,nan,edge/x86_64,unknown,3.12.3,2026-10-09T18:41:14Z
1,ML-DSA-65,post-quantum,3,verify,0.0518,0.0,0.0,0.295,1952,4032,0,3309,512,0,0,0.0,0.7767,nan,edge/x86_64,unknown,3.12.3,2026-10-09T18:41:14Z
2,ML-DSA-65,post-quantum,3,keygen,0.0554,0.0,0.0,0.295,1952,4032,0,3309,0,0,0,0.0,0.8309,nan,edge/x86_64,unknown,3.12.3,2026-10-09T18:41:14Z
2,ML-DSA-65,post-quantum,3,sign,0.0866,0.0,0.0,0.295,1952,4032,0,3309,512,0,0,0.0,1.2983,nan,edge/x86_64,unknown,3.12.3,2026-10-09T18:41:14Z
2,ML-DSA-65,post-quantum,3,verify,0.0509,0.0,0.0,0.295,1952,4032,0,3309,512,0,0,0.0,0.764,nan,edge/x86_64,unknown,3.12.3,2026-10-09T18:41:14Z
3,ML-DSA-65,post-quantum,3,keygen,0.0554,0.0,0.0,0.295,1952,4032,0,3309,0,0,0,0.0,0.8305,nan,edge/x86_64,unknown,3.12.3,2026-10-09T18:41:14Z
3,ML-DSA-65,post-quantum,3,sign,0.1192,0.0,0.0,0.295,1952,4032,0,3309,512,0,0,0.0,1.788,nan,edge/x86_64,unknown,3.12.3,2026-10-09T18:41:14Z
3,ML-DSA-65,post-quantum,3,verify,0.0521,0.0,0.0,0.295,1952,4032,0,3309,512,0,0,0.0,0.7816,nan,edge/x86_64,unknown,3.12.3,2026-10-09T18:41:14Z
4,ML-DSA-65,post-quantum,3,keygen,0.0557,0.0,0.0,0.295,1952,4032,0,3309,0,0,0,0.0,0.8362,nan,edge/x86_64,unknown,3.12.3,2026-10-09T18:41:14Z
4,ML-DSA-65,post-quantum,3,sign,0.0906,0.0,0.0,0.295,1952,4032,0,3309,512,0,0,0.0,1.3591,nan,edge/x86_64,unknown,3.12.3,2026-10-09T18:41:14Z
4,ML-DSA-65,post-quantum,3,verify,0.0503,0.0,0.0,0.295,1952,4032,0,3309,512,0,0,0.0,0.7552,nan,edge/x86_64,unknown,3.12.3,2026-10-09T18:41:14Z
5,ML-DSA-65,post-quantum,3,keygen,0.0547,0.0,0.0,0.295,1952,4032,0,3309,0,0,0,0.0,0.8209,nan,edge/x86_64,unknown,3.12.3,2026-10-09T18:41:14Z
5,ML-DSA-65,post-quantum,3,sign,0.0858,0.0,0.0,0.295,1952,4032,0,3309,512,0,0,0.0,1.2875,nan,edge/x86_64,unknown,3.12.3,2026-10-09T18:41:14Z
5,ML-DSA-65,post-quantum,3,verify,0.051,0.0,0.0,0.295,1952,4032,0,3309,512,0,0,0.0,0.7649,nan,edge/x86_64,unknown,3.12.3,2026-10-09T18:41:14Z
6,ML-DSA-65,post-quantum,3,keygen,0.0548,0.0,0.0,0.295,1952,4032,0,3309,0,0,0,0.0,0.8219,nan,edge/x86_64,unknown,3.12.3,2026-10-09T18:41:14Z
6,ML-DSA-65,post-quantum,3,sign,0.1011,0.0,0.0,0.295,1952,4032,0,3309,512,0,0,0.0,1.5165,nan,edge/x86_64,unknown,3.12.3,2026-10-09T18:41:14Z
6,ML-DSA-65,post-quantum,3,verify,0.0552,0.0,0.0,0.295,1952,4032,0,3309,512,0,0,0.0,0.8283,nan,edge/x86_64,unknown,3.12.3,2026-10-09T18:41:14Z
7,ML-DSA-65,post-quantum,3,keygen,0.0601,0.0,0.0,0.295,1952,4032,0,3309,0,0,0,0.0,0.9009,nan,edge/x86_64,unknown,3.12.3,2026-10-09T18:41:14Z
7,ML-DSA-65,post-quantum,3,sign,0.2491,0.0,0.0,0.295,1952,4032,0,3309,512,0,0,0.0,3.7363,nan,edge/x86_64,unknown,3.12.3,2026-10-09T18:41:14Z
7,ML-DSA-65,post-quantum,3,verify,0.0601,0.0,0.0,0.295,1952,4032,0,3309,512,0,0,0.0,0.9008,nan,edge/x86_64,unknown,3.12.3,2026-10-09T18:41:14Z
8,ML-DSA-65,post-quantum,3,keygen,0.0569,0.0,0.0,0.295,1952,4032,0,3309,0,0,0,0.0,0.853,nan,edge/x86_64,unknown,3.12.3,2026-10-09T18:41:14Z
8,ML-DSA-65,post-quantum,3,sign,0.1268,0.0,0.0,0.295,1952,4032,0,3309,512,0,0,0.0,1.902,nan,edge/x86_64,unknown,3.12.3,2026-10-09T18:41:14Z
8,ML-DSA-65,post-quantum,3,verify,0.0518,0.0,0.0,0.295,1952,4032,0,3309,512,0,0,0.0,0.7764,nan,edge/x86_64,unknown,3.12.3,2026-10-09T18:41:14Z
9,ML-DSA-65,post-quantum,3,keygen,0.0556,0.0,0.0,0.295,1952,4032,0,3309,0,0,0,0.0,0.8342,nan,edge/x86_64,unknown,3.12.3,2026-10-09T18:41:14Z
9,ML-DSA-65,post-quantum,3,sign,0.0674,0.0,0.0,0.295,1952,4032,0,3309,512,0,0,0.0,1.0112,nan,edge/x86_64,unknown,3.12.3,2026-10-09T18:41:14Z
9,ML-DSA-65,post-quantum,3,verify,0.0514,0.0,0.0,0.295,1952,4032,0,3309,512,0,0,0.0,0.7709,nan,edge/x86_64,unknown,3.12.3,2026-10-09T18:41:14Z
10,ML-DSA-65,post-quantum,3,keygen,0.0553,0.0,0.0,0.295,1952,4032,0,3309,0,0,0,0.0,0.8288,nan,edge/x86_64,unknown,3.12.3,2026-10-09T18:41:14Z
10,ML-DSA-65,post-quantum,3,sign,0.0764,0.0,0.0,0.295,1952,4032,0,3309,512,0,0,0.0,1.1458,nan,edge/x86_64,unknown,3.12.3,2026-10-09T18:41:14Z
10,ML-DSA-65,post-quantum,3,verify,0.0524,0.0,0.0,0.295,1952,4032,0,3309,512,0,0,0.0,0.7855,nan,edge/x86_64,unknown,3.12.3,2026-10-09T18:41:14Z
11,ML-DSA-65,post-quantum,3,keygen,0.056,0.0,0.0,0.295,1952,4032,0,3309,0,0,0,0.0,0.8402,nan,edge/x86_64,unknown,3.12.3,2026-10-09T18:41:14Z
11,ML-DSA-65,post-quantum,3,sign,0.0945,0.0,0.0,0.295,1952,4032,0,3309,512,0,0,0.0,1.4169,nan,edge/x86_64,unknown,3.12.3,2026-10-09T18:41:14Z
11,ML-DSA-65,post-quantum,3,verify,0.0625,0.0,0.0,0.295,1952,4032,0,3309,512,0,0,0.0,0.9372,nan,edge/x86_64,unknown,3.12.3,2026-10-09T18:41:14Z
12,ML-DSA-65,post-quantum,3,keygen,0.0782,0.0,0.0,0.295,1952,4032,0,3309,0,0,0,0.0,1.1727,nan,edge/x86_64,unknown,3.12.3,2026-10-09T18:41:14Z
12,ML-DSA-65,post-quantum,3,sign,0.0687,0.0,0.0,0.295,1952,4032,0,3309,512,0,0,0.0,1.0308,nan,edge/x86_64,unknown,3.12.3,2026-10-09T18:41:14Z
12,ML-DSA-65,post-quantum,3,verify,0.0523,0.0,0.0,0.295,1952,4032,0,3309,512,0,0,0.0,0.7842,nan,edge/x86_64,unknown,3.12.3,2026-10-09T18:41:14Z
13,ML-DSA-65,post-quantum,3,keygen,0.0556,0.0,0.0,0.295,1952,4032,0,3309,0,0,0,0.0,0.8341,nan,edge/x86_64,unknown,3.12.3,2026-10-09T18:41:14Z
13,ML-DSA-65,post-quantum,3,sign,0.1236,0.0,0.0,0.295,1952,4032,0,3309,512,0,0,0.0,1.8545,nan,edge/x86_64,unknown,3.12.3,2026-10-09T18:41:14Z
13,ML-DSA-65,post-quantum,3,verify,0.0509,0.0,0.0,0.295,1952,4032,0,3309,512,0,0,0.0,0.7634,nan,edge/x86_64,unknown,3.12.3,2026-10-09T18:41:14Z
14,ML-DSA-65,post-quantum,3,keygen,0.0544,0.0,0.0,0.295,1952,4032,0,3309,0,0,0,0.0,0.8165,nan,edge/x86_64,unknown,3.12.3,2026-10-09T18:41:14Z
14,ML-DSA-65,post-quantum,3,sign,0.1535,0.0,0.0,0.295,1952,4032,0,3309,512,0,0,0.0,2.303,nan,edge/x86_64,unknown,3.12.3,2026-10-09T18:41:14Z
14,ML-DSA-65,post-quantum,3,verify,0.0554,0.0,0.0,0.295,1952,4032,0,3309,512,0,0,0.0,0.8312,nan,edge/x86_64,unknown,3.12.3,2026-10-09T18:41:14Z
15,ML-DSA-65,post-quantum,3,keygen,0.0597,0.0,0.0,0.295,1952,4032,0,3309,0,0,0,0.0,0.8949,nan,edge/x86_64,unknown,3.12.3,2026-10-09T18:41:14Z
15,ML-DSA-65,post-quantum,3,sign,0.1858,0.0,0.0,0.295,1952,4032,0,3309,512,0,0,0.0,2.7877,nan,edge/x86_64,unknown,3.12.3,2026-10-09T18:41:14Z
15,ML-DSA-65,post-quantum,3,verify,0.065,0.0,0.0,0.295,1952,4032,0,3309,512,0,0,0.0,0.9753,nan,edge/x86_64,unknown,3.12.3,2026-10-09T18:41:14Z
16,ML-DSA-65,post-quantum,3,keygen,0.056,0.0,0.0,0.295,1952,4032,0,3309,0,0,0,0.0,0.8394,nan,edge/x86_64,unknown,3.12.3,2026-10-09T18:41:14Z
16,ML-DSA-65,post-quantum,3,sign,0.0879,0.0,0.0,0.295,1952,4032,0,3309,512,0,0,0.0,1.3191,nan,edge/x86_64,unknown,3.12.3,2026-10-09T18:41:14Z
16,ML-DSA-65,post-quantum,3,verify,0.0512,0.0,0.0,0.295,1952,4032,0,3309,512,0,0,0.0,0.7676,nan,edge/x86_64,unknown,3.12.3,2026-10-09T18:41:14Z
17,ML-DSA-65,post-quantum,3,keygen,0.0545,0.0,0.0,0.295,1952,4032,0,3309,0,0,0,0.0,0.8171,nan,edge/x86_64,unknown,3.12.3,2026-10-09T18:41:14Z
17,ML-DSA-65,post-quantum,3,sign,0.0903,0.0,0.0,0.295,1952,4032,0,3309,512,0,0,0.0,1.3544,nan,edge/x86_64,unknown,3.12.3,2026-10-09T18:41:14Z
17,ML-DSA-65,post-quantum,3,verify,0.0516,0.0,0.0,0.295,1952,4032,0,3309,512,0,0,0.0,0.7739,nan,edge/x86_64,unknown,3.12.3,2026-10-09T18:41:14Z
18,ML-DSA-65,post-quantum,3,keygen,0.0561,0.0,0.0,0.295,1952,4032,0,3309,0,0,0,0.0,0.8408,nan,edge/x86_64,unknown,3.12.3,2026-10-09T18:41:14Z
18,ML-DSA-65,post-quantum,3,sign,0.0877,0.0,0.0,0.295,1952,4032,0,3309,512,0,0,0.0,1.3156,nan,edge/x86_64,unknown,3.12.3,2026-10-09T18:41:14Z
18,ML-DSA-65,post-quantum,3,verify,0.0505,0.0,0.0,0.295,1952,4032,0,3309,512,0,0,0.0,0.7579,nan,edge/x86_64,unknown,3.12.3,2026-10-09T18:41:14Z
19,ML-DSA-65,post-quantum,3,keygen,0.0549,0.0,0.0,0.295,1952,4032,0,3309,0,0,0,0.0,0.8237,nan,edge/x86_64,unknown,3.12.3,2026-10-09T18:41:14Z
19,ML-DSA-65,post-quantum,3,sign,0.1121,0.0,0.0,0.295,1952,4032,0,3309,512,0,0,0.0,1.6819,nan,edge/x86_64,unknown,3.12.3,2026-10-09T18:41:14Z
19,ML-DSA-65,post-quantum,3,verify,0.0519,0.0,0.0,0.295,1952,4032,0,3309,512,0,0,0.0,0.7781,nan,edge/x86_64,unknown,3.12.3,2026-10-09T18:41:14Z
20,ML-DSA-65,post-quantum,3,keygen,0.0548,0.0,0.0,0.295,1952,4032,0,3309,0,0,0,0.0,0.822,nan,edge/x86_64,unknown,3.12.3,2026-10-09T18:41:14Z
20,ML-DSA-65,post-quantum,3,sign,0.0755,0.0,0.0,0.295,1952,4032,0,3309,512,0,0,0.0,1.132,nan,edge/x86_64,unknown,3.12.3,2026-10-09T18:41:14Z
20,ML-DSA-65,post-quantum,3,verify,0.0511,0.0,0.0,0.295,1952,4032,0,3309,512,0,0,0.0,0.766,nan,edge/x86_64,unknown,3.12.3,2026-10-09T18:41:14Z
21,ML-DSA-65,post-quantum,3,keygen,0.0551,0.0,0.0,0.295,1952,4032,0,3309,0,0,0,0.0,0.8268,nan,edge/x86_64,unknown,3.12.3,2026-10-09T18:41:14Z
21,ML-DSA-65,post-quantum,3,sign,0.0678,0.0,0.0,0.295,1952,4032,0,3309,512,0,0,0.0,1.0166,nan,edge/x86_64,unknown,3.12.3,2026-10-09T18:41:14Z
21,ML-DSA-65,post-quantum,3,verify,0.0507,0.0,0.0,0.295,1952,4032,0,3309,512,0,0,0.0,0.7603,nan,edge/x86_64,unknown,3.12.3,2026-10-09T18:41:14Z
22,ML-DSA-65,post-quantum,3,keygen,0.0544,0.0,0.0,0.295,1952,4032,0,3309,0,0,0,0.0,0.8164,nan,edge/x86_64,unknown,3.12.3,2026-10-09T18:41:14Z
22,ML-DSA-65,post-quantum,3,sign,0.1331,0.0,0.0,0.295,1952,4032,0,3309,512,0,0,0.0,1.9968,nan,edge/x86_64,unknown,3.12.3,2026-10-09T18:41:14Z
22,ML-DSA-65,post-quantum,3,verify,0.0503,0.0,0.0,0.295,1952,4032,0,3309,512,0,0,0.0,0.7546,nan,edge/x86_64,unknown,3.12.3,2026-10-09T18:41:14Z
23,ML-DSA-65,post-quantum,3,keygen,0.0549,0.0,0.0,0.295,1952,4032,0,3309,0,0,0,0.0,0.8231,nan,edge/x86_64,unknown,3.12.3,2026-10-09T18:41:14Z
23,ML-DSA-65,post-quantum,3,sign,0.1221,0.0,0.0,0.295,1952,4032,0,3309,512,0,0,0.0,1.8311,nan,edge/x86_64,unknown,3.12.3,2026-10-09T18:41:14Z
23,ML-DSA-65,post-quantum,3,verify,0.0547,0.0,0.0,0.295,1952,4032,0,3309,512,0,0,0.0,0.82,nan,edge/x86_64,unknown,3.12.3,2026-10-09T18:41:14Z
24,ML-DSA-65,post-quantum,3,keygen,0.0559,0.0,0.0,0.295,1952,4032,0,3309,0,0,0,0.0,0.8385,nan,edge/x86_64,unknown,3.12.3,2026-10-09T18:41:14Z
24,ML-DSA-65,post-quantum,3,sign,0.1845,0.0,0.0,0.295,1952,4032,0,3309,512,0,0,0.0,2.7677,nan,edge/x86_64,unknown,3.12.3,2026-10-09T18:41:14Z
24,ML-DSA-65,post-quantum,3,verify,0.0516,0.0,0.0,0.295,1952,4032,0,3309,512,0,0,0.0,0.774,nan,edge/x86_64,unknown,3.12.3,2026-10-09T18:41:14Z
25,ML-DSA-65,post-quantum,3,keygen,0.0553,0.0,0.0,0.295,1952,4032,0,3309,0,0,0,0.0,0.8298,nan,edge/x86_64,unknown,3.12.3,2026-10-09T18:41:14Z
25,ML-DSA-65,post-quantum,3,sign,0.0656,0.0,0.0,0.295,1952,4032,0,3309,512,0,0,0.0,0.9843,nan,edge/x86_64,unknown,3.12.3,2026-10-09T18:41:14Z
25,ML-DSA-65,post-quantum,3,verify,0.0512,0.0,0.0,0.295,1952,4032,0,3309,512,0,0,0.0,0.7682,nan,edge/x86_64,unknown,3.12.3,2026-10-09T18:41:14Z
26,ML-DSA-65,post-quantum,3,keygen,0.0544,0.0,0.0,0.295,1952,4032,0,3309,0,0,0,0.0,0.816,nan,edge/x86_64,unknown,3.12.3,2026-10-09T18:41:14Z
26,ML-DSA-65,post-quantum,3,sign,0.1258,0.0,0.0,0.295,1952,4032,0,3309,512,0,0,0.0,1.8874,nan,edge/x86_64,unknown,3.12.3,2026-10-09T18:41:14Z
26,ML-DSA-65,post-quantum,3,verify,0.0504,0.0,0.0,0.295,1952,4032,0,3309,512,0,0,0.0,0.7562,nan,edge/x86_64,unknown,3.12.3,2026-10-09T18:41:14Z
27,ML-DSA-65,post-quantum,3,keygen,0.0548,0.0,0.0,0.295,1952,4032,0,3309,0,0,0,0.0,0.8227,nan,edge/x86_64,unknown,3.12.3,2026-10-09T18:41:14Z
27,ML-DSA-65,post-quantum,3,sign,0.1354,0.0,0.0,0.295,1952,4032,0,3309,512,0,0,0.0,2.0315,nan,edge/x86_64,unknown,3.12.3,2026-10-09T18:41:14Z
27,ML-DSA-65,post-quantum,3,verify,0.053,0.0,0.0,0.295,1952,4032,0,3309,512,0,0,0.0,0.795,nan,edge/x86_64,unknown,3.12.3,2026-10-09T18:41:14Z
28,ML-DSA-65,post-quantum,3,keygen,0.0592,0.0,0.0,0.295,1952,4032,0,3309,0,0,0,0.0,0.8877,nan,edge/x86_64,unknown,3.12.3,2026-10-09T18:41:14Z
28,ML-DSA-65,post-quantum,3,sign,0.0665,0.0,0.0,0.295,1952,4032,0,3309,512,0,0,0.0,0.9973,nan,edge/x86_64,unknown,3.12.3,2026-10-09T18:41:14Z
28,ML-DSA-65,post-quantum,3,verify,0.0798,0.0,0.0,0.295,1952,4032,0,3309,512,0,0,0.0,1.1976,nan,edge/x86_64,unknown,3.12.3,2026-10-09T18:41:14Z
29,ML-DSA-65,post-quantum,3,keygen,0.0586,0.0,0.0,0.295,1952,4032,0,3309,0,0,0,0.0,0.879,nan,edge/x86_64,unknown,3.12.3,2026-10-09T18:41:14Z
29,ML-DSA-65,post-quantum,3,sign,0.1314,0.0,0.0,0.295,1952,4032,0,3309,512,0,0,0.0,1.9703,nan,edge/x86_64,unknown,3.12.3,2026-10-09T18:41:14Z
29,ML-DSA-65,post-quantum,3,verify,0.0537,0.0,0.0,0.295,1952,4032,0,3309,512,0,0,0.0,0.805,nan,edge/x86_64,unknown,3.12.3,2026-10-09T18:41:14Z
30,ML-DSA-65,post-quantum,3,keygen,0.0562,0.0,0.0,0.295,1952,4032,0,3309,0,0,0,0.0,0.843,nan,edge/x86_64,unknown,3.12.3,2026-10-09T18:41:14Z
30,ML-DSA-65,post-quantum,3,sign,0.1009,0.0,0.0,0.295,1952,4032,0,3309,512,0,0,0.0,1.5136,nan,edge/x86_64,unknown,3.12.3,2026-10-09T18:41:14Z
30,ML-DSA-65,post-quantum,3,verify,0.05,0.0,0.0,0.295,1952,4032,0,3309,512,0,0,0.0,0.7505,nan,edge/x86_64,unknown,3.12.3,2026-10-09T18:41:14Z
31,ML-DSA-65,post-quantum,3,keygen,0.0555,0.0,0.0,0.295,1952,4032,0,3309,0,0,0,0.0,0.8319,nan,edge/x86_64,unknown,3.12.3,2026-10-09T18:41:14Z
31,ML-DSA-65,post-quantum,3,sign,0.112,0.0,0.0,0.295,1952,4032,0,3309,512,0,0,0.0,1.6797,nan,edge/x86_64,unknown,3.12.3,2026-10-09T18:41:14Z
31,ML-DSA-65,post-quantum,3,verify,0.0638,0.0,0.0,0.295,1952,4032,0,3309,512,0,0,0.0,0.9569,nan,edge/x86_64,unknown,3.12.3,2026-10-09T18:41:14Z
32,ML-DSA-65,post-quantum,3,keygen,0.058,0.0,0.0,0.295,1952,4032,0,3309,0,0,0,0.0,0.8699,nan,edge/x86_64,unknown,3.12.3,2026-10-09T18:41:14Z
32,ML-DSA-65,post-quantum,3,sign,0.1699,0.0,0.0,0.295,1952,4032,0,3309,512,0,0,0.0,2.5486,nan,edge/x86_64,unknown,3.12.3,2026-10-09T18:41:14Z
32,ML-DSA-65,post-quantum,3,verify,0.0518,0.0,0.0,0.295,1952,4032,0,3309,512,0,0,0.0,0.7772,nan,edge/x86_64,unknown,3.12.3,2026-10-09T18:41:14Z
33,ML-DSA-65,post-quantum,3,keygen,0.0548,0.0,0.0,0.295,1952,4032,0,3309,0,0,0,0.0,0.8214,nan,edge/x86_64,unknown,3.12.3,2026-10-09T18:41:14Z
33,ML-DSA-65,post-quantum,3,sign,0.1855,0.0,0.0,0.295,1952,4032,0,3309,512,0,0,0.0,2.7823,nan,edge/x86_64,unknown,3.12.3,2026-10-09T18:41:14Z
33,ML-DSA-65,post-quantum,3,verify,0.0505,0.0,0.0,0.295,1952,4032,0,3309,512,0,0,0.0,0.7577,nan,edge/x86_64,unknown,3.12.3,2026-10-09T18:41:14Z
34,ML-DSA-65,post-quantum,3,keygen,0.0543,0.0,0.0,0.295,1952,4032,0,3309,0,0,0,0.0,0.8151,nan,edge/x86_64,unknown,3.12.3,2026-10-09T18:41:14Z
34,ML-DSA-65,post-quantum,3,sign,0.0765,0.0,0.0,0.295,1952,4032,0,3309,512,0,0,0.0,1.1476,nan,edge/x86_64,unknown,3.12.3,2026-10-09T18:41:14Z
34,ML-DSA-65,post-quantum,3,verify,0.0513,0.0,0.0,0.295,1952,4032,0,3309,512,0,0,0.0,0.7688,nan,edge/x86_64,unknown,3.12.3,2026-10-09T18:41:14Z
35,ML-DSA-65,post-quantum,3,keygen,0.0546,0.0,0.0,0.295,1952,4032,0,3309,0,0,0,0.0,0.8184,nan,edge/x86_64,unknown,3.12.3,2026-10-09T18:41:14Z
35,ML-DSA-65,post-quantum,3,sign,0.1202,0.0,0.0,0.295,1952,4032,0,3309,512,0,0,0.0,1.8029,nan,edge/x86_64,unknown,3.12.3,2026-10-09T18:41:14Z
35,ML-DSA-65,post-quantum,3,verify,0.0553,0.0,0.0,0.295,1952,4032,0,3309,512,0,0,0.0,0.8301,nan,edge/x86_64,unknown,3.12.3,2026-10-09T18:41:14Z
36,ML-DSA-65,post-quantum,3,keygen,0.0549,0.0,0.0,0.295,1952,4032,0,3309,0,0,0,0.0,0.8232,nan,edge/x86_64,unknown,3.12.3,2026-10-09T18:41:14Z
36,ML-DSA-65,post-quantum,3,sign,0.1994,0.0,0.0,0.295,1952,4032,0,3309,512,0,0,0.0,2.9906,nan,edge/x86_64,unknown,3.12.3,2026-10-09T18:41:14Z
36,ML-DSA-65,post-quantum,3,verify,0.0515,0.0,0.0,0.295,1952,4032,0,3309,512,0,0,0.0,0.7728,nan,edge/x86_64,unknown,3.12.3,2026-10-09T18:41:14Z
37,ML-DSA-65,post-quantum,3,keygen,0.055,0.0,0.0,0.295,1952,4032,0,3309,0,0,0,0.0,0.8248,nan,edge/x86_64,unknown,3.12.3,2026-10-09T18:41:14Z
37,ML-DSA-65,post-quantum,3,sign,0.0758,0.0,0.0,0.295,1952,4032,0,3309,512,0,0,0.0,1.1369,nan,edge/x86_64,unknown,3.12.3,2026-10-09T18:41:14Z
37,ML-DSA-65,post-quantum,3,verify,0.0504,0.0,0.0,0.295,1952,4032,0,3309,512,0,0,0.0,0.7559,nan,edge/x86_64,unknown,3.12.3,2026-10-09T18:41:14Z
38,ML-DSA-65,post-quantum,3,keygen,0.0544,0.0,0.0,0.295,1952,4032,0,3309,0,0,0,0.0,0.8164,nan,edge/x86_64,unknown,3.12.3,2026-10-09T18:41:14Z
38,ML-DSA-65,post-quantum,3,sign,0.1019,0.0,0.0,0.295,1952,4032,0,3309,512,0,0,0.0,1.5292,nan,edge/x86_64,unknown,3.12.3,2026-10-09T18:41:14Z
38,ML-DSA-65,post-quantum,3,verify,0.0499,0.0,0.0,0.295,1952,4032,0,3309,512,0,0,0.0,0.7487,nan,edge/x86_64,unknown,3.12.3,2026-10-09T18:41:14Z
39,ML-DSA-65,post-quantum,3,keygen,0.0542,0.0,0.0,0.295,1952,4032,0,3309,0,0,0,0.0,0.813,nan,edge/x86_64,unknown,3.12.3,2026-10-09T18:41:14Z
39,ML-DSA-65,post-quantum,3,sign,0.0866,0.0,0.0,0.295,1952,4032,0,3309,512,0,0,0.0,1.2988,nan,edge/x86_64,unknown,3.12.3,2026-10-09T18:41:14Z
39,ML-DSA-65,post-quantum,3,verify,0.0552,0.0,0.0,0.295,1952,4032,0,3309,512,0,0,0.0,0.8278,nan,edge/x86_64,unknown,3.12.3,2026-10-09T18:41:14Z
40,ML-DSA-65,post-quantum,3,keygen,0.0588,0.0,0.0,0.295,1952,4032,0,3309,0,0,0,0.0,0.8826,nan,edge/x86_64,unknown,3.12.3,2026-10-09T18:41:14Z
40,ML-DSA-65,post-quantum,3,sign,0.0665,0.0,0.0,0.295,1952,4032,0,3309,512,0,0,0.0,0.9974,nan,edge/x86_64,unknown,3.12.3,2026-10-09T18:41:14Z
40,ML-DSA-65,post-quantum,3,verify,0.0514,0.0,0.0,0.295,1952,4032,0,3309,512,0,0,0.0,0.7712,nan,edge/x86_64,unknown,3.12.3,2026-10-09T18:41:14Z
41,ML-DSA-65,post-quantum,3,keygen,0.0689,0.0,0.0,0.295,1952,4032,0,3309,0,0,0,0.0,1.0328,nan,edge/x86_64,unknown,3.12.3,2026-10-09T18:41:14Z
41,ML-DSA-65,post-quantum,3,sign,0.1321,0.0,0.0,0.295,1952,4032,0,3309,512,0,0,0.0,1.9808,nan,edge/x86_64,unknown,3.12.3,2026-10-09T18:41:14Z
41,ML-DSA-65,post-quantum,3,verify,0.0511,0.0,0.0,0.295,1952,4032,0,3309,512,0,0,0.0,0.766,nan,edge/x86_64,unknown,3.12.3,2026-10-09T18:41:14Z
42,ML-DSA-65,post-quantum,3,keygen,0.0557,0.0,0.0,0.295,1952,4032,0,3309,0,0,0,0.0,0.8356,nan,edge/x86_64,unknown,3.12.3,2026-10-09T18:41:14Z
42,ML-DSA-65,post-quantum,3,sign,0.0867,0.0,0.0,0.295,1952,4032,0,3309,512,0,0,0.0,1.3,nan,edge/x86_64,unknown,3.12.3,2026-10-09T18:41:14Z
42,ML-DSA-65,post-quantum,3,verify,0.0505,0.0,0.0,0.295,1952,4032,0,3309,512,0,0,0.0,0.7582,nan,edge/x86_64,unknown,3.12.3,2026-10-09T18:41:14Z
43,ML-DSA-65,post-quantum,3,keygen,0.0541,0.0,0.0,0.295,1952,4032,0,3309,0,0,0,0.0,0.812,nan,edge/x86_64,unknown,3.12.3,2026-10-09T18:41:14Z
43,ML-DSA-65,post-quantum,3,sign,0.0651,0.0,0.0,0.295,1952,4032,0,3309,512,0,0,0.0,0.9758,nan,edge/x86_64,unknown,3.12.3,2026-10-09T18:41:14Z
43,ML-DSA-65,post-quantum,3,verify,0.0502,0.0,0.0,0.295,1952,4032,0,3309,512,0,0,0.0,0.7524,nan,edge/x86_64,unknown,3.12.3,2026-10-09T18:41:14Z
44,ML-DSA-65,post-quantum,3,keygen,0.0541,0.0,0.0,0.295,1952,4032,0,3309,0,0,0,0.0,0.8116,nan,edge/x86_64,unknown,3.12.3,2026-10-09T18:41:14Z
44,ML-DSA-65,post-quantum,3,sign,0.0648,0.0,0.0,0.295,1952,4032,0,3309,512,0,0,0.0,0.9726,nan,edge/x86_64,unknown,3.12.3,2026-10-09T18:41:14Z
44,ML-DSA-65,post-quantum,3,verify,0.0506,0.0,0.0,0.295,1952,4032,0,3309,512,0,0,0.0,0.7587,nan,edge/x86_64,unknown,3.12.3,2026-10-09T18:41:14Z
45,ML-DSA-65,post-quantum,3,keygen,0.0542,0.0,0.0,0.295,1952,4032,0,3309,0,0,0,0.0,0.8124,nan,edge/x86_64,unknown,3.12.3,2026-10-09T18:41:14Z
45,ML-DSA-65,post-quantum,3,sign,0.1021,0.0,0.0,0.295,1952,4032,0,3309,512,0,0,0.0,1.5309,nan,edge/x86_64,unknown,3.12.3,2026-10-09T18:41:14Z
45,ML-DSA-65,post-quantum,3,verify,0.0601,0.0,0.0,0.295,1952,4032,0,3309,512,0,0,0.0,0.9019,nan,edge/x86_64,unknown,3.12.3,2026-10-09T18:41:14Z
46,ML-DSA-65,post-quantum,3,keygen,0.0553,0.0,0.0,0.295,1952,4032,0,3309,0,0,0,0.0,0.8301,nan,edge/x86_64,unknown,3.12.3,2026-10-09T18:41:14Z
46,ML-DSA-65,post-quantum,3,sign,0.0905,0.0,0.0,0.295,1952,4032,0,3309,512,0,0,0.0,1.3581,nan,edge/x86_64,unknown,3.12.3,2026-10-09T18:41:14Z
46,ML-DSA-65,post-quantum,3,verify,0.0506,0.0,0.0,0.295,1952,4032,0,3309,512,0,0,0.0,0.7595,nan,edge/x86_64,unknown,3.12.3,2026-10-09T18:41:14Z
47,ML-DSA-65,post-quantum,3,keygen,0.0554,0.0,0.0,0.295,1952,4032,0,3309,0,0,0,0.0,0.8305,nan,edge/x86_64,unknown,3.12.3,2026-10-09T18:41:14Z
47,ML-DSA-65,post-quantum,3,sign,0.0784,0.0,0.0,0.295,1952,4032,0,3309,512,0,0,0.0,1.1755,nan,edge/x86_64,unknown,3.12.3,2026-10-09T18:41:14Z
47,ML-DSA-65,post-quantum,3,verify,0.0517,0.0,0.0,0.295,1952,4032,0,3309,512,0,0,0.0,0.775,nan,edge/x86_64,unknown,3.12.3,2026-10-09T18:41:14Z
48,ML-DSA-65,post-quantum,3,keygen,0.0584,0.0,0.0,0.295,1952,4032,0,3309,0,0,0,0.0,0.8765,nan,edge/x86_64,unknown,3.12.3,2026-10-09T18:41:14Z
48,ML-DSA-65,post-quantum,3,sign,0.1346,0.0,0.0,0.295,1952,4032,0,3309,512,0,0,0.0,2.0196,nan,edge/x86_64,unknown,3.12.3,2026-10-09T18:41:14Z
48,ML-DSA-65,post-quantum,3,verify,0.0718,0.0,0.0,0.295,1952,4032,0,3309,512,0,0,0.0,1.0771,nan,edge/x86_64,unknown,3.12.3,2026-10-09T18:41:14Z
49,ML-DSA-65,post-quantum,3,keygen,0.0628,0.0,0.0,0.295,1952,4032,0,3309,0,0,0,0.0,0.9419,nan,edge/x86_64,unknown,3.12.3,2026-10-09T18:41:14Z
49,ML-DSA-65,post-quantum,3,sign,0.08,0.0,0.0,0.295,1952,4032,0,3309,512,0,0,0.0,1.2,nan,edge/x86_64,unknown,3.12.3,2026-10-09T18:41:14Z
49,ML-DSA-65,post-quantum,3,verify,0.0514,0.0,0.0,0.295,1952,4032,0,3309,512,0,0,0.0,0.7712,nan,edge/x86_64,unknown,3.12.3,2026-10-09T18:41:14Z
50,ML-DSA-65,post-quantum,3,keygen,0.0548,0.0,0.0,0.295,1952,4032,0,3309,0,0,0,0.0,0.8221,nan,edge/x86_64,unknown,3.12.3,2026-10-09T18:41:14Z
50,ML-DSA-65,post-quantum,3,sign,0.1166,0.0,0.0,0.295,1952,4032,0,3309,512,0,0,0.0,1.7493,nan,edge/x86_64,unknown,3.12.3,2026-10-09T18:41:14Z
50,ML-DSA-65,post-quantum,3,verify,0.051,0.0,0.0,0.295,1952,4032,0,3309,512,0,0,0.0,0.7646,nan,edge/x86_64,unknown,3.12.3,2026-10-09T18:41:14Z
51,ML-DSA-65,post-quantum,3,keygen,0.0545,0.0,0.0,0.295,1952,4032,0,3309,0,0,0,0.0,0.8179,nan,edge/x86_64,unknown,3.12.3,2026-10-09T18:41:14Z
51,ML-DSA-65,post-quantum,3,sign,0.065,0.0,0.0,0.295,1952,4032,0,3309,512,0,0,0.0,0.9743,nan,edge/x86_64,unknown,3.12.3,2026-10-09T18:41:14Z
51,ML-DSA-65,post-quantum,3,verify,0.0503,0.0,0.0,0.295,1952,4032,0,3309,512,0,0,0.0,0.7538,nan,edge/x86_64,unknown,3.12.3,2026-10-09T18:41:14Z
52,ML-DSA-65,post-quantum,3,keygen,0.0543,0.0,0.0,0.295,1952,4032,0,3309,0,0,0,0.0,0.8147,nan,edge/x86_64,unknown,3.12.3,2026-10-09T18:41:14Z
52,ML-DSA-65,post-quantum,3,sign,0.0649,0.0,0.0,0.295,1952,4032,0,3309,512,0,0,0.0,0.9729,nan,edge/x86_64,unknown,3.12.3,2026-10-09T18:41:14Z
52,ML-DSA-65,post-quantum,3,verify,0.0506,0.0,0.0,0.295,1952,4032,0,3309,512,0,0,0.0,0.7597,nan,edge/x86_64,unknown,3.12.3,2026-10-09T18:41:14Z
53,ML-DSA-65,post-quantum,3,keygen,0.0557,0.0,0.0,0.295,1952,4032,0,3309,0,0,0,0.0,0.8351,nan,edge/x86_64,unknown,3.12.3,2026-10-09T18:41:14Z
53,ML-DSA-65,post-quantum,3,sign,0.1165,0.0,0.0,0.295,1952,4032,0,3309,512,0,0,0.0,1.7468,nan,edge/x86_64,unknown,3.12.3,2026-10-09T18:41:14Z
53,ML-DSA-65,post-quantum,3,verify,0.0522,0.0,0.0,0.295,1952,4032,0,3309,512,0,0,0.0,0.7831,nan,edge/x86_64,unknown,3.12.3,2026-10-09T18:41:14Z
54,ML-DSA-65,post-quantum,3,keygen,0.0549,0.0,0.0,0.295,1952,4032,0,3309,0,0,0,0.0,0.8237,nan,edge/x86_64,unknown,3.12.3,2026-10-09T18:41:14Z
54,ML-DSA-65,post-quantum,3,sign,0.0769,0.0,0.0,0.295,1952,4032,0,3309,512,0,0,0.0,1.1528,nan,edge/x86_64,unknown,3.12.3,2026-10-09T18:41:14Z
54,ML-DSA-65,post-quantum,3,verify,0.0554,0.0,0.0,0.295,1952,4032,0,3309,512,0,0,0.0,0.8316,nan,edge/x86_64,unknown,3.12.3,2026-10-09T18:41:14Z
55,ML-DSA-65,post-quantum,3,keygen,0.0675,0.0,0.0,0.295,1952,4032,0,3309,0,0,0,0.0,1.0125,nan,edge/x86_64,unknown,3.12.3,2026-10-09T18:41:14Z
55,ML-DSA-65,post-quantum,3,sign,0.2131,0.0,0.0,0.295,1952,4032,0,3309,512,0,0,0.0,3.1968,nan,edge/x86_64,unknown,3.12.3,2026-10-09T18:41:14Z
55,ML-DSA-65,post-quantum,3,verify,0.0511,0.0,0.0,0.295,1952,4032,0,3309,512,0,0,0.0,0.7669,nan,edge/x86_64,unknown,3.12.3,2026-10-09T18:41:14Z
56,ML-DSA-65,post-quantum,3,keygen,0.0551,0.0,0.0,0.295,1952,4032,0,3309,0,0,0,0.0,0.826,nan,edge/x86_64,unknown,3.12.3,2026-10-09T18:41:14Z
56,ML-DSA-65,post-quantum,3,sign,0.0769,0.0,0.0,0.295,1952,4032,0,3309,512,0,0,0.0,1.1534,nan,edge/x86_64,unknown,3.12.3,2026-10-09T18:41:14Z
56,ML-DSA-65,post-quantum,3,verify,0.0507,0.0,0.0,0.295,1952,4032,0,3309,512,0,0,0.0,0.7603,nan,edge/x86_64,unknown,3.12.3,2026-10-09T18:41:14Z
57,ML-DSA-65,post-quantum,3,keygen,0.0539,0.0,0.0,0.295,1952,4032,0,3309,0,0,0,0.0,0.8083,nan,edge/x86_64,unknown,3.12.3,2026-10-09T18:41:14Z
57,ML-DSA-65,post-quantum,3,sign,0.076,0.0,0.0,0.295,1952,4032,0,3309,512,0,0,0.0,1.1407,nan,edge/x86_64,unknown,3.12.3,2026-10-09T18:41:14Z
57,ML-DSA-65,post-quantum,3,verify,0.0735,0.0,0.0,0.295,1952,4032,0,3309,512,0,0,0.0,1.1021,nan,edge/x86_64,unknown,3.12.3,2026-10-09T18:41:14Z
58,ML-DSA-65,post-quantum,3,keygen,0.0627,0.0,0.0,0.295,1952,4032,0,3309,0,0,0,0.0,0.9402,nan,edge/x86_64,unknown,3.12.3,2026-10-09T18:41:14Z
58,ML-DSA-65,post-quantum,3,sign,0.0988,0.0,0.0,0.295,1952,4032,0,3309,512,0,0,0.0,1.4816,nan,edge/x86_64,unknown,3.12.3,2026-10-09T18:41:14Z
58,ML-DSA-65,post-quantum,3,verify,0.0514,0.0,0.0,0.295,1952,4032,0,3309,512,0,0,0.0,0.7713,nan,edge/x86_64,unknown,3.12.3,2026-10-09T18:41:14Z
59,ML-DSA-65,post-quantum,3,keygen,0.07,0.0,0.0,0.295,1952,4032,0,3309,0,0,0,0.0,1.0503,nan,edge/x86_64,unknown,3.12.3,2026-10-09T18:41:14Z
59,ML-DSA-65,post-quantum,3,sign,0.1224,0.0,0.0,0.295,1952,4032,0,3309,512,0,0,0.0,1.8367,nan,edge/x86_64,unknown,3.12.3,2026-10-09T18:41:14Z
59,ML-DSA-65,post-quantum,3,verify,0.0617,0.0,0.0,0.295,1952,4032,0,3309,512,0,0,0.0,0.9256,nan,edge/x86_64,unknown,3.12.3,2026-10-09T18:41:14Z
60,ML-DSA-65,post-quantum,3,keygen,0.0555,0.0,0.0,0.295,1952,4032,0,3309,0,0,0,0.0,0.8323,nan,edge/x86_64,unknown,3.12.3,2026-10-09T18:41:14Z
60,ML-DSA-65,post-quantum,3,sign,0.1105,0.0,0.0,0.295,1952,4032,0,3309,512,0,0,0.0,1.6574,nan,edge/x86_64,unknown,3.12.3,2026-10-09T18:41:14Z
60,ML-DSA-65,post-quantum,3,verify,0.0505,0.0,0.0,0.295,1952,4032,0,3309,512,0,0,0.0,0.7572,nan,edge/x86_64,unknown,3.12.3,2026-10-09T18:41:14Z
61,ML-DSA-65,post-quantum,3,keygen,0.0557,0.0,0.0,0.295,1952,4032,0,3309,0,0,0,0.0,0.8351,nan,edge/x86_64,unknown,3.12.3,2026-10-09T18:41:14Z
61,ML-DSA-65,post-quantum,3,sign,0.0813,0.0,0.0,0.295,1952,4032,0,3309,512,0,0,0.0,1.2201,nan,edge/x86_64,unknown,3.12.3,2026-10-09T18:41:14Z
61,ML-DSA-65,post-quantum,3,verify,0.0511,0.0,0.0,0.295,1952,4032,0,3309,512,0,0,0.0,0.7663,nan,edge/x86_64,unknown,3.12.3,2026-10-09T18:41:14Z
62,ML-DSA-65,post-quantum,3,keygen,0.0549,0.0,0.0,0.295,1952,4032,0,3309,0,0,0,0.0,0.8235,nan,edge/x86_64,unknown,3.12.3,2026-10-09T18:41:14Z
62,ML-DSA-65,post-quantum,3,sign,0.0771,0.0,0.0,0.295,1952,4032,0,3309,512,0,0,0.0,1.1558,nan,edge/x86_64,unknown,3.12.3,2026-10-09T18:41:14Z
62,ML-DSA-65,post-quantum,3,verify,0.0512,0.0,0.0,0.295,1952,4032,0,3309,512,0,0,0.0,0.7687,nan,edge/x86_64,unknown,3.12.3,2026-10-09T18:41:14Z
63,ML-DSA-65,post-quantum,3,keygen,0.0559,0.0,0.0,0.295,1952,4032,0,3309,0,0,0,0.0,0.8385,nan,edge/x86_64,unknown,3.12.3,2026-10-09T18:41:14Z
63,ML-DSA-65,post-quantum,3,sign,0.0986,0.0,0.0,0.295,1952,4032,0,3309,512,0,0,0.0,1.4793,nan,edge/x86_64,unknown,3.12.3,2026-10-09T18:41:14Z
63,ML-DSA-65,post-quantum,3,verify,0.0514,0.0,0.0,0.295,1952,4032,0,3309,512,0,0,0.0,0.7712,nan,edge/x86_64,unknown,3.12.3,2026-10-09T18:41:14Z
64,ML-DSA-65,post-quantum,3,keygen,0.0547,0.0,0.0,0.295,1952,4032,0,3309,0,0,0,0.0,0.8203,nan,edge/x86_64,unknown,3.12.3,2026-10-09T18:41:14Z
64,ML-DSA-65,post-quantum,3,sign,0.0926,0.0,0.0,0.295,1952,4032,0,3309,512,0,0,0.0,1.3888,nan,edge/x86_64,unknown,3.12.3,2026-10-09T18:41:14Z
64,ML-DSA-65,post-quantum,3,verify,0.0509,0.0,0.0,0.295,1952,4032,0,3309,512,0,0,0.0,0.7641,nan,edge/x86_64,unknown,3.12.3,2026-10-09T18:41:14Z
65,ML-DSA-65,post-quantum,3,keygen,0.0545,0.0,0.0,0.295,1952,4032,0,3309,0,0,0,0.0,0.8178,nan,edge/x86_64,unknown,3.12.3,2026-10-09T18:41:14Z
65,ML-DSA-65,post-quantum,3,sign,0.1004,0.0,0.0,0.295,1952,4032,0,3309,512,0,0,0.0,1.5064,nan,edge/x86_64,unknown,3.12.3,2026-10-09T18:41:14Z
65,ML-DSA-65,post-quantum,3,verify,0.0509,0.0,0.0,0.295,1952,4032,0,3309,512,0,0,0.0,0.7632,nan,edge/x86_64,unknown,3.12.3,2026-10-09T18:41:14Z
66,ML-DSA-65,post-quantum,3,keygen,0.055,0.0,0.0,0.295,1952,4032,0,3309,0,0,0,0.0,0.8257,nan,edge/x86_64,unknown,3.12.3,2026-10-09T18:41:14Z
66,ML-DSA-65,post-quantum,3,sign,0.0784,0.0,0.0,0.295,1952,4032,0,3309,512,0,0,0.0,1.1758,nan,edge/x86_64,unknown,3.12.3,2026-10-09T18:41:14Z
66,ML-DSA-65,post-quantum,3,verify,0.0972,0.0,0.0,0.295,1952,4032,0,3309,512,0,0,0.0,1.4587,nan,edge/x86_64,unknown,3.12.3,2026-10-09T18:41:14Z
67,ML-DSA-65,post-quantum,3,keygen,0.0665,0.0,0.0,0.295,1952,4032,0,3309,0,0,0,0.0,0.9976,nan,edge/x86_64,unknown,3.12.3,2026-10-09T18:41:14Z
67,ML-DSA-65,post-quantum,3,sign,0.3479,0.0,0.0,0.295,1952,4032,0,3309,512,0,0,0.0,5.2189,nan,edge/x86_64,unknown,3.12.3,2026-10-09T18:41:14Z
67,ML-DSA-65,post-quantum,3,verify,0.0527,0.0,0.0,0.295,1952,4032,0,3309,512,0,0,0.0,0.7898,nan,edge/x86_64,unknown,3.12.3,2026-10-09T18:41:14Z
68,ML-DSA-65,post-quantum,3,keygen,0.0559,0.0,0.0,0.295,1952,4032,0,3309,0,0,0,0.0,0.8379,nan,edge/x86_64,unknown,3.12.3,2026-10-09T18:41:14Z
68,ML-DSA-65,post-quantum,3,sign,0.0776,0.0,0.0,0.295,1952,4032,0,3309,512,0,0,0.0,1.1641,nan,edge/x86_64,unknown,3.12.3,2026-10-09T18:41:14Z
68,ML-DSA-65,post-quantum,3,verify,0.0511,0.0,0.0,0.295,1952,4032,0,3309,512,0,0,0.0,0.7666,nan,edge/x86_64,unknown,3.12.3,2026-10-09T18:41:14Z
69,ML-DSA-65,post-quantum,3,keygen,0.0552,0.0,0.0,0.295,1952,4032,0,3309,0,0,0,0.0,0.8275,nan,edge/x86_64,unknown,3.12.3,2026-10-09T18:41:14Z
69,ML-DSA-65,post-quantum,3,sign,0.1439,0.0,0.0,0.295,1952,4032,0,3309,512,0,0,0.0,2.159,nan,edge/x86_64,unknown,3.12.3,2026-10-09T18:41:14Z
69,ML-DSA-65,post-quantum,3,verify,0.0504,0.0,0.0,0.295,1952,4032,0,3309,512,0,0,0.0,0.7567,nan,edge/x86_64,unknown,3.12.3,2026-10-09T18:41:14Z
70,ML-DSA-65,post-quantum,3,keygen,0.055,0.0,0.0,0.295,1952,4032,0,3309,0,0,0,0.0,0.8255,nan,edge/x86_64,unknown,3.12.3,2026-10-09T18:41:14Z
70,ML-DSA-65,post-quantum,3,sign,0.087,0.0,0.0,0.295,1952,4032,0,3309,512,0,0,0.0,1.3044,nan,edge/x86_64,unknown,3.12.3,2026-10-09T18:41:14Z
70,ML-DSA-65,post-quantum,3,verify,0.0505,0.0,0.0,0.295,1952,4032,0,3309,512,0,0,0.0,0.7573,nan,edge/x86_64,unknown,3.12.3,2026-10-09T18:41:14Z
71,ML-DSA-65,post-quantum,3,keygen,0.0554,0.0,0.0,0.295,1952,4032,0,3309,0,0,0,0.0,0.8309,nan,edge/x86_64,unknown,3.12.3,2026-10-09T18:41:14Z
71,ML-DSA-65,post-quantum,3,sign,0.185,0.0,0.0,0.295,1952,4032,0,3309,512,0,0,0.0,2.775,nan,edge/x86_64,unknown,3.12.3,2026-10-09T18:41:14Z
71,ML-DSA-65,post-quantum,3,verify,0.0514,0.0,0.0,0.295,1952,4032,0,3309,512,0,0,0.0,0.7715,nan,edge/x86_64,unknown,3.12.3,2026-10-09T18:41:14Z
72,ML-DSA-65,post-quantum,3,keygen,0.0553,0.0,0.0,0.295,1952,4032,0,3309,0,0,0,0.0,0.8288,nan,edge/x86_64,unknown,3.12.3,2026-10-09T18:41:14Z
72,ML-DSA-65,post-quantum,3,sign,0.1235,0.0,0.0,0.295,1952,4032,0,3309,512,0,0,0.0,1.852,nan,edge/x86_64,unknown,3.12.3,2026-10-09T18:41:14Z
72,ML-DSA-65,post-quantum,3,verify,0.0507,0.0,0.0,0.295,1952,4032,0,3309,512,0,0,0.0,0.7609,nan,edge/x86_64,unknown,3.12.3,2026-10-09T18:41:14Z
73,ML-DSA-65,post-quantum,3,keygen,0.0553,0.0,0.0,0.295,1952,4032,0,3309,0,0,0,0.0,0.8294,nan,edge/x86_64,unknown,3.12.3,2026-10-09T18:41:14Z
73,ML-DSA-65,post-quantum,3,sign,0.1338,0.0,0.0,0.295,1952,4032,0,3309,512,0,0,0.0,2.0063,nan,edge/x86_64,unknown,3.12.3,2026-10-09T18:41:14Z
73,ML-DSA-65,post-quantum,3,verify,0.0712,0.0,0.0,0.295,1952,4032,0,3309,512,0,0,0.0,1.0684,nan,edge/x86_64,unknown,3.12.3,2026-10-09T18:41:14Z
74,ML-DSA-65,post-quantum,3,keygen,0.0628,0.0,0.0,0.295,1952,4032,0,3309,0,0,0,0.0,0.9419,nan,edge/x86_64,unknown,3.12.3,2026-10-09T18:41:14Z
74,ML-DSA-65,post-quantum,3,sign,0.1354,0.0,0.0,0.295,1952,4032,0,3309,512,0,0,0.0,2.0303,nan,edge/x86_64,unknown,3.12.3,2026-10-09T18:41:14Z
74,ML-DSA-65,post-quantum,3,verify,0.0673,0.0,0.0,0.295,1952,4032,0,3309,512,0,0,0.0,1.0092,nan,edge/x86_64,unknown,3.12.3,2026-10-09T18:41:14Z
75,ML-DSA-65,post-quantum,3,keygen,0.0575,0.0,0.0,0.295,1952,4032,0,3309,0,0,0,0.0,0.8618,nan,edge/x86_64,unknown,3.12.3,2026-10-09T18:41:14Z
75,ML-DSA-65,post-quantum,3,sign,0.2194,0.0,0.0,0.295,1952,4032,0,3309,512,0,0,0.0,3.2908,nan,edge/x86_64,unknown,3.12.3,2026-10-09T18:41:14Z
75,ML-DSA-65,post-quantum,3,verify,0.051,0.0,0.0,0.295,1952,4032,0,3309,512,0,0,0.0,0.7654,nan,edge/x86_64,unknown,3.12.3,2026-10-09T18:41:14Z
76,ML-DSA-65,post-quantum,3,keygen,0.0549,0.0,0.0,0.295,1952,4032,0,3309,0,0,0,0.0,0.8237,nan,edge/x86_64,unknown,3.12.3,2026-10-09T18:41:14Z
76,ML-DSA-65,post-quantum,3,sign,0.0901,0.0,0.0,0.295,1952,4032,0,3309,512,0,0,0.0,1.3521,nan,edge/x86_64,unknown,3.12.3,2026-10-09T18:41:14Z
76,ML-DSA-65,post-quantum,3,verify,0.0509,0.0,0.0,0.295,1952,4032,0,3309,512,0,0,0.0,0.7639,nan,edge/x86_64,unknown,3.12.3,2026-10-09T18:41:14Z
77,ML-DSA-65,post-quantum,3,keygen,0.0545,0.0,0.0,0.295,1952,4032,0,3309,0,0,0,0.0,0.8176,nan,edge/x86_64,unknown,3.12.3,2026-10-09T18:41:14Z
77,ML-DSA-65,post-quantum,3,sign,0.077,0.0,0.0,0.295,1952,4032,0,3309,512,0,0,0.0,1.1551,nan,edge/x86_64,unknown,3.12.3,2026-10-09T18:41:14Z
77,ML-DSA-65,post-quantum,3,verify,0.0514,0.0,0.0,0.295,1952,4032,0,3309,512,0,0,0.0,0.7709,nan,edge/x86_64,unknown,3.12.3,2026-10-09T18:41:14Z
78,ML-DSA-65,post-quantum,3,keygen,0.0554,0.0,0.0,0.295,1952,4032,0,3309,0,0,0,0.0,0.8316,nan,edge/x86_64,unknown,3.12.3,2026-10-09T18:41:14Z
78,ML-DSA-65,post-quantum,3,sign,0.1907,0.0,0.0,0.295,1952,4032,0,3309,512,0,0,0.0,2.8606,nan,edge/x86_64,unknown,3.12.3,2026-10-09T18:41:14Z
78,ML-DSA-65,post-quantum,3,verify,0.0513,0.0,0.0,0.295,1952,4032,0,3309,512,0,0,0.0,0.7696,nan,edge/x86_64,unknown,3.12.3,2026-10-09T18:41:14Z
79,ML-DSA-65,post-quantum,3,keygen,0.055,0.0,0.0,0.295,1952,4032,0,3309,0,0,0,0.0,0.8253,nan,edge/x86_64,unknown,3.12.3,2026-10-09T18:41:14Z
79,ML-DSA-65,post-quantum,3,sign,0.0649,0.0,0.0,0.295,1952,4032,0,3309,512,0,0,0.0,0.9734,nan,edge/x86_64,unknown,3.12.3,2026-10-09T18:41:14Z
79,ML-DSA-65,post-quantum,3,verify,0.0509,0.0,0.0,0.295,1952,4032,0,3309,512,0,0,0.0,0.7635,nan,edge/x86_64,unknown,3.12.3,2026-10-09T18:41:14Z
80,ML-DSA-65,post-quantum,3,keygen,0.055,0.0,0.0,0.295,1952,4032,0,3309,0,0,0,0.0,0.8246,nan,edge/x86_64,unknown,3.12.3,2026-10-09T18:41:14Z
80,ML-DSA-65,post-quantum,3,sign,0.121,0.0,0.0,0.295,1952,4032,0,3309,512,0,0,0.0,1.8147,nan,edge/x86_64,unknown,3.12.3,2026-10-09T18:41:14Z
80,ML-DSA-65,post-quantum,3,verify,0.0503,0.0,0.0,0.295,1952,4032,0,3309,512,0,0,0.0,0.7547,nan,edge/x86_64,unknown,3.12.3,2026-10-09T18:41:14Z
81,ML-DSA-65,post-quantum,3,keygen,0.0548,0.0,0.0,0.295,1952,4032,0,3309,0,0,0,0.0,0.8213,nan,edge/x86_64,unknown,3.12.3,2026-10-09T18:41:14Z
81,ML-DSA-65,post-quantum,3,sign,0.0649,0.0,0.0,0.295,1952,4032,0,3309,512,0,0,0.0,0.9737,nan,edge/x86_64,unknown,3.12.3,2026-10-09T18:41:14Z
81,ML-DSA-65,post-quantum,3,verify,0.0757,0.0,0.0,0.295,1952,4032,0,3309,512,0,0,0.0,1.1352,nan,edge/x86_64,unknown,3.12.3,2026-10-09T18:41:14Z
82,ML-DSA-65,post-quantum,3,keygen,0.063,0.0,0.0,0.295,1952,4032,0,3309,0,0,0,0.0,0.9452,nan,edge/x86_64,unknown,3.12.3,2026-10-09T18:41:14Z
82,ML-DSA-65,post-quantum,3,sign,0.1461,0.0,0.0,0.295,1952,4032,0,3309,512,0,0,0.0,2.1921,nan,edge/x86_64,unknown,3.12.3,2026-10-09T18:41:14Z
82,ML-DSA-65,post-quantum,3,verify,0.0645,0.0,0.0,0.295,1952,4032,0,3309,512,0,0,0.0,0.9673,nan,edge/x86_64,unknown,3.12.3,2026-10-09T18:41:14Z
83,ML-DSA-65,post-quantum,3,keygen,0.056,0.0,0.0,0.295,1952,4032,0,3309,0,0,0,0.0,0.8399,nan,edge/x86_64,unknown,3.12.3,2026-10-09T18:41:14Z
83,ML-DSA-65,post-quantum,3,sign,0.0784,0.0,0.0,0.295,1952,4032,0,3309,512,0,0,0.0,1.1756,nan,edge/x86_64,unknown,3.12.3,2026-10-09T18:41:14Z
83,ML-DSA-65,post-quantum,3,verify,0.0579,0.0,0.0,0.295,1952,4032,0,3309,512,0,0,0.0,0.8678,nan,edge/x86_64,unknown,3.12.3,2026-10-09T18:41:14Z
84,ML-DSA-65,post-quantum,3,keygen,0.0553,0.0,0.0,0.295,1952,4032,0,3309,0,0,0,0.0,0.8302,nan,edge/x86_64,unknown,3.12.3,2026-10-09T18:41:14Z
84,ML-DSA-65,post-quantum,3,sign,0.0655,0.0,0.0,0.295,1952,4032,0,3309,512,0,0,0.0,0.982,nan,edge/x86_64,unknown,3.12.3,2026-10-09T18:41:14Z
84,ML-DSA-65,post-quantum,3,verify,0.0505,0.0,0.0,0.295,1952,4032,0,3309,512,0,0,0.0,0.7575,nan,edge/x86_64,unknown,3.12.3,2026-10-09T18:41:14Z
85,ML-DSA-65,post-quantum,3,keygen,0.0544,0.0,0.0,0.295,1952,4032,0,3309,0,0,0,0.0,0.8166,nan,edge/x86_64,unknown,3.12.3,2026-10-09T18:41:14Z
85,ML-DSA-65,post-quantum,3,sign,0.0761,0.0,0.0,0.295,1952,4032,0,3309,512,0,0,0.0,1.1421,nan,edge/x86_64,unknown,3.12.3,2026-10-09T18:41:14Z
85,ML-DSA-65,post-quantum,3,verify,0.0504,0.0,0.0,0.295,1952,4032,0,3309,512,0,0,0.0,0.7555,nan,edge/x86_64,unknown,3.12.3,2026-10-09T18:41:14Z
86,ML-DSA-65,post-quantum,3,keygen,0.0547,0.0,0.0,0.295,1952,4032,0,3309,0,0,0,0.0,0.8205,nan,edge/x86_64,unknown,3.12.3,2026-10-09T18:41:14Z
86,ML-DSA-65,post-quantum,3,sign,0.076,0.0,0.0,0.295,1952,4032,0,3309,512,0,0,0.0,1.1399,nan,edge/x86_64,unknown,3.12.3,2026-10-09T18:41:14Z
86,ML-DSA-65,post-quantum,3,verify,0.0505,0.0,0.0,0.295,1952,4032,0,3309,512,0,0,0.0,0.7581,nan,edge/x86_64,unknown,3.12.3,2026-10-09T18:41:14Z
87,ML-DSA-65,post-quantum,3,keygen,0.0545,0.0,0.0,0.295,1952,4032,0,3309,0,0,0,0.0,0.8175,nan,edge/x86_64,unknown,3.12.3,2026-10-09T18:41:14Z
87,ML-DSA-65,post-quantum,3,sign,0.0764,0.0,0.0,0.295,1952,4032,0,3309,512,0,0,0.0,1.146,nan,edge/x86_64,unknown,3.12.3,2026-10-09T18:41:14Z
87,ML-DSA-65,post-quantum,3,verify,0.0503,0.0,0.0,0.295,1952,4032,0,3309,512,0,0,0.0,0.7539,nan,edge/x86_64,unknown,3.12.3,2026-10-09T18:41:14Z
88,ML-DSA-65,post-quantum,3,keygen,0.0564,0.0,0.0,0.295,1952,4032,0,3309,0,0,0,0.0,0.8461,nan,edge/x86_64,unknown,3.12.3,2026-10-09T18:41:14Z
88,ML-DSA-65,post-quantum,3,sign,0.085,0.0,0.0,0.295,1952,4032,0,3309,512,0,0,0.0,1.2756,nan,edge/x86_64,unknown,3.12.3,2026-10-09T18:41:14Z
88,ML-DSA-65,post-quantum,3,verify,0.0507,0.0,0.0,0.295,1952,4032,0,3309,512,0,0,0.0,0.7606,nan,edge/x86_64,unknown,3.12.3,2026-10-09T18:41:14Z
89,ML-DSA-65,post-quantum,3,keygen,0.0545,0.0,0.0,0.295,1952,4032,0,3309,0,0,0,0.0,0.8182,nan,edge/x86_64,unknown,3.12.3,2026-10-09T18:41:14Z
89,ML-DSA-65,post-quantum,3,sign,0.0646,0.0,0.0,0.295,1952,4032,0,3309,512,0,0,0.0,0.9686,nan,edge/x86_64,unknown,3.12.3,2026-10-09T18:41:14Z
89,ML-DSA-65,post-quantum,3,verify,0.0508,0.0,0.0,0.295,1952,4032,0,3309,512,0,0,0.0,0.7616,nan,edge/x86_64,unknown,3.12.3,2026-10-09T18:41:14Z
90,ML-DSA-65,post-quantum,3,keygen,0.0549,0.0,0.0,0.295,1952,4032,0,3309,0,0,0,0.0,0.8238,nan,edge/x86_64,unknown,3.12.3,2026-10-09T18:41:14Z
90,ML-DSA-65,post-quantum,3,sign,0.065,0.0,0.0,0.295,1952,4032,0,3309,512,0,0,0.0,0.9746,nan,edge/x86_64,unknown,3.12.3,2026-10-09T18:41:14Z
90,ML-DSA-65,post-quantum,3,verify,0.0504,0.0,0.0,0.295,1952,4032,0,3309,512,0,0,0.0,0.7563,nan,edge/x86_64,unknown,3.12.3,2026-10-09T18:41:14Z
91,ML-DSA-65,post-quantum,3,keygen,0.0544,0.0,0.0,0.295,1952,4032,0,3309,0,0,0,0.0,0.8163,nan,edge/x86_64,unknown,3.12.3,2026-10-09T18:41:14Z
91,ML-DSA-65,post-quantum,3,sign,0.0647,0.0,0.0,0.295,1952,4032,0,3309,512,0,0,0.0,0.9698,nan,edge/x86_64,unknown,3.12.3,2026-10-09T18:41:14Z
91,ML-DSA-65,post-quantum,3,verify,0.0716,0.0,0.0,0.295,1952,4032,0,3309,512,0,0,0.0,1.074,nan,edge/x86_64,unknown,3.12.3,2026-10-09T18:41:14Z
92,ML-DSA-65,post-quantum,3,keygen,0.0609,0.0,0.0,0.295,1952,4032,0,3309,0,0,0,0.0,0.9129,nan,edge/x86_64,unknown,3.12.3,2026-10-09T18:41:14Z
92,ML-DSA-65,post-quantum,3,sign,0.201,0.0,0.0,0.295,1952,4032,0,3309,512,0,0,0.0,3.015,nan,edge/x86_64,unknown,3.12.3,2026-10-09T18:41:14Z
92,ML-DSA-65,post-quantum,3,verify,0.0518,0.0,0.0,0.295,1952,4032,0,3309,512,0,0,0.0,0.7773,nan,edge/x86_64,unknown,3.12.3,2026-10-09T18:41:14Z
93,ML-DSA-65,post-quantum,3,keygen,0.0547,0.0,0.0,0.295,1952,4032,0,3309,0,0,0,0.0,0.8208,nan,edge/x86_64,unknown,3.12.3,2026-10-09T18:41:14Z
93,ML-DSA-65,post-quantum,3,sign,0.0808,0.0,0.0,0.295,1952,4032,0,3309,512,0,0,0.0,1.2116,nan,edge/x86_64,unknown,3.12.3,2026-10-09T18:41:14Z
93,ML-DSA-65,post-quantum,3,verify,0.0509,0.0,0.0,0.295,1952,4032,0,3309,512,0,0,0.0,0.7628,nan,edge/x86_64,unknown,3.12.3,2026-10-09T18:41:14Z
94,ML-DSA-65,post-quantum,3,keygen,0.0931,0.0,0.0,0.295,1952,4032,0,3309,0,0,0,0.0,1.396,nan,edge/x86_64,unknown,3.12.3,2026-10-09T18:41:14Z
94,ML-DSA-65,post-quantum,3,sign,0.1506,0.0,0.0,0.295,1952,4032,0,3309,512,0,0,0.0,2.2594,nan,edge/x86_64,unknown,3.12.3,2026-10-09T18:41:14Z
94,ML-DSA-65,post-quantum,3,verify,0.0521,0.0,0.0,0.295,1952,4032,0,3309,512,0,0,0.0,0.7812,nan,edge/x86_64,unknown,3.12.3,2026-10-09T18:41:14Z
95,ML-DSA-65,post-quantum,3,keygen,0.064,0.0,0.0,0.295,1952,4032,0,3309,0,0,0,0.0,0.9605,nan,edge/x86_64,unknown,3.12.3,2026-10-09T18:41:14Z
95,ML-DSA-65,post-quantum,3,sign,0.0773,0.0,0.0,0.295,1952,4032,0,3309,512,0,0,0.0,1.1595,nan,edge/x86_64,unknown,3.12.3,2026-10-09T18:41:14Z
95,ML-DSA-65,post-quantum,3,verify,0.0517,0.0,0.0,0.295,1952,4032,0,3309,512,0,0,0.0,0.7761,nan,edge/x86_64,unknown,3.12.3,2026-10-09T18:41:14Z
96,ML-DSA-65,post-quantum,3,keygen,0.0551,0.0,0.0,0.295,1952,4032,0,3309,0,0,0,0.0,0.826,nan,edge/x86_64,unknown,3.12.3,2026-10-09T18:41:14Z
96,ML-DSA-65,post-quantum,3,sign,0.0804,0.0,0.0,0.295,1952,4032,0,3309,512,0,0,0.0,1.2053,nan,edge/x86_64,unknown,3.12.3,2026-10-09T18:41:14Z
96,ML-DSA-65,post-quantum,3,verify,0.0625,0.0,0.0,0.295,1952,4032,0,3309,512,0,0,0.0,0.9369,nan,edge/x86_64,unknown,3.12.3,2026-10-09T18:41:14Z
97,ML-DSA-65,post-quantum,3,keygen,0.0557,0.0,0.0,0.295,1952,4032,0,3309,0,0,0,0.0,0.836,nan,edge/x86_64,unknown,3.12.3,2026-10-09T18:41:14Z
97,ML-DSA-65,post-quantum,3,sign,0.1905,0.0,0.0,0.295,1952,4032,0,3309,512,0,0,0.0,2.857,nan,edge/x86_64,unknown,3.12.3,2026-10-09T18:41:14Z
97,ML-DSA-65,post-quantum,3,verify,0.0507,0.0,0.0,0.295,1952,4032,0,3309,512,0,0,0.0,0.7609,nan,edge/x86_64,unknown,3.12.3,2026-10-09T18:41:14Z
98,ML-DSA-65,post-quantum,3,keygen,0.0557,0.0,0.0,0.295,1952,4032,0,3309,0,0,0,0.0,0.8359,nan,edge/x86_64,unknown,3.12.3,2026-10-09T18:41:14Z
98,ML-DSA-65,post-quantum,3,sign,0.0772,0.0,0.0,0.295,1952,4032,0,3309,512,0,0,0.0,1.1578,nan,edge/x86_64,unknown,3.12.3,2026-10-09T18:41:14Z
98,ML-DSA-65,post-quantum,3,verify,0.0504,0.0,0.0,0.295,1952,4032,0,3309,512,0,0,0.0,0.7559,nan,edge/x86_64,unknown,3.12.3,2026-10-09T18:41:14Z
99,ML-DSA-65,post-quantum,3,keygen,0.0549,0.0,0.0,0.295,1952,4032,0,3309,0,0,0,0.0,0.824,nan,edge/x86_64,unknown,3.12.3,2026-10-09T18:41:14Z
99,ML-DSA-65,post-quantum,3,sign,0.0652,0.0,0.0,0.295,1952,4032,0,3309,512,0,0,0.0,0.9777,nan,edge/x86_64,unknown,3.12.3,2026-10-09T18:41:14Z
99,ML-DSA-65,post-quantum,3,verify,0.0702,0.0,0.0,0.295,1952,4032,0,3309,512,0,0,0.0,1.0536,nan,edge/x86_64,unknown,3.12.3,2026-10-09T18:41:14Z
100,ML-DSA-65,post-quantum,3,keygen,0.0626,0.0,0.0,0.295,1952,4032,0,3309,0,0,0,0.0,0.939,nan,edge/x86_64,unknown,3.12.3,2026-10-09T18:41:14Z
100,ML-DSA-65,post-quantum,3,sign,0.0675,0.0,0.0,0.295,1952,4032,0,3309,512,0,0,0.0,1.0129,nan,edge/x86_64,unknown,3.12.3,2026-10-09T18:41:14Z
100,ML-DSA-65,post-quantum,3,verify,0.0514,0.0,0.0,0.295,1952,4032,0,3309,512,0,0,0.0,0.7704,nan,edge/x86_64,unknown,3.12.3,2026-10-09T18:41:14Z
101,ML-DSA-65,post-quantum,3,keygen,0.0683,0.0,0.0,0.295,1952,4032,0,3309,0,0,0,0.0,1.0245,nan,edge/x86_64,unknown,3.12.3,2026-10-09T18:41:14Z
101,ML-DSA-65,post-quantum,3,sign,0.1115,0.0,0.0,0.295,1952,4032,0,3309,512,0,0,0.0,1.672,nan,edge/x86_64,unknown,3.12.3,2026-10-09T18:41:14Z
101,ML-DSA-65,post-quantum,3,verify,0.0542,0.0,0.0,0.295,1952,4032,0,3309,512,0,0,0.0,0.8133,nan,edge/x86_64,unknown,3.12.3,2026-10-09T18:41:14Z
102,ML-DSA-65,post-quantum,3,keygen,0.0549,0.0,0.0,0.295,1952,4032,0,3309,0,0,0,0.0,0.8241,nan,edge/x86_64,unknown,3.12.3,2026-10-09T18:41:14Z
102,ML-DSA-65,post-quantum,3,sign,0.1005,0.0,0.0,0.295,1952,4032,0,3309,512,0,0,0.0,1.5075,nan,edge/x86_64,unknown,3.12.3,2026-10-09T18:41:14Z
102,ML-DSA-65,post-quantum,3,verify,0.0506,0.0,0.0,0.295,1952,4032,0,3309,512,0,0,0.0,0.7591,nan,edge/x86_64,unknown,3.12.3,2026-10-09T18:41:14Z
103,ML-DSA-65,post-quantum,3,keygen,0.0546,0.0,0.0,0.295,1952,4032,0,3309,0,0,0,0.0,0.819,nan,edge/x86_64,unknown,3.12.3,2026-10-09T18:41:14Z
103,ML-DSA-65,post-quantum,3,sign,0.0877,0.0,0.0,0.295,1952,4032,0,3309,512,0,0,0.0,1.3149,nan,edge/x86_64,unknown,3.12.3,2026-10-09T18:41:14Z
103,ML-DSA-65,post-quantum,3,verify,0.0505,0.0,0.0,0.295,1952,4032,0,3309,512,0,0,0.0,0.7578,nan,edge/x86_64,unknown,3.12.3,2026-10-09T18:41:14Z
104,ML-DSA-65,post-quantum,3,keygen,0.0543,0.0,0.0,0.295,1952,4032,0,3309,0,0,0,0.0,0.8151,nan,edge/x86_64,unknown,3.12.3,2026-10-09T18:41:14Z
104,ML-DSA-65,post-quantum,3,sign,0.1036,0.0,0.0,0.295,1952,4032,0,3309,512,0,0,0.0,1.5533,nan,edge/x86_64,unknown,3.12.3,2026-10-09T18:41:14Z
104,ML-DSA-65,post-quantum,3,verify,0.0504,0.0,0.0,0.295,1952,4032,0,3309,512,0,0,0.0,0.7562,nan,edge/x86_64,unknown,3.12.3,2026-10-09T18:41:14Z
105,ML-DSA-65,post-quantum,3,keygen,0.055,0.0,0.0,0.295,1952,4032,0,3309,0,0,0,0.0,0.8252,nan,edge/x86_64,unknown,3.12.3,2026-10-09T18:41:14Z
105,ML-DSA-65,post-quantum,3,sign,0.1456,0.0,0.0,0.295,1952,4032,0,3309,512,0,0,0.0,2.1845,nan,edge/x86_64,unknown,3.12.3,2026-10-09T18:41:14Z
105,ML-DSA-65,post-quantum,3,verify,0.0508,0.0,0.0,0.295,1952,4032,0,3309,512,0,0,0.0,0.7617,nan,edge/x86_64,unknown,3.12.3,2026-10-09T18:41:14Z
106,ML-DSA-65,post-quantum,3,keygen,0.0553,0.0,0.0,0.295,1952,4032,0,3309,0,0,0,0.0,0.8291,nan,edge/x86_64,unknown,3.12.3,2026-10-09T18:41:14Z
106,ML-DSA-65,post-quantum,3,sign,0.1094,0.0,0.0,0.295,1952,4032,0,3309,512,0,0,0.0,1.6403,nan,edge/x86_64,unknown,3.12.3,2026-10-09T18:41:14Z
106,ML-DSA-65,post-quantum,3,verify,0.0504,0.0,0.0,0.295,1952,4032,0,3309,512,0,0,0.0,0.7556,nan,edge/x86_64,unknown,3.12.3,2026-10-09T18:41:14Z
107,ML-DSA-65,post-quantum,3,keygen,0.0541,0.0,0.0,0.295,1952,4032,0,3309,0,0,0,0.0,0.8114,nan,edge/x86_64,unknown,3.12.3,2026-10-09T18:41:14Z
107,ML-DSA-65,post-quantum,3,sign,0.1314,0.0,0.0,0.295,1952,4032,0,3309,512,0,0,0.0,1.9714,nan,edge/x86_64,unknown,3.12.3,2026-10-09T18:41:14Z
107,ML-DSA-65,post-quantum,3,verify,0.0568,0.0,0.0,0.295,1952,4032,0,3309,512,0,0,0.0,0.8523,nan,edge/x86_64,unknown,3.12.3,2026-10-09T18:41:14Z
108,ML-DSA-65,post-quantum,3,keygen,0.055,0.0,0.0,0.295,1952,4032,0,3309,0,0,0,0.0,0.8253,nan,edge/x86_64,unknown,3.12.3,2026-10-09T18:41:14Z
108,ML-DSA-65,post-quantum,3,sign,0.1773,0.0,0.0,0.295,1952,4032,0,3309,512,0,0,0.0,2.6588,nan,edge/x86_64,unknown,3.12.3,2026-10-09T18:41:14Z
108,ML-DSA-65,post-quantum,3,verify,0.0553,0.0,0.0,0.295,1952,4032,0,3309,512,0,0,0.0,0.8294,nan,edge/x86_64,unknown,3.12.3,2026-10-09T18:41:14Z
109,ML-DSA-65,post-quantum,3,keygen,0.0588,0.0,0.0,0.295,1952,4032,0,3309,0,0,0,0.0,0.882,nan,edge/x86_64,unknown,3.12.3,2026-10-09T18:41:14Z
109,ML-DSA-65,post-quantum,3,sign,0.1046,0.0,0.0,0.295,1952,4032,0,3309,512,0,0,0.0,1.5692,nan,edge/x86_64,unknown,3.12.3,2026-10-09T18:41:14Z
109,ML-DSA-65,post-quantum,3,verify,0.0514,0.0,0.0,0.295,1952,4032,0,3309,512,0,0,0.0,0.771,nan,edge/x86_64,unknown,3.12.3,2026-10-09T18:41:14Z
110,ML-DSA-65,post-quantum,3,keygen,0.0551,0.0,0.0,0.295,1952,4032,0,3309,0,0,0,0.0,0.8264,nan,edge/x86_64,unknown,3.12.3,2026-10-09T18:41:14Z
110,ML-DSA-65,post-quantum,3,sign,0.2119,0.0,0.0,0.295,1952,4032,0,3309,512,0,0,0.0,3.1791,nan,edge/x86_64,unknown,3.12.3,2026-10-09T18:41:14Z
110,ML-DSA-65,post-quantum,3,verify,0.0504,0.0,0.0,0.295,1952,4032,0,3309,512,0,0,0.0,0.7566,nan,edge/x86_64,unknown,3.12.3,2026-10-09T18:41:14Z
111,ML-DSA-65,post-quantum,3,keygen,0.0548,0.0,0.0,0.295,1952,4032,0,3309,0,0,0,0.0,0.8218,nan,edge/x86_64,unknown,3.12.3,2026-10-09T18:41:14Z
111,ML-DSA-65,post-quantum,3,sign,0.0768,0.0,0.0,0.295,1952,4032,0,3309,512,0,0,0.0,1.1513,nan,edge/x86_64,unknown,3.12.3,2026-10-09T18:41:14Z
111,ML-DSA-65,post-quantum,3,verify,0.0502,0.0,0.0,0.295,1952,4032,0,3309,512,0,0,0.0,0.7531,nan,edge/x86_64,unknown,3.12.3,2026-10-09T18:41:14Z
112,ML-DSA-65,post-quantum,3,keygen,0.054,0.0,0.0,0.295,1952,4032,0,3309,0,0,0,0.0,0.8107,nan,edge/x86_64,unknown,3.12.3,2026-10-09T18:41:14Z
112,ML-DSA-65,post-quantum,3,sign,0.1694,0.0,0.0,0.295,1952,4032,0,3309,512,0,0,0.0,2.5411,nan,edge/x86_64,unknown,3.12.3,2026-10-09T18:41:14Z
112,ML-DSA-65,post-quantum,3,verify,0.0502,0.0,0.0,0.295,1952,4032,0,3309,512,0,0,0.0,0.7536,nan,edge/x86_64,unknown,3.12.3,2026-10-09T18:41:14Z
113,ML-DSA-65,post-quantum,3,keygen,0.0637,0.0,0.0,0.295,1952,4032,0,3309,0,0,0,0.0,0.9554,nan,edge/x86_64,unknown,3.12.3,2026-10-09T18:41:14Z
113,ML-DSA-65,post-quantum,3,sign,0.0903,0.0,0.0,0.295,1952,4032,0,3309,512,0,0,0.0,1.354,nan,edge/x86_64,unknown,3.12.3,2026-10-09T18:41:14Z
113,ML-DSA-65,post-quantum,3,verify,0.0526,0.0,0.0,0.295,1952,4032,0,3309,512,0,0,0.0,0.7884,nan,edge/x86_64,unknown,3.12.3,2026-10-09T18:41:14Z
114,ML-DSA-65,post-quantum,3,keygen,0.055,0.0,0.0,0.295,1952,4032,0,3309,0,0,0,0.0,0.825,nan,edge/x86_64,unknown,3.12.3,2026-10-09T18:41:14Z
114,ML-DSA-65,post-quantum,3,sign,0.0648,0.0,0.0,0.295,1952,4032,0,3309,512,0,0,0.0,0.9719,nan,edge/x86_64,unknown,3.12.3,2026-10-09T18:41:14Z
114,ML-DSA-65,post-quantum,3,verify,0.0503,0.0,0.0,0.295,1952,4032,0,3309,512,0,0,0.0,0.7541,nan,edge/x86_64,unknown,3.12.3,2026-10-09T18:41:14Z
115,ML-DSA-65,post-quantum,3,keygen,0.0587,0.0,0.0,0.295,1952,4032,0,3309,0,0,0,0.0,0.8802,nan,edge/x86_64,unknown,3.12.3,2026-10-09T18:41:14Z
115,ML-DSA-65,post-quantum,3,sign,0.1161,0.0,0.0,0.295,1952,4032,0,3309,512,0,0,0.0,1.7414,nan,edge/x86_64,unknown,3.12.3,2026-10-09T18:41:14Z
115,ML-DSA-65,post-quantum,3,verify,0.0503,0.0,0.0,0.295,1952,4032,0,3309,512,0,0,0.0,0.7552,nan,edge/x86_64,unknown,3.12.3,2026-10-09T18:41:14Z
116,ML-DSA-65,post-quantum,3,keygen,0.0545,0.0,0.0,0.295,1952,4032,0,3309,0,0,0,0.0,0.8173,nan,edge/x86_64,unknown,3.12.3,2026-10-09T18:41:14Z
116,ML-DSA-65,post-quantum,3,sign,0.0778,0.0,0.0,0.295,1952,4032,0,3309,512,0,0,0.0,1.1663,nan,edge/x86_64,unknown,3.12.3,2026-10-09T18:41:14Z
116,ML-DSA-65,post-quantum,3,verify,0.0825,0.0,0.0,0.295,1952,4032,0,3309,512,0,0,0.0,1.2377,nan,edge/x86_64,unknown,3.12.3,2026-10-09T18:41:14Z
117,ML-DSA-65,post-quantum,3,keygen,0.0587,0.0,0.0,0.295,1952,4032,0,3309,0,0,0,0.0,0.8803,nan,edge/x86_64,unknown,3.12.3,2026-10-09T18:41:14Z
117,ML-DSA-65,post-quantum,3,sign,0.1627,0.0,0.0,0.295,1952,4032,0,3309,512,0,0,0.0,2.4404,nan,edge/x86_64,unknown,3.12.3,2026-10-09T18:41:14Z
117,ML-DSA-65,post-quantum,3,verify,0.0516,0.0,0.0,0.295,1952,4032,0,3309,512,0,0,0.0,0.7745,nan,edge/x86_64,unknown,3.12.3,2026-10-09T18:41:14Z
118,ML-DSA-65,post-quantum,3,keygen,0.0558,0.0,0.0,0.295,1952,4032,0,3309,0,0,0,0.0,0.8374,nan,edge/x86_64,unknown,3.12.3,2026-10-09T18:41:14Z
118,ML-DSA-65,post-quantum,3,sign,0.0785,0.0,0.0,0.295,1952,4032,0,3309,512,0,0,0.0,1.1778,nan,edge/x86_64,unknown,3.12.3,2026-10-09T18:41:14Z
118,ML-DSA-65,post-quantum,3,verify,0.0504,0.0,0.0,0.295,1952,4032,0,3309,512,0,0,0.0,0.7562,nan,edge/x86_64,unknown,3.12.3,2026-10-09T18:41:14Z
119,ML-DSA-65,post-quantum,3,keygen,0.0549,0.0,0.0,0.295,1952,4032,0,3309,0,0,0,0.0,0.8234,nan,edge/x86_64,unknown,3.12.3,2026-10-09T18:41:14Z
119,ML-DSA-65,post-quantum,3,sign,0.0913,0.0,0.0,0.295,1952,4032,0,3309,512,0,0,0.0,1.3692,nan,edge/x86_64,unknown,3.12.3,2026-10-09T18:41:14Z
119,ML-DSA-65,post-quantum,3,verify,0.0512,0.0,0.0,0.295,1952,4032,0,3309,512,0,0,0.0,0.7682,nan,edge/x86_64,unknown,3.12.3,2026-10-09T18:41:14Z
120,ML-DSA-65,post-quantum,3,keygen,0.055,0.0,0.0,0.295,1952,4032,0,3309,0,0,0,0.0,0.825,nan,edge/x86_64,unknown,3.12.3,2026-10-09T18:41:14Z
120,ML-DSA-65,post-quantum,3,sign,0.0776,0.0,0.0,0.295,1952,4032,0,3309,512,0,0,0.0,1.1644,nan,edge/x86_64,unknown,3.12.3,2026-10-09T18:41:14Z
120,ML-DSA-65,post-quantum,3,verify,0.0504,0.0,0.0,0.295,1952,4032,0,3309,512,0,0,0.0,0.7557,nan,edge/x86_64,unknown,3.12.3,2026-10-09T18:41:14Z
121,ML-DSA-65,post-quantum,3,keygen,0.0547,0.0,0.0,0.295,1952,4032,0,3309,0,0,0,0.0,0.8209,nan,edge/x86_64,unknown,3.12.3,2026-10-09T18:41:14Z
121,ML-DSA-65,post-quantum,3,sign,0.1712,0.0,0.0,0.295,1952,4032,0,3309,512,0,0,0.0,2.5683,nan,edge/x86_64,unknown,3.12.3,2026-10-09T18:41:14Z
121,ML-DSA-65,post-quantum,3,verify,0.0607,0.0,0.0,0.295,1952,4032,0,3309,512,0,0,0.0,0.9101,nan,edge/x86_64,unknown,3.12.3,2026-10-09T18:41:14Z
122,ML-DSA-65,post-quantum,3,keygen,0.0566,0.0,0.0,0.295,1952,4032,0,3309,0,0,0,0.0,0.8489,nan,edge/x86_64,unknown,3.12.3,2026-10-09T18:41:14Z
122,ML-DSA-65,post-quantum,3,sign,0.2001,0.0,0.0,0.295,1952,4032,0,3309,512,0,0,0.0,3.0011,nan,edge/x86_64,unknown,3.12.3,2026-10-09T18:41:14Z
122,ML-DSA-65,post-quantum,3,verify,0.0513,0.0,0.0,0.295,1952,4032,0,3309,512,0,0,0.0,0.7689,nan,edge/x86_64,unknown,3.12.3,2026-10-09T18:41:14Z
123,ML-DSA-65,post-quantum,3,keygen,0.0551,0.0,0.0,0.295,1952,4032,0,3309,0,0,0,0.0,0.826,nan,edge/x86_64,unknown,3.12.3,2026-10-09T18:41:14Z
123,ML-DSA-65,post-quantum,3,sign,0.0653,0.0,0.0,0.295,1952,4032,0,3309,512,0,0,0.0,0.9788,nan,edge/x86_64,unknown,3.12.3,2026-10-09T18:41:14Z
123,ML-DSA-65,post-quantum,3,verify,0.0504,0.0,0.0,0.295,1952,4032,0,3309,512,0,0,0.0,0.7567,nan,edge/x86_64,unknown,3.12.3,2026-10-09T18:41:14Z
124,ML-DSA-65,post-quantum,3,keygen,0.0541,0.0,0.0,0.295,1952,4032,0,3309,0,0,0,0.0,0.812,nan,edge/x86_64,unknown,3.12.3,2026-10-09T18:41:14Z
124,ML-DSA-65,post-quantum,3,sign,0.1326,0.0,0.0,0.295,1952,4032,0,3309,512,0,0,0.0,1.9883,nan,edge/x86_64,unknown,3.12.3,2026-10-09T18:41:14Z
124,ML-DSA-65,post-quantum,3,verify,0.0723,0.0,0.0,0.295,1952,4032,0,3309,512,0,0,0.0,1.0845,nan,edge/x86_64,unknown,3.12.3,2026-10-09T18:41:14Z
125,ML-DSA-65,post-quantum,3,keygen,0.0628,0.0,0.0,0.295,1952,4032,0,3309,0,0,0,0.0,0.9416,nan,edge/x86_64,unknown,3.12.3,2026-10-09T18:41:14Z
125,ML-DSA-65,post-quantum,3,sign,0.0804,0.0,0.0,0.295,1952,4032,0,3309,512,0,0,0.0,1.2063,nan,edge/x86_64,unknown,3.12.3,2026-10-09T18:41:14Z
125,ML-DSA-65,post-quantum,3,verify,0.0637,0.0,0.0,0.295,1952,4032,0,3309,512,0,0,0.0,0.9555,nan,edge/x86_64,unknown,3.12.3,2026-10-09T18:41:14Z
126,ML-DSA-65,post-quantum,3,keygen,0.057,0.0,0.0,0.295,1952,4032,0,3309,0,0,0,0.0,0.855,nan,edge/x86_64,unknown,3.12.3,2026-10-09T18:41:14Z
126,ML-DSA-65,post-quantum,3,sign,0.0661,0.0,0.0,0.295,1952,4032,0,3309,512,0,0,0.0,0.9908,nan,edge/x86_64,unknown,3.12.3,2026-10-09T18:41:14Z
126,ML-DSA-65,post-quantum,3,verify,0.0506,0.0,0.0,0.295,1952,4032,0,3309,512,0,0,0.0,0.7584,nan,edge/x86_64,unknown,3.12.3,2026-10-09T18:41:14Z
127,ML-DSA-65,post-quantum,3,keygen,0.0546,0.0,0.0,0.295,1952,4032,0,3309,0,0,0,0.0,0.8189,nan,edge/x86_64,unknown,3.12.3,2026-10-09T18:41:14Z
127,ML-DSA-65,post-quantum,3,sign,0.2641,0.0,0.0,0.295,1952,4032,0,3309,512,0,0,0.0,3.9618,nan,edge/x86_64,unknown,3.12.3,2026-10-09T18:41:14Z
127,ML-DSA-65,post-quantum,3,verify,0.0775,0.0,0.0,0.295,1952,4032,0,3309,512,0,0,0.0,1.1628,nan,edge/x86_64,unknown,3.12.3,2026-10-09T18:41:14Z
128,ML-DSA-65,post-quantum,3,keygen,0.0697,0.0,0.0,0.295,1952,4032,0,3309,0,0,0,0.0,1.0449,nan,edge/x86_64,unknown,3.12.3,2026-10-09T18:41:14Z
128,ML-DSA-65,post-quantum,3,sign,0.1295,0.0,0.0,0.295,1952,4032,0,3309,512,0,0,0.0,1.9432,nan,edge/x86_64,unknown,3.12.3,2026-10-09T18:41:14Z
128,ML-DSA-65,post-quantum,3,verify,0.059,0.0,0.0,0.295,1952,4032,0,3309,512,0,0,0.0,0.8844,nan,edge/x86_64,unknown,3.12.3,2026-10-09T18:41:14Z
129,ML-DSA-65,post-quantum,3,keygen,0.1127,0.0,0.0,0.295,1952,4032,0,3309,0,0,0,0.0,1.6909,nan,edge/x86_64,unknown,3.12.3,2026-10-09T18:41:14Z
129,ML-DSA-65,post-quantum,3,sign,0.0986,0.0,0.0,0.295,1952,4032,0,3309,512,0,0,0.0,1.4786,nan,edge/x86_64,unknown,3.12.3,2026-10-09T18:41:14Z
129,ML-DSA-65,post-quantum,3,verify,0.0524,0.0,0.0,0.295,1952,4032,0,3309,512,0,0,0.0,0.7861,nan,edge/x86_64,unknown,3.12.3,2026-10-09T18:41:14Z
130,ML-DSA-65,post-quantum,3,keygen,0.0559,0.0,0.0,0.295,1952,4032,0,3309,0,0,0,0.0,0.8385,nan,edge/x86_64,unknown,3.12.3,2026-10-09T18:41:14Z
130,ML-DSA-65,post-quantum,3,sign,0.1239,0.0,0.0,0.295,1952,4032,0,3309,512,0,0,0.0,1.8584,nan,edge/x86_64,unknown,3.12.3,2026-10-09T18:41:14Z
130,ML-DSA-65,post-quantum,3,verify,0.0508,0.0,0.0,0.295,1952,4032,0,3309,512,0,0,0.0,0.7614,nan,edge/x86_64,unknown,3.12.3,2026-10-09T18:41:14Z
131,ML-DSA-65,post-quantum,3,keygen,0.0548,0.0,0.0,0.295,1952,4032,0,3309,0,0,0,0.0,0.822,nan,edge/x86_64,unknown,3.12.3,2026-10-09T18:41:14Z
131,ML-DSA-65,post-quantum,3,sign,0.3347,0.0,0.0,0.295,1952,4032,0,3309,512,0,0,0.0,5.0202,nan,edge/x86_64,unknown,3.12.3,2026-10-09T18:41:14Z
131,ML-DSA-65,post-quantum,3,verify,0.0658,0.0,0.0,0.295,1952,4032,0,3309,512,0,0,0.0,0.9876,nan,edge/x86_64,unknown,3.12.3,2026-10-09T18:41:14Z
132,ML-DSA-65,post-quantum,3,keygen,0.0714,0.0,0.0,0.295,1952,4032,0,3309,0,0,0,0.0,1.0711,nan,edge/x86_64,unknown,3.12.3,2026-10-09T18:41:14Z
132,ML-DSA-65,post-quantum,3,sign,0.1183,0.0,0.0,0.295,1952,4032,0,3309,512,0,0,0.0,1.7742,nan,edge/x86_64,unknown,3.12.3,2026-10-09T18:41:14Z
132,ML-DSA-65,post-quantum,3,verify,0.0564,0.0,0.0,0.295,1952,4032,0,3309,512,0,0,0.0,0.8461,nan,edge/x86_64,unknown,3.12.3,2026-10-09T18:41:14Z
133,ML-DSA-65,post-quantum,3,keygen,0.0589,0.0,0.0,0.295,1952,4032,0,3309,0,0,0,0.0,0.8831,nan,edge/x86_64,unknown,3.12.3,2026-10-09T18:41:14Z
133,ML-DSA-65,post-quantum,3,sign,0.0774,0.0,0.0,0.295,1952,4032,0,3309,512,0,0,0.0,1.1614,nan,edge/x86_64,unknown,3.12.3,2026-10-09T18:41:14Z
133,ML-DSA-65,post-quantum,3,verify,0.0521,0.0,0.0,0.295,1952,4032,0,3309,512,0,0,0.0,0.7819,nan,edge/x86_64,unknown,3.12.3,2026-10-09T18:41:14Z
134,ML-DSA-65,post-quantum,3,keygen,0.0559,0.0,0.0,0.295,1952,4032,0,3309,0,0,0,0.0,0.8378,nan,edge/x86_64,unknown,3.12.3,2026-10-09T18:41:14Z
134,ML-DSA-65,post-quantum,3,sign,0.0835,0.0,0.0,0.295,1952,4032,0,3309,512,0,0,0.0,1.2527,nan,edge/x86_64,unknown,3.12.3,2026-10-09T18:41:14Z
134,ML-DSA-65,post-quantum,3,verify,0.0511,0.0,0.0,0.295,1952,4032,0,3309,512,0,0,0.0,0.7661,nan,edge/x86_64,unknown,3.12.3,2026-10-09T18:41:14Z
135,ML-DSA-65,post-quantum,3,keygen,0.0555,0.0,0.0,0.295,1952,4032,0,3309,0,0,0,0.0,0.8322,nan,edge/x86_64,unknown,3.12.3,2026-10-09T18:41:14Z
135,ML-DSA-65,post-quantum,3,sign,0.1748,0.0,0.0,0.295,1952,4032,0,3309,512,0,0,0.0,2.6214,nan,edge/x86_64,unknown,3.12.3,2026-10-09T18:41:14Z
135,ML-DSA-65,post-quantum,3,verify,0.0573,0.0,0.0,0.295,1952,4032,0,3309,512,0,0,0.0,0.8602,nan,edge/x86_64,unknown,3.12.3,2026-10-09T18:41:14Z
136,ML-DSA-65,post-quantum,3,keygen,0.0592,0.0,0.0,0.295,1952,4032,0,3309,0,0,0,0.0,0.8885,nan,edge/x86_64,unknown,3.12.3,2026-10-09T18:41:14Z
136,ML-DSA-65,post-quantum,3,sign,0.1454,0.0,0.0,0.295,1952,4032,0,3309,512,0,0,0.0,2.1812,nan,edge/x86_64,unknown,3.12.3,2026-10-09T18:41:14Z
136,ML-DSA-65,post-quantum,3,verify,0.0514,0.0,0.0,0.295,1952,4032,0,3309,512,0,0,0.0,0.7706,nan,edge/x86_64,unknown,3.12.3,2026-10-09T18:41:14Z
137,ML-DSA-65,post-quantum,3,keygen,0.0552,0.0,0.0,0.295,1952,4032,0,3309,0,0,0,0.0,0.8276,nan,edge/x86_64,unknown,3.12.3,2026-10-09T18:41:14Z
137,ML-DSA-65,post-quantum,3,sign,0.1149,0.0,0.0,0.295,1952,4032,0,3309,512,0,0,0.0,1.723,nan,edge/x86_64,unknown,3.12.3,2026-10-09T18:41:14Z
137,ML-DSA-65,post-quantum,3,verify,0.0515,0.0,0.0,0.295,1952,4032,0,3309,512,0,0,0.0,0.7718,nan,edge/x86_64,unknown,3.12.3,2026-10-09T18:41:14Z
138,ML-DSA-65,post-quantum,3,keygen,0.0552,0.0,0.0,0.295,1952,4032,0,3309,0,0,0,0.0,0.8283,nan,edge/x86_64,unknown,3.12.3,2026-10-09T18:41:14Z
138,ML-DSA-65,post-quantum,3,sign,0.28,0.0,0.0,0.295,1952,4032,0,3309,512,0,0,0.0,4.1996,nan,edge/x86_64,unknown,3.12.3,2026-10-09T18:41:14Z
138,ML-DSA-65,post-quantum,3,verify,0.0565,0.0,0.0,0.295,1952,4032,0,3309,512,0,0,0.0,0.847,nan,edge/x86_64,unknown,3.12.3,2026-10-09T18:41:14Z
139,ML-DSA-65,post-quantum,3,keygen,0.0603,0.0,0.0,0.295,1952,4032,0,3309,0,0,0,0.0,0.9049,nan,edge/x86_64,unknown,3.12.3,2026-10-09T18:41:14Z
139,ML-DSA-65,post-quantum,3,sign,0.1718,0.0,0.0,0.295,1952,4032,0,3309,512,0,0,0.0,2.5768,nan,edge/x86_64,unknown,3.12.3,2026-10-09T18:41:14Z
139,ML-DSA-65,post-quantum,3,verify,0.0763,0.0,0.0,0.295,1952,4032,0,3309,512,0,0,0.0,1.1451,nan,edge/x86_64,unknown,3.12.3,2026-10-09T18:41:14Z
140,ML-DSA-65,post-quantum,3,keygen,0.0627,0.0,0.0,0.295,1952,4032,0,3309,0,0,0,0.0,0.9407,nan,edge/x86_64,unknown,3.12.3,2026-10-09T18:41:14Z
140,ML-DSA-65,post-quantum,3,sign,0.149,0.0,0.0,0.295,1952,4032,0,3309,512,0,0,0.0,2.2349,nan,edge/x86_64,unknown,3.12.3,2026-10-09T18:41:14Z
140,ML-DSA-65,post-quantum,3,verify,0.0698,0.0,0.0,0.295,1952,4032,0,3309,512,0,0,0.0,1.0466,nan,edge/x86_64,unknown,3.12.3,2026-10-09T18:41:14Z
141,ML-DSA-65,post-quantum,3,keygen,0.0589,0.0,0.0,0.295,1952,4032,0,3309,0,0,0,0.0,0.884,nan,edge/x86_64,unknown,3.12.3,2026-10-09T18:41:14Z
141,ML-DSA-65,post-quantum,3,sign,0.0769,0.0,0.0,0.295,1952,4032,0,3309,512,0,0,0.0,1.154,nan,edge/x86_64,unknown,3.12.3,2026-10-09T18:41:14Z
141,ML-DSA-65,post-quantum,3,verify,0.051,0.0,0.0,0.295,1952,4032,0,3309,512,0,0,0.0,0.765,nan,edge/x86_64,unknown,3.12.3,2026-10-09T18:41:14Z
142,ML-DSA-65,post-quantum,3,keygen,0.0566,0.0,0.0,0.295,1952,4032,0,3309,0,0,0,0.0,0.849,nan,edge/x86_64,unknown,3.12.3,2026-10-09T18:41:14Z
142,ML-DSA-65,post-quantum,3,sign,0.0655,0.0,0.0,0.295,1952,4032,0,3309,512,0,0,0.0,0.9822,nan,edge/x86_64,unknown,3.12.3,2026-10-09T18:41:14Z
142,ML-DSA-65,post-quantum,3,verify,0.0502,0.0,0.0,0.295,1952,4032,0,3309,512,0,0,0.0,0.7528,nan,edge/x86_64,unknown,3.12.3,2026-10-09T18:41:14Z
143,ML-DSA-65,post-quantum,3,keygen,0.0545,0.0,0.0,0.295,1952,4032,0,3309,0,0,0,0.0,0.8181,nan,edge/x86_64,unknown,3.12.3,2026-10-09T18:41:14Z
143,ML-DSA-65,post-quantum,3,sign,0.1425,0.0,0.0,0.295,1952,4032,0,3309,512,0,0,0.0,2.1369,nan,edge/x86_64,unknown,3.12.3,2026-10-09T18:41:14Z
143,ML-DSA-65,post-quantum,3,verify,0.0514,0.0,0.0,0.295,1952,4032,0,3309,512,0,0,0.0,0.7717,nan,edge/x86_64,unknown,3.12.3,2026-10-09T18:41:14Z
144,ML-DSA-65,post-quantum,3,keygen,0.0548,0.0,0.0,0.295,1952,4032,0,3309,0,0,0,0.0,0.8214,nan,edge/x86_64,unknown,3.12.3,2026-10-09T18:41:14Z
144,ML-DSA-65,post-quantum,3,sign,0.1471,0.0,0.0,0.295,1952,4032,0,3309,512,0,0,0.0,2.2066,nan,edge/x86_64,unknown,3.12.3,2026-10-09T18:41:14Z
144,ML-DSA-65,post-quantum,3,verify,0.0509,0.0,0.0,0.295,1952,4032,0,3309,512,0,0,0.0,0.764,nan,edge/x86_64,unknown,3.12.3,2026-10-09T18:41:14Z
145,ML-DSA-65,post-quantum,3,keygen,0.0584,0.0,0.0,0.295,1952,4032,0,3309,0,0,0,0.0,0.8761,nan,edge/x86_64,unknown,3.12.3,2026-10-09T18:41:14Z
145,ML-DSA-65,post-quantum,3,sign,0.138,0.0,0.0,0.295,1952,4032,0,3309,512,0,0,0.0,2.0698,nan,edge/x86_64,unknown,3.12.3,2026-10-09T18:41:14Z
145,ML-DSA-65,post-quantum,3,verify,0.0505,0.0,0.0,0.295,1952,4032,0,3309,512,0,0,0.0,0.7574,nan,edge/x86_64,unknown,3.12.3,2026-10-09T18:41:14Z
146,ML-DSA-65,post-quantum,3,keygen,0.0548,0.0,0.0,0.295,1952,4032,0,3309,0,0,0,0.0,0.8216,nan,edge/x86_64,unknown,3.12.3,2026-10-09T18:41:14Z
146,ML-DSA-65,post-quantum,3,sign,0.1142,0.0,0.0,0.295,1952,4032,0,3309,512,0,0,0.0,1.7124,nan,edge/x86_64,unknown,3.12.3,2026-10-09T18:41:14Z
146,ML-DSA-65,post-quantum,3,verify,0.0506,0.0,0.0,0.295,1952,4032,0,3309,512,0,0,0.0,0.7585,nan,edge/x86_64,unknown,3.12.3,2026-10-09T18:41:14Z
147,ML-DSA-65,post-quantum,3,keygen,0.0544,0.0,0.0,0.295,1952,4032,0,3309,0,0,0,0.0,0.8167,nan,edge/x86_64,unknown,3.12.3,2026-10-09T18:41:14Z
147,ML-DSA-65,post-quantum,3,sign,0.1095,0.0,0.0,0.295,1952,4032,0,3309,512,0,0,0.0,1.6424,nan,edge/x86_64,unknown,3.12.3,2026-10-09T18:41:14Z
147,ML-DSA-65,post-quantum,3,verify,0.0508,0.0,0.0,0.295,1952,4032,0,3309,512,0,0,0.0,0.7626,nan,edge/x86_64,unknown,3.12.3,2026-10-09T18:41:14Z
148,ML-DSA-65,post-quantum,3,keygen,0.0656,0.0,0.0,0.295,1952,4032,0,3309,0,0,0,0.0,0.9837,nan,edge/x86_64,unknown,3.12.3,2026-10-09T18:41:14Z
148,ML-DSA-65,post-quantum,3,sign,0.15,0.0,0.0,0.295,1952,4032,0,3309,512,0,0,0.0,2.2498,nan,edge/x86_64,unknown,3.12.3,2026-10-09T18:41:14Z
148,ML-DSA-65,post-quantum,3,verify,0.0599,0.0,0.0,0.295,1952,4032,0,3309,512,0,0,0.0,0.8983,nan,edge/x86_64,unknown,3.12.3,2026-10-09T18:41:14Z
149,ML-DSA-65,post-quantum,3,keygen,0.0556,0.0,0.0,0.295,1952,4032,0,3309,0,0,0,0.0,0.8345,nan,edge/x86_64,unknown,3.12.3,2026-10-09T18:41:14Z
149,ML-DSA-65,post-quantum,3,sign,0.1101,0.0,0.0,0.295,1952,4032,0,3309,512,0,0,0.0,1.6514,nan,edge/x86_64,unknown,3.12.3,2026-10-09T18:41:14Z
149,ML-DSA-65,post-quantum,3,verify,0.0515,0.0,0.0,0.295,1952,4032,0,3309,512,0,0,0.0,0.7731,nan,edge/x86_64,unknown,3.12.3,2026-10-09T18:41:14Z
150,ML-DSA-65,post-quantum,3,keygen,0.0552,0.0,0.0,0.295,1952,4032,0,3309,0,0,0,0.0,0.8277,nan,edge/x86_64,unknown,3.12.3,2026-10-09T18:41:14Z
150,ML-DSA-65,post-quantum,3,sign,0.1218,0.0,0.0,0.295,1952,4032,0,3309,512,0,0,0.0,1.827,nan,edge/x86_64,unknown,3.12.3,2026-10-09T18:41:14Z
150,ML-DSA-65,post-quantum,3,verify,0.0513,0.0,0.0,0.295,1952,4032,0,3309,512,0,0,0.0,0.7688,nan,edge/x86_64,unknown,3.12.3,2026-10-09T18:41:14Z
151,ML-DSA-65,post-quantum,3,keygen,0.056,0.0,0.0,0.295,1952,4032,0,3309,0,0,0,0.0,0.8405,nan,edge/x86_64,unknown,3.12.3,2026-10-09T18:41:14Z
151,ML-DSA-65,post-quantum,3,sign,0.3612,0.0,0.0,0.295,1952,4032,0,3309,512,0,0,0.0,5.4177,nan,edge/x86_64,unknown,3.12.3,2026-10-09T18:41:14Z
151,ML-DSA-65,post-quantum,3,verify,0.0523,0.0,0.0,0.295,1952,4032,0,3309,512,0,0,0.0,0.7843,nan,edge/x86_64,unknown,3.12.3,2026-10-09T18:41:14Z
152,ML-DSA-65,post-quantum,3,keygen,0.0553,0.0,0.0,0.295,1952,4032,0,3309,0,0,0,0.0,0.8297,nan,edge/x86_64,unknown,3.12.3,2026-10-09T18:41:14Z
152,ML-DSA-65,post-quantum,3,sign,0.1507,0.0,0.0,0.295,1952,4032,0,3309,512,0,0,0.0,2.2599,nan,edge/x86_64,unknown,3.12.3,2026-10-09T18:41:14Z
152,ML-DSA-65,post-quantum,3,verify,0.0504,0.0,0.0,0.295,1952,4032,0,3309,512,0,0,0.0,0.7553,nan,edge/x86_64,unknown,3.12.3,2026-10-09T18:41:14Z
153,ML-DSA-65,post-quantum,3,keygen,0.0546,0.0,0.0,0.295,1952,4032,0,3309,0,0,0,0.0,0.8188,nan,edge/x86_64,unknown,3.12.3,2026-10-09T18:41:14Z
153,ML-DSA-65,post-quantum,3,sign,0.0989,0.0,0.0,0.295,1952,4032,0,3309,512,0,0,0.0,1.4836,nan,edge/x86_64,unknown,3.12.3,2026-10-09T18:41:14Z
153,ML-DSA-65,post-quantum,3,verify,0.0504,0.0,0.0,0.295,1952,4032,0,3309,512,0,0,0.0,0.7563,nan,edge/x86_64,unknown,3.12.3,2026-10-09T18:41:14Z
154,ML-DSA-65,post-quantum,3,keygen,0.0542,0.0,0.0,0.295,1952,4032,0,3309,0,0,0,0.0,0.8137,nan,edge/x86_64,unknown,3.12.3,2026-10-09T18:41:14Z
154,ML-DSA-65,post-quantum,3,sign,0.0744,0.0,0.0,0.295,1952,4032,0,3309,512,0,0,0.0,1.1159,nan,edge/x86_64,unknown,3.12.3,2026-10-09T18:41:14Z
154,ML-DSA-65,post-quantum,3,verify,0.0509,0.0,0.0,0.295,1952,4032,0,3309,512,0,0,0.0,0.7636,nan,edge/x86_64,unknown,3.12.3,2026-10-09T18:41:14Z
155,ML-DSA-65,post-quantum,3,keygen,0.0714,0.0,0.0,0.295,1952,4032,0,3309,0,0,0,0.0,1.0714,nan,edge/x86_64,unknown,3.12.3,2026-10-09T18:41:14Z
155,ML-DSA-65,post-quantum,3,sign,0.1686,0.0,0.0,0.295,1952,4032,0,3309,512,0,0,0.0,2.5297,nan,edge/x86_64,unknown,3.12.3,2026-10-09T18:41:14Z
155,ML-DSA-65,post-quantum,3,verify,0.0562,0.0,0.0,0.295,1952,4032,0,3309,512,0,0,0.0,0.8424,nan,edge/x86_64,unknown,3.12.3,2026-10-09T18:41:14Z
156,ML-DSA-65,post-quantum,3,keygen,0.056,0.0,0.0,0.295,1952,4032,0,3309,0,0,0,0.0,0.8401,nan,edge/x86_64,unknown,3.12.3,2026-10-09T18:41:14Z
156,ML-DSA-65,post-quantum,3,sign,0.1334,0.0,0.0,0.295,1952,4032,0,3309,512,0,0,0.0,2.0008,nan,edge/x86_64,unknown,3.12.3,2026-10-09T18:41:14Z
156,ML-DSA-65,post-quantum,3,verify,0.0507,0.0,0.0,0.295,1952,4032,0,3309,512,0,0,0.0,0.7611,nan,edge/x86_64,unknown,3.12.3,2026-10-09T18:41:14Z
157,ML-DSA-65,post-quantum,3,keygen,0.0552,0.0,0.0,0.295,1952,4032,0,3309,0,0,0,0.0,0.8277,nan,edge/x86_64,unknown,3.12.3,2026-10-09T18:41:14Z
157,ML-DSA-65,post-quantum,3,sign,0.0764,0.0,0.0,0.295,1952,4032,0,3309,512,0,0,0.0,1.1459,nan,edge/x86_64,unknown,3.12.3,2026-10-09T18:41:14Z
157,ML-DSA-65,post-quantum,3,verify,0.0505,0.0,0.0,0.295,1952,4032,0,3309,512,0,0,0.0,0.7581,nan,edge/x86_64,unknown,3.12.3,2026-10-09T18:41:14Z
158,ML-DSA-65,post-quantum,3,keygen,0.0546,0.0,0.0,0.295,1952,4032,0,3309,0,0,0,0.0,0.8183,nan,edge/x86_64,unknown,3.12.3,2026-10-09T18:41:14Z
158,ML-DSA-65,post-quantum,3,sign,0.2611,0.0,0.0,0.295,1952,4032,0,3309,512,0,0,0.0,3.9161,nan,edge/x86_64,unknown,3.12.3,2026-10-09T18:41:14Z
158,ML-DSA-65,post-quantum,3,verify,0.0513,0.0,0.0,0.295,1952,4032,0,3309,512,0,0,0.0,0.7701,nan,edge/x86_64,unknown,3.12.3,2026-10-09T18:41:14Z
159,ML-DSA-65,post-quantum,3,keygen,0.0553,0.0,0.0,0.295,1952,4032,0,3309,0,0,0,0.0,0.8293,nan,edge/x86_64,unknown,3.12.3,2026-10-09T18:41:14Z
159,ML-DSA-65,post-quantum,3,sign,0.1161,0.0,0.0,0.295,1952,4032,0,3309,512,0,0,0.0,1.7413,nan,edge/x86_64,unknown,3.12.3,2026-10-09T18:41:14Z
159,ML-DSA-65,post-quantum,3,verify,0.0504,0.0,0.0,0.295,1952,4032,0,3309,512,0,0,0.0,0.7564,nan,edge/x86_64,unknown,3.12.3,2026-10-09T18:41:14Z
160,ML-DSA-65,post-quantum,3,keygen,0.0547,0.0,0.0,0.295,1952,4032,0,3309,0,0,0,0.0,0.8206,nan,edge/x86_64,unknown,3.12.3,2026-10-09T18:41:14Z
160,ML-DSA-65,post-quantum,3,sign,0.0658,0.0,0.0,0.295,1952,4032,0,3309,512,0,0,0.0,0.9866,nan,edge/x86_64,unknown,3.12.3,2026-10-09T18:41:14Z
160,ML-DSA-65,post-quantum,3,verify,0.0503,0.0,0.0,0.295,1952,4032,0,3309,512,0,0,0.0,0.7549,nan,edge/x86_64,unknown,3.12.3,2026-10-09T18:41:14Z
161,ML-DSA-65,post-quantum,3,keygen,0.0541,0.0,0.0,0.295,1952,4032,0,3309,0,0,0,0.0,0.8116,nan,edge/x86_64,unknown,3.12.3,2026-10-09T18:41:14Z
161,ML-DSA-65,post-quantum,3,sign,0.0754,0.0,0.0,0.295,1952,4032,0,3309,512,0,0,0.0,1.1306,nan,edge/x86_64,unknown,3.12.3,2026-10-09T18:41:14Z
161,ML-DSA-65,post-quantum,3,verify,0.0509,0.0,0.0,0.295,1952,4032,0,3309,512,0,0,0.0,0.7642,nan,edge/x86_64,unknown,3.12.3,2026-10-09T18:41:14Z
162,ML-DSA-65,post-quantum,3,keygen,0.0559,0.0,0.0,0.295,1952,4032,0,3309,0,0,0,0.0,0.8385,nan,edge/x86_64,unknown,3.12.3,2026-10-09T18:41:14Z
162,ML-DSA-65,post-quantum,3,sign,0.0698,0.0,0.0,0.295,1952,4032,0,3309,512,0,0,0.0,1.0466,nan,edge/x86_64,unknown,3.12.3,2026-10-09T18:41:14Z
162,ML-DSA-65,post-quantum,3,verify,0.0598,0.0,0.0,0.295,1952,4032,0,3309,512,0,0,0.0,0.8967,nan,edge/x86_64,unknown,3.12.3,2026-10-09T18:41:14Z
163,ML-DSA-65,post-quantum,3,keygen,0.0556,0.0,0.0,0.295,1952,4032,0,3309,0,0,0,0.0,0.8341,nan,edge/x86_64,unknown,3.12.3,2026-10-09T18:41:14Z
163,ML-DSA-65,post-quantum,3,sign,0.3598,0.0,0.0,0.295,1952,4032,0,3309,512,0,0,0.0,5.3968,nan,edge/x86_64,unknown,3.12.3,2026-10-09T18:41:14Z
163,ML-DSA-65,post-quantum,3,verify,0.0551,0.0,0.0,0.295,1952,4032,0,3309,512,0,0,0.0,0.8272,nan,edge/x86_64,unknown,3.12.3,2026-10-09T18:41:14Z
164,ML-DSA-65,post-quantum,3,keygen,0.0584,0.0,0.0,0.295,1952,4032,0,3309,0,0,0,0.0,0.8765,nan,edge/x86_64,unknown,3.12.3,2026-10-09T18:41:14Z
164,ML-DSA-65,post-quantum,3,sign,0.0889,0.0,0.0,0.295,1952,4032,0,3309,512,0,0,0.0,1.3329,nan,edge/x86_64,unknown,3.12.3,2026-10-09T18:41:14Z
164,ML-DSA-65,post-quantum,3,verify,0.0507,0.0,0.0,0.295,1952,4032,0,3309,512,0,0,0.0,0.7607,nan,edge/x86_64,unknown,3.12.3,2026-10-09T18:41:14Z
165,ML-DSA-65,post-quantum,3,keygen,0.0549,0.0,0.0,0.295,1952,4032,0,3309,0,0,0,0.0,0.824,nan,edge/x86_64,unknown,3.12.3,2026-10-09T18:41:14Z
165,ML-DSA-65,post-quantum,3,sign,0.1025,0.0,0.0,0.295,1952,4032,0,3309,512,0,0,0.0,1.538,nan,edge/x86_64,unknown,3.12.3,2026-10-09T18:41:14Z
165,ML-DSA-65,post-quantum,3,verify,0.0509,0.0,0.0,0.295,1952,4032,0,3309,512,0,0,0.0,0.7641,nan,edge/x86_64,unknown,3.12.3,2026-10-09T18:41:14Z
166,ML-DSA-65,post-quantum,3,keygen,0.0689,0.0,0.0,0.295,1952,4032,0,3309,0,0,0,0.0,1.0337,nan,edge/x86_64,unknown,3.12.3,2026-10-09T18:41:14Z
166,ML-DSA-65,post-quantum,3,sign,0.1242,0.0,0.0,0.295,1952,4032,0,3309,512,0,0,0.0,1.8631,nan,edge/x86_64,unknown,3.12.3,2026-10-09T18:41:14Z
166,ML-DSA-65,post-quantum,3,verify,0.0503,0.0,0.0,0.295,1952,4032,0,3309,512,0,0,0.0,0.7545,nan,edge/x86_64,unknown,3.12.3,2026-10-09T18:41:14Z
167,ML-DSA-65,post-quantum,3,keygen,0.0548,0.0,0.0,0.295,1952,4032,0,3309,0,0,0,0.0,0.8223,nan,edge/x86_64,unknown,3.12.3,2026-10-09T18:41:14Z
167,ML-DSA-65,post-quantum,3,sign,0.093,0.0,0.0,0.295,1952,4032,0,3309,512,0,0,0.0,1.3956,nan,edge/x86_64,unknown,3.12.3,2026-10-09T18:41:14Z
167,ML-DSA-65,post-quantum,3,verify,0.0515,0.0,0.0,0.295,1952,4032,0,3309,512,0,0,0.0,0.7718,nan,edge/x86_64,unknown,3.12.3,2026-10-09T18:41:14Z
168,ML-DSA-65,post-quantum,3,keygen,0.0545,0.0,0.0,0.295,1952,4032,0,3309,0,0,0,0.0,0.8182,nan,edge/x86_64,unknown,3.12.3,2026-10-09T18:41:14Z
168,ML-DSA-65,post-quantum,3,sign,0.0904,0.0,0.0,0.295,1952,4032,0,3309,512,0,0,0.0,1.356,nan,edge/x86_64,unknown,3.12.3,2026-10-09T18:41:14Z
168,ML-DSA-65,post-quantum,3,verify,0.0543,0.0,0.0,0.295,1952,4032,0,3309,512,0,0,0.0,0.8143,nan,edge/x86_64,unknown,3.12.3,2026-10-09T18:41:14Z
169,ML-DSA-65,post-quantum,3,keygen,0.0546,0.0,0.0,0.295,1952,4032,0,3309,0,0,0,0.0,0.8194,nan,edge/x86_64,unknown,3.12.3,2026-10-09T18:41:14Z
169,ML-DSA-65,post-quantum,3,sign,0.1562,0.0,0.0,0.295,1952,4032,0,3309,512,0,0,0.0,2.3427,nan,edge/x86_64,unknown,3.12.3,2026-10-09T18:41:14Z
169,ML-DSA-65,post-quantum,3,verify,0.0504,0.0,0.0,0.295,1952,4032,0,3309,512,0,0,0.0,0.7553,nan,edge/x86_64,unknown,3.12.3,2026-10-09T18:41:14Z
170,ML-DSA-65,post-quantum,3,keygen,0.0541,0.0,0.0,0.295,1952,4032,0,3309,0,0,0,0.0,0.8119,nan,edge/x86_64,unknown,3.12.3,2026-10-09T18:41:14Z
170,ML-DSA-65,post-quantum,3,sign,0.1062,0.0,0.0,0.295,1952,4032,0,3309,512,0,0,0.0,1.5927,nan,edge/x86_64,unknown,3.12.3,2026-10-09T18:41:14Z
170,ML-DSA-65,post-quantum,3,verify,0.051,0.0,0.0,0.295,1952,4032,0,3309,512,0,0,0.0,0.7651,nan,edge/x86_64,unknown,3.12.3,2026-10-09T18:41:14Z
171,ML-DSA-65,post-quantum,3,keygen,0.0804,0.0,0.0,0.295,1952,4032,0,3309,0,0,0,0.0,1.2059,nan,edge/x86_64,unknown,3.12.3,2026-10-09T18:41:14Z
171,ML-DSA-65,post-quantum,3,sign,0.0687,0.0,0.0,0.295,1952,4032,0,3309,512,0,0,0.0,1.0308,nan,edge/x86_64,unknown,3.12.3,2026-10-09T18:41:14Z
171,ML-DSA-65,post-quantum,3,verify,0.0517,0.0,0.0,0.295,1952,4032,0,3309,512,0,0,0.0,0.7748,nan,edge/x86_64,unknown,3.12.3,2026-10-09T18:41:14Z
172,ML-DSA-65,post-quantum,3,keygen,0.0553,0.0,0.0,0.295,1952,4032,0,3309,0,0,0,0.0,0.8296,nan,edge/x86_64,unknown,3.12.3,2026-10-09T18:41:14Z
172,ML-DSA-65,post-quantum,3,sign,0.1396,0.0,0.0,0.295,1952,4032,0,3309,512,0,0,0.0,2.0946,nan,edge/x86_64,unknown,3.12.3,2026-10-09T18:41:14Z
172,ML-DSA-65,post-quantum,3,verify,0.0517,0.0,0.0,0.295,1952,4032,0,3309,512,0,0,0.0,0.776,nan,edge/x86_64,unknown,3.12.3,2026-10-09T18:41:14Z
173,ML-DSA-65,post-quantum,3,keygen,0.0546,0.0,0.0,0.295,1952,4032,0,3309,0,0,0,0.0,0.8195,nan,edge/x86_64,unknown,3.12.3,2026-10-09T18:41:14Z
173,ML-DSA-65,post-quantum,3,sign,0.1038,0.0,0.0,0.295,1952,4032,0,3309,512,0,0,0.0,1.5569,nan,edge/x86_64,unknown,3.12.3,2026-10-09T18:41:14Z
173,ML-DSA-65,post-quantum,3,verify,0.0552,0.0,0.0,0.295,1952,4032,0,3309,512,0,0,0.0,0.828,nan,edge/x86_64,unknown,3.12.3,2026-10-09T18:41:14Z
174,ML-DSA-65,post-quantum,3,keygen,0.0554,0.0,0.0,0.295,1952,4032,0,3309,0,0,0,0.0,0.8307,nan,edge/x86_64,unknown,3.12.3,2026-10-09T18:41:14Z
174,ML-DSA-65,post-quantum,3,sign,0.0654,0.0,0.0,0.295,1952,4032,0,3309,512,0,0,0.0,0.981,nan,edge/x86_64,unknown,3.12.3,2026-10-09T18:41:14Z
174,ML-DSA-65,post-quantum,3,verify,0.0629,0.0,0.0,0.295,1952,4032,0,3309,512,0,0,0.0,0.9429,nan,edge/x86_64,unknown,3.12.3,2026-10-09T18:41:14Z
175,ML-DSA-65,post-quantum,3,keygen,0.0566,0.0,0.0,0.295,1952,4032,0,3309,0,0,0,0.0,0.849,nan,edge/x86_64,unknown,3.12.3,2026-10-09T18:41:14Z
175,ML-DSA-65,post-quantum,3,sign,0.0653,0.0,0.0,0.295,1952,4032,0,3309,512,0,0,0.0,0.9798,nan,edge/x86_64,unknown,3.12.3,2026-10-09T18:41:14Z
175,ML-DSA-65,post-quantum,3,verify,0.0508,0.0,0.0,0.295,1952,4032,0,3309,512,0,0,0.0,0.7627,nan,edge/x86_64,unknown,3.12.3,2026-10-09T18:41:14Z
176,ML-DSA-65,post-quantum,3,keygen,0.0548,0.0,0.0,0.295,1952,4032,0,3309,0,0,0,0.0,0.8214,nan,edge/x86_64,unknown,3.12.3,2026-10-09T18:41:14Z
176,ML-DSA-65,post-quantum,3,sign,0.0755,0.0,0.0,0.295,1952,4032,0,3309,512,0,0,0.0,1.1325,nan,edge/x86_64,unknown,3.12.3,2026-10-09T18:41:14Z
176,ML-DSA-65,post-quantum,3,verify,0.0505,0.0,0.0,0.295,1952,4032,0,3309,512,0,0,0.0,0.758,nan,edge/x86_64,unknown,3.12.3,2026-10-09T18:41:14Z
177,ML-DSA-65,post-quantum,3,keygen,0.0547,0.0,0.0,0.295,1952,4032,0,3309,0,0,0,0.0,0.82,nan,edge/x86_64,unknown,3.12.3,2026-10-09T18:41:14Z
177,ML-DSA-65,post-quantum,3,sign,0.0915,0.0,0.0,0.295,1952,4032,0,3309,512,0,0,0.0,1.3721,nan,edge/x86_64,unknown,3.12.3,2026-10-09T18:41:14Z
177,ML-DSA-65,post-quantum,3,verify,0.0502,0.0,0.0,0.295,1952,4032,0,3309,512,0,0,0.0,0.7534,nan,edge/x86_64,unknown,3.12.3,2026-10-09T18:41:14Z
178,ML-DSA-65,post-quantum,3,keygen,0.0556,0.0,0.0,0.295,1952,4032,0,3309,0,0,0,0.0,0.8334,nan,edge/x86_64,unknown,3.12.3,2026-10-09T18:41:14Z
178,ML-DSA-65,post-quantum,3,sign,0.0668,0.0,0.0,0.295,1952,4032,0,3309,512,0,0,0.0,1.0013,nan,edge/x86_64,unknown,3.12.3,2026-10-09T18:41:14Z
178,ML-DSA-65,post-quantum,3,verify,0.0505,0.0,0.0,0.295,1952,4032,0,3309,512,0,0,0.0,0.7581,nan,edge/x86_64,unknown,3.12.3,2026-10-09T18:41:14Z
179,ML-DSA-65,post-quantum,3,keygen,0.0551,0.0,0.0,0.295,1952,4032,0,3309,0,0,0,0.0,0.8269,nan,edge/x86_64,unknown,3.12.3,2026-10-09T18:41:14Z
179,ML-DSA-65,post-quantum,3,sign,0.1752,0.0,0.0,0.295,1952,4032,0,3309,512,0,0,0.0,2.6285,nan,edge/x86_64,unknown,3.12.3,2026-10-09T18:41:14Z
179,ML-DSA-65,post-quantum,3,verify,0.0593,0.0,0.0,0.295,1952,4032,0,3309,512,0,0,0.0,0.8901,nan,edge/x86_64,unknown,3.12.3,2026-10-09T18:41:14Z
180,ML-DSA-65,post-quantum,3,keygen,0.0785,0.0,0.0,0.295,1952,4032,0,3309,0,0,0,0.0,1.1773,nan,edge/x86_64,unknown,3.12.3,2026-10-09T18:41:14Z
180,ML-DSA-65,post-quantum,3,sign,0.087,0.0,0.0,0.295,1952,4032,0,3309,512,0,0,0.0,1.3047,nan,edge/x86_64,unknown,3.12.3,2026-10-09T18:41:14Z
180,ML-DSA-65,post-quantum,3,verify,0.0545,0.0,0.0,0.295,1952,4032,0,3309,512,0,0,0.0,0.8168,nan,edge/x86_64,unknown,3.12.3,2026-10-09T18:41:14Z
181,ML-DSA-65,post-quantum,3,keygen,0.057,0.0,0.0,0.295,1952,4032,0,3309,0,0,0,0.0,0.8545,nan,edge/x86_64,unknown,3.12.3,2026-10-09T18:41:14Z
181,ML-DSA-65,post-quantum,3,sign,0.0759,0.0,0.0,0.295,1952,4032,0,3309,512,0,0,0.0,1.1392,nan,edge/x86_64,unknown,3.12.3,2026-10-09T18:41:14Z
181,ML-DSA-65,post-quantum,3,verify,0.0507,0.0,0.0,0.295,1952,4032,0,3309,512,0,0,0.0,0.7611,nan,edge/x86_64,unknown,3.12.3,2026-10-09T18:41:14Z
182,ML-DSA-65,post-quantum,3,keygen,0.0541,0.0,0.0,0.295,1952,4032,0,3309,0,0,0,0.0,0.8111,nan,edge/x86_64,unknown,3.12.3,2026-10-09T18:41:14Z
182,ML-DSA-65,post-quantum,3,sign,0.115,0.0,0.0,0.295,1952,4032,0,3309,512,0,0,0.0,1.7245,nan,edge/x86_64,unknown,3.12.3,2026-10-09T18:41:14Z
182,ML-DSA-65,post-quantum,3,verify,0.0513,0.0,0.0,0.295,1952,4032,0,3309,512,0,0,0.0,0.7697,nan,edge/x86_64,unknown,3.12.3,2026-10-09T18:41:14Z
183,ML-DSA-65,post-quantum,3,keygen,0.0546,0.0,0.0,0.295,1952,4032,0,3309,0,0,0,0.0,0.8184,nan,edge/x86_64,unknown,3.12.3,2026-10-09T18:41:14Z
183,ML-DSA-65,post-quantum,3,sign,0.0652,0.0,0.0,0.295,1952,4032,0,3309,512,0,0,0.0,0.9782,nan,edge/x86_64,unknown,3.12.3,2026-10-09T18:41:14Z
183,ML-DSA-65,post-quantum,3,verify,0.0501,0.0,0.0,0.295,1952,4032,0,3309,512,0,0,0.0,0.7522,nan,edge/x86_64,unknown,3.12.3,2026-10-09T18:41:14Z
184,ML-DSA-65,post-quantum,3,keygen,0.0681,0.0,0.0,0.295,1952,4032,0,3309,0,0,0,0.0,1.0222,nan,edge/x86_64,unknown,3.12.3,2026-10-09T18:41:14Z
184,ML-DSA-65,post-quantum,3,sign,0.0893,0.0,0.0,0.295,1952,4032,0,3309,512,0,0,0.0,1.3397,nan,edge/x86_64,unknown,3.12.3,2026-10-09T18:41:14Z
184,ML-DSA-65,post-quantum,3,verify,0.0506,0.0,0.0,0.295,1952,4032,0,3309,512,0,0,0.0,0.759,nan,edge/x86_64,unknown,3.12.3,2026-10-09T18:41:14Z
185,ML-DSA-65,post-quantum,3,keygen,0.0542,0.0,0.0,0.295,1952,4032,0,3309,0,0,0,0.0,0.8135,nan,edge/x86_64,unknown,3.12.3,2026-10-09T18:41:14Z
185,ML-DSA-65,post-quantum,3,sign,0.1774,0.0,0.0,0.295,1952,4032,0,3309,512,0,0,0.0,2.6609,nan,edge/x86_64,unknown,3.12.3,2026-10-09T18:41:14Z
185,ML-DSA-65,post-quantum,3,verify,0.0522,0.0,0.0,0.295,1952,4032,0,3309,512,0,0,0.0,0.7826,nan,edge/x86_64,unknown,3.12.3,2026-10-09T18:41:14Z
186,ML-DSA-65,post-quantum,3,keygen,0.0552,0.0,0.0,0.295,1952,4032,0,3309,0,0,0,0.0,0.8283,nan,edge/x86_64,unknown,3.12.3,2026-10-09T18:41:14Z
186,ML-DSA-65,post-quantum,3,sign,0.0652,0.0,0.0,0.295,1952,4032,0,3309,512,0,0,0.0,0.9783,nan,edge/x86_64,unknown,3.12.3,2026-10-09T18:41:14Z
186,ML-DSA-65,post-quantum,3,verify,0.0503,0.0,0.0,0.295,1952,4032,0,3309,512,0,0,0.0,0.7546,nan,edge/x86_64,unknown,3.12.3,2026-10-09T18:41:14Z
187,ML-DSA-65,post-quantum,3,keygen,0.054,0.0,0.0,0.295,1952,4032,0,3309,0,0,0,0.0,0.8094,nan,edge/x86_64,unknown,3.12.3,2026-10-09T18:41:14Z
187,ML-DSA-65,post-quantum,3,sign,0.1326,0.0,0.0,0.295,1952,4032,0,3309,512,0,0,0.0,1.9894,nan,edge/x86_64,unknown,3.12.3,2026-10-09T18:41:14Z
187,ML-DSA-65,post-quantum,3,verify,0.0506,0.0,0.0,0.295,1952,4032,0,3309,512,0,0,0.0,0.7594,nan,edge/x86_64,unknown,3.12.3,2026-10-09T18:41:14Z
188,ML-DSA-65,post-quantum,3,keygen,0.0657,0.0,0.0,0.295,1952,4032,0,3309,0,0,0,0.0,0.985,nan,edge/x86_64,unknown,3.12.3,2026-10-09T18:41:14Z
188,ML-DSA-65,post-quantum,3,sign,0.0784,0.0,0.0,0.295,1952,4032,0,3309,512,0,0,0.0,1.1767,nan,edge/x86_64,unknown,3.12.3,2026-10-09T18:41:14Z
188,ML-DSA-65,post-quantum,3,verify,0.0502,0.0,0.0,0.295,1952,4032,0,3309,512,0,0,0.0,0.7536,nan,edge/x86_64,unknown,3.12.3,2026-10-09T18:41:14Z
189,ML-DSA-65,post-quantum,3,keygen,0.0836,0.0,0.0,0.295,1952,4032,0,3309,0,0,0,0.0,1.2534,nan,edge/x86_64,unknown,3.12.3,2026-10-09T18:41:14Z
189,ML-DSA-65,post-quantum,3,sign,0.1458,0.0,0.0,0.295,1952,4032,0,3309,512,0,0,0.0,2.187,nan,edge/x86_64,unknown,3.12.3,2026-10-09T18:41:14Z
189,ML-DSA-65,post-quantum,3,verify,0.1268,0.0,0.0,0.295,1952,4032,0,3309,512,0,0,0.0,1.902,nan,edge/x86_64,unknown,3.12.3,2026-10-09T18:41:14Z
190,ML-DSA-65,post-quantum,3,keygen,0.0844,0.0,0.0,0.295,1952,4032,0,3309,0,0,0,0.0,1.2665,nan,edge/x86_64,unknown,3.12.3,2026-10-09T18:41:14Z
190,ML-DSA-65,post-quantum,3,sign,0.0842,0.0,0.0,0.295,1952,4032,0,3309,512,0,0,0.0,1.2635,nan,edge/x86_64,unknown,3.12.3,2026-10-09T18:41:14Z
190,ML-DSA-65,post-quantum,3,verify,0.0533,0.0,0.0,0.295,1952,4032,0,3309,512,0,0,0.0,0.7992,nan,edge/x86_64,unknown,3.12.3,2026-10-09T18:41:14Z
191,ML-DSA-65,post-quantum,3,keygen,0.0569,0.0,0.0,0.295,1952,4032,0,3309,0,0,0,0.0,0.8535,nan,edge/x86_64,unknown,3.12.3,2026-10-09T18:41:14Z
191,ML-DSA-65,post-quantum,3,sign,0.0666,0.0,0.0,0.295,1952,4032,0,3309,512,0,0,0.0,0.9987,nan,edge/x86_64,unknown,3.12.3,2026-10-09T18:41:14Z
191,ML-DSA-65,post-quantum,3,verify,0.0521,0.0,0.0,0.295,1952,4032,0,3309,512,0,0,0.0,0.7812,nan,edge/x86_64,unknown,3.12.3,2026-10-09T18:41:14Z
192,ML-DSA-65,post-quantum,3,keygen,0.0692,0.0,0.0,0.295,1952,4032,0,3309,0,0,0,0.0,1.038,nan,edge/x86_64,unknown,3.12.3,2026-10-09T18:41:14Z
192,ML-DSA-65,post-quantum,3,sign,0.0789,0.0,0.0,0.295,1952,4032,0,3309,512,0,0,0.0,1.1839,nan,edge/x86_64,unknown,3.12.3,2026-10-09T18:41:14Z
192,ML-DSA-65,post-quantum,3,verify,0.0512,0.0,0.0,0.295,1952,4032,0,3309,512,0,0,0.0,0.7676,nan,edge/x86_64,unknown,3.12.3,2026-10-09T18:41:14Z
193,ML-DSA-65,post-quantum,3,keygen,0.0789,0.0,0.0,0.295,1952,4032,0,3309,0,0,0,0.0,1.1834,nan,edge/x86_64,unknown,3.12.3,2026-10-09T18:41:14Z
193,ML-DSA-65,post-quantum,3,sign,0.1126,0.0,0.0,0.295,1952,4032,0,3309,512,0,0,0.0,1.6892,nan,edge/x86_64,unknown,3.12.3,2026-10-09T18:41:14Z
193,ML-DSA-65,post-quantum,3,verify,0.0522,0.0,0.0,0.295,1952,4032,0,3309,512,0,0,0.0,0.7834,nan,edge/x86_64,unknown,3.12.3,2026-10-09T18:41:14Z
194,ML-DSA-65,post-quantum,3,keygen,0.0552,0.0,0.0,0.295,1952,4032,0,3309,0,0,0,0.0,0.8284,nan,edge/x86_64,unknown,3.12.3,2026-10-09T18:41:14Z
194,ML-DSA-65,post-quantum,3,sign,0.0891,0.0,0.0,0.295,1952,4032,0,3309,512,0,0,0.0,1.3361,nan,edge/x86_64,unknown,3.12.3,2026-10-09T18:41:14Z
194,ML-DSA-65,post-quantum,3,verify,0.0508,0.0,0.0,0.295,1952,4032,0,3309,512,0,0,0.0,0.7617,nan,edge/x86_64,unknown,3.12.3,2026-10-09T18:41:14Z
195,ML-DSA-65,post-quantum,3,keygen,0.0547,0.0,0.0,0.295,1952,4032,0,3309,0,0,0,0.0,0.8202,nan,edge/x86_64,unknown,3.12.3,2026-10-09T18:41:14Z
195,ML-DSA-65,post-quantum,3,sign,0.1542,0.0,0.0,0.295,1952,4032,0,3309,512,0,0,0.0,2.3134,nan,edge/x86_64,unknown,3.12.3,2026-10-09T18:41:14Z
195,ML-DSA-65,post-quantum,3,verify,0.0516,0.0,0.0,0.295,1952,4032,0,3309,512,0,0,0.0,0.7735,nan,edge/x86_64,unknown,3.12.3,2026-10-09T18:41:14Z
196,ML-DSA-65,post-quantum,3,keygen,0.0654,0.0,0.0,0.295,1952,4032,0,3309,0,0,0,0.0,0.9817,nan,edge/x86_64,unknown,3.12.3,2026-10-09T18:41:14Z
196,ML-DSA-65,post-quantum,3,sign,0.08,0.0,0.0,0.295,1952,4032,0,3309,512,0,0,0.0,1.2007,nan,edge/x86_64,unknown,3.12.3,2026-10-09T18:41:14Z
196,ML-DSA-65,post-quantum,3,verify,0.0506,0.0,0.0,0.295,1952,4032,0,3309,512,0,0,0.0,0.7593,nan,edge/x86_64,unknown,3.12.3,2026-10-09T18:41:14Z
197,ML-DSA-65,post-quantum,3,keygen,0.055,0.0,0.0,0.295,1952,4032,0,3309,0,0,0,0.0,0.8244,nan,edge/x86_64,unknown,3.12.3,2026-10-09T18:41:14Z
197,ML-DSA-65,post-quantum,3,sign,0.1017,0.0,0.0,0.295,1952,4032,0,3309,512,0,0,0.0,1.5253,nan,edge/x86_64,unknown,3.12.3,2026-10-09T18:41:14Z
197,ML-DSA-65,post-quantum,3,verify,0.0512,0.0,0.0,0.295,1952,4032,0,3309,512,0,0,0.0,0.7673,nan,edge/x86_64,unknown,3.12.3,2026-10-09T18:41:14Z
198,ML-DSA-65,post-quantum,3,keygen,0.0547,0.0,0.0,0.295,1952,4032,0,3309,0,0,0,0.0,0.8208,nan,edge/x86_64,unknown,3.12.3,2026-10-09T18:41:14Z
198,ML-DSA-65,post-quantum,3,sign,0.1021,0.0,0.0,0.295,1952,4032,0,3309,512,0,0,0.0,1.5311,nan,edge/x86_64,unknown,3.12.3,2026-10-09T18:41:14Z
198,ML-DSA-65,post-quantum,3,verify,0.0505,0.0,0.0,0.295,1952,4032,0,3309,512,0,0,0.0,0.7576,nan,edge/x86_64,unknown,3.12.3,2026-10-09T18:41:14Z
199,ML-DSA-65,post-quantum,3,keygen,0.0549,0.0,0.0,0.295,1952,4032,0,3309,0,0,0,0.0,0.824,nan,edge/x86_64,unknown,3.12.3,2026-10-09T18:41:14Z
199,ML-DSA-65,post-quantum,3,sign,0.1597,0.0,0.0,0.295,1952,4032,0,3309,512,0,0,0.0,2.3951,nan,edge/x86_64,unknown,3.12.3,2026-10-09T18:41:14Z
199,ML-DSA-65,post-quantum,3,verify,0.0505,0.0,0.0,0.295,1952,4032,0,3309,512,0,0,0.0,0.7569,nan,edge/x86_64,unknown,3.12.3,2026-10-09T18:41:14Z
0,ML-DSA-87,post-quantum,5,keygen,0.1374,0.0,0.0,0.365,2592,4896,0,4627,0,0,0,0.0,2.0614,nan,edge/x86_64,unknown,3.12.3,2026-10-09T18:41:14Z
0,ML-DSA-87,post-quantum,5,sign,0.1283,0.0,0.0,0.365,2592,4896,0,4627,512,0,0,0.0,1.925,nan,edge/x86_64,unknown,3.12.3,2026-10-09T18:41:14Z
0,ML-DSA-87,post-quantum,5,verify,0.0837,0.0,0.0,0.365,2592,4896,0,4627,512,0,0,0.0,1.2548,nan,edge/x86_64,unknown,3.12.3,2026-10-09T18:41:14Z
1,ML-DSA-87,post-quantum,5,keygen,0.079,0.0,0.0,0.365,2592,4896,0,4627,0,0,0,0.0,1.1855,nan,edge/x86_64,unknown,3.12.3,2026-10-09T18:41:14Z
1,ML-DSA-87,post-quantum,5,sign,0.1464,0.0,0.0,0.365,2592,4896,0,4627,512,0,0,0.0,2.1964,nan,edge/x86_64,unknown,3.12.3,2026-10-09T18:41:14Z
1,ML-DSA-87,post-quantum,5,verify,0.0734,0.0,0.0,0.365,2592,4896,0,4627,512,0,0,0.0,1.1009,nan,edge/x86_64,unknown,3.12.3,2026-10-09T18:41:14Z
2,ML-DSA-87,post-quantum,5,keygen,0.0773,0.0,0.0,0.365,2592,4896,0,4627,0,0,0,0.0,1.1594,nan,edge/x86_64,unknown,3.12.3,2026-10-09T18:41:14Z
2,ML-DSA-87,post-quantum,5,sign,0.1704,0.0,0.0,0.365,2592,4896,0,4627,512,0,0,0.0,2.5554,nan,edge/x86_64,unknown,3.12.3,2026-10-09T18:41:14Z
2,ML-DSA-87,post-quantum,5,verify,0.0718,0.0,0.0,0.365,2592,4896,0,4627,512,0,0,0.0,1.0773,nan,edge/x86_64,unknown,3.12.3,2026-10-09T18:41:14Z
3,ML-DSA-87,post-quantum,5,keygen,0.0852,0.0,0.0,0.365,2592,4896,0,4627,0,0,0,0.0,1.2779,nan,edge/x86_64,unknown,3.12.3,2026-10-09T18:41:14Z
3,ML-DSA-87,post-quantum,5,sign,0.0931,0.0,0.0,0.365,2592,4896,0,4627,512,0,0,0.0,1.3968,nan,edge/x86_64,unknown,3.12.3,2026-10-09T18:41:14Z
3,ML-DSA-87,post-quantum,5,verify,0.0952,0.0,0.0,0.365,2592,4896,0,4627,512,0,0,0.0,1.4275,nan,edge/x86_64,unknown,3.12.3,2026-10-09T18:41:14Z
4,ML-DSA-87,post-quantum,5,keygen,0.0843,0.0,0.0,0.365,2592,4896,0,4627,0,0,0,0.0,1.265,nan,edge/x86_64,unknown,3.12.3,2026-10-09T18:41:14Z
4,ML-DSA-87,post-quantum,5,sign,0.1093,0.0,0.0,0.365,2592,4896,0,4627,512,0,0,0.0,1.64,nan,edge/x86_64,unknown,3.12.3,2026-10-09T18:41:14Z
4,ML-DSA-87,post-quantum,5,verify,0.0732,0.0,0.0,0.365,2592,4896,0,4627,512,0,0,0.0,1.0982,nan,edge/x86_64,unknown,3.12.3,2026-10-09T18:41:14Z
5,ML-DSA-87,post-quantum,5,keygen,0.0765,0.0,0.0,0.365,2592,4896,0,4627,0,0,0,0.0,1.1473,nan,edge/x86_64,unknown,3.12.3,2026-10-09T18:41:14Z
5,ML-DSA-87,post-quantum,5,sign,0.1516,0.0,0.0,0.365,2592,4896,0,4627,512,0,0,0.0,2.2744,nan,edge/x86_64,unknown,3.12.3,2026-10-09T18:41:14Z
5,ML-DSA-87,post-quantum,5,verify,0.0711,0.0,0.0,0.365,2592,4896,0,4627,512,0,0,0.0,1.0663,nan,edge/x86_64,unknown,3.12.3,2026-10-09T18:41:14Z
6,ML-DSA-87,post-quantum,5,keygen,0.0761,0.0,0.0,0.365,2592,4896,0,4627,0,0,0,0.0,1.1413,nan,edge/x86_64,unknown,3.12.3,2026-10-09T18:41:14Z
6,ML-DSA-87,post-quantum,5,sign,0.1165,0.0,0.0,0.365,2592,4896,0,4627,512,0,0,0.0,1.7473,nan,edge/x86_64,unknown,3.12.3,2026-10-09T18:41:14Z
6,ML-DSA-87,post-quantum,5,verify,0.0716,0.0,0.0,0.365,2592,4896,0,4627,512,0,0,0.0,1.074,nan,edge/x86_64,unknown,3.12.3,2026-10-09T18:41:14Z
7,ML-DSA-87,post-quantum,5,keygen,0.0763,0.0,0.0,0.365,2592,4896,0,4627,0,0,0,0.0,1.1449,nan,edge/x86_64,unknown,3.12.3,2026-10-09T18:41:14Z
7,ML-DSA-87,post-quantum,5,sign,0.2181,0.0,0.0,0.365,2592,4896,0,4627,512,0,0,0.0,3.2715,nan,edge/x86_64,unknown,3.12.3,2026-10-09T18:41:14Z
7,ML-DSA-87,post-quantum,5,verify,0.0711,0.0,0.0,0.365,2592,4896,0,4627,512,0,0,0.0,1.0671,nan,edge/x86_64,unknown,3.12.3,2026-10-09T18:41:14Z
8,ML-DSA-87,post-quantum,5,keygen,0.0757,0.0,0.0,0.365,2592,4896,0,4627,0,0,0,0.0,1.1361,nan,edge/x86_64,unknown,3.12.3,2026-10-09T18:41:14Z
8,ML-DSA-87,post-quantum,5,sign,0.1061,0.0,0.0,0.365,2592,4896,0,4627,512,0,0,0.0,1.5921,nan,edge/x86_64,unknown,3.12.3,2026-10-09T18:41:14Z
8,ML-DSA-87,post-quantum,5,verify,0.0713,0.0,0.0,0.365,2592,4896,0,4627,512,0,0,0.0,1.0697,nan,edge/x86_64,unknown,3.12.3,2026-10-09T18:41:14Z
9,ML-DSA-87,post-quantum,5,keygen,0.0757,0.0,0.0,0.365,2592,4896,0,4627,0,0,0,0.0,1.136,nan,edge/x86_64,unknown,3.12.3,2026-10-09T18:41:14Z
9,ML-DSA-87,post-quantum,5,sign,0.1933,0.0,0.0,0.365,2592,4896,0,4627,512,0,0,0.0,2.8995,nan,edge/x86_64,unknown,3.12.3,2026-10-09T18:41:14Z
9,ML-DSA-87,post-quantum,5,verify,0.0724,0.0,0.0,0.365,2592,4896,0,4627,512,0,0,0.0,1.0857,nan,edge/x86_64,unknown,3.12.3,2026-10-09T18:41:14Z
10,ML-DSA-87,post-quantum,5,keygen,0.0764,0.0,0.0,0.365,2592,4896,0,4627,0,0,0,0.0,1.1455,nan,edge/x86_64,unknown,3.12.3,2026-10-09T18:41:14Z
10,ML-DSA-87,post-quantum,5,sign,0.1095,0.0,0.0,0.365,2592,4896,0,4627,512,0,0,0.0,1.6424,nan,edge/x86_64,unknown,3.12.3,2026-10-09T18:41:14Z
10,ML-DSA-87,post-quantum,5,verify,0.0755,0.0,0.0,0.365,2592,4896,0,4627,512,0,0,0.0,1.1328,nan,edge/x86_64,unknown,3.12.3,2026-10-09T18:41:14Z
11,ML-DSA-87,post-quantum,5,keygen,0.0793,0.0,0.0,0.365,2592,4896,0,4627,0,0,0,0.0,1.1896,nan,edge/x86_64,unknown,3.12.3,2026-10-09T18:41:14Z
11,ML-DSA-87,post-quantum,5,sign,0.2105,0.0,0.0,0.365,2592,4896,0,4627,512,0,0,0.0,3.158,nan,edge/x86_64,unknown,3.12.3,2026-10-09T18:41:14Z
11,ML-DSA-87,post-quantum,5,verify,0.0718,0.0,0.0,0.365,2592,4896,0,4627,512,0,0,0.0,1.0777,nan,edge/x86_64,unknown,3.12.3,2026-10-09T18:41:14Z
12,ML-DSA-87,post-quantum,5,keygen,0.0764,0.0,0.0,0.365,2592,4896,0,4627,0,0,0,0.0,1.146,nan,edge/x86_64,unknown,3.12.3,2026-10-09T18:41:14Z
12,ML-DSA-87,post-quantum,5,sign,0.1825,0.0,0.0,0.365,2592,4896,0,4627,512,0,0,0.0,2.7371,nan,edge/x86_64,unknown,3.12.3,2026-10-09T18:41:14Z
12,ML-DSA-87,post-quantum,5,verify,0.0716,0.0,0.0,0.365,2592,4896,0,4627,512,0,0,0.0,1.0745,nan,edge/x86_64,unknown,3.12.3,2026-10-09T18:41:14Z
13,ML-DSA-87,post-quantum,5,keygen,0.0761,0.0,0.0,0.365,2592,4896,0,4627,0,0,0,0.0,1.141,nan,edge/x86_64,unknown,3.12.3,2026-10-09T18:41:14Z
13,ML-DSA-87,post-quantum,5,sign,0.1061,0.0,0.0,0.365,2592,4896,0,4627,512,0,0,0.0,1.5911,nan,edge/x86_64,unknown,3.12.3,2026-10-09T18:41:14Z
13,ML-DSA-87,post-quantum,5,verify,0.072,0.0,0.0,0.365,2592,4896,0,4627,512,0,0,0.0,1.0795,nan,edge/x86_64,unknown,3.12.3,2026-10-09T18:41:14Z
14,ML-DSA-87,post-quantum,5,keygen,0.0752,0.0,0.0,0.365,2592,4896,0,4627,0,0,0,0.0,1.1278,nan,edge/x86_64,unknown,3.12.3,2026-10-09T18:41:14Z
14,ML-DSA-87,post-quantum,5,sign,0.1744,0.0,0.0,0.365,2592,4896,0,4627,512,0,0,0.0,2.6155,nan,edge/x86_64,unknown,3.12.3,2026-10-09T18:41:14Z
14,ML-DSA-87,post-quantum,5,verify,0.0712,0.0,0.0,0.365,2592,4896,0,4627,512,0,0,0.0,1.0684,nan,edge/x86_64,unknown,3.12.3,2026-10-09T18:41:14Z
15,ML-DSA-87,post-quantum,5,keygen,0.0752,0.0,0.0,0.365,2592,4896,0,4627,0,0,0,0.0,1.1284,nan,edge/x86_64,unknown,3.12.3,2026-10-09T18:41:14Z
15,ML-DSA-87,post-quantum,5,sign,0.0912,0.0,0.0,0.365,2592,4896,0,4627,512,0,0,0.0,1.3682,nan,edge/x86_64,unknown,3.12.3,2026-10-09T18:41:14Z
15,ML-DSA-87,post-quantum,5,verify,0.0717,0.0,0.0,0.365,2592,4896,0,4627,512,0,0,0.0,1.0748,nan,edge/x86_64,unknown,3.12.3,2026-10-09T18:41:14Z
16,ML-DSA-87,post-quantum,5,keygen,0.078,0.0,0.0,0.365,2592,4896,0,4627,0,0,0,0.0,1.1697,nan,edge/x86_64,unknown,3.12.3,2026-10-09T18:41:14Z
16,ML-DSA-87,post-quantum,5,sign,0.0912,0.0,0.0,0.365,2592,4896,0,4627,512,0,0,0.0,1.3686,nan,edge/x86_64,unknown,3.12.3,2026-10-09T18:41:14Z
16,ML-DSA-87,post-quantum,5,verify,0.0889,0.0,0.0,0.365,2592,4896,0,4627,512,0,0,0.0,1.333,nan,edge/x86_64,unknown,3.12.3,2026-10-09T18:41:14Z
17,ML-DSA-87,post-quantum,5,keygen,0.0838,0.0,0.0,0.365,2592,4896,0,4627,0,0,0,0.0,1.2564,nan,edge/x86_64,unknown,3.12.3,2026-10-09T18:41:14Z
17,ML-DSA-87,post-quantum,5,sign,0.0943,0.0,0.0,0.365,2592,4896,0,4627,512,0,0,0.0,1.4151,nan,edge/x86_64,unknown,3.12.3,2026-10-09T18:41:14Z
17,ML-DSA-87,post-quantum,5,verify,0.0726,0.0,0.0,0.365,2592,4896,0,4627,512,0,0,0.0,1.0889,nan,edge/x86_64,unknown,3.12.3,2026-10-09T18:41:14Z
18,ML-DSA-87,post-quantum,5,keygen,0.0773,0.0,0.0,0.365,2592,4896,0,4627,0,0,0,0.0,1.16,nan,edge/x86_64,unknown,3.12.3,2026-10-09T18:41:14Z
18,ML-DSA-87,post-quantum,5,sign,0.092,0.0,0.0,0.365,2592,4896,0,4627,512,0,0,0.0,1.3799,nan,edge/x86_64,unknown,3.12.3,2026-10-09T18:41:14Z
18,ML-DSA-87,post-quantum,5,verify,0.0712,0.0,0.0,0.365,2592,4896,0,4627,512,0,0,0.0,1.0684,nan,edge/x86_64,unknown,3.12.3,2026-10-09T18:41:14Z
19,ML-DSA-87,post-quantum,5,keygen,0.0749,0.0,0.0,0.365,2592,4896,0,4627,0,0,0,0.0,1.1228,nan,edge/x86_64,unknown,3.12.3,2026-10-09T18:41:14Z
19,ML-DSA-87,post-quantum,5,sign,0.1659,0.0,0.0,0.365,2592,4896,0,4627,512,0,0,0.0,2.4892,nan,edge/x86_64,unknown,3.12.3,2026-10-09T18:41:14Z
19,ML-DSA-87,post-quantum,5,verify,0.0718,0.0,0.0,0.365,2592,4896,0,4627,512,0,0,0.0,1.0773,nan,edge/x86_64,unknown,3.12.3,2026-10-09T18:41:14Z
20,ML-DSA-87,post-quantum,5,keygen,0.0758,0.0,0.0,0.365,2592,4896,0,4627,0,0,0,0.0,1.1374,nan,edge/x86_64,unknown,3.12.3,2026-10-09T18:41:14Z
20,ML-DSA-87,post-quantum,5,sign,0.1085,0.0,0.0,0.365,2592,4896,0,4627,512,0,0,0.0,1.6272,nan,edge/x86_64,unknown,3.12.3,2026-10-09T18:41:14Z
20,ML-DSA-87,post-quantum,5,verify,0.0711,0.0,0.0,0.365,2592,4896,0,4627,512,0,0,0.0,1.0671,nan,edge/x86_64,unknown,3.12.3,2026-10-09T18:41:14Z
21,ML-DSA-87,post-quantum,5,keygen,0.0754,0.0,0.0,0.365,2592,4896,0,4627,0,0,0,0.0,1.131,nan,edge/x86_64,unknown,3.12.3,2026-10-09T18:41:14Z
21,ML-DSA-87,post-quantum,5,sign,0.1585,0.0,0.0,0.365,2592,4896,0,4627,512,0,0,0.0,2.3772,nan,edge/x86_64,unknown,3.12.3,2026-10-09T18:41:14Z
21,ML-DSA-87,post-quantum,5,verify,0.0717,0.0,0.0,0.365,2592,4896,0,4627,512,0,0,0.0,1.0756,nan,edge/x86_64,unknown,3.12.3,2026-10-09T18:41:14Z
22,ML-DSA-87,post-quantum,5,keygen,0.0756,0.0,0.0,0.365,2592,4896,0,4627,0,0,0,0.0,1.1336,nan,edge/x86_64,unknown,3.12.3,2026-10-09T18:41:14Z
22,ML-DSA-87,post-quantum,5,sign,0.1049,0.0,0.0,0.365,2592,4896,0,4627,512,0,0,0.0,1.573,nan,edge/x86_64,unknown,3.12.3,2026-10-09T18:41:14Z
22,ML-DSA-87,post-quantum,5,verify,0.071,0.0,0.0,0.365,2592,4896,0,4627,512,0,0,0.0,1.0647,nan,edge/x86_64,unknown,3.12.3,2026-10-09T18:41:14Z
23,ML-DSA-87,post-quantum,5,keygen,0.0839,0.0,0.0,0.365,2592,4896,0,4627,0,0,0,0.0,1.258,nan,edge/x86_64,unknown,3.12.3,2026-10-09T18:41:14Z
23,ML-DSA-87,post-quantum,5,sign,0.1733,0.0,0.0,0.365,2592,4896,0,4627,512,0,0,0.0,2.5996,nan,edge/x86_64,unknown,3.12.3,2026-10-09T18:41:14Z
23,ML-DSA-87,post-quantum,5,verify,0.0925,0.0,0.0,0.365,2592,4896,0,4627,512,0,0,0.0,1.3871,nan,edge/x86_64,unknown,3.12.3,2026-10-09T18:41:14Z
24,ML-DSA-87,post-quantum,5,keygen,0.0823,0.0,0.0,0.365,2592,4896,0,4627,0,0,0,0.0,1.2339,nan,edge/x86_64,unknown,3.12.3,2026-10-09T18:41:14Z
24,ML-DSA-87,post-quantum,5,sign,0.1386,0.0,0.0,0.365,2592,4896,0,4627,512,0,0,0.0,2.0787,nan,edge/x86_64,unknown,3.12.3,2026-10-09T18:41:14Z
24,ML-DSA-87,post-quantum,5,verify,0.1358,0.0,0.0,0.365,2592,4896,0,4627,512,0,0,0.0,2.0377,nan,edge/x86_64,unknown,3.12.3,2026-10-09T18:41:14Z
25,ML-DSA-87,post-quantum,5,keygen,0.0916,0.0,0.0,0.365,2592,4896,0,4627,0,0,0,0.0,1.3745,nan,edge/x86_64,unknown,3.12.3,2026-10-09T18:41:14Z
25,ML-DSA-87,post-quantum,5,sign,0.0966,0.0,0.0,0.365,2592,4896,0,4627,512,0,0,0.0,1.4484,nan,edge/x86_64,unknown,3.12.3,2026-10-09T18:41:14Z
25,ML-DSA-87,post-quantum,5,verify,0.0848,0.0,0.0,0.365,2592,4896,0,4627,512,0,0,0.0,1.2717,nan,edge/x86_64,unknown,3.12.3,2026-10-09T18:41:14Z
26,ML-DSA-87,post-quantum,5,keygen,0.0783,0.0,0.0,0.365,2592,4896,0,4627,0,0,0,0.0,1.174,nan,edge/x86_64,unknown,3.12.3,2026-10-09T18:41:14Z
26,ML-DSA-87,post-quantum,5,sign,0.1088,0.0,0.0,0.365,2592,4896,0,4627,512,0,0,0.0,1.6322,nan,edge/x86_64,unknown,3.12.3,2026-10-09T18:41:14Z
26,ML-DSA-87,post-quantum,5,verify,0.0709,0.0,0.0,0.365,2592,4896,0,4627,512,0,0,0.0,1.064,nan,edge/x86_64,unknown,3.12.3,2026-10-09T18:41:14Z
27,ML-DSA-87,post-quantum,5,keygen,0.0767,0.0,0.0,0.365,2592,4896,0,4627,0,0,0,0.0,1.1507,nan,edge/x86_64,unknown,3.12.3,2026-10-09T18:41:14Z
27,ML-DSA-87,post-quantum,5,sign,0.145,0.0,0.0,0.365,2592,4896,0,4627,512,0,0,0.0,2.175,nan,edge/x86_64,unknown,3.12.3,2026-10-09T18:41:14Z
27,ML-DSA-87,post-quantum,5,verify,0.0801,0.0,0.0,0.365,2592,4896,0,4627,512,0,0,0.0,1.2018,nan,edge/x86_64,unknown,3.12.3,2026-10-09T18:41:14Z
28,ML-DSA-87,post-quantum,5,keygen,0.0765,0.0,0.0,0.365,2592,4896,0,4627,0,0,0,0.0,1.1478,nan,edge/x86_64,unknown,3.12.3,2026-10-09T18:41:14Z
28,ML-DSA-87,post-quantum,5,sign,0.1546,0.0,0.0,0.365,2592,4896,0,4627,512,0,0,0.0,2.3193,nan,edge/x86_64,unknown,3.12.3,2026-10-09T18:41:14Z
28,ML-DSA-87,post-quantum,5,verify,0.0712,0.0,0.0,0.365,2592,4896,0,4627,512,0,0,0.0,1.0681,nan,edge/x86_64,unknown,3.12.3,2026-10-09T18:41:14Z
29,ML-DSA-87,post-quantum,5,keygen,0.0852,0.0,0.0,0.365,2592,4896,0,4627,0,0,0,0.0,1.2786,nan,edge/x86_64,unknown,3.12.3,2026-10-09T18:41:14Z
29,ML-DSA-87,post-quantum,5,sign,0.1089,0.0,0.0,0.365,2592,4896,0,4627,512,0,0,0.0,1.6342,nan,edge/x86_64,unknown,3.12.3,2026-10-09T18:41:14Z
29,ML-DSA-87,post-quantum,5,verify,0.0725,0.0,0.0,0.365,2592,4896,0,4627,512,0,0,0.0,1.0879,nan,edge/x86_64,unknown,3.12.3,2026-10-09T18:41:14Z
30,ML-DSA-87,post-quantum,5,keygen,0.0867,0.0,0.0,0.365,2592,4896,0,4627,0,0,0,0.0,1.3007,nan,edge/x86_64,unknown,3.12.3,2026-10-09T18:41:14Z
30,ML-DSA-87,post-quantum,5,sign,0.2221,0.0,0.0,0.365,2592,4896,0,4627,512,0,0,0.0,3.3321,nan,edge/x86_64,unknown,3.12.3,2026-10-09T18:41:14Z
30,ML-DSA-87,post-quantum,5,verify,0.0799,0.0,0.0,0.365,2592,4896,0,4627,512,0,0,0.0,1.1987,nan,edge/x86_64,unknown,3.12.3,2026-10-09T18:41:14Z
31,ML-DSA-87,post-quantum,5,keygen,0.083,0.0,0.0,0.365,2592,4896,0,4627,0,0,0,0.0,1.2448,nan,edge/x86_64,unknown,3.12.3,2026-10-09T18:41:14Z
31,ML-DSA-87,post-quantum,5,sign,0.149,0.0,0.0,0.365,2592,4896,0,4627,512,0,0,0.0,2.2357,nan,edge/x86_64,unknown,3.12.3,2026-10-09T18:41:14Z
31,ML-DSA-87,post-quantum,5,verify,0.0734,0.0,0.0,0.365,2592,4896,0,4627,512,0,0,0.0,1.1014,nan,edge/x86_64,unknown,3.12.3,2026-10-09T18:41:14Z
32,ML-DSA-87,post-quantum,5,keygen,0.0968,0.0,0.0,0.365,2592,4896,0,4627,0,0,0,0.0,1.4516,nan,edge/x86_64,unknown,3.12.3,2026-10-09T18:41:14Z
32,ML-DSA-87,post-quantum,5,sign,0.133,0.0,0.0,0.365,2592,4896,0,4627,512,0,0,0.0,1.9952,nan,edge/x86_64,unknown,3.12.3,2026-10-09T18:41:14Z
32,ML-DSA-87,post-quantum,5,verify,0.072,0.0,0.0,0.365,2592,4896,0,4627,512,0,0,0.0,1.0798,nan,edge/x86_64,unknown,3.12.3,2026-10-09T18:41:14Z
33,ML-DSA-87,post-quantum,5,keygen,0.0774,0.0,0.0,0.365,2592,4896,0,4627,0,0,0,0.0,1.1608,nan,edge/x86_64,unknown,3.12.3,2026-10-09T18:41:14Z
33,ML-DSA-87,post-quantum,5,sign,0.2083,0.0,0.0,0.365,2592,4896,0,4627,512,0,0,0.0,3.1241,nan,edge/x86_64,unknown,3.12.3,2026-10-09T18:41:14Z
33,ML-DSA-87,post-quantum,5,verify,0.0736,0.0,0.0,0.365,2592,4896,0,4627,512,0,0,0.0,1.1035,nan,edge/x86_64,unknown,3.12.3,2026-10-09T18:41:14Z
34,ML-DSA-87,post-quantum,5,keygen,0.0778,0.0,0.0,0.365,2592,4896,0,4627,0,0,0,0.0,1.1666,nan,edge/x86_64,unknown,3.12.3,2026-10-09T18:41:14Z
34,ML-DSA-87,post-quantum,5,sign,0.0928,0.0,0.0,0.365,2592,4896,0,4627,512,0,0,0.0,1.3922,nan,edge/x86_64,unknown,3.12.3,2026-10-09T18:41:14Z
34,ML-DSA-87,post-quantum,5,verify,0.0718,0.0,0.0,0.365,2592,4896,0,4627,512,0,0,0.0,1.0768,nan,edge/x86_64,unknown,3.12.3,2026-10-09T18:41:14Z
35,ML-DSA-87,post-quantum,5,keygen,0.0764,0.0,0.0,0.365,2592,4896,0,4627,0,0,0,0.0,1.1457,nan,edge/x86_64,unknown,3.12.3,2026-10-09T18:41:14Z
35,ML-DSA-87,post-quantum,5,sign,0.1043,0.0,0.0,0.365,2592,4896,0,4627,512,0,0,0.0,1.5642,nan,edge/x86_64,unknown,3.12.3,2026-10-09T18:41:14Z
35,ML-DSA-87,post-quantum,5,verify,0.0717,0.0,0.0,0.365,2592,4896,0,4627,512,0,0,0.0,1.0752,nan,edge/x86_64,unknown,3.12.3,2026-10-09T18:41:14Z
36,ML-DSA-87,post-quantum,5,keygen,0.0767,0.0,0.0,0.365,2592,4896,0,4627,0,0,0,0.0,1.1498,nan,edge/x86_64,unknown,3.12.3,2026-10-09T18:41:14Z
36,ML-DSA-87,post-quantum,5,sign,0.1855,0.0,0.0,0.365,2592,4896,0,4627,512,0,0,0.0,2.782,nan,edge/x86_64,unknown,3.12.3,2026-10-09T18:41:14Z
36,ML-DSA-87,post-quantum,5,verify,0.0943,0.0,0.0,0.365,2592,4896,0,4627,512,0,0,0.0,1.4141,nan,edge/x86_64,unknown,3.12.3,2026-10-09T18:41:14Z
37,ML-DSA-87,post-quantum,5,keygen,0.0853,0.0,0.0,0.365,2592,4896,0,4627,0,0,0,0.0,1.2793,nan,edge/x86_64,unknown,3.12.3,2026-10-09T18:41:14Z
37,ML-DSA-87,post-quantum,5,sign,0.1964,0.0,0.0,0.365,2592,4896,0,4627,512,0,0,0.0,2.9463,nan,edge/x86_64,unknown,3.12.3,2026-10-09T18:41:14Z
37,ML-DSA-87,post-quantum,5,verify,0.0729,0.0,0.0,0.365,2592,4896,0,4627,512,0,0,0.0,1.0939,nan,edge/x86_64,unknown,3.12.3,2026-10-09T18:41:14Z
38,ML-DSA-87,post-quantum,5,keygen,0.0922,0.0,0.0,0.365,2592,4896,0,4627,0,0,0,0.0,1.3835,nan,edge/x86_64,unknown,3.12.3,2026-10-09T18:41:14Z
38,ML-DSA-87,post-quantum,5,sign,0.1099,0.0,0.0,0.365,2592,4896,0,4627,512,0,0,0.0,1.6489,nan,edge/x86_64,unknown,3.12.3,2026-10-09T18:41:14Z
38,ML-DSA-87,post-quantum,5,verify,0.0722,0.0,0.0,0.365,2592,4896,0,4627,512,0,0,0.0,1.0826,nan,edge/x86_64,unknown,3.12.3,2026-10-09T18:41:14Z
39,ML-DSA-87,post-quantum,5,keygen,0.0768,0.0,0.0,0.365,2592,4896,0,4627,0,0,0,0.0,1.1524,nan,edge/x86_64,unknown,3.12.3,2026-10-09T18:41:14Z
39,ML-DSA-87,post-quantum,5,sign,0.1079,0.0,0.0,0.365,2592,4896,0,4627,512,0,0,0.0,1.6182,nan,edge/x86_64,unknown,3.12.3,2026-10-09T18:41:14Z
39,ML-DSA-87,post-quantum,5,verify,0.0723,0.0,0.0,0.365,2592,4896,0,4627,512,0,0,0.0,1.0839,nan,edge/x86_64,unknown,3.12.3,2026-10-09T18:41:14Z
40,ML-DSA-87,post-quantum,5,keygen,0.076,0.0,0.0,0.365,2592,4896,0,4627,0,0,0,0.0,1.1406,nan,edge/x86_64,unknown,3.12.3,2026-10-09T18:41:14Z
40,ML-DSA-87,post-quantum,5,sign,0.1069,0.0,0.0,0.365,2592,4896,0,4627,512,0,0,0.0,1.6042,nan,edge/x86_64,unknown,3.12.3,2026-10-09T18:41:14Z
40,ML-DSA-87,post-quantum,5,verify,0.0716,0.0,0.0,0.365,2592,4896,0,4627,512,0,0,0.0,1.0747,nan,edge/x86_64,unknown,3.12.3,2026-10-09T18:41:14Z
41,ML-DSA-87,post-quantum,5,keygen,0.0751,0.0,0.0,0.365,2592,4896,0,4627,0,0,0,0.0,1.1269,nan,edge/x86_64,unknown,3.12.3,2026-10-09T18:41:14Z
41,ML-DSA-87,post-quantum,5,sign,0.1211,0.0,0.0,0.365,2592,4896,0,4627,512,0,0,0.0,1.8168,nan,edge/x86_64,unknown,3.12.3,2026-10-09T18:41:14Z
41,ML-DSA-87,post-quantum,5,verify,0.081,0.0,0.0,0.365,2592,4896,0,4627,512,0,0,0.0,1.2144,nan,edge/x86_64,unknown,3.12.3,2026-10-09T18:41:14Z
42,ML-DSA-87,post-quantum,5,keygen,0.0782,0.0,0.0,0.365,2592,4896,0,4627,0,0,0,0.0,1.1726,nan,edge/x86_64,unknown,3.12.3,2026-10-09T18:41:14Z
42,ML-DSA-87,post-quantum,5,sign,0.1582,0.0,0.0,0.365,2592,4896,0,4627,512,0,0,0.0,2.3725,nan,edge/x86_64,unknown,3.12.3,2026-10-09T18:41:14Z
42,ML-DSA-87,post-quantum,5,verify,0.0732,0.0,0.0,0.365,2592,4896,0,4627,512,0,0,0.0,1.0985,nan,edge/x86_64,unknown,3.12.3,2026-10-09T18:41:14Z
43,ML-DSA-87,post-quantum,5,keygen,0.1053,0.0,0.0,0.365,2592,4896,0,4627,0,0,0,0.0,1.5796,nan,edge/x86_64,unknown,3.12.3,2026-10-09T18:41:14Z
43,ML-DSA-87,post-quantum,5,sign,0.1255,0.0,0.0,0.365,2592,4896,0,4627,512,0,0,0.0,1.8822,nan,edge/x86_64,unknown,3.12.3,2026-10-09T18:41:14Z
43,ML-DSA-87,post-quantum,5,verify,0.0723,0.0,0.0,0.365,2592,4896,0,4627,512,0,0,0.0,1.0849,nan,edge/x86_64,unknown,3.12.3,2026-10-09T18:41:14Z
44,ML-DSA-87,post-quantum,5,keygen,0.0766,0.0,0.0,0.365,2592,4896,0,4627,0,0,0,0.0,1.1495,nan,edge/x86_64,unknown,3.12.3,2026-10-09T18:41:14Z
44,ML-DSA-87,post-quantum,5,sign,0.092,0.0,0.0,0.365,2592,4896,0,4627,512,0,0,0.0,1.3798,nan,edge/x86_64,unknown,3.12.3,2026-10-09T18:41:14Z
44,ML-DSA-87,post-quantum,5,verify,0.0829,0.0,0.0,0.365,2592,4896,0,4627,512,0,0,0.0,1.244,nan,edge/x86_64,unknown,3.12.3,2026-10-09T18:41:14Z
45,ML-DSA-87,post-quantum,5,keygen,0.0897,0.0,0.0,0.365,2592,4896,0,4627,0,0,0,0.0,1.3456,nan,edge/x86_64,unknown,3.12.3,2026-10-09T18:41:14Z
45,ML-DSA-87,post-quantum,5,sign,0.0938,0.0,0.0,0.365,2592,4896,0,4627,512,0,0,0.0,1.4064,nan,edge/x86_64,unknown,3.12.3,2026-10-09T18:41:14Z
45,ML-DSA-87,post-quantum,5,verify,0.0728,0.0,0.0,0.365,2592,4896,0,4627,512,0,0,0.0,1.0924,nan,edge/x86_64,unknown,3.12.3,2026-10-09T18:41:14Z
46,ML-DSA-87,post-quantum,5,keygen,0.0766,0.0,0.0,0.365,2592,4896,0,4627,0,0,0,0.0,1.1488,nan,edge/x86_64,unknown,3.12.3,2026-10-09T18:41:14Z
46,ML-DSA-87,post-quantum,5,sign,0.0919,0.0,0.0,0.365,2592,4896,0,4627,512,0,0,0.0,1.3781,nan,edge/x86_64,unknown,3.12.3,2026-10-09T18:41:14Z
46,ML-DSA-87,post-quantum,5,verify,0.0712,0.0,0.0,0.365,2592,4896,0,4627,512,0,0,0.0,1.0684,nan,edge/x86_64,unknown,3.12.3,2026-10-09T18:41:14Z
47,ML-DSA-87,post-quantum,5,keygen,0.0756,0.0,0.0,0.365,2592,4896,0,4627,0,0,0,0.0,1.1334,nan,edge/x86_64,unknown,3.12.3,2026-10-09T18:41:14Z
47,ML-DSA-87,post-quantum,5,sign,0.0912,0.0,0.0,0.365,2592,4896,0,4627,512,0,0,0.0,1.3681,nan,edge/x86_64,unknown,3.12.3,2026-10-09T18:41:14Z
47,ML-DSA-87,post-quantum,5,verify,0.0722,0.0,0.0,0.365,2592,4896,0,4627,512,0,0,0.0,1.0826,nan,edge/x86_64,unknown,3.12.3,2026-10-09T18:41:14Z
48,ML-DSA-87,post-quantum,5,keygen,0.1051,0.0,0.0,0.365,2592,4896,0,4627,0,0,0,0.0,1.5766,nan,edge/x86_64,unknown,3.12.3,2026-10-09T18:41:14Z
48,ML-DSA-87,post-quantum,5,sign,0.1378,0.0,0.0,0.365,2592,4896,0,4627,512,0,0,0.0,2.0673,nan,edge/x86_64,unknown,3.12.3,2026-10-09T18:41:14Z
48,ML-DSA-87,post-quantum,5,verify,0.0874,0.0,0.0,0.365,2592,4896,0,4627,512,0,0,0.0,1.3105,nan,edge/x86_64,unknown,3.12.3,2026-10-09T18:41:14Z
49,ML-DSA-87,post-quantum,5,keygen,0.0784,0.0,0.0,0.365,2592,4896,0,4627,0,0,0,0.0,1.1766,nan,edge/x86_64,unknown,3.12.3,2026-10-09T18:41:14Z
49,ML-DSA-87,post-quantum,5,sign,0.0927,0.0,0.0,0.365,2592,4896,0,4627,512,0,0,0.0,1.3899,nan,edge/x86_64,unknown,3.12.3,2026-10-09T18:41:14Z
49,ML-DSA-87,post-quantum,5,verify,0.0718,0.0,0.0,0.365,2592,4896,0,4627,512,0,0,0.0,1.0764,nan,edge/x86_64,unknown,3.12.3,2026-10-09T18:41:14Z
50,ML-DSA-87,post-quantum,5,keygen,0.096,0.0,0.0,0.365,2592,4896,0,4627,0,0,0,0.0,1.4403,nan,edge/x86_64,unknown,3.12.3,2026-10-09T18:41:14Z
50,ML-DSA-87,post-quantum,5,sign,0.2105,0.0,0.0,0.365,2592,4896,0,4627,512,0,0,0.0,3.1577,nan,edge/x86_64,unknown,3.12.3,2026-10-09T18:41:14Z
50,ML-DSA-87,post-quantum,5,verify,0.0728,0.0,0.0,0.365,2592,4896,0,4627,512,0,0,0.0,1.0923,nan,edge/x86_64,unknown,3.12.3,2026-10-09T18:41:14Z
51,ML-DSA-87,post-quantum,5,keygen,0.0765,0.0,0.0,0.365,2592,4896,0,4627,0,0,0,0.0,1.1479,nan,edge/x86_64,unknown,3.12.3,2026-10-09T18:41:14Z
51,ML-DSA-87,post-quantum,5,sign,0.1021,0.0,0.0,0.365,2592,4896,0,4627,512,0,0,0.0,1.5321,nan,edge/x86_64,unknown,3.12.3,2026-10-09T18:41:14Z
51,ML-DSA-87,post-quantum,5,verify,0.0761,0.0,0.0,0.365,2592,4896,0,4627,512,0,0,0.0,1.1413,nan,edge/x86_64,unknown,3.12.3,2026-10-09T18:41:14Z
52,ML-DSA-87,post-quantum,5,keygen,0.0897,0.0,0.0,0.365,2592,4896,0,4627,0,0,0,0.0,1.346,nan,edge/x86_64,unknown,3.12.3,2026-10-09T18:41:14Z
52,ML-DSA-87,post-quantum,5,sign,0.2498,0.0,0.0,0.365,2592,4896,0,4627,512,0,0,0.0,3.7467,nan,edge/x86_64,unknown,3.12.3,2026-10-09T18:41:14Z
52,ML-DSA-87,post-quantum,5,verify,0.0739,0.0,0.0,0.365,2592,4896,0,4627,512,0,0,0.0,1.1089,nan,edge/x86_64,unknown,3.12.3,2026-10-09T18:41:14Z
53,ML-DSA-87,post-quantum,5,keygen,0.0781,0.0,0.0,0.365,2592,4896,0,4627,0,0,0,0.0,1.1716,nan,edge/x86_64,unknown,3.12.3,2026-10-09T18:41:14Z
53,ML-DSA-87,post-quantum,5,sign,0.0921,0.0,0.0,0.365,2592,4896,0,4627,512,0,0,0.0,1.3817,nan,edge/x86_64,unknown,3.12.3,2026-10-09T18:41:14Z
53,ML-DSA-87,post-quantum,5,verify,0.072,0.0,0.0,0.365,2592,4896,0,4627,512,0,0,0.0,1.0804,nan,edge/x86_64,unknown,3.12.3,2026-10-09T18:41:14Z
54,ML-DSA-87,post-quantum,5,keygen,0.0789,0.0,0.0,0.365,2592,4896,0,4627,0,0,0,0.0,1.1836,nan,edge/x86_64,unknown,3.12.3,2026-10-09T18:41:14Z
54,ML-DSA-87,post-quantum,5,sign,0.2804,0.0,0.0,0.365,2592,4896,0,4627,512,0,0,0.0,4.2055,nan,edge/x86_64,unknown,3.12.3,2026-10-09T18:41:14Z
54,ML-DSA-87,post-quantum,5,verify,0.0731,0.0,0.0,0.365,2592,4896,0,4627,512,0,0,0.0,1.0972,nan,edge/x86_64,unknown,3.12.3,2026-10-09T18:41:14Z
55,ML-DSA-87,post-quantum,5,keygen,0.0773,0.0,0.0,0.365,2592,4896,0,4627,0,0,0,0.0,1.1598,nan,edge/x86_64,unknown,3.12.3,2026-10-09T18:41:14Z
55,ML-DSA-87,post-quantum,5,sign,0.1246,0.0,0.0,0.365,2592,4896,0,4627,512,0,0,0.0,1.8695,nan,edge/x86_64,unknown,3.12.3,2026-10-09T18:41:14Z
55,ML-DSA-87,post-quantum,5,verify,0.0925,0.0,0.0,0.365,2592,4896,0,4627,512,0,0,0.0,1.3876,nan,edge/x86_64,unknown,3.12.3,2026-10-09T18:41:14Z
56,ML-DSA-87,post-quantum,5,keygen,0.0838,0.0,0.0,0.365,2592,4896,0,4627,0,0,0,0.0,1.257,nan,edge/x86_64,unknown,3.12.3,2026-10-09T18:41:14Z
56,ML-DSA-87,post-quantum,5,sign,0.1406,0.0,0.0,0.365,2592,4896,0,4627,512,0,0,0.0,2.1093,nan,edge/x86_64,unknown,3.12.3,2026-10-09T18:41:14Z
56,ML-DSA-87,post-quantum,5,verify,0.0727,0.0,0.0,0.365,2592,4896,0,4627,512,0,0,0.0,1.0912,nan,edge/x86_64,unknown,3.12.3,2026-10-09T18:41:14Z
57,ML-DSA-87,post-quantum,5,keygen,0.148,0.0,0.0,0.365,2592,4896,0,4627,0,0,0,0.0,2.2193,nan,edge/x86_64,unknown,3.12.3,2026-10-09T18:41:14Z
57,ML-DSA-87,post-quantum,5,sign,0.2553,0.0,0.0,0.365,2592,4896,0,4627,512,0,0,0.0,3.8302,nan,edge/x86_64,unknown,3.12.3,2026-10-09T18:41:14Z
57,ML-DSA-87,post-quantum,5,verify,0.1668,0.0,0.0,0.365,2592,4896,0,4627,512,0,0,0.0,2.5023,nan,edge/x86_64,unknown,3.12.3,2026-10-09T18:41:14Z
58,ML-DSA-87,post-quantum,5,keygen,0.085,0.0,0.0,0.365,2592,4896,0,4627,0,0,0,0.0,1.2744,nan,edge/x86_64,unknown,3.12.3,2026-10-09T18:41:14Z
58,ML-DSA-87,post-quantum,5,sign,0.1161,0.0,0.0,0.365,2592,4896,0,4627,512,0,0,0.0,1.7422,nan,edge/x86_64,unknown,3.12.3,2026-10-09T18:41:14Z
58,ML-DSA-87,post-quantum,5,verify,0.0724,0.0,0.0,0.365,2592,4896,0,4627,512,0,0,0.0,1.0854,nan,edge/x86_64,unknown,3.12.3,2026-10-09T18:41:14Z
59,ML-DSA-87,post-quantum,5,keygen,0.0764,0.0,0.0,0.365,2592,4896,0,4627,0,0,0,0.0,1.1457,nan,edge/x86_64,unknown,3.12.3,2026-10-09T18:41:14Z
59,ML-DSA-87,post-quantum,5,sign,0.0918,0.0,0.0,0.365,2592,4896,0,4627,512,0,0,0.0,1.3769,nan,edge/x86_64,unknown,3.12.3,2026-10-09T18:41:14Z
59,ML-DSA-87,post-quantum,5,verify,0.0717,0.0,0.0,0.365,2592,4896,0,4627,512,0,0,0.0,1.0762,nan,edge/x86_64,unknown,3.12.3,2026-10-09T18:41:14Z
60,ML-DSA-87,post-quantum,5,keygen,0.0753,0.0,0.0,0.365,2592,4896,0,4627,0,0,0,0.0,1.1299,nan,edge/x86_64,unknown,3.12.3,2026-10-09T18:41:14Z
60,ML-DSA-87,post-quantum,5,sign,0.2276,0.0,0.0,0.365,2592,4896,0,4627,512,0,0,0.0,3.4143,nan,edge/x86_64,unknown,3.12.3,2026-10-09T18:41:14Z
60,ML-DSA-87,post-quantum,5,verify,0.0726,0.0,0.0,0.365,2592,4896,0,4627,512,0,0,0.0,1.089,nan,edge/x86_64,unknown,3.12.3,2026-10-09T18:41:14Z
61,ML-DSA-87,post-quantum,5,keygen,0.0764,0.0,0.0,0.365,2592,4896,0,4627,0,0,0,0.0,1.1462,nan,edge/x86_64,unknown,3.12.3,2026-10-09T18:41:14Z
61,ML-DSA-87,post-quantum,5,sign,0.1134,0.0,0.0,0.365,2592,4896,0,4627,512,0,0,0.0,1.7003,nan,edge/x86_64,unknown,3.12.3,2026-10-09T18:41:14Z
61,ML-DSA-87,post-quantum,5,verify,0.0759,0.0,0.0,0.365,2592,4896,0,4627,512,0,0,0.0,1.1388,nan,edge/x86_64,unknown,3.12.3,2026-10-09T18:41:14Z
62,ML-DSA-87,post-quantum,5,keygen,0.0798,0.0,0.0,0.365,2592,4896,0,4627,0,0,0,0.0,1.1976,nan,edge/x86_64,unknown,3.12.3,2026-10-09T18:41:14Z
62,ML-DSA-87,post-quantum,5,sign,0.1286,0.0,0.0,0.365,2592,4896,0,4627,512,0,0,0.0,1.9285,nan,edge/x86_64,unknown,3.12.3,2026-10-09T18:41:14Z
62,ML-DSA-87,post-quantum,5,verify,0.0717,0.0,0.0,0.365,2592,4896,0,4627,512,0,0,0.0,1.0762,nan,edge/x86_64,unknown,3.12.3,2026-10-09T18:41:14Z
63,ML-DSA-87,post-quantum,5,keygen,0.0759,0.0,0.0,0.365,2592,4896,0,4627,0,0,0,0.0,1.1386,nan,edge/x86_64,unknown,3.12.3,2026-10-09T18:41:14Z
63,ML-DSA-87,post-quantum,5,sign,0.2209,0.0,0.0,0.365,2592,4896,0,4627,512,0,0,0.0,3.3133,nan,edge/x86_64,unknown,3.12.3,2026-10-09T18:41:14Z
63,ML-DSA-87,post-quantum,5,verify,0.0732,0.0,0.0,0.365,2592,4896,0,4627,512,0,0,0.0,1.0984,nan,edge/x86_64,unknown,3.12.3,2026-10-09T18:41:14Z
64,ML-DSA-87,post-quantum,5,keygen,0.0768,0.0,0.0,0.365,2592,4896,0,4627,0,0,0,0.0,1.1524,nan,edge/x86_64,unknown,3.12.3,2026-10-09T18:41:14Z
64,ML-DSA-87,post-quantum,5,sign,0.0922,0.0,0.0,0.365,2592,4896,0,4627,512,0,0,0.0,1.3828,nan,edge/x86_64,unknown,3.12.3,2026-10-09T18:41:14Z
64,ML-DSA-87,post-quantum,5,verify,0.0712,0.0,0.0,0.365,2592,4896,0,4627,512,0,0,0.0,1.0674,nan,edge/x86_64,unknown,3.12.3,2026-10-09T18:41:14Z
65,ML-DSA-87,post-quantum,5,keygen,0.0806,0.0,0.0,0.365,2592,4896,0,4627,0,0,0,0.0,1.2091,nan,edge/x86_64,unknown,3.12.3,2026-10-09T18:41:14Z
65,ML-DSA-87,post-quantum,5,sign,0.1686,0.0,0.0,0.365,2592,4896,0,4627,512,0,0,0.0,2.5289,nan,edge/x86_64,unknown,3.12.3,2026-10-09T18:41:14Z
65,ML-DSA-87,post-quantum,5,verify,0.0732,0.0,0.0,0.365,2592,4896,0,4627,512,0,0,0.0,1.0983,nan,edge/x86_64,unknown,3.12.3,2026-10-09T18:41:14Z
66,ML-DSA-87,post-quantum,5,keygen,0.0752,0.0,0.0,0.365,2592,4896,0,4627,0,0,0,0.0,1.1284,nan,edge/x86_64,unknown,3.12.3,2026-10-09T18:41:14Z
66,ML-DSA-87,post-quantum,5,sign,0.119,0.0,0.0,0.365,2592,4896,0,4627,512,0,0,0.0,1.7856,nan,edge/x86_64,unknown,3.12.3,2026-10-09T18:41:14Z
66,ML-DSA-87,post-quantum,5,verify,0.0721,0.0,0.0,0.365,2592,4896,0,4627,512,0,0,0.0,1.0808,nan,edge/x86_64,unknown,3.12.3,2026-10-09T18:41:14Z
67,ML-DSA-87,post-quantum,5,keygen,0.0769,0.0,0.0,0.365,2592,4896,0,4627,0,0,0,0.0,1.1538,nan,edge/x86_64,unknown,3.12.3,2026-10-09T18:41:14Z
67,ML-DSA-87,post-quantum,5,sign,0.1412,0.0,0.0,0.365,2592,4896,0,4627,512,0,0,0.0,2.1184,nan,edge/x86_64,unknown,3.12.3,2026-10-09T18:41:14Z
67,ML-DSA-87,post-quantum,5,verify,0.0913,0.0,0.0,0.365,2592,4896,0,4627,512,0,0,0.0,1.3699,nan,edge/x86_64,unknown,3.12.3,2026-10-09T18:41:14Z
68,ML-DSA-87,post-quantum,5,keygen,0.0839,0.0,0.0,0.365,2592,4896,0,4627,0,0,0,0.0,1.2586,nan,edge/x86_64,unknown,3.12.3,2026-10-09T18:41:14Z
68,ML-DSA-87,post-quantum,5,sign,0.1141,0.0,0.0,0.365,2592,4896,0,4627,512,0,0,0.0,1.7119,nan,edge/x86_64,unknown,3.12.3,2026-10-09T18:41:14Z
68,ML-DSA-87,post-quantum,5,verify,0.0724,0.0,0.0,0.365,2592,4896,0,4627,512,0,0,0.0,1.0861,nan,edge/x86_64,unknown,3.12.3,2026-10-09T18:41:14Z
69,ML-DSA-87,post-quantum,5,keygen,0.0771,0.0,0.0,0.365,2592,4896,0,4627,0,0,0,0.0,1.1558,nan,edge/x86_64,unknown,3.12.3,2026-10-09T18:41:14Z
69,ML-DSA-87,post-quantum,5,sign,0.121,0.0,0.0,0.365,2592,4896,0,4627,512,0,0,0.0,1.8156,nan,edge/x86_64,unknown,3.12.3,2026-10-09T18:41:14Z
69,ML-DSA-87,post-quantum,5,verify,0.0855,0.0,0.0,0.365,2592,4896,0,4627,512,0,0,0.0,1.2818,nan,edge/x86_64,unknown,3.12.3,2026-10-09T18:41:14Z
70,ML-DSA-87,post-quantum,5,keygen,0.0788,0.0,0.0,0.365,2592,4896,0,4627,0,0,0,0.0,1.1814,nan,edge/x86_64,unknown,3.12.3,2026-10-09T18:41:14Z
70,ML-DSA-87,post-quantum,5,sign,0.1445,0.0,0.0,0.365,2592,4896,0,4627,512,0,0,0.0,2.1675,nan,edge/x86_64,unknown,3.12.3,2026-10-09T18:41:14Z
70,ML-DSA-87,post-quantum,5,verify,0.0718,0.0,0.0,0.365,2592,4896,0,4627,512,0,0,0.0,1.0777,nan,edge/x86_64,unknown,3.12.3,2026-10-09T18:41:14Z
71,ML-DSA-87,post-quantum,5,keygen,0.0756,0.0,0.0,0.365,2592,4896,0,4627,0,0,0,0.0,1.1347,nan,edge/x86_64,unknown,3.12.3,2026-10-09T18:41:14Z
71,ML-DSA-87,post-quantum,5,sign,0.1066,0.0,0.0,0.365,2592,4896,0,4627,512,0,0,0.0,1.5985,nan,edge/x86_64,unknown,3.12.3,2026-10-09T18:41:14Z
71,ML-DSA-87,post-quantum,5,verify,0.073,0.0,0.0,0.365,2592,4896,0,4627,512,0,0,0.0,1.0944,nan,edge/x86_64,unknown,3.12.3,2026-10-09T18:41:14Z
72,ML-DSA-87,post-quantum,5,keygen,0.076,0.0,0.0,0.365,2592,4896,0,4627,0,0,0,0.0,1.1396,nan,edge/x86_64,unknown,3.12.3,2026-10-09T18:41:14Z
72,ML-DSA-87,post-quantum,5,sign,0.1152,0.0,0.0,0.365,2592,4896,0,4627,512,0,0,0.0,1.7286,nan,edge/x86_64,unknown,3.12.3,2026-10-09T18:41:14Z
72,ML-DSA-87,post-quantum,5,verify,0.0773,0.0,0.0,0.365,2592,4896,0,4627,512,0,0,0.0,1.1592,nan,edge/x86_64,unknown,3.12.3,2026-10-09T18:41:14Z
73,ML-DSA-87,post-quantum,5,keygen,0.0798,0.0,0.0,0.365,2592,4896,0,4627,0,0,0,0.0,1.1971,nan,edge/x86_64,unknown,3.12.3,2026-10-09T18:41:14Z
73,ML-DSA-87,post-quantum,5,sign,0.1412,0.0,0.0,0.365,2592,4896,0,4627,512,0,0,0.0,2.118,nan,edge/x86_64,unknown,3.12.3,2026-10-09T18:41:14Z
73,ML-DSA-87,post-quantum,5,verify,0.0732,0.0,0.0,0.365,2592,4896,0,4627,512,0,0,0.0,1.0975,nan,edge/x86_64,unknown,3.12.3,2026-10-09T18:41:14Z
74,ML-DSA-87,post-quantum,5,keygen,0.0769,0.0,0.0,0.365,2592,4896,0,4627,0,0,0,0.0,1.1535,nan,edge/x86_64,unknown,3.12.3,2026-10-09T18:41:14Z
74,ML-DSA-87,post-quantum,5,sign,0.1588,0.0,0.0,0.365,2592,4896,0,4627,512,0,0,0.0,2.3817,nan,edge/x86_64,unknown,3.12.3,2026-10-09T18:41:14Z
74,ML-DSA-87,post-quantum,5,verify,0.0759,0.0,0.0,0.365,2592,4896,0,4627,512,0,0,0.0,1.138,nan,edge/x86_64,unknown,3.12.3,2026-10-09T18:41:14Z
75,ML-DSA-87,post-quantum,5,keygen,0.0804,0.0,0.0,0.365,2592,4896,0,4627,0,0,0,0.0,1.2056,nan,edge/x86_64,unknown,3.12.3,2026-10-09T18:41:14Z
75,ML-DSA-87,post-quantum,5,sign,0.1748,0.0,0.0,0.365,2592,4896,0,4627,512,0,0,0.0,2.6226,nan,edge/x86_64,unknown,3.12.3,2026-10-09T18:41:14Z
75,ML-DSA-87,post-quantum,5,verify,0.0812,0.0,0.0,0.365,2592,4896,0,4627,512,0,0,0.0,1.2174,nan,edge/x86_64,unknown,3.12.3,2026-10-09T18:41:14Z
76,ML-DSA-87,post-quantum,5,keygen,0.0766,0.0,0.0,0.365,2592,4896,0,4627,0,0,0,0.0,1.1485,nan,edge/x86_64,unknown,3.12.3,2026-10-09T18:41:14Z
76,ML-DSA-87,post-quantum,5,sign,0.1056,0.0,0.0,0.365,2592,4896,0,4627,512,0,0,0.0,1.5843,nan,edge/x86_64,unknown,3.12.3,2026-10-09T18:41:14Z
76,ML-DSA-87,post-quantum,5,verify,0.0729,0.0,0.0,0.365,2592,4896,0,4627,512,0,0,0.0,1.0928,nan,edge/x86_64,unknown,3.12.3,2026-10-09T18:41:14Z
77,ML-DSA-87,post-quantum,5,keygen,0.0759,0.0,0.0,0.365,2592,4896,0,4627,0,0,0,0.0,1.1392,nan,edge/x86_64,unknown,3.12.3,2026-10-09T18:41:14Z
77,ML-DSA-87,post-quantum,5,sign,0.1586,0.0,0.0,0.365,2592,4896,0,4627,512,0,0,0.0,2.3792,nan,edge/x86_64,unknown,3.12.3,2026-10-09T18:41:14Z
77,ML-DSA-87,post-quantum,5,verify,0.0829,0.0,0.0,0.365,2592,4896,0,4627,512,0,0,0.0,1.2435,nan,edge/x86_64,unknown,3.12.3,2026-10-09T18:41:14Z
78,ML-DSA-87,post-quantum,5,keygen,0.0789,0.0,0.0,0.365,2592,4896,0,4627,0,0,0,0.0,1.1834,nan,edge/x86_64,unknown,3.12.3,2026-10-09T18:41:14Z
78,ML-DSA-87,post-quantum,5,sign,0.2101,0.0,0.0,0.365,2592,4896,0,4627,512,0,0,0.0,3.152,nan,edge/x86_64,unknown,3.12.3,2026-10-09T18:41:14Z
78,ML-DSA-87,post-quantum,5,verify,0.0717,0.0,0.0,0.365,2592,4896,0,4627,512,0,0,0.0,1.0755,nan,edge/x86_64,unknown,3.12.3,2026-10-09T18:41:14Z
79,ML-DSA-87,post-quantum,5,keygen,0.0762,0.0,0.0,0.365,2592,4896,0,4627,0,0,0,0.0,1.1432,nan,edge/x86_64,unknown,3.12.3,2026-10-09T18:41:14Z
79,ML-DSA-87,post-quantum,5,sign,0.1421,0.0,0.0,0.365,2592,4896,0,4627,512,0,0,0.0,2.1316,nan,edge/x86_64,unknown,3.12.3,2026-10-09T18:41:14Z
79,ML-DSA-87,post-quantum,5,verify,0.0733,0.0,0.0,0.365,2592,4896,0,4627,512,0,0,0.0,1.0988,nan,edge/x86_64,unknown,3.12.3,2026-10-09T18:41:14Z
80,ML-DSA-87,post-quantum,5,keygen,0.0771,0.0,0.0,0.365,2592,4896,0,4627,0,0,0,0.0,1.1559,nan,edge/x86_64,unknown,3.12.3,2026-10-09T18:41:14Z
80,ML-DSA-87,post-quantum,5,sign,0.1254,0.0,0.0,0.365,2592,4896,0,4627,512,0,0,0.0,1.8803,nan,edge/x86_64,unknown,3.12.3,2026-10-09T18:41:14Z
80,ML-DSA-87,post-quantum,5,verify,0.0928,0.0,0.0,0.365,2592,4896,0,4627,512,0,0,0.0,1.3917,nan,edge/x86_64,unknown,3.12.3,2026-10-09T18:41:14Z
81,ML-DSA-87,post-quantum,5,keygen,0.0848,0.0,0.0,0.365,2592,4896,0,4627,0,0,0,0.0,1.2724,nan,edge/x86_64,unknown,3.12.3,2026-10-09T18:41:14Z
81,ML-DSA-87,post-quantum,5,sign,0.1565,0.0,0.0,0.365,2592,4896,0,4627,512,0,0,0.0,2.3478,nan,edge/x86_64,unknown,3.12.3,2026-10-09T18:41:14Z
81,ML-DSA-87,post-quantum,5,verify,0.0733,0.0,0.0,0.365,2592,4896,0,4627,512,0,0,0.0,1.0997,nan,edge/x86_64,unknown,3.12.3,2026-10-09T18:41:14Z
82,ML-DSA-87,post-quantum,5,keygen,0.0764,0.0,0.0,0.365,2592,4896,0,4627,0,0,0,0.0,1.1453,nan,edge/x86_64,unknown,3.12.3,2026-10-09T18:41:14Z
82,ML-DSA-87,post-quantum,5,sign,0.1558,0.0,0.0,0.365,2592,4896,0,4627,512,0,0,0.0,2.3366,nan,edge/x86_64,unknown,3.12.3,2026-10-09T18:41:14Z
82,ML-DSA-87,post-quantum,5,verify,0.0727,0.0,0.0,0.365,2592,4896,0,4627,512,0,0,0.0,1.0912,nan,edge/x86_64,unknown,3.12.3,2026-10-09T18:41:14Z
83,ML-DSA-87,post-quantum,5,keygen,0.0782,0.0,0.0,0.365,2592,4896,0,4627,0,0,0,0.0,1.1733,nan,edge/x86_64,unknown,3.12.3,2026-10-09T18:41:14Z
83,ML-DSA-87,post-quantum,5,sign,0.139,0.0,0.0,0.365,2592,4896,0,4627,512,0,0,0.0,2.0854,nan,edge/x86_64,unknown,3.12.3,2026-10-09T18:41:14Z
83,ML-DSA-87,post-quantum,5,verify,0.0718,0.0,0.0,0.365,2592,4896,0,4627,512,0,0,0.0,1.0775,nan,edge/x86_64,unknown,3.12.3,2026-10-09T18:41:14Z
84,ML-DSA-87,post-quantum,5,keygen,0.078,0.0,0.0,0.365,2592,4896,0,4627,0,0,0,0.0,1.1694,nan,edge/x86_64,unknown,3.12.3,2026-10-09T18:41:14Z
84,ML-DSA-87,post-quantum,5,sign,0.2047,0.0,0.0,0.365,2592,4896,0,4627,512,0,0,0.0,3.0709,nan,edge/x86_64,unknown,3.12.3,2026-10-09T18:41:14Z
84,ML-DSA-87,post-quantum,5,verify,0.0719,0.0,0.0,0.365,2592,4896,0,4627,512,0,0,0.0,1.079,nan,edge/x86_64,unknown,3.12.3,2026-10-09T18:41:14Z
85,ML-DSA-87,post-quantum,5,keygen,0.0841,0.0,0.0,0.365,2592,4896,0,4627,0,0,0,0.0,1.2612,nan,edge/x86_64,unknown,3.12.3,2026-10-09T18:41:14Z
85,ML-DSA-87,post-quantum,5,sign,0.1061,0.0,0.0,0.365,2592,4896,0,4627,512,0,0,0.0,1.591,nan,edge/x86_64,unknown,3.12.3,2026-10-09T18:41:14Z
85,ML-DSA-87,post-quantum,5,verify,0.0823,0.0,0.0,0.365,2592,4896,0,4627,512,0,0,0.0,1.2351,nan,edge/x86_64,unknown,3.12.3,2026-10-09T18:41:14Z
86,ML-DSA-87,post-quantum,5,keygen,0.0764,0.0,0.0,0.365,2592,4896,0,4627,0,0,0,0.0,1.1465,nan,edge/x86_64,unknown,3.12.3,2026-10-09T18:41:14Z
86,ML-DSA-87,post-quantum,5,sign,0.1091,0.0,0.0,0.365,2592,4896,0,4627,512,0,0,0.0,1.6364,nan,edge/x86_64,unknown,3.12.3,2026-10-09T18:41:14Z
86,ML-DSA-87,post-quantum,5,verify,0.0715,0.0,0.0,0.365,2592,4896,0,4627,512,0,0,0.0,1.0721,nan,edge/x86_64,unknown,3.12.3,2026-10-09T18:41:14Z
87,ML-DSA-87,post-quantum,5,keygen,0.1037,0.0,0.0,0.365,2592,4896,0,4627,0,0,0,0.0,1.5562,nan,edge/x86_64,unknown,3.12.3,2026-10-09T18:41:14Z
87,ML-DSA-87,post-quantum,5,sign,0.1635,0.0,0.0,0.365,2592,4896,0,4627,512,0,0,0.0,2.4531,nan,edge/x86_64,unknown,3.12.3,2026-10-09T18:41:14Z
87,ML-DSA-87,post-quantum,5,verify,0.0741,0.0,0.0,0.365,2592,4896,0,4627,512,0,0,0.0,1.112,nan,edge/x86_64,unknown,3.12.3,2026-10-09T18:41:14Z
88,ML-DSA-87,post-quantum,5,keygen,0.0775,0.0,0.0,0.365,2592,4896,0,4627,0,0,0,0.0,1.1619,nan,edge/x86_64,unknown,3.12.3,2026-10-09T18:41:14Z
88,ML-DSA-87,post-quantum,5,sign,0.0941,0.0,0.0,0.365,2592,4896,0,4627,512,0,0,0.0,1.4121,nan,edge/x86_64,unknown,3.12.3,2026-10-09T18:41:14Z
88,ML-DSA-87,post-quantum,5,verify,0.0734,0.0,0.0,0.365,2592,4896,0,4627,512,0,0,0.0,1.1006,nan,edge/x86_64,unknown,3.12.3,2026-10-09T18:41:14Z
89,ML-DSA-87,post-quantum,5,keygen,0.0912,0.0,0.0,0.365,2592,4896,0,4627,0,0,0,0.0,1.3683,nan,edge/x86_64,unknown,3.12.3,2026-10-09T18:41:14Z
89,ML-DSA-87,post-quantum,5,sign,0.1255,0.0,0.0,0.365,2592,4896,0,4627,512,0,0,0.0,1.8825,nan,edge/x86_64,unknown,3.12.3,2026-10-09T18:41:14Z
89,ML-DSA-87,post-quantum,5,verify,0.0714,0.0,0.0,0.365,2592,4896,0,4627,512,0,0,0.0,1.0703,nan,edge/x86_64,unknown,3.12.3,2026-10-09T18:41:14Z
90,ML-DSA-87,post-quantum,5,keygen,0.0764,0.0,0.0,0.365,2592,4896,0,4627,0,0,0,0.0,1.1457,nan,edge/x86_64,unknown,3.12.3,2026-10-09T18:41:14Z
90,ML-DSA-87,post-quantum,5,sign,0.0922,0.0,0.0,0.365,2592,4896,0,4627,512,0,0,0.0,1.3834,nan,edge/x86_64,unknown,3.12.3,2026-10-09T18:41:14Z
90,ML-DSA-87,post-quantum,5,verify,0.0711,0.0,0.0,0.365,2592,4896,0,4627,512,0,0,0.0,1.0662,nan,edge/x86_64,unknown,3.12.3,2026-10-09T18:41:14Z
91,ML-DSA-87,post-quantum,5,keygen,0.0758,0.0,0.0,0.365,2592,4896,0,4627,0,0,0,0.0,1.1363,nan,edge/x86_64,unknown,3.12.3,2026-10-09T18:41:14Z
91,ML-DSA-87,post-quantum,5,sign,0.1392,0.0,0.0,0.365,2592,4896,0,4627,512,0,0,0.0,2.0879,nan,edge/x86_64,unknown,3.12.3,2026-10-09T18:41:14Z
91,ML-DSA-87,post-quantum,5,verify,0.1462,0.0,0.0,0.365,2592,4896,0,4627,512,0,0,0.0,2.1925,nan,edge/x86_64,unknown,3.12.3,2026-10-09T18:41:14Z
92,ML-DSA-87,post-quantum,5,keygen,0.1001,0.0,0.0,0.365,2592,4896,0,4627,0,0,0,0.0,1.5012,nan,edge/x86_64,unknown,3.12.3,2026-10-09T18:41:14Z
92,ML-DSA-87,post-quantum,5,sign,0.0962,0.0,0.0,0.365,2592,4896,0,4627,512,0,0,0.0,1.4428,nan,edge/x86_64,unknown,3.12.3,2026-10-09T18:41:14Z
92,ML-DSA-87,post-quantum,5,verify,0.0725,0.0,0.0,0.365,2592,4896,0,4627,512,0,0,0.0,1.0877,nan,edge/x86_64,unknown,3.12.3,2026-10-09T18:41:14Z
93,ML-DSA-87,post-quantum,5,keygen,0.0763,0.0,0.0,0.365,2592,4896,0,4627,0,0,0,0.0,1.1441,nan,edge/x86_64,unknown,3.12.3,2026-10-09T18:41:14Z
93,ML-DSA-87,post-quantum,5,sign,0.2901,0.0,0.0,0.365,2592,4896,0,4627,512,0,0,0.0,4.3516,nan,edge/x86_64,unknown,3.12.3,2026-10-09T18:41:14Z
93,ML-DSA-87,post-quantum,5,verify,0.0768,0.0,0.0,0.365,2592,4896,0,4627,512,0,0,0.0,1.1522,nan,edge/x86_64,unknown,3.12.3,2026-10-09T18:41:14Z
94,ML-DSA-87,post-quantum,5,keygen,0.0795,0.0,0.0,0.365,2592,4896,0,4627,0,0,0,0.0,1.1924,nan,edge/x86_64,unknown,3.12.3,2026-10-09T18:41:14Z
94,ML-DSA-87,post-quantum,5,sign,0.1259,0.0,0.0,0.365,2592,4896,0,4627,512,0,0,0.0,1.8879,nan,edge/x86_64,unknown,3.12.3,2026-10-09T18:41:14Z
94,ML-DSA-87,post-quantum,5,verify,0.0717,0.0,0.0,0.365,2592,4896,0,4627,512,0,0,0.0,1.0753,nan,edge/x86_64,unknown,3.12.3,2026-10-09T18:41:14Z
95,ML-DSA-87,post-quantum,5,keygen,0.0896,0.0,0.0,0.365,2592,4896,0,4627,0,0,0,0.0,1.3435,nan,edge/x86_64,unknown,3.12.3,2026-10-09T18:41:14Z
95,ML-DSA-87,post-quantum,5,sign,0.1096,0.0,0.0,0.365,2592,4896,0,4627,512,0,0,0.0,1.6439,nan,edge/x86_64,unknown,3.12.3,2026-10-09T18:41:14Z
95,ML-DSA-87,post-quantum,5,verify,0.0713,0.0,0.0,0.365,2592,4896,0,4627,512,0,0,0.0,1.0692,nan,edge/x86_64,unknown,3.12.3,2026-10-09T18:41:14Z
96,ML-DSA-87,post-quantum,5,keygen,0.0761,0.0,0.0,0.365,2592,4896,0,4627,0,0,0,0.0,1.1408,nan,edge/x86_64,unknown,3.12.3,2026-10-09T18:41:14Z
96,ML-DSA-87,post-quantum,5,sign,0.155,0.0,0.0,0.365,2592,4896,0,4627,512,0,0,0.0,2.3243,nan,edge/x86_64,unknown,3.12.3,2026-10-09T18:41:14Z
96,ML-DSA-87,post-quantum,5,verify,0.0712,0.0,0.0,0.365,2592,4896,0,4627,512,0,0,0.0,1.0684,nan,edge/x86_64,unknown,3.12.3,2026-10-09T18:41:14Z
97,ML-DSA-87,post-quantum,5,keygen,0.076,0.0,0.0,0.365,2592,4896,0,4627,0,0,0,0.0,1.1404,nan,edge/x86_64,unknown,3.12.3,2026-10-09T18:41:14Z
97,ML-DSA-87,post-quantum,5,sign,0.1307,0.0,0.0,0.365,2592,4896,0,4627,512,0,0,0.0,1.9609,nan,edge/x86_64,unknown,3.12.3,2026-10-09T18:41:14Z
97,ML-DSA-87,post-quantum,5,verify,0.0723,0.0,0.0,0.365,2592,4896,0,4627,512,0,0,0.0,1.0849,nan,edge/x86_64,unknown,3.12.3,2026-10-09T18:41:14Z
98,ML-DSA-87,post-quantum,5,keygen,0.0768,0.0,0.0,0.365,2592,4896,0,4627,0,0,0,0.0,1.1519,nan,edge/x86_64,unknown,3.12.3,2026-10-09T18:41:14Z
98,ML-DSA-87,post-quantum,5,sign,0.1107,0.0,0.0,0.365,2592,4896,0,4627,512,0,0,0.0,1.6611,nan,edge/x86_64,unknown,3.12.3,2026-10-09T18:41:14Z
98,ML-DSA-87,post-quantum,5,verify,0.0721,0.0,0.0,0.365,2592,4896,0,4627,512,0,0,0.0,1.0812,nan,edge/x86_64,unknown,3.12.3,2026-10-09T18:41:14Z
99,ML-DSA-87,post-quantum,5,keygen,0.0759,0.0,0.0,0.365,2592,4896,0,4627,0,0,0,0.0,1.1387,nan,edge/x86_64,unknown,3.12.3,2026-10-09T18:41:14Z
99,ML-DSA-87,post-quantum,5,sign,0.1102,0.0,0.0,0.365,2592,4896,0,4627,512,0,0,0.0,1.6536,nan,edge/x86_64,unknown,3.12.3,2026-10-09T18:41:14Z
99,ML-DSA-87,post-quantum,5,verify,0.0756,0.0,0.0,0.365,2592,4896,0,4627,512,0,0,0.0,1.1346,nan,edge/x86_64,unknown,3.12.3,2026-10-09T18:41:14Z
100,ML-DSA-87,post-quantum,5,keygen,0.0971,0.0,0.0,0.365,2592,4896,0,4627,0,0,0,0.0,1.457,nan,edge/x86_64,unknown,3.12.3,2026-10-09T18:41:14Z
100,ML-DSA-87,post-quantum,5,sign,0.1305,0.0,0.0,0.365,2592,4896,0,4627,512,0,0,0.0,1.9569,nan,edge/x86_64,unknown,3.12.3,2026-10-09T18:41:14Z
100,ML-DSA-87,post-quantum,5,verify,0.0728,0.0,0.0,0.365,2592,4896,0,4627,512,0,0,0.0,1.0919,nan,edge/x86_64,unknown,3.12.3,2026-10-09T18:41:14Z
101,ML-DSA-87,post-quantum,5,keygen,0.0765,0.0,0.0,0.365,2592,4896,0,4627,0,0,0,0.0,1.1469,nan,edge/x86_64,unknown,3.12.3,2026-10-09T18:41:14Z
101,ML-DSA-87,post-quantum,5,sign,0.2161,0.0,0.0,0.365,2592,4896,0,4627,512,0,0,0.0,3.2417,nan,edge/x86_64,unknown,3.12.3,2026-10-09T18:41:14Z
101,ML-DSA-87,post-quantum,5,verify,0.0744,0.0,0.0,0.365,2592,4896,0,4627,512,0,0,0.0,1.1161,nan,edge/x86_64,unknown,3.12.3,2026-10-09T18:41:14Z
102,ML-DSA-87,post-quantum,5,keygen,0.0793,0.0,0.0,0.365,2592,4896,0,4627,0,0,0,0.0,1.1893,nan,edge/x86_64,unknown,3.12.3,2026-10-09T18:41:14Z
102,ML-DSA-87,post-quantum,5,sign,0.1233,0.0,0.0,0.365,2592,4896,0,4627,512,0,0,0.0,1.8498,nan,edge/x86_64,unknown,3.12.3,2026-10-09T18:41:14Z
102,ML-DSA-87,post-quantum,5,verify,0.0723,0.0,0.0,0.365,2592,4896,0,4627,512,0,0,0.0,1.0841,nan,edge/x86_64,unknown,3.12.3,2026-10-09T18:41:14Z
103,ML-DSA-87,post-quantum,5,keygen,0.0775,0.0,0.0,0.365,2592,4896,0,4627,0,0,0,0.0,1.1626,nan,edge/x86_64,unknown,3.12.3,2026-10-09T18:41:14Z
103,ML-DSA-87,post-quantum,5,sign,0.2014,0.0,0.0,0.365,2592,4896,0,4627,512,0,0,0.0,3.021,nan,edge/x86_64,unknown,3.12.3,2026-10-09T18:41:14Z
103,ML-DSA-87,post-quantum,5,verify,0.0715,0.0,0.0,0.365,2592,4896,0,4627,512,0,0,0.0,1.0729,nan,edge/x86_64,unknown,3.12.3,2026-10-09T18:41:14Z
104,ML-DSA-87,post-quantum,5,keygen,0.0761,0.0,0.0,0.365,2592,4896,0,4627,0,0,0,0.0,1.1412,nan,edge/x86_64,unknown,3.12.3,2026-10-09T18:41:14Z
104,ML-DSA-87,post-quantum,5,sign,0.3279,0.0,0.0,0.365,2592,4896,0,4627,512,0,0,0.0,4.919,nan,edge/x86_64,unknown,3.12.3,2026-10-09T18:41:14Z
104,ML-DSA-87,post-quantum,5,verify,0.0728,0.0,0.0,0.365,2592,4896,0,4627,512,0,0,0.0,1.0921,nan,edge/x86_64,unknown,3.12.3,2026-10-09T18:41:14Z
105,ML-DSA-87,post-quantum,5,keygen,0.0766,0.0,0.0,0.365,2592,4896,0,4627,0,0,0,0.0,1.1488,nan,edge/x86_64,unknown,3.12.3,2026-10-09T18:41:14Z
105,ML-DSA-87,post-quantum,5,sign,0.1081,0.0,0.0,0.365,2592,4896,0,4627,512,0,0,0.0,1.6221,nan,edge/x86_64,unknown,3.12.3,2026-10-09T18:41:14Z
105,ML-DSA-87,post-quantum,5,verify,0.1101,0.0,0.0,0.365,2592,4896,0,4627,512,0,0,0.0,1.6508,nan,edge/x86_64,unknown,3.12.3,2026-10-09T18:41:14Z
106,ML-DSA-87,post-quantum,5,keygen,0.0852,0.0,0.0,0.365,2592,4896,0,4627,0,0,0,0.0,1.2777,nan,edge/x86_64,unknown,3.12.3,2026-10-09T18:41:14Z
106,ML-DSA-87,post-quantum,5,sign,0.1149,0.0,0.0,0.365,2592,4896,0,4627,512,0,0,0.0,1.7242,nan,edge/x86_64,unknown,3.12.3,2026-10-09T18:41:14Z
106,ML-DSA-87,post-quantum,5,verify,0.0717,0.0,0.0,0.365,2592,4896,0,4627,512,0,0,0.0,1.0762,nan,edge/x86_64,unknown,3.12.3,2026-10-09T18:41:14Z
107,ML-DSA-87,post-quantum,5,keygen,0.0983,0.0,0.0,0.365,2592,4896,0,4627,0,0,0,0.0,1.4752,nan,edge/x86_64,unknown,3.12.3,2026-10-09T18:41:14Z
107,ML-DSA-87,post-quantum,5,sign,0.1777,0.0,0.0,0.365,2592,4896,0,4627,512,0,0,0.0,2.6657,nan,edge/x86_64,unknown,3.12.3,2026-10-09T18:41:14Z
107,ML-DSA-87,post-quantum,5,verify,0.0735,0.0,0.0,0.365,2592,4896,0,4627,512,0,0,0.0,1.1019,nan,edge/x86_64,unknown,3.12.3,2026-10-09T18:41:14Z
108,ML-DSA-87,post-quantum,5,keygen,0.0769,0.0,0.0,0.365,2592,4896,0,4627,0,0,0,0.0,1.1542,nan,edge/x86_64,unknown,3.12.3,2026-10-09T18:41:14Z
108,ML-DSA-87,post-quantum,5,sign,0.0915,0.0,0.0,0.365,2592,4896,0,4627,512,0,0,0.0,1.373,nan,edge/x86_64,unknown,3.12.3,2026-10-09T18:41:14Z
108,ML-DSA-87,post-quantum,5,verify,0.0716,0.0,0.0,0.365,2592,4896,0,4627,512,0,0,0.0,1.0735,nan,edge/x86_64,unknown,3.12.3,2026-10-09T18:41:14Z
109,ML-DSA-87,post-quantum,5,keygen,0.075,0.0,0.0,0.365,2592,4896,0,4627,0,0,0,0.0,1.1254,nan,edge/x86_64,unknown,3.12.3,2026-10-09T18:41:14Z
109,ML-DSA-87,post-quantum,5,sign,0.1202,0.0,0.0,0.365,2592,4896,0,4627,512,0,0,0.0,1.8026,nan,edge/x86_64,unknown,3.12.3,2026-10-09T18:41:14Z
109,ML-DSA-87,post-quantum,5,verify,0.0715,0.0,0.0,0.365,2592,4896,0,4627,512,0,0,0.0,1.0719,nan,edge/x86_64,unknown,3.12.3,2026-10-09T18:41:14Z
110,ML-DSA-87,post-quantum,5,keygen,0.0758,0.0,0.0,0.365,2592,4896,0,4627,0,0,0,0.0,1.1363,nan,edge/x86_64,unknown,3.12.3,2026-10-09T18:41:14Z
110,ML-DSA-87,post-quantum,5,sign,0.1068,0.0,0.0,0.365,2592,4896,0,4627,512,0,0,0.0,1.6022,nan,edge/x86_64,unknown,3.12.3,2026-10-09T18:41:14Z
110,ML-DSA-87,post-quantum,5,verify,0.081,0.0,0.0,0.365,2592,4896,0,4627,512,0,0,0.0,1.2156,nan,edge/x86_64,unknown,3.12.3,2026-10-09T18:41:14Z
111,ML-DSA-87,post-quantum,5,keygen,0.0774,0.0,0.0,0.365,2592,4896,0,4627,0,0,0,0.0,1.1609,nan,edge/x86_64,unknown,3.12.3,2026-10-09T18:41:14Z
111,ML-DSA-87,post-quantum,5,sign,0.1716,0.0,0.0,0.365,2592,4896,0,4627,512,0,0,0.0,2.5746,nan,edge/x86_64,unknown,3.12.3,2026-10-09T18:41:14Z
111,ML-DSA-87,post-quantum,5,verify,0.0725,0.0,0.0,0.365,2592,4896,0,4627,512,0,0,0.0,1.0872,nan,edge/x86_64,unknown,3.12.3,2026-10-09T18:41:14Z
112,ML-DSA-87,post-quantum,5,keygen,0.0992,0.0,0.0,0.365,2592,4896,0,4627,0,0,0,0.0,1.4883,nan,edge/x86_64,unknown,3.12.3,2026-10-09T18:41:14Z
112,ML-DSA-87,post-quantum,5,sign,0.1001,0.0,0.0,0.365,2592,4896,0,4627,512,0,0,0.0,1.5014,nan,edge/x86_64,unknown,3.12.3,2026-10-09T18:41:14Z
112,ML-DSA-87,post-quantum,5,verify,0.073,0.0,0.0,0.365,2592,4896,0,4627,512,0,0,0.0,1.0956,nan,edge/x86_64,unknown,3.12.3,2026-10-09T18:41:14Z
113,ML-DSA-87,post-quantum,5,keygen,0.0779,0.0,0.0,0.365,2592,4896,0,4627,0,0,0,0.0,1.1692,nan,edge/x86_64,unknown,3.12.3,2026-10-09T18:41:14Z
113,ML-DSA-87,post-quantum,5,sign,0.141,0.0,0.0,0.365,2592,4896,0,4627,512,0,0,0.0,2.1148,nan,edge/x86_64,unknown,3.12.3,2026-10-09T18:41:14Z
113,ML-DSA-87,post-quantum,5,verify,0.0713,0.0,0.0,0.365,2592,4896,0,4627,512,0,0,0.0,1.0698,nan,edge/x86_64,unknown,3.12.3,2026-10-09T18:41:14Z
114,ML-DSA-87,post-quantum,5,keygen,0.0898,0.0,0.0,0.365,2592,4896,0,4627,0,0,0,0.0,1.3474,nan,edge/x86_64,unknown,3.12.3,2026-10-09T18:41:14Z
114,ML-DSA-87,post-quantum,5,sign,0.1211,0.0,0.0,0.365,2592,4896,0,4627,512,0,0,0.0,1.8159,nan,edge/x86_64,unknown,3.12.3,2026-10-09T18:41:14Z
114,ML-DSA-87,post-quantum,5,verify,0.0725,0.0,0.0,0.365,2592,4896,0,4627,512,0,0,0.0,1.0877,nan,edge/x86_64,unknown,3.12.3,2026-10-09T18:41:14Z
115,ML-DSA-87,post-quantum,5,keygen,0.0842,0.0,0.0,0.365,2592,4896,0,4627,0,0,0,0.0,1.2634,nan,edge/x86_64,unknown,3.12.3,2026-10-09T18:41:14Z
115,ML-DSA-87,post-quantum,5,sign,0.1588,0.0,0.0,0.365,2592,4896,0,4627,512,0,0,0.0,2.3824,nan,edge/x86_64,unknown,3.12.3,2026-10-09T18:41:14Z
115,ML-DSA-87,post-quantum,5,verify,0.072,0.0,0.0,0.365,2592,4896,0,4627,512,0,0,0.0,1.0805,nan,edge/x86_64,unknown,3.12.3,2026-10-09T18:41:14Z
116,ML-DSA-87,post-quantum,5,keygen,0.0762,0.0,0.0,0.365,2592,4896,0,4627,0,0,0,0.0,1.1437,nan,edge/x86_64,unknown,3.12.3,2026-10-09T18:41:14Z
116,ML-DSA-87,post-quantum,5,sign,0.1578,0.0,0.0,0.365,2592,4896,0,4627,512,0,0,0.0,2.3666,nan,edge/x86_64,unknown,3.12.3,2026-10-09T18:41:14Z
116,ML-DSA-87,post-quantum,5,verify,0.0714,0.0,0.0,0.365,2592,4896,0,4627,512,0,0,0.0,1.071,nan,edge/x86_64,unknown,3.12.3,2026-10-09T18:41:14Z
117,ML-DSA-87,post-quantum,5,keygen,0.1173,0.0,0.0,0.365,2592,4896,0,4627,0,0,0,0.0,1.7599,nan,edge/x86_64,unknown,3.12.3,2026-10-09T18:41:14Z
117,ML-DSA-87,post-quantum,5,sign,0.1317,0.0,0.0,0.365,2592,4896,0,4627,512,0,0,0.0,1.9755,nan,edge/x86_64,unknown,3.12.3,2026-10-09T18:41:14Z
117,ML-DSA-87,post-quantum,5,verify,0.0732,0.0,0.0,0.365,2592,4896,0,4627,512,0,0,0.0,1.0973,nan,edge/x86_64,unknown,3.12.3,2026-10-09T18:41:14Z
118,ML-DSA-87,post-quantum,5,keygen,0.0765,0.0,0.0,0.365,2592,4896,0,4627,0,0,0,0.0,1.1481,nan,edge/x86_64,unknown,3.12.3,2026-10-09T18:41:14Z
118,ML-DSA-87,post-quantum,5,sign,0.0917,0.0,0.0,0.365,2592,4896,0,4627,512,0,0,0.0,1.3758,nan,edge/x86_64,unknown,3.12.3,2026-10-09T18:41:14Z
118,ML-DSA-87,post-quantum,5,verify,0.0893,0.0,0.0,0.365,2592,4896,0,4627,512,0,0,0.0,1.3399,nan,edge/x86_64,unknown,3.12.3,2026-10-09T18:41:14Z
119,ML-DSA-87,post-quantum,5,keygen,0.0846,0.0,0.0,0.365,2592,4896,0,4627,0,0,0,0.0,1.2687,nan,edge/x86_64,unknown,3.12.3,2026-10-09T18:41:14Z
119,ML-DSA-87,post-quantum,5,sign,0.1742,0.0,0.0,0.365,2592,4896,0,4627,512,0,0,0.0,2.6126,nan,edge/x86_64,unknown,3.12.3,2026-10-09T18:41:14Z
119,ML-DSA-87,post-quantum,5,verify,0.0727,0.0,0.0,0.365,2592,4896,0,4627,512,0,0,0.0,1.0898,nan,edge/x86_64,unknown,3.12.3,2026-10-09T18:41:14Z
120,ML-DSA-87,post-quantum,5,keygen,0.0895,0.0,0.0,0.365,2592,4896,0,4627,0,0,0,0.0,1.3429,nan,edge/x86_64,unknown,3.12.3,2026-10-09T18:41:14Z
120,ML-DSA-87,post-quantum,5,sign,0.1139,0.0,0.0,0.365,2592,4896,0,4627,512,0,0,0.0,1.7092,nan,edge/x86_64,unknown,3.12.3,2026-10-09T18:41:14Z
120,ML-DSA-87,post-quantum,5,verify,0.0716,0.0,0.0,0.365,2592,4896,0,4627,512,0,0,0.0,1.0739,nan,edge/x86_64,unknown,3.12.3,2026-10-09T18:41:14Z
121,ML-DSA-87,post-quantum,5,keygen,0.0771,0.0,0.0,0.365,2592,4896,0,4627,0,0,0,0.0,1.156,nan,edge/x86_64,unknown,3.12.3,2026-10-09T18:41:14Z
121,ML-DSA-87,post-quantum,5,sign,0.1662,0.0,0.0,0.365,2592,4896,0,4627,512,0,0,0.0,2.4934,nan,edge/x86_64,unknown,3.12.3,2026-10-09T18:41:14Z
121,ML-DSA-87,post-quantum,5,verify,0.0712,0.0,0.0,0.365,2592,4896,0,4627,512,0,0,0.0,1.0682,nan,edge/x86_64,unknown,3.12.3,2026-10-09T18:41:14Z
122,ML-DSA-87,post-quantum,5,keygen,0.0759,0.0,0.0,0.365,2592,4896,0,4627,0,0,0,0.0,1.1378,nan,edge/x86_64,unknown,3.12.3,2026-10-09T18:41:14Z
122,ML-DSA-87,post-quantum,5,sign,0.2221,0.0,0.0,0.365,2592,4896,0,4627,512,0,0,0.0,3.3321,nan,edge/x86_64,unknown,3.12.3,2026-10-09T18:41:14Z
122,ML-DSA-87,post-quantum,5,verify,0.0906,0.0,0.0,0.365,2592,4896,0,4627,512,0,0,0.0,1.3597,nan,edge/x86_64,unknown,3.12.3,2026-10-09T18:41:14Z
123,ML-DSA-87,post-quantum,5,keygen,0.1361,0.0,0.0,0.365,2592,4896,0,4627,0,0,0,0.0,2.0412,nan,edge/x86_64,unknown,3.12.3,2026-10-09T18:41:14Z
123,ML-DSA-87,post-quantum,5,sign,0.2076,0.0,0.0,0.365,2592,4896,0,4627,512,0,0,0.0,3.1134,nan,edge/x86_64,unknown,3.12.3,2026-10-09T18:41:14Z
123,ML-DSA-87,post-quantum,5,verify,0.1134,0.0,0.0,0.365,2592,4896,0,4627,512,0,0,0.0,1.7006,nan,edge/x86_64,unknown,3.12.3,2026-10-09T18:41:14Z
124,ML-DSA-87,post-quantum,5,keygen,0.1017,0.0,0.0,0.365,2592,4896,0,4627,0,0,0,0.0,1.5262,nan,edge/x86_64,unknown,3.12.3,2026-10-09T18:41:14Z
124,ML-DSA-87,post-quantum,5,sign,0.1009,0.0,0.0,0.365,2592,4896,0,4627,512,0,0,0.0,1.5142,nan,edge/x86_64,unknown,3.12.3,2026-10-09T18:41:14Z
124,ML-DSA-87,post-quantum,5,verify,0.0731,0.0,0.0,0.365,2592,4896,0,4627,512,0,0,0.0,1.0969,nan,edge/x86_64,unknown,3.12.3,2026-10-09T18:41:14Z
125,ML-DSA-87,post-quantum,5,keygen,0.0767,0.0,0.0,0.365,2592,4896,0,4627,0,0,0,0.0,1.1503,nan,edge/x86_64,unknown,3.12.3,2026-10-09T18:41:14Z
125,ML-DSA-87,post-quantum,5,sign,0.2157,0.0,0.0,0.365,2592,4896,0,4627,512,0,0,0.0,3.2348,nan,edge/x86_64,unknown,3.12.3,2026-10-09T18:41:14Z
125,ML-DSA-87,post-quantum,5,verify,0.0728,0.0,0.0,0.365,2592,4896,0,4627,512,0,0,0.0,1.0917,nan,edge/x86_64,unknown,3.12.3,2026-10-09T18:41:14Z
126,ML-DSA-87,post-quantum,5,keygen,0.0771,0.0,0.0,0.365,2592,4896,0,4627,0,0,0,0.0,1.1571,nan,edge/x86_64,unknown,3.12.3,2026-10-09T18:41:14Z
126,ML-DSA-87,post-quantum,5,sign,0.1298,0.0,0.0,0.365,2592,4896,0,4627,512,0,0,0.0,1.9463,nan,edge/x86_64,unknown,3.12.3,2026-10-09T18:41:14Z
126,ML-DSA-87,post-quantum,5,verify,0.0712,0.0,0.0,0.365,2592,4896,0,4627,512,0,0,0.0,1.0674,nan,edge/x86_64,unknown,3.12.3,2026-10-09T18:41:14Z
127,ML-DSA-87,post-quantum,5,keygen,0.0761,0.0,0.0,0.365,2592,4896,0,4627,0,0,0,0.0,1.1409,nan,edge/x86_64,unknown,3.12.3,2026-10-09T18:41:14Z
127,ML-DSA-87,post-quantum,5,sign,0.0913,0.0,0.0,0.365,2592,4896,0,4627,512,0,0,0.0,1.3694,nan,edge/x86_64,unknown,3.12.3,2026-10-09T18:41:14Z
127,ML-DSA-87,post-quantum,5,verify,0.0711,0.0,0.0,0.365,2592,4896,0,4627,512,0,0,0.0,1.0659,nan,edge/x86_64,unknown,3.12.3,2026-10-09T18:41:14Z
128,ML-DSA-87,post-quantum,5,keygen,0.0758,0.0,0.0,0.365,2592,4896,0,4627,0,0,0,0.0,1.1364,nan,edge/x86_64,unknown,3.12.3,2026-10-09T18:41:14Z
128,ML-DSA-87,post-quantum,5,sign,0.1258,0.0,0.0,0.365,2592,4896,0,4627,512,0,0,0.0,1.8863,nan,edge/x86_64,unknown,3.12.3,2026-10-09T18:41:14Z
128,ML-DSA-87,post-quantum,5,verify,0.0714,0.0,0.0,0.365,2592,4896,0,4627,512,0,0,0.0,1.0711,nan,edge/x86_64,unknown,3.12.3,2026-10-09T18:41:14Z
129,ML-DSA-87,post-quantum,5,keygen,0.0861,0.0,0.0,0.365,2592,4896,0,4627,0,0,0,0.0,1.2917,nan,edge/x86_64,unknown,3.12.3,2026-10-09T18:41:14Z
129,ML-DSA-87,post-quantum,5,sign,0.1111,0.0,0.0,0.365,2592,4896,0,4627,512,0,0,0.0,1.6663,nan,edge/x86_64,unknown,3.12.3,2026-10-09T18:41:14Z
129,ML-DSA-87,post-quantum,5,verify,0.0724,0.0,0.0,0.365,2592,4896,0,4627,512,0,0,0.0,1.0853,nan,edge/x86_64,unknown,3.12.3,2026-10-09T18:41:14Z
130,ML-DSA-87,post-quantum,5,keygen,0.0764,0.0,0.0,0.365,2592,4896,0,4627,0,0,0,0.0,1.1455,nan,edge/x86_64,unknown,3.12.3,2026-10-09T18:41:14Z
130,ML-DSA-87,post-quantum,5,sign,0.1417,0.0,0.0,0.365,2592,4896,0,4627,512,0,0,0.0,2.126,nan,edge/x86_64,unknown,3.12.3,2026-10-09T18:41:14Z
130,ML-DSA-87,post-quantum,5,verify,0.0925,0.0,0.0,0.365,2592,4896,0,4627,512,0,0,0.0,1.3878,nan,edge/x86_64,unknown,3.12.3,2026-10-09T18:41:14Z
131,ML-DSA-87,post-quantum,5,keygen,0.0838,0.0,0.0,0.365,2592,4896,0,4627,0,0,0,0.0,1.2574,nan,edge/x86_64,unknown,3.12.3,2026-10-09T18:41:14Z
131,ML-DSA-87,post-quantum,5,sign,0.195,0.0,0.0,0.365,2592,4896,0,4627,512,0,0,0.0,2.9255,nan,edge/x86_64,unknown,3.12.3,2026-10-09T18:41:14Z
131,ML-DSA-87,post-quantum,5,verify,0.0723,0.0,0.0,0.365,2592,4896,0,4627,512,0,0,0.0,1.0841,nan,edge/x86_64,unknown,3.12.3,2026-10-09T18:41:14Z
132,ML-DSA-87,post-quantum,5,keygen,0.084,0.0,0.0,0.365,2592,4896,0,4627,0,0,0,0.0,1.2605,nan,edge/x86_64,unknown,3.12.3,2026-10-09T18:41:14Z
132,ML-DSA-87,post-quantum,5,sign,0.1386,0.0,0.0,0.365,2592,4896,0,4627,512,0,0,0.0,2.0786,nan,edge/x86_64,unknown,3.12.3,2026-10-09T18:41:14Z
132,ML-DSA-87,post-quantum,5,verify,0.0736,0.0,0.0,0.365,2592,4896,0,4627,512,0,0,0.0,1.1045,nan,edge/x86_64,unknown,3.12.3,2026-10-09T18:41:14Z
133,ML-DSA-87,post-quantum,5,keygen,0.0771,0.0,0.0,0.365,2592,4896,0,4627,0,0,0,0.0,1.1568,nan,edge/x86_64,unknown,3.12.3,2026-10-09T18:41:14Z
133,ML-DSA-87,post-quantum,5,sign,0.3026,0.0,0.0,0.365,2592,4896,0,4627,512,0,0,0.0,4.5388,nan,edge/x86_64,unknown,3.12.3,2026-10-09T18:41:14Z
133,ML-DSA-87,post-quantum,5,verify,0.0718,0.0,0.0,0.365,2592,4896,0,4627,512,0,0,0.0,1.077,nan,edge/x86_64,unknown,3.12.3,2026-10-09T18:41:14Z
134,ML-DSA-87,post-quantum,5,keygen,0.0763,0.0,0.0,0.365,2592,4896,0,4627,0,0,0,0.0,1.1445,nan,edge/x86_64,unknown,3.12.3,2026-10-09T18:41:14Z
134,ML-DSA-87,post-quantum,5,sign,0.166,0.0,0.0,0.365,2592,4896,0,4627,512,0,0,0.0,2.4907,nan,edge/x86_64,unknown,3.12.3,2026-10-09T18:41:14Z
134,ML-DSA-87,post-quantum,5,verify,0.0814,0.0,0.0,0.365,2592,4896,0,4627,512,0,0,0.0,1.2213,nan,edge/x86_64,unknown,3.12.3,2026-10-09T18:41:14Z
135,ML-DSA-87,post-quantum,5,keygen,0.0783,0.0,0.0,0.365,2592,4896,0,4627,0,0,0,0.0,1.1742,nan,edge/x86_64,unknown,3.12.3,2026-10-09T18:41:14Z
135,ML-DSA-87,post-quantum,5,sign,0.125,0.0,0.0,0.365,2592,4896,0,4627,512,0,0,0.0,1.8753,nan,edge/x86_64,unknown,3.12.3,2026-10-09T18:41:14Z
135,ML-DSA-87,post-quantum,5,verify,0.072,0.0,0.0,0.365,2592,4896,0,4627,512,0,0,0.0,1.0798,nan,edge/x86_64,unknown,3.12.3,2026-10-09T18:41:14Z
136,ML-DSA-87,post-quantum,5,keygen,0.0763,0.0,0.0,0.365,2592,4896,0,4627,0,0,0,0.0,1.1444,nan,edge/x86_64,unknown,3.12.3,2026-10-09T18:41:14Z
136,ML-DSA-87,post-quantum,5,sign,0.1433,0.0,0.0,0.365,2592,4896,0,4627,512,0,0,0.0,2.1499,nan,edge/x86_64,unknown,3.12.3,2026-10-09T18:41:14Z
136,ML-DSA-87,post-quantum,5,verify,0.0761,0.0,0.0,0.365,2592,4896,0,4627,512,0,0,0.0,1.1419,nan,edge/x86_64,unknown,3.12.3,2026-10-09T18:41:14Z
137,ML-DSA-87,post-quantum,5,keygen,0.0799,0.0,0.0,0.365,2592,4896,0,4627,0,0,0,0.0,1.1986,nan,edge/x86_64,unknown,3.12.3,2026-10-09T18:41:14Z
137,ML-DSA-87,post-quantum,5,sign,0.0926,0.0,0.0,0.365,2592,4896,0,4627,512,0,0,0.0,1.3897,nan,edge/x86_64,unknown,3.12.3,2026-10-09T18:41:14Z
137,ML-DSA-87,post-quantum,5,verify,0.0713,0.0,0.0,0.365,2592,4896,0,4627,512,0,0,0.0,1.0696,nan,edge/x86_64,unknown,3.12.3,2026-10-09T18:41:14Z
138,ML-DSA-87,post-quantum,5,keygen,0.0893,0.0,0.0,0.365,2592,4896,0,4627,0,0,0,0.0,1.3395,nan,edge/x86_64,unknown,3.12.3,2026-10-09T18:41:14Z
138,ML-DSA-87,post-quantum,5,sign,0.0927,0.0,0.0,0.365,2592,4896,0,4627,512,0,0,0.0,1.3903,nan,edge/x86_64,unknown,3.12.3,2026-10-09T18:41:14Z
138,ML-DSA-87,post-quantum,5,verify,0.0793,0.0,0.0,0.365,2592,4896,0,4627,512,0,0,0.0,1.1896,nan,edge/x86_64,unknown,3.12.3,2026-10-09T18:41:14Z
139,ML-DSA-87,post-quantum,5,keygen,0.0764,0.0,0.0,0.365,2592,4896,0,4627,0,0,0,0.0,1.1463,nan,edge/x86_64,unknown,3.12.3,2026-10-09T18:41:14Z
139,ML-DSA-87,post-quantum,5,sign,0.1096,0.0,0.0,0.365,2592,4896,0,4627,512,0,0,0.0,1.6444,nan,edge/x86_64,unknown,3.12.3,2026-10-09T18:41:14Z
139,ML-DSA-87,post-quantum,5,verify,0.0713,0.0,0.0,0.365,2592,4896,0,4627,512,0,0,0.0,1.0692,nan,edge/x86_64,unknown,3.12.3,2026-10-09T18:41:14Z
140,ML-DSA-87,post-quantum,5,keygen,0.0755,0.0,0.0,0.365,2592,4896,0,4627,0,0,0,0.0,1.1323,nan,edge/x86_64,unknown,3.12.3,2026-10-09T18:41:14Z
140,ML-DSA-87,post-quantum,5,sign,0.0911,0.0,0.0,0.365,2592,4896,0,4627,512,0,0,0.0,1.367,nan,edge/x86_64,unknown,3.12.3,2026-10-09T18:41:14Z
140,ML-DSA-87,post-quantum,5,verify,0.0708,0.0,0.0,0.365,2592,4896,0,4627,512,0,0,0.0,1.0621,nan,edge/x86_64,unknown,3.12.3,2026-10-09T18:41:14Z
141,ML-DSA-87,post-quantum,5,keygen,0.0752,0.0,0.0,0.365,2592,4896,0,4627,0,0,0,0.0,1.1282,nan,edge/x86_64,unknown,3.12.3,2026-10-09T18:41:14Z
141,ML-DSA-87,post-quantum,5,sign,0.0911,0.0,0.0,0.365,2592,4896,0,4627,512,0,0,0.0,1.3666,nan,edge/x86_64,unknown,3.12.3,2026-10-09T18:41:14Z
141,ML-DSA-87,post-quantum,5,verify,0.0723,0.0,0.0,0.365,2592,4896,0,4627,512,0,0,0.0,1.0851,nan,edge/x86_64,unknown,3.12.3,2026-10-09T18:41:14Z
142,ML-DSA-87,post-quantum,5,keygen,0.0863,0.0,0.0,0.365,2592,4896,0,4627,0,0,0,0.0,1.295,nan,edge/x86_64,unknown,3.12.3,2026-10-09T18:41:14Z
142,ML-DSA-87,post-quantum,5,sign,0.1243,0.0,0.0,0.365,2592,4896,0,4627,512,0,0,0.0,1.8641,nan,edge/x86_64,unknown,3.12.3,2026-10-09T18:41:14Z
142,ML-DSA-87,post-quantum,5,verify,0.0718,0.0,0.0,0.365,2592,4896,0,4627,512,0,0,0.0,1.0772,nan,edge/x86_64,unknown,3.12.3,2026-10-09T18:41:14Z
143,ML-DSA-87,post-quantum,5,keygen,0.076,0.0,0.0,0.365,2592,4896,0,4627,0,0,0,0.0,1.1397,nan,edge/x86_64,unknown,3.12.3,2026-10-09T18:41:14Z
143,ML-DSA-87,post-quantum,5,sign,0.1812,0.0,0.0,0.365,2592,4896,0,4627,512,0,0,0.0,2.7177,nan,edge/x86_64,unknown,3.12.3,2026-10-09T18:41:14Z
143,ML-DSA-87,post-quantum,5,verify,0.0757,0.0,0.0,0.365,2592,4896,0,4627,512,0,0,0.0,1.1348,nan,edge/x86_64,unknown,3.12.3,2026-10-09T18:41:14Z
144,ML-DSA-87,post-quantum,5,keygen,0.0785,0.0,0.0,0.365,2592,4896,0,4627,0,0,0,0.0,1.178,nan,edge/x86_64,unknown,3.12.3,2026-10-09T18:41:14Z
144,ML-DSA-87,post-quantum,5,sign,0.1878,0.0,0.0,0.365,2592,4896,0,4627,512,0,0,0.0,2.8165,nan,edge/x86_64,unknown,3.12.3,2026-10-09T18:41:14Z
144,ML-DSA-87,post-quantum,5,verify,0.0719,0.0,0.0,0.365,2592,4896,0,4627,512,0,0,0.0,1.0785,nan,edge/x86_64,unknown,3.12.3,2026-10-09T18:41:14Z
145,ML-DSA-87,post-quantum,5,keygen,0.0885,0.0,0.0,0.365,2592,4896,0,4627,0,0,0,0.0,1.3275,nan,edge/x86_64,unknown,3.12.3,2026-10-09T18:41:14Z
145,ML-DSA-87,post-quantum,5,sign,0.1162,0.0,0.0,0.365,2592,4896,0,4627,512,0,0,0.0,1.7423,nan,edge/x86_64,unknown,3.12.3,2026-10-09T18:41:14Z
145,ML-DSA-87,post-quantum,5,verify,0.0719,0.0,0.0,0.365,2592,4896,0,4627,512,0,0,0.0,1.0791,nan,edge/x86_64,unknown,3.12.3,2026-10-09T18:41:14Z
146,ML-DSA-87,post-quantum,5,keygen,0.0764,0.0,0.0,0.365,2592,4896,0,4627,0,0,0,0.0,1.1467,nan,edge/x86_64,unknown,3.12.3,2026-10-09T18:41:14Z
146,ML-DSA-87,post-quantum,5,sign,0.1255,0.0,0.0,0.365,2592,4896,0,4627,512,0,0,0.0,1.883,nan,edge/x86_64,unknown,3.12.3,2026-10-09T18:41:14Z
146,ML-DSA-87,post-quantum,5,verify,0.0716,0.0,0.0,0.365,2592,4896,0,4627,512,0,0,0.0,1.0735,nan,edge/x86_64,unknown,3.12.3,2026-10-09T18:41:14Z
147,ML-DSA-87,post-quantum,5,keygen,0.0769,0.0,0.0,0.365,2592,4896,0,4627,0,0,0,0.0,1.1542,nan,edge/x86_64,unknown,3.12.3,2026-10-09T18:41:14Z
147,ML-DSA-87,post-quantum,5,sign,0.171,0.0,0.0,0.365,2592,4896,0,4627,512,0,0,0.0,2.5647,nan,edge/x86_64,unknown,3.12.3,2026-10-09T18:41:14Z
147,ML-DSA-87,post-quantum,5,verify,0.0767,0.0,0.0,0.365,2592,4896,0,4627,512,0,0,0.0,1.1509,nan,edge/x86_64,unknown,3.12.3,2026-10-09T18:41:14Z
148,ML-DSA-87,post-quantum,5,keygen,0.0758,0.0,0.0,0.365,2592,4896,0,4627,0,0,0,0.0,1.1377,nan,edge/x86_64,unknown,3.12.3,2026-10-09T18:41:14Z
148,ML-DSA-87,post-quantum,5,sign,0.1015,0.0,0.0,0.365,2592,4896,0,4627,512,0,0,0.0,1.5228,nan,edge/x86_64,unknown,3.12.3,2026-10-09T18:41:14Z
148,ML-DSA-87,post-quantum,5,verify,0.0717,0.0,0.0,0.365,2592,4896,0,4627,512,0,0,0.0,1.075,nan,edge/x86_64,unknown,3.12.3,2026-10-09T18:41:14Z
149,ML-DSA-87,post-quantum,5,keygen,0.076,0.0,0.0,0.365,2592,4896,0,4627,0,0,0,0.0,1.1404,nan,edge/x86_64,unknown,3.12.3,2026-10-09T18:41:14Z
149,ML-DSA-87,post-quantum,5,sign,0.1115,0.0,0.0,0.365,2592,4896,0,4627,512,0,0,0.0,1.6731,nan,edge/x86_64,unknown,3.12.3,2026-10-09T18:41:14Z
149,ML-DSA-87,post-quantum,5,verify,0.0708,0.0,0.0,0.365,2592,4896,0,4627,512,0,0,0.0,1.0618,nan,edge/x86_64,unknown,3.12.3,2026-10-09T18:41:14Z
150,ML-DSA-87,post-quantum,5,keygen,0.0954,0.0,0.0,0.365,2592,4896,0,4627,0,0,0,0.0,1.4308,nan,edge/x86_64,unknown,3.12.3,2026-10-09T18:41:14Z
150,ML-DSA-87,post-quantum,5,sign,0.1009,0.0,0.0,0.365,2592,4896,0,4627,512,0,0,0.0,1.5136,nan,edge/x86_64,unknown,3.12.3,2026-10-09T18:41:14Z
150,ML-DSA-87,post-quantum,5,verify,0.0731,0.0,0.0,0.365,2592,4896,0,4627,512,0,0,0.0,1.0962,nan,edge/x86_64,unknown,3.12.3,2026-10-09T18:41:14Z
151,ML-DSA-87,post-quantum,5,keygen,0.0768,0.0,0.0,0.365,2592,4896,0,4627,0,0,0,0.0,1.1518,nan,edge/x86_64,unknown,3.12.3,2026-10-09T18:41:14Z
151,ML-DSA-87,post-quantum,5,sign,0.1434,0.0,0.0,0.365,2592,4896,0,4627,512,0,0,0.0,2.1511,nan,edge/x86_64,unknown,3.12.3,2026-10-09T18:41:14Z
151,ML-DSA-87,post-quantum,5,verify,0.0844,0.0,0.0,0.365,2592,4896,0,4627,512,0,0,0.0,1.2664,nan,edge/x86_64,unknown,3.12.3,2026-10-09T18:41:14Z
152,ML-DSA-87,post-quantum,5,keygen,0.0859,0.0,0.0,0.365,2592,4896,0,4627,0,0,0,0.0,1.2881,nan,edge/x86_64,unknown,3.12.3,2026-10-09T18:41:14Z
152,ML-DSA-87,post-quantum,5,sign,0.1128,0.0,0.0,0.365,2592,4896,0,4627,512,0,0,0.0,1.6925,nan,edge/x86_64,unknown,3.12.3,2026-10-09T18:41:14Z
152,ML-DSA-87,post-quantum,5,verify,0.0717,0.0,0.0,0.365,2592,4896,0,4627,512,0,0,0.0,1.0761,nan,edge/x86_64,unknown,3.12.3,2026-10-09T18:41:14Z
153,ML-DSA-87,post-quantum,5,keygen,0.075,0.0,0.0,0.365,2592,4896,0,4627,0,0,0,0.0,1.1256,nan,edge/x86_64,unknown,3.12.3,2026-10-09T18:41:14Z
153,ML-DSA-87,post-quantum,5,sign,0.1715,0.0,0.0,0.365,2592,4896,0,4627,512,0,0,0.0,2.5723,nan,edge/x86_64,unknown,3.12.3,2026-10-09T18:41:14Z
153,ML-DSA-87,post-quantum,5,verify,0.0722,0.0,0.0,0.365,2592,4896,0,4627,512,0,0,0.0,1.0836,nan,edge/x86_64,unknown,3.12.3,2026-10-09T18:41:14Z
154,ML-DSA-87,post-quantum,5,keygen,0.0762,0.0,0.0,0.365,2592,4896,0,4627,0,0,0,0.0,1.1431,nan,edge/x86_64,unknown,3.12.3,2026-10-09T18:41:14Z
154,ML-DSA-87,post-quantum,5,sign,0.0915,0.0,0.0,0.365,2592,4896,0,4627,512,0,0,0.0,1.3726,nan,edge/x86_64,unknown,3.12.3,2026-10-09T18:41:14Z
154,ML-DSA-87,post-quantum,5,verify,0.072,0.0,0.0,0.365,2592,4896,0,4627,512,0,0,0.0,1.0798,nan,edge/x86_64,unknown,3.12.3,2026-10-09T18:41:14Z
155,ML-DSA-87,post-quantum,5,keygen,0.0756,0.0,0.0,0.365,2592,4896,0,4627,0,0,0,0.0,1.1341,nan,edge/x86_64,unknown,3.12.3,2026-10-09T18:41:14Z
155,ML-DSA-87,post-quantum,5,sign,0.1828,0.0,0.0,0.365,2592,4896,0,4627,512,0,0,0.0,2.742,nan,edge/x86_64,unknown,3.12.3,2026-10-09T18:41:14Z
155,ML-DSA-87,post-quantum,5,verify,0.0721,0.0,0.0,0.365,2592,4896,0,4627,512,0,0,0.0,1.0821,nan,edge/x86_64,unknown,3.12.3,2026-10-09T18:41:14Z
156,ML-DSA-87,post-quantum,5,keygen,0.078,0.0,0.0,0.365,2592,4896,0,4627,0,0,0,0.0,1.1706,nan,edge/x86_64,unknown,3.12.3,2026-10-09T18:41:14Z
156,ML-DSA-87,post-quantum,5,sign,0.092,0.0,0.0,0.365,2592,4896,0,4627,512,0,0,0.0,1.3804,nan,edge/x86_64,unknown,3.12.3,2026-10-09T18:41:14Z
156,ML-DSA-87,post-quantum,5,verify,0.0716,0.0,0.0,0.365,2592,4896,0,4627,512,0,0,0.0,1.0739,nan,edge/x86_64,unknown,3.12.3,2026-10-09T18:41:14Z
157,ML-DSA-87,post-quantum,5,keygen,0.0876,0.0,0.0,0.365,2592,4896,0,4627,0,0,0,0.0,1.314,nan,edge/x86_64,unknown,3.12.3,2026-10-09T18:41:14Z
157,ML-DSA-87,post-quantum,5,sign,0.1369,0.0,0.0,0.365,2592,4896,0,4627,512,0,0,0.0,2.0535,nan,edge/x86_64,unknown,3.12.3,2026-10-09T18:41:14Z
157,ML-DSA-87,post-quantum,5,verify,0.0719,0.0,0.0,0.365,2592,4896,0,4627,512,0,0,0.0,1.0788,nan,edge/x86_64,unknown,3.12.3,2026-10-09T18:41:14Z
158,ML-DSA-87,post-quantum,5,keygen,0.0765,0.0,0.0,0.365,2592,4896,0,4627,0,0,0,0.0,1.148,nan,edge/x86_64,unknown,3.12.3,2026-10-09T18:41:14Z
158,ML-DSA-87,post-quantum,5,sign,0.1822,0.0,0.0,0.365,2592,4896,0,4627,512,0,0,0.0,2.7336,nan,edge/x86_64,unknown,3.12.3,2026-10-09T18:41:14Z
158,ML-DSA-87,post-quantum,5,verify,0.0722,0.0,0.0,0.365,2592,4896,0,4627,512,0,0,0.0,1.0823,nan,edge/x86_64,unknown,3.12.3,2026-10-09T18:41:14Z
159,ML-DSA-87,post-quantum,5,keygen,0.0779,0.0,0.0,0.365,2592,4896,0,4627,0,0,0,0.0,1.1691,nan,edge/x86_64,unknown,3.12.3,2026-10-09T18:41:14Z
159,ML-DSA-87,post-quantum,5,sign,0.0921,0.0,0.0,0.365,2592,4896,0,4627,512,0,0,0.0,1.3822,nan,edge/x86_64,unknown,3.12.3,2026-10-09T18:41:14Z
159,ML-DSA-87,post-quantum,5,verify,0.0734,0.0,0.0,0.365,2592,4896,0,4627,512,0,0,0.0,1.1007,nan,edge/x86_64,unknown,3.12.3,2026-10-09T18:41:14Z
160,ML-DSA-87,post-quantum,5,keygen,0.0759,0.0,0.0,0.365,2592,4896,0,4627,0,0,0,0.0,1.1385,nan,edge/x86_64,unknown,3.12.3,2026-10-09T18:41:14Z
160,ML-DSA-87,post-quantum,5,sign,0.1208,0.0,0.0,0.365,2592,4896,0,4627,512,0,0,0.0,1.8125,nan,edge/x86_64,unknown,3.12.3,2026-10-09T18:41:14Z
160,ML-DSA-87,post-quantum,5,verify,0.0714,0.0,0.0,0.365,2592,4896,0,4627,512,0,0,0.0,1.0716,nan,edge/x86_64,unknown,3.12.3,2026-10-09T18:41:14Z
161,ML-DSA-87,post-quantum,5,keygen,0.0756,0.0,0.0,0.365,2592,4896,0,4627,0,0,0,0.0,1.1336,nan,edge/x86_64,unknown,3.12.3,2026-10-09T18:41:14Z
161,ML-DSA-87,post-quantum,5,sign,0.0919,0.0,0.0,0.365,2592,4896,0,4627,512,0,0,0.0,1.3779,nan,edge/x86_64,unknown,3.12.3,2026-10-09T18:41:14Z
161,ML-DSA-87,post-quantum,5,verify,0.0716,0.0,0.0,0.365,2592,4896,0,4627,512,0,0,0.0,1.0746,nan,edge/x86_64,unknown,3.12.3,2026-10-09T18:41:14Z
162,ML-DSA-87,post-quantum,5,keygen,0.2342,0.0,0.0,0.365,2592,4896,0,4627,0,0,0,0.0,3.5136,nan,edge/x86_64,unknown,3.12.3,2026-10-09T18:41:14Z
162,ML-DSA-87,post-quantum,5,sign,0.4245,0.0,0.0,0.365,2592,4896,0,4627,512,0,0,0.0,6.3677,nan,edge/x86_64,unknown,3.12.3,2026-10-09T18:41:14Z
162,ML-DSA-87,post-quantum,5,verify,0.0784,0.0,0.0,0.365,2592,4896,0,4627,512,0,0,0.0,1.1762,nan,edge/x86_64,unknown,3.12.3,2026-10-09T18:41:14Z
163,ML-DSA-87,post-quantum,5,keygen,0.0841,0.0,0.0,0.365,2592,4896,0,4627,0,0,0,0.0,1.2617,nan,edge/x86_64,unknown,3.12.3,2026-10-09T18:41:14Z
163,ML-DSA-87,post-quantum,5,sign,0.126,0.0,0.0,0.365,2592,4896,0,4627,512,0,0,0.0,1.8906,nan,edge/x86_64,unknown,3.12.3,2026-10-09T18:41:14Z
163,ML-DSA-87,post-quantum,5,verify,0.0955,0.0,0.0,0.365,2592,4896,0,4627,512,0,0,0.0,1.4332,nan,edge/x86_64,unknown,3.12.3,2026-10-09T18:41:14Z
164,ML-DSA-87,post-quantum,5,keygen,0.0778,0.0,0.0,0.365,2592,4896,0,4627,0,0,0,0.0,1.1674,nan,edge/x86_64,unknown,3.12.3,2026-10-09T18:41:14Z
164,ML-DSA-87,post-quantum,5,sign,0.2342,0.0,0.0,0.365,2592,4896,0,4627,512,0,0,0.0,3.5124,nan,edge/x86_64,unknown,3.12.3,2026-10-09T18:41:14Z
164,ML-DSA-87,post-quantum,5,verify,0.0715,0.0,0.0,0.365,2592,4896,0,4627,512,0,0,0.0,1.072,nan,edge/x86_64,unknown,3.12.3,2026-10-09T18:41:14Z
165,ML-DSA-87,post-quantum,5,keygen,0.0763,0.0,0.0,0.365,2592,4896,0,4627,0,0,0,0.0,1.1444,nan,edge/x86_64,unknown,3.12.3,2026-10-09T18:41:14Z
165,ML-DSA-87,post-quantum,5,sign,0.1234,0.0,0.0,0.365,2592,4896,0,4627,512,0,0,0.0,1.8507,nan,edge/x86_64,unknown,3.12.3,2026-10-09T18:41:14Z
165,ML-DSA-87,post-quantum,5,verify,0.0732,0.0,0.0,0.365,2592,4896,0,4627,512,0,0,0.0,1.0982,nan,edge/x86_64,unknown,3.12.3,2026-10-09T18:41:14Z
166,ML-DSA-87,post-quantum,5,keygen,0.0769,0.0,0.0,0.365,2592,4896,0,4627,0,0,0,0.0,1.1529,nan,edge/x86_64,unknown,3.12.3,2026-10-09T18:41:14Z
166,ML-DSA-87,post-quantum,5,sign,0.2245,0.0,0.0,0.365,2592,4896,0,4627,512,0,0,0.0,3.3669,nan,edge/x86_64,unknown,3.12.3,2026-10-09T18:41:14Z
166,ML-DSA-87,post-quantum,5,verify,0.0725,0.0,0.0,0.365,2592,4896,0,4627,512,0,0,0.0,1.0869,nan,edge/x86_64,unknown,3.12.3,2026-10-09T18:41:14Z
167,ML-DSA-87,post-quantum,5,keygen,0.0772,0.0,0.0,0.365,2592,4896,0,4627,0,0,0,0.0,1.1586,nan,edge/x86_64,unknown,3.12.3,2026-10-09T18:41:14Z
167,ML-DSA-87,post-quantum,5,sign,0.1115,0.0,0.0,0.365,2592,4896,0,4627,512,0,0,0.0,1.6726,nan,edge/x86_64,unknown,3.12.3,2026-10-09T18:41:14Z
167,ML-DSA-87,post-quantum,5,verify,0.0718,0.0,0.0,0.365,2592,4896,0,4627,512,0,0,0.0,1.0764,nan,edge/x86_64,unknown,3.12.3,2026-10-09T18:41:14Z
168,ML-DSA-87,post-quantum,5,keygen,0.076,0.0,0.0,0.365,2592,4896,0,4627,0,0,0,0.0,1.1406,nan,edge/x86_64,unknown,3.12.3,2026-10-09T18:41:14Z
168,ML-DSA-87,post-quantum,5,sign,0.1306,0.0,0.0,0.365,2592,4896,0,4627,512,0,0,0.0,1.9583,nan,edge/x86_64,unknown,3.12.3,2026-10-09T18:41:14Z
168,ML-DSA-87,post-quantum,5,verify,0.0758,0.0,0.0,0.365,2592,4896,0,4627,512,0,0,0.0,1.1372,nan,edge/x86_64,unknown,3.12.3,2026-10-09T18:41:14Z
169,ML-DSA-87,post-quantum,5,keygen,0.0807,0.0,0.0,0.365,2592,4896,0,4627,0,0,0,0.0,1.211,nan,edge/x86_64,unknown,3.12.3,2026-10-09T18:41:14Z
169,ML-DSA-87,post-quantum,5,sign,0.1085,0.0,0.0,0.365,2592,4896,0,4627,512,0,0,0.0,1.6281,nan,edge/x86_64,unknown,3.12.3,2026-10-09T18:41:14Z
169,ML-DSA-87,post-quantum,5,verify,0.0882,0.0,0.0,0.365,2592,4896,0,4627,512,0,0,0.0,1.3236,nan,edge/x86_64,unknown,3.12.3,2026-10-09T18:41:14Z
170,ML-DSA-87,post-quantum,5,keygen,0.3073,0.0,0.0,0.365,2592,4896,0,4627,0,0,0,0.0,4.6092,nan,edge/x86_64,unknown,3.12.3,2026-10-09T18:41:14Z
170,ML-DSA-87,post-quantum,5,sign,0.1834,0.0,0.0,0.365,2592,4896,0,4627,512,0,0,0.0,2.751,nan,edge/x86_64,unknown,3.12.3,2026-10-09T18:41:14Z
170,ML-DSA-87,post-quantum,5,verify,0.0773,0.0,0.0,0.365,2592,4896,0,4627,512,0,0,0.0,1.1589,nan,edge/x86_64,unknown,3.12.3,2026-10-09T18:41:14Z
171,ML-DSA-87,post-quantum,5,keygen,0.0801,0.0,0.0,0.365,2592,4896,0,4627,0,0,0,0.0,1.2012,nan,edge/x86_64,unknown,3.12.3,2026-10-09T18:41:14Z
171,ML-DSA-87,post-quantum,5,sign,0.1215,0.0,0.0,0.365,2592,4896,0,4627,512,0,0,0.0,1.8225,nan,edge/x86_64,unknown,3.12.3,2026-10-09T18:41:14Z
171,ML-DSA-87,post-quantum,5,verify,0.1021,0.0,0.0,0.365,2592,4896,0,4627,512,0,0,0.0,1.531,nan,edge/x86_64,unknown,3.12.3,2026-10-09T18:41:14Z
172,ML-DSA-87,post-quantum,5,keygen,0.0918,0.0,0.0,0.365,2592,4896,0,4627,0,0,0,0.0,1.377,nan,edge/x86_64,unknown,3.12.3,2026-10-09T18:41:14Z
172,ML-DSA-87,post-quantum,5,sign,0.0988,0.0,0.0,0.365,2592,4896,0,4627,512,0,0,0.0,1.4826,nan,edge/x86_64,unknown,3.12.3,2026-10-09T18:41:14Z
172,ML-DSA-87,post-quantum,5,verify,0.072,0.0,0.0,0.365,2592,4896,0,4627,512,0,0,0.0,1.0807,nan,edge/x86_64,unknown,3.12.3,2026-10-09T18:41:14Z
173,ML-DSA-87,post-quantum,5,keygen,0.0798,0.0,0.0,0.365,2592,4896,0,4627,0,0,0,0.0,1.1971,nan,edge/x86_64,unknown,3.12.3,2026-10-09T18:41:14Z
173,ML-DSA-87,post-quantum,5,sign,0.141,0.0,0.0,0.365,2592,4896,0,4627,512,0,0,0.0,2.115,nan,edge/x86_64,unknown,3.12.3,2026-10-09T18:41:14Z
173,ML-DSA-87,post-quantum,5,verify,0.0762,0.0,0.0,0.365,2592,4896,0,4627,512,0,0,0.0,1.1428,nan,edge/x86_64,unknown,3.12.3,2026-10-09T18:41:14Z
174,ML-DSA-87,post-quantum,5,keygen,0.0777,0.0,0.0,0.365,2592,4896,0,4627,0,0,0,0.0,1.1648,nan,edge/x86_64,unknown,3.12.3,2026-10-09T18:41:14Z
174,ML-DSA-87,post-quantum,5,sign,0.1785,0.0,0.0,0.365,2592,4896,0,4627,512,0,0,0.0,2.6781,nan,edge/x86_64,unknown,3.12.3,2026-10-09T18:41:14Z
174,ML-DSA-87,post-quantum,5,verify,0.0728,0.0,0.0,0.365,2592,4896,0,4627,512,0,0,0.0,1.092,nan,edge/x86_64,unknown,3.12.3,2026-10-09T18:41:14Z
175,ML-DSA-87,post-quantum,5,keygen,0.0771,0.0,0.0,0.365,2592,4896,0,4627,0,0,0,0.0,1.1562,nan,edge/x86_64,unknown,3.12.3,2026-10-09T18:41:14Z
175,ML-DSA-87,post-quantum,5,sign,0.1068,0.0,0.0,0.365,2592,4896,0,4627,512,0,0,0.0,1.6025,nan,edge/x86_64,unknown,3.12.3,2026-10-09T18:41:14Z
175,ML-DSA-87,post-quantum,5,verify,0.0721,0.0,0.0,0.365,2592,4896,0,4627,512,0,0,0.0,1.0819,nan,edge/x86_64,unknown,3.12.3,2026-10-09T18:41:14Z
176,ML-DSA-87,post-quantum,5,keygen,0.0761,0.0,0.0,0.365,2592,4896,0,4627,0,0,0,0.0,1.1419,nan,edge/x86_64,unknown,3.12.3,2026-10-09T18:41:14Z
176,ML-DSA-87,post-quantum,5,sign,0.1382,0.0,0.0,0.365,2592,4896,0,4627,512,0,0,0.0,2.0735,nan,edge/x86_64,unknown,3.12.3,2026-10-09T18:41:14Z
176,ML-DSA-87,post-quantum,5,verify,0.0715,0.0,0.0,0.365,2592,4896,0,4627,512,0,0,0.0,1.0725,nan,edge/x86_64,unknown,3.12.3,2026-10-09T18:41:14Z
177,ML-DSA-87,post-quantum,5,keygen,0.0756,0.0,0.0,0.365,2592,4896,0,4627,0,0,0,0.0,1.1341,nan,edge/x86_64,unknown,3.12.3,2026-10-09T18:41:14Z
177,ML-DSA-87,post-quantum,5,sign,0.1285,0.0,0.0,0.365,2592,4896,0,4627,512,0,0,0.0,1.9281,nan,edge/x86_64,unknown,3.12.3,2026-10-09T18:41:14Z
177,ML-DSA-87,post-quantum,5,verify,0.0728,0.0,0.0,0.365,2592,4896,0,4627,512,0,0,0.0,1.0914,nan,edge/x86_64,unknown,3.12.3,2026-10-09T18:41:14Z
178,ML-DSA-87,post-quantum,5,keygen,0.0754,0.0,0.0,0.365,2592,4896,0,4627,0,0,0,0.0,1.1306,nan,edge/x86_64,unknown,3.12.3,2026-10-09T18:41:14Z
178,ML-DSA-87,post-quantum,5,sign,0.132,0.0,0.0,0.365,2592,4896,0,4627,512,0,0,0.0,1.9796,nan,edge/x86_64,unknown,3.12.3,2026-10-09T18:41:14Z
178,ML-DSA-87,post-quantum,5,verify,0.0884,0.0,0.0,0.365,2592,4896,0,4627,512,0,0,0.0,1.3267,nan,edge/x86_64,unknown,3.12.3,2026-10-09T18:41:14Z
179,ML-DSA-87,post-quantum,5,keygen,0.0777,0.0,0.0,0.365,2592,4896,0,4627,0,0,0,0.0,1.1652,nan,edge/x86_64,unknown,3.12.3,2026-10-09T18:41:14Z
179,ML-DSA-87,post-quantum,5,sign,0.1443,0.0,0.0,0.365,2592,4896,0,4627,512,0,0,0.0,2.165,nan,edge/x86_64,unknown,3.12.3,2026-10-09T18:41:14Z
179,ML-DSA-87,post-quantum,5,verify,0.0914,0.0,0.0,0.365,2592,4896,0,4627,512,0,0,0.0,1.3703,nan,edge/x86_64,unknown,3.12.3,2026-10-09T18:41:14Z
180,ML-DSA-87,post-quantum,5,keygen,0.0828,0.0,0.0,0.365,2592,4896,0,4627,0,0,0,0.0,1.2414,nan,edge/x86_64,unknown,3.12.3,2026-10-09T18:41:14Z
180,ML-DSA-87,post-quantum,5,sign,0.0941,0.0,0.0,0.365,2592,4896,0,4627,512,0,0,0.0,1.4112,nan,edge/x86_64,unknown,3.12.3,2026-10-09T18:41:14Z
180,ML-DSA-87,post-quantum,5,verify,0.0725,0.0,0.0,0.365,2592,4896,0,4627,512,0,0,0.0,1.0874,nan,edge/x86_64,unknown,3.12.3,2026-10-09T18:41:14Z
181,ML-DSA-87,post-quantum,5,keygen,0.0766,0.0,0.0,0.365,2592,4896,0,4627,0,0,0,0.0,1.1487,nan,edge/x86_64,unknown,3.12.3,2026-10-09T18:41:14Z
181,ML-DSA-87,post-quantum,5,sign,0.0917,0.0,0.0,0.365,2592,4896,0,4627,512,0,0,0.0,1.3754,nan,edge/x86_64,unknown,3.12.3,2026-10-09T18:41:14Z
181,ML-DSA-87,post-quantum,5,verify,0.0714,0.0,0.0,0.365,2592,4896,0,4627,512,0,0,0.0,1.0705,nan,edge/x86_64,unknown,3.12.3,2026-10-09T18:41:14Z
182,ML-DSA-87,post-quantum,5,keygen,0.0875,0.0,0.0,0.365,2592,4896,0,4627,0,0,0,0.0,1.3126,nan,edge/x86_64,unknown,3.12.3,2026-10-09T18:41:14Z
182,ML-DSA-87,post-quantum,5,sign,0.2683,0.0,0.0,0.365,2592,4896,0,4627,512,0,0,0.0,4.0245,nan,edge/x86_64,unknown,3.12.3,2026-10-09T18:41:14Z
182,ML-DSA-87,post-quantum,5,verify,0.0713,0.0,0.0,0.365,2592,4896,0,4627,512,0,0,0.0,1.0697,nan,edge/x86_64,unknown,3.12.3,2026-10-09T18:41:14Z
183,ML-DSA-87,post-quantum,5,keygen,0.0754,0.0,0.0,0.365,2592,4896,0,4627,0,0,0,0.0,1.1314,nan,edge/x86_64,unknown,3.12.3,2026-10-09T18:41:14Z
183,ML-DSA-87,post-quantum,5,sign,0.1711,0.0,0.0,0.365,2592,4896,0,4627,512,0,0,0.0,2.5663,nan,edge/x86_64,unknown,3.12.3,2026-10-09T18:41:14Z
183,ML-DSA-87,post-quantum,5,verify,0.0725,0.0,0.0,0.365,2592,4896,0,4627,512,0,0,0.0,1.0873,nan,edge/x86_64,unknown,3.12.3,2026-10-09T18:41:14Z
184,ML-DSA-87,post-quantum,5,keygen,0.0763,0.0,0.0,0.365,2592,4896,0,4627,0,0,0,0.0,1.1451,nan,edge/x86_64,unknown,3.12.3,2026-10-09T18:41:14Z
184,ML-DSA-87,post-quantum,5,sign,0.3262,0.0,0.0,0.365,2592,4896,0,4627,512,0,0,0.0,4.8936,nan,edge/x86_64,unknown,3.12.3,2026-10-09T18:41:14Z
184,ML-DSA-87,post-quantum,5,verify,0.0761,0.0,0.0,0.365,2592,4896,0,4627,512,0,0,0.0,1.1411,nan,edge/x86_64,unknown,3.12.3,2026-10-09T18:41:14Z
185,ML-DSA-87,post-quantum,5,keygen,0.0799,0.0,0.0,0.365,2592,4896,0,4627,0,0,0,0.0,1.1982,nan,edge/x86_64,unknown,3.12.3,2026-10-09T18:41:14Z
185,ML-DSA-87,post-quantum,5,sign,0.1451,0.0,0.0,0.365,2592,4896,0,4627,512,0,0,0.0,2.1771,nan,edge/x86_64,unknown,3.12.3,2026-10-09T18:41:14Z
185,ML-DSA-87,post-quantum,5,verify,0.0829,0.0,0.0,0.365,2592,4896,0,4627,512,0,0,0.0,1.2438,nan,edge/x86_64,unknown,3.12.3,2026-10-09T18:41:14Z
186,ML-DSA-87,post-quantum,5,keygen,0.0797,0.0,0.0,0.365,2592,4896,0,4627,0,0,0,0.0,1.1952,nan,edge/x86_64,unknown,3.12.3,2026-10-09T18:41:14Z
186,ML-DSA-87,post-quantum,5,sign,0.2402,0.0,0.0,0.365,2592,4896,0,4627,512,0,0,0.0,3.6023,nan,edge/x86_64,unknown,3.12.3,2026-10-09T18:41:14Z
186,ML-DSA-87,post-quantum,5,verify,0.0723,0.0,0.0,0.365,2592,4896,0,4627,512,0,0,0.0,1.084,nan,edge/x86_64,unknown,3.12.3,2026-10-09T18:41:14Z
187,ML-DSA-87,post-quantum,5,keygen,0.0875,0.0,0.0,0.365,2592,4896,0,4627,0,0,0,0.0,1.3126,nan,edge/x86_64,unknown,3.12.3,2026-10-09T18:41:14Z
187,ML-DSA-87,post-quantum,5,sign,0.1401,0.0,0.0,0.365,2592,4896,0,4627,512,0,0,0.0,2.1013,nan,edge/x86_64,unknown,3.12.3,2026-10-09T18:41:14Z
187,ML-DSA-87,post-quantum,5,verify,0.0713,0.0,0.0,0.365,2592,4896,0,4627,512,0,0,0.0,1.0699,nan,edge/x86_64,unknown,3.12.3,2026-10-09T18:41:14Z
188,ML-DSA-87,post-quantum,5,keygen,0.0755,0.0,0.0,0.365,2592,4896,0,4627,0,0,0,0.0,1.1318,nan,edge/x86_64,unknown,3.12.3,2026-10-09T18:41:14Z
188,ML-DSA-87,post-quantum,5,sign,0.0915,0.0,0.0,0.365,2592,4896,0,4627,512,0,0,0.0,1.373,nan,edge/x86_64,unknown,3.12.3,2026-10-09T18:41:14Z
188,ML-DSA-87,post-quantum,5,verify,0.0712,0.0,0.0,0.365,2592,4896,0,4627,512,0,0,0.0,1.0687,nan,edge/x86_64,unknown,3.12.3,2026-10-09T18:41:14Z
189,ML-DSA-87,post-quantum,5,keygen,0.0758,0.0,0.0,0.365,2592,4896,0,4627,0,0,0,0.0,1.1372,nan,edge/x86_64,unknown,3.12.3,2026-10-09T18:41:14Z
189,ML-DSA-87,post-quantum,5,sign,0.13,0.0,0.0,0.365,2592,4896,0,4627,512,0,0,0.0,1.9506,nan,edge/x86_64,unknown,3.12.3,2026-10-09T18:41:14Z
189,ML-DSA-87,post-quantum,5,verify,0.0716,0.0,0.0,0.365,2592,4896,0,4627,512,0,0,0.0,1.0736,nan,edge/x86_64,unknown,3.12.3,2026-10-09T18:41:14Z
190,ML-DSA-87,post-quantum,5,keygen,0.076,0.0,0.0,0.365,2592,4896,0,4627,0,0,0,0.0,1.14,nan,edge/x86_64,unknown,3.12.3,2026-10-09T18:41:14Z
190,ML-DSA-87,post-quantum,5,sign,0.1463,0.0,0.0,0.365,2592,4896,0,4627,512,0,0,0.0,2.1938,nan,edge/x86_64,unknown,3.12.3,2026-10-09T18:41:14Z
190,ML-DSA-87,post-quantum,5,verify,0.0718,0.0,0.0,0.365,2592,4896,0,4627,512,0,0,0.0,1.0772,nan,edge/x86_64,unknown,3.12.3,2026-10-09T18:41:14Z
191,ML-DSA-87,post-quantum,5,keygen,0.0763,0.0,0.0,0.365,2592,4896,0,4627,0,0,0,0.0,1.145,nan,edge/x86_64,unknown,3.12.3,2026-10-09T18:41:14Z
191,ML-DSA-87,post-quantum,5,sign,0.1112,0.0,0.0,0.365,2592,4896,0,4627,512,0,0,0.0,1.6679,nan,edge/x86_64,unknown,3.12.3,2026-10-09T18:41:14Z
191,ML-DSA-87,post-quantum,5,verify,0.0711,0.0,0.0,0.365,2592,4896,0,4627,512,0,0,0.0,1.066,nan,edge/x86_64,unknown,3.12.3,2026-10-09T18:41:14Z
192,ML-DSA-87,post-quantum,5,keygen,0.0969,0.0,0.0,0.365,2592,4896,0,4627,0,0,0,0.0,1.4536,nan,edge/x86_64,unknown,3.12.3,2026-10-09T18:41:14Z
192,ML-DSA-87,post-quantum,5,sign,0.1017,0.0,0.0,0.365,2592,4896,0,4627,512,0,0,0.0,1.5259,nan,edge/x86_64,unknown,3.12.3,2026-10-09T18:41:14Z
192,ML-DSA-87,post-quantum,5,verify,0.0725,0.0,0.0,0.365,2592,4896,0,4627,512,0,0,0.0,1.0875,nan,edge/x86_64,unknown,3.12.3,2026-10-09T18:41:14Z
193,ML-DSA-87,post-quantum,5,keygen,0.076,0.0,0.0,0.365,2592,4896,0,4627,0,0,0,0.0,1.14,nan,edge/x86_64,unknown,3.12.3,2026-10-09T18:41:14Z
193,ML-DSA-87,post-quantum,5,sign,0.0918,0.0,0.0,0.365,2592,4896,0,4627,512,0,0,0.0,1.3768,nan,edge/x86_64,unknown,3.12.3,2026-10-09T18:41:14Z
193,ML-DSA-87,post-quantum,5,verify,0.0715,0.0,0.0,0.365,2592,4896,0,4627,512,0,0,0.0,1.0728,nan,edge/x86_64,unknown,3.12.3,2026-10-09T18:41:14Z
194,ML-DSA-87,post-quantum,5,keygen,0.0764,0.0,0.0,0.365,2592,4896,0,4627,0,0,0,0.0,1.1454,nan,edge/x86_64,unknown,3.12.3,2026-10-09T18:41:14Z
194,ML-DSA-87,post-quantum,5,sign,0.1351,0.0,0.0,0.365,2592,4896,0,4627,512,0,0,0.0,2.0271,nan,edge/x86_64,unknown,3.12.3,2026-10-09T18:41:14Z
194,ML-DSA-87,post-quantum,5,verify,0.0713,0.0,0.0,0.365,2592,4896,0,4627,512,0,0,0.0,1.0693,nan,edge/x86_64,unknown,3.12.3,2026-10-09T18:41:14Z
195,ML-DSA-87,post-quantum,5,keygen,0.0759,0.0,0.0,0.365,2592,4896,0,4627,0,0,0,0.0,1.139,nan,edge/x86_64,unknown,3.12.3,2026-10-09T18:41:14Z
195,ML-DSA-87,post-quantum,5,sign,0.0913,0.0,0.0,0.365,2592,4896,0,4627,512,0,0,0.0,1.3695,nan,edge/x86_64,unknown,3.12.3,2026-10-09T18:41:14Z
195,ML-DSA-87,post-quantum,5,verify,0.0756,0.0,0.0,0.365,2592,4896,0,4627,512,0,0,0.0,1.134,nan,edge/x86_64,unknown,3.12.3,2026-10-09T18:41:14Z
196,ML-DSA-87,post-quantum,5,keygen,0.0754,0.0,0.0,0.365,2592,4896,0,4627,0,0,0,0.0,1.1305,nan,edge/x86_64,unknown,3.12.3,2026-10-09T18:41:14Z
196,ML-DSA-87,post-quantum,5,sign,0.1688,0.0,0.0,0.365,2592,4896,0,4627,512,0,0,0.0,2.532,nan,edge/x86_64,unknown,3.12.3,2026-10-09T18:41:14Z
196,ML-DSA-87,post-quantum,5,verify,0.0711,0.0,0.0,0.365,2592,4896,0,4627,512,0,0,0.0,1.0671,nan,edge/x86_64,unknown,3.12.3,2026-10-09T18:41:14Z
197,ML-DSA-87,post-quantum,5,keygen,0.0761,0.0,0.0,0.365,2592,4896,0,4627,0,0,0,0.0,1.1409,nan,edge/x86_64,unknown,3.12.3,2026-10-09T18:41:14Z
197,ML-DSA-87,post-quantum,5,sign,0.1337,0.0,0.0,0.365,2592,4896,0,4627,512,0,0,0.0,2.0051,nan,edge/x86_64,unknown,3.12.3,2026-10-09T18:41:14Z
197,ML-DSA-87,post-quantum,5,verify,0.0724,0.0,0.0,0.365,2592,4896,0,4627,512,0,0,0.0,1.0861,nan,edge/x86_64,unknown,3.12.3,2026-10-09T18:41:14Z
198,ML-DSA-87,post-quantum,5,keygen,0.0764,0.0,0.0,0.365,2592,4896,0,4627,0,0,0,0.0,1.1463,nan,edge/x86_64,unknown,3.12.3,2026-10-09T18:41:14Z
198,ML-DSA-87,post-quantum,5,sign,0.091,0.0,0.0,0.365,2592,4896,0,4627,512,0,0,0.0,1.3657,nan,edge/x86_64,unknown,3.12.3,2026-10-09T18:41:14Z
198,ML-DSA-87,post-quantum,5,verify,0.0709,0.0,0.0,0.365,2592,4896,0,4627,512,0,0,0.0,1.0638,nan,edge/x86_64,unknown,3.12.3,2026-10-09T18:41:14Z
199,ML-DSA-87,post-quantum,5,keygen,0.0938,0.0,0.0,0.365,2592,4896,0,4627,0,0,0,0.0,1.4067,nan,edge/x86_64,unknown,3.12.3,2026-10-09T18:41:14Z
199,ML-DSA-87,post-quantum,5,sign,0.1498,0.0,0.0,0.365,2592,4896,0,4627,512,0,0,0.0,2.2466,nan,edge/x86_64,unknown,3.12.3,2026-10-09T18:41:14Z
199,ML-DSA-87,post-quantum,5,verify,0.0728,0.0,0.0,0.365,2592,4896,0,4627,512,0,0,0.0,1.0914,nan,edge/x86_64,unknown,3.12.3,2026-10-09T18:41:14Z
0,RSA-2048,classical,,keygen,17.4584,0.0,0.0,0.0,294,1218,0,0,0,0,0,0.0,261.8754,nan,edge/x86_64,,3.12.3,2026-10-09T18:41:15Z
0,RSA-2048,classical,,encapsulate,0.0723,0.0,0.0,0.0,294,1218,256,0,0,0,0,0.0,1.084,nan,edge/x86_64,,3.12.3,2026-10-09T18:41:15Z
0,RSA-2048,classical,,decapsulate,0.8493,0.0,0.0,0.0,294,1218,256,0,0,0,0,0.0,12.739,nan,edge/x86_64,,3.12.3,2026-10-09T18:41:15Z
1,RSA-2048,classical,,keygen,50.9136,0.0,0.0,0.0,294,1217,0,0,0,0,0,0.0,763.7038,nan,edge/x86_64,,3.12.3,2026-10-09T18:41:15Z
1,RSA-2048,classical,,encapsulate,0.1192,0.0,0.0,0.0,294,1217,256,0,0,0,0,0.0,1.788,nan,edge/x86_64,,3.12.3,2026-10-09T18:41:15Z
1,RSA-2048,classical,,decapsulate,0.814,0.0,0.0,0.0,294,1217,256,0,0,0,0,0.0,12.2107,nan,edge/x86_64,,3.12.3,2026-10-09T18:41:15Z
2,RSA-2048,classical,,keygen,30.0745,0.0,0.0,0.0,294,1218,0,0,0,0,0,0.0,451.1168,nan,edge/x86_64,,3.12.3,2026-10-09T18:41:15Z
2,RSA-2048,classical,,encapsulate,0.1008,0.0,0.0,0.0,294,1218,256,0,0,0,0,0.0,1.5113,nan,edge/x86_64,,3.12.3,2026-10-09T18:41:15Z
2,RSA-2048,classical,,decapsulate,0.8331,0.0,0.0,0.0,294,1218,256,0,0,0,0,0.0,12.4968,nan,edge/x86_64,,3.12.3,2026-10-09T18:41:15Z
3,RSA-2048,classical,,keygen,13.6442,0.0,0.0,0.0,294,1217,0,0,0,0,0,0.0,204.6629,nan,edge/x86_64,,3.12.3,2026-10-09T18:41:15Z
3,RSA-2048,classical,,encapsulate,0.0666,0.0,0.0,0.0,294,1217,256,0,0,0,0,0.0,0.999,nan,edge/x86_64,,3.12.3,2026-10-09T18:41:15Z
3,RSA-2048,classical,,decapsulate,0.8507,0.0,0.0,0.0,294,1217,256,0,0,0,0,0.0,12.761,nan,edge/x86_64,,3.12.3,2026-10-09T18:41:15Z
4,RSA-2048,classical,,keygen,13.5196,0.0,0.0,0.0,294,1214,0,0,0,0,0,0.0,202.7933,nan,edge/x86_64,,3.12.3,2026-10-09T18:41:15Z
4,RSA-2048,classical,,encapsulate,0.084,0.0,0.0,0.0,294,1214,256,0,0,0,0,0.0,1.2593,nan,edge/x86_64,,3.12.3,2026-10-09T18:41:15Z
4,RSA-2048,classical,,decapsulate,0.8475,0.0,0.0,0.0,294,1214,256,0,0,0,0,0.0,12.7126,nan,edge/x86_64,,3.12.3,2026-10-09T18:41:15Z
5,RSA-2048,classical,,keygen,22.5211,0.0,0.0,0.0,294,1215,0,0,0,0,0,0.0,337.8158,nan,edge/x86_64,,3.12.3,2026-10-09T18:41:15Z
5,RSA-2048,classical,,encapsulate,0.0729,0.0,0.0,0.0,294,1215,256,0,0,0,0,0.0,1.0931,nan,edge/x86_64,,3.12.3,2026-10-09T18:41:15Z
5,RSA-2048,classical,,decapsulate,0.8299,0.0,0.0,0.0,294,1215,256,0,0,0,0,0.0,12.4478,nan,edge/x86_64,,3.12.3,2026-10-09T18:41:15Z
6,RSA-2048,classical,,keygen,69.4884,0.0,0.0,0.0,294,1218,0,0,0,0,0,0.0,1042.3266,nan,edge/x86_64,,3.12.3,2026-10-09T18:41:15Z
6,RSA-2048,classical,,encapsulate,0.0902,0.0,0.0,0.0,294,1218,256,0,0,0,0,0.0,1.3536,nan,edge/x86_64,,3.12.3,2026-10-09T18:41:15Z
6,RSA-2048,classical,,decapsulate,0.8306,0.0,0.0,0.0,294,1218,256,0,0,0,0,0.0,12.4591,nan,edge/x86_64,,3.12.3,2026-10-09T18:41:15Z
7,RSA-2048,classical,,keygen,40.0249,0.0,0.0,0.0,294,1218,0,0,0,0,0,0.0,600.3741,nan,edge/x86_64,,3.12.3,2026-10-09T18:41:15Z
7,RSA-2048,classical,,encapsulate,0.0793,0.0,0.0,0.0,294,1218,256,0,0,0,0,0.0,1.1898,nan,edge/x86_64,,3.12.3,2026-10-09T18:41:15Z
7,RSA-2048,classical,,decapsulate,0.8365,0.0,0.0,0.0,294,1218,256,0,0,0,0,0.0,12.5472,nan,edge/x86_64,,3.12.3,2026-10-09T18:41:15Z
8,RSA-2048,classical,,keygen,17.6037,0.0,0.0,0.0,294,1218,0,0,0,0,0,0.0,264.056,nan,edge/x86_64,,3.12.3,2026-10-09T18:41:15Z
8,RSA-2048,classical,,encapsulate,0.2002,0.0,0.0,0.0,294,1218,256,0,0,0,0,0.0,3.0023,nan,edge/x86_64,,3.12.3,2026-10-09T18:41:15Z
8,RSA-2048,classical,,decapsulate,0.8256,0.0,0.0,0.0,294,1218,256,0,0,0,0,0.0,12.3838,nan,edge/x86_64,,3.12.3,2026-10-09T18:41:15Z
9,RSA-2048,classical,,keygen,40.2037,0.0,0.0,0.0,294,1218,0,0,0,0,0,0.0,603.056,nan,edge/x86_64,,3.12.3,2026-10-09T18:41:15Z
9,RSA-2048,classical,,encapsulate,0.0817,0.0,0.0,0.0,294,1218,256,0,0,0,0,0.0,1.2261,nan,edge/x86_64,,3.12.3,2026-10-09T18:41:15Z
9,RSA-2048,classical,,decapsulate,0.8197,0.0,0.0,0.0,294,1218,256,0,0,0,0,0.0,12.2961,nan,edge/x86_64,,3.12.3,2026-10-09T18:41:15Z
10,RSA-2048,classical,,keygen,68.2996,0.0,0.0,0.0,294,1218,0,0,0,0,0,0.0,1024.4944,nan,edge/x86_64,,3.12.3,2026-10-09T18:41:15Z
10,RSA-2048,classical,,encapsulate,0.079,0.0,0.0,0.0,294,1218,256,0,0,0,0,0.0,1.1848,nan,edge/x86_64,,3.12.3,2026-10-09T18:41:15Z
10,RSA-2048,classical,,decapsulate,0.8715,0.0,0.0,0.0,294,1218,256,0,0,0,0,0.0,13.0721,nan,edge/x86_64,,3.12.3,2026-10-09T18:41:15Z
11,RSA-2048,classical,,keygen,74.5098,0.0,0.0,0.0,294,1217,0,0,0,0,0,0.0,1117.6465,nan,edge/x86_64,,3.12.3,2026-10-09T18:41:15Z
11,RSA-2048,classical,,encapsulate,0.0789,0.0,0.0,0.0,294,1217,256,0,0,0,0,0.0,1.1838,nan,edge/x86_64,,3.12.3,2026-10-09T18:41:15Z
11,RSA-2048,classical,,decapsulate,0.8482,0.0,0.0,0.0,294,1217,256,0,0,0,0,0.0,12.7233,nan,edge/x86_64,,3.12.3,2026-10-09T18:41:15Z
12,RSA-2048,classical,,keygen,29.872,0.0,0.0,0.0,294,1218,0,0,0,0,0,0.0,448.0806,nan,edge/x86_64,,3.12.3,2026-10-09T18:41:15Z
12,RSA-2048,classical,,encapsulate,0.0809,0.0,0.0,0.0,294,1218,256,0,0,0,0,0.0,1.2136,nan,edge/x86_64,,3.12.3,2026-10-09T18:41:15Z
12,RSA-2048,classical,,decapsulate,0.8623,0.0,0.0,0.0,294,1218,256,0,0,0,0,0.0,12.935,nan,edge/x86_64,,3.12.3,2026-10-09T18:41:15Z
13,RSA-2048,classical,,keygen,36.9361,0.0,0.0,0.0,294,1217,0,0,0,0,0,0.0,554.0411,nan,edge/x86_64,,3.12.3,2026-10-09T18:41:15Z
13,RSA-2048,classical,,encapsulate,0.0814,0.0,0.0,0.0,294,1217,256,0,0,0,0,0.0,1.2205,nan,edge/x86_64,,3.12.3,2026-10-09T18:41:15Z
13,RSA-2048,classical,,decapsulate,0.8488,0.0,0.0,0.0,294,1217,256,0,0,0,0,0.0,12.7324,nan,edge/x86_64,,3.12.3,2026-10-09T18:41:15Z
14,RSA-2048,classical,,keygen,46.9992,0.0,0.0,0.0,294,1217,0,0,0,0,0,0.0,704.9885,nan,edge/x86_64,,3.12.3,2026-10-09T18:41:15Z
14,RSA-2048,classical,,encapsulate,0.119,0.0,0.0,0.0,294,1217,256,0,0,0,0,0.0,1.7847,nan,edge/x86_64,,3.12.3,2026-10-09T18:41:15Z
14,RSA-2048,classical,,decapsulate,0.8089,0.0,0.0,0.0,294,1217,256,0,0,0,0,0.0,12.1337,nan,edge/x86_64,,3.12.3,2026-10-09T18:41:15Z
15,RSA-2048,classical,,keygen,12.9109,0.0,0.0,0.0,294,1219,0,0,0,0,0,0.0,193.6636,nan,edge/x86_64,,3.12.3,2026-10-09T18:41:15Z
15,RSA-2048,classical,,encapsulate,0.1225,0.0,0.0,0.0,294,1219,256,0,0,0,0,0.0,1.8368,nan,edge/x86_64,,3.12.3,2026-10-09T18:41:15Z
15,RSA-2048,classical,,decapsulate,0.8269,0.0,0.0,0.0,294,1219,256,0,0,0,0,0.0,12.403,nan,edge/x86_64,,3.12.3,2026-10-09T18:41:15Z
16,RSA-2048,classical,,keygen,69.3637,0.0,0.0,0.0,294,1217,0,0,0,0,0,0.0,1040.4557,nan,edge/x86_64,,3.12.3,2026-10-09T18:41:15Z
16,RSA-2048,classical,,encapsulate,0.0791,0.0,0.0,0.0,294,1217,256,0,0,0,0,0.0,1.1861,nan,edge/x86_64,,3.12.3,2026-10-09T18:41:15Z
16,RSA-2048,classical,,decapsulate,0.8375,0.0,0.0,0.0,294,1217,256,0,0,0,0,0.0,12.5622,nan,edge/x86_64,,3.12.3,2026-10-09T18:41:15Z
17,RSA-2048,classical,,keygen,46.5383,0.0,0.0,0.0,294,1214,0,0,0,0,0,0.0,698.0743,nan,edge/x86_64,,3.12.3,2026-10-09T18:41:15Z
17,RSA-2048,classical,,encapsulate,0.1087,0.0,0.0,0.0,294,1214,256,0,0,0,0,0.0,1.6307,nan,edge/x86_64,,3.12.3,2026-10-09T18:41:15Z
17,RSA-2048,classical,,decapsulate,0.8161,0.0,0.0,0.0,294,1214,256,0,0,0,0,0.0,12.2416,nan,edge/x86_64,,3.12.3,2026-10-09T18:41:15Z
18,RSA-2048,classical,,keygen,40.2994,0.0,0.0,0.0,294,1217,0,0,0,0,0,0.0,604.4907,nan,edge/x86_64,,3.12.3,2026-10-09T18:41:15Z
18,RSA-2048,classical,,encapsulate,0.0815,0.0,0.0,0.0,294,1217,256,0,0,0,0,0.0,1.223,nan,edge/x86_64,,3.12.3,2026-10-09T18:41:15Z
18,RSA-2048,classical,,decapsulate,0.8374,0.0,0.0,0.0,294,1217,256,0,0,0,0,0.0,12.5604,nan,edge/x86_64,,3.12.3,2026-10-09T18:41:15Z
19,RSA-2048,classical,,keygen,86.6244,0.0,0.0,0.0,294,1218,0,0,0,0,0,0.0,1299.3659,nan,edge/x86_64,,3.12.3,2026-10-09T18:41:15Z
19,RSA-2048,classical,,encapsulate,0.0963,0.0,0.0,0.0,294,1218,256,0,0,0,0,0.0,1.4438,nan,edge/x86_64,,3.12.3,2026-10-09T18:41:15Z
19,RSA-2048,classical,,decapsulate,0.8071,0.0,0.0,0.0,294,1218,256,0,0,0,0,0.0,12.1069,nan,edge/x86_64,,3.12.3,2026-10-09T18:41:15Z
20,RSA-2048,classical,,keygen,107.1418,0.0,0.0,0.0,294,1216,0,0,0,0,0,0.0,1607.1267,nan,edge/x86_64,,3.12.3,2026-10-09T18:41:15Z
20,RSA-2048,classical,,encapsulate,0.1057,0.0,0.0,0.0,294,1216,256,0,0,0,0,0.0,1.5856,nan,edge/x86_64,,3.12.3,2026-10-09T18:41:15Z
20,RSA-2048,classical,,decapsulate,0.8316,0.0,0.0,0.0,294,1216,256,0,0,0,0,0.0,12.4733,nan,edge/x86_64,,3.12.3,2026-10-09T18:41:15Z
21,RSA-2048,classical,,keygen,72.6254,0.0,0.0,0.0,294,1218,0,0,0,0,0,0.0,1089.3814,nan,edge/x86_64,,3.12.3,2026-10-09T18:41:15Z
21,RSA-2048,classical,,encapsulate,0.0775,0.0,0.0,0.0,294,1218,256,0,0,0,0,0.0,1.1629,nan,edge/x86_64,,3.12.3,2026-10-09T18:41:15Z
21,RSA-2048,classical,,decapsulate,0.8325,0.0,0.0,0.0,294,1218,256,0,0,0,0,0.0,12.4882,nan,edge/x86_64,,3.12.3,2026-10-09T18:41:15Z
22,RSA-2048,classical,,keygen,46.8903,0.0,0.0,0.0,294,1218,0,0,0,0,0,0.0,703.3549,nan,edge/x86_64,,3.12.3,2026-10-09T18:41:15Z
22,RSA-2048,classical,,encapsulate,0.0757,0.0,0.0,0.0,294,1218,256,0,0,0,0,0.0,1.1355,nan,edge/x86_64,,3.12.3,2026-10-09T18:41:15Z
22,RSA-2048,classical,,decapsulate,0.819,0.0,0.0,0.0,294,1218,256,0,0,0,0,0.0,12.2852,nan,edge/x86_64,,3.12.3,2026-10-09T18:41:15Z
23,RSA-2048,classical,,keygen,60.8688,0.0,0.0,0.0,294,1216,0,0,0,0,0,0.0,913.0317,nan,edge/x86_64,,3.12.3,2026-10-09T18:41:15Z
23,RSA-2048,classical,,encapsulate,0.0768,0.0,0.0,0.0,294,1216,256,0,0,0,0,0.0,1.1516,nan,edge/x86_64,,3.12.3,2026-10-09T18:41:15Z
23,RSA-2048,classical,,decapsulate,0.8225,0.0,0.0,0.0,294,1216,256,0,0,0,0,0.0,12.3372,nan,edge/x86_64,,3.12.3,2026-10-09T18:41:15Z
24,RSA-2048,classical,,keygen,75.827,0.0,0.0,0.0,294,1216,0,0,0,0,0,0.0,1137.4049,nan,edge/x86_64,,3.12.3,2026-10-09T18:41:15Z
24,RSA-2048,classical,,encapsulate,0.0881,0.0,0.0,0.0,294,1216,256,0,0,0,0,0.0,1.3214,nan,edge/x86_64,,3.12.3,2026-10-09T18:41:15Z
24,RSA-2048,classical,,decapsulate,0.8211,0.0,0.0,0.0,294,1216,256,0,0,0,0,0.0,12.3159,nan,edge/x86_64,,3.12.3,2026-10-09T18:41:15Z
25,RSA-2048,classical,,keygen,26.9813,0.0,0.0,0.0,294,1217,0,0,0,0,0,0.0,404.7189,nan,edge/x86_64,,3.12.3,2026-10-09T18:41:15Z
25,RSA-2048,classical,,encapsulate,0.0668,0.0,0.0,0.0,294,1217,256,0,0,0,0,0.0,1.0017,nan,edge/x86_64,,3.12.3,2026-10-09T18:41:15Z
25,RSA-2048,classical,,decapsulate,0.8151,0.0,0.0,0.0,294,1217,256,0,0,0,0,0.0,12.2268,nan,edge/x86_64,,3.12.3,2026-10-09T18:41:15Z
26,RSA-2048,classical,,keygen,7.6846,0.0,0.0,0.0,294,1217,0,0,0,0,0,0.0,115.2697,nan,edge/x86_64,,3.12.3,2026-10-09T18:41:15Z
26,RSA-2048,classical,,encapsulate,0.057,0.0,0.0,0.0,294,1217,256,0,0,0,0,0.0,0.8545,nan,edge/x86_64,,3.12.3,2026-10-09T18:41:15Z
26,RSA-2048,classical,,decapsulate,0.9155,0.0,0.0,0.0,294,1217,256,0,0,0,0,0.0,13.7321,nan,edge/x86_64,,3.12.3,2026-10-09T18:41:15Z
27,RSA-2048,classical,,keygen,47.2799,0.0,0.0,0.0,294,1217,0,0,0,0,0,0.0,709.1988,nan,edge/x86_64,,3.12.3,2026-10-09T18:41:15Z
27,RSA-2048,classical,,encapsulate,0.13,0.0,0.0,0.0,294,1217,256,0,0,0,0,0.0,1.9502,nan,edge/x86_64,,3.12.3,2026-10-09T18:41:15Z
27,RSA-2048,classical,,decapsulate,0.8836,0.0,0.0,0.0,294,1217,256,0,0,0,0,0.0,13.2542,nan,edge/x86_64,,3.12.3,2026-10-09T18:41:15Z
28,RSA-2048,classical,,keygen,38.3306,0.0,0.0,0.0,294,1219,0,0,0,0,0,0.0,574.9596,nan,edge/x86_64,,3.12.3,2026-10-09T18:41:15Z
28,RSA-2048,classical,,encapsulate,0.0834,0.0,0.0,0.0,294,1219,256,0,0,0,0,0.0,1.2512,nan,edge/x86_64,,3.12.3,2026-10-09T18:41:15Z
28,RSA-2048,classical,,decapsulate,0.8085,0.0,0.0,0.0,294,1219,256,0,0,0,0,0.0,12.1272,nan,edge/x86_64,,3.12.3,2026-10-09T18:41:15Z
29,RSA-2048,classical,,keygen,16.5126,0.0,0.0,0.0,294,1216,0,0,0,0,0,0.0,247.6889,nan,edge/x86_64,,3.12.3,2026-10-09T18:41:15Z
29,RSA-2048,classical,,encapsulate,0.0632,0.0,0.0,0.0,294,1216,256,0,0,0,0,0.0,0.9475,nan,edge/x86_64,,3.12.3,2026-10-09T18:41:15Z
29,RSA-2048,classical,,decapsulate,0.8358,0.0,0.0,0.0,294,1216,256,0,0,0,0,0.0,12.537,nan,edge/x86_64,,3.12.3,2026-10-09T18:41:15Z
30,RSA-2048,classical,,keygen,95.3816,0.0,0.0,0.0,294,1216,0,0,0,0,0,0.0,1430.7245,nan,edge/x86_64,,3.12.3,2026-10-09T18:41:15Z
30,RSA-2048,classical,,encapsulate,0.0831,0.0,0.0,0.0,294,1216,256,0,0,0,0,0.0,1.2462,nan,edge/x86_64,,3.12.3,2026-10-09T18:41:15Z
30,RSA-2048,classical,,decapsulate,0.8144,0.0,0.0,0.0,294,1216,256,0,0,0,0,0.0,12.2161,nan,edge/x86_64,,3.12.3,2026-10-09T18:41:15Z
31,RSA-2048,classical,,keygen,51.3505,0.0,0.0,0.0,294,1216,0,0,0,0,0,0.0,770.2573,nan,edge/x86_64,,3.12.3,2026-10-09T18:41:15Z
31,RSA-2048,classical,,encapsulate,0.0889,0.0,0.0,0.0,294,1216,256,0,0,0,0,0.0,1.3328,nan,edge/x86_64,,3.12.3,2026-10-09T18:41:15Z
31,RSA-2048,classical,,decapsulate,0.8486,0.0,0.0,0.0,294,1216,256,0,0,0,0,0.0,12.7289,nan,edge/x86_64,,3.12.3,2026-10-09T18:41:15Z
32,RSA-2048,classical,,keygen,43.7054,0.0,0.0,0.0,294,1218,0,0,0,0,0,0.0,655.5814,nan,edge/x86_64,,3.12.3,2026-10-09T18:41:15Z
32,RSA-2048,classical,,encapsulate,0.1247,0.0,0.0,0.0,294,1218,256,0,0,0,0,0.0,1.8707,nan,edge/x86_64,,3.12.3,2026-10-09T18:41:15Z
32,RSA-2048,classical,,decapsulate,1.5271,0.0,0.0,0.0,294,1218,256,0,0,0,0,0.0,22.907,nan,edge/x86_64,,3.12.3,2026-10-09T18:41:15Z
33,RSA-2048,classical,,keygen,27.7968,0.0,0.0,0.0,294,1218,0,0,0,0,0,0.0,416.9518,nan,edge/x86_64,,3.12.3,2026-10-09T18:41:15Z
33,RSA-2048,classical,,encapsulate,0.0757,0.0,0.0,0.0,294,1218,256,0,0,0,0,0.0,1.1359,nan,edge/x86_64,,3.12.3,2026-10-09T18:41:15Z
33,RSA-2048,classical,,decapsulate,0.8411,0.0,0.0,0.0,294,1218,256,0,0,0,0,0.0,12.6162,nan,edge/x86_64,,3.12.3,2026-10-09T18:41:15Z
34,RSA-2048,classical,,keygen,30.786,0.0,0.0,0.0,294,1217,0,0,0,0,0,0.0,461.7893,nan,edge/x86_64,,3.12.3,2026-10-09T18:41:15Z
34,RSA-2048,classical,,encapsulate,0.1013,0.0,0.0,0.0,294,1217,256,0,0,0,0,0.0,1.5188,nan,edge/x86_64,,3.12.3,2026-10-09T18:41:15Z
34,RSA-2048,classical,,decapsulate,1.6006,0.0,0.0,0.0,294,1217,256,0,0,0,0,0.0,24.0096,nan,edge/x86_64,,3.12.3,2026-10-09T18:41:15Z
35,RSA-2048,classical,,keygen,44.0156,0.0,0.0,0.0,294,1218,0,0,0,0,0,0.0,660.2336,nan,edge/x86_64,,3.12.3,2026-10-09T18:41:15Z
35,RSA-2048,classical,,encapsulate,0.0711,0.0,0.0,0.0,294,1218,256,0,0,0,0,0.0,1.0667,nan,edge/x86_64,,3.12.3,2026-10-09T18:41:15Z
35,RSA-2048,classical,,decapsulate,0.9827,0.0,0.0,0.0,294,1218,256,0,0,0,0,0.0,14.7406,nan,edge/x86_64,,3.12.3,2026-10-09T18:41:15Z
36,RSA-2048,classical,,keygen,67.3124,0.0,0.0,0.0,294,1218,0,0,0,0,0,0.0,1009.6863,nan,edge/x86_64,,3.12.3,2026-10-09T18:41:15Z
36,RSA-2048,classical,,encapsulate,0.0772,0.0,0.0,0.0,294,1218,256,0,0,0,0,0.0,1.1574,nan,edge/x86_64,,3.12.3,2026-10-09T18:41:15Z
36,RSA-2048,classical,,decapsulate,0.8023,0.0,0.0,0.0,294,1218,256,0,0,0,0,0.0,12.0339,nan,edge/x86_64,,3.12.3,2026-10-09T18:41:15Z
37,RSA-2048,classical,,keygen,24.1335,0.0,0.0,0.0,294,1217,0,0,0,0,0,0.0,362.0029,nan,edge/x86_64,,3.12.3,2026-10-09T18:41:15Z
37,RSA-2048,classical,,encapsulate,0.1426,0.0,0.0,0.0,294,1217,256,0,0,0,0,0.0,2.139,nan,edge/x86_64,,3.12.3,2026-10-09T18:41:15Z
37,RSA-2048,classical,,decapsulate,0.8822,0.0,0.0,0.0,294,1217,256,0,0,0,0,0.0,13.2325,nan,edge/x86_64,,3.12.3,2026-10-09T18:41:15Z
38,RSA-2048,classical,,keygen,47.8268,0.0,0.0,0.0,294,1217,0,0,0,0,0,0.0,717.4013,nan,edge/x86_64,,3.12.3,2026-10-09T18:41:15Z
38,RSA-2048,classical,,encapsulate,0.0798,0.0,0.0,0.0,294,1217,256,0,0,0,0,0.0,1.1976,nan,edge/x86_64,,3.12.3,2026-10-09T18:41:15Z
38,RSA-2048,classical,,decapsulate,0.8331,0.0,0.0,0.0,294,1217,256,0,0,0,0,0.0,12.4972,nan,edge/x86_64,,3.12.3,2026-10-09T18:41:15Z
39,RSA-2048,classical,,keygen,28.5688,0.0,0.0,0.0,294,1216,0,0,0,0,0,0.0,428.5321,nan,edge/x86_64,,3.12.3,2026-10-09T18:41:15Z
39,RSA-2048,classical,,encapsulate,0.0809,0.0,0.0,0.0,294,1216,256,0,0,0,0,0.0,1.2131,nan,edge/x86_64,,3.12.3,2026-10-09T18:41:15Z
39,RSA-2048,classical,,decapsulate,0.855,0.0,0.0,0.0,294,1216,256,0,0,0,0,0.0,12.8254,nan,edge/x86_64,,3.12.3,2026-10-09T18:41:15Z
40,RSA-2048,classical,,keygen,30.8842,0.0,0.0,0.0,294,1217,0,0,0,0,0,0.0,463.2633,nan,edge/x86_64,,3.12.3,2026-10-09T18:41:15Z
40,RSA-2048,classical,,encapsulate,0.0779,0.0,0.0,0.0,294,1217,256,0,0,0,0,0.0,1.168,nan,edge/x86_64,,3.12.3,2026-10-09T18:41:15Z
40,RSA-2048,classical,,decapsulate,0.8523,0.0,0.0,0.0,294,1217,256,0,0,0,0,0.0,12.7852,nan,edge/x86_64,,3.12.3,2026-10-09T18:41:15Z
41,RSA-2048,classical,,keygen,35.7759,0.0,0.0,0.0,294,1217,0,0,0,0,0,0.0,536.6386,nan,edge/x86_64,,3.12.3,2026-10-09T18:41:15Z
41,RSA-2048,classical,,encapsulate,0.0711,0.0,0.0,0.0,294,1217,256,0,0,0,0,0.0,1.0668,nan,edge/x86_64,,3.12.3,2026-10-09T18:41:15Z
41,RSA-2048,classical,,decapsulate,0.8572,0.0,0.0,0.0,294,1217,256,0,0,0,0,0.0,12.8584,nan,edge/x86_64,,3.12.3,2026-10-09T18:41:15Z
42,RSA-2048,classical,,keygen,58.9047,0.0,0.0,0.0,294,1215,0,0,0,0,0,0.0,883.5709,nan,edge/x86_64,,3.12.3,2026-10-09T18:41:15Z
42,RSA-2048,classical,,encapsulate,0.077,0.0,0.0,0.0,294,1215,256,0,0,0,0,0.0,1.1556,nan,edge/x86_64,,3.12.3,2026-10-09T18:41:15Z
42,RSA-2048,classical,,decapsulate,0.8831,0.0,0.0,0.0,294,1215,256,0,0,0,0,0.0,13.2467,nan,edge/x86_64,,3.12.3,2026-10-09T18:41:15Z
43,RSA-2048,classical,,keygen,26.8643,0.0,0.0,0.0,294,1217,0,0,0,0,0,0.0,402.9643,nan,edge/x86_64,,3.12.3,2026-10-09T18:41:15Z
43,RSA-2048,classical,,encapsulate,0.0766,0.0,0.0,0.0,294,1217,256,0,0,0,0,0.0,1.1496,nan,edge/x86_64,,3.12.3,2026-10-09T18:41:15Z
43,RSA-2048,classical,,decapsulate,0.8358,0.0,0.0,0.0,294,1217,256,0,0,0,0,0.0,12.5372,nan,edge/x86_64,,3.12.3,2026-10-09T18:41:15Z
44,RSA-2048,classical,,keygen,35.6334,0.0,0.0,0.0,294,1218,0,0,0,0,0,0.0,534.5006,nan,edge/x86_64,,3.12.3,2026-10-09T18:41:15Z
44,RSA-2048,classical,,encapsulate,0.0807,0.0,0.0,0.0,294,1218,256,0,0,0,0,0.0,1.2106,nan,edge/x86_64,,3.12.3,2026-10-09T18:41:15Z
44,RSA-2048,classical,,decapsulate,0.8265,0.0,0.0,0.0,294,1218,256,0,0,0,0,0.0,12.3975,nan,edge/x86_64,,3.12.3,2026-10-09T18:41:15Z
45,RSA-2048,classical,,keygen,9.9459,0.0,0.0,0.0,294,1217,0,0,0,0,0,0.0,149.1887,nan,edge/x86_64,,3.12.3,2026-10-09T18:41:15Z
45,RSA-2048,classical,,encapsulate,0.0667,0.0,0.0,0.0,294,1217,256,0,0,0,0,0.0,0.9998,nan,edge/x86_64,,3.12.3,2026-10-09T18:41:15Z
45,RSA-2048,classical,,decapsulate,0.9261,0.0,0.0,0.0,294,1217,256,0,0,0,0,0.0,13.8915,nan,edge/x86_64,,3.12.3,2026-10-09T18:41:15Z
46,RSA-2048,classical,,keygen,21.4132,0.0,0.0,0.0,294,1218,0,0,0,0,0,0.0,321.1977,nan,edge/x86_64,,3.12.3,2026-10-09T18:41:15Z
46,RSA-2048,classical,,encapsulate,0.0705,0.0,0.0,0.0,294,1218,256,0,0,0,0,0.0,1.0573,nan,edge/x86_64,,3.12.3,2026-10-09T18:41:15Z
46,RSA-2048,classical,,decapsulate,0.8466,0.0,0.0,0.0,294,1218,256,0,0,0,0,0.0,12.6996,nan,edge/x86_64,,3.12.3,2026-10-09T18:41:15Z
47,RSA-2048,classical,,keygen,24.124,0.0,0.0,0.0,294,1217,0,0,0,0,0,0.0,361.8605,nan,edge/x86_64,,3.12.3,2026-10-09T18:41:15Z
47,RSA-2048,classical,,encapsulate,0.0773,0.0,0.0,0.0,294,1217,256,0,0,0,0,0.0,1.1588,nan,edge/x86_64,,3.12.3,2026-10-09T18:41:15Z
47,RSA-2048,classical,,decapsulate,0.8357,0.0,0.0,0.0,294,1217,256,0,0,0,0,0.0,12.535,nan,edge/x86_64,,3.12.3,2026-10-09T18:41:15Z
48,RSA-2048,classical,,keygen,18.3997,0.0,0.0,0.0,294,1217,0,0,0,0,0,0.0,275.9949,nan,edge/x86_64,,3.12.3,2026-10-09T18:41:15Z
48,RSA-2048,classical,,encapsulate,0.0688,0.0,0.0,0.0,294,1217,256,0,0,0,0,0.0,1.0317,nan,edge/x86_64,,3.12.3,2026-10-09T18:41:15Z
48,RSA-2048,classical,,decapsulate,0.8387,0.0,0.0,0.0,294,1217,256,0,0,0,0,0.0,12.5812,nan,edge/x86_64,,3.12.3,2026-10-09T18:41:15Z
49,RSA-2048,classical,,keygen,61.3233,0.0,0.0,0.0,294,1217,0,0,0,0,0,0.0,919.8496,nan,edge/x86_64,,3.12.3,2026-10-09T18:41:15Z
49,RSA-2048,classical,,encapsulate,0.0924,0.0,0.0,0.0,294,1217,256,0,0,0,0,0.0,1.3863,nan,edge/x86_64,,3.12.3,2026-10-09T18:41:15Z
49,RSA-2048,classical,,decapsulate,0.8458,0.0,0.0,0.0,294,1217,256,0,0,0,0,0.0,12.6865,nan,edge/x86_64,,3.12.3,2026-10-09T18:41:15Z
50,RSA-2048,classical,,keygen,64.2363,0.0,0.0,0.0,294,1217,0,0,0,0,0,0.0,963.5444,nan,edge/x86_64,,3.12.3,2026-10-09T18:41:15Z
50,RSA-2048,classical,,encapsulate,0.0738,0.0,0.0,0.0,294,1217,256,0,0,0,0,0.0,1.1077,nan,edge/x86_64,,3.12.3,2026-10-09T18:41:15Z
50,RSA-2048,classical,,decapsulate,0.8138,0.0,0.0,0.0,294,1217,256,0,0,0,0,0.0,12.2073,nan,edge/x86_64,,3.12.3,2026-10-09T18:41:15Z
51,RSA-2048,classical,,keygen,92.0724,0.0,0.0,0.0,294,1218,0,0,0,0,0,0.0,1381.0863,nan,edge/x86_64,,3.12.3,2026-10-09T18:41:15Z
51,RSA-2048,classical,,encapsulate,0.1488,0.0,0.0,0.0,294,1218,256,0,0,0,0,0.0,2.2321,nan,edge/x86_64,,3.12.3,2026-10-09T18:41:15Z
51,RSA-2048,classical,,decapsulate,0.8458,0.0,0.0,0.0,294,1218,256,0,0,0,0,0.0,12.6866,nan,edge/x86_64,,3.12.3,2026-10-09T18:41:15Z
52,RSA-2048,classical,,keygen,7.095,0.0,0.0,0.0,294,1217,0,0,0,0,0,0.0,106.4255,nan,edge/x86_64,,3.12.3,2026-10-09T18:41:15Z
52,RSA-2048,classical,,encapsulate,0.0988,0.0,0.0,0.0,294,1217,256,0,0,0,0,0.0,1.4818,nan,edge/x86_64,,3.12.3,2026-10-09T18:41:15Z
52,RSA-2048,classical,,decapsulate,0.8176,0.0,0.0,0.0,294,1217,256,0,0,0,0,0.0,12.2644,nan,edge/x86_64,,3.12.3,2026-10-09T18:41:15Z
53,RSA-2048,classical,,keygen,89.7642,0.0,0.0,0.0,294,1218,0,0,0,0,0,0.0,1346.463,nan,edge/x86_64,,3.12.3,2026-10-09T18:41:15Z
53,RSA-2048,classical,,encapsulate,0.1348,0.0,0.0,0.0,294,1218,256,0,0,0,0,0.0,2.0214,nan,edge/x86_64,,3.12.3,2026-10-09T18:41:15Z
53,RSA-2048,classical,,decapsulate,0.8247,0.0,0.0,0.0,294,1218,256,0,0,0,0,0.0,12.37,nan,edge/x86_64,,3.12.3,2026-10-09T18:41:15Z
54,RSA-2048,classical,,keygen,12.187,0.0,0.0,0.0,294,1219,0,0,0,0,0,0.0,182.8057,nan,edge/x86_64,,3.12.3,2026-10-09T18:41:15Z
54,RSA-2048,classical,,encapsulate,0.1138,0.0,0.0,0.0,294,1219,256,0,0,0,0,0.0,1.7069,nan,edge/x86_64,,3.12.3,2026-10-09T18:41:15Z
54,RSA-2048,classical,,decapsulate,0.8472,0.0,0.0,0.0,294,1219,256,0,0,0,0,0.0,12.7086,nan,edge/x86_64,,3.12.3,2026-10-09T18:41:15Z
55,RSA-2048,classical,,keygen,25.6289,0.0,0.0,0.0,294,1218,0,0,0,0,0,0.0,384.4342,nan,edge/x86_64,,3.12.3,2026-10-09T18:41:15Z
55,RSA-2048,classical,,encapsulate,0.1475,0.0,0.0,0.0,294,1218,256,0,0,0,0,0.0,2.2121,nan,edge/x86_64,,3.12.3,2026-10-09T18:41:15Z
55,RSA-2048,classical,,decapsulate,1.6368,0.0,0.0,0.0,294,1218,256,0,0,0,0,0.0,24.5517,nan,edge/x86_64,,3.12.3,2026-10-09T18:41:15Z
56,RSA-2048,classical,,keygen,57.8218,0.0,0.0,0.0,294,1217,0,0,0,0,0,0.0,867.3275,nan,edge/x86_64,,3.12.3,2026-10-09T18:41:15Z
56,RSA-2048,classical,,encapsulate,0.0795,0.0,0.0,0.0,294,1217,256,0,0,0,0,0.0,1.1921,nan,edge/x86_64,,3.12.3,2026-10-09T18:41:15Z
56,RSA-2048,classical,,decapsulate,0.8216,0.0,0.0,0.0,294,1217,256,0,0,0,0,0.0,12.324,nan,edge/x86_64,,3.12.3,2026-10-09T18:41:15Z
57,RSA-2048,classical,,keygen,40.8727,0.0,0.0,0.0,294,1218,0,0,0,0,0,0.0,613.0905,nan,edge/x86_64,,3.12.3,2026-10-09T18:41:15Z
57,RSA-2048,classical,,encapsulate,0.0771,0.0,0.0,0.0,294,1218,256,0,0,0,0,0.0,1.1566,nan,edge/x86_64,,3.12.3,2026-10-09T18:41:15Z
57,RSA-2048,classical,,decapsulate,0.8205,0.0,0.0,0.0,294,1218,256,0,0,0,0,0.0,12.3078,nan,edge/x86_64,,3.12.3,2026-10-09T18:41:15Z
58,RSA-2048,classical,,keygen,21.5016,0.0,0.0,0.0,294,1217,0,0,0,0,0,0.0,322.5233,nan,edge/x86_64,,3.12.3,2026-10-09T18:41:15Z
58,RSA-2048,classical,,encapsulate,0.0638,0.0,0.0,0.0,294,1217,256,0,0,0,0,0.0,0.9572,nan,edge/x86_64,,3.12.3,2026-10-09T18:41:15Z
58,RSA-2048,classical,,decapsulate,0.8228,0.0,0.0,0.0,294,1217,256,0,0,0,0,0.0,12.3425,nan,edge/x86_64,,3.12.3,2026-10-09T18:41:15Z
59,RSA-2048,classical,,keygen,63.2624,0.0,0.0,0.0,294,1218,0,0,0,0,0,0.0,948.9356,nan,edge/x86_64,,3.12.3,2026-10-09T18:41:15Z
59,RSA-2048,classical,,encapsulate,0.0788,0.0,0.0,0.0,294,1218,256,0,0,0,0,0.0,1.1817,nan,edge/x86_64,,3.12.3,2026-10-09T18:41:15Z
59,RSA-2048,classical,,decapsulate,0.847,0.0,0.0,0.0,294,1218,256,0,0,0,0,0.0,12.7055,nan,edge/x86_64,,3.12.3,2026-10-09T18:41:15Z
60,RSA-2048,classical,,keygen,60.4976,0.0,0.0,0.0,294,1217,0,0,0,0,0,0.0,907.4645,nan,edge/x86_64,,3.12.3,2026-10-09T18:41:15Z
60,RSA-2048,classical,,encapsulate,0.0733,0.0,0.0,0.0,294,1217,256,0,0,0,0,0.0,1.0994,nan,edge/x86_64,,3.12.3,2026-10-09T18:41:15Z
60,RSA-2048,classical,,decapsulate,0.8314,0.0,0.0,0.0,294,1217,256,0,0,0,0,0.0,12.4714,nan,edge/x86_64,,3.12.3,2026-10-09T18:41:15Z
61,RSA-2048,classical,,keygen,22.6828,0.0,0.0,0.0,294,1218,0,0,0,0,0,0.0,340.2414,nan,edge/x86_64,,3.12.3,2026-10-09T18:41:15Z
61,RSA-2048,classical,,encapsulate,0.0745,0.0,0.0,0.0,294,1218,256,0,0,0,0,0.0,1.1181,nan,edge/x86_64,,3.12.3,2026-10-09T18:41:15Z
61,RSA-2048,classical,,decapsulate,0.8165,0.0,0.0,0.0,294,1218,256,0,0,0,0,0.0,12.2468,nan,edge/x86_64,,3.12.3,2026-10-09T18:41:15Z
62,RSA-2048,classical,,keygen,60.035,0.0,0.0,0.0,294,1216,0,0,0,0,0,0.0,900.5244,nan,edge/x86_64,,3.12.3,2026-10-09T18:41:15Z
62,RSA-2048,classical,,encapsulate,0.0821,0.0,0.0,0.0,294,1216,256,0,0,0,0,0.0,1.231,nan,edge/x86_64,,3.12.3,2026-10-09T18:41:15Z
62,RSA-2048,classical,,decapsulate,0.8499,0.0,0.0,0.0,294,1216,256,0,0,0,0,0.0,12.7482,nan,edge/x86_64,,3.12.3,2026-10-09T18:41:15Z
63,RSA-2048,classical,,keygen,34.6654,0.0,0.0,0.0,294,1217,0,0,0,0,0,0.0,519.9815,nan,edge/x86_64,,3.12.3,2026-10-09T18:41:15Z
63,RSA-2048,classical,,encapsulate,0.0771,0.0,0.0,0.0,294,1217,256,0,0,0,0,0.0,1.1564,nan,edge/x86_64,,3.12.3,2026-10-09T18:41:15Z
63,RSA-2048,classical,,decapsulate,0.8428,0.0,0.0,0.0,294,1217,256,0,0,0,0,0.0,12.6423,nan,edge/x86_64,,3.12.3,2026-10-09T18:41:15Z
64,RSA-2048,classical,,keygen,28.7209,0.0,0.0,0.0,294,1217,0,0,0,0,0,0.0,430.8128,nan,edge/x86_64,,3.12.3,2026-10-09T18:41:15Z
64,RSA-2048,classical,,encapsulate,0.0657,0.0,0.0,0.0,294,1217,256,0,0,0,0,0.0,0.9858,nan,edge/x86_64,,3.12.3,2026-10-09T18:41:15Z
64,RSA-2048,classical,,decapsulate,0.8122,0.0,0.0,0.0,294,1217,256,0,0,0,0,0.0,12.1836,nan,edge/x86_64,,3.12.3,2026-10-09T18:41:15Z
65,RSA-2048,classical,,keygen,21.4998,0.0,0.0,0.0,294,1217,0,0,0,0,0,0.0,322.4976,nan,edge/x86_64,,3.12.3,2026-10-09T18:41:15Z
65,RSA-2048,classical,,encapsulate,0.0883,0.0,0.0,0.0,294,1217,256,0,0,0,0,0.0,1.3242,nan,edge/x86_64,,3.12.3,2026-10-09T18:41:15Z
65,RSA-2048,classical,,decapsulate,0.8682,0.0,0.0,0.0,294,1217,256,0,0,0,0,0.0,13.0225,nan,edge/x86_64,,3.12.3,2026-10-09T18:41:15Z
66,RSA-2048,classical,,keygen,45.2324,0.0,0.0,0.0,294,1219,0,0,0,0,0,0.0,678.4857,nan,edge/x86_64,,3.12.3,2026-10-09T18:41:15Z
66,RSA-2048,classical,,encapsulate,0.0941,0.0,0.0,0.0,294,1219,256,0,0,0,0,0.0,1.4118,nan,edge/x86_64,,3.12.3,2026-10-09T18:41:15Z
66,RSA-2048,classical,,decapsulate,0.8085,0.0,0.0,0.0,294,1219,256,0,0,0,0,0.0,12.128,nan,edge/x86_64,,3.12.3,2026-10-09T18:41:15Z
67,RSA-2048,classical,,keygen,66.4867,0.0,0.0,0.0,294,1217,0,0,0,0,0,0.0,997.3006,nan,edge/x86_64,,3.12.3,2026-10-09T18:41:15Z
67,RSA-2048,classical,,encapsulate,0.1407,0.0,0.0,0.0,294,1217,256,0,0,0,0,0.0,2.1098,nan,edge/x86_64,,3.12.3,2026-10-09T18:41:15Z
67,RSA-2048,classical,,decapsulate,1.3956,0.0,0.0,0.0,294,1217,256,0,0,0,0,0.0,20.9337,nan,edge/x86_64,,3.12.3,2026-10-09T18:41:15Z
68,RSA-2048,classical,,keygen,55.2744,0.0,0.0,0.0,294,1217,0,0,0,0,0,0.0,829.116,nan,edge/x86_64,,3.12.3,2026-10-09T18:41:15Z
68,RSA-2048,classical,,encapsulate,0.109,0.0,0.0,0.0,294,1217,256,0,0,0,0,0.0,1.6348,nan,edge/x86_64,,3.12.3,2026-10-09T18:41:15Z
68,RSA-2048,classical,,decapsulate,0.8162,0.0,0.0,0.0,294,1217,256,0,0,0,0,0.0,12.2437,nan,edge/x86_64,,3.12.3,2026-10-09T18:41:15Z
69,RSA-2048,classical,,keygen,71.0906,0.0,0.0,0.0,294,1218,0,0,0,0,0,0.0,1066.3589,nan,edge/x86_64,,3.12.3,2026-10-09T18:41:15Z
69,RSA-2048,classical,,encapsulate,0.0993,0.0,0.0,0.0,294,1218,256,0,0,0,0,0.0,1.4902,nan,edge/x86_64,,3.12.3,2026-10-09T18:41:15Z
69,RSA-2048,classical,,decapsulate,0.8589,0.0,0.0,0.0,294,1218,256,0,0,0,0,0.0,12.883,nan,edge/x86_64,,3.12.3,2026-10-09T18:41:15Z
70,RSA-2048,classical,,keygen,71.3948,0.0,0.0,0.0,294,1217,0,0,0,0,0,0.0,1070.922,nan,edge/x86_64,,3.12.3,2026-10-09T18:41:15Z
70,RSA-2048,classical,,encapsulate,0.1323,0.0,0.0,0.0,294,1217,256,0,0,0,0,0.0,1.9851,nan,edge/x86_64,,3.12.3,2026-10-09T18:41:15Z
70,RSA-2048,classical,,decapsulate,1.7029,0.0,0.0,0.0,294,1217,256,0,0,0,0,0.0,25.5437,nan,edge/x86_64,,3.12.3,2026-10-09T18:41:15Z
71,RSA-2048,classical,,keygen,76.6718,0.0,0.0,0.0,294,1216,0,0,0,0,0,0.0,1150.0772,nan,edge/x86_64,,3.12.3,2026-10-09T18:41:15Z
71,RSA-2048,classical,,encapsulate,0.1376,0.0,0.0,0.0,294,1216,256,0,0,0,0,0.0,2.0635,nan,edge/x86_64,,3.12.3,2026-10-09T18:41:15Z
71,RSA-2048,classical,,decapsulate,0.9933,0.0,0.0,0.0,294,1216,256,0,0,0,0,0.0,14.8997,nan,edge/x86_64,,3.12.3,2026-10-09T18:41:15Z
72,RSA-2048,classical,,keygen,41.8784,0.0,0.0,0.0,294,1217,0,0,0,0,0,0.0,628.1765,nan,edge/x86_64,,3.12.3,2026-10-09T18:41:15Z
72,RSA-2048,classical,,encapsulate,0.1015,0.0,0.0,0.0,294,1217,256,0,0,0,0,0.0,1.5224,nan,edge/x86_64,,3.12.3,2026-10-09T18:41:15Z
72,RSA-2048,classical,,decapsulate,0.8826,0.0,0.0,0.0,294,1217,256,0,0,0,0,0.0,13.2392,nan,edge/x86_64,,3.12.3,2026-10-09T18:41:15Z
73,RSA-2048,classical,,keygen,60.3227,0.0,0.0,0.0,294,1217,0,0,0,0,0,0.0,904.8408,nan,edge/x86_64,,3.12.3,2026-10-09T18:41:15Z
73,RSA-2048,classical,,encapsulate,0.16,0.0,0.0,0.0,294,1217,256,0,0,0,0,0.0,2.4007,nan,edge/x86_64,,3.12.3,2026-10-09T18:41:15Z
73,RSA-2048,classical,,decapsulate,1.6257,0.0,0.0,0.0,294,1217,256,0,0,0,0,0.0,24.3851,nan,edge/x86_64,,3.12.3,2026-10-09T18:41:15Z
74,RSA-2048,classical,,keygen,46.8553,0.0,0.0,0.0,294,1217,0,0,0,0,0,0.0,702.8293,nan,edge/x86_64,,3.12.3,2026-10-09T18:41:15Z
74,RSA-2048,classical,,encapsulate,0.0817,0.0,0.0,0.0,294,1217,256,0,0,0,0,0.0,1.2256,nan,edge/x86_64,,3.12.3,2026-10-09T18:41:15Z
74,RSA-2048,classical,,decapsulate,0.8375,0.0,0.0,0.0,294,1217,256,0,0,0,0,0.0,12.5619,nan,edge/x86_64,,3.12.3,2026-10-09T18:41:15Z
75,RSA-2048,classical,,keygen,68.4289,0.0,0.0,0.0,294,1218,0,0,0,0,0,0.0,1026.4341,nan,edge/x86_64,,3.12.3,2026-10-09T18:41:15Z
75,RSA-2048,classical,,encapsulate,0.0936,0.0,0.0,0.0,294,1218,256,0,0,0,0,0.0,1.4047,nan,edge/x86_64,,3.12.3,2026-10-09T18:41:15Z
75,RSA-2048,classical,,decapsulate,0.8216,0.0,0.0,0.0,294,1218,256,0,0,0,0,0.0,12.3241,nan,edge/x86_64,,3.12.3,2026-10-09T18:41:15Z
76,RSA-2048,classical,,keygen,64.1529,0.0,0.0,0.0,294,1217,0,0,0,0,0,0.0,962.2941,nan,edge/x86_64,,3.12.3,2026-10-09T18:41:15Z
76,RSA-2048,classical,,encapsulate,0.0782,0.0,0.0,0.0,294,1217,256,0,0,0,0,0.0,1.173,nan,edge/x86_64,,3.12.3,2026-10-09T18:41:15Z
76,RSA-2048,classical,,decapsulate,0.8343,0.0,0.0,0.0,294,1217,256,0,0,0,0,0.0,12.5147,nan,edge/x86_64,,3.12.3,2026-10-09T18:41:15Z
77,RSA-2048,classical,,keygen,12.3303,0.0,0.0,0.0,294,1216,0,0,0,0,0,0.0,184.9549,nan,edge/x86_64,,3.12.3,2026-10-09T18:41:15Z
77,RSA-2048,classical,,encapsulate,0.0796,0.0,0.0,0.0,294,1216,256,0,0,0,0,0.0,1.1939,nan,edge/x86_64,,3.12.3,2026-10-09T18:41:15Z
77,RSA-2048,classical,,decapsulate,0.7988,0.0,0.0,0.0,294,1216,256,0,0,0,0,0.0,11.982,nan,edge/x86_64,,3.12.3,2026-10-09T18:41:15Z
78,RSA-2048,classical,,keygen,42.7271,0.0,0.0,0.0,294,1216,0,0,0,0,0,0.0,640.9067,nan,edge/x86_64,,3.12.3,2026-10-09T18:41:15Z
78,RSA-2048,classical,,encapsulate,0.0911,0.0,0.0,0.0,294,1216,256,0,0,0,0,0.0,1.3671,nan,edge/x86_64,,3.12.3,2026-10-09T18:41:15Z
78,RSA-2048,classical,,decapsulate,0.8702,0.0,0.0,0.0,294,1216,256,0,0,0,0,0.0,13.0526,nan,edge/x86_64,,3.12.3,2026-10-09T18:41:15Z
79,RSA-2048,classical,,keygen,31.8737,0.0,0.0,0.0,294,1218,0,0,0,0,0,0.0,478.1055,nan,edge/x86_64,,3.12.3,2026-10-09T18:41:15Z
79,RSA-2048,classical,,encapsulate,0.1366,0.0,0.0,0.0,294,1218,256,0,0,0,0,0.0,2.0488,nan,edge/x86_64,,3.12.3,2026-10-09T18:41:15Z
79,RSA-2048,classical,,decapsulate,0.8574,0.0,0.0,0.0,294,1218,256,0,0,0,0,0.0,12.8613,nan,edge/x86_64,,3.12.3,2026-10-09T18:41:15Z
80,RSA-2048,classical,,keygen,175.0154,0.0,0.0,0.0,294,1218,0,0,0,0,0,0.0,2625.2314,nan,edge/x86_64,,3.12.3,2026-10-09T18:41:15Z
80,RSA-2048,classical,,encapsulate,0.0733,0.0,0.0,0.0,294,1218,256,0,0,0,0,0.0,1.1002,nan,edge/x86_64,,3.12.3,2026-10-09T18:41:15Z
80,RSA-2048,classical,,decapsulate,0.8176,0.0,0.0,0.0,294,1218,256,0,0,0,0,0.0,12.2643,nan,edge/x86_64,,3.12.3,2026-10-09T18:41:15Z
81,RSA-2048,classical,,keygen,21.8333,0.0,0.0,0.0,294,1217,0,0,0,0,0,0.0,327.499,nan,edge/x86_64,,3.12.3,2026-10-09T18:41:15Z
81,RSA-2048,classical,,encapsulate,0.0894,0.0,0.0,0.0,294,1217,256,0,0,0,0,0.0,1.3411,nan,edge/x86_64,,3.12.3,2026-10-09T18:41:15Z
81,RSA-2048,classical,,decapsulate,0.8355,0.0,0.0,0.0,294,1217,256,0,0,0,0,0.0,12.5326,nan,edge/x86_64,,3.12.3,2026-10-09T18:41:15Z
82,RSA-2048,classical,,keygen,30.1828,0.0,0.0,0.0,294,1216,0,0,0,0,0,0.0,452.7423,nan,edge/x86_64,,3.12.3,2026-10-09T18:41:15Z
82,RSA-2048,classical,,encapsulate,0.0794,0.0,0.0,0.0,294,1216,256,0,0,0,0,0.0,1.1913,nan,edge/x86_64,,3.12.3,2026-10-09T18:41:15Z
82,RSA-2048,classical,,decapsulate,0.8703,0.0,0.0,0.0,294,1216,256,0,0,0,0,0.0,13.0545,nan,edge/x86_64,,3.12.3,2026-10-09T18:41:15Z
83,RSA-2048,classical,,keygen,21.8746,0.0,0.0,0.0,294,1218,0,0,0,0,0,0.0,328.1192,nan,edge/x86_64,,3.12.3,2026-10-09T18:41:15Z
83,RSA-2048,classical,,encapsulate,0.084,0.0,0.0,0.0,294,1218,256,0,0,0,0,0.0,1.2597,nan,edge/x86_64,,3.12.3,2026-10-09T18:41:15Z
83,RSA-2048,classical,,decapsulate,0.8556,0.0,0.0,0.0,294,1218,256,0,0,0,0,0.0,12.8344,nan,edge/x86_64,,3.12.3,2026-10-09T18:41:15Z
84,RSA-2048,classical,,keygen,28.4542,0.0,0.0,0.0,294,1217,0,0,0,0,0,0.0,426.8125,nan,edge/x86_64,,3.12.3,2026-10-09T18:41:15Z
84,RSA-2048,classical,,encapsulate,0.0751,0.0,0.0,0.0,294,1217,256,0,0,0,0,0.0,1.1272,nan,edge/x86_64,,3.12.3,2026-10-09T18:41:15Z
84,RSA-2048,classical,,decapsulate,0.8412,0.0,0.0,0.0,294,1217,256,0,0,0,0,0.0,12.618,nan,edge/x86_64,,3.12.3,2026-10-09T18:41:15Z
85,RSA-2048,classical,,keygen,60.7986,0.0,0.0,0.0,294,1218,0,0,0,0,0,0.0,911.9784,nan,edge/x86_64,,3.12.3,2026-10-09T18:41:15Z
85,RSA-2048,classical,,encapsulate,0.1995,0.0,0.0,0.0,294,1218,256,0,0,0,0,0.0,2.9919,nan,edge/x86_64,,3.12.3,2026-10-09T18:41:15Z
85,RSA-2048,classical,,decapsulate,1.3443,0.0,0.0,0.0,294,1218,256,0,0,0,0,0.0,20.165,nan,edge/x86_64,,3.12.3,2026-10-09T18:41:15Z
86,RSA-2048,classical,,keygen,48.0753,0.0,0.0,0.0,294,1214,0,0,0,0,0,0.0,721.1291,nan,edge/x86_64,,3.12.3,2026-10-09T18:41:15Z
86,RSA-2048,classical,,encapsulate,0.0932,0.0,0.0,0.0,294,1214,256,0,0,0,0,0.0,1.3975,nan,edge/x86_64,,3.12.3,2026-10-09T18:41:15Z
86,RSA-2048,classical,,decapsulate,0.834,0.0,0.0,0.0,294,1214,256,0,0,0,0,0.0,12.5097,nan,edge/x86_64,,3.12.3,2026-10-09T18:41:15Z
87,RSA-2048,classical,,keygen,75.1155,0.0,0.0,0.0,294,1217,0,0,0,0,0,0.0,1126.7327,nan,edge/x86_64,,3.12.3,2026-10-09T18:41:15Z
87,RSA-2048,classical,,encapsulate,0.1198,0.0,0.0,0.0,294,1217,256,0,0,0,0,0.0,1.7974,nan,edge/x86_64,,3.12.3,2026-10-09T18:41:15Z
87,RSA-2048,classical,,decapsulate,1.6221,0.0,0.0,0.0,294,1217,256,0,0,0,0,0.0,24.332,nan,edge/x86_64,,3.12.3,2026-10-09T18:41:15Z
88,RSA-2048,classical,,keygen,72.7576,0.0,0.0,0.0,294,1217,0,0,0,0,0,0.0,1091.3637,nan,edge/x86_64,,3.12.3,2026-10-09T18:41:15Z
88,RSA-2048,classical,,encapsulate,0.083,0.0,0.0,0.0,294,1217,256,0,0,0,0,0.0,1.2443,nan,edge/x86_64,,3.12.3,2026-10-09T18:41:15Z
88,RSA-2048,classical,,decapsulate,0.8212,0.0,0.0,0.0,294,1217,256,0,0,0,0,0.0,12.3186,nan,edge/x86_64,,3.12.3,2026-10-09T18:41:15Z
89,RSA-2048,classical,,keygen,110.2086,0.0,0.0,0.0,294,1217,0,0,0,0,0,0.0,1653.1292,nan,edge/x86_64,,3.12.3,2026-10-09T18:41:15Z
89,RSA-2048,classical,,encapsulate,0.0776,0.0,0.0,0.0,294,1217,256,0,0,0,0,0.0,1.1634,nan,edge/x86_64,,3.12.3,2026-10-09T18:41:15Z
89,RSA-2048,classical,,decapsulate,0.8518,0.0,0.0,0.0,294,1217,256,0,0,0,0,0.0,12.7775,nan,edge/x86_64,,3.12.3,2026-10-09T18:41:15Z
90,RSA-2048,classical,,keygen,42.4056,0.0,0.0,0.0,294,1218,0,0,0,0,0,0.0,636.0842,nan,edge/x86_64,,3.12.3,2026-10-09T18:41:15Z
90,RSA-2048,classical,,encapsulate,0.1205,0.0,0.0,0.0,294,1218,256,0,0,0,0,0.0,1.8082,nan,edge/x86_64,,3.12.3,2026-10-09T18:41:15Z
90,RSA-2048,classical,,decapsulate,0.8463,0.0,0.0,0.0,294,1218,256,0,0,0,0,0.0,12.6939,nan,edge/x86_64,,3.12.3,2026-10-09T18:41:15Z
91,RSA-2048,classical,,keygen,14.1017,0.0,0.0,0.0,294,1216,0,0,0,0,0,0.0,211.5252,nan,edge/x86_64,,3.12.3,2026-10-09T18:41:15Z
91,RSA-2048,classical,,encapsulate,0.0814,0.0,0.0,0.0,294,1216,256,0,0,0,0,0.0,1.2211,nan,edge/x86_64,,3.12.3,2026-10-09T18:41:15Z
91,RSA-2048,classical,,decapsulate,0.8464,0.0,0.0,0.0,294,1216,256,0,0,0,0,0.0,12.6963,nan,edge/x86_64,,3.12.3,2026-10-09T18:41:15Z
92,RSA-2048,classical,,keygen,25.1782,0.0,0.0,0.0,294,1216,0,0,0,0,0,0.0,377.6728,nan,edge/x86_64,,3.12.3,2026-10-09T18:41:15Z
92,RSA-2048,classical,,encapsulate,0.0656,0.0,0.0,0.0,294,1216,256,0,0,0,0,0.0,0.9843,nan,edge/x86_64,,3.12.3,2026-10-09T18:41:15Z
92,RSA-2048,classical,,decapsulate,0.8213,0.0,0.0,0.0,294,1216,256,0,0,0,0,0.0,12.3197,nan,edge/x86_64,,3.12.3,2026-10-09T18:41:15Z
93,RSA-2048,classical,,keygen,14.6757,0.0,0.0,0.0,294,1217,0,0,0,0,0,0.0,220.135,nan,edge/x86_64,,3.12.3,2026-10-09T18:41:15Z
93,RSA-2048,classical,,encapsulate,0.076,0.0,0.0,0.0,294,1217,256,0,0,0,0,0.0,1.1395,nan,edge/x86_64,,3.12.3,2026-10-09T18:41:15Z
93,RSA-2048,classical,,decapsulate,0.8748,0.0,0.0,0.0,294,1217,256,0,0,0,0,0.0,13.122,nan,edge/x86_64,,3.12.3,2026-10-09T18:41:15Z
94,RSA-2048,classical,,keygen,36.5109,0.0,0.0,0.0,294,1217,0,0,0,0,0,0.0,547.6628,nan,edge/x86_64,,3.12.3,2026-10-09T18:41:15Z
94,RSA-2048,classical,,encapsulate,0.0791,0.0,0.0,0.0,294,1217,256,0,0,0,0,0.0,1.1863,nan,edge/x86_64,,3.12.3,2026-10-09T18:41:15Z
94,RSA-2048,classical,,decapsulate,0.8288,0.0,0.0,0.0,294,1217,256,0,0,0,0,0.0,12.4316,nan,edge/x86_64,,3.12.3,2026-10-09T18:41:15Z
95,RSA-2048,classical,,keygen,57.4492,0.0,0.0,0.0,294,1218,0,0,0,0,0,0.0,861.7374,nan,edge/x86_64,,3.12.3,2026-10-09T18:41:15Z
95,RSA-2048,classical,,encapsulate,0.1102,0.0,0.0,0.0,294,1218,256,0,0,0,0,0.0,1.6537,nan,edge/x86_64,,3.12.3,2026-10-09T18:41:15Z
95,RSA-2048,classical,,decapsulate,1.6263,0.0,0.0,0.0,294,1218,256,0,0,0,0,0.0,24.395,nan,edge/x86_64,,3.12.3,2026-10-09T18:41:15Z
96,RSA-2048,classical,,keygen,67.7603,0.0,0.0,0.0,294,1218,0,0,0,0,0,0.0,1016.4041,nan,edge/x86_64,,3.12.3,2026-10-09T18:41:15Z
96,RSA-2048,classical,,encapsulate,0.112,0.0,0.0,0.0,294,1218,256,0,0,0,0,0.0,1.6793,nan,edge/x86_64,,3.12.3,2026-10-09T18:41:15Z
96,RSA-2048,classical,,decapsulate,1.6333,0.0,0.0,0.0,294,1218,256,0,0,0,0,0.0,24.5001,nan,edge/x86_64,,3.12.3,2026-10-09T18:41:15Z
97,RSA-2048,classical,,keygen,10.9711,0.0,0.0,0.0,294,1218,0,0,0,0,0,0.0,164.5672,nan,edge/x86_64,,3.12.3,2026-10-09T18:41:15Z
97,RSA-2048,classical,,encapsulate,0.0665,0.0,0.0,0.0,294,1218,256,0,0,0,0,0.0,0.997,nan,edge/x86_64,,3.12.3,2026-10-09T18:41:15Z
97,RSA-2048,classical,,decapsulate,0.8003,0.0,0.0,0.0,294,1218,256,0,0,0,0,0.0,12.005,nan,edge/x86_64,,3.12.3,2026-10-09T18:41:15Z
98,RSA-2048,classical,,keygen,9.3319,0.0,0.0,0.0,294,1217,0,0,0,0,0,0.0,139.9781,nan,edge/x86_64,,3.12.3,2026-10-09T18:41:15Z
98,RSA-2048,classical,,encapsulate,0.0607,0.0,0.0,0.0,294,1217,256,0,0,0,0,0.0,0.91,nan,edge/x86_64,,3.12.3,2026-10-09T18:41:15Z
98,RSA-2048,classical,,decapsulate,0.8724,0.0,0.0,0.0,294,1217,256,0,0,0,0,0.0,13.0859,nan,edge/x86_64,,3.12.3,2026-10-09T18:41:15Z
99,RSA-2048,classical,,keygen,25.4451,0.0,0.0,0.0,294,1218,0,0,0,0,0,0.0,381.6764,nan,edge/x86_64,,3.12.3,2026-10-09T18:41:15Z
99,RSA-2048,classical,,encapsulate,0.0951,0.0,0.0,0.0,294,1218,256,0,0,0,0,0.0,1.4268,nan,edge/x86_64,,3.12.3,2026-10-09T18:41:15Z
99,RSA-2048,classical,,decapsulate,0.8352,0.0,0.0,0.0,294,1218,256,0,0,0,0,0.0,12.5283,nan,edge/x86_64,,3.12.3,2026-10-09T18:41:15Z
100,RSA-2048,classical,,keygen,39.7731,0.0,0.0,0.0,294,1217,0,0,0,0,0,0.0,596.5971,nan,edge/x86_64,,3.12.3,2026-10-09T18:41:15Z
100,RSA-2048,classical,,encapsulate,0.0933,0.0,0.0,0.0,294,1217,256,0,0,0,0,0.0,1.3996,nan,edge/x86_64,,3.12.3,2026-10-09T18:41:15Z
100,RSA-2048,classical,,decapsulate,0.8581,0.0,0.0,0.0,294,1217,256,0,0,0,0,0.0,12.8717,nan,edge/x86_64,,3.12.3,2026-10-09T18:41:15Z
101,RSA-2048,classical,,keygen,26.1452,0.0,0.0,0.0,294,1217,0,0,0,0,0,0.0,392.1777,nan,edge/x86_64,,3.12.3,2026-10-09T18:41:15Z
101,RSA-2048,classical,,encapsulate,0.0878,0.0,0.0,0.0,294,1217,256,0,0,0,0,0.0,1.3172,nan,edge/x86_64,,3.12.3,2026-10-09T18:41:15Z
101,RSA-2048,classical,,decapsulate,0.8187,0.0,0.0,0.0,294,1217,256,0,0,0,0,0.0,12.2804,nan,edge/x86_64,,3.12.3,2026-10-09T18:41:15Z
102,RSA-2048,classical,,keygen,38.2361,0.0,0.0,0.0,294,1218,0,0,0,0,0,0.0,573.5408,nan,edge/x86_64,,3.12.3,2026-10-09T18:41:15Z
102,RSA-2048,classical,,encapsulate,0.0721,0.0,0.0,0.0,294,1218,256,0,0,0,0,0.0,1.0819,nan,edge/x86_64,,3.12.3,2026-10-09T18:41:15Z
102,RSA-2048,classical,,decapsulate,0.8266,0.0,0.0,0.0,294,1218,256,0,0,0,0,0.0,12.3996,nan,edge/x86_64,,3.12.3,2026-10-09T18:41:15Z
103,RSA-2048,classical,,keygen,23.1001,0.0,0.0,0.0,294,1214,0,0,0,0,0,0.0,346.5011,nan,edge/x86_64,,3.12.3,2026-10-09T18:41:15Z
103,RSA-2048,classical,,encapsulate,0.0678,0.0,0.0,0.0,294,1214,256,0,0,0,0,0.0,1.0175,nan,edge/x86_64,,3.12.3,2026-10-09T18:41:15Z
103,RSA-2048,classical,,decapsulate,0.8877,0.0,0.0,0.0,294,1214,256,0,0,0,0,0.0,13.3156,nan,edge/x86_64,,3.12.3,2026-10-09T18:41:15Z
104,RSA-2048,classical,,keygen,22.1391,0.0,0.0,0.0,294,1218,0,0,0,0,0,0.0,332.0863,nan,edge/x86_64,,3.12.3,2026-10-09T18:41:15Z
104,RSA-2048,classical,,encapsulate,0.0727,0.0,0.0,0.0,294,1218,256,0,0,0,0,0.0,1.091,nan,edge/x86_64,,3.12.3,2026-10-09T18:41:15Z
104,RSA-2048,classical,,decapsulate,0.8183,0.0,0.0,0.0,294,1218,256,0,0,0,0,0.0,12.2743,nan,edge/x86_64,,3.12.3,2026-10-09T18:41:15Z
105,RSA-2048,classical,,keygen,18.4288,0.0,0.0,0.0,294,1217,0,0,0,0,0,0.0,276.4322,nan,edge/x86_64,,3.12.3,2026-10-09T18:41:15Z
105,RSA-2048,classical,,encapsulate,0.0935,0.0,0.0,0.0,294,1217,256,0,0,0,0,0.0,1.4026,nan,edge/x86_64,,3.12.3,2026-10-09T18:41:15Z
105,RSA-2048,classical,,decapsulate,0.8303,0.0,0.0,0.0,294,1217,256,0,0,0,0,0.0,12.4543,nan,edge/x86_64,,3.12.3,2026-10-09T18:41:15Z
106,RSA-2048,classical,,keygen,38.4456,0.0,0.0,0.0,294,1217,0,0,0,0,0,0.0,576.6842,nan,edge/x86_64,,3.12.3,2026-10-09T18:41:15Z
106,RSA-2048,classical,,encapsulate,0.0769,0.0,0.0,0.0,294,1217,256,0,0,0,0,0.0,1.1539,nan,edge/x86_64,,3.12.3,2026-10-09T18:41:15Z
106,RSA-2048,classical,,decapsulate,0.824,0.0,0.0,0.0,294,1217,256,0,0,0,0,0.0,12.3603,nan,edge/x86_64,,3.12.3,2026-10-09T18:41:15Z
107,RSA-2048,classical,,keygen,29.4385,0.0,0.0,0.0,294,1218,0,0,0,0,0,0.0,441.5773,nan,edge/x86_64,,3.12.3,2026-10-09T18:41:15Z
107,RSA-2048,classical,,encapsulate,0.081,0.0,0.0,0.0,294,1218,256,0,0,0,0,0.0,1.2144,nan,edge/x86_64,,3.12.3,2026-10-09T18:41:15Z
107,RSA-2048,classical,,decapsulate,0.8539,0.0,0.0,0.0,294,1218,256,0,0,0,0,0.0,12.8091,nan,edge/x86_64,,3.12.3,2026-10-09T18:41:15Z
108,RSA-2048,classical,,keygen,36.7783,0.0,0.0,0.0,294,1217,0,0,0,0,0,0.0,551.6748,nan,edge/x86_64,,3.12.3,2026-10-09T18:41:15Z
108,RSA-2048,classical,,encapsulate,0.0727,0.0,0.0,0.0,294,1217,256,0,0,0,0,0.0,1.0901,nan,edge/x86_64,,3.12.3,2026-10-09T18:41:15Z
108,RSA-2048,classical,,decapsulate,0.8405,0.0,0.0,0.0,294,1217,256,0,0,0,0,0.0,12.6078,nan,edge/x86_64,,3.12.3,2026-10-09T18:41:15Z
109,RSA-2048,classical,,keygen,27.3786,0.0,0.0,0.0,294,1218,0,0,0,0,0,0.0,410.6786,nan,edge/x86_64,,3.12.3,2026-10-09T18:41:15Z
109,RSA-2048,classical,,encapsulate,0.0658,0.0,0.0,0.0,294,1218,256,0,0,0,0,0.0,0.9869,nan,edge/x86_64,,3.12.3,2026-10-09T18:41:15Z
109,RSA-2048,classical,,decapsulate,0.8415,0.0,0.0,0.0,294,1218,256,0,0,0,0,0.0,12.6228,nan,edge/x86_64,,3.12.3,2026-10-09T18:41:15Z
110,RSA-2048,classical,,keygen,13.5381,0.0,0.0,0.0,294,1217,0,0,0,0,0,0.0,203.071,nan,edge/x86_64,,3.12.3,2026-10-09T18:41:15Z
110,RSA-2048,classical,,encapsulate,0.0683,0.0,0.0,0.0,294,1217,256,0,0,0,0,0.0,1.0247,nan,edge/x86_64,,3.12.3,2026-10-09T18:41:15Z
110,RSA-2048,classical,,decapsulate,0.8403,0.0,0.0,0.0,294,1217,256,0,0,0,0,0.0,12.6041,nan,edge/x86_64,,3.12.3,2026-10-09T18:41:15Z
111,RSA-2048,classical,,keygen,44.9816,0.0,0.0,0.0,294,1218,0,0,0,0,0,0.0,674.7236,nan,edge/x86_64,,3.12.3,2026-10-09T18:41:15Z
111,RSA-2048,classical,,encapsulate,0.0773,0.0,0.0,0.0,294,1218,256,0,0,0,0,0.0,1.1591,nan,edge/x86_64,,3.12.3,2026-10-09T18:41:15Z
111,RSA-2048,classical,,decapsulate,0.8608,0.0,0.0,0.0,294,1218,256,0,0,0,0,0.0,12.9122,nan,edge/x86_64,,3.12.3,2026-10-09T18:41:15Z
112,RSA-2048,classical,,keygen,70.6704,0.0,0.0,0.0,294,1216,0,0,0,0,0,0.0,1060.0558,nan,edge/x86_64,,3.12.3,2026-10-09T18:41:15Z
112,RSA-2048,classical,,encapsulate,0.0799,0.0,0.0,0.0,294,1216,256,0,0,0,0,0.0,1.1984,nan,edge/x86_64,,3.12.3,2026-10-09T18:41:15Z
112,RSA-2048,classical,,decapsulate,0.8292,0.0,0.0,0.0,294,1216,256,0,0,0,0,0.0,12.4378,nan,edge/x86_64,,3.12.3,2026-10-09T18:41:15Z
113,RSA-2048,classical,,keygen,62.4252,0.0,0.0,0.0,294,1217,0,0,0,0,0,0.0,936.3779,nan,edge/x86_64,,3.12.3,2026-10-09T18:41:15Z
113,RSA-2048,classical,,encapsulate,0.0856,0.0,0.0,0.0,294,1217,256,0,0,0,0,0.0,1.2841,nan,edge/x86_64,,3.12.3,2026-10-09T18:41:15Z
113,RSA-2048,classical,,decapsulate,0.8512,0.0,0.0,0.0,294,1217,256,0,0,0,0,0.0,12.7685,nan,edge/x86_64,,3.12.3,2026-10-09T18:41:15Z
114,RSA-2048,classical,,keygen,13.1782,0.0,0.0,0.0,294,1217,0,0,0,0,0,0.0,197.6727,nan,edge/x86_64,,3.12.3,2026-10-09T18:41:15Z
114,RSA-2048,classical,,encapsulate,0.0583,0.0,0.0,0.0,294,1217,256,0,0,0,0,0.0,0.875,nan,edge/x86_64,,3.12.3,2026-10-09T18:41:15Z
114,RSA-2048,classical,,decapsulate,0.8747,0.0,0.0,0.0,294,1217,256,0,0,0,0,0.0,13.1199,nan,edge/x86_64,,3.12.3,2026-10-09T18:41:15Z
115,RSA-2048,classical,,keygen,22.9278,0.0,0.0,0.0,294,1217,0,0,0,0,0,0.0,343.9169,nan,edge/x86_64,,3.12.3,2026-10-09T18:41:15Z
115,RSA-2048,classical,,encapsulate,0.068,0.0,0.0,0.0,294,1217,256,0,0,0,0,0.0,1.0206,nan,edge/x86_64,,3.12.3,2026-10-09T18:41:15Z
115,RSA-2048,classical,,decapsulate,0.827,0.0,0.0,0.0,294,1217,256,0,0,0,0,0.0,12.4048,nan,edge/x86_64,,3.12.3,2026-10-09T18:41:15Z
116,RSA-2048,classical,,keygen,60.1462,0.0,0.0,0.0,294,1217,0,0,0,0,0,0.0,902.1934,nan,edge/x86_64,,3.12.3,2026-10-09T18:41:15Z
116,RSA-2048,classical,,encapsulate,0.1285,0.0,0.0,0.0,294,1217,256,0,0,0,0,0.0,1.9273,nan,edge/x86_64,,3.12.3,2026-10-09T18:41:15Z
116,RSA-2048,classical,,decapsulate,0.8357,0.0,0.0,0.0,294,1217,256,0,0,0,0,0.0,12.535,nan,edge/x86_64,,3.12.3,2026-10-09T18:41:15Z
117,RSA-2048,classical,,keygen,34.3517,0.0,0.0,0.0,294,1217,0,0,0,0,0,0.0,515.276,nan,edge/x86_64,,3.12.3,2026-10-09T18:41:15Z
117,RSA-2048,classical,,encapsulate,0.0906,0.0,0.0,0.0,294,1217,256,0,0,0,0,0.0,1.3594,nan,edge/x86_64,,3.12.3,2026-10-09T18:41:15Z
117,RSA-2048,classical,,decapsulate,0.8197,0.0,0.0,0.0,294,1217,256,0,0,0,0,0.0,12.2959,nan,edge/x86_64,,3.12.3,2026-10-09T18:41:15Z
118,RSA-2048,classical,,keygen,11.9558,0.0,0.0,0.0,294,1217,0,0,0,0,0,0.0,179.3363,nan,edge/x86_64,,3.12.3,2026-10-09T18:41:15Z
118,RSA-2048,classical,,encapsulate,0.0601,0.0,0.0,0.0,294,1217,256,0,0,0,0,0.0,0.9012,nan,edge/x86_64,,3.12.3,2026-10-09T18:41:15Z
118,RSA-2048,classical,,decapsulate,0.8524,0.0,0.0,0.0,294,1217,256,0,0,0,0,0.0,12.7866,nan,edge/x86_64,,3.12.3,2026-10-09T18:41:15Z
119,RSA-2048,classical,,keygen,35.1163,0.0,0.0,0.0,294,1217,0,0,0,0,0,0.0,526.745,nan,edge/x86_64,,3.12.3,2026-10-09T18:41:15Z
119,RSA-2048,classical,,encapsulate,0.0806,0.0,0.0,0.0,294,1217,256,0,0,0,0,0.0,1.2086,nan,edge/x86_64,,3.12.3,2026-10-09T18:41:15Z
119,RSA-2048,classical,,decapsulate,0.8243,0.0,0.0,0.0,294,1217,256,0,0,0,0,0.0,12.3641,nan,edge/x86_64,,3.12.3,2026-10-09T18:41:15Z
120,RSA-2048,classical,,keygen,35.6332,0.0,0.0,0.0,294,1219,0,0,0,0,0,0.0,534.4979,nan,edge/x86_64,,3.12.3,2026-10-09T18:41:15Z
120,RSA-2048,classical,,encapsulate,0.0946,0.0,0.0,0.0,294,1219,256,0,0,0,0,0.0,1.4193,nan,edge/x86_64,,3.12.3,2026-10-09T18:41:15Z
120,RSA-2048,classical,,decapsulate,0.8943,0.0,0.0,0.0,294,1219,256,0,0,0,0,0.0,13.4142,nan,edge/x86_64,,3.12.3,2026-10-09T18:41:15Z
121,RSA-2048,classical,,keygen,23.2517,0.0,0.0,0.0,294,1217,0,0,0,0,0,0.0,348.7754,nan,edge/x86_64,,3.12.3,2026-10-09T18:41:15Z
121,RSA-2048,classical,,encapsulate,0.0699,0.0,0.0,0.0,294,1217,256,0,0,0,0,0.0,1.0491,nan,edge/x86_64,,3.12.3,2026-10-09T18:41:15Z
121,RSA-2048,classical,,decapsulate,0.8129,0.0,0.0,0.0,294,1217,256,0,0,0,0,0.0,12.1936,nan,edge/x86_64,,3.12.3,2026-10-09T18:41:15Z
122,RSA-2048,classical,,keygen,14.5789,0.0,0.0,0.0,294,1217,0,0,0,0,0,0.0,218.684,nan,edge/x86_64,,3.12.3,2026-10-09T18:41:15Z
122,RSA-2048,classical,,encapsulate,0.0651,0.0,0.0,0.0,294,1217,256,0,0,0,0,0.0,0.9767,nan,edge/x86_64,,3.12.3,2026-10-09T18:41:15Z
122,RSA-2048,classical,,decapsulate,0.8566,0.0,0.0,0.0,294,1217,256,0,0,0,0,0.0,12.8484,nan,edge/x86_64,,3.12.3,2026-10-09T18:41:15Z
123,RSA-2048,classical,,keygen,20.4076,0.0,0.0,0.0,294,1218,0,0,0,0,0,0.0,306.1141,nan,edge/x86_64,,3.12.3,2026-10-09T18:41:15Z
123,RSA-2048,classical,,encapsulate,0.0674,0.0,0.0,0.0,294,1218,256,0,0,0,0,0.0,1.0105,nan,edge/x86_64,,3.12.3,2026-10-09T18:41:15Z
123,RSA-2048,classical,,decapsulate,0.8228,0.0,0.0,0.0,294,1218,256,0,0,0,0,0.0,12.3418,nan,edge/x86_64,,3.12.3,2026-10-09T18:41:15Z
124,RSA-2048,classical,,keygen,59.38,0.0,0.0,0.0,294,1217,0,0,0,0,0,0.0,890.6997,nan,edge/x86_64,,3.12.3,2026-10-09T18:41:15Z
124,RSA-2048,classical,,encapsulate,0.0835,0.0,0.0,0.0,294,1217,256,0,0,0,0,0.0,1.2527,nan,edge/x86_64,,3.12.3,2026-10-09T18:41:15Z
124,RSA-2048,classical,,decapsulate,0.8443,0.0,0.0,0.0,294,1217,256,0,0,0,0,0.0,12.6644,nan,edge/x86_64,,3.12.3,2026-10-09T18:41:15Z
125,RSA-2048,classical,,keygen,44.2188,0.0,0.0,0.0,294,1217,0,0,0,0,0,0.0,663.2826,nan,edge/x86_64,,3.12.3,2026-10-09T18:41:15Z
125,RSA-2048,classical,,encapsulate,0.1003,0.0,0.0,0.0,294,1217,256,0,0,0,0,0.0,1.5049,nan,edge/x86_64,,3.12.3,2026-10-09T18:41:15Z
125,RSA-2048,classical,,decapsulate,0.8327,0.0,0.0,0.0,294,1217,256,0,0,0,0,0.0,12.4912,nan,edge/x86_64,,3.12.3,2026-10-09T18:41:15Z
126,RSA-2048,classical,,keygen,43.0845,0.0,0.0,0.0,294,1217,0,0,0,0,0,0.0,646.267,nan,edge/x86_64,,3.12.3,2026-10-09T18:41:15Z
126,RSA-2048,classical,,encapsulate,0.0798,0.0,0.0,0.0,294,1217,256,0,0,0,0,0.0,1.1965,nan,edge/x86_64,,3.12.3,2026-10-09T18:41:15Z
126,RSA-2048,classical,,decapsulate,0.8185,0.0,0.0,0.0,294,1217,256,0,0,0,0,0.0,12.2778,nan,edge/x86_64,,3.12.3,2026-10-09T18:41:15Z
127,RSA-2048,classical,,keygen,45.1487,0.0,0.0,0.0,294,1218,0,0,0,0,0,0.0,677.2311,nan,edge/x86_64,,3.12.3,2026-10-09T18:41:15Z
127,RSA-2048,classical,,encapsulate,0.1128,0.0,0.0,0.0,294,1218,256,0,0,0,0,0.0,1.6914,nan,edge/x86_64,,3.12.3,2026-10-09T18:41:15Z
127,RSA-2048,classical,,decapsulate,1.759,0.0,0.0,0.0,294,1218,256,0,0,0,0,0.0,26.3848,nan,edge/x86_64,,3.12.3,2026-10-09T18:41:15Z
128,RSA-2048,classical,,keygen,39.103,0.0,0.0,0.0,294,1217,0,0,0,0,0,0.0,586.5443,nan,edge/x86_64,,3.12.3,2026-10-09T18:41:15Z
128,RSA-2048,classical,,encapsulate,0.0732,0.0,0.0,0.0,294,1217,256,0,0,0,0,0.0,1.0978,nan,edge/x86_64,,3.12.3,2026-10-09T18:41:15Z
128,RSA-2048,classical,,decapsulate,0.8146,0.0,0.0,0.0,294,1217,256,0,0,0,0,0.0,12.2183,nan,edge/x86_64,,3.12.3,2026-10-09T18:41:15Z
129,RSA-2048,classical,,keygen,20.8471,0.0,0.0,0.0,294,1217,0,0,0,0,0,0.0,312.7061,nan,edge/x86_64,,3.12.3,2026-10-09T18:41:15Z
129,RSA-2048,classical,,encapsulate,0.1295,0.0,0.0,0.0,294,1217,256,0,0,0,0,0.0,1.9423,nan,edge/x86_64,,3.12.3,2026-10-09T18:41:15Z
129,RSA-2048,classical,,decapsulate,0.8618,0.0,0.0,0.0,294,1217,256,0,0,0,0,0.0,12.927,nan,edge/x86_64,,3.12.3,2026-10-09T18:41:15Z
130,RSA-2048,classical,,keygen,153.8636,0.0,0.0,0.0,294,1216,0,0,0,0,0,0.0,2307.9544,nan,edge/x86_64,,3.12.3,2026-10-09T18:41:15Z
130,RSA-2048,classical,,encapsulate,0.0781,0.0,0.0,0.0,294,1216,256,0,0,0,0,0.0,1.1715,nan,edge/x86_64,,3.12.3,2026-10-09T18:41:15Z
130,RSA-2048,classical,,decapsulate,0.8677,0.0,0.0,0.0,294,1216,256,0,0,0,0,0.0,13.0153,nan,edge/x86_64,,3.12.3,2026-10-09T18:41:15Z
131,RSA-2048,classical,,keygen,43.9953,0.0,0.0,0.0,294,1219,0,0,0,0,0,0.0,659.9292,nan,edge/x86_64,,3.12.3,2026-10-09T18:41:15Z
131,RSA-2048,classical,,encapsulate,0.0747,0.0,0.0,0.0,294,1219,256,0,0,0,0,0.0,1.12,nan,edge/x86_64,,3.12.3,2026-10-09T18:41:15Z
131,RSA-2048,classical,,decapsulate,0.8499,0.0,0.0,0.0,294,1219,256,0,0,0,0,0.0,12.7488,nan,edge/x86_64,,3.12.3,2026-10-09T18:41:15Z
132,RSA-2048,classical,,keygen,6.0372,0.0,0.0,0.0,294,1217,0,0,0,0,0,0.0,90.5582,nan,edge/x86_64,,3.12.3,2026-10-09T18:41:15Z
132,RSA-2048,classical,,encapsulate,0.0538,0.0,0.0,0.0,294,1217,256,0,0,0,0,0.0,0.8066,nan,edge/x86_64,,3.12.3,2026-10-09T18:41:15Z
132,RSA-2048,classical,,decapsulate,0.8294,0.0,0.0,0.0,294,1217,256,0,0,0,0,0.0,12.4409,nan,edge/x86_64,,3.12.3,2026-10-09T18:41:15Z
133,RSA-2048,classical,,keygen,24.2844,0.0,0.0,0.0,294,1217,0,0,0,0,0,0.0,364.2663,nan,edge/x86_64,,3.12.3,2026-10-09T18:41:15Z
133,RSA-2048,classical,,encapsulate,0.0818,0.0,0.0,0.0,294,1217,256,0,0,0,0,0.0,1.2263,nan,edge/x86_64,,3.12.3,2026-10-09T18:41:15Z
133,RSA-2048,classical,,decapsulate,0.8911,0.0,0.0,0.0,294,1217,256,0,0,0,0,0.0,13.3665,nan,edge/x86_64,,3.12.3,2026-10-09T18:41:15Z
134,RSA-2048,classical,,keygen,15.1743,0.0,0.0,0.0,294,1218,0,0,0,0,0,0.0,227.6149,nan,edge/x86_64,,3.12.3,2026-10-09T18:41:15Z
134,RSA-2048,classical,,encapsulate,0.0799,0.0,0.0,0.0,294,1218,256,0,0,0,0,0.0,1.1982,nan,edge/x86_64,,3.12.3,2026-10-09T18:41:15Z
134,RSA-2048,classical,,decapsulate,0.8925,0.0,0.0,0.0,294,1218,256,0,0,0,0,0.0,13.3868,nan,edge/x86_64,,3.12.3,2026-10-09T18:41:15Z
135,RSA-2048,classical,,keygen,79.2304,0.0,0.0,0.0,294,1216,0,0,0,0,0,0.0,1188.4561,nan,edge/x86_64,,3.12.3,2026-10-09T18:41:15Z
135,RSA-2048,classical,,encapsulate,0.0848,0.0,0.0,0.0,294,1216,256,0,0,0,0,0.0,1.2717,nan,edge/x86_64,,3.12.3,2026-10-09T18:41:15Z
135,RSA-2048,classical,,decapsulate,0.8456,0.0,0.0,0.0,294,1216,256,0,0,0,0,0.0,12.6833,nan,edge/x86_64,,3.12.3,2026-10-09T18:41:15Z
136,RSA-2048,classical,,keygen,96.8324,0.0,0.0,0.0,294,1218,0,0,0,0,0,0.0,1452.4855,nan,edge/x86_64,,3.12.3,2026-10-09T18:41:15Z
136,RSA-2048,classical,,encapsulate,0.1032,0.0,0.0,0.0,294,1218,256,0,0,0,0,0.0,1.5484,nan,edge/x86_64,,3.12.3,2026-10-09T18:41:15Z
136,RSA-2048,classical,,decapsulate,0.8262,0.0,0.0,0.0,294,1218,256,0,0,0,0,0.0,12.3926,nan,edge/x86_64,,3.12.3,2026-10-09T18:41:15Z
137,RSA-2048,classical,,keygen,34.941,0.0,0.0,0.0,294,1219,0,0,0,0,0,0.0,524.1143,nan,edge/x86_64,,3.12.3,2026-10-09T18:41:15Z
137,RSA-2048,classical,,encapsulate,0.1237,0.0,0.0,0.0,294,1219,256,0,0,0,0,0.0,1.8554,nan,edge/x86_64,,3.12.3,2026-10-09T18:41:15Z
137,RSA-2048,classical,,decapsulate,0.9012,0.0,0.0,0.0,294,1219,256,0,0,0,0,0.0,13.518,nan,edge/x86_64,,3.12.3,2026-10-09T18:41:15Z
138,RSA-2048,classical,,keygen,147.8104,0.0,0.0,0.0,294,1218,0,0,0,0,0,0.0,2217.1566,nan,edge/x86_64,,3.12.3,2026-10-09T18:41:15Z
138,RSA-2048,classical,,encapsulate,0.3367,0.0,0.0,0.0,294,1218,256,0,0,0,0,0.0,5.0512,nan,edge/x86_64,,3.12.3,2026-10-09T18:41:15Z
138,RSA-2048,classical,,decapsulate,1.4739,0.0,0.0,0.0,294,1218,256,0,0,0,0,0.0,22.108,nan,edge/x86_64,,3.12.3,2026-10-09T18:41:15Z
139,RSA-2048,classical,,keygen,56.891,0.0,0.0,0.0,294,1218,0,0,0,0,0,0.0,853.3652,nan,edge/x86_64,,3.12.3,2026-10-09T18:41:15Z
139,RSA-2048,classical,,encapsulate,0.1694,0.0,0.0,0.0,294,1218,256,0,0,0,0,0.0,2.5406,nan,edge/x86_64,,3.12.3,2026-10-09T18:41:15Z
139,RSA-2048,classical,,decapsulate,1.3658,0.0,0.0,0.0,294,1218,256,0,0,0,0,0.0,20.4872,nan,edge/x86_64,,3.12.3,2026-10-09T18:41:15Z
140,RSA-2048,classical,,keygen,65.4801,0.0,0.0,0.0,294,1218,0,0,0,0,0,0.0,982.2022,nan,edge/x86_64,,3.12.3,2026-10-09T18:41:15Z
140,RSA-2048,classical,,encapsulate,0.1037,0.0,0.0,0.0,294,1218,256,0,0,0,0,0.0,1.555,nan,edge/x86_64,,3.12.3,2026-10-09T18:41:15Z
140,RSA-2048,classical,,decapsulate,0.8527,0.0,0.0,0.0,294,1218,256,0,0,0,0,0.0,12.7911,nan,edge/x86_64,,3.12.3,2026-10-09T18:41:15Z
141,RSA-2048,classical,,keygen,92.6422,0.0,0.0,0.0,294,1218,0,0,0,0,0,0.0,1389.6337,nan,edge/x86_64,,3.12.3,2026-10-09T18:41:15Z
141,RSA-2048,classical,,encapsulate,0.0927,0.0,0.0,0.0,294,1218,256,0,0,0,0,0.0,1.3909,nan,edge/x86_64,,3.12.3,2026-10-09T18:41:15Z
141,RSA-2048,classical,,decapsulate,0.8158,0.0,0.0,0.0,294,1218,256,0,0,0,0,0.0,12.2375,nan,edge/x86_64,,3.12.3,2026-10-09T18:41:15Z
142,RSA-2048,classical,,keygen,39.5642,0.0,0.0,0.0,294,1216,0,0,0,0,0,0.0,593.4637,nan,edge/x86_64,,3.12.3,2026-10-09T18:41:15Z
142,RSA-2048,classical,,encapsulate,0.1485,0.0,0.0,0.0,294,1216,256,0,0,0,0,0.0,2.2274,nan,edge/x86_64,,3.12.3,2026-10-09T18:41:15Z
142,RSA-2048,classical,,decapsulate,1.533,0.0,0.0,0.0,294,1216,256,0,0,0,0,0.0,22.9945,nan,edge/x86_64,,3.12.3,2026-10-09T18:41:15Z
143,RSA-2048,classical,,keygen,47.4409,0.0,0.0,0.0,294,1217,0,0,0,0,0,0.0,711.6135,nan,edge/x86_64,,3.12.3,2026-10-09T18:41:15Z
143,RSA-2048,classical,,encapsulate,0.1022,0.0,0.0,0.0,294,1217,256,0,0,0,0,0.0,1.5323,nan,edge/x86_64,,3.12.3,2026-10-09T18:41:15Z
143,RSA-2048,classical,,decapsulate,0.9984,0.0,0.0,0.0,294,1217,256,0,0,0,0,0.0,14.976,nan,edge/x86_64,,3.12.3,2026-10-09T18:41:15Z
144,RSA-2048,classical,,keygen,79.3583,0.0,0.0,0.0,294,1217,0,0,0,0,0,0.0,1190.3741,nan,edge/x86_64,,3.12.3,2026-10-09T18:41:15Z
144,RSA-2048,classical,,encapsulate,0.1307,0.0,0.0,0.0,294,1217,256,0,0,0,0,0.0,1.9604,nan,edge/x86_64,,3.12.3,2026-10-09T18:41:15Z
144,RSA-2048,classical,,decapsulate,0.9165,0.0,0.0,0.0,294,1217,256,0,0,0,0,0.0,13.7478,nan,edge/x86_64,,3.12.3,2026-10-09T18:41:15Z
145,RSA-2048,classical,,keygen,70.8518,0.0,0.0,0.0,294,1218,0,0,0,0,0,0.0,1062.7771,nan,edge/x86_64,,3.12.3,2026-10-09T18:41:15Z
145,RSA-2048,classical,,encapsulate,0.1723,0.0,0.0,0.0,294,1218,256,0,0,0,0,0.0,2.5845,nan,edge/x86_64,,3.12.3,2026-10-09T18:41:15Z
145,RSA-2048,classical,,decapsulate,1.4987,0.0,0.0,0.0,294,1218,256,0,0,0,0,0.0,22.4803,nan,edge/x86_64,,3.12.3,2026-10-09T18:41:15Z
146,RSA-2048,classical,,keygen,57.6723,0.0,0.0,0.0,294,1217,0,0,0,0,0,0.0,865.0845,nan,edge/x86_64,,3.12.3,2026-10-09T18:41:15Z
146,RSA-2048,classical,,encapsulate,0.1168,0.0,0.0,0.0,294,1217,256,0,0,0,0,0.0,1.7522,nan,edge/x86_64,,3.12.3,2026-10-09T18:41:15Z
146,RSA-2048,classical,,decapsulate,1.2565,0.0,0.0,0.0,294,1217,256,0,0,0,0,0.0,18.8481,nan,edge/x86_64,,3.12.3,2026-10-09T18:41:15Z
147,RSA-2048,classical,,keygen,71.171,0.0,0.0,0.0,294,1218,0,0,0,0,0,0.0,1067.5649,nan,edge/x86_64,,3.12.3,2026-10-09T18:41:15Z
147,RSA-2048,classical,,encapsulate,0.1081,0.0,0.0,0.0,294,1218,256,0,0,0,0,0.0,1.6219,nan,edge/x86_64,,3.12.3,2026-10-09T18:41:15Z
147,RSA-2048,classical,,decapsulate,0.8926,0.0,0.0,0.0,294,1218,256,0,0,0,0,0.0,13.3892,nan,edge/x86_64,,3.12.3,2026-10-09T18:41:15Z
148,RSA-2048,classical,,keygen,37.417,0.0,0.0,0.0,294,1217,0,0,0,0,0,0.0,561.255,nan,edge/x86_64,,3.12.3,2026-10-09T18:41:15Z
148,RSA-2048,classical,,encapsulate,0.1362,0.0,0.0,0.0,294,1217,256,0,0,0,0,0.0,2.0433,nan,edge/x86_64,,3.12.3,2026-10-09T18:41:15Z
148,RSA-2048,classical,,decapsulate,0.8357,0.0,0.0,0.0,294,1217,256,0,0,0,0,0.0,12.5349,nan,edge/x86_64,,3.12.3,2026-10-09T18:41:15Z
149,RSA-2048,classical,,keygen,170.9714,0.0,0.0,0.0,294,1216,0,0,0,0,0,0.0,2564.5708,nan,edge/x86_64,,3.12.3,2026-10-09T18:41:15Z
149,RSA-2048,classical,,encapsulate,0.1022,0.0,0.0,0.0,294,1216,256,0,0,0,0,0.0,1.5335,nan,edge/x86_64,,3.12.3,2026-10-09T18:41:15Z
149,RSA-2048,classical,,decapsulate,0.8917,0.0,0.0,0.0,294,1216,256,0,0,0,0,0.0,13.3761,nan,edge/x86_64,,3.12.3,2026-10-09T18:41:15Z
150,RSA-2048,classical,,keygen,32.7066,0.0,0.0,0.0,294,1217,0,0,0,0,0,0.0,490.5996,nan,edge/x86_64,,3.12.3,2026-10-09T18:41:15Z
150,RSA-2048,classical,,encapsulate,0.1197,0.0,0.0,0.0,294,1217,256,0,0,0,0,0.0,1.7951,nan,edge/x86_64,,3.12.3,2026-10-09T18:41:15Z
150,RSA-2048,classical,,decapsulate,0.8756,0.0,0.0,0.0,294,1217,256,0,0,0,0,0.0,13.1335,nan,edge/x86_64,,3.12.3,2026-10-09T18:41:15Z
151,RSA-2048,classical,,keygen,74.7143,0.0,0.0,0.0,294,1218,0,0,0,0,0,0.0,1120.7142,nan,edge/x86_64,,3.12.3,2026-10-09T18:41:15Z
151,RSA-2048,classical,,encapsulate,0.1,0.0,0.0,0.0,294,1218,256,0,0,0,0,0.0,1.5003,nan,edge/x86_64,,3.12.3,2026-10-09T18:41:15Z
151,RSA-2048,classical,,decapsulate,0.8369,0.0,0.0,0.0,294,1218,256,0,0,0,0,0.0,12.5538,nan,edge/x86_64,,3.12.3,2026-10-09T18:41:15Z
152,RSA-2048,classical,,keygen,28.4329,0.0,0.0,0.0,294,1217,0,0,0,0,0,0.0,426.4937,nan,edge/x86_64,,3.12.3,2026-10-09T18:41:15Z
152,RSA-2048,classical,,encapsulate,0.0894,0.0,0.0,0.0,294,1217,256,0,0,0,0,0.0,1.3409,nan,edge/x86_64,,3.12.3,2026-10-09T18:41:15Z
152,RSA-2048,classical,,decapsulate,0.9252,0.0,0.0,0.0,294,1217,256,0,0,0,0,0.0,13.8787,nan,edge/x86_64,,3.12.3,2026-10-09T18:41:15Z
153,RSA-2048,classical,,keygen,30.875,0.0,0.0,0.0,294,1218,0,0,0,0,0,0.0,463.1249,nan,edge/x86_64,,3.12.3,2026-10-09T18:41:15Z
153,RSA-2048,classical,,encapsulate,0.1015,0.0,0.0,0.0,294,1218,256,0,0,0,0,0.0,1.5219,nan,edge/x86_64,,3.12.3,2026-10-09T18:41:15Z
153,RSA-2048,classical,,decapsulate,0.8458,0.0,0.0,0.0,294,1218,256,0,0,0,0,0.0,12.6866,nan,edge/x86_64,,3.12.3,2026-10-09T18:41:15Z
154,RSA-2048,classical,,keygen,71.9076,0.0,0.0,0.0,294,1217,0,0,0,0,0,0.0,1078.6134,nan,edge/x86_64,,3.12.3,2026-10-09T18:41:15Z
154,RSA-2048,classical,,encapsulate,0.0952,0.0,0.0,0.0,294,1217,256,0,0,0,0,0.0,1.4286,nan,edge/x86_64,,3.12.3,2026-10-09T18:41:15Z
154,RSA-2048,classical,,decapsulate,0.8696,0.0,0.0,0.0,294,1217,256,0,0,0,0,0.0,13.0434,nan,edge/x86_64,,3.12.3,2026-10-09T18:41:15Z
155,RSA-2048,classical,,keygen,24.424,0.0,0.0,0.0,294,1217,0,0,0,0,0,0.0,366.36,nan,edge/x86_64,,3.12.3,2026-10-09T18:41:15Z
155,RSA-2048,classical,,encapsulate,0.0918,0.0,0.0,0.0,294,1217,256,0,0,0,0,0.0,1.3771,nan,edge/x86_64,,3.12.3,2026-10-09T18:41:15Z
155,RSA-2048,classical,,decapsulate,0.8324,0.0,0.0,0.0,294,1217,256,0,0,0,0,0.0,12.4857,nan,edge/x86_64,,3.12.3,2026-10-09T18:41:15Z
156,RSA-2048,classical,,keygen,35.7512,0.0,0.0,0.0,294,1217,0,0,0,0,0,0.0,536.2682,nan,edge/x86_64,,3.12.3,2026-10-09T18:41:15Z
156,RSA-2048,classical,,encapsulate,0.0822,0.0,0.0,0.0,294,1217,256,0,0,0,0,0.0,1.233,nan,edge/x86_64,,3.12.3,2026-10-09T18:41:15Z
156,RSA-2048,classical,,decapsulate,0.8651,0.0,0.0,0.0,294,1217,256,0,0,0,0,0.0,12.9759,nan,edge/x86_64,,3.12.3,2026-10-09T18:41:15Z
157,RSA-2048,classical,,keygen,40.3485,0.0,0.0,0.0,294,1217,0,0,0,0,0,0.0,605.2269,nan,edge/x86_64,,3.12.3,2026-10-09T18:41:15Z
157,RSA-2048,classical,,encapsulate,0.1021,0.0,0.0,0.0,294,1217,256,0,0,0,0,0.0,1.5318,nan,edge/x86_64,,3.12.3,2026-10-09T18:41:15Z
157,RSA-2048,classical,,decapsulate,0.8473,0.0,0.0,0.0,294,1217,256,0,0,0,0,0.0,12.7088,nan,edge/x86_64,,3.12.3,2026-10-09T18:41:15Z
158,RSA-2048,classical,,keygen,93.9615,0.0,0.0,0.0,294,1217,0,0,0,0,0,0.0,1409.4231,nan,edge/x86_64,,3.12.3,2026-10-09T18:41:15Z
158,RSA-2048,classical,,encapsulate,0.2248,0.0,0.0,0.0,294,1217,256,0,0,0,0,0.0,3.372,nan,edge/x86_64,,3.12.3,2026-10-09T18:41:15Z
158,RSA-2048,classical,,decapsulate,1.4427,0.0,0.0,0.0,294,1217,256,0,0,0,0,0.0,21.6403,nan,edge/x86_64,,3.12.3,2026-10-09T18:41:15Z
159,RSA-2048,classical,,keygen,114.0783,0.0,0.0,0.0,294,1217,0,0,0,0,0,0.0,1711.1742,nan,edge/x86_64,,3.12.3,2026-10-09T18:41:15Z
159,RSA-2048,classical,,encapsulate,0.1018,0.0,0.0,0.0,294,1217,256,0,0,0,0,0.0,1.5269,nan,edge/x86_64,,3.12.3,2026-10-09T18:41:15Z
159,RSA-2048,classical,,decapsulate,1.0217,0.0,0.0,0.0,294,1217,256,0,0,0,0,0.0,15.325,nan,edge/x86_64,,3.12.3,2026-10-09T18:41:15Z
160,RSA-2048,classical,,keygen,40.6053,0.0,0.0,0.0,294,1218,0,0,0,0,0,0.0,609.0793,nan,edge/x86_64,,3.12.3,2026-10-09T18:41:15Z
160,RSA-2048,classical,,encapsulate,0.1195,0.0,0.0,0.0,294,1218,256,0,0,0,0,0.0,1.7923,nan,edge/x86_64,,3.12.3,2026-10-09T18:41:15Z
160,RSA-2048,classical,,decapsulate,1.7466,0.0,0.0,0.0,294,1218,256,0,0,0,0,0.0,26.199,nan,edge/x86_64,,3.12.3,2026-10-09T18:41:15Z
161,RSA-2048,classical,,keygen,31.9635,0.0,0.0,0.0,294,1216,0,0,0,0,0,0.0,479.453,nan,edge/x86_64,,3.12.3,2026-10-09T18:41:15Z
161,RSA-2048,classical,,encapsulate,0.0909,0.0,0.0,0.0,294,1216,256,0,0,0,0,0.0,1.3633,nan,edge/x86_64,,3.12.3,2026-10-09T18:41:15Z
161,RSA-2048,classical,,decapsulate,0.8844,0.0,0.0,0.0,294,1216,256,0,0,0,0,0.0,13.2661,nan,edge/x86_64,,3.12.3,2026-10-09T18:41:15Z
162,RSA-2048,classical,,keygen,68.261,0.0,0.0,0.0,294,1217,0,0,0,0,0,0.0,1023.915,nan,edge/x86_64,,3.12.3,2026-10-09T18:41:15Z
162,RSA-2048,classical,,encapsulate,0.229,0.0,0.0,0.0,294,1217,256,0,0,0,0,0.0,3.4351,nan,edge/x86_64,,3.12.3,2026-10-09T18:41:15Z
162,RSA-2048,classical,,decapsulate,1.2541,0.0,0.0,0.0,294,1217,256,0,0,0,0,0.0,18.812,nan,edge/x86_64,,3.12.3,2026-10-09T18:41:15Z
163,RSA-2048,classical,,keygen,35.4815,0.0,0.0,0.0,294,1217,0,0,0,0,0,0.0,532.2222,nan,edge/x86_64,,3.12.3,2026-10-09T18:41:15Z
163,RSA-2048,classical,,encapsulate,0.1207,0.0,0.0,0.0,294,1217,256,0,0,0,0,0.0,1.8104,nan,edge/x86_64,,3.12.3,2026-10-09T18:41:15Z
163,RSA-2048,classical,,decapsulate,1.4099,0.0,0.0,0.0,294,1217,256,0,0,0,0,0.0,21.1485,nan,edge/x86_64,,3.12.3,2026-10-09T18:41:15Z
164,RSA-2048,classical,,keygen,71.7843,0.0,0.0,0.0,294,1216,0,0,0,0,0,0.0,1076.7646,nan,edge/x86_64,,3.12.3,2026-10-09T18:41:15Z
164,RSA-2048,classical,,encapsulate,0.1332,0.0,0.0,0.0,294,1216,256,0,0,0,0,0.0,1.9973,nan,edge/x86_64,,3.12.3,2026-10-09T18:41:15Z
164,RSA-2048,classical,,decapsulate,1.131,0.0,0.0,0.0,294,1216,256,0,0,0,0,0.0,16.9649,nan,edge/x86_64,,3.12.3,2026-10-09T18:41:15Z
165,RSA-2048,classical,,keygen,96.0107,0.0,0.0,0.0,294,1217,0,0,0,0,0,0.0,1440.1607,nan,edge/x86_64,,3.12.3,2026-10-09T18:41:15Z
165,RSA-2048,classical,,encapsulate,0.1675,0.0,0.0,0.0,294,1217,256,0,0,0,0,0.0,2.5128,nan,edge/x86_64,,3.12.3,2026-10-09T18:41:15Z
165,RSA-2048,classical,,decapsulate,1.4757,0.0,0.0,0.0,294,1217,256,0,0,0,0,0.0,22.1357,nan,edge/x86_64,,3.12.3,2026-10-09T18:41:15Z
166,RSA-2048,classical,,keygen,49.6139,0.0,0.0,0.0,294,1219,0,0,0,0,0,0.0,744.2083,nan,edge/x86_64,,3.12.3,2026-10-09T18:41:15Z
166,RSA-2048,classical,,encapsulate,0.0987,0.0,0.0,0.0,294,1219,256,0,0,0,0,0.0,1.4812,nan,edge/x86_64,,3.12.3,2026-10-09T18:41:15Z
166,RSA-2048,classical,,decapsulate,0.8484,0.0,0.0,0.0,294,1219,256,0,0,0,0,0.0,12.7256,nan,edge/x86_64,,3.12.3,2026-10-09T18:41:15Z
167,RSA-2048,classical,,keygen,41.2958,0.0,0.0,0.0,294,1217,0,0,0,0,0,0.0,619.4372,nan,edge/x86_64,,3.12.3,2026-10-09T18:41:15Z
167,RSA-2048,classical,,encapsulate,0.1344,0.0,0.0,0.0,294,1217,256,0,0,0,0,0.0,2.0166,nan,edge/x86_64,,3.12.3,2026-10-09T18:41:15Z
167,RSA-2048,classical,,decapsulate,0.8887,0.0,0.0,0.0,294,1217,256,0,0,0,0,0.0,13.33,nan,edge/x86_64,,3.12.3,2026-10-09T18:41:15Z
168,RSA-2048,classical,,keygen,36.83,0.0,0.0,0.0,294,1217,0,0,0,0,0,0.0,552.4507,nan,edge/x86_64,,3.12.3,2026-10-09T18:41:15Z
168,RSA-2048,classical,,encapsulate,0.144,0.0,0.0,0.0,294,1217,256,0,0,0,0,0.0,2.1595,nan,edge/x86_64,,3.12.3,2026-10-09T18:41:15Z
168,RSA-2048,classical,,decapsulate,0.891,0.0,0.0,0.0,294,1217,256,0,0,0,0,0.0,13.3645,nan,edge/x86_64,,3.12.3,2026-10-09T18:41:15Z
169,RSA-2048,classical,,keygen,53.5407,0.0,0.0,0.0,294,1217,0,0,0,0,0,0.0,803.1101,nan,edge/x86_64,,3.12.3,2026-10-09T18:41:15Z
169,RSA-2048,classical,,encapsulate,0.0794,0.0,0.0,0.0,294,1217,256,0,0,0,0,0.0,1.1908,nan,edge/x86_64,,3.12.3,2026-10-09T18:41:15Z
169,RSA-2048,classical,,decapsulate,0.8679,0.0,0.0,0.0,294,1217,256,0,0,0,0,0.0,13.019,nan,edge/x86_64,,3.12.3,2026-10-09T18:41:15Z
170,RSA-2048,classical,,keygen,30.9771,0.0,0.0,0.0,294,1218,0,0,0,0,0,0.0,464.6569,nan,edge/x86_64,,3.12.3,2026-10-09T18:41:15Z
170,RSA-2048,classical,,encapsulate,0.102,0.0,0.0,0.0,294,1218,256,0,0,0,0,0.0,1.5307,nan,edge/x86_64,,3.12.3,2026-10-09T18:41:15Z
170,RSA-2048,classical,,decapsulate,0.8397,0.0,0.0,0.0,294,1218,256,0,0,0,0,0.0,12.5949,nan,edge/x86_64,,3.12.3,2026-10-09T18:41:15Z
171,RSA-2048,classical,,keygen,14.7009,0.0,0.0,0.0,294,1219,0,0,0,0,0,0.0,220.5135,nan,edge/x86_64,,3.12.3,2026-10-09T18:41:15Z
171,RSA-2048,classical,,encapsulate,0.0775,0.0,0.0,0.0,294,1219,256,0,0,0,0,0.0,1.1628,nan,edge/x86_64,,3.12.3,2026-10-09T18:41:15Z
171,RSA-2048,classical,,decapsulate,0.8704,0.0,0.0,0.0,294,1219,256,0,0,0,0,0.0,13.0566,nan,edge/x86_64,,3.12.3,2026-10-09T18:41:15Z
172,RSA-2048,classical,,keygen,28.1836,0.0,0.0,0.0,294,1214,0,0,0,0,0,0.0,422.7537,nan,edge/x86_64,,3.12.3,2026-10-09T18:41:15Z
172,RSA-2048,classical,,encapsulate,0.1011,0.0,0.0,0.0,294,1214,256,0,0,0,0,0.0,1.5168,nan,edge/x86_64,,3.12.3,2026-10-09T18:41:15Z
172,RSA-2048,classical,,decapsulate,0.8388,0.0,0.0,0.0,294,1214,256,0,0,0,0,0.0,12.5818,nan,edge/x86_64,,3.12.3,2026-10-09T18:41:15Z
173,RSA-2048,classical,,keygen,57.785,0.0,0.0,0.0,294,1217,0,0,0,0,0,0.0,866.7754,nan,edge/x86_64,,3.12.3,2026-10-09T18:41:15Z
173,RSA-2048,classical,,encapsulate,0.0818,0.0,0.0,0.0,294,1217,256,0,0,0,0,0.0,1.2269,nan,edge/x86_64,,3.12.3,2026-10-09T18:41:15Z
173,RSA-2048,classical,,decapsulate,0.9515,0.0,0.0,0.0,294,1217,256,0,0,0,0,0.0,14.2727,nan,edge/x86_64,,3.12.3,2026-10-09T18:41:15Z
174,RSA-2048,classical,,keygen,42.6052,0.0,0.0,0.0,294,1217,0,0,0,0,0,0.0,639.0787,nan,edge/x86_64,,3.12.3,2026-10-09T18:41:15Z
174,RSA-2048,classical,,encapsulate,0.125,0.0,0.0,0.0,294,1217,256,0,0,0,0,0.0,1.8757,nan,edge/x86_64,,3.12.3,2026-10-09T18:41:15Z
174,RSA-2048,classical,,decapsulate,0.8919,0.0,0.0,0.0,294,1217,256,0,0,0,0,0.0,13.379,nan,edge/x86_64,,3.12.3,2026-10-09T18:41:15Z
175,RSA-2048,classical,,keygen,97.2413,0.0,0.0,0.0,294,1217,0,0,0,0,0,0.0,1458.6194,nan,edge/x86_64,,3.12.3,2026-10-09T18:41:15Z
175,RSA-2048,classical,,encapsulate,0.1748,0.0,0.0,0.0,294,1217,256,0,0,0,0,0.0,2.6221,nan,edge/x86_64,,3.12.3,2026-10-09T18:41:15Z
175,RSA-2048,classical,,decapsulate,0.9454,0.0,0.0,0.0,294,1217,256,0,0,0,0,0.0,14.1804,nan,edge/x86_64,,3.12.3,2026-10-09T18:41:15Z
176,RSA-2048,classical,,keygen,57.1049,0.0,0.0,0.0,294,1217,0,0,0,0,0,0.0,856.5738,nan,edge/x86_64,,3.12.3,2026-10-09T18:41:15Z
176,RSA-2048,classical,,encapsulate,0.0821,0.0,0.0,0.0,294,1217,256,0,0,0,0,0.0,1.2311,nan,edge/x86_64,,3.12.3,2026-10-09T18:41:15Z
176,RSA-2048,classical,,decapsulate,0.8458,0.0,0.0,0.0,294,1217,256,0,0,0,0,0.0,12.6867,nan,edge/x86_64,,3.12.3,2026-10-09T18:41:15Z
177,RSA-2048,classical,,keygen,75.7233,0.0,0.0,0.0,294,1218,0,0,0,0,0,0.0,1135.8489,nan,edge/x86_64,,3.12.3,2026-10-09T18:41:15Z
177,RSA-2048,classical,,encapsulate,0.1029,0.0,0.0,0.0,294,1218,256,0,0,0,0,0.0,1.543,nan,edge/x86_64,,3.12.3,2026-10-09T18:41:15Z
177,RSA-2048,classical,,decapsulate,0.8225,0.0,0.0,0.0,294,1218,256,0,0,0,0,0.0,12.3381,nan,edge/x86_64,,3.12.3,2026-10-09T18:41:15Z
178,RSA-2048,classical,,keygen,53.3876,0.0,0.0,0.0,294,1218,0,0,0,0,0,0.0,800.8139,nan,edge/x86_64,,3.12.3,2026-10-09T18:41:15Z
178,RSA-2048,classical,,encapsulate,0.0794,0.0,0.0,0.0,294,1218,256,0,0,0,0,0.0,1.1903,nan,edge/x86_64,,3.12.3,2026-10-09T18:41:15Z
178,RSA-2048,classical,,decapsulate,0.8277,0.0,0.0,0.0,294,1218,256,0,0,0,0,0.0,12.416,nan,edge/x86_64,,3.12.3,2026-10-09T18:41:15Z
179,RSA-2048,classical,,keygen,42.5368,0.0,0.0,0.0,294,1217,0,0,0,0,0,0.0,638.0526,nan,edge/x86_64,,3.12.3,2026-10-09T18:41:15Z
179,RSA-2048,classical,,encapsulate,0.0994,0.0,0.0,0.0,294,1217,256,0,0,0,0,0.0,1.4904,nan,edge/x86_64,,3.12.3,2026-10-09T18:41:15Z
179,RSA-2048,classical,,decapsulate,0.8827,0.0,0.0,0.0,294,1217,256,0,0,0,0,0.0,13.2411,nan,edge/x86_64,,3.12.3,2026-10-09T18:41:15Z
180,RSA-2048,classical,,keygen,27.9701,0.0,0.0,0.0,294,1216,0,0,0,0,0,0.0,419.5509,nan,edge/x86_64,,3.12.3,2026-10-09T18:41:15Z
180,RSA-2048,classical,,encapsulate,0.0816,0.0,0.0,0.0,294,1216,256,0,0,0,0,0.0,1.2237,nan,edge/x86_64,,3.12.3,2026-10-09T18:41:15Z
180,RSA-2048,classical,,decapsulate,0.9623,0.0,0.0,0.0,294,1216,256,0,0,0,0,0.0,14.4345,nan,edge/x86_64,,3.12.3,2026-10-09T18:41:15Z
181,RSA-2048,classical,,keygen,31.0157,0.0,0.0,0.0,294,1218,0,0,0,0,0,0.0,465.2352,nan,edge/x86_64,,3.12.3,2026-10-09T18:41:15Z
181,RSA-2048,classical,,encapsulate,0.0827,0.0,0.0,0.0,294,1218,256,0,0,0,0,0.0,1.2409,nan,edge/x86_64,,3.12.3,2026-10-09T18:41:15Z
181,RSA-2048,classical,,decapsulate,0.8302,0.0,0.0,0.0,294,1218,256,0,0,0,0,0.0,12.4537,nan,edge/x86_64,,3.12.3,2026-10-09T18:41:15Z
182,RSA-2048,classical,,keygen,28.5447,0.0,0.0,0.0,294,1217,0,0,0,0,0,0.0,428.1712,nan,edge/x86_64,,3.12.3,2026-10-09T18:41:15Z
182,RSA-2048,classical,,encapsulate,0.0883,0.0,0.0,0.0,294,1217,256,0,0,0,0,0.0,1.3243,nan,edge/x86_64,,3.12.3,2026-10-09T18:41:15Z
182,RSA-2048,classical,,decapsulate,0.948,0.0,0.0,0.0,294,1217,256,0,0,0,0,0.0,14.2193,nan,edge/x86_64,,3.12.3,2026-10-09T18:41:15Z
183,RSA-2048,classical,,keygen,18.5398,0.0,0.0,0.0,294,1218,0,0,0,0,0,0.0,278.0965,nan,edge/x86_64,,3.12.3,2026-10-09T18:41:15Z
183,RSA-2048,classical,,encapsulate,0.0791,0.0,0.0,0.0,294,1218,256,0,0,0,0,0.0,1.1862,nan,edge/x86_64,,3.12.3,2026-10-09T18:41:15Z
183,RSA-2048,classical,,decapsulate,0.8416,0.0,0.0,0.0,294,1218,256,0,0,0,0,0.0,12.6243,nan,edge/x86_64,,3.12.3,2026-10-09T18:41:15Z
184,RSA-2048,classical,,keygen,32.4024,0.0,0.0,0.0,294,1216,0,0,0,0,0,0.0,486.0358,nan,edge/x86_64,,3.12.3,2026-10-09T18:41:15Z
184,RSA-2048,classical,,encapsulate,0.0757,0.0,0.0,0.0,294,1216,256,0,0,0,0,0.0,1.1359,nan,edge/x86_64,,3.12.3,2026-10-09T18:41:15Z
184,RSA-2048,classical,,decapsulate,0.8222,0.0,0.0,0.0,294,1216,256,0,0,0,0,0.0,12.333,nan,edge/x86_64,,3.12.3,2026-10-09T18:41:15Z
185,RSA-2048,classical,,keygen,32.1685,0.0,0.0,0.0,294,1216,0,0,0,0,0,0.0,482.5276,nan,edge/x86_64,,3.12.3,2026-10-09T18:41:15Z
185,RSA-2048,classical,,encapsulate,0.0762,0.0,0.0,0.0,294,1216,256,0,0,0,0,0.0,1.1433,nan,edge/x86_64,,3.12.3,2026-10-09T18:41:15Z
185,RSA-2048,classical,,decapsulate,0.8326,0.0,0.0,0.0,294,1216,256,0,0,0,0,0.0,12.4893,nan,edge/x86_64,,3.12.3,2026-10-09T18:41:15Z
186,RSA-2048,classical,,keygen,77.4189,0.0,0.0,0.0,294,1218,0,0,0,0,0,0.0,1161.2831,nan,edge/x86_64,,3.12.3,2026-10-09T18:41:15Z
186,RSA-2048,classical,,encapsulate,0.0829,0.0,0.0,0.0,294,1218,256,0,0,0,0,0.0,1.2439,nan,edge/x86_64,,3.12.3,2026-10-09T18:41:15Z
186,RSA-2048,classical,,decapsulate,0.8112,0.0,0.0,0.0,294,1218,256,0,0,0,0,0.0,12.1685,nan,edge/x86_64,,3.12.3,2026-10-09T18:41:15Z
187,RSA-2048,classical,,keygen,51.9601,0.0,0.0,0.0,294,1217,0,0,0,0,0,0.0,779.4009,nan,edge/x86_64,,3.12.3,2026-10-09T18:41:15Z
187,RSA-2048,classical,,encapsulate,0.085,0.0,0.0,0.0,294,1217,256,0,0,0,0,0.0,1.2744,nan,edge/x86_64,,3.12.3,2026-10-09T18:41:15Z
187,RSA-2048,classical,,decapsulate,0.8048,0.0,0.0,0.0,294,1217,256,0,0,0,0,0.0,12.0725,nan,edge/x86_64,,3.12.3,2026-10-09T18:41:15Z
188,RSA-2048,classical,,keygen,28.2818,0.0,0.0,0.0,294,1218,0,0,0,0,0,0.0,424.2275,nan,edge/x86_64,,3.12.3,2026-10-09T18:41:15Z
188,RSA-2048,classical,,encapsulate,0.0833,0.0,0.0,0.0,294,1218,256,0,0,0,0,0.0,1.2493,nan,edge/x86_64,,3.12.3,2026-10-09T18:41:15Z
188,RSA-2048,classical,,decapsulate,0.8212,0.0,0.0,0.0,294,1218,256,0,0,0,0,0.0,12.3175,nan,edge/x86_64,,3.12.3,2026-10-09T18:41:15Z
189,RSA-2048,classical,,keygen,7.4573,0.0,0.0,0.0,294,1218,0,0,0,0,0,0.0,111.8593,nan,edge/x86_64,,3.12.3,2026-10-09T18:41:15Z
189,RSA-2048,classical,,encapsulate,0.0569,0.0,0.0,0.0,294,1218,256,0,0,0,0,0.0,0.8536,nan,edge/x86_64,,3.12.3,2026-10-09T18:41:15Z
189,RSA-2048,classical,,decapsulate,0.8322,0.0,0.0,0.0,294,1218,256,0,0,0,0,0.0,12.4836,nan,edge/x86_64,,3.12.3,2026-10-09T18:41:15Z
190,RSA-2048,classical,,keygen,50.1115,0.0,0.0,0.0,294,1216,0,0,0,0,0,0.0,751.673,nan,edge/x86_64,,3.12.3,2026-10-09T18:41:15Z
190,RSA-2048,classical,,encapsulate,0.0775,0.0,0.0,0.0,294,1216,256,0,0,0,0,0.0,1.1627,nan,edge/x86_64,,3.12.3,2026-10-09T18:41:15Z
190,RSA-2048,classical,,decapsulate,0.8138,0.0,0.0,0.0,294,1216,256,0,0,0,0,0.0,12.2075,nan,edge/x86_64,,3.12.3,2026-10-09T18:41:15Z
191,RSA-2048,classical,,keygen,39.4753,0.0,0.0,0.0,294,1218,0,0,0,0,0,0.0,592.1295,nan,edge/x86_64,,3.12.3,2026-10-09T18:41:15Z
191,RSA-2048,classical,,encapsulate,0.1459,0.0,0.0,0.0,294,1218,256,0,0,0,0,0.0,2.1892,nan,edge/x86_64,,3.12.3,2026-10-09T18:41:15Z
191,RSA-2048,classical,,decapsulate,0.8513,0.0,0.0,0.0,294,1218,256,0,0,0,0,0.0,12.769,nan,edge/x86_64,,3.12.3,2026-10-09T18:41:15Z
192,RSA-2048,classical,,keygen,18.1094,0.0,0.0,0.0,294,1218,0,0,0,0,0,0.0,271.6406,nan,edge/x86_64,,3.12.3,2026-10-09T18:41:15Z
192,RSA-2048,classical,,encapsulate,0.0698,0.0,0.0,0.0,294,1218,256,0,0,0,0,0.0,1.0467,nan,edge/x86_64,,3.12.3,2026-10-09T18:41:15Z
192,RSA-2048,classical,,decapsulate,0.8359,0.0,0.0,0.0,294,1218,256,0,0,0,0,0.0,12.5378,nan,edge/x86_64,,3.12.3,2026-10-09T18:41:15Z
193,RSA-2048,classical,,keygen,38.4197,0.0,0.0,0.0,294,1217,0,0,0,0,0,0.0,576.2948,nan,edge/x86_64,,3.12.3,2026-10-09T18:41:15Z
193,RSA-2048,classical,,encapsulate,0.0886,0.0,0.0,0.0,294,1217,256,0,0,0,0,0.0,1.3284,nan,edge/x86_64,,3.12.3,2026-10-09T18:41:15Z
193,RSA-2048,classical,,decapsulate,0.8419,0.0,0.0,0.0,294,1217,256,0,0,0,0,0.0,12.6281,nan,edge/x86_64,,3.12.3,2026-10-09T18:41:15Z
194,RSA-2048,classical,,keygen,49.3714,0.0,0.0,0.0,294,1218,0,0,0,0,0,0.0,740.5713,nan,edge/x86_64,,3.12.3,2026-10-09T18:41:15Z
194,RSA-2048,classical,,encapsulate,0.0796,0.0,0.0,0.0,294,1218,256,0,0,0,0,0.0,1.1945,nan,edge/x86_64,,3.12.3,2026-10-09T18:41:15Z
194,RSA-2048,classical,,decapsulate,0.8334,0.0,0.0,0.0,294,1218,256,0,0,0,0,0.0,12.5012,nan,edge/x86_64,,3.12.3,2026-10-09T18:41:15Z
195,RSA-2048,classical,,keygen,31.9625,0.0,0.0,0.0,294,1216,0,0,0,0,0,0.0,479.438,nan,edge/x86_64,,3.12.3,2026-10-09T18:41:15Z
195,RSA-2048,classical,,encapsulate,0.0739,0.0,0.0,0.0,294,1216,256,0,0,0,0,0.0,1.1089,nan,edge/x86_64,,3.12.3,2026-10-09T18:41:15Z
195,RSA-2048,classical,,decapsulate,0.9061,0.0,0.0,0.0,294,1216,256,0,0,0,0,0.0,13.5914,nan,edge/x86_64,,3.12.3,2026-10-09T18:41:15Z
196,RSA-2048,classical,,keygen,36.533,0.0,0.0,0.0,294,1218,0,0,0,0,0,0.0,547.9943,nan,edge/x86_64,,3.12.3,2026-10-09T18:41:15Z
196,RSA-2048,classical,,encapsulate,0.0904,0.0,0.0,0.0,294,1218,256,0,0,0,0,0.0,1.3566,nan,edge/x86_64,,3.12.3,2026-10-09T18:41:15Z
196,RSA-2048,classical,,decapsulate,0.8465,0.0,0.0,0.0,294,1218,256,0,0,0,0,0.0,12.6975,nan,edge/x86_64,,3.12.3,2026-10-09T18:41:15Z
197,RSA-2048,classical,,keygen,42.911,0.0,0.0,0.0,294,1216,0,0,0,0,0,0.0,643.6648,nan,edge/x86_64,,3.12.3,2026-10-09T18:41:15Z
197,RSA-2048,classical,,encapsulate,0.0831,0.0,0.0,0.0,294,1216,256,0,0,0,0,0.0,1.2464,nan,edge/x86_64,,3.12.3,2026-10-09T18:41:15Z
197,RSA-2048,classical,,decapsulate,0.8332,0.0,0.0,0.0,294,1216,256,0,0,0,0,0.0,12.4985,nan,edge/x86_64,,3.12.3,2026-10-09T18:41:15Z
198,RSA-2048,classical,,keygen,77.6959,0.0,0.0,0.0,294,1218,0,0,0,0,0,0.0,1165.438,nan,edge/x86_64,,3.12.3,2026-10-09T18:41:15Z
198,RSA-2048,classical,,encapsulate,0.0722,0.0,0.0,0.0,294,1218,256,0,0,0,0,0.0,1.0835,nan,edge/x86_64,,3.12.3,2026-10-09T18:41:15Z
198,RSA-2048,classical,,decapsulate,0.8249,0.0,0.0,0.0,294,1218,256,0,0,0,0,0.0,12.3735,nan,edge/x86_64,,3.12.3,2026-10-09T18:41:15Z
199,RSA-2048,classical,,keygen,37.1491,0.0,0.0,0.0,294,1218,0,0,0,0,0,0.0,557.2359,nan,edge/x86_64,,3.12.3,2026-10-09T18:41:15Z
199,RSA-2048,classical,,encapsulate,0.1116,0.0,0.0,0.0,294,1218,256,0,0,0,0,0.0,1.6743,nan,edge/x86_64,,3.12.3,2026-10-09T18:41:15Z
199,RSA-2048,classical,,decapsulate,0.8325,0.0,0.0,0.0,294,1218,256,0,0,0,0,0.0,12.4869,nan,edge/x86_64,,3.12.3,2026-10-09T18:41:15Z
0,RSA-4096,classical,,keygen,1341.9042,0.0,0.0,0.0,550,2374,0,0,0,0,0,0.0,20128.5631,nan,edge/x86_64,,3.12.3,2026-10-09T18:41:25Z
0,RSA-4096,classical,,encapsulate,0.1639,0.0,0.0,0.0,550,2374,512,0,0,0,0,0.0,2.458,nan,edge/x86_64,,3.12.3,2026-10-09T18:41:25Z
0,RSA-4096,classical,,decapsulate,4.4295,0.0,0.0,0.0,550,2374,512,0,0,0,0,0.0,66.4423,nan,edge/x86_64,,3.12.3,2026-10-09T18:41:25Z
1,RSA-4096,classical,,keygen,544.7265,0.0,0.0,0.0,550,2374,0,0,0,0,0,0.0,8170.8982,nan,edge/x86_64,,3.12.3,2026-10-09T18:41:25Z
1,RSA-4096,classical,,encapsulate,0.2026,0.0,0.0,0.0,550,2374,512,0,0,0,0,0.0,3.0389,nan,edge/x86_64,,3.12.3,2026-10-09T18:41:25Z
1,RSA-4096,classical,,decapsulate,8.7965,0.0,0.0,0.0,550,2374,512,0,0,0,0,0.0,131.9478,nan,edge/x86_64,,3.12.3,2026-10-09T18:41:25Z
2,RSA-4096,classical,,keygen,982.1293,0.0,0.0,0.0,550,2374,0,0,0,0,0,0.0,14731.9392,nan,edge/x86_64,,3.12.3,2026-10-09T18:41:25Z
2,RSA-4096,classical,,encapsulate,0.1328,0.0,0.0,0.0,550,2374,512,0,0,0,0,0.0,1.9919,nan,edge/x86_64,,3.12.3,2026-10-09T18:41:25Z
2,RSA-4096,classical,,decapsulate,4.619,0.0,0.0,0.0,550,2374,512,0,0,0,0,0.0,69.2854,nan,edge/x86_64,,3.12.3,2026-10-09T18:41:25Z
3,RSA-4096,classical,,keygen,814.1831,0.0,0.0,0.0,550,2374,0,0,0,0,0,0.0,12212.7458,nan,edge/x86_64,,3.12.3,2026-10-09T18:41:25Z
3,RSA-4096,classical,,encapsulate,0.1328,0.0,0.0,0.0,550,2374,512,0,0,0,0,0.0,1.9924,nan,edge/x86_64,,3.12.3,2026-10-09T18:41:25Z
3,RSA-4096,classical,,decapsulate,4.4236,0.0,0.0,0.0,550,2374,512,0,0,0,0,0.0,66.3538,nan,edge/x86_64,,3.12.3,2026-10-09T18:41:25Z
4,RSA-4096,classical,,keygen,401.8491,0.0,0.0,0.0,550,2374,0,0,0,0,0,0.0,6027.7364,nan,edge/x86_64,,3.12.3,2026-10-09T18:41:25Z
4,RSA-4096,classical,,encapsulate,0.1498,0.0,0.0,0.0,550,2374,512,0,0,0,0,0.0,2.2467,nan,edge/x86_64,,3.12.3,2026-10-09T18:41:25Z
4,RSA-4096,classical,,decapsulate,4.4765,0.0,0.0,0.0,550,2374,512,0,0,0,0,0.0,67.1481,nan,edge/x86_64,,3.12.3,2026-10-09T18:41:25Z
5,RSA-4096,classical,,keygen,191.0813,0.0,0.0,0.0,550,2373,0,0,0,0,0,0.0,2866.2197,nan,edge/x86_64,,3.12.3,2026-10-09T18:41:25Z
5,RSA-4096,classical,,encapsulate,0.1329,0.0,0.0,0.0,550,2373,512,0,0,0,0,0.0,1.9938,nan,edge/x86_64,,3.12.3,2026-10-09T18:41:25Z
5,RSA-4096,classical,,decapsulate,4.5048,0.0,0.0,0.0,550,2373,512,0,0,0,0,0.0,67.5724,nan,edge/x86_64,,3.12.3,2026-10-09T18:41:25Z
6,RSA-4096,classical,,keygen,371.4208,0.0,0.0,0.0,550,2374,0,0,0,0,0,0.0,5571.3118,nan,edge/x86_64,,3.12.3,2026-10-09T18:41:25Z
6,RSA-4096,classical,,encapsulate,0.1316,0.0,0.0,0.0,550,2374,512,0,0,0,0,0.0,1.9744,nan,edge/x86_64,,3.12.3,2026-10-09T18:41:25Z
6,RSA-4096,classical,,decapsulate,4.4165,0.0,0.0,0.0,550,2374,512,0,0,0,0,0.0,66.247,nan,edge/x86_64,,3.12.3,2026-10-09T18:41:25Z
7,RSA-4096,classical,,keygen,934.244,0.0,0.0,0.0,550,2375,0,0,0,0,0,0.0,14013.6605,nan,edge/x86_64,,3.12.3,2026-10-09T18:41:25Z
7,RSA-4096,classical,,encapsulate,0.1289,0.0,0.0,0.0,550,2375,512,0,0,0,0,0.0,1.9332,nan,edge/x86_64,,3.12.3,2026-10-09T18:41:25Z
7,RSA-4096,classical,,decapsulate,4.4858,0.0,0.0,0.0,550,2375,512,0,0,0,0,0.0,67.2866,nan,edge/x86_64,,3.12.3,2026-10-09T18:41:25Z
8,RSA-4096,classical,,keygen,324.7982,0.0,0.0,0.0,550,2374,0,0,0,0,0,0.0,4871.9736,nan,edge/x86_64,,3.12.3,2026-10-09T18:41:25Z
8,RSA-4096,classical,,encapsulate,0.1667,0.0,0.0,0.0,550,2374,512,0,0,0,0,0.0,2.5006,nan,edge/x86_64,,3.12.3,2026-10-09T18:41:25Z
8,RSA-4096,classical,,decapsulate,5.785,0.0,0.0,0.0,550,2374,512,0,0,0,0,0.0,86.7748,nan,edge/x86_64,,3.12.3,2026-10-09T18:41:25Z
9,RSA-4096,classical,,keygen,788.0127,0.0,0.0,0.0,550,2375,0,0,0,0,0,0.0,11820.1908,nan,edge/x86_64,,3.12.3,2026-10-09T18:41:25Z
9,RSA-4096,classical,,encapsulate,0.1312,0.0,0.0,0.0,550,2375,512,0,0,0,0,0.0,1.9675,nan,edge/x86_64,,3.12.3,2026-10-09T18:41:25Z
9,RSA-4096,classical,,decapsulate,4.5506,0.0,0.0,0.0,550,2375,512,0,0,0,0,0.0,68.2593,nan,edge/x86_64,,3.12.3,2026-10-09T18:41:25Z
10,RSA-4096,classical,,keygen,671.853,0.0,0.0,0.0,550,2375,0,0,0,0,0,0.0,10077.7952,nan,edge/x86_64,,3.12.3,2026-10-09T18:41:25Z
10,RSA-4096,classical,,encapsulate,0.1418,0.0,0.0,0.0,550,2375,512,0,0,0,0,0.0,2.1264,nan,edge/x86_64,,3.12.3,2026-10-09T18:41:25Z
10,RSA-4096,classical,,decapsulate,4.4506,0.0,0.0,0.0,550,2375,512,0,0,0,0,0.0,66.7591,nan,edge/x86_64,,3.12.3,2026-10-09T18:41:25Z
11,RSA-4096,classical,,keygen,202.2637,0.0,0.0,0.0,550,2373,0,0,0,0,0,0.0,3033.9548,nan,edge/x86_64,,3.12.3,2026-10-09T18:41:25Z
11,RSA-4096,classical,,encapsulate,0.1416,0.0,0.0,0.0,550,2373,512,0,0,0,0,0.0,2.1233,nan,edge/x86_64,,3.12.3,2026-10-09T18:41:25Z
11,RSA-4096,classical,,decapsulate,4.3041,0.0,0.0,0.0,550,2373,512,0,0,0,0,0.0,64.561,nan,edge/x86_64,,3.12.3,2026-10-09T18:41:25Z
12,RSA-4096,classical,,keygen,1158.9795,0.0,0.0,0.0,550,2374,0,0,0,0,0,0.0,17384.6928,nan,edge/x86_64,,3.12.3,2026-10-09T18:41:25Z
12,RSA-4096,classical,,encapsulate,0.1462,0.0,0.0,0.0,550,2374,512,0,0,0,0,0.0,2.1927,nan,edge/x86_64,,3.12.3,2026-10-09T18:41:25Z
12,RSA-4096,classical,,decapsulate,4.3946,0.0,0.0,0.0,550,2374,512,0,0,0,0,0.0,65.9188,nan,edge/x86_64,,3.12.3,2026-10-09T18:41:25Z
13,RSA-4096,classical,,keygen,171.3994,0.0,0.0,0.0,550,2375,0,0,0,0,0,0.0,2570.9912,nan,edge/x86_64,,3.12.3,2026-10-09T18:41:25Z
13,RSA-4096,classical,,encapsulate,0.1334,0.0,0.0,0.0,550,2375,512,0,0,0,0,0.0,2.0013,nan,edge/x86_64,,3.12.3,2026-10-09T18:41:25Z
13,RSA-4096,classical,,decapsulate,4.4773,0.0,0.0,0.0,550,2375,512,0,0,0,0,0.0,67.1599,nan,edge/x86_64,,3.12.3,2026-10-09T18:41:25Z
14,RSA-4096,classical,,keygen,278.5101,0.0,0.0,0.0,550,2376,0,0,0,0,0,0.0,4177.652,nan,edge/x86_64,,3.12.3,2026-10-09T18:41:25Z
14,RSA-4096,classical,,encapsulate,0.137,0.0,0.0,0.0,550,2376,512,0,0,0,0,0.0,2.0552,nan,edge/x86_64,,3.12.3,2026-10-09T18:41:25Z
14,RSA-4096,classical,,decapsulate,4.3973,0.0,0.0,0.0,550,2376,512,0,0,0,0,0.0,65.9593,nan,edge/x86_64,,3.12.3,2026-10-09T18:41:25Z
15,RSA-4096,classical,,keygen,65.5906,0.0,0.0,0.0,550,2374,0,0,0,0,0,0.0,983.8597,nan,edge/x86_64,,3.12.3,2026-10-09T18:41:25Z
15,RSA-4096,classical,,encapsulate,0.1292,0.0,0.0,0.0,550,2374,512,0,0,0,0,0.0,1.9387,nan,edge/x86_64,,3.12.3,2026-10-09T18:41:25Z
15,RSA-4096,classical,,decapsulate,4.5871,0.0,0.0,0.0,550,2374,512,0,0,0,0,0.0,68.8069,nan,edge/x86_64,,3.12.3,2026-10-09T18:41:25Z
16,RSA-4096,classical,,keygen,953.7365,0.0,0.0,0.0,550,2375,0,0,0,0,0,0.0,14306.047,nan,edge/x86_64,,3.12.3,2026-10-09T18:41:25Z
16,RSA-4096,classical,,encapsulate,0.156,0.0,0.0,0.0,550,2375,512,0,0,0,0,0.0,2.3406,nan,edge/x86_64,,3.12.3,2026-10-09T18:41:25Z
16,RSA-4096,classical,,decapsulate,4.2511,0.0,0.0,0.0,550,2375,512,0,0,0,0,0.0,63.7669,nan,edge/x86_64,,3.12.3,2026-10-09T18:41:25Z
17,RSA-4096,classical,,keygen,132.4893,0.0,0.0,0.0,550,2375,0,0,0,0,0,0.0,1987.339,nan,edge/x86_64,,3.12.3,2026-10-09T18:41:25Z
17,RSA-4096,classical,,encapsulate,0.1445,0.0,0.0,0.0,550,2375,512,0,0,0,0,0.0,2.1676,nan,edge/x86_64,,3.12.3,2026-10-09T18:41:25Z
17,RSA-4096,classical,,decapsulate,4.2876,0.0,0.0,0.0,550,2375,512,0,0,0,0,0.0,64.3133,nan,edge/x86_64,,3.12.3,2026-10-09T18:41:25Z
18,RSA-4096,classical,,keygen,866.6834,0.0,0.0,0.0,550,2375,0,0,0,0,0,0.0,13000.2514,nan,edge/x86_64,,3.12.3,2026-10-09T18:41:25Z
18,RSA-4096,classical,,encapsulate,0.1421,0.0,0.0,0.0,550,2375,512,0,0,0,0,0.0,2.1311,nan,edge/x86_64,,3.12.3,2026-10-09T18:41:25Z
18,RSA-4096,classical,,decapsulate,4.2621,0.0,0.0,0.0,550,2375,512,0,0,0,0,0.0,63.9319,nan,edge/x86_64,,3.12.3,2026-10-09T18:41:25Z
19,RSA-4096,classical,,keygen,478.4596,0.0,0.0,0.0,550,2374,0,0,0,0,0,0.0,7176.8933,nan,edge/x86_64,,3.12.3,2026-10-09T18:41:25Z
19,RSA-4096,classical,,encapsulate,0.1586,0.0,0.0,0.0,550,2374,512,0,0,0,0,0.0,2.3786,nan,edge/x86_64,,3.12.3,2026-10-09T18:41:25Z
19,RSA-4096,classical,,decapsulate,4.351,0.0,0.0,0.0,550,2374,512,0,0,0,0,0.0,65.2649,nan,edge/x86_64,,3.12.3,2026-10-09T18:41:25Z
20,RSA-4096,classical,,keygen,1083.2901,0.0,0.0,0.0,550,2373,0,0,0,0,0,0.0,16249.3509,nan,edge/x86_64,,3.12.3,2026-10-09T18:41:25Z
20,RSA-4096,classical,,encapsulate,0.1267,0.0,0.0,0.0,550,2373,512,0,0,0,0,0.0,1.8998,nan,edge/x86_64,,3.12.3,2026-10-09T18:41:25Z
20,RSA-4096,classical,,decapsulate,4.3519,0.0,0.0,0.0,550,2373,512,0,0,0,0,0.0,65.2785,nan,edge/x86_64,,3.12.3,2026-10-09T18:41:25Z
21,RSA-4096,classical,,keygen,408.3905,0.0,0.0,0.0,550,2375,0,0,0,0,0,0.0,6125.8581,nan,edge/x86_64,,3.12.3,2026-10-09T18:41:25Z
21,RSA-4096,classical,,encapsulate,0.1379,0.0,0.0,0.0,550,2375,512,0,0,0,0,0.0,2.0686,nan,edge/x86_64,,3.12.3,2026-10-09T18:41:25Z
21,RSA-4096,classical,,decapsulate,4.2714,0.0,0.0,0.0,550,2375,512,0,0,0,0,0.0,64.0711,nan,edge/x86_64,,3.12.3,2026-10-09T18:41:25Z
22,RSA-4096,classical,,keygen,352.0029,0.0,0.0,0.0,550,2373,0,0,0,0,0,0.0,5280.0433,nan,edge/x86_64,,3.12.3,2026-10-09T18:41:25Z
22,RSA-4096,classical,,encapsulate,0.1278,0.0,0.0,0.0,550,2373,512,0,0,0,0,0.0,1.9169,nan,edge/x86_64,,3.12.3,2026-10-09T18:41:25Z
22,RSA-4096,classical,,decapsulate,4.2585,0.0,0.0,0.0,550,2373,512,0,0,0,0,0.0,63.8781,nan,edge/x86_64,,3.12.3,2026-10-09T18:41:25Z
23,RSA-4096,classical,,keygen,841.0478,0.0,0.0,0.0,550,2373,0,0,0,0,0,0.0,12615.7167,nan,edge/x86_64,,3.12.3,2026-10-09T18:41:25Z
23,RSA-4096,classical,,encapsulate,0.1453,0.0,0.0,0.0,550,2373,512,0,0,0,0,0.0,2.1797,nan,edge/x86_64,,3.12.3,2026-10-09T18:41:25Z
23,RSA-4096,classical,,decapsulate,4.4165,0.0,0.0,0.0,550,2373,512,0,0,0,0,0.0,66.2477,nan,edge/x86_64,,3.12.3,2026-10-09T18:41:25Z
24,RSA-4096,classical,,keygen,172.8623,0.0,0.0,0.0,550,2376,0,0,0,0,0,0.0,2592.9342,nan,edge/x86_64,,3.12.3,2026-10-09T18:41:25Z
24,RSA-4096,classical,,encapsulate,0.1512,0.0,0.0,0.0,550,2376,512,0,0,0,0,0.0,2.268,nan,edge/x86_64,,3.12.3,2026-10-09T18:41:25Z
24,RSA-4096,classical,,decapsulate,4.2452,0.0,0.0,0.0,550,2376,512,0,0,0,0,0.0,63.6777,nan,edge/x86_64,,3.12.3,2026-10-09T18:41:25Z
25,RSA-4096,classical,,keygen,221.1429,0.0,0.0,0.0,550,2373,0,0,0,0,0,0.0,3317.1432,nan,edge/x86_64,,3.12.3,2026-10-09T18:41:25Z
25,RSA-4096,classical,,encapsulate,0.2744,0.0,0.0,0.0,550,2373,512,0,0,0,0,0.0,4.1159,nan,edge/x86_64,,3.12.3,2026-10-09T18:41:25Z
25,RSA-4096,classical,,decapsulate,8.2847,0.0,0.0,0.0,550,2373,512,0,0,0,0,0.0,124.2711,nan,edge/x86_64,,3.12.3,2026-10-09T18:41:25Z
26,RSA-4096,classical,,keygen,224.1553,0.0,0.0,0.0,550,2375,0,0,0,0,0,0.0,3362.3295,nan,edge/x86_64,,3.12.3,2026-10-09T18:41:25Z
26,RSA-4096,classical,,encapsulate,0.1568,0.0,0.0,0.0,550,2375,512,0,0,0,0,0.0,2.3513,nan,edge/x86_64,,3.12.3,2026-10-09T18:41:25Z
26,RSA-4096,classical,,decapsulate,4.6209,0.0,0.0,0.0,550,2375,512,0,0,0,0,0.0,69.3136,nan,edge/x86_64,,3.12.3,2026-10-09T18:41:25Z
27,RSA-4096,classical,,keygen,659.6479,0.0,0.0,0.0,550,2375,0,0,0,0,0,0.0,9894.7187,nan,edge/x86_64,,3.12.3,2026-10-09T18:41:25Z
27,RSA-4096,classical,,encapsulate,0.123,0.0,0.0,0.0,550,2375,512,0,0,0,0,0.0,1.8454,nan,edge/x86_64,,3.12.3,2026-10-09T18:41:25Z
27,RSA-4096,classical,,decapsulate,4.385,0.0,0.0,0.0,550,2375,512,0,0,0,0,0.0,65.7753,nan,edge/x86_64,,3.12.3,2026-10-09T18:41:25Z
28,RSA-4096,classical,,keygen,865.9701,0.0,0.0,0.0,550,2374,0,0,0,0,0,0.0,12989.551,nan,edge/x86_64,,3.12.3,2026-10-09T18:41:25Z
28,RSA-4096,classical,,encapsulate,0.2026,0.0,0.0,0.0,550,2374,512,0,0,0,0,0.0,3.0397,nan,edge/x86_64,,3.12.3,2026-10-09T18:41:25Z
28,RSA-4096,classical,,decapsulate,8.26,0.0,0.0,0.0,550,2374,512,0,0,0,0,0.0,123.8997,nan,edge/x86_64,,3.12.3,2026-10-09T18:41:25Z
29,RSA-4096,classical,,keygen,328.5957,0.0,0.0,0.0,550,2376,0,0,0,0,0,0.0,4928.9352,nan,edge/x86_64,,3.12.3,2026-10-09T18:41:25Z
29,RSA-4096,classical,,encapsulate,0.215,0.0,0.0,0.0,550,2376,512,0,0,0,0,0.0,3.2255,nan,edge/x86_64,,3.12.3,2026-10-09T18:41:25Z
29,RSA-4096,classical,,decapsulate,4.2504,0.0,0.0,0.0,550,2376,512,0,0,0,0,0.0,63.7553,nan,edge/x86_64,,3.12.3,2026-10-09T18:41:25Z
30,RSA-4096,classical,,keygen,507.8005,0.0,0.0,0.0,550,2373,0,0,0,0,0,0.0,7617.0082,nan,edge/x86_64,,3.12.3,2026-10-09T18:41:25Z
30,RSA-4096,classical,,encapsulate,0.1915,0.0,0.0,0.0,550,2373,512,0,0,0,0,0.0,2.8728,nan,edge/x86_64,,3.12.3,2026-10-09T18:41:25Z
30,RSA-4096,classical,,decapsulate,5.0125,0.0,0.0,0.0,550,2373,512,0,0,0,0,0.0,75.1873,nan,edge/x86_64,,3.12.3,2026-10-09T18:41:25Z
31,RSA-4096,classical,,keygen,253.5527,0.0,0.0,0.0,550,2374,0,0,0,0,0,0.0,3803.2905,nan,edge/x86_64,,3.12.3,2026-10-09T18:41:25Z
31,RSA-4096,classical,,encapsulate,0.128,0.0,0.0,0.0,550,2374,512,0,0,0,0,0.0,1.9197,nan,edge/x86_64,,3.12.3,2026-10-09T18:41:25Z
31,RSA-4096,classical,,decapsulate,4.3347,0.0,0.0,0.0,550,2374,512,0,0,0,0,0.0,65.0205,nan,edge/x86_64,,3.12.3,2026-10-09T18:41:25Z
32,RSA-4096,classical,,keygen,650.0779,0.0,0.0,0.0,550,2374,0,0,0,0,0,0.0,9751.1684,nan,edge/x86_64,,3.12.3,2026-10-09T18:41:25Z
32,RSA-4096,classical,,encapsulate,0.1237,0.0,0.0,0.0,550,2374,512,0,0,0,0,0.0,1.8548,nan,edge/x86_64,,3.12.3,2026-10-09T18:41:25Z
32,RSA-4096,classical,,decapsulate,4.3086,0.0,0.0,0.0,550,2374,512,0,0,0,0,0.0,64.629,nan,edge/x86_64,,3.12.3,2026-10-09T18:41:25Z
33,RSA-4096,classical,,keygen,346.1622,0.0,0.0,0.0,550,2373,0,0,0,0,0,0.0,5192.4324,nan,edge/x86_64,,3.12.3,2026-10-09T18:41:25Z
33,RSA-4096,classical,,encapsulate,0.1434,0.0,0.0,0.0,550,2373,512,0,0,0,0,0.0,2.1516,nan,edge/x86_64,,3.12.3,2026-10-09T18:41:25Z
33,RSA-4096,classical,,decapsulate,4.4238,0.0,0.0,0.0,550,2373,512,0,0,0,0,0.0,66.357,nan,edge/x86_64,,3.12.3,2026-10-09T18:41:25Z
34,RSA-4096,classical,,keygen,46.6588,0.0,0.0,0.0,550,2374,0,0,0,0,0,0.0,699.8817,nan,edge/x86_64,,3.12.3,2026-10-09T18:41:25Z
34,RSA-4096,classical,,encapsulate,0.1439,0.0,0.0,0.0,550,2374,512,0,0,0,0,0.0,2.158,nan,edge/x86_64,,3.12.3,2026-10-09T18:41:25Z
34,RSA-4096,classical,,decapsulate,4.4573,0.0,0.0,0.0,550,2374,512,0,0,0,0,0.0,66.86,nan,edge/x86_64,,3.12.3,2026-10-09T18:41:25Z
35,RSA-4096,classical,,keygen,277.2168,0.0,0.0,0.0,550,2374,0,0,0,0,0,0.0,4158.2527,nan,edge/x86_64,,3.12.3,2026-10-09T18:41:25Z
35,RSA-4096,classical,,encapsulate,0.133,0.0,0.0,0.0,550,2374,512,0,0,0,0,0.0,1.9949,nan,edge/x86_64,,3.12.3,2026-10-09T18:41:25Z
35,RSA-4096,classical,,decapsulate,4.4309,0.0,0.0,0.0,550,2374,512,0,0,0,0,0.0,66.4636,nan,edge/x86_64,,3.12.3,2026-10-09T18:41:25Z
36,RSA-4096,classical,,keygen,350.4313,0.0,0.0,0.0,550,2375,0,0,0,0,0,0.0,5256.4698,nan,edge/x86_64,,3.12.3,2026-10-09T18:41:25Z
36,RSA-4096,classical,,encapsulate,0.1257,0.0,0.0,0.0,550,2375,512,0,0,0,0,0.0,1.886,nan,edge/x86_64,,3.12.3,2026-10-09T18:41:25Z
36,RSA-4096,classical,,decapsulate,4.2829,0.0,0.0,0.0,550,2375,512,0,0,0,0,0.0,64.2439,nan,edge/x86_64,,3.12.3,2026-10-09T18:41:25Z
37,RSA-4096,classical,,keygen,525.7526,0.0,0.0,0.0,550,2376,0,0,0,0,0,0.0,7886.2891,nan,edge/x86_64,,3.12.3,2026-10-09T18:41:25Z
37,RSA-4096,classical,,encapsulate,0.2328,0.0,0.0,0.0,550,2376,512,0,0,0,0,0.0,3.4915,nan,edge/x86_64,,3.12.3,2026-10-09T18:41:25Z
37,RSA-4096,classical,,decapsulate,7.7701,0.0,0.0,0.0,550,2376,512,0,0,0,0,0.0,116.5511,nan,edge/x86_64,,3.12.3,2026-10-09T18:41:25Z
38,RSA-4096,classical,,keygen,421.7737,0.0,0.0,0.0,550,2374,0,0,0,0,0,0.0,6326.605,nan,edge/x86_64,,3.12.3,2026-10-09T18:41:25Z
38,RSA-4096,classical,,encapsulate,0.1296,0.0,0.0,0.0,550,2374,512,0,0,0,0,0.0,1.9436,nan,edge/x86_64,,3.12.3,2026-10-09T18:41:25Z
38,RSA-4096,classical,,decapsulate,4.296,0.0,0.0,0.0,550,2374,512,0,0,0,0,0.0,64.4395,nan,edge/x86_64,,3.12.3,2026-10-09T18:41:25Z
39,RSA-4096,classical,,keygen,115.2627,0.0,0.0,0.0,550,2375,0,0,0,0,0,0.0,1728.94,nan,edge/x86_64,,3.12.3,2026-10-09T18:41:25Z
39,RSA-4096,classical,,encapsulate,0.1354,0.0,0.0,0.0,550,2375,512,0,0,0,0,0.0,2.0304,nan,edge/x86_64,,3.12.3,2026-10-09T18:41:25Z
39,RSA-4096,classical,,decapsulate,4.5398,0.0,0.0,0.0,550,2375,512,0,0,0,0,0.0,68.0971,nan,edge/x86_64,,3.12.3,2026-10-09T18:41:25Z
40,RSA-4096,classical,,keygen,651.5046,0.0,0.0,0.0,550,2373,0,0,0,0,0,0.0,9772.5693,nan,edge/x86_64,,3.12.3,2026-10-09T18:41:25Z
40,RSA-4096,classical,,encapsulate,0.4365,0.0,0.0,0.0,550,2373,512,0,0,0,0,0.0,6.5481,nan,edge/x86_64,,3.12.3,2026-10-09T18:41:25Z
40,RSA-4096,classical,,decapsulate,4.4819,0.0,0.0,0.0,550,2373,512,0,0,0,0,0.0,67.2292,nan,edge/x86_64,,3.12.3,2026-10-09T18:41:25Z
41,RSA-4096,classical,,keygen,587.5967,0.0,0.0,0.0,550,2376,0,0,0,0,0,0.0,8813.9503,nan,edge/x86_64,,3.12.3,2026-10-09T18:41:25Z
41,RSA-4096,classical,,encapsulate,0.1282,0.0,0.0,0.0,550,2376,512,0,0,0,0,0.0,1.923,nan,edge/x86_64,,3.12.3,2026-10-09T18:41:25Z
41,RSA-4096,classical,,decapsulate,4.2604,0.0,0.0,0.0,550,2376,512,0,0,0,0,0.0,63.906,nan,edge/x86_64,,3.12.3,2026-10-09T18:41:25Z
42,RSA-4096,classical,,keygen,303.2328,0.0,0.0,0.0,550,2374,0,0,0,0,0,0.0,4548.4916,nan,edge/x86_64,,3.12.3,2026-10-09T18:41:25Z
42,RSA-4096,classical,,encapsulate,0.1298,0.0,0.0,0.0,550,2374,512,0,0,0,0,0.0,1.9477,nan,edge/x86_64,,3.12.3,2026-10-09T18:41:25Z
42,RSA-4096,classical,,decapsulate,4.3282,0.0,0.0,0.0,550,2374,512,0,0,0,0,0.0,64.9227,nan,edge/x86_64,,3.12.3,2026-10-09T18:41:25Z
43,RSA-4096,classical,,keygen,562.4896,0.0,0.0,0.0,550,2372,0,0,0,0,0,0.0,8437.3447,nan,edge/x86_64,,3.12.3,2026-10-09T18:41:25Z
43,RSA-4096,classical,,encapsulate,0.1279,0.0,0.0,0.0,550,2372,512,0,0,0,0,0.0,1.9192,nan,edge/x86_64,,3.12.3,2026-10-09T18:41:25Z
43,RSA-4096,classical,,decapsulate,4.4169,0.0,0.0,0.0,550,2372,512,0,0,0,0,0.0,66.2532,nan,edge/x86_64,,3.12.3,2026-10-09T18:41:25Z
44,RSA-4096,classical,,keygen,170.807,0.0,0.0,0.0,550,2373,0,0,0,0,0,0.0,2562.1054,nan,edge/x86_64,,3.12.3,2026-10-09T18:41:25Z
44,RSA-4096,classical,,encapsulate,0.1557,0.0,0.0,0.0,550,2373,512,0,0,0,0,0.0,2.3359,nan,edge/x86_64,,3.12.3,2026-10-09T18:41:25Z
44,RSA-4096,classical,,decapsulate,4.2832,0.0,0.0,0.0,550,2373,512,0,0,0,0,0.0,64.2487,nan,edge/x86_64,,3.12.3,2026-10-09T18:41:25Z
45,RSA-4096,classical,,keygen,252.7121,0.0,0.0,0.0,550,2374,0,0,0,0,0,0.0,3790.6809,nan,edge/x86_64,,3.12.3,2026-10-09T18:41:25Z
45,RSA-4096,classical,,encapsulate,0.137,0.0,0.0,0.0,550,2374,512,0,0,0,0,0.0,2.0552,nan,edge/x86_64,,3.12.3,2026-10-09T18:41:25Z
45,RSA-4096,classical,,decapsulate,4.3835,0.0,0.0,0.0,550,2374,512,0,0,0,0,0.0,65.7523,nan,edge/x86_64,,3.12.3,2026-10-09T18:41:25Z
46,RSA-4096,classical,,keygen,761.758,0.0,0.0,0.0,550,2373,0,0,0,0,0,0.0,11426.3694,nan,edge/x86_64,,3.12.3,2026-10-09T18:41:25Z
46,RSA-4096,classical,,encapsulate,0.1755,0.0,0.0,0.0,550,2373,512,0,0,0,0,0.0,2.6325,nan,edge/x86_64,,3.12.3,2026-10-09T18:41:25Z
46,RSA-4096,classical,,decapsulate,4.3768,0.0,0.0,0.0,550,2373,512,0,0,0,0,0.0,65.652,nan,edge/x86_64,,3.12.3,2026-10-09T18:41:25Z
47,RSA-4096,classical,,keygen,334.2493,0.0,0.0,0.0,550,2372,0,0,0,0,0,0.0,5013.7393,nan,edge/x86_64,,3.12.3,2026-10-09T18:41:25Z
47,RSA-4096,classical,,encapsulate,0.144,0.0,0.0,0.0,550,2372,512,0,0,0,0,0.0,2.1602,nan,edge/x86_64,,3.12.3,2026-10-09T18:41:25Z
47,RSA-4096,classical,,decapsulate,4.305,0.0,0.0,0.0,550,2372,512,0,0,0,0,0.0,64.5746,nan,edge/x86_64,,3.12.3,2026-10-09T18:41:25Z
48,RSA-4096,classical,,keygen,280.498,0.0,0.0,0.0,550,2375,0,0,0,0,0,0.0,4207.4707,nan,edge/x86_64,,3.12.3,2026-10-09T18:41:25Z
48,RSA-4096,classical,,encapsulate,0.1583,0.0,0.0,0.0,550,2375,512,0,0,0,0,0.0,2.3739,nan,edge/x86_64,,3.12.3,2026-10-09T18:41:25Z
48,RSA-4096,classical,,decapsulate,4.3471,0.0,0.0,0.0,550,2375,512,0,0,0,0,0.0,65.2062,nan,edge/x86_64,,3.12.3,2026-10-09T18:41:25Z
49,RSA-4096,classical,,keygen,444.0648,0.0,0.0,0.0,550,2375,0,0,0,0,0,0.0,6660.972,nan,edge/x86_64,,3.12.3,2026-10-09T18:41:25Z
49,RSA-4096,classical,,encapsulate,0.1819,0.0,0.0,0.0,550,2375,512,0,0,0,0,0.0,2.729,nan,edge/x86_64,,3.12.3,2026-10-09T18:41:25Z
49,RSA-4096,classical,,decapsulate,4.3202,0.0,0.0,0.0,550,2375,512,0,0,0,0,0.0,64.8023,nan,edge/x86_64,,3.12.3,2026-10-09T18:41:25Z
50,RSA-4096,classical,,keygen,669.2616,0.0,0.0,0.0,550,2375,0,0,0,0,0,0.0,10038.9243,nan,edge/x86_64,,3.12.3,2026-10-09T18:41:25Z
50,RSA-4096,classical,,encapsulate,0.1407,0.0,0.0,0.0,550,2375,512,0,0,0,0,0.0,2.1105,nan,edge/x86_64,,3.12.3,2026-10-09T18:41:25Z
50,RSA-4096,classical,,decapsulate,4.3585,0.0,0.0,0.0,550,2375,512,0,0,0,0,0.0,65.377,nan,edge/x86_64,,3.12.3,2026-10-09T18:41:25Z
51,RSA-4096,classical,,keygen,111.2207,0.0,0.0,0.0,550,2375,0,0,0,0,0,0.0,1668.3098,nan,edge/x86_64,,3.12.3,2026-10-09T18:41:25Z
51,RSA-4096,classical,,encapsulate,0.1502,0.0,0.0,0.0,550,2375,512,0,0,0,0,0.0,2.2537,nan,edge/x86_64,,3.12.3,2026-10-09T18:41:25Z
51,RSA-4096,classical,,decapsulate,4.6803,0.0,0.0,0.0,550,2375,512,0,0,0,0,0.0,70.2042,nan,edge/x86_64,,3.12.3,2026-10-09T18:41:25Z
52,RSA-4096,classical,,keygen,379.1592,0.0,0.0,0.0,550,2374,0,0,0,0,0,0.0,5687.3882,nan,edge/x86_64,,3.12.3,2026-10-09T18:41:25Z
52,RSA-4096,classical,,encapsulate,0.1294,0.0,0.0,0.0,550,2374,512,0,0,0,0,0.0,1.9408,nan,edge/x86_64,,3.12.3,2026-10-09T18:41:25Z
52,RSA-4096,classical,,decapsulate,4.3984,0.0,0.0,0.0,550,2374,512,0,0,0,0,0.0,65.9753,nan,edge/x86_64,,3.12.3,2026-10-09T18:41:25Z
53,RSA-4096,classical,,keygen,518.032,0.0,0.0,0.0,550,2375,0,0,0,0,0,0.0,7770.4799,nan,edge/x86_64,,3.12.3,2026-10-09T18:41:25Z
53,RSA-4096,classical,,encapsulate,0.1671,0.0,0.0,0.0,550,2375,512,0,0,0,0,0.0,2.5061,nan,edge/x86_64,,3.12.3,2026-10-09T18:41:25Z
53,RSA-4096,classical,,decapsulate,4.4011,0.0,0.0,0.0,550,2375,512,0,0,0,0,0.0,66.0168,nan,edge/x86_64,,3.12.3,2026-10-09T18:41:25Z
54,RSA-4096,classical,,keygen,705.6397,0.0,0.0,0.0,550,2374,0,0,0,0,0,0.0,10584.5956,nan,edge/x86_64,,3.12.3,2026-10-09T18:41:25Z
54,RSA-4096,classical,,encapsulate,0.1324,0.0,0.0,0.0,550,2374,512,0,0,0,0,0.0,1.9863,nan,edge/x86_64,,3.12.3,2026-10-09T18:41:25Z
54,RSA-4096,classical,,decapsulate,4.63,0.0,0.0,0.0,550,2374,512,0,0,0,0,0.0,69.4505,nan,edge/x86_64,,3.12.3,2026-10-09T18:41:25Z
55,RSA-4096,classical,,keygen,374.2498,0.0,0.0,0.0,550,2373,0,0,0,0,0,0.0,5613.7477,nan,edge/x86_64,,3.12.3,2026-10-09T18:41:25Z
55,RSA-4096,classical,,encapsulate,0.1654,0.0,0.0,0.0,550,2373,512,0,0,0,0,0.0,2.4812,nan,edge/x86_64,,3.12.3,2026-10-09T18:41:25Z
55,RSA-4096,classical,,decapsulate,4.5095,0.0,0.0,0.0,550,2373,512,0,0,0,0,0.0,67.642,nan,edge/x86_64,,3.12.3,2026-10-09T18:41:25Z
56,RSA-4096,classical,,keygen,593.1726,0.0,0.0,0.0,550,2373,0,0,0,0,0,0.0,8897.5887,nan,edge/x86_64,,3.12.3,2026-10-09T18:41:25Z
56,RSA-4096,classical,,encapsulate,0.1349,0.0,0.0,0.0,550,2373,512,0,0,0,0,0.0,2.0239,nan,edge/x86_64,,3.12.3,2026-10-09T18:41:25Z
56,RSA-4096,classical,,decapsulate,4.3578,0.0,0.0,0.0,550,2373,512,0,0,0,0,0.0,65.3668,nan,edge/x86_64,,3.12.3,2026-10-09T18:41:25Z
57,RSA-4096,classical,,keygen,91.3714,0.0,0.0,0.0,550,2374,0,0,0,0,0,0.0,1370.5716,nan,edge/x86_64,,3.12.3,2026-10-09T18:41:25Z
57,RSA-4096,classical,,encapsulate,0.1398,0.0,0.0,0.0,550,2374,512,0,0,0,0,0.0,2.0965,nan,edge/x86_64,,3.12.3,2026-10-09T18:41:25Z
57,RSA-4096,classical,,decapsulate,4.402,0.0,0.0,0.0,550,2374,512,0,0,0,0,0.0,66.0293,nan,edge/x86_64,,3.12.3,2026-10-09T18:41:25Z
58,RSA-4096,classical,,keygen,1104.7746,0.0,0.0,0.0,550,2375,0,0,0,0,0,0.0,16571.6187,nan,edge/x86_64,,3.12.3,2026-10-09T18:41:25Z
58,RSA-4096,classical,,encapsulate,0.1295,0.0,0.0,0.0,550,2375,512,0,0,0,0,0.0,1.943,nan,edge/x86_64,,3.12.3,2026-10-09T18:41:25Z
58,RSA-4096,classical,,decapsulate,4.5964,0.0,0.0,0.0,550,2375,512,0,0,0,0,0.0,68.9458,nan,edge/x86_64,,3.12.3,2026-10-09T18:41:25Z
59,RSA-4096,classical,,keygen,267.0836,0.0,0.0,0.0,550,2373,0,0,0,0,0,0.0,4006.2535,nan,edge/x86_64,,3.12.3,2026-10-09T18:41:25Z
59,RSA-4096,classical,,encapsulate,0.1878,0.0,0.0,0.0,550,2373,512,0,0,0,0,0.0,2.8173,nan,edge/x86_64,,3.12.3,2026-10-09T18:41:25Z
59,RSA-4096,classical,,decapsulate,4.4666,0.0,0.0,0.0,550,2373,512,0,0,0,0,0.0,66.9993,nan,edge/x86_64,,3.12.3,2026-10-09T18:41:25Z
60,RSA-4096,classical,,keygen,268.5605,0.0,0.0,0.0,550,2375,0,0,0,0,0,0.0,4028.4073,nan,edge/x86_64,,3.12.3,2026-10-09T18:41:25Z
60,RSA-4096,classical,,encapsulate,0.1307,0.0,0.0,0.0,550,2375,512,0,0,0,0,0.0,1.9612,nan,edge/x86_64,,3.12.3,2026-10-09T18:41:25Z
60,RSA-4096,classical,,decapsulate,4.5074,0.0,0.0,0.0,550,2375,512,0,0,0,0,0.0,67.6103,nan,edge/x86_64,,3.12.3,2026-10-09T18:41:25Z
61,RSA-4096,classical,,keygen,192.8286,0.0,0.0,0.0,550,2374,0,0,0,0,0,0.0,2892.4292,nan,edge/x86_64,,3.12.3,2026-10-09T18:41:25Z
61,RSA-4096,classical,,encapsulate,0.1289,0.0,0.0,0.0,550,2374,512,0,0,0,0,0.0,1.9336,nan,edge/x86_64,,3.12.3,2026-10-09T18:41:25Z
61,RSA-4096,classical,,decapsulate,4.3549,0.0,0.0,0.0,550,2374,512,0,0,0,0,0.0,65.3229,nan,edge/x86_64,,3.12.3,2026-10-09T18:41:25Z
62,RSA-4096,classical,,keygen,924.185,0.0,0.0,0.0,550,2373,0,0,0,0,0,0.0,13862.7748,nan,edge/x86_64,,3.12.3,2026-10-09T18:41:25Z
62,RSA-4096,classical,,encapsulate,0.1381,0.0,0.0,0.0,550,2373,512,0,0,0,0,0.0,2.0713,nan,edge/x86_64,,3.12.3,2026-10-09T18:41:25Z
62,RSA-4096,classical,,decapsulate,4.6253,0.0,0.0,0.0,550,2373,512,0,0,0,0,0.0,69.3795,nan,edge/x86_64,,3.12.3,2026-10-09T18:41:25Z
63,RSA-4096,classical,,keygen,587.6163,0.0,0.0,0.0,550,2373,0,0,0,0,0,0.0,8814.2442,nan,edge/x86_64,,3.12.3,2026-10-09T18:41:25Z
63,RSA-4096,classical,,encapsulate,0.1377,0.0,0.0,0.0,550,2373,512,0,0,0,0,0.0,2.0662,nan,edge/x86_64,,3.12.3,2026-10-09T18:41:25Z
63,RSA-4096,classical,,decapsulate,4.366,0.0,0.0,0.0,550,2373,512,0,0,0,0,0.0,65.4894,nan,edge/x86_64,,3.12.3,2026-10-09T18:41:25Z
64,RSA-4096,classical,,keygen,188.8181,0.0,0.0,0.0,550,2374,0,0,0,0,0,0.0,2832.272,nan,edge/x86_64,,3.12.3,2026-10-09T18:41:25Z
64,RSA-4096,classical,,encapsulate,0.1324,0.0,0.0,0.0,550,2374,512,0,0,0,0,0.0,1.9866,nan,edge/x86_64,,3.12.3,2026-10-09T18:41:25Z
64,RSA-4096,classical,,decapsulate,4.4441,0.0,0.0,0.0,550,2374,512,0,0,0,0,0.0,66.6613,nan,edge/x86_64,,3.12.3,2026-10-09T18:41:25Z
65,RSA-4096,classical,,keygen,705.9379,0.0,0.0,0.0,550,2375,0,0,0,0,0,0.0,10589.0683,nan,edge/x86_64,,3.12.3,2026-10-09T18:41:25Z
65,RSA-4096,classical,,encapsulate,0.1274,0.0,0.0,0.0,550,2375,512,0,0,0,0,0.0,1.9106,nan,edge/x86_64,,3.12.3,2026-10-09T18:41:25Z
65,RSA-4096,classical,,decapsulate,4.3405,0.0,0.0,0.0,550,2375,512,0,0,0,0,0.0,65.1082,nan,edge/x86_64,,3.12.3,2026-10-09T18:41:25Z
66,RSA-4096,classical,,keygen,250.1865,0.0,0.0,0.0,550,2374,0,0,0,0,0,0.0,3752.7977,nan,edge/x86_64,,3.12.3,2026-10-09T18:41:25Z
66,RSA-4096,classical,,encapsulate,0.1322,0.0,0.0,0.0,550,2374,512,0,0,0,0,0.0,1.9831,nan,edge/x86_64,,3.12.3,2026-10-09T18:41:25Z
66,RSA-4096,classical,,decapsulate,4.2323,0.0,0.0,0.0,550,2374,512,0,0,0,0,0.0,63.4839,nan,edge/x86_64,,3.12.3,2026-10-09T18:41:25Z
67,RSA-4096,classical,,keygen,214.2171,0.0,0.0,0.0,550,2376,0,0,0,0,0,0.0,3213.2559,nan,edge/x86_64,,3.12.3,2026-10-09T18:41:25Z
67,RSA-4096,classical,,encapsulate,0.1475,0.0,0.0,0.0,550,2376,512,0,0,0,0,0.0,2.213,nan,edge/x86_64,,3.12.3,2026-10-09T18:41:25Z
67,RSA-4096,classical,,decapsulate,4.2947,0.0,0.0,0.0,550,2376,512,0,0,0,0,0.0,64.4209,nan,edge/x86_64,,3.12.3,2026-10-09T18:41:25Z
68,RSA-4096,classical,,keygen,315.3854,0.0,0.0,0.0,550,2375,0,0,0,0,0,0.0,4730.781,nan,edge/x86_64,,3.12.3,2026-10-09T18:41:25Z
68,RSA-4096,classical,,encapsulate,0.1283,0.0,0.0,0.0,550,2375,512,0,0,0,0,0.0,1.9252,nan,edge/x86_64,,3.12.3,2026-10-09T18:41:25Z
68,RSA-4096,classical,,decapsulate,4.2862,0.0,0.0,0.0,550,2375,512,0,0,0,0,0.0,64.293,nan,edge/x86_64,,3.12.3,2026-10-09T18:41:25Z
69,RSA-4096,classical,,keygen,802.2881,0.0,0.0,0.0,550,2373,0,0,0,0,0,0.0,12034.3221,nan,edge/x86_64,,3.12.3,2026-10-09T18:41:25Z
69,RSA-4096,classical,,encapsulate,0.1857,0.0,0.0,0.0,550,2373,512,0,0,0,0,0.0,2.7859,nan,edge/x86_64,,3.12.3,2026-10-09T18:41:25Z
69,RSA-4096,classical,,decapsulate,4.3915,0.0,0.0,0.0,550,2373,512,0,0,0,0,0.0,65.872,nan,edge/x86_64,,3.12.3,2026-10-09T18:41:25Z
70,RSA-4096,classical,,keygen,425.6002,0.0,0.0,0.0,550,2374,0,0,0,0,0,0.0,6384.0029,nan,edge/x86_64,,3.12.3,2026-10-09T18:41:25Z
70,RSA-4096,classical,,encapsulate,0.1332,0.0,0.0,0.0,550,2374,512,0,0,0,0,0.0,1.9983,nan,edge/x86_64,,3.12.3,2026-10-09T18:41:25Z
70,RSA-4096,classical,,decapsulate,4.2089,0.0,0.0,0.0,550,2374,512,0,0,0,0,0.0,63.1339,nan,edge/x86_64,,3.12.3,2026-10-09T18:41:25Z
71,RSA-4096,classical,,keygen,689.5285,0.0,0.0,0.0,550,2375,0,0,0,0,0,0.0,10342.9268,nan,edge/x86_64,,3.12.3,2026-10-09T18:41:25Z
71,RSA-4096,classical,,encapsulate,0.1302,0.0,0.0,0.0,550,2375,512,0,0,0,0,0.0,1.9531,nan,edge/x86_64,,3.12.3,2026-10-09T18:41:25Z
71,RSA-4096,classical,,decapsulate,4.2308,0.0,0.0,0.0,550,2375,512,0,0,0,0,0.0,63.4615,nan,edge/x86_64,,3.12.3,2026-10-09T18:41:25Z
72,RSA-4096,classical,,keygen,126.9043,0.0,0.0,0.0,550,2376,0,0,0,0,0,0.0,1903.5648,nan,edge/x86_64,,3.12.3,2026-10-09T18:41:25Z
72,RSA-4096,classical,,encapsulate,0.1318,0.0,0.0,0.0,550,2376,512,0,0,0,0,0.0,1.9765,nan,edge/x86_64,,3.12.3,2026-10-09T18:41:25Z
72,RSA-4096,classical,,decapsulate,5.6897,0.0,0.0,0.0,550,2376,512,0,0,0,0,0.0,85.3459,nan,edge/x86_64,,3.12.3,2026-10-09T18:41:25Z
73,RSA-4096,classical,,keygen,228.9468,0.0,0.0,0.0,550,2373,0,0,0,0,0,0.0,3434.202,nan,edge/x86_64,,3.12.3,2026-10-09T18:41:25Z
73,RSA-4096,classical,,encapsulate,0.1419,0.0,0.0,0.0,550,2373,512,0,0,0,0,0.0,2.1292,nan,edge/x86_64,,3.12.3,2026-10-09T18:41:25Z
73,RSA-4096,classical,,decapsulate,4.3092,0.0,0.0,0.0,550,2373,512,0,0,0,0,0.0,64.6383,nan,edge/x86_64,,3.12.3,2026-10-09T18:41:25Z
74,RSA-4096,classical,,keygen,455.122,0.0,0.0,0.0,550,2375,0,0,0,0,0,0.0,6826.8296,nan,edge/x86_64,,3.12.3,2026-10-09T18:41:25Z
74,RSA-4096,classical,,encapsulate,0.1469,0.0,0.0,0.0,550,2375,512,0,0,0,0,0.0,2.2034,nan,edge/x86_64,,3.12.3,2026-10-09T18:41:25Z
74,RSA-4096,classical,,decapsulate,4.2599,0.0,0.0,0.0,550,2375,512,0,0,0,0,0.0,63.899,nan,edge/x86_64,,3.12.3,2026-10-09T18:41:25Z
75,RSA-4096,classical,,keygen,351.4102,0.0,0.0,0.0,550,2375,0,0,0,0,0,0.0,5271.1527,nan,edge/x86_64,,3.12.3,2026-10-09T18:41:25Z
75,RSA-4096,classical,,encapsulate,0.1351,0.0,0.0,0.0,550,2375,512,0,0,0,0,0.0,2.0268,nan,edge/x86_64,,3.12.3,2026-10-09T18:41:25Z
75,RSA-4096,classical,,decapsulate,4.3435,0.0,0.0,0.0,550,2375,512,0,0,0,0,0.0,65.1526,nan,edge/x86_64,,3.12.3,2026-10-09T18:41:25Z
76,RSA-4096,classical,,keygen,292.5294,0.0,0.0,0.0,550,2372,0,0,0,0,0,0.0,4387.9406,nan,edge/x86_64,,3.12.3,2026-10-09T18:41:25Z
76,RSA-4096,classical,,encapsulate,0.1406,0.0,0.0,0.0,550,2372,512,0,0,0,0,0.0,2.1091,nan,edge/x86_64,,3.12.3,2026-10-09T18:41:25Z
76,RSA-4096,classical,,decapsulate,4.3047,0.0,0.0,0.0,550,2372,512,0,0,0,0,0.0,64.5712,nan,edge/x86_64,,3.12.3,2026-10-09T18:41:25Z
77,RSA-4096,classical,,keygen,377.1583,0.0,0.0,0.0,550,2375,0,0,0,0,0,0.0,5657.3743,nan,edge/x86_64,,3.12.3,2026-10-09T18:41:25Z
77,RSA-4096,classical,,encapsulate,0.129,0.0,0.0,0.0,550,2375,512,0,0,0,0,0.0,1.9356,nan,edge/x86_64,,3.12.3,2026-10-09T18:41:25Z
77,RSA-4096,classical,,decapsulate,4.2927,0.0,0.0,0.0,550,2375,512,0,0,0,0,0.0,64.3906,nan,edge/x86_64,,3.12.3,2026-10-09T18:41:25Z
78,RSA-4096,classical,,keygen,397.868,0.0,0.0,0.0,550,2372,0,0,0,0,0,0.0,5968.0203,nan,edge/x86_64,,3.12.3,2026-10-09T18:41:25Z
78,RSA-4096,classical,,encapsulate,0.1956,0.0,0.0,0.0,550,2372,512,0,0,0,0,0.0,2.9343,nan,edge/x86_64,,3.12.3,2026-10-09T18:41:25Z
78,RSA-4096,classical,,decapsulate,4.2943,0.0,0.0,0.0,550,2372,512,0,0,0,0,0.0,64.415,nan,edge/x86_64,,3.12.3,2026-10-09T18:41:25Z
79,RSA-4096,classical,,keygen,270.8901,0.0,0.0,0.0,550,2374,0,0,0,0,0,0.0,4063.3522,nan,edge/x86_64,,3.12.3,2026-10-09T18:41:25Z
79,RSA-4096,classical,,encapsulate,0.1246,0.0,0.0,0.0,550,2374,512,0,0,0,0,0.0,1.8687,nan,edge/x86_64,,3.12.3,2026-10-09T18:41:25Z
79,RSA-4096,classical,,decapsulate,4.6589,0.0,0.0,0.0,550,2374,512,0,0,0,0,0.0,69.883,nan,edge/x86_64,,3.12.3,2026-10-09T18:41:25Z
80,RSA-4096,classical,,keygen,531.3943,0.0,0.0,0.0,550,2375,0,0,0,0,0,0.0,7970.915,nan,edge/x86_64,,3.12.3,2026-10-09T18:41:25Z
80,RSA-4096,classical,,encapsulate,0.1277,0.0,0.0,0.0,550,2375,512,0,0,0,0,0.0,1.9156,nan,edge/x86_64,,3.12.3,2026-10-09T18:41:25Z
80,RSA-4096,classical,,decapsulate,4.2709,0.0,0.0,0.0,550,2375,512,0,0,0,0,0.0,64.0637,nan,edge/x86_64,,3.12.3,2026-10-09T18:41:25Z
81,RSA-4096,classical,,keygen,159.7537,0.0,0.0,0.0,550,2374,0,0,0,0,0,0.0,2396.3053,nan,edge/x86_64,,3.12.3,2026-10-09T18:41:25Z
81,RSA-4096,classical,,encapsulate,0.1265,0.0,0.0,0.0,550,2374,512,0,0,0,0,0.0,1.8968,nan,edge/x86_64,,3.12.3,2026-10-09T18:41:25Z
81,RSA-4096,classical,,decapsulate,4.3924,0.0,0.0,0.0,550,2374,512,0,0,0,0,0.0,65.8867,nan,edge/x86_64,,3.12.3,2026-10-09T18:41:25Z
82,RSA-4096,classical,,keygen,113.8252,0.0,0.0,0.0,550,2376,0,0,0,0,0,0.0,1707.3777,nan,edge/x86_64,,3.12.3,2026-10-09T18:41:25Z
82,RSA-4096,classical,,encapsulate,0.1306,0.0,0.0,0.0,550,2376,512,0,0,0,0,0.0,1.959,nan,edge/x86_64,,3.12.3,2026-10-09T18:41:25Z
82,RSA-4096,classical,,decapsulate,4.2499,0.0,0.0,0.0,550,2376,512,0,0,0,0,0.0,63.7484,nan,edge/x86_64,,3.12.3,2026-10-09T18:41:25Z
83,RSA-4096,classical,,keygen,702.2711,0.0,0.0,0.0,550,2375,0,0,0,0,0,0.0,10534.0666,nan,edge/x86_64,,3.12.3,2026-10-09T18:41:25Z
83,RSA-4096,classical,,encapsulate,0.1242,0.0,0.0,0.0,550,2375,512,0,0,0,0,0.0,1.8632,nan,edge/x86_64,,3.12.3,2026-10-09T18:41:25Z
83,RSA-4096,classical,,decapsulate,4.27,0.0,0.0,0.0,550,2375,512,0,0,0,0,0.0,64.0501,nan,edge/x86_64,,3.12.3,2026-10-09T18:41:25Z
84,RSA-4096,classical,,keygen,240.4378,0.0,0.0,0.0,550,2375,0,0,0,0,0,0.0,3606.5671,nan,edge/x86_64,,3.12.3,2026-10-09T18:41:25Z
84,RSA-4096,classical,,encapsulate,0.1278,0.0,0.0,0.0,550,2375,512,0,0,0,0,0.0,1.9163,nan,edge/x86_64,,3.12.3,2026-10-09T18:41:25Z
84,RSA-4096,classical,,decapsulate,4.2712,0.0,0.0,0.0,550,2375,512,0,0,0,0,0.0,64.0679,nan,edge/x86_64,,3.12.3,2026-10-09T18:41:25Z
85,RSA-4096,classical,,keygen,574.5366,0.0,0.0,0.0,550,2375,0,0,0,0,0,0.0,8618.0491,nan,edge/x86_64,,3.12.3,2026-10-09T18:41:25Z
85,RSA-4096,classical,,encapsulate,0.1469,0.0,0.0,0.0,550,2375,512,0,0,0,0,0.0,2.2029,nan,edge/x86_64,,3.12.3,2026-10-09T18:41:25Z
85,RSA-4096,classical,,decapsulate,4.3997,0.0,0.0,0.0,550,2375,512,0,0,0,0,0.0,65.9952,nan,edge/x86_64,,3.12.3,2026-10-09T18:41:25Z
86,RSA-4096,classical,,keygen,495.1379,0.0,0.0,0.0,550,2373,0,0,0,0,0,0.0,7427.0678,nan,edge/x86_64,,3.12.3,2026-10-09T18:41:25Z
86,RSA-4096,classical,,encapsulate,0.1308,0.0,0.0,0.0,550,2373,512,0,0,0,0,0.0,1.9615,nan,edge/x86_64,,3.12.3,2026-10-09T18:41:25Z
86,RSA-4096,classical,,decapsulate,4.1904,0.0,0.0,0.0,550,2373,512,0,0,0,0,0.0,62.8558,nan,edge/x86_64,,3.12.3,2026-10-09T18:41:25Z
87,RSA-4096,classical,,keygen,177.9851,0.0,0.0,0.0,550,2375,0,0,0,0,0,0.0,2669.7766,nan,edge/x86_64,,3.12.3,2026-10-09T18:41:25Z
87,RSA-4096,classical,,encapsulate,0.1453,0.0,0.0,0.0,550,2375,512,0,0,0,0,0.0,2.1789,nan,edge/x86_64,,3.12.3,2026-10-09T18:41:25Z
87,RSA-4096,classical,,decapsulate,4.3758,0.0,0.0,0.0,550,2375,512,0,0,0,0,0.0,65.6366,nan,edge/x86_64,,3.12.3,2026-10-09T18:41:25Z
88,RSA-4096,classical,,keygen,135.6175,0.0,0.0,0.0,550,2376,0,0,0,0,0,0.0,2034.2629,nan,edge/x86_64,,3.12.3,2026-10-09T18:41:25Z
88,RSA-4096,classical,,encapsulate,0.1479,0.0,0.0,0.0,550,2376,512,0,0,0,0,0.0,2.2188,nan,edge/x86_64,,3.12.3,2026-10-09T18:41:25Z
88,RSA-4096,classical,,decapsulate,4.2609,0.0,0.0,0.0,550,2376,512,0,0,0,0,0.0,63.9128,nan,edge/x86_64,,3.12.3,2026-10-09T18:41:25Z
89,RSA-4096,classical,,keygen,359.0343,0.0,0.0,0.0,550,2375,0,0,0,0,0,0.0,5385.5146,nan,edge/x86_64,,3.12.3,2026-10-09T18:41:25Z
89,RSA-4096,classical,,encapsulate,0.1339,0.0,0.0,0.0,550,2375,512,0,0,0,0,0.0,2.0086,nan,edge/x86_64,,3.12.3,2026-10-09T18:41:25Z
89,RSA-4096,classical,,decapsulate,4.2633,0.0,0.0,0.0,550,2375,512,0,0,0,0,0.0,63.9488,nan,edge/x86_64,,3.12.3,2026-10-09T18:41:25Z
90,RSA-4096,classical,,keygen,95.0993,0.0,0.0,0.0,550,2374,0,0,0,0,0,0.0,1426.4896,nan,edge/x86_64,,3.12.3,2026-10-09T18:41:25Z
90,RSA-4096,classical,,encapsulate,0.1275,0.0,0.0,0.0,550,2374,512,0,0,0,0,0.0,1.9122,nan,edge/x86_64,,3.12.3,2026-10-09T18:41:25Z
90,RSA-4096,classical,,decapsulate,4.2464,0.0,0.0,0.0,550,2374,512,0,0,0,0,0.0,63.6957,nan,edge/x86_64,,3.12.3,2026-10-09T18:41:25Z
91,RSA-4096,classical,,keygen,455.7399,0.0,0.0,0.0,550,2374,0,0,0,0,0,0.0,6836.0979,nan,edge/x86_64,,3.12.3,2026-10-09T18:41:25Z
91,RSA-4096,classical,,encapsulate,0.1215,0.0,0.0,0.0,550,2374,512,0,0,0,0,0.0,1.8218,nan,edge/x86_64,,3.12.3,2026-10-09T18:41:25Z
91,RSA-4096,classical,,decapsulate,4.1832,0.0,0.0,0.0,550,2374,512,0,0,0,0,0.0,62.7473,nan,edge/x86_64,,3.12.3,2026-10-09T18:41:25Z
92,RSA-4096,classical,,keygen,170.725,0.0,0.0,0.0,550,2371,0,0,0,0,0,0.0,2560.8751,nan,edge/x86_64,,3.12.3,2026-10-09T18:41:25Z
92,RSA-4096,classical,,encapsulate,0.2905,0.0,0.0,0.0,550,2371,512,0,0,0,0,0.0,4.3571,nan,edge/x86_64,,3.12.3,2026-10-09T18:41:25Z
92,RSA-4096,classical,,decapsulate,4.9074,0.0,0.0,0.0,550,2371,512,0,0,0,0,0.0,73.6114,nan,edge/x86_64,,3.12.3,2026-10-09T18:41:25Z
93,RSA-4096,classical,,keygen,365.8157,0.0,0.0,0.0,550,2374,0,0,0,0,0,0.0,5487.2348,nan,edge/x86_64,,3.12.3,2026-10-09T18:41:25Z
93,RSA-4096,classical,,encapsulate,0.1483,0.0,0.0,0.0,550,2374,512,0,0,0,0,0.0,2.2252,nan,edge/x86_64,,3.12.3,2026-10-09T18:41:25Z
93,RSA-4096,classical,,decapsulate,4.2541,0.0,0.0,0.0,550,2374,512,0,0,0,0,0.0,63.8117,nan,edge/x86_64,,3.12.3,2026-10-09T18:41:25Z
94,RSA-4096,classical,,keygen,244.7998,0.0,0.0,0.0,550,2373,0,0,0,0,0,0.0,3671.9971,nan,edge/x86_64,,3.12.3,2026-10-09T18:41:25Z
94,RSA-4096,classical,,encapsulate,0.1167,0.0,0.0,0.0,550,2373,512,0,0,0,0,0.0,1.7508,nan,edge/x86_64,,3.12.3,2026-10-09T18:41:25Z
94,RSA-4096,classical,,decapsulate,4.3309,0.0,0.0,0.0,550,2373,512,0,0,0,0,0.0,64.9637,nan,edge/x86_64,,3.12.3,2026-10-09T18:41:25Z
95,RSA-4096,classical,,keygen,413.0016,0.0,0.0,0.0,550,2373,0,0,0,0,0,0.0,6195.0243,nan,edge/x86_64,,3.12.3,2026-10-09T18:41:25Z
95,RSA-4096,classical,,encapsulate,0.1461,0.0,0.0,0.0,550,2373,512,0,0,0,0,0.0,2.191,nan,edge/x86_64,,3.12.3,2026-10-09T18:41:25Z
95,RSA-4096,classical,,decapsulate,4.2351,0.0,0.0,0.0,550,2373,512,0,0,0,0,0.0,63.5262,nan,edge/x86_64,,3.12.3,2026-10-09T18:41:25Z
96,RSA-4096,classical,,keygen,710.6042,0.0,0.0,0.0,550,2374,0,0,0,0,0,0.0,10659.0625,nan,edge/x86_64,,3.12.3,2026-10-09T18:41:25Z
96,RSA-4096,classical,,encapsulate,0.1289,0.0,0.0,0.0,550,2374,512,0,0,0,0,0.0,1.9337,nan,edge/x86_64,,3.12.3,2026-10-09T18:41:25Z
96,RSA-4096,classical,,decapsulate,4.2381,0.0,0.0,0.0,550,2374,512,0,0,0,0,0.0,63.5709,nan,edge/x86_64,,3.12.3,2026-10-09T18:41:25Z
97,RSA-4096,classical,,keygen,562.839,0.0,0.0,0.0,550,2373,0,0,0,0,0,0.0,8442.5855,nan,edge/x86_64,,3.12.3,2026-10-09T18:41:25Z
97,RSA-4096,classical,,encapsulate,0.1558,0.0,0.0,0.0,550,2373,512,0,0,0,0,0.0,2.3375,nan,edge/x86_64,,3.12.3,2026-10-09T18:41:25Z
97,RSA-4096,classical,,decapsulate,4.2987,0.0,0.0,0.0,550,2373,512,0,0,0,0,0.0,64.4808,nan,edge/x86_64,,3.12.3,2026-10-09T18:41:25Z
98,RSA-4096,classical,,keygen,247.9207,0.0,0.0,0.0,550,2375,0,0,0,0,0,0.0,3718.8099,nan,edge/x86_64,,3.12.3,2026-10-09T18:41:25Z
98,RSA-4096,classical,,encapsulate,0.2213,0.0,0.0,0.0,550,2375,512,0,0,0,0,0.0,3.3194,nan,edge/x86_64,,3.12.3,2026-10-09T18:41:25Z
98,RSA-4096,classical,,decapsulate,4.2554,0.0,0.0,0.0,550,2375,512,0,0,0,0,0.0,63.8309,nan,edge/x86_64,,3.12.3,2026-10-09T18:41:25Z
99,RSA-4096,classical,,keygen,262.1958,0.0,0.0,0.0,550,2374,0,0,0,0,0,0.0,3932.9373,nan,edge/x86_64,,3.12.3,2026-10-09T18:41:25Z
99,RSA-4096,classical,,encapsulate,0.1254,0.0,0.0,0.0,550,2374,512,0,0,0,0,0.0,1.8811,nan,edge/x86_64,,3.12.3,2026-10-09T18:41:25Z
99,RSA-4096,classical,,decapsulate,4.2605,0.0,0.0,0.0,550,2374,512,0,0,0,0,0.0,63.9076,nan,edge/x86_64,,3.12.3,2026-10-09T18:41:25Z
100,RSA-4096,classical,,keygen,58.7797,0.0,0.0,0.0,550,2372,0,0,0,0,0,0.0,881.6952,nan,edge/x86_64,,3.12.3,2026-10-09T18:41:25Z
100,RSA-4096,classical,,encapsulate,0.1443,0.0,0.0,0.0,550,2372,512,0,0,0,0,0.0,2.1649,nan,edge/x86_64,,3.12.3,2026-10-09T18:41:25Z
100,RSA-4096,classical,,decapsulate,4.2285,0.0,0.0,0.0,550,2372,512,0,0,0,0,0.0,63.428,nan,edge/x86_64,,3.12.3,2026-10-09T18:41:25Z
101,RSA-4096,classical,,keygen,312.3672,0.0,0.0,0.0,550,2375,0,0,0,0,0,0.0,4685.5075,nan,edge/x86_64,,3.12.3,2026-10-09T18:41:25Z
101,RSA-4096,classical,,encapsulate,0.2002,0.0,0.0,0.0,550,2375,512,0,0,0,0,0.0,3.0028,nan,edge/x86_64,,3.12.3,2026-10-09T18:41:25Z
101,RSA-4096,classical,,decapsulate,8.4859,0.0,0.0,0.0,550,2375,512,0,0,0,0,0.0,127.2889,nan,edge/x86_64,,3.12.3,2026-10-09T18:41:25Z
102,RSA-4096,classical,,keygen,659.7906,0.0,0.0,0.0,550,2374,0,0,0,0,0,0.0,9896.8587,nan,edge/x86_64,,3.12.3,2026-10-09T18:41:25Z
102,RSA-4096,classical,,encapsulate,0.1447,0.0,0.0,0.0,550,2374,512,0,0,0,0,0.0,2.1702,nan,edge/x86_64,,3.12.3,2026-10-09T18:41:25Z
102,RSA-4096,classical,,decapsulate,4.4496,0.0,0.0,0.0,550,2374,512,0,0,0,0,0.0,66.7435,nan,edge/x86_64,,3.12.3,2026-10-09T18:41:25Z
103,RSA-4096,classical,,keygen,333.0192,0.0,0.0,0.0,550,2373,0,0,0,0,0,0.0,4995.2886,nan,edge/x86_64,,3.12.3,2026-10-09T18:41:25Z
103,RSA-4096,classical,,encapsulate,0.1268,0.0,0.0,0.0,550,2373,512,0,0,0,0,0.0,1.9015,nan,edge/x86_64,,3.12.3,2026-10-09T18:41:25Z
103,RSA-4096,classical,,decapsulate,4.287,0.0,0.0,0.0,550,2373,512,0,0,0,0,0.0,64.3053,nan,edge/x86_64,,3.12.3,2026-10-09T18:41:25Z
104,RSA-4096,classical,,keygen,263.4963,0.0,0.0,0.0,550,2373,0,0,0,0,0,0.0,3952.4451,nan,edge/x86_64,,3.12.3,2026-10-09T18:41:25Z
104,RSA-4096,classical,,encapsulate,0.1355,0.0,0.0,0.0,550,2373,512,0,0,0,0,0.0,2.0323,nan,edge/x86_64,,3.12.3,2026-10-09T18:41:25Z
104,RSA-4096,classical,,decapsulate,4.2352,0.0,0.0,0.0,550,2373,512,0,0,0,0,0.0,63.5281,nan,edge/x86_64,,3.12.3,2026-10-09T18:41:25Z
105,RSA-4096,classical,,keygen,856.5558,0.0,0.0,0.0,550,2374,0,0,0,0,0,0.0,12848.3377,nan,edge/x86_64,,3.12.3,2026-10-09T18:41:25Z
105,RSA-4096,classical,,encapsulate,0.1282,0.0,0.0,0.0,550,2374,512,0,0,0,0,0.0,1.9232,nan,edge/x86_64,,3.12.3,2026-10-09T18:41:25Z
105,RSA-4096,classical,,decapsulate,4.2032,0.0,0.0,0.0,550,2374,512,0,0,0,0,0.0,63.048,nan,edge/x86_64,,3.12.3,2026-10-09T18:41:25Z
106,RSA-4096,classical,,keygen,293.5579,0.0,0.0,0.0,550,2374,0,0,0,0,0,0.0,4403.369,nan,edge/x86_64,,3.12.3,2026-10-09T18:41:25Z
106,RSA-4096,classical,,encapsulate,0.129,0.0,0.0,0.0,550,2374,512,0,0,0,0,0.0,1.9343,nan,edge/x86_64,,3.12.3,2026-10-09T18:41:25Z
106,RSA-4096,classical,,decapsulate,4.2602,0.0,0.0,0.0,550,2374,512,0,0,0,0,0.0,63.903,nan,edge/x86_64,,3.12.3,2026-10-09T18:41:25Z
107,RSA-4096,classical,,keygen,291.5263,0.0,0.0,0.0,550,2373,0,0,0,0,0,0.0,4372.8943,nan,edge/x86_64,,3.12.3,2026-10-09T18:41:25Z
107,RSA-4096,classical,,encapsulate,0.2605,0.0,0.0,0.0,550,2373,512,0,0,0,0,0.0,3.9072,nan,edge/x86_64,,3.12.3,2026-10-09T18:41:25Z
107,RSA-4096,classical,,decapsulate,9.752,0.0,0.0,0.0,550,2373,512,0,0,0,0,0.0,146.2796,nan,edge/x86_64,,3.12.3,2026-10-09T18:41:25Z
108,RSA-4096,classical,,keygen,423.5402,0.0,0.0,0.0,550,2376,0,0,0,0,0,0.0,6353.1032,nan,edge/x86_64,,3.12.3,2026-10-09T18:41:25Z
108,RSA-4096,classical,,encapsulate,0.3796,0.0,0.0,0.0,550,2376,512,0,0,0,0,0.0,5.6937,nan,edge/x86_64,,3.12.3,2026-10-09T18:41:25Z
108,RSA-4096,classical,,decapsulate,9.4292,0.0,0.0,0.0,550,2376,512,0,0,0,0,0.0,141.4377,nan,edge/x86_64,,3.12.3,2026-10-09T18:41:25Z
109,RSA-4096,classical,,keygen,1513.3509,0.0,0.0,0.0,550,2373,0,0,0,0,0,0.0,22700.2629,nan,edge/x86_64,,3.12.3,2026-10-09T18:41:25Z
109,RSA-4096,classical,,encapsulate,0.1436,0.0,0.0,0.0,550,2373,512,0,0,0,0,0.0,2.1535,nan,edge/x86_64,,3.12.3,2026-10-09T18:41:25Z
109,RSA-4096,classical,,decapsulate,4.3,0.0,0.0,0.0,550,2373,512,0,0,0,0,0.0,64.5005,nan,edge/x86_64,,3.12.3,2026-10-09T18:41:25Z
110,RSA-4096,classical,,keygen,284.6907,0.0,0.0,0.0,550,2374,0,0,0,0,0,0.0,4270.3598,nan,edge/x86_64,,3.12.3,2026-10-09T18:41:25Z
110,RSA-4096,classical,,encapsulate,0.3705,0.0,0.0,0.0,550,2374,512,0,0,0,0,0.0,5.5576,nan,edge/x86_64,,3.12.3,2026-10-09T18:41:25Z
110,RSA-4096,classical,,decapsulate,9.1819,0.0,0.0,0.0,550,2374,512,0,0,0,0,0.0,137.7286,nan,edge/x86_64,,3.12.3,2026-10-09T18:41:25Z
111,RSA-4096,classical,,keygen,1858.1189,0.0,0.0,0.0,550,2373,0,0,0,0,0,0.0,27871.7831,nan,edge/x86_64,,3.12.3,2026-10-09T18:41:25Z
111,RSA-4096,classical,,encapsulate,0.1468,0.0,0.0,0.0,550,2373,512,0,0,0,0,0.0,2.202,nan,edge/x86_64,,3.12.3,2026-10-09T18:41:25Z
111,RSA-4096,classical,,decapsulate,4.3638,0.0,0.0,0.0,550,2373,512,0,0,0,0,0.0,65.4572,nan,edge/x86_64,,3.12.3,2026-10-09T18:41:25Z
112,RSA-4096,classical,,keygen,487.4059,0.0,0.0,0.0,550,2374,0,0,0,0,0,0.0,7311.0881,nan,edge/x86_64,,3.12.3,2026-10-09T18:41:25Z
112,RSA-4096,classical,,encapsulate,0.1607,0.0,0.0,0.0,550,2374,512,0,0,0,0,0.0,2.4102,nan,edge/x86_64,,3.12.3,2026-10-09T18:41:25Z
112,RSA-4096,classical,,decapsulate,7.536,0.0,0.0,0.0,550,2374,512,0,0,0,0,0.0,113.0396,nan,edge/x86_64,,3.12.3,2026-10-09T18:41:25Z
113,RSA-4096,classical,,keygen,121.9154,0.0,0.0,0.0,550,2375,0,0,0,0,0,0.0,1828.7315,nan,edge/x86_64,,3.12.3,2026-10-09T18:41:25Z
113,RSA-4096,classical,,encapsulate,0.2475,0.0,0.0,0.0,550,2375,512,0,0,0,0,0.0,3.7131,nan,edge/x86_64,,3.12.3,2026-10-09T18:41:25Z
113,RSA-4096,classical,,decapsulate,9.1997,0.0,0.0,0.0,550,2375,512,0,0,0,0,0.0,137.9955,nan,edge/x86_64,,3.12.3,2026-10-09T18:41:25Z
114,RSA-4096,classical,,keygen,341.1467,0.0,0.0,0.0,550,2374,0,0,0,0,0,0.0,5117.2007,nan,edge/x86_64,,3.12.3,2026-10-09T18:41:25Z
114,RSA-4096,classical,,encapsulate,0.1758,0.0,0.0,0.0,550,2374,512,0,0,0,0,0.0,2.6369,nan,edge/x86_64,,3.12.3,2026-10-09T18:41:25Z
114,RSA-4096,classical,,decapsulate,4.4834,0.0,0.0,0.0,550,2374,512,0,0,0,0,0.0,67.2517,nan,edge/x86_64,,3.12.3,2026-10-09T18:41:25Z
115,RSA-4096,classical,,keygen,304.2309,0.0,0.0,0.0,550,2374,0,0,0,0,0,0.0,4563.4642,nan,edge/x86_64,,3.12.3,2026-10-09T18:41:25Z
115,RSA-4096,classical,,encapsulate,0.1725,0.0,0.0,0.0,550,2374,512,0,0,0,0,0.0,2.5881,nan,edge/x86_64,,3.12.3,2026-10-09T18:41:25Z
115,RSA-4096,classical,,decapsulate,4.3725,0.0,0.0,0.0,550,2374,512,0,0,0,0,0.0,65.5869,nan,edge/x86_64,,3.12.3,2026-10-09T18:41:25Z
116,RSA-4096,classical,,keygen,342.5015,0.0,0.0,0.0,550,2375,0,0,0,0,0,0.0,5137.522,nan,edge/x86_64,,3.12.3,2026-10-09T18:41:25Z
116,RSA-4096,classical,,encapsulate,0.3941,0.0,0.0,0.0,550,2375,512,0,0,0,0,0.0,5.912,nan,edge/x86_64,,3.12.3,2026-10-09T18:41:25Z
116,RSA-4096,classical,,decapsulate,8.98,0.0,0.0,0.0,550,2375,512,0,0,0,0,0.0,134.7007,nan,edge/x86_64,,3.12.3,2026-10-09T18:41:25Z
117,RSA-4096,classical,,keygen,1194.3234,0.0,0.0,0.0,550,2374,0,0,0,0,0,0.0,17914.8514,nan,edge/x86_64,,3.12.3,2026-10-09T18:41:25Z
117,RSA-4096,classical,,encapsulate,0.2493,0.0,0.0,0.0,550,2374,512,0,0,0,0,0.0,3.7396,nan,edge/x86_64,,3.12.3,2026-10-09T18:41:25Z
117,RSA-4096,classical,,decapsulate,9.0436,0.0,0.0,0.0,550,2374,512,0,0,0,0,0.0,135.6536,nan,edge/x86_64,,3.12.3,2026-10-09T18:41:25Z
118,RSA-4096,classical,,keygen,881.7767,0.0,0.0,0.0,550,2374,0,0,0,0,0,0.0,13226.6508,nan,edge/x86_64,,3.12.3,2026-10-09T18:41:25Z
118,RSA-4096,classical,,encapsulate,0.2605,0.0,0.0,0.0,550,2374,512,0,0,0,0,0.0,3.9073,nan,edge/x86_64,,3.12.3,2026-10-09T18:41:25Z
118,RSA-4096,classical,,decapsulate,4.3297,0.0,0.0,0.0,550,2374,512,0,0,0,0,0.0,64.9461,nan,edge/x86_64,,3.12.3,2026-10-09T18:41:25Z
119,RSA-4096,classical,,keygen,933.6556,0.0,0.0,0.0,550,2373,0,0,0,0,0,0.0,14004.8341,nan,edge/x86_64,,3.12.3,2026-10-09T18:41:25Z
119,RSA-4096,classical,,encapsulate,0.3586,0.0,0.0,0.0,550,2373,512,0,0,0,0,0.0,5.3788,nan,edge/x86_64,,3.12.3,2026-10-09T18:41:25Z
119,RSA-4096,classical,,decapsulate,9.1439,0.0,0.0,0.0,550,2373,512,0,0,0,0,0.0,137.159,nan,edge/x86_64,,3.12.3,2026-10-09T18:41:25Z
120,RSA-4096,classical,,keygen,266.7686,0.0,0.0,0.0,550,2373,0,0,0,0,0,0.0,4001.5297,nan,edge/x86_64,,3.12.3,2026-10-09T18:41:25Z
120,RSA-4096,classical,,encapsulate,0.2649,0.0,0.0,0.0,550,2373,512,0,0,0,0,0.0,3.9741,nan,edge/x86_64,,3.12.3,2026-10-09T18:41:25Z
120,RSA-4096,classical,,decapsulate,9.2684,0.0,0.0,0.0,550,2373,512,0,0,0,0,0.0,139.026,nan,edge/x86_64,,3.12.3,2026-10-09T18:41:25Z
121,RSA-4096,classical,,keygen,364.4351,0.0,0.0,0.0,550,2375,0,0,0,0,0,0.0,5466.5264,nan,edge/x86_64,,3.12.3,2026-10-09T18:41:25Z
121,RSA-4096,classical,,encapsulate,0.1422,0.0,0.0,0.0,550,2375,512,0,0,0,0,0.0,2.1334,nan,edge/x86_64,,3.12.3,2026-10-09T18:41:25Z
121,RSA-4096,classical,,decapsulate,4.5138,0.0,0.0,0.0,550,2375,512,0,0,0,0,0.0,67.7072,nan,edge/x86_64,,3.12.3,2026-10-09T18:41:25Z
122,RSA-4096,classical,,keygen,122.6109,0.0,0.0,0.0,550,2375,0,0,0,0,0,0.0,1839.1629,nan,edge/x86_64,,3.12.3,2026-10-09T18:41:25Z
122,RSA-4096,classical,,encapsulate,0.1606,0.0,0.0,0.0,550,2375,512,0,0,0,0,0.0,2.4095,nan,edge/x86_64,,3.12.3,2026-10-09T18:41:25Z
122,RSA-4096,classical,,decapsulate,4.3361,0.0,0.0,0.0,550,2375,512,0,0,0,0,0.0,65.0408,nan,edge/x86_64,,3.12.3,2026-10-09T18:41:25Z
123,RSA-4096,classical,,keygen,52.092,0.0,0.0,0.0,550,2374,0,0,0,0,0,0.0,781.38,nan,edge/x86_64,,3.12.3,2026-10-09T18:41:25Z
123,RSA-4096,classical,,encapsulate,0.1392,0.0,0.0,0.0,550,2374,512,0,0,0,0,0.0,2.0885,nan,edge/x86_64,,3.12.3,2026-10-09T18:41:25Z
123,RSA-4096,classical,,decapsulate,4.3045,0.0,0.0,0.0,550,2374,512,0,0,0,0,0.0,64.5673,nan,edge/x86_64,,3.12.3,2026-10-09T18:41:25Z
124,RSA-4096,classical,,keygen,287.9843,0.0,0.0,0.0,550,2375,0,0,0,0,0,0.0,4319.7648,nan,edge/x86_64,,3.12.3,2026-10-09T18:41:25Z
124,RSA-4096,classical,,encapsulate,0.1399,0.0,0.0,0.0,550,2375,512,0,0,0,0,0.0,2.0986,nan,edge/x86_64,,3.12.3,2026-10-09T18:41:25Z
124,RSA-4096,classical,,decapsulate,4.3342,0.0,0.0,0.0,550,2375,512,0,0,0,0,0.0,65.0128,nan,edge/x86_64,,3.12.3,2026-10-09T18:41:25Z
125,RSA-4096,classical,,keygen,403.7667,0.0,0.0,0.0,550,2373,0,0,0,0,0,0.0,6056.501,nan,edge/x86_64,,3.12.3,2026-10-09T18:41:25Z
125,RSA-4096,classical,,encapsulate,0.1408,0.0,0.0,0.0,550,2373,512,0,0,0,0,0.0,2.1125,nan,edge/x86_64,,3.12.3,2026-10-09T18:41:25Z
125,RSA-4096,classical,,decapsulate,4.3651,0.0,0.0,0.0,550,2373,512,0,0,0,0,0.0,65.477,nan,edge/x86_64,,3.12.3,2026-10-09T18:41:25Z
126,RSA-4096,classical,,keygen,1427.5939,0.0,0.0,0.0,550,2374,0,0,0,0,0,0.0,21413.909,nan,edge/x86_64,,3.12.3,2026-10-09T18:41:25Z
126,RSA-4096,classical,,encapsulate,0.1536,0.0,0.0,0.0,550,2374,512,0,0,0,0,0.0,2.304,nan,edge/x86_64,,3.12.3,2026-10-09T18:41:25Z
126,RSA-4096,classical,,decapsulate,4.3951,0.0,0.0,0.0,550,2374,512,0,0,0,0,0.0,65.9272,nan,edge/x86_64,,3.12.3,2026-10-09T18:41:25Z
127,RSA-4096,classical,,keygen,1227.4498,0.0,0.0,0.0,550,2374,0,0,0,0,0,0.0,18411.7469,nan,edge/x86_64,,3.12.3,2026-10-09T18:41:25Z
127,RSA-4096,classical,,encapsulate,0.1389,0.0,0.0,0.0,550,2374,512,0,0,0,0,0.0,2.0837,nan,edge/x86_64,,3.12.3,2026-10-09T18:41:25Z
127,RSA-4096,classical,,decapsulate,4.4484,0.0,0.0,0.0,550,2374,512,0,0,0,0,0.0,66.7261,nan,edge/x86_64,,3.12.3,2026-10-09T18:41:25Z
128,RSA-4096,classical,,keygen,501.6373,0.0,0.0,0.0,550,2376,0,0,0,0,0,0.0,7524.5597,nan,edge/x86_64,,3.12.3,2026-10-09T18:41:25Z
128,RSA-4096,classical,,encapsulate,0.1543,0.0,0.0,0.0,550,2376,512,0,0,0,0,0.0,2.3145,nan,edge/x86_64,,3.12.3,2026-10-09T18:41:25Z
128,RSA-4096,classical,,decapsulate,4.363,0.0,0.0,0.0,550,2376,512,0,0,0,0,0.0,65.445,nan,edge/x86_64,,3.12.3,2026-10-09T18:41:25Z
129,RSA-4096,classical,,keygen,764.1354,0.0,0.0,0.0,550,2374,0,0,0,0,0,0.0,11462.0317,nan,edge/x86_64,,3.12.3,2026-10-09T18:41:25Z
129,RSA-4096,classical,,encapsulate,0.1621,0.0,0.0,0.0,550,2374,512,0,0,0,0,0.0,2.4311,nan,edge/x86_64,,3.12.3,2026-10-09T18:41:25Z
129,RSA-4096,classical,,decapsulate,6.9429,0.0,0.0,0.0,550,2374,512,0,0,0,0,0.0,104.1431,nan,edge/x86_64,,3.12.3,2026-10-09T18:41:25Z
130,RSA-4096,classical,,keygen,524.152,0.0,0.0,0.0,550,2374,0,0,0,0,0,0.0,7862.2794,nan,edge/x86_64,,3.12.3,2026-10-09T18:41:25Z
130,RSA-4096,classical,,encapsulate,0.2673,0.0,0.0,0.0,550,2374,512,0,0,0,0,0.0,4.009,nan,edge/x86_64,,3.12.3,2026-10-09T18:41:25Z
130,RSA-4096,classical,,decapsulate,9.1065,0.0,0.0,0.0,550,2374,512,0,0,0,0,0.0,136.5978,nan,edge/x86_64,,3.12.3,2026-10-09T18:41:25Z
131,RSA-4096,classical,,keygen,1109.4437,0.0,0.0,0.0,550,2374,0,0,0,0,0,0.0,16641.656,nan,edge/x86_64,,3.12.3,2026-10-09T18:41:25Z
131,RSA-4096,classical,,encapsulate,0.2539,0.0,0.0,0.0,550,2374,512,0,0,0,0,0.0,3.8092,nan,edge/x86_64,,3.12.3,2026-10-09T18:41:25Z
131,RSA-4096,classical,,decapsulate,9.341,0.0,0.0,0.0,550,2374,512,0,0,0,0,0.0,140.115,nan,edge/x86_64,,3.12.3,2026-10-09T18:41:25Z
132,RSA-4096,classical,,keygen,373.0052,0.0,0.0,0.0,550,2375,0,0,0,0,0,0.0,5595.078,nan,edge/x86_64,,3.12.3,2026-10-09T18:41:25Z
132,RSA-4096,classical,,encapsulate,0.3237,0.0,0.0,0.0,550,2375,512,0,0,0,0,0.0,4.8553,nan,edge/x86_64,,3.12.3,2026-10-09T18:41:25Z
132,RSA-4096,classical,,decapsulate,9.2164,0.0,0.0,0.0,550,2375,512,0,0,0,0,0.0,138.2465,nan,edge/x86_64,,3.12.3,2026-10-09T18:41:25Z
133,RSA-4096,classical,,keygen,298.54,0.0,0.0,0.0,550,2374,0,0,0,0,0,0.0,4478.1,nan,edge/x86_64,,3.12.3,2026-10-09T18:41:25Z
133,RSA-4096,classical,,encapsulate,0.2604,0.0,0.0,0.0,550,2374,512,0,0,0,0,0.0,3.9066,nan,edge/x86_64,,3.12.3,2026-10-09T18:41:25Z
133,RSA-4096,classical,,decapsulate,9.2027,0.0,0.0,0.0,550,2374,512,0,0,0,0,0.0,138.0412,nan,edge/x86_64,,3.12.3,2026-10-09T18:41:25Z
134,RSA-4096,classical,,keygen,662.9678,0.0,0.0,0.0,550,2375,0,0,0,0,0,0.0,9944.5165,nan,edge/x86_64,,3.12.3,2026-10-09T18:41:25Z
134,RSA-4096,classical,,encapsulate,0.2792,0.0,0.0,0.0,550,2375,512,0,0,0,0,0.0,4.1883,nan,edge/x86_64,,3.12.3,2026-10-09T18:41:25Z
134,RSA-4096,classical,,decapsulate,9.0172,0.0,0.0,0.0,550,2375,512,0,0,0,0,0.0,135.2585,nan,edge/x86_64,,3.12.3,2026-10-09T18:41:25Z
135,RSA-4096,classical,,keygen,728.0253,0.0,0.0,0.0,550,2374,0,0,0,0,0,0.0,10920.3792,nan,edge/x86_64,,3.12.3,2026-10-09T18:41:25Z
135,RSA-4096,classical,,encapsulate,0.138,0.0,0.0,0.0,550,2374,512,0,0,0,0,0.0,2.0704,nan,edge/x86_64,,3.12.3,2026-10-09T18:41:25Z
135,RSA-4096,classical,,decapsulate,4.3146,0.0,0.0,0.0,550,2374,512,0,0,0,0,0.0,64.7184,nan,edge/x86_64,,3.12.3,2026-10-09T18:41:25Z
136,RSA-4096,classical,,keygen,954.5642,0.0,0.0,0.0,550,2375,0,0,0,0,0,0.0,14318.4636,nan,edge/x86_64,,3.12.3,2026-10-09T18:41:25Z
136,RSA-4096,classical,,encapsulate,0.2821,0.0,0.0,0.0,550,2375,512,0,0,0,0,0.0,4.2318,nan,edge/x86_64,,3.12.3,2026-10-09T18:41:25Z
136,RSA-4096,classical,,decapsulate,7.1344,0.0,0.0,0.0,550,2375,512,0,0,0,0,0.0,107.0164,nan,edge/x86_64,,3.12.3,2026-10-09T18:41:25Z
137,RSA-4096,classical,,keygen,1839.01,0.0,0.0,0.0,550,2373,0,0,0,0,0,0.0,27585.1497,nan,edge/x86_64,,3.12.3,2026-10-09T18:41:25Z
137,RSA-4096,classical,,encapsulate,0.263,0.0,0.0,0.0,550,2373,512,0,0,0,0,0.0,3.9448,nan,edge/x86_64,,3.12.3,2026-10-09T18:41:25Z
137,RSA-4096,classical,,decapsulate,9.4541,0.0,0.0,0.0,550,2373,512,0,0,0,0,0.0,141.8108,nan,edge/x86_64,,3.12.3,2026-10-09T18:41:25Z
138,RSA-4096,classical,,keygen,711.8078,0.0,0.0,0.0,550,2373,0,0,0,0,0,0.0,10677.117,nan,edge/x86_64,,3.12.3,2026-10-09T18:41:25Z
138,RSA-4096,classical,,encapsulate,0.3615,0.0,0.0,0.0,550,2373,512,0,0,0,0,0.0,5.4225,nan,edge/x86_64,,3.12.3,2026-10-09T18:41:25Z
138,RSA-4096,classical,,decapsulate,4.4121,0.0,0.0,0.0,550,2373,512,0,0,0,0,0.0,66.1815,nan,edge/x86_64,,3.12.3,2026-10-09T18:41:25Z
139,RSA-4096,classical,,keygen,1607.9569,0.0,0.0,0.0,550,2375,0,0,0,0,0,0.0,24119.3539,nan,edge/x86_64,,3.12.3,2026-10-09T18:41:25Z
139,RSA-4096,classical,,encapsulate,0.157,0.0,0.0,0.0,550,2375,512,0,0,0,0,0.0,2.3555,nan,edge/x86_64,,3.12.3,2026-10-09T18:41:25Z
139,RSA-4096,classical,,decapsulate,4.3264,0.0,0.0,0.0,550,2375,512,0,0,0,0,0.0,64.8955,nan,edge/x86_64,,3.12.3,2026-10-09T18:41:25Z
140,RSA-4096,classical,,keygen,562.7873,0.0,0.0,0.0,550,2373,0,0,0,0,0,0.0,8441.8091,nan,edge/x86_64,,3.12.3,2026-10-09T18:41:25Z
140,RSA-4096,classical,,encapsulate,0.2802,0.0,0.0,0.0,550,2373,512,0,0,0,0,0.0,4.2026,nan,edge/x86_64,,3.12.3,2026-10-09T18:41:25Z
140,RSA-4096,classical,,decapsulate,9.4298,0.0,0.0,0.0,550,2373,512,0,0,0,0,0.0,141.4466,nan,edge/x86_64,,3.12.3,2026-10-09T18:41:25Z
141,RSA-4096,classical,,keygen,719.3586,0.0,0.0,0.0,550,2375,0,0,0,0,0,0.0,10790.3787,nan,edge/x86_64,,3.12.3,2026-10-09T18:41:25Z
141,RSA-4096,classical,,encapsulate,0.1376,0.0,0.0,0.0,550,2375,512,0,0,0,0,0.0,2.0643,nan,edge/x86_64,,3.12.3,2026-10-09T18:41:25Z
141,RSA-4096,classical,,decapsulate,8.9221,0.0,0.0,0.0,550,2375,512,0,0,0,0,0.0,133.8316,nan,edge/x86_64,,3.12.3,2026-10-09T18:41:25Z
142,RSA-4096,classical,,keygen,308.0792,0.0,0.0,0.0,550,2374,0,0,0,0,0,0.0,4621.1883,nan,edge/x86_64,,3.12.3,2026-10-09T18:41:25Z
142,RSA-4096,classical,,encapsulate,0.3236,0.0,0.0,0.0,550,2374,512,0,0,0,0,0.0,4.8544,nan,edge/x86_64,,3.12.3,2026-10-09T18:41:25Z
142,RSA-4096,classical,,decapsulate,9.5499,0.0,0.0,0.0,550,2374,512,0,0,0,0,0.0,143.2487,nan,edge/x86_64,,3.12.3,2026-10-09T18:41:25Z
143,RSA-4096,classical,,keygen,583.8873,0.0,0.0,0.0,550,2374,0,0,0,0,0,0.0,8758.3099,nan,edge/x86_64,,3.12.3,2026-10-09T18:41:25Z
143,RSA-4096,classical,,encapsulate,0.1358,0.0,0.0,0.0,550,2374,512,0,0,0,0,0.0,2.0372,nan,edge/x86_64,,3.12.3,2026-10-09T18:41:25Z
143,RSA-4096,classical,,decapsulate,4.2646,0.0,0.0,0.0,550,2374,512,0,0,0,0,0.0,63.9684,nan,edge/x86_64,,3.12.3,2026-10-09T18:41:25Z
144,RSA-4096,classical,,keygen,873.5644,0.0,0.0,0.0,550,2373,0,0,0,0,0,0.0,13103.4659,nan,edge/x86_64,,3.12.3,2026-10-09T18:41:25Z
144,RSA-4096,classical,,encapsulate,0.2593,0.0,0.0,0.0,550,2373,512,0,0,0,0,0.0,3.8896,nan,edge/x86_64,,3.12.3,2026-10-09T18:41:25Z
144,RSA-4096,classical,,decapsulate,9.2841,0.0,0.0,0.0,550,2373,512,0,0,0,0,0.0,139.2609,nan,edge/x86_64,,3.12.3,2026-10-09T18:41:25Z
145,RSA-4096,classical,,keygen,1110.3416,0.0,0.0,0.0,550,2375,0,0,0,0,0,0.0,16655.1237,nan,edge/x86_64,,3.12.3,2026-10-09T18:41:25Z
145,RSA-4096,classical,,encapsulate,0.2558,0.0,0.0,0.0,550,2375,512,0,0,0,0,0.0,3.8363,nan,edge/x86_64,,3.12.3,2026-10-09T18:41:25Z
145,RSA-4096,classical,,decapsulate,9.0327,0.0,0.0,0.0,550,2375,512,0,0,0,0,0.0,135.4899,nan,edge/x86_64,,3.12.3,2026-10-09T18:41:25Z
146,RSA-4096,classical,,keygen,683.1824,0.0,0.0,0.0,550,2374,0,0,0,0,0,0.0,10247.736,nan,edge/x86_64,,3.12.3,2026-10-09T18:41:25Z
146,RSA-4096,classical,,encapsulate,0.3693,0.0,0.0,0.0,550,2374,512,0,0,0,0,0.0,5.5396,nan,edge/x86_64,,3.12.3,2026-10-09T18:41:25Z
146,RSA-4096,classical,,decapsulate,9.1384,0.0,0.0,0.0,550,2374,512,0,0,0,0,0.0,137.0757,nan,edge/x86_64,,3.12.3,2026-10-09T18:41:25Z
147,RSA-4096,classical,,keygen,440.4546,0.0,0.0,0.0,550,2373,0,0,0,0,0,0.0,6606.8187,nan,edge/x86_64,,3.12.3,2026-10-09T18:41:25Z
147,RSA-4096,classical,,encapsulate,0.2381,0.0,0.0,0.0,550,2373,512,0,0,0,0,0.0,3.5711,nan,edge/x86_64,,3.12.3,2026-10-09T18:41:25Z
147,RSA-4096,classical,,decapsulate,9.229,0.0,0.0,0.0,550,2373,512,0,0,0,0,0.0,138.435,nan,edge/x86_64,,3.12.3,2026-10-09T18:41:25Z
148,RSA-4096,classical,,keygen,1092.6662,0.0,0.0,0.0,550,2375,0,0,0,0,0,0.0,16389.9924,nan,edge/x86_64,,3.12.3,2026-10-09T18:41:25Z
148,RSA-4096,classical,,encapsulate,0.2747,0.0,0.0,0.0,550,2375,512,0,0,0,0,0.0,4.1198,nan,edge/x86_64,,3.12.3,2026-10-09T18:41:25Z
148,RSA-4096,classical,,decapsulate,9.2117,0.0,0.0,0.0,550,2375,512,0,0,0,0,0.0,138.1756,nan,edge/x86_64,,3.12.3,2026-10-09T18:41:25Z
149,RSA-4096,classical,,keygen,409.4084,0.0,0.0,0.0,550,2374,0,0,0,0,0,0.0,6141.1264,nan,edge/x86_64,,3.12.3,2026-10-09T18:41:25Z
149,RSA-4096,classical,,encapsulate,0.4352,0.0,0.0,0.0,550,2374,512,0,0,0,0,0.0,6.5276,nan,edge/x86_64,,3.12.3,2026-10-09T18:41:25Z
149,RSA-4096,classical,,decapsulate,10.0583,0.0,0.0,0.0,550,2374,512,0,0,0,0,0.0,150.8745,nan,edge/x86_64,,3.12.3,2026-10-09T18:41:25Z
150,RSA-4096,classical,,keygen,352.7092,0.0,0.0,0.0,550,2375,0,0,0,0,0,0.0,5290.6383,nan,edge/x86_64,,3.12.3,2026-10-09T18:41:25Z
150,RSA-4096,classical,,encapsulate,0.1719,0.0,0.0,0.0,550,2375,512,0,0,0,0,0.0,2.5783,nan,edge/x86_64,,3.12.3,2026-10-09T18:41:25Z
150,RSA-4096,classical,,decapsulate,5.3044,0.0,0.0,0.0,550,2375,512,0,0,0,0,0.0,79.5664,nan,edge/x86_64,,3.12.3,2026-10-09T18:41:25Z
151,RSA-4096,classical,,keygen,326.9178,0.0,0.0,0.0,550,2375,0,0,0,0,0,0.0,4903.7671,nan,edge/x86_64,,3.12.3,2026-10-09T18:41:25Z
151,RSA-4096,classical,,encapsulate,0.5114,0.0,0.0,0.0,550,2375,512,0,0,0,0,0.0,7.6717,nan,edge/x86_64,,3.12.3,2026-10-09T18:41:25Z
151,RSA-4096,classical,,decapsulate,10.0977,0.0,0.0,0.0,550,2375,512,0,0,0,0,0.0,151.4655,nan,edge/x86_64,,3.12.3,2026-10-09T18:41:25Z
152,RSA-4096,classical,,keygen,655.4566,0.0,0.0,0.0,550,2374,0,0,0,0,0,0.0,9831.8492,nan,edge/x86_64,,3.12.3,2026-10-09T18:41:25Z
152,RSA-4096,classical,,encapsulate,0.2822,0.0,0.0,0.0,550,2374,512,0,0,0,0,0.0,4.2337,nan,edge/x86_64,,3.12.3,2026-10-09T18:41:25Z
152,RSA-4096,classical,,decapsulate,9.178,0.0,0.0,0.0,550,2374,512,0,0,0,0,0.0,137.6704,nan,edge/x86_64,,3.12.3,2026-10-09T18:41:25Z
153,RSA-4096,classical,,keygen,1617.8749,0.0,0.0,0.0,550,2375,0,0,0,0,0,0.0,24268.1231,nan,edge/x86_64,,3.12.3,2026-10-09T18:41:25Z
153,RSA-4096,classical,,encapsulate,0.1461,0.0,0.0,0.0,550,2375,512,0,0,0,0,0.0,2.1909,nan,edge/x86_64,,3.12.3,2026-10-09T18:41:25Z
153,RSA-4096,classical,,decapsulate,4.5763,0.0,0.0,0.0,550,2375,512,0,0,0,0,0.0,68.6443,nan,edge/x86_64,,3.12.3,2026-10-09T18:41:25Z
154,RSA-4096,classical,,keygen,169.2062,0.0,0.0,0.0,550,2373,0,0,0,0,0,0.0,2538.0925,nan,edge/x86_64,,3.12.3,2026-10-09T18:41:25Z
154,RSA-4096,classical,,encapsulate,0.2989,0.0,0.0,0.0,550,2373,512,0,0,0,0,0.0,4.4837,nan,edge/x86_64,,3.12.3,2026-10-09T18:41:25Z
154,RSA-4096,classical,,decapsulate,9.0447,0.0,0.0,0.0,550,2373,512,0,0,0,0,0.0,135.6709,nan,edge/x86_64,,3.12.3,2026-10-09T18:41:25Z
155,RSA-4096,classical,,keygen,544.5063,0.0,0.0,0.0,550,2373,0,0,0,0,0,0.0,8167.5951,nan,edge/x86_64,,3.12.3,2026-10-09T18:41:25Z
155,RSA-4096,classical,,encapsulate,0.1545,0.0,0.0,0.0,550,2373,512,0,0,0,0,0.0,2.3169,nan,edge/x86_64,,3.12.3,2026-10-09T18:41:25Z
155,RSA-4096,classical,,decapsulate,4.5764,0.0,0.0,0.0,550,2373,512,0,0,0,0,0.0,68.6467,nan,edge/x86_64,,3.12.3,2026-10-09T18:41:25Z
156,RSA-4096,classical,,keygen,461.4801,0.0,0.0,0.0,550,2375,0,0,0,0,0,0.0,6922.2011,nan,edge/x86_64,,3.12.3,2026-10-09T18:41:25Z
156,RSA-4096,classical,,encapsulate,0.2455,0.0,0.0,0.0,550,2375,512,0,0,0,0,0.0,3.6823,nan,edge/x86_64,,3.12.3,2026-10-09T18:41:25Z
156,RSA-4096,classical,,decapsulate,8.9464,0.0,0.0,0.0,550,2375,512,0,0,0,0,0.0,134.1965,nan,edge/x86_64,,3.12.3,2026-10-09T18:41:25Z
157,RSA-4096,classical,,keygen,474.5774,0.0,0.0,0.0,550,2373,0,0,0,0,0,0.0,7118.6605,nan,edge/x86_64,,3.12.3,2026-10-09T18:41:25Z
157,RSA-4096,classical,,encapsulate,0.1724,0.0,0.0,0.0,550,2373,512,0,0,0,0,0.0,2.5862,nan,edge/x86_64,,3.12.3,2026-10-09T18:41:25Z
157,RSA-4096,classical,,decapsulate,4.3543,0.0,0.0,0.0,550,2373,512,0,0,0,0,0.0,65.3145,nan,edge/x86_64,,3.12.3,2026-10-09T18:41:25Z
158,RSA-4096,classical,,keygen,378.3733,0.0,0.0,0.0,550,2373,0,0,0,0,0,0.0,5675.6002,nan,edge/x86_64,,3.12.3,2026-10-09T18:41:25Z
158,RSA-4096,classical,,encapsulate,0.1657,0.0,0.0,0.0,550,2373,512,0,0,0,0,0.0,2.4861,nan,edge/x86_64,,3.12.3,2026-10-09T18:41:25Z
158,RSA-4096,classical,,decapsulate,4.2872,0.0,0.0,0.0,550,2373,512,0,0,0,0,0.0,64.3074,nan,edge/x86_64,,3.12.3,2026-10-09T18:41:25Z
159,RSA-4096,classical,,keygen,443.5124,0.0,0.0,0.0,550,2375,0,0,0,0,0,0.0,6652.6855,nan,edge/x86_64,,3.12.3,2026-10-09T18:41:25Z
159,RSA-4096,classical,,encapsulate,0.2497,0.0,0.0,0.0,550,2375,512,0,0,0,0,0.0,3.745,nan,edge/x86_64,,3.12.3,2026-10-09T18:41:25Z
159,RSA-4096,classical,,decapsulate,9.12,0.0,0.0,0.0,550,2375,512,0,0,0,0,0.0,136.7999,nan,edge/x86_64,,3.12.3,2026-10-09T18:41:25Z
160,RSA-4096,classical,,keygen,298.4969,0.0,0.0,0.0,550,2376,0,0,0,0,0,0.0,4477.4529,nan,edge/x86_64,,3.12.3,2026-10-09T18:41:25Z
160,RSA-4096,classical,,encapsulate,0.2695,0.0,0.0,0.0,550,2376,512,0,0,0,0,0.0,4.0432,nan,edge/x86_64,,3.12.3,2026-10-09T18:41:25Z
160,RSA-4096,classical,,decapsulate,9.6866,0.0,0.0,0.0,550,2376,512,0,0,0,0,0.0,145.2988,nan,edge/x86_64,,3.12.3,2026-10-09T18:41:25Z
161,RSA-4096,classical,,keygen,1052.6739,0.0,0.0,0.0,550,2374,0,0,0,0,0,0.0,15790.1078,nan,edge/x86_64,,3.12.3,2026-10-09T18:41:25Z
161,RSA-4096,classical,,encapsulate,0.4011,0.0,0.0,0.0,550,2374,512,0,0,0,0,0.0,6.0159,nan,edge/x86_64,,3.12.3,2026-10-09T18:41:25Z
161,RSA-4096,classical,,decapsulate,9.5905,0.0,0.0,0.0,550,2374,512,0,0,0,0,0.0,143.8582,nan,edge/x86_64,,3.12.3,2026-10-09T18:41:25Z
162,RSA-4096,classical,,keygen,545.7956,0.0,0.0,0.0,550,2375,0,0,0,0,0,0.0,8186.9341,nan,edge/x86_64,,3.12.3,2026-10-09T18:41:25Z
162,RSA-4096,classical,,encapsulate,0.1779,0.0,0.0,0.0,550,2375,512,0,0,0,0,0.0,2.6687,nan,edge/x86_64,,3.12.3,2026-10-09T18:41:25Z
162,RSA-4096,classical,,decapsulate,5.1396,0.0,0.0,0.0,550,2375,512,0,0,0,0,0.0,77.0933,nan,edge/x86_64,,3.12.3,2026-10-09T18:41:25Z
163,RSA-4096,classical,,keygen,235.9942,0.0,0.0,0.0,550,2374,0,0,0,0,0,0.0,3539.913,nan,edge/x86_64,,3.12.3,2026-10-09T18:41:25Z
163,RSA-4096,classical,,encapsulate,0.2751,0.0,0.0,0.0,550,2374,512,0,0,0,0,0.0,4.1258,nan,edge/x86_64,,3.12.3,2026-10-09T18:41:25Z
163,RSA-4096,classical,,decapsulate,8.9916,0.0,0.0,0.0,550,2374,512,0,0,0,0,0.0,134.8733,nan,edge/x86_64,,3.12.3,2026-10-09T18:41:25Z
164,RSA-4096,classical,,keygen,1688.4489,0.0,0.0,0.0,550,2375,0,0,0,0,0,0.0,25326.7341,nan,edge/x86_64,,3.12.3,2026-10-09T18:41:25Z
164,RSA-4096,classical,,encapsulate,0.2655,0.0,0.0,0.0,550,2375,512,0,0,0,0,0.0,3.9821,nan,edge/x86_64,,3.12.3,2026-10-09T18:41:25Z
164,RSA-4096,classical,,decapsulate,9.0464,0.0,0.0,0.0,550,2375,512,0,0,0,0,0.0,135.6965,nan,edge/x86_64,,3.12.3,2026-10-09T18:41:25Z
165,RSA-4096,classical,,keygen,622.9261,0.0,0.0,0.0,550,2375,0,0,0,0,0,0.0,9343.891,nan,edge/x86_64,,3.12.3,2026-10-09T18:41:25Z
165,RSA-4096,classical,,encapsulate,0.2528,0.0,0.0,0.0,550,2375,512,0,0,0,0,0.0,3.792,nan,edge/x86_64,,3.12.3,2026-10-09T18:41:25Z
165,RSA-4096,classical,,decapsulate,9.2344,0.0,0.0,0.0,550,2375,512,0,0,0,0,0.0,138.516,nan,edge/x86_64,,3.12.3,2026-10-09T18:41:25Z
166,RSA-4096,classical,,keygen,578.6523,0.0,0.0,0.0,550,2374,0,0,0,0,0,0.0,8679.7838,nan,edge/x86_64,,3.12.3,2026-10-09T18:41:25Z
166,RSA-4096,classical,,encapsulate,0.138,0.0,0.0,0.0,550,2374,512,0,0,0,0,0.0,2.0707,nan,edge/x86_64,,3.12.3,2026-10-09T18:41:25Z
166,RSA-4096,classical,,decapsulate,5.1533,0.0,0.0,0.0,550,2374,512,0,0,0,0,0.0,77.3001,nan,edge/x86_64,,3.12.3,2026-10-09T18:41:25Z
167,RSA-4096,classical,,keygen,484.795,0.0,0.0,0.0,550,2373,0,0,0,0,0,0.0,7271.9249,nan,edge/x86_64,,3.12.3,2026-10-09T18:41:25Z
167,RSA-4096,classical,,encapsulate,0.1568,0.0,0.0,0.0,550,2373,512,0,0,0,0,0.0,2.3523,nan,edge/x86_64,,3.12.3,2026-10-09T18:41:25Z
167,RSA-4096,classical,,decapsulate,4.7234,0.0,0.0,0.0,550,2373,512,0,0,0,0,0.0,70.8515,nan,edge/x86_64,,3.12.3,2026-10-09T18:41:25Z
168,RSA-4096,classical,,keygen,492.3539,0.0,0.0,0.0,550,2375,0,0,0,0,0,0.0,7385.3088,nan,edge/x86_64,,3.12.3,2026-10-09T18:41:25Z
168,RSA-4096,classical,,encapsulate,0.3021,0.0,0.0,0.0,550,2375,512,0,0,0,0,0.0,4.5315,nan,edge/x86_64,,3.12.3,2026-10-09T18:41:25Z
168,RSA-4096,classical,,decapsulate,9.4251,0.0,0.0,0.0,550,2375,512,0,0,0,0,0.0,141.377,nan,edge/x86_64,,3.12.3,2026-10-09T18:41:25Z
169,RSA-4096,classical,,keygen,589.017,0.0,0.0,0.0,550,2375,0,0,0,0,0,0.0,8835.2557,nan,edge/x86_64,,3.12.3,2026-10-09T18:41:25Z
169,RSA-4096,classical,,encapsulate,0.2745,0.0,0.0,0.0,550,2375,512,0,0,0,0,0.0,4.1177,nan,edge/x86_64,,3.12.3,2026-10-09T18:41:25Z
169,RSA-4096,classical,,decapsulate,9.2244,0.0,0.0,0.0,550,2375,512,0,0,0,0,0.0,138.3661,nan,edge/x86_64,,3.12.3,2026-10-09T18:41:25Z
170,RSA-4096,classical,,keygen,553.9908,0.0,0.0,0.0,550,2375,0,0,0,0,0,0.0,8309.8624,nan,edge/x86_64,,3.12.3,2026-10-09T18:41:25Z
170,RSA-4096,classical,,encapsulate,0.2279,0.0,0.0,0.0,550,2375,512,0,0,0,0,0.0,3.4184,nan,edge/x86_64,,3.12.3,2026-10-09T18:41:25Z
170,RSA-4096,classical,,decapsulate,9.1985,0.0,0.0,0.0,550,2375,512,0,0,0,0,0.0,137.9774,nan,edge/x86_64,,3.12.3,2026-10-09T18:41:25Z
171,RSA-4096,classical,,keygen,648.8861,0.0,0.0,0.0,550,2375,0,0,0,0,0,0.0,9733.292,nan,edge/x86_64,,3.12.3,2026-10-09T18:41:25Z
171,RSA-4096,classical,,encapsulate,0.1407,0.0,0.0,0.0,550,2375,512,0,0,0,0,0.0,2.1108,nan,edge/x86_64,,3.12.3,2026-10-09T18:41:25Z
171,RSA-4096,classical,,decapsulate,4.7103,0.0,0.0,0.0,550,2375,512,0,0,0,0,0.0,70.6543,nan,edge/x86_64,,3.12.3,2026-10-09T18:41:25Z
172,RSA-4096,classical,,keygen,1074.2977,0.0,0.0,0.0,550,2376,0,0,0,0,0,0.0,16114.4652,nan,edge/x86_64,,3.12.3,2026-10-09T18:41:25Z
172,RSA-4096,classical,,encapsulate,0.2637,0.0,0.0,0.0,550,2376,512,0,0,0,0,0.0,3.9555,nan,edge/x86_64,,3.12.3,2026-10-09T18:41:25Z
172,RSA-4096,classical,,decapsulate,9.5044,0.0,0.0,0.0,550,2376,512,0,0,0,0,0.0,142.5657,nan,edge/x86_64,,3.12.3,2026-10-09T18:41:25Z
173,RSA-4096,classical,,keygen,468.5861,0.0,0.0,0.0,550,2374,0,0,0,0,0,0.0,7028.791,nan,edge/x86_64,,3.12.3,2026-10-09T18:41:25Z
173,RSA-4096,classical,,encapsulate,0.2959,0.0,0.0,0.0,550,2374,512,0,0,0,0,0.0,4.4378,nan,edge/x86_64,,3.12.3,2026-10-09T18:41:25Z
173,RSA-4096,classical,,decapsulate,9.2343,0.0,0.0,0.0,550,2374,512,0,0,0,0,0.0,138.5146,nan,edge/x86_64,,3.12.3,2026-10-09T18:41:25Z
174,RSA-4096,classical,,keygen,70.6964,0.0,0.0,0.0,550,2373,0,0,0,0,0,0.0,1060.4466,nan,edge/x86_64,,3.12.3,2026-10-09T18:41:25Z
174,RSA-4096,classical,,encapsulate,0.143,0.0,0.0,0.0,550,2373,512,0,0,0,0,0.0,2.1455,nan,edge/x86_64,,3.12.3,2026-10-09T18:41:25Z
174,RSA-4096,classical,,decapsulate,4.4897,0.0,0.0,0.0,550,2373,512,0,0,0,0,0.0,67.3453,nan,edge/x86_64,,3.12.3,2026-10-09T18:41:25Z
175,RSA-4096,classical,,keygen,666.4642,0.0,0.0,0.0,550,2376,0,0,0,0,0,0.0,9996.9627,nan,edge/x86_64,,3.12.3,2026-10-09T18:41:25Z
175,RSA-4096,classical,,encapsulate,0.274,0.0,0.0,0.0,550,2376,512,0,0,0,0,0.0,4.1103,nan,edge/x86_64,,3.12.3,2026-10-09T18:41:25Z
175,RSA-4096,classical,,decapsulate,4.5181,0.0,0.0,0.0,550,2376,512,0,0,0,0,0.0,67.7716,nan,edge/x86_64,,3.12.3,2026-10-09T18:41:25Z
176,RSA-4096,classical,,keygen,487.5117,0.0,0.0,0.0,550,2371,0,0,0,0,0,0.0,7312.6761,nan,edge/x86_64,,3.12.3,2026-10-09T18:41:25Z
176,RSA-4096,classical,,encapsulate,0.2885,0.0,0.0,0.0,550,2371,512,0,0,0,0,0.0,4.3279,nan,edge/x86_64,,3.12.3,2026-10-09T18:41:25Z
176,RSA-4096,classical,,decapsulate,9.5862,0.0,0.0,0.0,550,2371,512,0,0,0,0,0.0,143.7928,nan,edge/x86_64,,3.12.3,2026-10-09T18:41:25Z
177,RSA-4096,classical,,keygen,1062.3321,0.0,0.0,0.0,550,2373,0,0,0,0,0,0.0,15934.9808,nan,edge/x86_64,,3.12.3,2026-10-09T18:41:25Z
177,RSA-4096,classical,,encapsulate,0.171,0.0,0.0,0.0,550,2373,512,0,0,0,0,0.0,2.5643,nan,edge/x86_64,,3.12.3,2026-10-09T18:41:25Z
177,RSA-4096,classical,,decapsulate,4.2777,0.0,0.0,0.0,550,2373,512,0,0,0,0,0.0,64.1651,nan,edge/x86_64,,3.12.3,2026-10-09T18:41:25Z
178,RSA-4096,classical,,keygen,2000.2424,0.0,0.0,0.0,550,2374,0,0,0,0,0,0.0,30003.6359,nan,edge/x86_64,,3.12.3,2026-10-09T18:41:25Z
178,RSA-4096,classical,,encapsulate,0.3216,0.0,0.0,0.0,550,2374,512,0,0,0,0,0.0,4.8243,nan,edge/x86_64,,3.12.3,2026-10-09T18:41:25Z
178,RSA-4096,classical,,decapsulate,9.2482,0.0,0.0,0.0,550,2374,512,0,0,0,0,0.0,138.7224,nan,edge/x86_64,,3.12.3,2026-10-09T18:41:25Z
179,RSA-4096,classical,,keygen,935.321,0.0,0.0,0.0,550,2374,0,0,0,0,0,0.0,14029.8156,nan,edge/x86_64,,3.12.3,2026-10-09T18:41:25Z
179,RSA-4096,classical,,encapsulate,0.2141,0.0,0.0,0.0,550,2374,512,0,0,0,0,0.0,3.2112,nan,edge/x86_64,,3.12.3,2026-10-09T18:41:25Z
179,RSA-4096,classical,,decapsulate,4.5018,0.0,0.0,0.0,550,2374,512,0,0,0,0,0.0,67.5276,nan,edge/x86_64,,3.12.3,2026-10-09T18:41:25Z
180,RSA-4096,classical,,keygen,1355.1183,0.0,0.0,0.0,550,2373,0,0,0,0,0,0.0,20326.7741,nan,edge/x86_64,,3.12.3,2026-10-09T18:41:25Z
180,RSA-4096,classical,,encapsulate,0.2825,0.0,0.0,0.0,550,2373,512,0,0,0,0,0.0,4.2377,nan,edge/x86_64,,3.12.3,2026-10-09T18:41:25Z
180,RSA-4096,classical,,decapsulate,9.362,0.0,0.0,0.0,550,2373,512,0,0,0,0,0.0,140.4302,nan,edge/x86_64,,3.12.3,2026-10-09T18:41:25Z
181,RSA-4096,classical,,keygen,973.3324,0.0,0.0,0.0,550,2373,0,0,0,0,0,0.0,14599.9858,nan,edge/x86_64,,3.12.3,2026-10-09T18:41:25Z
181,RSA-4096,classical,,encapsulate,0.2856,0.0,0.0,0.0,550,2373,512,0,0,0,0,0.0,4.2847,nan,edge/x86_64,,3.12.3,2026-10-09T18:41:25Z
181,RSA-4096,classical,,decapsulate,9.4309,0.0,0.0,0.0,550,2373,512,0,0,0,0,0.0,141.4638,nan,edge/x86_64,,3.12.3,2026-10-09T18:41:25Z
182,RSA-4096,classical,,keygen,745.2004,0.0,0.0,0.0,550,2374,0,0,0,0,0,0.0,11178.0057,nan,edge/x86_64,,3.12.3,2026-10-09T18:41:25Z
182,RSA-4096,classical,,encapsulate,0.1811,0.0,0.0,0.0,550,2374,512,0,0,0,0,0.0,2.7161,nan,edge/x86_64,,3.12.3,2026-10-09T18:41:25Z
182,RSA-4096,classical,,decapsulate,4.6246,0.0,0.0,0.0,550,2374,512,0,0,0,0,0.0,69.3691,nan,edge/x86_64,,3.12.3,2026-10-09T18:41:25Z
183,RSA-4096,classical,,keygen,330.7789,0.0,0.0,0.0,550,2374,0,0,0,0,0,0.0,4961.6836,nan,edge/x86_64,,3.12.3,2026-10-09T18:41:25Z
183,RSA-4096,classical,,encapsulate,0.1583,0.0,0.0,0.0,550,2374,512,0,0,0,0,0.0,2.3744,nan,edge/x86_64,,3.12.3,2026-10-09T18:41:25Z
183,RSA-4096,classical,,decapsulate,4.485,0.0,0.0,0.0,550,2374,512,0,0,0,0,0.0,67.2747,nan,edge/x86_64,,3.12.3,2026-10-09T18:41:25Z
184,RSA-4096,classical,,keygen,847.7564,0.0,0.0,0.0,550,2374,0,0,0,0,0,0.0,12716.3456,nan,edge/x86_64,,3.12.3,2026-10-09T18:41:25Z
184,RSA-4096,classical,,encapsulate,0.1618,0.0,0.0,0.0,550,2374,512,0,0,0,0,0.0,2.427,nan,edge/x86_64,,3.12.3,2026-10-09T18:41:25Z
184,RSA-4096,classical,,decapsulate,9.4773,0.0,0.0,0.0,550,2374,512,0,0,0,0,0.0,142.1595,nan,edge/x86_64,,3.12.3,2026-10-09T18:41:25Z
185,RSA-4096,classical,,keygen,750.8416,0.0,0.0,0.0,550,2374,0,0,0,0,0,0.0,11262.6238,nan,edge/x86_64,,3.12.3,2026-10-09T18:41:25Z
185,RSA-4096,classical,,encapsulate,0.2911,0.0,0.0,0.0,550,2374,512,0,0,0,0,0.0,4.3665,nan,edge/x86_64,,3.12.3,2026-10-09T18:41:25Z
185,RSA-4096,classical,,decapsulate,8.9461,0.0,0.0,0.0,550,2374,512,0,0,0,0,0.0,134.1911,nan,edge/x86_64,,3.12.3,2026-10-09T18:41:25Z
186,RSA-4096,classical,,keygen,1145.2396,0.0,0.0,0.0,550,2373,0,0,0,0,0,0.0,17178.5943,nan,edge/x86_64,,3.12.3,2026-10-09T18:41:25Z
186,RSA-4096,classical,,encapsulate,0.2479,0.0,0.0,0.0,550,2373,512,0,0,0,0,0.0,3.7181,nan,edge/x86_64,,3.12.3,2026-10-09T18:41:25Z
186,RSA-4096,classical,,decapsulate,9.5598,0.0,0.0,0.0,550,2373,512,0,0,0,0,0.0,143.3967,nan,edge/x86_64,,3.12.3,2026-10-09T18:41:25Z
187,RSA-4096,classical,,keygen,2352.5339,0.0,0.0,0.0,550,2373,0,0,0,0,0,0.0,35288.0089,nan,edge/x86_64,,3.12.3,2026-10-09T18:41:25Z
187,RSA-4096,classical,,encapsulate,0.2588,0.0,0.0,0.0,550,2373,512,0,0,0,0,0.0,3.8814,nan,edge/x86_64,,3.12.3,2026-10-09T18:41:25Z
187,RSA-4096,classical,,decapsulate,9.0264,0.0,0.0,0.0,550,2373,512,0,0,0,0,0.0,135.3965,nan,edge/x86_64,,3.12.3,2026-10-09T18:41:25Z
188,RSA-4096,classical,,keygen,1176.3475,0.0,0.0,0.0,550,2373,0,0,0,0,0,0.0,17645.2129,nan,edge/x86_64,,3.12.3,2026-10-09T18:41:25Z
188,RSA-4096,classical,,encapsulate,0.2359,0.0,0.0,0.0,550,2373,512,0,0,0,0,0.0,3.5381,nan,edge/x86_64,,3.12.3,2026-10-09T18:41:25Z
188,RSA-4096,classical,,decapsulate,9.8137,0.0,0.0,0.0,550,2373,512,0,0,0,0,0.0,147.2048,nan,edge/x86_64,,3.12.3,2026-10-09T18:41:25Z
189,RSA-4096,classical,,keygen,1394.6485,0.0,0.0,0.0,550,2374,0,0,0,0,0,0.0,20919.7277,nan,edge/x86_64,,3.12.3,2026-10-09T18:41:25Z
189,RSA-4096,classical,,encapsulate,0.265,0.0,0.0,0.0,550,2374,512,0,0,0,0,0.0,3.9746,nan,edge/x86_64,,3.12.3,2026-10-09T18:41:25Z
189,RSA-4096,classical,,decapsulate,8.9127,0.0,0.0,0.0,550,2374,512,0,0,0,0,0.0,133.6906,nan,edge/x86_64,,3.12.3,2026-10-09T18:41:25Z
190,RSA-4096,classical,,keygen,1647.3835,0.0,0.0,0.0,550,2375,0,0,0,0,0,0.0,24710.7532,nan,edge/x86_64,,3.12.3,2026-10-09T18:41:25Z
190,RSA-4096,classical,,encapsulate,0.2654,0.0,0.0,0.0,550,2375,512,0,0,0,0,0.0,3.9816,nan,edge/x86_64,,3.12.3,2026-10-09T18:41:25Z
190,RSA-4096,classical,,decapsulate,4.4216,0.0,0.0,0.0,550,2375,512,0,0,0,0,0.0,66.3236,nan,edge/x86_64,,3.12.3,2026-10-09T18:41:25Z
191,RSA-4096,classical,,keygen,226.5096,0.0,0.0,0.0,550,2373,0,0,0,0,0,0.0,3397.6438,nan,edge/x86_64,,3.12.3,2026-10-09T18:41:25Z
191,RSA-4096,classical,,encapsulate,0.1706,0.0,0.0,0.0,550,2373,512,0,0,0,0,0.0,2.5592,nan,edge/x86_64,,3.12.3,2026-10-09T18:41:25Z
191,RSA-4096,classical,,decapsulate,4.5248,0.0,0.0,0.0,550,2373,512,0,0,0,0,0.0,67.8722,nan,edge/x86_64,,3.12.3,2026-10-09T18:41:25Z
192,RSA-4096,classical,,keygen,142.1142,0.0,0.0,0.0,550,2375,0,0,0,0,0,0.0,2131.7133,nan,edge/x86_64,,3.12.3,2026-10-09T18:41:25Z
192,RSA-4096,classical,,encapsulate,0.1729,0.0,0.0,0.0,550,2375,512,0,0,0,0,0.0,2.5939,nan,edge/x86_64,,3.12.3,2026-10-09T18:41:25Z
192,RSA-4096,classical,,decapsulate,4.3893,0.0,0.0,0.0,550,2375,512,0,0,0,0,0.0,65.8394,nan,edge/x86_64,,3.12.3,2026-10-09T18:41:25Z
193,RSA-4096,classical,,keygen,541.8009,0.0,0.0,0.0,550,2374,0,0,0,0,0,0.0,8127.014,nan,edge/x86_64,,3.12.3,2026-10-09T18:41:25Z
193,RSA-4096,classical,,encapsulate,0.2852,0.0,0.0,0.0,550,2374,512,0,0,0,0,0.0,4.2777,nan,edge/x86_64,,3.12.3,2026-10-09T18:41:25Z
193,RSA-4096,classical,,decapsulate,10.219,0.0,0.0,0.0,550,2374,512,0,0,0,0,0.0,153.2847,nan,edge/x86_64,,3.12.3,2026-10-09T18:41:25Z
194,RSA-4096,classical,,keygen,1217.058,0.0,0.0,0.0,550,2373,0,0,0,0,0,0.0,18255.8704,nan,edge/x86_64,,3.12.3,2026-10-09T18:41:25Z
194,RSA-4096,classical,,encapsulate,0.2378,0.0,0.0,0.0,550,2373,512,0,0,0,0,0.0,3.5665,nan,edge/x86_64,,3.12.3,2026-10-09T18:41:25Z
194,RSA-4096,classical,,decapsulate,8.9012,0.0,0.0,0.0,550,2373,512,0,0,0,0,0.0,133.5184,nan,edge/x86_64,,3.12.3,2026-10-09T18:41:25Z
195,RSA-4096,classical,,keygen,915.7404,0.0,0.0,0.0,550,2376,0,0,0,0,0,0.0,13736.1059,nan,edge/x86_64,,3.12.3,2026-10-09T18:41:25Z
195,RSA-4096,classical,,encapsulate,0.2392,0.0,0.0,0.0,550,2376,512,0,0,0,0,0.0,3.5875,nan,edge/x86_64,,3.12.3,2026-10-09T18:41:25Z
195,RSA-4096,classical,,decapsulate,9.0966,0.0,0.0,0.0,550,2376,512,0,0,0,0,0.0,136.4484,nan,edge/x86_64,,3.12.3,2026-10-09T18:41:25Z
196,RSA-4096,classical,,keygen,231.746,0.0,0.0,0.0,550,2373,0,0,0,0,0,0.0,3476.1904,nan,edge/x86_64,,3.12.3,2026-10-09T18:41:25Z
196,RSA-4096,classical,,encapsulate,0.4209,0.0,0.0,0.0,550,2373,512,0,0,0,0,0.0,6.3132,nan,edge/x86_64,,3.12.3,2026-10-09T18:41:25Z
196,RSA-4096,classical,,decapsulate,9.1309,0.0,0.0,0.0,550,2373,512,0,0,0,0,0.0,136.9628,nan,edge/x86_64,,3.12.3,2026-10-09T18:41:25Z
197,RSA-4096,classical,,keygen,2000.8856,0.0,0.0,0.0,550,2373,0,0,0,0,0,0.0,30013.2837,nan,edge/x86_64,,3.12.3,2026-10-09T18:41:25Z
197,RSA-4096,classical,,encapsulate,0.1455,0.0,0.0,0.0,550,2373,512,0,0,0,0,0.0,2.1827,nan,edge/x86_64,,3.12.3,2026-10-09T18:41:25Z
197,RSA-4096,classical,,decapsulate,9.3005,0.0,0.0,0.0,550,2373,512,0,0,0,0,0.0,139.5068,nan,edge/x86_64,,3.12.3,2026-10-09T18:41:25Z
198,RSA-4096,classical,,keygen,238.1355,0.0,0.0,0.0,550,2376,0,0,0,0,0,0.0,3572.0329,nan,edge/x86_64,,3.12.3,2026-10-09T18:41:25Z
198,RSA-4096,classical,,encapsulate,0.3138,0.0,0.0,0.0,550,2376,512,0,0,0,0,0.0,4.7074,nan,edge/x86_64,,3.12.3,2026-10-09T18:41:25Z
198,RSA-4096,classical,,decapsulate,5.3964,0.0,0.0,0.0,550,2376,512,0,0,0,0,0.0,80.9466,nan,edge/x86_64,,3.12.3,2026-10-09T18:41:25Z
199,RSA-4096,classical,,keygen,245.9229,0.0,0.0,0.0,550,2373,0,0,0,0,0,0.0,3688.844,nan,edge/x86_64,,3.12.3,2026-10-09T18:41:25Z
199,RSA-4096,classical,,encapsulate,0.2501,0.0,0.0,0.0,550,2373,512,0,0,0,0,0.0,3.7515,nan,edge/x86_64,,3.12.3,2026-10-09T18:41:25Z
199,RSA-4096,classical,,decapsulate,9.8058,0.0,0.0,0.0,550,2373,512,0,0,0,0,0.0,147.0865,nan,edge/x86_64,,3.12.3,2026-10-09T18:41:25Z
0,ECDH-P256,classical,,keygen,0.0284,0.0,0.0,0.0,91,138,0,0,0,0,0,0.0,0.4254,nan,edge/x86_64,,3.12.3,2026-10-09T18:43:31Z
0,ECDH-P256,classical,,encapsulate,0.0984,0.0,0.0,0.0,91,138,0,0,0,0,0,0.0,1.4766,nan,edge/x86_64,,3.12.3,2026-10-09T18:43:31Z
1,ECDH-P256,classical,,keygen,0.0511,0.0,0.0,0.0,91,138,0,0,0,0,0,0.0,0.7672,nan,edge/x86_64,,3.12.3,2026-10-09T18:43:31Z
1,ECDH-P256,classical,,encapsulate,0.1062,0.0,0.0,0.0,91,138,0,0,0,0,0,0.0,1.5934,nan,edge/x86_64,,3.12.3,2026-10-09T18:43:31Z
2,ECDH-P256,classical,,keygen,0.0315,0.0,0.0,0.0,91,138,0,0,0,0,0,0.0,0.4728,nan,edge/x86_64,,3.12.3,2026-10-09T18:43:31Z
2,ECDH-P256,classical,,encapsulate,0.1063,0.0,0.0,0.0,91,138,0,0,0,0,0,0.0,1.5938,nan,edge/x86_64,,3.12.3,2026-10-09T18:43:31Z
3,ECDH-P256,classical,,keygen,0.0296,0.0,0.0,0.0,91,138,0,0,0,0,0,0.0,0.4434,nan,edge/x86_64,,3.12.3,2026-10-09T18:43:31Z
3,ECDH-P256,classical,,encapsulate,0.0788,0.0,0.0,0.0,91,138,0,0,0,0,0,0.0,1.1819,nan,edge/x86_64,,3.12.3,2026-10-09T18:43:31Z
4,ECDH-P256,classical,,keygen,0.0547,0.0,0.0,0.0,91,138,0,0,0,0,0,0.0,0.8201,nan,edge/x86_64,,3.12.3,2026-10-09T18:43:31Z
4,ECDH-P256,classical,,encapsulate,0.0919,0.0,0.0,0.0,91,138,0,0,0,0,0,0.0,1.3787,nan,edge/x86_64,,3.12.3,2026-10-09T18:43:31Z
5,ECDH-P256,classical,,keygen,0.0274,0.0,0.0,0.0,91,138,0,0,0,0,0,0.0,0.4112,nan,edge/x86_64,,3.12.3,2026-10-09T18:43:31Z
5,ECDH-P256,classical,,encapsulate,0.1164,0.0,0.0,0.0,91,138,0,0,0,0,0,0.0,1.7464,nan,edge/x86_64,,3.12.3,2026-10-09T18:43:31Z
6,ECDH-P256,classical,,keygen,0.0306,0.0,0.0,0.0,91,138,0,0,0,0,0,0.0,0.459,nan,edge/x86_64,,3.12.3,2026-10-09T18:43:31Z
6,ECDH-P256,classical,,encapsulate,0.1006,0.0,0.0,0.0,91,138,0,0,0,0,0,0.0,1.5085,nan,edge/x86_64,,3.12.3,2026-10-09T18:43:31Z
7,ECDH-P256,classical,,keygen,0.0278,0.0,0.0,0.0,91,138,0,0,0,0,0,0.0,0.4173,nan,edge/x86_64,,3.12.3,2026-10-09T18:43:31Z
7,ECDH-P256,classical,,encapsulate,0.1026,0.0,0.0,0.0,91,138,0,0,0,0,0,0.0,1.5395,nan,edge/x86_64,,3.12.3,2026-10-09T18:43:31Z
8,ECDH-P256,classical,,keygen,0.0275,0.0,0.0,0.0,91,138,0,0,0,0,0,0.0,0.4129,nan,edge/x86_64,,3.12.3,2026-10-09T18:43:31Z
8,ECDH-P256,classical,,encapsulate,0.1077,0.0,0.0,0.0,91,138,0,0,0,0,0,0.0,1.6149,nan,edge/x86_64,,3.12.3,2026-10-09T18:43:31Z
9,ECDH-P256,classical,,keygen,0.0388,0.0,0.0,0.0,91,138,0,0,0,0,0,0.0,0.5822,nan,edge/x86_64,,3.12.3,2026-10-09T18:43:31Z
9,ECDH-P256,classical,,encapsulate,0.1036,0.0,0.0,0.0,91,138,0,0,0,0,0,0.0,1.5545,nan,edge/x86_64,,3.12.3,2026-10-09T18:43:31Z
10,ECDH-P256,classical,,keygen,0.0277,0.0,0.0,0.0,91,138,0,0,0,0,0,0.0,0.4158,nan,edge/x86_64,,3.12.3,2026-10-09T18:43:31Z
10,ECDH-P256,classical,,encapsulate,0.1095,0.0,0.0,0.0,91,138,0,0,0,0,0,0.0,1.6423,nan,edge/x86_64,,3.12.3,2026-10-09T18:43:31Z
11,ECDH-P256,classical,,keygen,0.0298,0.0,0.0,0.0,91,138,0,0,0,0,0,0.0,0.4476,nan,edge/x86_64,,3.12.3,2026-10-09T18:43:31Z
11,ECDH-P256,classical,,encapsulate,0.1077,0.0,0.0,0.0,91,138,0,0,0,0,0,0.0,1.6158,nan,edge/x86_64,,3.12.3,2026-10-09T18:43:31Z
12,ECDH-P256,classical,,keygen,0.0284,0.0,0.0,0.0,91,138,0,0,0,0,0,0.0,0.426,nan,edge/x86_64,,3.12.3,2026-10-09T18:43:31Z
12,ECDH-P256,classical,,encapsulate,0.1054,0.0,0.0,0.0,91,138,0,0,0,0,0,0.0,1.5809,nan,edge/x86_64,,3.12.3,2026-10-09T18:43:31Z
13,ECDH-P256,classical,,keygen,0.027,0.0,0.0,0.0,91,138,0,0,0,0,0,0.0,0.4047,nan,edge/x86_64,,3.12.3,2026-10-09T18:43:31Z
13,ECDH-P256,classical,,encapsulate,0.0997,0.0,0.0,0.0,91,138,0,0,0,0,0,0.0,1.4953,nan,edge/x86_64,,3.12.3,2026-10-09T18:43:31Z
14,ECDH-P256,classical,,keygen,0.0281,0.0,0.0,0.0,91,138,0,0,0,0,0,0.0,0.4216,nan,edge/x86_64,,3.12.3,2026-10-09T18:43:31Z
14,ECDH-P256,classical,,encapsulate,0.102,0.0,0.0,0.0,91,138,0,0,0,0,0,0.0,1.5301,nan,edge/x86_64,,3.12.3,2026-10-09T18:43:31Z
15,ECDH-P256,classical,,keygen,0.0306,0.0,0.0,0.0,91,138,0,0,0,0,0,0.0,0.4593,nan,edge/x86_64,,3.12.3,2026-10-09T18:43:31Z
15,ECDH-P256,classical,,encapsulate,0.1016,0.0,0.0,0.0,91,138,0,0,0,0,0,0.0,1.5242,nan,edge/x86_64,,3.12.3,2026-10-09T18:43:31Z
16,ECDH-P256,classical,,keygen,0.0329,0.0,0.0,0.0,91,138,0,0,0,0,0,0.0,0.4934,nan,edge/x86_64,,3.12.3,2026-10-09T18:43:31Z
16,ECDH-P256,classical,,encapsulate,0.1057,0.0,0.0,0.0,91,138,0,0,0,0,0,0.0,1.5851,nan,edge/x86_64,,3.12.3,2026-10-09T18:43:31Z
17,ECDH-P256,classical,,keygen,0.05,0.0,0.0,0.0,91,138,0,0,0,0,0,0.0,0.7505,nan,edge/x86_64,,3.12.3,2026-10-09T18:43:31Z
17,ECDH-P256,classical,,encapsulate,0.1047,0.0,0.0,0.0,91,138,0,0,0,0,0,0.0,1.5698,nan,edge/x86_64,,3.12.3,2026-10-09T18:43:31Z
18,ECDH-P256,classical,,keygen,0.0284,0.0,0.0,0.0,91,138,0,0,0,0,0,0.0,0.4254,nan,edge/x86_64,,3.12.3,2026-10-09T18:43:31Z
18,ECDH-P256,classical,,encapsulate,0.1375,0.0,0.0,0.0,91,138,0,0,0,0,0,0.0,2.0631,nan,edge/x86_64,,3.12.3,2026-10-09T18:43:31Z
19,ECDH-P256,classical,,keygen,0.0591,0.0,0.0,0.0,91,138,0,0,0,0,0,0.0,0.8865,nan,edge/x86_64,,3.12.3,2026-10-09T18:43:31Z
19,ECDH-P256,classical,,encapsulate,0.098,0.0,0.0,0.0,91,138,0,0,0,0,0,0.0,1.4694,nan,edge/x86_64,,3.12.3,2026-10-09T18:43:31Z
20,ECDH-P256,classical,,keygen,0.03,0.0,0.0,0.0,91,138,0,0,0,0,0,0.0,0.4507,nan,edge/x86_64,,3.12.3,2026-10-09T18:43:31Z
20,ECDH-P256,classical,,encapsulate,0.1163,0.0,0.0,0.0,91,138,0,0,0,0,0,0.0,1.7449,nan,edge/x86_64,,3.12.3,2026-10-09T18:43:31Z
21,ECDH-P256,classical,,keygen,0.0282,0.0,0.0,0.0,91,138,0,0,0,0,0,0.0,0.4226,nan,edge/x86_64,,3.12.3,2026-10-09T18:43:31Z
21,ECDH-P256,classical,,encapsulate,0.1067,0.0,0.0,0.0,91,138,0,0,0,0,0,0.0,1.6012,nan,edge/x86_64,,3.12.3,2026-10-09T18:43:31Z
22,ECDH-P256,classical,,keygen,0.0319,0.0,0.0,0.0,91,138,0,0,0,0,0,0.0,0.4784,nan,edge/x86_64,,3.12.3,2026-10-09T18:43:31Z
22,ECDH-P256,classical,,encapsulate,0.1079,0.0,0.0,0.0,91,138,0,0,0,0,0,0.0,1.6183,nan,edge/x86_64,,3.12.3,2026-10-09T18:43:31Z
23,ECDH-P256,classical,,keygen,0.027,0.0,0.0,0.0,91,138,0,0,0,0,0,0.0,0.4055,nan,edge/x86_64,,3.12.3,2026-10-09T18:43:31Z
23,ECDH-P256,classical,,encapsulate,0.1042,0.0,0.0,0.0,91,138,0,0,0,0,0,0.0,1.5628,nan,edge/x86_64,,3.12.3,2026-10-09T18:43:31Z
24,ECDH-P256,classical,,keygen,0.0296,0.0,0.0,0.0,91,138,0,0,0,0,0,0.0,0.4437,nan,edge/x86_64,,3.12.3,2026-10-09T18:43:31Z
24,ECDH-P256,classical,,encapsulate,0.1088,0.0,0.0,0.0,91,138,0,0,0,0,0,0.0,1.6325,nan,edge/x86_64,,3.12.3,2026-10-09T18:43:31Z
25,ECDH-P256,classical,,keygen,0.0279,0.0,0.0,0.0,91,138,0,0,0,0,0,0.0,0.4186,nan,edge/x86_64,,3.12.3,2026-10-09T18:43:31Z
25,ECDH-P256,classical,,encapsulate,0.1015,0.0,0.0,0.0,91,138,0,0,0,0,0,0.0,1.5223,nan,edge/x86_64,,3.12.3,2026-10-09T18:43:31Z
26,ECDH-P256,classical,,keygen,0.0571,0.0,0.0,0.0,91,138,0,0,0,0,0,0.0,0.856,nan,edge/x86_64,,3.12.3,2026-10-09T18:43:31Z
26,ECDH-P256,classical,,encapsulate,0.1029,0.0,0.0,0.0,91,138,0,0,0,0,0,0.0,1.5435,nan,edge/x86_64,,3.12.3,2026-10-09T18:43:31Z
27,ECDH-P256,classical,,keygen,0.0277,0.0,0.0,0.0,91,138,0,0,0,0,0,0.0,0.4152,nan,edge/x86_64,,3.12.3,2026-10-09T18:43:31Z
27,ECDH-P256,classical,,encapsulate,0.1492,0.0,0.0,0.0,91,138,0,0,0,0,0,0.0,2.2373,nan,edge/x86_64,,3.12.3,2026-10-09T18:43:31Z
28,ECDH-P256,classical,,keygen,0.0346,0.0,0.0,0.0,91,138,0,0,0,0,0,0.0,0.5193,nan,edge/x86_64,,3.12.3,2026-10-09T18:43:31Z
28,ECDH-P256,classical,,encapsulate,0.1108,0.0,0.0,0.0,91,138,0,0,0,0,0,0.0,1.6626,nan,edge/x86_64,,3.12.3,2026-10-09T18:43:31Z
29,ECDH-P256,classical,,keygen,0.0307,0.0,0.0,0.0,91,138,0,0,0,0,0,0.0,0.4604,nan,edge/x86_64,,3.12.3,2026-10-09T18:43:31Z
29,ECDH-P256,classical,,encapsulate,0.1106,0.0,0.0,0.0,91,138,0,0,0,0,0,0.0,1.6595,nan,edge/x86_64,,3.12.3,2026-10-09T18:43:31Z
30,ECDH-P256,classical,,keygen,0.027,0.0,0.0,0.0,91,138,0,0,0,0,0,0.0,0.4057,nan,edge/x86_64,,3.12.3,2026-10-09T18:43:31Z
30,ECDH-P256,classical,,encapsulate,0.0993,0.0,0.0,0.0,91,138,0,0,0,0,0,0.0,1.4892,nan,edge/x86_64,,3.12.3,2026-10-09T18:43:31Z
31,ECDH-P256,classical,,keygen,0.0268,0.0,0.0,0.0,91,138,0,0,0,0,0,0.0,0.4017,nan,edge/x86_64,,3.12.3,2026-10-09T18:43:31Z
31,ECDH-P256,classical,,encapsulate,0.1018,0.0,0.0,0.0,91,138,0,0,0,0,0,0.0,1.5263,nan,edge/x86_64,,3.12.3,2026-10-09T18:43:31Z
32,ECDH-P256,classical,,keygen,0.0311,0.0,0.0,0.0,91,138,0,0,0,0,0,0.0,0.4666,nan,edge/x86_64,,3.12.3,2026-10-09T18:43:31Z
32,ECDH-P256,classical,,encapsulate,0.1204,0.0,0.0,0.0,91,138,0,0,0,0,0,0.0,1.8061,nan,edge/x86_64,,3.12.3,2026-10-09T18:43:31Z
33,ECDH-P256,classical,,keygen,0.0286,0.0,0.0,0.0,91,138,0,0,0,0,0,0.0,0.4284,nan,edge/x86_64,,3.12.3,2026-10-09T18:43:31Z
33,ECDH-P256,classical,,encapsulate,0.1004,0.0,0.0,0.0,91,138,0,0,0,0,0,0.0,1.5067,nan,edge/x86_64,,3.12.3,2026-10-09T18:43:31Z
34,ECDH-P256,classical,,keygen,0.0495,0.0,0.0,0.0,91,138,0,0,0,0,0,0.0,0.742,nan,edge/x86_64,,3.12.3,2026-10-09T18:43:31Z
34,ECDH-P256,classical,,encapsulate,0.1057,0.0,0.0,0.0,91,138,0,0,0,0,0,0.0,1.5856,nan,edge/x86_64,,3.12.3,2026-10-09T18:43:31Z
35,ECDH-P256,classical,,keygen,0.0273,0.0,0.0,0.0,91,138,0,0,0,0,0,0.0,0.4102,nan,edge/x86_64,,3.12.3,2026-10-09T18:43:31Z
35,ECDH-P256,classical,,encapsulate,0.1159,0.0,0.0,0.0,91,138,0,0,0,0,0,0.0,1.738,nan,edge/x86_64,,3.12.3,2026-10-09T18:43:31Z
36,ECDH-P256,classical,,keygen,0.0281,0.0,0.0,0.0,91,138,0,0,0,0,0,0.0,0.4218,nan,edge/x86_64,,3.12.3,2026-10-09T18:43:31Z
36,ECDH-P256,classical,,encapsulate,0.1204,0.0,0.0,0.0,91,138,0,0,0,0,0,0.0,1.8066,nan,edge/x86_64,,3.12.3,2026-10-09T18:43:31Z
37,ECDH-P256,classical,,keygen,0.0282,0.0,0.0,0.0,91,138,0,0,0,0,0,0.0,0.4229,nan,edge/x86_64,,3.12.3,2026-10-09T18:43:31Z
37,ECDH-P256,classical,,encapsulate,0.1058,0.0,0.0,0.0,91,138,0,0,0,0,0,0.0,1.5867,nan,edge/x86_64,,3.12.3,2026-10-09T18:43:31Z
38,ECDH-P256,classical,,keygen,0.0285,0.0,0.0,0.0,91,138,0,0,0,0,0,0.0,0.427,nan,edge/x86_64,,3.12.3,2026-10-09T18:43:31Z
38,ECDH-P256,classical,,encapsulate,0.1022,0.0,0.0,0.0,91,138,0,0,0,0,0,0.0,1.533,nan,edge/x86_64,,3.12.3,2026-10-09T18:43:31Z
39,ECDH-P256,classical,,keygen,0.028,0.0,0.0,0.0,91,138,0,0,0,0,0,0.0,0.4206,nan,edge/x86_64,,3.12.3,2026-10-09T18:43:31Z
39,ECDH-P256,classical,,encapsulate,0.1083,0.0,0.0,0.0,91,138,0,0,0,0,0,0.0,1.6245,nan,edge/x86_64,,3.12.3,2026-10-09T18:43:31Z
40,ECDH-P256,classical,,keygen,0.0275,0.0,0.0,0.0,91,138,0,0,0,0,0,0.0,0.4126,nan,edge/x86_64,,3.12.3,2026-10-09T18:43:31Z
40,ECDH-P256,classical,,encapsulate,0.109,0.0,0.0,0.0,91,138,0,0,0,0,0,0.0,1.6355,nan,edge/x86_64,,3.12.3,2026-10-09T18:43:31Z
41,ECDH-P256,classical,,keygen,0.0305,0.0,0.0,0.0,91,138,0,0,0,0,0,0.0,0.4576,nan,edge/x86_64,,3.12.3,2026-10-09T18:43:31Z
41,ECDH-P256,classical,,encapsulate,0.1335,0.0,0.0,0.0,91,138,0,0,0,0,0,0.0,2.0025,nan,edge/x86_64,,3.12.3,2026-10-09T18:43:31Z
42,ECDH-P256,classical,,keygen,0.028,0.0,0.0,0.0,91,138,0,0,0,0,0,0.0,0.4205,nan,edge/x86_64,,3.12.3,2026-10-09T18:43:31Z
42,ECDH-P256,classical,,encapsulate,0.0986,0.0,0.0,0.0,91,138,0,0,0,0,0,0.0,1.4795,nan,edge/x86_64,,3.12.3,2026-10-09T18:43:31Z
43,ECDH-P256,classical,,keygen,0.0286,0.0,0.0,0.0,91,138,0,0,0,0,0,0.0,0.4286,nan,edge/x86_64,,3.12.3,2026-10-09T18:43:31Z
43,ECDH-P256,classical,,encapsulate,0.103,0.0,0.0,0.0,91,138,0,0,0,0,0,0.0,1.5452,nan,edge/x86_64,,3.12.3,2026-10-09T18:43:31Z
44,ECDH-P256,classical,,keygen,0.028,0.0,0.0,0.0,91,138,0,0,0,0,0,0.0,0.4206,nan,edge/x86_64,,3.12.3,2026-10-09T18:43:31Z
44,ECDH-P256,classical,,encapsulate,0.1292,0.0,0.0,0.0,91,138,0,0,0,0,0,0.0,1.9378,nan,edge/x86_64,,3.12.3,2026-10-09T18:43:31Z
45,ECDH-P256,classical,,keygen,0.0368,0.0,0.0,0.0,91,138,0,0,0,0,0,0.0,0.5527,nan,edge/x86_64,,3.12.3,2026-10-09T18:43:31Z
45,ECDH-P256,classical,,encapsulate,0.1025,0.0,0.0,0.0,91,138,0,0,0,0,0,0.0,1.5375,nan,edge/x86_64,,3.12.3,2026-10-09T18:43:31Z
46,ECDH-P256,classical,,keygen,0.0273,0.0,0.0,0.0,91,138,0,0,0,0,0,0.0,0.4099,nan,edge/x86_64,,3.12.3,2026-10-09T18:43:31Z
46,ECDH-P256,classical,,encapsulate,0.0878,0.0,0.0,0.0,91,138,0,0,0,0,0,0.0,1.3163,nan,edge/x86_64,,3.12.3,2026-10-09T18:43:31Z
47,ECDH-P256,classical,,keygen,0.0498,0.0,0.0,0.0,91,138,0,0,0,0,0,0.0,0.747,nan,edge/x86_64,,3.12.3,2026-10-09T18:43:31Z
47,ECDH-P256,classical,,encapsulate,0.1067,0.0,0.0,0.0,91,138,0,0,0,0,0,0.0,1.6006,nan,edge/x86_64,,3.12.3,2026-10-09T18:43:31Z
48,ECDH-P256,classical,,keygen,0.0274,0.0,0.0,0.0,91,138,0,0,0,0,0,0.0,0.4116,nan,edge/x86_64,,3.12.3,2026-10-09T18:43:31Z
48,ECDH-P256,classical,,encapsulate,0.1028,0.0,0.0,0.0,91,138,0,0,0,0,0,0.0,1.5417,nan,edge/x86_64,,3.12.3,2026-10-09T18:43:31Z
49,ECDH-P256,classical,,keygen,0.0277,0.0,0.0,0.0,91,138,0,0,0,0,0,0.0,0.4152,nan,edge/x86_64,,3.12.3,2026-10-09T18:43:31Z
49,ECDH-P256,classical,,encapsulate,0.1044,0.0,0.0,0.0,91,138,0,0,0,0,0,0.0,1.5659,nan,edge/x86_64,,3.12.3,2026-10-09T18:43:31Z
50,ECDH-P256,classical,,keygen,0.0279,0.0,0.0,0.0,91,138,0,0,0,0,0,0.0,0.418,nan,edge/x86_64,,3.12.3,2026-10-09T18:43:31Z
50,ECDH-P256,classical,,encapsulate,0.105,0.0,0.0,0.0,91,138,0,0,0,0,0,0.0,1.5753,nan,edge/x86_64,,3.12.3,2026-10-09T18:43:31Z
51,ECDH-P256,classical,,keygen,0.0538,0.0,0.0,0.0,91,138,0,0,0,0,0,0.0,0.8068,nan,edge/x86_64,,3.12.3,2026-10-09T18:43:31Z
51,ECDH-P256,classical,,encapsulate,0.1006,0.0,0.0,0.0,91,138,0,0,0,0,0,0.0,1.5086,nan,edge/x86_64,,3.12.3,2026-10-09T18:43:31Z
52,ECDH-P256,classical,,keygen,0.0293,0.0,0.0,0.0,91,138,0,0,0,0,0,0.0,0.4396,nan,edge/x86_64,,3.12.3,2026-10-09T18:43:31Z
52,ECDH-P256,classical,,encapsulate,0.1048,0.0,0.0,0.0,91,138,0,0,0,0,0,0.0,1.5717,nan,edge/x86_64,,3.12.3,2026-10-09T18:43:31Z
53,ECDH-P256,classical,,keygen,0.0285,0.0,0.0,0.0,91,138,0,0,0,0,0,0.0,0.4269,nan,edge/x86_64,,3.12.3,2026-10-09T18:43:31Z
53,ECDH-P256,classical,,encapsulate,0.1033,0.0,0.0,0.0,91,138,0,0,0,0,0,0.0,1.5499,nan,edge/x86_64,,3.12.3,2026-10-09T18:43:31Z
54,ECDH-P256,classical,,keygen,0.0274,0.0,0.0,0.0,91,138,0,0,0,0,0,0.0,0.4107,nan,edge/x86_64,,3.12.3,2026-10-09T18:43:31Z
54,ECDH-P256,classical,,encapsulate,0.1111,0.0,0.0,0.0,91,138,0,0,0,0,0,0.0,1.6666,nan,edge/x86_64,,3.12.3,2026-10-09T18:43:31Z
55,ECDH-P256,classical,,keygen,0.0314,0.0,0.0,0.0,91,138,0,0,0,0,0,0.0,0.4709,nan,edge/x86_64,,3.12.3,2026-10-09T18:43:31Z
55,ECDH-P256,classical,,encapsulate,0.1264,0.0,0.0,0.0,91,138,0,0,0,0,0,0.0,1.8954,nan,edge/x86_64,,3.12.3,2026-10-09T18:43:31Z
56,ECDH-P256,classical,,keygen,0.0299,0.0,0.0,0.0,91,138,0,0,0,0,0,0.0,0.449,nan,edge/x86_64,,3.12.3,2026-10-09T18:43:31Z
56,ECDH-P256,classical,,encapsulate,0.1003,0.0,0.0,0.0,91,138,0,0,0,0,0,0.0,1.5048,nan,edge/x86_64,,3.12.3,2026-10-09T18:43:31Z
57,ECDH-P256,classical,,keygen,0.0276,0.0,0.0,0.0,91,138,0,0,0,0,0,0.0,0.4145,nan,edge/x86_64,,3.12.3,2026-10-09T18:43:31Z
57,ECDH-P256,classical,,encapsulate,0.101,0.0,0.0,0.0,91,138,0,0,0,0,0,0.0,1.5154,nan,edge/x86_64,,3.12.3,2026-10-09T18:43:31Z
58,ECDH-P256,classical,,keygen,0.0293,0.0,0.0,0.0,91,138,0,0,0,0,0,0.0,0.4397,nan,edge/x86_64,,3.12.3,2026-10-09T18:43:31Z
58,ECDH-P256,classical,,encapsulate,0.1019,0.0,0.0,0.0,91,138,0,0,0,0,0,0.0,1.5285,nan,edge/x86_64,,3.12.3,2026-10-09T18:43:31Z
59,ECDH-P256,classical,,keygen,0.027,0.0,0.0,0.0,91,138,0,0,0,0,0,0.0,0.4051,nan,edge/x86_64,,3.12.3,2026-10-09T18:43:31Z
59,ECDH-P256,classical,,encapsulate,0.1047,0.0,0.0,0.0,91,138,0,0,0,0,0,0.0,1.5706,nan,edge/x86_64,,3.12.3,2026-10-09T18:43:31Z
60,ECDH-P256,classical,,keygen,0.0276,0.0,0.0,0.0,91,138,0,0,0,0,0,0.0,0.4147,nan,edge/x86_64,,3.12.3,2026-10-09T18:43:31Z
60,ECDH-P256,classical,,encapsulate,0.2888,0.0,0.0,0.0,91,138,0,0,0,0,0,0.0,4.3314,nan,edge/x86_64,,3.12.3,2026-10-09T18:43:31Z
61,ECDH-P256,classical,,keygen,0.0582,0.0,0.0,0.0,91,138,0,0,0,0,0,0.0,0.8735,nan,edge/x86_64,,3.12.3,2026-10-09T18:43:31Z
61,ECDH-P256,classical,,encapsulate,0.112,0.0,0.0,0.0,91,138,0,0,0,0,0,0.0,1.6807,nan,edge/x86_64,,3.12.3,2026-10-09T18:43:31Z
62,ECDH-P256,classical,,keygen,0.0883,0.0,0.0,0.0,91,138,0,0,0,0,0,0.0,1.3242,nan,edge/x86_64,,3.12.3,2026-10-09T18:43:31Z
62,ECDH-P256,classical,,encapsulate,0.0992,0.0,0.0,0.0,91,138,0,0,0,0,0,0.0,1.488,nan,edge/x86_64,,3.12.3,2026-10-09T18:43:31Z
63,ECDH-P256,classical,,keygen,0.0268,0.0,0.0,0.0,91,138,0,0,0,0,0,0.0,0.4023,nan,edge/x86_64,,3.12.3,2026-10-09T18:43:31Z
63,ECDH-P256,classical,,encapsulate,0.1278,0.0,0.0,0.0,91,138,0,0,0,0,0,0.0,1.9167,nan,edge/x86_64,,3.12.3,2026-10-09T18:43:31Z
64,ECDH-P256,classical,,keygen,0.0283,0.0,0.0,0.0,91,138,0,0,0,0,0,0.0,0.425,nan,edge/x86_64,,3.12.3,2026-10-09T18:43:31Z
64,ECDH-P256,classical,,encapsulate,0.1033,0.0,0.0,0.0,91,138,0,0,0,0,0,0.0,1.5495,nan,edge/x86_64,,3.12.3,2026-10-09T18:43:31Z
65,ECDH-P256,classical,,keygen,0.0279,0.0,0.0,0.0,91,138,0,0,0,0,0,0.0,0.4183,nan,edge/x86_64,,3.12.3,2026-10-09T18:43:31Z
65,ECDH-P256,classical,,encapsulate,0.1003,0.0,0.0,0.0,91,138,0,0,0,0,0,0.0,1.5039,nan,edge/x86_64,,3.12.3,2026-10-09T18:43:31Z
66,ECDH-P256,classical,,keygen,0.0285,0.0,0.0,0.0,91,138,0,0,0,0,0,0.0,0.427,nan,edge/x86_64,,3.12.3,2026-10-09T18:43:31Z
66,ECDH-P256,classical,,encapsulate,0.1058,0.0,0.0,0.0,91,138,0,0,0,0,0,0.0,1.5864,nan,edge/x86_64,,3.12.3,2026-10-09T18:43:31Z
67,ECDH-P256,classical,,keygen,0.0292,0.0,0.0,0.0,91,138,0,0,0,0,0,0.0,0.4387,nan,edge/x86_64,,3.12.3,2026-10-09T18:43:31Z
67,ECDH-P256,classical,,encapsulate,0.1007,0.0,0.0,0.0,91,138,0,0,0,0,0,0.0,1.5112,nan,edge/x86_64,,3.12.3,2026-10-09T18:43:31Z
68,ECDH-P256,classical,,keygen,0.027,0.0,0.0,0.0,91,138,0,0,0,0,0,0.0,0.405,nan,edge/x86_64,,3.12.3,2026-10-09T18:43:31Z
68,ECDH-P256,classical,,encapsulate,0.1061,0.0,0.0,0.0,91,138,0,0,0,0,0,0.0,1.5916,nan,edge/x86_64,,3.12.3,2026-10-09T18:43:31Z
69,ECDH-P256,classical,,keygen,0.0285,0.0,0.0,0.0,91,138,0,0,0,0,0,0.0,0.4269,nan,edge/x86_64,,3.12.3,2026-10-09T18:43:31Z
69,ECDH-P256,classical,,encapsulate,0.103,0.0,0.0,0.0,91,138,0,0,0,0,0,0.0,1.5445,nan,edge/x86_64,,3.12.3,2026-10-09T18:43:31Z
70,ECDH-P256,classical,,keygen,0.0313,0.0,0.0,0.0,91,138,0,0,0,0,0,0.0,0.4699,nan,edge/x86_64,,3.12.3,2026-10-09T18:43:31Z
70,ECDH-P256,classical,,encapsulate,0.1054,0.0,0.0,0.0,91,138,0,0,0,0,0,0.0,1.5803,nan,edge/x86_64,,3.12.3,2026-10-09T18:43:31Z
71,ECDH-P256,classical,,keygen,0.0289,0.0,0.0,0.0,91,138,0,0,0,0,0,0.0,0.4341,nan,edge/x86_64,,3.12.3,2026-10-09T18:43:31Z
71,ECDH-P256,classical,,encapsulate,0.1585,0.0,0.0,0.0,91,138,0,0,0,0,0,0.0,2.3781,nan,edge/x86_64,,3.12.3,2026-10-09T18:43:31Z
72,ECDH-P256,classical,,keygen,0.037,0.0,0.0,0.0,91,138,0,0,0,0,0,0.0,0.5547,nan,edge/x86_64,,3.12.3,2026-10-09T18:43:31Z
72,ECDH-P256,classical,,encapsulate,0.1265,0.0,0.0,0.0,91,138,0,0,0,0,0,0.0,1.8972,nan,edge/x86_64,,3.12.3,2026-10-09T18:43:31Z
73,ECDH-P256,classical,,keygen,0.0287,0.0,0.0,0.0,91,138,0,0,0,0,0,0.0,0.431,nan,edge/x86_64,,3.12.3,2026-10-09T18:43:31Z
73,ECDH-P256,classical,,encapsulate,0.1052,0.0,0.0,0.0,91,138,0,0,0,0,0,0.0,1.5785,nan,edge/x86_64,,3.12.3,2026-10-09T18:43:31Z
74,ECDH-P256,classical,,keygen,0.028,0.0,0.0,0.0,91,138,0,0,0,0,0,0.0,0.4199,nan,edge/x86_64,,3.12.3,2026-10-09T18:43:31Z
74,ECDH-P256,classical,,encapsulate,0.1002,0.0,0.0,0.0,91,138,0,0,0,0,0,0.0,1.5026,nan,edge/x86_64,,3.12.3,2026-10-09T18:43:31Z
75,ECDH-P256,classical,,keygen,0.0276,0.0,0.0,0.0,91,138,0,0,0,0,0,0.0,0.4138,nan,edge/x86_64,,3.12.3,2026-10-09T18:43:31Z
75,ECDH-P256,classical,,encapsulate,0.0861,0.0,0.0,0.0,91,138,0,0,0,0,0,0.0,1.2912,nan,edge/x86_64,,3.12.3,2026-10-09T18:43:31Z
76,ECDH-P256,classical,,keygen,0.0495,0.0,0.0,0.0,91,138,0,0,0,0,0,0.0,0.7425,nan,edge/x86_64,,3.12.3,2026-10-09T18:43:31Z
76,ECDH-P256,classical,,encapsulate,0.1009,0.0,0.0,0.0,91,138,0,0,0,0,0,0.0,1.5128,nan,edge/x86_64,,3.12.3,2026-10-09T18:43:31Z
77,ECDH-P256,classical,,keygen,0.0276,0.0,0.0,0.0,91,138,0,0,0,0,0,0.0,0.4135,nan,edge/x86_64,,3.12.3,2026-10-09T18:43:31Z
77,ECDH-P256,classical,,encapsulate,0.1161,0.0,0.0,0.0,91,138,0,0,0,0,0,0.0,1.7421,nan,edge/x86_64,,3.12.3,2026-10-09T18:43:31Z
78,ECDH-P256,classical,,keygen,0.0281,0.0,0.0,0.0,91,138,0,0,0,0,0,0.0,0.4213,nan,edge/x86_64,,3.12.3,2026-10-09T18:43:31Z
78,ECDH-P256,classical,,encapsulate,0.0964,0.0,0.0,0.0,91,138,0,0,0,0,0,0.0,1.4461,nan,edge/x86_64,,3.12.3,2026-10-09T18:43:31Z
79,ECDH-P256,classical,,keygen,0.0289,0.0,0.0,0.0,91,138,0,0,0,0,0,0.0,0.4341,nan,edge/x86_64,,3.12.3,2026-10-09T18:43:31Z
79,ECDH-P256,classical,,encapsulate,0.109,0.0,0.0,0.0,91,138,0,0,0,0,0,0.0,1.6343,nan,edge/x86_64,,3.12.3,2026-10-09T18:43:31Z
80,ECDH-P256,classical,,keygen,0.0318,0.0,0.0,0.0,91,138,0,0,0,0,0,0.0,0.4764,nan,edge/x86_64,,3.12.3,2026-10-09T18:43:31Z
80,ECDH-P256,classical,,encapsulate,0.1129,0.0,0.0,0.0,91,138,0,0,0,0,0,0.0,1.6935,nan,edge/x86_64,,3.12.3,2026-10-09T18:43:31Z
81,ECDH-P256,classical,,keygen,0.0653,0.0,0.0,0.0,91,138,0,0,0,0,0,0.0,0.9799,nan,edge/x86_64,,3.12.3,2026-10-09T18:43:31Z
81,ECDH-P256,classical,,encapsulate,0.1061,0.0,0.0,0.0,91,138,0,0,0,0,0,0.0,1.5918,nan,edge/x86_64,,3.12.3,2026-10-09T18:43:31Z
82,ECDH-P256,classical,,keygen,0.0281,0.0,0.0,0.0,91,138,0,0,0,0,0,0.0,0.4211,nan,edge/x86_64,,3.12.3,2026-10-09T18:43:31Z
82,ECDH-P256,classical,,encapsulate,0.1073,0.0,0.0,0.0,91,138,0,0,0,0,0,0.0,1.6095,nan,edge/x86_64,,3.12.3,2026-10-09T18:43:31Z
83,ECDH-P256,classical,,keygen,0.0289,0.0,0.0,0.0,91,138,0,0,0,0,0,0.0,0.4328,nan,edge/x86_64,,3.12.3,2026-10-09T18:43:31Z
83,ECDH-P256,classical,,encapsulate,0.1029,0.0,0.0,0.0,91,138,0,0,0,0,0,0.0,1.5441,nan,edge/x86_64,,3.12.3,2026-10-09T18:43:31Z
84,ECDH-P256,classical,,keygen,0.0272,0.0,0.0,0.0,91,138,0,0,0,0,0,0.0,0.4082,nan,edge/x86_64,,3.12.3,2026-10-09T18:43:31Z
84,ECDH-P256,classical,,encapsulate,0.1024,0.0,0.0,0.0,91,138,0,0,0,0,0,0.0,1.5362,nan,edge/x86_64,,3.12.3,2026-10-09T18:43:31Z
85,ECDH-P256,classical,,keygen,0.028,0.0,0.0,0.0,91,138,0,0,0,0,0,0.0,0.4206,nan,edge/x86_64,,3.12.3,2026-10-09T18:43:31Z
85,ECDH-P256,classical,,encapsulate,0.1027,0.0,0.0,0.0,91,138,0,0,0,0,0,0.0,1.5409,nan,edge/x86_64,,3.12.3,2026-10-09T18:43:31Z
86,ECDH-P256,classical,,keygen,0.0277,0.0,0.0,0.0,91,138,0,0,0,0,0,0.0,0.415,nan,edge/x86_64,,3.12.3,2026-10-09T18:43:31Z
86,ECDH-P256,classical,,encapsulate,0.1028,0.0,0.0,0.0,91,138,0,0,0,0,0,0.0,1.5415,nan,edge/x86_64,,3.12.3,2026-10-09T18:43:31Z
87,ECDH-P256,classical,,keygen,0.0397,0.0,0.0,0.0,91,138,0,0,0,0,0,0.0,0.5953,nan,edge/x86_64,,3.12.3,2026-10-09T18:43:31Z
87,ECDH-P256,classical,,encapsulate,0.0997,0.0,0.0,0.0,91,138,0,0,0,0,0,0.0,1.4951,nan,edge/x86_64,,3.12.3,2026-10-09T18:43:31Z
88,ECDH-P256,classical,,keygen,0.0295,0.0,0.0,0.0,91,138,0,0,0,0,0,0.0,0.4428,nan,edge/x86_64,,3.12.3,2026-10-09T18:43:31Z
88,ECDH-P256,classical,,encapsulate,0.1021,0.0,0.0,0.0,91,138,0,0,0,0,0,0.0,1.5311,nan,edge/x86_64,,3.12.3,2026-10-09T18:43:31Z
89,ECDH-P256,classical,,keygen,0.0268,0.0,0.0,0.0,91,138,0,0,0,0,0,0.0,0.4022,nan,edge/x86_64,,3.12.3,2026-10-09T18:43:31Z
89,ECDH-P256,classical,,encapsulate,0.0974,0.0,0.0,0.0,91,138,0,0,0,0,0,0.0,1.4609,nan,edge/x86_64,,3.12.3,2026-10-09T18:43:31Z
90,ECDH-P256,classical,,keygen,0.0384,0.0,0.0,0.0,91,138,0,0,0,0,0,0.0,0.5755,nan,edge/x86_64,,3.12.3,2026-10-09T18:43:31Z
90,ECDH-P256,classical,,encapsulate,0.1826,0.0,0.0,0.0,91,138,0,0,0,0,0,0.0,2.7392,nan,edge/x86_64,,3.12.3,2026-10-09T18:43:31Z
91,ECDH-P256,classical,,keygen,0.0417,0.0,0.0,0.0,91,138,0,0,0,0,0,0.0,0.6258,nan,edge/x86_64,,3.12.3,2026-10-09T18:43:31Z
91,ECDH-P256,classical,,encapsulate,0.1017,0.0,0.0,0.0,91,138,0,0,0,0,0,0.0,1.526,nan,edge/x86_64,,3.12.3,2026-10-09T18:43:31Z
92,ECDH-P256,classical,,keygen,0.0282,0.0,0.0,0.0,91,138,0,0,0,0,0,0.0,0.4233,nan,edge/x86_64,,3.12.3,2026-10-09T18:43:31Z
92,ECDH-P256,classical,,encapsulate,0.1036,0.0,0.0,0.0,91,138,0,0,0,0,0,0.0,1.5539,nan,edge/x86_64,,3.12.3,2026-10-09T18:43:31Z
93,ECDH-P256,classical,,keygen,0.0286,0.0,0.0,0.0,91,138,0,0,0,0,0,0.0,0.4293,nan,edge/x86_64,,3.12.3,2026-10-09T18:43:31Z
93,ECDH-P256,classical,,encapsulate,0.0978,0.0,0.0,0.0,91,138,0,0,0,0,0,0.0,1.4677,nan,edge/x86_64,,3.12.3,2026-10-09T18:43:31Z
94,ECDH-P256,classical,,keygen,0.0379,0.0,0.0,0.0,91,138,0,0,0,0,0,0.0,0.5682,nan,edge/x86_64,,3.12.3,2026-10-09T18:43:31Z
94,ECDH-P256,classical,,encapsulate,0.1061,0.0,0.0,0.0,91,138,0,0,0,0,0,0.0,1.5914,nan,edge/x86_64,,3.12.3,2026-10-09T18:43:31Z
95,ECDH-P256,classical,,keygen,0.0293,0.0,0.0,0.0,91,138,0,0,0,0,0,0.0,0.4396,nan,edge/x86_64,,3.12.3,2026-10-09T18:43:31Z
95,ECDH-P256,classical,,encapsulate,0.1072,0.0,0.0,0.0,91,138,0,0,0,0,0,0.0,1.6079,nan,edge/x86_64,,3.12.3,2026-10-09T18:43:31Z
96,ECDH-P256,classical,,keygen,0.0596,0.0,0.0,0.0,91,138,0,0,0,0,0,0.0,0.8937,nan,edge/x86_64,,3.12.3,2026-10-09T18:43:31Z
96,ECDH-P256,classical,,encapsulate,0.1087,0.0,0.0,0.0,91,138,0,0,0,0,0,0.0,1.6298,nan,edge/x86_64,,3.12.3,2026-10-09T18:43:31Z
97,ECDH-P256,classical,,keygen,0.033,0.0,0.0,0.0,91,138,0,0,0,0,0,0.0,0.4956,nan,edge/x86_64,,3.12.3,2026-10-09T18:43:31Z
97,ECDH-P256,classical,,encapsulate,0.107,0.0,0.0,0.0,91,138,0,0,0,0,0,0.0,1.6054,nan,edge/x86_64,,3.12.3,2026-10-09T18:43:31Z
98,ECDH-P256,classical,,keygen,0.0291,0.0,0.0,0.0,91,138,0,0,0,0,0,0.0,0.4365,nan,edge/x86_64,,3.12.3,2026-10-09T18:43:31Z
98,ECDH-P256,classical,,encapsulate,0.1029,0.0,0.0,0.0,91,138,0,0,0,0,0,0.0,1.5437,nan,edge/x86_64,,3.12.3,2026-10-09T18:43:31Z
99,ECDH-P256,classical,,keygen,0.0273,0.0,0.0,0.0,91,138,0,0,0,0,0,0.0,0.4093,nan,edge/x86_64,,3.12.3,2026-10-09T18:43:31Z
99,ECDH-P256,classical,,encapsulate,0.1423,0.0,0.0,0.0,91,138,0,0,0,0,0,0.0,2.1349,nan,edge/x86_64,,3.12.3,2026-10-09T18:43:31Z
100,ECDH-P256,classical,,keygen,0.035,0.0,0.0,0.0,91,138,0,0,0,0,0,0.0,0.5257,nan,edge/x86_64,,3.12.3,2026-10-09T18:43:31Z
100,ECDH-P256,classical,,encapsulate,0.108,0.0,0.0,0.0,91,138,0,0,0,0,0,0.0,1.6194,nan,edge/x86_64,,3.12.3,2026-10-09T18:43:31Z
101,ECDH-P256,classical,,keygen,0.0285,0.0,0.0,0.0,91,138,0,0,0,0,0,0.0,0.4271,nan,edge/x86_64,,3.12.3,2026-10-09T18:43:31Z
101,ECDH-P256,classical,,encapsulate,0.1058,0.0,0.0,0.0,91,138,0,0,0,0,0,0.0,1.5873,nan,edge/x86_64,,3.12.3,2026-10-09T18:43:31Z
102,ECDH-P256,classical,,keygen,0.0276,0.0,0.0,0.0,91,138,0,0,0,0,0,0.0,0.4143,nan,edge/x86_64,,3.12.3,2026-10-09T18:43:31Z
102,ECDH-P256,classical,,encapsulate,0.0992,0.0,0.0,0.0,91,138,0,0,0,0,0,0.0,1.4874,nan,edge/x86_64,,3.12.3,2026-10-09T18:43:31Z
103,ECDH-P256,classical,,keygen,0.0265,0.0,0.0,0.0,91,138,0,0,0,0,0,0.0,0.398,nan,edge/x86_64,,3.12.3,2026-10-09T18:43:31Z
103,ECDH-P256,classical,,encapsulate,0.1021,0.0,0.0,0.0,91,138,0,0,0,0,0,0.0,1.5319,nan,edge/x86_64,,3.12.3,2026-10-09T18:43:31Z
104,ECDH-P256,classical,,keygen,0.0282,0.0,0.0,0.0,91,138,0,0,0,0,0,0.0,0.4235,nan,edge/x86_64,,3.12.3,2026-10-09T18:43:31Z
104,ECDH-P256,classical,,encapsulate,0.1024,0.0,0.0,0.0,91,138,0,0,0,0,0,0.0,1.5363,nan,edge/x86_64,,3.12.3,2026-10-09T18:43:31Z
105,ECDH-P256,classical,,keygen,0.0282,0.0,0.0,0.0,91,138,0,0,0,0,0,0.0,0.4224,nan,edge/x86_64,,3.12.3,2026-10-09T18:43:31Z
105,ECDH-P256,classical,,encapsulate,0.1032,0.0,0.0,0.0,91,138,0,0,0,0,0,0.0,1.5487,nan,edge/x86_64,,3.12.3,2026-10-09T18:43:31Z
106,ECDH-P256,classical,,keygen,0.0626,0.0,0.0,0.0,91,138,0,0,0,0,0,0.0,0.9384,nan,edge/x86_64,,3.12.3,2026-10-09T18:43:31Z
106,ECDH-P256,classical,,encapsulate,0.1003,0.0,0.0,0.0,91,138,0,0,0,0,0,0.0,1.5044,nan,edge/x86_64,,3.12.3,2026-10-09T18:43:31Z
107,ECDH-P256,classical,,keygen,0.0416,0.0,0.0,0.0,91,138,0,0,0,0,0,0.0,0.6236,nan,edge/x86_64,,3.12.3,2026-10-09T18:43:31Z
107,ECDH-P256,classical,,encapsulate,0.1021,0.0,0.0,0.0,91,138,0,0,0,0,0,0.0,1.5311,nan,edge/x86_64,,3.12.3,2026-10-09T18:43:31Z
108,ECDH-P256,classical,,keygen,0.7668,0.0,0.0,0.0,91,138,0,0,0,0,0,0.0,11.5023,nan,edge/x86_64,,3.12.3,2026-10-09T18:43:31Z
108,ECDH-P256,classical,,encapsulate,0.123,0.0,0.0,0.0,91,138,0,0,0,0,0,0.0,1.8449,nan,edge/x86_64,,3.12.3,2026-10-09T18:43:31Z
109,ECDH-P256,classical,,keygen,0.0293,0.0,0.0,0.0,91,138,0,0,0,0,0,0.0,0.439,nan,edge/x86_64,,3.12.3,2026-10-09T18:43:31Z
109,ECDH-P256,classical,,encapsulate,0.0996,0.0,0.0,0.0,91,138,0,0,0,0,0,0.0,1.4938,nan,edge/x86_64,,3.12.3,2026-10-09T18:43:31Z
110,ECDH-P256,classical,,keygen,0.0274,0.0,0.0,0.0,91,138,0,0,0,0,0,0.0,0.4104,nan,edge/x86_64,,3.12.3,2026-10-09T18:43:31Z
110,ECDH-P256,classical,,encapsulate,0.125,0.0,0.0,0.0,91,138,0,0,0,0,0,0.0,1.8745,nan,edge/x86_64,,3.12.3,2026-10-09T18:43:31Z
111,ECDH-P256,classical,,keygen,0.0285,0.0,0.0,0.0,91,138,0,0,0,0,0,0.0,0.4281,nan,edge/x86_64,,3.12.3,2026-10-09T18:43:31Z
111,ECDH-P256,classical,,encapsulate,0.0955,0.0,0.0,0.0,91,138,0,0,0,0,0,0.0,1.433,nan,edge/x86_64,,3.12.3,2026-10-09T18:43:31Z
112,ECDH-P256,classical,,keygen,0.0289,0.0,0.0,0.0,91,138,0,0,0,0,0,0.0,0.4329,nan,edge/x86_64,,3.12.3,2026-10-09T18:43:31Z
112,ECDH-P256,classical,,encapsulate,0.1056,0.0,0.0,0.0,91,138,0,0,0,0,0,0.0,1.5834,nan,edge/x86_64,,3.12.3,2026-10-09T18:43:31Z
113,ECDH-P256,classical,,keygen,0.0276,0.0,0.0,0.0,91,138,0,0,0,0,0,0.0,0.4137,nan,edge/x86_64,,3.12.3,2026-10-09T18:43:31Z
113,ECDH-P256,classical,,encapsulate,0.1028,0.0,0.0,0.0,91,138,0,0,0,0,0,0.0,1.5423,nan,edge/x86_64,,3.12.3,2026-10-09T18:43:31Z
114,ECDH-P256,classical,,keygen,0.0284,0.0,0.0,0.0,91,138,0,0,0,0,0,0.0,0.4258,nan,edge/x86_64,,3.12.3,2026-10-09T18:43:31Z
114,ECDH-P256,classical,,encapsulate,0.1411,0.0,0.0,0.0,91,138,0,0,0,0,0,0.0,2.1161,nan,edge/x86_64,,3.12.3,2026-10-09T18:43:31Z
115,ECDH-P256,classical,,keygen,0.0577,0.0,0.0,0.0,91,138,0,0,0,0,0,0.0,0.8649,nan,edge/x86_64,,3.12.3,2026-10-09T18:43:31Z
115,ECDH-P256,classical,,encapsulate,0.1042,0.0,0.0,0.0,91,138,0,0,0,0,0,0.0,1.5634,nan,edge/x86_64,,3.12.3,2026-10-09T18:43:31Z
116,ECDH-P256,classical,,keygen,0.0279,0.0,0.0,0.0,91,138,0,0,0,0,0,0.0,0.4181,nan,edge/x86_64,,3.12.3,2026-10-09T18:43:31Z
116,ECDH-P256,classical,,encapsulate,0.104,0.0,0.0,0.0,91,138,0,0,0,0,0,0.0,1.5603,nan,edge/x86_64,,3.12.3,2026-10-09T18:43:31Z
117,ECDH-P256,classical,,keygen,0.0286,0.0,0.0,0.0,91,138,0,0,0,0,0,0.0,0.4284,nan,edge/x86_64,,3.12.3,2026-10-09T18:43:31Z
117,ECDH-P256,classical,,encapsulate,0.1026,0.0,0.0,0.0,91,138,0,0,0,0,0,0.0,1.539,nan,edge/x86_64,,3.12.3,2026-10-09T18:43:31Z
118,ECDH-P256,classical,,keygen,0.0359,0.0,0.0,0.0,91,138,0,0,0,0,0,0.0,0.5391,nan,edge/x86_64,,3.12.3,2026-10-09T18:43:31Z
118,ECDH-P256,classical,,encapsulate,0.0875,0.0,0.0,0.0,91,138,0,0,0,0,0,0.0,1.3123,nan,edge/x86_64,,3.12.3,2026-10-09T18:43:31Z
119,ECDH-P256,classical,,keygen,0.053,0.0,0.0,0.0,91,138,0,0,0,0,0,0.0,0.7948,nan,edge/x86_64,,3.12.3,2026-10-09T18:43:31Z
119,ECDH-P256,classical,,encapsulate,0.1227,0.0,0.0,0.0,91,138,0,0,0,0,0,0.0,1.8401,nan,edge/x86_64,,3.12.3,2026-10-09T18:43:31Z
120,ECDH-P256,classical,,keygen,0.0285,0.0,0.0,0.0,91,138,0,0,0,0,0,0.0,0.4272,nan,edge/x86_64,,3.12.3,2026-10-09T18:43:31Z
120,ECDH-P256,classical,,encapsulate,0.1123,0.0,0.0,0.0,91,138,0,0,0,0,0,0.0,1.6843,nan,edge/x86_64,,3.12.3,2026-10-09T18:43:31Z
121,ECDH-P256,classical,,keygen,0.0288,0.0,0.0,0.0,91,138,0,0,0,0,0,0.0,0.432,nan,edge/x86_64,,3.12.3,2026-10-09T18:43:31Z
121,ECDH-P256,classical,,encapsulate,0.1048,0.0,0.0,0.0,91,138,0,0,0,0,0,0.0,1.5725,nan,edge/x86_64,,3.12.3,2026-10-09T18:43:31Z
122,ECDH-P256,classical,,keygen,0.0279,0.0,0.0,0.0,91,138,0,0,0,0,0,0.0,0.4185,nan,edge/x86_64,,3.12.3,2026-10-09T18:43:31Z
122,ECDH-P256,classical,,encapsulate,0.1107,0.0,0.0,0.0,91,138,0,0,0,0,0,0.0,1.6609,nan,edge/x86_64,,3.12.3,2026-10-09T18:43:31Z
123,ECDH-P256,classical,,keygen,0.0305,0.0,0.0,0.0,91,138,0,0,0,0,0,0.0,0.4578,nan,edge/x86_64,,3.12.3,2026-10-09T18:43:31Z
123,ECDH-P256,classical,,encapsulate,0.1591,0.0,0.0,0.0,91,138,0,0,0,0,0,0.0,2.387,nan,edge/x86_64,,3.12.3,2026-10-09T18:43:31Z
124,ECDH-P256,classical,,keygen,0.0655,0.0,0.0,0.0,91,138,0,0,0,0,0,0.0,0.9826,nan,edge/x86_64,,3.12.3,2026-10-09T18:43:31Z
124,ECDH-P256,classical,,encapsulate,0.1084,0.0,0.0,0.0,91,138,0,0,0,0,0,0.0,1.6261,nan,edge/x86_64,,3.12.3,2026-10-09T18:43:31Z
125,ECDH-P256,classical,,keygen,0.0291,0.0,0.0,0.0,91,138,0,0,0,0,0,0.0,0.4365,nan,edge/x86_64,,3.12.3,2026-10-09T18:43:31Z
125,ECDH-P256,classical,,encapsulate,0.1063,0.0,0.0,0.0,91,138,0,0,0,0,0,0.0,1.5945,nan,edge/x86_64,,3.12.3,2026-10-09T18:43:31Z
126,ECDH-P256,classical,,keygen,0.0277,0.0,0.0,0.0,91,138,0,0,0,0,0,0.0,0.4155,nan,edge/x86_64,,3.12.3,2026-10-09T18:43:31Z
126,ECDH-P256,classical,,encapsulate,0.1002,0.0,0.0,0.0,91,138,0,0,0,0,0,0.0,1.503,nan,edge/x86_64,,3.12.3,2026-10-09T18:43:31Z
127,ECDH-P256,classical,,keygen,0.0271,0.0,0.0,0.0,91,138,0,0,0,0,0,0.0,0.4069,nan,edge/x86_64,,3.12.3,2026-10-09T18:43:31Z
127,ECDH-P256,classical,,encapsulate,0.1022,0.0,0.0,0.0,91,138,0,0,0,0,0,0.0,1.5329,nan,edge/x86_64,,3.12.3,2026-10-09T18:43:31Z
128,ECDH-P256,classical,,keygen,0.0276,0.0,0.0,0.0,91,138,0,0,0,0,0,0.0,0.4135,nan,edge/x86_64,,3.12.3,2026-10-09T18:43:31Z
128,ECDH-P256,classical,,encapsulate,0.1254,0.0,0.0,0.0,91,138,0,0,0,0,0,0.0,1.8816,nan,edge/x86_64,,3.12.3,2026-10-09T18:43:31Z
129,ECDH-P256,classical,,keygen,0.0304,0.0,0.0,0.0,91,138,0,0,0,0,0,0.0,0.4554,nan,edge/x86_64,,3.12.3,2026-10-09T18:43:31Z
129,ECDH-P256,classical,,encapsulate,0.1079,0.0,0.0,0.0,91,138,0,0,0,0,0,0.0,1.6183,nan,edge/x86_64,,3.12.3,2026-10-09T18:43:31Z
130,ECDH-P256,classical,,keygen,0.0279,0.0,0.0,0.0,91,138,0,0,0,0,0,0.0,0.4183,nan,edge/x86_64,,3.12.3,2026-10-09T18:43:31Z
130,ECDH-P256,classical,,encapsulate,0.1084,0.0,0.0,0.0,91,138,0,0,0,0,0,0.0,1.6264,nan,edge/x86_64,,3.12.3,2026-10-09T18:43:31Z
131,ECDH-P256,classical,,keygen,0.0277,0.0,0.0,0.0,91,138,0,0,0,0,0,0.0,0.4149,nan,edge/x86_64,,3.12.3,2026-10-09T18:43:31Z
131,ECDH-P256,classical,,encapsulate,0.1027,0.0,0.0,0.0,91,138,0,0,0,0,0,0.0,1.5408,nan,edge/x86_64,,3.12.3,2026-10-09T18:43:31Z
132,ECDH-P256,classical,,keygen,0.028,0.0,0.0,0.0,91,138,0,0,0,0,0,0.0,0.4201,nan,edge/x86_64,,3.12.3,2026-10-09T18:43:31Z
132,ECDH-P256,classical,,encapsulate,0.0806,0.0,0.0,0.0,91,138,0,0,0,0,0,0.0,1.209,nan,edge/x86_64,,3.12.3,2026-10-09T18:43:31Z
133,ECDH-P256,classical,,keygen,0.1196,0.0,0.0,0.0,91,138,0,0,0,0,0,0.0,1.7937,nan,edge/x86_64,,3.12.3,2026-10-09T18:43:31Z
133,ECDH-P256,classical,,encapsulate,0.1045,0.0,0.0,0.0,91,138,0,0,0,0,0,0.0,1.5679,nan,edge/x86_64,,3.12.3,2026-10-09T18:43:31Z
134,ECDH-P256,classical,,keygen,0.0288,0.0,0.0,0.0,91,138,0,0,0,0,0,0.0,0.432,nan,edge/x86_64,,3.12.3,2026-10-09T18:43:31Z
134,ECDH-P256,classical,,encapsulate,0.1068,0.0,0.0,0.0,91,138,0,0,0,0,0,0.0,1.6018,nan,edge/x86_64,,3.12.3,2026-10-09T18:43:31Z
135,ECDH-P256,classical,,keygen,0.0275,0.0,0.0,0.0,91,138,0,0,0,0,0,0.0,0.413,nan,edge/x86_64,,3.12.3,2026-10-09T18:43:31Z
135,ECDH-P256,classical,,encapsulate,0.0996,0.0,0.0,0.0,91,138,0,0,0,0,0,0.0,1.4938,nan,edge/x86_64,,3.12.3,2026-10-09T18:43:31Z
136,ECDH-P256,classical,,keygen,0.0283,0.0,0.0,0.0,91,138,0,0,0,0,0,0.0,0.425,nan,edge/x86_64,,3.12.3,2026-10-09T18:43:31Z
136,ECDH-P256,classical,,encapsulate,0.1025,0.0,0.0,0.0,91,138,0,0,0,0,0,0.0,1.538,nan,edge/x86_64,,3.12.3,2026-10-09T18:43:31Z
137,ECDH-P256,classical,,keygen,0.0284,0.0,0.0,0.0,91,138,0,0,0,0,0,0.0,0.4265,nan,edge/x86_64,,3.12.3,2026-10-09T18:43:31Z
137,ECDH-P256,classical,,encapsulate,0.105,0.0,0.0,0.0,91,138,0,0,0,0,0,0.0,1.5753,nan,edge/x86_64,,3.12.3,2026-10-09T18:43:31Z
138,ECDH-P256,classical,,keygen,0.0527,0.0,0.0,0.0,91,138,0,0,0,0,0,0.0,0.7912,nan,edge/x86_64,,3.12.3,2026-10-09T18:43:31Z
138,ECDH-P256,classical,,encapsulate,0.108,0.0,0.0,0.0,91,138,0,0,0,0,0,0.0,1.62,nan,edge/x86_64,,3.12.3,2026-10-09T18:43:31Z
139,ECDH-P256,classical,,keygen,0.0286,0.0,0.0,0.0,91,138,0,0,0,0,0,0.0,0.4291,nan,edge/x86_64,,3.12.3,2026-10-09T18:43:31Z
139,ECDH-P256,classical,,encapsulate,0.1072,0.0,0.0,0.0,91,138,0,0,0,0,0,0.0,1.6076,nan,edge/x86_64,,3.12.3,2026-10-09T18:43:31Z
140,ECDH-P256,classical,,keygen,0.0286,0.0,0.0,0.0,91,138,0,0,0,0,0,0.0,0.4294,nan,edge/x86_64,,3.12.3,2026-10-09T18:43:31Z
140,ECDH-P256,classical,,encapsulate,0.1064,0.0,0.0,0.0,91,138,0,0,0,0,0,0.0,1.5955,nan,edge/x86_64,,3.12.3,2026-10-09T18:43:31Z
141,ECDH-P256,classical,,keygen,0.028,0.0,0.0,0.0,91,138,0,0,0,0,0,0.0,0.4193,nan,edge/x86_64,,3.12.3,2026-10-09T18:43:31Z
141,ECDH-P256,classical,,encapsulate,0.1015,0.0,0.0,0.0,91,138,0,0,0,0,0,0.0,1.5229,nan,edge/x86_64,,3.12.3,2026-10-09T18:43:31Z
142,ECDH-P256,classical,,keygen,0.0274,0.0,0.0,0.0,91,138,0,0,0,0,0,0.0,0.4107,nan,edge/x86_64,,3.12.3,2026-10-09T18:43:31Z
142,ECDH-P256,classical,,encapsulate,0.1684,0.0,0.0,0.0,91,138,0,0,0,0,0,0.0,2.5267,nan,edge/x86_64,,3.12.3,2026-10-09T18:43:31Z
143,ECDH-P256,classical,,keygen,0.0341,0.0,0.0,0.0,91,138,0,0,0,0,0,0.0,0.5108,nan,edge/x86_64,,3.12.3,2026-10-09T18:43:31Z
143,ECDH-P256,classical,,encapsulate,0.1087,0.0,0.0,0.0,91,138,0,0,0,0,0,0.0,1.6311,nan,edge/x86_64,,3.12.3,2026-10-09T18:43:31Z
144,ECDH-P256,classical,,keygen,0.0287,0.0,0.0,0.0,91,138,0,0,0,0,0,0.0,0.4307,nan,edge/x86_64,,3.12.3,2026-10-09T18:43:31Z
144,ECDH-P256,classical,,encapsulate,0.106,0.0,0.0,0.0,91,138,0,0,0,0,0,0.0,1.5894,nan,edge/x86_64,,3.12.3,2026-10-09T18:43:31Z
145,ECDH-P256,classical,,keygen,0.0278,0.0,0.0,0.0,91,138,0,0,0,0,0,0.0,0.4176,nan,edge/x86_64,,3.12.3,2026-10-09T18:43:31Z
145,ECDH-P256,classical,,encapsulate,0.1369,0.0,0.0,0.0,91,138,0,0,0,0,0,0.0,2.054,nan,edge/x86_64,,3.12.3,2026-10-09T18:43:31Z
146,ECDH-P256,classical,,keygen,0.0347,0.0,0.0,0.0,91,138,0,0,0,0,0,0.0,0.5206,nan,edge/x86_64,,3.12.3,2026-10-09T18:43:31Z
146,ECDH-P256,classical,,encapsulate,0.1057,0.0,0.0,0.0,91,138,0,0,0,0,0,0.0,1.5853,nan,edge/x86_64,,3.12.3,2026-10-09T18:43:31Z
147,ECDH-P256,classical,,keygen,0.0275,0.0,0.0,0.0,91,138,0,0,0,0,0,0.0,0.4128,nan,edge/x86_64,,3.12.3,2026-10-09T18:43:31Z
147,ECDH-P256,classical,,encapsulate,0.1045,0.0,0.0,0.0,91,138,0,0,0,0,0,0.0,1.5669,nan,edge/x86_64,,3.12.3,2026-10-09T18:43:31Z
148,ECDH-P256,classical,,keygen,0.0465,0.0,0.0,0.0,91,138,0,0,0,0,0,0.0,0.698,nan,edge/x86_64,,3.12.3,2026-10-09T18:43:31Z
148,ECDH-P256,classical,,encapsulate,0.0827,0.0,0.0,0.0,91,138,0,0,0,0,0,0.0,1.2411,nan,edge/x86_64,,3.12.3,2026-10-09T18:43:31Z
149,ECDH-P256,classical,,keygen,0.0351,0.0,0.0,0.0,91,138,0,0,0,0,0,0.0,0.5265,nan,edge/x86_64,,3.12.3,2026-10-09T18:43:31Z
149,ECDH-P256,classical,,encapsulate,0.1122,0.0,0.0,0.0,91,138,0,0,0,0,0,0.0,1.6836,nan,edge/x86_64,,3.12.3,2026-10-09T18:43:31Z
150,ECDH-P256,classical,,keygen,0.0291,0.0,0.0,0.0,91,138,0,0,0,0,0,0.0,0.436,nan,edge/x86_64,,3.12.3,2026-10-09T18:43:31Z
150,ECDH-P256,classical,,encapsulate,0.1138,0.0,0.0,0.0,91,138,0,0,0,0,0,0.0,1.7063,nan,edge/x86_64,,3.12.3,2026-10-09T18:43:31Z
151,ECDH-P256,classical,,keygen,0.0328,0.0,0.0,0.0,91,138,0,0,0,0,0,0.0,0.492,nan,edge/x86_64,,3.12.3,2026-10-09T18:43:31Z
151,ECDH-P256,classical,,encapsulate,0.1148,0.0,0.0,0.0,91,138,0,0,0,0,0,0.0,1.7223,nan,edge/x86_64,,3.12.3,2026-10-09T18:43:31Z
152,ECDH-P256,classical,,keygen,0.0303,0.0,0.0,0.0,91,138,0,0,0,0,0,0.0,0.4542,nan,edge/x86_64,,3.12.3,2026-10-09T18:43:31Z
152,ECDH-P256,classical,,encapsulate,0.1104,0.0,0.0,0.0,91,138,0,0,0,0,0,0.0,1.6566,nan,edge/x86_64,,3.12.3,2026-10-09T18:43:31Z
153,ECDH-P256,classical,,keygen,0.0301,0.0,0.0,0.0,91,138,0,0,0,0,0,0.0,0.4517,nan,edge/x86_64,,3.12.3,2026-10-09T18:43:31Z
153,ECDH-P256,classical,,encapsulate,0.1066,0.0,0.0,0.0,91,138,0,0,0,0,0,0.0,1.5989,nan,edge/x86_64,,3.12.3,2026-10-09T18:43:31Z
154,ECDH-P256,classical,,keygen,0.0302,0.0,0.0,0.0,91,138,0,0,0,0,0,0.0,0.4537,nan,edge/x86_64,,3.12.3,2026-10-09T18:43:31Z
154,ECDH-P256,classical,,encapsulate,0.1111,0.0,0.0,0.0,91,138,0,0,0,0,0,0.0,1.666,nan,edge/x86_64,,3.12.3,2026-10-09T18:43:31Z
155,ECDH-P256,classical,,keygen,0.0304,0.0,0.0,0.0,91,138,0,0,0,0,0,0.0,0.456,nan,edge/x86_64,,3.12.3,2026-10-09T18:43:31Z
155,ECDH-P256,classical,,encapsulate,0.1338,0.0,0.0,0.0,91,138,0,0,0,0,0,0.0,2.0063,nan,edge/x86_64,,3.12.3,2026-10-09T18:43:31Z
156,ECDH-P256,classical,,keygen,0.0306,0.0,0.0,0.0,91,138,0,0,0,0,0,0.0,0.4591,nan,edge/x86_64,,3.12.3,2026-10-09T18:43:31Z
156,ECDH-P256,classical,,encapsulate,0.11,0.0,0.0,0.0,91,138,0,0,0,0,0,0.0,1.6499,nan,edge/x86_64,,3.12.3,2026-10-09T18:43:31Z
157,ECDH-P256,classical,,keygen,0.0292,0.0,0.0,0.0,91,138,0,0,0,0,0,0.0,0.4387,nan,edge/x86_64,,3.12.3,2026-10-09T18:43:31Z
157,ECDH-P256,classical,,encapsulate,0.108,0.0,0.0,0.0,91,138,0,0,0,0,0,0.0,1.6201,nan,edge/x86_64,,3.12.3,2026-10-09T18:43:31Z
158,ECDH-P256,classical,,keygen,0.0304,0.0,0.0,0.0,91,138,0,0,0,0,0,0.0,0.4554,nan,edge/x86_64,,3.12.3,2026-10-09T18:43:31Z
158,ECDH-P256,classical,,encapsulate,0.1061,0.0,0.0,0.0,91,138,0,0,0,0,0,0.0,1.5911,nan,edge/x86_64,,3.12.3,2026-10-09T18:43:31Z
159,ECDH-P256,classical,,keygen,0.0292,0.0,0.0,0.0,91,138,0,0,0,0,0,0.0,0.4378,nan,edge/x86_64,,3.12.3,2026-10-09T18:43:31Z
159,ECDH-P256,classical,,encapsulate,0.1089,0.0,0.0,0.0,91,138,0,0,0,0,0,0.0,1.6332,nan,edge/x86_64,,3.12.3,2026-10-09T18:43:31Z
160,ECDH-P256,classical,,keygen,0.0286,0.0,0.0,0.0,91,138,0,0,0,0,0,0.0,0.4291,nan,edge/x86_64,,3.12.3,2026-10-09T18:43:31Z
160,ECDH-P256,classical,,encapsulate,0.1116,0.0,0.0,0.0,91,138,0,0,0,0,0,0.0,1.6733,nan,edge/x86_64,,3.12.3,2026-10-09T18:43:31Z
161,ECDH-P256,classical,,keygen,0.0316,0.0,0.0,0.0,91,138,0,0,0,0,0,0.0,0.4736,nan,edge/x86_64,,3.12.3,2026-10-09T18:43:31Z
161,ECDH-P256,classical,,encapsulate,0.1086,0.0,0.0,0.0,91,138,0,0,0,0,0,0.0,1.6292,nan,edge/x86_64,,3.12.3,2026-10-09T18:43:31Z
162,ECDH-P256,classical,,keygen,0.0288,0.0,0.0,0.0,91,138,0,0,0,0,0,0.0,0.4323,nan,edge/x86_64,,3.12.3,2026-10-09T18:43:31Z
162,ECDH-P256,classical,,encapsulate,0.106,0.0,0.0,0.0,91,138,0,0,0,0,0,0.0,1.5894,nan,edge/x86_64,,3.12.3,2026-10-09T18:43:31Z
163,ECDH-P256,classical,,keygen,0.0236,0.0,0.0,0.0,91,138,0,0,0,0,0,0.0,0.3534,nan,edge/x86_64,,3.12.3,2026-10-09T18:43:31Z
163,ECDH-P256,classical,,encapsulate,0.0839,0.0,0.0,0.0,91,138,0,0,0,0,0,0.0,1.2583,nan,edge/x86_64,,3.12.3,2026-10-09T18:43:31Z
164,ECDH-P256,classical,,keygen,0.0395,0.0,0.0,0.0,91,138,0,0,0,0,0,0.0,0.5926,nan,edge/x86_64,,3.12.3,2026-10-09T18:43:31Z
164,ECDH-P256,classical,,encapsulate,0.1331,0.0,0.0,0.0,91,138,0,0,0,0,0,0.0,1.9959,nan,edge/x86_64,,3.12.3,2026-10-09T18:43:31Z
165,ECDH-P256,classical,,keygen,0.0328,0.0,0.0,0.0,91,138,0,0,0,0,0,0.0,0.4927,nan,edge/x86_64,,3.12.3,2026-10-09T18:43:31Z
165,ECDH-P256,classical,,encapsulate,0.107,0.0,0.0,0.0,91,138,0,0,0,0,0,0.0,1.6048,nan,edge/x86_64,,3.12.3,2026-10-09T18:43:31Z
166,ECDH-P256,classical,,keygen,0.0279,0.0,0.0,0.0,91,138,0,0,0,0,0,0.0,0.4179,nan,edge/x86_64,,3.12.3,2026-10-09T18:43:31Z
166,ECDH-P256,classical,,encapsulate,0.1035,0.0,0.0,0.0,91,138,0,0,0,0,0,0.0,1.5526,nan,edge/x86_64,,3.12.3,2026-10-09T18:43:31Z
167,ECDH-P256,classical,,keygen,0.03,0.0,0.0,0.0,91,138,0,0,0,0,0,0.0,0.4501,nan,edge/x86_64,,3.12.3,2026-10-09T18:43:31Z
167,ECDH-P256,classical,,encapsulate,0.1105,0.0,0.0,0.0,91,138,0,0,0,0,0,0.0,1.6575,nan,edge/x86_64,,3.12.3,2026-10-09T18:43:31Z
168,ECDH-P256,classical,,keygen,0.0281,0.0,0.0,0.0,91,138,0,0,0,0,0,0.0,0.4217,nan,edge/x86_64,,3.12.3,2026-10-09T18:43:31Z
168,ECDH-P256,classical,,encapsulate,0.1059,0.0,0.0,0.0,91,138,0,0,0,0,0,0.0,1.5892,nan,edge/x86_64,,3.12.3,2026-10-09T18:43:31Z
169,ECDH-P256,classical,,keygen,0.0285,0.0,0.0,0.0,91,138,0,0,0,0,0,0.0,0.4278,nan,edge/x86_64,,3.12.3,2026-10-09T18:43:31Z
169,ECDH-P256,classical,,encapsulate,0.1744,0.0,0.0,0.0,91,138,0,0,0,0,0,0.0,2.6157,nan,edge/x86_64,,3.12.3,2026-10-09T18:43:31Z
170,ECDH-P256,classical,,keygen,0.065,0.0,0.0,0.0,91,138,0,0,0,0,0,0.0,0.9749,nan,edge/x86_64,,3.12.3,2026-10-09T18:43:31Z
170,ECDH-P256,classical,,encapsulate,0.09,0.0,0.0,0.0,91,138,0,0,0,0,0,0.0,1.3505,nan,edge/x86_64,,3.12.3,2026-10-09T18:43:31Z
171,ECDH-P256,classical,,keygen,0.0284,0.0,0.0,0.0,91,138,0,0,0,0,0,0.0,0.4266,nan,edge/x86_64,,3.12.3,2026-10-09T18:43:31Z
171,ECDH-P256,classical,,encapsulate,0.1128,0.0,0.0,0.0,91,138,0,0,0,0,0,0.0,1.6913,nan,edge/x86_64,,3.12.3,2026-10-09T18:43:31Z
172,ECDH-P256,classical,,keygen,0.0295,0.0,0.0,0.0,91,138,0,0,0,0,0,0.0,0.4423,nan,edge/x86_64,,3.12.3,2026-10-09T18:43:31Z
172,ECDH-P256,classical,,encapsulate,0.1124,0.0,0.0,0.0,91,138,0,0,0,0,0,0.0,1.686,nan,edge/x86_64,,3.12.3,2026-10-09T18:43:31Z
173,ECDH-P256,classical,,keygen,0.0274,0.0,0.0,0.0,91,138,0,0,0,0,0,0.0,0.4107,nan,edge/x86_64,,3.12.3,2026-10-09T18:43:31Z
173,ECDH-P256,classical,,encapsulate,0.1372,0.0,0.0,0.0,91,138,0,0,0,0,0,0.0,2.0585,nan,edge/x86_64,,3.12.3,2026-10-09T18:43:31Z
174,ECDH-P256,classical,,keygen,0.0285,0.0,0.0,0.0,91,138,0,0,0,0,0,0.0,0.4274,nan,edge/x86_64,,3.12.3,2026-10-09T18:43:31Z
174,ECDH-P256,classical,,encapsulate,0.1063,0.0,0.0,0.0,91,138,0,0,0,0,0,0.0,1.594,nan,edge/x86_64,,3.12.3,2026-10-09T18:43:31Z
175,ECDH-P256,classical,,keygen,0.0293,0.0,0.0,0.0,91,138,0,0,0,0,0,0.0,0.4389,nan,edge/x86_64,,3.12.3,2026-10-09T18:43:31Z
175,ECDH-P256,classical,,encapsulate,0.1126,0.0,0.0,0.0,91,138,0,0,0,0,0,0.0,1.6897,nan,edge/x86_64,,3.12.3,2026-10-09T18:43:31Z
176,ECDH-P256,classical,,keygen,0.0289,0.0,0.0,0.0,91,138,0,0,0,0,0,0.0,0.4338,nan,edge/x86_64,,3.12.3,2026-10-09T18:43:31Z
176,ECDH-P256,classical,,encapsulate,0.1099,0.0,0.0,0.0,91,138,0,0,0,0,0,0.0,1.6486,nan,edge/x86_64,,3.12.3,2026-10-09T18:43:31Z
177,ECDH-P256,classical,,keygen,0.029,0.0,0.0,0.0,91,138,0,0,0,0,0,0.0,0.4355,nan,edge/x86_64,,3.12.3,2026-10-09T18:43:31Z
177,ECDH-P256,classical,,encapsulate,0.1119,0.0,0.0,0.0,91,138,0,0,0,0,0,0.0,1.6791,nan,edge/x86_64,,3.12.3,2026-10-09T18:43:31Z
178,ECDH-P256,classical,,keygen,0.0298,0.0,0.0,0.0,91,138,0,0,0,0,0,0.0,0.4476,nan,edge/x86_64,,3.12.3,2026-10-09T18:43:31Z
178,ECDH-P256,classical,,encapsulate,0.1102,0.0,0.0,0.0,91,138,0,0,0,0,0,0.0,1.6527,nan,edge/x86_64,,3.12.3,2026-10-09T18:43:31Z
179,ECDH-P256,classical,,keygen,0.0322,0.0,0.0,0.0,91,138,0,0,0,0,0,0.0,0.4827,nan,edge/x86_64,,3.12.3,2026-10-09T18:43:31Z
179,ECDH-P256,classical,,encapsulate,0.1053,0.0,0.0,0.0,91,138,0,0,0,0,0,0.0,1.5794,nan,edge/x86_64,,3.12.3,2026-10-09T18:43:31Z
180,ECDH-P256,classical,,keygen,0.0289,0.0,0.0,0.0,91,138,0,0,0,0,0,0.0,0.4329,nan,edge/x86_64,,3.12.3,2026-10-09T18:43:31Z
180,ECDH-P256,classical,,encapsulate,0.1002,0.0,0.0,0.0,91,138,0,0,0,0,0,0.0,1.503,nan,edge/x86_64,,3.12.3,2026-10-09T18:43:31Z
181,ECDH-P256,classical,,keygen,0.0273,0.0,0.0,0.0,91,138,0,0,0,0,0,0.0,0.4101,nan,edge/x86_64,,3.12.3,2026-10-09T18:43:31Z
181,ECDH-P256,classical,,encapsulate,0.1098,0.0,0.0,0.0,91,138,0,0,0,0,0,0.0,1.6469,nan,edge/x86_64,,3.12.3,2026-10-09T18:43:31Z
182,ECDH-P256,classical,,keygen,0.029,0.0,0.0,0.0,91,138,0,0,0,0,0,0.0,0.4352,nan,edge/x86_64,,3.12.3,2026-10-09T18:43:31Z
182,ECDH-P256,classical,,encapsulate,0.1421,0.0,0.0,0.0,91,138,0,0,0,0,0,0.0,2.1317,nan,edge/x86_64,,3.12.3,2026-10-09T18:43:31Z
183,ECDH-P256,classical,,keygen,0.0293,0.0,0.0,0.0,91,138,0,0,0,0,0,0.0,0.44,nan,edge/x86_64,,3.12.3,2026-10-09T18:43:31Z
183,ECDH-P256,classical,,encapsulate,0.1105,0.0,0.0,0.0,91,138,0,0,0,0,0,0.0,1.658,nan,edge/x86_64,,3.12.3,2026-10-09T18:43:31Z
184,ECDH-P256,classical,,keygen,0.028,0.0,0.0,0.0,91,138,0,0,0,0,0,0.0,0.4204,nan,edge/x86_64,,3.12.3,2026-10-09T18:43:31Z
184,ECDH-P256,classical,,encapsulate,0.0975,0.0,0.0,0.0,91,138,0,0,0,0,0,0.0,1.462,nan,edge/x86_64,,3.12.3,2026-10-09T18:43:31Z
185,ECDH-P256,classical,,keygen,0.0291,0.0,0.0,0.0,91,138,0,0,0,0,0,0.0,0.436,nan,edge/x86_64,,3.12.3,2026-10-09T18:43:31Z
185,ECDH-P256,classical,,encapsulate,0.1006,0.0,0.0,0.0,91,138,0,0,0,0,0,0.0,1.509,nan,edge/x86_64,,3.12.3,2026-10-09T18:43:31Z
186,ECDH-P256,classical,,keygen,0.0271,0.0,0.0,0.0,91,138,0,0,0,0,0,0.0,0.4058,nan,edge/x86_64,,3.12.3,2026-10-09T18:43:31Z
186,ECDH-P256,classical,,encapsulate,0.0926,0.0,0.0,0.0,91,138,0,0,0,0,0,0.0,1.3887,nan,edge/x86_64,,3.12.3,2026-10-09T18:43:31Z
187,ECDH-P256,classical,,keygen,0.1246,0.0,0.0,0.0,91,138,0,0,0,0,0,0.0,1.8689,nan,edge/x86_64,,3.12.3,2026-10-09T18:43:31Z
187,ECDH-P256,classical,,encapsulate,0.113,0.0,0.0,0.0,91,138,0,0,0,0,0,0.0,1.695,nan,edge/x86_64,,3.12.3,2026-10-09T18:43:31Z
188,ECDH-P256,classical,,keygen,0.029,0.0,0.0,0.0,91,138,0,0,0,0,0,0.0,0.4349,nan,edge/x86_64,,3.12.3,2026-10-09T18:43:31Z
188,ECDH-P256,classical,,encapsulate,0.1158,0.0,0.0,0.0,91,138,0,0,0,0,0,0.0,1.7363,nan,edge/x86_64,,3.12.3,2026-10-09T18:43:31Z
189,ECDH-P256,classical,,keygen,0.0317,0.0,0.0,0.0,91,138,0,0,0,0,0,0.0,0.4755,nan,edge/x86_64,,3.12.3,2026-10-09T18:43:31Z
189,ECDH-P256,classical,,encapsulate,0.1055,0.0,0.0,0.0,91,138,0,0,0,0,0,0.0,1.5831,nan,edge/x86_64,,3.12.3,2026-10-09T18:43:31Z
190,ECDH-P256,classical,,keygen,0.0275,0.0,0.0,0.0,91,138,0,0,0,0,0,0.0,0.4118,nan,edge/x86_64,,3.12.3,2026-10-09T18:43:31Z
190,ECDH-P256,classical,,encapsulate,0.1032,0.0,0.0,0.0,91,138,0,0,0,0,0,0.0,1.5487,nan,edge/x86_64,,3.12.3,2026-10-09T18:43:31Z
191,ECDH-P256,classical,,keygen,0.0275,0.0,0.0,0.0,91,138,0,0,0,0,0,0.0,0.4122,nan,edge/x86_64,,3.12.3,2026-10-09T18:43:31Z
191,ECDH-P256,classical,,encapsulate,0.1046,0.0,0.0,0.0,91,138,0,0,0,0,0,0.0,1.5691,nan,edge/x86_64,,3.12.3,2026-10-09T18:43:31Z
192,ECDH-P256,classical,,keygen,0.0283,0.0,0.0,0.0,91,138,0,0,0,0,0,0.0,0.4246,nan,edge/x86_64,,3.12.3,2026-10-09T18:43:31Z
192,ECDH-P256,classical,,encapsulate,0.1053,0.0,0.0,0.0,91,138,0,0,0,0,0,0.0,1.5798,nan,edge/x86_64,,3.12.3,2026-10-09T18:43:31Z
193,ECDH-P256,classical,,keygen,0.0273,0.0,0.0,0.0,91,138,0,0,0,0,0,0.0,0.4092,nan,edge/x86_64,,3.12.3,2026-10-09T18:43:31Z
193,ECDH-P256,classical,,encapsulate,0.1087,0.0,0.0,0.0,91,138,0,0,0,0,0,0.0,1.6304,nan,edge/x86_64,,3.12.3,2026-10-09T18:43:31Z
194,ECDH-P256,classical,,keygen,0.0285,0.0,0.0,0.0,91,138,0,0,0,0,0,0.0,0.4282,nan,edge/x86_64,,3.12.3,2026-10-09T18:43:31Z
194,ECDH-P256,classical,,encapsulate,0.1012,0.0,0.0,0.0,91,138,0,0,0,0,0,0.0,1.5186,nan,edge/x86_64,,3.12.3,2026-10-09T18:43:31Z
195,ECDH-P256,classical,,keygen,0.0276,0.0,0.0,0.0,91,138,0,0,0,0,0,0.0,0.4139,nan,edge/x86_64,,3.12.3,2026-10-09T18:43:31Z
195,ECDH-P256,classical,,encapsulate,0.0983,0.0,0.0,0.0,91,138,0,0,0,0,0,0.0,1.4752,nan,edge/x86_64,,3.12.3,2026-10-09T18:43:31Z
196,ECDH-P256,classical,,keygen,0.0407,0.0,0.0,0.0,91,138,0,0,0,0,0,0.0,0.61,nan,edge/x86_64,,3.12.3,2026-10-09T18:43:31Z
196,ECDH-P256,classical,,encapsulate,0.1344,0.0,0.0,0.0,91,138,0,0,0,0,0,0.0,2.0164,nan,edge/x86_64,,3.12.3,2026-10-09T18:43:31Z
197,ECDH-P256,classical,,keygen,0.0342,0.0,0.0,0.0,91,138,0,0,0,0,0,0.0,0.5124,nan,edge/x86_64,,3.12.3,2026-10-09T18:43:31Z
197,ECDH-P256,classical,,encapsulate,0.1057,0.0,0.0,0.0,91,138,0,0,0,0,0,0.0,1.585,nan,edge/x86_64,,3.12.3,2026-10-09T18:43:31Z
198,ECDH-P256,classical,,keygen,0.0273,0.0,0.0,0.0,91,138,0,0,0,0,0,0.0,0.409,nan,edge/x86_64,,3.12.3,2026-10-09T18:43:31Z
198,ECDH-P256,classical,,encapsulate,0.099,0.0,0.0,0.0,91,138,0,0,0,0,0,0.0,1.4854,nan,edge/x86_64,,3.12.3,2026-10-09T18:43:31Z
199,ECDH-P256,classical,,keygen,0.0306,0.0,0.0,0.0,91,138,0,0,0,0,0,0.0,0.4586,nan,edge/x86_64,,3.12.3,2026-10-09T18:43:31Z
199,ECDH-P256,classical,,encapsulate,0.1044,0.0,0.0,0.0,91,138,0,0,0,0,0,0.0,1.5656,nan,edge/x86_64,,3.12.3,2026-10-09T18:43:31Z
0,ECDH-P384,classical,,keygen,0.2607,0.0,0.0,0.0,120,185,0,0,0,0,0,0.0,3.9104,nan,edge/x86_64,,3.12.3,2026-10-09T18:43:31Z
0,ECDH-P384,classical,,encapsulate,0.6686,0.0,0.0,0.0,120,185,0,0,0,0,0,0.0,10.0283,nan,edge/x86_64,,3.12.3,2026-10-09T18:43:31Z
1,ECDH-P384,classical,,keygen,0.2573,0.0,0.0,0.0,120,185,0,0,0,0,0,0.0,3.8591,nan,edge/x86_64,,3.12.3,2026-10-09T18:43:31Z
1,ECDH-P384,classical,,encapsulate,0.5605,0.0,0.0,0.0,120,185,0,0,0,0,0,0.0,8.4081,nan,edge/x86_64,,3.12.3,2026-10-09T18:43:31Z
2,ECDH-P384,classical,,keygen,0.2539,0.0,0.0,0.0,120,185,0,0,0,0,0,0.0,3.8083,nan,edge/x86_64,,3.12.3,2026-10-09T18:43:31Z
2,ECDH-P384,classical,,encapsulate,0.7015,0.0,0.0,0.0,120,185,0,0,0,0,0,0.0,10.5229,nan,edge/x86_64,,3.12.3,2026-10-09T18:43:31Z
3,ECDH-P384,classical,,keygen,0.2586,0.0,0.0,0.0,120,185,0,0,0,0,0,0.0,3.879,nan,edge/x86_64,,3.12.3,2026-10-09T18:43:31Z
3,ECDH-P384,classical,,encapsulate,0.5758,0.0,0.0,0.0,120,185,0,0,0,0,0,0.0,8.6363,nan,edge/x86_64,,3.12.3,2026-10-09T18:43:31Z
4,ECDH-P384,classical,,keygen,0.276,0.0,0.0,0.0,120,185,0,0,0,0,0,0.0,4.1394,nan,edge/x86_64,,3.12.3,2026-10-09T18:43:31Z
4,ECDH-P384,classical,,encapsulate,0.7239,0.0,0.0,0.0,120,185,0,0,0,0,0,0.0,10.8588,nan,edge/x86_64,,3.12.3,2026-10-09T18:43:31Z
5,ECDH-P384,classical,,keygen,0.2663,0.0,0.0,0.0,120,185,0,0,0,0,0,0.0,3.9948,nan,edge/x86_64,,3.12.3,2026-10-09T18:43:31Z
5,ECDH-P384,classical,,encapsulate,0.662,0.0,0.0,0.0,120,185,0,0,0,0,0,0.0,9.9303,nan,edge/x86_64,,3.12.3,2026-10-09T18:43:31Z
6,ECDH-P384,classical,,keygen,0.2087,0.0,0.0,0.0,120,185,0,0,0,0,0,0.0,3.13,nan,edge/x86_64,,3.12.3,2026-10-09T18:43:31Z
6,ECDH-P384,classical,,encapsulate,0.6466,0.0,0.0,0.0,120,185,0,0,0,0,0,0.0,9.6997,nan,edge/x86_64,,3.12.3,2026-10-09T18:43:31Z
7,ECDH-P384,classical,,keygen,0.2863,0.0,0.0,0.0,120,185,0,0,0,0,0,0.0,4.2945,nan,edge/x86_64,,3.12.3,2026-10-09T18:43:31Z
7,ECDH-P384,classical,,encapsulate,0.6569,0.0,0.0,0.0,120,185,0,0,0,0,0,0.0,9.8535,nan,edge/x86_64,,3.12.3,2026-10-09T18:43:31Z
8,ECDH-P384,classical,,keygen,0.2558,0.0,0.0,0.0,120,185,0,0,0,0,0,0.0,3.8375,nan,edge/x86_64,,3.12.3,2026-10-09T18:43:31Z
8,ECDH-P384,classical,,encapsulate,0.6208,0.0,0.0,0.0,120,185,0,0,0,0,0,0.0,9.312,nan,edge/x86_64,,3.12.3,2026-10-09T18:43:31Z
9,ECDH-P384,classical,,keygen,0.2517,0.0,0.0,0.0,120,185,0,0,0,0,0,0.0,3.7748,nan,edge/x86_64,,3.12.3,2026-10-09T18:43:31Z
9,ECDH-P384,classical,,encapsulate,0.6412,0.0,0.0,0.0,120,185,0,0,0,0,0,0.0,9.6174,nan,edge/x86_64,,3.12.3,2026-10-09T18:43:31Z
10,ECDH-P384,classical,,keygen,0.2937,0.0,0.0,0.0,120,185,0,0,0,0,0,0.0,4.4048,nan,edge/x86_64,,3.12.3,2026-10-09T18:43:31Z
10,ECDH-P384,classical,,encapsulate,0.5912,0.0,0.0,0.0,120,185,0,0,0,0,0,0.0,8.8682,nan,edge/x86_64,,3.12.3,2026-10-09T18:43:31Z
11,ECDH-P384,classical,,keygen,0.2519,0.0,0.0,0.0,120,185,0,0,0,0,0,0.0,3.7785,nan,edge/x86_64,,3.12.3,2026-10-09T18:43:31Z
11,ECDH-P384,classical,,encapsulate,0.7209,0.0,0.0,0.0,120,185,0,0,0,0,0,0.0,10.8133,nan,edge/x86_64,,3.12.3,2026-10-09T18:43:31Z
12,ECDH-P384,classical,,keygen,0.2598,0.0,0.0,0.0,120,185,0,0,0,0,0,0.0,3.8965,nan,edge/x86_64,,3.12.3,2026-10-09T18:43:31Z
12,ECDH-P384,classical,,encapsulate,0.6439,0.0,0.0,0.0,120,185,0,0,0,0,0,0.0,9.6581,nan,edge/x86_64,,3.12.3,2026-10-09T18:43:31Z
13,ECDH-P384,classical,,keygen,0.273,0.0,0.0,0.0,120,185,0,0,0,0,0,0.0,4.0955,nan,edge/x86_64,,3.12.3,2026-10-09T18:43:31Z
13,ECDH-P384,classical,,encapsulate,0.6216,0.0,0.0,0.0,120,185,0,0,0,0,0,0.0,9.3245,nan,edge/x86_64,,3.12.3,2026-10-09T18:43:31Z
14,ECDH-P384,classical,,keygen,0.2598,0.0,0.0,0.0,120,185,0,0,0,0,0,0.0,3.8973,nan,edge/x86_64,,3.12.3,2026-10-09T18:43:31Z
14,ECDH-P384,classical,,encapsulate,0.6691,0.0,0.0,0.0,120,185,0,0,0,0,0,0.0,10.0363,nan,edge/x86_64,,3.12.3,2026-10-09T18:43:31Z
15,ECDH-P384,classical,,keygen,0.3069,0.0,0.0,0.0,120,185,0,0,0,0,0,0.0,4.6032,nan,edge/x86_64,,3.12.3,2026-10-09T18:43:31Z
15,ECDH-P384,classical,,encapsulate,0.6374,0.0,0.0,0.0,120,185,0,0,0,0,0,0.0,9.5617,nan,edge/x86_64,,3.12.3,2026-10-09T18:43:31Z
16,ECDH-P384,classical,,keygen,0.2711,0.0,0.0,0.0,120,185,0,0,0,0,0,0.0,4.0658,nan,edge/x86_64,,3.12.3,2026-10-09T18:43:31Z
16,ECDH-P384,classical,,encapsulate,0.6562,0.0,0.0,0.0,120,185,0,0,0,0,0,0.0,9.8424,nan,edge/x86_64,,3.12.3,2026-10-09T18:43:31Z
17,ECDH-P384,classical,,keygen,0.2795,0.0,0.0,0.0,120,185,0,0,0,0,0,0.0,4.1927,nan,edge/x86_64,,3.12.3,2026-10-09T18:43:31Z
17,ECDH-P384,classical,,encapsulate,0.6089,0.0,0.0,0.0,120,185,0,0,0,0,0,0.0,9.1339,nan,edge/x86_64,,3.12.3,2026-10-09T18:43:31Z
18,ECDH-P384,classical,,keygen,0.2555,0.0,0.0,0.0,120,185,0,0,0,0,0,0.0,3.8325,nan,edge/x86_64,,3.12.3,2026-10-09T18:43:31Z
18,ECDH-P384,classical,,encapsulate,0.6488,0.0,0.0,0.0,120,185,0,0,0,0,0,0.0,9.7324,nan,edge/x86_64,,3.12.3,2026-10-09T18:43:31Z
19,ECDH-P384,classical,,keygen,0.2743,0.0,0.0,0.0,120,185,0,0,0,0,0,0.0,4.1142,nan,edge/x86_64,,3.12.3,2026-10-09T18:43:31Z
19,ECDH-P384,classical,,encapsulate,0.7264,0.0,0.0,0.0,120,185,0,0,0,0,0,0.0,10.8959,nan,edge/x86_64,,3.12.3,2026-10-09T18:43:31Z
20,ECDH-P384,classical,,keygen,0.2694,0.0,0.0,0.0,120,185,0,0,0,0,0,0.0,4.0411,nan,edge/x86_64,,3.12.3,2026-10-09T18:43:31Z
20,ECDH-P384,classical,,encapsulate,0.5839,0.0,0.0,0.0,120,185,0,0,0,0,0,0.0,8.7585,nan,edge/x86_64,,3.12.3,2026-10-09T18:43:31Z
21,ECDH-P384,classical,,keygen,0.2874,0.0,0.0,0.0,120,185,0,0,0,0,0,0.0,4.3111,nan,edge/x86_64,,3.12.3,2026-10-09T18:43:31Z
21,ECDH-P384,classical,,encapsulate,0.6596,0.0,0.0,0.0,120,185,0,0,0,0,0,0.0,9.8936,nan,edge/x86_64,,3.12.3,2026-10-09T18:43:31Z
22,ECDH-P384,classical,,keygen,0.2529,0.0,0.0,0.0,120,185,0,0,0,0,0,0.0,3.793,nan,edge/x86_64,,3.12.3,2026-10-09T18:43:31Z
22,ECDH-P384,classical,,encapsulate,0.6264,0.0,0.0,0.0,120,185,0,0,0,0,0,0.0,9.396,nan,edge/x86_64,,3.12.3,2026-10-09T18:43:31Z
23,ECDH-P384,classical,,keygen,0.2582,0.0,0.0,0.0,120,185,0,0,0,0,0,0.0,3.8733,nan,edge/x86_64,,3.12.3,2026-10-09T18:43:31Z
23,ECDH-P384,classical,,encapsulate,0.6783,0.0,0.0,0.0,120,185,0,0,0,0,0,0.0,10.175,nan,edge/x86_64,,3.12.3,2026-10-09T18:43:31Z
24,ECDH-P384,classical,,keygen,0.2822,0.0,0.0,0.0,120,185,0,0,0,0,0,0.0,4.2329,nan,edge/x86_64,,3.12.3,2026-10-09T18:43:31Z
24,ECDH-P384,classical,,encapsulate,0.6547,0.0,0.0,0.0,120,185,0,0,0,0,0,0.0,9.82,nan,edge/x86_64,,3.12.3,2026-10-09T18:43:31Z
25,ECDH-P384,classical,,keygen,0.3016,0.0,0.0,0.0,120,185,0,0,0,0,0,0.0,4.5245,nan,edge/x86_64,,3.12.3,2026-10-09T18:43:31Z
25,ECDH-P384,classical,,encapsulate,0.6383,0.0,0.0,0.0,120,185,0,0,0,0,0,0.0,9.5748,nan,edge/x86_64,,3.12.3,2026-10-09T18:43:31Z
26,ECDH-P384,classical,,keygen,0.2599,0.0,0.0,0.0,120,185,0,0,0,0,0,0.0,3.8988,nan,edge/x86_64,,3.12.3,2026-10-09T18:43:31Z
26,ECDH-P384,classical,,encapsulate,0.641,0.0,0.0,0.0,120,185,0,0,0,0,0,0.0,9.6145,nan,edge/x86_64,,3.12.3,2026-10-09T18:43:31Z
27,ECDH-P384,classical,,keygen,0.2539,0.0,0.0,0.0,120,185,0,0,0,0,0,0.0,3.8078,nan,edge/x86_64,,3.12.3,2026-10-09T18:43:31Z
27,ECDH-P384,classical,,encapsulate,0.6394,0.0,0.0,0.0,120,185,0,0,0,0,0,0.0,9.591,nan,edge/x86_64,,3.12.3,2026-10-09T18:43:31Z
28,ECDH-P384,classical,,keygen,0.2444,0.0,0.0,0.0,120,185,0,0,0,0,0,0.0,3.6658,nan,edge/x86_64,,3.12.3,2026-10-09T18:43:31Z
28,ECDH-P384,classical,,encapsulate,0.5452,0.0,0.0,0.0,120,185,0,0,0,0,0,0.0,8.1787,nan,edge/x86_64,,3.12.3,2026-10-09T18:43:31Z
29,ECDH-P384,classical,,keygen,0.271,0.0,0.0,0.0,120,185,0,0,0,0,0,0.0,4.0657,nan,edge/x86_64,,3.12.3,2026-10-09T18:43:31Z
29,ECDH-P384,classical,,encapsulate,0.6764,0.0,0.0,0.0,120,185,0,0,0,0,0,0.0,10.1453,nan,edge/x86_64,,3.12.3,2026-10-09T18:43:31Z
30,ECDH-P384,classical,,keygen,0.2616,0.0,0.0,0.0,120,185,0,0,0,0,0,0.0,3.9241,nan,edge/x86_64,,3.12.3,2026-10-09T18:43:31Z
30,ECDH-P384,classical,,encapsulate,0.6679,0.0,0.0,0.0,120,185,0,0,0,0,0,0.0,10.0189,nan,edge/x86_64,,3.12.3,2026-10-09T18:43:31Z
31,ECDH-P384,classical,,keygen,0.2026,0.0,0.0,0.0,120,185,0,0,0,0,0,0.0,3.0396,nan,edge/x86_64,,3.12.3,2026-10-09T18:43:31Z
31,ECDH-P384,classical,,encapsulate,0.6633,0.0,0.0,0.0,120,185,0,0,0,0,0,0.0,9.9495,nan,edge/x86_64,,3.12.3,2026-10-09T18:43:31Z
32,ECDH-P384,classical,,keygen,0.5057,0.0,0.0,0.0,120,185,0,0,0,0,0,0.0,7.5854,nan,edge/x86_64,,3.12.3,2026-10-09T18:43:31Z
32,ECDH-P384,classical,,encapsulate,0.6734,0.0,0.0,0.0,120,185,0,0,0,0,0,0.0,10.1007,nan,edge/x86_64,,3.12.3,2026-10-09T18:43:31Z
33,ECDH-P384,classical,,keygen,0.2296,0.0,0.0,0.0,120,185,0,0,0,0,0,0.0,3.444,nan,edge/x86_64,,3.12.3,2026-10-09T18:43:31Z
33,ECDH-P384,classical,,encapsulate,0.7464,0.0,0.0,0.0,120,185,0,0,0,0,0,0.0,11.1966,nan,edge/x86_64,,3.12.3,2026-10-09T18:43:31Z
34,ECDH-P384,classical,,keygen,0.2584,0.0,0.0,0.0,120,185,0,0,0,0,0,0.0,3.8767,nan,edge/x86_64,,3.12.3,2026-10-09T18:43:31Z
34,ECDH-P384,classical,,encapsulate,0.6474,0.0,0.0,0.0,120,185,0,0,0,0,0,0.0,9.7107,nan,edge/x86_64,,3.12.3,2026-10-09T18:43:31Z
35,ECDH-P384,classical,,keygen,0.2378,0.0,0.0,0.0,120,185,0,0,0,0,0,0.0,3.5668,nan,edge/x86_64,,3.12.3,2026-10-09T18:43:31Z
35,ECDH-P384,classical,,encapsulate,0.6883,0.0,0.0,0.0,120,185,0,0,0,0,0,0.0,10.324,nan,edge/x86_64,,3.12.3,2026-10-09T18:43:31Z
36,ECDH-P384,classical,,keygen,0.2757,0.0,0.0,0.0,120,185,0,0,0,0,0,0.0,4.1358,nan,edge/x86_64,,3.12.3,2026-10-09T18:43:31Z
36,ECDH-P384,classical,,encapsulate,0.7836,0.0,0.0,0.0,120,185,0,0,0,0,0,0.0,11.7533,nan,edge/x86_64,,3.12.3,2026-10-09T18:43:31Z
37,ECDH-P384,classical,,keygen,0.2651,0.0,0.0,0.0,120,185,0,0,0,0,0,0.0,3.9761,nan,edge/x86_64,,3.12.3,2026-10-09T18:43:31Z
37,ECDH-P384,classical,,encapsulate,0.5787,0.0,0.0,0.0,120,185,0,0,0,0,0,0.0,8.6811,nan,edge/x86_64,,3.12.3,2026-10-09T18:43:31Z
38,ECDH-P384,classical,,keygen,0.2149,0.0,0.0,0.0,120,185,0,0,0,0,0,0.0,3.2232,nan,edge/x86_64,,3.12.3,2026-10-09T18:43:31Z
38,ECDH-P384,classical,,encapsulate,0.6346,0.0,0.0,0.0,120,185,0,0,0,0,0,0.0,9.5195,nan,edge/x86_64,,3.12.3,2026-10-09T18:43:31Z
39,ECDH-P384,classical,,keygen,0.2564,0.0,0.0,0.0,120,185,0,0,0,0,0,0.0,3.8454,nan,edge/x86_64,,3.12.3,2026-10-09T18:43:31Z
39,ECDH-P384,classical,,encapsulate,0.6893,0.0,0.0,0.0,120,185,0,0,0,0,0,0.0,10.3388,nan,edge/x86_64,,3.12.3,2026-10-09T18:43:31Z
40,ECDH-P384,classical,,keygen,0.2659,0.0,0.0,0.0,120,185,0,0,0,0,0,0.0,3.9885,nan,edge/x86_64,,3.12.3,2026-10-09T18:43:31Z
40,ECDH-P384,classical,,encapsulate,0.6507,0.0,0.0,0.0,120,185,0,0,0,0,0,0.0,9.7612,nan,edge/x86_64,,3.12.3,2026-10-09T18:43:31Z
41,ECDH-P384,classical,,keygen,0.2362,0.0,0.0,0.0,120,185,0,0,0,0,0,0.0,3.5435,nan,edge/x86_64,,3.12.3,2026-10-09T18:43:31Z
41,ECDH-P384,classical,,encapsulate,0.6351,0.0,0.0,0.0,120,185,0,0,0,0,0,0.0,9.5262,nan,edge/x86_64,,3.12.3,2026-10-09T18:43:31Z
42,ECDH-P384,classical,,keygen,0.2679,0.0,0.0,0.0,120,185,0,0,0,0,0,0.0,4.0178,nan,edge/x86_64,,3.12.3,2026-10-09T18:43:31Z
42,ECDH-P384,classical,,encapsulate,0.6944,0.0,0.0,0.0,120,185,0,0,0,0,0,0.0,10.4163,nan,edge/x86_64,,3.12.3,2026-10-09T18:43:31Z
43,ECDH-P384,classical,,keygen,0.2666,0.0,0.0,0.0,120,185,0,0,0,0,0,0.0,3.9993,nan,edge/x86_64,,3.12.3,2026-10-09T18:43:31Z
43,ECDH-P384,classical,,encapsulate,0.6338,0.0,0.0,0.0,120,185,0,0,0,0,0,0.0,9.5072,nan,edge/x86_64,,3.12.3,2026-10-09T18:43:31Z
44,ECDH-P384,classical,,keygen,0.2397,0.0,0.0,0.0,120,185,0,0,0,0,0,0.0,3.5961,nan,edge/x86_64,,3.12.3,2026-10-09T18:43:31Z
44,ECDH-P384,classical,,encapsulate,0.697,0.0,0.0,0.0,120,185,0,0,0,0,0,0.0,10.4545,nan,edge/x86_64,,3.12.3,2026-10-09T18:43:31Z
45,ECDH-P384,classical,,keygen,0.2568,0.0,0.0,0.0,120,185,0,0,0,0,0,0.0,3.8516,nan,edge/x86_64,,3.12.3,2026-10-09T18:43:31Z
45,ECDH-P384,classical,,encapsulate,0.7006,0.0,0.0,0.0,120,185,0,0,0,0,0,0.0,10.5097,nan,edge/x86_64,,3.12.3,2026-10-09T18:43:31Z
46,ECDH-P384,classical,,keygen,0.241,0.0,0.0,0.0,120,185,0,0,0,0,0,0.0,3.6153,nan,edge/x86_64,,3.12.3,2026-10-09T18:43:31Z
46,ECDH-P384,classical,,encapsulate,0.6638,0.0,0.0,0.0,120,185,0,0,0,0,0,0.0,9.9575,nan,edge/x86_64,,3.12.3,2026-10-09T18:43:31Z
47,ECDH-P384,classical,,keygen,0.2461,0.0,0.0,0.0,120,185,0,0,0,0,0,0.0,3.6913,nan,edge/x86_64,,3.12.3,2026-10-09T18:43:31Z
47,ECDH-P384,classical,,encapsulate,0.6302,0.0,0.0,0.0,120,185,0,0,0,0,0,0.0,9.4536,nan,edge/x86_64,,3.12.3,2026-10-09T18:43:31Z
48,ECDH-P384,classical,,keygen,0.268,0.0,0.0,0.0,120,185,0,0,0,0,0,0.0,4.0201,nan,edge/x86_64,,3.12.3,2026-10-09T18:43:31Z
48,ECDH-P384,classical,,encapsulate,0.6505,0.0,0.0,0.0,120,185,0,0,0,0,0,0.0,9.7578,nan,edge/x86_64,,3.12.3,2026-10-09T18:43:31Z
49,ECDH-P384,classical,,keygen,0.2564,0.0,0.0,0.0,120,185,0,0,0,0,0,0.0,3.8466,nan,edge/x86_64,,3.12.3,2026-10-09T18:43:31Z
49,ECDH-P384,classical,,encapsulate,0.7719,0.0,0.0,0.0,120,185,0,0,0,0,0,0.0,11.5782,nan,edge/x86_64,,3.12.3,2026-10-09T18:43:31Z
50,ECDH-P384,classical,,keygen,0.2658,0.0,0.0,0.0,120,185,0,0,0,0,0,0.0,3.9867,nan,edge/x86_64,,3.12.3,2026-10-09T18:43:31Z
50,ECDH-P384,classical,,encapsulate,0.6565,0.0,0.0,0.0,120,185,0,0,0,0,0,0.0,9.8472,nan,edge/x86_64,,3.12.3,2026-10-09T18:43:31Z
51,ECDH-P384,classical,,keygen,0.251,0.0,0.0,0.0,120,185,0,0,0,0,0,0.0,3.7647,nan,edge/x86_64,,3.12.3,2026-10-09T18:43:31Z
51,ECDH-P384,classical,,encapsulate,0.6593,0.0,0.0,0.0,120,185,0,0,0,0,0,0.0,9.8901,nan,edge/x86_64,,3.12.3,2026-10-09T18:43:31Z
52,ECDH-P384,classical,,keygen,0.2676,0.0,0.0,0.0,120,185,0,0,0,0,0,0.0,4.0137,nan,edge/x86_64,,3.12.3,2026-10-09T18:43:31Z
52,ECDH-P384,classical,,encapsulate,0.6383,0.0,0.0,0.0,120,185,0,0,0,0,0,0.0,9.5747,nan,edge/x86_64,,3.12.3,2026-10-09T18:43:31Z
53,ECDH-P384,classical,,keygen,0.2454,0.0,0.0,0.0,120,185,0,0,0,0,0,0.0,3.6809,nan,edge/x86_64,,3.12.3,2026-10-09T18:43:31Z
53,ECDH-P384,classical,,encapsulate,0.6542,0.0,0.0,0.0,120,185,0,0,0,0,0,0.0,9.8135,nan,edge/x86_64,,3.12.3,2026-10-09T18:43:31Z
54,ECDH-P384,classical,,keygen,0.2616,0.0,0.0,0.0,120,185,0,0,0,0,0,0.0,3.9235,nan,edge/x86_64,,3.12.3,2026-10-09T18:43:31Z
54,ECDH-P384,classical,,encapsulate,0.6691,0.0,0.0,0.0,120,185,0,0,0,0,0,0.0,10.0364,nan,edge/x86_64,,3.12.3,2026-10-09T18:43:31Z
55,ECDH-P384,classical,,keygen,0.2527,0.0,0.0,0.0,120,185,0,0,0,0,0,0.0,3.7912,nan,edge/x86_64,,3.12.3,2026-10-09T18:43:31Z
55,ECDH-P384,classical,,encapsulate,0.6237,0.0,0.0,0.0,120,185,0,0,0,0,0,0.0,9.3548,nan,edge/x86_64,,3.12.3,2026-10-09T18:43:31Z
56,ECDH-P384,classical,,keygen,0.3029,0.0,0.0,0.0,120,185,0,0,0,0,0,0.0,4.5439,nan,edge/x86_64,,3.12.3,2026-10-09T18:43:31Z
56,ECDH-P384,classical,,encapsulate,0.5924,0.0,0.0,0.0,120,185,0,0,0,0,0,0.0,8.8867,nan,edge/x86_64,,3.12.3,2026-10-09T18:43:31Z
57,ECDH-P384,classical,,keygen,0.2504,0.0,0.0,0.0,120,185,0,0,0,0,0,0.0,3.7556,nan,edge/x86_64,,3.12.3,2026-10-09T18:43:31Z
57,ECDH-P384,classical,,encapsulate,0.6801,0.0,0.0,0.0,120,185,0,0,0,0,0,0.0,10.2015,nan,edge/x86_64,,3.12.3,2026-10-09T18:43:31Z
58,ECDH-P384,classical,,keygen,0.2476,0.0,0.0,0.0,120,185,0,0,0,0,0,0.0,3.7145,nan,edge/x86_64,,3.12.3,2026-10-09T18:43:31Z
58,ECDH-P384,classical,,encapsulate,0.7224,0.0,0.0,0.0,120,185,0,0,0,0,0,0.0,10.8353,nan,edge/x86_64,,3.12.3,2026-10-09T18:43:31Z
59,ECDH-P384,classical,,keygen,0.332,0.0,0.0,0.0,120,185,0,0,0,0,0,0.0,4.9804,nan,edge/x86_64,,3.12.3,2026-10-09T18:43:31Z
59,ECDH-P384,classical,,encapsulate,0.6302,0.0,0.0,0.0,120,185,0,0,0,0,0,0.0,9.453,nan,edge/x86_64,,3.12.3,2026-10-09T18:43:31Z
60,ECDH-P384,classical,,keygen,0.2437,0.0,0.0,0.0,120,185,0,0,0,0,0,0.0,3.6553,nan,edge/x86_64,,3.12.3,2026-10-09T18:43:31Z
60,ECDH-P384,classical,,encapsulate,0.6313,0.0,0.0,0.0,120,185,0,0,0,0,0,0.0,9.4692,nan,edge/x86_64,,3.12.3,2026-10-09T18:43:31Z
61,ECDH-P384,classical,,keygen,0.259,0.0,0.0,0.0,120,185,0,0,0,0,0,0.0,3.885,nan,edge/x86_64,,3.12.3,2026-10-09T18:43:31Z
61,ECDH-P384,classical,,encapsulate,0.6155,0.0,0.0,0.0,120,185,0,0,0,0,0,0.0,9.2329,nan,edge/x86_64,,3.12.3,2026-10-09T18:43:31Z
62,ECDH-P384,classical,,keygen,0.2875,0.0,0.0,0.0,120,185,0,0,0,0,0,0.0,4.3131,nan,edge/x86_64,,3.12.3,2026-10-09T18:43:31Z
62,ECDH-P384,classical,,encapsulate,0.6157,0.0,0.0,0.0,120,185,0,0,0,0,0,0.0,9.2355,nan,edge/x86_64,,3.12.3,2026-10-09T18:43:31Z
63,ECDH-P384,classical,,keygen,0.252,0.0,0.0,0.0,120,185,0,0,0,0,0,0.0,3.7796,nan,edge/x86_64,,3.12.3,2026-10-09T18:43:31Z
63,ECDH-P384,classical,,encapsulate,0.6629,0.0,0.0,0.0,120,185,0,0,0,0,0,0.0,9.9434,nan,edge/x86_64,,3.12.3,2026-10-09T18:43:31Z
64,ECDH-P384,classical,,keygen,0.2535,0.0,0.0,0.0,120,185,0,0,0,0,0,0.0,3.802,nan,edge/x86_64,,3.12.3,2026-10-09T18:43:31Z
64,ECDH-P384,classical,,encapsulate,0.6009,0.0,0.0,0.0,120,185,0,0,0,0,0,0.0,9.0137,nan,edge/x86_64,,3.12.3,2026-10-09T18:43:31Z
65,ECDH-P384,classical,,keygen,0.263,0.0,0.0,0.0,120,185,0,0,0,0,0,0.0,3.9447,nan,edge/x86_64,,3.12.3,2026-10-09T18:43:31Z
65,ECDH-P384,classical,,encapsulate,0.6632,0.0,0.0,0.0,120,185,0,0,0,0,0,0.0,9.9487,nan,edge/x86_64,,3.12.3,2026-10-09T18:43:31Z
66,ECDH-P384,classical,,keygen,0.256,0.0,0.0,0.0,120,185,0,0,0,0,0,0.0,3.8395,nan,edge/x86_64,,3.12.3,2026-10-09T18:43:31Z
66,ECDH-P384,classical,,encapsulate,0.665,0.0,0.0,0.0,120,185,0,0,0,0,0,0.0,9.9749,nan,edge/x86_64,,3.12.3,2026-10-09T18:43:31Z
67,ECDH-P384,classical,,keygen,0.2435,0.0,0.0,0.0,120,185,0,0,0,0,0,0.0,3.6525,nan,edge/x86_64,,3.12.3,2026-10-09T18:43:31Z
67,ECDH-P384,classical,,encapsulate,0.6322,0.0,0.0,0.0,120,185,0,0,0,0,0,0.0,9.4826,nan,edge/x86_64,,3.12.3,2026-10-09T18:43:31Z
68,ECDH-P384,classical,,keygen,0.2581,0.0,0.0,0.0,120,185,0,0,0,0,0,0.0,3.8714,nan,edge/x86_64,,3.12.3,2026-10-09T18:43:31Z
68,ECDH-P384,classical,,encapsulate,0.6564,0.0,0.0,0.0,120,185,0,0,0,0,0,0.0,9.8467,nan,edge/x86_64,,3.12.3,2026-10-09T18:43:31Z
69,ECDH-P384,classical,,keygen,0.248,0.0,0.0,0.0,120,185,0,0,0,0,0,0.0,3.7205,nan,edge/x86_64,,3.12.3,2026-10-09T18:43:31Z
69,ECDH-P384,classical,,encapsulate,0.6389,0.0,0.0,0.0,120,185,0,0,0,0,0,0.0,9.5831,nan,edge/x86_64,,3.12.3,2026-10-09T18:43:31Z
70,ECDH-P384,classical,,keygen,0.268,0.0,0.0,0.0,120,185,0,0,0,0,0,0.0,4.0206,nan,edge/x86_64,,3.12.3,2026-10-09T18:43:31Z
70,ECDH-P384,classical,,encapsulate,0.6686,0.0,0.0,0.0,120,185,0,0,0,0,0,0.0,10.0289,nan,edge/x86_64,,3.12.3,2026-10-09T18:43:31Z
71,ECDH-P384,classical,,keygen,0.259,0.0,0.0,0.0,120,185,0,0,0,0,0,0.0,3.8857,nan,edge/x86_64,,3.12.3,2026-10-09T18:43:31Z
71,ECDH-P384,classical,,encapsulate,0.6729,0.0,0.0,0.0,120,185,0,0,0,0,0,0.0,10.0928,nan,edge/x86_64,,3.12.3,2026-10-09T18:43:31Z
72,ECDH-P384,classical,,keygen,0.284,0.0,0.0,0.0,120,185,0,0,0,0,0,0.0,4.2598,nan,edge/x86_64,,3.12.3,2026-10-09T18:43:31Z
72,ECDH-P384,classical,,encapsulate,0.6929,0.0,0.0,0.0,120,185,0,0,0,0,0,0.0,10.3928,nan,edge/x86_64,,3.12.3,2026-10-09T18:43:31Z
73,ECDH-P384,classical,,keygen,0.2772,0.0,0.0,0.0,120,185,0,0,0,0,0,0.0,4.1574,nan,edge/x86_64,,3.12.3,2026-10-09T18:43:31Z
73,ECDH-P384,classical,,encapsulate,0.6145,0.0,0.0,0.0,120,185,0,0,0,0,0,0.0,9.2171,nan,edge/x86_64,,3.12.3,2026-10-09T18:43:31Z
74,ECDH-P384,classical,,keygen,0.1915,0.0,0.0,0.0,120,185,0,0,0,0,0,0.0,2.8725,nan,edge/x86_64,,3.12.3,2026-10-09T18:43:31Z
74,ECDH-P384,classical,,encapsulate,0.6959,0.0,0.0,0.0,120,185,0,0,0,0,0,0.0,10.4386,nan,edge/x86_64,,3.12.3,2026-10-09T18:43:31Z
75,ECDH-P384,classical,,keygen,0.2998,0.0,0.0,0.0,120,185,0,0,0,0,0,0.0,4.4966,nan,edge/x86_64,,3.12.3,2026-10-09T18:43:31Z
75,ECDH-P384,classical,,encapsulate,0.667,0.0,0.0,0.0,120,185,0,0,0,0,0,0.0,10.0051,nan,edge/x86_64,,3.12.3,2026-10-09T18:43:31Z
76,ECDH-P384,classical,,keygen,0.2829,0.0,0.0,0.0,120,185,0,0,0,0,0,0.0,4.2439,nan,edge/x86_64,,3.12.3,2026-10-09T18:43:31Z
76,ECDH-P384,classical,,encapsulate,0.5609,0.0,0.0,0.0,120,185,0,0,0,0,0,0.0,8.414,nan,edge/x86_64,,3.12.3,2026-10-09T18:43:31Z
77,ECDH-P384,classical,,keygen,0.3879,0.0,0.0,0.0,120,185,0,0,0,0,0,0.0,5.818,nan,edge/x86_64,,3.12.3,2026-10-09T18:43:31Z
77,ECDH-P384,classical,,encapsulate,0.7508,0.0,0.0,0.0,120,185,0,0,0,0,0,0.0,11.2618,nan,edge/x86_64,,3.12.3,2026-10-09T18:43:31Z
78,ECDH-P384,classical,,keygen,0.2893,0.0,0.0,0.0,120,185,0,0,0,0,0,0.0,4.3397,nan,edge/x86_64,,3.12.3,2026-10-09T18:43:31Z
78,ECDH-P384,classical,,encapsulate,0.6703,0.0,0.0,0.0,120,185,0,0,0,0,0,0.0,10.0543,nan,edge/x86_64,,3.12.3,2026-10-09T18:43:31Z
79,ECDH-P384,classical,,keygen,0.2052,0.0,0.0,0.0,120,185,0,0,0,0,0,0.0,3.0784,nan,edge/x86_64,,3.12.3,2026-10-09T18:43:31Z
79,ECDH-P384,classical,,encapsulate,0.6435,0.0,0.0,0.0,120,185,0,0,0,0,0,0.0,9.6527,nan,edge/x86_64,,3.12.3,2026-10-09T18:43:31Z
80,ECDH-P384,classical,,keygen,0.2495,0.0,0.0,0.0,120,185,0,0,0,0,0,0.0,3.7427,nan,edge/x86_64,,3.12.3,2026-10-09T18:43:31Z
80,ECDH-P384,classical,,encapsulate,0.6531,0.0,0.0,0.0,120,185,0,0,0,0,0,0.0,9.7959,nan,edge/x86_64,,3.12.3,2026-10-09T18:43:31Z
81,ECDH-P384,classical,,keygen,0.2413,0.0,0.0,0.0,120,185,0,0,0,0,0,0.0,3.6189,nan,edge/x86_64,,3.12.3,2026-10-09T18:43:31Z
81,ECDH-P384,classical,,encapsulate,0.6768,0.0,0.0,0.0,120,185,0,0,0,0,0,0.0,10.1519,nan,edge/x86_64,,3.12.3,2026-10-09T18:43:31Z
82,ECDH-P384,classical,,keygen,0.3178,0.0,0.0,0.0,120,185,0,0,0,0,0,0.0,4.7668,nan,edge/x86_64,,3.12.3,2026-10-09T18:43:31Z
82,ECDH-P384,classical,,encapsulate,0.658,0.0,0.0,0.0,120,185,0,0,0,0,0,0.0,9.8695,nan,edge/x86_64,,3.12.3,2026-10-09T18:43:31Z
83,ECDH-P384,classical,,keygen,0.2586,0.0,0.0,0.0,120,185,0,0,0,0,0,0.0,3.8796,nan,edge/x86_64,,3.12.3,2026-10-09T18:43:31Z
83,ECDH-P384,classical,,encapsulate,0.6296,0.0,0.0,0.0,120,185,0,0,0,0,0,0.0,9.4443,nan,edge/x86_64,,3.12.3,2026-10-09T18:43:31Z
84,ECDH-P384,classical,,keygen,0.2532,0.0,0.0,0.0,120,185,0,0,0,0,0,0.0,3.7974,nan,edge/x86_64,,3.12.3,2026-10-09T18:43:31Z
84,ECDH-P384,classical,,encapsulate,0.6962,0.0,0.0,0.0,120,185,0,0,0,0,0,0.0,10.4436,nan,edge/x86_64,,3.12.3,2026-10-09T18:43:31Z
85,ECDH-P384,classical,,keygen,0.4269,0.0,0.0,0.0,120,185,0,0,0,0,0,0.0,6.4028,nan,edge/x86_64,,3.12.3,2026-10-09T18:43:31Z
85,ECDH-P384,classical,,encapsulate,0.7586,0.0,0.0,0.0,120,185,0,0,0,0,0,0.0,11.3783,nan,edge/x86_64,,3.12.3,2026-10-09T18:43:31Z
86,ECDH-P384,classical,,keygen,0.2604,0.0,0.0,0.0,120,185,0,0,0,0,0,0.0,3.9061,nan,edge/x86_64,,3.12.3,2026-10-09T18:43:31Z
86,ECDH-P384,classical,,encapsulate,0.6513,0.0,0.0,0.0,120,185,0,0,0,0,0,0.0,9.7694,nan,edge/x86_64,,3.12.3,2026-10-09T18:43:31Z
87,ECDH-P384,classical,,keygen,0.2488,0.0,0.0,0.0,120,185,0,0,0,0,0,0.0,3.7322,nan,edge/x86_64,,3.12.3,2026-10-09T18:43:31Z
87,ECDH-P384,classical,,encapsulate,0.6713,0.0,0.0,0.0,120,185,0,0,0,0,0,0.0,10.0696,nan,edge/x86_64,,3.12.3,2026-10-09T18:43:31Z
88,ECDH-P384,classical,,keygen,0.2532,0.0,0.0,0.0,120,185,0,0,0,0,0,0.0,3.7977,nan,edge/x86_64,,3.12.3,2026-10-09T18:43:31Z
88,ECDH-P384,classical,,encapsulate,0.5557,0.0,0.0,0.0,120,185,0,0,0,0,0,0.0,8.3349,nan,edge/x86_64,,3.12.3,2026-10-09T18:43:31Z
89,ECDH-P384,classical,,keygen,0.269,0.0,0.0,0.0,120,185,0,0,0,0,0,0.0,4.0351,nan,edge/x86_64,,3.12.3,2026-10-09T18:43:31Z
89,ECDH-P384,classical,,encapsulate,0.6629,0.0,0.0,0.0,120,185,0,0,0,0,0,0.0,9.9432,nan,edge/x86_64,,3.12.3,2026-10-09T18:43:31Z
90,ECDH-P384,classical,,keygen,0.2555,0.0,0.0,0.0,120,185,0,0,0,0,0,0.0,3.8327,nan,edge/x86_64,,3.12.3,2026-10-09T18:43:31Z
90,ECDH-P384,classical,,encapsulate,0.684,0.0,0.0,0.0,120,185,0,0,0,0,0,0.0,10.2602,nan,edge/x86_64,,3.12.3,2026-10-09T18:43:31Z
91,ECDH-P384,classical,,keygen,0.2681,0.0,0.0,0.0,120,185,0,0,0,0,0,0.0,4.0213,nan,edge/x86_64,,3.12.3,2026-10-09T18:43:31Z
91,ECDH-P384,classical,,encapsulate,0.6863,0.0,0.0,0.0,120,185,0,0,0,0,0,0.0,10.2947,nan,edge/x86_64,,3.12.3,2026-10-09T18:43:31Z
92,ECDH-P384,classical,,keygen,0.2979,0.0,0.0,0.0,120,185,0,0,0,0,0,0.0,4.4686,nan,edge/x86_64,,3.12.3,2026-10-09T18:43:31Z
92,ECDH-P384,classical,,encapsulate,0.6299,0.0,0.0,0.0,120,185,0,0,0,0,0,0.0,9.449,nan,edge/x86_64,,3.12.3,2026-10-09T18:43:31Z
93,ECDH-P384,classical,,keygen,0.2425,0.0,0.0,0.0,120,185,0,0,0,0,0,0.0,3.638,nan,edge/x86_64,,3.12.3,2026-10-09T18:43:31Z
93,ECDH-P384,classical,,encapsulate,0.6957,0.0,0.0,0.0,120,185,0,0,0,0,0,0.0,10.4358,nan,edge/x86_64,,3.12.3,2026-10-09T18:43:31Z
94,ECDH-P384,classical,,keygen,0.2562,0.0,0.0,0.0,120,185,0,0,0,0,0,0.0,3.8427,nan,edge/x86_64,,3.12.3,2026-10-09T18:43:31Z
94,ECDH-P384,classical,,encapsulate,0.6125,0.0,0.0,0.0,120,185,0,0,0,0,0,0.0,9.1874,nan,edge/x86_64,,3.12.3,2026-10-09T18:43:31Z
95,ECDH-P384,classical,,keygen,0.286,0.0,0.0,0.0,120,185,0,0,0,0,0,0.0,4.2902,nan,edge/x86_64,,3.12.3,2026-10-09T18:43:31Z
95,ECDH-P384,classical,,encapsulate,0.5806,0.0,0.0,0.0,120,185,0,0,0,0,0,0.0,8.709,nan,edge/x86_64,,3.12.3,2026-10-09T18:43:31Z
96,ECDH-P384,classical,,keygen,0.263,0.0,0.0,0.0,120,185,0,0,0,0,0,0.0,3.9453,nan,edge/x86_64,,3.12.3,2026-10-09T18:43:31Z
96,ECDH-P384,classical,,encapsulate,0.6785,0.0,0.0,0.0,120,185,0,0,0,0,0,0.0,10.1782,nan,edge/x86_64,,3.12.3,2026-10-09T18:43:31Z
97,ECDH-P384,classical,,keygen,0.2494,0.0,0.0,0.0,120,185,0,0,0,0,0,0.0,3.7414,nan,edge/x86_64,,3.12.3,2026-10-09T18:43:31Z
97,ECDH-P384,classical,,encapsulate,0.6725,0.0,0.0,0.0,120,185,0,0,0,0,0,0.0,10.0881,nan,edge/x86_64,,3.12.3,2026-10-09T18:43:31Z
98,ECDH-P384,classical,,keygen,0.2731,0.0,0.0,0.0,120,185,0,0,0,0,0,0.0,4.0962,nan,edge/x86_64,,3.12.3,2026-10-09T18:43:31Z
98,ECDH-P384,classical,,encapsulate,0.6371,0.0,0.0,0.0,120,185,0,0,0,0,0,0.0,9.5563,nan,edge/x86_64,,3.12.3,2026-10-09T18:43:31Z
99,ECDH-P384,classical,,keygen,0.242,0.0,0.0,0.0,120,185,0,0,0,0,0,0.0,3.63,nan,edge/x86_64,,3.12.3,2026-10-09T18:43:31Z
99,ECDH-P384,classical,,encapsulate,0.735,0.0,0.0,0.0,120,185,0,0,0,0,0,0.0,11.0251,nan,edge/x86_64,,3.12.3,2026-10-09T18:43:31Z
100,ECDH-P384,classical,,keygen,0.2414,0.0,0.0,0.0,120,185,0,0,0,0,0,0.0,3.6215,nan,edge/x86_64,,3.12.3,2026-10-09T18:43:31Z
100,ECDH-P384,classical,,encapsulate,0.4843,0.0,0.0,0.0,120,185,0,0,0,0,0,0.0,7.265,nan,edge/x86_64,,3.12.3,2026-10-09T18:43:31Z
101,ECDH-P384,classical,,keygen,0.2881,0.0,0.0,0.0,120,185,0,0,0,0,0,0.0,4.3219,nan,edge/x86_64,,3.12.3,2026-10-09T18:43:31Z
101,ECDH-P384,classical,,encapsulate,0.7674,0.0,0.0,0.0,120,185,0,0,0,0,0,0.0,11.5117,nan,edge/x86_64,,3.12.3,2026-10-09T18:43:31Z
102,ECDH-P384,classical,,keygen,0.3002,0.0,0.0,0.0,120,185,0,0,0,0,0,0.0,4.503,nan,edge/x86_64,,3.12.3,2026-10-09T18:43:31Z
102,ECDH-P384,classical,,encapsulate,0.681,0.0,0.0,0.0,120,185,0,0,0,0,0,0.0,10.2154,nan,edge/x86_64,,3.12.3,2026-10-09T18:43:31Z
103,ECDH-P384,classical,,keygen,0.2472,0.0,0.0,0.0,120,185,0,0,0,0,0,0.0,3.7078,nan,edge/x86_64,,3.12.3,2026-10-09T18:43:31Z
103,ECDH-P384,classical,,encapsulate,0.5538,0.0,0.0,0.0,120,185,0,0,0,0,0,0.0,8.3069,nan,edge/x86_64,,3.12.3,2026-10-09T18:43:31Z
104,ECDH-P384,classical,,keygen,0.2596,0.0,0.0,0.0,120,185,0,0,0,0,0,0.0,3.8945,nan,edge/x86_64,,3.12.3,2026-10-09T18:43:31Z
104,ECDH-P384,classical,,encapsulate,0.6695,0.0,0.0,0.0,120,185,0,0,0,0,0,0.0,10.0432,nan,edge/x86_64,,3.12.3,2026-10-09T18:43:31Z
105,ECDH-P384,classical,,keygen,0.2484,0.0,0.0,0.0,120,185,0,0,0,0,0,0.0,3.7262,nan,edge/x86_64,,3.12.3,2026-10-09T18:43:31Z
105,ECDH-P384,classical,,encapsulate,0.6301,0.0,0.0,0.0,120,185,0,0,0,0,0,0.0,9.451,nan,edge/x86_64,,3.12.3,2026-10-09T18:43:31Z
106,ECDH-P384,classical,,keygen,0.2832,0.0,0.0,0.0,120,185,0,0,0,0,0,0.0,4.2481,nan,edge/x86_64,,3.12.3,2026-10-09T18:43:31Z
106,ECDH-P384,classical,,encapsulate,0.7555,0.0,0.0,0.0,120,185,0,0,0,0,0,0.0,11.3326,nan,edge/x86_64,,3.12.3,2026-10-09T18:43:31Z
107,ECDH-P384,classical,,keygen,0.2814,0.0,0.0,0.0,120,185,0,0,0,0,0,0.0,4.2216,nan,edge/x86_64,,3.12.3,2026-10-09T18:43:31Z
107,ECDH-P384,classical,,encapsulate,0.6618,0.0,0.0,0.0,120,185,0,0,0,0,0,0.0,9.9269,nan,edge/x86_64,,3.12.3,2026-10-09T18:43:31Z
108,ECDH-P384,classical,,keygen,0.3397,0.0,0.0,0.0,120,185,0,0,0,0,0,0.0,5.0962,nan,edge/x86_64,,3.12.3,2026-10-09T18:43:31Z
108,ECDH-P384,classical,,encapsulate,0.6824,0.0,0.0,0.0,120,185,0,0,0,0,0,0.0,10.2359,nan,edge/x86_64,,3.12.3,2026-10-09T18:43:31Z
109,ECDH-P384,classical,,keygen,0.2539,0.0,0.0,0.0,120,185,0,0,0,0,0,0.0,3.8082,nan,edge/x86_64,,3.12.3,2026-10-09T18:43:31Z
109,ECDH-P384,classical,,encapsulate,0.681,0.0,0.0,0.0,120,185,0,0,0,0,0,0.0,10.2144,nan,edge/x86_64,,3.12.3,2026-10-09T18:43:31Z
110,ECDH-P384,classical,,keygen,0.2802,0.0,0.0,0.0,120,185,0,0,0,0,0,0.0,4.2027,nan,edge/x86_64,,3.12.3,2026-10-09T18:43:31Z
110,ECDH-P384,classical,,encapsulate,0.6722,0.0,0.0,0.0,120,185,0,0,0,0,0,0.0,10.0833,nan,edge/x86_64,,3.12.3,2026-10-09T18:43:31Z
111,ECDH-P384,classical,,keygen,0.3072,0.0,0.0,0.0,120,185,0,0,0,0,0,0.0,4.608,nan,edge/x86_64,,3.12.3,2026-10-09T18:43:31Z
111,ECDH-P384,classical,,encapsulate,0.6731,0.0,0.0,0.0,120,185,0,0,0,0,0,0.0,10.0971,nan,edge/x86_64,,3.12.3,2026-10-09T18:43:31Z
112,ECDH-P384,classical,,keygen,0.2593,0.0,0.0,0.0,120,185,0,0,0,0,0,0.0,3.8895,nan,edge/x86_64,,3.12.3,2026-10-09T18:43:31Z
112,ECDH-P384,classical,,encapsulate,0.5857,0.0,0.0,0.0,120,185,0,0,0,0,0,0.0,8.7859,nan,edge/x86_64,,3.12.3,2026-10-09T18:43:31Z
113,ECDH-P384,classical,,keygen,0.2887,0.0,0.0,0.0,120,185,0,0,0,0,0,0.0,4.331,nan,edge/x86_64,,3.12.3,2026-10-09T18:43:31Z
113,ECDH-P384,classical,,encapsulate,0.653,0.0,0.0,0.0,120,185,0,0,0,0,0,0.0,9.7946,nan,edge/x86_64,,3.12.3,2026-10-09T18:43:31Z
114,ECDH-P384,classical,,keygen,0.2473,0.0,0.0,0.0,120,185,0,0,0,0,0,0.0,3.7092,nan,edge/x86_64,,3.12.3,2026-10-09T18:43:31Z
114,ECDH-P384,classical,,encapsulate,0.5941,0.0,0.0,0.0,120,185,0,0,0,0,0,0.0,8.9119,nan,edge/x86_64,,3.12.3,2026-10-09T18:43:31Z
115,ECDH-P384,classical,,keygen,0.2697,0.0,0.0,0.0,120,185,0,0,0,0,0,0.0,4.0455,nan,edge/x86_64,,3.12.3,2026-10-09T18:43:31Z
115,ECDH-P384,classical,,encapsulate,0.6573,0.0,0.0,0.0,120,185,0,0,0,0,0,0.0,9.8598,nan,edge/x86_64,,3.12.3,2026-10-09T18:43:31Z
116,ECDH-P384,classical,,keygen,0.254,0.0,0.0,0.0,120,185,0,0,0,0,0,0.0,3.8105,nan,edge/x86_64,,3.12.3,2026-10-09T18:43:31Z
116,ECDH-P384,classical,,encapsulate,0.5926,0.0,0.0,0.0,120,185,0,0,0,0,0,0.0,8.8891,nan,edge/x86_64,,3.12.3,2026-10-09T18:43:31Z
117,ECDH-P384,classical,,keygen,0.3195,0.0,0.0,0.0,120,185,0,0,0,0,0,0.0,4.7928,nan,edge/x86_64,,3.12.3,2026-10-09T18:43:31Z
117,ECDH-P384,classical,,encapsulate,0.662,0.0,0.0,0.0,120,185,0,0,0,0,0,0.0,9.9306,nan,edge/x86_64,,3.12.3,2026-10-09T18:43:31Z
118,ECDH-P384,classical,,keygen,0.2471,0.0,0.0,0.0,120,185,0,0,0,0,0,0.0,3.7067,nan,edge/x86_64,,3.12.3,2026-10-09T18:43:31Z
118,ECDH-P384,classical,,encapsulate,0.6771,0.0,0.0,0.0,120,185,0,0,0,0,0,0.0,10.1567,nan,edge/x86_64,,3.12.3,2026-10-09T18:43:31Z
119,ECDH-P384,classical,,keygen,0.223,0.0,0.0,0.0,120,185,0,0,0,0,0,0.0,3.3452,nan,edge/x86_64,,3.12.3,2026-10-09T18:43:31Z
119,ECDH-P384,classical,,encapsulate,0.6499,0.0,0.0,0.0,120,185,0,0,0,0,0,0.0,9.7487,nan,edge/x86_64,,3.12.3,2026-10-09T18:43:31Z
120,ECDH-P384,classical,,keygen,0.2987,0.0,0.0,0.0,120,185,0,0,0,0,0,0.0,4.4811,nan,edge/x86_64,,3.12.3,2026-10-09T18:43:31Z
120,ECDH-P384,classical,,encapsulate,0.6657,0.0,0.0,0.0,120,185,0,0,0,0,0,0.0,9.9851,nan,edge/x86_64,,3.12.3,2026-10-09T18:43:31Z
121,ECDH-P384,classical,,keygen,0.2312,0.0,0.0,0.0,120,185,0,0,0,0,0,0.0,3.4673,nan,edge/x86_64,,3.12.3,2026-10-09T18:43:31Z
121,ECDH-P384,classical,,encapsulate,0.6944,0.0,0.0,0.0,120,185,0,0,0,0,0,0.0,10.4156,nan,edge/x86_64,,3.12.3,2026-10-09T18:43:31Z
122,ECDH-P384,classical,,keygen,0.26,0.0,0.0,0.0,120,185,0,0,0,0,0,0.0,3.8996,nan,edge/x86_64,,3.12.3,2026-10-09T18:43:31Z
122,ECDH-P384,classical,,encapsulate,0.6516,0.0,0.0,0.0,120,185,0,0,0,0,0,0.0,9.7739,nan,edge/x86_64,,3.12.3,2026-10-09T18:43:31Z
123,ECDH-P384,classical,,keygen,0.2737,0.0,0.0,0.0,120,185,0,0,0,0,0,0.0,4.1061,nan,edge/x86_64,,3.12.3,2026-10-09T18:43:31Z
123,ECDH-P384,classical,,encapsulate,0.6601,0.0,0.0,0.0,120,185,0,0,0,0,0,0.0,9.9009,nan,edge/x86_64,,3.12.3,2026-10-09T18:43:31Z
124,ECDH-P384,classical,,keygen,0.2509,0.0,0.0,0.0,120,185,0,0,0,0,0,0.0,3.7634,nan,edge/x86_64,,3.12.3,2026-10-09T18:43:31Z
124,ECDH-P384,classical,,encapsulate,0.6869,0.0,0.0,0.0,120,185,0,0,0,0,0,0.0,10.3038,nan,edge/x86_64,,3.12.3,2026-10-09T18:43:31Z
125,ECDH-P384,classical,,keygen,0.2795,0.0,0.0,0.0,120,185,0,0,0,0,0,0.0,4.1923,nan,edge/x86_64,,3.12.3,2026-10-09T18:43:31Z
125,ECDH-P384,classical,,encapsulate,0.7294,0.0,0.0,0.0,120,185,0,0,0,0,0,0.0,10.9409,nan,edge/x86_64,,3.12.3,2026-10-09T18:43:31Z
126,ECDH-P384,classical,,keygen,0.2579,0.0,0.0,0.0,120,185,0,0,0,0,0,0.0,3.8679,nan,edge/x86_64,,3.12.3,2026-10-09T18:43:31Z
126,ECDH-P384,classical,,encapsulate,0.6301,0.0,0.0,0.0,120,185,0,0,0,0,0,0.0,9.4515,nan,edge/x86_64,,3.12.3,2026-10-09T18:43:31Z
127,ECDH-P384,classical,,keygen,0.2471,0.0,0.0,0.0,120,185,0,0,0,0,0,0.0,3.7067,nan,edge/x86_64,,3.12.3,2026-10-09T18:43:31Z
127,ECDH-P384,classical,,encapsulate,0.5618,0.0,0.0,0.0,120,185,0,0,0,0,0,0.0,8.4274,nan,edge/x86_64,,3.12.3,2026-10-09T18:43:31Z
128,ECDH-P384,classical,,keygen,0.2853,0.0,0.0,0.0,120,185,0,0,0,0,0,0.0,4.2796,nan,edge/x86_64,,3.12.3,2026-10-09T18:43:31Z
128,ECDH-P384,classical,,encapsulate,0.6744,0.0,0.0,0.0,120,185,0,0,0,0,0,0.0,10.1165,nan,edge/x86_64,,3.12.3,2026-10-09T18:43:31Z
129,ECDH-P384,classical,,keygen,0.2619,0.0,0.0,0.0,120,185,0,0,0,0,0,0.0,3.9282,nan,edge/x86_64,,3.12.3,2026-10-09T18:43:31Z
129,ECDH-P384,classical,,encapsulate,0.5776,0.0,0.0,0.0,120,185,0,0,0,0,0,0.0,8.6643,nan,edge/x86_64,,3.12.3,2026-10-09T18:43:31Z
130,ECDH-P384,classical,,keygen,0.2645,0.0,0.0,0.0,120,185,0,0,0,0,0,0.0,3.9671,nan,edge/x86_64,,3.12.3,2026-10-09T18:43:31Z
130,ECDH-P384,classical,,encapsulate,0.6407,0.0,0.0,0.0,120,185,0,0,0,0,0,0.0,9.6112,nan,edge/x86_64,,3.12.3,2026-10-09T18:43:31Z
131,ECDH-P384,classical,,keygen,0.2629,0.0,0.0,0.0,120,185,0,0,0,0,0,0.0,3.9441,nan,edge/x86_64,,3.12.3,2026-10-09T18:43:31Z
131,ECDH-P384,classical,,encapsulate,0.7777,0.0,0.0,0.0,120,185,0,0,0,0,0,0.0,11.6662,nan,edge/x86_64,,3.12.3,2026-10-09T18:43:31Z
132,ECDH-P384,classical,,keygen,0.2768,0.0,0.0,0.0,120,185,0,0,0,0,0,0.0,4.1519,nan,edge/x86_64,,3.12.3,2026-10-09T18:43:31Z
132,ECDH-P384,classical,,encapsulate,0.6416,0.0,0.0,0.0,120,185,0,0,0,0,0,0.0,9.6233,nan,edge/x86_64,,3.12.3,2026-10-09T18:43:31Z
133,ECDH-P384,classical,,keygen,0.2617,0.0,0.0,0.0,120,185,0,0,0,0,0,0.0,3.9259,nan,edge/x86_64,,3.12.3,2026-10-09T18:43:31Z
133,ECDH-P384,classical,,encapsulate,0.7,0.0,0.0,0.0,120,185,0,0,0,0,0,0.0,10.5004,nan,edge/x86_64,,3.12.3,2026-10-09T18:43:31Z
134,ECDH-P384,classical,,keygen,0.2263,0.0,0.0,0.0,120,185,0,0,0,0,0,0.0,3.3941,nan,edge/x86_64,,3.12.3,2026-10-09T18:43:31Z
134,ECDH-P384,classical,,encapsulate,0.7223,0.0,0.0,0.0,120,185,0,0,0,0,0,0.0,10.8346,nan,edge/x86_64,,3.12.3,2026-10-09T18:43:31Z
135,ECDH-P384,classical,,keygen,0.2673,0.0,0.0,0.0,120,185,0,0,0,0,0,0.0,4.009,nan,edge/x86_64,,3.12.3,2026-10-09T18:43:31Z
135,ECDH-P384,classical,,encapsulate,0.6208,0.0,0.0,0.0,120,185,0,0,0,0,0,0.0,9.3122,nan,edge/x86_64,,3.12.3,2026-10-09T18:43:31Z
136,ECDH-P384,classical,,keygen,0.2542,0.0,0.0,0.0,120,185,0,0,0,0,0,0.0,3.8135,nan,edge/x86_64,,3.12.3,2026-10-09T18:43:31Z
136,ECDH-P384,classical,,encapsulate,0.8802,0.0,0.0,0.0,120,185,0,0,0,0,0,0.0,13.2024,nan,edge/x86_64,,3.12.3,2026-10-09T18:43:31Z
137,ECDH-P384,classical,,keygen,0.2628,0.0,0.0,0.0,120,185,0,0,0,0,0,0.0,3.9421,nan,edge/x86_64,,3.12.3,2026-10-09T18:43:31Z
137,ECDH-P384,classical,,encapsulate,0.6545,0.0,0.0,0.0,120,185,0,0,0,0,0,0.0,9.8175,nan,edge/x86_64,,3.12.3,2026-10-09T18:43:31Z
138,ECDH-P384,classical,,keygen,0.2765,0.0,0.0,0.0,120,185,0,0,0,0,0,0.0,4.1479,nan,edge/x86_64,,3.12.3,2026-10-09T18:43:31Z
138,ECDH-P384,classical,,encapsulate,0.4831,0.0,0.0,0.0,120,185,0,0,0,0,0,0.0,7.247,nan,edge/x86_64,,3.12.3,2026-10-09T18:43:31Z
139,ECDH-P384,classical,,keygen,0.2544,0.0,0.0,0.0,120,185,0,0,0,0,0,0.0,3.8157,nan,edge/x86_64,,3.12.3,2026-10-09T18:43:31Z
139,ECDH-P384,classical,,encapsulate,0.6537,0.0,0.0,0.0,120,185,0,0,0,0,0,0.0,9.8049,nan,edge/x86_64,,3.12.3,2026-10-09T18:43:31Z
140,ECDH-P384,classical,,keygen,0.2438,0.0,0.0,0.0,120,185,0,0,0,0,0,0.0,3.6574,nan,edge/x86_64,,3.12.3,2026-10-09T18:43:31Z
140,ECDH-P384,classical,,encapsulate,0.6545,0.0,0.0,0.0,120,185,0,0,0,0,0,0.0,9.8168,nan,edge/x86_64,,3.12.3,2026-10-09T18:43:31Z
141,ECDH-P384,classical,,keygen,0.2044,0.0,0.0,0.0,120,185,0,0,0,0,0,0.0,3.0664,nan,edge/x86_64,,3.12.3,2026-10-09T18:43:31Z
141,ECDH-P384,classical,,encapsulate,0.6388,0.0,0.0,0.0,120,185,0,0,0,0,0,0.0,9.5825,nan,edge/x86_64,,3.12.3,2026-10-09T18:43:31Z
142,ECDH-P384,classical,,keygen,0.2416,0.0,0.0,0.0,120,185,0,0,0,0,0,0.0,3.6234,nan,edge/x86_64,,3.12.3,2026-10-09T18:43:31Z
142,ECDH-P384,classical,,encapsulate,0.6723,0.0,0.0,0.0,120,185,0,0,0,0,0,0.0,10.0842,nan,edge/x86_64,,3.12.3,2026-10-09T18:43:31Z
143,ECDH-P384,classical,,keygen,0.2543,0.0,0.0,0.0,120,185,0,0,0,0,0,0.0,3.8146,nan,edge/x86_64,,3.12.3,2026-10-09T18:43:31Z
143,ECDH-P384,classical,,encapsulate,0.661,0.0,0.0,0.0,120,185,0,0,0,0,0,0.0,9.9151,nan,edge/x86_64,,3.12.3,2026-10-09T18:43:31Z
144,ECDH-P384,classical,,keygen,0.2972,0.0,0.0,0.0,120,185,0,0,0,0,0,0.0,4.4575,nan,edge/x86_64,,3.12.3,2026-10-09T18:43:31Z
144,ECDH-P384,classical,,encapsulate,0.6433,0.0,0.0,0.0,120,185,0,0,0,0,0,0.0,9.6488,nan,edge/x86_64,,3.12.3,2026-10-09T18:43:31Z
145,ECDH-P384,classical,,keygen,0.2419,0.0,0.0,0.0,120,185,0,0,0,0,0,0.0,3.6291,nan,edge/x86_64,,3.12.3,2026-10-09T18:43:31Z
145,ECDH-P384,classical,,encapsulate,0.6361,0.0,0.0,0.0,120,185,0,0,0,0,0,0.0,9.5413,nan,edge/x86_64,,3.12.3,2026-10-09T18:43:31Z
146,ECDH-P384,classical,,keygen,0.2579,0.0,0.0,0.0,120,185,0,0,0,0,0,0.0,3.868,nan,edge/x86_64,,3.12.3,2026-10-09T18:43:31Z
146,ECDH-P384,classical,,encapsulate,0.6972,0.0,0.0,0.0,120,185,0,0,0,0,0,0.0,10.4574,nan,edge/x86_64,,3.12.3,2026-10-09T18:43:31Z
147,ECDH-P384,classical,,keygen,0.2442,0.0,0.0,0.0,120,185,0,0,0,0,0,0.0,3.6626,nan,edge/x86_64,,3.12.3,2026-10-09T18:43:31Z
147,ECDH-P384,classical,,encapsulate,0.6287,0.0,0.0,0.0,120,185,0,0,0,0,0,0.0,9.4307,nan,edge/x86_64,,3.12.3,2026-10-09T18:43:31Z
148,ECDH-P384,classical,,keygen,0.2568,0.0,0.0,0.0,120,185,0,0,0,0,0,0.0,3.8519,nan,edge/x86_64,,3.12.3,2026-10-09T18:43:31Z
148,ECDH-P384,classical,,encapsulate,0.6526,0.0,0.0,0.0,120,185,0,0,0,0,0,0.0,9.7887,nan,edge/x86_64,,3.12.3,2026-10-09T18:43:31Z
149,ECDH-P384,classical,,keygen,0.2197,0.0,0.0,0.0,120,185,0,0,0,0,0,0.0,3.2949,nan,edge/x86_64,,3.12.3,2026-10-09T18:43:31Z
149,ECDH-P384,classical,,encapsulate,0.633,0.0,0.0,0.0,120,185,0,0,0,0,0,0.0,9.4956,nan,edge/x86_64,,3.12.3,2026-10-09T18:43:31Z
150,ECDH-P384,classical,,keygen,0.2764,0.0,0.0,0.0,120,185,0,0,0,0,0,0.0,4.1463,nan,edge/x86_64,,3.12.3,2026-10-09T18:43:31Z
150,ECDH-P384,classical,,encapsulate,0.6242,0.0,0.0,0.0,120,185,0,0,0,0,0,0.0,9.3623,nan,edge/x86_64,,3.12.3,2026-10-09T18:43:31Z
151,ECDH-P384,classical,,keygen,0.2672,0.0,0.0,0.0,120,185,0,0,0,0,0,0.0,4.0083,nan,edge/x86_64,,3.12.3,2026-10-09T18:43:31Z
151,ECDH-P384,classical,,encapsulate,0.6763,0.0,0.0,0.0,120,185,0,0,0,0,0,0.0,10.1445,nan,edge/x86_64,,3.12.3,2026-10-09T18:43:31Z
152,ECDH-P384,classical,,keygen,0.2428,0.0,0.0,0.0,120,185,0,0,0,0,0,0.0,3.6414,nan,edge/x86_64,,3.12.3,2026-10-09T18:43:31Z
152,ECDH-P384,classical,,encapsulate,0.6534,0.0,0.0,0.0,120,185,0,0,0,0,0,0.0,9.8011,nan,edge/x86_64,,3.12.3,2026-10-09T18:43:31Z
153,ECDH-P384,classical,,keygen,0.2781,0.0,0.0,0.0,120,185,0,0,0,0,0,0.0,4.1721,nan,edge/x86_64,,3.12.3,2026-10-09T18:43:31Z
153,ECDH-P384,classical,,encapsulate,0.5893,0.0,0.0,0.0,120,185,0,0,0,0,0,0.0,8.8402,nan,edge/x86_64,,3.12.3,2026-10-09T18:43:31Z
154,ECDH-P384,classical,,keygen,0.2646,0.0,0.0,0.0,120,185,0,0,0,0,0,0.0,3.9696,nan,edge/x86_64,,3.12.3,2026-10-09T18:43:31Z
154,ECDH-P384,classical,,encapsulate,0.6621,0.0,0.0,0.0,120,185,0,0,0,0,0,0.0,9.932,nan,edge/x86_64,,3.12.3,2026-10-09T18:43:31Z
155,ECDH-P384,classical,,keygen,0.2561,0.0,0.0,0.0,120,185,0,0,0,0,0,0.0,3.8416,nan,edge/x86_64,,3.12.3,2026-10-09T18:43:31Z
155,ECDH-P384,classical,,encapsulate,0.6527,0.0,0.0,0.0,120,185,0,0,0,0,0,0.0,9.7908,nan,edge/x86_64,,3.12.3,2026-10-09T18:43:31Z
156,ECDH-P384,classical,,keygen,0.2701,0.0,0.0,0.0,120,185,0,0,0,0,0,0.0,4.0508,nan,edge/x86_64,,3.12.3,2026-10-09T18:43:31Z
156,ECDH-P384,classical,,encapsulate,0.6157,0.0,0.0,0.0,120,185,0,0,0,0,0,0.0,9.2351,nan,edge/x86_64,,3.12.3,2026-10-09T18:43:31Z
157,ECDH-P384,classical,,keygen,0.2607,0.0,0.0,0.0,120,185,0,0,0,0,0,0.0,3.9109,nan,edge/x86_64,,3.12.3,2026-10-09T18:43:31Z
157,ECDH-P384,classical,,encapsulate,0.6609,0.0,0.0,0.0,120,185,0,0,0,0,0,0.0,9.9132,nan,edge/x86_64,,3.12.3,2026-10-09T18:43:31Z
158,ECDH-P384,classical,,keygen,0.2458,0.0,0.0,0.0,120,185,0,0,0,0,0,0.0,3.6872,nan,edge/x86_64,,3.12.3,2026-10-09T18:43:31Z
158,ECDH-P384,classical,,encapsulate,0.6295,0.0,0.0,0.0,120,185,0,0,0,0,0,0.0,9.4419,nan,edge/x86_64,,3.12.3,2026-10-09T18:43:31Z
159,ECDH-P384,classical,,keygen,0.2575,0.0,0.0,0.0,120,185,0,0,0,0,0,0.0,3.863,nan,edge/x86_64,,3.12.3,2026-10-09T18:43:31Z
159,ECDH-P384,classical,,encapsulate,0.6475,0.0,0.0,0.0,120,185,0,0,0,0,0,0.0,9.7124,nan,edge/x86_64,,3.12.3,2026-10-09T18:43:31Z
160,ECDH-P384,classical,,keygen,0.2516,0.0,0.0,0.0,120,185,0,0,0,0,0,0.0,3.7736,nan,edge/x86_64,,3.12.3,2026-10-09T18:43:31Z
160,ECDH-P384,classical,,encapsulate,0.6372,0.0,0.0,0.0,120,185,0,0,0,0,0,0.0,9.5585,nan,edge/x86_64,,3.12.3,2026-10-09T18:43:31Z
161,ECDH-P384,classical,,keygen,0.2814,0.0,0.0,0.0,120,185,0,0,0,0,0,0.0,4.2216,nan,edge/x86_64,,3.12.3,2026-10-09T18:43:31Z
161,ECDH-P384,classical,,encapsulate,0.6469,0.0,0.0,0.0,120,185,0,0,0,0,0,0.0,9.7035,nan,edge/x86_64,,3.12.3,2026-10-09T18:43:31Z
162,ECDH-P384,classical,,keygen,0.2447,0.0,0.0,0.0,120,185,0,0,0,0,0,0.0,3.6702,nan,edge/x86_64,,3.12.3,2026-10-09T18:43:31Z
162,ECDH-P384,classical,,encapsulate,0.6639,0.0,0.0,0.0,120,185,0,0,0,0,0,0.0,9.9586,nan,edge/x86_64,,3.12.3,2026-10-09T18:43:31Z
163,ECDH-P384,classical,,keygen,0.2498,0.0,0.0,0.0,120,185,0,0,0,0,0,0.0,3.7471,nan,edge/x86_64,,3.12.3,2026-10-09T18:43:31Z
163,ECDH-P384,classical,,encapsulate,0.6344,0.0,0.0,0.0,120,185,0,0,0,0,0,0.0,9.5163,nan,edge/x86_64,,3.12.3,2026-10-09T18:43:31Z
164,ECDH-P384,classical,,keygen,0.2612,0.0,0.0,0.0,120,185,0,0,0,0,0,0.0,3.9174,nan,edge/x86_64,,3.12.3,2026-10-09T18:43:31Z
164,ECDH-P384,classical,,encapsulate,0.6372,0.0,0.0,0.0,120,185,0,0,0,0,0,0.0,9.5586,nan,edge/x86_64,,3.12.3,2026-10-09T18:43:31Z
165,ECDH-P384,classical,,keygen,0.2459,0.0,0.0,0.0,120,185,0,0,0,0,0,0.0,3.6891,nan,edge/x86_64,,3.12.3,2026-10-09T18:43:31Z
165,ECDH-P384,classical,,encapsulate,0.6436,0.0,0.0,0.0,120,185,0,0,0,0,0,0.0,9.6533,nan,edge/x86_64,,3.12.3,2026-10-09T18:43:31Z
166,ECDH-P384,classical,,keygen,0.2597,0.0,0.0,0.0,120,185,0,0,0,0,0,0.0,3.8957,nan,edge/x86_64,,3.12.3,2026-10-09T18:43:31Z
166,ECDH-P384,classical,,encapsulate,0.6331,0.0,0.0,0.0,120,185,0,0,0,0,0,0.0,9.497,nan,edge/x86_64,,3.12.3,2026-10-09T18:43:31Z
167,ECDH-P384,classical,,keygen,0.2634,0.0,0.0,0.0,120,185,0,0,0,0,0,0.0,3.9503,nan,edge/x86_64,,3.12.3,2026-10-09T18:43:31Z
167,ECDH-P384,classical,,encapsulate,0.6363,0.0,0.0,0.0,120,185,0,0,0,0,0,0.0,9.544,nan,edge/x86_64,,3.12.3,2026-10-09T18:43:31Z
168,ECDH-P384,classical,,keygen,0.2628,0.0,0.0,0.0,120,185,0,0,0,0,0,0.0,3.9419,nan,edge/x86_64,,3.12.3,2026-10-09T18:43:31Z
168,ECDH-P384,classical,,encapsulate,0.6614,0.0,0.0,0.0,120,185,0,0,0,0,0,0.0,9.9217,nan,edge/x86_64,,3.12.3,2026-10-09T18:43:31Z
169,ECDH-P384,classical,,keygen,0.251,0.0,0.0,0.0,120,185,0,0,0,0,0,0.0,3.7656,nan,edge/x86_64,,3.12.3,2026-10-09T18:43:31Z
169,ECDH-P384,classical,,encapsulate,0.6335,0.0,0.0,0.0,120,185,0,0,0,0,0,0.0,9.5029,nan,edge/x86_64,,3.12.3,2026-10-09T18:43:31Z
170,ECDH-P384,classical,,keygen,0.3491,0.0,0.0,0.0,120,185,0,0,0,0,0,0.0,5.2358,nan,edge/x86_64,,3.12.3,2026-10-09T18:43:31Z
170,ECDH-P384,classical,,encapsulate,0.6653,0.0,0.0,0.0,120,185,0,0,0,0,0,0.0,9.9799,nan,edge/x86_64,,3.12.3,2026-10-09T18:43:31Z
171,ECDH-P384,classical,,keygen,0.2169,0.0,0.0,0.0,120,185,0,0,0,0,0,0.0,3.2542,nan,edge/x86_64,,3.12.3,2026-10-09T18:43:31Z
171,ECDH-P384,classical,,encapsulate,0.6909,0.0,0.0,0.0,120,185,0,0,0,0,0,0.0,10.3632,nan,edge/x86_64,,3.12.3,2026-10-09T18:43:31Z
172,ECDH-P384,classical,,keygen,0.2622,0.0,0.0,0.0,120,185,0,0,0,0,0,0.0,3.9329,nan,edge/x86_64,,3.12.3,2026-10-09T18:43:31Z
172,ECDH-P384,classical,,encapsulate,0.6469,0.0,0.0,0.0,120,185,0,0,0,0,0,0.0,9.703,nan,edge/x86_64,,3.12.3,2026-10-09T18:43:31Z
173,ECDH-P384,classical,,keygen,0.2003,0.0,0.0,0.0,120,185,0,0,0,0,0,0.0,3.0045,nan,edge/x86_64,,3.12.3,2026-10-09T18:43:31Z
173,ECDH-P384,classical,,encapsulate,0.6317,0.0,0.0,0.0,120,185,0,0,0,0,0,0.0,9.4756,nan,edge/x86_64,,3.12.3,2026-10-09T18:43:31Z
174,ECDH-P384,classical,,keygen,0.2586,0.0,0.0,0.0,120,185,0,0,0,0,0,0.0,3.8787,nan,edge/x86_64,,3.12.3,2026-10-09T18:43:31Z
174,ECDH-P384,classical,,encapsulate,0.664,0.0,0.0,0.0,120,185,0,0,0,0,0,0.0,9.9593,nan,edge/x86_64,,3.12.3,2026-10-09T18:43:31Z
175,ECDH-P384,classical,,keygen,0.2364,0.0,0.0,0.0,120,185,0,0,0,0,0,0.0,3.5456,nan,edge/x86_64,,3.12.3,2026-10-09T18:43:31Z
175,ECDH-P384,classical,,encapsulate,0.715,0.0,0.0,0.0,120,185,0,0,0,0,0,0.0,10.7245,nan,edge/x86_64,,3.12.3,2026-10-09T18:43:31Z
176,ECDH-P384,classical,,keygen,0.2604,0.0,0.0,0.0,120,185,0,0,0,0,0,0.0,3.906,nan,edge/x86_64,,3.12.3,2026-10-09T18:43:31Z
176,ECDH-P384,classical,,encapsulate,0.6406,0.0,0.0,0.0,120,185,0,0,0,0,0,0.0,9.6087,nan,edge/x86_64,,3.12.3,2026-10-09T18:43:31Z
177,ECDH-P384,classical,,keygen,0.2424,0.0,0.0,0.0,120,185,0,0,0,0,0,0.0,3.6362,nan,edge/x86_64,,3.12.3,2026-10-09T18:43:31Z
177,ECDH-P384,classical,,encapsulate,0.6963,0.0,0.0,0.0,120,185,0,0,0,0,0,0.0,10.445,nan,edge/x86_64,,3.12.3,2026-10-09T18:43:31Z
178,ECDH-P384,classical,,keygen,0.25,0.0,0.0,0.0,120,185,0,0,0,0,0,0.0,3.7493,nan,edge/x86_64,,3.12.3,2026-10-09T18:43:31Z
178,ECDH-P384,classical,,encapsulate,0.6452,0.0,0.0,0.0,120,185,0,0,0,0,0,0.0,9.6776,nan,edge/x86_64,,3.12.3,2026-10-09T18:43:31Z
179,ECDH-P384,classical,,keygen,0.2392,0.0,0.0,0.0,120,185,0,0,0,0,0,0.0,3.5887,nan,edge/x86_64,,3.12.3,2026-10-09T18:43:31Z
179,ECDH-P384,classical,,encapsulate,0.6433,0.0,0.0,0.0,120,185,0,0,0,0,0,0.0,9.6492,nan,edge/x86_64,,3.12.3,2026-10-09T18:43:31Z
180,ECDH-P384,classical,,keygen,0.275,0.0,0.0,0.0,120,185,0,0,0,0,0,0.0,4.1246,nan,edge/x86_64,,3.12.3,2026-10-09T18:43:31Z
180,ECDH-P384,classical,,encapsulate,0.6669,0.0,0.0,0.0,120,185,0,0,0,0,0,0.0,10.003,nan,edge/x86_64,,3.12.3,2026-10-09T18:43:31Z
181,ECDH-P384,classical,,keygen,0.2632,0.0,0.0,0.0,120,185,0,0,0,0,0,0.0,3.9487,nan,edge/x86_64,,3.12.3,2026-10-09T18:43:31Z
181,ECDH-P384,classical,,encapsulate,0.6745,0.0,0.0,0.0,120,185,0,0,0,0,0,0.0,10.1168,nan,edge/x86_64,,3.12.3,2026-10-09T18:43:31Z
182,ECDH-P384,classical,,keygen,0.2614,0.0,0.0,0.0,120,185,0,0,0,0,0,0.0,3.9206,nan,edge/x86_64,,3.12.3,2026-10-09T18:43:31Z
182,ECDH-P384,classical,,encapsulate,0.6257,0.0,0.0,0.0,120,185,0,0,0,0,0,0.0,9.3853,nan,edge/x86_64,,3.12.3,2026-10-09T18:43:31Z
183,ECDH-P384,classical,,keygen,0.2697,0.0,0.0,0.0,120,185,0,0,0,0,0,0.0,4.0461,nan,edge/x86_64,,3.12.3,2026-10-09T18:43:31Z
183,ECDH-P384,classical,,encapsulate,0.5809,0.0,0.0,0.0,120,185,0,0,0,0,0,0.0,8.7138,nan,edge/x86_64,,3.12.3,2026-10-09T18:43:31Z
184,ECDH-P384,classical,,keygen,0.2559,0.0,0.0,0.0,120,185,0,0,0,0,0,0.0,3.8378,nan,edge/x86_64,,3.12.3,2026-10-09T18:43:31Z
184,ECDH-P384,classical,,encapsulate,0.6627,0.0,0.0,0.0,120,185,0,0,0,0,0,0.0,9.9405,nan,edge/x86_64,,3.12.3,2026-10-09T18:43:31Z
185,ECDH-P384,classical,,keygen,0.2645,0.0,0.0,0.0,120,185,0,0,0,0,0,0.0,3.9678,nan,edge/x86_64,,3.12.3,2026-10-09T18:43:31Z
185,ECDH-P384,classical,,encapsulate,0.5543,0.0,0.0,0.0,120,185,0,0,0,0,0,0.0,8.3145,nan,edge/x86_64,,3.12.3,2026-10-09T18:43:31Z
186,ECDH-P384,classical,,keygen,0.2597,0.0,0.0,0.0,120,185,0,0,0,0,0,0.0,3.8948,nan,edge/x86_64,,3.12.3,2026-10-09T18:43:31Z
186,ECDH-P384,classical,,encapsulate,0.6946,0.0,0.0,0.0,120,185,0,0,0,0,0,0.0,10.4187,nan,edge/x86_64,,3.12.3,2026-10-09T18:43:31Z
187,ECDH-P384,classical,,keygen,0.2528,0.0,0.0,0.0,120,185,0,0,0,0,0,0.0,3.7914,nan,edge/x86_64,,3.12.3,2026-10-09T18:43:31Z
187,ECDH-P384,classical,,encapsulate,0.5728,0.0,0.0,0.0,120,185,0,0,0,0,0,0.0,8.592,nan,edge/x86_64,,3.12.3,2026-10-09T18:43:31Z
188,ECDH-P384,classical,,keygen,0.2546,0.0,0.0,0.0,120,185,0,0,0,0,0,0.0,3.8188,nan,edge/x86_64,,3.12.3,2026-10-09T18:43:31Z
188,ECDH-P384,classical,,encapsulate,0.7025,0.0,0.0,0.0,120,185,0,0,0,0,0,0.0,10.5373,nan,edge/x86_64,,3.12.3,2026-10-09T18:43:31Z
189,ECDH-P384,classical,,keygen,0.2476,0.0,0.0,0.0,120,185,0,0,0,0,0,0.0,3.7143,nan,edge/x86_64,,3.12.3,2026-10-09T18:43:31Z
189,ECDH-P384,classical,,encapsulate,0.5693,0.0,0.0,0.0,120,185,0,0,0,0,0,0.0,8.5396,nan,edge/x86_64,,3.12.3,2026-10-09T18:43:31Z
190,ECDH-P384,classical,,keygen,0.4026,0.0,0.0,0.0,120,185,0,0,0,0,0,0.0,6.0395,nan,edge/x86_64,,3.12.3,2026-10-09T18:43:31Z
190,ECDH-P384,classical,,encapsulate,0.6417,0.0,0.0,0.0,120,185,0,0,0,0,0,0.0,9.6258,nan,edge/x86_64,,3.12.3,2026-10-09T18:43:31Z
191,ECDH-P384,classical,,keygen,0.2457,0.0,0.0,0.0,120,185,0,0,0,0,0,0.0,3.6859,nan,edge/x86_64,,3.12.3,2026-10-09T18:43:31Z
191,ECDH-P384,classical,,encapsulate,0.7114,0.0,0.0,0.0,120,185,0,0,0,0,0,0.0,10.6705,nan,edge/x86_64,,3.12.3,2026-10-09T18:43:31Z
192,ECDH-P384,classical,,keygen,0.2424,0.0,0.0,0.0,120,185,0,0,0,0,0,0.0,3.6361,nan,edge/x86_64,,3.12.3,2026-10-09T18:43:31Z
192,ECDH-P384,classical,,encapsulate,0.6728,0.0,0.0,0.0,120,185,0,0,0,0,0,0.0,10.0913,nan,edge/x86_64,,3.12.3,2026-10-09T18:43:31Z
193,ECDH-P384,classical,,keygen,0.2647,0.0,0.0,0.0,120,185,0,0,0,0,0,0.0,3.9705,nan,edge/x86_64,,3.12.3,2026-10-09T18:43:31Z
193,ECDH-P384,classical,,encapsulate,0.6567,0.0,0.0,0.0,120,185,0,0,0,0,0,0.0,9.8499,nan,edge/x86_64,,3.12.3,2026-10-09T18:43:31Z
194,ECDH-P384,classical,,keygen,0.2477,0.0,0.0,0.0,120,185,0,0,0,0,0,0.0,3.7159,nan,edge/x86_64,,3.12.3,2026-10-09T18:43:31Z
194,ECDH-P384,classical,,encapsulate,0.6396,0.0,0.0,0.0,120,185,0,0,0,0,0,0.0,9.5937,nan,edge/x86_64,,3.12.3,2026-10-09T18:43:31Z
195,ECDH-P384,classical,,keygen,0.2855,0.0,0.0,0.0,120,185,0,0,0,0,0,0.0,4.2822,nan,edge/x86_64,,3.12.3,2026-10-09T18:43:31Z
195,ECDH-P384,classical,,encapsulate,0.6497,0.0,0.0,0.0,120,185,0,0,0,0,0,0.0,9.7459,nan,edge/x86_64,,3.12.3,2026-10-09T18:43:31Z
196,ECDH-P384,classical,,keygen,0.2479,0.0,0.0,0.0,120,185,0,0,0,0,0,0.0,3.7182,nan,edge/x86_64,,3.12.3,2026-10-09T18:43:31Z
196,ECDH-P384,classical,,encapsulate,0.6744,0.0,0.0,0.0,120,185,0,0,0,0,0,0.0,10.1164,nan,edge/x86_64,,3.12.3,2026-10-09T18:43:31Z
197,ECDH-P384,classical,,keygen,0.2516,0.0,0.0,0.0,120,185,0,0,0,0,0,0.0,3.7745,nan,edge/x86_64,,3.12.3,2026-10-09T18:43:31Z
197,ECDH-P384,classical,,encapsulate,0.6419,0.0,0.0,0.0,120,185,0,0,0,0,0,0.0,9.628,nan,edge/x86_64,,3.12.3,2026-10-09T18:43:31Z
198,ECDH-P384,classical,,keygen,0.2451,0.0,0.0,0.0,120,185,0,0,0,0,0,0.0,3.6764,nan,edge/x86_64,,3.12.3,2026-10-09T18:43:31Z
198,ECDH-P384,classical,,encapsulate,0.5358,0.0,0.0,0.0,120,185,0,0,0,0,0,0.0,8.037,nan,edge/x86_64,,3.12.3,2026-10-09T18:43:31Z
199,ECDH-P384,classical,,keygen,0.2944,0.0,0.0,0.0,120,185,0,0,0,0,0,0.0,4.4167,nan,edge/x86_64,,3.12.3,2026-10-09T18:43:31Z
199,ECDH-P384,classical,,encapsulate,0.6512,0.0,0.0,0.0,120,185,0,0,0,0,0,0.0,9.7677,nan,edge/x86_64,,3.12.3,2026-10-09T18:43:31Z
0,ECDSA-P256,classical,,keygen,0.0574,0.0,0.0,0.0,91,138,0,0,0,0,0,0.0,0.8603,nan,edge/x86_64,,3.12.3,2026-10-09T18:43:31Z
0,ECDSA-P256,classical,,sign,0.0815,0.0,0.0,0.0,91,138,0,71,512,0,0,0.0,1.2229,nan,edge/x86_64,,3.12.3,2026-10-09T18:43:31Z
0,ECDSA-P256,classical,,verify,0.1459,0.0,0.0,0.0,91,138,0,71,512,0,0,0.0,2.1888,nan,edge/x86_64,,3.12.3,2026-10-09T18:43:31Z
1,ECDSA-P256,classical,,keygen,0.03,0.0,0.0,0.0,91,138,0,0,0,0,0,0.0,0.4505,nan,edge/x86_64,,3.12.3,2026-10-09T18:43:31Z
1,ECDSA-P256,classical,,sign,0.0815,0.0,0.0,0.0,91,138,0,71,512,0,0,0.0,1.222,nan,edge/x86_64,,3.12.3,2026-10-09T18:43:31Z
1,ECDSA-P256,classical,,verify,0.1292,0.0,0.0,0.0,91,138,0,71,512,0,0,0.0,1.9381,nan,edge/x86_64,,3.12.3,2026-10-09T18:43:31Z
2,ECDSA-P256,classical,,keygen,0.0389,0.0,0.0,0.0,91,138,0,0,0,0,0,0.0,0.5839,nan,edge/x86_64,,3.12.3,2026-10-09T18:43:31Z
2,ECDSA-P256,classical,,sign,0.0663,0.0,0.0,0.0,91,138,0,71,512,0,0,0.0,0.9941,nan,edge/x86_64,,3.12.3,2026-10-09T18:43:31Z
2,ECDSA-P256,classical,,verify,0.1297,0.0,0.0,0.0,91,138,0,71,512,0,0,0.0,1.945,nan,edge/x86_64,,3.12.3,2026-10-09T18:43:31Z
3,ECDSA-P256,classical,,keygen,0.0334,0.0,0.0,0.0,91,138,0,0,0,0,0,0.0,0.5014,nan,edge/x86_64,,3.12.3,2026-10-09T18:43:31Z
3,ECDSA-P256,classical,,sign,0.0589,0.0,0.0,0.0,91,138,0,71,512,0,0,0.0,0.8839,nan,edge/x86_64,,3.12.3,2026-10-09T18:43:31Z
3,ECDSA-P256,classical,,verify,0.1276,0.0,0.0,0.0,91,138,0,71,512,0,0,0.0,1.9147,nan,edge/x86_64,,3.12.3,2026-10-09T18:43:31Z
4,ECDSA-P256,classical,,keygen,0.0293,0.0,0.0,0.0,91,138,0,0,0,0,0,0.0,0.4391,nan,edge/x86_64,,3.12.3,2026-10-09T18:43:31Z
4,ECDSA-P256,classical,,sign,0.0836,0.0,0.0,0.0,91,138,0,71,512,0,0,0.0,1.2537,nan,edge/x86_64,,3.12.3,2026-10-09T18:43:31Z
4,ECDSA-P256,classical,,verify,0.125,0.0,0.0,0.0,91,138,0,71,512,0,0,0.0,1.8743,nan,edge/x86_64,,3.12.3,2026-10-09T18:43:31Z
5,ECDSA-P256,classical,,keygen,0.0287,0.0,0.0,0.0,91,138,0,0,0,0,0,0.0,0.4298,nan,edge/x86_64,,3.12.3,2026-10-09T18:43:31Z
5,ECDSA-P256,classical,,sign,0.0571,0.0,0.0,0.0,91,138,0,71,512,0,0,0.0,0.8564,nan,edge/x86_64,,3.12.3,2026-10-09T18:43:31Z
5,ECDSA-P256,classical,,verify,0.1228,0.0,0.0,0.0,91,138,0,71,512,0,0,0.0,1.8416,nan,edge/x86_64,,3.12.3,2026-10-09T18:43:31Z
6,ECDSA-P256,classical,,keygen,0.0282,0.0,0.0,0.0,91,138,0,0,0,0,0,0.0,0.4227,nan,edge/x86_64,,3.12.3,2026-10-09T18:43:31Z
6,ECDSA-P256,classical,,sign,0.053,0.0,0.0,0.0,91,138,0,71,512,0,0,0.0,0.7948,nan,edge/x86_64,,3.12.3,2026-10-09T18:43:31Z
6,ECDSA-P256,classical,,verify,0.1259,0.0,0.0,0.0,91,138,0,71,512,0,0,0.0,1.889,nan,edge/x86_64,,3.12.3,2026-10-09T18:43:31Z
7,ECDSA-P256,classical,,keygen,0.0326,0.0,0.0,0.0,91,138,0,0,0,0,0,0.0,0.4884,nan,edge/x86_64,,3.12.3,2026-10-09T18:43:31Z
7,ECDSA-P256,classical,,sign,0.0548,0.0,0.0,0.0,91,138,0,71,512,0,0,0.0,0.822,nan,edge/x86_64,,3.12.3,2026-10-09T18:43:31Z
7,ECDSA-P256,classical,,verify,0.1542,0.0,0.0,0.0,91,138,0,71,512,0,0,0.0,2.3137,nan,edge/x86_64,,3.12.3,2026-10-09T18:43:31Z
8,ECDSA-P256,classical,,keygen,0.0314,0.0,0.0,0.0,91,138,0,0,0,0,0,0.0,0.4711,nan,edge/x86_64,,3.12.3,2026-10-09T18:43:31Z
8,ECDSA-P256,classical,,sign,0.066,0.0,0.0,0.0,91,138,0,71,512,0,0,0.0,0.9904,nan,edge/x86_64,,3.12.3,2026-10-09T18:43:31Z
8,ECDSA-P256,classical,,verify,0.1795,0.0,0.0,0.0,91,138,0,71,512,0,0,0.0,2.6922,nan,edge/x86_64,,3.12.3,2026-10-09T18:43:31Z
9,ECDSA-P256,classical,,keygen,0.0362,0.0,0.0,0.0,91,138,0,0,0,0,0,0.0,0.5427,nan,edge/x86_64,,3.12.3,2026-10-09T18:43:31Z
9,ECDSA-P256,classical,,sign,0.0607,0.0,0.0,0.0,91,138,0,70,512,0,0,0.0,0.9111,nan,edge/x86_64,,3.12.3,2026-10-09T18:43:31Z
9,ECDSA-P256,classical,,verify,0.1288,0.0,0.0,0.0,91,138,0,70,512,0,0,0.0,1.9319,nan,edge/x86_64,,3.12.3,2026-10-09T18:43:31Z
10,ECDSA-P256,classical,,keygen,0.0283,0.0,0.0,0.0,91,138,0,0,0,0,0,0.0,0.4251,nan,edge/x86_64,,3.12.3,2026-10-09T18:43:31Z
10,ECDSA-P256,classical,,sign,0.0555,0.0,0.0,0.0,91,138,0,72,512,0,0,0.0,0.8323,nan,edge/x86_64,,3.12.3,2026-10-09T18:43:31Z
10,ECDSA-P256,classical,,verify,0.1253,0.0,0.0,0.0,91,138,0,72,512,0,0,0.0,1.8796,nan,edge/x86_64,,3.12.3,2026-10-09T18:43:31Z
11,ECDSA-P256,classical,,keygen,0.0427,0.0,0.0,0.0,91,138,0,0,0,0,0,0.0,0.6403,nan,edge/x86_64,,3.12.3,2026-10-09T18:43:31Z
11,ECDSA-P256,classical,,sign,0.1813,0.0,0.0,0.0,91,138,0,71,512,0,0,0.0,2.7197,nan,edge/x86_64,,3.12.3,2026-10-09T18:43:31Z
11,ECDSA-P256,classical,,verify,0.1296,0.0,0.0,0.0,91,138,0,71,512,0,0,0.0,1.9435,nan,edge/x86_64,,3.12.3,2026-10-09T18:43:31Z
12,ECDSA-P256,classical,,keygen,0.0299,0.0,0.0,0.0,91,138,0,0,0,0,0,0.0,0.448,nan,edge/x86_64,,3.12.3,2026-10-09T18:43:31Z
12,ECDSA-P256,classical,,sign,0.0548,0.0,0.0,0.0,91,138,0,70,512,0,0,0.0,0.8217,nan,edge/x86_64,,3.12.3,2026-10-09T18:43:31Z
12,ECDSA-P256,classical,,verify,0.1412,0.0,0.0,0.0,91,138,0,70,512,0,0,0.0,2.1182,nan,edge/x86_64,,3.12.3,2026-10-09T18:43:31Z
13,ECDSA-P256,classical,,keygen,0.029,0.0,0.0,0.0,91,138,0,0,0,0,0,0.0,0.4356,nan,edge/x86_64,,3.12.3,2026-10-09T18:43:31Z
13,ECDSA-P256,classical,,sign,0.0548,0.0,0.0,0.0,91,138,0,71,512,0,0,0.0,0.8217,nan,edge/x86_64,,3.12.3,2026-10-09T18:43:31Z
13,ECDSA-P256,classical,,verify,0.1249,0.0,0.0,0.0,91,138,0,71,512,0,0,0.0,1.8739,nan,edge/x86_64,,3.12.3,2026-10-09T18:43:31Z
14,ECDSA-P256,classical,,keygen,0.0271,0.0,0.0,0.0,91,138,0,0,0,0,0,0.0,0.4069,nan,edge/x86_64,,3.12.3,2026-10-09T18:43:31Z
14,ECDSA-P256,classical,,sign,0.0574,0.0,0.0,0.0,91,138,0,70,512,0,0,0.0,0.8613,nan,edge/x86_64,,3.12.3,2026-10-09T18:43:31Z
14,ECDSA-P256,classical,,verify,0.1474,0.0,0.0,0.0,91,138,0,70,512,0,0,0.0,2.2117,nan,edge/x86_64,,3.12.3,2026-10-09T18:43:31Z
15,ECDSA-P256,classical,,keygen,0.0304,0.0,0.0,0.0,91,138,0,0,0,0,0,0.0,0.4558,nan,edge/x86_64,,3.12.3,2026-10-09T18:43:31Z
15,ECDSA-P256,classical,,sign,0.0602,0.0,0.0,0.0,91,138,0,71,512,0,0,0.0,0.9028,nan,edge/x86_64,,3.12.3,2026-10-09T18:43:31Z
15,ECDSA-P256,classical,,verify,0.1358,0.0,0.0,0.0,91,138,0,71,512,0,0,0.0,2.0368,nan,edge/x86_64,,3.12.3,2026-10-09T18:43:31Z
16,ECDSA-P256,classical,,keygen,0.0354,0.0,0.0,0.0,91,138,0,0,0,0,0,0.0,0.5303,nan,edge/x86_64,,3.12.3,2026-10-09T18:43:31Z
16,ECDSA-P256,classical,,sign,0.0621,0.0,0.0,0.0,91,138,0,71,512,0,0,0.0,0.9318,nan,edge/x86_64,,3.12.3,2026-10-09T18:43:31Z
16,ECDSA-P256,classical,,verify,0.1273,0.0,0.0,0.0,91,138,0,71,512,0,0,0.0,1.9088,nan,edge/x86_64,,3.12.3,2026-10-09T18:43:31Z
17,ECDSA-P256,classical,,keygen,0.0284,0.0,0.0,0.0,91,138,0,0,0,0,0,0.0,0.4265,nan,edge/x86_64,,3.12.3,2026-10-09T18:43:31Z
17,ECDSA-P256,classical,,sign,0.0557,0.0,0.0,0.0,91,138,0,72,512,0,0,0.0,0.8352,nan,edge/x86_64,,3.12.3,2026-10-09T18:43:31Z
17,ECDSA-P256,classical,,verify,0.1274,0.0,0.0,0.0,91,138,0,72,512,0,0,0.0,1.911,nan,edge/x86_64,,3.12.3,2026-10-09T18:43:31Z
18,ECDSA-P256,classical,,keygen,0.0281,0.0,0.0,0.0,91,138,0,0,0,0,0,0.0,0.4218,nan,edge/x86_64,,3.12.3,2026-10-09T18:43:31Z
18,ECDSA-P256,classical,,sign,0.0566,0.0,0.0,0.0,91,138,0,71,512,0,0,0.0,0.8483,nan,edge/x86_64,,3.12.3,2026-10-09T18:43:31Z
18,ECDSA-P256,classical,,verify,0.128,0.0,0.0,0.0,91,138,0,71,512,0,0,0.0,1.9197,nan,edge/x86_64,,3.12.3,2026-10-09T18:43:31Z
19,ECDSA-P256,classical,,keygen,0.0296,0.0,0.0,0.0,91,138,0,0,0,0,0,0.0,0.4434,nan,edge/x86_64,,3.12.3,2026-10-09T18:43:31Z
19,ECDSA-P256,classical,,sign,0.0553,0.0,0.0,0.0,91,138,0,70,512,0,0,0.0,0.8299,nan,edge/x86_64,,3.12.3,2026-10-09T18:43:31Z
19,ECDSA-P256,classical,,verify,0.1217,0.0,0.0,0.0,91,138,0,70,512,0,0,0.0,1.8251,nan,edge/x86_64,,3.12.3,2026-10-09T18:43:31Z
20,ECDSA-P256,classical,,keygen,0.028,0.0,0.0,0.0,91,138,0,0,0,0,0,0.0,0.4193,nan,edge/x86_64,,3.12.3,2026-10-09T18:43:31Z
20,ECDSA-P256,classical,,sign,0.0687,0.0,0.0,0.0,91,138,0,70,512,0,0,0.0,1.0302,nan,edge/x86_64,,3.12.3,2026-10-09T18:43:31Z
20,ECDSA-P256,classical,,verify,0.1365,0.0,0.0,0.0,91,138,0,70,512,0,0,0.0,2.047,nan,edge/x86_64,,3.12.3,2026-10-09T18:43:31Z
21,ECDSA-P256,classical,,keygen,0.0277,0.0,0.0,0.0,91,138,0,0,0,0,0,0.0,0.4149,nan,edge/x86_64,,3.12.3,2026-10-09T18:43:31Z
21,ECDSA-P256,classical,,sign,0.0528,0.0,0.0,0.0,91,138,0,70,512,0,0,0.0,0.7919,nan,edge/x86_64,,3.12.3,2026-10-09T18:43:31Z
21,ECDSA-P256,classical,,verify,0.1433,0.0,0.0,0.0,91,138,0,70,512,0,0,0.0,2.1493,nan,edge/x86_64,,3.12.3,2026-10-09T18:43:31Z
22,ECDSA-P256,classical,,keygen,0.0296,0.0,0.0,0.0,91,138,0,0,0,0,0,0.0,0.4441,nan,edge/x86_64,,3.12.3,2026-10-09T18:43:31Z
22,ECDSA-P256,classical,,sign,0.0583,0.0,0.0,0.0,91,138,0,70,512,0,0,0.0,0.8739,nan,edge/x86_64,,3.12.3,2026-10-09T18:43:31Z
22,ECDSA-P256,classical,,verify,0.1616,0.0,0.0,0.0,91,138,0,70,512,0,0,0.0,2.4246,nan,edge/x86_64,,3.12.3,2026-10-09T18:43:31Z
23,ECDSA-P256,classical,,keygen,0.0365,0.0,0.0,0.0,91,138,0,0,0,0,0,0.0,0.5478,nan,edge/x86_64,,3.12.3,2026-10-09T18:43:31Z
23,ECDSA-P256,classical,,sign,0.0612,0.0,0.0,0.0,91,138,0,70,512,0,0,0.0,0.9183,nan,edge/x86_64,,3.12.3,2026-10-09T18:43:31Z
23,ECDSA-P256,classical,,verify,0.1406,0.0,0.0,0.0,91,138,0,70,512,0,0,0.0,2.1087,nan,edge/x86_64,,3.12.3,2026-10-09T18:43:31Z
24,ECDSA-P256,classical,,keygen,0.0297,0.0,0.0,0.0,91,138,0,0,0,0,0,0.0,0.4452,nan,edge/x86_64,,3.12.3,2026-10-09T18:43:31Z
24,ECDSA-P256,classical,,sign,0.0749,0.0,0.0,0.0,91,138,0,71,512,0,0,0.0,1.123,nan,edge/x86_64,,3.12.3,2026-10-09T18:43:31Z
24,ECDSA-P256,classical,,verify,0.126,0.0,0.0,0.0,91,138,0,71,512,0,0,0.0,1.8902,nan,edge/x86_64,,3.12.3,2026-10-09T18:43:31Z
25,ECDSA-P256,classical,,keygen,0.029,0.0,0.0,0.0,91,138,0,0,0,0,0,0.0,0.4345,nan,edge/x86_64,,3.12.3,2026-10-09T18:43:31Z
25,ECDSA-P256,classical,,sign,0.0753,0.0,0.0,0.0,91,138,0,71,512,0,0,0.0,1.1294,nan,edge/x86_64,,3.12.3,2026-10-09T18:43:31Z
25,ECDSA-P256,classical,,verify,0.1255,0.0,0.0,0.0,91,138,0,71,512,0,0,0.0,1.8819,nan,edge/x86_64,,3.12.3,2026-10-09T18:43:31Z
26,ECDSA-P256,classical,,keygen,0.0285,0.0,0.0,0.0,91,138,0,0,0,0,0,0.0,0.427,nan,edge/x86_64,,3.12.3,2026-10-09T18:43:31Z
26,ECDSA-P256,classical,,sign,0.0575,0.0,0.0,0.0,91,138,0,70,512,0,0,0.0,0.8619,nan,edge/x86_64,,3.12.3,2026-10-09T18:43:31Z
26,ECDSA-P256,classical,,verify,0.1251,0.0,0.0,0.0,91,138,0,70,512,0,0,0.0,1.8761,nan,edge/x86_64,,3.12.3,2026-10-09T18:43:31Z
27,ECDSA-P256,classical,,keygen,0.0276,0.0,0.0,0.0,91,138,0,0,0,0,0,0.0,0.4142,nan,edge/x86_64,,3.12.3,2026-10-09T18:43:31Z
27,ECDSA-P256,classical,,sign,0.0579,0.0,0.0,0.0,91,138,0,71,512,0,0,0.0,0.8683,nan,edge/x86_64,,3.12.3,2026-10-09T18:43:31Z
27,ECDSA-P256,classical,,verify,0.1288,0.0,0.0,0.0,91,138,0,71,512,0,0,0.0,1.9324,nan,edge/x86_64,,3.12.3,2026-10-09T18:43:31Z
28,ECDSA-P256,classical,,keygen,0.0289,0.0,0.0,0.0,91,138,0,0,0,0,0,0.0,0.4338,nan,edge/x86_64,,3.12.3,2026-10-09T18:43:31Z
28,ECDSA-P256,classical,,sign,0.0552,0.0,0.0,0.0,91,138,0,72,512,0,0,0.0,0.8277,nan,edge/x86_64,,3.12.3,2026-10-09T18:43:31Z
28,ECDSA-P256,classical,,verify,0.1238,0.0,0.0,0.0,91,138,0,72,512,0,0,0.0,1.8566,nan,edge/x86_64,,3.12.3,2026-10-09T18:43:31Z
29,ECDSA-P256,classical,,keygen,0.0292,0.0,0.0,0.0,91,138,0,0,0,0,0,0.0,0.4384,nan,edge/x86_64,,3.12.3,2026-10-09T18:43:31Z
29,ECDSA-P256,classical,,sign,0.0692,0.0,0.0,0.0,91,138,0,71,512,0,0,0.0,1.0374,nan,edge/x86_64,,3.12.3,2026-10-09T18:43:31Z
29,ECDSA-P256,classical,,verify,0.1124,0.0,0.0,0.0,91,138,0,71,512,0,0,0.0,1.6855,nan,edge/x86_64,,3.12.3,2026-10-09T18:43:31Z
30,ECDSA-P256,classical,,keygen,0.0584,0.0,0.0,0.0,91,138,0,0,0,0,0,0.0,0.8757,nan,edge/x86_64,,3.12.3,2026-10-09T18:43:31Z
30,ECDSA-P256,classical,,sign,0.0812,0.0,0.0,0.0,91,138,0,71,512,0,0,0.0,1.2183,nan,edge/x86_64,,3.12.3,2026-10-09T18:43:31Z
30,ECDSA-P256,classical,,verify,0.1368,0.0,0.0,0.0,91,138,0,71,512,0,0,0.0,2.0515,nan,edge/x86_64,,3.12.3,2026-10-09T18:43:31Z
31,ECDSA-P256,classical,,keygen,0.0347,0.0,0.0,0.0,91,138,0,0,0,0,0,0.0,0.5202,nan,edge/x86_64,,3.12.3,2026-10-09T18:43:31Z
31,ECDSA-P256,classical,,sign,0.0591,0.0,0.0,0.0,91,138,0,72,512,0,0,0.0,0.8863,nan,edge/x86_64,,3.12.3,2026-10-09T18:43:31Z
31,ECDSA-P256,classical,,verify,0.1271,0.0,0.0,0.0,91,138,0,72,512,0,0,0.0,1.9072,nan,edge/x86_64,,3.12.3,2026-10-09T18:43:31Z
32,ECDSA-P256,classical,,keygen,0.0275,0.0,0.0,0.0,91,138,0,0,0,0,0,0.0,0.413,nan,edge/x86_64,,3.12.3,2026-10-09T18:43:31Z
32,ECDSA-P256,classical,,sign,0.0728,0.0,0.0,0.0,91,138,0,72,512,0,0,0.0,1.0924,nan,edge/x86_64,,3.12.3,2026-10-09T18:43:31Z
32,ECDSA-P256,classical,,verify,0.1274,0.0,0.0,0.0,91,138,0,72,512,0,0,0.0,1.9104,nan,edge/x86_64,,3.12.3,2026-10-09T18:43:31Z
33,ECDSA-P256,classical,,keygen,0.0299,0.0,0.0,0.0,91,138,0,0,0,0,0,0.0,0.4478,nan,edge/x86_64,,3.12.3,2026-10-09T18:43:31Z
33,ECDSA-P256,classical,,sign,0.5205,0.0,0.0,0.0,91,138,0,71,512,0,0,0.0,7.8068,nan,edge/x86_64,,3.12.3,2026-10-09T18:43:31Z
33,ECDSA-P256,classical,,verify,0.1265,0.0,0.0,0.0,91,138,0,71,512,0,0,0.0,1.8969,nan,edge/x86_64,,3.12.3,2026-10-09T18:43:31Z
34,ECDSA-P256,classical,,keygen,0.03,0.0,0.0,0.0,91,138,0,0,0,0,0,0.0,0.4497,nan,edge/x86_64,,3.12.3,2026-10-09T18:43:31Z
34,ECDSA-P256,classical,,sign,0.075,0.0,0.0,0.0,91,138,0,71,512,0,0,0.0,1.1244,nan,edge/x86_64,,3.12.3,2026-10-09T18:43:31Z
34,ECDSA-P256,classical,,verify,0.1272,0.0,0.0,0.0,91,138,0,71,512,0,0,0.0,1.9077,nan,edge/x86_64,,3.12.3,2026-10-09T18:43:31Z
35,ECDSA-P256,classical,,keygen,0.0287,0.0,0.0,0.0,91,138,0,0,0,0,0,0.0,0.4309,nan,edge/x86_64,,3.12.3,2026-10-09T18:43:31Z
35,ECDSA-P256,classical,,sign,0.0547,0.0,0.0,0.0,91,138,0,70,512,0,0,0.0,0.8208,nan,edge/x86_64,,3.12.3,2026-10-09T18:43:31Z
35,ECDSA-P256,classical,,verify,0.1681,0.0,0.0,0.0,91,138,0,70,512,0,0,0.0,2.5219,nan,edge/x86_64,,3.12.3,2026-10-09T18:43:31Z
36,ECDSA-P256,classical,,keygen,0.0342,0.0,0.0,0.0,91,138,0,0,0,0,0,0.0,0.5123,nan,edge/x86_64,,3.12.3,2026-10-09T18:43:31Z
36,ECDSA-P256,classical,,sign,0.0584,0.0,0.0,0.0,91,138,0,72,512,0,0,0.0,0.8756,nan,edge/x86_64,,3.12.3,2026-10-09T18:43:31Z
36,ECDSA-P256,classical,,verify,0.137,0.0,0.0,0.0,91,138,0,72,512,0,0,0.0,2.0544,nan,edge/x86_64,,3.12.3,2026-10-09T18:43:31Z
37,ECDSA-P256,classical,,keygen,0.0344,0.0,0.0,0.0,91,138,0,0,0,0,0,0.0,0.5167,nan,edge/x86_64,,3.12.3,2026-10-09T18:43:31Z
37,ECDSA-P256,classical,,sign,0.0589,0.0,0.0,0.0,91,138,0,71,512,0,0,0.0,0.8838,nan,edge/x86_64,,3.12.3,2026-10-09T18:43:31Z
37,ECDSA-P256,classical,,verify,0.1474,0.0,0.0,0.0,91,138,0,71,512,0,0,0.0,2.2116,nan,edge/x86_64,,3.12.3,2026-10-09T18:43:31Z
38,ECDSA-P256,classical,,keygen,0.0292,0.0,0.0,0.0,91,138,0,0,0,0,0,0.0,0.4387,nan,edge/x86_64,,3.12.3,2026-10-09T18:43:31Z
38,ECDSA-P256,classical,,sign,0.0562,0.0,0.0,0.0,91,138,0,70,512,0,0,0.0,0.8426,nan,edge/x86_64,,3.12.3,2026-10-09T18:43:31Z
38,ECDSA-P256,classical,,verify,0.1246,0.0,0.0,0.0,91,138,0,70,512,0,0,0.0,1.8685,nan,edge/x86_64,,3.12.3,2026-10-09T18:43:31Z
39,ECDSA-P256,classical,,keygen,0.0567,0.0,0.0,0.0,91,138,0,0,0,0,0,0.0,0.8499,nan,edge/x86_64,,3.12.3,2026-10-09T18:43:31Z
39,ECDSA-P256,classical,,sign,0.0585,0.0,0.0,0.0,91,138,0,71,512,0,0,0.0,0.8775,nan,edge/x86_64,,3.12.3,2026-10-09T18:43:31Z
39,ECDSA-P256,classical,,verify,0.1239,0.0,0.0,0.0,91,138,0,71,512,0,0,0.0,1.8589,nan,edge/x86_64,,3.12.3,2026-10-09T18:43:31Z
40,ECDSA-P256,classical,,keygen,0.0286,0.0,0.0,0.0,91,138,0,0,0,0,0,0.0,0.429,nan,edge/x86_64,,3.12.3,2026-10-09T18:43:31Z
40,ECDSA-P256,classical,,sign,0.0548,0.0,0.0,0.0,91,138,0,71,512,0,0,0.0,0.8226,nan,edge/x86_64,,3.12.3,2026-10-09T18:43:31Z
40,ECDSA-P256,classical,,verify,0.1212,0.0,0.0,0.0,91,138,0,71,512,0,0,0.0,1.8182,nan,edge/x86_64,,3.12.3,2026-10-09T18:43:31Z
41,ECDSA-P256,classical,,keygen,0.0306,0.0,0.0,0.0,91,138,0,0,0,0,0,0.0,0.4592,nan,edge/x86_64,,3.12.3,2026-10-09T18:43:31Z
41,ECDSA-P256,classical,,sign,0.0783,0.0,0.0,0.0,91,138,0,71,512,0,0,0.0,1.1749,nan,edge/x86_64,,3.12.3,2026-10-09T18:43:31Z
41,ECDSA-P256,classical,,verify,0.1233,0.0,0.0,0.0,91,138,0,71,512,0,0,0.0,1.8492,nan,edge/x86_64,,3.12.3,2026-10-09T18:43:31Z
42,ECDSA-P256,classical,,keygen,0.0291,0.0,0.0,0.0,91,138,0,0,0,0,0,0.0,0.437,nan,edge/x86_64,,3.12.3,2026-10-09T18:43:31Z
42,ECDSA-P256,classical,,sign,0.0547,0.0,0.0,0.0,91,138,0,71,512,0,0,0.0,0.8204,nan,edge/x86_64,,3.12.3,2026-10-09T18:43:31Z
42,ECDSA-P256,classical,,verify,0.1526,0.0,0.0,0.0,91,138,0,71,512,0,0,0.0,2.2895,nan,edge/x86_64,,3.12.3,2026-10-09T18:43:31Z
43,ECDSA-P256,classical,,keygen,0.0349,0.0,0.0,0.0,91,138,0,0,0,0,0,0.0,0.523,nan,edge/x86_64,,3.12.3,2026-10-09T18:43:31Z
43,ECDSA-P256,classical,,sign,0.0611,0.0,0.0,0.0,91,138,0,70,512,0,0,0.0,0.9158,nan,edge/x86_64,,3.12.3,2026-10-09T18:43:31Z
43,ECDSA-P256,classical,,verify,0.1356,0.0,0.0,0.0,91,138,0,70,512,0,0,0.0,2.0345,nan,edge/x86_64,,3.12.3,2026-10-09T18:43:31Z
44,ECDSA-P256,classical,,keygen,0.0291,0.0,0.0,0.0,91,138,0,0,0,0,0,0.0,0.4369,nan,edge/x86_64,,3.12.3,2026-10-09T18:43:31Z
44,ECDSA-P256,classical,,sign,0.0633,0.0,0.0,0.0,91,138,0,71,512,0,0,0.0,0.9493,nan,edge/x86_64,,3.12.3,2026-10-09T18:43:31Z
44,ECDSA-P256,classical,,verify,0.1751,0.0,0.0,0.0,91,138,0,71,512,0,0,0.0,2.6267,nan,edge/x86_64,,3.12.3,2026-10-09T18:43:31Z
45,ECDSA-P256,classical,,keygen,0.0314,0.0,0.0,0.0,91,138,0,0,0,0,0,0.0,0.4705,nan,edge/x86_64,,3.12.3,2026-10-09T18:43:31Z
45,ECDSA-P256,classical,,sign,0.0569,0.0,0.0,0.0,91,138,0,72,512,0,0,0.0,0.8529,nan,edge/x86_64,,3.12.3,2026-10-09T18:43:31Z
45,ECDSA-P256,classical,,verify,0.1271,0.0,0.0,0.0,91,138,0,72,512,0,0,0.0,1.9066,nan,edge/x86_64,,3.12.3,2026-10-09T18:43:31Z
46,ECDSA-P256,classical,,keygen,0.0281,0.0,0.0,0.0,91,138,0,0,0,0,0,0.0,0.421,nan,edge/x86_64,,3.12.3,2026-10-09T18:43:31Z
46,ECDSA-P256,classical,,sign,0.0545,0.0,0.0,0.0,91,138,0,71,512,0,0,0.0,0.817,nan,edge/x86_64,,3.12.3,2026-10-09T18:43:31Z
46,ECDSA-P256,classical,,verify,0.1256,0.0,0.0,0.0,91,138,0,71,512,0,0,0.0,1.8838,nan,edge/x86_64,,3.12.3,2026-10-09T18:43:31Z
47,ECDSA-P256,classical,,keygen,0.0282,0.0,0.0,0.0,91,138,0,0,0,0,0,0.0,0.4226,nan,edge/x86_64,,3.12.3,2026-10-09T18:43:31Z
47,ECDSA-P256,classical,,sign,0.0549,0.0,0.0,0.0,91,138,0,71,512,0,0,0.0,0.8228,nan,edge/x86_64,,3.12.3,2026-10-09T18:43:31Z
47,ECDSA-P256,classical,,verify,0.1239,0.0,0.0,0.0,91,138,0,71,512,0,0,0.0,1.8583,nan,edge/x86_64,,3.12.3,2026-10-09T18:43:31Z
48,ECDSA-P256,classical,,keygen,0.0423,0.0,0.0,0.0,91,138,0,0,0,0,0,0.0,0.634,nan,edge/x86_64,,3.12.3,2026-10-09T18:43:31Z
48,ECDSA-P256,classical,,sign,0.0731,0.0,0.0,0.0,91,138,0,71,512,0,0,0.0,1.0961,nan,edge/x86_64,,3.12.3,2026-10-09T18:43:31Z
48,ECDSA-P256,classical,,verify,0.2347,0.0,0.0,0.0,91,138,0,71,512,0,0,0.0,3.5204,nan,edge/x86_64,,3.12.3,2026-10-09T18:43:31Z
49,ECDSA-P256,classical,,keygen,0.0352,0.0,0.0,0.0,91,138,0,0,0,0,0,0.0,0.528,nan,edge/x86_64,,3.12.3,2026-10-09T18:43:31Z
49,ECDSA-P256,classical,,sign,0.0835,0.0,0.0,0.0,91,138,0,72,512,0,0,0.0,1.2529,nan,edge/x86_64,,3.12.3,2026-10-09T18:43:31Z
49,ECDSA-P256,classical,,verify,0.126,0.0,0.0,0.0,91,138,0,72,512,0,0,0.0,1.8907,nan,edge/x86_64,,3.12.3,2026-10-09T18:43:31Z
50,ECDSA-P256,classical,,keygen,0.0302,0.0,0.0,0.0,91,138,0,0,0,0,0,0.0,0.4534,nan,edge/x86_64,,3.12.3,2026-10-09T18:43:31Z
50,ECDSA-P256,classical,,sign,0.0566,0.0,0.0,0.0,91,138,0,70,512,0,0,0.0,0.8486,nan,edge/x86_64,,3.12.3,2026-10-09T18:43:31Z
50,ECDSA-P256,classical,,verify,0.1355,0.0,0.0,0.0,91,138,0,70,512,0,0,0.0,2.032,nan,edge/x86_64,,3.12.3,2026-10-09T18:43:31Z
51,ECDSA-P256,classical,,keygen,0.0305,0.0,0.0,0.0,91,138,0,0,0,0,0,0.0,0.4568,nan,edge/x86_64,,3.12.3,2026-10-09T18:43:31Z
51,ECDSA-P256,classical,,sign,0.0597,0.0,0.0,0.0,91,138,0,72,512,0,0,0.0,0.8959,nan,edge/x86_64,,3.12.3,2026-10-09T18:43:31Z
51,ECDSA-P256,classical,,verify,0.1539,0.0,0.0,0.0,91,138,0,72,512,0,0,0.0,2.3086,nan,edge/x86_64,,3.12.3,2026-10-09T18:43:31Z
52,ECDSA-P256,classical,,keygen,0.0303,0.0,0.0,0.0,91,138,0,0,0,0,0,0.0,0.4542,nan,edge/x86_64,,3.12.3,2026-10-09T18:43:31Z
52,ECDSA-P256,classical,,sign,0.06,0.0,0.0,0.0,91,138,0,71,512,0,0,0.0,0.9007,nan,edge/x86_64,,3.12.3,2026-10-09T18:43:31Z
52,ECDSA-P256,classical,,verify,0.1298,0.0,0.0,0.0,91,138,0,71,512,0,0,0.0,1.9464,nan,edge/x86_64,,3.12.3,2026-10-09T18:43:31Z
53,ECDSA-P256,classical,,keygen,0.0294,0.0,0.0,0.0,91,138,0,0,0,0,0,0.0,0.4413,nan,edge/x86_64,,3.12.3,2026-10-09T18:43:31Z
53,ECDSA-P256,classical,,sign,0.0562,0.0,0.0,0.0,91,138,0,72,512,0,0,0.0,0.8424,nan,edge/x86_64,,3.12.3,2026-10-09T18:43:31Z
53,ECDSA-P256,classical,,verify,0.1277,0.0,0.0,0.0,91,138,0,72,512,0,0,0.0,1.9155,nan,edge/x86_64,,3.12.3,2026-10-09T18:43:31Z
54,ECDSA-P256,classical,,keygen,0.0285,0.0,0.0,0.0,91,138,0,0,0,0,0,0.0,0.4277,nan,edge/x86_64,,3.12.3,2026-10-09T18:43:31Z
54,ECDSA-P256,classical,,sign,0.0557,0.0,0.0,0.0,91,138,0,71,512,0,0,0.0,0.8353,nan,edge/x86_64,,3.12.3,2026-10-09T18:43:31Z
54,ECDSA-P256,classical,,verify,0.1285,0.0,0.0,0.0,91,138,0,71,512,0,0,0.0,1.9282,nan,edge/x86_64,,3.12.3,2026-10-09T18:43:31Z
55,ECDSA-P256,classical,,keygen,0.027,0.0,0.0,0.0,91,138,0,0,0,0,0,0.0,0.4054,nan,edge/x86_64,,3.12.3,2026-10-09T18:43:31Z
55,ECDSA-P256,classical,,sign,0.0553,0.0,0.0,0.0,91,138,0,70,512,0,0,0.0,0.8302,nan,edge/x86_64,,3.12.3,2026-10-09T18:43:31Z
55,ECDSA-P256,classical,,verify,0.1336,0.0,0.0,0.0,91,138,0,70,512,0,0,0.0,2.0046,nan,edge/x86_64,,3.12.3,2026-10-09T18:43:31Z
56,ECDSA-P256,classical,,keygen,0.0355,0.0,0.0,0.0,91,138,0,0,0,0,0,0.0,0.5328,nan,edge/x86_64,,3.12.3,2026-10-09T18:43:31Z
56,ECDSA-P256,classical,,sign,0.0609,0.0,0.0,0.0,91,138,0,71,512,0,0,0.0,0.9128,nan,edge/x86_64,,3.12.3,2026-10-09T18:43:31Z
56,ECDSA-P256,classical,,verify,0.1539,0.0,0.0,0.0,91,138,0,71,512,0,0,0.0,2.3089,nan,edge/x86_64,,3.12.3,2026-10-09T18:43:31Z
57,ECDSA-P256,classical,,keygen,0.0345,0.0,0.0,0.0,91,138,0,0,0,0,0,0.0,0.5171,nan,edge/x86_64,,3.12.3,2026-10-09T18:43:31Z
57,ECDSA-P256,classical,,sign,0.0581,0.0,0.0,0.0,91,138,0,72,512,0,0,0.0,0.8712,nan,edge/x86_64,,3.12.3,2026-10-09T18:43:31Z
57,ECDSA-P256,classical,,verify,0.1268,0.0,0.0,0.0,91,138,0,72,512,0,0,0.0,1.9018,nan,edge/x86_64,,3.12.3,2026-10-09T18:43:31Z
58,ECDSA-P256,classical,,keygen,0.0285,0.0,0.0,0.0,91,138,0,0,0,0,0,0.0,0.427,nan,edge/x86_64,,3.12.3,2026-10-09T18:43:31Z
58,ECDSA-P256,classical,,sign,0.056,0.0,0.0,0.0,91,138,0,72,512,0,0,0.0,0.8393,nan,edge/x86_64,,3.12.3,2026-10-09T18:43:31Z
58,ECDSA-P256,classical,,verify,0.1237,0.0,0.0,0.0,91,138,0,72,512,0,0,0.0,1.8561,nan,edge/x86_64,,3.12.3,2026-10-09T18:43:31Z
59,ECDSA-P256,classical,,keygen,0.0623,0.0,0.0,0.0,91,138,0,0,0,0,0,0.0,0.9349,nan,edge/x86_64,,3.12.3,2026-10-09T18:43:31Z
59,ECDSA-P256,classical,,sign,0.0564,0.0,0.0,0.0,91,138,0,71,512,0,0,0.0,0.8465,nan,edge/x86_64,,3.12.3,2026-10-09T18:43:31Z
59,ECDSA-P256,classical,,verify,0.1348,0.0,0.0,0.0,91,138,0,71,512,0,0,0.0,2.0222,nan,edge/x86_64,,3.12.3,2026-10-09T18:43:31Z
60,ECDSA-P256,classical,,keygen,0.031,0.0,0.0,0.0,91,138,0,0,0,0,0,0.0,0.4656,nan,edge/x86_64,,3.12.3,2026-10-09T18:43:31Z
60,ECDSA-P256,classical,,sign,0.055,0.0,0.0,0.0,91,138,0,70,512,0,0,0.0,0.8244,nan,edge/x86_64,,3.12.3,2026-10-09T18:43:31Z
60,ECDSA-P256,classical,,verify,0.1233,0.0,0.0,0.0,91,138,0,70,512,0,0,0.0,1.8501,nan,edge/x86_64,,3.12.3,2026-10-09T18:43:31Z
61,ECDSA-P256,classical,,keygen,0.0341,0.0,0.0,0.0,91,138,0,0,0,0,0,0.0,0.5122,nan,edge/x86_64,,3.12.3,2026-10-09T18:43:31Z
61,ECDSA-P256,classical,,sign,0.0583,0.0,0.0,0.0,91,138,0,70,512,0,0,0.0,0.8749,nan,edge/x86_64,,3.12.3,2026-10-09T18:43:31Z
61,ECDSA-P256,classical,,verify,0.1295,0.0,0.0,0.0,91,138,0,70,512,0,0,0.0,1.9426,nan,edge/x86_64,,3.12.3,2026-10-09T18:43:31Z
62,ECDSA-P256,classical,,keygen,0.0285,0.0,0.0,0.0,91,138,0,0,0,0,0,0.0,0.4272,nan,edge/x86_64,,3.12.3,2026-10-09T18:43:31Z
62,ECDSA-P256,classical,,sign,0.0541,0.0,0.0,0.0,91,138,0,71,512,0,0,0.0,0.8122,nan,edge/x86_64,,3.12.3,2026-10-09T18:43:31Z
62,ECDSA-P256,classical,,verify,0.1596,0.0,0.0,0.0,91,138,0,71,512,0,0,0.0,2.3941,nan,edge/x86_64,,3.12.3,2026-10-09T18:43:31Z
63,ECDSA-P256,classical,,keygen,0.0298,0.0,0.0,0.0,91,138,0,0,0,0,0,0.0,0.4468,nan,edge/x86_64,,3.12.3,2026-10-09T18:43:31Z
63,ECDSA-P256,classical,,sign,0.0563,0.0,0.0,0.0,91,138,0,70,512,0,0,0.0,0.8449,nan,edge/x86_64,,3.12.3,2026-10-09T18:43:31Z
63,ECDSA-P256,classical,,verify,0.1525,0.0,0.0,0.0,91,138,0,70,512,0,0,0.0,2.2869,nan,edge/x86_64,,3.12.3,2026-10-09T18:43:31Z
64,ECDSA-P256,classical,,keygen,0.0357,0.0,0.0,0.0,91,138,0,0,0,0,0,0.0,0.5348,nan,edge/x86_64,,3.12.3,2026-10-09T18:43:31Z
64,ECDSA-P256,classical,,sign,0.0613,0.0,0.0,0.0,91,138,0,70,512,0,0,0.0,0.919,nan,edge/x86_64,,3.12.3,2026-10-09T18:43:31Z
64,ECDSA-P256,classical,,verify,0.1353,0.0,0.0,0.0,91,138,0,70,512,0,0,0.0,2.0297,nan,edge/x86_64,,3.12.3,2026-10-09T18:43:31Z
65,ECDSA-P256,classical,,keygen,0.0293,0.0,0.0,0.0,91,138,0,0,0,0,0,0.0,0.4394,nan,edge/x86_64,,3.12.3,2026-10-09T18:43:31Z
65,ECDSA-P256,classical,,sign,0.0562,0.0,0.0,0.0,91,138,0,72,512,0,0,0.0,0.8435,nan,edge/x86_64,,3.12.3,2026-10-09T18:43:31Z
65,ECDSA-P256,classical,,verify,0.1274,0.0,0.0,0.0,91,138,0,72,512,0,0,0.0,1.9103,nan,edge/x86_64,,3.12.3,2026-10-09T18:43:31Z
66,ECDSA-P256,classical,,keygen,0.0288,0.0,0.0,0.0,91,138,0,0,0,0,0,0.0,0.4324,nan,edge/x86_64,,3.12.3,2026-10-09T18:43:31Z
66,ECDSA-P256,classical,,sign,0.0858,0.0,0.0,0.0,91,138,0,72,512,0,0,0.0,1.2864,nan,edge/x86_64,,3.12.3,2026-10-09T18:43:31Z
66,ECDSA-P256,classical,,verify,0.1256,0.0,0.0,0.0,91,138,0,72,512,0,0,0.0,1.8847,nan,edge/x86_64,,3.12.3,2026-10-09T18:43:31Z
67,ECDSA-P256,classical,,keygen,0.0293,0.0,0.0,0.0,91,138,0,0,0,0,0,0.0,0.4393,nan,edge/x86_64,,3.12.3,2026-10-09T18:43:31Z
67,ECDSA-P256,classical,,sign,0.0555,0.0,0.0,0.0,91,138,0,70,512,0,0,0.0,0.8332,nan,edge/x86_64,,3.12.3,2026-10-09T18:43:31Z
67,ECDSA-P256,classical,,verify,0.1263,0.0,0.0,0.0,91,138,0,70,512,0,0,0.0,1.8952,nan,edge/x86_64,,3.12.3,2026-10-09T18:43:31Z
68,ECDSA-P256,classical,,keygen,0.0285,0.0,0.0,0.0,91,138,0,0,0,0,0,0.0,0.427,nan,edge/x86_64,,3.12.3,2026-10-09T18:43:31Z
68,ECDSA-P256,classical,,sign,0.0567,0.0,0.0,0.0,91,138,0,71,512,0,0,0.0,0.8504,nan,edge/x86_64,,3.12.3,2026-10-09T18:43:31Z
68,ECDSA-P256,classical,,verify,0.1311,0.0,0.0,0.0,91,138,0,71,512,0,0,0.0,1.9667,nan,edge/x86_64,,3.12.3,2026-10-09T18:43:31Z
69,ECDSA-P256,classical,,keygen,0.0289,0.0,0.0,0.0,91,138,0,0,0,0,0,0.0,0.4341,nan,edge/x86_64,,3.12.3,2026-10-09T18:43:31Z
69,ECDSA-P256,classical,,sign,0.0554,0.0,0.0,0.0,91,138,0,71,512,0,0,0.0,0.8311,nan,edge/x86_64,,3.12.3,2026-10-09T18:43:31Z
69,ECDSA-P256,classical,,verify,0.197,0.0,0.0,0.0,91,138,0,71,512,0,0,0.0,2.9553,nan,edge/x86_64,,3.12.3,2026-10-09T18:43:31Z
70,ECDSA-P256,classical,,keygen,0.0855,0.0,0.0,0.0,91,138,0,0,0,0,0,0.0,1.2832,nan,edge/x86_64,,3.12.3,2026-10-09T18:43:31Z
70,ECDSA-P256,classical,,sign,0.0623,0.0,0.0,0.0,91,138,0,72,512,0,0,0.0,0.9339,nan,edge/x86_64,,3.12.3,2026-10-09T18:43:31Z
70,ECDSA-P256,classical,,verify,0.1829,0.0,0.0,0.0,91,138,0,72,512,0,0,0.0,2.7428,nan,edge/x86_64,,3.12.3,2026-10-09T18:43:31Z
71,ECDSA-P256,classical,,keygen,0.0405,0.0,0.0,0.0,91,138,0,0,0,0,0,0.0,0.6068,nan,edge/x86_64,,3.12.3,2026-10-09T18:43:31Z
71,ECDSA-P256,classical,,sign,0.0631,0.0,0.0,0.0,91,138,0,71,512,0,0,0.0,0.9464,nan,edge/x86_64,,3.12.3,2026-10-09T18:43:31Z
71,ECDSA-P256,classical,,verify,0.131,0.0,0.0,0.0,91,138,0,71,512,0,0,0.0,1.9657,nan,edge/x86_64,,3.12.3,2026-10-09T18:43:31Z
72,ECDSA-P256,classical,,keygen,0.0288,0.0,0.0,0.0,91,138,0,0,0,0,0,0.0,0.4323,nan,edge/x86_64,,3.12.3,2026-10-09T18:43:31Z
72,ECDSA-P256,classical,,sign,0.0577,0.0,0.0,0.0,91,138,0,70,512,0,0,0.0,0.8658,nan,edge/x86_64,,3.12.3,2026-10-09T18:43:31Z
72,ECDSA-P256,classical,,verify,0.1574,0.0,0.0,0.0,91,138,0,70,512,0,0,0.0,2.3613,nan,edge/x86_64,,3.12.3,2026-10-09T18:43:31Z
73,ECDSA-P256,classical,,keygen,0.0293,0.0,0.0,0.0,91,138,0,0,0,0,0,0.0,0.44,nan,edge/x86_64,,3.12.3,2026-10-09T18:43:31Z
73,ECDSA-P256,classical,,sign,0.0564,0.0,0.0,0.0,91,138,0,71,512,0,0,0.0,0.8459,nan,edge/x86_64,,3.12.3,2026-10-09T18:43:31Z
73,ECDSA-P256,classical,,verify,0.1221,0.0,0.0,0.0,91,138,0,71,512,0,0,0.0,1.8322,nan,edge/x86_64,,3.12.3,2026-10-09T18:43:31Z
74,ECDSA-P256,classical,,keygen,0.0293,0.0,0.0,0.0,91,138,0,0,0,0,0,0.0,0.4399,nan,edge/x86_64,,3.12.3,2026-10-09T18:43:31Z
74,ECDSA-P256,classical,,sign,0.0555,0.0,0.0,0.0,91,138,0,72,512,0,0,0.0,0.8328,nan,edge/x86_64,,3.12.3,2026-10-09T18:43:31Z
74,ECDSA-P256,classical,,verify,0.1253,0.0,0.0,0.0,91,138,0,72,512,0,0,0.0,1.8793,nan,edge/x86_64,,3.12.3,2026-10-09T18:43:31Z
75,ECDSA-P256,classical,,keygen,0.0277,0.0,0.0,0.0,91,138,0,0,0,0,0,0.0,0.4159,nan,edge/x86_64,,3.12.3,2026-10-09T18:43:31Z
75,ECDSA-P256,classical,,sign,0.0584,0.0,0.0,0.0,91,138,0,70,512,0,0,0.0,0.8767,nan,edge/x86_64,,3.12.3,2026-10-09T18:43:31Z
75,ECDSA-P256,classical,,verify,0.1254,0.0,0.0,0.0,91,138,0,70,512,0,0,0.0,1.8816,nan,edge/x86_64,,3.12.3,2026-10-09T18:43:31Z
76,ECDSA-P256,classical,,keygen,0.028,0.0,0.0,0.0,91,138,0,0,0,0,0,0.0,0.42,nan,edge/x86_64,,3.12.3,2026-10-09T18:43:31Z
76,ECDSA-P256,classical,,sign,0.0529,0.0,0.0,0.0,91,138,0,72,512,0,0,0.0,0.793,nan,edge/x86_64,,3.12.3,2026-10-09T18:43:31Z
76,ECDSA-P256,classical,,verify,0.1463,0.0,0.0,0.0,91,138,0,72,512,0,0,0.0,2.1939,nan,edge/x86_64,,3.12.3,2026-10-09T18:43:31Z
77,ECDSA-P256,classical,,keygen,0.031,0.0,0.0,0.0,91,138,0,0,0,0,0,0.0,0.465,nan,edge/x86_64,,3.12.3,2026-10-09T18:43:31Z
77,ECDSA-P256,classical,,sign,0.0561,0.0,0.0,0.0,91,138,0,70,512,0,0,0.0,0.8421,nan,edge/x86_64,,3.12.3,2026-10-09T18:43:31Z
77,ECDSA-P256,classical,,verify,0.1303,0.0,0.0,0.0,91,138,0,70,512,0,0,0.0,1.9538,nan,edge/x86_64,,3.12.3,2026-10-09T18:43:31Z
78,ECDSA-P256,classical,,keygen,0.0807,0.0,0.0,0.0,91,138,0,0,0,0,0,0.0,1.2104,nan,edge/x86_64,,3.12.3,2026-10-09T18:43:31Z
78,ECDSA-P256,classical,,sign,0.0598,0.0,0.0,0.0,91,138,0,72,512,0,0,0.0,0.8966,nan,edge/x86_64,,3.12.3,2026-10-09T18:43:31Z
78,ECDSA-P256,classical,,verify,0.1261,0.0,0.0,0.0,91,138,0,72,512,0,0,0.0,1.8914,nan,edge/x86_64,,3.12.3,2026-10-09T18:43:31Z
79,ECDSA-P256,classical,,keygen,0.0327,0.0,0.0,0.0,91,138,0,0,0,0,0,0.0,0.4905,nan,edge/x86_64,,3.12.3,2026-10-09T18:43:31Z
79,ECDSA-P256,classical,,sign,0.061,0.0,0.0,0.0,91,138,0,71,512,0,0,0.0,0.9152,nan,edge/x86_64,,3.12.3,2026-10-09T18:43:31Z
79,ECDSA-P256,classical,,verify,0.1314,0.0,0.0,0.0,91,138,0,71,512,0,0,0.0,1.9707,nan,edge/x86_64,,3.12.3,2026-10-09T18:43:31Z
80,ECDSA-P256,classical,,keygen,0.0523,0.0,0.0,0.0,91,138,0,0,0,0,0,0.0,0.7852,nan,edge/x86_64,,3.12.3,2026-10-09T18:43:31Z
80,ECDSA-P256,classical,,sign,0.0564,0.0,0.0,0.0,91,138,0,70,512,0,0,0.0,0.8457,nan,edge/x86_64,,3.12.3,2026-10-09T18:43:31Z
80,ECDSA-P256,classical,,verify,0.115,0.0,0.0,0.0,91,138,0,70,512,0,0,0.0,1.7252,nan,edge/x86_64,,3.12.3,2026-10-09T18:43:31Z
81,ECDSA-P256,classical,,keygen,0.0575,0.0,0.0,0.0,91,138,0,0,0,0,0,0.0,0.8624,nan,edge/x86_64,,3.12.3,2026-10-09T18:43:31Z
81,ECDSA-P256,classical,,sign,0.0934,0.0,0.0,0.0,91,138,0,71,512,0,0,0.0,1.4017,nan,edge/x86_64,,3.12.3,2026-10-09T18:43:31Z
81,ECDSA-P256,classical,,verify,0.1411,0.0,0.0,0.0,91,138,0,71,512,0,0,0.0,2.1164,nan,edge/x86_64,,3.12.3,2026-10-09T18:43:31Z
82,ECDSA-P256,classical,,keygen,0.0288,0.0,0.0,0.0,91,138,0,0,0,0,0,0.0,0.4314,nan,edge/x86_64,,3.12.3,2026-10-09T18:43:31Z
82,ECDSA-P256,classical,,sign,0.0541,0.0,0.0,0.0,91,138,0,71,512,0,0,0.0,0.8117,nan,edge/x86_64,,3.12.3,2026-10-09T18:43:31Z
82,ECDSA-P256,classical,,verify,0.1282,0.0,0.0,0.0,91,138,0,71,512,0,0,0.0,1.9235,nan,edge/x86_64,,3.12.3,2026-10-09T18:43:31Z
83,ECDSA-P256,classical,,keygen,0.0283,0.0,0.0,0.0,91,138,0,0,0,0,0,0.0,0.4247,nan,edge/x86_64,,3.12.3,2026-10-09T18:43:31Z
83,ECDSA-P256,classical,,sign,0.0565,0.0,0.0,0.0,91,138,0,72,512,0,0,0.0,0.8476,nan,edge/x86_64,,3.12.3,2026-10-09T18:43:31Z
83,ECDSA-P256,classical,,verify,0.128,0.0,0.0,0.0,91,138,0,72,512,0,0,0.0,1.92,nan,edge/x86_64,,3.12.3,2026-10-09T18:43:31Z
84,ECDSA-P256,classical,,keygen,0.0291,0.0,0.0,0.0,91,138,0,0,0,0,0,0.0,0.4365,nan,edge/x86_64,,3.12.3,2026-10-09T18:43:31Z
84,ECDSA-P256,classical,,sign,0.0582,0.0,0.0,0.0,91,138,0,71,512,0,0,0.0,0.8727,nan,edge/x86_64,,3.12.3,2026-10-09T18:43:31Z
84,ECDSA-P256,classical,,verify,0.1312,0.0,0.0,0.0,91,138,0,71,512,0,0,0.0,1.9683,nan,edge/x86_64,,3.12.3,2026-10-09T18:43:31Z
85,ECDSA-P256,classical,,keygen,0.0496,0.0,0.0,0.0,91,138,0,0,0,0,0,0.0,0.744,nan,edge/x86_64,,3.12.3,2026-10-09T18:43:31Z
85,ECDSA-P256,classical,,sign,0.0713,0.0,0.0,0.0,91,138,0,71,512,0,0,0.0,1.0698,nan,edge/x86_64,,3.12.3,2026-10-09T18:43:31Z
85,ECDSA-P256,classical,,verify,0.1342,0.0,0.0,0.0,91,138,0,71,512,0,0,0.0,2.0127,nan,edge/x86_64,,3.12.3,2026-10-09T18:43:31Z
86,ECDSA-P256,classical,,keygen,0.0299,0.0,0.0,0.0,91,138,0,0,0,0,0,0.0,0.4478,nan,edge/x86_64,,3.12.3,2026-10-09T18:43:31Z
86,ECDSA-P256,classical,,sign,0.0561,0.0,0.0,0.0,91,138,0,71,512,0,0,0.0,0.8414,nan,edge/x86_64,,3.12.3,2026-10-09T18:43:31Z
86,ECDSA-P256,classical,,verify,0.1491,0.0,0.0,0.0,91,138,0,71,512,0,0,0.0,2.2365,nan,edge/x86_64,,3.12.3,2026-10-09T18:43:31Z
87,ECDSA-P256,classical,,keygen,0.0298,0.0,0.0,0.0,91,138,0,0,0,0,0,0.0,0.4475,nan,edge/x86_64,,3.12.3,2026-10-09T18:43:31Z
87,ECDSA-P256,classical,,sign,0.0618,0.0,0.0,0.0,91,138,0,71,512,0,0,0.0,0.9275,nan,edge/x86_64,,3.12.3,2026-10-09T18:43:31Z
87,ECDSA-P256,classical,,verify,0.1314,0.0,0.0,0.0,91,138,0,71,512,0,0,0.0,1.9717,nan,edge/x86_64,,3.12.3,2026-10-09T18:43:31Z
88,ECDSA-P256,classical,,keygen,0.0281,0.0,0.0,0.0,91,138,0,0,0,0,0,0.0,0.4221,nan,edge/x86_64,,3.12.3,2026-10-09T18:43:31Z
88,ECDSA-P256,classical,,sign,0.0556,0.0,0.0,0.0,91,138,0,71,512,0,0,0.0,0.8338,nan,edge/x86_64,,3.12.3,2026-10-09T18:43:31Z
88,ECDSA-P256,classical,,verify,0.131,0.0,0.0,0.0,91,138,0,71,512,0,0,0.0,1.9644,nan,edge/x86_64,,3.12.3,2026-10-09T18:43:31Z
89,ECDSA-P256,classical,,keygen,0.0277,0.0,0.0,0.0,91,138,0,0,0,0,0,0.0,0.4159,nan,edge/x86_64,,3.12.3,2026-10-09T18:43:31Z
89,ECDSA-P256,classical,,sign,0.0551,0.0,0.0,0.0,91,138,0,71,512,0,0,0.0,0.8259,nan,edge/x86_64,,3.12.3,2026-10-09T18:43:31Z
89,ECDSA-P256,classical,,verify,0.1248,0.0,0.0,0.0,91,138,0,71,512,0,0,0.0,1.8717,nan,edge/x86_64,,3.12.3,2026-10-09T18:43:31Z
90,ECDSA-P256,classical,,keygen,0.028,0.0,0.0,0.0,91,138,0,0,0,0,0,0.0,0.4204,nan,edge/x86_64,,3.12.3,2026-10-09T18:43:31Z
90,ECDSA-P256,classical,,sign,0.0759,0.0,0.0,0.0,91,138,0,71,512,0,0,0.0,1.1383,nan,edge/x86_64,,3.12.3,2026-10-09T18:43:31Z
90,ECDSA-P256,classical,,verify,0.1289,0.0,0.0,0.0,91,138,0,71,512,0,0,0.0,1.9331,nan,edge/x86_64,,3.12.3,2026-10-09T18:43:31Z
91,ECDSA-P256,classical,,keygen,0.0291,0.0,0.0,0.0,91,138,0,0,0,0,0,0.0,0.4371,nan,edge/x86_64,,3.12.3,2026-10-09T18:43:31Z
91,ECDSA-P256,classical,,sign,0.0559,0.0,0.0,0.0,91,138,0,70,512,0,0,0.0,0.8392,nan,edge/x86_64,,3.12.3,2026-10-09T18:43:31Z
91,ECDSA-P256,classical,,verify,0.1147,0.0,0.0,0.0,91,138,0,70,512,0,0,0.0,1.7209,nan,edge/x86_64,,3.12.3,2026-10-09T18:43:31Z
92,ECDSA-P256,classical,,keygen,0.1041,0.0,0.0,0.0,91,138,0,0,0,0,0,0.0,1.5616,nan,edge/x86_64,,3.12.3,2026-10-09T18:43:31Z
92,ECDSA-P256,classical,,sign,0.0735,0.0,0.0,0.0,91,138,0,70,512,0,0,0.0,1.1026,nan,edge/x86_64,,3.12.3,2026-10-09T18:43:31Z
92,ECDSA-P256,classical,,verify,0.137,0.0,0.0,0.0,91,138,0,70,512,0,0,0.0,2.0544,nan,edge/x86_64,,3.12.3,2026-10-09T18:43:31Z
93,ECDSA-P256,classical,,keygen,0.0308,0.0,0.0,0.0,91,138,0,0,0,0,0,0.0,0.462,nan,edge/x86_64,,3.12.3,2026-10-09T18:43:31Z
93,ECDSA-P256,classical,,sign,0.0564,0.0,0.0,0.0,91,138,0,72,512,0,0,0.0,0.8456,nan,edge/x86_64,,3.12.3,2026-10-09T18:43:31Z
93,ECDSA-P256,classical,,verify,0.2725,0.0,0.0,0.0,91,138,0,72,512,0,0,0.0,4.0877,nan,edge/x86_64,,3.12.3,2026-10-09T18:43:31Z
94,ECDSA-P256,classical,,keygen,0.0573,0.0,0.0,0.0,91,138,0,0,0,0,0,0.0,0.8594,nan,edge/x86_64,,3.12.3,2026-10-09T18:43:31Z
94,ECDSA-P256,classical,,sign,0.0681,0.0,0.0,0.0,91,138,0,72,512,0,0,0.0,1.021,nan,edge/x86_64,,3.12.3,2026-10-09T18:43:31Z
94,ECDSA-P256,classical,,verify,0.129,0.0,0.0,0.0,91,138,0,72,512,0,0,0.0,1.9353,nan,edge/x86_64,,3.12.3,2026-10-09T18:43:31Z
95,ECDSA-P256,classical,,keygen,0.0287,0.0,0.0,0.0,91,138,0,0,0,0,0,0.0,0.4311,nan,edge/x86_64,,3.12.3,2026-10-09T18:43:31Z
95,ECDSA-P256,classical,,sign,0.0568,0.0,0.0,0.0,91,138,0,71,512,0,0,0.0,0.8527,nan,edge/x86_64,,3.12.3,2026-10-09T18:43:31Z
95,ECDSA-P256,classical,,verify,0.1285,0.0,0.0,0.0,91,138,0,71,512,0,0,0.0,1.9278,nan,edge/x86_64,,3.12.3,2026-10-09T18:43:31Z
96,ECDSA-P256,classical,,keygen,0.0283,0.0,0.0,0.0,91,138,0,0,0,0,0,0.0,0.4239,nan,edge/x86_64,,3.12.3,2026-10-09T18:43:31Z
96,ECDSA-P256,classical,,sign,0.0553,0.0,0.0,0.0,91,138,0,70,512,0,0,0.0,0.8288,nan,edge/x86_64,,3.12.3,2026-10-09T18:43:31Z
96,ECDSA-P256,classical,,verify,0.1369,0.0,0.0,0.0,91,138,0,70,512,0,0,0.0,2.054,nan,edge/x86_64,,3.12.3,2026-10-09T18:43:31Z
97,ECDSA-P256,classical,,keygen,0.0315,0.0,0.0,0.0,91,138,0,0,0,0,0,0.0,0.4719,nan,edge/x86_64,,3.12.3,2026-10-09T18:43:31Z
97,ECDSA-P256,classical,,sign,0.0557,0.0,0.0,0.0,91,138,0,70,512,0,0,0.0,0.8358,nan,edge/x86_64,,3.12.3,2026-10-09T18:43:31Z
97,ECDSA-P256,classical,,verify,0.1247,0.0,0.0,0.0,91,138,0,70,512,0,0,0.0,1.87,nan,edge/x86_64,,3.12.3,2026-10-09T18:43:31Z
98,ECDSA-P256,classical,,keygen,0.0272,0.0,0.0,0.0,91,138,0,0,0,0,0,0.0,0.4082,nan,edge/x86_64,,3.12.3,2026-10-09T18:43:31Z
98,ECDSA-P256,classical,,sign,0.0566,0.0,0.0,0.0,91,138,0,72,512,0,0,0.0,0.8489,nan,edge/x86_64,,3.12.3,2026-10-09T18:43:31Z
98,ECDSA-P256,classical,,verify,0.1512,0.0,0.0,0.0,91,138,0,72,512,0,0,0.0,2.2687,nan,edge/x86_64,,3.12.3,2026-10-09T18:43:31Z
99,ECDSA-P256,classical,,keygen,0.0322,0.0,0.0,0.0,91,138,0,0,0,0,0,0.0,0.4836,nan,edge/x86_64,,3.12.3,2026-10-09T18:43:31Z
99,ECDSA-P256,classical,,sign,0.0572,0.0,0.0,0.0,91,138,0,71,512,0,0,0.0,0.8574,nan,edge/x86_64,,3.12.3,2026-10-09T18:43:31Z
99,ECDSA-P256,classical,,verify,0.1233,0.0,0.0,0.0,91,138,0,71,512,0,0,0.0,1.8491,nan,edge/x86_64,,3.12.3,2026-10-09T18:43:31Z
100,ECDSA-P256,classical,,keygen,0.0283,0.0,0.0,0.0,91,138,0,0,0,0,0,0.0,0.4245,nan,edge/x86_64,,3.12.3,2026-10-09T18:43:31Z
100,ECDSA-P256,classical,,sign,0.0555,0.0,0.0,0.0,91,138,0,72,512,0,0,0.0,0.8325,nan,edge/x86_64,,3.12.3,2026-10-09T18:43:31Z
100,ECDSA-P256,classical,,verify,0.1557,0.0,0.0,0.0,91,138,0,72,512,0,0,0.0,2.336,nan,edge/x86_64,,3.12.3,2026-10-09T18:43:31Z
101,ECDSA-P256,classical,,keygen,0.0305,0.0,0.0,0.0,91,138,0,0,0,0,0,0.0,0.4575,nan,edge/x86_64,,3.12.3,2026-10-09T18:43:31Z
101,ECDSA-P256,classical,,sign,0.0579,0.0,0.0,0.0,91,138,0,72,512,0,0,0.0,0.8681,nan,edge/x86_64,,3.12.3,2026-10-09T18:43:31Z
101,ECDSA-P256,classical,,verify,0.1227,0.0,0.0,0.0,91,138,0,72,512,0,0,0.0,1.8398,nan,edge/x86_64,,3.12.3,2026-10-09T18:43:31Z
102,ECDSA-P256,classical,,keygen,0.0289,0.0,0.0,0.0,91,138,0,0,0,0,0,0.0,0.4331,nan,edge/x86_64,,3.12.3,2026-10-09T18:43:31Z
102,ECDSA-P256,classical,,sign,0.0565,0.0,0.0,0.0,91,138,0,71,512,0,0,0.0,0.8473,nan,edge/x86_64,,3.12.3,2026-10-09T18:43:31Z
102,ECDSA-P256,classical,,verify,0.1313,0.0,0.0,0.0,91,138,0,71,512,0,0,0.0,1.9693,nan,edge/x86_64,,3.12.3,2026-10-09T18:43:31Z
103,ECDSA-P256,classical,,keygen,0.1142,0.0,0.0,0.0,91,138,0,0,0,0,0,0.0,1.7123,nan,edge/x86_64,,3.12.3,2026-10-09T18:43:31Z
103,ECDSA-P256,classical,,sign,0.1455,0.0,0.0,0.0,91,138,0,72,512,0,0,0.0,2.1819,nan,edge/x86_64,,3.12.3,2026-10-09T18:43:31Z
103,ECDSA-P256,classical,,verify,0.2089,0.0,0.0,0.0,91,138,0,72,512,0,0,0.0,3.1341,nan,edge/x86_64,,3.12.3,2026-10-09T18:43:31Z
104,ECDSA-P256,classical,,keygen,0.0315,0.0,0.0,0.0,91,138,0,0,0,0,0,0.0,0.473,nan,edge/x86_64,,3.12.3,2026-10-09T18:43:31Z
104,ECDSA-P256,classical,,sign,0.0607,0.0,0.0,0.0,91,138,0,71,512,0,0,0.0,0.9112,nan,edge/x86_64,,3.12.3,2026-10-09T18:43:31Z
104,ECDSA-P256,classical,,verify,0.1785,0.0,0.0,0.0,91,138,0,71,512,0,0,0.0,2.6769,nan,edge/x86_64,,3.12.3,2026-10-09T18:43:31Z
105,ECDSA-P256,classical,,keygen,0.0336,0.0,0.0,0.0,91,138,0,0,0,0,0,0.0,0.5047,nan,edge/x86_64,,3.12.3,2026-10-09T18:43:31Z
105,ECDSA-P256,classical,,sign,0.061,0.0,0.0,0.0,91,138,0,70,512,0,0,0.0,0.9152,nan,edge/x86_64,,3.12.3,2026-10-09T18:43:31Z
105,ECDSA-P256,classical,,verify,0.1352,0.0,0.0,0.0,91,138,0,70,512,0,0,0.0,2.0273,nan,edge/x86_64,,3.12.3,2026-10-09T18:43:31Z
106,ECDSA-P256,classical,,keygen,0.0307,0.0,0.0,0.0,91,138,0,0,0,0,0,0.0,0.4601,nan,edge/x86_64,,3.12.3,2026-10-09T18:43:31Z
106,ECDSA-P256,classical,,sign,0.0859,0.0,0.0,0.0,91,138,0,71,512,0,0,0.0,1.2885,nan,edge/x86_64,,3.12.3,2026-10-09T18:43:31Z
106,ECDSA-P256,classical,,verify,0.1326,0.0,0.0,0.0,91,138,0,71,512,0,0,0.0,1.9885,nan,edge/x86_64,,3.12.3,2026-10-09T18:43:31Z
107,ECDSA-P256,classical,,keygen,0.0291,0.0,0.0,0.0,91,138,0,0,0,0,0,0.0,0.4361,nan,edge/x86_64,,3.12.3,2026-10-09T18:43:31Z
107,ECDSA-P256,classical,,sign,0.0572,0.0,0.0,0.0,91,138,0,71,512,0,0,0.0,0.8579,nan,edge/x86_64,,3.12.3,2026-10-09T18:43:31Z
107,ECDSA-P256,classical,,verify,0.1295,0.0,0.0,0.0,91,138,0,71,512,0,0,0.0,1.9419,nan,edge/x86_64,,3.12.3,2026-10-09T18:43:31Z
108,ECDSA-P256,classical,,keygen,0.0292,0.0,0.0,0.0,91,138,0,0,0,0,0,0.0,0.4383,nan,edge/x86_64,,3.12.3,2026-10-09T18:43:31Z
108,ECDSA-P256,classical,,sign,0.0598,0.0,0.0,0.0,91,138,0,72,512,0,0,0.0,0.8964,nan,edge/x86_64,,3.12.3,2026-10-09T18:43:31Z
108,ECDSA-P256,classical,,verify,0.121,0.0,0.0,0.0,91,138,0,72,512,0,0,0.0,1.8153,nan,edge/x86_64,,3.12.3,2026-10-09T18:43:31Z
109,ECDSA-P256,classical,,keygen,0.0381,0.0,0.0,0.0,91,138,0,0,0,0,0,0.0,0.5715,nan,edge/x86_64,,3.12.3,2026-10-09T18:43:31Z
109,ECDSA-P256,classical,,sign,0.0661,0.0,0.0,0.0,91,138,0,71,512,0,0,0.0,0.9919,nan,edge/x86_64,,3.12.3,2026-10-09T18:43:31Z
109,ECDSA-P256,classical,,verify,0.1504,0.0,0.0,0.0,91,138,0,71,512,0,0,0.0,2.2555,nan,edge/x86_64,,3.12.3,2026-10-09T18:43:31Z
110,ECDSA-P256,classical,,keygen,0.0337,0.0,0.0,0.0,91,138,0,0,0,0,0,0.0,0.5055,nan,edge/x86_64,,3.12.3,2026-10-09T18:43:31Z
110,ECDSA-P256,classical,,sign,0.0664,0.0,0.0,0.0,91,138,0,70,512,0,0,0.0,0.9965,nan,edge/x86_64,,3.12.3,2026-10-09T18:43:31Z
110,ECDSA-P256,classical,,verify,0.1451,0.0,0.0,0.0,91,138,0,70,512,0,0,0.0,2.1769,nan,edge/x86_64,,3.12.3,2026-10-09T18:43:31Z
111,ECDSA-P256,classical,,keygen,0.0312,0.0,0.0,0.0,91,138,0,0,0,0,0,0.0,0.4674,nan,edge/x86_64,,3.12.3,2026-10-09T18:43:31Z
111,ECDSA-P256,classical,,sign,0.0629,0.0,0.0,0.0,91,138,0,72,512,0,0,0.0,0.9428,nan,edge/x86_64,,3.12.3,2026-10-09T18:43:31Z
111,ECDSA-P256,classical,,verify,0.1965,0.0,0.0,0.0,91,138,0,72,512,0,0,0.0,2.948,nan,edge/x86_64,,3.12.3,2026-10-09T18:43:31Z
112,ECDSA-P256,classical,,keygen,0.0403,0.0,0.0,0.0,91,138,0,0,0,0,0,0.0,0.605,nan,edge/x86_64,,3.12.3,2026-10-09T18:43:31Z
112,ECDSA-P256,classical,,sign,0.0612,0.0,0.0,0.0,91,138,0,72,512,0,0,0.0,0.9173,nan,edge/x86_64,,3.12.3,2026-10-09T18:43:31Z
112,ECDSA-P256,classical,,verify,0.1356,0.0,0.0,0.0,91,138,0,72,512,0,0,0.0,2.0337,nan,edge/x86_64,,3.12.3,2026-10-09T18:43:31Z
113,ECDSA-P256,classical,,keygen,0.0678,0.0,0.0,0.0,91,138,0,0,0,0,0,0.0,1.0175,nan,edge/x86_64,,3.12.3,2026-10-09T18:43:31Z
113,ECDSA-P256,classical,,sign,0.0625,0.0,0.0,0.0,91,138,0,70,512,0,0,0.0,0.937,nan,edge/x86_64,,3.12.3,2026-10-09T18:43:31Z
113,ECDSA-P256,classical,,verify,0.1328,0.0,0.0,0.0,91,138,0,70,512,0,0,0.0,1.9923,nan,edge/x86_64,,3.12.3,2026-10-09T18:43:31Z
114,ECDSA-P256,classical,,keygen,0.0282,0.0,0.0,0.0,91,138,0,0,0,0,0,0.0,0.4235,nan,edge/x86_64,,3.12.3,2026-10-09T18:43:31Z
114,ECDSA-P256,classical,,sign,0.0607,0.0,0.0,0.0,91,138,0,70,512,0,0,0.0,0.911,nan,edge/x86_64,,3.12.3,2026-10-09T18:43:31Z
114,ECDSA-P256,classical,,verify,0.1329,0.0,0.0,0.0,91,138,0,70,512,0,0,0.0,1.9933,nan,edge/x86_64,,3.12.3,2026-10-09T18:43:31Z
115,ECDSA-P256,classical,,keygen,0.0303,0.0,0.0,0.0,91,138,0,0,0,0,0,0.0,0.4551,nan,edge/x86_64,,3.12.3,2026-10-09T18:43:31Z
115,ECDSA-P256,classical,,sign,0.0573,0.0,0.0,0.0,91,138,0,72,512,0,0,0.0,0.8589,nan,edge/x86_64,,3.12.3,2026-10-09T18:43:31Z
115,ECDSA-P256,classical,,verify,0.134,0.0,0.0,0.0,91,138,0,72,512,0,0,0.0,2.0107,nan,edge/x86_64,,3.12.3,2026-10-09T18:43:31Z
116,ECDSA-P256,classical,,keygen,0.0299,0.0,0.0,0.0,91,138,0,0,0,0,0,0.0,0.4482,nan,edge/x86_64,,3.12.3,2026-10-09T18:43:31Z
116,ECDSA-P256,classical,,sign,0.0597,0.0,0.0,0.0,91,138,0,71,512,0,0,0.0,0.8949,nan,edge/x86_64,,3.12.3,2026-10-09T18:43:31Z
116,ECDSA-P256,classical,,verify,0.1545,0.0,0.0,0.0,91,138,0,71,512,0,0,0.0,2.317,nan,edge/x86_64,,3.12.3,2026-10-09T18:43:31Z
117,ECDSA-P256,classical,,keygen,0.0307,0.0,0.0,0.0,91,138,0,0,0,0,0,0.0,0.4604,nan,edge/x86_64,,3.12.3,2026-10-09T18:43:31Z
117,ECDSA-P256,classical,,sign,0.0616,0.0,0.0,0.0,91,138,0,72,512,0,0,0.0,0.9247,nan,edge/x86_64,,3.12.3,2026-10-09T18:43:31Z
117,ECDSA-P256,classical,,verify,0.134,0.0,0.0,0.0,91,138,0,72,512,0,0,0.0,2.0094,nan,edge/x86_64,,3.12.3,2026-10-09T18:43:31Z
118,ECDSA-P256,classical,,keygen,0.0297,0.0,0.0,0.0,91,138,0,0,0,0,0,0.0,0.4451,nan,edge/x86_64,,3.12.3,2026-10-09T18:43:31Z
118,ECDSA-P256,classical,,sign,0.061,0.0,0.0,0.0,91,138,0,72,512,0,0,0.0,0.9149,nan,edge/x86_64,,3.12.3,2026-10-09T18:43:31Z
118,ECDSA-P256,classical,,verify,0.2007,0.0,0.0,0.0,91,138,0,72,512,0,0,0.0,3.011,nan,edge/x86_64,,3.12.3,2026-10-09T18:43:31Z
119,ECDSA-P256,classical,,keygen,0.0322,0.0,0.0,0.0,91,138,0,0,0,0,0,0.0,0.4831,nan,edge/x86_64,,3.12.3,2026-10-09T18:43:31Z
119,ECDSA-P256,classical,,sign,0.0585,0.0,0.0,0.0,91,138,0,72,512,0,0,0.0,0.8776,nan,edge/x86_64,,3.12.3,2026-10-09T18:43:31Z
119,ECDSA-P256,classical,,verify,0.122,0.0,0.0,0.0,91,138,0,72,512,0,0,0.0,1.8306,nan,edge/x86_64,,3.12.3,2026-10-09T18:43:31Z
120,ECDSA-P256,classical,,keygen,0.0936,0.0,0.0,0.0,91,138,0,0,0,0,0,0.0,1.4037,nan,edge/x86_64,,3.12.3,2026-10-09T18:43:31Z
120,ECDSA-P256,classical,,sign,0.0893,0.0,0.0,0.0,91,138,0,71,512,0,0,0.0,1.3392,nan,edge/x86_64,,3.12.3,2026-10-09T18:43:31Z
120,ECDSA-P256,classical,,verify,0.1289,0.0,0.0,0.0,91,138,0,71,512,0,0,0.0,1.9331,nan,edge/x86_64,,3.12.3,2026-10-09T18:43:31Z
121,ECDSA-P256,classical,,keygen,0.0319,0.0,0.0,0.0,91,138,0,0,0,0,0,0.0,0.4783,nan,edge/x86_64,,3.12.3,2026-10-09T18:43:31Z
121,ECDSA-P256,classical,,sign,0.06,0.0,0.0,0.0,91,138,0,72,512,0,0,0.0,0.9004,nan,edge/x86_64,,3.12.3,2026-10-09T18:43:31Z
121,ECDSA-P256,classical,,verify,0.1456,0.0,0.0,0.0,91,138,0,72,512,0,0,0.0,2.1842,nan,edge/x86_64,,3.12.3,2026-10-09T18:43:31Z
122,ECDSA-P256,classical,,keygen,0.0346,0.0,0.0,0.0,91,138,0,0,0,0,0,0.0,0.5186,nan,edge/x86_64,,3.12.3,2026-10-09T18:43:31Z
122,ECDSA-P256,classical,,sign,0.0614,0.0,0.0,0.0,91,138,0,72,512,0,0,0.0,0.9208,nan,edge/x86_64,,3.12.3,2026-10-09T18:43:31Z
122,ECDSA-P256,classical,,verify,0.14,0.0,0.0,0.0,91,138,0,72,512,0,0,0.0,2.0996,nan,edge/x86_64,,3.12.3,2026-10-09T18:43:31Z
123,ECDSA-P256,classical,,keygen,0.0315,0.0,0.0,0.0,91,138,0,0,0,0,0,0.0,0.4728,nan,edge/x86_64,,3.12.3,2026-10-09T18:43:31Z
123,ECDSA-P256,classical,,sign,0.1034,0.0,0.0,0.0,91,138,0,72,512,0,0,0.0,1.5507,nan,edge/x86_64,,3.12.3,2026-10-09T18:43:31Z
123,ECDSA-P256,classical,,verify,0.1383,0.0,0.0,0.0,91,138,0,72,512,0,0,0.0,2.0744,nan,edge/x86_64,,3.12.3,2026-10-09T18:43:31Z
124,ECDSA-P256,classical,,keygen,0.0313,0.0,0.0,0.0,91,138,0,0,0,0,0,0.0,0.4699,nan,edge/x86_64,,3.12.3,2026-10-09T18:43:31Z
124,ECDSA-P256,classical,,sign,0.0618,0.0,0.0,0.0,91,138,0,70,512,0,0,0.0,0.9267,nan,edge/x86_64,,3.12.3,2026-10-09T18:43:31Z
124,ECDSA-P256,classical,,verify,0.1324,0.0,0.0,0.0,91,138,0,70,512,0,0,0.0,1.986,nan,edge/x86_64,,3.12.3,2026-10-09T18:43:31Z
125,ECDSA-P256,classical,,keygen,0.0289,0.0,0.0,0.0,91,138,0,0,0,0,0,0.0,0.434,nan,edge/x86_64,,3.12.3,2026-10-09T18:43:31Z
125,ECDSA-P256,classical,,sign,0.066,0.0,0.0,0.0,91,138,0,72,512,0,0,0.0,0.9896,nan,edge/x86_64,,3.12.3,2026-10-09T18:43:31Z
125,ECDSA-P256,classical,,verify,0.1293,0.0,0.0,0.0,91,138,0,72,512,0,0,0.0,1.9388,nan,edge/x86_64,,3.12.3,2026-10-09T18:43:31Z
126,ECDSA-P256,classical,,keygen,0.0304,0.0,0.0,0.0,91,138,0,0,0,0,0,0.0,0.4553,nan,edge/x86_64,,3.12.3,2026-10-09T18:43:31Z
126,ECDSA-P256,classical,,sign,0.0808,0.0,0.0,0.0,91,138,0,71,512,0,0,0.0,1.212,nan,edge/x86_64,,3.12.3,2026-10-09T18:43:31Z
126,ECDSA-P256,classical,,verify,0.157,0.0,0.0,0.0,91,138,0,71,512,0,0,0.0,2.3545,nan,edge/x86_64,,3.12.3,2026-10-09T18:43:31Z
127,ECDSA-P256,classical,,keygen,0.0311,0.0,0.0,0.0,91,138,0,0,0,0,0,0.0,0.4671,nan,edge/x86_64,,3.12.3,2026-10-09T18:43:31Z
127,ECDSA-P256,classical,,sign,0.0606,0.0,0.0,0.0,91,138,0,70,512,0,0,0.0,0.9093,nan,edge/x86_64,,3.12.3,2026-10-09T18:43:31Z
127,ECDSA-P256,classical,,verify,0.1409,0.0,0.0,0.0,91,138,0,70,512,0,0,0.0,2.1137,nan,edge/x86_64,,3.12.3,2026-10-09T18:43:31Z
128,ECDSA-P256,classical,,keygen,0.0304,0.0,0.0,0.0,91,138,0,0,0,0,0,0.0,0.456,nan,edge/x86_64,,3.12.3,2026-10-09T18:43:31Z
128,ECDSA-P256,classical,,sign,0.0585,0.0,0.0,0.0,91,138,0,72,512,0,0,0.0,0.8774,nan,edge/x86_64,,3.12.3,2026-10-09T18:43:31Z
128,ECDSA-P256,classical,,verify,0.1337,0.0,0.0,0.0,91,138,0,72,512,0,0,0.0,2.0056,nan,edge/x86_64,,3.12.3,2026-10-09T18:43:31Z
129,ECDSA-P256,classical,,keygen,0.0296,0.0,0.0,0.0,91,138,0,0,0,0,0,0.0,0.4442,nan,edge/x86_64,,3.12.3,2026-10-09T18:43:31Z
129,ECDSA-P256,classical,,sign,0.0581,0.0,0.0,0.0,91,138,0,71,512,0,0,0.0,0.872,nan,edge/x86_64,,3.12.3,2026-10-09T18:43:31Z
129,ECDSA-P256,classical,,verify,0.1304,0.0,0.0,0.0,91,138,0,71,512,0,0,0.0,1.9553,nan,edge/x86_64,,3.12.3,2026-10-09T18:43:31Z
130,ECDSA-P256,classical,,keygen,0.0292,0.0,0.0,0.0,91,138,0,0,0,0,0,0.0,0.4379,nan,edge/x86_64,,3.12.3,2026-10-09T18:43:31Z
130,ECDSA-P256,classical,,sign,0.0633,0.0,0.0,0.0,91,138,0,72,512,0,0,0.0,0.9495,nan,edge/x86_64,,3.12.3,2026-10-09T18:43:31Z
130,ECDSA-P256,classical,,verify,0.131,0.0,0.0,0.0,91,138,0,72,512,0,0,0.0,1.9648,nan,edge/x86_64,,3.12.3,2026-10-09T18:43:31Z
131,ECDSA-P256,classical,,keygen,0.0296,0.0,0.0,0.0,91,138,0,0,0,0,0,0.0,0.4441,nan,edge/x86_64,,3.12.3,2026-10-09T18:43:31Z
131,ECDSA-P256,classical,,sign,0.0563,0.0,0.0,0.0,91,138,0,71,512,0,0,0.0,0.8442,nan,edge/x86_64,,3.12.3,2026-10-09T18:43:31Z
131,ECDSA-P256,classical,,verify,0.1301,0.0,0.0,0.0,91,138,0,71,512,0,0,0.0,1.9508,nan,edge/x86_64,,3.12.3,2026-10-09T18:43:31Z
132,ECDSA-P256,classical,,keygen,0.0292,0.0,0.0,0.0,91,138,0,0,0,0,0,0.0,0.4377,nan,edge/x86_64,,3.12.3,2026-10-09T18:43:31Z
132,ECDSA-P256,classical,,sign,0.0968,0.0,0.0,0.0,91,138,0,70,512,0,0,0.0,1.4524,nan,edge/x86_64,,3.12.3,2026-10-09T18:43:31Z
132,ECDSA-P256,classical,,verify,0.1336,0.0,0.0,0.0,91,138,0,70,512,0,0,0.0,2.0041,nan,edge/x86_64,,3.12.3,2026-10-09T18:43:31Z
133,ECDSA-P256,classical,,keygen,0.0322,0.0,0.0,0.0,91,138,0,0,0,0,0,0.0,0.4823,nan,edge/x86_64,,3.12.3,2026-10-09T18:43:31Z
133,ECDSA-P256,classical,,sign,0.0846,0.0,0.0,0.0,91,138,0,71,512,0,0,0.0,1.2683,nan,edge/x86_64,,3.12.3,2026-10-09T18:43:31Z
133,ECDSA-P256,classical,,verify,0.1401,0.0,0.0,0.0,91,138,0,71,512,0,0,0.0,2.1013,nan,edge/x86_64,,3.12.3,2026-10-09T18:43:31Z
134,ECDSA-P256,classical,,keygen,0.0298,0.0,0.0,0.0,91,138,0,0,0,0,0,0.0,0.4463,nan,edge/x86_64,,3.12.3,2026-10-09T18:43:31Z
134,ECDSA-P256,classical,,sign,0.0546,0.0,0.0,0.0,91,138,0,71,512,0,0,0.0,0.8189,nan,edge/x86_64,,3.12.3,2026-10-09T18:43:31Z
134,ECDSA-P256,classical,,verify,0.1227,0.0,0.0,0.0,91,138,0,71,512,0,0,0.0,1.841,nan,edge/x86_64,,3.12.3,2026-10-09T18:43:31Z
135,ECDSA-P256,classical,,keygen,0.0315,0.0,0.0,0.0,91,138,0,0,0,0,0,0.0,0.4722,nan,edge/x86_64,,3.12.3,2026-10-09T18:43:31Z
135,ECDSA-P256,classical,,sign,0.0597,0.0,0.0,0.0,91,138,0,72,512,0,0,0.0,0.896,nan,edge/x86_64,,3.12.3,2026-10-09T18:43:31Z
135,ECDSA-P256,classical,,verify,0.1542,0.0,0.0,0.0,91,138,0,72,512,0,0,0.0,2.3134,nan,edge/x86_64,,3.12.3,2026-10-09T18:43:31Z
136,ECDSA-P256,classical,,keygen,0.0298,0.0,0.0,0.0,91,138,0,0,0,0,0,0.0,0.4476,nan,edge/x86_64,,3.12.3,2026-10-09T18:43:31Z
136,ECDSA-P256,classical,,sign,0.0556,0.0,0.0,0.0,91,138,0,71,512,0,0,0.0,0.8347,nan,edge/x86_64,,3.12.3,2026-10-09T18:43:31Z
136,ECDSA-P256,classical,,verify,0.1243,0.0,0.0,0.0,91,138,0,71,512,0,0,0.0,1.8645,nan,edge/x86_64,,3.12.3,2026-10-09T18:43:31Z
137,ECDSA-P256,classical,,keygen,0.1272,0.0,0.0,0.0,91,138,0,0,0,0,0,0.0,1.9076,nan,edge/x86_64,,3.12.3,2026-10-09T18:43:31Z
137,ECDSA-P256,classical,,sign,0.0869,0.0,0.0,0.0,91,138,0,71,512,0,0,0.0,1.3039,nan,edge/x86_64,,3.12.3,2026-10-09T18:43:31Z
137,ECDSA-P256,classical,,verify,0.1334,0.0,0.0,0.0,91,138,0,71,512,0,0,0.0,2.0005,nan,edge/x86_64,,3.12.3,2026-10-09T18:43:31Z
138,ECDSA-P256,classical,,keygen,0.0311,0.0,0.0,0.0,91,138,0,0,0,0,0,0.0,0.4664,nan,edge/x86_64,,3.12.3,2026-10-09T18:43:31Z
138,ECDSA-P256,classical,,sign,0.0557,0.0,0.0,0.0,91,138,0,71,512,0,0,0.0,0.8359,nan,edge/x86_64,,3.12.3,2026-10-09T18:43:31Z
138,ECDSA-P256,classical,,verify,0.1458,0.0,0.0,0.0,91,138,0,71,512,0,0,0.0,2.1867,nan,edge/x86_64,,3.12.3,2026-10-09T18:43:31Z
139,ECDSA-P256,classical,,keygen,0.0363,0.0,0.0,0.0,91,138,0,0,0,0,0,0.0,0.545,nan,edge/x86_64,,3.12.3,2026-10-09T18:43:31Z
139,ECDSA-P256,classical,,sign,0.058,0.0,0.0,0.0,91,138,0,70,512,0,0,0.0,0.8705,nan,edge/x86_64,,3.12.3,2026-10-09T18:43:31Z
139,ECDSA-P256,classical,,verify,0.175,0.0,0.0,0.0,91,138,0,70,512,0,0,0.0,2.6248,nan,edge/x86_64,,3.12.3,2026-10-09T18:43:31Z
140,ECDSA-P256,classical,,keygen,0.0327,0.0,0.0,0.0,91,138,0,0,0,0,0,0.0,0.4908,nan,edge/x86_64,,3.12.3,2026-10-09T18:43:31Z
140,ECDSA-P256,classical,,sign,0.0581,0.0,0.0,0.0,91,138,0,71,512,0,0,0.0,0.8716,nan,edge/x86_64,,3.12.3,2026-10-09T18:43:31Z
140,ECDSA-P256,classical,,verify,0.1319,0.0,0.0,0.0,91,138,0,71,512,0,0,0.0,1.979,nan,edge/x86_64,,3.12.3,2026-10-09T18:43:31Z
141,ECDSA-P256,classical,,keygen,0.0296,0.0,0.0,0.0,91,138,0,0,0,0,0,0.0,0.4441,nan,edge/x86_64,,3.12.3,2026-10-09T18:43:31Z
141,ECDSA-P256,classical,,sign,0.057,0.0,0.0,0.0,91,138,0,71,512,0,0,0.0,0.855,nan,edge/x86_64,,3.12.3,2026-10-09T18:43:31Z
141,ECDSA-P256,classical,,verify,0.1259,0.0,0.0,0.0,91,138,0,71,512,0,0,0.0,1.8888,nan,edge/x86_64,,3.12.3,2026-10-09T18:43:31Z
142,ECDSA-P256,classical,,keygen,0.0277,0.0,0.0,0.0,91,138,0,0,0,0,0,0.0,0.4159,nan,edge/x86_64,,3.12.3,2026-10-09T18:43:31Z
142,ECDSA-P256,classical,,sign,0.0543,0.0,0.0,0.0,91,138,0,70,512,0,0,0.0,0.8152,nan,edge/x86_64,,3.12.3,2026-10-09T18:43:31Z
142,ECDSA-P256,classical,,verify,0.1268,0.0,0.0,0.0,91,138,0,70,512,0,0,0.0,1.9019,nan,edge/x86_64,,3.12.3,2026-10-09T18:43:31Z
143,ECDSA-P256,classical,,keygen,0.0291,0.0,0.0,0.0,91,138,0,0,0,0,0,0.0,0.4365,nan,edge/x86_64,,3.12.3,2026-10-09T18:43:31Z
143,ECDSA-P256,classical,,sign,0.058,0.0,0.0,0.0,91,138,0,72,512,0,0,0.0,0.8694,nan,edge/x86_64,,3.12.3,2026-10-09T18:43:31Z
143,ECDSA-P256,classical,,verify,0.1441,0.0,0.0,0.0,91,138,0,72,512,0,0,0.0,2.1614,nan,edge/x86_64,,3.12.3,2026-10-09T18:43:31Z
144,ECDSA-P256,classical,,keygen,0.0312,0.0,0.0,0.0,91,138,0,0,0,0,0,0.0,0.4679,nan,edge/x86_64,,3.12.3,2026-10-09T18:43:31Z
144,ECDSA-P256,classical,,sign,0.0579,0.0,0.0,0.0,91,138,0,71,512,0,0,0.0,0.868,nan,edge/x86_64,,3.12.3,2026-10-09T18:43:31Z
144,ECDSA-P256,classical,,verify,0.1216,0.0,0.0,0.0,91,138,0,71,512,0,0,0.0,1.8234,nan,edge/x86_64,,3.12.3,2026-10-09T18:43:31Z
145,ECDSA-P256,classical,,keygen,0.0697,0.0,0.0,0.0,91,138,0,0,0,0,0,0.0,1.0455,nan,edge/x86_64,,3.12.3,2026-10-09T18:43:31Z
145,ECDSA-P256,classical,,sign,0.0881,0.0,0.0,0.0,91,138,0,72,512,0,0,0.0,1.3219,nan,edge/x86_64,,3.12.3,2026-10-09T18:43:31Z
145,ECDSA-P256,classical,,verify,0.158,0.0,0.0,0.0,91,138,0,72,512,0,0,0.0,2.3697,nan,edge/x86_64,,3.12.3,2026-10-09T18:43:31Z
146,ECDSA-P256,classical,,keygen,0.037,0.0,0.0,0.0,91,138,0,0,0,0,0,0.0,0.5543,nan,edge/x86_64,,3.12.3,2026-10-09T18:43:31Z
146,ECDSA-P256,classical,,sign,0.0611,0.0,0.0,0.0,91,138,0,70,512,0,0,0.0,0.9166,nan,edge/x86_64,,3.12.3,2026-10-09T18:43:31Z
146,ECDSA-P256,classical,,verify,0.1461,0.0,0.0,0.0,91,138,0,70,512,0,0,0.0,2.1917,nan,edge/x86_64,,3.12.3,2026-10-09T18:43:31Z
147,ECDSA-P256,classical,,keygen,0.0308,0.0,0.0,0.0,91,138,0,0,0,0,0,0.0,0.462,nan,edge/x86_64,,3.12.3,2026-10-09T18:43:31Z
147,ECDSA-P256,classical,,sign,0.0549,0.0,0.0,0.0,91,138,0,71,512,0,0,0.0,0.8234,nan,edge/x86_64,,3.12.3,2026-10-09T18:43:31Z
147,ECDSA-P256,classical,,verify,0.1213,0.0,0.0,0.0,91,138,0,71,512,0,0,0.0,1.8192,nan,edge/x86_64,,3.12.3,2026-10-09T18:43:31Z
148,ECDSA-P256,classical,,keygen,0.0295,0.0,0.0,0.0,91,138,0,0,0,0,0,0.0,0.4424,nan,edge/x86_64,,3.12.3,2026-10-09T18:43:31Z
148,ECDSA-P256,classical,,sign,0.057,0.0,0.0,0.0,91,138,0,70,512,0,0,0.0,0.8552,nan,edge/x86_64,,3.12.3,2026-10-09T18:43:31Z
148,ECDSA-P256,classical,,verify,0.1276,0.0,0.0,0.0,91,138,0,70,512,0,0,0.0,1.9143,nan,edge/x86_64,,3.12.3,2026-10-09T18:43:31Z
149,ECDSA-P256,classical,,keygen,0.0281,0.0,0.0,0.0,91,138,0,0,0,0,0,0.0,0.422,nan,edge/x86_64,,3.12.3,2026-10-09T18:43:31Z
149,ECDSA-P256,classical,,sign,0.0563,0.0,0.0,0.0,91,138,0,72,512,0,0,0.0,0.8439,nan,edge/x86_64,,3.12.3,2026-10-09T18:43:31Z
149,ECDSA-P256,classical,,verify,0.2752,0.0,0.0,0.0,91,138,0,72,512,0,0,0.0,4.1279,nan,edge/x86_64,,3.12.3,2026-10-09T18:43:31Z
150,ECDSA-P256,classical,,keygen,0.0448,0.0,0.0,0.0,91,138,0,0,0,0,0,0.0,0.6723,nan,edge/x86_64,,3.12.3,2026-10-09T18:43:31Z
150,ECDSA-P256,classical,,sign,0.0672,0.0,0.0,0.0,91,138,0,71,512,0,0,0.0,1.0087,nan,edge/x86_64,,3.12.3,2026-10-09T18:43:31Z
150,ECDSA-P256,classical,,verify,0.1315,0.0,0.0,0.0,91,138,0,71,512,0,0,0.0,1.9725,nan,edge/x86_64,,3.12.3,2026-10-09T18:43:31Z
151,ECDSA-P256,classical,,keygen,0.0317,0.0,0.0,0.0,91,138,0,0,0,0,0,0.0,0.4751,nan,edge/x86_64,,3.12.3,2026-10-09T18:43:31Z
151,ECDSA-P256,classical,,sign,0.0568,0.0,0.0,0.0,91,138,0,70,512,0,0,0.0,0.8513,nan,edge/x86_64,,3.12.3,2026-10-09T18:43:31Z
151,ECDSA-P256,classical,,verify,0.1351,0.0,0.0,0.0,91,138,0,70,512,0,0,0.0,2.0262,nan,edge/x86_64,,3.12.3,2026-10-09T18:43:31Z
152,ECDSA-P256,classical,,keygen,0.0544,0.0,0.0,0.0,91,138,0,0,0,0,0,0.0,0.8158,nan,edge/x86_64,,3.12.3,2026-10-09T18:43:31Z
152,ECDSA-P256,classical,,sign,0.062,0.0,0.0,0.0,91,138,0,71,512,0,0,0.0,0.9293,nan,edge/x86_64,,3.12.3,2026-10-09T18:43:31Z
152,ECDSA-P256,classical,,verify,0.1354,0.0,0.0,0.0,91,138,0,71,512,0,0,0.0,2.0316,nan,edge/x86_64,,3.12.3,2026-10-09T18:43:31Z
153,ECDSA-P256,classical,,keygen,0.0312,0.0,0.0,0.0,91,138,0,0,0,0,0,0.0,0.4686,nan,edge/x86_64,,3.12.3,2026-10-09T18:43:31Z
153,ECDSA-P256,classical,,sign,0.0851,0.0,0.0,0.0,91,138,0,71,512,0,0,0.0,1.2772,nan,edge/x86_64,,3.12.3,2026-10-09T18:43:31Z
153,ECDSA-P256,classical,,verify,0.1313,0.0,0.0,0.0,91,138,0,71,512,0,0,0.0,1.9702,nan,edge/x86_64,,3.12.3,2026-10-09T18:43:31Z
154,ECDSA-P256,classical,,keygen,0.0289,0.0,0.0,0.0,91,138,0,0,0,0,0,0.0,0.4331,nan,edge/x86_64,,3.12.3,2026-10-09T18:43:31Z
154,ECDSA-P256,classical,,sign,0.0851,0.0,0.0,0.0,91,138,0,70,512,0,0,0.0,1.2765,nan,edge/x86_64,,3.12.3,2026-10-09T18:43:31Z
154,ECDSA-P256,classical,,verify,0.142,0.0,0.0,0.0,91,138,0,70,512,0,0,0.0,2.1303,nan,edge/x86_64,,3.12.3,2026-10-09T18:43:31Z
155,ECDSA-P256,classical,,keygen,0.0655,0.0,0.0,0.0,91,138,0,0,0,0,0,0.0,0.9829,nan,edge/x86_64,,3.12.3,2026-10-09T18:43:31Z
155,ECDSA-P256,classical,,sign,0.0561,0.0,0.0,0.0,91,138,0,70,512,0,0,0.0,0.8416,nan,edge/x86_64,,3.12.3,2026-10-09T18:43:31Z
155,ECDSA-P256,classical,,verify,0.1214,0.0,0.0,0.0,91,138,0,70,512,0,0,0.0,1.8208,nan,edge/x86_64,,3.12.3,2026-10-09T18:43:31Z
156,ECDSA-P256,classical,,keygen,0.0279,0.0,0.0,0.0,91,138,0,0,0,0,0,0.0,0.4185,nan,edge/x86_64,,3.12.3,2026-10-09T18:43:31Z
156,ECDSA-P256,classical,,sign,0.0553,0.0,0.0,0.0,91,138,0,71,512,0,0,0.0,0.8302,nan,edge/x86_64,,3.12.3,2026-10-09T18:43:31Z
156,ECDSA-P256,classical,,verify,0.1326,0.0,0.0,0.0,91,138,0,71,512,0,0,0.0,1.9889,nan,edge/x86_64,,3.12.3,2026-10-09T18:43:31Z
157,ECDSA-P256,classical,,keygen,0.0296,0.0,0.0,0.0,91,138,0,0,0,0,0,0.0,0.444,nan,edge/x86_64,,3.12.3,2026-10-09T18:43:31Z
157,ECDSA-P256,classical,,sign,0.0605,0.0,0.0,0.0,91,138,0,72,512,0,0,0.0,0.907,nan,edge/x86_64,,3.12.3,2026-10-09T18:43:31Z
157,ECDSA-P256,classical,,verify,0.1233,0.0,0.0,0.0,91,138,0,72,512,0,0,0.0,1.8492,nan,edge/x86_64,,3.12.3,2026-10-09T18:43:31Z
158,ECDSA-P256,classical,,keygen,0.028,0.0,0.0,0.0,91,138,0,0,0,0,0,0.0,0.4194,nan,edge/x86_64,,3.12.3,2026-10-09T18:43:31Z
158,ECDSA-P256,classical,,sign,0.0549,0.0,0.0,0.0,91,138,0,71,512,0,0,0.0,0.8234,nan,edge/x86_64,,3.12.3,2026-10-09T18:43:31Z
158,ECDSA-P256,classical,,verify,0.1225,0.0,0.0,0.0,91,138,0,71,512,0,0,0.0,1.8368,nan,edge/x86_64,,3.12.3,2026-10-09T18:43:31Z
159,ECDSA-P256,classical,,keygen,0.0274,0.0,0.0,0.0,91,138,0,0,0,0,0,0.0,0.4113,nan,edge/x86_64,,3.12.3,2026-10-09T18:43:31Z
159,ECDSA-P256,classical,,sign,0.0949,0.0,0.0,0.0,91,138,0,71,512,0,0,0.0,1.424,nan,edge/x86_64,,3.12.3,2026-10-09T18:43:31Z
159,ECDSA-P256,classical,,verify,0.1354,0.0,0.0,0.0,91,138,0,71,512,0,0,0.0,2.0317,nan,edge/x86_64,,3.12.3,2026-10-09T18:43:31Z
160,ECDSA-P256,classical,,keygen,0.0302,0.0,0.0,0.0,91,138,0,0,0,0,0,0.0,0.4532,nan,edge/x86_64,,3.12.3,2026-10-09T18:43:31Z
160,ECDSA-P256,classical,,sign,0.0776,0.0,0.0,0.0,91,138,0,72,512,0,0,0.0,1.1637,nan,edge/x86_64,,3.12.3,2026-10-09T18:43:31Z
160,ECDSA-P256,classical,,verify,0.1279,0.0,0.0,0.0,91,138,0,72,512,0,0,0.0,1.9183,nan,edge/x86_64,,3.12.3,2026-10-09T18:43:31Z
161,ECDSA-P256,classical,,keygen,0.0285,0.0,0.0,0.0,91,138,0,0,0,0,0,0.0,0.4271,nan,edge/x86_64,,3.12.3,2026-10-09T18:43:31Z
161,ECDSA-P256,classical,,sign,0.0563,0.0,0.0,0.0,91,138,0,71,512,0,0,0.0,0.8444,nan,edge/x86_64,,3.12.3,2026-10-09T18:43:31Z
161,ECDSA-P256,classical,,verify,0.1278,0.0,0.0,0.0,91,138,0,71,512,0,0,0.0,1.9177,nan,edge/x86_64,,3.12.3,2026-10-09T18:43:31Z
162,ECDSA-P256,classical,,keygen,0.037,0.0,0.0,0.0,91,138,0,0,0,0,0,0.0,0.5557,nan,edge/x86_64,,3.12.3,2026-10-09T18:43:31Z
162,ECDSA-P256,classical,,sign,0.0655,0.0,0.0,0.0,91,138,0,71,512,0,0,0.0,0.9821,nan,edge/x86_64,,3.12.3,2026-10-09T18:43:31Z
162,ECDSA-P256,classical,,verify,0.1275,0.0,0.0,0.0,91,138,0,71,512,0,0,0.0,1.9132,nan,edge/x86_64,,3.12.3,2026-10-09T18:43:31Z
163,ECDSA-P256,classical,,keygen,0.0334,0.0,0.0,0.0,91,138,0,0,0,0,0,0.0,0.5005,nan,edge/x86_64,,3.12.3,2026-10-09T18:43:31Z
163,ECDSA-P256,classical,,sign,0.0605,0.0,0.0,0.0,91,138,0,71,512,0,0,0.0,0.9069,nan,edge/x86_64,,3.12.3,2026-10-09T18:43:31Z
163,ECDSA-P256,classical,,verify,0.1572,0.0,0.0,0.0,91,138,0,71,512,0,0,0.0,2.3575,nan,edge/x86_64,,3.12.3,2026-10-09T18:43:31Z
164,ECDSA-P256,classical,,keygen,0.0317,0.0,0.0,0.0,91,138,0,0,0,0,0,0.0,0.4755,nan,edge/x86_64,,3.12.3,2026-10-09T18:43:31Z
164,ECDSA-P256,classical,,sign,0.0583,0.0,0.0,0.0,91,138,0,71,512,0,0,0.0,0.8743,nan,edge/x86_64,,3.12.3,2026-10-09T18:43:31Z
164,ECDSA-P256,classical,,verify,0.1356,0.0,0.0,0.0,91,138,0,71,512,0,0,0.0,2.0337,nan,edge/x86_64,,3.12.3,2026-10-09T18:43:31Z
165,ECDSA-P256,classical,,keygen,0.0291,0.0,0.0,0.0,91,138,0,0,0,0,0,0.0,0.4369,nan,edge/x86_64,,3.12.3,2026-10-09T18:43:31Z
165,ECDSA-P256,classical,,sign,0.0555,0.0,0.0,0.0,91,138,0,70,512,0,0,0.0,0.8323,nan,edge/x86_64,,3.12.3,2026-10-09T18:43:31Z
165,ECDSA-P256,classical,,verify,0.129,0.0,0.0,0.0,91,138,0,70,512,0,0,0.0,1.9355,nan,edge/x86_64,,3.12.3,2026-10-09T18:43:31Z
166,ECDSA-P256,classical,,keygen,0.0366,0.0,0.0,0.0,91,138,0,0,0,0,0,0.0,0.5497,nan,edge/x86_64,,3.12.3,2026-10-09T18:43:31Z
166,ECDSA-P256,classical,,sign,0.16,0.0,0.0,0.0,91,138,0,71,512,0,0,0.0,2.3996,nan,edge/x86_64,,3.12.3,2026-10-09T18:43:31Z
166,ECDSA-P256,classical,,verify,0.1389,0.0,0.0,0.0,91,138,0,71,512,0,0,0.0,2.0831,nan,edge/x86_64,,3.12.3,2026-10-09T18:43:31Z
167,ECDSA-P256,classical,,keygen,0.0306,0.0,0.0,0.0,91,138,0,0,0,0,0,0.0,0.4592,nan,edge/x86_64,,3.12.3,2026-10-09T18:43:31Z
167,ECDSA-P256,classical,,sign,0.059,0.0,0.0,0.0,91,138,0,70,512,0,0,0.0,0.8857,nan,edge/x86_64,,3.12.3,2026-10-09T18:43:31Z
167,ECDSA-P256,classical,,verify,0.1263,0.0,0.0,0.0,91,138,0,70,512,0,0,0.0,1.8938,nan,edge/x86_64,,3.12.3,2026-10-09T18:43:31Z
168,ECDSA-P256,classical,,keygen,0.03,0.0,0.0,0.0,91,138,0,0,0,0,0,0.0,0.4495,nan,edge/x86_64,,3.12.3,2026-10-09T18:43:31Z
168,ECDSA-P256,classical,,sign,0.0578,0.0,0.0,0.0,91,138,0,72,512,0,0,0.0,0.867,nan,edge/x86_64,,3.12.3,2026-10-09T18:43:31Z
168,ECDSA-P256,classical,,verify,0.1208,0.0,0.0,0.0,91,138,0,72,512,0,0,0.0,1.8119,nan,edge/x86_64,,3.12.3,2026-10-09T18:43:31Z
169,ECDSA-P256,classical,,keygen,0.0285,0.0,0.0,0.0,91,138,0,0,0,0,0,0.0,0.4269,nan,edge/x86_64,,3.12.3,2026-10-09T18:43:31Z
169,ECDSA-P256,classical,,sign,0.0562,0.0,0.0,0.0,91,138,0,72,512,0,0,0.0,0.843,nan,edge/x86_64,,3.12.3,2026-10-09T18:43:31Z
169,ECDSA-P256,classical,,verify,0.1331,0.0,0.0,0.0,91,138,0,72,512,0,0,0.0,1.9968,nan,edge/x86_64,,3.12.3,2026-10-09T18:43:31Z
170,ECDSA-P256,classical,,keygen,0.0299,0.0,0.0,0.0,91,138,0,0,0,0,0,0.0,0.4484,nan,edge/x86_64,,3.12.3,2026-10-09T18:43:31Z
170,ECDSA-P256,classical,,sign,0.0571,0.0,0.0,0.0,91,138,0,70,512,0,0,0.0,0.8564,nan,edge/x86_64,,3.12.3,2026-10-09T18:43:31Z
170,ECDSA-P256,classical,,verify,0.1419,0.0,0.0,0.0,91,138,0,70,512,0,0,0.0,2.1292,nan,edge/x86_64,,3.12.3,2026-10-09T18:43:31Z
171,ECDSA-P256,classical,,keygen,0.0306,0.0,0.0,0.0,91,138,0,0,0,0,0,0.0,0.4596,nan,edge/x86_64,,3.12.3,2026-10-09T18:43:31Z
171,ECDSA-P256,classical,,sign,0.0594,0.0,0.0,0.0,91,138,0,71,512,0,0,0.0,0.8909,nan,edge/x86_64,,3.12.3,2026-10-09T18:43:31Z
171,ECDSA-P256,classical,,verify,0.124,0.0,0.0,0.0,91,138,0,71,512,0,0,0.0,1.8597,nan,edge/x86_64,,3.12.3,2026-10-09T18:43:31Z
172,ECDSA-P256,classical,,keygen,0.028,0.0,0.0,0.0,91,138,0,0,0,0,0,0.0,0.4207,nan,edge/x86_64,,3.12.3,2026-10-09T18:43:31Z
172,ECDSA-P256,classical,,sign,0.0577,0.0,0.0,0.0,91,138,0,72,512,0,0,0.0,0.866,nan,edge/x86_64,,3.12.3,2026-10-09T18:43:31Z
172,ECDSA-P256,classical,,verify,0.1336,0.0,0.0,0.0,91,138,0,72,512,0,0,0.0,2.0039,nan,edge/x86_64,,3.12.3,2026-10-09T18:43:31Z
173,ECDSA-P256,classical,,keygen,0.0285,0.0,0.0,0.0,91,138,0,0,0,0,0,0.0,0.4282,nan,edge/x86_64,,3.12.3,2026-10-09T18:43:31Z
173,ECDSA-P256,classical,,sign,0.0842,0.0,0.0,0.0,91,138,0,71,512,0,0,0.0,1.2623,nan,edge/x86_64,,3.12.3,2026-10-09T18:43:31Z
173,ECDSA-P256,classical,,verify,0.1372,0.0,0.0,0.0,91,138,0,71,512,0,0,0.0,2.058,nan,edge/x86_64,,3.12.3,2026-10-09T18:43:31Z
174,ECDSA-P256,classical,,keygen,0.0357,0.0,0.0,0.0,91,138,0,0,0,0,0,0.0,0.5353,nan,edge/x86_64,,3.12.3,2026-10-09T18:43:31Z
174,ECDSA-P256,classical,,sign,0.0832,0.0,0.0,0.0,91,138,0,70,512,0,0,0.0,1.2483,nan,edge/x86_64,,3.12.3,2026-10-09T18:43:31Z
174,ECDSA-P256,classical,,verify,0.1268,0.0,0.0,0.0,91,138,0,70,512,0,0,0.0,1.9013,nan,edge/x86_64,,3.12.3,2026-10-09T18:43:31Z
175,ECDSA-P256,classical,,keygen,0.0295,0.0,0.0,0.0,91,138,0,0,0,0,0,0.0,0.4426,nan,edge/x86_64,,3.12.3,2026-10-09T18:43:31Z
175,ECDSA-P256,classical,,sign,0.0576,0.0,0.0,0.0,91,138,0,70,512,0,0,0.0,0.8641,nan,edge/x86_64,,3.12.3,2026-10-09T18:43:31Z
175,ECDSA-P256,classical,,verify,0.1322,0.0,0.0,0.0,91,138,0,70,512,0,0,0.0,1.9824,nan,edge/x86_64,,3.12.3,2026-10-09T18:43:31Z
176,ECDSA-P256,classical,,keygen,0.0308,0.0,0.0,0.0,91,138,0,0,0,0,0,0.0,0.4619,nan,edge/x86_64,,3.12.3,2026-10-09T18:43:31Z
176,ECDSA-P256,classical,,sign,0.0577,0.0,0.0,0.0,91,138,0,72,512,0,0,0.0,0.8658,nan,edge/x86_64,,3.12.3,2026-10-09T18:43:31Z
176,ECDSA-P256,classical,,verify,0.1331,0.0,0.0,0.0,91,138,0,72,512,0,0,0.0,1.996,nan,edge/x86_64,,3.12.3,2026-10-09T18:43:31Z
177,ECDSA-P256,classical,,keygen,0.0292,0.0,0.0,0.0,91,138,0,0,0,0,0,0.0,0.4385,nan,edge/x86_64,,3.12.3,2026-10-09T18:43:31Z
177,ECDSA-P256,classical,,sign,0.0902,0.0,0.0,0.0,91,138,0,70,512,0,0,0.0,1.3528,nan,edge/x86_64,,3.12.3,2026-10-09T18:43:31Z
177,ECDSA-P256,classical,,verify,0.1993,0.0,0.0,0.0,91,138,0,70,512,0,0,0.0,2.9893,nan,edge/x86_64,,3.12.3,2026-10-09T18:43:31Z
178,ECDSA-P256,classical,,keygen,0.0321,0.0,0.0,0.0,91,138,0,0,0,0,0,0.0,0.4818,nan,edge/x86_64,,3.12.3,2026-10-09T18:43:31Z
178,ECDSA-P256,classical,,sign,0.0563,0.0,0.0,0.0,91,138,0,70,512,0,0,0.0,0.8439,nan,edge/x86_64,,3.12.3,2026-10-09T18:43:31Z
178,ECDSA-P256,classical,,verify,0.1233,0.0,0.0,0.0,91,138,0,70,512,0,0,0.0,1.8498,nan,edge/x86_64,,3.12.3,2026-10-09T18:43:31Z
179,ECDSA-P256,classical,,keygen,0.0273,0.0,0.0,0.0,91,138,0,0,0,0,0,0.0,0.409,nan,edge/x86_64,,3.12.3,2026-10-09T18:43:31Z
179,ECDSA-P256,classical,,sign,0.0552,0.0,0.0,0.0,91,138,0,70,512,0,0,0.0,0.8275,nan,edge/x86_64,,3.12.3,2026-10-09T18:43:31Z
179,ECDSA-P256,classical,,verify,0.122,0.0,0.0,0.0,91,138,0,70,512,0,0,0.0,1.83,nan,edge/x86_64,,3.12.3,2026-10-09T18:43:31Z
180,ECDSA-P256,classical,,keygen,0.0278,0.0,0.0,0.0,91,138,0,0,0,0,0,0.0,0.4174,nan,edge/x86_64,,3.12.3,2026-10-09T18:43:31Z
180,ECDSA-P256,classical,,sign,0.1099,0.0,0.0,0.0,91,138,0,71,512,0,0,0.0,1.6486,nan,edge/x86_64,,3.12.3,2026-10-09T18:43:31Z
180,ECDSA-P256,classical,,verify,0.1329,0.0,0.0,0.0,91,138,0,71,512,0,0,0.0,1.9941,nan,edge/x86_64,,3.12.3,2026-10-09T18:43:31Z
181,ECDSA-P256,classical,,keygen,0.0528,0.0,0.0,0.0,91,138,0,0,0,0,0,0.0,0.7927,nan,edge/x86_64,,3.12.3,2026-10-09T18:43:31Z
181,ECDSA-P256,classical,,sign,0.0601,0.0,0.0,0.0,91,138,0,71,512,0,0,0.0,0.9019,nan,edge/x86_64,,3.12.3,2026-10-09T18:43:31Z
181,ECDSA-P256,classical,,verify,0.1349,0.0,0.0,0.0,91,138,0,71,512,0,0,0.0,2.0239,nan,edge/x86_64,,3.12.3,2026-10-09T18:43:31Z
182,ECDSA-P256,classical,,keygen,0.0315,0.0,0.0,0.0,91,138,0,0,0,0,0,0.0,0.4727,nan,edge/x86_64,,3.12.3,2026-10-09T18:43:31Z
182,ECDSA-P256,classical,,sign,0.0576,0.0,0.0,0.0,91,138,0,72,512,0,0,0.0,0.8636,nan,edge/x86_64,,3.12.3,2026-10-09T18:43:31Z
182,ECDSA-P256,classical,,verify,0.1272,0.0,0.0,0.0,91,138,0,72,512,0,0,0.0,1.9081,nan,edge/x86_64,,3.12.3,2026-10-09T18:43:31Z
183,ECDSA-P256,classical,,keygen,0.0284,0.0,0.0,0.0,91,138,0,0,0,0,0,0.0,0.4265,nan,edge/x86_64,,3.12.3,2026-10-09T18:43:31Z
183,ECDSA-P256,classical,,sign,0.0665,0.0,0.0,0.0,91,138,0,70,512,0,0,0.0,0.9974,nan,edge/x86_64,,3.12.3,2026-10-09T18:43:31Z
183,ECDSA-P256,classical,,verify,0.1295,0.0,0.0,0.0,91,138,0,70,512,0,0,0.0,1.943,nan,edge/x86_64,,3.12.3,2026-10-09T18:43:31Z
184,ECDSA-P256,classical,,keygen,0.0287,0.0,0.0,0.0,91,138,0,0,0,0,0,0.0,0.43,nan,edge/x86_64,,3.12.3,2026-10-09T18:43:31Z
184,ECDSA-P256,classical,,sign,0.0549,0.0,0.0,0.0,91,138,0,70,512,0,0,0.0,0.8235,nan,edge/x86_64,,3.12.3,2026-10-09T18:43:31Z
184,ECDSA-P256,classical,,verify,0.1441,0.0,0.0,0.0,91,138,0,70,512,0,0,0.0,2.1618,nan,edge/x86_64,,3.12.3,2026-10-09T18:43:31Z
185,ECDSA-P256,classical,,keygen,0.0269,0.0,0.0,0.0,91,138,0,0,0,0,0,0.0,0.4037,nan,edge/x86_64,,3.12.3,2026-10-09T18:43:31Z
185,ECDSA-P256,classical,,sign,0.0567,0.0,0.0,0.0,91,138,0,72,512,0,0,0.0,0.8507,nan,edge/x86_64,,3.12.3,2026-10-09T18:43:31Z
185,ECDSA-P256,classical,,verify,0.1275,0.0,0.0,0.0,91,138,0,72,512,0,0,0.0,1.9118,nan,edge/x86_64,,3.12.3,2026-10-09T18:43:31Z
186,ECDSA-P256,classical,,keygen,0.0292,0.0,0.0,0.0,91,138,0,0,0,0,0,0.0,0.438,nan,edge/x86_64,,3.12.3,2026-10-09T18:43:31Z
186,ECDSA-P256,classical,,sign,0.0553,0.0,0.0,0.0,91,138,0,71,512,0,0,0.0,0.8302,nan,edge/x86_64,,3.12.3,2026-10-09T18:43:31Z
186,ECDSA-P256,classical,,verify,0.1271,0.0,0.0,0.0,91,138,0,71,512,0,0,0.0,1.9062,nan,edge/x86_64,,3.12.3,2026-10-09T18:43:31Z
187,ECDSA-P256,classical,,keygen,0.0289,0.0,0.0,0.0,91,138,0,0,0,0,0,0.0,0.4342,nan,edge/x86_64,,3.12.3,2026-10-09T18:43:31Z
187,ECDSA-P256,classical,,sign,0.0603,0.0,0.0,0.0,91,138,0,70,512,0,0,0.0,0.9048,nan,edge/x86_64,,3.12.3,2026-10-09T18:43:31Z
187,ECDSA-P256,classical,,verify,0.1632,0.0,0.0,0.0,91,138,0,70,512,0,0,0.0,2.4476,nan,edge/x86_64,,3.12.3,2026-10-09T18:43:31Z
188,ECDSA-P256,classical,,keygen,0.0397,0.0,0.0,0.0,91,138,0,0,0,0,0,0.0,0.5948,nan,edge/x86_64,,3.12.3,2026-10-09T18:43:31Z
188,ECDSA-P256,classical,,sign,0.0958,0.0,0.0,0.0,91,138,0,71,512,0,0,0.0,1.4369,nan,edge/x86_64,,3.12.3,2026-10-09T18:43:31Z
188,ECDSA-P256,classical,,verify,0.1418,0.0,0.0,0.0,91,138,0,71,512,0,0,0.0,2.1277,nan,edge/x86_64,,3.12.3,2026-10-09T18:43:31Z
189,ECDSA-P256,classical,,keygen,0.0949,0.0,0.0,0.0,91,138,0,0,0,0,0,0.0,1.4235,nan,edge/x86_64,,3.12.3,2026-10-09T18:43:31Z
189,ECDSA-P256,classical,,sign,0.1133,0.0,0.0,0.0,91,138,0,70,512,0,0,0.0,1.6991,nan,edge/x86_64,,3.12.3,2026-10-09T18:43:31Z
189,ECDSA-P256,classical,,verify,0.1579,0.0,0.0,0.0,91,138,0,70,512,0,0,0.0,2.3679,nan,edge/x86_64,,3.12.3,2026-10-09T18:43:31Z
190,ECDSA-P256,classical,,keygen,0.0317,0.0,0.0,0.0,91,138,0,0,0,0,0,0.0,0.4755,nan,edge/x86_64,,3.12.3,2026-10-09T18:43:31Z
190,ECDSA-P256,classical,,sign,0.0598,0.0,0.0,0.0,91,138,0,70,512,0,0,0.0,0.8963,nan,edge/x86_64,,3.12.3,2026-10-09T18:43:31Z
190,ECDSA-P256,classical,,verify,0.131,0.0,0.0,0.0,91,138,0,70,512,0,0,0.0,1.9649,nan,edge/x86_64,,3.12.3,2026-10-09T18:43:31Z
191,ECDSA-P256,classical,,keygen,0.0539,0.0,0.0,0.0,91,138,0,0,0,0,0,0.0,0.8082,nan,edge/x86_64,,3.12.3,2026-10-09T18:43:31Z
191,ECDSA-P256,classical,,sign,0.0551,0.0,0.0,0.0,91,138,0,71,512,0,0,0.0,0.8267,nan,edge/x86_64,,3.12.3,2026-10-09T18:43:31Z
191,ECDSA-P256,classical,,verify,0.13,0.0,0.0,0.0,91,138,0,71,512,0,0,0.0,1.9503,nan,edge/x86_64,,3.12.3,2026-10-09T18:43:31Z
192,ECDSA-P256,classical,,keygen,0.0296,0.0,0.0,0.0,91,138,0,0,0,0,0,0.0,0.444,nan,edge/x86_64,,3.12.3,2026-10-09T18:43:31Z
192,ECDSA-P256,classical,,sign,0.0561,0.0,0.0,0.0,91,138,0,71,512,0,0,0.0,0.8421,nan,edge/x86_64,,3.12.3,2026-10-09T18:43:31Z
192,ECDSA-P256,classical,,verify,0.1292,0.0,0.0,0.0,91,138,0,71,512,0,0,0.0,1.9376,nan,edge/x86_64,,3.12.3,2026-10-09T18:43:31Z
193,ECDSA-P256,classical,,keygen,0.0291,0.0,0.0,0.0,91,138,0,0,0,0,0,0.0,0.437,nan,edge/x86_64,,3.12.3,2026-10-09T18:43:31Z
193,ECDSA-P256,classical,,sign,0.0573,0.0,0.0,0.0,91,138,0,72,512,0,0,0.0,0.8596,nan,edge/x86_64,,3.12.3,2026-10-09T18:43:31Z
193,ECDSA-P256,classical,,verify,0.1678,0.0,0.0,0.0,91,138,0,72,512,0,0,0.0,2.5166,nan,edge/x86_64,,3.12.3,2026-10-09T18:43:31Z
194,ECDSA-P256,classical,,keygen,0.0357,0.0,0.0,0.0,91,138,0,0,0,0,0,0.0,0.5361,nan,edge/x86_64,,3.12.3,2026-10-09T18:43:31Z
194,ECDSA-P256,classical,,sign,0.0617,0.0,0.0,0.0,91,138,0,71,512,0,0,0.0,0.9258,nan,edge/x86_64,,3.12.3,2026-10-09T18:43:31Z
194,ECDSA-P256,classical,,verify,0.1845,0.0,0.0,0.0,91,138,0,71,512,0,0,0.0,2.7671,nan,edge/x86_64,,3.12.3,2026-10-09T18:43:31Z
195,ECDSA-P256,classical,,keygen,0.0296,0.0,0.0,0.0,91,138,0,0,0,0,0,0.0,0.4436,nan,edge/x86_64,,3.12.3,2026-10-09T18:43:31Z
195,ECDSA-P256,classical,,sign,0.0591,0.0,0.0,0.0,91,138,0,71,512,0,0,0.0,0.887,nan,edge/x86_64,,3.12.3,2026-10-09T18:43:31Z
195,ECDSA-P256,classical,,verify,0.1329,0.0,0.0,0.0,91,138,0,71,512,0,0,0.0,1.9931,nan,edge/x86_64,,3.12.3,2026-10-09T18:43:31Z
196,ECDSA-P256,classical,,keygen,0.0293,0.0,0.0,0.0,91,138,0,0,0,0,0,0.0,0.4391,nan,edge/x86_64,,3.12.3,2026-10-09T18:43:31Z
196,ECDSA-P256,classical,,sign,0.0567,0.0,0.0,0.0,91,138,0,72,512,0,0,0.0,0.8504,nan,edge/x86_64,,3.12.3,2026-10-09T18:43:31Z
196,ECDSA-P256,classical,,verify,0.1319,0.0,0.0,0.0,91,138,0,72,512,0,0,0.0,1.979,nan,edge/x86_64,,3.12.3,2026-10-09T18:43:31Z
197,ECDSA-P256,classical,,keygen,0.029,0.0,0.0,0.0,91,138,0,0,0,0,0,0.0,0.4344,nan,edge/x86_64,,3.12.3,2026-10-09T18:43:31Z
197,ECDSA-P256,classical,,sign,0.0565,0.0,0.0,0.0,91,138,0,72,512,0,0,0.0,0.8479,nan,edge/x86_64,,3.12.3,2026-10-09T18:43:31Z
197,ECDSA-P256,classical,,verify,0.1307,0.0,0.0,0.0,91,138,0,72,512,0,0,0.0,1.9605,nan,edge/x86_64,,3.12.3,2026-10-09T18:43:31Z
198,ECDSA-P256,classical,,keygen,0.0288,0.0,0.0,0.0,91,138,0,0,0,0,0,0.0,0.4319,nan,edge/x86_64,,3.12.3,2026-10-09T18:43:31Z
198,ECDSA-P256,classical,,sign,0.0604,0.0,0.0,0.0,91,138,0,71,512,0,0,0.0,0.9053,nan,edge/x86_64,,3.12.3,2026-10-09T18:43:31Z
198,ECDSA-P256,classical,,verify,0.1309,0.0,0.0,0.0,91,138,0,71,512,0,0,0.0,1.9641,nan,edge/x86_64,,3.12.3,2026-10-09T18:43:31Z
199,ECDSA-P256,classical,,keygen,0.035,0.0,0.0,0.0,91,138,0,0,0,0,0,0.0,0.5255,nan,edge/x86_64,,3.12.3,2026-10-09T18:43:31Z
199,ECDSA-P256,classical,,sign,0.0594,0.0,0.0,0.0,91,138,0,71,512,0,0,0.0,0.8916,nan,edge/x86_64,,3.12.3,2026-10-09T18:43:31Z
199,ECDSA-P256,classical,,verify,0.1363,0.0,0.0,0.0,91,138,0,71,512,0,0,0.0,2.0445,nan,edge/x86_64,,3.12.3,2026-10-09T18:43:31Z
0,ML-KEM-768+ML-DSA-65,post-quantum,3,wrap_flow,0.4373,0.0,0.0,0.0,0,0,1088,3309,256,4735,4479,1749.61,6.5601,nan,edge/x86_64,unknown,3.12.3,2026-10-09T18:43:31Z
1,ML-KEM-768+ML-DSA-65,post-quantum,3,wrap_flow,0.305,0.0,0.0,0.0,0,0,1088,3309,256,4735,4479,1749.61,4.5749,nan,edge/x86_64,unknown,3.12.3,2026-10-09T18:43:31Z
2,ML-KEM-768+ML-DSA-65,post-quantum,3,wrap_flow,0.4317,0.0,0.0,0.0,0,0,1088,3309,256,4735,4479,1749.61,6.4756,nan,edge/x86_64,unknown,3.12.3,2026-10-09T18:43:31Z
3,ML-KEM-768+ML-DSA-65,post-quantum,3,wrap_flow,0.3061,0.0,0.0,0.0,0,0,1088,3309,256,4735,4479,1749.61,4.5913,nan,edge/x86_64,unknown,3.12.3,2026-10-09T18:43:31Z
4,ML-KEM-768+ML-DSA-65,post-quantum,3,wrap_flow,0.2614,0.0,0.0,0.0,0,0,1088,3309,256,4735,4479,1749.61,3.921,nan,edge/x86_64,unknown,3.12.3,2026-10-09T18:43:31Z
5,ML-KEM-768+ML-DSA-65,post-quantum,3,wrap_flow,0.2751,0.0,0.0,0.0,0,0,1088,3309,256,4735,4479,1749.61,4.1265,nan,edge/x86_64,unknown,3.12.3,2026-10-09T18:43:31Z
6,ML-KEM-768+ML-DSA-65,post-quantum,3,wrap_flow,0.207,0.0,0.0,0.0,0,0,1088,3309,256,4735,4479,1749.61,3.1054,nan,edge/x86_64,unknown,3.12.3,2026-10-09T18:43:31Z
7,ML-KEM-768+ML-DSA-65,post-quantum,3,wrap_flow,0.3195,0.0,0.0,0.0,0,0,1088,3309,256,4735,4479,1749.61,4.7924,nan,edge/x86_64,unknown,3.12.3,2026-10-09T18:43:31Z
8,ML-KEM-768+ML-DSA-65,post-quantum,3,wrap_flow,0.2087,0.0,0.0,0.0,0,0,1088,3309,256,4735,4479,1749.61,3.1298,nan,edge/x86_64,unknown,3.12.3,2026-10-09T18:43:31Z
9,ML-KEM-768+ML-DSA-65,post-quantum,3,wrap_flow,0.3811,0.0,0.0,0.0,0,0,1088,3309,256,4735,4479,1749.61,5.7159,nan,edge/x86_64,unknown,3.12.3,2026-10-09T18:43:31Z
10,ML-KEM-768+ML-DSA-65,post-quantum,3,wrap_flow,0.2906,0.0,0.0,0.0,0,0,1088,3309,256,4735,4479,1749.61,4.3584,nan,edge/x86_64,unknown,3.12.3,2026-10-09T18:43:31Z
11,ML-KEM-768+ML-DSA-65,post-quantum,3,wrap_flow,0.2507,0.0,0.0,0.0,0,0,1088,3309,256,4735,4479,1749.61,3.7607,nan,edge/x86_64,unknown,3.12.3,2026-10-09T18:43:31Z
12,ML-KEM-768+ML-DSA-65,post-quantum,3,wrap_flow,0.4361,0.0,0.0,0.0,0,0,1088,3309,256,4735,4479,1749.61,6.5416,nan,edge/x86_64,unknown,3.12.3,2026-10-09T18:43:31Z
13,ML-KEM-768+ML-DSA-65,post-quantum,3,wrap_flow,0.4682,0.0,0.0,0.0,0,0,1088,3309,256,4735,4479,1749.61,7.023,nan,edge/x86_64,unknown,3.12.3,2026-10-09T18:43:31Z
14,ML-KEM-768+ML-DSA-65,post-quantum,3,wrap_flow,0.3426,0.0,0.0,0.0,0,0,1088,3309,256,4735,4479,1749.61,5.1395,nan,edge/x86_64,unknown,3.12.3,2026-10-09T18:43:31Z
15,ML-KEM-768+ML-DSA-65,post-quantum,3,wrap_flow,0.2653,0.0,0.0,0.0,0,0,1088,3309,256,4735,4479,1749.61,3.9794,nan,edge/x86_64,unknown,3.12.3,2026-10-09T18:43:31Z
16,ML-KEM-768+ML-DSA-65,post-quantum,3,wrap_flow,0.329,0.0,0.0,0.0,0,0,1088,3309,256,4735,4479,1749.61,4.9356,nan,edge/x86_64,unknown,3.12.3,2026-10-09T18:43:31Z
17,ML-KEM-768+ML-DSA-65,post-quantum,3,wrap_flow,0.4849,0.0,0.0,0.0,0,0,1088,3309,256,4735,4479,1749.61,7.2741,nan,edge/x86_64,unknown,3.12.3,2026-10-09T18:43:31Z
18,ML-KEM-768+ML-DSA-65,post-quantum,3,wrap_flow,0.2733,0.0,0.0,0.0,0,0,1088,3309,256,4735,4479,1749.61,4.099,nan,edge/x86_64,unknown,3.12.3,2026-10-09T18:43:31Z
19,ML-KEM-768+ML-DSA-65,post-quantum,3,wrap_flow,0.1881,0.0,0.0,0.0,0,0,1088,3309,256,4735,4479,1749.61,2.8216,nan,edge/x86_64,unknown,3.12.3,2026-10-09T18:43:31Z
20,ML-KEM-768+ML-DSA-65,post-quantum,3,wrap_flow,0.2262,0.0,0.0,0.0,0,0,1088,3309,256,4735,4479,1749.61,3.393,nan,edge/x86_64,unknown,3.12.3,2026-10-09T18:43:31Z
21,ML-KEM-768+ML-DSA-65,post-quantum,3,wrap_flow,0.3007,0.0,0.0,0.0,0,0,1088,3309,256,4735,4479,1749.61,4.511,nan,edge/x86_64,unknown,3.12.3,2026-10-09T18:43:31Z
22,ML-KEM-768+ML-DSA-65,post-quantum,3,wrap_flow,0.1908,0.0,0.0,0.0,0,0,1088,3309,256,4735,4479,1749.61,2.8619,nan,edge/x86_64,unknown,3.12.3,2026-10-09T18:43:31Z
23,ML-KEM-768+ML-DSA-65,post-quantum,3,wrap_flow,0.2314,0.0,0.0,0.0,0,0,1088,3309,256,4735,4479,1749.61,3.4712,nan,edge/x86_64,unknown,3.12.3,2026-10-09T18:43:31Z
24,ML-KEM-768+ML-DSA-65,post-quantum,3,wrap_flow,0.3649,0.0,0.0,0.0,0,0,1088,3309,256,4735,4479,1749.61,5.4731,nan,edge/x86_64,unknown,3.12.3,2026-10-09T18:43:31Z
25,ML-KEM-768+ML-DSA-65,post-quantum,3,wrap_flow,0.4141,0.0,0.0,0.0,0,0,1088,3309,256,4735,4479,1749.61,6.2108,nan,edge/x86_64,unknown,3.12.3,2026-10-09T18:43:31Z
26,ML-KEM-768+ML-DSA-65,post-quantum,3,wrap_flow,0.4559,0.0,0.0,0.0,0,0,1088,3309,256,4735,4479,1749.61,6.8382,nan,edge/x86_64,unknown,3.12.3,2026-10-09T18:43:31Z
27,ML-KEM-768+ML-DSA-65,post-quantum,3,wrap_flow,0.3336,0.0,0.0,0.0,0,0,1088,3309,256,4735,4479,1749.61,5.0034,nan,edge/x86_64,unknown,3.12.3,2026-10-09T18:43:31Z
28,ML-KEM-768+ML-DSA-65,post-quantum,3,wrap_flow,0.2422,0.0,0.0,0.0,0,0,1088,3309,256,4735,4479,1749.61,3.6324,nan,edge/x86_64,unknown,3.12.3,2026-10-09T18:43:31Z
29,ML-KEM-768+ML-DSA-65,post-quantum,3,wrap_flow,0.2379,0.0,0.0,0.0,0,0,1088,3309,256,4735,4479,1749.61,3.5685,nan,edge/x86_64,unknown,3.12.3,2026-10-09T18:43:31Z
30,ML-KEM-768+ML-DSA-65,post-quantum,3,wrap_flow,0.3481,0.0,0.0,0.0,0,0,1088,3309,256,4735,4479,1749.61,5.2222,nan,edge/x86_64,unknown,3.12.3,2026-10-09T18:43:31Z
31,ML-KEM-768+ML-DSA-65,post-quantum,3,wrap_flow,0.3414,0.0,0.0,0.0,0,0,1088,3309,256,4735,4479,1749.61,5.1215,nan,edge/x86_64,unknown,3.12.3,2026-10-09T18:43:31Z
32,ML-KEM-768+ML-DSA-65,post-quantum,3,wrap_flow,0.2186,0.0,0.0,0.0,0,0,1088,3309,256,4735,4479,1749.61,3.279,nan,edge/x86_64,unknown,3.12.3,2026-10-09T18:43:31Z
33,ML-KEM-768+ML-DSA-65,post-quantum,3,wrap_flow,0.3112,0.0,0.0,0.0,0,0,1088,3309,256,4735,4479,1749.61,4.6677,nan,edge/x86_64,unknown,3.12.3,2026-10-09T18:43:31Z
34,ML-KEM-768+ML-DSA-65,post-quantum,3,wrap_flow,0.4305,0.0,0.0,0.0,0,0,1088,3309,256,4735,4479,1749.61,6.4582,nan,edge/x86_64,unknown,3.12.3,2026-10-09T18:43:31Z
35,ML-KEM-768+ML-DSA-65,post-quantum,3,wrap_flow,0.3,0.0,0.0,0.0,0,0,1088,3309,256,4735,4479,1749.61,4.5003,nan,edge/x86_64,unknown,3.12.3,2026-10-09T18:43:31Z
36,ML-KEM-768+ML-DSA-65,post-quantum,3,wrap_flow,0.2792,0.0,0.0,0.0,0,0,1088,3309,256,4735,4479,1749.61,4.1876,nan,edge/x86_64,unknown,3.12.3,2026-10-09T18:43:31Z
37,ML-KEM-768+ML-DSA-65,post-quantum,3,wrap_flow,0.2985,0.0,0.0,0.0,0,0,1088,3309,256,4735,4479,1749.61,4.4778,nan,edge/x86_64,unknown,3.12.3,2026-10-09T18:43:31Z
38,ML-KEM-768+ML-DSA-65,post-quantum,3,wrap_flow,0.6689,0.0,0.0,0.0,0,0,1088,3309,256,4735,4479,1749.61,10.0331,nan,edge/x86_64,unknown,3.12.3,2026-10-09T18:43:31Z
39,ML-KEM-768+ML-DSA-65,post-quantum,3,wrap_flow,0.2358,0.0,0.0,0.0,0,0,1088,3309,256,4735,4479,1749.61,3.5374,nan,edge/x86_64,unknown,3.12.3,2026-10-09T18:43:31Z
40,ML-KEM-768+ML-DSA-65,post-quantum,3,wrap_flow,0.3574,0.0,0.0,0.0,0,0,1088,3309,256,4735,4479,1749.61,5.3604,nan,edge/x86_64,unknown,3.12.3,2026-10-09T18:43:31Z
41,ML-KEM-768+ML-DSA-65,post-quantum,3,wrap_flow,0.2489,0.0,0.0,0.0,0,0,1088,3309,256,4735,4479,1749.61,3.7329,nan,edge/x86_64,unknown,3.12.3,2026-10-09T18:43:31Z
42,ML-KEM-768+ML-DSA-65,post-quantum,3,wrap_flow,0.2244,0.0,0.0,0.0,0,0,1088,3309,256,4735,4479,1749.61,3.3662,nan,edge/x86_64,unknown,3.12.3,2026-10-09T18:43:31Z
43,ML-KEM-768+ML-DSA-65,post-quantum,3,wrap_flow,0.6593,0.0,0.0,0.0,0,0,1088,3309,256,4735,4479,1749.61,9.8897,nan,edge/x86_64,unknown,3.12.3,2026-10-09T18:43:31Z
44,ML-KEM-768+ML-DSA-65,post-quantum,3,wrap_flow,0.3759,0.0,0.0,0.0,0,0,1088,3309,256,4735,4479,1749.61,5.6383,nan,edge/x86_64,unknown,3.12.3,2026-10-09T18:43:31Z
45,ML-KEM-768+ML-DSA-65,post-quantum,3,wrap_flow,0.2008,0.0,0.0,0.0,0,0,1088,3309,256,4735,4479,1749.61,3.0118,nan,edge/x86_64,unknown,3.12.3,2026-10-09T18:43:31Z
46,ML-KEM-768+ML-DSA-65,post-quantum,3,wrap_flow,0.1864,0.0,0.0,0.0,0,0,1088,3309,256,4735,4479,1749.61,2.7962,nan,edge/x86_64,unknown,3.12.3,2026-10-09T18:43:31Z
47,ML-KEM-768+ML-DSA-65,post-quantum,3,wrap_flow,0.2697,0.0,0.0,0.0,0,0,1088,3309,256,4735,4479,1749.61,4.0453,nan,edge/x86_64,unknown,3.12.3,2026-10-09T18:43:31Z
48,ML-KEM-768+ML-DSA-65,post-quantum,3,wrap_flow,0.3697,0.0,0.0,0.0,0,0,1088,3309,256,4735,4479,1749.61,5.5448,nan,edge/x86_64,unknown,3.12.3,2026-10-09T18:43:31Z
49,ML-KEM-768+ML-DSA-65,post-quantum,3,wrap_flow,0.3846,0.0,0.0,0.0,0,0,1088,3309,256,4735,4479,1749.61,5.7688,nan,edge/x86_64,unknown,3.12.3,2026-10-09T18:43:31Z
50,ML-KEM-768+ML-DSA-65,post-quantum,3,wrap_flow,0.3181,0.0,0.0,0.0,0,0,1088,3309,256,4735,4479,1749.61,4.7714,nan,edge/x86_64,unknown,3.12.3,2026-10-09T18:43:31Z
51,ML-KEM-768+ML-DSA-65,post-quantum,3,wrap_flow,0.2543,0.0,0.0,0.0,0,0,1088,3309,256,4735,4479,1749.61,3.814,nan,edge/x86_64,unknown,3.12.3,2026-10-09T18:43:31Z
52,ML-KEM-768+ML-DSA-65,post-quantum,3,wrap_flow,0.2724,0.0,0.0,0.0,0,0,1088,3309,256,4735,4479,1749.61,4.0858,nan,edge/x86_64,unknown,3.12.3,2026-10-09T18:43:31Z
53,ML-KEM-768+ML-DSA-65,post-quantum,3,wrap_flow,0.186,0.0,0.0,0.0,0,0,1088,3309,256,4735,4479,1749.61,2.79,nan,edge/x86_64,unknown,3.12.3,2026-10-09T18:43:31Z
54,ML-KEM-768+ML-DSA-65,post-quantum,3,wrap_flow,0.2534,0.0,0.0,0.0,0,0,1088,3309,256,4735,4479,1749.61,3.8015,nan,edge/x86_64,unknown,3.12.3,2026-10-09T18:43:31Z
55,ML-KEM-768+ML-DSA-65,post-quantum,3,wrap_flow,0.3351,0.0,0.0,0.0,0,0,1088,3309,256,4735,4479,1749.61,5.0266,nan,edge/x86_64,unknown,3.12.3,2026-10-09T18:43:31Z
56,ML-KEM-768+ML-DSA-65,post-quantum,3,wrap_flow,0.2845,0.0,0.0,0.0,0,0,1088,3309,256,4735,4479,1749.61,4.2681,nan,edge/x86_64,unknown,3.12.3,2026-10-09T18:43:31Z
57,ML-KEM-768+ML-DSA-65,post-quantum,3,wrap_flow,0.2444,0.0,0.0,0.0,0,0,1088,3309,256,4735,4479,1749.61,3.6665,nan,edge/x86_64,unknown,3.12.3,2026-10-09T18:43:31Z
58,ML-KEM-768+ML-DSA-65,post-quantum,3,wrap_flow,0.5062,0.0,0.0,0.0,0,0,1088,3309,256,4735,4479,1749.61,7.5928,nan,edge/x86_64,unknown,3.12.3,2026-10-09T18:43:31Z
59,ML-KEM-768+ML-DSA-65,post-quantum,3,wrap_flow,0.2713,0.0,0.0,0.0,0,0,1088,3309,256,4735,4479,1749.61,4.0694,nan,edge/x86_64,unknown,3.12.3,2026-10-09T18:43:31Z
60,ML-KEM-768+ML-DSA-65,post-quantum,3,wrap_flow,0.2099,0.0,0.0,0.0,0,0,1088,3309,256,4735,4479,1749.61,3.1483,nan,edge/x86_64,unknown,3.12.3,2026-10-09T18:43:31Z
61,ML-KEM-768+ML-DSA-65,post-quantum,3,wrap_flow,0.2322,0.0,0.0,0.0,0,0,1088,3309,256,4735,4479,1749.61,3.4825,nan,edge/x86_64,unknown,3.12.3,2026-10-09T18:43:31Z
62,ML-KEM-768+ML-DSA-65,post-quantum,3,wrap_flow,0.6297,0.0,0.0,0.0,0,0,1088,3309,256,4735,4479,1749.61,9.4451,nan,edge/x86_64,unknown,3.12.3,2026-10-09T18:43:31Z
63,ML-KEM-768+ML-DSA-65,post-quantum,3,wrap_flow,0.3467,0.0,0.0,0.0,0,0,1088,3309,256,4735,4479,1749.61,5.2005,nan,edge/x86_64,unknown,3.12.3,2026-10-09T18:43:31Z
64,ML-KEM-768+ML-DSA-65,post-quantum,3,wrap_flow,0.4449,0.0,0.0,0.0,0,0,1088,3309,256,4735,4479,1749.61,6.6742,nan,edge/x86_64,unknown,3.12.3,2026-10-09T18:43:31Z
65,ML-KEM-768+ML-DSA-65,post-quantum,3,wrap_flow,0.2116,0.0,0.0,0.0,0,0,1088,3309,256,4735,4479,1749.61,3.1736,nan,edge/x86_64,unknown,3.12.3,2026-10-09T18:43:31Z
66,ML-KEM-768+ML-DSA-65,post-quantum,3,wrap_flow,0.2818,0.0,0.0,0.0,0,0,1088,3309,256,4735,4479,1749.61,4.2274,nan,edge/x86_64,unknown,3.12.3,2026-10-09T18:43:31Z
67,ML-KEM-768+ML-DSA-65,post-quantum,3,wrap_flow,0.2015,0.0,0.0,0.0,0,0,1088,3309,256,4735,4479,1749.61,3.0227,nan,edge/x86_64,unknown,3.12.3,2026-10-09T18:43:31Z
68,ML-KEM-768+ML-DSA-65,post-quantum,3,wrap_flow,0.251,0.0,0.0,0.0,0,0,1088,3309,256,4735,4479,1749.61,3.7651,nan,edge/x86_64,unknown,3.12.3,2026-10-09T18:43:31Z
69,ML-KEM-768+ML-DSA-65,post-quantum,3,wrap_flow,0.3087,0.0,0.0,0.0,0,0,1088,3309,256,4735,4479,1749.61,4.6309,nan,edge/x86_64,unknown,3.12.3,2026-10-09T18:43:31Z
70,ML-KEM-768+ML-DSA-65,post-quantum,3,wrap_flow,0.328,0.0,0.0,0.0,0,0,1088,3309,256,4735,4479,1749.61,4.9193,nan,edge/x86_64,unknown,3.12.3,2026-10-09T18:43:31Z
71,ML-KEM-768+ML-DSA-65,post-quantum,3,wrap_flow,0.3981,0.0,0.0,0.0,0,0,1088,3309,256,4735,4479,1749.61,5.9721,nan,edge/x86_64,unknown,3.12.3,2026-10-09T18:43:31Z
72,ML-KEM-768+ML-DSA-65,post-quantum,3,wrap_flow,0.2507,0.0,0.0,0.0,0,0,1088,3309,256,4735,4479,1749.61,3.7603,nan,edge/x86_64,unknown,3.12.3,2026-10-09T18:43:31Z
73,ML-KEM-768+ML-DSA-65,post-quantum,3,wrap_flow,0.33,0.0,0.0,0.0,0,0,1088,3309,256,4735,4479,1749.61,4.9503,nan,edge/x86_64,unknown,3.12.3,2026-10-09T18:43:31Z
74,ML-KEM-768+ML-DSA-65,post-quantum,3,wrap_flow,0.1837,0.0,0.0,0.0,0,0,1088,3309,256,4735,4479,1749.61,2.7555,nan,edge/x86_64,unknown,3.12.3,2026-10-09T18:43:31Z
75,ML-KEM-768+ML-DSA-65,post-quantum,3,wrap_flow,0.4117,0.0,0.0,0.0,0,0,1088,3309,256,4735,4479,1749.61,6.1761,nan,edge/x86_64,unknown,3.12.3,2026-10-09T18:43:31Z
76,ML-KEM-768+ML-DSA-65,post-quantum,3,wrap_flow,0.2457,0.0,0.0,0.0,0,0,1088,3309,256,4735,4479,1749.61,3.6851,nan,edge/x86_64,unknown,3.12.3,2026-10-09T18:43:31Z
77,ML-KEM-768+ML-DSA-65,post-quantum,3,wrap_flow,0.3834,0.0,0.0,0.0,0,0,1088,3309,256,4735,4479,1749.61,5.7504,nan,edge/x86_64,unknown,3.12.3,2026-10-09T18:43:31Z
78,ML-KEM-768+ML-DSA-65,post-quantum,3,wrap_flow,0.3662,0.0,0.0,0.0,0,0,1088,3309,256,4735,4479,1749.61,5.4936,nan,edge/x86_64,unknown,3.12.3,2026-10-09T18:43:31Z
79,ML-KEM-768+ML-DSA-65,post-quantum,3,wrap_flow,0.3714,0.0,0.0,0.0,0,0,1088,3309,256,4735,4479,1749.61,5.5708,nan,edge/x86_64,unknown,3.12.3,2026-10-09T18:43:31Z
80,ML-KEM-768+ML-DSA-65,post-quantum,3,wrap_flow,0.2365,0.0,0.0,0.0,0,0,1088,3309,256,4735,4479,1749.61,3.5474,nan,edge/x86_64,unknown,3.12.3,2026-10-09T18:43:31Z
81,ML-KEM-768+ML-DSA-65,post-quantum,3,wrap_flow,10.4274,0.0,0.0,0.0,0,0,1088,3309,256,4735,4479,1749.61,156.4113,nan,edge/x86_64,unknown,3.12.3,2026-10-09T18:43:31Z
82,ML-KEM-768+ML-DSA-65,post-quantum,3,wrap_flow,0.7736,0.0,0.0,0.0,0,0,1088,3309,256,4735,4479,1749.61,11.6037,nan,edge/x86_64,unknown,3.12.3,2026-10-09T18:43:31Z
83,ML-KEM-768+ML-DSA-65,post-quantum,3,wrap_flow,0.394,0.0,0.0,0.0,0,0,1088,3309,256,4735,4479,1749.61,5.9094,nan,edge/x86_64,unknown,3.12.3,2026-10-09T18:43:31Z
84,ML-KEM-768+ML-DSA-65,post-quantum,3,wrap_flow,0.2765,0.0,0.0,0.0,0,0,1088,3309,256,4735,4479,1749.61,4.1468,nan,edge/x86_64,unknown,3.12.3,2026-10-09T18:43:31Z
85,ML-KEM-768+ML-DSA-65,post-quantum,3,wrap_flow,0.2273,0.0,0.0,0.0,0,0,1088,3309,256,4735,4479,1749.61,3.4095,nan,edge/x86_64,unknown,3.12.3,2026-10-09T18:43:31Z
86,ML-KEM-768+ML-DSA-65,post-quantum,3,wrap_flow,0.254,0.0,0.0,0.0,0,0,1088,3309,256,4735,4479,1749.61,3.8093,nan,edge/x86_64,unknown,3.12.3,2026-10-09T18:43:31Z
87,ML-KEM-768+ML-DSA-65,post-quantum,3,wrap_flow,0.4884,0.0,0.0,0.0,0,0,1088,3309,256,4735,4479,1749.61,7.3264,nan,edge/x86_64,unknown,3.12.3,2026-10-09T18:43:31Z
88,ML-KEM-768+ML-DSA-65,post-quantum,3,wrap_flow,0.2794,0.0,0.0,0.0,0,0,1088,3309,256,4735,4479,1749.61,4.1905,nan,edge/x86_64,unknown,3.12.3,2026-10-09T18:43:31Z
89,ML-KEM-768+ML-DSA-65,post-quantum,3,wrap_flow,0.1968,0.0,0.0,0.0,0,0,1088,3309,256,4735,4479,1749.61,2.9523,nan,edge/x86_64,unknown,3.12.3,2026-10-09T18:43:31Z
90,ML-KEM-768+ML-DSA-65,post-quantum,3,wrap_flow,0.447,0.0,0.0,0.0,0,0,1088,3309,256,4735,4479,1749.61,6.7043,nan,edge/x86_64,unknown,3.12.3,2026-10-09T18:43:31Z
91,ML-KEM-768+ML-DSA-65,post-quantum,3,wrap_flow,0.2049,0.0,0.0,0.0,0,0,1088,3309,256,4735,4479,1749.61,3.074,nan,edge/x86_64,unknown,3.12.3,2026-10-09T18:43:31Z
92,ML-KEM-768+ML-DSA-65,post-quantum,3,wrap_flow,0.5072,0.0,0.0,0.0,0,0,1088,3309,256,4735,4479,1749.61,7.6084,nan,edge/x86_64,unknown,3.12.3,2026-10-09T18:43:31Z
93,ML-KEM-768+ML-DSA-65,post-quantum,3,wrap_flow,0.2054,0.0,0.0,0.0,0,0,1088,3309,256,4735,4479,1749.61,3.0811,nan,edge/x86_64,unknown,3.12.3,2026-10-09T18:43:31Z
94,ML-KEM-768+ML-DSA-65,post-quantum,3,wrap_flow,0.6373,0.0,0.0,0.0,0,0,1088,3309,256,4735,4479,1749.61,9.5592,nan,edge/x86_64,unknown,3.12.3,2026-10-09T18:43:31Z
95,ML-KEM-768+ML-DSA-65,post-quantum,3,wrap_flow,0.4072,0.0,0.0,0.0,0,0,1088,3309,256,4735,4479,1749.61,6.1073,nan,edge/x86_64,unknown,3.12.3,2026-10-09T18:43:31Z
96,ML-KEM-768+ML-DSA-65,post-quantum,3,wrap_flow,0.5173,0.0,0.0,0.0,0,0,1088,3309,256,4735,4479,1749.61,7.7598,nan,edge/x86_64,unknown,3.12.3,2026-10-09T18:43:31Z
97,ML-KEM-768+ML-DSA-65,post-quantum,3,wrap_flow,0.359,0.0,0.0,0.0,0,0,1088,3309,256,4735,4479,1749.61,5.3856,nan,edge/x86_64,unknown,3.12.3,2026-10-09T18:43:31Z
98,ML-KEM-768+ML-DSA-65,post-quantum,3,wrap_flow,0.4018,0.0,0.0,0.0,0,0,1088,3309,256,4735,4479,1749.61,6.0266,nan,edge/x86_64,unknown,3.12.3,2026-10-09T18:43:31Z
99,ML-KEM-768+ML-DSA-65,post-quantum,3,wrap_flow,0.2443,0.0,0.0,0.0,0,0,1088,3309,256,4735,4479,1749.61,3.6643,nan,edge/x86_64,unknown,3.12.3,2026-10-09T18:43:31Z
100,ML-KEM-768+ML-DSA-65,post-quantum,3,wrap_flow,0.2083,0.0,0.0,0.0,0,0,1088,3309,256,4735,4479,1749.61,3.1247,nan,edge/x86_64,unknown,3.12.3,2026-10-09T18:43:31Z
101,ML-KEM-768+ML-DSA-65,post-quantum,3,wrap_flow,0.3714,0.0,0.0,0.0,0,0,1088,3309,256,4735,4479,1749.61,5.5709,nan,edge/x86_64,unknown,3.12.3,2026-10-09T18:43:31Z
102,ML-KEM-768+ML-DSA-65,post-quantum,3,wrap_flow,0.192,0.0,0.0,0.0,0,0,1088,3309,256,4735,4479,1749.61,2.8802,nan,edge/x86_64,unknown,3.12.3,2026-10-09T18:43:31Z
103,ML-KEM-768+ML-DSA-65,post-quantum,3,wrap_flow,0.2782,0.0,0.0,0.0,0,0,1088,3309,256,4735,4479,1749.61,4.1733,nan,edge/x86_64,unknown,3.12.3,2026-10-09T18:43:31Z
104,ML-KEM-768+ML-DSA-65,post-quantum,3,wrap_flow,0.3174,0.0,0.0,0.0,0,0,1088,3309,256,4735,4479,1749.61,4.7604,nan,edge/x86_64,unknown,3.12.3,2026-10-09T18:43:31Z
105,ML-KEM-768+ML-DSA-65,post-quantum,3,wrap_flow,0.2786,0.0,0.0,0.0,0,0,1088,3309,256,4735,4479,1749.61,4.1795,nan,edge/x86_64,unknown,3.12.3,2026-10-09T18:43:31Z
106,ML-KEM-768+ML-DSA-65,post-quantum,3,wrap_flow,0.3707,0.0,0.0,0.0,0,0,1088,3309,256,4735,4479,1749.61,5.5612,nan,edge/x86_64,unknown,3.12.3,2026-10-09T18:43:31Z
107,ML-KEM-768+ML-DSA-65,post-quantum,3,wrap_flow,0.1847,0.0,0.0,0.0,0,0,1088,3309,256,4735,4479,1749.61,2.7701,nan,edge/x86_64,unknown,3.12.3,2026-10-09T18:43:31Z
108,ML-KEM-768+ML-DSA-65,post-quantum,3,wrap_flow,0.2028,0.0,0.0,0.0,0,0,1088,3309,256,4735,4479,1749.61,3.0427,nan,edge/x86_64,unknown,3.12.3,2026-10-09T18:43:31Z
109,ML-KEM-768+ML-DSA-65,post-quantum,3,wrap_flow,0.229,0.0,0.0,0.0,0,0,1088,3309,256,4735,4479,1749.61,3.4349,nan,edge/x86_64,unknown,3.12.3,2026-10-09T18:43:31Z
110,ML-KEM-768+ML-DSA-65,post-quantum,3,wrap_flow,0.9585,0.0,0.0,0.0,0,0,1088,3309,256,4735,4479,1749.61,14.3772,nan,edge/x86_64,unknown,3.12.3,2026-10-09T18:43:31Z
111,ML-KEM-768+ML-DSA-65,post-quantum,3,wrap_flow,0.284,0.0,0.0,0.0,0,0,1088,3309,256,4735,4479,1749.61,4.2593,nan,edge/x86_64,unknown,3.12.3,2026-10-09T18:43:31Z
112,ML-KEM-768+ML-DSA-65,post-quantum,3,wrap_flow,0.5329,0.0,0.0,0.0,0,0,1088,3309,256,4735,4479,1749.61,7.9934,nan,edge/x86_64,unknown,3.12.3,2026-10-09T18:43:31Z
113,ML-KEM-768+ML-DSA-65,post-quantum,3,wrap_flow,0.3125,0.0,0.0,0.0,0,0,1088,3309,256,4735,4479,1749.61,4.6868,nan,edge/x86_64,unknown,3.12.3,2026-10-09T18:43:31Z
114,ML-KEM-768+ML-DSA-65,post-quantum,3,wrap_flow,0.2215,0.0,0.0,0.0,0,0,1088,3309,256,4735,4479,1749.61,3.3227,nan,edge/x86_64,unknown,3.12.3,2026-10-09T18:43:31Z
115,ML-KEM-768+ML-DSA-65,post-quantum,3,wrap_flow,0.4543,0.0,0.0,0.0,0,0,1088,3309,256,4735,4479,1749.61,6.8146,nan,edge/x86_64,unknown,3.12.3,2026-10-09T18:43:31Z
116,ML-KEM-768+ML-DSA-65,post-quantum,3,wrap_flow,0.2583,0.0,0.0,0.0,0,0,1088,3309,256,4735,4479,1749.61,3.8741,nan,edge/x86_64,unknown,3.12.3,2026-10-09T18:43:31Z
117,ML-KEM-768+ML-DSA-65,post-quantum,3,wrap_flow,0.2658,0.0,0.0,0.0,0,0,1088,3309,256,4735,4479,1749.61,3.9868,nan,edge/x86_64,unknown,3.12.3,2026-10-09T18:43:31Z
118,ML-KEM-768+ML-DSA-65,post-quantum,3,wrap_flow,0.3426,0.0,0.0,0.0,0,0,1088,3309,256,4735,4479,1749.61,5.1391,nan,edge/x86_64,unknown,3.12.3,2026-10-09T18:43:31Z
119,ML-KEM-768+ML-DSA-65,post-quantum,3,wrap_flow,0.2307,0.0,0.0,0.0,0,0,1088,3309,256,4735,4479,1749.61,3.4605,nan,edge/x86_64,unknown,3.12.3,2026-10-09T18:43:31Z
120,ML-KEM-768+ML-DSA-65,post-quantum,3,wrap_flow,0.1814,0.0,0.0,0.0,0,0,1088,3309,256,4735,4479,1749.61,2.721,nan,edge/x86_64,unknown,3.12.3,2026-10-09T18:43:31Z
121,ML-KEM-768+ML-DSA-65,post-quantum,3,wrap_flow,0.3731,0.0,0.0,0.0,0,0,1088,3309,256,4735,4479,1749.61,5.5959,nan,edge/x86_64,unknown,3.12.3,2026-10-09T18:43:31Z
122,ML-KEM-768+ML-DSA-65,post-quantum,3,wrap_flow,0.3557,0.0,0.0,0.0,0,0,1088,3309,256,4735,4479,1749.61,5.3349,nan,edge/x86_64,unknown,3.12.3,2026-10-09T18:43:31Z
123,ML-KEM-768+ML-DSA-65,post-quantum,3,wrap_flow,0.3044,0.0,0.0,0.0,0,0,1088,3309,256,4735,4479,1749.61,4.5661,nan,edge/x86_64,unknown,3.12.3,2026-10-09T18:43:31Z
124,ML-KEM-768+ML-DSA-65,post-quantum,3,wrap_flow,0.5862,0.0,0.0,0.0,0,0,1088,3309,256,4735,4479,1749.61,8.7929,nan,edge/x86_64,unknown,3.12.3,2026-10-09T18:43:31Z
125,ML-KEM-768+ML-DSA-65,post-quantum,3,wrap_flow,0.3472,0.0,0.0,0.0,0,0,1088,3309,256,4735,4479,1749.61,5.2077,nan,edge/x86_64,unknown,3.12.3,2026-10-09T18:43:31Z
126,ML-KEM-768+ML-DSA-65,post-quantum,3,wrap_flow,0.2526,0.0,0.0,0.0,0,0,1088,3309,256,4735,4479,1749.61,3.7889,nan,edge/x86_64,unknown,3.12.3,2026-10-09T18:43:31Z
127,ML-KEM-768+ML-DSA-65,post-quantum,3,wrap_flow,0.5113,0.0,0.0,0.0,0,0,1088,3309,256,4735,4479,1749.61,7.6691,nan,edge/x86_64,unknown,3.12.3,2026-10-09T18:43:31Z
128,ML-KEM-768+ML-DSA-65,post-quantum,3,wrap_flow,0.2426,0.0,0.0,0.0,0,0,1088,3309,256,4735,4479,1749.61,3.6385,nan,edge/x86_64,unknown,3.12.3,2026-10-09T18:43:31Z
129,ML-KEM-768+ML-DSA-65,post-quantum,3,wrap_flow,0.2083,0.0,0.0,0.0,0,0,1088,3309,256,4735,4479,1749.61,3.1251,nan,edge/x86_64,unknown,3.12.3,2026-10-09T18:43:31Z
130,ML-KEM-768+ML-DSA-65,post-quantum,3,wrap_flow,0.2493,0.0,0.0,0.0,0,0,1088,3309,256,4735,4479,1749.61,3.7393,nan,edge/x86_64,unknown,3.12.3,2026-10-09T18:43:31Z
131,ML-KEM-768+ML-DSA-65,post-quantum,3,wrap_flow,0.213,0.0,0.0,0.0,0,0,1088,3309,256,4735,4479,1749.61,3.1953,nan,edge/x86_64,unknown,3.12.3,2026-10-09T18:43:31Z
132,ML-KEM-768+ML-DSA-65,post-quantum,3,wrap_flow,0.2497,0.0,0.0,0.0,0,0,1088,3309,256,4735,4479,1749.61,3.7456,nan,edge/x86_64,unknown,3.12.3,2026-10-09T18:43:31Z
133,ML-KEM-768+ML-DSA-65,post-quantum,3,wrap_flow,0.3226,0.0,0.0,0.0,0,0,1088,3309,256,4735,4479,1749.61,4.8386,nan,edge/x86_64,unknown,3.12.3,2026-10-09T18:43:31Z
134,ML-KEM-768+ML-DSA-65,post-quantum,3,wrap_flow,0.347,0.0,0.0,0.0,0,0,1088,3309,256,4735,4479,1749.61,5.2045,nan,edge/x86_64,unknown,3.12.3,2026-10-09T18:43:31Z
135,ML-KEM-768+ML-DSA-65,post-quantum,3,wrap_flow,0.3737,0.0,0.0,0.0,0,0,1088,3309,256,4735,4479,1749.61,5.6061,nan,edge/x86_64,unknown,3.12.3,2026-10-09T18:43:31Z
136,ML-KEM-768+ML-DSA-65,post-quantum,3,wrap_flow,0.3199,0.0,0.0,0.0,0,0,1088,3309,256,4735,4479,1749.61,4.799,nan,edge/x86_64,unknown,3.12.3,2026-10-09T18:43:31Z
137,ML-KEM-768+ML-DSA-65,post-quantum,3,wrap_flow,0.3651,0.0,0.0,0.0,0,0,1088,3309,256,4735,4479,1749.61,5.4769,nan,edge/x86_64,unknown,3.12.3,2026-10-09T18:43:31Z
138,ML-KEM-768+ML-DSA-65,post-quantum,3,wrap_flow,0.3761,0.0,0.0,0.0,0,0,1088,3309,256,4735,4479,1749.61,5.6415,nan,edge/x86_64,unknown,3.12.3,2026-10-09T18:43:31Z
139,ML-KEM-768+ML-DSA-65,post-quantum,3,wrap_flow,0.2662,0.0,0.0,0.0,0,0,1088,3309,256,4735,4479,1749.61,3.9925,nan,edge/x86_64,unknown,3.12.3,2026-10-09T18:43:31Z
140,ML-KEM-768+ML-DSA-65,post-quantum,3,wrap_flow,0.4284,0.0,0.0,0.0,0,0,1088,3309,256,4735,4479,1749.61,6.4261,nan,edge/x86_64,unknown,3.12.3,2026-10-09T18:43:31Z
141,ML-KEM-768+ML-DSA-65,post-quantum,3,wrap_flow,0.2579,0.0,0.0,0.0,0,0,1088,3309,256,4735,4479,1749.61,3.8678,nan,edge/x86_64,unknown,3.12.3,2026-10-09T18:43:31Z
142,ML-KEM-768+ML-DSA-65,post-quantum,3,wrap_flow,0.3812,0.0,0.0,0.0,0,0,1088,3309,256,4735,4479,1749.61,5.7174,nan,edge/x86_64,unknown,3.12.3,2026-10-09T18:43:31Z
143,ML-KEM-768+ML-DSA-65,post-quantum,3,wrap_flow,0.2988,0.0,0.0,0.0,0,0,1088,3309,256,4735,4479,1749.61,4.4814,nan,edge/x86_64,unknown,3.12.3,2026-10-09T18:43:31Z
144,ML-KEM-768+ML-DSA-65,post-quantum,3,wrap_flow,0.2765,0.0,0.0,0.0,0,0,1088,3309,256,4735,4479,1749.61,4.1481,nan,edge/x86_64,unknown,3.12.3,2026-10-09T18:43:31Z
145,ML-KEM-768+ML-DSA-65,post-quantum,3,wrap_flow,0.2619,0.0,0.0,0.0,0,0,1088,3309,256,4735,4479,1749.61,3.9284,nan,edge/x86_64,unknown,3.12.3,2026-10-09T18:43:31Z
146,ML-KEM-768+ML-DSA-65,post-quantum,3,wrap_flow,0.2332,0.0,0.0,0.0,0,0,1088,3309,256,4735,4479,1749.61,3.498,nan,edge/x86_64,unknown,3.12.3,2026-10-09T18:43:31Z
147,ML-KEM-768+ML-DSA-65,post-quantum,3,wrap_flow,0.3455,0.0,0.0,0.0,0,0,1088,3309,256,4735,4479,1749.61,5.1819,nan,edge/x86_64,unknown,3.12.3,2026-10-09T18:43:31Z
148,ML-KEM-768+ML-DSA-65,post-quantum,3,wrap_flow,0.2221,0.0,0.0,0.0,0,0,1088,3309,256,4735,4479,1749.61,3.331,nan,edge/x86_64,unknown,3.12.3,2026-10-09T18:43:31Z
149,ML-KEM-768+ML-DSA-65,post-quantum,3,wrap_flow,0.325,0.0,0.0,0.0,0,0,1088,3309,256,4735,4479,1749.61,4.8743,nan,edge/x86_64,unknown,3.12.3,2026-10-09T18:43:31Z
150,ML-KEM-768+ML-DSA-65,post-quantum,3,wrap_flow,0.1885,0.0,0.0,0.0,0,0,1088,3309,256,4735,4479,1749.61,2.828,nan,edge/x86_64,unknown,3.12.3,2026-10-09T18:43:31Z
151,ML-KEM-768+ML-DSA-65,post-quantum,3,wrap_flow,0.3078,0.0,0.0,0.0,0,0,1088,3309,256,4735,4479,1749.61,4.6171,nan,edge/x86_64,unknown,3.12.3,2026-10-09T18:43:31Z
152,ML-KEM-768+ML-DSA-65,post-quantum,3,wrap_flow,0.3503,0.0,0.0,0.0,0,0,1088,3309,256,4735,4479,1749.61,5.2552,nan,edge/x86_64,unknown,3.12.3,2026-10-09T18:43:31Z
153,ML-KEM-768+ML-DSA-65,post-quantum,3,wrap_flow,0.2131,0.0,0.0,0.0,0,0,1088,3309,256,4735,4479,1749.61,3.1965,nan,edge/x86_64,unknown,3.12.3,2026-10-09T18:43:31Z
154,ML-KEM-768+ML-DSA-65,post-quantum,3,wrap_flow,0.1908,0.0,0.0,0.0,0,0,1088,3309,256,4735,4479,1749.61,2.8626,nan,edge/x86_64,unknown,3.12.3,2026-10-09T18:43:31Z
155,ML-KEM-768+ML-DSA-65,post-quantum,3,wrap_flow,0.2246,0.0,0.0,0.0,0,0,1088,3309,256,4735,4479,1749.61,3.3697,nan,edge/x86_64,unknown,3.12.3,2026-10-09T18:43:31Z
156,ML-KEM-768+ML-DSA-65,post-quantum,3,wrap_flow,0.3097,0.0,0.0,0.0,0,0,1088,3309,256,4735,4479,1749.61,4.645,nan,edge/x86_64,unknown,3.12.3,2026-10-09T18:43:31Z
157,ML-KEM-768+ML-DSA-65,post-quantum,3,wrap_flow,0.3798,0.0,0.0,0.0,0,0,1088,3309,256,4735,4479,1749.61,5.6968,nan,edge/x86_64,unknown,3.12.3,2026-10-09T18:43:31Z
158,ML-KEM-768+ML-DSA-65,post-quantum,3,wrap_flow,0.4372,0.0,0.0,0.0,0,0,1088,3309,256,4735,4479,1749.61,6.5586,nan,edge/x86_64,unknown,3.12.3,2026-10-09T18:43:31Z
159,ML-KEM-768+ML-DSA-65,post-quantum,3,wrap_flow,0.2668,0.0,0.0,0.0,0,0,1088,3309,256,4735,4479,1749.61,4.002,nan,edge/x86_64,unknown,3.12.3,2026-10-09T18:43:31Z
160,ML-KEM-768+ML-DSA-65,post-quantum,3,wrap_flow,0.2113,0.0,0.0,0.0,0,0,1088,3309,256,4735,4479,1749.61,3.1694,nan,edge/x86_64,unknown,3.12.3,2026-10-09T18:43:31Z
161,ML-KEM-768+ML-DSA-65,post-quantum,3,wrap_flow,0.2464,0.0,0.0,0.0,0,0,1088,3309,256,4735,4479,1749.61,3.6961,nan,edge/x86_64,unknown,3.12.3,2026-10-09T18:43:31Z
162,ML-KEM-768+ML-DSA-65,post-quantum,3,wrap_flow,0.1851,0.0,0.0,0.0,0,0,1088,3309,256,4735,4479,1749.61,2.7762,nan,edge/x86_64,unknown,3.12.3,2026-10-09T18:43:31Z
163,ML-KEM-768+ML-DSA-65,post-quantum,3,wrap_flow,0.2897,0.0,0.0,0.0,0,0,1088,3309,256,4735,4479,1749.61,4.3456,nan,edge/x86_64,unknown,3.12.3,2026-10-09T18:43:31Z
164,ML-KEM-768+ML-DSA-65,post-quantum,3,wrap_flow,0.1912,0.0,0.0,0.0,0,0,1088,3309,256,4735,4479,1749.61,2.8678,nan,edge/x86_64,unknown,3.12.3,2026-10-09T18:43:31Z
165,ML-KEM-768+ML-DSA-65,post-quantum,3,wrap_flow,0.1885,0.0,0.0,0.0,0,0,1088,3309,256,4735,4479,1749.61,2.8272,nan,edge/x86_64,unknown,3.12.3,2026-10-09T18:43:31Z
166,ML-KEM-768+ML-DSA-65,post-quantum,3,wrap_flow,0.4878,0.0,0.0,0.0,0,0,1088,3309,256,4735,4479,1749.61,7.3164,nan,edge/x86_64,unknown,3.12.3,2026-10-09T18:43:31Z
167,ML-KEM-768+ML-DSA-65,post-quantum,3,wrap_flow,0.2267,0.0,0.0,0.0,0,0,1088,3309,256,4735,4479,1749.61,3.4005,nan,edge/x86_64,unknown,3.12.3,2026-10-09T18:43:31Z
168,ML-KEM-768+ML-DSA-65,post-quantum,3,wrap_flow,0.6047,0.0,0.0,0.0,0,0,1088,3309,256,4735,4479,1749.61,9.0712,nan,edge/x86_64,unknown,3.12.3,2026-10-09T18:43:31Z
169,ML-KEM-768+ML-DSA-65,post-quantum,3,wrap_flow,0.305,0.0,0.0,0.0,0,0,1088,3309,256,4735,4479,1749.61,4.5743,nan,edge/x86_64,unknown,3.12.3,2026-10-09T18:43:31Z
170,ML-KEM-768+ML-DSA-65,post-quantum,3,wrap_flow,0.2401,0.0,0.0,0.0,0,0,1088,3309,256,4735,4479,1749.61,3.6014,nan,edge/x86_64,unknown,3.12.3,2026-10-09T18:43:31Z
171,ML-KEM-768+ML-DSA-65,post-quantum,3,wrap_flow,0.408,0.0,0.0,0.0,0,0,1088,3309,256,4735,4479,1749.61,6.1198,nan,edge/x86_64,unknown,3.12.3,2026-10-09T18:43:31Z
172,ML-KEM-768+ML-DSA-65,post-quantum,3,wrap_flow,0.2247,0.0,0.0,0.0,0,0,1088,3309,256,4735,4479,1749.61,3.3708,nan,edge/x86_64,unknown,3.12.3,2026-10-09T18:43:31Z
173,ML-KEM-768+ML-DSA-65,post-quantum,3,wrap_flow,0.2641,0.0,0.0,0.0,0,0,1088,3309,256,4735,4479,1749.61,3.9619,nan,edge/x86_64,unknown,3.12.3,2026-10-09T18:43:31Z
174,ML-KEM-768+ML-DSA-65,post-quantum,3,wrap_flow,0.3295,0.0,0.0,0.0,0,0,1088,3309,256,4735,4479,1749.61,4.9429,nan,edge/x86_64,unknown,3.12.3,2026-10-09T18:43:31Z
175,ML-KEM-768+ML-DSA-65,post-quantum,3,wrap_flow,0.1884,0.0,0.0,0.0,0,0,1088,3309,256,4735,4479,1749.61,2.8261,nan,edge/x86_64,unknown,3.12.3,2026-10-09T18:43:31Z
176,ML-KEM-768+ML-DSA-65,post-quantum,3,wrap_flow,0.3749,0.0,0.0,0.0,0,0,1088,3309,256,4735,4479,1749.61,5.6234,nan,edge/x86_64,unknown,3.12.3,2026-10-09T18:43:31Z
177,ML-KEM-768+ML-DSA-65,post-quantum,3,wrap_flow,0.4171,0.0,0.0,0.0,0,0,1088,3309,256,4735,4479,1749.61,6.2568,nan,edge/x86_64,unknown,3.12.3,2026-10-09T18:43:31Z
178,ML-KEM-768+ML-DSA-65,post-quantum,3,wrap_flow,0.2551,0.0,0.0,0.0,0,0,1088,3309,256,4735,4479,1749.61,3.826,nan,edge/x86_64,unknown,3.12.3,2026-10-09T18:43:31Z
179,ML-KEM-768+ML-DSA-65,post-quantum,3,wrap_flow,0.2168,0.0,0.0,0.0,0,0,1088,3309,256,4735,4479,1749.61,3.2519,nan,edge/x86_64,unknown,3.12.3,2026-10-09T18:43:31Z
180,ML-KEM-768+ML-DSA-65,post-quantum,3,wrap_flow,0.3871,0.0,0.0,0.0,0,0,1088,3309,256,4735,4479,1749.61,5.8062,nan,edge/x86_64,unknown,3.12.3,2026-10-09T18:43:31Z
181,ML-KEM-768+ML-DSA-65,post-quantum,3,wrap_flow,0.3589,0.0,0.0,0.0,0,0,1088,3309,256,4735,4479,1749.61,5.3832,nan,edge/x86_64,unknown,3.12.3,2026-10-09T18:43:31Z
182,ML-KEM-768+ML-DSA-65,post-quantum,3,wrap_flow,0.2753,0.0,0.0,0.0,0,0,1088,3309,256,4735,4479,1749.61,4.1302,nan,edge/x86_64,unknown,3.12.3,2026-10-09T18:43:31Z
183,ML-KEM-768+ML-DSA-65,post-quantum,3,wrap_flow,0.1852,0.0,0.0,0.0,0,0,1088,3309,256,4735,4479,1749.61,2.7784,nan,edge/x86_64,unknown,3.12.3,2026-10-09T18:43:31Z
184,ML-KEM-768+ML-DSA-65,post-quantum,3,wrap_flow,0.2115,0.0,0.0,0.0,0,0,1088,3309,256,4735,4479,1749.61,3.1719,nan,edge/x86_64,unknown,3.12.3,2026-10-09T18:43:31Z
185,ML-KEM-768+ML-DSA-65,post-quantum,3,wrap_flow,0.2459,0.0,0.0,0.0,0,0,1088,3309,256,4735,4479,1749.61,3.6887,nan,edge/x86_64,unknown,3.12.3,2026-10-09T18:43:31Z
186,ML-KEM-768+ML-DSA-65,post-quantum,3,wrap_flow,0.3384,0.0,0.0,0.0,0,0,1088,3309,256,4735,4479,1749.61,5.0754,nan,edge/x86_64,unknown,3.12.3,2026-10-09T18:43:31Z
187,ML-KEM-768+ML-DSA-65,post-quantum,3,wrap_flow,0.5076,0.0,0.0,0.0,0,0,1088,3309,256,4735,4479,1749.61,7.6145,nan,edge/x86_64,unknown,3.12.3,2026-10-09T18:43:31Z
188,ML-KEM-768+ML-DSA-65,post-quantum,3,wrap_flow,0.2991,0.0,0.0,0.0,0,0,1088,3309,256,4735,4479,1749.61,4.4865,nan,edge/x86_64,unknown,3.12.3,2026-10-09T18:43:31Z
189,ML-KEM-768+ML-DSA-65,post-quantum,3,wrap_flow,0.3695,0.0,0.0,0.0,0,0,1088,3309,256,4735,4479,1749.61,5.5427,nan,edge/x86_64,unknown,3.12.3,2026-10-09T18:43:31Z
190,ML-KEM-768+ML-DSA-65,post-quantum,3,wrap_flow,0.2451,0.0,0.0,0.0,0,0,1088,3309,256,4735,4479,1749.61,3.6763,nan,edge/x86_64,unknown,3.12.3,2026-10-09T18:43:31Z
191,ML-KEM-768+ML-DSA-65,post-quantum,3,wrap_flow,0.3655,0.0,0.0,0.0,0,0,1088,3309,256,4735,4479,1749.61,5.483,nan,edge/x86_64,unknown,3.12.3,2026-10-09T18:43:31Z
192,ML-KEM-768+ML-DSA-65,post-quantum,3,wrap_flow,0.302,0.0,0.0,0.0,0,0,1088,3309,256,4735,4479,1749.61,4.5304,nan,edge/x86_64,unknown,3.12.3,2026-10-09T18:43:31Z
193,ML-KEM-768+ML-DSA-65,post-quantum,3,wrap_flow,0.2152,0.0,0.0,0.0,0,0,1088,3309,256,4735,4479,1749.61,3.2275,nan,edge/x86_64,unknown,3.12.3,2026-10-09T18:43:31Z
194,ML-KEM-768+ML-DSA-65,post-quantum,3,wrap_flow,0.4114,0.0,0.0,0.0,0,0,1088,3309,256,4735,4479,1749.61,6.1703,nan,edge/x86_64,unknown,3.12.3,2026-10-09T18:43:31Z
195,ML-KEM-768+ML-DSA-65,post-quantum,3,wrap_flow,0.2354,0.0,0.0,0.0,0,0,1088,3309,256,4735,4479,1749.61,3.5316,nan,edge/x86_64,unknown,3.12.3,2026-10-09T18:43:31Z
196,ML-KEM-768+ML-DSA-65,post-quantum,3,wrap_flow,0.2463,0.0,0.0,0.0,0,0,1088,3309,256,4735,4479,1749.61,3.695,nan,edge/x86_64,unknown,3.12.3,2026-10-09T18:43:31Z
197,ML-KEM-768+ML-DSA-65,post-quantum,3,wrap_flow,0.3445,0.0,0.0,0.0,0,0,1088,3309,256,4735,4479,1749.61,5.1678,nan,edge/x86_64,unknown,3.12.3,2026-10-09T18:43:31Z
198,ML-KEM-768+ML-DSA-65,post-quantum,3,wrap_flow,0.2117,0.0,0.0,0.0,0,0,1088,3309,256,4735,4479,1749.61,3.1755,nan,edge/x86_64,unknown,3.12.3,2026-10-09T18:43:31Z
199,ML-KEM-768+ML-DSA-65,post-quantum,3,wrap_flow,0.4518,0.0,0.0,0.0,0,0,1088,3309,256,4735,4479,1749.61,6.7775,nan,edge/x86_64,unknown,3.12.3,2026-10-09T18:43:31Z
0,ML-KEM-768+ML-DSA-65,post-quantum,3,wrap_flow,0.4064,0.0,0.0,0.0,0,0,1088,3309,512,4991,4479,874.8,6.0966,nan,edge/x86_64,unknown,3.12.3,2026-10-09T18:43:31Z
1,ML-KEM-768+ML-DSA-65,post-quantum,3,wrap_flow,0.2136,0.0,0.0,0.0,0,0,1088,3309,512,4991,4479,874.8,3.2033,nan,edge/x86_64,unknown,3.12.3,2026-10-09T18:43:31Z
2,ML-KEM-768+ML-DSA-65,post-quantum,3,wrap_flow,0.2038,0.0,0.0,0.0,0,0,1088,3309,512,4991,4479,874.8,3.0571,nan,edge/x86_64,unknown,3.12.3,2026-10-09T18:43:31Z
3,ML-KEM-768+ML-DSA-65,post-quantum,3,wrap_flow,0.2613,0.0,0.0,0.0,0,0,1088,3309,512,4991,4479,874.8,3.919,nan,edge/x86_64,unknown,3.12.3,2026-10-09T18:43:31Z
4,ML-KEM-768+ML-DSA-65,post-quantum,3,wrap_flow,0.2213,0.0,0.0,0.0,0,0,1088,3309,512,4991,4479,874.8,3.3193,nan,edge/x86_64,unknown,3.12.3,2026-10-09T18:43:31Z
5,ML-KEM-768+ML-DSA-65,post-quantum,3,wrap_flow,0.3439,0.0,0.0,0.0,0,0,1088,3309,512,4991,4479,874.8,5.158,nan,edge/x86_64,unknown,3.12.3,2026-10-09T18:43:31Z
6,ML-KEM-768+ML-DSA-65,post-quantum,3,wrap_flow,0.3968,0.0,0.0,0.0,0,0,1088,3309,512,4991,4479,874.8,5.9523,nan,edge/x86_64,unknown,3.12.3,2026-10-09T18:43:31Z
7,ML-KEM-768+ML-DSA-65,post-quantum,3,wrap_flow,0.3459,0.0,0.0,0.0,0,0,1088,3309,512,4991,4479,874.8,5.1881,nan,edge/x86_64,unknown,3.12.3,2026-10-09T18:43:31Z
8,ML-KEM-768+ML-DSA-65,post-quantum,3,wrap_flow,0.2563,0.0,0.0,0.0,0,0,1088,3309,512,4991,4479,874.8,3.8448,nan,edge/x86_64,unknown,3.12.3,2026-10-09T18:43:31Z
9,ML-KEM-768+ML-DSA-65,post-quantum,3,wrap_flow,0.1891,0.0,0.0,0.0,0,0,1088,3309,512,4991,4479,874.8,2.836,nan,edge/x86_64,unknown,3.12.3,2026-10-09T18:43:31Z
10,ML-KEM-768+ML-DSA-65,post-quantum,3,wrap_flow,0.43,0.0,0.0,0.0,0,0,1088,3309,512,4991,4479,874.8,6.4496,nan,edge/x86_64,unknown,3.12.3,2026-10-09T18:43:31Z
11,ML-KEM-768+ML-DSA-65,post-quantum,3,wrap_flow,0.244,0.0,0.0,0.0,0,0,1088,3309,512,4991,4479,874.8,3.6601,nan,edge/x86_64,unknown,3.12.3,2026-10-09T18:43:31Z
12,ML-KEM-768+ML-DSA-65,post-quantum,3,wrap_flow,0.2274,0.0,0.0,0.0,0,0,1088,3309,512,4991,4479,874.8,3.4113,nan,edge/x86_64,unknown,3.12.3,2026-10-09T18:43:31Z
13,ML-KEM-768+ML-DSA-65,post-quantum,3,wrap_flow,0.2714,0.0,0.0,0.0,0,0,1088,3309,512,4991,4479,874.8,4.0709,nan,edge/x86_64,unknown,3.12.3,2026-10-09T18:43:31Z
14,ML-KEM-768+ML-DSA-65,post-quantum,3,wrap_flow,0.2111,0.0,0.0,0.0,0,0,1088,3309,512,4991,4479,874.8,3.1661,nan,edge/x86_64,unknown,3.12.3,2026-10-09T18:43:31Z
15,ML-KEM-768+ML-DSA-65,post-quantum,3,wrap_flow,0.1893,0.0,0.0,0.0,0,0,1088,3309,512,4991,4479,874.8,2.8401,nan,edge/x86_64,unknown,3.12.3,2026-10-09T18:43:31Z
16,ML-KEM-768+ML-DSA-65,post-quantum,3,wrap_flow,0.1825,0.0,0.0,0.0,0,0,1088,3309,512,4991,4479,874.8,2.7377,nan,edge/x86_64,unknown,3.12.3,2026-10-09T18:43:31Z
17,ML-KEM-768+ML-DSA-65,post-quantum,3,wrap_flow,0.3511,0.0,0.0,0.0,0,0,1088,3309,512,4991,4479,874.8,5.2671,nan,edge/x86_64,unknown,3.12.3,2026-10-09T18:43:31Z
18,ML-KEM-768+ML-DSA-65,post-quantum,3,wrap_flow,0.551,0.0,0.0,0.0,0,0,1088,3309,512,4991,4479,874.8,8.2649,nan,edge/x86_64,unknown,3.12.3,2026-10-09T18:43:31Z
19,ML-KEM-768+ML-DSA-65,post-quantum,3,wrap_flow,0.5027,0.0,0.0,0.0,0,0,1088,3309,512,4991,4479,874.8,7.5409,nan,edge/x86_64,unknown,3.12.3,2026-10-09T18:43:31Z
20,ML-KEM-768+ML-DSA-65,post-quantum,3,wrap_flow,0.4091,0.0,0.0,0.0,0,0,1088,3309,512,4991,4479,874.8,6.1359,nan,edge/x86_64,unknown,3.12.3,2026-10-09T18:43:31Z
21,ML-KEM-768+ML-DSA-65,post-quantum,3,wrap_flow,0.3327,0.0,0.0,0.0,0,0,1088,3309,512,4991,4479,874.8,4.9905,nan,edge/x86_64,unknown,3.12.3,2026-10-09T18:43:31Z
22,ML-KEM-768+ML-DSA-65,post-quantum,3,wrap_flow,0.3212,0.0,0.0,0.0,0,0,1088,3309,512,4991,4479,874.8,4.8184,nan,edge/x86_64,unknown,3.12.3,2026-10-09T18:43:31Z
23,ML-KEM-768+ML-DSA-65,post-quantum,3,wrap_flow,0.2399,0.0,0.0,0.0,0,0,1088,3309,512,4991,4479,874.8,3.5978,nan,edge/x86_64,unknown,3.12.3,2026-10-09T18:43:31Z
24,ML-KEM-768+ML-DSA-65,post-quantum,3,wrap_flow,0.2032,0.0,0.0,0.0,0,0,1088,3309,512,4991,4479,874.8,3.0483,nan,edge/x86_64,unknown,3.12.3,2026-10-09T18:43:31Z
25,ML-KEM-768+ML-DSA-65,post-quantum,3,wrap_flow,0.1985,0.0,0.0,0.0,0,0,1088,3309,512,4991,4479,874.8,2.9772,nan,edge/x86_64,unknown,3.12.3,2026-10-09T18:43:31Z
26,ML-KEM-768+ML-DSA-65,post-quantum,3,wrap_flow,0.6756,0.0,0.0,0.0,0,0,1088,3309,512,4991,4479,874.8,10.1341,nan,edge/x86_64,unknown,3.12.3,2026-10-09T18:43:31Z
27,ML-KEM-768+ML-DSA-65,post-quantum,3,wrap_flow,0.5871,0.0,0.0,0.0,0,0,1088,3309,512,4991,4479,874.8,8.8064,nan,edge/x86_64,unknown,3.12.3,2026-10-09T18:43:31Z
28,ML-KEM-768+ML-DSA-65,post-quantum,3,wrap_flow,0.262,0.0,0.0,0.0,0,0,1088,3309,512,4991,4479,874.8,3.93,nan,edge/x86_64,unknown,3.12.3,2026-10-09T18:43:31Z
29,ML-KEM-768+ML-DSA-65,post-quantum,3,wrap_flow,0.3171,0.0,0.0,0.0,0,0,1088,3309,512,4991,4479,874.8,4.7558,nan,edge/x86_64,unknown,3.12.3,2026-10-09T18:43:31Z
30,ML-KEM-768+ML-DSA-65,post-quantum,3,wrap_flow,0.2065,0.0,0.0,0.0,0,0,1088,3309,512,4991,4479,874.8,3.0975,nan,edge/x86_64,unknown,3.12.3,2026-10-09T18:43:31Z
31,ML-KEM-768+ML-DSA-65,post-quantum,3,wrap_flow,0.2371,0.0,0.0,0.0,0,0,1088,3309,512,4991,4479,874.8,3.5567,nan,edge/x86_64,unknown,3.12.3,2026-10-09T18:43:31Z
32,ML-KEM-768+ML-DSA-65,post-quantum,3,wrap_flow,0.1881,0.0,0.0,0.0,0,0,1088,3309,512,4991,4479,874.8,2.8218,nan,edge/x86_64,unknown,3.12.3,2026-10-09T18:43:31Z
33,ML-KEM-768+ML-DSA-65,post-quantum,3,wrap_flow,0.2098,0.0,0.0,0.0,0,0,1088,3309,512,4991,4479,874.8,3.1469,nan,edge/x86_64,unknown,3.12.3,2026-10-09T18:43:31Z
34,ML-KEM-768+ML-DSA-65,post-quantum,3,wrap_flow,0.7937,0.0,0.0,0.0,0,0,1088,3309,512,4991,4479,874.8,11.9049,nan,edge/x86_64,unknown,3.12.3,2026-10-09T18:43:31Z
35,ML-KEM-768+ML-DSA-65,post-quantum,3,wrap_flow,0.4274,0.0,0.0,0.0,0,0,1088,3309,512,4991,4479,874.8,6.4115,nan,edge/x86_64,unknown,3.12.3,2026-10-09T18:43:31Z
36,ML-KEM-768+ML-DSA-65,post-quantum,3,wrap_flow,0.2163,0.0,0.0,0.0,0,0,1088,3309,512,4991,4479,874.8,3.2441,nan,edge/x86_64,unknown,3.12.3,2026-10-09T18:43:31Z
37,ML-KEM-768+ML-DSA-65,post-quantum,3,wrap_flow,0.3461,0.0,0.0,0.0,0,0,1088,3309,512,4991,4479,874.8,5.1909,nan,edge/x86_64,unknown,3.12.3,2026-10-09T18:43:31Z
38,ML-KEM-768+ML-DSA-65,post-quantum,3,wrap_flow,0.2109,0.0,0.0,0.0,0,0,1088,3309,512,4991,4479,874.8,3.1629,nan,edge/x86_64,unknown,3.12.3,2026-10-09T18:43:31Z
39,ML-KEM-768+ML-DSA-65,post-quantum,3,wrap_flow,0.1869,0.0,0.0,0.0,0,0,1088,3309,512,4991,4479,874.8,2.8035,nan,edge/x86_64,unknown,3.12.3,2026-10-09T18:43:31Z
40,ML-KEM-768+ML-DSA-65,post-quantum,3,wrap_flow,0.2821,0.0,0.0,0.0,0,0,1088,3309,512,4991,4479,874.8,4.2313,nan,edge/x86_64,unknown,3.12.3,2026-10-09T18:43:31Z
41,ML-KEM-768+ML-DSA-65,post-quantum,3,wrap_flow,0.2225,0.0,0.0,0.0,0,0,1088,3309,512,4991,4479,874.8,3.337,nan,edge/x86_64,unknown,3.12.3,2026-10-09T18:43:31Z
42,ML-KEM-768+ML-DSA-65,post-quantum,3,wrap_flow,0.2512,0.0,0.0,0.0,0,0,1088,3309,512,4991,4479,874.8,3.7682,nan,edge/x86_64,unknown,3.12.3,2026-10-09T18:43:31Z
43,ML-KEM-768+ML-DSA-65,post-quantum,3,wrap_flow,0.2552,0.0,0.0,0.0,0,0,1088,3309,512,4991,4479,874.8,3.8273,nan,edge/x86_64,unknown,3.12.3,2026-10-09T18:43:31Z
44,ML-KEM-768+ML-DSA-65,post-quantum,3,wrap_flow,0.6283,0.0,0.0,0.0,0,0,1088,3309,512,4991,4479,874.8,9.424,nan,edge/x86_64,unknown,3.12.3,2026-10-09T18:43:31Z
45,ML-KEM-768+ML-DSA-65,post-quantum,3,wrap_flow,0.191,0.0,0.0,0.0,0,0,1088,3309,512,4991,4479,874.8,2.8655,nan,edge/x86_64,unknown,3.12.3,2026-10-09T18:43:31Z
46,ML-KEM-768+ML-DSA-65,post-quantum,3,wrap_flow,0.4192,0.0,0.0,0.0,0,0,1088,3309,512,4991,4479,874.8,6.288,nan,edge/x86_64,unknown,3.12.3,2026-10-09T18:43:31Z
47,ML-KEM-768+ML-DSA-65,post-quantum,3,wrap_flow,0.2407,0.0,0.0,0.0,0,0,1088,3309,512,4991,4479,874.8,3.6112,nan,edge/x86_64,unknown,3.12.3,2026-10-09T18:43:31Z
48,ML-KEM-768+ML-DSA-65,post-quantum,3,wrap_flow,0.2292,0.0,0.0,0.0,0,0,1088,3309,512,4991,4479,874.8,3.4381,nan,edge/x86_64,unknown,3.12.3,2026-10-09T18:43:31Z
49,ML-KEM-768+ML-DSA-65,post-quantum,3,wrap_flow,0.2113,0.0,0.0,0.0,0,0,1088,3309,512,4991,4479,874.8,3.1702,nan,edge/x86_64,unknown,3.12.3,2026-10-09T18:43:31Z
50,ML-KEM-768+ML-DSA-65,post-quantum,3,wrap_flow,0.3349,0.0,0.0,0.0,0,0,1088,3309,512,4991,4479,874.8,5.0231,nan,edge/x86_64,unknown,3.12.3,2026-10-09T18:43:31Z
51,ML-KEM-768+ML-DSA-65,post-quantum,3,wrap_flow,0.2499,0.0,0.0,0.0,0,0,1088,3309,512,4991,4479,874.8,3.7483,nan,edge/x86_64,unknown,3.12.3,2026-10-09T18:43:31Z
52,ML-KEM-768+ML-DSA-65,post-quantum,3,wrap_flow,0.2939,0.0,0.0,0.0,0,0,1088,3309,512,4991,4479,874.8,4.409,nan,edge/x86_64,unknown,3.12.3,2026-10-09T18:43:31Z
53,ML-KEM-768+ML-DSA-65,post-quantum,3,wrap_flow,0.385,0.0,0.0,0.0,0,0,1088,3309,512,4991,4479,874.8,5.7754,nan,edge/x86_64,unknown,3.12.3,2026-10-09T18:43:31Z
54,ML-KEM-768+ML-DSA-65,post-quantum,3,wrap_flow,0.3159,0.0,0.0,0.0,0,0,1088,3309,512,4991,4479,874.8,4.7389,nan,edge/x86_64,unknown,3.12.3,2026-10-09T18:43:31Z
55,ML-KEM-768+ML-DSA-65,post-quantum,3,wrap_flow,0.1903,0.0,0.0,0.0,0,0,1088,3309,512,4991,4479,874.8,2.8545,nan,edge/x86_64,unknown,3.12.3,2026-10-09T18:43:31Z
56,ML-KEM-768+ML-DSA-65,post-quantum,3,wrap_flow,0.21,0.0,0.0,0.0,0,0,1088,3309,512,4991,4479,874.8,3.1495,nan,edge/x86_64,unknown,3.12.3,2026-10-09T18:43:31Z
57,ML-KEM-768+ML-DSA-65,post-quantum,3,wrap_flow,0.2193,0.0,0.0,0.0,0,0,1088,3309,512,4991,4479,874.8,3.2895,nan,edge/x86_64,unknown,3.12.3,2026-10-09T18:43:31Z
58,ML-KEM-768+ML-DSA-65,post-quantum,3,wrap_flow,0.4983,0.0,0.0,0.0,0,0,1088,3309,512,4991,4479,874.8,7.4743,nan,edge/x86_64,unknown,3.12.3,2026-10-09T18:43:31Z
59,ML-KEM-768+ML-DSA-65,post-quantum,3,wrap_flow,0.3105,0.0,0.0,0.0,0,0,1088,3309,512,4991,4479,874.8,4.6582,nan,edge/x86_64,unknown,3.12.3,2026-10-09T18:43:31Z
60,ML-KEM-768+ML-DSA-65,post-quantum,3,wrap_flow,0.5285,0.0,0.0,0.0,0,0,1088,3309,512,4991,4479,874.8,7.9273,nan,edge/x86_64,unknown,3.12.3,2026-10-09T18:43:31Z
61,ML-KEM-768+ML-DSA-65,post-quantum,3,wrap_flow,0.2101,0.0,0.0,0.0,0,0,1088,3309,512,4991,4479,874.8,3.1511,nan,edge/x86_64,unknown,3.12.3,2026-10-09T18:43:31Z
62,ML-KEM-768+ML-DSA-65,post-quantum,3,wrap_flow,0.5238,0.0,0.0,0.0,0,0,1088,3309,512,4991,4479,874.8,7.8577,nan,edge/x86_64,unknown,3.12.3,2026-10-09T18:43:31Z
63,ML-KEM-768+ML-DSA-65,post-quantum,3,wrap_flow,0.2154,0.0,0.0,0.0,0,0,1088,3309,512,4991,4479,874.8,3.2317,nan,edge/x86_64,unknown,3.12.3,2026-10-09T18:43:31Z
64,ML-KEM-768+ML-DSA-65,post-quantum,3,wrap_flow,0.2203,0.0,0.0,0.0,0,0,1088,3309,512,4991,4479,874.8,3.3042,nan,edge/x86_64,unknown,3.12.3,2026-10-09T18:43:31Z
65,ML-KEM-768+ML-DSA-65,post-quantum,3,wrap_flow,0.3643,0.0,0.0,0.0,0,0,1088,3309,512,4991,4479,874.8,5.4642,nan,edge/x86_64,unknown,3.12.3,2026-10-09T18:43:31Z
66,ML-KEM-768+ML-DSA-65,post-quantum,3,wrap_flow,0.2995,0.0,0.0,0.0,0,0,1088,3309,512,4991,4479,874.8,4.4926,nan,edge/x86_64,unknown,3.12.3,2026-10-09T18:43:31Z
67,ML-KEM-768+ML-DSA-65,post-quantum,3,wrap_flow,0.2824,0.0,0.0,0.0,0,0,1088,3309,512,4991,4479,874.8,4.2353,nan,edge/x86_64,unknown,3.12.3,2026-10-09T18:43:31Z
68,ML-KEM-768+ML-DSA-65,post-quantum,3,wrap_flow,0.2748,0.0,0.0,0.0,0,0,1088,3309,512,4991,4479,874.8,4.1227,nan,edge/x86_64,unknown,3.12.3,2026-10-09T18:43:31Z
69,ML-KEM-768+ML-DSA-65,post-quantum,3,wrap_flow,0.3635,0.0,0.0,0.0,0,0,1088,3309,512,4991,4479,874.8,5.4529,nan,edge/x86_64,unknown,3.12.3,2026-10-09T18:43:31Z
70,ML-KEM-768+ML-DSA-65,post-quantum,3,wrap_flow,0.1892,0.0,0.0,0.0,0,0,1088,3309,512,4991,4479,874.8,2.8383,nan,edge/x86_64,unknown,3.12.3,2026-10-09T18:43:31Z
71,ML-KEM-768+ML-DSA-65,post-quantum,3,wrap_flow,0.7186,0.0,0.0,0.0,0,0,1088,3309,512,4991,4479,874.8,10.7783,nan,edge/x86_64,unknown,3.12.3,2026-10-09T18:43:31Z
72,ML-KEM-768+ML-DSA-65,post-quantum,3,wrap_flow,0.3969,0.0,0.0,0.0,0,0,1088,3309,512,4991,4479,874.8,5.9537,nan,edge/x86_64,unknown,3.12.3,2026-10-09T18:43:31Z
73,ML-KEM-768+ML-DSA-65,post-quantum,3,wrap_flow,0.2213,0.0,0.0,0.0,0,0,1088,3309,512,4991,4479,874.8,3.3201,nan,edge/x86_64,unknown,3.12.3,2026-10-09T18:43:31Z
74,ML-KEM-768+ML-DSA-65,post-quantum,3,wrap_flow,0.1928,0.0,0.0,0.0,0,0,1088,3309,512,4991,4479,874.8,2.8922,nan,edge/x86_64,unknown,3.12.3,2026-10-09T18:43:31Z
75,ML-KEM-768+ML-DSA-65,post-quantum,3,wrap_flow,0.2559,0.0,0.0,0.0,0,0,1088,3309,512,4991,4479,874.8,3.8389,nan,edge/x86_64,unknown,3.12.3,2026-10-09T18:43:31Z
76,ML-KEM-768+ML-DSA-65,post-quantum,3,wrap_flow,0.2211,0.0,0.0,0.0,0,0,1088,3309,512,4991,4479,874.8,3.3164,nan,edge/x86_64,unknown,3.12.3,2026-10-09T18:43:31Z
77,ML-KEM-768+ML-DSA-65,post-quantum,3,wrap_flow,0.6013,0.0,0.0,0.0,0,0,1088,3309,512,4991,4479,874.8,9.0189,nan,edge/x86_64,unknown,3.12.3,2026-10-09T18:43:31Z
78,ML-KEM-768+ML-DSA-65,post-quantum,3,wrap_flow,0.3749,0.0,0.0,0.0,0,0,1088,3309,512,4991,4479,874.8,5.6232,nan,edge/x86_64,unknown,3.12.3,2026-10-09T18:43:31Z
79,ML-KEM-768+ML-DSA-65,post-quantum,3,wrap_flow,0.5905,0.0,0.0,0.0,0,0,1088,3309,512,4991,4479,874.8,8.8576,nan,edge/x86_64,unknown,3.12.3,2026-10-09T18:43:31Z
80,ML-KEM-768+ML-DSA-65,post-quantum,3,wrap_flow,0.3878,0.0,0.0,0.0,0,0,1088,3309,512,4991,4479,874.8,5.8177,nan,edge/x86_64,unknown,3.12.3,2026-10-09T18:43:31Z
81,ML-KEM-768+ML-DSA-65,post-quantum,3,wrap_flow,0.348,0.0,0.0,0.0,0,0,1088,3309,512,4991,4479,874.8,5.22,nan,edge/x86_64,unknown,3.12.3,2026-10-09T18:43:31Z
82,ML-KEM-768+ML-DSA-65,post-quantum,3,wrap_flow,0.2708,0.0,0.0,0.0,0,0,1088,3309,512,4991,4479,874.8,4.0625,nan,edge/x86_64,unknown,3.12.3,2026-10-09T18:43:31Z
83,ML-KEM-768+ML-DSA-65,post-quantum,3,wrap_flow,0.2331,0.0,0.0,0.0,0,0,1088,3309,512,4991,4479,874.8,3.4965,nan,edge/x86_64,unknown,3.12.3,2026-10-09T18:43:31Z
84,ML-KEM-768+ML-DSA-65,post-quantum,3,wrap_flow,0.3572,0.0,0.0,0.0,0,0,1088,3309,512,4991,4479,874.8,5.3576,nan,edge/x86_64,unknown,3.12.3,2026-10-09T18:43:31Z
85,ML-KEM-768+ML-DSA-65,post-quantum,3,wrap_flow,0.2535,0.0,0.0,0.0,0,0,1088,3309,512,4991,4479,874.8,3.802,nan,edge/x86_64,unknown,3.12.3,2026-10-09T18:43:31Z
86,ML-KEM-768+ML-DSA-65,post-quantum,3,wrap_flow,0.34,0.0,0.0,0.0,0,0,1088,3309,512,4991,4479,874.8,5.0999,nan,edge/x86_64,unknown,3.12.3,2026-10-09T18:43:31Z
87,ML-KEM-768+ML-DSA-65,post-quantum,3,wrap_flow,0.2866,0.0,0.0,0.0,0,0,1088,3309,512,4991,4479,874.8,4.2995,nan,edge/x86_64,unknown,3.12.3,2026-10-09T18:43:31Z
88,ML-KEM-768+ML-DSA-65,post-quantum,3,wrap_flow,0.3156,0.0,0.0,0.0,0,0,1088,3309,512,4991,4479,874.8,4.7345,nan,edge/x86_64,unknown,3.12.3,2026-10-09T18:43:31Z
89,ML-KEM-768+ML-DSA-65,post-quantum,3,wrap_flow,0.6755,0.0,0.0,0.0,0,0,1088,3309,512,4991,4479,874.8,10.1327,nan,edge/x86_64,unknown,3.12.3,2026-10-09T18:43:31Z
90,ML-KEM-768+ML-DSA-65,post-quantum,3,wrap_flow,0.4021,0.0,0.0,0.0,0,0,1088,3309,512,4991,4479,874.8,6.0315,nan,edge/x86_64,unknown,3.12.3,2026-10-09T18:43:31Z
91,ML-KEM-768+ML-DSA-65,post-quantum,3,wrap_flow,0.5578,0.0,0.0,0.0,0,0,1088,3309,512,4991,4479,874.8,8.3664,nan,edge/x86_64,unknown,3.12.3,2026-10-09T18:43:31Z
92,ML-KEM-768+ML-DSA-65,post-quantum,3,wrap_flow,0.2872,0.0,0.0,0.0,0,0,1088,3309,512,4991,4479,874.8,4.3085,nan,edge/x86_64,unknown,3.12.3,2026-10-09T18:43:31Z
93,ML-KEM-768+ML-DSA-65,post-quantum,3,wrap_flow,0.2168,0.0,0.0,0.0,0,0,1088,3309,512,4991,4479,874.8,3.2515,nan,edge/x86_64,unknown,3.12.3,2026-10-09T18:43:31Z
94,ML-KEM-768+ML-DSA-65,post-quantum,3,wrap_flow,0.3186,0.0,0.0,0.0,0,0,1088,3309,512,4991,4479,874.8,4.779,nan,edge/x86_64,unknown,3.12.3,2026-10-09T18:43:31Z
95,ML-KEM-768+ML-DSA-65,post-quantum,3,wrap_flow,0.3515,0.0,0.0,0.0,0,0,1088,3309,512,4991,4479,874.8,5.2718,nan,edge/x86_64,unknown,3.12.3,2026-10-09T18:43:31Z
96,ML-KEM-768+ML-DSA-65,post-quantum,3,wrap_flow,0.3667,0.0,0.0,0.0,0,0,1088,3309,512,4991,4479,874.8,5.5007,nan,edge/x86_64,unknown,3.12.3,2026-10-09T18:43:31Z
97,ML-KEM-768+ML-DSA-65,post-quantum,3,wrap_flow,0.6662,0.0,0.0,0.0,0,0,1088,3309,512,4991,4479,874.8,9.9924,nan,edge/x86_64,unknown,3.12.3,2026-10-09T18:43:31Z
98,ML-KEM-768+ML-DSA-65,post-quantum,3,wrap_flow,0.4667,0.0,0.0,0.0,0,0,1088,3309,512,4991,4479,874.8,7.0011,nan,edge/x86_64,unknown,3.12.3,2026-10-09T18:43:31Z
99,ML-KEM-768+ML-DSA-65,post-quantum,3,wrap_flow,0.3479,0.0,0.0,0.0,0,0,1088,3309,512,4991,4479,874.8,5.2186,nan,edge/x86_64,unknown,3.12.3,2026-10-09T18:43:31Z
100,ML-KEM-768+ML-DSA-65,post-quantum,3,wrap_flow,0.2556,0.0,0.0,0.0,0,0,1088,3309,512,4991,4479,874.8,3.8338,nan,edge/x86_64,unknown,3.12.3,2026-10-09T18:43:31Z
101,ML-KEM-768+ML-DSA-65,post-quantum,3,wrap_flow,0.1847,0.0,0.0,0.0,0,0,1088,3309,512,4991,4479,874.8,2.7705,nan,edge/x86_64,unknown,3.12.3,2026-10-09T18:43:31Z
102,ML-KEM-768+ML-DSA-65,post-quantum,3,wrap_flow,0.2495,0.0,0.0,0.0,0,0,1088,3309,512,4991,4479,874.8,3.7428,nan,edge/x86_64,unknown,3.12.3,2026-10-09T18:43:31Z
103,ML-KEM-768+ML-DSA-65,post-quantum,3,wrap_flow,0.3423,0.0,0.0,0.0,0,0,1088,3309,512,4991,4479,874.8,5.1342,nan,edge/x86_64,unknown,3.12.3,2026-10-09T18:43:31Z
104,ML-KEM-768+ML-DSA-65,post-quantum,3,wrap_flow,0.3256,0.0,0.0,0.0,0,0,1088,3309,512,4991,4479,874.8,4.8845,nan,edge/x86_64,unknown,3.12.3,2026-10-09T18:43:31Z
105,ML-KEM-768+ML-DSA-65,post-quantum,3,wrap_flow,0.6232,0.0,0.0,0.0,0,0,1088,3309,512,4991,4479,874.8,9.3474,nan,edge/x86_64,unknown,3.12.3,2026-10-09T18:43:31Z
106,ML-KEM-768+ML-DSA-65,post-quantum,3,wrap_flow,0.2451,0.0,0.0,0.0,0,0,1088,3309,512,4991,4479,874.8,3.6758,nan,edge/x86_64,unknown,3.12.3,2026-10-09T18:43:31Z
107,ML-KEM-768+ML-DSA-65,post-quantum,3,wrap_flow,0.28,0.0,0.0,0.0,0,0,1088,3309,512,4991,4479,874.8,4.2,nan,edge/x86_64,unknown,3.12.3,2026-10-09T18:43:31Z
108,ML-KEM-768+ML-DSA-65,post-quantum,3,wrap_flow,0.3232,0.0,0.0,0.0,0,0,1088,3309,512,4991,4479,874.8,4.8479,nan,edge/x86_64,unknown,3.12.3,2026-10-09T18:43:31Z
109,ML-KEM-768+ML-DSA-65,post-quantum,3,wrap_flow,0.2328,0.0,0.0,0.0,0,0,1088,3309,512,4991,4479,874.8,3.492,nan,edge/x86_64,unknown,3.12.3,2026-10-09T18:43:31Z
110,ML-KEM-768+ML-DSA-65,post-quantum,3,wrap_flow,0.5077,0.0,0.0,0.0,0,0,1088,3309,512,4991,4479,874.8,7.6148,nan,edge/x86_64,unknown,3.12.3,2026-10-09T18:43:31Z
111,ML-KEM-768+ML-DSA-65,post-quantum,3,wrap_flow,0.6131,0.0,0.0,0.0,0,0,1088,3309,512,4991,4479,874.8,9.1967,nan,edge/x86_64,unknown,3.12.3,2026-10-09T18:43:31Z
112,ML-KEM-768+ML-DSA-65,post-quantum,3,wrap_flow,0.2367,0.0,0.0,0.0,0,0,1088,3309,512,4991,4479,874.8,3.5503,nan,edge/x86_64,unknown,3.12.3,2026-10-09T18:43:31Z
113,ML-KEM-768+ML-DSA-65,post-quantum,3,wrap_flow,0.2369,0.0,0.0,0.0,0,0,1088,3309,512,4991,4479,874.8,3.5528,nan,edge/x86_64,unknown,3.12.3,2026-10-09T18:43:31Z
114,ML-KEM-768+ML-DSA-65,post-quantum,3,wrap_flow,0.4268,0.0,0.0,0.0,0,0,1088,3309,512,4991,4479,874.8,6.4024,nan,edge/x86_64,unknown,3.12.3,2026-10-09T18:43:31Z
115,ML-KEM-768+ML-DSA-65,post-quantum,3,wrap_flow,0.2168,0.0,0.0,0.0,0,0,1088,3309,512,4991,4479,874.8,3.2514,nan,edge/x86_64,unknown,3.12.3,2026-10-09T18:43:31Z
116,ML-KEM-768+ML-DSA-65,post-quantum,3,wrap_flow,0.2418,0.0,0.0,0.0,0,0,1088,3309,512,4991,4479,874.8,3.6277,nan,edge/x86_64,unknown,3.12.3,2026-10-09T18:43:31Z
117,ML-KEM-768+ML-DSA-65,post-quantum,3,wrap_flow,0.2025,0.0,0.0,0.0,0,0,1088,3309,512,4991,4479,874.8,3.038,nan,edge/x86_64,unknown,3.12.3,2026-10-09T18:43:31Z
118,ML-KEM-768+ML-DSA-65,post-quantum,3,wrap_flow,0.2264,0.0,0.0,0.0,0,0,1088,3309,512,4991,4479,874.8,3.3954,nan,edge/x86_64,unknown,3.12.3,2026-10-09T18:43:31Z
119,ML-KEM-768+ML-DSA-65,post-quantum,3,wrap_flow,0.2989,0.0,0.0,0.0,0,0,1088,3309,512,4991,4479,874.8,4.4832,nan,edge/x86_64,unknown,3.12.3,2026-10-09T18:43:31Z
120,ML-KEM-768+ML-DSA-65,post-quantum,3,wrap_flow,0.2746,0.0,0.0,0.0,0,0,1088,3309,512,4991,4479,874.8,4.1195,nan,edge/x86_64,unknown,3.12.3,2026-10-09T18:43:31Z
121,ML-KEM-768+ML-DSA-65,post-quantum,3,wrap_flow,0.2876,0.0,0.0,0.0,0,0,1088,3309,512,4991,4479,874.8,4.3133,nan,edge/x86_64,unknown,3.12.3,2026-10-09T18:43:31Z
122,ML-KEM-768+ML-DSA-65,post-quantum,3,wrap_flow,0.3651,0.0,0.0,0.0,0,0,1088,3309,512,4991,4479,874.8,5.4771,nan,edge/x86_64,unknown,3.12.3,2026-10-09T18:43:31Z
123,ML-KEM-768+ML-DSA-65,post-quantum,3,wrap_flow,0.6629,0.0,0.0,0.0,0,0,1088,3309,512,4991,4479,874.8,9.9432,nan,edge/x86_64,unknown,3.12.3,2026-10-09T18:43:31Z
124,ML-KEM-768+ML-DSA-65,post-quantum,3,wrap_flow,0.8362,0.0,0.0,0.0,0,0,1088,3309,512,4991,4479,874.8,12.5427,nan,edge/x86_64,unknown,3.12.3,2026-10-09T18:43:31Z
125,ML-KEM-768+ML-DSA-65,post-quantum,3,wrap_flow,0.5218,0.0,0.0,0.0,0,0,1088,3309,512,4991,4479,874.8,7.8263,nan,edge/x86_64,unknown,3.12.3,2026-10-09T18:43:31Z
126,ML-KEM-768+ML-DSA-65,post-quantum,3,wrap_flow,0.3471,0.0,0.0,0.0,0,0,1088,3309,512,4991,4479,874.8,5.2059,nan,edge/x86_64,unknown,3.12.3,2026-10-09T18:43:31Z
127,ML-KEM-768+ML-DSA-65,post-quantum,3,wrap_flow,0.1942,0.0,0.0,0.0,0,0,1088,3309,512,4991,4479,874.8,2.9127,nan,edge/x86_64,unknown,3.12.3,2026-10-09T18:43:31Z
128,ML-KEM-768+ML-DSA-65,post-quantum,3,wrap_flow,0.5694,0.0,0.0,0.0,0,0,1088,3309,512,4991,4479,874.8,8.5416,nan,edge/x86_64,unknown,3.12.3,2026-10-09T18:43:31Z
129,ML-KEM-768+ML-DSA-65,post-quantum,3,wrap_flow,0.2639,0.0,0.0,0.0,0,0,1088,3309,512,4991,4479,874.8,3.9582,nan,edge/x86_64,unknown,3.12.3,2026-10-09T18:43:31Z
130,ML-KEM-768+ML-DSA-65,post-quantum,3,wrap_flow,0.2239,0.0,0.0,0.0,0,0,1088,3309,512,4991,4479,874.8,3.3592,nan,edge/x86_64,unknown,3.12.3,2026-10-09T18:43:31Z
131,ML-KEM-768+ML-DSA-65,post-quantum,3,wrap_flow,0.2152,0.0,0.0,0.0,0,0,1088,3309,512,4991,4479,874.8,3.2275,nan,edge/x86_64,unknown,3.12.3,2026-10-09T18:43:31Z
132,ML-KEM-768+ML-DSA-65,post-quantum,3,wrap_flow,0.3237,0.0,0.0,0.0,0,0,1088,3309,512,4991,4479,874.8,4.8549,nan,edge/x86_64,unknown,3.12.3,2026-10-09T18:43:31Z
133,ML-KEM-768+ML-DSA-65,post-quantum,3,wrap_flow,0.1972,0.0,0.0,0.0,0,0,1088,3309,512,4991,4479,874.8,2.9573,nan,edge/x86_64,unknown,3.12.3,2026-10-09T18:43:31Z
134,ML-KEM-768+ML-DSA-65,post-quantum,3,wrap_flow,0.1939,0.0,0.0,0.0,0,0,1088,3309,512,4991,4479,874.8,2.909,nan,edge/x86_64,unknown,3.12.3,2026-10-09T18:43:31Z
135,ML-KEM-768+ML-DSA-65,post-quantum,3,wrap_flow,0.3819,0.0,0.0,0.0,0,0,1088,3309,512,4991,4479,874.8,5.7288,nan,edge/x86_64,unknown,3.12.3,2026-10-09T18:43:31Z
136,ML-KEM-768+ML-DSA-65,post-quantum,3,wrap_flow,0.5455,0.0,0.0,0.0,0,0,1088,3309,512,4991,4479,874.8,8.182,nan,edge/x86_64,unknown,3.12.3,2026-10-09T18:43:31Z
137,ML-KEM-768+ML-DSA-65,post-quantum,3,wrap_flow,0.3367,0.0,0.0,0.0,0,0,1088,3309,512,4991,4479,874.8,5.0499,nan,edge/x86_64,unknown,3.12.3,2026-10-09T18:43:31Z
138,ML-KEM-768+ML-DSA-65,post-quantum,3,wrap_flow,0.3375,0.0,0.0,0.0,0,0,1088,3309,512,4991,4479,874.8,5.0628,nan,edge/x86_64,unknown,3.12.3,2026-10-09T18:43:31Z
139,ML-KEM-768+ML-DSA-65,post-quantum,3,wrap_flow,0.41,0.0,0.0,0.0,0,0,1088,3309,512,4991,4479,874.8,6.1498,nan,edge/x86_64,unknown,3.12.3,2026-10-09T18:43:31Z
140,ML-KEM-768+ML-DSA-65,post-quantum,3,wrap_flow,0.3967,0.0,0.0,0.0,0,0,1088,3309,512,4991,4479,874.8,5.9502,nan,edge/x86_64,unknown,3.12.3,2026-10-09T18:43:31Z
141,ML-KEM-768+ML-DSA-65,post-quantum,3,wrap_flow,0.6055,0.0,0.0,0.0,0,0,1088,3309,512,4991,4479,874.8,9.0824,nan,edge/x86_64,unknown,3.12.3,2026-10-09T18:43:31Z
142,ML-KEM-768+ML-DSA-65,post-quantum,3,wrap_flow,0.344,0.0,0.0,0.0,0,0,1088,3309,512,4991,4479,874.8,5.1594,nan,edge/x86_64,unknown,3.12.3,2026-10-09T18:43:31Z
143,ML-KEM-768+ML-DSA-65,post-quantum,3,wrap_flow,0.2468,0.0,0.0,0.0,0,0,1088,3309,512,4991,4479,874.8,3.7015,nan,edge/x86_64,unknown,3.12.3,2026-10-09T18:43:31Z
144,ML-KEM-768+ML-DSA-65,post-quantum,3,wrap_flow,0.5772,0.0,0.0,0.0,0,0,1088,3309,512,4991,4479,874.8,8.6574,nan,edge/x86_64,unknown,3.12.3,2026-10-09T18:43:31Z
145,ML-KEM-768+ML-DSA-65,post-quantum,3,wrap_flow,0.2302,0.0,0.0,0.0,0,0,1088,3309,512,4991,4479,874.8,3.4534,nan,edge/x86_64,unknown,3.12.3,2026-10-09T18:43:31Z
146,ML-KEM-768+ML-DSA-65,post-quantum,3,wrap_flow,0.5006,0.0,0.0,0.0,0,0,1088,3309,512,4991,4479,874.8,7.5092,nan,edge/x86_64,unknown,3.12.3,2026-10-09T18:43:31Z
147,ML-KEM-768+ML-DSA-65,post-quantum,3,wrap_flow,0.5743,0.0,0.0,0.0,0,0,1088,3309,512,4991,4479,874.8,8.6147,nan,edge/x86_64,unknown,3.12.3,2026-10-09T18:43:31Z
148,ML-KEM-768+ML-DSA-65,post-quantum,3,wrap_flow,0.2059,0.0,0.0,0.0,0,0,1088,3309,512,4991,4479,874.8,3.089,nan,edge/x86_64,unknown,3.12.3,2026-10-09T18:43:31Z
149,ML-KEM-768+ML-DSA-65,post-quantum,3,wrap_flow,0.5262,0.0,0.0,0.0,0,0,1088,3309,512,4991,4479,874.8,7.8932,nan,edge/x86_64,unknown,3.12.3,2026-10-09T18:43:31Z
150,ML-KEM-768+ML-DSA-65,post-quantum,3,wrap_flow,0.2503,0.0,0.0,0.0,0,0,1088,3309,512,4991,4479,874.8,3.7543,nan,edge/x86_64,unknown,3.12.3,2026-10-09T18:43:31Z
151,ML-KEM-768+ML-DSA-65,post-quantum,3,wrap_flow,0.2317,0.0,0.0,0.0,0,0,1088,3309,512,4991,4479,874.8,3.4753,nan,edge/x86_64,unknown,3.12.3,2026-10-09T18:43:31Z
152,ML-KEM-768+ML-DSA-65,post-quantum,3,wrap_flow,0.6191,0.0,0.0,0.0,0,0,1088,3309,512,4991,4479,874.8,9.2867,nan,edge/x86_64,unknown,3.12.3,2026-10-09T18:43:31Z
153,ML-KEM-768+ML-DSA-65,post-quantum,3,wrap_flow,0.3292,0.0,0.0,0.0,0,0,1088,3309,512,4991,4479,874.8,4.9382,nan,edge/x86_64,unknown,3.12.3,2026-10-09T18:43:31Z
154,ML-KEM-768+ML-DSA-65,post-quantum,3,wrap_flow,0.2641,0.0,0.0,0.0,0,0,1088,3309,512,4991,4479,874.8,3.962,nan,edge/x86_64,unknown,3.12.3,2026-10-09T18:43:31Z
155,ML-KEM-768+ML-DSA-65,post-quantum,3,wrap_flow,0.2809,0.0,0.0,0.0,0,0,1088,3309,512,4991,4479,874.8,4.214,nan,edge/x86_64,unknown,3.12.3,2026-10-09T18:43:31Z
156,ML-KEM-768+ML-DSA-65,post-quantum,3,wrap_flow,0.2375,0.0,0.0,0.0,0,0,1088,3309,512,4991,4479,874.8,3.5619,nan,edge/x86_64,unknown,3.12.3,2026-10-09T18:43:31Z
157,ML-KEM-768+ML-DSA-65,post-quantum,3,wrap_flow,0.32,0.0,0.0,0.0,0,0,1088,3309,512,4991,4479,874.8,4.7993,nan,edge/x86_64,unknown,3.12.3,2026-10-09T18:43:31Z
158,ML-KEM-768+ML-DSA-65,post-quantum,3,wrap_flow,0.2404,0.0,0.0,0.0,0,0,1088,3309,512,4991,4479,874.8,3.6057,nan,edge/x86_64,unknown,3.12.3,2026-10-09T18:43:31Z
159,ML-KEM-768+ML-DSA-65,post-quantum,3,wrap_flow,0.1893,0.0,0.0,0.0,0,0,1088,3309,512,4991,4479,874.8,2.84,nan,edge/x86_64,unknown,3.12.3,2026-10-09T18:43:31Z
160,ML-KEM-768+ML-DSA-65,post-quantum,3,wrap_flow,0.2311,0.0,0.0,0.0,0,0,1088,3309,512,4991,4479,874.8,3.4667,nan,edge/x86_64,unknown,3.12.3,2026-10-09T18:43:31Z
161,ML-KEM-768+ML-DSA-65,post-quantum,3,wrap_flow,0.2119,0.0,0.0,0.0,0,0,1088,3309,512,4991,4479,874.8,3.1785,nan,edge/x86_64,unknown,3.12.3,2026-10-09T18:43:31Z
162,ML-KEM-768+ML-DSA-65,post-quantum,3,wrap_flow,0.2799,0.0,0.0,0.0,0,0,1088,3309,512,4991,4479,874.8,4.198,nan,edge/x86_64,unknown,3.12.3,2026-10-09T18:43:31Z
163,ML-KEM-768+ML-DSA-65,post-quantum,3,wrap_flow,0.3585,0.0,0.0,0.0,0,0,1088,3309,512,4991,4479,874.8,5.3779,nan,edge/x86_64,unknown,3.12.3,2026-10-09T18:43:31Z
164,ML-KEM-768+ML-DSA-65,post-quantum,3,wrap_flow,0.3313,0.0,0.0,0.0,0,0,1088,3309,512,4991,4479,874.8,4.9695,nan,edge/x86_64,unknown,3.12.3,2026-10-09T18:43:31Z
165,ML-KEM-768+ML-DSA-65,post-quantum,3,wrap_flow,0.192,0.0,0.0,0.0,0,0,1088,3309,512,4991,4479,874.8,2.8798,nan,edge/x86_64,unknown,3.12.3,2026-10-09T18:43:31Z
166,ML-KEM-768+ML-DSA-65,post-quantum,3,wrap_flow,0.2868,0.0,0.0,0.0,0,0,1088,3309,512,4991,4479,874.8,4.3019,nan,edge/x86_64,unknown,3.12.3,2026-10-09T18:43:31Z
167,ML-KEM-768+ML-DSA-65,post-quantum,3,wrap_flow,0.2449,0.0,0.0,0.0,0,0,1088,3309,512,4991,4479,874.8,3.6739,nan,edge/x86_64,unknown,3.12.3,2026-10-09T18:43:31Z
168,ML-KEM-768+ML-DSA-65,post-quantum,3,wrap_flow,0.4062,0.0,0.0,0.0,0,0,1088,3309,512,4991,4479,874.8,6.0936,nan,edge/x86_64,unknown,3.12.3,2026-10-09T18:43:31Z
169,ML-KEM-768+ML-DSA-65,post-quantum,3,wrap_flow,0.3358,0.0,0.0,0.0,0,0,1088,3309,512,4991,4479,874.8,5.0376,nan,edge/x86_64,unknown,3.12.3,2026-10-09T18:43:31Z
170,ML-KEM-768+ML-DSA-65,post-quantum,3,wrap_flow,0.1984,0.0,0.0,0.0,0,0,1088,3309,512,4991,4479,874.8,2.9764,nan,edge/x86_64,unknown,3.12.3,2026-10-09T18:43:31Z
171,ML-KEM-768+ML-DSA-65,post-quantum,3,wrap_flow,0.5146,0.0,0.0,0.0,0,0,1088,3309,512,4991,4479,874.8,7.7196,nan,edge/x86_64,unknown,3.12.3,2026-10-09T18:43:31Z
172,ML-KEM-768+ML-DSA-65,post-quantum,3,wrap_flow,0.2751,0.0,0.0,0.0,0,0,1088,3309,512,4991,4479,874.8,4.127,nan,edge/x86_64,unknown,3.12.3,2026-10-09T18:43:31Z
173,ML-KEM-768+ML-DSA-65,post-quantum,3,wrap_flow,0.1932,0.0,0.0,0.0,0,0,1088,3309,512,4991,4479,874.8,2.8974,nan,edge/x86_64,unknown,3.12.3,2026-10-09T18:43:31Z
174,ML-KEM-768+ML-DSA-65,post-quantum,3,wrap_flow,0.3013,0.0,0.0,0.0,0,0,1088,3309,512,4991,4479,874.8,4.5196,nan,edge/x86_64,unknown,3.12.3,2026-10-09T18:43:31Z
175,ML-KEM-768+ML-DSA-65,post-quantum,3,wrap_flow,0.2777,0.0,0.0,0.0,0,0,1088,3309,512,4991,4479,874.8,4.1649,nan,edge/x86_64,unknown,3.12.3,2026-10-09T18:43:31Z
176,ML-KEM-768+ML-DSA-65,post-quantum,3,wrap_flow,0.2864,0.0,0.0,0.0,0,0,1088,3309,512,4991,4479,874.8,4.2953,nan,edge/x86_64,unknown,3.12.3,2026-10-09T18:43:31Z
177,ML-KEM-768+ML-DSA-65,post-quantum,3,wrap_flow,0.4013,0.0,0.0,0.0,0,0,1088,3309,512,4991,4479,874.8,6.0202,nan,edge/x86_64,unknown,3.12.3,2026-10-09T18:43:31Z
178,ML-KEM-768+ML-DSA-65,post-quantum,3,wrap_flow,0.2656,0.0,0.0,0.0,0,0,1088,3309,512,4991,4479,874.8,3.984,nan,edge/x86_64,unknown,3.12.3,2026-10-09T18:43:31Z
179,ML-KEM-768+ML-DSA-65,post-quantum,3,wrap_flow,0.2559,0.0,0.0,0.0,0,0,1088,3309,512,4991,4479,874.8,3.8389,nan,edge/x86_64,unknown,3.12.3,2026-10-09T18:43:31Z
180,ML-KEM-768+ML-DSA-65,post-quantum,3,wrap_flow,0.2309,0.0,0.0,0.0,0,0,1088,3309,512,4991,4479,874.8,3.4639,nan,edge/x86_64,unknown,3.12.3,2026-10-09T18:43:31Z
181,ML-KEM-768+ML-DSA-65,post-quantum,3,wrap_flow,0.2724,0.0,0.0,0.0,0,0,1088,3309,512,4991,4479,874.8,4.0857,nan,edge/x86_64,unknown,3.12.3,2026-10-09T18:43:31Z
182,ML-KEM-768+ML-DSA-65,post-quantum,3,wrap_flow,0.2993,0.0,0.0,0.0,0,0,1088,3309,512,4991,4479,874.8,4.4893,nan,edge/x86_64,unknown,3.12.3,2026-10-09T18:43:31Z
183,ML-KEM-768+ML-DSA-65,post-quantum,3,wrap_flow,0.2529,0.0,0.0,0.0,0,0,1088,3309,512,4991,4479,874.8,3.7931,nan,edge/x86_64,unknown,3.12.3,2026-10-09T18:43:31Z
184,ML-KEM-768+ML-DSA-65,post-quantum,3,wrap_flow,0.2826,0.0,0.0,0.0,0,0,1088,3309,512,4991,4479,874.8,4.2396,nan,edge/x86_64,unknown,3.12.3,2026-10-09T18:43:31Z
185,ML-KEM-768+ML-DSA-65,post-quantum,3,wrap_flow,0.3637,0.0,0.0,0.0,0,0,1088,3309,512,4991,4479,874.8,5.4552,nan,edge/x86_64,unknown,3.12.3,2026-10-09T18:43:31Z
186,ML-KEM-768+ML-DSA-65,post-quantum,3,wrap_flow,0.2038,0.0,0.0,0.0,0,0,1088,3309,512,4991,4479,874.8,3.0571,nan,edge/x86_64,unknown,3.12.3,2026-10-09T18:43:31Z
187,ML-KEM-768+ML-DSA-65,post-quantum,3,wrap_flow,0.1939,0.0,0.0,0.0,0,0,1088,3309,512,4991,4479,874.8,2.909,nan,edge/x86_64,unknown,3.12.3,2026-10-09T18:43:31Z
188,ML-KEM-768+ML-DSA-65,post-quantum,3,wrap_flow,0.3192,0.0,0.0,0.0,0,0,1088,3309,512,4991,4479,874.8,4.7885,nan,edge/x86_64,unknown,3.12.3,2026-10-09T18:43:31Z
189,ML-KEM-768+ML-DSA-65,post-quantum,3,wrap_flow,0.2729,0.0,0.0,0.0,0,0,1088,3309,512,4991,4479,874.8,4.0928,nan,edge/x86_64,unknown,3.12.3,2026-10-09T18:43:31Z
190,ML-KEM-768+ML-DSA-65,post-quantum,3,wrap_flow,0.1914,0.0,0.0,0.0,0,0,1088,3309,512,4991,4479,874.8,2.8714,nan,edge/x86_64,unknown,3.12.3,2026-10-09T18:43:31Z
191,ML-KEM-768+ML-DSA-65,post-quantum,3,wrap_flow,0.2861,0.0,0.0,0.0,0,0,1088,3309,512,4991,4479,874.8,4.292,nan,edge/x86_64,unknown,3.12.3,2026-10-09T18:43:31Z
192,ML-KEM-768+ML-DSA-65,post-quantum,3,wrap_flow,0.3451,0.0,0.0,0.0,0,0,1088,3309,512,4991,4479,874.8,5.1764,nan,edge/x86_64,unknown,3.12.3,2026-10-09T18:43:31Z
193,ML-KEM-768+ML-DSA-65,post-quantum,3,wrap_flow,0.2353,0.0,0.0,0.0,0,0,1088,3309,512,4991,4479,874.8,3.5302,nan,edge/x86_64,unknown,3.12.3,2026-10-09T18:43:31Z
194,ML-KEM-768+ML-DSA-65,post-quantum,3,wrap_flow,0.3628,0.0,0.0,0.0,0,0,1088,3309,512,4991,4479,874.8,5.4422,nan,edge/x86_64,unknown,3.12.3,2026-10-09T18:43:31Z
195,ML-KEM-768+ML-DSA-65,post-quantum,3,wrap_flow,0.2451,0.0,0.0,0.0,0,0,1088,3309,512,4991,4479,874.8,3.6762,nan,edge/x86_64,unknown,3.12.3,2026-10-09T18:43:31Z
196,ML-KEM-768+ML-DSA-65,post-quantum,3,wrap_flow,0.2552,0.0,0.0,0.0,0,0,1088,3309,512,4991,4479,874.8,3.8276,nan,edge/x86_64,unknown,3.12.3,2026-10-09T18:43:31Z
197,ML-KEM-768+ML-DSA-65,post-quantum,3,wrap_flow,0.3346,0.0,0.0,0.0,0,0,1088,3309,512,4991,4479,874.8,5.0183,nan,edge/x86_64,unknown,3.12.3,2026-10-09T18:43:31Z
198,ML-KEM-768+ML-DSA-65,post-quantum,3,wrap_flow,0.5561,0.0,0.0,0.0,0,0,1088,3309,512,4991,4479,874.8,8.3422,nan,edge/x86_64,unknown,3.12.3,2026-10-09T18:43:31Z
199,ML-KEM-768+ML-DSA-65,post-quantum,3,wrap_flow,0.2524,0.0,0.0,0.0,0,0,1088,3309,512,4991,4479,874.8,3.7855,nan,edge/x86_64,unknown,3.12.3,2026-10-09T18:43:31Z
0,ML-KEM-768+ML-DSA-65,post-quantum,3,wrap_flow,0.2632,0.0,0.0,0.0,0,0,1088,3309,1024,5503,4479,437.4,3.9479,nan,edge/x86_64,unknown,3.12.3,2026-10-09T18:43:31Z
1,ML-KEM-768+ML-DSA-65,post-quantum,3,wrap_flow,0.2654,0.0,0.0,0.0,0,0,1088,3309,1024,5503,4479,437.4,3.9811,nan,edge/x86_64,unknown,3.12.3,2026-10-09T18:43:31Z
2,ML-KEM-768+ML-DSA-65,post-quantum,3,wrap_flow,0.2878,0.0,0.0,0.0,0,0,1088,3309,1024,5503,4479,437.4,4.317,nan,edge/x86_64,unknown,3.12.3,2026-10-09T18:43:31Z
3,ML-KEM-768+ML-DSA-65,post-quantum,3,wrap_flow,0.236,0.0,0.0,0.0,0,0,1088,3309,1024,5503,4479,437.4,3.5404,nan,edge/x86_64,unknown,3.12.3,2026-10-09T18:43:31Z
4,ML-KEM-768+ML-DSA-65,post-quantum,3,wrap_flow,0.4759,0.0,0.0,0.0,0,0,1088,3309,1024,5503,4479,437.4,7.138,nan,edge/x86_64,unknown,3.12.3,2026-10-09T18:43:31Z
5,ML-KEM-768+ML-DSA-65,post-quantum,3,wrap_flow,0.2945,0.0,0.0,0.0,0,0,1088,3309,1024,5503,4479,437.4,4.4175,nan,edge/x86_64,unknown,3.12.3,2026-10-09T18:43:31Z
6,ML-KEM-768+ML-DSA-65,post-quantum,3,wrap_flow,0.2962,0.0,0.0,0.0,0,0,1088,3309,1024,5503,4479,437.4,4.4425,nan,edge/x86_64,unknown,3.12.3,2026-10-09T18:43:31Z
7,ML-KEM-768+ML-DSA-65,post-quantum,3,wrap_flow,0.2723,0.0,0.0,0.0,0,0,1088,3309,1024,5503,4479,437.4,4.0847,nan,edge/x86_64,unknown,3.12.3,2026-10-09T18:43:31Z
8,ML-KEM-768+ML-DSA-65,post-quantum,3,wrap_flow,0.3401,0.0,0.0,0.0,0,0,1088,3309,1024,5503,4479,437.4,5.1016,nan,edge/x86_64,unknown,3.12.3,2026-10-09T18:43:31Z
9,ML-KEM-768+ML-DSA-65,post-quantum,3,wrap_flow,0.2623,0.0,0.0,0.0,0,0,1088,3309,1024,5503,4479,437.4,3.9338,nan,edge/x86_64,unknown,3.12.3,2026-10-09T18:43:31Z
10,ML-KEM-768+ML-DSA-65,post-quantum,3,wrap_flow,0.2826,0.0,0.0,0.0,0,0,1088,3309,1024,5503,4479,437.4,4.2388,nan,edge/x86_64,unknown,3.12.3,2026-10-09T18:43:31Z
11,ML-KEM-768+ML-DSA-65,post-quantum,3,wrap_flow,0.2805,0.0,0.0,0.0,0,0,1088,3309,1024,5503,4479,437.4,4.2068,nan,edge/x86_64,unknown,3.12.3,2026-10-09T18:43:31Z
12,ML-KEM-768+ML-DSA-65,post-quantum,3,wrap_flow,0.2677,0.0,0.0,0.0,0,0,1088,3309,1024,5503,4479,437.4,4.015,nan,edge/x86_64,unknown,3.12.3,2026-10-09T18:43:31Z
13,ML-KEM-768+ML-DSA-65,post-quantum,3,wrap_flow,0.2088,0.0,0.0,0.0,0,0,1088,3309,1024,5503,4479,437.4,3.1317,nan,edge/x86_64,unknown,3.12.3,2026-10-09T18:43:31Z
14,ML-KEM-768+ML-DSA-65,post-quantum,3,wrap_flow,0.3482,0.0,0.0,0.0,0,0,1088,3309,1024,5503,4479,437.4,5.223,nan,edge/x86_64,unknown,3.12.3,2026-10-09T18:43:31Z
15,ML-KEM-768+ML-DSA-65,post-quantum,3,wrap_flow,0.3913,0.0,0.0,0.0,0,0,1088,3309,1024,5503,4479,437.4,5.8701,nan,edge/x86_64,unknown,3.12.3,2026-10-09T18:43:31Z
16,ML-KEM-768+ML-DSA-65,post-quantum,3,wrap_flow,0.2781,0.0,0.0,0.0,0,0,1088,3309,1024,5503,4479,437.4,4.171,nan,edge/x86_64,unknown,3.12.3,2026-10-09T18:43:31Z
17,ML-KEM-768+ML-DSA-65,post-quantum,3,wrap_flow,0.2896,0.0,0.0,0.0,0,0,1088,3309,1024,5503,4479,437.4,4.3436,nan,edge/x86_64,unknown,3.12.3,2026-10-09T18:43:31Z
18,ML-KEM-768+ML-DSA-65,post-quantum,3,wrap_flow,0.3558,0.0,0.0,0.0,0,0,1088,3309,1024,5503,4479,437.4,5.3377,nan,edge/x86_64,unknown,3.12.3,2026-10-09T18:43:31Z
19,ML-KEM-768+ML-DSA-65,post-quantum,3,wrap_flow,0.2847,0.0,0.0,0.0,0,0,1088,3309,1024,5503,4479,437.4,4.271,nan,edge/x86_64,unknown,3.12.3,2026-10-09T18:43:31Z
20,ML-KEM-768+ML-DSA-65,post-quantum,3,wrap_flow,0.2279,0.0,0.0,0.0,0,0,1088,3309,1024,5503,4479,437.4,3.4184,nan,edge/x86_64,unknown,3.12.3,2026-10-09T18:43:31Z
21,ML-KEM-768+ML-DSA-65,post-quantum,3,wrap_flow,0.2635,0.0,0.0,0.0,0,0,1088,3309,1024,5503,4479,437.4,3.9529,nan,edge/x86_64,unknown,3.12.3,2026-10-09T18:43:31Z
22,ML-KEM-768+ML-DSA-65,post-quantum,3,wrap_flow,0.2728,0.0,0.0,0.0,0,0,1088,3309,1024,5503,4479,437.4,4.0927,nan,edge/x86_64,unknown,3.12.3,2026-10-09T18:43:31Z
23,ML-KEM-768+ML-DSA-65,post-quantum,3,wrap_flow,0.4959,0.0,0.0,0.0,0,0,1088,3309,1024,5503,4479,437.4,7.4381,nan,edge/x86_64,unknown,3.12.3,2026-10-09T18:43:31Z
24,ML-KEM-768+ML-DSA-65,post-quantum,3,wrap_flow,0.392,0.0,0.0,0.0,0,0,1088,3309,1024,5503,4479,437.4,5.8804,nan,edge/x86_64,unknown,3.12.3,2026-10-09T18:43:31Z
25,ML-KEM-768+ML-DSA-65,post-quantum,3,wrap_flow,0.2876,0.0,0.0,0.0,0,0,1088,3309,1024,5503,4479,437.4,4.3133,nan,edge/x86_64,unknown,3.12.3,2026-10-09T18:43:31Z
26,ML-KEM-768+ML-DSA-65,post-quantum,3,wrap_flow,0.2403,0.0,0.0,0.0,0,0,1088,3309,1024,5503,4479,437.4,3.605,nan,edge/x86_64,unknown,3.12.3,2026-10-09T18:43:31Z
27,ML-KEM-768+ML-DSA-65,post-quantum,3,wrap_flow,0.2371,0.0,0.0,0.0,0,0,1088,3309,1024,5503,4479,437.4,3.5566,nan,edge/x86_64,unknown,3.12.3,2026-10-09T18:43:31Z
28,ML-KEM-768+ML-DSA-65,post-quantum,3,wrap_flow,0.2614,0.0,0.0,0.0,0,0,1088,3309,1024,5503,4479,437.4,3.9215,nan,edge/x86_64,unknown,3.12.3,2026-10-09T18:43:31Z
29,ML-KEM-768+ML-DSA-65,post-quantum,3,wrap_flow,0.2198,0.0,0.0,0.0,0,0,1088,3309,1024,5503,4479,437.4,3.2965,nan,edge/x86_64,unknown,3.12.3,2026-10-09T18:43:31Z
30,ML-KEM-768+ML-DSA-65,post-quantum,3,wrap_flow,0.3738,0.0,0.0,0.0,0,0,1088,3309,1024,5503,4479,437.4,5.607,nan,edge/x86_64,unknown,3.12.3,2026-10-09T18:43:31Z
31,ML-KEM-768+ML-DSA-65,post-quantum,3,wrap_flow,0.3284,0.0,0.0,0.0,0,0,1088,3309,1024,5503,4479,437.4,4.9265,nan,edge/x86_64,unknown,3.12.3,2026-10-09T18:43:31Z
32,ML-KEM-768+ML-DSA-65,post-quantum,3,wrap_flow,0.3979,0.0,0.0,0.0,0,0,1088,3309,1024,5503,4479,437.4,5.9679,nan,edge/x86_64,unknown,3.12.3,2026-10-09T18:43:31Z
33,ML-KEM-768+ML-DSA-65,post-quantum,3,wrap_flow,0.3382,0.0,0.0,0.0,0,0,1088,3309,1024,5503,4479,437.4,5.0735,nan,edge/x86_64,unknown,3.12.3,2026-10-09T18:43:31Z
34,ML-KEM-768+ML-DSA-65,post-quantum,3,wrap_flow,0.2927,0.0,0.0,0.0,0,0,1088,3309,1024,5503,4479,437.4,4.39,nan,edge/x86_64,unknown,3.12.3,2026-10-09T18:43:31Z
35,ML-KEM-768+ML-DSA-65,post-quantum,3,wrap_flow,0.3998,0.0,0.0,0.0,0,0,1088,3309,1024,5503,4479,437.4,5.9969,nan,edge/x86_64,unknown,3.12.3,2026-10-09T18:43:31Z
36,ML-KEM-768+ML-DSA-65,post-quantum,3,wrap_flow,0.4118,0.0,0.0,0.0,0,0,1088,3309,1024,5503,4479,437.4,6.1766,nan,edge/x86_64,unknown,3.12.3,2026-10-09T18:43:31Z
37,ML-KEM-768+ML-DSA-65,post-quantum,3,wrap_flow,0.2582,0.0,0.0,0.0,0,0,1088,3309,1024,5503,4479,437.4,3.8732,nan,edge/x86_64,unknown,3.12.3,2026-10-09T18:43:31Z
38,ML-KEM-768+ML-DSA-65,post-quantum,3,wrap_flow,0.4715,0.0,0.0,0.0,0,0,1088,3309,1024,5503,4479,437.4,7.0732,nan,edge/x86_64,unknown,3.12.3,2026-10-09T18:43:31Z
39,ML-KEM-768+ML-DSA-65,post-quantum,3,wrap_flow,0.227,0.0,0.0,0.0,0,0,1088,3309,1024,5503,4479,437.4,3.4056,nan,edge/x86_64,unknown,3.12.3,2026-10-09T18:43:31Z
40,ML-KEM-768+ML-DSA-65,post-quantum,3,wrap_flow,0.3579,0.0,0.0,0.0,0,0,1088,3309,1024,5503,4479,437.4,5.3686,nan,edge/x86_64,unknown,3.12.3,2026-10-09T18:43:31Z
41,ML-KEM-768+ML-DSA-65,post-quantum,3,wrap_flow,0.2537,0.0,0.0,0.0,0,0,1088,3309,1024,5503,4479,437.4,3.8052,nan,edge/x86_64,unknown,3.12.3,2026-10-09T18:43:31Z
42,ML-KEM-768+ML-DSA-65,post-quantum,3,wrap_flow,0.2832,0.0,0.0,0.0,0,0,1088,3309,1024,5503,4479,437.4,4.2487,nan,edge/x86_64,unknown,3.12.3,2026-10-09T18:43:31Z
43,ML-KEM-768+ML-DSA-65,post-quantum,3,wrap_flow,0.2679,0.0,0.0,0.0,0,0,1088,3309,1024,5503,4479,437.4,4.0189,nan,edge/x86_64,unknown,3.12.3,2026-10-09T18:43:31Z
44,ML-KEM-768+ML-DSA-65,post-quantum,3,wrap_flow,0.3247,0.0,0.0,0.0,0,0,1088,3309,1024,5503,4479,437.4,4.8704,nan,edge/x86_64,unknown,3.12.3,2026-10-09T18:43:31Z
45,ML-KEM-768+ML-DSA-65,post-quantum,3,wrap_flow,0.3514,0.0,0.0,0.0,0,0,1088,3309,1024,5503,4479,437.4,5.2706,nan,edge/x86_64,unknown,3.12.3,2026-10-09T18:43:31Z
46,ML-KEM-768+ML-DSA-65,post-quantum,3,wrap_flow,0.1951,0.0,0.0,0.0,0,0,1088,3309,1024,5503,4479,437.4,2.927,nan,edge/x86_64,unknown,3.12.3,2026-10-09T18:43:31Z
47,ML-KEM-768+ML-DSA-65,post-quantum,3,wrap_flow,0.4881,0.0,0.0,0.0,0,0,1088,3309,1024,5503,4479,437.4,7.321,nan,edge/x86_64,unknown,3.12.3,2026-10-09T18:43:31Z
48,ML-KEM-768+ML-DSA-65,post-quantum,3,wrap_flow,0.3769,0.0,0.0,0.0,0,0,1088,3309,1024,5503,4479,437.4,5.6539,nan,edge/x86_64,unknown,3.12.3,2026-10-09T18:43:31Z
49,ML-KEM-768+ML-DSA-65,post-quantum,3,wrap_flow,0.232,0.0,0.0,0.0,0,0,1088,3309,1024,5503,4479,437.4,3.48,nan,edge/x86_64,unknown,3.12.3,2026-10-09T18:43:31Z
50,ML-KEM-768+ML-DSA-65,post-quantum,3,wrap_flow,0.2052,0.0,0.0,0.0,0,0,1088,3309,1024,5503,4479,437.4,3.0778,nan,edge/x86_64,unknown,3.12.3,2026-10-09T18:43:31Z
51,ML-KEM-768+ML-DSA-65,post-quantum,3,wrap_flow,0.2656,0.0,0.0,0.0,0,0,1088,3309,1024,5503,4479,437.4,3.9839,nan,edge/x86_64,unknown,3.12.3,2026-10-09T18:43:31Z
52,ML-KEM-768+ML-DSA-65,post-quantum,3,wrap_flow,0.2364,0.0,0.0,0.0,0,0,1088,3309,1024,5503,4479,437.4,3.5465,nan,edge/x86_64,unknown,3.12.3,2026-10-09T18:43:31Z
53,ML-KEM-768+ML-DSA-65,post-quantum,3,wrap_flow,0.4295,0.0,0.0,0.0,0,0,1088,3309,1024,5503,4479,437.4,6.442,nan,edge/x86_64,unknown,3.12.3,2026-10-09T18:43:31Z
54,ML-KEM-768+ML-DSA-65,post-quantum,3,wrap_flow,0.5202,0.0,0.0,0.0,0,0,1088,3309,1024,5503,4479,437.4,7.8036,nan,edge/x86_64,unknown,3.12.3,2026-10-09T18:43:31Z
55,ML-KEM-768+ML-DSA-65,post-quantum,3,wrap_flow,0.3576,0.0,0.0,0.0,0,0,1088,3309,1024,5503,4479,437.4,5.3644,nan,edge/x86_64,unknown,3.12.3,2026-10-09T18:43:31Z
56,ML-KEM-768+ML-DSA-65,post-quantum,3,wrap_flow,0.255,0.0,0.0,0.0,0,0,1088,3309,1024,5503,4479,437.4,3.8246,nan,edge/x86_64,unknown,3.12.3,2026-10-09T18:43:31Z
57,ML-KEM-768+ML-DSA-65,post-quantum,3,wrap_flow,0.3376,0.0,0.0,0.0,0,0,1088,3309,1024,5503,4479,437.4,5.0646,nan,edge/x86_64,unknown,3.12.3,2026-10-09T18:43:31Z
58,ML-KEM-768+ML-DSA-65,post-quantum,3,wrap_flow,0.2895,0.0,0.0,0.0,0,0,1088,3309,1024,5503,4479,437.4,4.3428,nan,edge/x86_64,unknown,3.12.3,2026-10-09T18:43:31Z
59,ML-KEM-768+ML-DSA-65,post-quantum,3,wrap_flow,0.2656,0.0,0.0,0.0,0,0,1088,3309,1024,5503,4479,437.4,3.9846,nan,edge/x86_64,unknown,3.12.3,2026-10-09T18:43:31Z
60,ML-KEM-768+ML-DSA-65,post-quantum,3,wrap_flow,0.2255,0.0,0.0,0.0,0,0,1088,3309,1024,5503,4479,437.4,3.3828,nan,edge/x86_64,unknown,3.12.3,2026-10-09T18:43:31Z
61,ML-KEM-768+ML-DSA-65,post-quantum,3,wrap_flow,0.2497,0.0,0.0,0.0,0,0,1088,3309,1024,5503,4479,437.4,3.7461,nan,edge/x86_64,unknown,3.12.3,2026-10-09T18:43:31Z
62,ML-KEM-768+ML-DSA-65,post-quantum,3,wrap_flow,0.2628,0.0,0.0,0.0,0,0,1088,3309,1024,5503,4479,437.4,3.9418,nan,edge/x86_64,unknown,3.12.3,2026-10-09T18:43:31Z
63,ML-KEM-768+ML-DSA-65,post-quantum,3,wrap_flow,0.2575,0.0,0.0,0.0,0,0,1088,3309,1024,5503,4479,437.4,3.8632,nan,edge/x86_64,unknown,3.12.3,2026-10-09T18:43:31Z
64,ML-KEM-768+ML-DSA-65,post-quantum,3,wrap_flow,0.2776,0.0,0.0,0.0,0,0,1088,3309,1024,5503,4479,437.4,4.1642,nan,edge/x86_64,unknown,3.12.3,2026-10-09T18:43:31Z
65,ML-KEM-768+ML-DSA-65,post-quantum,3,wrap_flow,0.199,0.0,0.0,0.0,0,0,1088,3309,1024,5503,4479,437.4,2.9849,nan,edge/x86_64,unknown,3.12.3,2026-10-09T18:43:31Z
66,ML-KEM-768+ML-DSA-65,post-quantum,3,wrap_flow,0.2499,0.0,0.0,0.0,0,0,1088,3309,1024,5503,4479,437.4,3.748,nan,edge/x86_64,unknown,3.12.3,2026-10-09T18:43:31Z
67,ML-KEM-768+ML-DSA-65,post-quantum,3,wrap_flow,0.4573,0.0,0.0,0.0,0,0,1088,3309,1024,5503,4479,437.4,6.8591,nan,edge/x86_64,unknown,3.12.3,2026-10-09T18:43:31Z
68,ML-KEM-768+ML-DSA-65,post-quantum,3,wrap_flow,0.2354,0.0,0.0,0.0,0,0,1088,3309,1024,5503,4479,437.4,3.5315,nan,edge/x86_64,unknown,3.12.3,2026-10-09T18:43:31Z
69,ML-KEM-768+ML-DSA-65,post-quantum,3,wrap_flow,0.193,0.0,0.0,0.0,0,0,1088,3309,1024,5503,4479,437.4,2.8946,nan,edge/x86_64,unknown,3.12.3,2026-10-09T18:43:31Z
70,ML-KEM-768+ML-DSA-65,post-quantum,3,wrap_flow,0.4292,0.0,0.0,0.0,0,0,1088,3309,1024,5503,4479,437.4,6.4377,nan,edge/x86_64,unknown,3.12.3,2026-10-09T18:43:31Z
71,ML-KEM-768+ML-DSA-65,post-quantum,3,wrap_flow,0.2654,0.0,0.0,0.0,0,0,1088,3309,1024,5503,4479,437.4,3.9803,nan,edge/x86_64,unknown,3.12.3,2026-10-09T18:43:31Z
72,ML-KEM-768+ML-DSA-65,post-quantum,3,wrap_flow,0.26,0.0,0.0,0.0,0,0,1088,3309,1024,5503,4479,437.4,3.9003,nan,edge/x86_64,unknown,3.12.3,2026-10-09T18:43:31Z
73,ML-KEM-768+ML-DSA-65,post-quantum,3,wrap_flow,0.3144,0.0,0.0,0.0,0,0,1088,3309,1024,5503,4479,437.4,4.7164,nan,edge/x86_64,unknown,3.12.3,2026-10-09T18:43:31Z
74,ML-KEM-768+ML-DSA-65,post-quantum,3,wrap_flow,0.251,0.0,0.0,0.0,0,0,1088,3309,1024,5503,4479,437.4,3.765,nan,edge/x86_64,unknown,3.12.3,2026-10-09T18:43:31Z
75,ML-KEM-768+ML-DSA-65,post-quantum,3,wrap_flow,0.2815,0.0,0.0,0.0,0,0,1088,3309,1024,5503,4479,437.4,4.2218,nan,edge/x86_64,unknown,3.12.3,2026-10-09T18:43:31Z
76,ML-KEM-768+ML-DSA-65,post-quantum,3,wrap_flow,0.1931,0.0,0.0,0.0,0,0,1088,3309,1024,5503,4479,437.4,2.8971,nan,edge/x86_64,unknown,3.12.3,2026-10-09T18:43:31Z
77,ML-KEM-768+ML-DSA-65,post-quantum,3,wrap_flow,0.329,0.0,0.0,0.0,0,0,1088,3309,1024,5503,4479,437.4,4.9357,nan,edge/x86_64,unknown,3.12.3,2026-10-09T18:43:31Z
78,ML-KEM-768+ML-DSA-65,post-quantum,3,wrap_flow,0.2224,0.0,0.0,0.0,0,0,1088,3309,1024,5503,4479,437.4,3.3354,nan,edge/x86_64,unknown,3.12.3,2026-10-09T18:43:31Z
79,ML-KEM-768+ML-DSA-65,post-quantum,3,wrap_flow,0.2216,0.0,0.0,0.0,0,0,1088,3309,1024,5503,4479,437.4,3.3242,nan,edge/x86_64,unknown,3.12.3,2026-10-09T18:43:31Z
80,ML-KEM-768+ML-DSA-65,post-quantum,3,wrap_flow,0.3517,0.0,0.0,0.0,0,0,1088,3309,1024,5503,4479,437.4,5.2753,nan,edge/x86_64,unknown,3.12.3,2026-10-09T18:43:31Z
81,ML-KEM-768+ML-DSA-65,post-quantum,3,wrap_flow,0.7068,0.0,0.0,0.0,0,0,1088,3309,1024,5503,4479,437.4,10.602,nan,edge/x86_64,unknown,3.12.3,2026-10-09T18:43:31Z
82,ML-KEM-768+ML-DSA-65,post-quantum,3,wrap_flow,0.2389,0.0,0.0,0.0,0,0,1088,3309,1024,5503,4479,437.4,3.5837,nan,edge/x86_64,unknown,3.12.3,2026-10-09T18:43:31Z
83,ML-KEM-768+ML-DSA-65,post-quantum,3,wrap_flow,0.2393,0.0,0.0,0.0,0,0,1088,3309,1024,5503,4479,437.4,3.5901,nan,edge/x86_64,unknown,3.12.3,2026-10-09T18:43:31Z
84,ML-KEM-768+ML-DSA-65,post-quantum,3,wrap_flow,0.1904,0.0,0.0,0.0,0,0,1088,3309,1024,5503,4479,437.4,2.8564,nan,edge/x86_64,unknown,3.12.3,2026-10-09T18:43:31Z
85,ML-KEM-768+ML-DSA-65,post-quantum,3,wrap_flow,0.3077,0.0,0.0,0.0,0,0,1088,3309,1024,5503,4479,437.4,4.6156,nan,edge/x86_64,unknown,3.12.3,2026-10-09T18:43:31Z
86,ML-KEM-768+ML-DSA-65,post-quantum,3,wrap_flow,0.4094,0.0,0.0,0.0,0,0,1088,3309,1024,5503,4479,437.4,6.1403,nan,edge/x86_64,unknown,3.12.3,2026-10-09T18:43:31Z
87,ML-KEM-768+ML-DSA-65,post-quantum,3,wrap_flow,0.2599,0.0,0.0,0.0,0,0,1088,3309,1024,5503,4479,437.4,3.898,nan,edge/x86_64,unknown,3.12.3,2026-10-09T18:43:31Z
88,ML-KEM-768+ML-DSA-65,post-quantum,3,wrap_flow,0.417,0.0,0.0,0.0,0,0,1088,3309,1024,5503,4479,437.4,6.2546,nan,edge/x86_64,unknown,3.12.3,2026-10-09T18:43:31Z
89,ML-KEM-768+ML-DSA-65,post-quantum,3,wrap_flow,0.7496,0.0,0.0,0.0,0,0,1088,3309,1024,5503,4479,437.4,11.2439,nan,edge/x86_64,unknown,3.12.3,2026-10-09T18:43:31Z
90,ML-KEM-768+ML-DSA-65,post-quantum,3,wrap_flow,0.2913,0.0,0.0,0.0,0,0,1088,3309,1024,5503,4479,437.4,4.3701,nan,edge/x86_64,unknown,3.12.3,2026-10-09T18:43:31Z
91,ML-KEM-768+ML-DSA-65,post-quantum,3,wrap_flow,0.3795,0.0,0.0,0.0,0,0,1088,3309,1024,5503,4479,437.4,5.6927,nan,edge/x86_64,unknown,3.12.3,2026-10-09T18:43:31Z
92,ML-KEM-768+ML-DSA-65,post-quantum,3,wrap_flow,0.421,0.0,0.0,0.0,0,0,1088,3309,1024,5503,4479,437.4,6.3147,nan,edge/x86_64,unknown,3.12.3,2026-10-09T18:43:31Z
93,ML-KEM-768+ML-DSA-65,post-quantum,3,wrap_flow,0.323,0.0,0.0,0.0,0,0,1088,3309,1024,5503,4479,437.4,4.8457,nan,edge/x86_64,unknown,3.12.3,2026-10-09T18:43:31Z
94,ML-KEM-768+ML-DSA-65,post-quantum,3,wrap_flow,0.1999,0.0,0.0,0.0,0,0,1088,3309,1024,5503,4479,437.4,2.9982,nan,edge/x86_64,unknown,3.12.3,2026-10-09T18:43:31Z
95,ML-KEM-768+ML-DSA-65,post-quantum,3,wrap_flow,0.2962,0.0,0.0,0.0,0,0,1088,3309,1024,5503,4479,437.4,4.4427,nan,edge/x86_64,unknown,3.12.3,2026-10-09T18:43:31Z
96,ML-KEM-768+ML-DSA-65,post-quantum,3,wrap_flow,0.6719,0.0,0.0,0.0,0,0,1088,3309,1024,5503,4479,437.4,10.0788,nan,edge/x86_64,unknown,3.12.3,2026-10-09T18:43:31Z
97,ML-KEM-768+ML-DSA-65,post-quantum,3,wrap_flow,0.2299,0.0,0.0,0.0,0,0,1088,3309,1024,5503,4479,437.4,3.4478,nan,edge/x86_64,unknown,3.12.3,2026-10-09T18:43:31Z
98,ML-KEM-768+ML-DSA-65,post-quantum,3,wrap_flow,0.2002,0.0,0.0,0.0,0,0,1088,3309,1024,5503,4479,437.4,3.0032,nan,edge/x86_64,unknown,3.12.3,2026-10-09T18:43:31Z
99,ML-KEM-768+ML-DSA-65,post-quantum,3,wrap_flow,0.2034,0.0,0.0,0.0,0,0,1088,3309,1024,5503,4479,437.4,3.0503,nan,edge/x86_64,unknown,3.12.3,2026-10-09T18:43:31Z
100,ML-KEM-768+ML-DSA-65,post-quantum,3,wrap_flow,0.2858,0.0,0.0,0.0,0,0,1088,3309,1024,5503,4479,437.4,4.2868,nan,edge/x86_64,unknown,3.12.3,2026-10-09T18:43:31Z
101,ML-KEM-768+ML-DSA-65,post-quantum,3,wrap_flow,0.3166,0.0,0.0,0.0,0,0,1088,3309,1024,5503,4479,437.4,4.7496,nan,edge/x86_64,unknown,3.12.3,2026-10-09T18:43:31Z
102,ML-KEM-768+ML-DSA-65,post-quantum,3,wrap_flow,0.4297,0.0,0.0,0.0,0,0,1088,3309,1024,5503,4479,437.4,6.4449,nan,edge/x86_64,unknown,3.12.3,2026-10-09T18:43:31Z
103,ML-KEM-768+ML-DSA-65,post-quantum,3,wrap_flow,0.2083,0.0,0.0,0.0,0,0,1088,3309,1024,5503,4479,437.4,3.1238,nan,edge/x86_64,unknown,3.12.3,2026-10-09T18:43:31Z
104,ML-KEM-768+ML-DSA-65,post-quantum,3,wrap_flow,0.2116,0.0,0.0,0.0,0,0,1088,3309,1024,5503,4479,437.4,3.1744,nan,edge/x86_64,unknown,3.12.3,2026-10-09T18:43:31Z
105,ML-KEM-768+ML-DSA-65,post-quantum,3,wrap_flow,0.2313,0.0,0.0,0.0,0,0,1088,3309,1024,5503,4479,437.4,3.47,nan,edge/x86_64,unknown,3.12.3,2026-10-09T18:43:31Z
106,ML-KEM-768+ML-DSA-65,post-quantum,3,wrap_flow,0.471,0.0,0.0,0.0,0,0,1088,3309,1024,5503,4479,437.4,7.0644,nan,edge/x86_64,unknown,3.12.3,2026-10-09T18:43:31Z
107,ML-KEM-768+ML-DSA-65,post-quantum,3,wrap_flow,0.3839,0.0,0.0,0.0,0,0,1088,3309,1024,5503,4479,437.4,5.7584,nan,edge/x86_64,unknown,3.12.3,2026-10-09T18:43:31Z
108,ML-KEM-768+ML-DSA-65,post-quantum,3,wrap_flow,0.2801,0.0,0.0,0.0,0,0,1088,3309,1024,5503,4479,437.4,4.2012,nan,edge/x86_64,unknown,3.12.3,2026-10-09T18:43:31Z
109,ML-KEM-768+ML-DSA-65,post-quantum,3,wrap_flow,0.2343,0.0,0.0,0.0,0,0,1088,3309,1024,5503,4479,437.4,3.5148,nan,edge/x86_64,unknown,3.12.3,2026-10-09T18:43:31Z
110,ML-KEM-768+ML-DSA-65,post-quantum,3,wrap_flow,0.2906,0.0,0.0,0.0,0,0,1088,3309,1024,5503,4479,437.4,4.3593,nan,edge/x86_64,unknown,3.12.3,2026-10-09T18:43:31Z
111,ML-KEM-768+ML-DSA-65,post-quantum,3,wrap_flow,0.1896,0.0,0.0,0.0,0,0,1088,3309,1024,5503,4479,437.4,2.8447,nan,edge/x86_64,unknown,3.12.3,2026-10-09T18:43:31Z
112,ML-KEM-768+ML-DSA-65,post-quantum,3,wrap_flow,0.4496,0.0,0.0,0.0,0,0,1088,3309,1024,5503,4479,437.4,6.7442,nan,edge/x86_64,unknown,3.12.3,2026-10-09T18:43:31Z
113,ML-KEM-768+ML-DSA-65,post-quantum,3,wrap_flow,0.2977,0.0,0.0,0.0,0,0,1088,3309,1024,5503,4479,437.4,4.4653,nan,edge/x86_64,unknown,3.12.3,2026-10-09T18:43:31Z
114,ML-KEM-768+ML-DSA-65,post-quantum,3,wrap_flow,0.4449,0.0,0.0,0.0,0,0,1088,3309,1024,5503,4479,437.4,6.6739,nan,edge/x86_64,unknown,3.12.3,2026-10-09T18:43:31Z
115,ML-KEM-768+ML-DSA-65,post-quantum,3,wrap_flow,0.3849,0.0,0.0,0.0,0,0,1088,3309,1024,5503,4479,437.4,5.7735,nan,edge/x86_64,unknown,3.12.3,2026-10-09T18:43:31Z
116,ML-KEM-768+ML-DSA-65,post-quantum,3,wrap_flow,0.4377,0.0,0.0,0.0,0,0,1088,3309,1024,5503,4479,437.4,6.5661,nan,edge/x86_64,unknown,3.12.3,2026-10-09T18:43:31Z
117,ML-KEM-768+ML-DSA-65,post-quantum,3,wrap_flow,0.3411,0.0,0.0,0.0,0,0,1088,3309,1024,5503,4479,437.4,5.1159,nan,edge/x86_64,unknown,3.12.3,2026-10-09T18:43:31Z
118,ML-KEM-768+ML-DSA-65,post-quantum,3,wrap_flow,0.2592,0.0,0.0,0.0,0,0,1088,3309,1024,5503,4479,437.4,3.8883,nan,edge/x86_64,unknown,3.12.3,2026-10-09T18:43:31Z
119,ML-KEM-768+ML-DSA-65,post-quantum,3,wrap_flow,0.2665,0.0,0.0,0.0,0,0,1088,3309,1024,5503,4479,437.4,3.9977,nan,edge/x86_64,unknown,3.12.3,2026-10-09T18:43:31Z
120,ML-KEM-768+ML-DSA-65,post-quantum,3,wrap_flow,0.7242,0.0,0.0,0.0,0,0,1088,3309,1024,5503,4479,437.4,10.8627,nan,edge/x86_64,unknown,3.12.3,2026-10-09T18:43:31Z
121,ML-KEM-768+ML-DSA-65,post-quantum,3,wrap_flow,0.596,0.0,0.0,0.0,0,0,1088,3309,1024,5503,4479,437.4,8.9403,nan,edge/x86_64,unknown,3.12.3,2026-10-09T18:43:31Z
122,ML-KEM-768+ML-DSA-65,post-quantum,3,wrap_flow,0.2578,0.0,0.0,0.0,0,0,1088,3309,1024,5503,4479,437.4,3.8664,nan,edge/x86_64,unknown,3.12.3,2026-10-09T18:43:31Z
123,ML-KEM-768+ML-DSA-65,post-quantum,3,wrap_flow,0.2296,0.0,0.0,0.0,0,0,1088,3309,1024,5503,4479,437.4,3.444,nan,edge/x86_64,unknown,3.12.3,2026-10-09T18:43:31Z
124,ML-KEM-768+ML-DSA-65,post-quantum,3,wrap_flow,0.4053,0.0,0.0,0.0,0,0,1088,3309,1024,5503,4479,437.4,6.0789,nan,edge/x86_64,unknown,3.12.3,2026-10-09T18:43:31Z
125,ML-KEM-768+ML-DSA-65,post-quantum,3,wrap_flow,0.4586,0.0,0.0,0.0,0,0,1088,3309,1024,5503,4479,437.4,6.8795,nan,edge/x86_64,unknown,3.12.3,2026-10-09T18:43:31Z
126,ML-KEM-768+ML-DSA-65,post-quantum,3,wrap_flow,0.3786,0.0,0.0,0.0,0,0,1088,3309,1024,5503,4479,437.4,5.6785,nan,edge/x86_64,unknown,3.12.3,2026-10-09T18:43:31Z
127,ML-KEM-768+ML-DSA-65,post-quantum,3,wrap_flow,0.3245,0.0,0.0,0.0,0,0,1088,3309,1024,5503,4479,437.4,4.8678,nan,edge/x86_64,unknown,3.12.3,2026-10-09T18:43:31Z
128,ML-KEM-768+ML-DSA-65,post-quantum,3,wrap_flow,0.2001,0.0,0.0,0.0,0,0,1088,3309,1024,5503,4479,437.4,3.0018,nan,edge/x86_64,unknown,3.12.3,2026-10-09T18:43:31Z
129,ML-KEM-768+ML-DSA-65,post-quantum,3,wrap_flow,0.203,0.0,0.0,0.0,0,0,1088,3309,1024,5503,4479,437.4,3.0451,nan,edge/x86_64,unknown,3.12.3,2026-10-09T18:43:31Z
130,ML-KEM-768+ML-DSA-65,post-quantum,3,wrap_flow,0.3826,0.0,0.0,0.0,0,0,1088,3309,1024,5503,4479,437.4,5.7387,nan,edge/x86_64,unknown,3.12.3,2026-10-09T18:43:31Z
131,ML-KEM-768+ML-DSA-65,post-quantum,3,wrap_flow,0.2453,0.0,0.0,0.0,0,0,1088,3309,1024,5503,4479,437.4,3.6799,nan,edge/x86_64,unknown,3.12.3,2026-10-09T18:43:31Z
132,ML-KEM-768+ML-DSA-65,post-quantum,3,wrap_flow,0.2123,0.0,0.0,0.0,0,0,1088,3309,1024,5503,4479,437.4,3.1838,nan,edge/x86_64,unknown,3.12.3,2026-10-09T18:43:31Z
133,ML-KEM-768+ML-DSA-65,post-quantum,3,wrap_flow,0.2084,0.0,0.0,0.0,0,0,1088,3309,1024,5503,4479,437.4,3.1254,nan,edge/x86_64,unknown,3.12.3,2026-10-09T18:43:31Z
134,ML-KEM-768+ML-DSA-65,post-quantum,3,wrap_flow,0.4271,0.0,0.0,0.0,0,0,1088,3309,1024,5503,4479,437.4,6.4059,nan,edge/x86_64,unknown,3.12.3,2026-10-09T18:43:31Z
135,ML-KEM-768+ML-DSA-65,post-quantum,3,wrap_flow,0.3151,0.0,0.0,0.0,0,0,1088,3309,1024,5503,4479,437.4,4.7263,nan,edge/x86_64,unknown,3.12.3,2026-10-09T18:43:31Z
136,ML-KEM-768+ML-DSA-65,post-quantum,3,wrap_flow,0.2887,0.0,0.0,0.0,0,0,1088,3309,1024,5503,4479,437.4,4.3298,nan,edge/x86_64,unknown,3.12.3,2026-10-09T18:43:31Z
137,ML-KEM-768+ML-DSA-65,post-quantum,3,wrap_flow,0.2082,0.0,0.0,0.0,0,0,1088,3309,1024,5503,4479,437.4,3.1226,nan,edge/x86_64,unknown,3.12.3,2026-10-09T18:43:31Z
138,ML-KEM-768+ML-DSA-65,post-quantum,3,wrap_flow,0.3486,0.0,0.0,0.0,0,0,1088,3309,1024,5503,4479,437.4,5.2286,nan,edge/x86_64,unknown,3.12.3,2026-10-09T18:43:31Z
139,ML-KEM-768+ML-DSA-65,post-quantum,3,wrap_flow,0.3266,0.0,0.0,0.0,0,0,1088,3309,1024,5503,4479,437.4,4.8991,nan,edge/x86_64,unknown,3.12.3,2026-10-09T18:43:31Z
140,ML-KEM-768+ML-DSA-65,post-quantum,3,wrap_flow,0.1852,0.0,0.0,0.0,0,0,1088,3309,1024,5503,4479,437.4,2.7782,nan,edge/x86_64,unknown,3.12.3,2026-10-09T18:43:31Z
141,ML-KEM-768+ML-DSA-65,post-quantum,3,wrap_flow,0.4976,0.0,0.0,0.0,0,0,1088,3309,1024,5503,4479,437.4,7.4646,nan,edge/x86_64,unknown,3.12.3,2026-10-09T18:43:31Z
142,ML-KEM-768+ML-DSA-65,post-quantum,3,wrap_flow,0.2324,0.0,0.0,0.0,0,0,1088,3309,1024,5503,4479,437.4,3.486,nan,edge/x86_64,unknown,3.12.3,2026-10-09T18:43:31Z
143,ML-KEM-768+ML-DSA-65,post-quantum,3,wrap_flow,0.5194,0.0,0.0,0.0,0,0,1088,3309,1024,5503,4479,437.4,7.7912,nan,edge/x86_64,unknown,3.12.3,2026-10-09T18:43:31Z
144,ML-KEM-768+ML-DSA-65,post-quantum,3,wrap_flow,0.2742,0.0,0.0,0.0,0,0,1088,3309,1024,5503,4479,437.4,4.1131,nan,edge/x86_64,unknown,3.12.3,2026-10-09T18:43:31Z
145,ML-KEM-768+ML-DSA-65,post-quantum,3,wrap_flow,0.3168,0.0,0.0,0.0,0,0,1088,3309,1024,5503,4479,437.4,4.7521,nan,edge/x86_64,unknown,3.12.3,2026-10-09T18:43:31Z
146,ML-KEM-768+ML-DSA-65,post-quantum,3,wrap_flow,0.2871,0.0,0.0,0.0,0,0,1088,3309,1024,5503,4479,437.4,4.3061,nan,edge/x86_64,unknown,3.12.3,2026-10-09T18:43:31Z
147,ML-KEM-768+ML-DSA-65,post-quantum,3,wrap_flow,0.1971,0.0,0.0,0.0,0,0,1088,3309,1024,5503,4479,437.4,2.9558,nan,edge/x86_64,unknown,3.12.3,2026-10-09T18:43:31Z
148,ML-KEM-768+ML-DSA-65,post-quantum,3,wrap_flow,0.2904,0.0,0.0,0.0,0,0,1088,3309,1024,5503,4479,437.4,4.3554,nan,edge/x86_64,unknown,3.12.3,2026-10-09T18:43:31Z
149,ML-KEM-768+ML-DSA-65,post-quantum,3,wrap_flow,0.2301,0.0,0.0,0.0,0,0,1088,3309,1024,5503,4479,437.4,3.451,nan,edge/x86_64,unknown,3.12.3,2026-10-09T18:43:31Z
150,ML-KEM-768+ML-DSA-65,post-quantum,3,wrap_flow,0.3525,0.0,0.0,0.0,0,0,1088,3309,1024,5503,4479,437.4,5.2872,nan,edge/x86_64,unknown,3.12.3,2026-10-09T18:43:31Z
151,ML-KEM-768+ML-DSA-65,post-quantum,3,wrap_flow,0.3341,0.0,0.0,0.0,0,0,1088,3309,1024,5503,4479,437.4,5.0114,nan,edge/x86_64,unknown,3.12.3,2026-10-09T18:43:31Z
152,ML-KEM-768+ML-DSA-65,post-quantum,3,wrap_flow,0.3435,0.0,0.0,0.0,0,0,1088,3309,1024,5503,4479,437.4,5.152,nan,edge/x86_64,unknown,3.12.3,2026-10-09T18:43:31Z
153,ML-KEM-768+ML-DSA-65,post-quantum,3,wrap_flow,0.2596,0.0,0.0,0.0,0,0,1088,3309,1024,5503,4479,437.4,3.8946,nan,edge/x86_64,unknown,3.12.3,2026-10-09T18:43:31Z
154,ML-KEM-768+ML-DSA-65,post-quantum,3,wrap_flow,0.2923,0.0,0.0,0.0,0,0,1088,3309,1024,5503,4479,437.4,4.3843,nan,edge/x86_64,unknown,3.12.3,2026-10-09T18:43:31Z
155,ML-KEM-768+ML-DSA-65,post-quantum,3,wrap_flow,0.1933,0.0,0.0,0.0,0,0,1088,3309,1024,5503,4479,437.4,2.8996,nan,edge/x86_64,unknown,3.12.3,2026-10-09T18:43:31Z
156,ML-KEM-768+ML-DSA-65,post-quantum,3,wrap_flow,0.3266,0.0,0.0,0.0,0,0,1088,3309,1024,5503,4479,437.4,4.8988,nan,edge/x86_64,unknown,3.12.3,2026-10-09T18:43:31Z
157,ML-KEM-768+ML-DSA-65,post-quantum,3,wrap_flow,0.2607,0.0,0.0,0.0,0,0,1088,3309,1024,5503,4479,437.4,3.9098,nan,edge/x86_64,unknown,3.12.3,2026-10-09T18:43:31Z
158,ML-KEM-768+ML-DSA-65,post-quantum,3,wrap_flow,0.2082,0.0,0.0,0.0,0,0,1088,3309,1024,5503,4479,437.4,3.1227,nan,edge/x86_64,unknown,3.12.3,2026-10-09T18:43:31Z
159,ML-KEM-768+ML-DSA-65,post-quantum,3,wrap_flow,0.5352,0.0,0.0,0.0,0,0,1088,3309,1024,5503,4479,437.4,8.0279,nan,edge/x86_64,unknown,3.12.3,2026-10-09T18:43:31Z
160,ML-KEM-768+ML-DSA-65,post-quantum,3,wrap_flow,0.3179,0.0,0.0,0.0,0,0,1088,3309,1024,5503,4479,437.4,4.7687,nan,edge/x86_64,unknown,3.12.3,2026-10-09T18:43:31Z
161,ML-KEM-768+ML-DSA-65,post-quantum,3,wrap_flow,0.2154,0.0,0.0,0.0,0,0,1088,3309,1024,5503,4479,437.4,3.2306,nan,edge/x86_64,unknown,3.12.3,2026-10-09T18:43:31Z
162,ML-KEM-768+ML-DSA-65,post-quantum,3,wrap_flow,0.4203,0.0,0.0,0.0,0,0,1088,3309,1024,5503,4479,437.4,6.3041,nan,edge/x86_64,unknown,3.12.3,2026-10-09T18:43:31Z
163,ML-KEM-768+ML-DSA-65,post-quantum,3,wrap_flow,0.5477,0.0,0.0,0.0,0,0,1088,3309,1024,5503,4479,437.4,8.2158,nan,edge/x86_64,unknown,3.12.3,2026-10-09T18:43:31Z
164,ML-KEM-768+ML-DSA-65,post-quantum,3,wrap_flow,0.2176,0.0,0.0,0.0,0,0,1088,3309,1024,5503,4479,437.4,3.2634,nan,edge/x86_64,unknown,3.12.3,2026-10-09T18:43:31Z
165,ML-KEM-768+ML-DSA-65,post-quantum,3,wrap_flow,0.234,0.0,0.0,0.0,0,0,1088,3309,1024,5503,4479,437.4,3.5101,nan,edge/x86_64,unknown,3.12.3,2026-10-09T18:43:31Z
166,ML-KEM-768+ML-DSA-65,post-quantum,3,wrap_flow,0.2669,0.0,0.0,0.0,0,0,1088,3309,1024,5503,4479,437.4,4.0034,nan,edge/x86_64,unknown,3.12.3,2026-10-09T18:43:31Z
167,ML-KEM-768+ML-DSA-65,post-quantum,3,wrap_flow,0.2582,0.0,0.0,0.0,0,0,1088,3309,1024,5503,4479,437.4,3.8732,nan,edge/x86_64,unknown,3.12.3,2026-10-09T18:43:31Z
168,ML-KEM-768+ML-DSA-65,post-quantum,3,wrap_flow,0.3064,0.0,0.0,0.0,0,0,1088,3309,1024,5503,4479,437.4,4.5958,nan,edge/x86_64,unknown,3.12.3,2026-10-09T18:43:31Z
169,ML-KEM-768+ML-DSA-65,post-quantum,3,wrap_flow,0.416,0.0,0.0,0.0,0,0,1088,3309,1024,5503,4479,437.4,6.2396,nan,edge/x86_64,unknown,3.12.3,2026-10-09T18:43:31Z
170,ML-KEM-768+ML-DSA-65,post-quantum,3,wrap_flow,0.2765,0.0,0.0,0.0,0,0,1088,3309,1024,5503,4479,437.4,4.148,nan,edge/x86_64,unknown,3.12.3,2026-10-09T18:43:31Z
171,ML-KEM-768+ML-DSA-65,post-quantum,3,wrap_flow,0.3195,0.0,0.0,0.0,0,0,1088,3309,1024,5503,4479,437.4,4.7924,nan,edge/x86_64,unknown,3.12.3,2026-10-09T18:43:31Z
172,ML-KEM-768+ML-DSA-65,post-quantum,3,wrap_flow,0.3309,0.0,0.0,0.0,0,0,1088,3309,1024,5503,4479,437.4,4.9634,nan,edge/x86_64,unknown,3.12.3,2026-10-09T18:43:31Z
173,ML-KEM-768+ML-DSA-65,post-quantum,3,wrap_flow,0.2441,0.0,0.0,0.0,0,0,1088,3309,1024,5503,4479,437.4,3.6614,nan,edge/x86_64,unknown,3.12.3,2026-10-09T18:43:31Z
174,ML-KEM-768+ML-DSA-65,post-quantum,3,wrap_flow,0.2482,0.0,0.0,0.0,0,0,1088,3309,1024,5503,4479,437.4,3.7226,nan,edge/x86_64,unknown,3.12.3,2026-10-09T18:43:31Z
175,ML-KEM-768+ML-DSA-65,post-quantum,3,wrap_flow,0.2976,0.0,0.0,0.0,0,0,1088,3309,1024,5503,4479,437.4,4.4637,nan,edge/x86_64,unknown,3.12.3,2026-10-09T18:43:31Z
176,ML-KEM-768+ML-DSA-65,post-quantum,3,wrap_flow,0.2687,0.0,0.0,0.0,0,0,1088,3309,1024,5503,4479,437.4,4.0302,nan,edge/x86_64,unknown,3.12.3,2026-10-09T18:43:31Z
177,ML-KEM-768+ML-DSA-65,post-quantum,3,wrap_flow,0.2356,0.0,0.0,0.0,0,0,1088,3309,1024,5503,4479,437.4,3.5341,nan,edge/x86_64,unknown,3.12.3,2026-10-09T18:43:31Z
178,ML-KEM-768+ML-DSA-65,post-quantum,3,wrap_flow,0.2363,0.0,0.0,0.0,0,0,1088,3309,1024,5503,4479,437.4,3.5451,nan,edge/x86_64,unknown,3.12.3,2026-10-09T18:43:31Z
179,ML-KEM-768+ML-DSA-65,post-quantum,3,wrap_flow,0.2249,0.0,0.0,0.0,0,0,1088,3309,1024,5503,4479,437.4,3.3736,nan,edge/x86_64,unknown,3.12.3,2026-10-09T18:43:31Z
180,ML-KEM-768+ML-DSA-65,post-quantum,3,wrap_flow,0.2148,0.0,0.0,0.0,0,0,1088,3309,1024,5503,4479,437.4,3.2213,nan,edge/x86_64,unknown,3.12.3,2026-10-09T18:43:31Z
181,ML-KEM-768+ML-DSA-65,post-quantum,3,wrap_flow,0.2498,0.0,0.0,0.0,0,0,1088,3309,1024,5503,4479,437.4,3.7472,nan,edge/x86_64,unknown,3.12.3,2026-10-09T18:43:31Z
182,ML-KEM-768+ML-DSA-65,post-quantum,3,wrap_flow,0.3576,0.0,0.0,0.0,0,0,1088,3309,1024,5503,4479,437.4,5.3639,nan,edge/x86_64,unknown,3.12.3,2026-10-09T18:43:31Z
183,ML-KEM-768+ML-DSA-65,post-quantum,3,wrap_flow,0.267,0.0,0.0,0.0,0,0,1088,3309,1024,5503,4479,437.4,4.005,nan,edge/x86_64,unknown,3.12.3,2026-10-09T18:43:31Z
184,ML-KEM-768+ML-DSA-65,post-quantum,3,wrap_flow,0.2203,0.0,0.0,0.0,0,0,1088,3309,1024,5503,4479,437.4,3.3038,nan,edge/x86_64,unknown,3.12.3,2026-10-09T18:43:31Z
185,ML-KEM-768+ML-DSA-65,post-quantum,3,wrap_flow,0.3946,0.0,0.0,0.0,0,0,1088,3309,1024,5503,4479,437.4,5.919,nan,edge/x86_64,unknown,3.12.3,2026-10-09T18:43:31Z
186,ML-KEM-768+ML-DSA-65,post-quantum,3,wrap_flow,0.4731,0.0,0.0,0.0,0,0,1088,3309,1024,5503,4479,437.4,7.097,nan,edge/x86_64,unknown,3.12.3,2026-10-09T18:43:31Z
187,ML-KEM-768+ML-DSA-65,post-quantum,3,wrap_flow,0.4642,0.0,0.0,0.0,0,0,1088,3309,1024,5503,4479,437.4,6.9634,nan,edge/x86_64,unknown,3.12.3,2026-10-09T18:43:31Z
188,ML-KEM-768+ML-DSA-65,post-quantum,3,wrap_flow,0.2701,0.0,0.0,0.0,0,0,1088,3309,1024,5503,4479,437.4,4.0521,nan,edge/x86_64,unknown,3.12.3,2026-10-09T18:43:31Z
189,ML-KEM-768+ML-DSA-65,post-quantum,3,wrap_flow,0.2013,0.0,0.0,0.0,0,0,1088,3309,1024,5503,4479,437.4,3.0191,nan,edge/x86_64,unknown,3.12.3,2026-10-09T18:43:31Z
190,ML-KEM-768+ML-DSA-65,post-quantum,3,wrap_flow,0.2552,0.0,0.0,0.0,0,0,1088,3309,1024,5503,4479,437.4,3.8286,nan,edge/x86_64,unknown,3.12.3,2026-10-09T18:43:31Z
191,ML-KEM-768+ML-DSA-65,post-quantum,3,wrap_flow,0.2798,0.0,0.0,0.0,0,0,1088,3309,1024,5503,4479,437.4,4.197,nan,edge/x86_64,unknown,3.12.3,2026-10-09T18:43:31Z
192,ML-KEM-768+ML-DSA-65,post-quantum,3,wrap_flow,0.3528,0.0,0.0,0.0,0,0,1088,3309,1024,5503,4479,437.4,5.2915,nan,edge/x86_64,unknown,3.12.3,2026-10-09T18:43:31Z
193,ML-KEM-768+ML-DSA-65,post-quantum,3,wrap_flow,0.335,0.0,0.0,0.0,0,0,1088,3309,1024,5503,4479,437.4,5.0257,nan,edge/x86_64,unknown,3.12.3,2026-10-09T18:43:31Z
194,ML-KEM-768+ML-DSA-65,post-quantum,3,wrap_flow,0.441,0.0,0.0,0.0,0,0,1088,3309,1024,5503,4479,437.4,6.6157,nan,edge/x86_64,unknown,3.12.3,2026-10-09T18:43:31Z
195,ML-KEM-768+ML-DSA-65,post-quantum,3,wrap_flow,0.23,0.0,0.0,0.0,0,0,1088,3309,1024,5503,4479,437.4,3.4493,nan,edge/x86_64,unknown,3.12.3,2026-10-09T18:43:31Z
196,ML-KEM-768+ML-DSA-65,post-quantum,3,wrap_flow,0.43,0.0,0.0,0.0,0,0,1088,3309,1024,5503,4479,437.4,6.4498,nan,edge/x86_64,unknown,3.12.3,2026-10-09T18:43:31Z
197,ML-KEM-768+ML-DSA-65,post-quantum,3,wrap_flow,0.2495,0.0,0.0,0.0,0,0,1088,3309,1024,5503,4479,437.4,3.7424,nan,edge/x86_64,unknown,3.12.3,2026-10-09T18:43:31Z
198,ML-KEM-768+ML-DSA-65,post-quantum,3,wrap_flow,0.3019,0.0,0.0,0.0,0,0,1088,3309,1024,5503,4479,437.4,4.5283,nan,edge/x86_64,unknown,3.12.3,2026-10-09T18:43:31Z
199,ML-KEM-768+ML-DSA-65,post-quantum,3,wrap_flow,0.2096,0.0,0.0,0.0,0,0,1088,3309,1024,5503,4479,437.4,3.1446,nan,edge/x86_64,unknown,3.12.3,2026-10-09T18:43:31Z
